observation_key,well_node_id,gwis_site_id,well_tag,observation_date,observation_datetime,water_level_bls_ft,water_surface_elevation_ft,land_surface_elevation_ft,vertical_datum,measurement_method,measurement_status,source_agency,quality_flag,measurement_source,eligible_for_state_model,eligibility_class,eligibility_reason,bls_anomaly_ft,head_anomaly_ft,amsl_anomaly_ft,bls_amsl_anomaly_inconsistency_ft
214299,SRC-JA,16241,108444,2012-01-27,2012-01-27T12:00:00,368.0,2896.0,3264.0,NGVD1929,REPORTED,STATIC,DRILLER,STATIC,DRILLER,True,eligible,eligible_static_measurement,-31.053167701863345,31.053167701863345,31.053167701863913,5.684341886080801e-13
214300,SRC-JA,16241,108444,2012-08-29,2012-08-29T10:25:00,370.33,2893.67,3264.0,NGVD1929,ETAPE GRADUATED,STATIC,OWRD,STATIC,OWRD,True,eligible,eligible_static_measurement,-28.72316770186336,28.72316770186336,28.723167701863986,6.252776074688882e-13
367006,SRC-JA,16241,108444,2013-03-15,2013-03-15T09:25:45,372.77,2891.23,3264.0,NGVD1929,REPORTED,STATIC,CONSULTANT,STATIC,CONSULTANT,True,eligible,eligible_static_measurement,-26.283167701863363,26.283167701863363,26.28316770186393,5.684341886080801e-13
367007,SRC-JA,16241,108444,2013-04-15,2013-04-15T02:08:06,372.46,2891.54,3264.0,NGVD1929,REPORTED,STATIC,CONSULTANT,STATIC,CONSULTANT,True,eligible,eligible_static_measurement,-26.593167701863365,26.593167701863365,26.593167701863877,5.115907697472721e-13
367008,SRC-JA,16241,108444,2013-05-15,2013-05-15T07:08:06,373.23,2890.77,3264.0,NGVD1929,REPORTED,STATIC,CONSULTANT,STATIC,CONSULTANT,True,eligible,eligible_static_measurement,-25.823167701863326,25.823167701863326,25.823167701863895,5.684341886080801e-13
367009,SRC-JA,16241,108444,2013-06-15,2013-06-15T01:18:06,374.01,2889.99,3264.0,NGVD1929,REPORTED,STATIC,CONSULTANT,STATIC,CONSULTANT,True,eligible,eligible_static_measurement,-25.043167701863354,25.043167701863354,25.043167701863695,3.410605131648481e-13
472743,SRC-JA,16241,108444,2025-07-01,2025-07-01T02:15:00,382.63,2881.37,3264.0,NGVD1929,REPORTED,UNKNOWN,CONSULTANT,UNKNOWN,CONSULTANT,True,unknown_ambiguous,retained_unknown_or_ambiguous_status_or_method,-16.42316770186335,16.42316770186335,16.423167701863804,4.547473508864641e-13
472827,SRC-JA,16241,108444,2025-07-25,2025-07-25T12:00:00,373.04,2890.96,3264.0,NGVD1929,ETAPE,UNKNOWN,CONSULTANT,UNKNOWN,CONSULTANT,True,unknown_ambiguous,retained_unknown_or_ambiguous_status_or_method,-26.013167701863324,26.013167701863324,26.01316770186395,6.252776074688882e-13
472744,SRC-JA,16241,108444,2025-08-01,2025-08-01T05:28:00,383.0,2881.0,3264.0,NGVD1929,REPORTED,UNKNOWN,CONSULTANT,UNKNOWN,CONSULTANT,True,unknown_ambiguous,retained_unknown_or_ambiguous_status_or_method,-16.053167701863345,16.053167701863345,16.053167701863913,5.684341886080801e-13
472745,SRC-JA,16241,108444,2025-09-01,2025-09-01T12:04:00,382.83,2881.17,3264.0,NGVD1929,REPORTED,UNKNOWN,CONSULTANT,UNKNOWN,CONSULTANT,True,unknown_ambiguous,retained_unknown_or_ambiguous_status_or_method,-16.22316770186336,16.22316770186336,16.223167701863986,6.252776074688882e-13
474796,SRC-JA,16241,108444,2026-03-19,2026-03-19T07:00:00,373.87,2890.13,3264.0,NGVD1929,ETAPE,STATIC,PROFESSIONAL ENGINEER,STATIC,PROFESSIONAL ENGINEER,True,eligible,eligible_static_measurement,-25.18316770186334,25.18316770186334,25.183167701864022,6.821210263296962e-13
472738,SRC-JA,16241,108444,2025-02-01,2025-02-01T04:00:00,379.64,2884.36,3264.0,NGVD1929,REPORTED,UNKNOWN,CONSULTANT,UNKNOWN,CONSULTANT,True,unknown_ambiguous,retained_unknown_or_ambiguous_status_or_method,-19.413167701863358,19.413167701863358,19.41316770186404,6.821210263296962e-13
472739,SRC-JA,16241,108444,2025-03-01,2025-03-01T02:50:00,380.7,2883.3,3264.0,NGVD1929,REPORTED,UNKNOWN,CONSULTANT,UNKNOWN,CONSULTANT,True,unknown_ambiguous,retained_unknown_or_ambiguous_status_or_method,-18.353167701863356,18.353167701863356,18.353167701864095,7.389644451905042e-13
465107,SRC-JA,16241,108444,2025-03-31,2025-03-31T12:00:00,372.97,2891.03,3264.0,NGVD1929,ETAPE,STATIC,PROFESSIONAL ENGINEER,STATIC,PROFESSIONAL ENGINEER,True,eligible,eligible_static_measurement,-26.083167701863317,26.083167701863317,26.083167701864113,7.958078640513122e-13
472740,SRC-JA,16241,108444,2025-04-01,2025-04-01T12:40:00,380.91,2883.09,3264.0,NGVD1929,REPORTED,UNKNOWN,CONSULTANT,UNKNOWN,CONSULTANT,True,unknown_ambiguous,retained_unknown_or_ambiguous_status_or_method,-18.14316770186332,18.14316770186332,18.14316770186406,7.389644451905042e-13
472741,SRC-JA,16241,108444,2025-05-01,2025-05-01T04:59:00,381.1,2882.9,3264.0,NGVD1929,REPORTED,UNKNOWN,CONSULTANT,UNKNOWN,CONSULTANT,True,unknown_ambiguous,retained_unknown_or_ambiguous_status_or_method,-17.953167701863322,17.953167701863322,17.953167701864004,6.821210263296962e-13
472742,SRC-JA,16241,108444,2025-06-01,2025-06-01T05:41:00,502.45,2761.55,3264.0,NGVD1929,REPORTED,UNKNOWN,CONSULTANT,UNKNOWN,CONSULTANT,True,unknown_ambiguous,retained_unknown_or_ambiguous_status_or_method,103.39683229813664,-103.39683229813664,-103.3968322981359,7.389644451905042e-13
458964,SRC-JA,16241,108444,2024-09-30,2024-09-30T11:00:52,383.67,2880.33,3264.0,NGVD1929,REPORTED,UNKNOWN,CONSULTANT,UNKNOWN,CONSULTANT,True,unknown_ambiguous,retained_unknown_or_ambiguous_status_or_method,-15.383167701863329,15.383167701863329,15.38316770186384,5.115907697472721e-13
472734,SRC-JA,16241,108444,2024-10-01,2024-10-01T12:01:00,383.65,2880.35,3264.0,NGVD1929,REPORTED,UNKNOWN,CONSULTANT,UNKNOWN,CONSULTANT,True,unknown_ambiguous,retained_unknown_or_ambiguous_status_or_method,-15.403167701863367,15.403167701863367,15.403167701863822,4.547473508864641e-13
472735,SRC-JA,16241,108444,2024-11-01,2024-11-01T12:28:00,383.74,2880.26,3264.0,NGVD1929,REPORTED,UNKNOWN,CONSULTANT,UNKNOWN,CONSULTANT,True,unknown_ambiguous,retained_unknown_or_ambiguous_status_or_method,-15.313167701863335,15.313167701863335,15.313167701864131,7.958078640513122e-13
472736,SRC-JA,16241,108444,2024-12-01,2024-12-01T02:15:00,500.22,2763.78,3264.0,NGVD1929,REPORTED,UNKNOWN,CONSULTANT,UNKNOWN,CONSULTANT,True,unknown_ambiguous,retained_unknown_or_ambiguous_status_or_method,101.16683229813668,-101.16683229813668,-101.16683229813589,7.958078640513122e-13
472826,SRC-JA,16241,108444,2024-12-11,2024-12-11T12:00:00,371.88,2892.12,3264.0,NGVD1929,ETAPE,UNKNOWN,CONSULTANT,UNKNOWN,CONSULTANT,True,unknown_ambiguous,retained_unknown_or_ambiguous_status_or_method,-27.17316770186335,27.17316770186335,27.173167701863804,4.547473508864641e-13
472737,SRC-JA,16241,108444,2025-01-01,2025-01-01T06:01:00,496.9,2767.1,3264.0,NGVD1929,REPORTED,UNKNOWN,CONSULTANT,UNKNOWN,CONSULTANT,True,unknown_ambiguous,retained_unknown_or_ambiguous_status_or_method,97.84683229813663,-97.84683229813663,-97.84683229813618,4.547473508864641e-13
458959,SRC-JA,16241,108444,2024-09-01,2024-09-01T02:23:45,505.72,2758.28,3264.0,NGVD1929,REPORTED,UNKNOWN,CONSULTANT,UNKNOWN,CONSULTANT,True,unknown_ambiguous,retained_unknown_or_ambiguous_status_or_method,106.66683229813668,-106.66683229813668,-106.66683229813589,7.958078640513122e-13
458960,SRC-JA,16241,108444,2024-09-08,2024-09-08T12:08:06,384.4,2879.6,3264.0,NGVD1929,REPORTED,UNKNOWN,CONSULTANT,UNKNOWN,CONSULTANT,True,unknown_ambiguous,retained_unknown_or_ambiguous_status_or_method,-14.653167701863367,14.653167701863367,14.653167701863822,4.547473508864641e-13
459372,SRC-JA,16241,108444,2024-09-12,2024-09-12T12:00:00,374.18,2889.82,3264.0,NGVD1929,ETAPE,UNKNOWN,CONSULTANT,UNKNOWN,CONSULTANT,True,unknown_ambiguous,retained_unknown_or_ambiguous_status_or_method,-24.873167701863338,24.873167701863338,24.873167701864077,7.389644451905042e-13
458961,SRC-JA,16241,108444,2024-09-15,2024-09-15T01:18:55,383.73,2880.27,3264.0,NGVD1929,REPORTED,UNKNOWN,CONSULTANT,UNKNOWN,CONSULTANT,True,unknown_ambiguous,retained_unknown_or_ambiguous_status_or_method,-15.323167701863326,15.323167701863326,15.323167701863895,5.684341886080801e-13
458962,SRC-JA,16241,108444,2024-09-22,2024-09-22T01:43:35,383.83,2880.17,3264.0,NGVD1929,REPORTED,UNKNOWN,CONSULTANT,UNKNOWN,CONSULTANT,True,unknown_ambiguous,retained_unknown_or_ambiguous_status_or_method,-15.22316770186336,15.22316770186336,15.223167701863986,6.252776074688882e-13
458963,SRC-JA,16241,108444,2024-09-29,2024-09-29T12:48:07,383.69,2880.31,3264.0,NGVD1929,REPORTED,UNKNOWN,CONSULTANT,UNKNOWN,CONSULTANT,True,unknown_ambiguous,retained_unknown_or_ambiguous_status_or_method,-15.363167701863347,15.363167701863347,15.363167701863858,5.115907697472721e-13
458954,SRC-JA,16241,108444,2024-08-01,2024-08-01T12:26:36,385.69,2878.31,3264.0,NGVD1929,REPORTED,UNKNOWN,CONSULTANT,UNKNOWN,CONSULTANT,True,unknown_ambiguous,retained_unknown_or_ambiguous_status_or_method,-13.363167701863347,13.363167701863347,13.363167701863858,5.115907697472721e-13
459371,SRC-JA,16241,108444,2024-08-05,2024-08-05T12:00:00,497.68,2766.32,3264.0,NGVD1929,ETAPE,UNKNOWN,CONSULTANT,UNKNOWN,CONSULTANT,True,unknown_ambiguous,retained_unknown_or_ambiguous_status_or_method,98.62683229813666,-98.62683229813666,-98.62683229813592,7.389644451905042e-13
458955,SRC-JA,16241,108444,2024-08-07,2024-08-07T12:52:33,506.9,2757.1,3264.0,NGVD1929,REPORTED,UNKNOWN,CONSULTANT,UNKNOWN,CONSULTANT,True,unknown_ambiguous,retained_unknown_or_ambiguous_status_or_method,107.84683229813663,-107.84683229813663,-107.84683229813618,4.547473508864641e-13
458956,SRC-JA,16241,108444,2024-08-15,2024-08-15T09:50:02,384.08,2879.92,3264.0,NGVD1929,REPORTED,UNKNOWN,CONSULTANT,UNKNOWN,CONSULTANT,True,unknown_ambiguous,retained_unknown_or_ambiguous_status_or_method,-14.97316770186336,14.97316770186336,14.973167701863986,6.252776074688882e-13
458957,SRC-JA,16241,108444,2024-08-22,2024-08-22T06:20:31,383.52,2880.48,3264.0,NGVD1929,REPORTED,UNKNOWN,CONSULTANT,UNKNOWN,CONSULTANT,True,unknown_ambiguous,retained_unknown_or_ambiguous_status_or_method,-15.533167701863363,15.533167701863363,15.533167701863931,5.684341886080801e-13
458958,SRC-JA,16241,108444,2024-08-29,2024-08-29T07:33:36,385.66,2878.34,3264.0,NGVD1929,REPORTED,UNKNOWN,CONSULTANT,UNKNOWN,CONSULTANT,True,unknown_ambiguous,retained_unknown_or_ambiguous_status_or_method,-13.39316770186332,13.39316770186332,13.393167701864058,7.389644451905042e-13
458948,SRC-JA,16241,108444,2024-06-29,2024-06-29T11:35:09,383.83,2880.17,3264.0,NGVD1929,REPORTED,UNKNOWN,CONSULTANT,UNKNOWN,CONSULTANT,True,unknown_ambiguous,retained_unknown_or_ambiguous_status_or_method,-15.22316770186336,15.22316770186336,15.223167701863986,6.252776074688882e-13
458949,SRC-JA,16241,108444,2024-07-01,2024-07-01T09:23:39,503.8,2760.2,3264.0,NGVD1929,REPORTED,UNKNOWN,CONSULTANT,UNKNOWN,CONSULTANT,True,unknown_ambiguous,retained_unknown_or_ambiguous_status_or_method,104.74683229813667,-104.74683229813667,-104.74683229813627,3.979039320256561e-13
458950,SRC-JA,16241,108444,2024-07-08,2024-07-08T01:10:30,506.03,2757.97,3264.0,NGVD1929,REPORTED,UNKNOWN,CONSULTANT,UNKNOWN,CONSULTANT,True,unknown_ambiguous,retained_unknown_or_ambiguous_status_or_method,106.97683229813663,-106.97683229813663,-106.97683229813629,3.410605131648481e-13
458951,SRC-JA,16241,108444,2024-07-15,2024-07-15T05:30:14,506.16,2757.84,3264.0,NGVD1929,REPORTED,UNKNOWN,CONSULTANT,UNKNOWN,CONSULTANT,True,unknown_ambiguous,retained_unknown_or_ambiguous_status_or_method,107.10683229813668,-107.10683229813668,-107.10683229813594,7.389644451905042e-13
458952,SRC-JA,16241,108444,2024-07-22,2024-07-22T12:14:18,385.13,2878.87,3264.0,NGVD1929,REPORTED,UNKNOWN,CONSULTANT,UNKNOWN,CONSULTANT,True,unknown_ambiguous,retained_unknown_or_ambiguous_status_or_method,-13.923167701863349,13.923167701863349,13.923167701863804,4.547473508864641e-13
458953,SRC-JA,16241,108444,2024-07-29,2024-07-29T08:09:47,506.25,2757.75,3264.0,NGVD1929,REPORTED,UNKNOWN,CONSULTANT,UNKNOWN,CONSULTANT,True,unknown_ambiguous,retained_unknown_or_ambiguous_status_or_method,107.19683229813666,-107.19683229813666,-107.19683229813609,5.684341886080801e-13
458942,SRC-JA,16241,108444,2024-05-22,2024-05-22T01:30:48,382.05,2881.95,3264.0,NGVD1929,REPORTED,UNKNOWN,CONSULTANT,UNKNOWN,CONSULTANT,True,unknown_ambiguous,retained_unknown_or_ambiguous_status_or_method,-17.003167701863333,17.003167701863333,17.00316770186373,3.979039320256561e-13
458943,SRC-JA,16241,108444,2024-05-29,2024-05-29T11:12:05,382.19,2881.81,3264.0,NGVD1929,REPORTED,UNKNOWN,CONSULTANT,UNKNOWN,CONSULTANT,True,unknown_ambiguous,retained_unknown_or_ambiguous_status_or_method,-16.863167701863347,16.863167701863347,16.86316770186386,5.115907697472721e-13
458944,SRC-JA,16241,108444,2024-06-01,2024-06-01T07:54:50,381.9,2882.1,3264.0,NGVD1929,REPORTED,UNKNOWN,CONSULTANT,UNKNOWN,CONSULTANT,True,unknown_ambiguous,retained_unknown_or_ambiguous_status_or_method,-17.153167701863367,17.153167701863367,17.153167701863822,4.547473508864641e-13
458945,SRC-JA,16241,108444,2024-06-08,2024-06-08T12:14:34,500.16,2763.84,3264.0,NGVD1929,REPORTED,UNKNOWN,CONSULTANT,UNKNOWN,CONSULTANT,True,unknown_ambiguous,retained_unknown_or_ambiguous_status_or_method,101.10683229813668,-101.10683229813668,-101.10683229813594,7.389644451905042e-13
458946,SRC-JA,16241,108444,2024-06-15,2024-06-15T04:01:26,500.8,2763.2,3264.0,NGVD1929,REPORTED,UNKNOWN,CONSULTANT,UNKNOWN,CONSULTANT,True,unknown_ambiguous,retained_unknown_or_ambiguous_status_or_method,101.74683229813667,-101.74683229813667,-101.74683229813627,3.979039320256561e-13
458947,SRC-JA,16241,108444,2024-06-22,2024-06-22T07:48:17,503.89,2760.11,3264.0,NGVD1929,REPORTED,UNKNOWN,CONSULTANT,UNKNOWN,CONSULTANT,True,unknown_ambiguous,retained_unknown_or_ambiguous_status_or_method,104.83683229813664,-104.83683229813664,-104.83683229813596,6.821210263296962e-13
458936,SRC-JA,16241,108444,2024-04-15,2024-04-15T09:42:56,382.19,2881.81,3264.0,NGVD1929,REPORTED,UNKNOWN,CONSULTANT,UNKNOWN,CONSULTANT,True,unknown_ambiguous,retained_unknown_or_ambiguous_status_or_method,-16.863167701863347,16.863167701863347,16.86316770186386,5.115907697472721e-13
458937,SRC-JA,16241,108444,2024-04-22,2024-04-22T12:21:18,382.21,2881.79,3264.0,NGVD1929,REPORTED,UNKNOWN,CONSULTANT,UNKNOWN,CONSULTANT,True,unknown_ambiguous,retained_unknown_or_ambiguous_status_or_method,-16.843167701863365,16.843167701863365,16.843167701863877,5.115907697472721e-13
458938,SRC-JA,16241,108444,2024-04-29,2024-04-29T12:09:33,382.05,2881.95,3264.0,NGVD1929,REPORTED,UNKNOWN,CONSULTANT,UNKNOWN,CONSULTANT,True,unknown_ambiguous,retained_unknown_or_ambiguous_status_or_method,-17.003167701863333,17.003167701863333,17.00316770186373,3.979039320256561e-13
458939,SRC-JA,16241,108444,2024-05-01,2024-05-01T01:44:05,382.02,2881.98,3264.0,NGVD1929,REPORTED,UNKNOWN,CONSULTANT,UNKNOWN,CONSULTANT,True,unknown_ambiguous,retained_unknown_or_ambiguous_status_or_method,-17.033167701863363,17.033167701863363,17.03316770186393,5.684341886080801e-13
458940,SRC-JA,16241,108444,2024-05-08,2024-05-08T04:16:09,382.29,2881.71,3264.0,NGVD1929,REPORTED,UNKNOWN,CONSULTANT,UNKNOWN,CONSULTANT,True,unknown_ambiguous,retained_unknown_or_ambiguous_status_or_method,-16.763167701863324,16.763167701863324,16.76316770186395,6.252776074688882e-13
458941,SRC-JA,16241,108444,2024-05-15,2024-05-15T01:11:02,382.16,2881.84,3264.0,NGVD1929,REPORTED,UNKNOWN,CONSULTANT,UNKNOWN,CONSULTANT,True,unknown_ambiguous,retained_unknown_or_ambiguous_status_or_method,-16.89316770186332,16.89316770186332,16.89316770186406,7.389644451905042e-13
458931,SRC-JA,16241,108444,2024-03-15,2024-03-15T04:14:01,501.17,2762.83,3264.0,NGVD1929,REPORTED,UNKNOWN,CONSULTANT,UNKNOWN,CONSULTANT,True,unknown_ambiguous,retained_unknown_or_ambiguous_status_or_method,102.11683229813667,-102.11683229813667,-102.11683229813616,5.115907697472721e-13
444202,SRC-JA,16241,108444,2024-03-21,2024-03-21T12:00:00,493.65,2770.35,3264.0,NGVD1929,ETAPE,PUMPING,PROFESSIONAL ENGINEER,PUMPING,PROFESSIONAL ENGINEER,False,excluded,excluded_pumping_condition,94.59683229813663,-94.59683229813663,-94.59683229813618,4.547473508864641e-13
458932,SRC-JA,16241,108444,2024-03-22,2024-03-22T05:13:33,382.23,2881.77,3264.0,NGVD1929,REPORTED,UNKNOWN,CONSULTANT,UNKNOWN,CONSULTANT,True,unknown_ambiguous,retained_unknown_or_ambiguous_status_or_method,-16.823167701863326,16.823167701863326,16.823167701863895,5.684341886080801e-13
458933,SRC-JA,16241,108444,2024-03-29,2024-03-29T10:37:09,382.22,2881.78,3264.0,NGVD1929,REPORTED,UNKNOWN,CONSULTANT,UNKNOWN,CONSULTANT,True,unknown_ambiguous,retained_unknown_or_ambiguous_status_or_method,-16.833167701863317,16.833167701863317,16.833167701864113,7.958078640513122e-13
458934,SRC-JA,16241,108444,2024-04-01,2024-04-01T02:43:44,500.97,2763.03,3264.0,NGVD1929,REPORTED,UNKNOWN,CONSULTANT,UNKNOWN,CONSULTANT,True,unknown_ambiguous,retained_unknown_or_ambiguous_status_or_method,101.91683229813668,-101.91683229813668,-101.91683229813589,7.958078640513122e-13
458935,SRC-JA,16241,108444,2024-04-08,2024-04-08T01:24:50,382.26,2881.74,3264.0,NGVD1929,REPORTED,UNKNOWN,CONSULTANT,UNKNOWN,CONSULTANT,True,unknown_ambiguous,retained_unknown_or_ambiguous_status_or_method,-16.793167701863354,16.793167701863354,16.793167701863695,3.410605131648481e-13
458926,SRC-JA,16241,108444,2024-02-15,2024-02-15T03:29:26,382.27,2881.73,3264.0,NGVD1929,REPORTED,UNKNOWN,CONSULTANT,UNKNOWN,CONSULTANT,True,unknown_ambiguous,retained_unknown_or_ambiguous_status_or_method,-16.783167701863363,16.783167701863363,16.78316770186393,5.684341886080801e-13
458927,SRC-JA,16241,108444,2024-02-22,2024-02-22T04:16:22,501.74,2762.26,3264.0,NGVD1929,REPORTED,UNKNOWN,CONSULTANT,UNKNOWN,CONSULTANT,True,unknown_ambiguous,retained_unknown_or_ambiguous_status_or_method,102.68683229813666,-102.68683229813666,-102.68683229813587,7.958078640513122e-13
458928,SRC-JA,16241,108444,2024-02-29,2024-02-29T01:06:27,501.24,2762.76,3264.0,NGVD1929,REPORTED,UNKNOWN,CONSULTANT,UNKNOWN,CONSULTANT,True,unknown_ambiguous,retained_unknown_or_ambiguous_status_or_method,102.18683229813666,-102.18683229813666,-102.18683229813587,7.958078640513122e-13
458929,SRC-JA,16241,108444,2024-03-01,2024-03-01T01:14:57,501.36,2762.64,3264.0,NGVD1929,REPORTED,UNKNOWN,CONSULTANT,UNKNOWN,CONSULTANT,True,unknown_ambiguous,retained_unknown_or_ambiguous_status_or_method,102.30683229813667,-102.30683229813667,-102.30683229813621,4.547473508864641e-13
459370,SRC-JA,16241,108444,2024-03-06,2024-03-06T12:00:00,374.09,2889.91,3264.0,NGVD1929,ETAPE,UNKNOWN,CONSULTANT,UNKNOWN,CONSULTANT,True,unknown_ambiguous,retained_unknown_or_ambiguous_status_or_method,-24.96316770186337,24.96316770186337,24.963167701863767,3.979039320256561e-13
458930,SRC-JA,16241,108444,2024-03-08,2024-03-08T02:14:29,382.48,2881.52,3264.0,NGVD1929,REPORTED,UNKNOWN,CONSULTANT,UNKNOWN,CONSULTANT,True,unknown_ambiguous,retained_unknown_or_ambiguous_status_or_method,-16.573167701863326,16.573167701863326,16.573167701863895,5.684341886080801e-13
458920,SRC-JA,16241,108444,2024-01-08,2024-01-08T07:31:33,382.4,2881.6,3264.0,NGVD1929,REPORTED,UNKNOWN,CONSULTANT,UNKNOWN,CONSULTANT,True,unknown_ambiguous,retained_unknown_or_ambiguous_status_or_method,-16.653167701863367,16.653167701863367,16.653167701863822,4.547473508864641e-13
458921,SRC-JA,16241,108444,2024-01-15,2024-01-15T02:33:12,382.5,2881.5,3264.0,NGVD1929,REPORTED,UNKNOWN,CONSULTANT,UNKNOWN,CONSULTANT,True,unknown_ambiguous,retained_unknown_or_ambiguous_status_or_method,-16.553167701863345,16.553167701863345,16.553167701863913,5.684341886080801e-13
458922,SRC-JA,16241,108444,2024-01-22,2024-01-22T05:04:30,501.81,2762.19,3264.0,NGVD1929,REPORTED,UNKNOWN,CONSULTANT,UNKNOWN,CONSULTANT,True,unknown_ambiguous,retained_unknown_or_ambiguous_status_or_method,102.75683229813666,-102.75683229813666,-102.75683229813603,6.252776074688882e-13
458923,SRC-JA,16241,108444,2024-01-29,2024-01-29T01:22:32,496.1,2767.9,3264.0,NGVD1929,REPORTED,UNKNOWN,CONSULTANT,UNKNOWN,CONSULTANT,True,unknown_ambiguous,retained_unknown_or_ambiguous_status_or_method,97.04683229813668,-97.04683229813668,-97.046832298136,6.821210263296962e-13
458924,SRC-JA,16241,108444,2024-02-01,2024-02-01T01:02:48,381.93,2882.07,3264.0,NGVD1929,REPORTED,UNKNOWN,CONSULTANT,UNKNOWN,CONSULTANT,True,unknown_ambiguous,retained_unknown_or_ambiguous_status_or_method,-17.123167701863338,17.123167701863338,17.123167701864077,7.389644451905042e-13
458925,SRC-JA,16241,108444,2024-02-08,2024-02-08T03:40:59,382.58,2881.42,3264.0,NGVD1929,REPORTED,UNKNOWN,CONSULTANT,UNKNOWN,CONSULTANT,True,unknown_ambiguous,retained_unknown_or_ambiguous_status_or_method,-16.47316770186336,16.47316770186336,16.473167701863986,6.252776074688882e-13
458915,SRC-JA,16241,108444,2023-12-08,2023-12-08T03:04:34,383.07,2880.93,3264.0,NGVD1929,REPORTED,UNKNOWN,CONSULTANT,UNKNOWN,CONSULTANT,True,unknown_ambiguous,retained_unknown_or_ambiguous_status_or_method,-15.983167701863351,15.983167701863351,15.98316770186375,3.979039320256561e-13
459369,SRC-JA,16241,108444,2023-12-14,2023-12-14T12:00:00,381.9,2882.1,3264.0,NGVD1929,ETAPE,UNKNOWN,CONSULTANT,UNKNOWN,CONSULTANT,True,unknown_ambiguous,retained_unknown_or_ambiguous_status_or_method,-17.153167701863367,17.153167701863367,17.153167701863822,4.547473508864641e-13
458916,SRC-JA,16241,108444,2023-12-15,2023-12-15T02:48:30,382.83,2881.17,3264.0,NGVD1929,REPORTED,UNKNOWN,CONSULTANT,UNKNOWN,CONSULTANT,True,unknown_ambiguous,retained_unknown_or_ambiguous_status_or_method,-16.22316770186336,16.22316770186336,16.223167701863986,6.252776074688882e-13
458917,SRC-JA,16241,108444,2023-12-22,2023-12-22T07:39:03,382.73,2881.27,3264.0,NGVD1929,REPORTED,UNKNOWN,CONSULTANT,UNKNOWN,CONSULTANT,True,unknown_ambiguous,retained_unknown_or_ambiguous_status_or_method,-16.323167701863326,16.323167701863326,16.323167701863895,5.684341886080801e-13
458918,SRC-JA,16241,108444,2023-12-29,2023-12-29T07:32:54,382.5,2881.5,3264.0,NGVD1929,REPORTED,UNKNOWN,CONSULTANT,UNKNOWN,CONSULTANT,True,unknown_ambiguous,retained_unknown_or_ambiguous_status_or_method,-16.553167701863345,16.553167701863345,16.553167701863913,5.684341886080801e-13
458919,SRC-JA,16241,108444,2024-01-01,2024-01-01T12:27:33,382.5,2881.5,3264.0,NGVD1929,REPORTED,UNKNOWN,CONSULTANT,UNKNOWN,CONSULTANT,True,unknown_ambiguous,retained_unknown_or_ambiguous_status_or_method,-16.553167701863345,16.553167701863345,16.553167701863913,5.684341886080801e-13
458909,SRC-JA,16241,108444,2023-11-01,2023-11-01T07:00:10,384.2,2879.8,3264.0,NGVD1929,REPORTED,UNKNOWN,CONSULTANT,UNKNOWN,CONSULTANT,True,unknown_ambiguous,retained_unknown_or_ambiguous_status_or_method,-14.853167701863356,14.853167701863356,14.853167701864095,7.389644451905042e-13
458910,SRC-JA,16241,108444,2023-11-08,2023-11-08T08:08:30,384.06,2879.94,3264.0,NGVD1929,REPORTED,UNKNOWN,CONSULTANT,UNKNOWN,CONSULTANT,True,unknown_ambiguous,retained_unknown_or_ambiguous_status_or_method,-14.993167701863342,14.993167701863342,14.993167701863968,6.252776074688882e-13
458911,SRC-JA,16241,108444,2023-11-15,2023-11-15T10:50:26,383.49,2880.51,3264.0,NGVD1929,REPORTED,UNKNOWN,CONSULTANT,UNKNOWN,CONSULTANT,True,unknown_ambiguous,retained_unknown_or_ambiguous_status_or_method,-15.563167701863335,15.563167701863335,15.563167701864131,7.958078640513122e-13
458912,SRC-JA,16241,108444,2023-11-22,2023-11-22T08:31:07,383.38,2880.62,3264.0,NGVD1929,REPORTED,UNKNOWN,CONSULTANT,UNKNOWN,CONSULTANT,True,unknown_ambiguous,retained_unknown_or_ambiguous_status_or_method,-15.673167701863349,15.673167701863349,15.673167701863804,4.547473508864641e-13
458913,SRC-JA,16241,108444,2023-11-29,2023-11-29T11:13:02,383.07,2880.93,3264.0,NGVD1929,REPORTED,UNKNOWN,CONSULTANT,UNKNOWN,CONSULTANT,True,unknown_ambiguous,retained_unknown_or_ambiguous_status_or_method,-15.983167701863351,15.983167701863351,15.98316770186375,3.979039320256561e-13
458914,SRC-JA,16241,108444,2023-12-01,2023-12-01T03:22:54,383.04,2880.96,3264.0,NGVD1929,REPORTED,UNKNOWN,CONSULTANT,UNKNOWN,CONSULTANT,True,unknown_ambiguous,retained_unknown_or_ambiguous_status_or_method,-16.013167701863324,16.013167701863324,16.01316770186395,6.252776074688882e-13
458903,SRC-JA,16241,108444,2023-09-29,2023-09-29T03:13:19,384.97,2879.03,3264.0,NGVD1929,REPORTED,UNKNOWN,CONSULTANT,UNKNOWN,CONSULTANT,True,unknown_ambiguous,retained_unknown_or_ambiguous_status_or_method,-14.083167701863317,14.083167701863317,14.083167701864113,7.958078640513122e-13
458904,SRC-JA,16241,108444,2023-10-01,2023-10-01T08:02:38,385.09,2878.91,3264.0,NGVD1929,REPORTED,UNKNOWN,CONSULTANT,UNKNOWN,CONSULTANT,True,unknown_ambiguous,retained_unknown_or_ambiguous_status_or_method,-13.96316770186337,13.96316770186337,13.963167701863767,3.979039320256561e-13
458905,SRC-JA,16241,108444,2023-10-08,2023-10-08T11:29:45,384.54,2879.46,3264.0,NGVD1929,REPORTED,UNKNOWN,CONSULTANT,UNKNOWN,CONSULTANT,True,unknown_ambiguous,retained_unknown_or_ambiguous_status_or_method,-14.513167701863324,14.513167701863324,14.51316770186395,6.252776074688882e-13
458906,SRC-JA,16241,108444,2023-10-15,2023-10-15T02:56:53,384.57,2879.43,3264.0,NGVD1929,REPORTED,UNKNOWN,CONSULTANT,UNKNOWN,CONSULTANT,True,unknown_ambiguous,retained_unknown_or_ambiguous_status_or_method,-14.483167701863351,14.483167701863351,14.48316770186375,3.979039320256561e-13
458907,SRC-JA,16241,108444,2023-10-22,2023-10-22T02:04:16,384.31,2879.69,3264.0,NGVD1929,REPORTED,UNKNOWN,CONSULTANT,UNKNOWN,CONSULTANT,True,unknown_ambiguous,retained_unknown_or_ambiguous_status_or_method,-14.743167701863342,14.743167701863342,14.743167701863968,6.252776074688882e-13
458908,SRC-JA,16241,108444,2023-10-29,2023-10-29T05:31:24,384.64,2879.36,3264.0,NGVD1929,REPORTED,UNKNOWN,CONSULTANT,UNKNOWN,CONSULTANT,True,unknown_ambiguous,retained_unknown_or_ambiguous_status_or_method,-14.413167701863358,14.413167701863358,14.41316770186404,6.821210263296962e-13
416705,SRC-JA,16241,108444,2022-03-29,2022-03-29T12:00:00,379.3,2884.7,3264.0,NGVD1929,ETAPE,STATIC,PROFESSIONAL ENGINEER,STATIC,PROFESSIONAL ENGINEER,True,eligible,eligible_static_measurement,-19.753167701863333,19.753167701863333,19.75316770186373,3.979039320256561e-13
428321,SRC-JA,16241,108444,2023-03-21,2023-03-21T12:00:00,497.75,2766.25,3264.0,NGVD1929,ETAPE,PUMPING,PROFESSIONAL ENGINEER,PUMPING,PROFESSIONAL ENGINEER,False,excluded,excluded_pumping_condition,98.69683229813666,-98.69683229813666,-98.69683229813609,5.684341886080801e-13
458899,SRC-JA,16241,108444,2023-09-01,2023-09-01T12:03:59,507.22,2756.78,3264.0,NGVD1929,REPORTED,UNKNOWN,CONSULTANT,UNKNOWN,CONSULTANT,True,unknown_ambiguous,retained_unknown_or_ambiguous_status_or_method,108.16683229813668,-108.16683229813668,-108.16683229813589,7.958078640513122e-13
458900,SRC-JA,16241,108444,2023-09-08,2023-09-08T12:18:34,507.63,2756.37,3264.0,NGVD1929,REPORTED,UNKNOWN,CONSULTANT,UNKNOWN,CONSULTANT,True,unknown_ambiguous,retained_unknown_or_ambiguous_status_or_method,108.57683229813665,-108.57683229813665,-108.5768322981362,4.547473508864641e-13
458901,SRC-JA,16241,108444,2023-09-15,2023-09-15T04:54:06,507.5,2756.5,3264.0,NGVD1929,REPORTED,UNKNOWN,CONSULTANT,UNKNOWN,CONSULTANT,True,unknown_ambiguous,retained_unknown_or_ambiguous_status_or_method,108.44683229813666,-108.44683229813666,-108.44683229813609,5.684341886080801e-13
458902,SRC-JA,16241,108444,2023-09-22,2023-09-22T01:19:45,508.32,2755.68,3264.0,NGVD1929,REPORTED,UNKNOWN,CONSULTANT,UNKNOWN,CONSULTANT,True,unknown_ambiguous,retained_unknown_or_ambiguous_status_or_method,109.26683229813665,-109.26683229813665,-109.26683229813625,3.979039320256561e-13
422366,SRC-JA,16241,108444,2020-11-01,2020-11-01T06:38:52,389.83,2874.17,3264.0,NGVD1929,REPORTED,STATIC,CONSULTANT,STATIC,CONSULTANT,True,eligible,eligible_static_measurement,-9.22316770186336,9.22316770186336,9.223167701863986,6.252776074688882e-13
422367,SRC-JA,16241,108444,2020-12-01,2020-12-01T03:48:16,388.58,2875.42,3264.0,NGVD1929,REPORTED,STATIC,CONSULTANT,STATIC,CONSULTANT,True,eligible,eligible_static_measurement,-10.47316770186336,10.47316770186336,10.473167701863986,6.252776074688882e-13
422368,SRC-JA,16241,108444,2020-12-27,2020-12-27T06:01:15,386.9,2877.1,3264.0,NGVD1929,REPORTED,STATIC,CONSULTANT,STATIC,CONSULTANT,True,eligible,eligible_static_measurement,-12.153167701863367,12.153167701863367,12.153167701863822,4.547473508864641e-13
414016,SRC-JA,16241,108444,2021-03-31,2021-03-31T12:00:00,381.5,2882.5,3264.0,NGVD1929,ETAPE,STATIC,PROFESSIONAL ENGINEER,STATIC,PROFESSIONAL ENGINEER,True,eligible,eligible_static_measurement,-17.553167701863345,17.553167701863345,17.553167701863913,5.684341886080801e-13
422369,SRC-JA,16241,108444,2021-06-16,2021-06-16T12:05:34,388.7,2875.3,3264.0,NGVD1929,REPORTED,STATIC,CONSULTANT,STATIC,CONSULTANT,True,eligible,eligible_static_measurement,-10.353167701863356,10.353167701863356,10.353167701864095,7.389644451905042e-13
422370,SRC-JA,16241,108444,2021-06-25,2021-06-25T10:28:19,387.92,2876.08,3264.0,NGVD1929,REPORTED,STATIC,CONSULTANT,STATIC,CONSULTANT,True,eligible,eligible_static_measurement,-11.133167701863329,11.133167701863329,11.13316770186384,5.115907697472721e-13
393714,SRC-JA,16241,108444,2019-11-15,2019-11-15T07:15:00,376.17,2887.83,3264.0,NGVD1929,REPORTED,STATIC,CONSULTANT,STATIC,CONSULTANT,True,eligible,eligible_static_measurement,-22.88316770186333,22.88316770186333,22.88316770186384,5.115907697472721e-13
393715,SRC-JA,16241,108444,2019-12-11,2019-12-11T12:20:00,375.51,2888.49,3264.0,NGVD1929,REPORTED,STATIC,CONSULTANT,STATIC,CONSULTANT,True,eligible,eligible_static_measurement,-23.543167701863354,23.543167701863354,23.543167701863695,3.410605131648481e-13
393716,SRC-JA,16241,108444,2020-01-15,2020-01-15T07:53:00,375.6,2888.4,3264.0,NGVD1929,REPORTED,STATIC,CONSULTANT,STATIC,CONSULTANT,True,eligible,eligible_static_measurement,-23.453167701863322,23.453167701863322,23.453167701864004,6.821210263296962e-13
395099,SRC-JA,16241,108444,2020-03-20,2020-03-20T12:00:00,379.0,2885.0,3264.0,NGVD1929,ETAPE,STATIC,PROFESSIONAL ENGINEER,STATIC,PROFESSIONAL ENGINEER,True,eligible,eligible_static_measurement,-20.053167701863345,20.053167701863345,20.053167701863913,5.684341886080801e-13
422364,SRC-JA,16241,108444,2020-09-15,2020-09-15T12:14:52,388.76,2875.24,3264.0,NGVD1929,REPORTED,STATIC,CONSULTANT,STATIC,CONSULTANT,True,eligible,eligible_static_measurement,-10.293167701863354,10.293167701863354,10.293167701863695,3.410605131648481e-13
422365,SRC-JA,16241,108444,2020-10-01,2020-10-01T01:11:42,388.57,2875.43,3264.0,NGVD1929,REPORTED,STATIC,CONSULTANT,STATIC,CONSULTANT,True,eligible,eligible_static_measurement,-10.483167701863351,10.483167701863351,10.48316770186375,3.979039320256561e-13
393708,SRC-JA,16241,108444,2019-05-05,2019-05-05T05:18:00,376.98,2887.02,3264.0,NGVD1929,REPORTED,STATIC,CONSULTANT,STATIC,CONSULTANT,True,eligible,eligible_static_measurement,-22.073167701863326,22.073167701863326,22.073167701863895,5.684341886080801e-13
393709,SRC-JA,16241,108444,2019-06-15,2019-06-15T09:34:00,377.41,2886.59,3264.0,NGVD1929,REPORTED,STATIC,CONSULTANT,STATIC,CONSULTANT,True,eligible,eligible_static_measurement,-21.64316770186332,21.64316770186332,21.64316770186406,7.389644451905042e-13
393710,SRC-JA,16241,108444,2019-07-15,2019-07-15T11:03:00,377.28,2886.72,3264.0,NGVD1929,REPORTED,STATIC,CONSULTANT,STATIC,CONSULTANT,True,eligible,eligible_static_measurement,-21.773167701863372,21.773167701863372,21.773167701863713,3.410605131648481e-13
393711,SRC-JA,16241,108444,2019-08-15,2019-08-15T01:11:00,377.26,2886.74,3264.0,NGVD1929,REPORTED,STATIC,CONSULTANT,STATIC,CONSULTANT,True,eligible,eligible_static_measurement,-21.793167701863354,21.793167701863354,21.793167701863695,3.410605131648481e-13
393712,SRC-JA,16241,108444,2019-09-15,2019-09-15T03:59:00,376.7,2887.3,3264.0,NGVD1929,REPORTED,STATIC,CONSULTANT,STATIC,CONSULTANT,True,eligible,eligible_static_measurement,-22.353167701863356,22.353167701863356,22.353167701864095,7.389644451905042e-13
393713,SRC-JA,16241,108444,2019-10-17,2019-10-17T07:26:00,376.52,2887.48,3264.0,NGVD1929,REPORTED,STATIC,CONSULTANT,STATIC,CONSULTANT,True,eligible,eligible_static_measurement,-22.533167701863363,22.533167701863363,22.53316770186393,5.684341886080801e-13
393703,SRC-JA,16241,108444,2018-12-15,2018-12-15T03:03:00,375.78,2888.22,3264.0,NGVD1929,REPORTED,STATIC,CONSULTANT,STATIC,CONSULTANT,True,eligible,eligible_static_measurement,-23.273167701863372,23.273167701863372,23.273167701863713,3.410605131648481e-13
393704,SRC-JA,16241,108444,2019-01-07,2019-01-07T01:37:00,375.93,2888.07,3264.0,NGVD1929,REPORTED,STATIC,CONSULTANT,STATIC,CONSULTANT,True,eligible,eligible_static_measurement,-23.123167701863338,23.123167701863338,23.123167701864077,7.389644451905042e-13
393705,SRC-JA,16241,108444,2019-02-13,2019-02-13T04:10:00,376.48,2887.52,3264.0,NGVD1929,REPORTED,STATIC,CONSULTANT,STATIC,CONSULTANT,True,eligible,eligible_static_measurement,-22.573167701863326,22.573167701863326,22.573167701863895,5.684341886080801e-13
393706,SRC-JA,16241,108444,2019-03-14,2019-03-14T03:17:00,377.24,2886.76,3264.0,NGVD1929,REPORTED,STATIC,CONSULTANT,STATIC,CONSULTANT,True,eligible,eligible_static_measurement,-21.813167701863335,21.813167701863335,21.81316770186413,7.958078640513122e-13
350895,SRC-JA,16241,108444,2019-03-22,2019-03-22T12:00:00,380.0,2884.0,3264.0,NGVD1929,ETAPE,STATIC,PROFESSIONAL ENGINEER,STATIC,PROFESSIONAL ENGINEER,True,eligible,eligible_static_measurement,-19.053167701863345,19.053167701863345,19.053167701863913,5.684341886080801e-13
393707,SRC-JA,16241,108444,2019-04-15,2019-04-15T08:16:00,376.1,2887.9,3264.0,NGVD1929,REPORTED,STATIC,CONSULTANT,STATIC,CONSULTANT,True,eligible,eligible_static_measurement,-22.953167701863322,22.953167701863322,22.953167701864004,6.821210263296962e-13
393697,SRC-JA,16241,108444,2018-06-15,2018-06-15T07:04:00,376.16,2887.84,3264.0,NGVD1929,REPORTED,STATIC,CONSULTANT,STATIC,CONSULTANT,True,eligible,eligible_static_measurement,-22.89316770186332,22.89316770186332,22.89316770186406,7.389644451905042e-13
393698,SRC-JA,16241,108444,2018-07-17,2018-07-17T10:39:00,376.79,2887.21,3264.0,NGVD1929,REPORTED,STATIC,CONSULTANT,STATIC,CONSULTANT,True,eligible,eligible_static_measurement,-22.263167701863324,22.263167701863324,22.26316770186395,6.252776074688882e-13
393699,SRC-JA,16241,108444,2018-08-13,2018-08-13T10:46:00,377.8,2886.2,3264.0,NGVD1929,REPORTED,STATIC,CONSULTANT,STATIC,CONSULTANT,True,eligible,eligible_static_measurement,-21.253167701863333,21.253167701863333,21.25316770186373,3.979039320256561e-13
393700,SRC-JA,16241,108444,2018-09-25,2018-09-25T07:32:00,378.01,2885.99,3264.0,NGVD1929,REPORTED,STATIC,CONSULTANT,STATIC,CONSULTANT,True,eligible,eligible_static_measurement,-21.043167701863354,21.043167701863354,21.043167701863695,3.410605131648481e-13
393701,SRC-JA,16241,108444,2018-10-18,2018-10-18T02:09:00,376.13,2887.87,3264.0,NGVD1929,REPORTED,STATIC,CONSULTANT,STATIC,CONSULTANT,True,eligible,eligible_static_measurement,-22.92316770186335,22.92316770186335,22.923167701863804,4.547473508864641e-13
393702,SRC-JA,16241,108444,2018-11-16,2018-11-16T02:14:00,376.1,2887.9,3264.0,NGVD1929,REPORTED,STATIC,CONSULTANT,STATIC,CONSULTANT,True,eligible,eligible_static_measurement,-22.953167701863322,22.953167701863322,22.953167701864004,6.821210263296962e-13
367029,SRC-JA,16241,108444,2017-12-15,2017-12-15T11:22:52,375.2,2888.8,3264.0,NGVD1929,REPORTED,STATIC,CONSULTANT,STATIC,CONSULTANT,True,eligible,eligible_static_measurement,-23.853167701863356,23.853167701863356,23.853167701864095,7.389644451905042e-13
367030,SRC-JA,16241,108444,2018-01-15,2018-01-15T12:11:11,375.0,2889.0,3264.0,NGVD1929,REPORTED,STATIC,CONSULTANT,STATIC,CONSULTANT,True,eligible,eligible_static_measurement,-24.053167701863345,24.053167701863345,24.053167701863913,5.684341886080801e-13
342903,SRC-JA,16241,108444,2018-03-28,2018-03-28T12:00:00,377.7,2886.3,3264.0,NGVD1929,ETAPE,STATIC,PROFESSIONAL ENGINEER,STATIC,PROFESSIONAL ENGINEER,True,eligible,eligible_static_measurement,-21.353167701863356,21.353167701863356,21.353167701864095,7.389644451905042e-13
343980,SRC-JA,16241,108444,2018-03-28,2018-03-28T12:00:00,377.25,2886.75,3264.0,NGVD1929,ETAPE,STATIC,CWRE,STATIC,CWRE,True,eligible,eligible_static_measurement,-21.803167701863345,21.803167701863345,21.803167701863913,5.684341886080801e-13
393695,SRC-JA,16241,108444,2018-04-25,2018-04-25T05:41:00,376.66,2887.34,3264.0,NGVD1929,REPORTED,STATIC,CONSULTANT,STATIC,CONSULTANT,True,eligible,eligible_static_measurement,-22.39316770186332,22.39316770186332,22.39316770186406,7.389644451905042e-13
393696,SRC-JA,16241,108444,2018-05-15,2018-05-15T12:04:00,376.03,2887.97,3264.0,NGVD1929,REPORTED,STATIC,CONSULTANT,STATIC,CONSULTANT,True,eligible,eligible_static_measurement,-23.023167701863372,23.023167701863372,23.023167701863713,3.410605131648481e-13
290943,SRC-JA,16241,108444,2017-03-31,2017-03-31T12:00:00,379.0,2885.0,3264.0,NGVD1929,ETAPE,STATIC,PROFESSIONAL ENGINEER,STATIC,PROFESSIONAL ENGINEER,True,eligible,eligible_static_measurement,-20.053167701863345,20.053167701863345,20.053167701863913,5.684341886080801e-13
367024,SRC-JA,16241,108444,2017-04-15,2017-04-15T06:36:34,375.1,2888.9,3264.0,NGVD1929,REPORTED,STATIC,CONSULTANT,STATIC,CONSULTANT,True,eligible,eligible_static_measurement,-23.953167701863322,23.953167701863322,23.953167701864004,6.821210263296962e-13
367025,SRC-JA,16241,108444,2017-05-15,2017-05-15T06:52:20,376.3,2887.7,3264.0,NGVD1929,REPORTED,STATIC,CONSULTANT,STATIC,CONSULTANT,True,eligible,eligible_static_measurement,-22.753167701863333,22.753167701863333,22.75316770186373,3.979039320256561e-13
367026,SRC-JA,16241,108444,2017-09-15,2017-09-15T06:14:31,376.71,2887.29,3264.0,NGVD1929,REPORTED,STATIC,CONSULTANT,STATIC,CONSULTANT,True,eligible,eligible_static_measurement,-22.343167701863365,22.343167701863365,22.343167701863877,5.115907697472721e-13
367027,SRC-JA,16241,108444,2017-10-15,2017-10-15T07:02:50,375.89,2888.11,3264.0,NGVD1929,REPORTED,STATIC,CONSULTANT,STATIC,CONSULTANT,True,eligible,eligible_static_measurement,-23.163167701863358,23.163167701863358,23.16316770186404,6.821210263296962e-13
367028,SRC-JA,16241,108444,2017-11-15,2017-11-15T10:34:33,375.04,2888.96,3264.0,NGVD1929,REPORTED,STATIC,CONSULTANT,STATIC,CONSULTANT,True,eligible,eligible_static_measurement,-24.013167701863324,24.013167701863324,24.01316770186395,6.252776074688882e-13
367018,SRC-JA,16241,108444,2016-07-14,2016-07-14T05:39:31,374.71,2889.29,3264.0,NGVD1929,REPORTED,STATIC,CONSULTANT,STATIC,CONSULTANT,True,eligible,eligible_static_measurement,-24.343167701863365,24.343167701863365,24.343167701863877,5.115907697472721e-13
367019,SRC-JA,16241,108444,2016-09-14,2016-09-14T05:29:31,376.92,2887.08,3264.0,NGVD1929,REPORTED,STATIC,CONSULTANT,STATIC,CONSULTANT,True,eligible,eligible_static_measurement,-22.13316770186333,22.13316770186333,22.13316770186384,5.115907697472721e-13
367020,SRC-JA,16241,108444,2016-10-14,2016-10-14T11:34:27,375.06,2888.94,3264.0,NGVD1929,REPORTED,STATIC,CONSULTANT,STATIC,CONSULTANT,True,eligible,eligible_static_measurement,-23.993167701863342,23.993167701863342,23.993167701863968,6.252776074688882e-13
367021,SRC-JA,16241,108444,2016-11-15,2016-11-15T04:57:37,375.13,2888.87,3264.0,NGVD1929,REPORTED,STATIC,CONSULTANT,STATIC,CONSULTANT,True,eligible,eligible_static_measurement,-23.92316770186335,23.92316770186335,23.923167701863804,4.547473508864641e-13
367022,SRC-JA,16241,108444,2017-01-15,2017-01-15T05:07:27,374.54,2889.46,3264.0,NGVD1929,REPORTED,STATIC,CONSULTANT,STATIC,CONSULTANT,True,eligible,eligible_static_measurement,-24.513167701863324,24.513167701863324,24.51316770186395,6.252776074688882e-13
367023,SRC-JA,16241,108444,2017-03-15,2017-03-15T02:33:23,376.04,2887.96,3264.0,NGVD1929,REPORTED,STATIC,CONSULTANT,STATIC,CONSULTANT,True,eligible,eligible_static_measurement,-23.013167701863324,23.013167701863324,23.01316770186395,6.252776074688882e-13
393694,SRC-JA,16241,108444,2016-01-15,2016-01-15T11:19:00,373.5,2890.5,3264.0,NGVD1929,REPORTED,STATIC,CONSULTANT,STATIC,CONSULTANT,True,eligible,eligible_static_measurement,-25.553167701863345,25.553167701863345,25.553167701863913,5.684341886080801e-13
367014,SRC-JA,16241,108444,2016-02-14,2016-02-14T01:34:22,373.58,2890.42,3264.0,NGVD1929,REPORTED,STATIC,CONSULTANT,STATIC,CONSULTANT,True,eligible,eligible_static_measurement,-25.47316770186336,25.47316770186336,25.473167701863986,6.252776074688882e-13
367015,SRC-JA,16241,108444,2016-03-15,2016-03-15T07:51:56,374.31,2889.69,3264.0,NGVD1929,REPORTED,STATIC,CONSULTANT,STATIC,CONSULTANT,True,eligible,eligible_static_measurement,-24.743167701863342,24.743167701863342,24.743167701863968,6.252776074688882e-13
273626,SRC-JA,16241,108444,2016-03-24,2016-03-24T12:00:00,377.6,2886.4,3264.0,NGVD1929,ETAPE,STATIC,PROFESSIONAL ENGINEER,STATIC,PROFESSIONAL ENGINEER,True,eligible,eligible_static_measurement,-21.453167701863322,21.453167701863322,21.453167701864004,6.821210263296962e-13
367016,SRC-JA,16241,108444,2016-04-15,2016-04-15T01:18:39,373.87,2890.13,3264.0,NGVD1929,REPORTED,STATIC,CONSULTANT,STATIC,CONSULTANT,True,eligible,eligible_static_measurement,-25.18316770186334,25.18316770186334,25.183167701864022,6.821210263296962e-13
367017,SRC-JA,16241,108444,2016-06-14,2016-06-14T12:12:06,374.59,2889.41,3264.0,NGVD1929,REPORTED,STATIC,CONSULTANT,STATIC,CONSULTANT,True,eligible,eligible_static_measurement,-24.46316770186337,24.46316770186337,24.463167701863767,3.979039320256561e-13
256930,SRC-JA,16241,108444,2015-03-19,2015-03-19T12:00:00,372.85,2891.15,3264.0,NGVD1929,ETAPE,STATIC,PROFESSIONAL ENGINEER,STATIC,PROFESSIONAL ENGINEER,True,eligible,eligible_static_measurement,-26.203167701863322,26.203167701863322,26.203167701864004,6.821210263296962e-13
393689,SRC-JA,16241,108444,2015-05-01,2015-05-01T03:00:00,372.3,2891.7,3264.0,NGVD1929,REPORTED,STATIC,CONSULTANT,STATIC,CONSULTANT,True,eligible,eligible_static_measurement,-26.753167701863333,26.753167701863333,26.75316770186373,3.979039320256561e-13
393690,SRC-JA,16241,108444,2015-06-01,2015-06-01T01:50:00,372.55,2891.45,3264.0,NGVD1929,REPORTED,STATIC,CONSULTANT,STATIC,CONSULTANT,True,eligible,eligible_static_measurement,-26.503167701863333,26.503167701863333,26.50316770186373,3.979039320256561e-13
393691,SRC-JA,16241,108444,2015-10-13,2015-10-13T08:29:00,374.93,2889.07,3264.0,NGVD1929,REPORTED,STATIC,CONSULTANT,STATIC,CONSULTANT,True,eligible,eligible_static_measurement,-24.123167701863338,24.123167701863338,24.123167701864077,7.389644451905042e-13
393692,SRC-JA,16241,108444,2015-11-15,2015-11-15T03:00:00,373.51,2890.49,3264.0,NGVD1929,REPORTED,STATIC,CONSULTANT,STATIC,CONSULTANT,True,eligible,eligible_static_measurement,-25.543167701863354,25.543167701863354,25.543167701863695,3.410605131648481e-13
393693,SRC-JA,16241,108444,2015-12-15,2015-12-15T01:55:00,373.97,2890.03,3264.0,NGVD1929,REPORTED,STATIC,CONSULTANT,STATIC,CONSULTANT,True,eligible,eligible_static_measurement,-25.083167701863317,25.083167701863317,25.083167701864113,7.958078640513122e-13
367010,SRC-JA,16241,108444,2013-07-15,2013-07-15T06:18:06,374.17,2889.83,3264.0,NGVD1929,REPORTED,STATIC,CONSULTANT,STATIC,CONSULTANT,True,eligible,eligible_static_measurement,-24.88316770186333,24.88316770186333,24.88316770186384,5.115907697472721e-13
367011,SRC-JA,16241,108444,2013-08-14,2013-08-14T11:21:34,374.48,2889.52,3264.0,NGVD1929,REPORTED,STATIC,CONSULTANT,STATIC,CONSULTANT,True,eligible,eligible_static_measurement,-24.573167701863326,24.573167701863326,24.573167701863895,5.684341886080801e-13
367012,SRC-JA,16241,108444,2013-09-15,2013-09-15T05:21:34,374.17,2889.83,3264.0,NGVD1929,REPORTED,STATIC,CONSULTANT,STATIC,CONSULTANT,True,eligible,eligible_static_measurement,-24.88316770186333,24.88316770186333,24.88316770186384,5.115907697472721e-13
283872,SRC-JA,16241,108444,2013-10-01,2013-10-01T12:00:00,370.0,2894.0,3264.0,NGVD1929,REPORTED,STATIC,DRILLER,STATIC,DRILLER,True,eligible,eligible_static_measurement,-29.053167701863345,29.053167701863345,29.053167701863913,5.684341886080801e-13
367013,SRC-JA,16241,108444,2013-10-10,2013-10-10T05:21:34,373.39,2890.61,3264.0,NGVD1929,REPORTED,STATIC,CONSULTANT,STATIC,CONSULTANT,True,eligible,eligible_static_measurement,-25.663167701863358,25.663167701863358,25.66316770186404,6.821210263296962e-13
283873,SRC-JA,16241,108444,2014-06-06,2014-06-06T12:00:00,370.0,2894.0,3264.0,NGVD1929,REPORTED,STATIC,DRILLER,STATIC,DRILLER,True,eligible,eligible_static_measurement,-29.053167701863345,29.053167701863345,29.053167701863913,5.684341886080801e-13
214305,VITESSE:64846,16891,105254,2010-10-29,2010-10-29T12:00:00,310.0,2920.0,3230.0,NGVD1929,REPORTED,UNKNOWN,DRILLER,UNKNOWN,DRILLER,True,unknown_ambiguous,retained_unknown_or_ambiguous_status_or_method,-43.27947368421053,43.27947368421053,43.27947368421019,3.410605131648481e-13
222774,VITESSE:64846,16891,105254,2011-03-30,2011-03-30T12:00:00,320.96,2909.04,3230.0,NGVD1929,ETAPE,STATIC,CWRE,STATIC,CWRE,True,eligible,eligible_static_measurement,-32.31947368421055,32.31947368421055,32.31947368421015,3.979039320256561e-13
214306,VITESSE:64846,16891,105254,2012-03-29,2012-03-29T12:00:00,322.51,2907.49,3230.0,NGVD1929,ETAPE,STATIC,CWRE,STATIC,CWRE,True,eligible,eligible_static_measurement,-30.76947368421054,30.76947368421054,30.76947368420997,5.684341886080801e-13
221942,VITESSE:64846,16891,105254,2013-03-29,2013-03-29T12:00:00,338.46,2891.54,3230.0,NGVD1929,ETAPE,STATIC,CWRE,STATIC,CWRE,True,eligible,eligible_static_measurement,-14.81947368421055,14.81947368421055,14.819473684210152,3.979039320256561e-13
221943,VITESSE:64846,16891,105254,2013-04-01,2013-04-01T12:00:00,337.46,2892.54,3230.0,NGVD1929,ETAPE,STATIC,CWRE,STATIC,CWRE,True,eligible,eligible_static_measurement,-15.81947368421055,15.81947368421055,15.819473684210152,3.979039320256561e-13
232869,VITESSE:64846,16891,105254,2014-03-31,2014-03-31T12:00:00,344.66,2885.34,3230.0,NGVD1929,ETAPE,STATIC,CWRE,STATIC,CWRE,True,eligible,eligible_static_measurement,-8.619473684210504,8.619473684210504,8.619473684210334,1.7053025658242404e-13
476787,VITESSE:64846,16891,105254,2026-03-31,2026-03-31T07:00:00,378.53,2851.47,3230.0,NGVD1929,ETAPE,STATIC,CWRE,STATIC,CWRE,True,eligible,eligible_static_measurement,25.250526315789443,-25.250526315789443,-25.25052631579001,5.684341886080801e-13
386134,VITESSE:64846,16891,105254,2020-04-02,2020-04-02T12:00:00,363.13,2866.87,3230.0,NGVD1929,ETAPE,STATIC,CWRE,STATIC,CWRE,True,eligible,eligible_static_measurement,9.850526315789466,-9.850526315789466,-9.85052631578992,4.547473508864641e-13
417482,VITESSE:64846,16891,105254,2022-03-08,2022-03-08T12:00:00,365.36,2864.64,3230.0,NGVD1929,ETAPE,STATIC,CWRE,STATIC,CWRE,True,eligible,eligible_static_measurement,12.080526315789484,-12.080526315789484,-12.080526315789939,4.547473508864641e-13
430690,VITESSE:64846,16891,105254,2023-03-31,2023-03-31T12:00:00,369.68,2860.32,3230.0,NGVD1929,ETAPE,STATIC,CWRE,STATIC,CWRE,True,eligible,eligible_static_measurement,16.400526315789477,-16.400526315789477,-16.400526315789648,1.7053025658242404e-13
447207,VITESSE:64846,16891,105254,2024-03-28,2024-03-28T12:00:00,378.02,2851.98,3230.0,NGVD1929,ETAPE,STATIC,CWRE,STATIC,CWRE,True,eligible,eligible_static_measurement,24.740526315789452,-24.740526315789452,-24.740526315789793,3.410605131648481e-13
447206,VITESSE:64846,16891,105254,2024-05-29,2024-05-29T12:00:00,374.88,2855.12,3230.0,NGVD1929,ETAPE,STATIC,CWRE,STATIC,CWRE,True,eligible,eligible_static_measurement,21.600526315789466,-21.600526315789466,-21.60052631578992,4.547473508864641e-13
469881,VITESSE:64846,16891,105254,2025-03-28,2025-03-28T12:00:00,369.85,2860.15,3230.0,NGVD1929,ETAPE,STATIC,CWRE,STATIC,CWRE,True,eligible,eligible_static_measurement,16.570526315789493,-16.570526315789493,-16.57052631578972,2.2737367544323206e-13
270915,VITESSE:64846,16891,105254,2015-03-19,2015-03-19T12:00:00,349.77,2880.23,3230.0,NGVD1929,ETAPE,STATIC,CWRE,STATIC,CWRE,True,eligible,eligible_static_measurement,-3.5094736842105476,3.5094736842105476,3.5094736842102066,3.410605131648481e-13
270913,VITESSE:64846,16891,105254,2015-03-25,2015-03-25T12:00:00,349.06,2880.94,3230.0,NGVD1929,ETAPE,STATIC,CWRE,STATIC,CWRE,True,eligible,eligible_static_measurement,-4.219473684210527,4.219473684210527,4.219473684210243,2.8421709430404007e-13
275156,VITESSE:64846,16891,105254,2016-03-31,2016-03-31T12:00:00,353.94,2876.06,3230.0,NGVD1929,ETAPE,UNKNOWN,CWRE,UNKNOWN,CWRE,True,unknown_ambiguous,retained_unknown_or_ambiguous_status_or_method,0.6605263157894683,-0.6605263157894683,-0.6605263157898662,3.979039320256561e-13
292176,VITESSE:64846,16891,105254,2017-03-31,2017-03-31T12:00:00,359.39,2870.61,3230.0,NGVD1929,ETAPE,STATIC,CWRE,STATIC,CWRE,True,eligible,eligible_static_measurement,6.110526315789457,-6.110526315789457,-6.110526315789684,2.2737367544323206e-13
343973,VITESSE:64846,16891,105254,2018-03-28,2018-03-28T12:00:00,363.81,2866.19,3230.0,NGVD1929,ETAPE,STATIC,CWRE,STATIC,CWRE,True,eligible,eligible_static_measurement,10.530526315789473,-10.530526315789473,-10.530526315789757,2.8421709430404007e-13
351348,VITESSE:64846,16891,105254,2019-03-01,2019-03-01T12:00:00,362.84,2867.16,3230.0,NGVD1929,ETAPE,STATIC,CWRE,STATIC,CWRE,True,eligible,eligible_static_measurement,9.560526315789446,-9.560526315789446,-9.560526315789957,5.115907697472721e-13
214297,GWIS:16240,16240,109015,2012-06-06,2012-06-06T12:00:00,370.0,2870.0,3240.0,NGVD1929,REPORTED,STATIC,DRILLER,STATIC,DRILLER,True,eligible,eligible_static_measurement,17.77933333333334,-17.77933333333334,-17.779333333332943,3.979039320256561e-13
214298,GWIS:16240,16240,109015,2012-08-29,2012-08-29T08:57:00,345.47,2894.53,3240.0,NGVD1929,ETAPE GRADUATED,STATIC,OWRD,STATIC,OWRD,True,eligible,eligible_static_measurement,-6.750666666666632,6.750666666666632,6.750666666667257,6.252776074688882e-13
367031,GWIS:16240,16240,109015,2015-03-15,2015-03-15T11:43:49,348.79,2891.21,3240.0,NGVD1929,REPORTED,STATIC,CONSULTANT,STATIC,CONSULTANT,True,eligible,eligible_static_measurement,-3.4306666666666388,3.4306666666666388,3.4306666666670935,4.547473508864641e-13
367032,GWIS:16240,16240,109015,2015-04-15,2015-04-15T11:43:49,349.26,2890.74,3240.0,NGVD1929,REPORTED,STATIC,CONSULTANT,STATIC,CONSULTANT,True,eligible,eligible_static_measurement,-2.9606666666666683,2.9606666666666683,2.960666666666839,1.7053025658242404e-13
367033,GWIS:16240,16240,109015,2015-05-15,2015-05-15T11:53:49,349.54,2890.46,3240.0,NGVD1929,REPORTED,STATIC,CONSULTANT,STATIC,CONSULTANT,True,eligible,eligible_static_measurement,-2.6806666666666388,2.6806666666666388,2.6806666666670935,4.547473508864641e-13
367034,GWIS:16240,16240,109015,2015-06-15,2015-06-15T12:03:49,349.97,2890.03,3240.0,NGVD1929,REPORTED,STATIC,CONSULTANT,STATIC,CONSULTANT,True,eligible,eligible_static_measurement,-2.250666666666632,2.250666666666632,2.2506666666672572,6.252776074688882e-13
367053,GWIS:16240,16240,109015,2017-01-15,2017-01-15T02:07:21,350.37,2889.63,3240.0,NGVD1929,REPORTED,STATIC,CONSULTANT,STATIC,CONSULTANT,True,eligible,eligible_static_measurement,-1.8506666666666547,1.8506666666666547,1.8506666666671663,5.115907697472721e-13
367054,GWIS:16240,16240,109015,2017-02-15,2017-02-15T02:07:21,353.33,2886.67,3240.0,NGVD1929,REPORTED,STATIC,CONSULTANT,STATIC,CONSULTANT,True,eligible,eligible_static_measurement,1.1093333333333248,-1.1093333333333248,-1.10933333333287,4.547473508864641e-13
367055,GWIS:16240,16240,109015,2017-03-15,2017-03-15T02:07:21,353.84,2886.16,3240.0,NGVD1929,REPORTED,STATIC,CONSULTANT,STATIC,CONSULTANT,True,eligible,eligible_static_measurement,1.6193333333333157,-1.6193333333333157,-1.6193333333330884,2.2737367544323206e-13
340005,GWIS:16240,16240,109015,2017-03-31,2017-03-31T12:00:00,353.44,2886.56,3240.0,NGVD1929,ETAPE,STATIC,CWRE,STATIC,CWRE,True,eligible,eligible_static_measurement,1.2193333333333385,-1.2193333333333385,-1.2193333333329974,3.410605131648481e-13
367056,GWIS:16240,16240,109015,2017-05-15,2017-05-15T05:39:24,350.72,2889.28,3240.0,NGVD1929,REPORTED,STATIC,CONSULTANT,STATIC,CONSULTANT,True,eligible,eligible_static_measurement,-1.500666666666632,1.500666666666632,1.5006666666672572,6.252776074688882e-13
367057,GWIS:16240,16240,109015,2017-06-06,2017-06-06T05:39:24,352.14,2887.86,3240.0,NGVD1929,REPORTED,STATIC,CONSULTANT,STATIC,CONSULTANT,True,eligible,eligible_static_measurement,-0.08066666666667288,0.08066666666667288,0.08066666666718447,5.115907697472721e-13
367047,GWIS:16240,16240,109015,2016-07-15,2016-07-15T01:57:22,351.16,2888.84,3240.0,NGVD1929,REPORTED,STATIC,CONSULTANT,STATIC,CONSULTANT,True,eligible,eligible_static_measurement,-1.0606666666666342,1.0606666666666342,1.0606666666672027,5.684341886080801e-13
367048,GWIS:16240,16240,109015,2016-08-15,2016-08-15T02:07:22,354.95,2885.05,3240.0,NGVD1929,REPORTED,STATIC,CONSULTANT,STATIC,CONSULTANT,True,eligible,eligible_static_measurement,2.7293333333333294,-2.7293333333333294,-2.729333333332761,5.684341886080801e-13
367049,GWIS:16240,16240,109015,2016-09-15,2016-09-15T02:07:22,352.7,2887.3,3240.0,NGVD1929,REPORTED,STATIC,CONSULTANT,STATIC,CONSULTANT,True,eligible,eligible_static_measurement,0.4793333333333294,-0.4793333333333294,-0.47933333333276096,5.684341886080801e-13
367050,GWIS:16240,16240,109015,2016-10-15,2016-10-15T02:07:22,351.19,2888.81,3240.0,NGVD1929,REPORTED,STATIC,CONSULTANT,STATIC,CONSULTANT,True,eligible,eligible_static_measurement,-1.0306666666666615,1.0306666666666615,1.0306666666670026,3.410605131648481e-13
367051,GWIS:16240,16240,109015,2016-11-15,2016-11-15T02:07:22,352.89,2887.11,3240.0,NGVD1929,REPORTED,STATIC,CONSULTANT,STATIC,CONSULTANT,True,eligible,eligible_static_measurement,0.6693333333333271,-0.6693333333333271,-0.6693333333328155,5.115907697472721e-13
367052,GWIS:16240,16240,109015,2016-12-15,2016-12-15T02:07:21,352.54,2887.46,3240.0,NGVD1929,REPORTED,STATIC,CONSULTANT,STATIC,CONSULTANT,True,eligible,eligible_static_measurement,0.3193333333333612,-0.3193333333333612,-0.3193333333329065,4.547473508864641e-13
367041,GWIS:16240,16240,109015,2016-01-15,2016-01-15T02:02:14,350.72,2889.28,3240.0,NGVD1929,REPORTED,STATIC,CONSULTANT,STATIC,CONSULTANT,True,eligible,eligible_static_measurement,-1.500666666666632,1.500666666666632,1.5006666666672572,6.252776074688882e-13
367042,GWIS:16240,16240,109015,2016-02-26,2016-02-26T01:00:24,350.6,2889.4,3240.0,NGVD1929,REPORTED,STATIC,CONSULTANT,STATIC,CONSULTANT,True,eligible,eligible_static_measurement,-1.6206666666666365,1.6206666666666365,1.620666666667148,5.115907697472721e-13
367043,GWIS:16240,16240,109015,2016-03-15,2016-03-15T01:00:24,351.87,2888.13,3240.0,NGVD1929,REPORTED,STATIC,CONSULTANT,STATIC,CONSULTANT,True,eligible,eligible_static_measurement,-0.3506666666666547,0.3506666666666547,0.3506666666671663,5.115907697472721e-13
367044,GWIS:16240,16240,109015,2016-04-15,2016-04-15T02:10:24,350.6,2889.4,3240.0,NGVD1929,REPORTED,STATIC,CONSULTANT,STATIC,CONSULTANT,True,eligible,eligible_static_measurement,-1.6206666666666365,1.6206666666666365,1.620666666667148,5.115907697472721e-13
367045,GWIS:16240,16240,109015,2016-05-15,2016-05-15T02:10:24,353.52,2886.48,3240.0,NGVD1929,REPORTED,STATIC,CONSULTANT,STATIC,CONSULTANT,True,eligible,eligible_static_measurement,1.2993333333333226,-1.2993333333333226,-1.2993333333329247,3.979039320256561e-13
367046,GWIS:16240,16240,109015,2016-06-15,2016-06-15T02:10:24,351.0,2889.0,3240.0,NGVD1929,REPORTED,STATIC,CONSULTANT,STATIC,CONSULTANT,True,eligible,eligible_static_measurement,-1.2206666666666592,1.2206666666666592,1.2206666666670571,3.979039320256561e-13
367035,GWIS:16240,16240,109015,2015-07-15,2015-07-15T12:03:49,353.49,2886.51,3240.0,NGVD1929,REPORTED,STATIC,CONSULTANT,STATIC,CONSULTANT,True,eligible,eligible_static_measurement,1.2693333333333499,-1.2693333333333499,-1.2693333333327246,6.252776074688882e-13
367036,GWIS:16240,16240,109015,2015-08-20,2015-08-20T01:52:14,354.35,2885.65,3240.0,NGVD1929,REPORTED,STATIC,CONSULTANT,STATIC,CONSULTANT,True,eligible,eligible_static_measurement,2.1293333333333635,-2.1293333333333635,-2.129333333332852,5.115907697472721e-13
367037,GWIS:16240,16240,109015,2015-09-15,2015-09-15T01:52:14,354.47,2885.53,3240.0,NGVD1929,REPORTED,STATIC,CONSULTANT,STATIC,CONSULTANT,True,eligible,eligible_static_measurement,2.249333333333368,-2.249333333333368,-2.2493333333327428,6.252776074688882e-13
367038,GWIS:16240,16240,109015,2015-10-15,2015-10-15T01:52:14,352.06,2887.94,3240.0,NGVD1929,REPORTED,STATIC,CONSULTANT,STATIC,CONSULTANT,True,eligible,eligible_static_measurement,-0.16066666666665697,0.16066666666665697,0.1606666666671117,4.547473508864641e-13
367039,GWIS:16240,16240,109015,2015-11-15,2015-11-15T02:02:14,350.56,2889.44,3240.0,NGVD1929,REPORTED,STATIC,CONSULTANT,STATIC,CONSULTANT,True,eligible,eligible_static_measurement,-1.660666666666657,1.660666666666657,1.6606666666671117,4.547473508864641e-13
367040,GWIS:16240,16240,109015,2015-12-15,2015-12-15T02:02:14,351.08,2888.92,3240.0,NGVD1929,REPORTED,STATIC,CONSULTANT,STATIC,CONSULTANT,True,eligible,eligible_static_measurement,-1.1406666666666752,1.1406666666666752,1.14066666666713,4.547473508864641e-13
278243,GWIS:15341,15341,84248,2007-02-06,2007-02-06T12:00:00,358.0,2802.0,3160.0,NGVD1929,REPORTED,UNKNOWN,DRILLER,UNKNOWN,DRILLER,True,unknown_ambiguous,retained_unknown_or_ambiguous_status_or_method,3.2860377358491064,-3.2860377358491064,-3.2860377358483674,2.2737367544323206e-13
189958,GWIS:15341,15341,84248,2008-08-08,2008-08-08T03:49:00,358.48,2801.52,3160.0,NGVD1929,ETAPE,STATIC,OWRD,STATIC,OWRD,True,eligible,eligible_static_measurement,3.7660377358491246,-3.7660377358491246,-3.7660377358483856,2.2737367544323206e-13
189959,GWIS:15341,15341,84248,2008-10-13,2008-10-13T01:04:00,358.98,2801.02,3160.0,NGVD1929,ETAPE,STATIC,OWRD,STATIC,OWRD,True,eligible,eligible_static_measurement,4.266037735849125,-4.266037735849125,-4.266037735848386,2.2737367544323206e-13
189960,GWIS:15341,15341,84248,2008-12-04,2008-12-04T02:19:00,358.61,2801.39,3160.0,NGVD1929,ETAPE,STATIC,OWRD,STATIC,OWRD,True,eligible,eligible_static_measurement,3.89603773584912,-3.89603773584912,-3.8960377358484948,3.410605131648481e-13
189961,GWIS:15341,15341,84248,2009-02-19,2009-02-19T11:55:00,358.4,2801.6,3160.0,NGVD1929,ETAPE,STATIC,OWRD,STATIC,OWRD,True,eligible,eligible_static_measurement,3.6860377358490837,-3.6860377358490837,-3.6860377358484584,3.410605131648481e-13
189962,GWIS:15341,15341,84248,2009-05-14,2009-05-14T02:01:00,357.84,2802.16,3160.0,NGVD1929,ETAPE,STATIC,OWRD,STATIC,OWRD,True,eligible,eligible_static_measurement,3.1260377358490814,-3.1260377358490814,-3.126037735848513,3.979039320256561e-13
425979,GWIS:15341,15341,84248,2022-09-30,2022-09-30T09:05:00,354.38,2805.62,3160.0,NGVD1929,REPORTED,UNKNOWN,CONSULTANT,UNKNOWN,CONSULTANT,True,unknown_ambiguous,retained_unknown_or_ambiguous_status_or_method,-0.33396226415089814,0.33396226415089814,0.3339622641515234,3.410605131648481e-13
441102,GWIS:15341,15341,84248,2022-12-21,2022-12-21T12:00:00,352.95,2807.05,3160.0,NGVD1929,ETAPE,STATIC,CONSULTANT,STATIC,CONSULTANT,True,eligible,eligible_static_measurement,-1.763962264150905,1.763962264150905,1.7639622641518145,5.684341886080802e-14
441103,GWIS:15341,15341,84248,2023-03-21,2023-03-21T12:00:00,352.77,2807.23,3160.0,NGVD1929,ETAPE,STATIC,CONSULTANT,STATIC,CONSULTANT,True,eligible,eligible_static_measurement,-1.9439622641509118,1.9439622641509118,1.9439622641516507,2.2737367544323206e-13
441104,GWIS:15341,15341,84248,2023-06-21,2023-06-21T12:00:00,355.16,2804.84,3160.0,NGVD1929,ETAPE,STATIC,CONSULTANT,STATIC,CONSULTANT,True,eligible,eligible_static_measurement,0.4460377358491314,-0.4460377358491314,-0.44603773584822193,5.684341886080802e-14
441105,GWIS:15341,15341,84248,2023-10-05,2023-10-05T12:00:00,352.63,2807.37,3160.0,NGVD1929,ETAPE,STATIC,CONSULTANT,STATIC,CONSULTANT,True,eligible,eligible_static_measurement,-2.083962264150898,2.083962264150898,2.0839622641515234,3.410605131648481e-13
425973,GWIS:15341,15341,84248,2022-04-15,2022-04-15T01:05:00,353.77,2806.23,3160.0,NGVD1929,REPORTED,UNKNOWN,CONSULTANT,UNKNOWN,CONSULTANT,True,unknown_ambiguous,retained_unknown_or_ambiguous_status_or_method,-0.9439622641509118,0.9439622641509118,0.9439622641516507,2.2737367544323206e-13
425974,GWIS:15341,15341,84248,2022-05-01,2022-05-01T01:05:00,353.86,2806.14,3160.0,NGVD1929,REPORTED,UNKNOWN,CONSULTANT,UNKNOWN,CONSULTANT,True,unknown_ambiguous,retained_unknown_or_ambiguous_status_or_method,-0.85396226415088,0.85396226415088,0.8539622641515052,3.410605131648481e-13
425975,GWIS:15341,15341,84248,2022-06-01,2022-06-01T12:05:00,354.02,2805.98,3160.0,NGVD1929,REPORTED,UNKNOWN,CONSULTANT,UNKNOWN,CONSULTANT,True,unknown_ambiguous,retained_unknown_or_ambiguous_status_or_method,-0.6939622641509118,0.6939622641509118,0.6939622641516507,2.2737367544323206e-13
425976,GWIS:15341,15341,84248,2022-07-01,2022-07-01T12:05:00,353.95,2806.05,3160.0,NGVD1929,REPORTED,UNKNOWN,CONSULTANT,UNKNOWN,CONSULTANT,True,unknown_ambiguous,retained_unknown_or_ambiguous_status_or_method,-0.763962264150905,0.763962264150905,0.7639622641518145,5.684341886080802e-14
425977,GWIS:15341,15341,84248,2022-08-01,2022-08-01T12:05:00,354.13,2805.87,3160.0,NGVD1929,REPORTED,UNKNOWN,CONSULTANT,UNKNOWN,CONSULTANT,True,unknown_ambiguous,retained_unknown_or_ambiguous_status_or_method,-0.5839622641508981,0.5839622641508981,0.5839622641515234,3.410605131648481e-13
425978,GWIS:15341,15341,84248,2022-09-01,2022-09-01T12:05:00,354.28,2805.72,3160.0,NGVD1929,REPORTED,UNKNOWN,CONSULTANT,UNKNOWN,CONSULTANT,True,unknown_ambiguous,retained_unknown_or_ambiguous_status_or_method,-0.4339622641509209,0.4339622641509209,0.43396226415143246,4.547473508864641e-13
425967,GWIS:15341,15341,84248,2021-11-01,2021-11-01T12:05:00,353.7,2806.3,3160.0,NGVD1929,REPORTED,UNKNOWN,CONSULTANT,UNKNOWN,CONSULTANT,True,unknown_ambiguous,retained_unknown_or_ambiguous_status_or_method,-1.013962264150905,1.013962264150905,1.0139622641518145,5.684341886080802e-14
425968,GWIS:15341,15341,84248,2021-12-01,2021-12-01T02:05:00,353.86,2806.14,3160.0,NGVD1929,REPORTED,UNKNOWN,CONSULTANT,UNKNOWN,CONSULTANT,True,unknown_ambiguous,retained_unknown_or_ambiguous_status_or_method,-0.85396226415088,0.85396226415088,0.8539622641515052,3.410605131648481e-13
425969,GWIS:15341,15341,84248,2022-01-01,2022-01-01T02:05:00,354.02,2805.98,3160.0,NGVD1929,REPORTED,UNKNOWN,CONSULTANT,UNKNOWN,CONSULTANT,True,unknown_ambiguous,retained_unknown_or_ambiguous_status_or_method,-0.6939622641509118,0.6939622641509118,0.6939622641516507,2.2737367544323206e-13
425970,GWIS:15341,15341,84248,2022-02-01,2022-02-01T02:05:00,353.81,2806.19,3160.0,NGVD1929,REPORTED,UNKNOWN,CONSULTANT,UNKNOWN,CONSULTANT,True,unknown_ambiguous,retained_unknown_or_ambiguous_status_or_method,-0.9039622641508913,0.9039622641508913,0.9039622641516871,1.7053025658242404e-13
425971,GWIS:15341,15341,84248,2022-03-01,2022-03-01T02:05:00,353.65,2806.35,3160.0,NGVD1929,REPORTED,UNKNOWN,CONSULTANT,UNKNOWN,CONSULTANT,True,unknown_ambiguous,retained_unknown_or_ambiguous_status_or_method,-1.0639622641509163,1.0639622641509163,1.0639622641515416,3.410605131648481e-13
425972,GWIS:15341,15341,84248,2022-03-31,2022-03-31T09:05:00,353.92,2806.08,3160.0,NGVD1929,REPORTED,UNKNOWN,CONSULTANT,UNKNOWN,CONSULTANT,True,unknown_ambiguous,retained_unknown_or_ambiguous_status_or_method,-0.7939622641508777,0.7939622641508777,0.7939622641515598,2.8421709430404007e-13
422360,GWIS:15341,15341,84248,2021-05-01,2021-05-01T02:05:47,353.02,2806.98,3160.0,NGVD1929,REPORTED,STATIC,CONSULTANT,STATIC,CONSULTANT,True,eligible,eligible_static_measurement,-1.6939622641509118,1.6939622641509118,1.6939622641516507,2.2737367544323206e-13
422361,GWIS:15341,15341,84248,2021-06-01,2021-06-01T02:05:47,353.23,2806.77,3160.0,NGVD1929,REPORTED,STATIC,CONSULTANT,STATIC,CONSULTANT,True,eligible,eligible_static_measurement,-1.4839622641508754,1.4839622641508754,1.4839622641516144,2.2737367544323206e-13
422362,GWIS:15341,15341,84248,2021-07-01,2021-07-01T02:05:47,353.14,2806.86,3160.0,NGVD1929,REPORTED,STATIC,CONSULTANT,STATIC,CONSULTANT,True,eligible,eligible_static_measurement,-1.5739622641509072,1.5739622641509072,1.5739622641517599,1.1368683772161603e-13
422363,GWIS:15341,15341,84248,2021-07-29,2021-07-29T11:05:47,353.38,2806.62,3160.0,NGVD1929,REPORTED,STATIC,CONSULTANT,STATIC,CONSULTANT,True,eligible,eligible_static_measurement,-1.3339622641508981,1.3339622641508981,1.3339622641515234,3.410605131648481e-13
425965,GWIS:15341,15341,84248,2021-09-28,2021-09-28T12:05:00,353.52,2806.48,3160.0,NGVD1929,REPORTED,UNKNOWN,CONSULTANT,UNKNOWN,CONSULTANT,True,unknown_ambiguous,retained_unknown_or_ambiguous_status_or_method,-1.1939622641509118,1.1939622641509118,1.1939622641516507,2.2737367544323206e-13
425966,GWIS:15341,15341,84248,2021-10-01,2021-10-01T12:05:00,353.74,2806.26,3160.0,NGVD1929,REPORTED,UNKNOWN,CONSULTANT,UNKNOWN,CONSULTANT,True,unknown_ambiguous,retained_unknown_or_ambiguous_status_or_method,-0.9739622641508845,0.9739622641508845,0.9739622641518508,0.0
422354,GWIS:15341,15341,84248,2020-11-01,2020-11-01T02:05:47,353.31,2806.69,3160.0,NGVD1929,REPORTED,STATIC,CONSULTANT,STATIC,CONSULTANT,True,eligible,eligible_static_measurement,-1.4039622641508913,1.4039622641508913,1.4039622641516871,1.7053025658242404e-13
422355,GWIS:15341,15341,84248,2020-12-01,2020-12-01T01:05:47,353.41,2806.59,3160.0,NGVD1929,REPORTED,STATIC,CONSULTANT,STATIC,CONSULTANT,True,eligible,eligible_static_measurement,-1.3039622641508686,1.3039622641508686,1.303962264151778,5.684341886080802e-14
422356,GWIS:15341,15341,84248,2021-01-01,2021-01-01T01:05:47,353.09,2806.91,3160.0,NGVD1929,REPORTED,STATIC,CONSULTANT,STATIC,CONSULTANT,True,eligible,eligible_static_measurement,-1.6239622641509186,1.6239622641509186,1.623962264151487,3.979039320256561e-13
422357,GWIS:15341,15341,84248,2021-02-01,2021-02-01T01:05:47,353.04,2806.96,3160.0,NGVD1929,REPORTED,STATIC,CONSULTANT,STATIC,CONSULTANT,True,eligible,eligible_static_measurement,-1.6739622641508731,1.6739622641508731,1.673962264151669,1.7053025658242404e-13
422358,GWIS:15341,15341,84248,2021-03-01,2021-03-01T01:05:47,353.06,2806.94,3160.0,NGVD1929,REPORTED,STATIC,CONSULTANT,STATIC,CONSULTANT,True,eligible,eligible_static_measurement,-1.6539622641508913,1.6539622641508913,1.6539622641516871,1.7053025658242404e-13
422359,GWIS:15341,15341,84248,2021-04-01,2021-04-01T02:05:47,352.97,2807.03,3160.0,NGVD1929,REPORTED,STATIC,CONSULTANT,STATIC,CONSULTANT,True,eligible,eligible_static_measurement,-1.7439622641508663,1.7439622641508663,1.7439622641518326,0.0
393685,GWIS:15341,15341,84248,2020-02-23,2020-02-23T12:48:00,353.43,2806.57,3160.0,NGVD1929,REPORTED,STATIC,CONSULTANT,STATIC,CONSULTANT,True,eligible,eligible_static_measurement,-1.2839622641508868,1.2839622641508868,1.2839622641517963,5.684341886080802e-14
393686,GWIS:15341,15341,84248,2020-03-24,2020-03-24T01:48:00,353.16,2806.84,3160.0,NGVD1929,REPORTED,STATIC,CONSULTANT,STATIC,CONSULTANT,True,eligible,eligible_static_measurement,-1.5539622641508686,1.5539622641508686,1.553962264151778,5.684341886080802e-14
393687,GWIS:15341,15341,84248,2020-04-11,2020-04-11T01:48:00,353.21,2806.79,3160.0,NGVD1929,REPORTED,STATIC,CONSULTANT,STATIC,CONSULTANT,True,eligible,eligible_static_measurement,-1.503962264150914,1.503962264150914,1.5039622641515962,2.8421709430404007e-13
393688,GWIS:15341,15341,84248,2020-05-11,2020-05-11T01:48:00,352.88,2807.12,3160.0,NGVD1929,REPORTED,STATIC,CONSULTANT,STATIC,CONSULTANT,True,eligible,eligible_static_measurement,-1.8339622641508981,1.8339622641508981,1.8339622641515234,3.410605131648481e-13
422352,GWIS:15341,15341,84248,2020-09-15,2020-09-15T12:03:39,353.28,2806.72,3160.0,NGVD1929,REPORTED,STATIC,CONSULTANT,STATIC,CONSULTANT,True,eligible,eligible_static_measurement,-1.4339622641509209,1.4339622641509209,1.4339622641514325,4.547473508864641e-13
422353,GWIS:15341,15341,84248,2020-10-01,2020-10-01T02:05:47,353.4,2806.6,3160.0,NGVD1929,REPORTED,STATIC,CONSULTANT,STATIC,CONSULTANT,True,eligible,eligible_static_measurement,-1.3139622641509163,1.3139622641509163,1.3139622641515416,3.410605131648481e-13
393679,GWIS:15341,15341,84248,2019-06-01,2019-06-01T05:43:00,353.35,2806.65,3160.0,NGVD1929,REPORTED,STATIC,CONSULTANT,STATIC,CONSULTANT,True,eligible,eligible_static_measurement,-1.3639622641508709,1.3639622641508709,1.3639622641517235,1.1368683772161603e-13
393680,GWIS:15341,15341,84248,2019-07-01,2019-07-01T05:43:00,353.35,2806.65,3160.0,NGVD1929,REPORTED,STATIC,CONSULTANT,STATIC,CONSULTANT,True,eligible,eligible_static_measurement,-1.3639622641508709,1.3639622641508709,1.3639622641517235,1.1368683772161603e-13
393681,GWIS:15341,15341,84248,2019-08-01,2019-08-01T05:43:00,353.2,2806.8,3160.0,NGVD1929,REPORTED,STATIC,CONSULTANT,STATIC,CONSULTANT,True,eligible,eligible_static_measurement,-1.513962264150905,1.513962264150905,1.5139622641518145,5.684341886080802e-14
393682,GWIS:15341,15341,84248,2019-10-01,2019-10-01T03:46:00,353.35,2806.65,3160.0,NGVD1929,REPORTED,STATIC,CONSULTANT,STATIC,CONSULTANT,True,eligible,eligible_static_measurement,-1.3639622641508709,1.3639622641508709,1.3639622641517235,1.1368683772161603e-13
393683,GWIS:15341,15341,84248,2019-11-01,2019-11-01T03:46:00,353.51,2806.49,3160.0,NGVD1929,REPORTED,STATIC,CONSULTANT,STATIC,CONSULTANT,True,eligible,eligible_static_measurement,-1.2039622641509027,1.2039622641509027,1.2039622641514143,4.547473508864641e-13
393684,GWIS:15341,15341,84248,2019-12-01,2019-12-01T03:46:00,352.89,2807.11,3160.0,NGVD1929,REPORTED,STATIC,CONSULTANT,STATIC,CONSULTANT,True,eligible,eligible_static_measurement,-1.8239622641509072,1.8239622641509072,1.8239622641517599,1.1368683772161603e-13
367004,GWIS:15341,15341,84248,2018-04-15,2018-04-15T03:52:09,352.95,2807.05,3160.0,NGVD1929,REPORTED,STATIC,CONSULTANT,STATIC,CONSULTANT,True,eligible,eligible_static_measurement,-1.763962264150905,1.763962264150905,1.7639622641518145,5.684341886080802e-14
367005,GWIS:15341,15341,84248,2018-05-15,2018-05-15T03:52:09,353.19,2806.81,3160.0,NGVD1929,REPORTED,STATIC,CONSULTANT,STATIC,CONSULTANT,True,eligible,eligible_static_measurement,-1.5239622641508959,1.5239622641508959,1.523962264151578,2.8421709430404007e-13
393675,GWIS:15341,15341,84248,2019-02-01,2019-02-01T04:16:00,352.74,2807.26,3160.0,NGVD1929,REPORTED,STATIC,CONSULTANT,STATIC,CONSULTANT,True,eligible,eligible_static_measurement,-1.9739622641508845,1.9739622641508845,1.9739622641518508,0.0
393676,GWIS:15341,15341,84248,2019-03-15,2019-03-15T05:43:00,353.2,2806.8,3160.0,NGVD1929,REPORTED,STATIC,CONSULTANT,STATIC,CONSULTANT,True,eligible,eligible_static_measurement,-1.513962264150905,1.513962264150905,1.5139622641518145,5.684341886080802e-14
393677,GWIS:15341,15341,84248,2019-04-01,2019-04-01T05:43:00,353.2,2806.8,3160.0,NGVD1929,REPORTED,STATIC,CONSULTANT,STATIC,CONSULTANT,True,eligible,eligible_static_measurement,-1.513962264150905,1.513962264150905,1.5139622641518145,5.684341886080802e-14
393678,GWIS:15341,15341,84248,2019-05-01,2019-05-01T05:43:00,353.05,2806.95,3160.0,NGVD1929,REPORTED,STATIC,CONSULTANT,STATIC,CONSULTANT,True,eligible,eligible_static_measurement,-1.6639622641508822,1.6639622641508822,1.6639622641514507,3.979039320256561e-13
366998,GWIS:15341,15341,84248,2017-09-15,2017-09-15T02:55:27,354.14,2805.86,3160.0,NGVD1929,REPORTED,STATIC,CONSULTANT,STATIC,CONSULTANT,True,eligible,eligible_static_measurement,-0.5739622641509072,0.5739622641509072,0.5739622641517599,1.1368683772161603e-13
366999,GWIS:15341,15341,84248,2017-10-15,2017-10-15T02:55:27,354.42,2805.58,3160.0,NGVD1929,REPORTED,STATIC,CONSULTANT,STATIC,CONSULTANT,True,eligible,eligible_static_measurement,-0.2939622641508777,0.2939622641508777,0.2939622641515598,2.8421709430404007e-13
367000,GWIS:15341,15341,84248,2017-11-15,2017-11-15T02:55:27,353.82,2806.18,3160.0,NGVD1929,REPORTED,STATIC,CONSULTANT,STATIC,CONSULTANT,True,eligible,eligible_static_measurement,-0.8939622641509004,0.8939622641509004,0.8939622641514688,3.979039320256561e-13
367001,GWIS:15341,15341,84248,2017-12-15,2017-12-15T02:55:27,353.7,2806.3,3160.0,NGVD1929,REPORTED,STATIC,CONSULTANT,STATIC,CONSULTANT,True,eligible,eligible_static_measurement,-1.013962264150905,1.013962264150905,1.0139622641518145,5.684341886080802e-14
367002,GWIS:15341,15341,84248,2018-01-15,2018-01-15T03:05:27,353.78,2806.22,3160.0,NGVD1929,REPORTED,STATIC,CONSULTANT,STATIC,CONSULTANT,True,eligible,eligible_static_measurement,-0.9339622641509209,0.9339622641509209,0.9339622641514325,4.547473508864641e-13
367003,GWIS:15341,15341,84248,2018-02-15,2018-02-15T03:05:27,353.58,2806.42,3160.0,NGVD1929,REPORTED,STATIC,CONSULTANT,STATIC,CONSULTANT,True,eligible,eligible_static_measurement,-1.1339622641509095,1.1339622641509095,1.1339622641517053,1.7053025658242404e-13
366992,GWIS:15341,15341,84248,2016-12-15,2016-12-15T11:05:34,354.26,2805.74,3160.0,NGVD1929,REPORTED,STATIC,CONSULTANT,STATIC,CONSULTANT,True,eligible,eligible_static_measurement,-0.4539622641509027,0.4539622641509027,0.4539622641514143,4.547473508864641e-13
366993,GWIS:15341,15341,84248,2017-01-15,2017-01-15T11:05:34,354.77,2805.23,3160.0,NGVD1929,REPORTED,STATIC,CONSULTANT,STATIC,CONSULTANT,True,eligible,eligible_static_measurement,0.05603773584908822,-0.05603773584908822,-0.05603773584834926,2.2737367544323206e-13
366994,GWIS:15341,15341,84248,2017-05-15,2017-05-15T03:05:47,354.02,2805.98,3160.0,NGVD1929,REPORTED,STATIC,CONSULTANT,STATIC,CONSULTANT,True,eligible,eligible_static_measurement,-0.6939622641509118,0.6939622641509118,0.6939622641516507,2.2737367544323206e-13
366995,GWIS:15341,15341,84248,2017-06-15,2017-06-15T03:05:47,354.18,2805.82,3160.0,NGVD1929,REPORTED,STATIC,CONSULTANT,STATIC,CONSULTANT,True,eligible,eligible_static_measurement,-0.5339622641508868,0.5339622641508868,0.5339622641517963,5.684341886080802e-14
366996,GWIS:15341,15341,84248,2017-07-15,2017-07-15T03:05:47,354.22,2805.78,3160.0,NGVD1929,REPORTED,STATIC,CONSULTANT,STATIC,CONSULTANT,True,eligible,eligible_static_measurement,-0.4939622641508663,0.4939622641508663,0.49396226415183264,0.0
366997,GWIS:15341,15341,84248,2017-08-15,2017-08-15T03:05:47,354.02,2805.98,3160.0,NGVD1929,REPORTED,STATIC,CONSULTANT,STATIC,CONSULTANT,True,eligible,eligible_static_measurement,-0.6939622641509118,0.6939622641509118,0.6939622641516507,2.2737367544323206e-13
366986,GWIS:15341,15341,84248,2016-06-15,2016-06-15T11:11:11,354.81,2805.19,3160.0,NGVD1929,REPORTED,STATIC,CONSULTANT,STATIC,CONSULTANT,True,eligible,eligible_static_measurement,0.09603773584910869,-0.09603773584910869,-0.09603773584831288,1.7053025658242404e-13
366987,GWIS:15341,15341,84248,2016-07-15,2016-07-15T11:11:11,354.89,2805.11,3160.0,NGVD1929,REPORTED,STATIC,CONSULTANT,STATIC,CONSULTANT,True,eligible,eligible_static_measurement,0.17603773584909277,-0.17603773584909277,-0.17603773584824012,1.1368683772161603e-13
366988,GWIS:15341,15341,84248,2016-08-15,2016-08-15T11:11:11,354.97,2805.03,3160.0,NGVD1929,REPORTED,STATIC,CONSULTANT,STATIC,CONSULTANT,True,eligible,eligible_static_measurement,0.2560377358491337,-0.2560377358491337,-0.25603773584816736,0.0
366989,GWIS:15341,15341,84248,2016-09-15,2016-09-15T11:11:11,354.93,2805.07,3160.0,NGVD1929,REPORTED,STATIC,CONSULTANT,STATIC,CONSULTANT,True,eligible,eligible_static_measurement,0.21603773584911323,-0.21603773584911323,-0.21603773584820374,5.684341886080802e-14
366990,GWIS:15341,15341,84248,2016-10-15,2016-10-15T11:05:34,354.38,2805.62,3160.0,NGVD1929,REPORTED,STATIC,CONSULTANT,STATIC,CONSULTANT,True,eligible,eligible_static_measurement,-0.33396226415089814,0.33396226415089814,0.3339622641515234,3.410605131648481e-13
366991,GWIS:15341,15341,84248,2016-11-15,2016-11-15T11:05:34,354.62,2805.38,3160.0,NGVD1929,REPORTED,STATIC,CONSULTANT,STATIC,CONSULTANT,True,eligible,eligible_static_measurement,-0.09396226415088904,0.09396226415088904,0.09396226415174169,1.1368683772161603e-13
366980,GWIS:15341,15341,84248,2015-12-15,2015-12-15T11:37:46,355.61,2804.39,3160.0,NGVD1929,REPORTED,STATIC,CONSULTANT,STATIC,CONSULTANT,True,eligible,eligible_static_measurement,0.89603773584912,-0.89603773584912,-0.8960377358484948,3.410605131648481e-13
366981,GWIS:15341,15341,84248,2016-01-15,2016-01-15T11:29:30,355.17,2804.83,3160.0,NGVD1929,REPORTED,STATIC,CONSULTANT,STATIC,CONSULTANT,True,eligible,eligible_static_measurement,0.4560377358491223,-0.4560377358491223,-0.4560377358484402,2.8421709430404007e-13
366982,GWIS:15341,15341,84248,2016-02-15,2016-02-15T11:29:30,355.01,2804.99,3160.0,NGVD1929,REPORTED,STATIC,CONSULTANT,STATIC,CONSULTANT,True,eligible,eligible_static_measurement,0.2960377358490973,-0.2960377358490973,-0.2960377358485857,4.547473508864641e-13
366983,GWIS:15341,15341,84248,2016-03-15,2016-03-15T11:29:30,355.37,2804.63,3160.0,NGVD1929,REPORTED,STATIC,CONSULTANT,STATIC,CONSULTANT,True,eligible,eligible_static_measurement,0.656037735849111,-0.656037735849111,-0.6560377358482583,1.1368683772161603e-13
366984,GWIS:15341,15341,84248,2016-04-15,2016-04-15T11:11:11,355.29,2804.71,3160.0,NGVD1929,REPORTED,STATIC,CONSULTANT,STATIC,CONSULTANT,True,eligible,eligible_static_measurement,0.5760377358491269,-0.5760377358491269,-0.5760377358483311,1.7053025658242404e-13
366985,GWIS:15341,15341,84248,2016-05-15,2016-05-15T11:11:11,355.01,2804.99,3160.0,NGVD1929,REPORTED,STATIC,CONSULTANT,STATIC,CONSULTANT,True,eligible,eligible_static_measurement,0.2960377358490973,-0.2960377358490973,-0.2960377358485857,4.547473508864641e-13
366974,GWIS:15341,15341,84248,2015-02-15,2015-02-15T10:38:49,354.79,2805.21,3160.0,NGVD1929,REPORTED,STATIC,CONSULTANT,STATIC,CONSULTANT,True,eligible,eligible_static_measurement,0.07603773584912688,-0.07603773584912688,-0.07603773584833107,1.7053025658242404e-13
366975,GWIS:15341,15341,84248,2015-03-15,2015-03-15T10:38:49,354.79,2805.21,3160.0,NGVD1929,REPORTED,STATIC,CONSULTANT,STATIC,CONSULTANT,True,eligible,eligible_static_measurement,0.07603773584912688,-0.07603773584912688,-0.07603773584833107,1.7053025658242404e-13
366976,GWIS:15341,15341,84248,2015-04-15,2015-04-15T10:38:49,354.87,2805.13,3160.0,NGVD1929,REPORTED,STATIC,CONSULTANT,STATIC,CONSULTANT,True,eligible,eligible_static_measurement,0.15603773584911096,-0.15603773584911096,-0.1560377358482583,1.1368683772161603e-13
366977,GWIS:15341,15341,84248,2015-09-15,2015-09-15T11:37:46,355.65,2804.35,3160.0,NGVD1929,REPORTED,STATIC,CONSULTANT,STATIC,CONSULTANT,True,eligible,eligible_static_measurement,0.9360377358490837,-0.9360377358490837,-0.9360377358484584,3.410605131648481e-13
366978,GWIS:15341,15341,84248,2015-10-15,2015-10-15T11:37:46,355.65,2804.35,3160.0,NGVD1929,REPORTED,STATIC,CONSULTANT,STATIC,CONSULTANT,True,eligible,eligible_static_measurement,0.9360377358490837,-0.9360377358490837,-0.9360377358484584,3.410605131648481e-13
366979,GWIS:15341,15341,84248,2015-11-15,2015-11-15T11:37:46,355.37,2804.63,3160.0,NGVD1929,REPORTED,STATIC,CONSULTANT,STATIC,CONSULTANT,True,eligible,eligible_static_measurement,0.656037735849111,-0.656037735849111,-0.6560377358482583,1.1368683772161603e-13
254241,GWIS:15341,15341,84248,2014-09-09,2014-09-09T02:22:00,355.91,2804.09,3160.0,NGVD1929,ETAPE,STATIC,OWRD,STATIC,OWRD,True,eligible,eligible_static_measurement,1.1960377358491314,-1.1960377358491314,-1.196037735848222,5.684341886080802e-14
366970,GWIS:15341,15341,84248,2014-10-15,2014-10-15T10:46:30,355.3,2804.7,3160.0,NGVD1929,REPORTED,STATIC,CONSULTANT,STATIC,CONSULTANT,True,eligible,eligible_static_measurement,0.5860377358491178,-0.5860377358491178,-0.5860377358485493,3.979039320256561e-13
366971,GWIS:15341,15341,84248,2014-11-15,2014-11-15T10:46:30,355.86,2804.14,3160.0,NGVD1929,REPORTED,STATIC,CONSULTANT,STATIC,CONSULTANT,True,eligible,eligible_static_measurement,1.14603773584912,-1.14603773584912,-1.1460377358484948,3.410605131648481e-13
254242,GWIS:15341,15341,84248,2014-12-09,2014-12-09T12:00:00,,,3160.0,NGVD1929,NOT MEASURED,STATIC,OWRD,STATIC,OWRD,False,excluded,excluded_not_measured,,,,
366972,GWIS:15341,15341,84248,2014-12-15,2014-12-15T10:38:49,354.98,2805.02,3160.0,NGVD1929,REPORTED,STATIC,CONSULTANT,STATIC,CONSULTANT,True,eligible,eligible_static_measurement,0.2660377358491246,-0.2660377358491246,-0.26603773584838564,2.2737367544323206e-13
366973,GWIS:15341,15341,84248,2015-01-15,2015-01-15T10:38:49,354.75,2805.25,3160.0,NGVD1929,REPORTED,STATIC,CONSULTANT,STATIC,CONSULTANT,True,eligible,eligible_static_measurement,0.03603773584910641,-0.03603773584910641,-0.03603773584836745,2.2737367544323206e-13
222461,GWIS:15341,15341,84248,2013-03-07,2013-03-07T03:35:00,356.16,2803.84,3160.0,NGVD1929,ETAPE,STATIC,OWRD,STATIC,OWRD,True,eligible,eligible_static_measurement,1.4460377358491314,-1.4460377358491314,-1.446037735848222,5.684341886080802e-14
222462,GWIS:15341,15341,84248,2013-06-18,2013-06-18T02:08:00,356.13,2803.87,3160.0,NGVD1929,ETAPE,STATIC,OWRD,STATIC,OWRD,True,eligible,eligible_static_measurement,1.4160377358491019,-1.4160377358491019,-1.4160377358484766,3.410605131648481e-13
230779,GWIS:15341,15341,84248,2013-10-03,2013-10-03T01:32:00,356.84,2803.16,3160.0,NGVD1929,ETAPE,STATIC,OWRD,STATIC,OWRD,True,eligible,eligible_static_measurement,2.1260377358490814,-2.1260377358490814,-2.126037735848513,3.979039320256561e-13
230780,GWIS:15341,15341,84248,2014-01-15,2014-01-15T03:02:00,356.53,2803.47,3160.0,NGVD1929,ETAPE,STATIC,OWRD,STATIC,OWRD,True,eligible,eligible_static_measurement,1.8160377358490791,-1.8160377358490791,-1.8160377358485675,4.547473508864641e-13
232929,GWIS:15341,15341,84248,2014-04-10,2014-04-10T03:49:00,356.12,2803.88,3160.0,NGVD1929,ETAPE,STATIC,OWRD,STATIC,OWRD,True,eligible,eligible_static_measurement,1.406037735849111,-1.406037735849111,-1.4060377358482583,1.1368683772161603e-13
233233,GWIS:15341,15341,84248,2014-05-07,2014-05-07T03:17:00,355.95,2804.05,3160.0,NGVD1929,ETAPE,STATIC,OWRD,STATIC,OWRD,True,eligible,eligible_static_measurement,1.236037735849095,-1.236037735849095,-1.2360377358481855,5.684341886080802e-14
219136,GWIS:15341,15341,84248,2011-09-09,2011-09-09T01:02:00,356.7,2803.3,3160.0,NGVD1929,ETAPE,STATIC,OWRD,STATIC,OWRD,True,eligible,eligible_static_measurement,1.986037735849095,-1.986037735849095,-1.9860377358481855,5.684341886080802e-14
219137,GWIS:15341,15341,84248,2011-11-29,2011-11-29T12:56:00,356.58,2803.42,3160.0,NGVD1929,ETAPE,STATIC,OWRD,STATIC,OWRD,True,eligible,eligible_static_measurement,1.8660377358490905,-1.8660377358490905,-1.8660377358482947,1.7053025658242404e-13
219138,GWIS:15341,15341,84248,2012-04-24,2012-04-24T01:06:00,356.43,2803.57,3160.0,NGVD1929,ETAPE,STATIC,OWRD,STATIC,OWRD,True,eligible,eligible_static_measurement,1.7160377358491132,-1.7160377358491132,-1.7160377358482037,5.684341886080802e-14
219139,GWIS:15341,15341,84248,2012-06-19,2012-06-19T12:57:00,356.52,2803.48,3160.0,NGVD1929,ETAPE,STATIC,OWRD,STATIC,OWRD,True,eligible,eligible_static_measurement,1.8060377358490882,-1.8060377358490882,-1.8060377358483493,2.2737367544323206e-13
219140,GWIS:15341,15341,84248,2012-08-01,2012-08-01T02:04:00,356.62,2803.38,3160.0,NGVD1929,ETAPE,STATIC,OWRD,STATIC,OWRD,True,eligible,eligible_static_measurement,1.906037735849111,-1.906037735849111,-1.9060377358482583,1.1368683772161603e-13
219141,GWIS:15341,15341,84248,2012-10-11,2012-10-11T01:05:00,356.48,2803.52,3160.0,NGVD1929,ETAPE,STATIC,OWRD,STATIC,OWRD,True,eligible,eligible_static_measurement,1.7660377358491246,-1.7660377358491246,-1.7660377358483856,2.2737367544323206e-13
189963,GWIS:15341,15341,84248,2009-07-14,2009-07-14T02:57:00,357.89,2802.11,3160.0,NGVD1929,ETAPE,STATIC,OWRD,STATIC,OWRD,True,eligible,eligible_static_measurement,3.1760377358490928,-3.1760377358490928,-3.17603773584824,1.1368683772161603e-13
189964,GWIS:15341,15341,84248,2009-10-06,2009-10-06T12:29:00,357.92,2802.08,3160.0,NGVD1929,ETAPE,STATIC,OWRD,STATIC,OWRD,True,eligible,eligible_static_measurement,3.2060377358491223,-3.2060377358491223,-3.20603773584844,2.8421709430404007e-13
189965,GWIS:15341,15341,84248,2010-02-19,2010-02-19T12:45:00,357.27,2802.73,3160.0,NGVD1929,ETAPE,STATIC,OWRD,STATIC,OWRD,True,eligible,eligible_static_measurement,2.556037735849088,-2.556037735849088,-2.5560377358483493,2.2737367544323206e-13
189966,GWIS:15341,15341,84248,2010-06-15,2010-06-15T03:11:00,357.09,2802.91,3160.0,NGVD1929,ETAPE,STATIC,OWRD,STATIC,OWRD,True,eligible,eligible_static_measurement,2.3760377358490814,-2.3760377358490814,-2.376037735848513,3.979039320256561e-13
189967,GWIS:15341,15341,84248,2010-09-03,2010-09-03T12:43:00,357.21,2802.79,3160.0,NGVD1929,ETAPE,STATIC,OWRD,STATIC,OWRD,True,eligible,eligible_static_measurement,2.496037735849086,-2.496037735849086,-2.496037735848404,2.8421709430404007e-13
189968,GWIS:15341,15341,84248,2011-03-31,2011-03-31T01:48:00,356.93,2803.07,3160.0,NGVD1929,ETAPE,STATIC,OWRD,STATIC,OWRD,True,eligible,eligible_static_measurement,2.2160377358491132,-2.2160377358491132,-2.2160377358482037,5.684341886080802e-14
156717,GWIS:11935,11935,,1993-03-10,1993-03-10T12:00:00,448.0,2842.0,3290.0,NGVD1929,REPORTED,UNKNOWN,DRILLER,UNKNOWN,DRILLER,True,unknown_ambiguous,retained_unknown_or_ambiguous_status_or_method,-9.218671328671348,9.218671328671348,9.218671328671007,1.1368683772161603e-13
156718,GWIS:11935,11935,,1994-01-26,1994-01-26T12:00:00,447.2,2842.8,3290.0,NGVD1929,ETAPE,STATIC,USGS,STATIC,USGS,True,eligible,eligible_static_measurement,-10.01867132867136,10.01867132867136,10.01867132867119,2.8421709430404007e-13
204801,GWIS:11935,11935,,2006-09-13,2006-09-13T02:46:00,456.86,2833.14,3290.0,NGVD1929,ETAPE,STATIC,OWRD,STATIC,OWRD,True,eligible,eligible_static_measurement,-0.3586713286713348,0.3586713286713348,0.35867132867088003,0.0
277224,GWIS:11935,11935,,2016-06-17,2016-06-17T02:16:00,477.57,2812.43,3290.0,NGVD1929,ETAPE,STATIC,OWRD,STATIC,OWRD,True,eligible,eligible_static_measurement,20.351328671328645,-20.351328671328645,-20.351328671329156,5.684341886080802e-14
278728,GWIS:11935,11935,,2016-09-16,2016-09-16T01:24:00,481.03,2808.97,3290.0,NGVD1929,ETAPE,STATIC,OWRD,STATIC,OWRD,True,eligible,eligible_static_measurement,23.811328671328624,-23.811328671328624,-23.811328671329193,1.1368683772161603e-13
292354,GWIS:11935,11935,,2017-03-01,2017-03-01T02:13:00,482.48,2807.52,3290.0,NGVD1929,ETAPE,STATIC,OWRD,STATIC,OWRD,True,eligible,eligible_static_measurement,25.26132867132867,-25.26132867132867,-25.26132867132901,1.1368683772161603e-13
472817,GWIS:11935,11935,,2025-09-01,2025-09-01T01:49:00,450.53,2839.47,3290.0,NGVD1929,REPORTED,UNKNOWN,CONSULTANT,UNKNOWN,CONSULTANT,True,unknown_ambiguous,retained_unknown_or_ambiguous_status_or_method,-6.688671328671376,6.688671328671376,6.688671328670807,1.1368683772161603e-13
472811,GWIS:11935,11935,,2025-03-01,2025-03-01T12:49:00,446.77,2843.23,3290.0,NGVD1929,REPORTED,UNKNOWN,CONSULTANT,UNKNOWN,CONSULTANT,True,unknown_ambiguous,retained_unknown_or_ambiguous_status_or_method,-10.448671328671367,10.448671328671367,10.448671328671026,1.1368683772161603e-13
472812,GWIS:11935,11935,,2025-04-01,2025-04-01T01:49:00,444.49,2845.51,3290.0,NGVD1929,REPORTED,UNKNOWN,CONSULTANT,UNKNOWN,CONSULTANT,True,unknown_ambiguous,retained_unknown_or_ambiguous_status_or_method,-12.72867132867134,12.72867132867134,12.728671328671226,3.410605131648481e-13
472813,GWIS:11935,11935,,2025-05-01,2025-05-01T01:49:00,444.3,2845.7,3290.0,NGVD1929,REPORTED,UNKNOWN,CONSULTANT,UNKNOWN,CONSULTANT,True,unknown_ambiguous,retained_unknown_or_ambiguous_status_or_method,-12.918671328671337,12.918671328671337,12.918671328670825,5.684341886080802e-14
472814,GWIS:11935,11935,,2025-06-01,2025-06-01T01:49:00,444.62,2845.38,3290.0,NGVD1929,REPORTED,UNKNOWN,CONSULTANT,UNKNOWN,CONSULTANT,True,unknown_ambiguous,retained_unknown_or_ambiguous_status_or_method,-12.598671328671344,12.598671328671344,12.598671328671116,2.2737367544323206e-13
472815,GWIS:11935,11935,,2025-07-01,2025-07-01T01:49:00,445.55,2844.45,3290.0,NGVD1929,REPORTED,UNKNOWN,CONSULTANT,UNKNOWN,CONSULTANT,True,unknown_ambiguous,retained_unknown_or_ambiguous_status_or_method,-11.668671328671337,11.668671328671337,11.668671328670825,5.684341886080802e-14
472816,GWIS:11935,11935,,2025-08-01,2025-08-01T01:49:00,447.82,2842.18,3290.0,NGVD1929,REPORTED,UNKNOWN,CONSULTANT,UNKNOWN,CONSULTANT,True,unknown_ambiguous,retained_unknown_or_ambiguous_status_or_method,-9.398671328671355,9.398671328671355,9.398671328670844,5.684341886080802e-14
459351,GWIS:11935,11935,,2024-09-30,2024-09-30T09:49:03,451.93,2838.07,3290.0,NGVD1929,REPORTED,UNKNOWN,CONSULTANT,UNKNOWN,CONSULTANT,True,unknown_ambiguous,retained_unknown_or_ambiguous_status_or_method,-5.288671328671342,5.288671328671342,5.288671328671171,2.8421709430404007e-13
472806,GWIS:11935,11935,,2024-10-01,2024-10-01T01:49:00,451.98,2838.02,3290.0,NGVD1929,REPORTED,UNKNOWN,CONSULTANT,UNKNOWN,CONSULTANT,True,unknown_ambiguous,retained_unknown_or_ambiguous_status_or_method,-5.23867132867133,5.23867132867133,5.238671328670989,1.1368683772161603e-13
472807,GWIS:11935,11935,,2024-11-01,2024-11-01T01:49:00,452.96,2837.04,3290.0,NGVD1929,REPORTED,UNKNOWN,CONSULTANT,UNKNOWN,CONSULTANT,True,unknown_ambiguous,retained_unknown_or_ambiguous_status_or_method,-4.258671328671369,4.258671328671369,4.258671328670971,5.684341886080802e-14
472808,GWIS:11935,11935,,2024-12-01,2024-12-01T12:49:00,453.57,2836.43,3290.0,NGVD1929,REPORTED,UNKNOWN,CONSULTANT,UNKNOWN,CONSULTANT,True,unknown_ambiguous,retained_unknown_or_ambiguous_status_or_method,-3.6486713286713552,3.6486713286713552,3.6486713286708436,5.684341886080802e-14
472809,GWIS:11935,11935,,2025-01-01,2025-01-01T12:49:00,452.59,2837.41,3290.0,NGVD1929,REPORTED,UNKNOWN,CONSULTANT,UNKNOWN,CONSULTANT,True,unknown_ambiguous,retained_unknown_or_ambiguous_status_or_method,-4.628671328671373,4.628671328671373,4.628671328670862,5.684341886080802e-14
472810,GWIS:11935,11935,,2025-02-01,2025-02-01T12:49:00,449.83,2840.17,3290.0,NGVD1929,REPORTED,UNKNOWN,CONSULTANT,UNKNOWN,CONSULTANT,True,unknown_ambiguous,retained_unknown_or_ambiguous_status_or_method,-7.388671328671364,7.388671328671364,7.38867132867108,1.7053025658242404e-13
459346,GWIS:11935,11935,,2024-09-01,2024-09-01T01:49:03,450.07,2839.93,3290.0,NGVD1929,REPORTED,UNKNOWN,CONSULTANT,UNKNOWN,CONSULTANT,True,unknown_ambiguous,retained_unknown_or_ambiguous_status_or_method,-7.148671328671355,7.148671328671355,7.148671328670844,5.684341886080802e-14
459347,GWIS:11935,11935,,2024-09-08,2024-09-08T01:49:03,450.46,2839.54,3290.0,NGVD1929,REPORTED,UNKNOWN,CONSULTANT,UNKNOWN,CONSULTANT,True,unknown_ambiguous,retained_unknown_or_ambiguous_status_or_method,-6.758671328671369,6.758671328671369,6.758671328670971,5.684341886080802e-14
459364,GWIS:11935,11935,,2024-09-12,2024-09-12T12:00:00,442.65,2847.35,3290.0,NGVD1929,ETAPE,UNKNOWN,CONSULTANT,UNKNOWN,CONSULTANT,True,unknown_ambiguous,retained_unknown_or_ambiguous_status_or_method,-14.568671328671371,14.568671328671371,14.568671328670916,0.0
459348,GWIS:11935,11935,,2024-09-15,2024-09-15T01:49:03,450.85,2839.15,3290.0,NGVD1929,REPORTED,UNKNOWN,CONSULTANT,UNKNOWN,CONSULTANT,True,unknown_ambiguous,retained_unknown_or_ambiguous_status_or_method,-6.368671328671326,6.368671328671326,6.368671328671098,2.2737367544323206e-13
459349,GWIS:11935,11935,,2024-09-22,2024-09-22T01:49:03,451.36,2838.64,3290.0,NGVD1929,REPORTED,UNKNOWN,CONSULTANT,UNKNOWN,CONSULTANT,True,unknown_ambiguous,retained_unknown_or_ambiguous_status_or_method,-5.858671328671335,5.858671328671335,5.85867132867088,0.0
459350,GWIS:11935,11935,,2024-09-29,2024-09-29T01:49:03,451.72,2838.28,3290.0,NGVD1929,REPORTED,UNKNOWN,CONSULTANT,UNKNOWN,CONSULTANT,True,unknown_ambiguous,retained_unknown_or_ambiguous_status_or_method,-5.498671328671321,5.498671328671321,5.4986713286712074,3.410605131648481e-13
459341,GWIS:11935,11935,,2024-08-01,2024-08-01T05:49:00,448.18,2841.82,3290.0,NGVD1929,REPORTED,UNKNOWN,CONSULTANT,UNKNOWN,CONSULTANT,True,unknown_ambiguous,retained_unknown_or_ambiguous_status_or_method,-9.038671328671342,9.038671328671342,9.038671328671171,2.8421709430404007e-13
459363,GWIS:11935,11935,,2024-08-05,2024-08-05T12:00:00,440.06,2849.94,3290.0,NGVD1929,ETAPE,UNKNOWN,CONSULTANT,UNKNOWN,CONSULTANT,True,unknown_ambiguous,retained_unknown_or_ambiguous_status_or_method,-17.158671328671346,17.158671328671346,17.158671328671062,1.7053025658242404e-13
459342,GWIS:11935,11935,,2024-08-08,2024-08-08T01:49:03,448.62,2841.38,3290.0,NGVD1929,REPORTED,UNKNOWN,CONSULTANT,UNKNOWN,CONSULTANT,True,unknown_ambiguous,retained_unknown_or_ambiguous_status_or_method,-8.598671328671344,8.598671328671344,8.598671328671116,2.2737367544323206e-13
459343,GWIS:11935,11935,,2024-08-15,2024-08-15T01:49:03,449.04,2840.96,3290.0,NGVD1929,REPORTED,UNKNOWN,CONSULTANT,UNKNOWN,CONSULTANT,True,unknown_ambiguous,retained_unknown_or_ambiguous_status_or_method,-8.178671328671328,8.178671328671328,8.178671328671044,1.7053025658242404e-13
459344,GWIS:11935,11935,,2024-08-22,2024-08-22T05:49:03,449.49,2840.51,3290.0,NGVD1929,REPORTED,UNKNOWN,CONSULTANT,UNKNOWN,CONSULTANT,True,unknown_ambiguous,retained_unknown_or_ambiguous_status_or_method,-7.728671328671339,7.728671328671339,7.728671328671226,3.410605131648481e-13
459345,GWIS:11935,11935,,2024-08-29,2024-08-29T01:49:03,449.97,2840.03,3290.0,NGVD1929,REPORTED,UNKNOWN,CONSULTANT,UNKNOWN,CONSULTANT,True,unknown_ambiguous,retained_unknown_or_ambiguous_status_or_method,-7.248671328671321,7.248671328671321,7.2486713286712074,3.410605131648481e-13
459335,GWIS:11935,11935,,2024-06-29,2024-06-29T01:49:03,446.36,2843.64,3290.0,NGVD1929,REPORTED,UNKNOWN,CONSULTANT,UNKNOWN,CONSULTANT,True,unknown_ambiguous,retained_unknown_or_ambiguous_status_or_method,-10.858671328671335,10.858671328671335,10.85867132867088,0.0
459336,GWIS:11935,11935,,2024-07-01,2024-07-01T01:49:03,446.48,2843.52,3290.0,NGVD1929,REPORTED,UNKNOWN,CONSULTANT,UNKNOWN,CONSULTANT,True,unknown_ambiguous,retained_unknown_or_ambiguous_status_or_method,-10.73867132867133,10.73867132867133,10.73867132867099,1.1368683772161603e-13
459337,GWIS:11935,11935,,2024-07-08,2024-07-08T01:49:03,446.74,2843.26,3290.0,NGVD1929,REPORTED,UNKNOWN,CONSULTANT,UNKNOWN,CONSULTANT,True,unknown_ambiguous,retained_unknown_or_ambiguous_status_or_method,-10.47867132867134,10.47867132867134,10.478671328671226,3.410605131648481e-13
459338,GWIS:11935,11935,,2024-07-15,2024-07-15T01:49:03,447.15,2842.85,3290.0,NGVD1929,REPORTED,UNKNOWN,CONSULTANT,UNKNOWN,CONSULTANT,True,unknown_ambiguous,retained_unknown_or_ambiguous_status_or_method,-10.068671328671371,10.068671328671371,10.068671328670916,0.0
459339,GWIS:11935,11935,,2024-07-22,2024-07-22T05:49:00,447.55,2842.45,3290.0,NGVD1929,REPORTED,UNKNOWN,CONSULTANT,UNKNOWN,CONSULTANT,True,unknown_ambiguous,retained_unknown_or_ambiguous_status_or_method,-9.668671328671337,9.668671328671337,9.668671328670825,5.684341886080802e-14
459340,GWIS:11935,11935,,2024-07-29,2024-07-29T01:49:00,447.93,2842.07,3290.0,NGVD1929,REPORTED,UNKNOWN,CONSULTANT,UNKNOWN,CONSULTANT,True,unknown_ambiguous,retained_unknown_or_ambiguous_status_or_method,-9.288671328671342,9.288671328671342,9.288671328671171,2.8421709430404007e-13
459329,GWIS:11935,11935,,2024-05-22,2024-05-22T01:49:03,445.41,2844.59,3290.0,NGVD1929,REPORTED,UNKNOWN,CONSULTANT,UNKNOWN,CONSULTANT,True,unknown_ambiguous,retained_unknown_or_ambiguous_status_or_method,-11.808671328671323,11.808671328671323,11.808671328671153,2.8421709430404007e-13
459330,GWIS:11935,11935,,2024-05-29,2024-05-29T01:49:03,445.58,2844.42,3290.0,NGVD1929,REPORTED,UNKNOWN,CONSULTANT,UNKNOWN,CONSULTANT,True,unknown_ambiguous,retained_unknown_or_ambiguous_status_or_method,-11.638671328671364,11.638671328671364,11.63867132867108,1.7053025658242404e-13
459331,GWIS:11935,11935,,2024-06-01,2024-06-01T01:49:03,445.59,2844.41,3290.0,NGVD1929,REPORTED,UNKNOWN,CONSULTANT,UNKNOWN,CONSULTANT,True,unknown_ambiguous,retained_unknown_or_ambiguous_status_or_method,-11.628671328671373,11.628671328671373,11.628671328670862,5.684341886080802e-14
459332,GWIS:11935,11935,,2024-06-08,2024-06-08T01:49:03,445.74,2844.26,3290.0,NGVD1929,REPORTED,UNKNOWN,CONSULTANT,UNKNOWN,CONSULTANT,True,unknown_ambiguous,retained_unknown_or_ambiguous_status_or_method,-11.47867132867134,11.47867132867134,11.478671328671226,3.410605131648481e-13
459333,GWIS:11935,11935,,2024-06-15,2024-06-15T01:49:03,445.95,2844.05,3290.0,NGVD1929,REPORTED,UNKNOWN,CONSULTANT,UNKNOWN,CONSULTANT,True,unknown_ambiguous,retained_unknown_or_ambiguous_status_or_method,-11.26867132867136,11.26867132867136,11.26867132867119,2.8421709430404007e-13
459334,GWIS:11935,11935,,2024-06-22,2024-06-22T01:49:03,446.11,2843.89,3290.0,NGVD1929,REPORTED,UNKNOWN,CONSULTANT,UNKNOWN,CONSULTANT,True,unknown_ambiguous,retained_unknown_or_ambiguous_status_or_method,-11.108671328671335,11.108671328671335,11.10867132867088,0.0
459323,GWIS:11935,11935,,2024-04-15,2024-04-15T01:49:03,445.69,2844.31,3290.0,NGVD1929,REPORTED,UNKNOWN,CONSULTANT,UNKNOWN,CONSULTANT,True,unknown_ambiguous,retained_unknown_or_ambiguous_status_or_method,-11.52867132867135,11.52867132867135,11.528671328670953,5.684341886080802e-14
459324,GWIS:11935,11935,,2024-04-22,2024-04-22T05:49:03,445.53,2844.47,3290.0,NGVD1929,REPORTED,UNKNOWN,CONSULTANT,UNKNOWN,CONSULTANT,True,unknown_ambiguous,retained_unknown_or_ambiguous_status_or_method,-11.688671328671376,11.688671328671376,11.688671328670807,1.1368683772161603e-13
459325,GWIS:11935,11935,,2024-04-29,2024-04-29T01:49:03,445.35,2844.65,3290.0,NGVD1929,REPORTED,UNKNOWN,CONSULTANT,UNKNOWN,CONSULTANT,True,unknown_ambiguous,retained_unknown_or_ambiguous_status_or_method,-11.868671328671326,11.868671328671326,11.868671328671098,2.2737367544323206e-13
459326,GWIS:11935,11935,,2024-05-01,2024-05-01T01:49:03,445.37,2844.63,3290.0,NGVD1929,REPORTED,UNKNOWN,CONSULTANT,UNKNOWN,CONSULTANT,True,unknown_ambiguous,retained_unknown_or_ambiguous_status_or_method,-11.848671328671344,11.848671328671344,11.848671328671116,2.2737367544323206e-13
459327,GWIS:11935,11935,,2024-05-08,2024-05-08T01:49:03,445.42,2844.58,3290.0,NGVD1929,REPORTED,UNKNOWN,CONSULTANT,UNKNOWN,CONSULTANT,True,unknown_ambiguous,retained_unknown_or_ambiguous_status_or_method,-11.798671328671333,11.798671328671333,11.798671328670935,5.684341886080802e-14
459328,GWIS:11935,11935,,2024-05-15,2024-05-15T01:49:03,445.39,2844.61,3290.0,NGVD1929,REPORTED,UNKNOWN,CONSULTANT,UNKNOWN,CONSULTANT,True,unknown_ambiguous,retained_unknown_or_ambiguous_status_or_method,-11.828671328671362,11.828671328671362,11.828671328671135,2.2737367544323206e-13
459317,GWIS:11935,11935,,2024-03-08,2024-03-08T12:49:03,447.99,2842.01,3290.0,NGVD1929,REPORTED,UNKNOWN,CONSULTANT,UNKNOWN,CONSULTANT,True,unknown_ambiguous,retained_unknown_or_ambiguous_status_or_method,-9.22867132867134,9.22867132867134,9.228671328671226,3.410605131648481e-13
459318,GWIS:11935,11935,,2024-03-15,2024-03-15T01:49:03,447.51,2842.49,3290.0,NGVD1929,REPORTED,UNKNOWN,CONSULTANT,UNKNOWN,CONSULTANT,True,unknown_ambiguous,retained_unknown_or_ambiguous_status_or_method,-9.708671328671358,9.708671328671358,9.708671328670789,1.1368683772161603e-13
459319,GWIS:11935,11935,,2024-03-22,2024-03-22T01:49:03,447.03,2842.97,3290.0,NGVD1929,REPORTED,UNKNOWN,CONSULTANT,UNKNOWN,CONSULTANT,True,unknown_ambiguous,retained_unknown_or_ambiguous_status_or_method,-10.188671328671376,10.188671328671376,10.188671328670807,1.1368683772161603e-13
459320,GWIS:11935,11935,,2024-03-29,2024-03-29T01:49:03,446.43,2843.57,3290.0,NGVD1929,REPORTED,UNKNOWN,CONSULTANT,UNKNOWN,CONSULTANT,True,unknown_ambiguous,retained_unknown_or_ambiguous_status_or_method,-10.788671328671342,10.788671328671342,10.788671328671171,2.8421709430404007e-13
459321,GWIS:11935,11935,,2024-04-01,2024-04-01T01:49:03,446.36,2843.64,3290.0,NGVD1929,REPORTED,UNKNOWN,CONSULTANT,UNKNOWN,CONSULTANT,True,unknown_ambiguous,retained_unknown_or_ambiguous_status_or_method,-10.858671328671335,10.858671328671335,10.85867132867088,0.0
459322,GWIS:11935,11935,,2024-04-08,2024-04-08T01:49:03,446.04,2843.96,3290.0,NGVD1929,REPORTED,UNKNOWN,CONSULTANT,UNKNOWN,CONSULTANT,True,unknown_ambiguous,retained_unknown_or_ambiguous_status_or_method,-11.178671328671328,11.178671328671328,11.178671328671044,1.7053025658242404e-13
459312,GWIS:11935,11935,,2024-02-01,2024-02-01T12:49:03,450.18,2839.82,3290.0,NGVD1929,REPORTED,UNKNOWN,CONSULTANT,UNKNOWN,CONSULTANT,True,unknown_ambiguous,retained_unknown_or_ambiguous_status_or_method,-7.038671328671342,7.038671328671342,7.038671328671171,2.8421709430404007e-13
459313,GWIS:11935,11935,,2024-02-08,2024-02-08T12:49:03,449.78,2840.22,3290.0,NGVD1929,REPORTED,UNKNOWN,CONSULTANT,UNKNOWN,CONSULTANT,True,unknown_ambiguous,retained_unknown_or_ambiguous_status_or_method,-7.438671328671376,7.438671328671376,7.438671328670807,1.1368683772161603e-13
459314,GWIS:11935,11935,,2024-02-15,2024-02-15T12:49:03,449.31,2840.69,3290.0,NGVD1929,REPORTED,UNKNOWN,CONSULTANT,UNKNOWN,CONSULTANT,True,unknown_ambiguous,retained_unknown_or_ambiguous_status_or_method,-7.908671328671346,7.908671328671346,7.908671328671062,1.7053025658242404e-13
459315,GWIS:11935,11935,,2024-02-22,2024-02-22T12:49:03,448.96,2841.04,3290.0,NGVD1929,REPORTED,UNKNOWN,CONSULTANT,UNKNOWN,CONSULTANT,True,unknown_ambiguous,retained_unknown_or_ambiguous_status_or_method,-8.258671328671369,8.258671328671369,8.258671328670971,5.684341886080802e-14
459316,GWIS:11935,11935,,2024-03-01,2024-03-01T12:49:03,448.24,2841.76,3290.0,NGVD1929,REPORTED,UNKNOWN,CONSULTANT,UNKNOWN,CONSULTANT,True,unknown_ambiguous,retained_unknown_or_ambiguous_status_or_method,-8.97867132867134,8.97867132867134,8.978671328671226,3.410605131648481e-13
459362,GWIS:11935,11935,,2024-03-06,2024-03-06T12:00:00,439.71,2850.29,3290.0,NGVD1929,ETAPE,UNKNOWN,CONSULTANT,UNKNOWN,CONSULTANT,True,unknown_ambiguous,retained_unknown_or_ambiguous_status_or_method,-17.50867132867137,17.50867132867137,17.50867132867097,5.684341886080802e-14
459306,GWIS:11935,11935,,2023-12-29,2023-12-29T12:49:03,452.52,2837.48,3290.0,NGVD1929,REPORTED,UNKNOWN,CONSULTANT,UNKNOWN,CONSULTANT,True,unknown_ambiguous,retained_unknown_or_ambiguous_status_or_method,-4.698671328671367,4.698671328671367,4.6986713286710255,1.1368683772161603e-13
459307,GWIS:11935,11935,,2024-01-01,2024-01-01T12:49:03,452.34,2837.66,3290.0,NGVD1929,REPORTED,UNKNOWN,CONSULTANT,UNKNOWN,CONSULTANT,True,unknown_ambiguous,retained_unknown_or_ambiguous_status_or_method,-4.878671328671373,4.878671328671373,4.878671328670862,5.684341886080802e-14
459308,GWIS:11935,11935,,2024-01-08,2024-01-08T12:49:03,451.87,2838.13,3290.0,NGVD1929,REPORTED,UNKNOWN,CONSULTANT,UNKNOWN,CONSULTANT,True,unknown_ambiguous,retained_unknown_or_ambiguous_status_or_method,-5.348671328671344,5.348671328671344,5.3486713286711165,2.2737367544323206e-13
459309,GWIS:11935,11935,,2024-01-15,2024-01-15T12:49:03,451.42,2838.58,3290.0,NGVD1929,REPORTED,UNKNOWN,CONSULTANT,UNKNOWN,CONSULTANT,True,unknown_ambiguous,retained_unknown_or_ambiguous_status_or_method,-5.7986713286713325,5.7986713286713325,5.798671328670935,5.684341886080802e-14
459310,GWIS:11935,11935,,2024-01-22,2024-01-22T12:49:03,450.81,2839.19,3290.0,NGVD1929,REPORTED,UNKNOWN,CONSULTANT,UNKNOWN,CONSULTANT,True,unknown_ambiguous,retained_unknown_or_ambiguous_status_or_method,-6.408671328671346,6.408671328671346,6.408671328671062,1.7053025658242404e-13
459311,GWIS:11935,11935,,2024-01-29,2024-01-29T12:49:03,450.59,2839.41,3290.0,NGVD1929,REPORTED,UNKNOWN,CONSULTANT,UNKNOWN,CONSULTANT,True,unknown_ambiguous,retained_unknown_or_ambiguous_status_or_method,-6.628671328671373,6.628671328671373,6.628671328670862,5.684341886080802e-14
459301,GWIS:11935,11935,,2023-11-29,2023-11-29T12:49:03,454.05,2835.95,3290.0,NGVD1929,REPORTED,UNKNOWN,CONSULTANT,UNKNOWN,CONSULTANT,True,unknown_ambiguous,retained_unknown_or_ambiguous_status_or_method,-3.168671328671337,3.168671328671337,3.1686713286708255,5.684341886080802e-14
459302,GWIS:11935,11935,,2023-12-01,2023-12-01T12:49:03,453.86,2836.14,3290.0,NGVD1929,REPORTED,UNKNOWN,CONSULTANT,UNKNOWN,CONSULTANT,True,unknown_ambiguous,retained_unknown_or_ambiguous_status_or_method,-3.3586713286713348,3.3586713286713348,3.35867132867088,0.0
459303,GWIS:11935,11935,,2023-12-08,2023-12-08T12:49:03,453.62,2836.38,3290.0,NGVD1929,REPORTED,UNKNOWN,CONSULTANT,UNKNOWN,CONSULTANT,True,unknown_ambiguous,retained_unknown_or_ambiguous_status_or_method,-3.598671328671344,3.598671328671344,3.5986713286711165,2.2737367544323206e-13
459304,GWIS:11935,11935,,2023-12-15,2023-12-15T12:49:03,453.36,2836.64,3290.0,NGVD1929,REPORTED,UNKNOWN,CONSULTANT,UNKNOWN,CONSULTANT,True,unknown_ambiguous,retained_unknown_or_ambiguous_status_or_method,-3.8586713286713348,3.8586713286713348,3.85867132867088,0.0
459361,GWIS:11935,11935,,2023-12-20,2023-12-20T12:00:00,444.82,2845.18,3290.0,NGVD1929,ETAPE,UNKNOWN,CONSULTANT,UNKNOWN,CONSULTANT,True,unknown_ambiguous,retained_unknown_or_ambiguous_status_or_method,-12.398671328671355,12.398671328671355,12.398671328670844,5.684341886080802e-14
459305,GWIS:11935,11935,,2023-12-22,2023-12-22T04:49:03,452.88,2837.12,3290.0,NGVD1929,REPORTED,UNKNOWN,CONSULTANT,UNKNOWN,CONSULTANT,True,unknown_ambiguous,retained_unknown_or_ambiguous_status_or_method,-4.338671328671353,4.338671328671353,4.338671328670898,0.0
459295,GWIS:11935,11935,,2023-10-22,2023-10-22T09:49:03,454.27,2835.73,3290.0,NGVD1929,REPORTED,UNKNOWN,CONSULTANT,UNKNOWN,CONSULTANT,True,unknown_ambiguous,retained_unknown_or_ambiguous_status_or_method,-2.9486713286713666,2.9486713286713666,2.9486713286710255,1.1368683772161603e-13
459296,GWIS:11935,11935,,2023-10-29,2023-10-29T05:49:03,454.56,2835.44,3290.0,NGVD1929,REPORTED,UNKNOWN,CONSULTANT,UNKNOWN,CONSULTANT,True,unknown_ambiguous,retained_unknown_or_ambiguous_status_or_method,-2.658671328671346,2.658671328671346,2.658671328671062,1.7053025658242404e-13
459297,GWIS:11935,11935,,2023-11-01,2023-11-01T01:49:03,454.54,2835.46,3290.0,NGVD1929,REPORTED,UNKNOWN,CONSULTANT,UNKNOWN,CONSULTANT,True,unknown_ambiguous,retained_unknown_or_ambiguous_status_or_method,-2.678671328671328,2.678671328671328,2.6786713286710437,1.7053025658242404e-13
459298,GWIS:11935,11935,,2023-11-08,2023-11-08T12:49:03,454.54,2835.46,3290.0,NGVD1929,REPORTED,UNKNOWN,CONSULTANT,UNKNOWN,CONSULTANT,True,unknown_ambiguous,retained_unknown_or_ambiguous_status_or_method,-2.678671328671328,2.678671328671328,2.6786713286710437,1.7053025658242404e-13
459299,GWIS:11935,11935,,2023-11-15,2023-11-15T12:49:03,454.38,2835.62,3290.0,NGVD1929,REPORTED,UNKNOWN,CONSULTANT,UNKNOWN,CONSULTANT,True,unknown_ambiguous,retained_unknown_or_ambiguous_status_or_method,-2.838671328671353,2.838671328671353,2.838671328670898,0.0
459300,GWIS:11935,11935,,2023-11-22,2023-11-22T12:49:03,454.35,2835.65,3290.0,NGVD1929,REPORTED,UNKNOWN,CONSULTANT,UNKNOWN,CONSULTANT,True,unknown_ambiguous,retained_unknown_or_ambiguous_status_or_method,-2.8686713286713257,2.8686713286713257,2.8686713286710983,2.2737367544323206e-13
441160,GWIS:11935,11935,,2023-10-01,2023-10-01T01:49:00,453.94,2836.06,3290.0,NGVD1929,REPORTED,STATIC,CONSULTANT,STATIC,CONSULTANT,True,eligible,eligible_static_measurement,-3.2786713286713507,3.2786713286713507,3.278671328670953,5.684341886080802e-14
459292,GWIS:11935,11935,,2023-10-01,2023-10-01T09:49:03,453.95,2836.05,3290.0,NGVD1929,REPORTED,UNKNOWN,CONSULTANT,UNKNOWN,CONSULTANT,True,unknown_ambiguous,retained_unknown_or_ambiguous_status_or_method,-3.26867132867136,3.26867132867136,3.2686713286711893,2.8421709430404007e-13
441101,GWIS:11935,11935,,2023-10-05,2023-10-05T12:00:00,445.97,2844.03,3290.0,NGVD1929,ETAPE,STATIC,CONSULTANT,STATIC,CONSULTANT,True,eligible,eligible_static_measurement,-11.248671328671321,11.248671328671321,11.248671328671207,3.410605131648481e-13
441161,GWIS:11935,11935,,2023-10-05,2023-10-05T09:49:00,454.18,2835.82,3290.0,NGVD1929,REPORTED,STATIC,CONSULTANT,STATIC,CONSULTANT,True,eligible,eligible_static_measurement,-3.0386713286713416,3.0386713286713416,3.038671328671171,2.8421709430404007e-13
459293,GWIS:11935,11935,,2023-10-08,2023-10-08T01:49:03,454.07,2835.93,3290.0,NGVD1929,REPORTED,UNKNOWN,CONSULTANT,UNKNOWN,CONSULTANT,True,unknown_ambiguous,retained_unknown_or_ambiguous_status_or_method,-3.1486713286713552,3.1486713286713552,3.1486713286708436,5.684341886080802e-14
459294,GWIS:11935,11935,,2023-10-15,2023-10-15T09:49:03,454.26,2835.74,3290.0,NGVD1929,REPORTED,UNKNOWN,CONSULTANT,UNKNOWN,CONSULTANT,True,unknown_ambiguous,retained_unknown_or_ambiguous_status_or_method,-2.9586713286713575,2.9586713286713575,2.958671328670789,1.1368683772161603e-13
441158,GWIS:11935,11935,,2023-08-01,2023-08-01T01:49:03,452.7,2837.3,3290.0,NGVD1929,REPORTED,STATIC,CONSULTANT,STATIC,CONSULTANT,True,eligible,eligible_static_measurement,-4.51867132867136,4.51867132867136,4.518671328671189,2.8421709430404007e-13
441159,GWIS:11935,11935,,2023-09-01,2023-09-01T01:49:03,453.03,2836.97,3290.0,NGVD1929,REPORTED,STATIC,CONSULTANT,STATIC,CONSULTANT,True,eligible,eligible_static_measurement,-4.188671328671376,4.188671328671376,4.188671328670807,1.1368683772161603e-13
459288,GWIS:11935,11935,,2023-09-08,2023-09-08T01:49:03,453.29,2836.71,3290.0,NGVD1929,REPORTED,UNKNOWN,CONSULTANT,UNKNOWN,CONSULTANT,True,unknown_ambiguous,retained_unknown_or_ambiguous_status_or_method,-3.928671328671328,3.928671328671328,3.9286713286710437,1.7053025658242404e-13
459289,GWIS:11935,11935,,2023-09-15,2023-09-15T05:49:03,453.54,2836.46,3290.0,NGVD1929,REPORTED,UNKNOWN,CONSULTANT,UNKNOWN,CONSULTANT,True,unknown_ambiguous,retained_unknown_or_ambiguous_status_or_method,-3.678671328671328,3.678671328671328,3.6786713286710437,1.7053025658242404e-13
459290,GWIS:11935,11935,,2023-09-22,2023-09-22T01:49:03,453.72,2836.28,3290.0,NGVD1929,REPORTED,UNKNOWN,CONSULTANT,UNKNOWN,CONSULTANT,True,unknown_ambiguous,retained_unknown_or_ambiguous_status_or_method,-3.498671328671321,3.498671328671321,3.4986713286712074,3.410605131648481e-13
459291,GWIS:11935,11935,,2023-09-29,2023-09-29T01:49:03,453.86,2836.14,3290.0,NGVD1929,REPORTED,UNKNOWN,CONSULTANT,UNKNOWN,CONSULTANT,True,unknown_ambiguous,retained_unknown_or_ambiguous_status_or_method,-3.3586713286713348,3.3586713286713348,3.35867132867088,0.0
441096,GWIS:11935,11935,,2023-01-19,2023-01-19T12:00:00,453.29,2836.71,3290.0,NGVD1929,ETAPE,STATIC,CONSULTANT,STATIC,CONSULTANT,True,eligible,eligible_static_measurement,-3.928671328671328,3.928671328671328,3.9286713286710437,1.7053025658242404e-13
441097,GWIS:11935,11935,,2023-03-17,2023-03-17T12:00:00,448.88,2841.12,3290.0,NGVD1929,ETAPE,STATIC,CONSULTANT,STATIC,CONSULTANT,True,eligible,eligible_static_measurement,-8.338671328671353,8.338671328671353,8.338671328670898,0.0
441098,GWIS:11935,11935,,2023-05-17,2023-05-17T12:00:00,443.68,2846.32,3290.0,NGVD1929,ETAPE,STATIC,CONSULTANT,STATIC,CONSULTANT,True,eligible,eligible_static_measurement,-13.538671328671342,13.538671328671342,13.538671328671171,2.8421709430404007e-13
441099,GWIS:11935,11935,,2023-06-21,2023-06-21T12:00:00,444.43,2845.57,3290.0,NGVD1929,ETAPE,STATIC,CONSULTANT,STATIC,CONSULTANT,True,eligible,eligible_static_measurement,-12.788671328671342,12.788671328671342,12.788671328671171,2.8421709430404007e-13
441100,GWIS:11935,11935,,2023-07-14,2023-07-14T12:00:00,444.3,2845.7,3290.0,NGVD1929,ETAPE,STATIC,CONSULTANT,STATIC,CONSULTANT,True,eligible,eligible_static_measurement,-12.918671328671337,12.918671328671337,12.918671328670825,5.684341886080802e-14
441157,GWIS:11935,11935,,2023-07-19,2023-07-19T01:49:03,451.88,2838.12,3290.0,NGVD1929,REPORTED,STATIC,CONSULTANT,STATIC,CONSULTANT,True,eligible,eligible_static_measurement,-5.338671328671353,5.338671328671353,5.338671328670898,0.0
441091,GWIS:11935,11935,,2022-09-02,2022-09-02T12:00:00,457.35,2832.65,3290.0,NGVD1929,ETAPE,STATIC,CONSULTANT,STATIC,CONSULTANT,True,eligible,eligible_static_measurement,0.13132867132867432,-0.13132867132867432,-0.1313286713289017,2.2737367544323206e-13
426073,GWIS:11935,11935,,2022-09-30,2022-09-30T12:00:00,460.19,2829.81,3290.0,NGVD1929,REPORTED,STATIC,CONSULTANT,STATIC,CONSULTANT,True,eligible,eligible_static_measurement,2.9713286713286493,-2.9713286713286493,-2.971328671329047,5.684341886080802e-14
441092,GWIS:11935,11935,,2022-09-30,2022-09-30T12:00:00,457.54,2832.46,3290.0,NGVD1929,ETAPE,STATIC,CONSULTANT,STATIC,CONSULTANT,True,eligible,eligible_static_measurement,0.32132867132867204,-0.32132867132867204,-0.32132867132895626,1.7053025658242404e-13
441093,GWIS:11935,11935,,2022-11-21,2022-11-21T12:00:00,456.83,2833.17,3290.0,NGVD1929,ETAPE,STATIC,CONSULTANT,STATIC,CONSULTANT,True,eligible,eligible_static_measurement,-0.38867132867136434,0.38867132867136434,0.3886713286710801,1.7053025658242404e-13
441094,GWIS:11935,11935,,2022-12-02,2022-12-02T12:00:00,456.33,2833.67,3290.0,NGVD1929,ETAPE,STATIC,CONSULTANT,STATIC,CONSULTANT,True,eligible,eligible_static_measurement,-0.8886713286713643,0.8886713286713643,0.8886713286710801,1.7053025658242404e-13
441095,GWIS:11935,11935,,2022-12-21,2022-12-21T12:00:00,455.22,2834.78,3290.0,NGVD1929,ETAPE,STATIC,CONSULTANT,STATIC,CONSULTANT,True,eligible,eligible_static_measurement,-1.9986713286713211,1.9986713286713211,1.9986713286712074,3.410605131648481e-13
426067,GWIS:11935,11935,,2022-03-31,2022-03-31T12:00:00,465.65,2824.35,3290.0,NGVD1929,REPORTED,STATIC,CONSULTANT,STATIC,CONSULTANT,True,eligible,eligible_static_measurement,8.431328671328629,-8.431328671328629,-8.431328671329084,0.0
426068,GWIS:11935,11935,,2022-05-13,2022-05-13T12:00:00,462.8,2827.2,3290.0,NGVD1929,REPORTED,STATIC,CONSULTANT,STATIC,CONSULTANT,True,eligible,eligible_static_measurement,5.581328671328663,-5.581328671328663,-5.5813286713291745,5.684341886080802e-14
426069,GWIS:11935,11935,,2022-07-18,2022-07-18T12:00:00,461.38,2828.62,3290.0,NGVD1929,REPORTED,STATIC,CONSULTANT,STATIC,CONSULTANT,True,eligible,eligible_static_measurement,4.161328671328647,-4.161328671328647,-4.161328671329102,0.0
426070,GWIS:11935,11935,,2022-07-22,2022-07-22T12:00:00,459.73,2830.27,3290.0,NGVD1929,REPORTED,STATIC,CONSULTANT,STATIC,CONSULTANT,True,eligible,eligible_static_measurement,2.5113286713286698,-2.5113286713286698,-2.511328671329011,1.1368683772161603e-13
426071,GWIS:11935,11935,,2022-08-19,2022-08-19T12:00:00,459.93,2830.07,3290.0,NGVD1929,REPORTED,STATIC,CONSULTANT,STATIC,CONSULTANT,True,eligible,eligible_static_measurement,2.7113286713286584,-2.7113286713286584,-2.711328671328829,2.8421709430404007e-13
426072,GWIS:11935,11935,,2022-09-02,2022-09-02T12:00:00,460.0,2830.0,3290.0,NGVD1929,REPORTED,STATIC,CONSULTANT,STATIC,CONSULTANT,True,eligible,eligible_static_measurement,2.7813286713286516,-2.7813286713286516,-2.7813286713289926,1.1368683772161603e-13
426061,GWIS:11935,11935,,2022-01-27,2022-01-27T12:00:00,472.12,2817.88,3290.0,NGVD1929,REPORTED,STATIC,CONSULTANT,STATIC,CONSULTANT,True,eligible,eligible_static_measurement,14.901328671328656,-14.901328671328656,-14.901328671328884,2.2737367544323206e-13
426062,GWIS:11935,11935,,2022-02-03,2022-02-03T12:00:00,471.37,2818.63,3290.0,NGVD1929,REPORTED,STATIC,CONSULTANT,STATIC,CONSULTANT,True,eligible,eligible_static_measurement,14.151328671328656,-14.151328671328656,-14.151328671328884,2.2737367544323206e-13
426063,GWIS:11935,11935,,2022-02-11,2022-02-11T12:00:00,470.56,2819.44,3290.0,NGVD1929,REPORTED,STATIC,CONSULTANT,STATIC,CONSULTANT,True,eligible,eligible_static_measurement,13.341328671328654,-13.341328671328654,-13.341328671328938,1.7053025658242404e-13
426064,GWIS:11935,11935,,2022-02-25,2022-02-25T12:00:00,469.08,2820.92,3290.0,NGVD1929,REPORTED,STATIC,CONSULTANT,STATIC,CONSULTANT,True,eligible,eligible_static_measurement,11.861328671328636,-11.861328671328636,-11.86132867132892,1.7053025658242404e-13
426065,GWIS:11935,11935,,2022-03-10,2022-03-10T12:00:00,467.72,2822.28,3290.0,NGVD1929,REPORTED,STATIC,CONSULTANT,STATIC,CONSULTANT,True,eligible,eligible_static_measurement,10.501328671328679,-10.501328671328679,-10.501328671328793,3.410605131648481e-13
426066,GWIS:11935,11935,,2022-03-17,2022-03-17T12:00:00,466.94,2823.06,3290.0,NGVD1929,REPORTED,STATIC,CONSULTANT,STATIC,CONSULTANT,True,eligible,eligible_static_measurement,9.72132867132865,-9.72132867132865,-9.721328671329047,5.684341886080802e-14
426055,GWIS:11935,11935,,2021-10-26,2021-10-26T12:00:00,476.69,2813.31,3290.0,NGVD1929,REPORTED,STATIC,CONSULTANT,STATIC,CONSULTANT,True,eligible,eligible_static_measurement,19.47132867132865,-19.47132867132865,-19.471328671329047,5.684341886080802e-14
426056,GWIS:11935,11935,,2021-11-03,2021-11-03T12:00:00,477.1,2812.9,3290.0,NGVD1929,REPORTED,STATIC,CONSULTANT,STATIC,CONSULTANT,True,eligible,eligible_static_measurement,19.881328671328674,-19.881328671328674,-19.8813286713289,2.2737367544323206e-13
426057,GWIS:11935,11935,,2021-11-10,2021-11-10T12:00:00,479.62,2810.38,3290.0,NGVD1929,REPORTED,STATIC,CONSULTANT,STATIC,CONSULTANT,True,eligible,eligible_static_measurement,22.401328671328656,-22.401328671328656,-22.401328671328884,2.2737367544323206e-13
426058,GWIS:11935,11935,,2021-11-18,2021-11-18T12:00:00,476.92,2813.08,3290.0,NGVD1929,REPORTED,STATIC,CONSULTANT,STATIC,CONSULTANT,True,eligible,eligible_static_measurement,19.701328671328667,-19.701328671328667,-19.701328671329065,5.684341886080802e-14
426059,GWIS:11935,11935,,2021-12-03,2021-12-03T12:00:00,476.43,2813.57,3290.0,NGVD1929,REPORTED,STATIC,CONSULTANT,STATIC,CONSULTANT,True,eligible,eligible_static_measurement,19.21132867132866,-19.21132867132866,-19.21132867132883,2.8421709430404007e-13
426060,GWIS:11935,11935,,2022-01-07,2022-01-07T12:00:00,473.97,2816.03,3290.0,NGVD1929,REPORTED,STATIC,CONSULTANT,STATIC,CONSULTANT,True,eligible,eligible_static_measurement,16.75132867132868,-16.75132867132868,-16.751328671328793,3.410605131648481e-13
422289,GWIS:11935,11935,,2021-07-01,2021-07-01T12:00:00,472.72,2817.28,3290.0,NGVD1929,REPORTED,STATIC,CONSULTANT,STATIC,CONSULTANT,True,eligible,eligible_static_measurement,15.501328671328679,-15.501328671328679,-15.501328671328793,3.410605131648481e-13
422290,GWIS:11935,11935,,2021-07-15,2021-07-15T12:00:00,473.16,2816.84,3290.0,NGVD1929,REPORTED,STATIC,CONSULTANT,STATIC,CONSULTANT,True,eligible,eligible_static_measurement,15.941328671328677,-15.941328671328677,-15.941328671328847,2.8421709430404007e-13
422291,GWIS:11935,11935,,2021-07-29,2021-07-29T12:00:00,473.82,2816.18,3290.0,NGVD1929,REPORTED,STATIC,CONSULTANT,STATIC,CONSULTANT,True,eligible,eligible_static_measurement,16.601328671328645,-16.601328671328645,-16.601328671329156,5.684341886080802e-14
422292,GWIS:11935,11935,,2021-08-13,2021-08-13T12:00:00,474.44,2815.56,3290.0,NGVD1929,REPORTED,STATIC,CONSULTANT,STATIC,CONSULTANT,True,eligible,eligible_static_measurement,17.22132867132865,-17.22132867132865,-17.221328671329047,5.684341886080802e-14
422293,GWIS:11935,11935,,2021-08-27,2021-08-27T12:00:00,475.05,2814.95,3290.0,NGVD1929,REPORTED,STATIC,CONSULTANT,STATIC,CONSULTANT,True,eligible,eligible_static_measurement,17.831328671328663,-17.831328671328663,-17.831328671329175,5.684341886080802e-14
422294,GWIS:11935,11935,,2021-09-09,2021-09-09T12:00:00,475.66,2814.34,3290.0,NGVD1929,REPORTED,STATIC,CONSULTANT,STATIC,CONSULTANT,True,eligible,eligible_static_measurement,18.441328671328677,-18.441328671328677,-18.441328671328847,2.8421709430404007e-13
422283,GWIS:11935,11935,,2021-04-07,2021-04-07T12:00:00,476.53,2813.47,3290.0,NGVD1929,REPORTED,STATIC,CONSULTANT,STATIC,CONSULTANT,True,eligible,eligible_static_measurement,19.311328671328624,-19.311328671328624,-19.311328671329193,1.1368683772161603e-13
422284,GWIS:11935,11935,,2021-04-22,2021-04-22T12:00:00,475.14,2814.86,3290.0,NGVD1929,REPORTED,STATIC,CONSULTANT,STATIC,CONSULTANT,True,eligible,eligible_static_measurement,17.921328671328638,-17.921328671328638,-17.921328671328865,2.2737367544323206e-13
422285,GWIS:11935,11935,,2021-05-07,2021-05-07T12:00:00,473.96,2816.04,3290.0,NGVD1929,REPORTED,STATIC,CONSULTANT,STATIC,CONSULTANT,True,eligible,eligible_static_measurement,16.74132867132863,-16.74132867132863,-16.74132867132903,5.684341886080802e-14
422286,GWIS:11935,11935,,2021-05-21,2021-05-21T12:00:00,473.07,2816.93,3290.0,NGVD1929,REPORTED,STATIC,CONSULTANT,STATIC,CONSULTANT,True,eligible,eligible_static_measurement,15.851328671328645,-15.851328671328645,-15.851328671329156,5.684341886080802e-14
422287,GWIS:11935,11935,,2021-06-03,2021-06-03T12:00:00,472.59,2817.41,3290.0,NGVD1929,REPORTED,STATIC,CONSULTANT,STATIC,CONSULTANT,True,eligible,eligible_static_measurement,15.371328671328627,-15.371328671328627,-15.371328671329138,5.684341886080802e-14
422288,GWIS:11935,11935,,2021-06-16,2021-06-16T12:00:00,473.07,2816.93,3290.0,NGVD1929,REPORTED,STATIC,CONSULTANT,STATIC,CONSULTANT,True,eligible,eligible_static_measurement,15.851328671328645,-15.851328671328645,-15.851328671329156,5.684341886080802e-14
422277,GWIS:11935,11935,,2021-01-25,2021-01-25T12:00:00,485.66,2804.34,3290.0,NGVD1929,REPORTED,STATIC,CONSULTANT,STATIC,CONSULTANT,True,eligible,eligible_static_measurement,28.441328671328677,-28.441328671328677,-28.441328671328847,2.8421709430404007e-13
422278,GWIS:11935,11935,,2021-02-08,2021-02-08T12:00:00,482.9,2807.1,3290.0,NGVD1929,REPORTED,STATIC,CONSULTANT,STATIC,CONSULTANT,True,eligible,eligible_static_measurement,25.68132867132863,-25.68132867132863,-25.681328671329084,0.0
422279,GWIS:11935,11935,,2021-02-22,2021-02-22T12:00:00,481.62,2808.38,3290.0,NGVD1929,REPORTED,STATIC,CONSULTANT,STATIC,CONSULTANT,True,eligible,eligible_static_measurement,24.401328671328656,-24.401328671328656,-24.401328671328884,2.2737367544323206e-13
422280,GWIS:11935,11935,,2021-03-01,2021-03-01T12:00:00,480.93,2809.07,3290.0,NGVD1929,REPORTED,STATIC,CONSULTANT,STATIC,CONSULTANT,True,eligible,eligible_static_measurement,23.71132867132866,-23.71132867132866,-23.71132867132883,2.8421709430404007e-13
422281,GWIS:11935,11935,,2021-03-11,2021-03-11T12:00:00,479.48,2810.52,3290.0,NGVD1929,REPORTED,STATIC,CONSULTANT,STATIC,CONSULTANT,True,eligible,eligible_static_measurement,22.26132867132867,-22.26132867132867,-22.26132867132901,1.1368683772161603e-13
422282,GWIS:11935,11935,,2021-03-24,2021-03-24T12:00:00,477.99,2812.01,3290.0,NGVD1929,REPORTED,STATIC,CONSULTANT,STATIC,CONSULTANT,True,eligible,eligible_static_measurement,20.77132867132866,-20.77132867132866,-20.771328671328774,3.410605131648481e-13
292355,GWIS:11935,11935,,2017-06-08,2017-06-08T02:16:00,480.66,2809.34,3290.0,NGVD1929,ETAPE,STATIC,OWRD,STATIC,OWRD,True,eligible,eligible_static_measurement,23.441328671328677,-23.441328671328677,-23.441328671328847,2.8421709430404007e-13
325753,GWIS:11935,11935,,2017-09-25,2017-09-25T03:00:00,483.01,2806.99,3290.0,NGVD1929,ETAPE,STATIC,OWRD,STATIC,OWRD,True,eligible,eligible_static_measurement,25.791328671328642,-25.791328671328642,-25.79132867132921,1.1368683772161603e-13
343956,GWIS:11935,11935,,2018-04-26,2018-04-26T02:12:00,484.32,2805.68,3290.0,NGVD1929,ETAPE,STATIC,OWRD,STATIC,OWRD,True,eligible,eligible_static_measurement,27.101328671328645,-27.101328671328645,-27.101328671329156,5.684341886080802e-14
345983,GWIS:11935,11935,,2018-07-18,2018-07-18T02:31:00,483.84,2806.16,3290.0,NGVD1929,ETAPE,STATIC,OWRD,STATIC,OWRD,True,eligible,eligible_static_measurement,26.621328671328627,-26.621328671328627,-26.621328671329138,5.684341886080802e-14
354547,GWIS:11935,11935,,2018-09-27,2018-09-27T02:27:00,,,3290.0,NGVD1929,OBSERVED,DRY,OWRD,DRY,OWRD,False,excluded,excluded_dry_no_water_surface,,,,
354548,GWIS:11935,11935,,2019-06-12,2019-06-12T02:22:00,,,3290.0,NGVD1929,OBSERVED,DRY,OWRD,DRY,OWRD,False,excluded,excluded_dry_no_water_surface,,,,
166220,SRC-GB,13222,89932,2007-07-11,2007-07-11T12:00:00,408.0,2844.0,3252.0,NGVD1929,REPORTED,UNKNOWN,DRILLER,UNKNOWN,DRILLER,True,unknown_ambiguous,retained_unknown_or_ambiguous_status_or_method,-0.2468382352940921,0.2468382352940921,0.24683823529403526,5.115907697472721e-13
160742,SRC-GB,13222,89932,2008-03-17,2008-03-17T12:00:00,420.28,2831.72,3252.0,NGVD1929,ETAPE GRADUATED,STATIC,CWRE,STATIC,CWRE,True,eligible,eligible_static_measurement,12.03316176470588,-12.03316176470588,-12.033161764706165,7.389644451905042e-13
172550,SRC-GB,13222,89932,2009-03-18,2009-03-18T12:00:00,,,3252.0,NGVD1929,NOT MEASURED,STATIC,CWRE,STATIC,CWRE,False,excluded,excluded_not_measured,,,,
176473,SRC-GB,13222,89932,2010-03-19,2010-03-19T12:00:00,429.03,2822.97,3252.0,NGVD1929,AIRLINE,STATIC,PROFESSIONAL ENGINEER,STATIC,PROFESSIONAL ENGINEER,True,eligible,eligible_static_measurement,20.78316176470588,-20.78316176470588,-20.783161764706165,7.389644451905042e-13
198826,SRC-GB,13222,89932,2011-03-28,2011-03-28T12:00:00,429.0,2823.0,3252.0,NGVD1929,ETAPE,STATIC,PROFESSIONAL ENGINEER,STATIC,PROFESSIONAL ENGINEER,True,eligible,eligible_static_measurement,20.753161764705908,-20.753161764705908,-20.753161764705965,5.115907697472721e-13
216936,SRC-GB,13222,89932,2012-03-23,2012-03-23T12:00:00,426.58,2825.42,3252.0,NGVD1929,ETAPE,STATIC,PROFESSIONAL ENGINEER,STATIC,PROFESSIONAL ENGINEER,True,eligible,eligible_static_measurement,18.333161764705892,-18.333161764705892,-18.333161764705892,4.547473508864641e-13
472713,SRC-GB,13222,89932,2025-07-01,2025-07-01T05:48:00,395.71,2856.29,3252.0,NGVD1929,REPORTED,UNKNOWN,CONSULTANT,UNKNOWN,CONSULTANT,True,unknown_ambiguous,retained_unknown_or_ambiguous_status_or_method,-12.536838235294113,12.536838235294113,12.536838235293999,5.684341886080801e-13
472825,SRC-GB,13222,89932,2025-07-25,2025-07-25T12:00:00,409.08,2842.92,3252.0,NGVD1929,ETAPE,UNKNOWN,CONSULTANT,UNKNOWN,CONSULTANT,True,unknown_ambiguous,retained_unknown_or_ambiguous_status_or_method,0.833161764705892,-0.833161764705892,-0.833161764705892,4.547473508864641e-13
472714,SRC-GB,13222,89932,2025-08-01,2025-08-01T05:48:00,397.37,2854.63,3252.0,NGVD1929,REPORTED,UNKNOWN,CONSULTANT,UNKNOWN,CONSULTANT,True,unknown_ambiguous,retained_unknown_or_ambiguous_status_or_method,-10.876838235294088,10.876838235294088,10.876838235294144,3.979039320256561e-13
472715,SRC-GB,13222,89932,2025-09-01,2025-09-01T05:48:00,404.58,2847.42,3252.0,NGVD1929,REPORTED,UNKNOWN,CONSULTANT,UNKNOWN,CONSULTANT,True,unknown_ambiguous,retained_unknown_or_ambiguous_status_or_method,-3.666838235294108,3.666838235294108,3.666838235294108,4.547473508864641e-13
474795,SRC-GB,13222,89932,2026-03-19,2026-03-19T07:00:00,391.83,2860.17,3252.0,NGVD1929,ETAPE,STATIC,PROFESSIONAL ENGINEER,STATIC,PROFESSIONAL ENGINEER,True,eligible,eligible_static_measurement,-16.416838235294108,16.416838235294108,16.416838235294108,4.547473508864641e-13
472708,SRC-GB,13222,89932,2025-02-01,2025-02-01T04:48:00,407.47,2844.53,3252.0,NGVD1929,REPORTED,UNKNOWN,CONSULTANT,UNKNOWN,CONSULTANT,True,unknown_ambiguous,retained_unknown_or_ambiguous_status_or_method,-0.7768382352940648,0.7768382352940648,0.7768382352942353,2.8421709430404007e-13
472709,SRC-GB,13222,89932,2025-03-01,2025-03-01T04:48:00,395.28,2856.72,3252.0,NGVD1929,REPORTED,UNKNOWN,CONSULTANT,UNKNOWN,CONSULTANT,True,unknown_ambiguous,retained_unknown_or_ambiguous_status_or_method,-12.96683823529412,12.96683823529412,12.966838235293835,7.389644451905042e-13
465106,SRC-GB,13222,89932,2025-03-31,2025-03-31T12:00:00,392.94,2859.06,3252.0,NGVD1929,ETAPE,STATIC,PROFESSIONAL ENGINEER,STATIC,PROFESSIONAL ENGINEER,True,eligible,eligible_static_measurement,-15.306838235294094,15.306838235294094,15.30683823529398,5.684341886080801e-13
472710,SRC-GB,13222,89932,2025-04-01,2025-04-01T05:48:00,389.27,2862.73,3252.0,NGVD1929,REPORTED,UNKNOWN,CONSULTANT,UNKNOWN,CONSULTANT,True,unknown_ambiguous,retained_unknown_or_ambiguous_status_or_method,-18.97683823529411,18.97683823529411,18.976838235294053,5.115907697472721e-13
472711,SRC-GB,13222,89932,2025-05-01,2025-05-01T05:48:00,388.68,2863.32,3252.0,NGVD1929,REPORTED,UNKNOWN,CONSULTANT,UNKNOWN,CONSULTANT,True,unknown_ambiguous,retained_unknown_or_ambiguous_status_or_method,-19.566838235294085,19.566838235294085,19.5668382352942,3.410605131648481e-13
472712,SRC-GB,13222,89932,2025-06-01,2025-06-01T05:48:00,392.9,2859.1,3252.0,NGVD1929,REPORTED,UNKNOWN,CONSULTANT,UNKNOWN,CONSULTANT,True,unknown_ambiguous,retained_unknown_or_ambiguous_status_or_method,-15.346838235294115,15.346838235294115,15.346838235293944,6.252776074688882e-13
458767,SRC-GB,13222,89932,2024-09-16,2024-09-16T05:48:59,411.73,2840.27,3252.0,NGVD1929,REPORTED,UNKNOWN,CONSULTANT,UNKNOWN,CONSULTANT,True,unknown_ambiguous,retained_unknown_or_ambiguous_status_or_method,3.483161764705926,-3.483161764705926,-3.483161764705983,5.115907697472721e-13
458768,SRC-GB,13222,89932,2024-09-23,2024-09-23T09:48:59,412.55,2839.45,3252.0,NGVD1929,REPORTED,UNKNOWN,CONSULTANT,UNKNOWN,CONSULTANT,True,unknown_ambiguous,retained_unknown_or_ambiguous_status_or_method,4.303161764705919,-4.303161764705919,-4.303161764706147,6.821210263296962e-13
458769,SRC-GB,13222,89932,2024-09-30,2024-09-30T09:48:59,411.49,2840.51,3252.0,NGVD1929,REPORTED,UNKNOWN,CONSULTANT,UNKNOWN,CONSULTANT,True,unknown_ambiguous,retained_unknown_or_ambiguous_status_or_method,3.243161764705917,-3.243161764705917,-3.2431617647057465,2.8421709430404007e-13
472706,SRC-GB,13222,89932,2024-12-01,2024-12-01T12:48:00,411.41,2840.59,3252.0,NGVD1929,REPORTED,UNKNOWN,CONSULTANT,UNKNOWN,CONSULTANT,True,unknown_ambiguous,retained_unknown_or_ambiguous_status_or_method,3.163161764705933,-3.163161764705933,-3.1631617647058192,3.410605131648481e-13
472824,SRC-GB,13222,89932,2024-12-11,2024-12-11T12:00:00,400.66,2851.34,3252.0,NGVD1929,ETAPE,UNKNOWN,CONSULTANT,UNKNOWN,CONSULTANT,True,unknown_ambiguous,retained_unknown_or_ambiguous_status_or_method,-7.586838235294067,7.586838235294067,7.586838235294181,3.410605131648481e-13
472707,SRC-GB,13222,89932,2025-01-01,2025-01-01T12:48:00,408.09,2843.91,3252.0,NGVD1929,REPORTED,UNKNOWN,CONSULTANT,UNKNOWN,CONSULTANT,True,unknown_ambiguous,retained_unknown_or_ambiguous_status_or_method,-0.1568382352941171,0.1568382352941171,0.15683823529388974,6.821210263296962e-13
458762,SRC-GB,13222,89932,2024-08-13,2024-08-13T01:48:59,408.56,2843.44,3252.0,NGVD1929,REPORTED,UNKNOWN,CONSULTANT,UNKNOWN,CONSULTANT,True,unknown_ambiguous,retained_unknown_or_ambiguous_status_or_method,0.3131617647059102,-0.3131617647059102,-0.3131617647059102,4.547473508864641e-13
458763,SRC-GB,13222,89932,2024-08-20,2024-08-20T09:48:59,410.01,2841.99,3252.0,NGVD1929,REPORTED,UNKNOWN,CONSULTANT,UNKNOWN,CONSULTANT,True,unknown_ambiguous,retained_unknown_or_ambiguous_status_or_method,1.7631617647058988,-1.7631617647058988,-1.763161764706183,7.389644451905042e-13
458764,SRC-GB,13222,89932,2024-08-27,2024-08-27T05:48:59,409.69,2842.31,3252.0,NGVD1929,REPORTED,UNKNOWN,CONSULTANT,UNKNOWN,CONSULTANT,True,unknown_ambiguous,retained_unknown_or_ambiguous_status_or_method,1.4431617647059056,-1.4431617647059056,-1.4431617647060193,5.684341886080801e-13
458765,SRC-GB,13222,89932,2024-09-02,2024-09-02T09:48:59,408.81,2843.19,3252.0,NGVD1929,REPORTED,UNKNOWN,CONSULTANT,UNKNOWN,CONSULTANT,True,unknown_ambiguous,retained_unknown_or_ambiguous_status_or_method,0.5631617647059102,-0.5631617647059102,-0.5631617647059102,4.547473508864641e-13
458766,SRC-GB,13222,89932,2024-09-09,2024-09-09T09:48:59,410.46,2841.54,3252.0,NGVD1929,REPORTED,UNKNOWN,CONSULTANT,UNKNOWN,CONSULTANT,True,unknown_ambiguous,retained_unknown_or_ambiguous_status_or_method,2.2131617647058874,-2.2131617647058874,-2.213161764706001,5.684341886080801e-13
459368,SRC-GB,13222,89932,2024-09-12,2024-09-12T12:00:00,409.25,2842.75,3252.0,NGVD1929,ETAPE,UNKNOWN,CONSULTANT,UNKNOWN,CONSULTANT,True,unknown_ambiguous,retained_unknown_or_ambiguous_status_or_method,1.003161764705908,-1.003161764705908,-1.0031617647059647,5.115907697472721e-13
458757,SRC-GB,13222,89932,2024-07-08,2024-07-08T01:48:59,405.42,2846.58,3252.0,NGVD1929,REPORTED,UNKNOWN,CONSULTANT,UNKNOWN,CONSULTANT,True,unknown_ambiguous,retained_unknown_or_ambiguous_status_or_method,-2.826838235294076,2.826838235294076,2.8268382352939625,5.684341886080801e-13
458758,SRC-GB,13222,89932,2024-07-15,2024-07-15T09:48:59,405.46,2846.54,3252.0,NGVD1929,REPORTED,UNKNOWN,CONSULTANT,UNKNOWN,CONSULTANT,True,unknown_ambiguous,retained_unknown_or_ambiguous_status_or_method,-2.7868382352941126,2.7868382352941126,2.786838235293999,5.684341886080801e-13
458759,SRC-GB,13222,89932,2024-07-22,2024-07-22T01:48:59,406.22,2845.78,3252.0,NGVD1929,REPORTED,UNKNOWN,CONSULTANT,UNKNOWN,CONSULTANT,True,unknown_ambiguous,retained_unknown_or_ambiguous_status_or_method,-2.026838235294065,2.026838235294065,2.0268382352942353,2.8421709430404007e-13
458760,SRC-GB,13222,89932,2024-07-29,2024-07-29T09:48:59,406.51,2845.49,3252.0,NGVD1929,REPORTED,UNKNOWN,CONSULTANT,UNKNOWN,CONSULTANT,True,unknown_ambiguous,retained_unknown_or_ambiguous_status_or_method,-1.7368382352941012,1.7368382352941012,1.736838235293817,7.389644451905042e-13
459367,SRC-GB,13222,89932,2024-08-05,2024-08-05T12:00:00,406.1,2845.9,3252.0,NGVD1929,ETAPE,UNKNOWN,CONSULTANT,UNKNOWN,CONSULTANT,True,unknown_ambiguous,retained_unknown_or_ambiguous_status_or_method,-2.1468382352940694,2.1468382352940694,2.146838235294126,3.979039320256561e-13
458761,SRC-GB,13222,89932,2024-08-06,2024-08-06T01:48:59,407.27,2844.73,3252.0,NGVD1929,REPORTED,UNKNOWN,CONSULTANT,UNKNOWN,CONSULTANT,True,unknown_ambiguous,retained_unknown_or_ambiguous_status_or_method,-0.9768382352941103,0.9768382352941103,0.9768382352940534,5.115907697472721e-13
458751,SRC-GB,13222,89932,2024-05-23,2024-05-23T01:48:59,398.66,2853.34,3252.0,NGVD1929,REPORTED,UNKNOWN,CONSULTANT,UNKNOWN,CONSULTANT,True,unknown_ambiguous,retained_unknown_or_ambiguous_status_or_method,-9.586838235294067,9.586838235294067,9.58683823529418,3.410605131648481e-13
458752,SRC-GB,13222,89932,2024-05-30,2024-05-30T05:48:59,399.52,2852.48,3252.0,NGVD1929,REPORTED,UNKNOWN,CONSULTANT,UNKNOWN,CONSULTANT,True,unknown_ambiguous,retained_unknown_or_ambiguous_status_or_method,-8.72683823529411,8.72683823529411,8.726838235294053,5.115907697472721e-13
458753,SRC-GB,13222,89932,2024-06-07,2024-06-07T05:48:59,409.23,2842.77,3252.0,NGVD1929,REPORTED,UNKNOWN,CONSULTANT,UNKNOWN,CONSULTANT,True,unknown_ambiguous,retained_unknown_or_ambiguous_status_or_method,0.9831617647059261,-0.9831617647059261,-0.9831617647059829,5.115907697472721e-13
458754,SRC-GB,13222,89932,2024-06-15,2024-06-15T05:48:59,399.99,2852.01,3252.0,NGVD1929,REPORTED,UNKNOWN,CONSULTANT,UNKNOWN,CONSULTANT,True,unknown_ambiguous,retained_unknown_or_ambiguous_status_or_method,-8.256838235294083,8.256838235294083,8.256838235294254,2.8421709430404007e-13
458755,SRC-GB,13222,89932,2024-06-23,2024-06-23T05:48:59,409.45,2842.55,3252.0,NGVD1929,REPORTED,UNKNOWN,CONSULTANT,UNKNOWN,CONSULTANT,True,unknown_ambiguous,retained_unknown_or_ambiguous_status_or_method,1.2031617647058965,-1.2031617647058965,-1.2031617647057828,3.410605131648481e-13
458756,SRC-GB,13222,89932,2024-06-30,2024-06-30T09:48:59,410.89,2841.11,3252.0,NGVD1929,REPORTED,UNKNOWN,CONSULTANT,UNKNOWN,CONSULTANT,True,unknown_ambiguous,retained_unknown_or_ambiguous_status_or_method,2.6431617647058943,-2.6431617647058943,-2.6431617647058374,3.979039320256561e-13
458745,SRC-GB,13222,89932,2024-04-10,2024-04-10T05:48:59,392.89,2859.11,3252.0,NGVD1929,REPORTED,UNKNOWN,CONSULTANT,UNKNOWN,CONSULTANT,True,unknown_ambiguous,retained_unknown_or_ambiguous_status_or_method,-15.356838235294106,15.356838235294106,15.356838235294163,3.979039320256561e-13
458746,SRC-GB,13222,89932,2024-04-17,2024-04-17T05:48:59,393.87,2858.13,3252.0,NGVD1929,REPORTED,UNKNOWN,CONSULTANT,UNKNOWN,CONSULTANT,True,unknown_ambiguous,retained_unknown_or_ambiguous_status_or_method,-14.376838235294088,14.376838235294088,14.376838235294144,3.979039320256561e-13
458747,SRC-GB,13222,89932,2024-04-24,2024-04-24T05:48:59,394.93,2857.07,3252.0,NGVD1929,REPORTED,UNKNOWN,CONSULTANT,UNKNOWN,CONSULTANT,True,unknown_ambiguous,retained_unknown_or_ambiguous_status_or_method,-13.316838235294085,13.316838235294085,13.316838235294199,3.410605131648481e-13
458748,SRC-GB,13222,89932,2024-05-01,2024-05-01T05:48:59,396.28,2855.72,3252.0,NGVD1929,REPORTED,UNKNOWN,CONSULTANT,UNKNOWN,CONSULTANT,True,unknown_ambiguous,retained_unknown_or_ambiguous_status_or_method,-11.96683823529412,11.96683823529412,11.966838235293835,7.389644451905042e-13
458749,SRC-GB,13222,89932,2024-05-08,2024-05-08T09:48:59,397.51,2854.49,3252.0,NGVD1929,REPORTED,UNKNOWN,CONSULTANT,UNKNOWN,CONSULTANT,True,unknown_ambiguous,retained_unknown_or_ambiguous_status_or_method,-10.736838235294101,10.736838235294101,10.736838235293817,7.389644451905042e-13
458750,SRC-GB,13222,89932,2024-05-15,2024-05-15T05:48:59,397.17,2854.83,3252.0,NGVD1929,REPORTED,UNKNOWN,CONSULTANT,UNKNOWN,CONSULTANT,True,unknown_ambiguous,retained_unknown_or_ambiguous_status_or_method,-11.076838235294076,11.076838235294076,11.076838235293962,5.684341886080801e-13
458740,SRC-GB,13222,89932,2024-03-06,2024-03-06T12:48:59,390.91,2861.09,3252.0,NGVD1929,REPORTED,UNKNOWN,CONSULTANT,UNKNOWN,CONSULTANT,True,unknown_ambiguous,retained_unknown_or_ambiguous_status_or_method,-17.336838235294067,17.336838235294067,17.33683823529418,3.410605131648481e-13
458741,SRC-GB,13222,89932,2024-03-13,2024-03-13T09:48:59,390.8,2861.2,3252.0,NGVD1929,REPORTED,UNKNOWN,CONSULTANT,UNKNOWN,CONSULTANT,True,unknown_ambiguous,retained_unknown_or_ambiguous_status_or_method,-17.44683823529408,17.44683823529408,17.446838235293853,6.821210263296962e-13
458742,SRC-GB,13222,89932,2024-03-20,2024-03-20T05:48:59,389.93,2862.07,3252.0,NGVD1929,REPORTED,UNKNOWN,CONSULTANT,UNKNOWN,CONSULTANT,True,unknown_ambiguous,retained_unknown_or_ambiguous_status_or_method,-18.316838235294085,18.316838235294085,18.3168382352942,3.410605131648481e-13
444199,SRC-GB,13222,89932,2024-03-21,2024-03-21T12:00:00,390.58,2861.42,3252.0,NGVD1929,ETAPE,STATIC,PROFESSIONAL ENGINEER,STATIC,PROFESSIONAL ENGINEER,True,eligible,eligible_static_measurement,-17.666838235294108,17.666838235294108,17.666838235294108,4.547473508864641e-13
458743,SRC-GB,13222,89932,2024-03-27,2024-03-27T05:48:59,389.5,2862.5,3252.0,NGVD1929,REPORTED,UNKNOWN,CONSULTANT,UNKNOWN,CONSULTANT,True,unknown_ambiguous,retained_unknown_or_ambiguous_status_or_method,-18.746838235294092,18.746838235294092,18.746838235294035,5.115907697472721e-13
458744,SRC-GB,13222,89932,2024-04-03,2024-04-03T01:48:59,391.51,2860.49,3252.0,NGVD1929,REPORTED,UNKNOWN,CONSULTANT,UNKNOWN,CONSULTANT,True,unknown_ambiguous,retained_unknown_or_ambiguous_status_or_method,-16.7368382352941,16.7368382352941,16.736838235293817,7.389644451905042e-13
458735,SRC-GB,13222,89932,2024-02-01,2024-02-01T12:48:59,392.58,2859.42,3252.0,NGVD1929,REPORTED,UNKNOWN,CONSULTANT,UNKNOWN,CONSULTANT,True,unknown_ambiguous,retained_unknown_or_ambiguous_status_or_method,-15.666838235294108,15.666838235294108,15.666838235294108,4.547473508864641e-13
458736,SRC-GB,13222,89932,2024-02-08,2024-02-08T12:48:59,392.54,2859.46,3252.0,NGVD1929,REPORTED,UNKNOWN,CONSULTANT,UNKNOWN,CONSULTANT,True,unknown_ambiguous,retained_unknown_or_ambiguous_status_or_method,-15.706838235294072,15.706838235294072,15.706838235294072,4.547473508864641e-13
458737,SRC-GB,13222,89932,2024-02-15,2024-02-15T04:48:59,391.96,2860.04,3252.0,NGVD1929,REPORTED,UNKNOWN,CONSULTANT,UNKNOWN,CONSULTANT,True,unknown_ambiguous,retained_unknown_or_ambiguous_status_or_method,-16.286838235294113,16.286838235294113,16.286838235294,5.684341886080801e-13
458738,SRC-GB,13222,89932,2024-02-22,2024-02-22T12:48:59,391.87,2860.13,3252.0,NGVD1929,REPORTED,UNKNOWN,CONSULTANT,UNKNOWN,CONSULTANT,True,unknown_ambiguous,retained_unknown_or_ambiguous_status_or_method,-16.376838235294088,16.376838235294088,16.376838235294144,3.979039320256561e-13
458739,SRC-GB,13222,89932,2024-02-29,2024-02-29T04:48:59,390.61,2861.39,3252.0,NGVD1929,REPORTED,UNKNOWN,CONSULTANT,UNKNOWN,CONSULTANT,True,unknown_ambiguous,retained_unknown_or_ambiguous_status_or_method,-17.63683823529408,17.63683823529408,17.636838235293908,6.252776074688882e-13
459366,SRC-GB,13222,89932,2024-03-06,2024-03-06T12:00:00,390.25,2861.75,3252.0,NGVD1929,ETAPE,UNKNOWN,CONSULTANT,UNKNOWN,CONSULTANT,True,unknown_ambiguous,retained_unknown_or_ambiguous_status_or_method,-17.996838235294092,17.996838235294092,17.996838235294035,5.115907697472721e-13
458729,SRC-GB,13222,89932,2023-12-27,2023-12-27T04:48:59,396.18,2855.82,3252.0,NGVD1929,REPORTED,UNKNOWN,CONSULTANT,UNKNOWN,CONSULTANT,True,unknown_ambiguous,retained_unknown_or_ambiguous_status_or_method,-12.066838235294085,12.066838235294085,12.066838235294199,3.410605131648481e-13
458730,SRC-GB,13222,89932,2024-01-03,2024-01-03T12:48:59,395.48,2856.52,3252.0,NGVD1929,REPORTED,UNKNOWN,CONSULTANT,UNKNOWN,CONSULTANT,True,unknown_ambiguous,retained_unknown_or_ambiguous_status_or_method,-12.766838235294074,12.766838235294074,12.766838235294017,5.115907697472721e-13
458731,SRC-GB,13222,89932,2024-01-10,2024-01-10T08:48:59,394.55,2857.45,3252.0,NGVD1929,REPORTED,UNKNOWN,CONSULTANT,UNKNOWN,CONSULTANT,True,unknown_ambiguous,retained_unknown_or_ambiguous_status_or_method,-13.69683823529408,13.69683823529408,13.696838235293853,6.821210263296962e-13
458732,SRC-GB,13222,89932,2024-01-16,2024-01-16T04:48:59,394.19,2857.81,3252.0,NGVD1929,REPORTED,UNKNOWN,CONSULTANT,UNKNOWN,CONSULTANT,True,unknown_ambiguous,retained_unknown_or_ambiguous_status_or_method,-14.056838235294094,14.056838235294094,14.05683823529398,5.684341886080801e-13
458733,SRC-GB,13222,89932,2024-01-23,2024-01-23T12:48:59,393.69,2858.31,3252.0,NGVD1929,REPORTED,UNKNOWN,CONSULTANT,UNKNOWN,CONSULTANT,True,unknown_ambiguous,retained_unknown_or_ambiguous_status_or_method,-14.556838235294094,14.556838235294094,14.55683823529398,5.684341886080801e-13
458734,SRC-GB,13222,89932,2024-01-30,2024-01-30T04:48:59,393.32,2858.68,3252.0,NGVD1929,REPORTED,UNKNOWN,CONSULTANT,UNKNOWN,CONSULTANT,True,unknown_ambiguous,retained_unknown_or_ambiguous_status_or_method,-14.926838235294099,14.926838235294099,14.926838235293872,6.821210263296962e-13
458724,SRC-GB,13222,89932,2023-11-23,2023-11-23T12:48:59,400.67,2851.33,3252.0,NGVD1929,REPORTED,UNKNOWN,CONSULTANT,UNKNOWN,CONSULTANT,True,unknown_ambiguous,retained_unknown_or_ambiguous_status_or_method,-7.576838235294076,7.576838235294076,7.5768382352939625,5.684341886080801e-13
458725,SRC-GB,13222,89932,2023-11-30,2023-11-30T12:48:59,399.37,2852.63,3252.0,NGVD1929,REPORTED,UNKNOWN,CONSULTANT,UNKNOWN,CONSULTANT,True,unknown_ambiguous,retained_unknown_or_ambiguous_status_or_method,-8.876838235294088,8.876838235294088,8.876838235294144,3.979039320256561e-13
458726,SRC-GB,13222,89932,2023-12-06,2023-12-06T04:48:59,398.53,2853.47,3252.0,NGVD1929,REPORTED,UNKNOWN,CONSULTANT,UNKNOWN,CONSULTANT,True,unknown_ambiguous,retained_unknown_or_ambiguous_status_or_method,-9.71683823529412,9.71683823529412,9.716838235293835,7.389644451905042e-13
458727,SRC-GB,13222,89932,2023-12-13,2023-12-13T12:48:59,398.05,2853.95,3252.0,NGVD1929,REPORTED,UNKNOWN,CONSULTANT,UNKNOWN,CONSULTANT,True,unknown_ambiguous,retained_unknown_or_ambiguous_status_or_method,-10.19683823529408,10.19683823529408,10.196838235293853,6.821210263296962e-13
459365,SRC-GB,13222,89932,2023-12-14,2023-12-14T12:00:00,406.36,2845.64,3252.0,NGVD1929,ETAPE,UNKNOWN,CONSULTANT,UNKNOWN,CONSULTANT,True,unknown_ambiguous,retained_unknown_or_ambiguous_status_or_method,-1.8868382352940785,1.8868382352940785,1.886838235293908,6.252776074688882e-13
458728,SRC-GB,13222,89932,2023-12-20,2023-12-20T12:48:59,396.84,2855.16,3252.0,NGVD1929,REPORTED,UNKNOWN,CONSULTANT,UNKNOWN,CONSULTANT,True,unknown_ambiguous,retained_unknown_or_ambiguous_status_or_method,-11.406838235294117,11.406838235294117,11.40683823529389,6.821210263296962e-13
458718,SRC-GB,13222,89932,2023-10-12,2023-10-12T05:48:59,407.9,2844.1,3252.0,NGVD1929,REPORTED,UNKNOWN,CONSULTANT,UNKNOWN,CONSULTANT,True,unknown_ambiguous,retained_unknown_or_ambiguous_status_or_method,-0.34683823529411484,0.34683823529411484,0.3468382352939443,6.252776074688882e-13
458719,SRC-GB,13222,89932,2023-10-19,2023-10-19T09:48:59,407.74,2844.26,3252.0,NGVD1929,REPORTED,UNKNOWN,CONSULTANT,UNKNOWN,CONSULTANT,True,unknown_ambiguous,retained_unknown_or_ambiguous_status_or_method,-0.506838235294083,0.506838235294083,0.5068382352942535,2.8421709430404007e-13
458720,SRC-GB,13222,89932,2023-10-26,2023-10-26T01:48:59,407.61,2844.39,3252.0,NGVD1929,REPORTED,UNKNOWN,CONSULTANT,UNKNOWN,CONSULTANT,True,unknown_ambiguous,retained_unknown_or_ambiguous_status_or_method,-0.6368382352940785,0.6368382352940785,0.6368382352939079,6.252776074688882e-13
458721,SRC-GB,13222,89932,2023-11-02,2023-11-02T09:48:59,405.4,2846.6,3252.0,NGVD1929,REPORTED,UNKNOWN,CONSULTANT,UNKNOWN,CONSULTANT,True,unknown_ambiguous,retained_unknown_or_ambiguous_status_or_method,-2.846838235294115,2.846838235294115,2.8468382352939443,6.252776074688882e-13
458722,SRC-GB,13222,89932,2023-11-09,2023-11-09T04:48:59,403.56,2848.44,3252.0,NGVD1929,REPORTED,UNKNOWN,CONSULTANT,UNKNOWN,CONSULTANT,True,unknown_ambiguous,retained_unknown_or_ambiguous_status_or_method,-4.68683823529409,4.68683823529409,4.68683823529409,4.547473508864641e-13
458723,SRC-GB,13222,89932,2023-11-16,2023-11-16T12:48:59,401.75,2850.25,3252.0,NGVD1929,REPORTED,UNKNOWN,CONSULTANT,UNKNOWN,CONSULTANT,True,unknown_ambiguous,retained_unknown_or_ambiguous_status_or_method,-6.496838235294092,6.496838235294092,6.496838235294035,5.115907697472721e-13
458715,SRC-GB,13222,89932,2023-09-22,2023-09-22T01:48:59,409.13,2842.87,3252.0,NGVD1929,REPORTED,UNKNOWN,CONSULTANT,UNKNOWN,CONSULTANT,True,unknown_ambiguous,retained_unknown_or_ambiguous_status_or_method,0.8831617647059034,-0.8831617647059034,-0.8831617647060739,6.252776074688882e-13
458716,SRC-GB,13222,89932,2023-09-27,2023-09-27T01:48:59,408.77,2843.23,3252.0,NGVD1929,REPORTED,UNKNOWN,CONSULTANT,UNKNOWN,CONSULTANT,True,unknown_ambiguous,retained_unknown_or_ambiguous_status_or_method,0.5231617647058897,-0.5231617647058897,-0.5231617647059466,5.115907697472721e-13
441175,SRC-GB,13222,89932,2023-10-01,2023-10-01T01:48:00,408.47,2843.53,3252.0,NGVD1929,REPORTED,STATIC,CONSULTANT,STATIC,CONSULTANT,True,eligible,eligible_static_measurement,0.22316176470593518,-0.22316176470593518,-0.22316176470576465,2.8421709430404007e-13
458717,SRC-GB,13222,89932,2023-10-05,2023-10-05T09:48:59,408.52,2843.48,3252.0,NGVD1929,REPORTED,UNKNOWN,CONSULTANT,UNKNOWN,CONSULTANT,True,unknown_ambiguous,retained_unknown_or_ambiguous_status_or_method,0.2731617647058897,-0.2731617647058897,-0.27316176470594655,5.115907697472721e-13
441109,SRC-GB,13222,89932,2023-10-05,2023-10-05T12:00:00,408.74,2843.26,3252.0,NGVD1929,ETAPE,STATIC,CONSULTANT,STATIC,CONSULTANT,True,eligible,eligible_static_measurement,0.493161764705917,-0.493161764705917,-0.49316176470574646,2.8421709430404007e-13
441176,SRC-GB,13222,89932,2023-10-05,2023-10-05T09:48:00,408.42,2843.58,3252.0,NGVD1929,REPORTED,STATIC,CONSULTANT,STATIC,CONSULTANT,True,eligible,eligible_static_measurement,0.17316176470592382,-0.17316176470592382,-0.1731617647060375,5.684341886080801e-13
441108,SRC-GB,13222,89932,2023-06-21,2023-06-21T12:00:00,402.86,2849.14,3252.0,NGVD1929,ETAPE,STATIC,CONSULTANT,STATIC,CONSULTANT,True,eligible,eligible_static_measurement,-5.3868382352940785,5.3868382352940785,5.386838235293908,6.252776074688882e-13
441172,SRC-GB,13222,89932,2023-07-01,2023-07-01T01:48:59,402.66,2849.34,3252.0,NGVD1929,REPORTED,STATIC,CONSULTANT,STATIC,CONSULTANT,True,eligible,eligible_static_measurement,-5.586838235294067,5.586838235294067,5.586838235294181,3.410605131648481e-13
441173,SRC-GB,13222,89932,2023-08-01,2023-08-01T01:48:59,406.28,2845.72,3252.0,NGVD1929,REPORTED,STATIC,CONSULTANT,STATIC,CONSULTANT,True,eligible,eligible_static_measurement,-1.9668382352941194,1.9668382352941194,1.9668382352938352,7.389644451905042e-13
441174,SRC-GB,13222,89932,2023-09-01,2023-09-01T01:48:59,407.99,2844.01,3252.0,NGVD1929,REPORTED,STATIC,CONSULTANT,STATIC,CONSULTANT,True,eligible,eligible_static_measurement,-0.256838235294083,0.256838235294083,0.25683823529425354,2.8421709430404007e-13
458713,SRC-GB,13222,89932,2023-09-08,2023-09-08T05:48:59,409.04,2842.96,3252.0,NGVD1929,REPORTED,UNKNOWN,CONSULTANT,UNKNOWN,CONSULTANT,True,unknown_ambiguous,retained_unknown_or_ambiguous_status_or_method,0.7931617647059284,-0.7931617647059284,-0.7931617647059284,4.547473508864641e-13
458714,SRC-GB,13222,89932,2023-09-15,2023-09-15T01:48:59,409.3,2842.7,3252.0,NGVD1929,REPORTED,UNKNOWN,CONSULTANT,UNKNOWN,CONSULTANT,True,unknown_ambiguous,retained_unknown_or_ambiguous_status_or_method,1.0531617647059193,-1.0531617647059193,-1.0531617647061466,6.821210263296962e-13
441168,SRC-GB,13222,89932,2023-03-01,2023-03-01T12:48:59,397.12,2854.88,3252.0,NGVD1929,REPORTED,STATIC,CONSULTANT,STATIC,CONSULTANT,True,eligible,eligible_static_measurement,-11.126838235294088,11.126838235294088,11.126838235294144,3.979039320256561e-13
428320,SRC-GB,13222,89932,2023-03-20,2023-03-20T12:00:00,394.22,2857.78,3252.0,NGVD1929,ETAPE,STATIC,PROFESSIONAL ENGINEER,STATIC,PROFESSIONAL ENGINEER,True,eligible,eligible_static_measurement,-14.026838235294065,14.026838235294065,14.026838235294235,2.8421709430404007e-13
441107,SRC-GB,13222,89932,2023-03-21,2023-03-21T12:00:00,395.89,2856.11,3252.0,NGVD1929,ETAPE,STATIC,CONSULTANT,STATIC,CONSULTANT,True,eligible,eligible_static_measurement,-12.356838235294106,12.356838235294106,12.356838235294163,3.979039320256561e-13
441169,SRC-GB,13222,89932,2023-04-01,2023-04-01T01:48:59,397.08,2854.92,3252.0,NGVD1929,REPORTED,STATIC,CONSULTANT,STATIC,CONSULTANT,True,eligible,eligible_static_measurement,-11.166838235294108,11.166838235294108,11.166838235294108,4.547473508864641e-13
441170,SRC-GB,13222,89932,2023-05-01,2023-05-01T01:48:59,400.04,2851.96,3252.0,NGVD1929,REPORTED,STATIC,CONSULTANT,STATIC,CONSULTANT,True,eligible,eligible_static_measurement,-8.206838235294072,8.206838235294072,8.206838235294072,4.547473508864641e-13
441171,SRC-GB,13222,89932,2023-06-01,2023-06-01T01:48:59,402.14,2849.86,3252.0,NGVD1929,REPORTED,STATIC,CONSULTANT,STATIC,CONSULTANT,True,eligible,eligible_static_measurement,-6.106838235294106,6.106838235294106,6.106838235294163,3.979039320256561e-13
441163,SRC-GB,13222,89932,2022-10-01,2022-10-01T01:48:59,417.85,2834.15,3252.0,NGVD1929,REPORTED,STATIC,CONSULTANT,STATIC,CONSULTANT,True,eligible,eligible_static_measurement,9.60316176470593,-9.60316176470593,-9.603161764705874,3.979039320256561e-13
441164,SRC-GB,13222,89932,2022-11-01,2022-11-01T01:48:59,415.84,2836.16,3252.0,NGVD1929,REPORTED,STATIC,CONSULTANT,STATIC,CONSULTANT,True,eligible,eligible_static_measurement,7.593161764705883,-7.593161764705883,-7.59316176470611,6.821210263296962e-13
441165,SRC-GB,13222,89932,2022-12-01,2022-12-01T12:48:59,406.67,2845.33,3252.0,NGVD1929,REPORTED,STATIC,CONSULTANT,STATIC,CONSULTANT,True,eligible,eligible_static_measurement,-1.5768382352940762,1.5768382352940762,1.5768382352939625,5.684341886080801e-13
441106,SRC-GB,13222,89932,2022-12-21,2022-12-21T12:00:00,404.81,2847.19,3252.0,NGVD1929,ETAPE,STATIC,CONSULTANT,STATIC,CONSULTANT,True,eligible,eligible_static_measurement,-3.43683823529409,3.43683823529409,3.43683823529409,4.547473508864641e-13
441166,SRC-GB,13222,89932,2023-01-01,2023-01-01T12:48:59,403.04,2848.96,3252.0,NGVD1929,REPORTED,STATIC,CONSULTANT,STATIC,CONSULTANT,True,eligible,eligible_static_measurement,-5.206838235294072,5.206838235294072,5.206838235294072,4.547473508864641e-13
441167,SRC-GB,13222,89932,2023-02-01,2023-02-01T12:48:59,399.8,2852.2,3252.0,NGVD1929,REPORTED,STATIC,CONSULTANT,STATIC,CONSULTANT,True,eligible,eligible_static_measurement,-8.44683823529408,8.44683823529408,8.446838235293853,6.821210263296962e-13
425988,SRC-GB,13222,89932,2022-05-01,2022-05-01T12:37:00,404.16,2847.84,3252.0,NGVD1929,REPORTED,UNKNOWN,CONSULTANT,UNKNOWN,CONSULTANT,True,unknown_ambiguous,retained_unknown_or_ambiguous_status_or_method,-4.086838235294067,4.086838235294067,4.086838235294181,3.410605131648481e-13
425989,SRC-GB,13222,89932,2022-05-13,2022-05-13T09:37:00,404.44,2847.56,3252.0,NGVD1929,REPORTED,UNKNOWN,CONSULTANT,UNKNOWN,CONSULTANT,True,unknown_ambiguous,retained_unknown_or_ambiguous_status_or_method,-3.8068382352940944,3.8068382352940944,3.8068382352939807,5.684341886080801e-13
425990,SRC-GB,13222,89932,2022-08-19,2022-08-19T01:48:00,419.93,2832.07,3252.0,NGVD1929,REPORTED,UNKNOWN,CONSULTANT,UNKNOWN,CONSULTANT,True,unknown_ambiguous,retained_unknown_or_ambiguous_status_or_method,11.683161764705915,-11.683161764705915,-11.683161764705801,3.410605131648481e-13
425991,SRC-GB,13222,89932,2022-09-01,2022-09-01T01:48:00,418.94,2833.06,3252.0,NGVD1929,REPORTED,UNKNOWN,CONSULTANT,UNKNOWN,CONSULTANT,True,unknown_ambiguous,retained_unknown_or_ambiguous_status_or_method,10.693161764705906,-10.693161764705906,-10.69316176470602,5.684341886080801e-13
441162,SRC-GB,13222,89932,2022-09-01,2022-09-01T01:48:59,418.94,2833.06,3252.0,NGVD1929,REPORTED,STATIC,CONSULTANT,STATIC,CONSULTANT,True,eligible,eligible_static_measurement,10.693161764705906,-10.693161764705906,-10.69316176470602,5.684341886080801e-13
425992,SRC-GB,13222,89932,2022-09-30,2022-09-30T09:48:00,418.03,2833.97,3252.0,NGVD1929,REPORTED,UNKNOWN,CONSULTANT,UNKNOWN,CONSULTANT,True,unknown_ambiguous,retained_unknown_or_ambiguous_status_or_method,9.78316176470588,-9.78316176470588,-9.783161764706165,7.389644451905042e-13
425983,SRC-GB,13222,89932,2021-12-01,2021-12-01T02:37:00,413.99,2838.01,3252.0,NGVD1929,REPORTED,UNKNOWN,CONSULTANT,UNKNOWN,CONSULTANT,True,unknown_ambiguous,retained_unknown_or_ambiguous_status_or_method,5.743161764705917,-5.743161764705917,-5.7431617647057465,2.8421709430404007e-13
425984,SRC-GB,13222,89932,2022-01-01,2022-01-01T02:37:00,410.06,2841.94,3252.0,NGVD1929,REPORTED,UNKNOWN,CONSULTANT,UNKNOWN,CONSULTANT,True,unknown_ambiguous,retained_unknown_or_ambiguous_status_or_method,1.8131617647059102,-1.8131617647059102,-1.8131617647059102,4.547473508864641e-13
425985,SRC-GB,13222,89932,2022-02-01,2022-02-01T02:37:00,404.36,2847.64,3252.0,NGVD1929,REPORTED,UNKNOWN,CONSULTANT,UNKNOWN,CONSULTANT,True,unknown_ambiguous,retained_unknown_or_ambiguous_status_or_method,-3.8868382352940785,3.8868382352940785,3.886838235293908,6.252776074688882e-13
425986,SRC-GB,13222,89932,2022-03-01,2022-03-01T02:37:00,400.3,2851.7,3252.0,NGVD1929,REPORTED,UNKNOWN,CONSULTANT,UNKNOWN,CONSULTANT,True,unknown_ambiguous,retained_unknown_or_ambiguous_status_or_method,-7.946838235294081,7.946838235294081,7.946838235293853,6.821210263296962e-13
416704,SRC-GB,13222,89932,2022-03-29,2022-03-29T12:00:00,411.08,2840.92,3252.0,NGVD1929,ETAPE,STATIC,PROFESSIONAL ENGINEER,STATIC,PROFESSIONAL ENGINEER,True,eligible,eligible_static_measurement,2.833161764705892,-2.833161764705892,-2.833161764705892,4.547473508864641e-13
425987,SRC-GB,13222,89932,2022-04-01,2022-04-01T12:37:00,403.46,2848.54,3252.0,NGVD1929,REPORTED,UNKNOWN,CONSULTANT,UNKNOWN,CONSULTANT,True,unknown_ambiguous,retained_unknown_or_ambiguous_status_or_method,-4.786838235294113,4.786838235294113,4.786838235293999,5.684341886080801e-13
422304,SRC-GB,13222,89932,2021-06-01,2021-06-01T02:37:18,427.56,2824.44,3252.0,NGVD1929,REPORTED,STATIC,CONSULTANT,STATIC,CONSULTANT,True,eligible,eligible_static_measurement,19.31316176470591,-19.31316176470591,-19.31316176470591,4.547473508864641e-13
422305,SRC-GB,13222,89932,2021-07-01,2021-07-01T02:37:18,433.5,2818.5,3252.0,NGVD1929,REPORTED,STATIC,CONSULTANT,STATIC,CONSULTANT,True,eligible,eligible_static_measurement,25.253161764705908,-25.253161764705908,-25.253161764705965,5.115907697472721e-13
422306,SRC-GB,13222,89932,2021-07-29,2021-07-29T02:37:18,435.72,2816.28,3252.0,NGVD1929,REPORTED,STATIC,CONSULTANT,STATIC,CONSULTANT,True,eligible,eligible_static_measurement,27.473161764705935,-27.473161764705935,-27.473161764705765,2.8421709430404007e-13
425980,SRC-GB,13222,89932,2021-09-28,2021-09-28T12:37:00,429.97,2822.03,3252.0,NGVD1929,REPORTED,UNKNOWN,CONSULTANT,UNKNOWN,CONSULTANT,True,unknown_ambiguous,retained_unknown_or_ambiguous_status_or_method,21.723161764705935,-21.723161764705935,-21.723161764705765,2.8421709430404007e-13
425981,SRC-GB,13222,89932,2021-10-01,2021-10-01T12:37:00,429.68,2822.32,3252.0,NGVD1929,REPORTED,UNKNOWN,CONSULTANT,UNKNOWN,CONSULTANT,True,unknown_ambiguous,retained_unknown_or_ambiguous_status_or_method,21.433161764705915,-21.433161764705915,-21.4331617647058,3.410605131648481e-13
425982,SRC-GB,13222,89932,2021-11-01,2021-11-01T12:37:00,425.88,2826.12,3252.0,NGVD1929,REPORTED,UNKNOWN,CONSULTANT,UNKNOWN,CONSULTANT,True,unknown_ambiguous,retained_unknown_or_ambiguous_status_or_method,17.633161764705903,-17.633161764705903,-17.633161764706074,6.252776074688882e-13
422299,SRC-GB,13222,89932,2021-01-01,2021-01-01T02:37:18,423.48,2828.52,3252.0,NGVD1929,REPORTED,STATIC,CONSULTANT,STATIC,CONSULTANT,True,eligible,eligible_static_measurement,15.233161764705926,-15.233161764705926,-15.233161764705983,5.115907697472721e-13
422300,SRC-GB,13222,89932,2021-02-01,2021-02-01T02:37:18,417.02,2834.98,3252.0,NGVD1929,REPORTED,STATIC,CONSULTANT,STATIC,CONSULTANT,True,eligible,eligible_static_measurement,8.77316176470589,-8.77316176470589,-8.773161764705947,5.115907697472721e-13
422301,SRC-GB,13222,89932,2021-03-01,2021-03-01T02:37:18,412.28,2839.72,3252.0,NGVD1929,REPORTED,STATIC,CONSULTANT,STATIC,CONSULTANT,True,eligible,eligible_static_measurement,4.033161764705881,-4.033161764705881,-4.033161764706165,7.389644451905042e-13
414015,SRC-GB,13222,89932,2021-03-31,2021-03-31T12:00:00,422.26,2829.74,3252.0,NGVD1929,ETAPE,STATIC,PROFESSIONAL ENGINEER,STATIC,PROFESSIONAL ENGINEER,True,eligible,eligible_static_measurement,14.013161764705899,-14.013161764705899,-14.013161764706183,7.389644451905042e-13
422302,SRC-GB,13222,89932,2021-04-01,2021-04-01T02:37:18,416.52,2835.48,3252.0,NGVD1929,REPORTED,STATIC,CONSULTANT,STATIC,CONSULTANT,True,eligible,eligible_static_measurement,8.27316176470589,-8.27316176470589,-8.273161764705947,5.115907697472721e-13
422303,SRC-GB,13222,89932,2021-05-01,2021-05-01T02:37:18,418.51,2833.49,3252.0,NGVD1929,REPORTED,STATIC,CONSULTANT,STATIC,CONSULTANT,True,eligible,eligible_static_measurement,10.263161764705899,-10.263161764705899,-10.263161764706183,7.389644451905042e-13
350893,SRC-GB,13222,89932,2019-03-22,2019-03-22T12:00:00,438.1,2813.9,3252.0,NGVD1929,ETAPE,STATIC,PROFESSIONAL ENGINEER,STATIC,PROFESSIONAL ENGINEER,True,eligible,eligible_static_measurement,29.85316176470593,-29.85316176470593,-29.853161764705874,3.979039320256561e-13
395103,SRC-GB,13222,89932,2020-03-31,2020-03-31T12:00:00,429.73,2822.27,3252.0,NGVD1929,ETAPE,STATIC,PROFESSIONAL ENGINEER,STATIC,PROFESSIONAL ENGINEER,True,eligible,eligible_static_measurement,21.483161764705926,-21.483161764705926,-21.483161764705983,5.115907697472721e-13
422295,SRC-GB,13222,89932,2020-09-15,2020-09-15T12:37:18,451.69,2800.31,3252.0,NGVD1929,REPORTED,STATIC,CONSULTANT,STATIC,CONSULTANT,True,eligible,eligible_static_measurement,43.443161764705906,-43.443161764705906,-43.44316176470602,5.684341886080801e-13
422296,SRC-GB,13222,89932,2020-10-01,2020-10-01T12:37:18,449.71,2802.29,3252.0,NGVD1929,REPORTED,STATIC,CONSULTANT,STATIC,CONSULTANT,True,eligible,eligible_static_measurement,41.46316176470589,-41.46316176470589,-41.463161764706,5.684341886080801e-13
422297,SRC-GB,13222,89932,2020-11-01,2020-11-01T12:37:18,445.25,2806.75,3252.0,NGVD1929,REPORTED,STATIC,CONSULTANT,STATIC,CONSULTANT,True,eligible,eligible_static_measurement,37.00316176470591,-37.00316176470591,-37.003161764705965,5.115907697472721e-13
422298,SRC-GB,13222,89932,2020-12-01,2020-12-01T02:37:18,438.22,2813.78,3252.0,NGVD1929,REPORTED,STATIC,CONSULTANT,STATIC,CONSULTANT,True,eligible,eligible_static_measurement,29.973161764705935,-29.973161764705935,-29.973161764705765,2.8421709430404007e-13
220382,SRC-GB,13222,89932,2013-03-28,2013-03-28T12:00:00,427.58,2824.42,3252.0,NGVD1929,UNKNOWN,UNKNOWN,PROFESSIONAL ENGINEER,UNKNOWN,PROFESSIONAL ENGINEER,True,unknown_ambiguous,retained_unknown_or_ambiguous_status_or_method,19.333161764705892,-19.333161764705892,-19.333161764705892,4.547473508864641e-13
231595,SRC-GB,13222,89932,2014-03-20,2014-03-20T12:00:00,428.9,2823.1,3252.0,NGVD1929,ETAPE,STATIC,PROFESSIONAL ENGINEER,STATIC,PROFESSIONAL ENGINEER,True,eligible,eligible_static_measurement,20.653161764705885,-20.653161764705885,-20.653161764706056,6.252776074688882e-13
256927,SRC-GB,13222,89932,2015-03-19,2015-03-19T12:00:00,432.58,2819.42,3252.0,NGVD1929,AIRLINE,STATIC,PROFESSIONAL ENGINEER,STATIC,PROFESSIONAL ENGINEER,True,eligible,eligible_static_measurement,24.333161764705892,-24.333161764705892,-24.333161764705892,4.547473508864641e-13
273625,SRC-GB,13222,89932,2016-03-24,2016-03-24T12:00:00,436.55,2815.45,3252.0,NGVD1929,ETAPE,STATIC,PROFESSIONAL ENGINEER,STATIC,PROFESSIONAL ENGINEER,True,eligible,eligible_static_measurement,28.30316176470592,-28.30316176470592,-28.303161764706147,6.821210263296962e-13
290942,SRC-GB,13222,89932,2017-03-31,2017-03-31T12:00:00,435.8,2816.2,3252.0,NGVD1929,ETAPE,STATIC,PROFESSIONAL ENGINEER,STATIC,PROFESSIONAL ENGINEER,True,eligible,eligible_static_measurement,27.55316176470592,-27.55316176470592,-27.553161764706147,6.821210263296962e-13
342902,SRC-GB,13222,89932,2018-03-28,2018-03-28T12:00:00,440.4,2811.6,3252.0,NGVD1929,ETAPE,STATIC,PROFESSIONAL ENGINEER,STATIC,PROFESSIONAL ENGINEER,True,eligible,eligible_static_measurement,32.153161764705885,-32.153161764705885,-32.153161764706056,6.252776074688882e-13
145984,SRC-GA,11933,105198,1980-12-11,1980-12-11T12:00:00,414.0,2838.0,3252.0,NAVD1988,REPORTED,STATIC,DRILLER,STATIC,DRILLER,True,eligible,eligible_static_measurement,-3.541333333333341,3.541333333333341,3.5413333333340233,6.821210263296962e-13
145985,SRC-GA,11933,105198,2007-03-13,2007-03-13T12:00:00,403.0,2849.0,3252.0,NAVD1988,AIRLINE,UNKNOWN,OWNER,UNKNOWN,OWNER,True,unknown_ambiguous,retained_unknown_or_ambiguous_status_or_method,-14.541333333333341,14.541333333333341,14.541333333334023,6.821210263296962e-13
160741,SRC-GA,11933,105198,2008-03-17,2008-03-17T12:00:00,406.13,2845.87,3252.0,NAVD1988,AIRLINE,STATIC,CWRE,STATIC,CWRE,True,eligible,eligible_static_measurement,-11.411333333333346,11.411333333333346,11.411333333333914,5.684341886080801e-13
172549,SRC-GA,11933,105198,2009-03-18,2009-03-18T12:00:00,406.13,2845.87,3252.0,NAVD1988,AIRLINE,STATIC,CWRE,STATIC,CWRE,True,eligible,eligible_static_measurement,-11.411333333333346,11.411333333333346,11.411333333333914,5.684341886080801e-13
176472,SRC-GA,11933,105198,2010-03-19,2010-03-19T12:00:00,427.13,2824.87,3252.0,NAVD1988,AIRLINE,STATIC,PROFESSIONAL ENGINEER,STATIC,PROFESSIONAL ENGINEER,True,eligible,eligible_static_measurement,9.588666666666654,-9.588666666666654,-9.588666666666086,5.684341886080801e-13
220464,SRC-GA,11933,105198,2011-03-14,2011-03-14T12:00:00,420.0,2832.0,3252.0,NAVD1988,REPORTED,STATIC,DRILLER,STATIC,DRILLER,True,eligible,eligible_static_measurement,2.458666666666659,-2.458666666666659,-2.4586666666659767,6.821210263296962e-13
416719,SRC-GA,11933,105198,2022-03-29,2022-03-29T12:00:00,412.2,2839.8,3252.0,NAVD1988,AIRLINE,UNKNOWN,PROFESSIONAL ENGINEER,UNKNOWN,PROFESSIONAL ENGINEER,True,unknown_ambiguous,retained_unknown_or_ambiguous_status_or_method,-5.341333333333353,5.341333333333353,5.341333333334205,8.526512829121202e-13
428318,SRC-GA,11933,105198,2023-03-20,2023-03-20T12:00:00,,,3252.0,NAVD1988,NOT MEASURED,UNKNOWN,PROFESSIONAL ENGINEER,UNKNOWN,PROFESSIONAL ENGINEER,False,excluded,excluded_not_measured,,,,
444195,SRC-GA,11933,105198,2024-03-21,2024-03-21T12:00:00,,,3252.0,NAVD1988,NOT MEASURED,UNKNOWN,PROFESSIONAL ENGINEER,UNKNOWN,PROFESSIONAL ENGINEER,False,excluded,excluded_not_measured,,,,
465105,SRC-GA,11933,105198,2025-03-31,2025-03-31T12:00:00,,,3252.0,NAVD1988,NOT MEASURED,UNKNOWN,PROFESSIONAL ENGINEER,UNKNOWN,PROFESSIONAL ENGINEER,False,excluded,excluded_not_measured,,,,
475711,SRC-GA,11933,105198,2026-03-19,2026-03-19T12:00:00,,,3252.0,NAVD1988,NOT MEASURED,UNKNOWN,PROFESSIONAL ENGINEER,UNKNOWN,PROFESSIONAL ENGINEER,False,excluded,excluded_not_measured,,,,
273624,SRC-GA,11933,105198,2016-03-24,2016-03-24T12:00:00,,,3252.0,NAVD1988,NOT MEASURED,UNKNOWN,PROFESSIONAL ENGINEER,UNKNOWN,PROFESSIONAL ENGINEER,False,excluded,excluded_not_measured,,,,
290941,SRC-GA,11933,105198,2017-03-31,2017-03-31T12:00:00,,,3252.0,NAVD1988,AIRLINE,STATIC,PROFESSIONAL ENGINEER,STATIC,PROFESSIONAL ENGINEER,False,excluded,excluded_missing_numeric_bls,,,,
342900,SRC-GA,11933,105198,2018-03-28,2018-03-28T12:00:00,,,3252.0,NAVD1988,NOT MEASURED,UNKNOWN,PROFESSIONAL ENGINEER,UNKNOWN,PROFESSIONAL ENGINEER,False,excluded,excluded_not_measured,,,,
350892,SRC-GA,11933,105198,2019-03-22,2019-03-22T12:00:00,,,3252.0,NAVD1988,NOT MEASURED,UNKNOWN,PROFESSIONAL ENGINEER,UNKNOWN,PROFESSIONAL ENGINEER,False,excluded,excluded_not_measured,,,,
395104,SRC-GA,11933,105198,2020-03-20,2020-03-20T12:00:00,429.49,2822.51,3252.0,NAVD1988,AIRLINE,STATIC,PROFESSIONAL ENGINEER,STATIC,PROFESSIONAL ENGINEER,True,eligible,eligible_static_measurement,11.948666666666668,-11.948666666666668,-11.948666666665758,9.094947017729282e-13
414014,SRC-GA,11933,105198,2021-03-31,2021-03-31T12:00:00,423.72,2828.28,3252.0,NAVD1988,AIRLINE,STATIC,PROFESSIONAL ENGINEER,STATIC,PROFESSIONAL ENGINEER,True,eligible,eligible_static_measurement,6.178666666666686,-6.178666666666686,-6.178666666665777,9.094947017729282e-13
220465,SRC-GA,11933,105198,2011-03-18,2011-03-18T12:00:00,420.0,2832.0,3252.0,NAVD1988,REPORTED,STATIC,DRILLER,STATIC,DRILLER,True,eligible,eligible_static_measurement,2.458666666666659,-2.458666666666659,-2.4586666666659767,6.821210263296962e-13
198825,SRC-GA,11933,105198,2011-03-28,2011-03-28T12:00:00,424.36,2827.64,3252.0,NAVD1988,ETAPE,STATIC,PROFESSIONAL ENGINEER,STATIC,PROFESSIONAL ENGINEER,True,eligible,eligible_static_measurement,6.818666666666672,-6.818666666666672,-6.818666666666104,5.684341886080801e-13
216935,SRC-GA,11933,105198,2012-03-23,2012-03-23T12:00:00,407.86,2844.14,3252.0,NAVD1988,ETAPE,STATIC,PROFESSIONAL ENGINEER,STATIC,PROFESSIONAL ENGINEER,True,eligible,eligible_static_measurement,-9.681333333333328,9.681333333333328,9.681333333333896,5.684341886080801e-13
220381,SRC-GA,11933,105198,2013-03-28,2013-03-28T12:00:00,409.8,2842.2,3252.0,NAVD1988,AIRLINE,STATIC,PROFESSIONAL ENGINEER,STATIC,PROFESSIONAL ENGINEER,True,eligible,eligible_static_measurement,-7.74133333333333,7.74133333333333,7.741333333333841,5.115907697472721e-13
231603,SRC-GA,11933,105198,2014-03-20,2014-03-20T12:00:00,409.8,2842.2,3252.0,NAVD1988,AIRLINE,STATIC,PROFESSIONAL ENGINEER,STATIC,PROFESSIONAL ENGINEER,True,eligible,eligible_static_measurement,-7.74133333333333,7.74133333333333,7.741333333333841,5.115907697472721e-13
256928,SRC-GA,11933,105198,2015-03-19,2015-03-19T12:00:00,449.5,2802.5,3252.0,NAVD1988,AIRLINE,STATIC,PROFESSIONAL ENGINEER,STATIC,PROFESSIONAL ENGINEER,True,eligible,eligible_static_measurement,31.95866666666666,-31.95866666666666,-31.958666666665977,6.821210263296962e-13
278241,SRC-GC,20226,114180,2014-11-28,2014-11-28T12:00:00,435.0,2818.0,3253.0,NGVD1929,REPORTED,UNKNOWN,DRILLER,UNKNOWN,DRILLER,True,unknown_ambiguous,retained_unknown_or_ambiguous_status_or_method,19.160947368420977,-19.160947368420977,-19.160947368421603,6.252776074688882e-13
367238,SRC-GC,20226,114180,2015-04-15,2015-04-15T08:59:00,432.15,2820.85,3253.0,NGVD1929,REPORTED,STATIC,CONSULTANT,STATIC,CONSULTANT,True,eligible,eligible_static_measurement,16.310947368420955,-16.310947368420955,-16.310947368421694,7.389644451905042e-13
367239,SRC-GC,20226,114180,2015-05-15,2015-05-15T08:59:00,434.85,2818.15,3253.0,NGVD1929,REPORTED,STATIC,CONSULTANT,STATIC,CONSULTANT,True,eligible,eligible_static_measurement,19.010947368421,-19.010947368421,-19.010947368421512,5.115907697472721e-13
367240,SRC-GC,20226,114180,2015-06-16,2015-06-16T08:59:00,440.2,2812.8,3253.0,NGVD1929,REPORTED,STATIC,CONSULTANT,STATIC,CONSULTANT,True,eligible,eligible_static_measurement,24.360947368420966,-24.360947368420966,-24.36094736842142,4.547473508864641e-13
367241,SRC-GC,20226,114180,2015-07-13,2015-07-13T08:59:00,442.5,2810.5,3253.0,NGVD1929,REPORTED,STATIC,CONSULTANT,STATIC,CONSULTANT,True,eligible,eligible_static_measurement,26.660947368420977,-26.660947368420977,-26.660947368421603,6.252776074688882e-13
367242,SRC-GC,20226,114180,2015-08-15,2015-08-15T12:23:00,444.17,2808.83,3253.0,NGVD1929,REPORTED,STATIC,CONSULTANT,STATIC,CONSULTANT,True,eligible,eligible_static_measurement,28.330947368420993,-28.330947368420993,-28.330947368421675,6.821210263296962e-13
472703,SRC-GC,20226,114180,2025-07-01,2025-07-01T07:04:00,437.38,2815.62,3253.0,NGVD1929,REPORTED,UNKNOWN,CONSULTANT,UNKNOWN,CONSULTANT,True,unknown_ambiguous,retained_unknown_or_ambiguous_status_or_method,21.540947368420973,-21.540947368420973,-21.540947368421712,7.389644451905042e-13
472704,SRC-GC,20226,114180,2025-08-01,2025-08-01T12:28:00,440.78,2812.22,3253.0,NGVD1929,REPORTED,UNKNOWN,CONSULTANT,UNKNOWN,CONSULTANT,True,unknown_ambiguous,retained_unknown_or_ambiguous_status_or_method,24.94094736842095,-24.94094736842095,-24.940947368421803,8.526512829121202e-13
472705,SRC-GC,20226,114180,2025-09-01,2025-09-01T07:04:00,441.98,2811.02,3253.0,NGVD1929,REPORTED,UNKNOWN,CONSULTANT,UNKNOWN,CONSULTANT,True,unknown_ambiguous,retained_unknown_or_ambiguous_status_or_method,26.140947368420996,-26.140947368420996,-26.14094736842162,6.252776074688882e-13
474797,SRC-GC,20226,114180,2026-03-19,2026-03-19T07:00:00,391.3,2861.7,3253.0,NGVD1929,ETAPE,STATIC,PROFESSIONAL ENGINEER,STATIC,PROFESSIONAL ENGINEER,True,eligible,eligible_static_measurement,-24.53905263157901,24.53905263157901,24.539052631578215,7.958078640513122e-13
472698,SRC-GC,20226,114180,2025-01-01,2025-01-01T12:49:00,302.98,2950.02,3253.0,NGVD1929,REPORTED,UNKNOWN,CONSULTANT,UNKNOWN,CONSULTANT,True,unknown_ambiguous,retained_unknown_or_ambiguous_status_or_method,-112.859052631579,112.859052631579,112.85905263157838,6.252776074688882e-13
472699,SRC-GC,20226,114180,2025-02-01,2025-02-01T01:14:00,292.28,2960.72,3253.0,NGVD1929,REPORTED,UNKNOWN,CONSULTANT,UNKNOWN,CONSULTANT,True,unknown_ambiguous,retained_unknown_or_ambiguous_status_or_method,-123.55905263157905,123.55905263157905,123.5590526315782,8.526512829121202e-13
472700,SRC-GC,20226,114180,2025-03-01,2025-03-01T01:25:00,387.98,2865.02,3253.0,NGVD1929,REPORTED,UNKNOWN,CONSULTANT,UNKNOWN,CONSULTANT,True,unknown_ambiguous,retained_unknown_or_ambiguous_status_or_method,-27.859052631579004,27.859052631579004,27.85905263157838,6.252776074688882e-13
465108,SRC-GC,20226,114180,2025-03-31,2025-03-31T12:00:00,391.3,2861.7,3253.0,NGVD1929,TRANSDUCER,STATIC,PROFESSIONAL ENGINEER,STATIC,PROFESSIONAL ENGINEER,True,eligible,eligible_static_measurement,-24.53905263157901,24.53905263157901,24.539052631578215,7.958078640513122e-13
472701,SRC-GC,20226,114180,2025-04-01,2025-04-01T02:15:00,391.68,2861.32,3253.0,NGVD1929,REPORTED,UNKNOWN,CONSULTANT,UNKNOWN,CONSULTANT,True,unknown_ambiguous,retained_unknown_or_ambiguous_status_or_method,-24.159052631579016,24.159052631579016,24.15905263157856,4.547473508864641e-13
472702,SRC-GC,20226,114180,2025-06-05,2025-06-05T06:02:00,396.08,2856.92,3253.0,NGVD1929,REPORTED,UNKNOWN,CONSULTANT,UNKNOWN,CONSULTANT,True,unknown_ambiguous,retained_unknown_or_ambiguous_status_or_method,-19.75905263157904,19.75905263157904,19.75905263157847,5.684341886080801e-13
459380,SRC-GC,20226,114180,2024-09-12,2024-09-12T12:00:00,407.86,2845.14,3253.0,NGVD1929,ETAPE,UNKNOWN,CONSULTANT,UNKNOWN,CONSULTANT,True,unknown_ambiguous,retained_unknown_or_ambiguous_status_or_method,-7.979052631579009,7.979052631579009,7.97905263157827,7.389644451905042e-13
458704,SRC-GC,20226,114180,2024-09-16,2024-09-16T04:34:07,409.08,2843.92,3253.0,NGVD1929,REPORTED,UNKNOWN,CONSULTANT,UNKNOWN,CONSULTANT,True,unknown_ambiguous,retained_unknown_or_ambiguous_status_or_method,-6.7590526315790385,6.7590526315790385,6.75905263157847,5.684341886080801e-13
458705,SRC-GC,20226,114180,2024-09-24,2024-09-24T12:05:04,441.77,2811.23,3253.0,NGVD1929,REPORTED,UNKNOWN,CONSULTANT,UNKNOWN,CONSULTANT,True,unknown_ambiguous,retained_unknown_or_ambiguous_status_or_method,25.93094736842096,-25.93094736842096,-25.930947368421585,6.252776074688882e-13
458706,SRC-GC,20226,114180,2024-09-30,2024-09-30T11:36:25,410.38,2842.62,3253.0,NGVD1929,REPORTED,UNKNOWN,CONSULTANT,UNKNOWN,CONSULTANT,True,unknown_ambiguous,retained_unknown_or_ambiguous_status_or_method,-5.459052631579027,5.459052631579027,5.459052631578288,7.389644451905042e-13
472696,SRC-GC,20226,114180,2024-11-01,2024-11-01T12:55:00,407.28,2845.72,3253.0,NGVD1929,REPORTED,UNKNOWN,CONSULTANT,UNKNOWN,CONSULTANT,True,unknown_ambiguous,retained_unknown_or_ambiguous_status_or_method,-8.55905263157905,8.55905263157905,8.559052631578197,8.526512829121202e-13
472697,SRC-GC,20226,114180,2024-12-01,2024-12-01T02:11:00,406.28,2846.72,3253.0,NGVD1929,REPORTED,UNKNOWN,CONSULTANT,UNKNOWN,CONSULTANT,True,unknown_ambiguous,retained_unknown_or_ambiguous_status_or_method,-9.55905263157905,9.55905263157905,9.559052631578197,8.526512829121202e-13
459379,SRC-GC,20226,114180,2024-08-05,2024-08-05T12:00:00,405.26,2847.74,3253.0,NGVD1929,ETAPE,UNKNOWN,CONSULTANT,UNKNOWN,CONSULTANT,True,unknown_ambiguous,retained_unknown_or_ambiguous_status_or_method,-10.579052631579032,10.579052631579032,10.579052631578179,8.526512829121202e-13
458699,SRC-GC,20226,114180,2024-08-08,2024-08-08T12:10:06,438.25,2814.75,3253.0,NGVD1929,REPORTED,UNKNOWN,CONSULTANT,UNKNOWN,CONSULTANT,True,unknown_ambiguous,retained_unknown_or_ambiguous_status_or_method,22.410947368420977,-22.410947368420977,-22.410947368421603,6.252776074688882e-13
458700,SRC-GC,20226,114180,2024-08-17,2024-08-17T07:19:59,437.48,2815.52,3253.0,NGVD1929,REPORTED,UNKNOWN,CONSULTANT,UNKNOWN,CONSULTANT,True,unknown_ambiguous,retained_unknown_or_ambiguous_status_or_method,21.640947368420996,-21.640947368420996,-21.64094736842162,6.252776074688882e-13
458701,SRC-GC,20226,114180,2024-08-26,2024-08-26T01:32:20,407.38,2845.62,3253.0,NGVD1929,REPORTED,UNKNOWN,CONSULTANT,UNKNOWN,CONSULTANT,True,unknown_ambiguous,retained_unknown_or_ambiguous_status_or_method,-8.459052631579027,8.459052631579027,8.459052631578288,7.389644451905042e-13
458702,SRC-GC,20226,114180,2024-08-31,2024-08-31T11:58:10,407.88,2845.12,3253.0,NGVD1929,REPORTED,UNKNOWN,CONSULTANT,UNKNOWN,CONSULTANT,True,unknown_ambiguous,retained_unknown_or_ambiguous_status_or_method,-7.959052631579027,7.959052631579027,7.959052631578288,7.389644451905042e-13
458703,SRC-GC,20226,114180,2024-09-08,2024-09-08T12:30:30,441.82,2811.18,3253.0,NGVD1929,REPORTED,UNKNOWN,CONSULTANT,UNKNOWN,CONSULTANT,True,unknown_ambiguous,retained_unknown_or_ambiguous_status_or_method,25.98094736842097,-25.98094736842097,-25.980947368421766,7.958078640513122e-13
458693,SRC-GC,20226,114180,2024-06-22,2024-06-22T02:08:21,399.58,2853.42,3253.0,NGVD1929,REPORTED,UNKNOWN,CONSULTANT,UNKNOWN,CONSULTANT,True,unknown_ambiguous,retained_unknown_or_ambiguous_status_or_method,-16.25905263157904,16.25905263157904,16.25905263157847,5.684341886080801e-13
458694,SRC-GC,20226,114180,2024-06-30,2024-06-30T02:01:13,402.08,2850.92,3253.0,NGVD1929,REPORTED,UNKNOWN,CONSULTANT,UNKNOWN,CONSULTANT,True,unknown_ambiguous,retained_unknown_or_ambiguous_status_or_method,-13.759052631579038,13.759052631579038,13.75905263157847,5.684341886080801e-13
458695,SRC-GC,20226,114180,2024-07-07,2024-07-07T12:30:20,402.6,2850.4,3253.0,NGVD1929,REPORTED,UNKNOWN,CONSULTANT,UNKNOWN,CONSULTANT,True,unknown_ambiguous,retained_unknown_or_ambiguous_status_or_method,-13.239052631579,13.239052631579,13.239052631578488,5.115907697472721e-13
458696,SRC-GC,20226,114180,2024-07-15,2024-07-15T02:29:45,451.37,2801.63,3253.0,NGVD1929,REPORTED,UNKNOWN,CONSULTANT,UNKNOWN,CONSULTANT,True,unknown_ambiguous,retained_unknown_or_ambiguous_status_or_method,35.53094736842098,-35.53094736842098,-35.530947368421494,5.115907697472721e-13
458697,SRC-GC,20226,114180,2024-07-23,2024-07-23T09:24:19,405.08,2847.92,3253.0,NGVD1929,REPORTED,UNKNOWN,CONSULTANT,UNKNOWN,CONSULTANT,True,unknown_ambiguous,retained_unknown_or_ambiguous_status_or_method,-10.759052631579038,10.759052631579038,10.75905263157847,5.684341886080801e-13
458698,SRC-GC,20226,114180,2024-07-30,2024-07-30T03:43:26,405.4,2847.6,3253.0,NGVD1929,REPORTED,UNKNOWN,CONSULTANT,UNKNOWN,CONSULTANT,True,unknown_ambiguous,retained_unknown_or_ambiguous_status_or_method,-10.439052631579045,10.439052631579045,10.439052631578306,7.389644451905042e-13
458687,SRC-GC,20226,114180,2024-04-12,2024-04-12T12:40:13,392.4,2860.6,3253.0,NGVD1929,REPORTED,UNKNOWN,CONSULTANT,UNKNOWN,CONSULTANT,True,unknown_ambiguous,retained_unknown_or_ambiguous_status_or_method,-23.439052631579045,23.439052631579045,23.439052631578306,7.389644451905042e-13
458688,SRC-GC,20226,114180,2024-04-20,2024-04-20T12:08:58,394.2,2858.8,3253.0,NGVD1929,REPORTED,UNKNOWN,CONSULTANT,UNKNOWN,CONSULTANT,True,unknown_ambiguous,retained_unknown_or_ambiguous_status_or_method,-21.639052631579034,21.639052631579034,21.63905263157858,4.547473508864641e-13
458689,SRC-GC,20226,114180,2024-04-28,2024-04-28T02:39:17,395.3,2857.7,3253.0,NGVD1929,REPORTED,UNKNOWN,CONSULTANT,UNKNOWN,CONSULTANT,True,unknown_ambiguous,retained_unknown_or_ambiguous_status_or_method,-20.53905263157901,20.53905263157901,20.539052631578215,7.958078640513122e-13
458690,SRC-GC,20226,114180,2024-05-06,2024-05-06T12:05:56,395.6,2857.4,3253.0,NGVD1929,REPORTED,UNKNOWN,CONSULTANT,UNKNOWN,CONSULTANT,True,unknown_ambiguous,retained_unknown_or_ambiguous_status_or_method,-20.239052631579,20.239052631579,20.239052631578488,5.115907697472721e-13
458691,SRC-GC,20226,114180,2024-05-07,2024-05-07T10:51:11,395.6,2857.4,3253.0,NGVD1929,REPORTED,UNKNOWN,CONSULTANT,UNKNOWN,CONSULTANT,True,unknown_ambiguous,retained_unknown_or_ambiguous_status_or_method,-20.239052631579,20.239052631579,20.239052631578488,5.115907697472721e-13
458692,SRC-GC,20226,114180,2024-06-14,2024-06-14T04:22:00,399.18,2853.82,3253.0,NGVD1929,REPORTED,UNKNOWN,CONSULTANT,UNKNOWN,CONSULTANT,True,unknown_ambiguous,retained_unknown_or_ambiguous_status_or_method,-16.659052631579016,16.659052631579016,16.65905263157856,4.547473508864641e-13
459378,SRC-GC,20226,114180,2024-03-07,2024-03-07T12:00:00,372.47,2880.53,3253.0,NGVD1929,ETAPE,UNKNOWN,CONSULTANT,UNKNOWN,CONSULTANT,True,unknown_ambiguous,retained_unknown_or_ambiguous_status_or_method,-43.369052631578995,43.369052631578995,43.3690526315786,3.979039320256561e-13
458683,SRC-GC,20226,114180,2024-03-11,2024-03-11T12:51:13,373.3,2879.7,3253.0,NGVD1929,REPORTED,UNKNOWN,CONSULTANT,UNKNOWN,CONSULTANT,True,unknown_ambiguous,retained_unknown_or_ambiguous_status_or_method,-42.53905263157901,42.53905263157901,42.539052631578215,7.958078640513122e-13
458684,SRC-GC,20226,114180,2024-03-19,2024-03-19T12:04:57,372.8,2880.2,3253.0,NGVD1929,REPORTED,UNKNOWN,CONSULTANT,UNKNOWN,CONSULTANT,True,unknown_ambiguous,retained_unknown_or_ambiguous_status_or_method,-43.03905263157901,43.03905263157901,43.039052631578215,7.958078640513122e-13
444205,SRC-GC,20226,114180,2024-03-21,2024-03-21T12:00:00,493.65,2759.35,3253.0,NGVD1929,ETAPE,FLOWING,PROFESSIONAL ENGINEER,FLOWING,PROFESSIONAL ENGINEER,False,excluded,excluded_flowing_condition,77.81094736842095,-77.81094736842095,-77.8109473684217,7.389644451905042e-13
458685,SRC-GC,20226,114180,2024-03-27,2024-03-27T12:28:38,372.4,2880.6,3253.0,NGVD1929,REPORTED,UNKNOWN,CONSULTANT,UNKNOWN,CONSULTANT,True,unknown_ambiguous,retained_unknown_or_ambiguous_status_or_method,-43.439052631579045,43.439052631579045,43.439052631578306,7.389644451905042e-13
458686,SRC-GC,20226,114180,2024-04-04,2024-04-04T12:20:29,391.2,2861.8,3253.0,NGVD1929,REPORTED,UNKNOWN,CONSULTANT,UNKNOWN,CONSULTANT,True,unknown_ambiguous,retained_unknown_or_ambiguous_status_or_method,-24.639052631579034,24.639052631579034,24.63905263157858,4.547473508864641e-13
458677,SRC-GC,20226,114180,2024-01-25,2024-01-25T12:25:51,375.8,2877.2,3253.0,NGVD1929,REPORTED,UNKNOWN,CONSULTANT,UNKNOWN,CONSULTANT,True,unknown_ambiguous,retained_unknown_or_ambiguous_status_or_method,-40.03905263157901,40.03905263157901,40.039052631578215,7.958078640513122e-13
458678,SRC-GC,20226,114180,2024-02-01,2024-02-01T12:35:40,374.8,2878.2,3253.0,NGVD1929,REPORTED,UNKNOWN,CONSULTANT,UNKNOWN,CONSULTANT,True,unknown_ambiguous,retained_unknown_or_ambiguous_status_or_method,-41.03905263157901,41.03905263157901,41.039052631578215,7.958078640513122e-13
458679,SRC-GC,20226,114180,2024-02-09,2024-02-09T10:31:40,376.0,2877.0,3253.0,NGVD1929,REPORTED,UNKNOWN,CONSULTANT,UNKNOWN,CONSULTANT,True,unknown_ambiguous,retained_unknown_or_ambiguous_status_or_method,-39.83905263157902,39.83905263157902,39.8390526315784,6.252776074688882e-13
458680,SRC-GC,20226,114180,2024-02-17,2024-02-17T05:10:18,374.7,2878.3,3253.0,NGVD1929,REPORTED,UNKNOWN,CONSULTANT,UNKNOWN,CONSULTANT,True,unknown_ambiguous,retained_unknown_or_ambiguous_status_or_method,-41.139052631579034,41.139052631579034,41.13905263157858,4.547473508864641e-13
458681,SRC-GC,20226,114180,2024-02-25,2024-02-25T12:05:25,374.5,2878.5,3253.0,NGVD1929,REPORTED,UNKNOWN,CONSULTANT,UNKNOWN,CONSULTANT,True,unknown_ambiguous,retained_unknown_or_ambiguous_status_or_method,-41.33905263157902,41.33905263157902,41.3390526315784,6.252776074688882e-13
458682,SRC-GC,20226,114180,2024-03-03,2024-03-03T12:37:30,373.39,2879.61,3253.0,NGVD1929,REPORTED,UNKNOWN,CONSULTANT,UNKNOWN,CONSULTANT,True,unknown_ambiguous,retained_unknown_or_ambiguous_status_or_method,-42.449052631579036,42.449052631579036,42.449052631578525,5.115907697472721e-13
458671,SRC-GC,20226,114180,2023-12-15,2023-12-15T02:30:27,378.98,2874.02,3253.0,NGVD1929,REPORTED,UNKNOWN,CONSULTANT,UNKNOWN,CONSULTANT,True,unknown_ambiguous,retained_unknown_or_ambiguous_status_or_method,-36.859052631579004,36.859052631579004,36.85905263157838,6.252776074688882e-13
458672,SRC-GC,20226,114180,2023-12-22,2023-12-22T06:07:20,378.5,2874.5,3253.0,NGVD1929,REPORTED,UNKNOWN,CONSULTANT,UNKNOWN,CONSULTANT,True,unknown_ambiguous,retained_unknown_or_ambiguous_status_or_method,-37.33905263157902,37.33905263157902,37.3390526315784,6.252776074688882e-13
458673,SRC-GC,20226,114180,2023-12-24,2023-12-24T12:27:04,378.3,2874.7,3253.0,NGVD1929,REPORTED,UNKNOWN,CONSULTANT,UNKNOWN,CONSULTANT,True,unknown_ambiguous,retained_unknown_or_ambiguous_status_or_method,-37.53905263157901,37.53905263157901,37.539052631578215,7.958078640513122e-13
458674,SRC-GC,20226,114180,2024-01-01,2024-01-01T12:41:40,378.0,2875.0,3253.0,NGVD1929,REPORTED,UNKNOWN,CONSULTANT,UNKNOWN,CONSULTANT,True,unknown_ambiguous,retained_unknown_or_ambiguous_status_or_method,-37.83905263157902,37.83905263157902,37.8390526315784,6.252776074688882e-13
458675,SRC-GC,20226,114180,2024-01-09,2024-01-09T12:18:30,376.3,2876.7,3253.0,NGVD1929,REPORTED,UNKNOWN,CONSULTANT,UNKNOWN,CONSULTANT,True,unknown_ambiguous,retained_unknown_or_ambiguous_status_or_method,-39.53905263157901,39.53905263157901,39.539052631578215,7.958078640513122e-13
458676,SRC-GC,20226,114180,2024-01-17,2024-01-17T12:06:48,375.9,2877.1,3253.0,NGVD1929,REPORTED,UNKNOWN,CONSULTANT,UNKNOWN,CONSULTANT,True,unknown_ambiguous,retained_unknown_or_ambiguous_status_or_method,-39.939052631579045,39.939052631579045,39.939052631578306,7.389644451905042e-13
458653,SRC-GC,20226,114180,2023-12-01,2023-12-01T12:06:13,379.79,2873.21,3253.0,NGVD1929,REPORTED,UNKNOWN,CONSULTANT,UNKNOWN,CONSULTANT,True,unknown_ambiguous,retained_unknown_or_ambiguous_status_or_method,-36.049052631579,36.049052631579,36.049052631578434,5.684341886080801e-13
458669,SRC-GC,20226,114180,2023-12-01,2023-12-01T12:06:13,379.79,2873.21,3253.0,NGVD1929,REPORTED,UNKNOWN,CONSULTANT,UNKNOWN,CONSULTANT,True,unknown_ambiguous,retained_unknown_or_ambiguous_status_or_method,-36.049052631579,36.049052631579,36.049052631578434,5.684341886080801e-13
458654,SRC-GC,20226,114180,2023-12-08,2023-12-08T12:07:11,378.2,2874.8,3253.0,NGVD1929,REPORTED,UNKNOWN,CONSULTANT,UNKNOWN,CONSULTANT,True,unknown_ambiguous,retained_unknown_or_ambiguous_status_or_method,-37.639052631579034,37.639052631579034,37.63905263157858,4.547473508864641e-13
458670,SRC-GC,20226,114180,2023-12-08,2023-12-08T12:07:11,378.2,2874.8,3253.0,NGVD1929,REPORTED,UNKNOWN,CONSULTANT,UNKNOWN,CONSULTANT,True,unknown_ambiguous,retained_unknown_or_ambiguous_status_or_method,-37.639052631579034,37.639052631579034,37.63905263157858,4.547473508864641e-13
459377,SRC-GC,20226,114180,2023-12-14,2023-12-14T12:00:00,377.77,2875.23,3253.0,NGVD1929,ETAPE,UNKNOWN,CONSULTANT,UNKNOWN,CONSULTANT,True,unknown_ambiguous,retained_unknown_or_ambiguous_status_or_method,-38.06905263157904,38.06905263157904,38.069052631578415,6.252776074688882e-13
458655,SRC-GC,20226,114180,2023-12-15,2023-12-15T02:30:27,378.98,2874.02,3253.0,NGVD1929,REPORTED,UNKNOWN,CONSULTANT,UNKNOWN,CONSULTANT,True,unknown_ambiguous,retained_unknown_or_ambiguous_status_or_method,-36.859052631579004,36.859052631579004,36.85905263157838,6.252776074688882e-13
458650,SRC-GC,20226,114180,2023-11-13,2023-11-13T03:34:08,383.1,2869.9,3253.0,NGVD1929,REPORTED,UNKNOWN,CONSULTANT,UNKNOWN,CONSULTANT,True,unknown_ambiguous,retained_unknown_or_ambiguous_status_or_method,-32.739052631579,32.739052631579,32.73905263157849,5.115907697472721e-13
458666,SRC-GC,20226,114180,2023-11-13,2023-11-13T03:34:08,383.1,2869.9,3253.0,NGVD1929,REPORTED,UNKNOWN,CONSULTANT,UNKNOWN,CONSULTANT,True,unknown_ambiguous,retained_unknown_or_ambiguous_status_or_method,-32.739052631579,32.739052631579,32.73905263157849,5.115907697472721e-13
458651,SRC-GC,20226,114180,2023-11-20,2023-11-20T12:40:13,380.79,2872.21,3253.0,NGVD1929,REPORTED,UNKNOWN,CONSULTANT,UNKNOWN,CONSULTANT,True,unknown_ambiguous,retained_unknown_or_ambiguous_status_or_method,-35.049052631579,35.049052631579,35.049052631578434,5.684341886080801e-13
458667,SRC-GC,20226,114180,2023-11-20,2023-11-20T12:40:13,380.79,2872.21,3253.0,NGVD1929,REPORTED,UNKNOWN,CONSULTANT,UNKNOWN,CONSULTANT,True,unknown_ambiguous,retained_unknown_or_ambiguous_status_or_method,-35.049052631579,35.049052631579,35.049052631578434,5.684341886080801e-13
458652,SRC-GC,20226,114180,2023-11-27,2023-11-27T12:11:57,380.9,2872.1,3253.0,NGVD1929,REPORTED,UNKNOWN,CONSULTANT,UNKNOWN,CONSULTANT,True,unknown_ambiguous,retained_unknown_or_ambiguous_status_or_method,-34.939052631579045,34.939052631579045,34.939052631578306,7.389644451905042e-13
458668,SRC-GC,20226,114180,2023-11-27,2023-11-27T12:11:57,380.9,2872.1,3253.0,NGVD1929,REPORTED,UNKNOWN,CONSULTANT,UNKNOWN,CONSULTANT,True,unknown_ambiguous,retained_unknown_or_ambiguous_status_or_method,-34.939052631579045,34.939052631579045,34.939052631578306,7.389644451905042e-13
458647,SRC-GC,20226,114180,2023-10-20,2023-10-20T01:51:54,407.4,2845.6,3253.0,NGVD1929,REPORTED,UNKNOWN,CONSULTANT,UNKNOWN,CONSULTANT,True,unknown_ambiguous,retained_unknown_or_ambiguous_status_or_method,-8.439052631579045,8.439052631579045,8.439052631578306,7.389644451905042e-13
458663,SRC-GC,20226,114180,2023-10-20,2023-10-20T01:51:54,407.4,2845.6,3253.0,NGVD1929,REPORTED,UNKNOWN,CONSULTANT,UNKNOWN,CONSULTANT,True,unknown_ambiguous,retained_unknown_or_ambiguous_status_or_method,-8.439052631579045,8.439052631579045,8.439052631578306,7.389644451905042e-13
458648,SRC-GC,20226,114180,2023-10-27,2023-10-27T12:53:32,407.38,2845.62,3253.0,NGVD1929,REPORTED,UNKNOWN,CONSULTANT,UNKNOWN,CONSULTANT,True,unknown_ambiguous,retained_unknown_or_ambiguous_status_or_method,-8.459052631579027,8.459052631579027,8.459052631578288,7.389644451905042e-13
458664,SRC-GC,20226,114180,2023-10-27,2023-10-27T12:53:32,407.38,2845.62,3253.0,NGVD1929,REPORTED,UNKNOWN,CONSULTANT,UNKNOWN,CONSULTANT,True,unknown_ambiguous,retained_unknown_or_ambiguous_status_or_method,-8.459052631579027,8.459052631579027,8.459052631578288,7.389644451905042e-13
458649,SRC-GC,20226,114180,2023-11-04,2023-11-04T12:19:01,385.4,2867.6,3253.0,NGVD1929,REPORTED,UNKNOWN,CONSULTANT,UNKNOWN,CONSULTANT,True,unknown_ambiguous,retained_unknown_or_ambiguous_status_or_method,-30.439052631579045,30.439052631579045,30.439052631578306,7.389644451905042e-13
458665,SRC-GC,20226,114180,2023-11-04,2023-11-04T12:19:01,385.4,2867.6,3253.0,NGVD1929,REPORTED,UNKNOWN,CONSULTANT,UNKNOWN,CONSULTANT,True,unknown_ambiguous,retained_unknown_or_ambiguous_status_or_method,-30.439052631579045,30.439052631579045,30.439052631578306,7.389644451905042e-13
441117,SRC-GC,20226,114180,2023-09-28,2023-09-28T12:00:00,437.5,2815.5,3253.0,NGVD1929,ETAPE,STATIC,CONSULTANT,STATIC,CONSULTANT,True,eligible,eligible_static_measurement,21.660947368420977,-21.660947368420977,-21.660947368421603,6.252776074688882e-13
458645,SRC-GC,20226,114180,2023-09-29,2023-09-29T01:01:45,408.2,2844.8,3253.0,NGVD1929,REPORTED,UNKNOWN,CONSULTANT,UNKNOWN,CONSULTANT,True,unknown_ambiguous,retained_unknown_or_ambiguous_status_or_method,-7.639052631579034,7.639052631579034,7.639052631578579,4.547473508864641e-13
458661,SRC-GC,20226,114180,2023-09-29,2023-09-29T01:01:45,408.2,2844.8,3253.0,NGVD1929,REPORTED,UNKNOWN,CONSULTANT,UNKNOWN,CONSULTANT,True,unknown_ambiguous,retained_unknown_or_ambiguous_status_or_method,-7.639052631579034,7.639052631579034,7.639052631578579,4.547473508864641e-13
441200,SRC-GC,20226,114180,2023-09-30,2023-09-30T11:26:48,408.1,2844.9,3253.0,NGVD1929,REPORTED,STATIC,CONSULTANT,STATIC,CONSULTANT,True,eligible,eligible_static_measurement,-7.739052631579,7.739052631579,7.739052631578488,5.115907697472721e-13
458646,SRC-GC,20226,114180,2023-10-13,2023-10-13T12:57:39,407.5,2845.5,3253.0,NGVD1929,REPORTED,UNKNOWN,CONSULTANT,UNKNOWN,CONSULTANT,True,unknown_ambiguous,retained_unknown_or_ambiguous_status_or_method,-8.339052631579023,8.339052631579023,8.339052631578397,6.252776074688882e-13
458662,SRC-GC,20226,114180,2023-10-13,2023-10-13T12:57:39,407.5,2845.5,3253.0,NGVD1929,REPORTED,UNKNOWN,CONSULTANT,UNKNOWN,CONSULTANT,True,unknown_ambiguous,retained_unknown_or_ambiguous_status_or_method,-8.339052631579023,8.339052631579023,8.339052631578397,6.252776074688882e-13
458642,SRC-GC,20226,114180,2023-09-22,2023-09-22T12:10:57,408.8,2844.2,3253.0,NGVD1929,REPORTED,UNKNOWN,CONSULTANT,UNKNOWN,CONSULTANT,True,unknown_ambiguous,retained_unknown_or_ambiguous_status_or_method,-7.039052631579011,7.039052631579011,7.039052631578215,7.958078640513122e-13
458658,SRC-GC,20226,114180,2023-09-22,2023-09-22T12:10:57,408.8,2844.2,3253.0,NGVD1929,REPORTED,UNKNOWN,CONSULTANT,UNKNOWN,CONSULTANT,True,unknown_ambiguous,retained_unknown_or_ambiguous_status_or_method,-7.039052631579011,7.039052631579011,7.039052631578215,7.958078640513122e-13
458643,SRC-GC,20226,114180,2023-09-23,2023-09-23T03:15:04,408.6,2844.4,3253.0,NGVD1929,REPORTED,UNKNOWN,CONSULTANT,UNKNOWN,CONSULTANT,True,unknown_ambiguous,retained_unknown_or_ambiguous_status_or_method,-7.239052631579,7.239052631579,7.239052631578488,5.115907697472721e-13
458659,SRC-GC,20226,114180,2023-09-23,2023-09-23T03:15:04,408.6,2844.4,3253.0,NGVD1929,REPORTED,UNKNOWN,CONSULTANT,UNKNOWN,CONSULTANT,True,unknown_ambiguous,retained_unknown_or_ambiguous_status_or_method,-7.239052631579,7.239052631579,7.239052631578488,5.115907697472721e-13
458644,SRC-GC,20226,114180,2023-09-25,2023-09-25T01:03:34,408.5,2844.5,3253.0,NGVD1929,REPORTED,UNKNOWN,CONSULTANT,UNKNOWN,CONSULTANT,True,unknown_ambiguous,retained_unknown_or_ambiguous_status_or_method,-7.3390526315790225,7.3390526315790225,7.339052631578397,6.252776074688882e-13
458660,SRC-GC,20226,114180,2023-09-25,2023-09-25T01:03:34,408.5,2844.5,3253.0,NGVD1929,REPORTED,UNKNOWN,CONSULTANT,UNKNOWN,CONSULTANT,True,unknown_ambiguous,retained_unknown_or_ambiguous_status_or_method,-7.3390526315790225,7.3390526315790225,7.339052631578397,6.252776074688882e-13
441198,SRC-GC,20226,114180,2023-08-01,2023-08-01T01:40:43,405.7,2847.3,3253.0,NGVD1929,REPORTED,STATIC,CONSULTANT,STATIC,CONSULTANT,True,eligible,eligible_static_measurement,-10.139052631579034,10.139052631579034,10.13905263157858,4.547473508864641e-13
441199,SRC-GC,20226,114180,2023-09-01,2023-09-01T12:59:00,407.6,2845.4,3253.0,NGVD1929,REPORTED,STATIC,CONSULTANT,STATIC,CONSULTANT,True,eligible,eligible_static_measurement,-8.239052631579,8.239052631579,8.239052631578488,5.115907697472721e-13
458640,SRC-GC,20226,114180,2023-09-08,2023-09-08T12:56:59,408.95,2844.05,3253.0,NGVD1929,REPORTED,UNKNOWN,CONSULTANT,UNKNOWN,CONSULTANT,True,unknown_ambiguous,retained_unknown_or_ambiguous_status_or_method,-6.889052631579034,6.889052631579034,6.889052631578579,4.547473508864641e-13
458656,SRC-GC,20226,114180,2023-09-08,2023-09-08T12:56:59,408.95,2844.05,3253.0,NGVD1929,REPORTED,UNKNOWN,CONSULTANT,UNKNOWN,CONSULTANT,True,unknown_ambiguous,retained_unknown_or_ambiguous_status_or_method,-6.889052631579034,6.889052631579034,6.889052631578579,4.547473508864641e-13
458641,SRC-GC,20226,114180,2023-09-15,2023-09-15T12:33:58,408.9,2844.1,3253.0,NGVD1929,REPORTED,UNKNOWN,CONSULTANT,UNKNOWN,CONSULTANT,True,unknown_ambiguous,retained_unknown_or_ambiguous_status_or_method,-6.939052631579045,6.939052631579045,6.939052631578306,7.389644451905042e-13
458657,SRC-GC,20226,114180,2023-09-15,2023-09-15T12:33:58,408.9,2844.1,3253.0,NGVD1929,REPORTED,UNKNOWN,CONSULTANT,UNKNOWN,CONSULTANT,True,unknown_ambiguous,retained_unknown_or_ambiguous_status_or_method,-6.939052631579045,6.939052631579045,6.939052631578306,7.389644451905042e-13
441115,SRC-GC,20226,114180,2023-03-20,2023-03-20T12:00:00,376.67,2876.33,3253.0,NGVD1929,ETAPE,STATIC,CONSULTANT,STATIC,CONSULTANT,True,eligible,eligible_static_measurement,-39.16905263157901,39.16905263157901,39.169052631578325,6.821210263296962e-13
441194,SRC-GC,20226,114180,2023-04-01,2023-04-01T12:33:50,397.3,2855.7,3253.0,NGVD1929,REPORTED,STATIC,CONSULTANT,STATIC,CONSULTANT,True,eligible,eligible_static_measurement,-18.53905263157901,18.53905263157901,18.539052631578215,7.958078640513122e-13
441195,SRC-GC,20226,114180,2023-05-01,2023-05-01T12:04:32,400.1,2852.9,3253.0,NGVD1929,REPORTED,STATIC,CONSULTANT,STATIC,CONSULTANT,True,eligible,eligible_static_measurement,-15.739052631579,15.739052631579,15.739052631578488,5.115907697472721e-13
441116,SRC-GC,20226,114180,2023-05-03,2023-05-03T12:00:00,399.65,2853.35,3253.0,NGVD1929,ETAPE,STATIC,CONSULTANT,STATIC,CONSULTANT,True,eligible,eligible_static_measurement,-16.189052631579045,16.189052631579045,16.189052631578306,7.389644451905042e-13
441196,SRC-GC,20226,114180,2023-06-01,2023-06-01T12:35:13,402.2,2850.8,3253.0,NGVD1929,REPORTED,STATIC,CONSULTANT,STATIC,CONSULTANT,True,eligible,eligible_static_measurement,-13.639052631579034,13.639052631579034,13.63905263157858,4.547473508864641e-13
441197,SRC-GC,20226,114180,2023-07-01,2023-07-01T12:55:04,402.8,2850.2,3253.0,NGVD1929,REPORTED,STATIC,CONSULTANT,STATIC,CONSULTANT,True,eligible,eligible_static_measurement,-13.039052631579011,13.039052631579011,13.039052631578215,7.958078640513122e-13
441190,SRC-GC,20226,114180,2022-12-01,2022-12-01T12:11:10,390.6,2862.4,3253.0,NGVD1929,REPORTED,STATIC,CONSULTANT,STATIC,CONSULTANT,True,eligible,eligible_static_measurement,-25.239052631579,25.239052631579,25.239052631578488,5.115907697472721e-13
441191,SRC-GC,20226,114180,2023-01-01,2023-01-01T12:36:41,384.16,2868.84,3253.0,NGVD1929,REPORTED,STATIC,CONSULTANT,STATIC,CONSULTANT,True,eligible,eligible_static_measurement,-31.679052631578998,31.679052631578998,31.679052631578543,4.547473508864641e-13
441114,SRC-GC,20226,114180,2023-01-04,2023-01-04T12:00:00,383.53,2869.47,3253.0,NGVD1929,ETAPE,STATIC,CONSULTANT,STATIC,CONSULTANT,True,eligible,eligible_static_measurement,-32.30905263157905,32.30905263157905,32.3090526315782,8.526512829121202e-13
441192,SRC-GC,20226,114180,2023-02-01,2023-02-01T12:23:53,382.5,2870.5,3253.0,NGVD1929,REPORTED,STATIC,CONSULTANT,STATIC,CONSULTANT,True,eligible,eligible_static_measurement,-33.33905263157902,33.33905263157902,33.3390526315784,6.252776074688882e-13
441193,SRC-GC,20226,114180,2023-03-01,2023-03-01T12:43:27,379.7,2873.3,3253.0,NGVD1929,REPORTED,STATIC,CONSULTANT,STATIC,CONSULTANT,True,eligible,eligible_static_measurement,-36.139052631579034,36.139052631579034,36.13905263157858,4.547473508864641e-13
428322,SRC-GC,20226,114180,2023-03-20,2023-03-20T12:00:00,376.67,2876.33,3253.0,NGVD1929,ETAPE,INJECTING,PROFESSIONAL ENGINEER,INJECTING,PROFESSIONAL ENGINEER,False,excluded,excluded_injecting_condition,-39.16905263157901,39.16905263157901,39.169052631578325,6.821210263296962e-13
426002,SRC-GC,20226,114180,2022-06-01,2022-06-01T01:12:00,412.6,2840.4,3253.0,NGVD1929,REPORTED,UNKNOWN,CONSULTANT,UNKNOWN,CONSULTANT,True,unknown_ambiguous,retained_unknown_or_ambiguous_status_or_method,-3.239052631579,3.239052631579,3.239052631578488,5.115907697472721e-13
426003,SRC-GC,20226,114180,2022-07-01,2022-07-01T01:34:00,414.2,2838.8,3253.0,NGVD1929,REPORTED,UNKNOWN,CONSULTANT,UNKNOWN,CONSULTANT,True,unknown_ambiguous,retained_unknown_or_ambiguous_status_or_method,-1.639052631579034,1.639052631579034,1.6390526315785792,4.547473508864641e-13
426004,SRC-GC,20226,114180,2022-08-01,2022-08-01T01:22:00,418.4,2834.6,3253.0,NGVD1929,REPORTED,UNKNOWN,CONSULTANT,UNKNOWN,CONSULTANT,True,unknown_ambiguous,retained_unknown_or_ambiguous_status_or_method,2.5609473684209547,-2.5609473684209547,-2.5609473684216937,7.389644451905042e-13
426005,SRC-GC,20226,114180,2022-09-01,2022-09-01T12:01:00,418.6,2834.4,3253.0,NGVD1929,REPORTED,UNKNOWN,CONSULTANT,UNKNOWN,CONSULTANT,True,unknown_ambiguous,retained_unknown_or_ambiguous_status_or_method,2.760947368421,-2.760947368421,-2.760947368421512,5.115907697472721e-13
426006,SRC-GC,20226,114180,2022-09-30,2022-09-30T10:34:00,418.1,2834.9,3253.0,NGVD1929,REPORTED,UNKNOWN,CONSULTANT,UNKNOWN,CONSULTANT,True,unknown_ambiguous,retained_unknown_or_ambiguous_status_or_method,2.260947368421,-2.260947368421,-2.260947368421512,5.115907697472721e-13
441189,SRC-GC,20226,114180,2022-11-01,2022-11-01T01:14:03,416.71,2836.29,3253.0,NGVD1929,REPORTED,STATIC,CONSULTANT,STATIC,CONSULTANT,True,eligible,eligible_static_measurement,0.870947368420957,-0.870947368420957,-0.8709473684216391,6.821210263296962e-13
425997,SRC-GC,20226,114180,2022-01-01,2022-01-01T12:00:00,399.2,2853.8,3253.0,NGVD1929,REPORTED,UNKNOWN,CONSULTANT,UNKNOWN,CONSULTANT,True,unknown_ambiguous,retained_unknown_or_ambiguous_status_or_method,-16.639052631579034,16.639052631579034,16.63905263157858,4.547473508864641e-13
425998,SRC-GC,20226,114180,2022-02-01,2022-02-01T12:05:00,394.75,2858.25,3253.0,NGVD1929,REPORTED,UNKNOWN,CONSULTANT,UNKNOWN,CONSULTANT,True,unknown_ambiguous,retained_unknown_or_ambiguous_status_or_method,-21.089052631579023,21.089052631579023,21.089052631578397,6.252776074688882e-13
425999,SRC-GC,20226,114180,2022-03-01,2022-03-01T12:18:00,391.0,2862.0,3253.0,NGVD1929,REPORTED,UNKNOWN,CONSULTANT,UNKNOWN,CONSULTANT,True,unknown_ambiguous,retained_unknown_or_ambiguous_status_or_method,-24.839052631579023,24.839052631579023,24.839052631578397,6.252776074688882e-13
416706,SRC-GC,20226,114180,2022-03-29,2022-03-29T12:00:00,410.78,2842.22,3253.0,NGVD1929,ETAPE,STATIC,PROFESSIONAL ENGINEER,STATIC,PROFESSIONAL ENGINEER,True,eligible,eligible_static_measurement,-5.05905263157905,5.05905263157905,5.059052631578197,8.526512829121202e-13
426000,SRC-GC,20226,114180,2022-04-01,2022-04-01T12:57:00,411.75,2841.25,3253.0,NGVD1929,REPORTED,UNKNOWN,CONSULTANT,UNKNOWN,CONSULTANT,True,unknown_ambiguous,retained_unknown_or_ambiguous_status_or_method,-4.0890526315790225,4.0890526315790225,4.089052631578397,6.252776074688882e-13
426001,SRC-GC,20226,114180,2022-05-01,2022-05-01T12:29:00,412.4,2840.6,3253.0,NGVD1929,REPORTED,UNKNOWN,CONSULTANT,UNKNOWN,CONSULTANT,True,unknown_ambiguous,retained_unknown_or_ambiguous_status_or_method,-3.4390526315790453,3.4390526315790453,3.4390526315783063,7.389644451905042e-13
422317,SRC-GC,20226,114180,2021-07-01,2021-07-01T12:16:23,462.53,2790.47,3253.0,NGVD1929,REPORTED,STATIC,CONSULTANT,STATIC,CONSULTANT,True,eligible,eligible_static_measurement,46.69094736842095,-46.69094736842095,-46.6909473684218,8.526512829121202e-13
422318,SRC-GC,20226,114180,2021-07-29,2021-07-29T09:57:31,462.9,2790.1,3253.0,NGVD1929,REPORTED,STATIC,CONSULTANT,STATIC,CONSULTANT,True,eligible,eligible_static_measurement,47.060947368420955,-47.060947368420955,-47.060947368421694,7.389644451905042e-13
425993,SRC-GC,20226,114180,2021-09-28,2021-09-28T12:00:00,438.2,2814.8,3253.0,NGVD1929,REPORTED,UNKNOWN,CONSULTANT,UNKNOWN,CONSULTANT,True,unknown_ambiguous,retained_unknown_or_ambiguous_status_or_method,22.360947368420966,-22.360947368420966,-22.36094736842142,4.547473508864641e-13
425994,SRC-GC,20226,114180,2021-10-01,2021-10-01T12:44:00,437.91,2815.09,3253.0,NGVD1929,REPORTED,UNKNOWN,CONSULTANT,UNKNOWN,CONSULTANT,True,unknown_ambiguous,retained_unknown_or_ambiguous_status_or_method,22.070947368421002,-22.070947368421002,-22.070947368421457,4.547473508864641e-13
425995,SRC-GC,20226,114180,2021-11-01,2021-11-01T12:02:00,434.2,2818.8,3253.0,NGVD1929,REPORTED,UNKNOWN,CONSULTANT,UNKNOWN,CONSULTANT,True,unknown_ambiguous,retained_unknown_or_ambiguous_status_or_method,18.360947368420966,-18.360947368420966,-18.36094736842142,4.547473508864641e-13
425996,SRC-GC,20226,114180,2021-12-01,2021-12-01T12:00:00,401.6,2851.4,3253.0,NGVD1929,REPORTED,UNKNOWN,CONSULTANT,UNKNOWN,CONSULTANT,True,unknown_ambiguous,retained_unknown_or_ambiguous_status_or_method,-14.239052631579,14.239052631579,14.239052631578488,5.115907697472721e-13
422312,SRC-GC,20226,114180,2021-02-01,2021-02-01T12:25:02,400.1,2852.9,3253.0,NGVD1929,REPORTED,STATIC,CONSULTANT,STATIC,CONSULTANT,True,eligible,eligible_static_measurement,-15.739052631579,15.739052631579,15.739052631578488,5.115907697472721e-13
422313,SRC-GC,20226,114180,2021-03-01,2021-03-01T12:04:24,396.1,2856.9,3253.0,NGVD1929,REPORTED,STATIC,CONSULTANT,STATIC,CONSULTANT,True,eligible,eligible_static_measurement,-19.739052631579,19.739052631579,19.739052631578488,5.115907697472721e-13
414017,SRC-GC,20226,114180,2021-03-31,2021-03-31T12:00:00,421.15,2831.85,3253.0,NGVD1929,ETAPE,STATIC,PROFESSIONAL ENGINEER,STATIC,PROFESSIONAL ENGINEER,True,eligible,eligible_static_measurement,5.310947368420955,-5.310947368420955,-5.310947368421694,7.389644451905042e-13
422314,SRC-GC,20226,114180,2021-04-01,2021-04-01T12:06:56,421.5,2831.5,3253.0,NGVD1929,REPORTED,STATIC,CONSULTANT,STATIC,CONSULTANT,True,eligible,eligible_static_measurement,5.6609473684209775,-5.6609473684209775,-5.660947368421603,6.252776074688882e-13
422315,SRC-GC,20226,114180,2021-05-01,2021-05-01T12:14:51,423.9,2829.1,3253.0,NGVD1929,REPORTED,STATIC,CONSULTANT,STATIC,CONSULTANT,True,eligible,eligible_static_measurement,8.060947368420955,-8.060947368420955,-8.060947368421694,7.389644451905042e-13
422316,SRC-GC,20226,114180,2021-06-01,2021-06-01T12:11:32,453.3,2799.7,3253.0,NGVD1929,REPORTED,STATIC,CONSULTANT,STATIC,CONSULTANT,True,eligible,eligible_static_measurement,37.46094736842099,-37.46094736842099,-37.460947368421785,7.958078640513122e-13
395102,SRC-GC,20226,114180,2020-03-20,2020-03-20T12:00:00,429.7,2823.3,3253.0,NGVD1929,ETAPE,STATIC,PROFESSIONAL ENGINEER,STATIC,PROFESSIONAL ENGINEER,True,eligible,eligible_static_measurement,13.860947368420966,-13.860947368420966,-13.86094736842142,4.547473508864641e-13
422307,SRC-GC,20226,114180,2020-09-20,2020-09-20T12:22:49,452.65,2800.35,3253.0,NGVD1929,REPORTED,STATIC,CONSULTANT,STATIC,CONSULTANT,True,eligible,eligible_static_measurement,36.810947368420955,-36.810947368420955,-36.810947368421694,7.389644451905042e-13
422308,SRC-GC,20226,114180,2020-10-01,2020-10-01T06:03:24,452.6,2800.4,3253.0,NGVD1929,REPORTED,STATIC,CONSULTANT,STATIC,CONSULTANT,True,eligible,eligible_static_measurement,36.760947368421,-36.760947368421,-36.76094736842151,5.115907697472721e-13
422309,SRC-GC,20226,114180,2020-11-01,2020-11-01T01:10:12,449.8,2803.2,3253.0,NGVD1929,REPORTED,STATIC,CONSULTANT,STATIC,CONSULTANT,True,eligible,eligible_static_measurement,33.96094736842099,-33.96094736842099,-33.960947368421785,7.958078640513122e-13
422310,SRC-GC,20226,114180,2020-12-01,2020-12-01T12:04:38,443.2,2809.8,3253.0,NGVD1929,REPORTED,STATIC,CONSULTANT,STATIC,CONSULTANT,True,eligible,eligible_static_measurement,27.360947368420966,-27.360947368420966,-27.36094736842142,4.547473508864641e-13
422311,SRC-GC,20226,114180,2021-01-01,2021-01-01T12:13:09,405.36,2847.64,3253.0,NGVD1929,REPORTED,STATIC,CONSULTANT,STATIC,CONSULTANT,True,eligible,eligible_static_measurement,-10.479052631579009,10.479052631579009,10.47905263157827,7.389644451905042e-13
393756,SRC-GC,20226,114180,2019-07-28,2019-07-28T12:14:00,456.8,2796.2,3253.0,NGVD1929,REPORTED,STATIC,CONSULTANT,STATIC,CONSULTANT,True,eligible,eligible_static_measurement,40.96094736842099,-40.96094736842099,-40.960947368421785,7.958078640513122e-13
393752,SRC-GC,20226,114180,2019-08-15,2019-08-15T11:36:00,453.37,2799.63,3253.0,NGVD1929,REPORTED,STATIC,CONSULTANT,STATIC,CONSULTANT,True,eligible,eligible_static_measurement,37.53094736842098,-37.53094736842098,-37.530947368421494,5.115907697472721e-13
393757,SRC-GC,20226,114180,2019-09-20,2019-09-20T07:45:00,454.3,2798.7,3253.0,NGVD1929,REPORTED,STATIC,CONSULTANT,STATIC,CONSULTANT,True,eligible,eligible_static_measurement,38.46094736842099,-38.46094736842099,-38.460947368421785,7.958078640513122e-13
393753,SRC-GC,20226,114180,2019-10-15,2019-10-15T02:16:00,450.3,2802.7,3253.0,NGVD1929,REPORTED,STATIC,CONSULTANT,STATIC,CONSULTANT,True,eligible,eligible_static_measurement,34.46094736842099,-34.46094736842099,-34.460947368421785,7.958078640513122e-13
393754,SRC-GC,20226,114180,2019-11-21,2019-11-21T11:23:00,446.6,2806.4,3253.0,NGVD1929,REPORTED,STATIC,CONSULTANT,STATIC,CONSULTANT,True,eligible,eligible_static_measurement,30.760947368421,-30.760947368421,-30.760947368421512,5.115907697472721e-13
393755,SRC-GC,20226,114180,2019-12-09,2019-12-09T09:27:00,444.2,2808.8,3253.0,NGVD1929,REPORTED,STATIC,CONSULTANT,STATIC,CONSULTANT,True,eligible,eligible_static_measurement,28.360947368420966,-28.360947368420966,-28.36094736842142,4.547473508864641e-13
393770,SRC-GC,20226,114180,2019-02-15,2019-02-15T02:14:00,441.1,2811.9,3253.0,NGVD1929,REPORTED,STATIC,CONSULTANT,STATIC,CONSULTANT,True,eligible,eligible_static_measurement,25.260947368421,-25.260947368421,-25.260947368421512,5.115907697472721e-13
393771,SRC-GC,20226,114180,2019-03-15,2019-03-15T05:02:00,439.4,2813.6,3253.0,NGVD1929,REPORTED,STATIC,CONSULTANT,STATIC,CONSULTANT,True,eligible,eligible_static_measurement,23.560947368420955,-23.560947368420955,-23.560947368421694,7.389644451905042e-13
350897,SRC-GC,20226,114180,2019-03-22,2019-03-22T12:00:00,438.2,2814.8,3253.0,NGVD1929,ETAPE,STATIC,PROFESSIONAL ENGINEER,STATIC,PROFESSIONAL ENGINEER,True,eligible,eligible_static_measurement,22.360947368420966,-22.360947368420966,-22.36094736842142,4.547473508864641e-13
393749,SRC-GC,20226,114180,2019-04-15,2019-04-15T06:10:00,438.8,2814.2,3253.0,NGVD1929,REPORTED,STATIC,CONSULTANT,STATIC,CONSULTANT,True,eligible,eligible_static_measurement,22.96094736842099,-22.96094736842099,-22.960947368421785,7.958078640513122e-13
393750,SRC-GC,20226,114180,2019-05-15,2019-05-15T07:48:00,437.3,2815.7,3253.0,NGVD1929,REPORTED,STATIC,CONSULTANT,STATIC,CONSULTANT,True,eligible,eligible_static_measurement,21.46094736842099,-21.46094736842099,-21.460947368421785,7.958078640513122e-13
393751,SRC-GC,20226,114180,2019-06-15,2019-06-15T08:17:00,441.43,2811.57,3253.0,NGVD1929,REPORTED,STATIC,CONSULTANT,STATIC,CONSULTANT,True,eligible,eligible_static_measurement,25.590947368420984,-25.590947368420984,-25.59094736842144,4.547473508864641e-13
393764,SRC-GC,20226,114180,2018-08-25,2018-08-25T06:26:00,463.57,2789.43,3253.0,NGVD1929,REPORTED,STATIC,CONSULTANT,STATIC,CONSULTANT,True,eligible,eligible_static_measurement,47.73094736842097,-47.73094736842097,-47.730947368421766,7.958078640513122e-13
393765,SRC-GC,20226,114180,2018-09-15,2018-09-15T01:59:00,458.93,2794.07,3253.0,NGVD1929,REPORTED,STATIC,CONSULTANT,STATIC,CONSULTANT,True,eligible,eligible_static_measurement,43.090947368420984,-43.090947368420984,-43.09094736842144,4.547473508864641e-13
393766,SRC-GC,20226,114180,2018-10-17,2018-10-17T06:01:00,455.68,2797.32,3253.0,NGVD1929,REPORTED,STATIC,CONSULTANT,STATIC,CONSULTANT,True,eligible,eligible_static_measurement,39.840947368420984,-39.840947368420984,-39.84094736842144,4.547473508864641e-13
393767,SRC-GC,20226,114180,2018-11-15,2018-11-15T02:13:00,450.6,2802.4,3253.0,NGVD1929,REPORTED,STATIC,CONSULTANT,STATIC,CONSULTANT,True,eligible,eligible_static_measurement,34.760947368421,-34.760947368421,-34.76094736842151,5.115907697472721e-13
393768,SRC-GC,20226,114180,2018-12-15,2018-12-15T04:49:00,447.6,2805.4,3253.0,NGVD1929,REPORTED,STATIC,CONSULTANT,STATIC,CONSULTANT,True,eligible,eligible_static_measurement,31.760947368421,-31.760947368421,-31.760947368421512,5.115907697472721e-13
393769,SRC-GC,20226,114180,2019-01-15,2019-01-15T10:06:00,444.2,2808.8,3253.0,NGVD1929,REPORTED,STATIC,CONSULTANT,STATIC,CONSULTANT,True,eligible,eligible_static_measurement,28.360947368420966,-28.360947368420966,-28.36094736842142,4.547473508864641e-13
393759,SRC-GC,20226,114180,2018-03-15,2018-03-15T02:09:00,441.1,2811.9,3253.0,NGVD1929,REPORTED,STATIC,CONSULTANT,STATIC,CONSULTANT,True,eligible,eligible_static_measurement,25.260947368421,-25.260947368421,-25.260947368421512,5.115907697472721e-13
342905,SRC-GC,20226,114180,2018-03-28,2018-03-28T12:00:00,440.0,2813.0,3253.0,NGVD1929,ETAPE,STATIC,PROFESSIONAL ENGINEER,STATIC,PROFESSIONAL ENGINEER,True,eligible,eligible_static_measurement,24.160947368420977,-24.160947368420977,-24.160947368421603,6.252776074688882e-13
393760,SRC-GC,20226,114180,2018-04-15,2018-04-15T07:29:00,437.9,2815.1,3253.0,NGVD1929,REPORTED,STATIC,CONSULTANT,STATIC,CONSULTANT,True,eligible,eligible_static_measurement,22.060947368420955,-22.060947368420955,-22.060947368421694,7.389644451905042e-13
393761,SRC-GC,20226,114180,2018-05-21,2018-05-21T06:20:00,442.08,2810.92,3253.0,NGVD1929,REPORTED,STATIC,CONSULTANT,STATIC,CONSULTANT,True,eligible,eligible_static_measurement,26.24094736842096,-26.24094736842096,-26.24094736842153,5.684341886080801e-13
393762,SRC-GC,20226,114180,2018-06-17,2018-06-17T04:50:00,447.02,2805.98,3253.0,NGVD1929,REPORTED,STATIC,CONSULTANT,STATIC,CONSULTANT,True,eligible,eligible_static_measurement,31.18094736842096,-31.18094736842096,-31.180947368421585,6.252776074688882e-13
393763,SRC-GC,20226,114180,2018-07-12,2018-07-12T07:13:00,461.25,2791.75,3253.0,NGVD1929,REPORTED,STATIC,CONSULTANT,STATIC,CONSULTANT,True,eligible,eligible_static_measurement,45.41094736842098,-45.41094736842098,-45.4109473684216,6.252776074688882e-13
367265,SRC-GC,20226,114180,2017-07-16,2017-07-16T04:29:00,449.2,2803.8,3253.0,NGVD1929,REPORTED,STATIC,CONSULTANT,STATIC,CONSULTANT,True,eligible,eligible_static_measurement,33.360947368420966,-33.360947368420966,-33.36094736842142,4.547473508864641e-13
367266,SRC-GC,20226,114180,2017-09-06,2017-09-06T03:10:00,456.43,2796.57,3253.0,NGVD1929,REPORTED,STATIC,CONSULTANT,STATIC,CONSULTANT,True,eligible,eligible_static_measurement,40.590947368420984,-40.590947368420984,-40.59094736842144,4.547473508864641e-13
367267,SRC-GC,20226,114180,2017-10-15,2017-10-15T05:57:00,452.6,2800.4,3253.0,NGVD1929,REPORTED,STATIC,CONSULTANT,STATIC,CONSULTANT,True,eligible,eligible_static_measurement,36.760947368421,-36.760947368421,-36.76094736842151,5.115907697472721e-13
367268,SRC-GC,20226,114180,2017-11-15,2017-11-15T05:52:00,447.3,2805.7,3253.0,NGVD1929,REPORTED,STATIC,CONSULTANT,STATIC,CONSULTANT,True,eligible,eligible_static_measurement,31.46094736842099,-31.46094736842099,-31.460947368421785,7.958078640513122e-13
367269,SRC-GC,20226,114180,2017-12-15,2017-12-15T10:37:00,445.3,2807.7,3253.0,NGVD1929,REPORTED,STATIC,CONSULTANT,STATIC,CONSULTANT,True,eligible,eligible_static_measurement,29.46094736842099,-29.46094736842099,-29.460947368421785,7.958078640513122e-13
367270,SRC-GC,20226,114180,2018-01-15,2018-01-15T06:04:00,443.7,2809.3,3253.0,NGVD1929,REPORTED,STATIC,CONSULTANT,STATIC,CONSULTANT,True,eligible,eligible_static_measurement,27.860947368420966,-27.860947368420966,-27.86094736842142,4.547473508864641e-13
367260,SRC-GC,20226,114180,2017-02-15,2017-02-15T06:24:00,439.05,2813.95,3253.0,NGVD1929,REPORTED,STATIC,CONSULTANT,STATIC,CONSULTANT,True,eligible,eligible_static_measurement,23.21094736842099,-23.21094736842099,-23.210947368421785,7.958078640513122e-13
367261,SRC-GC,20226,114180,2017-03-15,2017-03-15T11:33:00,436.8,2816.2,3253.0,NGVD1929,REPORTED,STATIC,CONSULTANT,STATIC,CONSULTANT,True,eligible,eligible_static_measurement,20.96094736842099,-20.96094736842099,-20.960947368421785,7.958078640513122e-13
290944,SRC-GC,20226,114180,2017-03-31,2017-03-31T12:00:00,435.5,2817.5,3253.0,NGVD1929,ETAPE,STATIC,PROFESSIONAL ENGINEER,STATIC,PROFESSIONAL ENGINEER,True,eligible,eligible_static_measurement,19.660947368420977,-19.660947368420977,-19.660947368421603,6.252776074688882e-13
367262,SRC-GC,20226,114180,2017-04-15,2017-04-15T08:43:00,435.9,2817.1,3253.0,NGVD1929,REPORTED,STATIC,CONSULTANT,STATIC,CONSULTANT,True,eligible,eligible_static_measurement,20.060947368420955,-20.060947368420955,-20.060947368421694,7.389644451905042e-13
367263,SRC-GC,20226,114180,2017-05-15,2017-05-15T01:52:00,435.9,2817.1,3253.0,NGVD1929,REPORTED,STATIC,CONSULTANT,STATIC,CONSULTANT,True,eligible,eligible_static_measurement,20.060947368420955,-20.060947368420955,-20.060947368421694,7.389644451905042e-13
367264,SRC-GC,20226,114180,2017-06-15,2017-06-15T06:29:00,442.3,2810.7,3253.0,NGVD1929,REPORTED,STATIC,CONSULTANT,STATIC,CONSULTANT,True,eligible,eligible_static_measurement,26.46094736842099,-26.46094736842099,-26.460947368421785,7.958078640513122e-13
367254,SRC-GC,20226,114180,2016-08-15,2016-08-15T06:37:00,450.2,2802.8,3253.0,NGVD1929,REPORTED,STATIC,CONSULTANT,STATIC,CONSULTANT,True,eligible,eligible_static_measurement,34.360947368420966,-34.360947368420966,-34.36094736842142,4.547473508864641e-13
367255,SRC-GC,20226,114180,2016-09-15,2016-09-15T05:02:00,453.3,2799.7,3253.0,NGVD1929,REPORTED,STATIC,CONSULTANT,STATIC,CONSULTANT,True,eligible,eligible_static_measurement,37.46094736842099,-37.46094736842099,-37.460947368421785,7.958078640513122e-13
367256,SRC-GC,20226,114180,2016-10-15,2016-10-15T08:31:00,452.75,2800.25,3253.0,NGVD1929,REPORTED,STATIC,CONSULTANT,STATIC,CONSULTANT,True,eligible,eligible_static_measurement,36.91094736842098,-36.91094736842098,-36.9109473684216,6.252776074688882e-13
367257,SRC-GC,20226,114180,2016-11-15,2016-11-15T11:27:00,446.9,2806.1,3253.0,NGVD1929,REPORTED,STATIC,CONSULTANT,STATIC,CONSULTANT,True,eligible,eligible_static_measurement,31.060947368420955,-31.060947368420955,-31.060947368421694,7.389644451905042e-13
367258,SRC-GC,20226,114180,2016-12-15,2016-12-15T11:29:00,443.4,2809.6,3253.0,NGVD1929,REPORTED,STATIC,CONSULTANT,STATIC,CONSULTANT,True,eligible,eligible_static_measurement,27.560947368420955,-27.560947368420955,-27.560947368421694,7.389644451905042e-13
367259,SRC-GC,20226,114180,2017-01-15,2017-01-15T10:26:00,442.6,2810.4,3253.0,NGVD1929,REPORTED,STATIC,CONSULTANT,STATIC,CONSULTANT,True,eligible,eligible_static_measurement,26.760947368421,-26.760947368421,-26.760947368421512,5.115907697472721e-13
367249,SRC-GC,20226,114180,2016-03-15,2016-03-15T01:11:00,436.8,2816.2,3253.0,NGVD1929,REPORTED,STATIC,CONSULTANT,STATIC,CONSULTANT,True,eligible,eligible_static_measurement,20.96094736842099,-20.96094736842099,-20.960947368421785,7.958078640513122e-13
273627,SRC-GC,20226,114180,2016-03-24,2016-03-24T12:00:00,435.9,2817.1,3253.0,NGVD1929,ETAPE,STATIC,PROFESSIONAL ENGINEER,STATIC,PROFESSIONAL ENGINEER,True,eligible,eligible_static_measurement,20.060947368420955,-20.060947368420955,-20.060947368421694,7.389644451905042e-13
367250,SRC-GC,20226,114180,2016-04-16,2016-04-16T05:28:00,436.6,2816.4,3253.0,NGVD1929,REPORTED,STATIC,CONSULTANT,STATIC,CONSULTANT,True,eligible,eligible_static_measurement,20.760947368421,-20.760947368421,-20.760947368421512,5.115907697472721e-13
367251,SRC-GC,20226,114180,2016-05-15,2016-05-15T05:17:00,441.2,2811.8,3253.0,NGVD1929,REPORTED,STATIC,CONSULTANT,STATIC,CONSULTANT,True,eligible,eligible_static_measurement,25.360947368420966,-25.360947368420966,-25.36094736842142,4.547473508864641e-13
367252,SRC-GC,20226,114180,2016-06-15,2016-06-15T11:00:00,443.77,2809.23,3253.0,NGVD1929,REPORTED,STATIC,CONSULTANT,STATIC,CONSULTANT,True,eligible,eligible_static_measurement,27.93094736842096,-27.93094736842096,-27.930947368421585,6.252776074688882e-13
367253,SRC-GC,20226,114180,2016-07-15,2016-07-15T07:20:00,448.1,2804.9,3253.0,NGVD1929,REPORTED,STATIC,CONSULTANT,STATIC,CONSULTANT,True,eligible,eligible_static_measurement,32.260947368421,-32.260947368421,-32.26094736842151,5.115907697472721e-13
367243,SRC-GC,20226,114180,2015-09-13,2015-09-13T07:27:00,445.4,2807.6,3253.0,NGVD1929,REPORTED,STATIC,CONSULTANT,STATIC,CONSULTANT,True,eligible,eligible_static_measurement,29.560947368420955,-29.560947368420955,-29.560947368421694,7.389644451905042e-13
367244,SRC-GC,20226,114180,2015-10-15,2015-10-15T12:49:00,446.94,2806.06,3253.0,NGVD1929,REPORTED,STATIC,CONSULTANT,STATIC,CONSULTANT,True,eligible,eligible_static_measurement,31.100947368420975,-31.100947368420975,-31.100947368421657,6.821210263296962e-13
367245,SRC-GC,20226,114180,2015-11-15,2015-11-15T05:46:00,442.2,2810.8,3253.0,NGVD1929,REPORTED,STATIC,CONSULTANT,STATIC,CONSULTANT,True,eligible,eligible_static_measurement,26.360947368420966,-26.360947368420966,-26.36094736842142,4.547473508864641e-13
367246,SRC-GC,20226,114180,2015-12-15,2015-12-15T04:27:00,440.21,2812.79,3253.0,NGVD1929,REPORTED,STATIC,CONSULTANT,STATIC,CONSULTANT,True,eligible,eligible_static_measurement,24.370947368420957,-24.370947368420957,-24.37094736842164,6.821210263296962e-13
367247,SRC-GC,20226,114180,2016-01-15,2016-01-15T07:56:00,439.68,2813.32,3253.0,NGVD1929,REPORTED,STATIC,CONSULTANT,STATIC,CONSULTANT,True,eligible,eligible_static_measurement,23.840947368420984,-23.840947368420984,-23.84094736842144,4.547473508864641e-13
367248,SRC-GC,20226,114180,2016-02-15,2016-02-15T12:48:00,437.51,2815.49,3253.0,NGVD1929,REPORTED,STATIC,CONSULTANT,STATIC,CONSULTANT,True,eligible,eligible_static_measurement,21.67094736842097,-21.67094736842097,-21.67094736842182,8.526512829121202e-13
