SlNo,Station,Agency,State LGD Code,State,District LGD Code,District,Tehsil,Block,Village,River,Basin,Tributary,Subtributary,SubSubtributary,Local River,Latitude,Longitude,Data Acquisition Time,Telemetry Hourly Rainfall (mm)
1,Kurnool_1,Andhra Pradesh GW,28,Andhra Pradesh,511,KURNOOL,KURNOOL,KURNOOL,Kurnool,Pennar,Pennar,-,-,-,-,15.75064000,78.06679800,18-09-2023 16:00,17.5
2,Kurnool_1,Andhra Pradesh GW,28,Andhra Pradesh,511,KURNOOL,KURNOOL,KURNOOL,Kurnool,Pennar,Pennar,-,-,-,-,15.75064000,78.06679800,22-09-2023 03:00,1.5
3,Kurnool_1,Andhra Pradesh GW,28,Andhra Pradesh,511,KURNOOL,KURNOOL,KURNOOL,Kurnool,Pennar,Pennar,-,-,-,-,15.75064000,78.06679800,22-09-2023 04:00,7.5
4,Kurnool_1,Andhra Pradesh GW,28,Andhra Pradesh,511,KURNOOL,KURNOOL,KURNOOL,Kurnool,Pennar,Pennar,-,-,-,-,15.75064000,78.06679800,22-09-2023 05:00,0.5
5,Kurnool_1,Andhra Pradesh GW,28,Andhra Pradesh,511,KURNOOL,KURNOOL,KURNOOL,Kurnool,Pennar,Pennar,-,-,-,-,15.75064000,78.06679800,22-09-2023 07:00,0.5
6,Kurnool_1,Andhra Pradesh GW,28,Andhra Pradesh,511,KURNOOL,KURNOOL,KURNOOL,Kurnool,Pennar,Pennar,-,-,-,-,15.75064000,78.06679800,30-09-2023 18:00,0.5
7,Kurnool_1,Andhra Pradesh GW,28,Andhra Pradesh,511,KURNOOL,KURNOOL,KURNOOL,Kurnool,Pennar,Pennar,-,-,-,-,15.75064000,78.06679800,30-09-2023 19:00,0.5
8,Kurnool_1,Andhra Pradesh GW,28,Andhra Pradesh,511,KURNOOL,KURNOOL,KURNOOL,Kurnool,Pennar,Pennar,-,-,-,-,15.75064000,78.06679800,29-10-2023 21:00,0.5
9,Kurnool_1,Andhra Pradesh GW,28,Andhra Pradesh,511,KURNOOL,KURNOOL,KURNOOL,Kurnool,Pennar,Pennar,-,-,-,-,15.75064000,78.06679800,29-10-2023 22:00,0.5
10,Kurnool_1,Andhra Pradesh GW,28,Andhra Pradesh,511,KURNOOL,KURNOOL,KURNOOL,Kurnool,Pennar,Pennar,-,-,-,-,15.75064000,78.06679800,31-10-2023 23:00,0.5
11,Kurnool_1,Andhra Pradesh GW,28,Andhra Pradesh,511,KURNOOL,KURNOOL,KURNOOL,Kurnool,Pennar,Pennar,-,-,-,-,15.75064000,78.06679800,04-11-2023 18:00,0.5
12,Kurnool_1,Andhra Pradesh GW,28,Andhra Pradesh,511,KURNOOL,KURNOOL,KURNOOL,Kurnool,Pennar,Pennar,-,-,-,-,15.75064000,78.06679800,04-11-2023 19:00,6
13,Kurnool_1,Andhra Pradesh GW,28,Andhra Pradesh,511,KURNOOL,KURNOOL,KURNOOL,Kurnool,Pennar,Pennar,-,-,-,-,15.75064000,78.06679800,04-11-2023 20:00,42
14,Kurnool_1,Andhra Pradesh GW,28,Andhra Pradesh,511,KURNOOL,KURNOOL,KURNOOL,Kurnool,Pennar,Pennar,-,-,-,-,15.75064000,78.06679800,04-11-2023 21:00,0.5
15,Kurnool_1,Andhra Pradesh GW,28,Andhra Pradesh,511,KURNOOL,KURNOOL,KURNOOL,Kurnool,Pennar,Pennar,-,-,-,-,15.75064000,78.06679800,05-11-2023 18:00,0.5
16,Kurnool_1,Andhra Pradesh GW,28,Andhra Pradesh,511,KURNOOL,KURNOOL,KURNOOL,Kurnool,Pennar,Pennar,-,-,-,-,15.75064000,78.06679800,05-12-2023 05:00,3
17,Kurnool_1,Andhra Pradesh GW,28,Andhra Pradesh,511,KURNOOL,KURNOOL,KURNOOL,Kurnool,Pennar,Pennar,-,-,-,-,15.75064000,78.06679800,05-12-2023 06:00,5
18,Kurnool_1,Andhra Pradesh GW,28,Andhra Pradesh,511,KURNOOL,KURNOOL,KURNOOL,Kurnool,Pennar,Pennar,-,-,-,-,15.75064000,78.06679800,05-12-2023 07:00,2
19,Kurnool_1,Andhra Pradesh GW,28,Andhra Pradesh,511,KURNOOL,KURNOOL,KURNOOL,Kurnool,Pennar,Pennar,-,-,-,-,15.75064000,78.06679800,05-12-2023 09:00,0.5
20,Kurnool_1,Andhra Pradesh GW,28,Andhra Pradesh,511,KURNOOL,KURNOOL,KURNOOL,Kurnool,Pennar,Pennar,-,-,-,-,15.75064000,78.06679800,05-12-2023 10:00,1.5
21,Kurnool_1,Andhra Pradesh GW,28,Andhra Pradesh,511,KURNOOL,KURNOOL,KURNOOL,Kurnool,Pennar,Pennar,-,-,-,-,15.75064000,78.06679800,23-12-2023 16:00,1
22,Kurnool_1,Andhra Pradesh GW,28,Andhra Pradesh,511,KURNOOL,KURNOOL,KURNOOL,Kurnool,Pennar,Pennar,-,-,-,-,15.75064000,78.06679800,18-04-2024 17:00,1
23,Kurnool_1,Andhra Pradesh GW,28,Andhra Pradesh,511,KURNOOL,KURNOOL,KURNOOL,Kurnool,Pennar,Pennar,-,-,-,-,15.75064000,78.06679800,16-05-2024 15:00,4
24,Kurnool_1,Andhra Pradesh GW,28,Andhra Pradesh,511,KURNOOL,KURNOOL,KURNOOL,Kurnool,Pennar,Pennar,-,-,-,-,15.75064000,78.06679800,16-05-2024 16:00,0.5
25,Kurnool_1,Andhra Pradesh GW,28,Andhra Pradesh,511,KURNOOL,KURNOOL,KURNOOL,Kurnool,Pennar,Pennar,-,-,-,-,15.75064000,78.06679800,17-05-2024 01:00,0.5
26,Kurnool_1,Andhra Pradesh GW,28,Andhra Pradesh,511,KURNOOL,KURNOOL,KURNOOL,Kurnool,Pennar,Pennar,-,-,-,-,15.75064000,78.06679800,17-05-2024 05:00,0.5
27,Kurnool_1,Andhra Pradesh GW,28,Andhra Pradesh,511,KURNOOL,KURNOOL,KURNOOL,Kurnool,Pennar,Pennar,-,-,-,-,15.75064000,78.06679800,17-05-2024 06:00,1.5
28,Kurnool_1,Andhra Pradesh GW,28,Andhra Pradesh,511,KURNOOL,KURNOOL,KURNOOL,Kurnool,Pennar,Pennar,-,-,-,-,15.75064000,78.06679800,17-05-2024 17:00,5.5
29,Kurnool_1,Andhra Pradesh GW,28,Andhra Pradesh,511,KURNOOL,KURNOOL,KURNOOL,Kurnool,Pennar,Pennar,-,-,-,-,15.75064000,78.06679800,17-05-2024 18:00,7
30,Kurnool_1,Andhra Pradesh GW,28,Andhra Pradesh,511,KURNOOL,KURNOOL,KURNOOL,Kurnool,Pennar,Pennar,-,-,-,-,15.75064000,78.06679800,17-05-2024 22:00,0.5
31,Kurnool_1,Andhra Pradesh GW,28,Andhra Pradesh,511,KURNOOL,KURNOOL,KURNOOL,Kurnool,Pennar,Pennar,-,-,-,-,15.75064000,78.06679800,17-05-2024 23:00,0.5
32,Kurnool_1,Andhra Pradesh GW,28,Andhra Pradesh,511,KURNOOL,KURNOOL,KURNOOL,Kurnool,Pennar,Pennar,-,-,-,-,15.75064000,78.06679800,24-05-2024 19:00,4
33,Kurnool_1,Andhra Pradesh GW,28,Andhra Pradesh,511,KURNOOL,KURNOOL,KURNOOL,Kurnool,Pennar,Pennar,-,-,-,-,15.75064000,78.06679800,24-05-2024 20:00,0.5
34,Kurnool_1,Andhra Pradesh GW,28,Andhra Pradesh,511,KURNOOL,KURNOOL,KURNOOL,Kurnool,Pennar,Pennar,-,-,-,-,15.75064000,78.06679800,24-05-2024 22:00,0.5
35,Kurnool_1,Andhra Pradesh GW,28,Andhra Pradesh,511,KURNOOL,KURNOOL,KURNOOL,Kurnool,Pennar,Pennar,-,-,-,-,15.75064000,78.06679800,03-06-2024 04:00,17.5
36,Kurnool_1,Andhra Pradesh GW,28,Andhra Pradesh,511,KURNOOL,KURNOOL,KURNOOL,Kurnool,Pennar,Pennar,-,-,-,-,15.75064000,78.06679800,03-06-2024 05:00,19.5
37,Kurnool_1,Andhra Pradesh GW,28,Andhra Pradesh,511,KURNOOL,KURNOOL,KURNOOL,Kurnool,Pennar,Pennar,-,-,-,-,15.75064000,78.06679800,03-06-2024 06:00,6
38,Kurnool_1,Andhra Pradesh GW,28,Andhra Pradesh,511,KURNOOL,KURNOOL,KURNOOL,Kurnool,Pennar,Pennar,-,-,-,-,15.75064000,78.06679800,03-06-2024 07:00,4.5
39,Kurnool_1,Andhra Pradesh GW,28,Andhra Pradesh,511,KURNOOL,KURNOOL,KURNOOL,Kurnool,Pennar,Pennar,-,-,-,-,15.75064000,78.06679800,03-06-2024 08:00,3
40,Kurnool_1,Andhra Pradesh GW,28,Andhra Pradesh,511,KURNOOL,KURNOOL,KURNOOL,Kurnool,Pennar,Pennar,-,-,-,-,15.75064000,78.06679800,03-06-2024 09:00,1
41,Kurnool_1,Andhra Pradesh GW,28,Andhra Pradesh,511,KURNOOL,KURNOOL,KURNOOL,Kurnool,Pennar,Pennar,-,-,-,-,15.75064000,78.06679800,04-06-2024 20:00,4
42,Kurnool_1,Andhra Pradesh GW,28,Andhra Pradesh,511,KURNOOL,KURNOOL,KURNOOL,Kurnool,Pennar,Pennar,-,-,-,-,15.75064000,78.06679800,06-06-2024 00:00,8
43,Kurnool_1,Andhra Pradesh GW,28,Andhra Pradesh,511,KURNOOL,KURNOOL,KURNOOL,Kurnool,Pennar,Pennar,-,-,-,-,15.75064000,78.06679800,06-06-2024 01:00,37.5
44,Kurnool_1,Andhra Pradesh GW,28,Andhra Pradesh,511,KURNOOL,KURNOOL,KURNOOL,Kurnool,Pennar,Pennar,-,-,-,-,15.75064000,78.06679800,06-06-2024 02:00,29.5
45,Kurnool_1,Andhra Pradesh GW,28,Andhra Pradesh,511,KURNOOL,KURNOOL,KURNOOL,Kurnool,Pennar,Pennar,-,-,-,-,15.75064000,78.06679800,06-06-2024 03:00,5.5
46,Kurnool_1,Andhra Pradesh GW,28,Andhra Pradesh,511,KURNOOL,KURNOOL,KURNOOL,Kurnool,Pennar,Pennar,-,-,-,-,15.75064000,78.06679800,06-06-2024 04:00,0.5
47,Kurnool_1,Andhra Pradesh GW,28,Andhra Pradesh,511,KURNOOL,KURNOOL,KURNOOL,Kurnool,Pennar,Pennar,-,-,-,-,15.75064000,78.06679800,07-06-2024 05:00,2.5
48,Kurnool_1,Andhra Pradesh GW,28,Andhra Pradesh,511,KURNOOL,KURNOOL,KURNOOL,Kurnool,Pennar,Pennar,-,-,-,-,15.75064000,78.06679800,07-06-2024 06:00,2
49,Kurnool_1,Andhra Pradesh GW,28,Andhra Pradesh,511,KURNOOL,KURNOOL,KURNOOL,Kurnool,Pennar,Pennar,-,-,-,-,15.75064000,78.06679800,07-06-2024 07:00,0.5
50,Kurnool_1,Andhra Pradesh GW,28,Andhra Pradesh,511,KURNOOL,KURNOOL,KURNOOL,Kurnool,Pennar,Pennar,-,-,-,-,15.75064000,78.06679800,07-06-2024 18:00,6.5
51,Kurnool_1,Andhra Pradesh GW,28,Andhra Pradesh,511,KURNOOL,KURNOOL,KURNOOL,Kurnool,Pennar,Pennar,-,-,-,-,15.75064000,78.06679800,07-06-2024 19:00,2.5
52,Kurnool_1,Andhra Pradesh GW,28,Andhra Pradesh,511,KURNOOL,KURNOOL,KURNOOL,Kurnool,Pennar,Pennar,-,-,-,-,15.75064000,78.06679800,07-06-2024 20:00,2.5
53,Kurnool_1,Andhra Pradesh GW,28,Andhra Pradesh,511,KURNOOL,KURNOOL,KURNOOL,Kurnool,Pennar,Pennar,-,-,-,-,15.75064000,78.06679800,08-06-2024 17:00,5.5
54,Kurnool_1,Andhra Pradesh GW,28,Andhra Pradesh,511,KURNOOL,KURNOOL,KURNOOL,Kurnool,Pennar,Pennar,-,-,-,-,15.75064000,78.06679800,09-06-2024 15:00,10
55,Kurnool_1,Andhra Pradesh GW,28,Andhra Pradesh,511,KURNOOL,KURNOOL,KURNOOL,Kurnool,Pennar,Pennar,-,-,-,-,15.75064000,78.06679800,09-06-2024 16:00,8
56,Kurnool_1,Andhra Pradesh GW,28,Andhra Pradesh,511,KURNOOL,KURNOOL,KURNOOL,Kurnool,Pennar,Pennar,-,-,-,-,15.75064000,78.06679800,11-06-2024 16:00,3
57,Kurnool_1,Andhra Pradesh GW,28,Andhra Pradesh,511,KURNOOL,KURNOOL,KURNOOL,Kurnool,Pennar,Pennar,-,-,-,-,15.75064000,78.06679800,11-06-2024 16:00,3
58,Kurnool_1,Andhra Pradesh GW,28,Andhra Pradesh,511,KURNOOL,KURNOOL,KURNOOL,Kurnool,Pennar,Pennar,-,-,-,-,15.75064000,78.06679800,12-06-2024 02:00,0.5
59,Kurnool_1,Andhra Pradesh GW,28,Andhra Pradesh,511,KURNOOL,KURNOOL,KURNOOL,Kurnool,Pennar,Pennar,-,-,-,-,15.75064000,78.06679800,12-06-2024 02:00,0.5
60,Kurnool_1,Andhra Pradesh GW,28,Andhra Pradesh,511,KURNOOL,KURNOOL,KURNOOL,Kurnool,Pennar,Pennar,-,-,-,-,15.75064000,78.06679800,12-06-2024 03:00,2.5
61,Kurnool_1,Andhra Pradesh GW,28,Andhra Pradesh,511,KURNOOL,KURNOOL,KURNOOL,Kurnool,Pennar,Pennar,-,-,-,-,15.75064000,78.06679800,12-06-2024 03:00,2.5
62,Kurnool_1,Andhra Pradesh GW,28,Andhra Pradesh,511,KURNOOL,KURNOOL,KURNOOL,Kurnool,Pennar,Pennar,-,-,-,-,15.75064000,78.06679800,12-06-2024 04:00,0.5
63,Kurnool_1,Andhra Pradesh GW,28,Andhra Pradesh,511,KURNOOL,KURNOOL,KURNOOL,Kurnool,Pennar,Pennar,-,-,-,-,15.75064000,78.06679800,12-06-2024 04:00,0.5
64,Kurnool_1,Andhra Pradesh GW,28,Andhra Pradesh,511,KURNOOL,KURNOOL,KURNOOL,Kurnool,Pennar,Pennar,-,-,-,-,15.75064000,78.06679800,12-06-2024 06:00,1
65,Kurnool_1,Andhra Pradesh GW,28,Andhra Pradesh,511,KURNOOL,KURNOOL,KURNOOL,Kurnool,Pennar,Pennar,-,-,-,-,15.75064000,78.06679800,12-06-2024 06:00,1
66,Kurnool_1,Andhra Pradesh GW,28,Andhra Pradesh,511,KURNOOL,KURNOOL,KURNOOL,Kurnool,Pennar,Pennar,-,-,-,-,15.75064000,78.06679800,12-06-2024 12:00,2
67,Kurnool_1,Andhra Pradesh GW,28,Andhra Pradesh,511,KURNOOL,KURNOOL,KURNOOL,Kurnool,Pennar,Pennar,-,-,-,-,15.75064000,78.06679800,12-06-2024 12:00,2
68,Kurnool_1,Andhra Pradesh GW,28,Andhra Pradesh,511,KURNOOL,KURNOOL,KURNOOL,Kurnool,Pennar,Pennar,-,-,-,-,15.75064000,78.06679800,12-06-2024 21:00,6
69,Kurnool_1,Andhra Pradesh GW,28,Andhra Pradesh,511,KURNOOL,KURNOOL,KURNOOL,Kurnool,Pennar,Pennar,-,-,-,-,15.75064000,78.06679800,12-06-2024 21:00,6
70,Kurnool_1,Andhra Pradesh GW,28,Andhra Pradesh,511,KURNOOL,KURNOOL,KURNOOL,Kurnool,Pennar,Pennar,-,-,-,-,15.75064000,78.06679800,12-06-2024 22:00,2
71,Kurnool_1,Andhra Pradesh GW,28,Andhra Pradesh,511,KURNOOL,KURNOOL,KURNOOL,Kurnool,Pennar,Pennar,-,-,-,-,15.75064000,78.06679800,12-06-2024 22:00,2
72,Kurnool_1,Andhra Pradesh GW,28,Andhra Pradesh,511,KURNOOL,KURNOOL,KURNOOL,Kurnool,Pennar,Pennar,-,-,-,-,15.75064000,78.06679800,12-06-2024 23:00,5.5
73,Kurnool_1,Andhra Pradesh GW,28,Andhra Pradesh,511,KURNOOL,KURNOOL,KURNOOL,Kurnool,Pennar,Pennar,-,-,-,-,15.75064000,78.06679800,13-06-2024 00:00,6.5
74,Kurnool_1,Andhra Pradesh GW,28,Andhra Pradesh,511,KURNOOL,KURNOOL,KURNOOL,Kurnool,Pennar,Pennar,-,-,-,-,15.75064000,78.06679800,13-06-2024 00:00,6.5
75,Kurnool_1,Andhra Pradesh GW,28,Andhra Pradesh,511,KURNOOL,KURNOOL,KURNOOL,Kurnool,Pennar,Pennar,-,-,-,-,15.75064000,78.06679800,13-06-2024 01:00,3.5
76,Kurnool_1,Andhra Pradesh GW,28,Andhra Pradesh,511,KURNOOL,KURNOOL,KURNOOL,Kurnool,Pennar,Pennar,-,-,-,-,15.75064000,78.06679800,13-06-2024 01:00,3.5
77,Kurnool_1,Andhra Pradesh GW,28,Andhra Pradesh,511,KURNOOL,KURNOOL,KURNOOL,Kurnool,Pennar,Pennar,-,-,-,-,15.75064000,78.06679800,13-06-2024 02:00,3.5
78,Kurnool_1,Andhra Pradesh GW,28,Andhra Pradesh,511,KURNOOL,KURNOOL,KURNOOL,Kurnool,Pennar,Pennar,-,-,-,-,15.75064000,78.06679800,13-06-2024 02:00,3.5
79,Kurnool_1,Andhra Pradesh GW,28,Andhra Pradesh,511,KURNOOL,KURNOOL,KURNOOL,Kurnool,Pennar,Pennar,-,-,-,-,15.75064000,78.06679800,14-06-2024 13:00,0.5
80,Kurnool_1,Andhra Pradesh GW,28,Andhra Pradesh,511,KURNOOL,KURNOOL,KURNOOL,Kurnool,Pennar,Pennar,-,-,-,-,15.75064000,78.06679800,14-06-2024 14:00,1.5
81,Kurnool_1,Andhra Pradesh GW,28,Andhra Pradesh,511,KURNOOL,KURNOOL,KURNOOL,Kurnool,Pennar,Pennar,-,-,-,-,15.75064000,78.06679800,14-06-2024 17:00,1.5
82,Kurnool_1,Andhra Pradesh GW,28,Andhra Pradesh,511,KURNOOL,KURNOOL,KURNOOL,Kurnool,Pennar,Pennar,-,-,-,-,15.75064000,78.06679800,14-06-2024 20:00,1
83,Kurnool_1,Andhra Pradesh GW,28,Andhra Pradesh,511,KURNOOL,KURNOOL,KURNOOL,Kurnool,Pennar,Pennar,-,-,-,-,15.75064000,78.06679800,14-06-2024 21:00,0.5
84,Kurnool_1,Andhra Pradesh GW,28,Andhra Pradesh,511,KURNOOL,KURNOOL,KURNOOL,Kurnool,Pennar,Pennar,-,-,-,-,15.75064000,78.06679800,17-06-2024 12:00,2
85,Kurnool_1,Andhra Pradesh GW,28,Andhra Pradesh,511,KURNOOL,KURNOOL,KURNOOL,Kurnool,Pennar,Pennar,-,-,-,-,15.75064000,78.06679800,18-06-2024 03:00,2
86,Kurnool_1,Andhra Pradesh GW,28,Andhra Pradesh,511,KURNOOL,KURNOOL,KURNOOL,Kurnool,Pennar,Pennar,-,-,-,-,15.75064000,78.06679800,18-06-2024 04:00,1.5
87,Kurnool_1,Andhra Pradesh GW,28,Andhra Pradesh,511,KURNOOL,KURNOOL,KURNOOL,Kurnool,Pennar,Pennar,-,-,-,-,15.75064000,78.06679800,18-06-2024 22:00,2.5
88,Kurnool_1,Andhra Pradesh GW,28,Andhra Pradesh,511,KURNOOL,KURNOOL,KURNOOL,Kurnool,Pennar,Pennar,-,-,-,-,15.75064000,78.06679800,19-06-2024 00:00,1.5
89,Kurnool_1,Andhra Pradesh GW,28,Andhra Pradesh,511,KURNOOL,KURNOOL,KURNOOL,Kurnool,Pennar,Pennar,-,-,-,-,15.75064000,78.06679800,19-06-2024 01:00,35.5
90,Kurnool_1,Andhra Pradesh GW,28,Andhra Pradesh,511,KURNOOL,KURNOOL,KURNOOL,Kurnool,Pennar,Pennar,-,-,-,-,15.75064000,78.06679800,19-06-2024 02:00,3.5
91,Kurnool_1,Andhra Pradesh GW,28,Andhra Pradesh,511,KURNOOL,KURNOOL,KURNOOL,Kurnool,Pennar,Pennar,-,-,-,-,15.75064000,78.06679800,19-06-2024 03:00,0.5
92,Kurnool_1,Andhra Pradesh GW,28,Andhra Pradesh,511,KURNOOL,KURNOOL,KURNOOL,Kurnool,Pennar,Pennar,-,-,-,-,15.75064000,78.06679800,21-06-2024 14:00,0.5
93,Kurnool_1,Andhra Pradesh GW,28,Andhra Pradesh,511,KURNOOL,KURNOOL,KURNOOL,Kurnool,Pennar,Pennar,-,-,-,-,15.75064000,78.06679800,21-06-2024 15:00,1.5
94,Kurnool_1,Andhra Pradesh GW,28,Andhra Pradesh,511,KURNOOL,KURNOOL,KURNOOL,Kurnool,Pennar,Pennar,-,-,-,-,15.75064000,78.06679800,21-06-2024 19:00,5
95,Kurnool_1,Andhra Pradesh GW,28,Andhra Pradesh,511,KURNOOL,KURNOOL,KURNOOL,Kurnool,Pennar,Pennar,-,-,-,-,15.75064000,78.06679800,30-06-2024 19:00,2
96,Kurnool_1,Andhra Pradesh GW,28,Andhra Pradesh,511,KURNOOL,KURNOOL,KURNOOL,Kurnool,Pennar,Pennar,-,-,-,-,15.75064000,78.06679800,30-06-2024 20:00,3
97,Kurnool_1,Andhra Pradesh GW,28,Andhra Pradesh,511,KURNOOL,KURNOOL,KURNOOL,Kurnool,Pennar,Pennar,-,-,-,-,15.75064000,78.06679800,30-06-2024 21:00,0.5
98,Kurnool_1,Andhra Pradesh GW,28,Andhra Pradesh,511,KURNOOL,KURNOOL,KURNOOL,Kurnool,Pennar,Pennar,-,-,-,-,15.75064000,78.06679800,30-06-2024 22:00,0.5
99,Kurnool_1,Andhra Pradesh GW,28,Andhra Pradesh,511,KURNOOL,KURNOOL,KURNOOL,Kurnool,Pennar,Pennar,-,-,-,-,15.75064000,78.06679800,01-07-2024 00:00,0.5
100,Kurnool_1,Andhra Pradesh GW,28,Andhra Pradesh,511,KURNOOL,KURNOOL,KURNOOL,Kurnool,Pennar,Pennar,-,-,-,-,15.75064000,78.06679800,01-07-2024 01:00,0.5
101,Kurnool_1,Andhra Pradesh GW,28,Andhra Pradesh,511,KURNOOL,KURNOOL,KURNOOL,Kurnool,Pennar,Pennar,-,-,-,-,15.75064000,78.06679800,07-07-2024 15:00,6
102,Kurnool_1,Andhra Pradesh GW,28,Andhra Pradesh,511,KURNOOL,KURNOOL,KURNOOL,Kurnool,Pennar,Pennar,-,-,-,-,15.75064000,78.06679800,07-07-2024 16:00,0.5
103,Kurnool_1,Andhra Pradesh GW,28,Andhra Pradesh,511,KURNOOL,KURNOOL,KURNOOL,Kurnool,Pennar,Pennar,-,-,-,-,15.75064000,78.06679800,08-07-2024 23:00,0.5
104,Kurnool_1,Andhra Pradesh GW,28,Andhra Pradesh,511,KURNOOL,KURNOOL,KURNOOL,Kurnool,Pennar,Pennar,-,-,-,-,15.75064000,78.06679800,09-07-2024 00:00,1
105,Kurnool_1,Andhra Pradesh GW,28,Andhra Pradesh,511,KURNOOL,KURNOOL,KURNOOL,Kurnool,Pennar,Pennar,-,-,-,-,15.75064000,78.06679800,09-07-2024 01:00,2
106,Kurnool_1,Andhra Pradesh GW,28,Andhra Pradesh,511,KURNOOL,KURNOOL,KURNOOL,Kurnool,Pennar,Pennar,-,-,-,-,15.75064000,78.06679800,09-07-2024 02:00,2.5
107,Kurnool_1,Andhra Pradesh GW,28,Andhra Pradesh,511,KURNOOL,KURNOOL,KURNOOL,Kurnool,Pennar,Pennar,-,-,-,-,15.75064000,78.06679800,09-07-2024 22:00,2
108,Kurnool_1,Andhra Pradesh GW,28,Andhra Pradesh,511,KURNOOL,KURNOOL,KURNOOL,Kurnool,Pennar,Pennar,-,-,-,-,15.75064000,78.06679800,13-07-2024 14:00,0.5
109,Kurnool_1,Andhra Pradesh GW,28,Andhra Pradesh,511,KURNOOL,KURNOOL,KURNOOL,Kurnool,Pennar,Pennar,-,-,-,-,15.75064000,78.06679800,13-07-2024 17:00,1
110,Kurnool_1,Andhra Pradesh GW,28,Andhra Pradesh,511,KURNOOL,KURNOOL,KURNOOL,Kurnool,Pennar,Pennar,-,-,-,-,15.75064000,78.06679800,13-07-2024 18:00,5.5
111,Kurnool_1,Andhra Pradesh GW,28,Andhra Pradesh,511,KURNOOL,KURNOOL,KURNOOL,Kurnool,Pennar,Pennar,-,-,-,-,15.75064000,78.06679800,14-07-2024 18:00,1
112,Kurnool_1,Andhra Pradesh GW,28,Andhra Pradesh,511,KURNOOL,KURNOOL,KURNOOL,Kurnool,Pennar,Pennar,-,-,-,-,15.75064000,78.06679800,14-07-2024 19:00,0.5
113,Kurnool_1,Andhra Pradesh GW,28,Andhra Pradesh,511,KURNOOL,KURNOOL,KURNOOL,Kurnool,Pennar,Pennar,-,-,-,-,15.75064000,78.06679800,14-07-2024 20:00,1.5
114,Kurnool_1,Andhra Pradesh GW,28,Andhra Pradesh,511,KURNOOL,KURNOOL,KURNOOL,Kurnool,Pennar,Pennar,-,-,-,-,15.75064000,78.06679800,14-07-2024 21:00,0.5
115,Kurnool_1,Andhra Pradesh GW,28,Andhra Pradesh,511,KURNOOL,KURNOOL,KURNOOL,Kurnool,Pennar,Pennar,-,-,-,-,15.75064000,78.06679800,14-07-2024 22:00,0.5
116,Kurnool_1,Andhra Pradesh GW,28,Andhra Pradesh,511,KURNOOL,KURNOOL,KURNOOL,Kurnool,Pennar,Pennar,-,-,-,-,15.75064000,78.06679800,15-07-2024 00:00,0.5
117,Kurnool_1,Andhra Pradesh GW,28,Andhra Pradesh,511,KURNOOL,KURNOOL,KURNOOL,Kurnool,Pennar,Pennar,-,-,-,-,15.75064000,78.06679800,15-07-2024 12:00,1
118,Kurnool_1,Andhra Pradesh GW,28,Andhra Pradesh,511,KURNOOL,KURNOOL,KURNOOL,Kurnool,Pennar,Pennar,-,-,-,-,15.75064000,78.06679800,15-07-2024 15:00,0.5
119,Kurnool_1,Andhra Pradesh GW,28,Andhra Pradesh,511,KURNOOL,KURNOOL,KURNOOL,Kurnool,Pennar,Pennar,-,-,-,-,15.75064000,78.06679800,15-07-2024 22:00,1
120,Kurnool_1,Andhra Pradesh GW,28,Andhra Pradesh,511,KURNOOL,KURNOOL,KURNOOL,Kurnool,Pennar,Pennar,-,-,-,-,15.75064000,78.06679800,15-07-2024 23:00,4.5
121,Kurnool_1,Andhra Pradesh GW,28,Andhra Pradesh,511,KURNOOL,KURNOOL,KURNOOL,Kurnool,Pennar,Pennar,-,-,-,-,15.75064000,78.06679800,16-07-2024 00:00,3
122,Kurnool_1,Andhra Pradesh GW,28,Andhra Pradesh,511,KURNOOL,KURNOOL,KURNOOL,Kurnool,Pennar,Pennar,-,-,-,-,15.75064000,78.06679800,16-07-2024 01:00,0.5
123,Kurnool_1,Andhra Pradesh GW,28,Andhra Pradesh,511,KURNOOL,KURNOOL,KURNOOL,Kurnool,Pennar,Pennar,-,-,-,-,15.75064000,78.06679800,16-07-2024 04:00,0.5
124,Kurnool_1,Andhra Pradesh GW,28,Andhra Pradesh,511,KURNOOL,KURNOOL,KURNOOL,Kurnool,Pennar,Pennar,-,-,-,-,15.75064000,78.06679800,16-07-2024 16:00,0.5
125,Kurnool_1,Andhra Pradesh GW,28,Andhra Pradesh,511,KURNOOL,KURNOOL,KURNOOL,Kurnool,Pennar,Pennar,-,-,-,-,15.75064000,78.06679800,16-07-2024 17:00,2
126,Kurnool_1,Andhra Pradesh GW,28,Andhra Pradesh,511,KURNOOL,KURNOOL,KURNOOL,Kurnool,Pennar,Pennar,-,-,-,-,15.75064000,78.06679800,16-07-2024 18:00,1
127,Kurnool_1,Andhra Pradesh GW,28,Andhra Pradesh,511,KURNOOL,KURNOOL,KURNOOL,Kurnool,Pennar,Pennar,-,-,-,-,15.75064000,78.06679800,17-07-2024 20:00,2
128,Kurnool_1,Andhra Pradesh GW,28,Andhra Pradesh,511,KURNOOL,KURNOOL,KURNOOL,Kurnool,Pennar,Pennar,-,-,-,-,15.75064000,78.06679800,18-07-2024 15:00,2
129,Kurnool_1,Andhra Pradesh GW,28,Andhra Pradesh,511,KURNOOL,KURNOOL,KURNOOL,Kurnool,Pennar,Pennar,-,-,-,-,15.75064000,78.06679800,18-07-2024 18:00,1
130,Kurnool_1,Andhra Pradesh GW,28,Andhra Pradesh,511,KURNOOL,KURNOOL,KURNOOL,Kurnool,Pennar,Pennar,-,-,-,-,15.75064000,78.06679800,18-07-2024 21:00,0.5
131,Kurnool_1,Andhra Pradesh GW,28,Andhra Pradesh,511,KURNOOL,KURNOOL,KURNOOL,Kurnool,Pennar,Pennar,-,-,-,-,15.75064000,78.06679800,19-07-2024 09:00,0.5
132,Kurnool_1,Andhra Pradesh GW,28,Andhra Pradesh,511,KURNOOL,KURNOOL,KURNOOL,Kurnool,Pennar,Pennar,-,-,-,-,15.75064000,78.06679800,19-07-2024 10:00,0.5
133,Kurnool_1,Andhra Pradesh GW,28,Andhra Pradesh,511,KURNOOL,KURNOOL,KURNOOL,Kurnool,Pennar,Pennar,-,-,-,-,15.75064000,78.06679800,19-07-2024 12:00,0.5
134,Kurnool_1,Andhra Pradesh GW,28,Andhra Pradesh,511,KURNOOL,KURNOOL,KURNOOL,Kurnool,Pennar,Pennar,-,-,-,-,15.75064000,78.06679800,19-07-2024 15:00,1
135,Kurnool_1,Andhra Pradesh GW,28,Andhra Pradesh,511,KURNOOL,KURNOOL,KURNOOL,Kurnool,Pennar,Pennar,-,-,-,-,15.75064000,78.06679800,19-07-2024 16:00,3.5
136,Kurnool_1,Andhra Pradesh GW,28,Andhra Pradesh,511,KURNOOL,KURNOOL,KURNOOL,Kurnool,Pennar,Pennar,-,-,-,-,15.75064000,78.06679800,19-07-2024 17:00,3.5
137,Kurnool_1,Andhra Pradesh GW,28,Andhra Pradesh,511,KURNOOL,KURNOOL,KURNOOL,Kurnool,Pennar,Pennar,-,-,-,-,15.75064000,78.06679800,19-07-2024 19:00,0.5
138,Kurnool_1,Andhra Pradesh GW,28,Andhra Pradesh,511,KURNOOL,KURNOOL,KURNOOL,Kurnool,Pennar,Pennar,-,-,-,-,15.75064000,78.06679800,19-07-2024 20:00,3.5
139,Kurnool_1,Andhra Pradesh GW,28,Andhra Pradesh,511,KURNOOL,KURNOOL,KURNOOL,Kurnool,Pennar,Pennar,-,-,-,-,15.75064000,78.06679800,19-07-2024 21:00,0.5
140,Kurnool_1,Andhra Pradesh GW,28,Andhra Pradesh,511,KURNOOL,KURNOOL,KURNOOL,Kurnool,Pennar,Pennar,-,-,-,-,15.75064000,78.06679800,19-07-2024 22:00,0.5
141,Kurnool_1,Andhra Pradesh GW,28,Andhra Pradesh,511,KURNOOL,KURNOOL,KURNOOL,Kurnool,Pennar,Pennar,-,-,-,-,15.75064000,78.06679800,19-07-2024 23:00,0.5
142,Kurnool_1,Andhra Pradesh GW,28,Andhra Pradesh,511,KURNOOL,KURNOOL,KURNOOL,Kurnool,Pennar,Pennar,-,-,-,-,15.75064000,78.06679800,20-07-2024 02:00,0.5
143,Kurnool_1,Andhra Pradesh GW,28,Andhra Pradesh,511,KURNOOL,KURNOOL,KURNOOL,Kurnool,Pennar,Pennar,-,-,-,-,15.75064000,78.06679800,20-07-2024 08:00,0.5
144,Kurnool_1,Andhra Pradesh GW,28,Andhra Pradesh,511,KURNOOL,KURNOOL,KURNOOL,Kurnool,Pennar,Pennar,-,-,-,-,15.75064000,78.06679800,20-07-2024 10:00,0.5
145,Kurnool_1,Andhra Pradesh GW,28,Andhra Pradesh,511,KURNOOL,KURNOOL,KURNOOL,Kurnool,Pennar,Pennar,-,-,-,-,15.75064000,78.06679800,20-07-2024 12:00,1
146,Kurnool_1,Andhra Pradesh GW,28,Andhra Pradesh,511,KURNOOL,KURNOOL,KURNOOL,Kurnool,Pennar,Pennar,-,-,-,-,15.75064000,78.06679800,20-07-2024 13:00,0.5
147,Kurnool_1,Andhra Pradesh GW,28,Andhra Pradesh,511,KURNOOL,KURNOOL,KURNOOL,Kurnool,Pennar,Pennar,-,-,-,-,15.75064000,78.06679800,20-07-2024 17:00,0.5
148,Kurnool_1,Andhra Pradesh GW,28,Andhra Pradesh,511,KURNOOL,KURNOOL,KURNOOL,Kurnool,Pennar,Pennar,-,-,-,-,15.75064000,78.06679800,22-07-2024 00:00,0.5
149,Kurnool_1,Andhra Pradesh GW,28,Andhra Pradesh,511,KURNOOL,KURNOOL,KURNOOL,Kurnool,Pennar,Pennar,-,-,-,-,15.75064000,78.06679800,22-07-2024 01:00,0.5
150,Kurnool_1,Andhra Pradesh GW,28,Andhra Pradesh,511,KURNOOL,KURNOOL,KURNOOL,Kurnool,Pennar,Pennar,-,-,-,-,15.75064000,78.06679800,22-07-2024 02:00,0.5
151,Kurnool_1,Andhra Pradesh GW,28,Andhra Pradesh,511,KURNOOL,KURNOOL,KURNOOL,Kurnool,Pennar,Pennar,-,-,-,-,15.75064000,78.06679800,22-07-2024 03:00,1
152,Kurnool_1,Andhra Pradesh GW,28,Andhra Pradesh,511,KURNOOL,KURNOOL,KURNOOL,Kurnool,Pennar,Pennar,-,-,-,-,15.75064000,78.06679800,24-07-2024 17:00,0.5
153,Kurnool_1,Andhra Pradesh GW,28,Andhra Pradesh,511,KURNOOL,KURNOOL,KURNOOL,Kurnool,Pennar,Pennar,-,-,-,-,15.75064000,78.06679800,01-08-2024 02:00,3
154,Kurnool_1,Andhra Pradesh GW,28,Andhra Pradesh,511,KURNOOL,KURNOOL,KURNOOL,Kurnool,Pennar,Pennar,-,-,-,-,15.75064000,78.06679800,01-08-2024 03:00,0.5
155,Kurnool_1,Andhra Pradesh GW,28,Andhra Pradesh,511,KURNOOL,KURNOOL,KURNOOL,Kurnool,Pennar,Pennar,-,-,-,-,15.75064000,78.06679800,01-08-2024 04:00,2
156,Kurnool_1,Andhra Pradesh GW,28,Andhra Pradesh,511,KURNOOL,KURNOOL,KURNOOL,Kurnool,Pennar,Pennar,-,-,-,-,15.75064000,78.06679800,04-08-2024 21:00,0.5
157,Kurnool_1,Andhra Pradesh GW,28,Andhra Pradesh,511,KURNOOL,KURNOOL,KURNOOL,Kurnool,Pennar,Pennar,-,-,-,-,15.75064000,78.06679800,05-08-2024 22:00,1.5
158,Kurnool_1,Andhra Pradesh GW,28,Andhra Pradesh,511,KURNOOL,KURNOOL,KURNOOL,Kurnool,Pennar,Pennar,-,-,-,-,15.75064000,78.06679800,06-08-2024 21:00,0.5
159,Kurnool_1,Andhra Pradesh GW,28,Andhra Pradesh,511,KURNOOL,KURNOOL,KURNOOL,Kurnool,Pennar,Pennar,-,-,-,-,15.75064000,78.06679800,06-08-2024 22:00,4.5
160,Kurnool_1,Andhra Pradesh GW,28,Andhra Pradesh,511,KURNOOL,KURNOOL,KURNOOL,Kurnool,Pennar,Pennar,-,-,-,-,15.75064000,78.06679800,06-08-2024 23:00,2
161,Kurnool_1,Andhra Pradesh GW,28,Andhra Pradesh,511,KURNOOL,KURNOOL,KURNOOL,Kurnool,Pennar,Pennar,-,-,-,-,15.75064000,78.06679800,07-08-2024 00:00,3
162,Kurnool_1,Andhra Pradesh GW,28,Andhra Pradesh,511,KURNOOL,KURNOOL,KURNOOL,Kurnool,Pennar,Pennar,-,-,-,-,15.75064000,78.06679800,07-08-2024 01:00,1
163,Kurnool_1,Andhra Pradesh GW,28,Andhra Pradesh,511,KURNOOL,KURNOOL,KURNOOL,Kurnool,Pennar,Pennar,-,-,-,-,15.75064000,78.06679800,07-08-2024 03:00,0.5
164,Kurnool_1,Andhra Pradesh GW,28,Andhra Pradesh,511,KURNOOL,KURNOOL,KURNOOL,Kurnool,Pennar,Pennar,-,-,-,-,15.75064000,78.06679800,07-08-2024 04:00,0.5
165,Kurnool_1,Andhra Pradesh GW,28,Andhra Pradesh,511,KURNOOL,KURNOOL,KURNOOL,Kurnool,Pennar,Pennar,-,-,-,-,15.75064000,78.06679800,07-08-2024 05:00,1
166,Kurnool_1,Andhra Pradesh GW,28,Andhra Pradesh,511,KURNOOL,KURNOOL,KURNOOL,Kurnool,Pennar,Pennar,-,-,-,-,15.75064000,78.06679800,07-08-2024 06:00,1
167,Kurnool_1,Andhra Pradesh GW,28,Andhra Pradesh,511,KURNOOL,KURNOOL,KURNOOL,Kurnool,Pennar,Pennar,-,-,-,-,15.75064000,78.06679800,07-08-2024 07:00,1
168,Kurnool_1,Andhra Pradesh GW,28,Andhra Pradesh,511,KURNOOL,KURNOOL,KURNOOL,Kurnool,Pennar,Pennar,-,-,-,-,15.75064000,78.06679800,07-08-2024 08:00,1
169,Kurnool_1,Andhra Pradesh GW,28,Andhra Pradesh,511,KURNOOL,KURNOOL,KURNOOL,Kurnool,Pennar,Pennar,-,-,-,-,15.75064000,78.06679800,10-08-2024 03:00,0.5
170,Kurnool_1,Andhra Pradesh GW,28,Andhra Pradesh,511,KURNOOL,KURNOOL,KURNOOL,Kurnool,Pennar,Pennar,-,-,-,-,15.75064000,78.06679800,10-08-2024 04:00,1.5
171,Kurnool_1,Andhra Pradesh GW,28,Andhra Pradesh,511,KURNOOL,KURNOOL,KURNOOL,Kurnool,Pennar,Pennar,-,-,-,-,15.75064000,78.06679800,10-08-2024 07:00,0.5
172,Kurnool_1,Andhra Pradesh GW,28,Andhra Pradesh,511,KURNOOL,KURNOOL,KURNOOL,Kurnool,Pennar,Pennar,-,-,-,-,15.75064000,78.06679800,11-08-2024 01:00,2.5
173,Kurnool_1,Andhra Pradesh GW,28,Andhra Pradesh,511,KURNOOL,KURNOOL,KURNOOL,Kurnool,Pennar,Pennar,-,-,-,-,15.75064000,78.06679800,11-08-2024 02:00,0.5
174,Kurnool_1,Andhra Pradesh GW,28,Andhra Pradesh,511,KURNOOL,KURNOOL,KURNOOL,Kurnool,Pennar,Pennar,-,-,-,-,15.75064000,78.06679800,11-08-2024 03:00,0.5
175,Kurnool_1,Andhra Pradesh GW,28,Andhra Pradesh,511,KURNOOL,KURNOOL,KURNOOL,Kurnool,Pennar,Pennar,-,-,-,-,15.75064000,78.06679800,18-08-2024 05:00,1
176,Kurnool_1,Andhra Pradesh GW,28,Andhra Pradesh,511,KURNOOL,KURNOOL,KURNOOL,Kurnool,Pennar,Pennar,-,-,-,-,15.75064000,78.06679800,18-08-2024 17:00,27.5
177,Kurnool_1,Andhra Pradesh GW,28,Andhra Pradesh,511,KURNOOL,KURNOOL,KURNOOL,Kurnool,Pennar,Pennar,-,-,-,-,15.75064000,78.06679800,18-08-2024 18:00,1
178,Kurnool_1,Andhra Pradesh GW,28,Andhra Pradesh,511,KURNOOL,KURNOOL,KURNOOL,Kurnool,Pennar,Pennar,-,-,-,-,15.75064000,78.06679800,19-08-2024 14:00,6.5
179,Kurnool_1,Andhra Pradesh GW,28,Andhra Pradesh,511,KURNOOL,KURNOOL,KURNOOL,Kurnool,Pennar,Pennar,-,-,-,-,15.75064000,78.06679800,19-08-2024 15:00,5.5
180,Kurnool_1,Andhra Pradesh GW,28,Andhra Pradesh,511,KURNOOL,KURNOOL,KURNOOL,Kurnool,Pennar,Pennar,-,-,-,-,15.75064000,78.06679800,19-08-2024 18:00,1.5
181,Kurnool_1,Andhra Pradesh GW,28,Andhra Pradesh,511,KURNOOL,KURNOOL,KURNOOL,Kurnool,Pennar,Pennar,-,-,-,-,15.75064000,78.06679800,20-08-2024 04:00,6.5
182,Kurnool_1,Andhra Pradesh GW,28,Andhra Pradesh,511,KURNOOL,KURNOOL,KURNOOL,Kurnool,Pennar,Pennar,-,-,-,-,15.75064000,78.06679800,20-08-2024 16:00,0.5
183,Kurnool_1,Andhra Pradesh GW,28,Andhra Pradesh,511,KURNOOL,KURNOOL,KURNOOL,Kurnool,Pennar,Pennar,-,-,-,-,15.75064000,78.06679800,20-08-2024 16:00,0.5
184,Kurnool_1,Andhra Pradesh GW,28,Andhra Pradesh,511,KURNOOL,KURNOOL,KURNOOL,Kurnool,Pennar,Pennar,-,-,-,-,15.75064000,78.06679800,21-08-2024 22:00,3
185,Kurnool_1,Andhra Pradesh GW,28,Andhra Pradesh,511,KURNOOL,KURNOOL,KURNOOL,Kurnool,Pennar,Pennar,-,-,-,-,15.75064000,78.06679800,21-08-2024 22:00,3
186,Kurnool_1,Andhra Pradesh GW,28,Andhra Pradesh,511,KURNOOL,KURNOOL,KURNOOL,Kurnool,Pennar,Pennar,-,-,-,-,15.75064000,78.06679800,22-08-2024 00:00,23.5
187,Kurnool_1,Andhra Pradesh GW,28,Andhra Pradesh,511,KURNOOL,KURNOOL,KURNOOL,Kurnool,Pennar,Pennar,-,-,-,-,15.75064000,78.06679800,22-08-2024 02:00,0.5
188,Kurnool_1,Andhra Pradesh GW,28,Andhra Pradesh,511,KURNOOL,KURNOOL,KURNOOL,Kurnool,Pennar,Pennar,-,-,-,-,15.75064000,78.06679800,22-08-2024 03:00,2.5
189,Kurnool_1,Andhra Pradesh GW,28,Andhra Pradesh,511,KURNOOL,KURNOOL,KURNOOL,Kurnool,Pennar,Pennar,-,-,-,-,15.75064000,78.06679800,22-08-2024 21:00,1.5
190,Kurnool_1,Andhra Pradesh GW,28,Andhra Pradesh,511,KURNOOL,KURNOOL,KURNOOL,Kurnool,Pennar,Pennar,-,-,-,-,15.75064000,78.06679800,26-08-2024 20:00,3
191,Kurnool_1,Andhra Pradesh GW,28,Andhra Pradesh,511,KURNOOL,KURNOOL,KURNOOL,Kurnool,Pennar,Pennar,-,-,-,-,15.75064000,78.06679800,26-08-2024 20:00,3
192,Kurnool_1,Andhra Pradesh GW,28,Andhra Pradesh,511,KURNOOL,KURNOOL,KURNOOL,Kurnool,Pennar,Pennar,-,-,-,-,15.75064000,78.06679800,26-08-2024 21:00,1
193,Kurnool_1,Andhra Pradesh GW,28,Andhra Pradesh,511,KURNOOL,KURNOOL,KURNOOL,Kurnool,Pennar,Pennar,-,-,-,-,15.75064000,78.06679800,26-08-2024 21:00,1
194,Kurnool_1,Andhra Pradesh GW,28,Andhra Pradesh,511,KURNOOL,KURNOOL,KURNOOL,Kurnool,Pennar,Pennar,-,-,-,-,15.75064000,78.06679800,29-08-2024 21:00,1
195,Kurnool_1,Andhra Pradesh GW,28,Andhra Pradesh,511,KURNOOL,KURNOOL,KURNOOL,Kurnool,Pennar,Pennar,-,-,-,-,15.75064000,78.06679800,30-08-2024 22:00,1
196,Kurnool_1,Andhra Pradesh GW,28,Andhra Pradesh,511,KURNOOL,KURNOOL,KURNOOL,Kurnool,Pennar,Pennar,-,-,-,-,15.75064000,78.06679800,30-08-2024 22:00,1
197,Kurnool_1,Andhra Pradesh GW,28,Andhra Pradesh,511,KURNOOL,KURNOOL,KURNOOL,Kurnool,Pennar,Pennar,-,-,-,-,15.75064000,78.06679800,30-08-2024 23:00,14.5
198,Kurnool_1,Andhra Pradesh GW,28,Andhra Pradesh,511,KURNOOL,KURNOOL,KURNOOL,Kurnool,Pennar,Pennar,-,-,-,-,15.75064000,78.06679800,30-08-2024 23:00,14.5
199,Kurnool_1,Andhra Pradesh GW,28,Andhra Pradesh,511,KURNOOL,KURNOOL,KURNOOL,Kurnool,Pennar,Pennar,-,-,-,-,15.75064000,78.06679800,31-08-2024 00:00,3
200,Kurnool_1,Andhra Pradesh GW,28,Andhra Pradesh,511,KURNOOL,KURNOOL,KURNOOL,Kurnool,Pennar,Pennar,-,-,-,-,15.75064000,78.06679800,31-08-2024 00:00,3
201,Kurnool_1,Andhra Pradesh GW,28,Andhra Pradesh,511,KURNOOL,KURNOOL,KURNOOL,Kurnool,Pennar,Pennar,-,-,-,-,15.75064000,78.06679800,31-08-2024 01:00,3.5
202,Kurnool_1,Andhra Pradesh GW,28,Andhra Pradesh,511,KURNOOL,KURNOOL,KURNOOL,Kurnool,Pennar,Pennar,-,-,-,-,15.75064000,78.06679800,31-08-2024 01:00,3.5
203,Kurnool_1,Andhra Pradesh GW,28,Andhra Pradesh,511,KURNOOL,KURNOOL,KURNOOL,Kurnool,Pennar,Pennar,-,-,-,-,15.75064000,78.06679800,31-08-2024 02:00,3
204,Kurnool_1,Andhra Pradesh GW,28,Andhra Pradesh,511,KURNOOL,KURNOOL,KURNOOL,Kurnool,Pennar,Pennar,-,-,-,-,15.75064000,78.06679800,31-08-2024 02:00,3
205,Kurnool_1,Andhra Pradesh GW,28,Andhra Pradesh,511,KURNOOL,KURNOOL,KURNOOL,Kurnool,Pennar,Pennar,-,-,-,-,15.75064000,78.06679800,31-08-2024 03:00,1.5
206,Kurnool_1,Andhra Pradesh GW,28,Andhra Pradesh,511,KURNOOL,KURNOOL,KURNOOL,Kurnool,Pennar,Pennar,-,-,-,-,15.75064000,78.06679800,31-08-2024 03:00,1.5
207,Kurnool_1,Andhra Pradesh GW,28,Andhra Pradesh,511,KURNOOL,KURNOOL,KURNOOL,Kurnool,Pennar,Pennar,-,-,-,-,15.75064000,78.06679800,31-08-2024 04:00,1.5
208,Kurnool_1,Andhra Pradesh GW,28,Andhra Pradesh,511,KURNOOL,KURNOOL,KURNOOL,Kurnool,Pennar,Pennar,-,-,-,-,15.75064000,78.06679800,31-08-2024 06:00,0.5
209,Kurnool_1,Andhra Pradesh GW,28,Andhra Pradesh,511,KURNOOL,KURNOOL,KURNOOL,Kurnool,Pennar,Pennar,-,-,-,-,15.75064000,78.06679800,31-08-2024 08:00,1
210,Kurnool_1,Andhra Pradesh GW,28,Andhra Pradesh,511,KURNOOL,KURNOOL,KURNOOL,Kurnool,Pennar,Pennar,-,-,-,-,15.75064000,78.06679800,31-08-2024 08:00,31.5
211,Kurnool_1,Andhra Pradesh GW,28,Andhra Pradesh,511,KURNOOL,KURNOOL,KURNOOL,Kurnool,Pennar,Pennar,-,-,-,-,15.75064000,78.06679800,31-08-2024 09:00,0.5
212,Kurnool_1,Andhra Pradesh GW,28,Andhra Pradesh,511,KURNOOL,KURNOOL,KURNOOL,Kurnool,Pennar,Pennar,-,-,-,-,15.75064000,78.06679800,31-08-2024 09:00,0.5
213,Kurnool_1,Andhra Pradesh GW,28,Andhra Pradesh,511,KURNOOL,KURNOOL,KURNOOL,Kurnool,Pennar,Pennar,-,-,-,-,15.75064000,78.06679800,31-08-2024 14:00,0.5
214,Kurnool_1,Andhra Pradesh GW,28,Andhra Pradesh,511,KURNOOL,KURNOOL,KURNOOL,Kurnool,Pennar,Pennar,-,-,-,-,15.75064000,78.06679800,31-08-2024 14:00,0.5
215,Kurnool_1,Andhra Pradesh GW,28,Andhra Pradesh,511,KURNOOL,KURNOOL,KURNOOL,Kurnool,Pennar,Pennar,-,-,-,-,15.75064000,78.06679800,31-08-2024 15:00,1.5
216,Kurnool_1,Andhra Pradesh GW,28,Andhra Pradesh,511,KURNOOL,KURNOOL,KURNOOL,Kurnool,Pennar,Pennar,-,-,-,-,15.75064000,78.06679800,31-08-2024 15:00,1.5
217,Kurnool_1,Andhra Pradesh GW,28,Andhra Pradesh,511,KURNOOL,KURNOOL,KURNOOL,Kurnool,Pennar,Pennar,-,-,-,-,15.75064000,78.06679800,31-08-2024 16:00,0.5
218,Kurnool_1,Andhra Pradesh GW,28,Andhra Pradesh,511,KURNOOL,KURNOOL,KURNOOL,Kurnool,Pennar,Pennar,-,-,-,-,15.75064000,78.06679800,31-08-2024 18:00,0.5
219,Kurnool_1,Andhra Pradesh GW,28,Andhra Pradesh,511,KURNOOL,KURNOOL,KURNOOL,Kurnool,Pennar,Pennar,-,-,-,-,15.75064000,78.06679800,31-08-2024 18:00,0.5
220,Kurnool_1,Andhra Pradesh GW,28,Andhra Pradesh,511,KURNOOL,KURNOOL,KURNOOL,Kurnool,Pennar,Pennar,-,-,-,-,15.75064000,78.06679800,31-08-2024 19:00,1.5
221,Kurnool_1,Andhra Pradesh GW,28,Andhra Pradesh,511,KURNOOL,KURNOOL,KURNOOL,Kurnool,Pennar,Pennar,-,-,-,-,15.75064000,78.06679800,31-08-2024 20:00,0.5
222,Kurnool_1,Andhra Pradesh GW,28,Andhra Pradesh,511,KURNOOL,KURNOOL,KURNOOL,Kurnool,Pennar,Pennar,-,-,-,-,15.75064000,78.06679800,31-08-2024 20:00,0.5
223,Kurnool_1,Andhra Pradesh GW,28,Andhra Pradesh,511,KURNOOL,KURNOOL,KURNOOL,Kurnool,Pennar,Pennar,-,-,-,-,15.75064000,78.06679800,31-08-2024 21:00,1.5
224,Kurnool_1,Andhra Pradesh GW,28,Andhra Pradesh,511,KURNOOL,KURNOOL,KURNOOL,Kurnool,Pennar,Pennar,-,-,-,-,15.75064000,78.06679800,31-08-2024 21:00,1.5
225,Kurnool_1,Andhra Pradesh GW,28,Andhra Pradesh,511,KURNOOL,KURNOOL,KURNOOL,Kurnool,Pennar,Pennar,-,-,-,-,15.75064000,78.06679800,31-08-2024 22:00,2
226,Kurnool_1,Andhra Pradesh GW,28,Andhra Pradesh,511,KURNOOL,KURNOOL,KURNOOL,Kurnool,Pennar,Pennar,-,-,-,-,15.75064000,78.06679800,31-08-2024 23:00,2
227,Kurnool_1,Andhra Pradesh GW,28,Andhra Pradesh,511,KURNOOL,KURNOOL,KURNOOL,Kurnool,Pennar,Pennar,-,-,-,-,15.75064000,78.06679800,01-09-2024 00:00,3.5
228,Kurnool_1,Andhra Pradesh GW,28,Andhra Pradesh,511,KURNOOL,KURNOOL,KURNOOL,Kurnool,Pennar,Pennar,-,-,-,-,15.75064000,78.06679800,01-09-2024 00:00,3.5
229,Kurnool_1,Andhra Pradesh GW,28,Andhra Pradesh,511,KURNOOL,KURNOOL,KURNOOL,Kurnool,Pennar,Pennar,-,-,-,-,15.75064000,78.06679800,01-09-2024 02:00,0.5
230,Kurnool_1,Andhra Pradesh GW,28,Andhra Pradesh,511,KURNOOL,KURNOOL,KURNOOL,Kurnool,Pennar,Pennar,-,-,-,-,15.75064000,78.06679800,01-09-2024 03:00,0.5
231,Kurnool_1,Andhra Pradesh GW,28,Andhra Pradesh,511,KURNOOL,KURNOOL,KURNOOL,Kurnool,Pennar,Pennar,-,-,-,-,15.75064000,78.06679800,01-09-2024 04:00,1
232,Kurnool_1,Andhra Pradesh GW,28,Andhra Pradesh,511,KURNOOL,KURNOOL,KURNOOL,Kurnool,Pennar,Pennar,-,-,-,-,15.75064000,78.06679800,01-09-2024 05:00,0.5
233,Kurnool_1,Andhra Pradesh GW,28,Andhra Pradesh,511,KURNOOL,KURNOOL,KURNOOL,Kurnool,Pennar,Pennar,-,-,-,-,15.75064000,78.06679800,01-09-2024 09:00,0.5
234,Kurnool_1,Andhra Pradesh GW,28,Andhra Pradesh,511,KURNOOL,KURNOOL,KURNOOL,Kurnool,Pennar,Pennar,-,-,-,-,15.75064000,78.06679800,01-09-2024 13:00,1
235,Kurnool_1,Andhra Pradesh GW,28,Andhra Pradesh,511,KURNOOL,KURNOOL,KURNOOL,Kurnool,Pennar,Pennar,-,-,-,-,15.75064000,78.06679800,01-09-2024 13:00,1
236,Kurnool_1,Andhra Pradesh GW,28,Andhra Pradesh,511,KURNOOL,KURNOOL,KURNOOL,Kurnool,Pennar,Pennar,-,-,-,-,15.75064000,78.06679800,01-09-2024 14:00,1.5
237,Kurnool_1,Andhra Pradesh GW,28,Andhra Pradesh,511,KURNOOL,KURNOOL,KURNOOL,Kurnool,Pennar,Pennar,-,-,-,-,15.75064000,78.06679800,01-09-2024 14:00,1.5
238,Kurnool_1,Andhra Pradesh GW,28,Andhra Pradesh,511,KURNOOL,KURNOOL,KURNOOL,Kurnool,Pennar,Pennar,-,-,-,-,15.75064000,78.06679800,03-09-2024 00:00,1.5
239,Kurnool_1,Andhra Pradesh GW,28,Andhra Pradesh,511,KURNOOL,KURNOOL,KURNOOL,Kurnool,Pennar,Pennar,-,-,-,-,15.75064000,78.06679800,03-09-2024 01:00,0.5
240,Kurnool_1,Andhra Pradesh GW,28,Andhra Pradesh,511,KURNOOL,KURNOOL,KURNOOL,Kurnool,Pennar,Pennar,-,-,-,-,15.75064000,78.06679800,03-09-2024 01:00,0.5
241,Kurnool_1,Andhra Pradesh GW,28,Andhra Pradesh,511,KURNOOL,KURNOOL,KURNOOL,Kurnool,Pennar,Pennar,-,-,-,-,15.75064000,78.06679800,03-09-2024 18:00,6.5
242,Kurnool_1,Andhra Pradesh GW,28,Andhra Pradesh,511,KURNOOL,KURNOOL,KURNOOL,Kurnool,Pennar,Pennar,-,-,-,-,15.75064000,78.06679800,03-09-2024 18:00,6.5
243,Kurnool_1,Andhra Pradesh GW,28,Andhra Pradesh,511,KURNOOL,KURNOOL,KURNOOL,Kurnool,Pennar,Pennar,-,-,-,-,15.75064000,78.06679800,03-09-2024 19:00,1
244,Kurnool_1,Andhra Pradesh GW,28,Andhra Pradesh,511,KURNOOL,KURNOOL,KURNOOL,Kurnool,Pennar,Pennar,-,-,-,-,15.75064000,78.06679800,03-09-2024 19:00,1
245,Kurnool_1,Andhra Pradesh GW,28,Andhra Pradesh,511,KURNOOL,KURNOOL,KURNOOL,Kurnool,Pennar,Pennar,-,-,-,-,15.75064000,78.06679800,03-09-2024 20:00,4.5
246,Kurnool_1,Andhra Pradesh GW,28,Andhra Pradesh,511,KURNOOL,KURNOOL,KURNOOL,Kurnool,Pennar,Pennar,-,-,-,-,15.75064000,78.06679800,03-09-2024 20:00,4.5
247,Kurnool_1,Andhra Pradesh GW,28,Andhra Pradesh,511,KURNOOL,KURNOOL,KURNOOL,Kurnool,Pennar,Pennar,-,-,-,-,15.75064000,78.06679800,03-09-2024 22:00,4
248,Kurnool_1,Andhra Pradesh GW,28,Andhra Pradesh,511,KURNOOL,KURNOOL,KURNOOL,Kurnool,Pennar,Pennar,-,-,-,-,15.75064000,78.06679800,03-09-2024 22:00,4
249,Kurnool_1,Andhra Pradesh GW,28,Andhra Pradesh,511,KURNOOL,KURNOOL,KURNOOL,Kurnool,Pennar,Pennar,-,-,-,-,15.75064000,78.06679800,03-09-2024 23:00,2.5
250,Kurnool_1,Andhra Pradesh GW,28,Andhra Pradesh,511,KURNOOL,KURNOOL,KURNOOL,Kurnool,Pennar,Pennar,-,-,-,-,15.75064000,78.06679800,03-09-2024 23:00,2.5
251,Kurnool_1,Andhra Pradesh GW,28,Andhra Pradesh,511,KURNOOL,KURNOOL,KURNOOL,Kurnool,Pennar,Pennar,-,-,-,-,15.75064000,78.06679800,04-09-2024 00:00,0.5
252,Kurnool_1,Andhra Pradesh GW,28,Andhra Pradesh,511,KURNOOL,KURNOOL,KURNOOL,Kurnool,Pennar,Pennar,-,-,-,-,15.75064000,78.06679800,04-09-2024 00:00,0.5
253,Kurnool_1,Andhra Pradesh GW,28,Andhra Pradesh,511,KURNOOL,KURNOOL,KURNOOL,Kurnool,Pennar,Pennar,-,-,-,-,15.75064000,78.06679800,04-09-2024 01:00,1
254,Kurnool_1,Andhra Pradesh GW,28,Andhra Pradesh,511,KURNOOL,KURNOOL,KURNOOL,Kurnool,Pennar,Pennar,-,-,-,-,15.75064000,78.06679800,04-09-2024 01:00,1
255,Kurnool_1,Andhra Pradesh GW,28,Andhra Pradesh,511,KURNOOL,KURNOOL,KURNOOL,Kurnool,Pennar,Pennar,-,-,-,-,15.75064000,78.06679800,04-09-2024 19:00,3
256,Kurnool_1,Andhra Pradesh GW,28,Andhra Pradesh,511,KURNOOL,KURNOOL,KURNOOL,Kurnool,Pennar,Pennar,-,-,-,-,15.75064000,78.06679800,04-09-2024 19:00,3
257,Kurnool_1,Andhra Pradesh GW,28,Andhra Pradesh,511,KURNOOL,KURNOOL,KURNOOL,Kurnool,Pennar,Pennar,-,-,-,-,15.75064000,78.06679800,04-09-2024 21:00,1.5
258,Kurnool_1,Andhra Pradesh GW,28,Andhra Pradesh,511,KURNOOL,KURNOOL,KURNOOL,Kurnool,Pennar,Pennar,-,-,-,-,15.75064000,78.06679800,04-09-2024 21:00,1.5
259,Kurnool_1,Andhra Pradesh GW,28,Andhra Pradesh,511,KURNOOL,KURNOOL,KURNOOL,Kurnool,Pennar,Pennar,-,-,-,-,15.75064000,78.06679800,05-09-2024 22:00,2.5
260,Kurnool_1,Andhra Pradesh GW,28,Andhra Pradesh,511,KURNOOL,KURNOOL,KURNOOL,Kurnool,Pennar,Pennar,-,-,-,-,15.75064000,78.06679800,05-09-2024 22:00,2.5
261,Kurnool_1,Andhra Pradesh GW,28,Andhra Pradesh,511,KURNOOL,KURNOOL,KURNOOL,Kurnool,Pennar,Pennar,-,-,-,-,15.75064000,78.06679800,05-09-2024 23:00,3
262,Kurnool_1,Andhra Pradesh GW,28,Andhra Pradesh,511,KURNOOL,KURNOOL,KURNOOL,Kurnool,Pennar,Pennar,-,-,-,-,15.75064000,78.06679800,05-09-2024 23:00,3
263,Kurnool_1,Andhra Pradesh GW,28,Andhra Pradesh,511,KURNOOL,KURNOOL,KURNOOL,Kurnool,Pennar,Pennar,-,-,-,-,15.75064000,78.06679800,06-09-2024 00:00,5
264,Kurnool_1,Andhra Pradesh GW,28,Andhra Pradesh,511,KURNOOL,KURNOOL,KURNOOL,Kurnool,Pennar,Pennar,-,-,-,-,15.75064000,78.06679800,06-09-2024 00:00,5
265,Kurnool_1,Andhra Pradesh GW,28,Andhra Pradesh,511,KURNOOL,KURNOOL,KURNOOL,Kurnool,Pennar,Pennar,-,-,-,-,15.75064000,78.06679800,06-09-2024 01:00,3.5
266,Kurnool_1,Andhra Pradesh GW,28,Andhra Pradesh,511,KURNOOL,KURNOOL,KURNOOL,Kurnool,Pennar,Pennar,-,-,-,-,15.75064000,78.06679800,06-09-2024 01:00,3.5
267,Kurnool_1,Andhra Pradesh GW,28,Andhra Pradesh,511,KURNOOL,KURNOOL,KURNOOL,Kurnool,Pennar,Pennar,-,-,-,-,15.75064000,78.06679800,06-09-2024 02:00,1
268,Kurnool_1,Andhra Pradesh GW,28,Andhra Pradesh,511,KURNOOL,KURNOOL,KURNOOL,Kurnool,Pennar,Pennar,-,-,-,-,15.75064000,78.06679800,06-09-2024 02:00,1
269,Kurnool_1,Andhra Pradesh GW,28,Andhra Pradesh,511,KURNOOL,KURNOOL,KURNOOL,Kurnool,Pennar,Pennar,-,-,-,-,15.75064000,78.06679800,06-09-2024 03:00,2
270,Kurnool_1,Andhra Pradesh GW,28,Andhra Pradesh,511,KURNOOL,KURNOOL,KURNOOL,Kurnool,Pennar,Pennar,-,-,-,-,15.75064000,78.06679800,06-09-2024 03:00,2
271,Kurnool_1,Andhra Pradesh GW,28,Andhra Pradesh,511,KURNOOL,KURNOOL,KURNOOL,Kurnool,Pennar,Pennar,-,-,-,-,15.75064000,78.06679800,06-09-2024 04:00,2
272,Kurnool_1,Andhra Pradesh GW,28,Andhra Pradesh,511,KURNOOL,KURNOOL,KURNOOL,Kurnool,Pennar,Pennar,-,-,-,-,15.75064000,78.06679800,06-09-2024 04:00,2
273,Kurnool_1,Andhra Pradesh GW,28,Andhra Pradesh,511,KURNOOL,KURNOOL,KURNOOL,Kurnool,Pennar,Pennar,-,-,-,-,15.75064000,78.06679800,06-09-2024 05:00,0.5
274,Kurnool_1,Andhra Pradesh GW,28,Andhra Pradesh,511,KURNOOL,KURNOOL,KURNOOL,Kurnool,Pennar,Pennar,-,-,-,-,15.75064000,78.06679800,06-09-2024 05:00,0.5
275,Kurnool_1,Andhra Pradesh GW,28,Andhra Pradesh,511,KURNOOL,KURNOOL,KURNOOL,Kurnool,Pennar,Pennar,-,-,-,-,15.75064000,78.06679800,07-09-2024 18:00,0.5
276,Kurnool_1,Andhra Pradesh GW,28,Andhra Pradesh,511,KURNOOL,KURNOOL,KURNOOL,Kurnool,Pennar,Pennar,-,-,-,-,15.75064000,78.06679800,08-09-2024 16:00,5.5
277,Kurnool_1,Andhra Pradesh GW,28,Andhra Pradesh,511,KURNOOL,KURNOOL,KURNOOL,Kurnool,Pennar,Pennar,-,-,-,-,15.75064000,78.06679800,08-09-2024 16:00,5.5
278,Kurnool_1,Andhra Pradesh GW,28,Andhra Pradesh,511,KURNOOL,KURNOOL,KURNOOL,Kurnool,Pennar,Pennar,-,-,-,-,15.75064000,78.06679800,08-09-2024 17:00,0.5
279,Kurnool_1,Andhra Pradesh GW,28,Andhra Pradesh,511,KURNOOL,KURNOOL,KURNOOL,Kurnool,Pennar,Pennar,-,-,-,-,15.75064000,78.06679800,08-09-2024 17:00,0.5
280,Kurnool_1,Andhra Pradesh GW,28,Andhra Pradesh,511,KURNOOL,KURNOOL,KURNOOL,Kurnool,Pennar,Pennar,-,-,-,-,15.75064000,78.06679800,10-09-2024 16:00,1
281,Kurnool_1,Andhra Pradesh GW,28,Andhra Pradesh,511,KURNOOL,KURNOOL,KURNOOL,Kurnool,Pennar,Pennar,-,-,-,-,15.75064000,78.06679800,10-09-2024 16:00,1
282,Kurnool_1,Andhra Pradesh GW,28,Andhra Pradesh,511,KURNOOL,KURNOOL,KURNOOL,Kurnool,Pennar,Pennar,-,-,-,-,15.75064000,78.06679800,22-09-2024 17:00,3
283,Kurnool_1,Andhra Pradesh GW,28,Andhra Pradesh,511,KURNOOL,KURNOOL,KURNOOL,Kurnool,Pennar,Pennar,-,-,-,-,15.75064000,78.06679800,22-09-2024 17:00,3
284,Kurnool_1,Andhra Pradesh GW,28,Andhra Pradesh,511,KURNOOL,KURNOOL,KURNOOL,Kurnool,Pennar,Pennar,-,-,-,-,15.75064000,78.06679800,22-09-2024 18:00,0.5
285,Kurnool_1,Andhra Pradesh GW,28,Andhra Pradesh,511,KURNOOL,KURNOOL,KURNOOL,Kurnool,Pennar,Pennar,-,-,-,-,15.75064000,78.06679800,22-09-2024 18:00,0.5
286,Kurnool_1,Andhra Pradesh GW,28,Andhra Pradesh,511,KURNOOL,KURNOOL,KURNOOL,Kurnool,Pennar,Pennar,-,-,-,-,15.75064000,78.06679800,23-09-2024 14:00,38.5
287,Kurnool_1,Andhra Pradesh GW,28,Andhra Pradesh,511,KURNOOL,KURNOOL,KURNOOL,Kurnool,Pennar,Pennar,-,-,-,-,15.75064000,78.06679800,23-09-2024 14:00,38.5
288,Kurnool_1,Andhra Pradesh GW,28,Andhra Pradesh,511,KURNOOL,KURNOOL,KURNOOL,Kurnool,Pennar,Pennar,-,-,-,-,15.75064000,78.06679800,23-09-2024 15:00,1.5
289,Kurnool_1,Andhra Pradesh GW,28,Andhra Pradesh,511,KURNOOL,KURNOOL,KURNOOL,Kurnool,Pennar,Pennar,-,-,-,-,15.75064000,78.06679800,23-09-2024 15:00,1.5
290,Kurnool_1,Andhra Pradesh GW,28,Andhra Pradesh,511,KURNOOL,KURNOOL,KURNOOL,Kurnool,Pennar,Pennar,-,-,-,-,15.75064000,78.06679800,23-09-2024 23:00,33.5
291,Kurnool_1,Andhra Pradesh GW,28,Andhra Pradesh,511,KURNOOL,KURNOOL,KURNOOL,Kurnool,Pennar,Pennar,-,-,-,-,15.75064000,78.06679800,23-09-2024 23:00,33.5
292,Kurnool_1,Andhra Pradesh GW,28,Andhra Pradesh,511,KURNOOL,KURNOOL,KURNOOL,Kurnool,Pennar,Pennar,-,-,-,-,15.75064000,78.06679800,24-09-2024 00:00,15
293,Kurnool_1,Andhra Pradesh GW,28,Andhra Pradesh,511,KURNOOL,KURNOOL,KURNOOL,Kurnool,Pennar,Pennar,-,-,-,-,15.75064000,78.06679800,24-09-2024 00:00,15
294,Kurnool_1,Andhra Pradesh GW,28,Andhra Pradesh,511,KURNOOL,KURNOOL,KURNOOL,Kurnool,Pennar,Pennar,-,-,-,-,15.75064000,78.06679800,24-09-2024 01:00,17
295,Kurnool_1,Andhra Pradesh GW,28,Andhra Pradesh,511,KURNOOL,KURNOOL,KURNOOL,Kurnool,Pennar,Pennar,-,-,-,-,15.75064000,78.06679800,24-09-2024 02:00,2
296,Kurnool_1,Andhra Pradesh GW,28,Andhra Pradesh,511,KURNOOL,KURNOOL,KURNOOL,Kurnool,Pennar,Pennar,-,-,-,-,15.75064000,78.06679800,24-09-2024 02:00,2
297,Kurnool_1,Andhra Pradesh GW,28,Andhra Pradesh,511,KURNOOL,KURNOOL,KURNOOL,Kurnool,Pennar,Pennar,-,-,-,-,15.75064000,78.06679800,24-09-2024 05:00,1
298,Kurnool_1,Andhra Pradesh GW,28,Andhra Pradesh,511,KURNOOL,KURNOOL,KURNOOL,Kurnool,Pennar,Pennar,-,-,-,-,15.75064000,78.06679800,24-09-2024 05:00,1
299,Kurnool_1,Andhra Pradesh GW,28,Andhra Pradesh,511,KURNOOL,KURNOOL,KURNOOL,Kurnool,Pennar,Pennar,-,-,-,-,15.75064000,78.06679800,24-09-2024 22:00,2.5
300,Kurnool_1,Andhra Pradesh GW,28,Andhra Pradesh,511,KURNOOL,KURNOOL,KURNOOL,Kurnool,Pennar,Pennar,-,-,-,-,15.75064000,78.06679800,24-09-2024 23:00,1.5
301,Kurnool_1,Andhra Pradesh GW,28,Andhra Pradesh,511,KURNOOL,KURNOOL,KURNOOL,Kurnool,Pennar,Pennar,-,-,-,-,15.75064000,78.06679800,29-09-2024 17:00,2.5
302,Kurnool_1,Andhra Pradesh GW,28,Andhra Pradesh,511,KURNOOL,KURNOOL,KURNOOL,Kurnool,Pennar,Pennar,-,-,-,-,15.75064000,78.06679800,29-09-2024 17:00,2.5
303,Kurnool_1,Andhra Pradesh GW,28,Andhra Pradesh,511,KURNOOL,KURNOOL,KURNOOL,Kurnool,Pennar,Pennar,-,-,-,-,15.75064000,78.06679800,03-10-2024 17:00,11
304,Kurnool_1,Andhra Pradesh GW,28,Andhra Pradesh,511,KURNOOL,KURNOOL,KURNOOL,Kurnool,Pennar,Pennar,-,-,-,-,15.75064000,78.06679800,03-10-2024 17:00,11
305,Kurnool_1,Andhra Pradesh GW,28,Andhra Pradesh,511,KURNOOL,KURNOOL,KURNOOL,Kurnool,Pennar,Pennar,-,-,-,-,15.75064000,78.06679800,03-10-2024 18:00,0.5
306,Kurnool_1,Andhra Pradesh GW,28,Andhra Pradesh,511,KURNOOL,KURNOOL,KURNOOL,Kurnool,Pennar,Pennar,-,-,-,-,15.75064000,78.06679800,03-10-2024 18:00,0.5
307,Kurnool_1,Andhra Pradesh GW,28,Andhra Pradesh,511,KURNOOL,KURNOOL,KURNOOL,Kurnool,Pennar,Pennar,-,-,-,-,15.75064000,78.06679800,04-10-2024 01:00,2
308,Kurnool_1,Andhra Pradesh GW,28,Andhra Pradesh,511,KURNOOL,KURNOOL,KURNOOL,Kurnool,Pennar,Pennar,-,-,-,-,15.75064000,78.06679800,04-10-2024 01:00,2
309,Kurnool_1,Andhra Pradesh GW,28,Andhra Pradesh,511,KURNOOL,KURNOOL,KURNOOL,Kurnool,Pennar,Pennar,-,-,-,-,15.75064000,78.06679800,04-10-2024 02:00,21
310,Kurnool_1,Andhra Pradesh GW,28,Andhra Pradesh,511,KURNOOL,KURNOOL,KURNOOL,Kurnool,Pennar,Pennar,-,-,-,-,15.75064000,78.06679800,04-10-2024 02:00,21
311,Kurnool_1,Andhra Pradesh GW,28,Andhra Pradesh,511,KURNOOL,KURNOOL,KURNOOL,Kurnool,Pennar,Pennar,-,-,-,-,15.75064000,78.06679800,04-10-2024 03:00,9
312,Kurnool_1,Andhra Pradesh GW,28,Andhra Pradesh,511,KURNOOL,KURNOOL,KURNOOL,Kurnool,Pennar,Pennar,-,-,-,-,15.75064000,78.06679800,04-10-2024 03:00,9
313,Kurnool_1,Andhra Pradesh GW,28,Andhra Pradesh,511,KURNOOL,KURNOOL,KURNOOL,Kurnool,Pennar,Pennar,-,-,-,-,15.75064000,78.06679800,05-10-2024 05:00,15.5
314,Kurnool_1,Andhra Pradesh GW,28,Andhra Pradesh,511,KURNOOL,KURNOOL,KURNOOL,Kurnool,Pennar,Pennar,-,-,-,-,15.75064000,78.06679800,05-10-2024 05:00,15.5
315,Kurnool_1,Andhra Pradesh GW,28,Andhra Pradesh,511,KURNOOL,KURNOOL,KURNOOL,Kurnool,Pennar,Pennar,-,-,-,-,15.75064000,78.06679800,05-10-2024 06:00,3
316,Kurnool_1,Andhra Pradesh GW,28,Andhra Pradesh,511,KURNOOL,KURNOOL,KURNOOL,Kurnool,Pennar,Pennar,-,-,-,-,15.75064000,78.06679800,05-10-2024 06:00,3
317,Kurnool_1,Andhra Pradesh GW,28,Andhra Pradesh,511,KURNOOL,KURNOOL,KURNOOL,Kurnool,Pennar,Pennar,-,-,-,-,15.75064000,78.06679800,06-10-2024 15:00,0.5
318,Kurnool_1,Andhra Pradesh GW,28,Andhra Pradesh,511,KURNOOL,KURNOOL,KURNOOL,Kurnool,Pennar,Pennar,-,-,-,-,15.75064000,78.06679800,06-10-2024 15:00,0.5
319,Kurnool_1,Andhra Pradesh GW,28,Andhra Pradesh,511,KURNOOL,KURNOOL,KURNOOL,Kurnool,Pennar,Pennar,-,-,-,-,15.75064000,78.06679800,10-10-2024 15:00,0.5
320,Kurnool_1,Andhra Pradesh GW,28,Andhra Pradesh,511,KURNOOL,KURNOOL,KURNOOL,Kurnool,Pennar,Pennar,-,-,-,-,15.75064000,78.06679800,10-10-2024 15:00,0.5
321,Kurnool_1,Andhra Pradesh GW,28,Andhra Pradesh,511,KURNOOL,KURNOOL,KURNOOL,Kurnool,Pennar,Pennar,-,-,-,-,15.75064000,78.06679800,15-10-2024 16:00,1
322,Kurnool_1,Andhra Pradesh GW,28,Andhra Pradesh,511,KURNOOL,KURNOOL,KURNOOL,Kurnool,Pennar,Pennar,-,-,-,-,15.75064000,78.06679800,15-10-2024 16:00,1
323,Kurnool_1,Andhra Pradesh GW,28,Andhra Pradesh,511,KURNOOL,KURNOOL,KURNOOL,Kurnool,Pennar,Pennar,-,-,-,-,15.75064000,78.06679800,15-10-2024 18:00,0.5
324,Kurnool_1,Andhra Pradesh GW,28,Andhra Pradesh,511,KURNOOL,KURNOOL,KURNOOL,Kurnool,Pennar,Pennar,-,-,-,-,15.75064000,78.06679800,15-10-2024 18:00,0.5
325,Kurnool_1,Andhra Pradesh GW,28,Andhra Pradesh,511,KURNOOL,KURNOOL,KURNOOL,Kurnool,Pennar,Pennar,-,-,-,-,15.75064000,78.06679800,15-10-2024 22:00,0.5
326,Kurnool_1,Andhra Pradesh GW,28,Andhra Pradesh,511,KURNOOL,KURNOOL,KURNOOL,Kurnool,Pennar,Pennar,-,-,-,-,15.75064000,78.06679800,15-10-2024 22:00,0.5
327,Kurnool_1,Andhra Pradesh GW,28,Andhra Pradesh,511,KURNOOL,KURNOOL,KURNOOL,Kurnool,Pennar,Pennar,-,-,-,-,15.75064000,78.06679800,16-10-2024 04:00,1
328,Kurnool_1,Andhra Pradesh GW,28,Andhra Pradesh,511,KURNOOL,KURNOOL,KURNOOL,Kurnool,Pennar,Pennar,-,-,-,-,15.75064000,78.06679800,16-10-2024 05:00,0.5
329,Kurnool_1,Andhra Pradesh GW,28,Andhra Pradesh,511,KURNOOL,KURNOOL,KURNOOL,Kurnool,Pennar,Pennar,-,-,-,-,15.75064000,78.06679800,16-10-2024 10:00,3.5
330,Kurnool_1,Andhra Pradesh GW,28,Andhra Pradesh,511,KURNOOL,KURNOOL,KURNOOL,Kurnool,Pennar,Pennar,-,-,-,-,15.75064000,78.06679800,16-10-2024 10:00,3.5
331,Kurnool_1,Andhra Pradesh GW,28,Andhra Pradesh,511,KURNOOL,KURNOOL,KURNOOL,Kurnool,Pennar,Pennar,-,-,-,-,15.75064000,78.06679800,16-10-2024 11:00,1.5
332,Kurnool_1,Andhra Pradesh GW,28,Andhra Pradesh,511,KURNOOL,KURNOOL,KURNOOL,Kurnool,Pennar,Pennar,-,-,-,-,15.75064000,78.06679800,16-10-2024 11:00,1.5
333,Kurnool_1,Andhra Pradesh GW,28,Andhra Pradesh,511,KURNOOL,KURNOOL,KURNOOL,Kurnool,Pennar,Pennar,-,-,-,-,15.75064000,78.06679800,16-10-2024 12:00,0.5
334,Kurnool_1,Andhra Pradesh GW,28,Andhra Pradesh,511,KURNOOL,KURNOOL,KURNOOL,Kurnool,Pennar,Pennar,-,-,-,-,15.75064000,78.06679800,17-10-2024 00:00,1.5
335,Kurnool_1,Andhra Pradesh GW,28,Andhra Pradesh,511,KURNOOL,KURNOOL,KURNOOL,Kurnool,Pennar,Pennar,-,-,-,-,15.75064000,78.06679800,17-10-2024 01:00,2.5
336,Kurnool_1,Andhra Pradesh GW,28,Andhra Pradesh,511,KURNOOL,KURNOOL,KURNOOL,Kurnool,Pennar,Pennar,-,-,-,-,15.75064000,78.06679800,17-10-2024 01:00,2.5
337,Kurnool_1,Andhra Pradesh GW,28,Andhra Pradesh,511,KURNOOL,KURNOOL,KURNOOL,Kurnool,Pennar,Pennar,-,-,-,-,15.75064000,78.06679800,17-10-2024 02:00,8
338,Kurnool_1,Andhra Pradesh GW,28,Andhra Pradesh,511,KURNOOL,KURNOOL,KURNOOL,Kurnool,Pennar,Pennar,-,-,-,-,15.75064000,78.06679800,17-10-2024 02:00,8
339,Kurnool_1,Andhra Pradesh GW,28,Andhra Pradesh,511,KURNOOL,KURNOOL,KURNOOL,Kurnool,Pennar,Pennar,-,-,-,-,15.75064000,78.06679800,17-10-2024 03:00,11.5
340,Kurnool_1,Andhra Pradesh GW,28,Andhra Pradesh,511,KURNOOL,KURNOOL,KURNOOL,Kurnool,Pennar,Pennar,-,-,-,-,15.75064000,78.06679800,17-10-2024 03:00,11.5
341,Kurnool_1,Andhra Pradesh GW,28,Andhra Pradesh,511,KURNOOL,KURNOOL,KURNOOL,Kurnool,Pennar,Pennar,-,-,-,-,15.75064000,78.06679800,17-10-2024 16:00,0.5
342,Kurnool_1,Andhra Pradesh GW,28,Andhra Pradesh,511,KURNOOL,KURNOOL,KURNOOL,Kurnool,Pennar,Pennar,-,-,-,-,15.75064000,78.06679800,17-10-2024 16:00,0.5
343,Kurnool_1,Andhra Pradesh GW,28,Andhra Pradesh,511,KURNOOL,KURNOOL,KURNOOL,Kurnool,Pennar,Pennar,-,-,-,-,15.75064000,78.06679800,19-10-2024 17:00,5
344,Kurnool_1,Andhra Pradesh GW,28,Andhra Pradesh,511,KURNOOL,KURNOOL,KURNOOL,Kurnool,Pennar,Pennar,-,-,-,-,15.75064000,78.06679800,19-10-2024 17:00,5
345,Kurnool_1,Andhra Pradesh GW,28,Andhra Pradesh,511,KURNOOL,KURNOOL,KURNOOL,Kurnool,Pennar,Pennar,-,-,-,-,15.75064000,78.06679800,15-11-2024 15:00,3.5
346,Kurnool_1,Andhra Pradesh GW,28,Andhra Pradesh,511,KURNOOL,KURNOOL,KURNOOL,Kurnool,Pennar,Pennar,-,-,-,-,15.75064000,78.06679800,15-11-2024 15:00,3.5
347,Kurnool_1,Andhra Pradesh GW,28,Andhra Pradesh,511,KURNOOL,KURNOOL,KURNOOL,Kurnool,Pennar,Pennar,-,-,-,-,15.75064000,78.06679800,03-12-2024 02:00,0.5
348,Kurnool_1,Andhra Pradesh GW,28,Andhra Pradesh,511,KURNOOL,KURNOOL,KURNOOL,Kurnool,Pennar,Pennar,-,-,-,-,15.75064000,78.06679800,03-12-2024 02:00,0.5
349,Kurnool_1,Andhra Pradesh GW,28,Andhra Pradesh,511,KURNOOL,KURNOOL,KURNOOL,Kurnool,Pennar,Pennar,-,-,-,-,15.75064000,78.06679800,03-12-2024 07:00,0.5
350,Kurnool_1,Andhra Pradesh GW,28,Andhra Pradesh,511,KURNOOL,KURNOOL,KURNOOL,Kurnool,Pennar,Pennar,-,-,-,-,15.75064000,78.06679800,03-12-2024 07:00,0.5
351,Kurnool_1,Andhra Pradesh GW,28,Andhra Pradesh,511,KURNOOL,KURNOOL,KURNOOL,Kurnool,Pennar,Pennar,-,-,-,-,15.75064000,78.06679800,03-12-2024 08:00,0.5
352,Kurnool_1,Andhra Pradesh GW,28,Andhra Pradesh,511,KURNOOL,KURNOOL,KURNOOL,Kurnool,Pennar,Pennar,-,-,-,-,15.75064000,78.06679800,03-12-2024 08:00,0.5
353,Kurnool_1,Andhra Pradesh GW,28,Andhra Pradesh,511,KURNOOL,KURNOOL,KURNOOL,Kurnool,Pennar,Pennar,-,-,-,-,15.75064000,78.06679800,03-12-2024 15:00,0.5
354,Kurnool_1,Andhra Pradesh GW,28,Andhra Pradesh,511,KURNOOL,KURNOOL,KURNOOL,Kurnool,Pennar,Pennar,-,-,-,-,15.75064000,78.06679800,03-12-2024 15:00,0.5
355,Kurnool_1,Andhra Pradesh GW,28,Andhra Pradesh,511,KURNOOL,KURNOOL,KURNOOL,Kurnool,Pennar,Pennar,-,-,-,-,15.75064000,78.06679800,03-12-2024 16:00,2
356,Kurnool_1,Andhra Pradesh GW,28,Andhra Pradesh,511,KURNOOL,KURNOOL,KURNOOL,Kurnool,Pennar,Pennar,-,-,-,-,15.75064000,78.06679800,06-02-2025 13:00,54
357,Kurnool_1,Andhra Pradesh GW,28,Andhra Pradesh,511,KURNOOL,KURNOOL,KURNOOL,Kurnool,Pennar,Pennar,-,-,-,-,15.75064000,78.06679800,07-02-2025 15:00,64
358,Kurnool_1,Andhra Pradesh GW,28,Andhra Pradesh,511,KURNOOL,KURNOOL,KURNOOL,Kurnool,Pennar,Pennar,-,-,-,-,15.75064000,78.06679800,11-02-2025 18:00,1
359,Kurnool_1,Andhra Pradesh GW,28,Andhra Pradesh,511,KURNOOL,KURNOOL,KURNOOL,Kurnool,Pennar,Pennar,-,-,-,-,15.75064000,78.06679800,11-02-2025 18:00,1
360,Kurnool_1,Andhra Pradesh GW,28,Andhra Pradesh,511,KURNOOL,KURNOOL,KURNOOL,Kurnool,Pennar,Pennar,-,-,-,-,15.75064000,78.06679800,01-03-2025 23:00,258
361,Kurnool_1,Andhra Pradesh GW,28,Andhra Pradesh,511,KURNOOL,KURNOOL,KURNOOL,Kurnool,Pennar,Pennar,-,-,-,-,15.75064000,78.06679800,22-03-2025 17:00,0.5
362,Kurnool_1,Andhra Pradesh GW,28,Andhra Pradesh,511,KURNOOL,KURNOOL,KURNOOL,Kurnool,Pennar,Pennar,-,-,-,-,15.75064000,78.06679800,22-03-2025 18:00,1
363,Kurnool_1,Andhra Pradesh GW,28,Andhra Pradesh,511,KURNOOL,KURNOOL,KURNOOL,Kurnool,Pennar,Pennar,-,-,-,-,15.75064000,78.06679800,03-04-2025 14:00,0.5
364,Kurnool_1,Andhra Pradesh GW,28,Andhra Pradesh,511,KURNOOL,KURNOOL,KURNOOL,Kurnool,Pennar,Pennar,-,-,-,-,15.75064000,78.06679800,03-04-2025 17:00,3
365,Kurnool_1,Andhra Pradesh GW,28,Andhra Pradesh,511,KURNOOL,KURNOOL,KURNOOL,Kurnool,Pennar,Pennar,-,-,-,-,15.75064000,78.06679800,03-04-2025 21:00,11
366,Kurnool_1,Andhra Pradesh GW,28,Andhra Pradesh,511,KURNOOL,KURNOOL,KURNOOL,Kurnool,Pennar,Pennar,-,-,-,-,15.75064000,78.06679800,03-04-2025 22:00,40
367,Kurnool_1,Andhra Pradesh GW,28,Andhra Pradesh,511,KURNOOL,KURNOOL,KURNOOL,Kurnool,Pennar,Pennar,-,-,-,-,15.75064000,78.06679800,03-04-2025 23:00,0.5
368,Kurnool_1,Andhra Pradesh GW,28,Andhra Pradesh,511,KURNOOL,KURNOOL,KURNOOL,Kurnool,Pennar,Pennar,-,-,-,-,15.75064000,78.06679800,04-04-2025 01:00,6.5
369,Kurnool_1,Andhra Pradesh GW,28,Andhra Pradesh,511,KURNOOL,KURNOOL,KURNOOL,Kurnool,Pennar,Pennar,-,-,-,-,15.75064000,78.06679800,04-04-2025 02:00,0.5
370,Kurnool_1,Andhra Pradesh GW,28,Andhra Pradesh,511,KURNOOL,KURNOOL,KURNOOL,Kurnool,Pennar,Pennar,-,-,-,-,15.75064000,78.06679800,10-04-2025 22:00,10
371,Kurnool_1,Andhra Pradesh GW,28,Andhra Pradesh,511,KURNOOL,KURNOOL,KURNOOL,Kurnool,Pennar,Pennar,-,-,-,-,15.75064000,78.06679800,10-04-2025 22:00,10
372,Kurnool_1,Andhra Pradesh GW,28,Andhra Pradesh,511,KURNOOL,KURNOOL,KURNOOL,Kurnool,Pennar,Pennar,-,-,-,-,15.75064000,78.06679800,10-04-2025 23:00,3.5
373,Kurnool_1,Andhra Pradesh GW,28,Andhra Pradesh,511,KURNOOL,KURNOOL,KURNOOL,Kurnool,Pennar,Pennar,-,-,-,-,15.75064000,78.06679800,10-04-2025 23:00,3.5
374,Kurnool_1,Andhra Pradesh GW,28,Andhra Pradesh,511,KURNOOL,KURNOOL,KURNOOL,Kurnool,Pennar,Pennar,-,-,-,-,15.75064000,78.06679800,11-04-2025 00:00,0.5
375,Kurnool_1,Andhra Pradesh GW,28,Andhra Pradesh,511,KURNOOL,KURNOOL,KURNOOL,Kurnool,Pennar,Pennar,-,-,-,-,15.75064000,78.06679800,14-04-2025 18:00,0.5
376,Kurnool_1,Andhra Pradesh GW,28,Andhra Pradesh,511,KURNOOL,KURNOOL,KURNOOL,Kurnool,Pennar,Pennar,-,-,-,-,15.75064000,78.06679800,16-04-2025 16:00,1.5
377,Kurnool_1,Andhra Pradesh GW,28,Andhra Pradesh,511,KURNOOL,KURNOOL,KURNOOL,Kurnool,Pennar,Pennar,-,-,-,-,15.75064000,78.06679800,20-04-2025 18:00,1.5
378,Kurnool_1,Andhra Pradesh GW,28,Andhra Pradesh,511,KURNOOL,KURNOOL,KURNOOL,Kurnool,Pennar,Pennar,-,-,-,-,15.75064000,78.06679800,20-04-2025 19:00,0.5
379,Kurnool_1,Andhra Pradesh GW,28,Andhra Pradesh,511,KURNOOL,KURNOOL,KURNOOL,Kurnool,Pennar,Pennar,-,-,-,-,15.75064000,78.06679800,27-04-2025 19:00,0.5
380,Kurnool_1,Andhra Pradesh GW,28,Andhra Pradesh,511,KURNOOL,KURNOOL,KURNOOL,Kurnool,Pennar,Pennar,-,-,-,-,15.75064000,78.06679800,27-04-2025 19:00,0.5
381,Kurnool_1,Andhra Pradesh GW,28,Andhra Pradesh,511,KURNOOL,KURNOOL,KURNOOL,Kurnool,Pennar,Pennar,-,-,-,-,15.75064000,78.06679800,02-05-2025 18:00,1
382,Kurnool_1,Andhra Pradesh GW,28,Andhra Pradesh,511,KURNOOL,KURNOOL,KURNOOL,Kurnool,Pennar,Pennar,-,-,-,-,15.75064000,78.06679800,02-05-2025 22:00,0.5
383,Kurnool_1,Andhra Pradesh GW,28,Andhra Pradesh,511,KURNOOL,KURNOOL,KURNOOL,Kurnool,Pennar,Pennar,-,-,-,-,15.75064000,78.06679800,07-05-2025 03:00,1.5
384,Kurnool_1,Andhra Pradesh GW,28,Andhra Pradesh,511,KURNOOL,KURNOOL,KURNOOL,Kurnool,Pennar,Pennar,-,-,-,-,15.75064000,78.06679800,07-05-2025 04:00,1.5
385,Kurnool_1,Andhra Pradesh GW,28,Andhra Pradesh,511,KURNOOL,KURNOOL,KURNOOL,Kurnool,Pennar,Pennar,-,-,-,-,15.75064000,78.06679800,07-05-2025 04:00,1.5
386,Kurnool_1,Andhra Pradesh GW,28,Andhra Pradesh,511,KURNOOL,KURNOOL,KURNOOL,Kurnool,Pennar,Pennar,-,-,-,-,15.75064000,78.06679800,07-05-2025 19:00,0.5
387,Kurnool_1,Andhra Pradesh GW,28,Andhra Pradesh,511,KURNOOL,KURNOOL,KURNOOL,Kurnool,Pennar,Pennar,-,-,-,-,15.75064000,78.06679800,10-05-2025 22:00,1.5
388,Kurnool_1,Andhra Pradesh GW,28,Andhra Pradesh,511,KURNOOL,KURNOOL,KURNOOL,Kurnool,Pennar,Pennar,-,-,-,-,15.75064000,78.06679800,13-05-2025 00:00,4.5
389,Kurnool_1,Andhra Pradesh GW,28,Andhra Pradesh,511,KURNOOL,KURNOOL,KURNOOL,Kurnool,Pennar,Pennar,-,-,-,-,15.75064000,78.06679800,13-05-2025 01:00,0.5
390,Kurnool_1,Andhra Pradesh GW,28,Andhra Pradesh,511,KURNOOL,KURNOOL,KURNOOL,Kurnool,Pennar,Pennar,-,-,-,-,15.75064000,78.06679800,13-05-2025 02:00,8.5
391,Kurnool_1,Andhra Pradesh GW,28,Andhra Pradesh,511,KURNOOL,KURNOOL,KURNOOL,Kurnool,Pennar,Pennar,-,-,-,-,15.75064000,78.06679800,13-05-2025 03:00,1
392,Kurnool_1,Andhra Pradesh GW,28,Andhra Pradesh,511,KURNOOL,KURNOOL,KURNOOL,Kurnool,Pennar,Pennar,-,-,-,-,15.75064000,78.06679800,15-05-2025 05:00,1
393,Kurnool_1,Andhra Pradesh GW,28,Andhra Pradesh,511,KURNOOL,KURNOOL,KURNOOL,Kurnool,Pennar,Pennar,-,-,-,-,15.75064000,78.06679800,17-05-2025 00:00,9
394,Kurnool_1,Andhra Pradesh GW,28,Andhra Pradesh,511,KURNOOL,KURNOOL,KURNOOL,Kurnool,Pennar,Pennar,-,-,-,-,15.75064000,78.06679800,17-05-2025 19:00,48
395,Kurnool_1,Andhra Pradesh GW,28,Andhra Pradesh,511,KURNOOL,KURNOOL,KURNOOL,Kurnool,Pennar,Pennar,-,-,-,-,15.75064000,78.06679800,17-05-2025 20:00,8
396,Kurnool_1,Andhra Pradesh GW,28,Andhra Pradesh,511,KURNOOL,KURNOOL,KURNOOL,Kurnool,Pennar,Pennar,-,-,-,-,15.75064000,78.06679800,17-05-2025 21:00,0.5
397,Kurnool_1,Andhra Pradesh GW,28,Andhra Pradesh,511,KURNOOL,KURNOOL,KURNOOL,Kurnool,Pennar,Pennar,-,-,-,-,15.75064000,78.06679800,17-05-2025 21:00,0.5
398,Kurnool_1,Andhra Pradesh GW,28,Andhra Pradesh,511,KURNOOL,KURNOOL,KURNOOL,Kurnool,Pennar,Pennar,-,-,-,-,15.75064000,78.06679800,18-05-2025 17:00,1.5
399,Kurnool_1,Andhra Pradesh GW,28,Andhra Pradesh,511,KURNOOL,KURNOOL,KURNOOL,Kurnool,Pennar,Pennar,-,-,-,-,15.75064000,78.06679800,20-05-2025 23:00,0.5
400,Kurnool_1,Andhra Pradesh GW,28,Andhra Pradesh,511,KURNOOL,KURNOOL,KURNOOL,Kurnool,Pennar,Pennar,-,-,-,-,15.75064000,78.06679800,21-05-2025 01:00,3.5
401,Kurnool_1,Andhra Pradesh GW,28,Andhra Pradesh,511,KURNOOL,KURNOOL,KURNOOL,Kurnool,Pennar,Pennar,-,-,-,-,15.75064000,78.06679800,21-05-2025 02:00,6.5
402,Kurnool_1,Andhra Pradesh GW,28,Andhra Pradesh,511,KURNOOL,KURNOOL,KURNOOL,Kurnool,Pennar,Pennar,-,-,-,-,15.75064000,78.06679800,21-05-2025 02:00,6.5
403,Kurnool_1,Andhra Pradesh GW,28,Andhra Pradesh,511,KURNOOL,KURNOOL,KURNOOL,Kurnool,Pennar,Pennar,-,-,-,-,15.75064000,78.06679800,21-05-2025 03:00,16.5
404,Kurnool_1,Andhra Pradesh GW,28,Andhra Pradesh,511,KURNOOL,KURNOOL,KURNOOL,Kurnool,Pennar,Pennar,-,-,-,-,15.75064000,78.06679800,21-05-2025 11:00,0.5
405,Kurnool_1,Andhra Pradesh GW,28,Andhra Pradesh,511,KURNOOL,KURNOOL,KURNOOL,Kurnool,Pennar,Pennar,-,-,-,-,15.75064000,78.06679800,21-05-2025 18:00,0.5
406,Kurnool_1,Andhra Pradesh GW,28,Andhra Pradesh,511,KURNOOL,KURNOOL,KURNOOL,Kurnool,Pennar,Pennar,-,-,-,-,15.75064000,78.06679800,22-05-2025 22:00,8
407,Kurnool_1,Andhra Pradesh GW,28,Andhra Pradesh,511,KURNOOL,KURNOOL,KURNOOL,Kurnool,Pennar,Pennar,-,-,-,-,15.75064000,78.06679800,24-05-2025 18:00,1
408,Kurnool_1,Andhra Pradesh GW,28,Andhra Pradesh,511,KURNOOL,KURNOOL,KURNOOL,Kurnool,Pennar,Pennar,-,-,-,-,15.75064000,78.06679800,24-05-2025 19:00,64
409,Kurnool_1,Andhra Pradesh GW,28,Andhra Pradesh,511,KURNOOL,KURNOOL,KURNOOL,Kurnool,Pennar,Pennar,-,-,-,-,15.75064000,78.06679800,25-05-2025 09:00,62.5
410,Kurnool_1,Andhra Pradesh GW,28,Andhra Pradesh,511,KURNOOL,KURNOOL,KURNOOL,Kurnool,Pennar,Pennar,-,-,-,-,15.75064000,78.06679800,25-05-2025 16:00,5
411,Kurnool_1,Andhra Pradesh GW,28,Andhra Pradesh,511,KURNOOL,KURNOOL,KURNOOL,Kurnool,Pennar,Pennar,-,-,-,-,15.75064000,78.06679800,25-05-2025 16:00,5
412,Kurnool_1,Andhra Pradesh GW,28,Andhra Pradesh,511,KURNOOL,KURNOOL,KURNOOL,Kurnool,Pennar,Pennar,-,-,-,-,15.75064000,78.06679800,25-05-2025 20:00,0.5
413,Kurnool_1,Andhra Pradesh GW,28,Andhra Pradesh,511,KURNOOL,KURNOOL,KURNOOL,Kurnool,Pennar,Pennar,-,-,-,-,15.75064000,78.06679800,25-05-2025 20:00,0.5
414,Kurnool_1,Andhra Pradesh GW,28,Andhra Pradesh,511,KURNOOL,KURNOOL,KURNOOL,Kurnool,Pennar,Pennar,-,-,-,-,15.75064000,78.06679800,26-05-2025 13:00,0.5
415,Kurnool_1,Andhra Pradesh GW,28,Andhra Pradesh,511,KURNOOL,KURNOOL,KURNOOL,Kurnool,Pennar,Pennar,-,-,-,-,15.75064000,78.06679800,26-05-2025 13:00,0.5
416,Kurnool_1,Andhra Pradesh GW,28,Andhra Pradesh,511,KURNOOL,KURNOOL,KURNOOL,Kurnool,Pennar,Pennar,-,-,-,-,15.75064000,78.06679800,26-05-2025 14:00,1.5
417,Kurnool_1,Andhra Pradesh GW,28,Andhra Pradesh,511,KURNOOL,KURNOOL,KURNOOL,Kurnool,Pennar,Pennar,-,-,-,-,15.75064000,78.06679800,26-05-2025 14:00,1.5
418,Kurnool_1,Andhra Pradesh GW,28,Andhra Pradesh,511,KURNOOL,KURNOOL,KURNOOL,Kurnool,Pennar,Pennar,-,-,-,-,15.75064000,78.06679800,26-05-2025 15:00,2
419,Kurnool_1,Andhra Pradesh GW,28,Andhra Pradesh,511,KURNOOL,KURNOOL,KURNOOL,Kurnool,Pennar,Pennar,-,-,-,-,15.75064000,78.06679800,26-05-2025 15:00,2
420,Kurnool_1,Andhra Pradesh GW,28,Andhra Pradesh,511,KURNOOL,KURNOOL,KURNOOL,Kurnool,Pennar,Pennar,-,-,-,-,15.75064000,78.06679800,26-05-2025 16:00,1.5
421,Kurnool_1,Andhra Pradesh GW,28,Andhra Pradesh,511,KURNOOL,KURNOOL,KURNOOL,Kurnool,Pennar,Pennar,-,-,-,-,15.75064000,78.06679800,26-05-2025 16:00,1
422,Kurnool_1,Andhra Pradesh GW,28,Andhra Pradesh,511,KURNOOL,KURNOOL,KURNOOL,Kurnool,Pennar,Pennar,-,-,-,-,15.75064000,78.06679800,28-05-2025 22:00,3
423,Kurnool_1,Andhra Pradesh GW,28,Andhra Pradesh,511,KURNOOL,KURNOOL,KURNOOL,Kurnool,Pennar,Pennar,-,-,-,-,15.75064000,78.06679800,28-05-2025 23:00,2
424,Kurnool_1,Andhra Pradesh GW,28,Andhra Pradesh,511,KURNOOL,KURNOOL,KURNOOL,Kurnool,Pennar,Pennar,-,-,-,-,15.75064000,78.06679800,29-05-2025 06:00,1
425,Kurnool_1,Andhra Pradesh GW,28,Andhra Pradesh,511,KURNOOL,KURNOOL,KURNOOL,Kurnool,Pennar,Pennar,-,-,-,-,15.75064000,78.06679800,29-05-2025 06:00,1
426,Kurnool_1,Andhra Pradesh GW,28,Andhra Pradesh,511,KURNOOL,KURNOOL,KURNOOL,Kurnool,Pennar,Pennar,-,-,-,-,15.75064000,78.06679800,07-06-2025 15:00,7.5
427,Kurnool_1,Andhra Pradesh GW,28,Andhra Pradesh,511,KURNOOL,KURNOOL,KURNOOL,Kurnool,Pennar,Pennar,-,-,-,-,15.75064000,78.06679800,07-06-2025 16:00,6
428,Kurnool_1,Andhra Pradesh GW,28,Andhra Pradesh,511,KURNOOL,KURNOOL,KURNOOL,Kurnool,Pennar,Pennar,-,-,-,-,15.75064000,78.06679800,07-06-2025 21:00,4
429,Kurnool_1,Andhra Pradesh GW,28,Andhra Pradesh,511,KURNOOL,KURNOOL,KURNOOL,Kurnool,Pennar,Pennar,-,-,-,-,15.75064000,78.06679800,07-06-2025 22:00,0.5
430,Kurnool_1,Andhra Pradesh GW,28,Andhra Pradesh,511,KURNOOL,KURNOOL,KURNOOL,Kurnool,Pennar,Pennar,-,-,-,-,15.75064000,78.06679800,08-06-2025 18:00,2
431,Kurnool_1,Andhra Pradesh GW,28,Andhra Pradesh,511,KURNOOL,KURNOOL,KURNOOL,Kurnool,Pennar,Pennar,-,-,-,-,15.75064000,78.06679800,11-06-2025 22:00,3.5
432,Kurnool_1,Andhra Pradesh GW,28,Andhra Pradesh,511,KURNOOL,KURNOOL,KURNOOL,Kurnool,Pennar,Pennar,-,-,-,-,15.75064000,78.06679800,11-06-2025 23:00,7
433,Kurnool_1,Andhra Pradesh GW,28,Andhra Pradesh,511,KURNOOL,KURNOOL,KURNOOL,Kurnool,Pennar,Pennar,-,-,-,-,15.75064000,78.06679800,12-06-2025 00:00,2
434,Kurnool_1,Andhra Pradesh GW,28,Andhra Pradesh,511,KURNOOL,KURNOOL,KURNOOL,Kurnool,Pennar,Pennar,-,-,-,-,15.75064000,78.06679800,12-06-2025 01:00,1
435,Kurnool_1,Andhra Pradesh GW,28,Andhra Pradesh,511,KURNOOL,KURNOOL,KURNOOL,Kurnool,Pennar,Pennar,-,-,-,-,15.75064000,78.06679800,12-06-2025 06:00,0.5
436,Kurnool_1,Andhra Pradesh GW,28,Andhra Pradesh,511,KURNOOL,KURNOOL,KURNOOL,Kurnool,Pennar,Pennar,-,-,-,-,15.75064000,78.06679800,13-06-2025 04:00,1.5
437,Kurnool_1,Andhra Pradesh GW,28,Andhra Pradesh,511,KURNOOL,KURNOOL,KURNOOL,Kurnool,Pennar,Pennar,-,-,-,-,15.75064000,78.06679800,20-06-2025 14:00,0.5
438,Kurnool_1,Andhra Pradesh GW,28,Andhra Pradesh,511,KURNOOL,KURNOOL,KURNOOL,Kurnool,Pennar,Pennar,-,-,-,-,15.75064000,78.06679800,20-06-2025 17:00,1
439,Kurnool_1,Andhra Pradesh GW,28,Andhra Pradesh,511,KURNOOL,KURNOOL,KURNOOL,Kurnool,Pennar,Pennar,-,-,-,-,15.75064000,78.06679800,22-06-2025 18:00,6.5
440,Kurnool_1,Andhra Pradesh GW,28,Andhra Pradesh,511,KURNOOL,KURNOOL,KURNOOL,Kurnool,Pennar,Pennar,-,-,-,-,15.75064000,78.06679800,29-06-2025 19:00,3.5
441,Kurnool_1,Andhra Pradesh GW,28,Andhra Pradesh,511,KURNOOL,KURNOOL,KURNOOL,Kurnool,Pennar,Pennar,-,-,-,-,15.75064000,78.06679800,30-06-2025 21:00,0.5
442,Kurnool_1,Andhra Pradesh GW,28,Andhra Pradesh,511,KURNOOL,KURNOOL,KURNOOL,Kurnool,Pennar,Pennar,-,-,-,-,15.75064000,78.06679800,01-07-2025 17:00,1
443,Kurnool_1,Andhra Pradesh GW,28,Andhra Pradesh,511,KURNOOL,KURNOOL,KURNOOL,Kurnool,Pennar,Pennar,-,-,-,-,15.75064000,78.06679800,01-07-2025 18:00,6
444,Kurnool_1,Andhra Pradesh GW,28,Andhra Pradesh,511,KURNOOL,KURNOOL,KURNOOL,Kurnool,Pennar,Pennar,-,-,-,-,15.75064000,78.06679800,01-07-2025 19:00,3
445,Kurnool_1,Andhra Pradesh GW,28,Andhra Pradesh,511,KURNOOL,KURNOOL,KURNOOL,Kurnool,Pennar,Pennar,-,-,-,-,15.75064000,78.06679800,01-07-2025 20:00,2
446,Kurnool_1,Andhra Pradesh GW,28,Andhra Pradesh,511,KURNOOL,KURNOOL,KURNOOL,Kurnool,Pennar,Pennar,-,-,-,-,15.75064000,78.06679800,01-07-2025 21:00,0.5
447,Kurnool_1,Andhra Pradesh GW,28,Andhra Pradesh,511,KURNOOL,KURNOOL,KURNOOL,Kurnool,Pennar,Pennar,-,-,-,-,15.75064000,78.06679800,02-07-2025 07:00,0.5
448,Kurnool_1,Andhra Pradesh GW,28,Andhra Pradesh,511,KURNOOL,KURNOOL,KURNOOL,Kurnool,Pennar,Pennar,-,-,-,-,15.75064000,78.06679800,02-07-2025 15:00,0.5
449,Kurnool_1,Andhra Pradesh GW,28,Andhra Pradesh,511,KURNOOL,KURNOOL,KURNOOL,Kurnool,Pennar,Pennar,-,-,-,-,15.75064000,78.06679800,02-07-2025 16:00,0.5
450,Kurnool_1,Andhra Pradesh GW,28,Andhra Pradesh,511,KURNOOL,KURNOOL,KURNOOL,Kurnool,Pennar,Pennar,-,-,-,-,15.75064000,78.06679800,02-07-2025 17:00,0.5
451,Kurnool_1,Andhra Pradesh GW,28,Andhra Pradesh,511,KURNOOL,KURNOOL,KURNOOL,Kurnool,Pennar,Pennar,-,-,-,-,15.75064000,78.06679800,02-07-2025 18:00,8
452,Kurnool_1,Andhra Pradesh GW,28,Andhra Pradesh,511,KURNOOL,KURNOOL,KURNOOL,Kurnool,Pennar,Pennar,-,-,-,-,15.75064000,78.06679800,02-07-2025 19:00,1
453,Kurnool_1,Andhra Pradesh GW,28,Andhra Pradesh,511,KURNOOL,KURNOOL,KURNOOL,Kurnool,Pennar,Pennar,-,-,-,-,15.75064000,78.06679800,02-07-2025 20:00,2.5
454,Kurnool_1,Andhra Pradesh GW,28,Andhra Pradesh,511,KURNOOL,KURNOOL,KURNOOL,Kurnool,Pennar,Pennar,-,-,-,-,15.75064000,78.06679800,03-07-2025 17:00,2.5
455,Kurnool_1,Andhra Pradesh GW,28,Andhra Pradesh,511,KURNOOL,KURNOOL,KURNOOL,Kurnool,Pennar,Pennar,-,-,-,-,15.75064000,78.06679800,04-07-2025 19:00,0.5
456,Kurnool_1,Andhra Pradesh GW,28,Andhra Pradesh,511,KURNOOL,KURNOOL,KURNOOL,Kurnool,Pennar,Pennar,-,-,-,-,15.75064000,78.06679800,05-07-2025 16:00,3.5
457,Kurnool_1,Andhra Pradesh GW,28,Andhra Pradesh,511,KURNOOL,KURNOOL,KURNOOL,Kurnool,Pennar,Pennar,-,-,-,-,15.75064000,78.06679800,08-07-2025 18:00,4
458,Kurnool_1,Andhra Pradesh GW,28,Andhra Pradesh,511,KURNOOL,KURNOOL,KURNOOL,Kurnool,Pennar,Pennar,-,-,-,-,15.75064000,78.06679800,08-07-2025 18:00,4
459,Kurnool_1,Andhra Pradesh GW,28,Andhra Pradesh,511,KURNOOL,KURNOOL,KURNOOL,Kurnool,Pennar,Pennar,-,-,-,-,15.75064000,78.06679800,11-07-2025 00:00,0.5
460,Kurnool_1,Andhra Pradesh GW,28,Andhra Pradesh,511,KURNOOL,KURNOOL,KURNOOL,Kurnool,Pennar,Pennar,-,-,-,-,15.75064000,78.06679800,11-07-2025 00:00,0.5
461,Kurnool_1,Andhra Pradesh GW,28,Andhra Pradesh,511,KURNOOL,KURNOOL,KURNOOL,Kurnool,Pennar,Pennar,-,-,-,-,15.75064000,78.06679800,12-07-2025 14:00,1
462,Kurnool_1,Andhra Pradesh GW,28,Andhra Pradesh,511,KURNOOL,KURNOOL,KURNOOL,Kurnool,Pennar,Pennar,-,-,-,-,15.75064000,78.06679800,12-07-2025 15:00,5.5
463,Kurnool_1,Andhra Pradesh GW,28,Andhra Pradesh,511,KURNOOL,KURNOOL,KURNOOL,Kurnool,Pennar,Pennar,-,-,-,-,15.75064000,78.06679800,12-07-2025 17:00,0.5
464,Kurnool_1,Andhra Pradesh GW,28,Andhra Pradesh,511,KURNOOL,KURNOOL,KURNOOL,Kurnool,Pennar,Pennar,-,-,-,-,15.75064000,78.06679800,20-07-2025 23:00,5.5
465,Kurnool_1,Andhra Pradesh GW,28,Andhra Pradesh,511,KURNOOL,KURNOOL,KURNOOL,Kurnool,Pennar,Pennar,-,-,-,-,15.75064000,78.06679800,21-07-2025 00:00,0.5
466,Kurnool_1,Andhra Pradesh GW,28,Andhra Pradesh,511,KURNOOL,KURNOOL,KURNOOL,Kurnool,Pennar,Pennar,-,-,-,-,15.75064000,78.06679800,21-07-2025 01:00,0.5
467,Kurnool_1,Andhra Pradesh GW,28,Andhra Pradesh,511,KURNOOL,KURNOOL,KURNOOL,Kurnool,Pennar,Pennar,-,-,-,-,15.75064000,78.06679800,21-07-2025 02:00,4
468,Kurnool_1,Andhra Pradesh GW,28,Andhra Pradesh,511,KURNOOL,KURNOOL,KURNOOL,Kurnool,Pennar,Pennar,-,-,-,-,15.75064000,78.06679800,21-07-2025 03:00,4
469,Kurnool_1,Andhra Pradesh GW,28,Andhra Pradesh,511,KURNOOL,KURNOOL,KURNOOL,Kurnool,Pennar,Pennar,-,-,-,-,15.75064000,78.06679800,21-07-2025 04:00,1
470,Kurnool_1,Andhra Pradesh GW,28,Andhra Pradesh,511,KURNOOL,KURNOOL,KURNOOL,Kurnool,Pennar,Pennar,-,-,-,-,15.75064000,78.06679800,21-07-2025 05:00,1.5
471,Kurnool_1,Andhra Pradesh GW,28,Andhra Pradesh,511,KURNOOL,KURNOOL,KURNOOL,Kurnool,Pennar,Pennar,-,-,-,-,15.75064000,78.06679800,21-07-2025 06:00,1
472,Kurnool_1,Andhra Pradesh GW,28,Andhra Pradesh,511,KURNOOL,KURNOOL,KURNOOL,Kurnool,Pennar,Pennar,-,-,-,-,15.75064000,78.06679800,21-07-2025 07:00,0.5
473,Kurnool_1,Andhra Pradesh GW,28,Andhra Pradesh,511,KURNOOL,KURNOOL,KURNOOL,Kurnool,Pennar,Pennar,-,-,-,-,15.75064000,78.06679800,21-07-2025 08:00,0.5
474,Kurnool_1,Andhra Pradesh GW,28,Andhra Pradesh,511,KURNOOL,KURNOOL,KURNOOL,Kurnool,Pennar,Pennar,-,-,-,-,15.75064000,78.06679800,21-07-2025 21:00,0.5
475,Kurnool_1,Andhra Pradesh GW,28,Andhra Pradesh,511,KURNOOL,KURNOOL,KURNOOL,Kurnool,Pennar,Pennar,-,-,-,-,15.75064000,78.06679800,23-07-2025 14:00,0.5
476,Kurnool_1,Andhra Pradesh GW,28,Andhra Pradesh,511,KURNOOL,KURNOOL,KURNOOL,Kurnool,Pennar,Pennar,-,-,-,-,15.75064000,78.06679800,23-07-2025 14:00,0.5
477,Kurnool_1,Andhra Pradesh GW,28,Andhra Pradesh,511,KURNOOL,KURNOOL,KURNOOL,Kurnool,Pennar,Pennar,-,-,-,-,15.75064000,78.06679800,23-07-2025 21:00,1.5
478,Kurnool_1,Andhra Pradesh GW,28,Andhra Pradesh,511,KURNOOL,KURNOOL,KURNOOL,Kurnool,Pennar,Pennar,-,-,-,-,15.75064000,78.06679800,23-07-2025 22:00,1.5
479,Kurnool_1,Andhra Pradesh GW,28,Andhra Pradesh,511,KURNOOL,KURNOOL,KURNOOL,Kurnool,Pennar,Pennar,-,-,-,-,15.75064000,78.06679800,23-07-2025 23:00,2
480,Kurnool_1,Andhra Pradesh GW,28,Andhra Pradesh,511,KURNOOL,KURNOOL,KURNOOL,Kurnool,Pennar,Pennar,-,-,-,-,15.75064000,78.06679800,24-07-2025 00:00,3
481,Kurnool_1,Andhra Pradesh GW,28,Andhra Pradesh,511,KURNOOL,KURNOOL,KURNOOL,Kurnool,Pennar,Pennar,-,-,-,-,15.75064000,78.06679800,24-07-2025 01:00,1
482,Kurnool_1,Andhra Pradesh GW,28,Andhra Pradesh,511,KURNOOL,KURNOOL,KURNOOL,Kurnool,Pennar,Pennar,-,-,-,-,15.75064000,78.06679800,24-07-2025 01:00,1
483,Kurnool_1,Andhra Pradesh GW,28,Andhra Pradesh,511,KURNOOL,KURNOOL,KURNOOL,Kurnool,Pennar,Pennar,-,-,-,-,15.75064000,78.06679800,24-07-2025 21:00,0.5
484,Kurnool_1,Andhra Pradesh GW,28,Andhra Pradesh,511,KURNOOL,KURNOOL,KURNOOL,Kurnool,Pennar,Pennar,-,-,-,-,15.75064000,78.06679800,30-07-2025 17:00,2
485,Kurnool_1,Andhra Pradesh GW,28,Andhra Pradesh,511,KURNOOL,KURNOOL,KURNOOL,Kurnool,Pennar,Pennar,-,-,-,-,15.75064000,78.06679800,04-08-2025 06:00,34
486,Kurnool_1,Andhra Pradesh GW,28,Andhra Pradesh,511,KURNOOL,KURNOOL,KURNOOL,Kurnool,Pennar,Pennar,-,-,-,-,15.75064000,78.06679800,04-08-2025 06:00,34
487,Kurnool_1,Andhra Pradesh GW,28,Andhra Pradesh,511,KURNOOL,KURNOOL,KURNOOL,Kurnool,Pennar,Pennar,-,-,-,-,15.75064000,78.06679800,04-08-2025 07:00,36.5
488,Kurnool_1,Andhra Pradesh GW,28,Andhra Pradesh,511,KURNOOL,KURNOOL,KURNOOL,Kurnool,Pennar,Pennar,-,-,-,-,15.75064000,78.06679800,04-08-2025 07:00,36.5
489,Kurnool_1,Andhra Pradesh GW,28,Andhra Pradesh,511,KURNOOL,KURNOOL,KURNOOL,Kurnool,Pennar,Pennar,-,-,-,-,15.75064000,78.06679800,04-08-2025 10:00,0.5
490,Kurnool_1,Andhra Pradesh GW,28,Andhra Pradesh,511,KURNOOL,KURNOOL,KURNOOL,Kurnool,Pennar,Pennar,-,-,-,-,15.75064000,78.06679800,04-08-2025 10:00,0.5
491,Kurnool_1,Andhra Pradesh GW,28,Andhra Pradesh,511,KURNOOL,KURNOOL,KURNOOL,Kurnool,Pennar,Pennar,-,-,-,-,15.75064000,78.06679800,04-08-2025 21:00,26.5
492,Kurnool_1,Andhra Pradesh GW,28,Andhra Pradesh,511,KURNOOL,KURNOOL,KURNOOL,Kurnool,Pennar,Pennar,-,-,-,-,15.75064000,78.06679800,04-08-2025 22:00,6.5
493,Kurnool_1,Andhra Pradesh GW,28,Andhra Pradesh,511,KURNOOL,KURNOOL,KURNOOL,Kurnool,Pennar,Pennar,-,-,-,-,15.75064000,78.06679800,05-08-2025 10:00,0.5
494,Kurnool_1,Andhra Pradesh GW,28,Andhra Pradesh,511,KURNOOL,KURNOOL,KURNOOL,Kurnool,Pennar,Pennar,-,-,-,-,15.75064000,78.06679800,05-08-2025 16:00,0.5
495,Kurnool_1,Andhra Pradesh GW,28,Andhra Pradesh,511,KURNOOL,KURNOOL,KURNOOL,Kurnool,Pennar,Pennar,-,-,-,-,15.75064000,78.06679800,05-08-2025 18:00,2.5
496,Kurnool_1,Andhra Pradesh GW,28,Andhra Pradesh,511,KURNOOL,KURNOOL,KURNOOL,Kurnool,Pennar,Pennar,-,-,-,-,15.75064000,78.06679800,06-08-2025 00:00,7.5
497,Kurnool_1,Andhra Pradesh GW,28,Andhra Pradesh,511,KURNOOL,KURNOOL,KURNOOL,Kurnool,Pennar,Pennar,-,-,-,-,15.75064000,78.06679800,07-08-2025 22:00,24
498,Kurnool_1,Andhra Pradesh GW,28,Andhra Pradesh,511,KURNOOL,KURNOOL,KURNOOL,Kurnool,Pennar,Pennar,-,-,-,-,15.75064000,78.06679800,08-08-2025 01:00,0.5
499,Kurnool_1,Andhra Pradesh GW,28,Andhra Pradesh,511,KURNOOL,KURNOOL,KURNOOL,Kurnool,Pennar,Pennar,-,-,-,-,15.75064000,78.06679800,10-08-2025 13:00,1
500,Kurnool_1,Andhra Pradesh GW,28,Andhra Pradesh,511,KURNOOL,KURNOOL,KURNOOL,Kurnool,Pennar,Pennar,-,-,-,-,15.75064000,78.06679800,11-08-2025 01:00,2.5
501,Kurnool_1,Andhra Pradesh GW,28,Andhra Pradesh,511,KURNOOL,KURNOOL,KURNOOL,Kurnool,Pennar,Pennar,-,-,-,-,15.75064000,78.06679800,11-08-2025 02:00,11
502,Kurnool_1,Andhra Pradesh GW,28,Andhra Pradesh,511,KURNOOL,KURNOOL,KURNOOL,Kurnool,Pennar,Pennar,-,-,-,-,15.75064000,78.06679800,11-08-2025 03:00,7.5
503,Kurnool_1,Andhra Pradesh GW,28,Andhra Pradesh,511,KURNOOL,KURNOOL,KURNOOL,Kurnool,Pennar,Pennar,-,-,-,-,15.75064000,78.06679800,11-08-2025 04:00,7
504,Kurnool_1,Andhra Pradesh GW,28,Andhra Pradesh,511,KURNOOL,KURNOOL,KURNOOL,Kurnool,Pennar,Pennar,-,-,-,-,15.75064000,78.06679800,11-08-2025 06:00,4
505,Kurnool_1,Andhra Pradesh GW,28,Andhra Pradesh,511,KURNOOL,KURNOOL,KURNOOL,Kurnool,Pennar,Pennar,-,-,-,-,15.75064000,78.06679800,11-08-2025 06:00,4
506,Kurnool_1,Andhra Pradesh GW,28,Andhra Pradesh,511,KURNOOL,KURNOOL,KURNOOL,Kurnool,Pennar,Pennar,-,-,-,-,15.75064000,78.06679800,11-08-2025 07:00,3.5
507,Kurnool_1,Andhra Pradesh GW,28,Andhra Pradesh,511,KURNOOL,KURNOOL,KURNOOL,Kurnool,Pennar,Pennar,-,-,-,-,15.75064000,78.06679800,11-08-2025 07:00,3.5
508,Kurnool_1,Andhra Pradesh GW,28,Andhra Pradesh,511,KURNOOL,KURNOOL,KURNOOL,Kurnool,Pennar,Pennar,-,-,-,-,15.75064000,78.06679800,11-08-2025 08:00,2.5
509,Kurnool_1,Andhra Pradesh GW,28,Andhra Pradesh,511,KURNOOL,KURNOOL,KURNOOL,Kurnool,Pennar,Pennar,-,-,-,-,15.75064000,78.06679800,11-08-2025 08:00,2.5
510,Kurnool_1,Andhra Pradesh GW,28,Andhra Pradesh,511,KURNOOL,KURNOOL,KURNOOL,Kurnool,Pennar,Pennar,-,-,-,-,15.75064000,78.06679800,11-08-2025 09:00,1.5
511,Kurnool_1,Andhra Pradesh GW,28,Andhra Pradesh,511,KURNOOL,KURNOOL,KURNOOL,Kurnool,Pennar,Pennar,-,-,-,-,15.75064000,78.06679800,11-08-2025 09:00,1.5
512,Kurnool_1,Andhra Pradesh GW,28,Andhra Pradesh,511,KURNOOL,KURNOOL,KURNOOL,Kurnool,Pennar,Pennar,-,-,-,-,15.75064000,78.06679800,11-08-2025 10:00,0.5
513,Kurnool_1,Andhra Pradesh GW,28,Andhra Pradesh,511,KURNOOL,KURNOOL,KURNOOL,Kurnool,Pennar,Pennar,-,-,-,-,15.75064000,78.06679800,11-08-2025 10:00,0.5
514,Kurnool_1,Andhra Pradesh GW,28,Andhra Pradesh,511,KURNOOL,KURNOOL,KURNOOL,Kurnool,Pennar,Pennar,-,-,-,-,15.75064000,78.06679800,12-08-2025 05:00,0.5
515,Kurnool_1,Andhra Pradesh GW,28,Andhra Pradesh,511,KURNOOL,KURNOOL,KURNOOL,Kurnool,Pennar,Pennar,-,-,-,-,15.75064000,78.06679800,12-08-2025 06:00,1
516,Kurnool_1,Andhra Pradesh GW,28,Andhra Pradesh,511,KURNOOL,KURNOOL,KURNOOL,Kurnool,Pennar,Pennar,-,-,-,-,15.75064000,78.06679800,12-08-2025 06:00,1
517,Kurnool_1,Andhra Pradesh GW,28,Andhra Pradesh,511,KURNOOL,KURNOOL,KURNOOL,Kurnool,Pennar,Pennar,-,-,-,-,15.75064000,78.06679800,12-08-2025 07:00,0.5
518,Kurnool_1,Andhra Pradesh GW,28,Andhra Pradesh,511,KURNOOL,KURNOOL,KURNOOL,Kurnool,Pennar,Pennar,-,-,-,-,15.75064000,78.06679800,12-08-2025 08:00,0.5
519,Kurnool_1,Andhra Pradesh GW,28,Andhra Pradesh,511,KURNOOL,KURNOOL,KURNOOL,Kurnool,Pennar,Pennar,-,-,-,-,15.75064000,78.06679800,12-08-2025 08:00,0.5
520,Kurnool_1,Andhra Pradesh GW,28,Andhra Pradesh,511,KURNOOL,KURNOOL,KURNOOL,Kurnool,Pennar,Pennar,-,-,-,-,15.75064000,78.06679800,12-08-2025 09:00,1
521,Kurnool_1,Andhra Pradesh GW,28,Andhra Pradesh,511,KURNOOL,KURNOOL,KURNOOL,Kurnool,Pennar,Pennar,-,-,-,-,15.75064000,78.06679800,12-08-2025 09:00,1
522,Kurnool_1,Andhra Pradesh GW,28,Andhra Pradesh,511,KURNOOL,KURNOOL,KURNOOL,Kurnool,Pennar,Pennar,-,-,-,-,15.75064000,78.06679800,12-08-2025 10:00,0.5
523,Kurnool_1,Andhra Pradesh GW,28,Andhra Pradesh,511,KURNOOL,KURNOOL,KURNOOL,Kurnool,Pennar,Pennar,-,-,-,-,15.75064000,78.06679800,12-08-2025 10:00,0.5
524,Kurnool_1,Andhra Pradesh GW,28,Andhra Pradesh,511,KURNOOL,KURNOOL,KURNOOL,Kurnool,Pennar,Pennar,-,-,-,-,15.75064000,78.06679800,13-08-2025 03:00,0.5
525,Kurnool_1,Andhra Pradesh GW,28,Andhra Pradesh,511,KURNOOL,KURNOOL,KURNOOL,Kurnool,Pennar,Pennar,-,-,-,-,15.75064000,78.06679800,13-08-2025 07:00,3
526,Kurnool_1,Andhra Pradesh GW,28,Andhra Pradesh,511,KURNOOL,KURNOOL,KURNOOL,Kurnool,Pennar,Pennar,-,-,-,-,15.75064000,78.06679800,13-08-2025 08:00,11
527,Kurnool_1,Andhra Pradesh GW,28,Andhra Pradesh,511,KURNOOL,KURNOOL,KURNOOL,Kurnool,Pennar,Pennar,-,-,-,-,15.75064000,78.06679800,13-08-2025 09:00,2
528,Kurnool_1,Andhra Pradesh GW,28,Andhra Pradesh,511,KURNOOL,KURNOOL,KURNOOL,Kurnool,Pennar,Pennar,-,-,-,-,15.75064000,78.06679800,13-08-2025 10:00,1
529,Kurnool_1,Andhra Pradesh GW,28,Andhra Pradesh,511,KURNOOL,KURNOOL,KURNOOL,Kurnool,Pennar,Pennar,-,-,-,-,15.75064000,78.06679800,13-08-2025 21:00,0.5
530,Kurnool_1,Andhra Pradesh GW,28,Andhra Pradesh,511,KURNOOL,KURNOOL,KURNOOL,Kurnool,Pennar,Pennar,-,-,-,-,15.75064000,78.06679800,13-08-2025 22:00,0.5
531,Kurnool_1,Andhra Pradesh GW,28,Andhra Pradesh,511,KURNOOL,KURNOOL,KURNOOL,Kurnool,Pennar,Pennar,-,-,-,-,15.75064000,78.06679800,13-08-2025 23:00,0.5
532,Kurnool_1,Andhra Pradesh GW,28,Andhra Pradesh,511,KURNOOL,KURNOOL,KURNOOL,Kurnool,Pennar,Pennar,-,-,-,-,15.75064000,78.06679800,14-08-2025 01:00,0.5
533,Kurnool_1,Andhra Pradesh GW,28,Andhra Pradesh,511,KURNOOL,KURNOOL,KURNOOL,Kurnool,Pennar,Pennar,-,-,-,-,15.75064000,78.06679800,14-08-2025 02:00,1
534,Kurnool_1,Andhra Pradesh GW,28,Andhra Pradesh,511,KURNOOL,KURNOOL,KURNOOL,Kurnool,Pennar,Pennar,-,-,-,-,15.75064000,78.06679800,14-08-2025 03:00,1
535,Kurnool_1,Andhra Pradesh GW,28,Andhra Pradesh,511,KURNOOL,KURNOOL,KURNOOL,Kurnool,Pennar,Pennar,-,-,-,-,15.75064000,78.06679800,14-08-2025 08:00,0.5
536,Kurnool_1,Andhra Pradesh GW,28,Andhra Pradesh,511,KURNOOL,KURNOOL,KURNOOL,Kurnool,Pennar,Pennar,-,-,-,-,15.75064000,78.06679800,14-08-2025 16:00,1
537,Kurnool_1,Andhra Pradesh GW,28,Andhra Pradesh,511,KURNOOL,KURNOOL,KURNOOL,Kurnool,Pennar,Pennar,-,-,-,-,15.75064000,78.06679800,14-08-2025 17:00,0.5
538,Kurnool_1,Andhra Pradesh GW,28,Andhra Pradesh,511,KURNOOL,KURNOOL,KURNOOL,Kurnool,Pennar,Pennar,-,-,-,-,15.75064000,78.06679800,14-08-2025 17:00,0.5
539,Kurnool_1,Andhra Pradesh GW,28,Andhra Pradesh,511,KURNOOL,KURNOOL,KURNOOL,Kurnool,Pennar,Pennar,-,-,-,-,15.75064000,78.06679800,15-08-2025 20:00,0.5
540,Kurnool_1,Andhra Pradesh GW,28,Andhra Pradesh,511,KURNOOL,KURNOOL,KURNOOL,Kurnool,Pennar,Pennar,-,-,-,-,15.75064000,78.06679800,15-08-2025 20:00,0.5
541,Kurnool_1,Andhra Pradesh GW,28,Andhra Pradesh,511,KURNOOL,KURNOOL,KURNOOL,Kurnool,Pennar,Pennar,-,-,-,-,15.75064000,78.06679800,16-08-2025 21:00,2
542,Kurnool_1,Andhra Pradesh GW,28,Andhra Pradesh,511,KURNOOL,KURNOOL,KURNOOL,Kurnool,Pennar,Pennar,-,-,-,-,15.75064000,78.06679800,16-08-2025 21:00,2
543,Kurnool_1,Andhra Pradesh GW,28,Andhra Pradesh,511,KURNOOL,KURNOOL,KURNOOL,Kurnool,Pennar,Pennar,-,-,-,-,15.75064000,78.06679800,17-08-2025 15:00,3
544,Kurnool_1,Andhra Pradesh GW,28,Andhra Pradesh,511,KURNOOL,KURNOOL,KURNOOL,Kurnool,Pennar,Pennar,-,-,-,-,15.75064000,78.06679800,17-08-2025 15:00,3
545,Kurnool_1,Andhra Pradesh GW,28,Andhra Pradesh,511,KURNOOL,KURNOOL,KURNOOL,Kurnool,Pennar,Pennar,-,-,-,-,15.75064000,78.06679800,17-08-2025 16:00,5
546,Kurnool_1,Andhra Pradesh GW,28,Andhra Pradesh,511,KURNOOL,KURNOOL,KURNOOL,Kurnool,Pennar,Pennar,-,-,-,-,15.75064000,78.06679800,17-08-2025 16:00,5
547,Kurnool_1,Andhra Pradesh GW,28,Andhra Pradesh,511,KURNOOL,KURNOOL,KURNOOL,Kurnool,Pennar,Pennar,-,-,-,-,15.75064000,78.06679800,17-08-2025 21:00,0.5
548,Kurnool_1,Andhra Pradesh GW,28,Andhra Pradesh,511,KURNOOL,KURNOOL,KURNOOL,Kurnool,Pennar,Pennar,-,-,-,-,15.75064000,78.06679800,17-08-2025 21:00,0.5
549,Kurnool_1,Andhra Pradesh GW,28,Andhra Pradesh,511,KURNOOL,KURNOOL,KURNOOL,Kurnool,Pennar,Pennar,-,-,-,-,15.75064000,78.06679800,17-08-2025 22:00,6
550,Kurnool_1,Andhra Pradesh GW,28,Andhra Pradesh,511,KURNOOL,KURNOOL,KURNOOL,Kurnool,Pennar,Pennar,-,-,-,-,15.75064000,78.06679800,17-08-2025 22:00,6
551,Kurnool_1,Andhra Pradesh GW,28,Andhra Pradesh,511,KURNOOL,KURNOOL,KURNOOL,Kurnool,Pennar,Pennar,-,-,-,-,15.75064000,78.06679800,17-08-2025 23:00,3
552,Kurnool_1,Andhra Pradesh GW,28,Andhra Pradesh,511,KURNOOL,KURNOOL,KURNOOL,Kurnool,Pennar,Pennar,-,-,-,-,15.75064000,78.06679800,17-08-2025 23:00,3
553,Kurnool_1,Andhra Pradesh GW,28,Andhra Pradesh,511,KURNOOL,KURNOOL,KURNOOL,Kurnool,Pennar,Pennar,-,-,-,-,15.75064000,78.06679800,18-08-2025 00:00,5
554,Kurnool_1,Andhra Pradesh GW,28,Andhra Pradesh,511,KURNOOL,KURNOOL,KURNOOL,Kurnool,Pennar,Pennar,-,-,-,-,15.75064000,78.06679800,18-08-2025 00:00,5
555,Kurnool_1,Andhra Pradesh GW,28,Andhra Pradesh,511,KURNOOL,KURNOOL,KURNOOL,Kurnool,Pennar,Pennar,-,-,-,-,15.75064000,78.06679800,18-08-2025 01:00,3
556,Kurnool_1,Andhra Pradesh GW,28,Andhra Pradesh,511,KURNOOL,KURNOOL,KURNOOL,Kurnool,Pennar,Pennar,-,-,-,-,15.75064000,78.06679800,18-08-2025 02:00,2
557,Kurnool_1,Andhra Pradesh GW,28,Andhra Pradesh,511,KURNOOL,KURNOOL,KURNOOL,Kurnool,Pennar,Pennar,-,-,-,-,15.75064000,78.06679800,18-08-2025 02:00,2
558,Kurnool_1,Andhra Pradesh GW,28,Andhra Pradesh,511,KURNOOL,KURNOOL,KURNOOL,Kurnool,Pennar,Pennar,-,-,-,-,15.75064000,78.06679800,18-08-2025 03:00,2
559,Kurnool_1,Andhra Pradesh GW,28,Andhra Pradesh,511,KURNOOL,KURNOOL,KURNOOL,Kurnool,Pennar,Pennar,-,-,-,-,15.75064000,78.06679800,18-08-2025 03:00,2
560,Kurnool_1,Andhra Pradesh GW,28,Andhra Pradesh,511,KURNOOL,KURNOOL,KURNOOL,Kurnool,Pennar,Pennar,-,-,-,-,15.75064000,78.06679800,18-08-2025 04:00,0.5
561,Kurnool_1,Andhra Pradesh GW,28,Andhra Pradesh,511,KURNOOL,KURNOOL,KURNOOL,Kurnool,Pennar,Pennar,-,-,-,-,15.75064000,78.06679800,18-08-2025 04:00,0.5
562,Kurnool_1,Andhra Pradesh GW,28,Andhra Pradesh,511,KURNOOL,KURNOOL,KURNOOL,Kurnool,Pennar,Pennar,-,-,-,-,15.75064000,78.06679800,18-08-2025 05:00,2.5
563,Kurnool_1,Andhra Pradesh GW,28,Andhra Pradesh,511,KURNOOL,KURNOOL,KURNOOL,Kurnool,Pennar,Pennar,-,-,-,-,15.75064000,78.06679800,18-08-2025 05:00,2.5
564,Kurnool_1,Andhra Pradesh GW,28,Andhra Pradesh,511,KURNOOL,KURNOOL,KURNOOL,Kurnool,Pennar,Pennar,-,-,-,-,15.75064000,78.06679800,18-08-2025 06:00,2
565,Kurnool_1,Andhra Pradesh GW,28,Andhra Pradesh,511,KURNOOL,KURNOOL,KURNOOL,Kurnool,Pennar,Pennar,-,-,-,-,15.75064000,78.06679800,18-08-2025 06:00,2
566,Kurnool_1,Andhra Pradesh GW,28,Andhra Pradesh,511,KURNOOL,KURNOOL,KURNOOL,Kurnool,Pennar,Pennar,-,-,-,-,15.75064000,78.06679800,18-08-2025 07:00,1.5
567,Kurnool_1,Andhra Pradesh GW,28,Andhra Pradesh,511,KURNOOL,KURNOOL,KURNOOL,Kurnool,Pennar,Pennar,-,-,-,-,15.75064000,78.06679800,18-08-2025 08:00,7.5
568,Kurnool_1,Andhra Pradesh GW,28,Andhra Pradesh,511,KURNOOL,KURNOOL,KURNOOL,Kurnool,Pennar,Pennar,-,-,-,-,15.75064000,78.06679800,18-08-2025 08:00,7.5
569,Kurnool_1,Andhra Pradesh GW,28,Andhra Pradesh,511,KURNOOL,KURNOOL,KURNOOL,Kurnool,Pennar,Pennar,-,-,-,-,15.75064000,78.06679800,18-08-2025 09:00,2.5
570,Kurnool_1,Andhra Pradesh GW,28,Andhra Pradesh,511,KURNOOL,KURNOOL,KURNOOL,Kurnool,Pennar,Pennar,-,-,-,-,15.75064000,78.06679800,18-08-2025 09:00,2.5
571,Kurnool_1,Andhra Pradesh GW,28,Andhra Pradesh,511,KURNOOL,KURNOOL,KURNOOL,Kurnool,Pennar,Pennar,-,-,-,-,15.75064000,78.06679800,18-08-2025 10:00,1
572,Kurnool_1,Andhra Pradesh GW,28,Andhra Pradesh,511,KURNOOL,KURNOOL,KURNOOL,Kurnool,Pennar,Pennar,-,-,-,-,15.75064000,78.06679800,18-08-2025 10:00,1
573,Kurnool_1,Andhra Pradesh GW,28,Andhra Pradesh,511,KURNOOL,KURNOOL,KURNOOL,Kurnool,Pennar,Pennar,-,-,-,-,15.75064000,78.06679800,18-08-2025 16:00,1.5
574,Kurnool_1,Andhra Pradesh GW,28,Andhra Pradesh,511,KURNOOL,KURNOOL,KURNOOL,Kurnool,Pennar,Pennar,-,-,-,-,15.75064000,78.06679800,18-08-2025 22:00,0.5
575,Kurnool_1,Andhra Pradesh GW,28,Andhra Pradesh,511,KURNOOL,KURNOOL,KURNOOL,Kurnool,Pennar,Pennar,-,-,-,-,15.75064000,78.06679800,18-08-2025 22:00,0.5
576,Kurnool_1,Andhra Pradesh GW,28,Andhra Pradesh,511,KURNOOL,KURNOOL,KURNOOL,Kurnool,Pennar,Pennar,-,-,-,-,15.75064000,78.06679800,27-08-2025 02:00,0.5
577,Kurnool_1,Andhra Pradesh GW,28,Andhra Pradesh,511,KURNOOL,KURNOOL,KURNOOL,Kurnool,Pennar,Pennar,-,-,-,-,15.75064000,78.06679800,27-08-2025 02:00,0.5
578,Kurnool_1,Andhra Pradesh GW,28,Andhra Pradesh,511,KURNOOL,KURNOOL,KURNOOL,Kurnool,Pennar,Pennar,-,-,-,-,15.75064000,78.06679800,27-08-2025 03:00,1.5
579,Kurnool_1,Andhra Pradesh GW,28,Andhra Pradesh,511,KURNOOL,KURNOOL,KURNOOL,Kurnool,Pennar,Pennar,-,-,-,-,15.75064000,78.06679800,27-08-2025 04:00,0.5
580,Kurnool_1,Andhra Pradesh GW,28,Andhra Pradesh,511,KURNOOL,KURNOOL,KURNOOL,Kurnool,Pennar,Pennar,-,-,-,-,15.75064000,78.06679800,27-08-2025 04:00,0.5
581,Kurnool_1,Andhra Pradesh GW,28,Andhra Pradesh,511,KURNOOL,KURNOOL,KURNOOL,Kurnool,Pennar,Pennar,-,-,-,-,15.75064000,78.06679800,27-08-2025 06:00,0.5
582,Kurnool_1,Andhra Pradesh GW,28,Andhra Pradesh,511,KURNOOL,KURNOOL,KURNOOL,Kurnool,Pennar,Pennar,-,-,-,-,15.75064000,78.06679800,27-08-2025 06:00,0.5
583,Kurnool_1,Andhra Pradesh GW,28,Andhra Pradesh,511,KURNOOL,KURNOOL,KURNOOL,Kurnool,Pennar,Pennar,-,-,-,-,15.75064000,78.06679800,27-08-2025 17:00,3
584,Kurnool_1,Andhra Pradesh GW,28,Andhra Pradesh,511,KURNOOL,KURNOOL,KURNOOL,Kurnool,Pennar,Pennar,-,-,-,-,15.75064000,78.06679800,27-08-2025 17:00,3
585,Kurnool_1,Andhra Pradesh GW,28,Andhra Pradesh,511,KURNOOL,KURNOOL,KURNOOL,Kurnool,Pennar,Pennar,-,-,-,-,15.75064000,78.06679800,27-08-2025 22:00,11.5
586,Kurnool_1,Andhra Pradesh GW,28,Andhra Pradesh,511,KURNOOL,KURNOOL,KURNOOL,Kurnool,Pennar,Pennar,-,-,-,-,15.75064000,78.06679800,27-08-2025 22:00,11.5
587,Kurnool_1,Andhra Pradesh GW,28,Andhra Pradesh,511,KURNOOL,KURNOOL,KURNOOL,Kurnool,Pennar,Pennar,-,-,-,-,15.75064000,78.06679800,27-08-2025 23:00,11
588,Kurnool_1,Andhra Pradesh GW,28,Andhra Pradesh,511,KURNOOL,KURNOOL,KURNOOL,Kurnool,Pennar,Pennar,-,-,-,-,15.75064000,78.06679800,27-08-2025 23:00,11
589,Kurnool_1,Andhra Pradesh GW,28,Andhra Pradesh,511,KURNOOL,KURNOOL,KURNOOL,Kurnool,Pennar,Pennar,-,-,-,-,15.75064000,78.06679800,28-08-2025 02:00,0.5
590,Kurnool_1,Andhra Pradesh GW,28,Andhra Pradesh,511,KURNOOL,KURNOOL,KURNOOL,Kurnool,Pennar,Pennar,-,-,-,-,15.75064000,78.06679800,28-08-2025 15:00,0.5
591,Kurnool_1,Andhra Pradesh GW,28,Andhra Pradesh,511,KURNOOL,KURNOOL,KURNOOL,Kurnool,Pennar,Pennar,-,-,-,-,15.75064000,78.06679800,28-08-2025 15:00,0.5
592,Kurnool_1,Andhra Pradesh GW,28,Andhra Pradesh,511,KURNOOL,KURNOOL,KURNOOL,Kurnool,Pennar,Pennar,-,-,-,-,15.75064000,78.06679800,28-08-2025 18:00,13.5
593,Kurnool_1,Andhra Pradesh GW,28,Andhra Pradesh,511,KURNOOL,KURNOOL,KURNOOL,Kurnool,Pennar,Pennar,-,-,-,-,15.75064000,78.06679800,28-08-2025 19:00,0.5
594,Kurnool_1,Andhra Pradesh GW,28,Andhra Pradesh,511,KURNOOL,KURNOOL,KURNOOL,Kurnool,Pennar,Pennar,-,-,-,-,15.75064000,78.06679800,28-08-2025 21:00,5.5
595,Kurnool_1,Andhra Pradesh GW,28,Andhra Pradesh,511,KURNOOL,KURNOOL,KURNOOL,Kurnool,Pennar,Pennar,-,-,-,-,15.75064000,78.06679800,28-08-2025 22:00,3
596,Kurnool_1,Andhra Pradesh GW,28,Andhra Pradesh,511,KURNOOL,KURNOOL,KURNOOL,Kurnool,Pennar,Pennar,-,-,-,-,15.75064000,78.06679800,28-08-2025 23:00,8
597,Kurnool_1,Andhra Pradesh GW,28,Andhra Pradesh,511,KURNOOL,KURNOOL,KURNOOL,Kurnool,Pennar,Pennar,-,-,-,-,15.75064000,78.06679800,28-08-2025 23:00,8
598,Kurnool_1,Andhra Pradesh GW,28,Andhra Pradesh,511,KURNOOL,KURNOOL,KURNOOL,Kurnool,Pennar,Pennar,-,-,-,-,15.75064000,78.06679800,02-09-2025 18:00,8
599,Kurnool_1,Andhra Pradesh GW,28,Andhra Pradesh,511,KURNOOL,KURNOOL,KURNOOL,Kurnool,Pennar,Pennar,-,-,-,-,15.75064000,78.06679800,02-09-2025 18:00,8
600,Kurnool_1,Andhra Pradesh GW,28,Andhra Pradesh,511,KURNOOL,KURNOOL,KURNOOL,Kurnool,Pennar,Pennar,-,-,-,-,15.75064000,78.06679800,02-09-2025 19:00,4
601,Kurnool_1,Andhra Pradesh GW,28,Andhra Pradesh,511,KURNOOL,KURNOOL,KURNOOL,Kurnool,Pennar,Pennar,-,-,-,-,15.75064000,78.06679800,02-09-2025 19:00,4
602,Kurnool_1,Andhra Pradesh GW,28,Andhra Pradesh,511,KURNOOL,KURNOOL,KURNOOL,Kurnool,Pennar,Pennar,-,-,-,-,15.75064000,78.06679800,11-09-2025 06:00,26.5
603,Kurnool_1,Andhra Pradesh GW,28,Andhra Pradesh,511,KURNOOL,KURNOOL,KURNOOL,Kurnool,Pennar,Pennar,-,-,-,-,15.75064000,78.06679800,11-09-2025 06:00,26.5
604,Kurnool_1,Andhra Pradesh GW,28,Andhra Pradesh,511,KURNOOL,KURNOOL,KURNOOL,Kurnool,Pennar,Pennar,-,-,-,-,15.75064000,78.06679800,11-09-2025 07:00,6.5
605,Kurnool_1,Andhra Pradesh GW,28,Andhra Pradesh,511,KURNOOL,KURNOOL,KURNOOL,Kurnool,Pennar,Pennar,-,-,-,-,15.75064000,78.06679800,11-09-2025 08:00,1.5
606,Kurnool_1,Andhra Pradesh GW,28,Andhra Pradesh,511,KURNOOL,KURNOOL,KURNOOL,Kurnool,Pennar,Pennar,-,-,-,-,15.75064000,78.06679800,11-09-2025 08:00,1.5
607,Kurnool_1,Andhra Pradesh GW,28,Andhra Pradesh,511,KURNOOL,KURNOOL,KURNOOL,Kurnool,Pennar,Pennar,-,-,-,-,15.75064000,78.06679800,11-09-2025 10:00,5
608,Kurnool_1,Andhra Pradesh GW,28,Andhra Pradesh,511,KURNOOL,KURNOOL,KURNOOL,Kurnool,Pennar,Pennar,-,-,-,-,15.75064000,78.06679800,11-09-2025 10:00,5
609,Kurnool_1,Andhra Pradesh GW,28,Andhra Pradesh,511,KURNOOL,KURNOOL,KURNOOL,Kurnool,Pennar,Pennar,-,-,-,-,15.75064000,78.06679800,11-09-2025 11:00,4
610,Kurnool_1,Andhra Pradesh GW,28,Andhra Pradesh,511,KURNOOL,KURNOOL,KURNOOL,Kurnool,Pennar,Pennar,-,-,-,-,15.75064000,78.06679800,11-09-2025 12:00,0.5
611,Kurnool_1,Andhra Pradesh GW,28,Andhra Pradesh,511,KURNOOL,KURNOOL,KURNOOL,Kurnool,Pennar,Pennar,-,-,-,-,15.75064000,78.06679800,11-09-2025 12:00,0.5
612,Kurnool_1,Andhra Pradesh GW,28,Andhra Pradesh,511,KURNOOL,KURNOOL,KURNOOL,Kurnool,Pennar,Pennar,-,-,-,-,15.75064000,78.06679800,12-09-2025 16:00,5
613,Kurnool_1,Andhra Pradesh GW,28,Andhra Pradesh,511,KURNOOL,KURNOOL,KURNOOL,Kurnool,Pennar,Pennar,-,-,-,-,15.75064000,78.06679800,12-09-2025 16:00,5
614,Kurnool_1,Andhra Pradesh GW,28,Andhra Pradesh,511,KURNOOL,KURNOOL,KURNOOL,Kurnool,Pennar,Pennar,-,-,-,-,15.75064000,78.06679800,21-09-2025 04:00,1.5
615,Kurnool_1,Andhra Pradesh GW,28,Andhra Pradesh,511,KURNOOL,KURNOOL,KURNOOL,Kurnool,Pennar,Pennar,-,-,-,-,15.75064000,78.06679800,21-09-2025 05:00,2
616,Kurnool_1,Andhra Pradesh GW,28,Andhra Pradesh,511,KURNOOL,KURNOOL,KURNOOL,Kurnool,Pennar,Pennar,-,-,-,-,15.75064000,78.06679800,21-09-2025 06:00,1.5
617,Kurnool_1,Andhra Pradesh GW,28,Andhra Pradesh,511,KURNOOL,KURNOOL,KURNOOL,Kurnool,Pennar,Pennar,-,-,-,-,15.75064000,78.06679800,21-09-2025 07:00,0.5
618,Kurnool_1,Andhra Pradesh GW,28,Andhra Pradesh,511,KURNOOL,KURNOOL,KURNOOL,Kurnool,Pennar,Pennar,-,-,-,-,15.75064000,78.06679800,29-10-2025 00:00,5
619,Kurnool_1,Andhra Pradesh GW,28,Andhra Pradesh,511,KURNOOL,KURNOOL,KURNOOL,Kurnool,Pennar,Pennar,-,-,-,-,15.75064000,78.06679800,29-10-2025 01:00,0.5
620,Kurnool_1,Andhra Pradesh GW,28,Andhra Pradesh,511,KURNOOL,KURNOOL,KURNOOL,Kurnool,Pennar,Pennar,-,-,-,-,15.75064000,78.06679800,29-10-2025 02:00,1
621,Kurnool_1,Andhra Pradesh GW,28,Andhra Pradesh,511,KURNOOL,KURNOOL,KURNOOL,Kurnool,Pennar,Pennar,-,-,-,-,15.75064000,78.06679800,29-10-2025 03:00,5
622,Kurnool_1,Andhra Pradesh GW,28,Andhra Pradesh,511,KURNOOL,KURNOOL,KURNOOL,Kurnool,Pennar,Pennar,-,-,-,-,15.75064000,78.06679800,29-10-2025 04:00,3
623,Kurnool_1,Andhra Pradesh GW,28,Andhra Pradesh,511,KURNOOL,KURNOOL,KURNOOL,Kurnool,Pennar,Pennar,-,-,-,-,15.75064000,78.06679800,29-10-2025 05:00,2
624,Kurnool_1,Andhra Pradesh GW,28,Andhra Pradesh,511,KURNOOL,KURNOOL,KURNOOL,Kurnool,Pennar,Pennar,-,-,-,-,15.75064000,78.06679800,29-10-2025 06:00,1
625,Kurnool_1,Andhra Pradesh GW,28,Andhra Pradesh,511,KURNOOL,KURNOOL,KURNOOL,Kurnool,Pennar,Pennar,-,-,-,-,15.75064000,78.06679800,29-10-2025 07:00,0.5
626,Kurnool_1,Andhra Pradesh GW,28,Andhra Pradesh,511,KURNOOL,KURNOOL,KURNOOL,Kurnool,Pennar,Pennar,-,-,-,-,15.75064000,78.06679800,29-10-2025 08:00,0.5
627,Kurnool_1,Andhra Pradesh GW,28,Andhra Pradesh,511,KURNOOL,KURNOOL,KURNOOL,Kurnool,Pennar,Pennar,-,-,-,-,15.75064000,78.06679800,29-10-2025 09:00,0.5
628,Kurnool_1,Andhra Pradesh GW,28,Andhra Pradesh,511,KURNOOL,KURNOOL,KURNOOL,Kurnool,Pennar,Pennar,-,-,-,-,15.75064000,78.06679800,04-11-2025 00:00,16
629,Kurnool_1,Andhra Pradesh GW,28,Andhra Pradesh,511,KURNOOL,KURNOOL,KURNOOL,Kurnool,Pennar,Pennar,-,-,-,-,15.75064000,78.06679800,04-11-2025 12:00,0.5
630,Vuyyuru,Andhra Pradesh GW,28,Andhra Pradesh,510,KRISHNA,VUYYURU,VUYYURU,Gandigunta-1,Godavari,Godavari,Seethapalli Vagu,-,-,Seethapalli Vagu,16.38139800,80.85303400,28-10-2021 16:00,160
631,Vuyyuru,Andhra Pradesh GW,28,Andhra Pradesh,510,KRISHNA,VUYYURU,VUYYURU,Gandigunta-1,Godavari,Godavari,Seethapalli Vagu,-,-,Seethapalli Vagu,16.38139800,80.85303400,23-11-2021 17:00,0.5
632,Vuyyuru,Andhra Pradesh GW,28,Andhra Pradesh,510,KRISHNA,VUYYURU,VUYYURU,Gandigunta-1,Godavari,Godavari,Seethapalli Vagu,-,-,Seethapalli Vagu,16.38139800,80.85303400,23-06-2022 15:00,8.5
633,Vuyyuru,Andhra Pradesh GW,28,Andhra Pradesh,510,KRISHNA,VUYYURU,VUYYURU,Gandigunta-1,Godavari,Godavari,Seethapalli Vagu,-,-,Seethapalli Vagu,16.38139800,80.85303400,24-06-2022 11:00,4
634,Vuyyuru,Andhra Pradesh GW,28,Andhra Pradesh,510,KRISHNA,VUYYURU,VUYYURU,Gandigunta-1,Godavari,Godavari,Seethapalli Vagu,-,-,Seethapalli Vagu,16.38139800,80.85303400,24-06-2022 17:00,5.5
635,Vuyyuru,Andhra Pradesh GW,28,Andhra Pradesh,510,KRISHNA,VUYYURU,VUYYURU,Gandigunta-1,Godavari,Godavari,Seethapalli Vagu,-,-,Seethapalli Vagu,16.38139800,80.85303400,25-06-2022 13:00,12.5
636,Vuyyuru,Andhra Pradesh GW,28,Andhra Pradesh,510,KRISHNA,VUYYURU,VUYYURU,Gandigunta-1,Godavari,Godavari,Seethapalli Vagu,-,-,Seethapalli Vagu,16.38139800,80.85303400,22-07-2022 11:00,160
637,Vuyyuru,Andhra Pradesh GW,28,Andhra Pradesh,510,KRISHNA,VUYYURU,VUYYURU,Gandigunta-1,Godavari,Godavari,Seethapalli Vagu,-,-,Seethapalli Vagu,16.38139800,80.85303400,27-09-2022 22:00,1
638,Vuyyuru,Andhra Pradesh GW,28,Andhra Pradesh,510,KRISHNA,VUYYURU,VUYYURU,Gandigunta-1,Godavari,Godavari,Seethapalli Vagu,-,-,Seethapalli Vagu,16.38139800,80.85303400,28-09-2022 07:00,1
639,Vuyyuru,Andhra Pradesh GW,28,Andhra Pradesh,510,KRISHNA,VUYYURU,VUYYURU,Gandigunta-1,Godavari,Godavari,Seethapalli Vagu,-,-,Seethapalli Vagu,16.38139800,80.85303400,28-09-2022 08:00,0.5
640,Vuyyuru,Andhra Pradesh GW,28,Andhra Pradesh,510,KRISHNA,VUYYURU,VUYYURU,Gandigunta-1,Godavari,Godavari,Seethapalli Vagu,-,-,Seethapalli Vagu,16.38139800,80.85303400,28-09-2022 08:00,0.5
641,Vuyyuru,Andhra Pradesh GW,28,Andhra Pradesh,510,KRISHNA,VUYYURU,VUYYURU,Gandigunta-1,Godavari,Godavari,Seethapalli Vagu,-,-,Seethapalli Vagu,16.38139800,80.85303400,01-10-2022 14:00,3.5
642,Vuyyuru,Andhra Pradesh GW,28,Andhra Pradesh,510,KRISHNA,VUYYURU,VUYYURU,Gandigunta-1,Godavari,Godavari,Seethapalli Vagu,-,-,Seethapalli Vagu,16.38139800,80.85303400,01-10-2022 14:00,3.5
643,Vuyyuru,Andhra Pradesh GW,28,Andhra Pradesh,510,KRISHNA,VUYYURU,VUYYURU,Gandigunta-1,Godavari,Godavari,Seethapalli Vagu,-,-,Seethapalli Vagu,16.38139800,80.85303400,01-10-2022 15:00,4
644,Vuyyuru,Andhra Pradesh GW,28,Andhra Pradesh,510,KRISHNA,VUYYURU,VUYYURU,Gandigunta-1,Godavari,Godavari,Seethapalli Vagu,-,-,Seethapalli Vagu,16.38139800,80.85303400,01-10-2022 15:00,4
645,Vuyyuru,Andhra Pradesh GW,28,Andhra Pradesh,510,KRISHNA,VUYYURU,VUYYURU,Gandigunta-1,Godavari,Godavari,Seethapalli Vagu,-,-,Seethapalli Vagu,16.38139800,80.85303400,05-10-2022 14:00,1.5
646,Vuyyuru,Andhra Pradesh GW,28,Andhra Pradesh,510,KRISHNA,VUYYURU,VUYYURU,Gandigunta-1,Godavari,Godavari,Seethapalli Vagu,-,-,Seethapalli Vagu,16.38139800,80.85303400,05-10-2022 14:00,1.5
647,Vuyyuru,Andhra Pradesh GW,28,Andhra Pradesh,510,KRISHNA,VUYYURU,VUYYURU,Gandigunta-1,Godavari,Godavari,Seethapalli Vagu,-,-,Seethapalli Vagu,16.38139800,80.85303400,05-10-2022 16:00,0.5
648,Vuyyuru,Andhra Pradesh GW,28,Andhra Pradesh,510,KRISHNA,VUYYURU,VUYYURU,Gandigunta-1,Godavari,Godavari,Seethapalli Vagu,-,-,Seethapalli Vagu,16.38139800,80.85303400,05-10-2022 16:00,0.5
649,Vuyyuru,Andhra Pradesh GW,28,Andhra Pradesh,510,KRISHNA,VUYYURU,VUYYURU,Gandigunta-1,Godavari,Godavari,Seethapalli Vagu,-,-,Seethapalli Vagu,16.38139800,80.85303400,05-10-2022 18:00,0.5
650,Vuyyuru,Andhra Pradesh GW,28,Andhra Pradesh,510,KRISHNA,VUYYURU,VUYYURU,Gandigunta-1,Godavari,Godavari,Seethapalli Vagu,-,-,Seethapalli Vagu,16.38139800,80.85303400,05-10-2022 18:00,0.5
651,Vuyyuru,Andhra Pradesh GW,28,Andhra Pradesh,510,KRISHNA,VUYYURU,VUYYURU,Gandigunta-1,Godavari,Godavari,Seethapalli Vagu,-,-,Seethapalli Vagu,16.38139800,80.85303400,05-10-2022 21:00,23
652,Vuyyuru,Andhra Pradesh GW,28,Andhra Pradesh,510,KRISHNA,VUYYURU,VUYYURU,Gandigunta-1,Godavari,Godavari,Seethapalli Vagu,-,-,Seethapalli Vagu,16.38139800,80.85303400,05-10-2022 21:00,23
653,Vuyyuru,Andhra Pradesh GW,28,Andhra Pradesh,510,KRISHNA,VUYYURU,VUYYURU,Gandigunta-1,Godavari,Godavari,Seethapalli Vagu,-,-,Seethapalli Vagu,16.38139800,80.85303400,05-10-2022 22:00,2
654,Vuyyuru,Andhra Pradesh GW,28,Andhra Pradesh,510,KRISHNA,VUYYURU,VUYYURU,Gandigunta-1,Godavari,Godavari,Seethapalli Vagu,-,-,Seethapalli Vagu,16.38139800,80.85303400,05-10-2022 22:00,2
655,Vuyyuru,Andhra Pradesh GW,28,Andhra Pradesh,510,KRISHNA,VUYYURU,VUYYURU,Gandigunta-1,Godavari,Godavari,Seethapalli Vagu,-,-,Seethapalli Vagu,16.38139800,80.85303400,05-10-2022 23:00,1.5
656,Vuyyuru,Andhra Pradesh GW,28,Andhra Pradesh,510,KRISHNA,VUYYURU,VUYYURU,Gandigunta-1,Godavari,Godavari,Seethapalli Vagu,-,-,Seethapalli Vagu,16.38139800,80.85303400,05-10-2022 23:00,1.5
657,Vuyyuru,Andhra Pradesh GW,28,Andhra Pradesh,510,KRISHNA,VUYYURU,VUYYURU,Gandigunta-1,Godavari,Godavari,Seethapalli Vagu,-,-,Seethapalli Vagu,16.38139800,80.85303400,06-10-2022 10:00,5.5
658,Vuyyuru,Andhra Pradesh GW,28,Andhra Pradesh,510,KRISHNA,VUYYURU,VUYYURU,Gandigunta-1,Godavari,Godavari,Seethapalli Vagu,-,-,Seethapalli Vagu,16.38139800,80.85303400,06-10-2022 10:00,5.5
659,Vuyyuru,Andhra Pradesh GW,28,Andhra Pradesh,510,KRISHNA,VUYYURU,VUYYURU,Gandigunta-1,Godavari,Godavari,Seethapalli Vagu,-,-,Seethapalli Vagu,16.38139800,80.85303400,06-10-2022 11:00,8
660,Vuyyuru,Andhra Pradesh GW,28,Andhra Pradesh,510,KRISHNA,VUYYURU,VUYYURU,Gandigunta-1,Godavari,Godavari,Seethapalli Vagu,-,-,Seethapalli Vagu,16.38139800,80.85303400,06-10-2022 11:00,8
661,Vuyyuru,Andhra Pradesh GW,28,Andhra Pradesh,510,KRISHNA,VUYYURU,VUYYURU,Gandigunta-1,Godavari,Godavari,Seethapalli Vagu,-,-,Seethapalli Vagu,16.38139800,80.85303400,06-10-2022 12:00,3.5
662,Vuyyuru,Andhra Pradesh GW,28,Andhra Pradesh,510,KRISHNA,VUYYURU,VUYYURU,Gandigunta-1,Godavari,Godavari,Seethapalli Vagu,-,-,Seethapalli Vagu,16.38139800,80.85303400,06-10-2022 12:00,3.5
663,Vuyyuru,Andhra Pradesh GW,28,Andhra Pradesh,510,KRISHNA,VUYYURU,VUYYURU,Gandigunta-1,Godavari,Godavari,Seethapalli Vagu,-,-,Seethapalli Vagu,16.38139800,80.85303400,06-10-2022 13:00,1
664,Vuyyuru,Andhra Pradesh GW,28,Andhra Pradesh,510,KRISHNA,VUYYURU,VUYYURU,Gandigunta-1,Godavari,Godavari,Seethapalli Vagu,-,-,Seethapalli Vagu,16.38139800,80.85303400,06-10-2022 13:00,1
665,Vuyyuru,Andhra Pradesh GW,28,Andhra Pradesh,510,KRISHNA,VUYYURU,VUYYURU,Gandigunta-1,Godavari,Godavari,Seethapalli Vagu,-,-,Seethapalli Vagu,16.38139800,80.85303400,07-10-2022 01:00,0.5
666,Vuyyuru,Andhra Pradesh GW,28,Andhra Pradesh,510,KRISHNA,VUYYURU,VUYYURU,Gandigunta-1,Godavari,Godavari,Seethapalli Vagu,-,-,Seethapalli Vagu,16.38139800,80.85303400,07-10-2022 01:00,0.5
667,Vuyyuru,Andhra Pradesh GW,28,Andhra Pradesh,510,KRISHNA,VUYYURU,VUYYURU,Gandigunta-1,Godavari,Godavari,Seethapalli Vagu,-,-,Seethapalli Vagu,16.38139800,80.85303400,07-10-2022 04:00,0.5
668,Vuyyuru,Andhra Pradesh GW,28,Andhra Pradesh,510,KRISHNA,VUYYURU,VUYYURU,Gandigunta-1,Godavari,Godavari,Seethapalli Vagu,-,-,Seethapalli Vagu,16.38139800,80.85303400,07-10-2022 04:00,0.5
669,Vuyyuru,Andhra Pradesh GW,28,Andhra Pradesh,510,KRISHNA,VUYYURU,VUYYURU,Gandigunta-1,Godavari,Godavari,Seethapalli Vagu,-,-,Seethapalli Vagu,16.38139800,80.85303400,07-10-2022 16:00,6
670,Vuyyuru,Andhra Pradesh GW,28,Andhra Pradesh,510,KRISHNA,VUYYURU,VUYYURU,Gandigunta-1,Godavari,Godavari,Seethapalli Vagu,-,-,Seethapalli Vagu,16.38139800,80.85303400,07-10-2022 16:00,6
671,Vuyyuru,Andhra Pradesh GW,28,Andhra Pradesh,510,KRISHNA,VUYYURU,VUYYURU,Gandigunta-1,Godavari,Godavari,Seethapalli Vagu,-,-,Seethapalli Vagu,16.38139800,80.85303400,07-10-2022 17:00,1
672,Vuyyuru,Andhra Pradesh GW,28,Andhra Pradesh,510,KRISHNA,VUYYURU,VUYYURU,Gandigunta-1,Godavari,Godavari,Seethapalli Vagu,-,-,Seethapalli Vagu,16.38139800,80.85303400,07-10-2022 17:00,1
673,Vuyyuru,Andhra Pradesh GW,28,Andhra Pradesh,510,KRISHNA,VUYYURU,VUYYURU,Gandigunta-1,Godavari,Godavari,Seethapalli Vagu,-,-,Seethapalli Vagu,16.38139800,80.85303400,09-10-2022 17:00,2.5
674,Vuyyuru,Andhra Pradesh GW,28,Andhra Pradesh,510,KRISHNA,VUYYURU,VUYYURU,Gandigunta-1,Godavari,Godavari,Seethapalli Vagu,-,-,Seethapalli Vagu,16.38139800,80.85303400,09-10-2022 17:00,2.5
675,Vuyyuru,Andhra Pradesh GW,28,Andhra Pradesh,510,KRISHNA,VUYYURU,VUYYURU,Gandigunta-1,Godavari,Godavari,Seethapalli Vagu,-,-,Seethapalli Vagu,16.38139800,80.85303400,09-10-2022 18:00,0.5
676,Vuyyuru,Andhra Pradesh GW,28,Andhra Pradesh,510,KRISHNA,VUYYURU,VUYYURU,Gandigunta-1,Godavari,Godavari,Seethapalli Vagu,-,-,Seethapalli Vagu,16.38139800,80.85303400,09-10-2022 18:00,0.5
677,Vuyyuru,Andhra Pradesh GW,28,Andhra Pradesh,510,KRISHNA,VUYYURU,VUYYURU,Gandigunta-1,Godavari,Godavari,Seethapalli Vagu,-,-,Seethapalli Vagu,16.38139800,80.85303400,09-10-2022 21:00,1
678,Vuyyuru,Andhra Pradesh GW,28,Andhra Pradesh,510,KRISHNA,VUYYURU,VUYYURU,Gandigunta-1,Godavari,Godavari,Seethapalli Vagu,-,-,Seethapalli Vagu,16.38139800,80.85303400,09-10-2022 21:00,1
679,Vuyyuru,Andhra Pradesh GW,28,Andhra Pradesh,510,KRISHNA,VUYYURU,VUYYURU,Gandigunta-1,Godavari,Godavari,Seethapalli Vagu,-,-,Seethapalli Vagu,16.38139800,80.85303400,09-10-2022 22:00,0.5
680,Vuyyuru,Andhra Pradesh GW,28,Andhra Pradesh,510,KRISHNA,VUYYURU,VUYYURU,Gandigunta-1,Godavari,Godavari,Seethapalli Vagu,-,-,Seethapalli Vagu,16.38139800,80.85303400,10-10-2022 01:00,5.5
681,Vuyyuru,Andhra Pradesh GW,28,Andhra Pradesh,510,KRISHNA,VUYYURU,VUYYURU,Gandigunta-1,Godavari,Godavari,Seethapalli Vagu,-,-,Seethapalli Vagu,16.38139800,80.85303400,10-10-2022 01:00,5.5
682,Vuyyuru,Andhra Pradesh GW,28,Andhra Pradesh,510,KRISHNA,VUYYURU,VUYYURU,Gandigunta-1,Godavari,Godavari,Seethapalli Vagu,-,-,Seethapalli Vagu,16.38139800,80.85303400,10-10-2022 02:00,0.5
683,Vuyyuru,Andhra Pradesh GW,28,Andhra Pradesh,510,KRISHNA,VUYYURU,VUYYURU,Gandigunta-1,Godavari,Godavari,Seethapalli Vagu,-,-,Seethapalli Vagu,16.38139800,80.85303400,10-10-2022 02:00,0.5
684,Vuyyuru,Andhra Pradesh GW,28,Andhra Pradesh,510,KRISHNA,VUYYURU,VUYYURU,Gandigunta-1,Godavari,Godavari,Seethapalli Vagu,-,-,Seethapalli Vagu,16.38139800,80.85303400,10-10-2022 03:00,2
685,Vuyyuru,Andhra Pradesh GW,28,Andhra Pradesh,510,KRISHNA,VUYYURU,VUYYURU,Gandigunta-1,Godavari,Godavari,Seethapalli Vagu,-,-,Seethapalli Vagu,16.38139800,80.85303400,10-10-2022 03:00,2
686,Vuyyuru,Andhra Pradesh GW,28,Andhra Pradesh,510,KRISHNA,VUYYURU,VUYYURU,Gandigunta-1,Godavari,Godavari,Seethapalli Vagu,-,-,Seethapalli Vagu,16.38139800,80.85303400,10-10-2022 04:00,1
687,Vuyyuru,Andhra Pradesh GW,28,Andhra Pradesh,510,KRISHNA,VUYYURU,VUYYURU,Gandigunta-1,Godavari,Godavari,Seethapalli Vagu,-,-,Seethapalli Vagu,16.38139800,80.85303400,10-10-2022 04:00,1
688,Vuyyuru,Andhra Pradesh GW,28,Andhra Pradesh,510,KRISHNA,VUYYURU,VUYYURU,Gandigunta-1,Godavari,Godavari,Seethapalli Vagu,-,-,Seethapalli Vagu,16.38139800,80.85303400,10-10-2022 10:00,1
689,Vuyyuru,Andhra Pradesh GW,28,Andhra Pradesh,510,KRISHNA,VUYYURU,VUYYURU,Gandigunta-1,Godavari,Godavari,Seethapalli Vagu,-,-,Seethapalli Vagu,16.38139800,80.85303400,10-10-2022 10:00,1
690,Vuyyuru,Andhra Pradesh GW,28,Andhra Pradesh,510,KRISHNA,VUYYURU,VUYYURU,Gandigunta-1,Godavari,Godavari,Seethapalli Vagu,-,-,Seethapalli Vagu,16.38139800,80.85303400,10-10-2022 12:00,0.5
691,Vuyyuru,Andhra Pradesh GW,28,Andhra Pradesh,510,KRISHNA,VUYYURU,VUYYURU,Gandigunta-1,Godavari,Godavari,Seethapalli Vagu,-,-,Seethapalli Vagu,16.38139800,80.85303400,10-10-2022 12:00,0.5
692,Vuyyuru,Andhra Pradesh GW,28,Andhra Pradesh,510,KRISHNA,VUYYURU,VUYYURU,Gandigunta-1,Godavari,Godavari,Seethapalli Vagu,-,-,Seethapalli Vagu,16.38139800,80.85303400,11-10-2022 10:00,1.5
693,Vuyyuru,Andhra Pradesh GW,28,Andhra Pradesh,510,KRISHNA,VUYYURU,VUYYURU,Gandigunta-1,Godavari,Godavari,Seethapalli Vagu,-,-,Seethapalli Vagu,16.38139800,80.85303400,11-10-2022 10:00,1.5
694,Vuyyuru,Andhra Pradesh GW,28,Andhra Pradesh,510,KRISHNA,VUYYURU,VUYYURU,Gandigunta-1,Godavari,Godavari,Seethapalli Vagu,-,-,Seethapalli Vagu,16.38139800,80.85303400,11-10-2022 11:00,0.5
695,Vuyyuru,Andhra Pradesh GW,28,Andhra Pradesh,510,KRISHNA,VUYYURU,VUYYURU,Gandigunta-1,Godavari,Godavari,Seethapalli Vagu,-,-,Seethapalli Vagu,16.38139800,80.85303400,11-10-2022 12:00,1
696,Vuyyuru,Andhra Pradesh GW,28,Andhra Pradesh,510,KRISHNA,VUYYURU,VUYYURU,Gandigunta-1,Godavari,Godavari,Seethapalli Vagu,-,-,Seethapalli Vagu,16.38139800,80.85303400,12-10-2022 13:00,5.5
697,Vuyyuru,Andhra Pradesh GW,28,Andhra Pradesh,510,KRISHNA,VUYYURU,VUYYURU,Gandigunta-1,Godavari,Godavari,Seethapalli Vagu,-,-,Seethapalli Vagu,16.38139800,80.85303400,12-10-2022 13:00,5.5
698,Vuyyuru,Andhra Pradesh GW,28,Andhra Pradesh,510,KRISHNA,VUYYURU,VUYYURU,Gandigunta-1,Godavari,Godavari,Seethapalli Vagu,-,-,Seethapalli Vagu,16.38139800,80.85303400,14-10-2022 03:00,48
699,Vuyyuru,Andhra Pradesh GW,28,Andhra Pradesh,510,KRISHNA,VUYYURU,VUYYURU,Gandigunta-1,Godavari,Godavari,Seethapalli Vagu,-,-,Seethapalli Vagu,16.38139800,80.85303400,14-10-2022 04:00,39
700,Vuyyuru,Andhra Pradesh GW,28,Andhra Pradesh,510,KRISHNA,VUYYURU,VUYYURU,Gandigunta-1,Godavari,Godavari,Seethapalli Vagu,-,-,Seethapalli Vagu,16.38139800,80.85303400,14-10-2022 07:00,0.5
701,Vuyyuru,Andhra Pradesh GW,28,Andhra Pradesh,510,KRISHNA,VUYYURU,VUYYURU,Gandigunta-1,Godavari,Godavari,Seethapalli Vagu,-,-,Seethapalli Vagu,16.38139800,80.85303400,14-10-2022 07:00,0.5
702,Vuyyuru,Andhra Pradesh GW,28,Andhra Pradesh,510,KRISHNA,VUYYURU,VUYYURU,Gandigunta-1,Godavari,Godavari,Seethapalli Vagu,-,-,Seethapalli Vagu,16.38139800,80.85303400,14-10-2022 18:00,1
703,Vuyyuru,Andhra Pradesh GW,28,Andhra Pradesh,510,KRISHNA,VUYYURU,VUYYURU,Gandigunta-1,Godavari,Godavari,Seethapalli Vagu,-,-,Seethapalli Vagu,16.38139800,80.85303400,14-10-2022 18:00,1
704,Vuyyuru,Andhra Pradesh GW,28,Andhra Pradesh,510,KRISHNA,VUYYURU,VUYYURU,Gandigunta-1,Godavari,Godavari,Seethapalli Vagu,-,-,Seethapalli Vagu,16.38139800,80.85303400,15-10-2022 05:00,2
705,Vuyyuru,Andhra Pradesh GW,28,Andhra Pradesh,510,KRISHNA,VUYYURU,VUYYURU,Gandigunta-1,Godavari,Godavari,Seethapalli Vagu,-,-,Seethapalli Vagu,16.38139800,80.85303400,15-10-2022 05:00,2
706,Vuyyuru,Andhra Pradesh GW,28,Andhra Pradesh,510,KRISHNA,VUYYURU,VUYYURU,Gandigunta-1,Godavari,Godavari,Seethapalli Vagu,-,-,Seethapalli Vagu,16.38139800,80.85303400,15-10-2022 06:00,1.5
707,Vuyyuru,Andhra Pradesh GW,28,Andhra Pradesh,510,KRISHNA,VUYYURU,VUYYURU,Gandigunta-1,Godavari,Godavari,Seethapalli Vagu,-,-,Seethapalli Vagu,16.38139800,80.85303400,15-10-2022 06:00,1.5
708,Vuyyuru,Andhra Pradesh GW,28,Andhra Pradesh,510,KRISHNA,VUYYURU,VUYYURU,Gandigunta-1,Godavari,Godavari,Seethapalli Vagu,-,-,Seethapalli Vagu,16.38139800,80.85303400,15-10-2022 07:00,4.5
709,Vuyyuru,Andhra Pradesh GW,28,Andhra Pradesh,510,KRISHNA,VUYYURU,VUYYURU,Gandigunta-1,Godavari,Godavari,Seethapalli Vagu,-,-,Seethapalli Vagu,16.38139800,80.85303400,15-10-2022 07:00,4.5
710,Vuyyuru,Andhra Pradesh GW,28,Andhra Pradesh,510,KRISHNA,VUYYURU,VUYYURU,Gandigunta-1,Godavari,Godavari,Seethapalli Vagu,-,-,Seethapalli Vagu,16.38139800,80.85303400,15-10-2022 08:00,2
711,Vuyyuru,Andhra Pradesh GW,28,Andhra Pradesh,510,KRISHNA,VUYYURU,VUYYURU,Gandigunta-1,Godavari,Godavari,Seethapalli Vagu,-,-,Seethapalli Vagu,16.38139800,80.85303400,15-10-2022 08:00,2
712,Vuyyuru,Andhra Pradesh GW,28,Andhra Pradesh,510,KRISHNA,VUYYURU,VUYYURU,Gandigunta-1,Godavari,Godavari,Seethapalli Vagu,-,-,Seethapalli Vagu,16.38139800,80.85303400,15-10-2022 11:00,0.5
713,Vuyyuru,Andhra Pradesh GW,28,Andhra Pradesh,510,KRISHNA,VUYYURU,VUYYURU,Gandigunta-1,Godavari,Godavari,Seethapalli Vagu,-,-,Seethapalli Vagu,16.38139800,80.85303400,15-10-2022 11:00,0.5
714,Vuyyuru,Andhra Pradesh GW,28,Andhra Pradesh,510,KRISHNA,VUYYURU,VUYYURU,Gandigunta-1,Godavari,Godavari,Seethapalli Vagu,-,-,Seethapalli Vagu,16.38139800,80.85303400,16-10-2022 01:00,1.5
715,Vuyyuru,Andhra Pradesh GW,28,Andhra Pradesh,510,KRISHNA,VUYYURU,VUYYURU,Gandigunta-1,Godavari,Godavari,Seethapalli Vagu,-,-,Seethapalli Vagu,16.38139800,80.85303400,16-10-2022 01:00,1.5
716,Vuyyuru,Andhra Pradesh GW,28,Andhra Pradesh,510,KRISHNA,VUYYURU,VUYYURU,Gandigunta-1,Godavari,Godavari,Seethapalli Vagu,-,-,Seethapalli Vagu,16.38139800,80.85303400,16-10-2022 04:00,1
717,Vuyyuru,Andhra Pradesh GW,28,Andhra Pradesh,510,KRISHNA,VUYYURU,VUYYURU,Gandigunta-1,Godavari,Godavari,Seethapalli Vagu,-,-,Seethapalli Vagu,16.38139800,80.85303400,16-10-2022 04:00,1
718,Vuyyuru,Andhra Pradesh GW,28,Andhra Pradesh,510,KRISHNA,VUYYURU,VUYYURU,Gandigunta-1,Godavari,Godavari,Seethapalli Vagu,-,-,Seethapalli Vagu,16.38139800,80.85303400,16-10-2022 08:00,1
719,Vuyyuru,Andhra Pradesh GW,28,Andhra Pradesh,510,KRISHNA,VUYYURU,VUYYURU,Gandigunta-1,Godavari,Godavari,Seethapalli Vagu,-,-,Seethapalli Vagu,16.38139800,80.85303400,16-10-2022 08:00,1
720,Vuyyuru,Andhra Pradesh GW,28,Andhra Pradesh,510,KRISHNA,VUYYURU,VUYYURU,Gandigunta-1,Godavari,Godavari,Seethapalli Vagu,-,-,Seethapalli Vagu,16.38139800,80.85303400,16-10-2022 13:00,3.5
721,Vuyyuru,Andhra Pradesh GW,28,Andhra Pradesh,510,KRISHNA,VUYYURU,VUYYURU,Gandigunta-1,Godavari,Godavari,Seethapalli Vagu,-,-,Seethapalli Vagu,16.38139800,80.85303400,16-10-2022 13:00,3.5
722,Vuyyuru,Andhra Pradesh GW,28,Andhra Pradesh,510,KRISHNA,VUYYURU,VUYYURU,Gandigunta-1,Godavari,Godavari,Seethapalli Vagu,-,-,Seethapalli Vagu,16.38139800,80.85303400,18-10-2022 21:00,4.5
723,Vuyyuru,Andhra Pradesh GW,28,Andhra Pradesh,510,KRISHNA,VUYYURU,VUYYURU,Gandigunta-1,Godavari,Godavari,Seethapalli Vagu,-,-,Seethapalli Vagu,16.38139800,80.85303400,18-10-2022 22:00,4.5
724,Vuyyuru,Andhra Pradesh GW,28,Andhra Pradesh,510,KRISHNA,VUYYURU,VUYYURU,Gandigunta-1,Godavari,Godavari,Seethapalli Vagu,-,-,Seethapalli Vagu,16.38139800,80.85303400,18-10-2022 22:00,4.5
725,Vuyyuru,Andhra Pradesh GW,28,Andhra Pradesh,510,KRISHNA,VUYYURU,VUYYURU,Gandigunta-1,Godavari,Godavari,Seethapalli Vagu,-,-,Seethapalli Vagu,16.38139800,80.85303400,18-10-2022 23:00,1
726,Vuyyuru,Andhra Pradesh GW,28,Andhra Pradesh,510,KRISHNA,VUYYURU,VUYYURU,Gandigunta-1,Godavari,Godavari,Seethapalli Vagu,-,-,Seethapalli Vagu,16.38139800,80.85303400,18-10-2022 23:00,1
727,Vuyyuru,Andhra Pradesh GW,28,Andhra Pradesh,510,KRISHNA,VUYYURU,VUYYURU,Gandigunta-1,Godavari,Godavari,Seethapalli Vagu,-,-,Seethapalli Vagu,16.38139800,80.85303400,19-10-2022 00:00,1
728,Vuyyuru,Andhra Pradesh GW,28,Andhra Pradesh,510,KRISHNA,VUYYURU,VUYYURU,Gandigunta-1,Godavari,Godavari,Seethapalli Vagu,-,-,Seethapalli Vagu,16.38139800,80.85303400,19-10-2022 00:00,1
729,Vuyyuru,Andhra Pradesh GW,28,Andhra Pradesh,510,KRISHNA,VUYYURU,VUYYURU,Gandigunta-1,Godavari,Godavari,Seethapalli Vagu,-,-,Seethapalli Vagu,16.38139800,80.85303400,19-10-2022 19:00,1.5
730,Vuyyuru,Andhra Pradesh GW,28,Andhra Pradesh,510,KRISHNA,VUYYURU,VUYYURU,Gandigunta-1,Godavari,Godavari,Seethapalli Vagu,-,-,Seethapalli Vagu,16.38139800,80.85303400,19-10-2022 19:00,1.5
731,Vuyyuru,Andhra Pradesh GW,28,Andhra Pradesh,510,KRISHNA,VUYYURU,VUYYURU,Gandigunta-1,Godavari,Godavari,Seethapalli Vagu,-,-,Seethapalli Vagu,16.38139800,80.85303400,20-10-2022 07:00,4
732,Vuyyuru,Andhra Pradesh GW,28,Andhra Pradesh,510,KRISHNA,VUYYURU,VUYYURU,Gandigunta-1,Godavari,Godavari,Seethapalli Vagu,-,-,Seethapalli Vagu,16.38139800,80.85303400,20-10-2022 07:00,4
733,Vuyyuru,Andhra Pradesh GW,28,Andhra Pradesh,510,KRISHNA,VUYYURU,VUYYURU,Gandigunta-1,Godavari,Godavari,Seethapalli Vagu,-,-,Seethapalli Vagu,16.38139800,80.85303400,20-10-2022 18:00,2.5
734,Vuyyuru,Andhra Pradesh GW,28,Andhra Pradesh,510,KRISHNA,VUYYURU,VUYYURU,Gandigunta-1,Godavari,Godavari,Seethapalli Vagu,-,-,Seethapalli Vagu,16.38139800,80.85303400,20-10-2022 18:00,2.5
735,Vuyyuru,Andhra Pradesh GW,28,Andhra Pradesh,510,KRISHNA,VUYYURU,VUYYURU,Gandigunta-1,Godavari,Godavari,Seethapalli Vagu,-,-,Seethapalli Vagu,16.38139800,80.85303400,01-11-2022 05:00,1.5
736,Vuyyuru,Andhra Pradesh GW,28,Andhra Pradesh,510,KRISHNA,VUYYURU,VUYYURU,Gandigunta-1,Godavari,Godavari,Seethapalli Vagu,-,-,Seethapalli Vagu,16.38139800,80.85303400,01-11-2022 05:00,1.5
737,Vuyyuru,Andhra Pradesh GW,28,Andhra Pradesh,510,KRISHNA,VUYYURU,VUYYURU,Gandigunta-1,Godavari,Godavari,Seethapalli Vagu,-,-,Seethapalli Vagu,16.38139800,80.85303400,01-11-2022 06:00,1
738,Vuyyuru,Andhra Pradesh GW,28,Andhra Pradesh,510,KRISHNA,VUYYURU,VUYYURU,Gandigunta-1,Godavari,Godavari,Seethapalli Vagu,-,-,Seethapalli Vagu,16.38139800,80.85303400,01-11-2022 06:00,1
739,Vuyyuru,Andhra Pradesh GW,28,Andhra Pradesh,510,KRISHNA,VUYYURU,VUYYURU,Gandigunta-1,Godavari,Godavari,Seethapalli Vagu,-,-,Seethapalli Vagu,16.38139800,80.85303400,01-11-2022 07:00,1.5
740,Vuyyuru,Andhra Pradesh GW,28,Andhra Pradesh,510,KRISHNA,VUYYURU,VUYYURU,Gandigunta-1,Godavari,Godavari,Seethapalli Vagu,-,-,Seethapalli Vagu,16.38139800,80.85303400,01-11-2022 07:00,1.5
741,Vuyyuru,Andhra Pradesh GW,28,Andhra Pradesh,510,KRISHNA,VUYYURU,VUYYURU,Gandigunta-1,Godavari,Godavari,Seethapalli Vagu,-,-,Seethapalli Vagu,16.38139800,80.85303400,01-11-2022 08:00,1
742,Vuyyuru,Andhra Pradesh GW,28,Andhra Pradesh,510,KRISHNA,VUYYURU,VUYYURU,Gandigunta-1,Godavari,Godavari,Seethapalli Vagu,-,-,Seethapalli Vagu,16.38139800,80.85303400,01-11-2022 08:00,1
743,Vuyyuru,Andhra Pradesh GW,28,Andhra Pradesh,510,KRISHNA,VUYYURU,VUYYURU,Gandigunta-1,Godavari,Godavari,Seethapalli Vagu,-,-,Seethapalli Vagu,16.38139800,80.85303400,01-11-2022 09:00,0.5
744,Vuyyuru,Andhra Pradesh GW,28,Andhra Pradesh,510,KRISHNA,VUYYURU,VUYYURU,Gandigunta-1,Godavari,Godavari,Seethapalli Vagu,-,-,Seethapalli Vagu,16.38139800,80.85303400,01-11-2022 09:00,0.5
745,Vuyyuru,Andhra Pradesh GW,28,Andhra Pradesh,510,KRISHNA,VUYYURU,VUYYURU,Gandigunta-1,Godavari,Godavari,Seethapalli Vagu,-,-,Seethapalli Vagu,16.38139800,80.85303400,05-11-2022 12:00,25
746,Vuyyuru,Andhra Pradesh GW,28,Andhra Pradesh,510,KRISHNA,VUYYURU,VUYYURU,Gandigunta-1,Godavari,Godavari,Seethapalli Vagu,-,-,Seethapalli Vagu,16.38139800,80.85303400,05-11-2022 12:00,25
747,Vuyyuru,Andhra Pradesh GW,28,Andhra Pradesh,510,KRISHNA,VUYYURU,VUYYURU,Gandigunta-1,Godavari,Godavari,Seethapalli Vagu,-,-,Seethapalli Vagu,16.38139800,80.85303400,21-11-2022 08:00,0.5
748,Vuyyuru,Andhra Pradesh GW,28,Andhra Pradesh,510,KRISHNA,VUYYURU,VUYYURU,Gandigunta-1,Godavari,Godavari,Seethapalli Vagu,-,-,Seethapalli Vagu,16.38139800,80.85303400,21-11-2022 08:00,0.5
749,Vuyyuru,Andhra Pradesh GW,28,Andhra Pradesh,510,KRISHNA,VUYYURU,VUYYURU,Gandigunta-1,Godavari,Godavari,Seethapalli Vagu,-,-,Seethapalli Vagu,16.38139800,80.85303400,21-11-2022 11:00,0.5
750,Vuyyuru,Andhra Pradesh GW,28,Andhra Pradesh,510,KRISHNA,VUYYURU,VUYYURU,Gandigunta-1,Godavari,Godavari,Seethapalli Vagu,-,-,Seethapalli Vagu,16.38139800,80.85303400,21-11-2022 11:00,0.5
751,Vuyyuru,Andhra Pradesh GW,28,Andhra Pradesh,510,KRISHNA,VUYYURU,VUYYURU,Gandigunta-1,Godavari,Godavari,Seethapalli Vagu,-,-,Seethapalli Vagu,16.38139800,80.85303400,22-11-2022 15:00,2
752,Vuyyuru,Andhra Pradesh GW,28,Andhra Pradesh,510,KRISHNA,VUYYURU,VUYYURU,Gandigunta-1,Godavari,Godavari,Seethapalli Vagu,-,-,Seethapalli Vagu,16.38139800,80.85303400,22-11-2022 15:00,2
753,Vuyyuru,Andhra Pradesh GW,28,Andhra Pradesh,510,KRISHNA,VUYYURU,VUYYURU,Gandigunta-1,Godavari,Godavari,Seethapalli Vagu,-,-,Seethapalli Vagu,16.38139800,80.85303400,23-11-2022 03:00,1
754,Vuyyuru,Andhra Pradesh GW,28,Andhra Pradesh,510,KRISHNA,VUYYURU,VUYYURU,Gandigunta-1,Godavari,Godavari,Seethapalli Vagu,-,-,Seethapalli Vagu,16.38139800,80.85303400,25-11-2022 11:00,7.5
755,Vuyyuru,Andhra Pradesh GW,28,Andhra Pradesh,510,KRISHNA,VUYYURU,VUYYURU,Gandigunta-1,Godavari,Godavari,Seethapalli Vagu,-,-,Seethapalli Vagu,16.38139800,80.85303400,25-11-2022 11:00,7.5
756,Vuyyuru,Andhra Pradesh GW,28,Andhra Pradesh,510,KRISHNA,VUYYURU,VUYYURU,Gandigunta-1,Godavari,Godavari,Seethapalli Vagu,-,-,Seethapalli Vagu,16.38139800,80.85303400,25-11-2022 20:00,1.5
757,Vuyyuru,Andhra Pradesh GW,28,Andhra Pradesh,510,KRISHNA,VUYYURU,VUYYURU,Gandigunta-1,Godavari,Godavari,Seethapalli Vagu,-,-,Seethapalli Vagu,16.38139800,80.85303400,25-11-2022 20:00,1.5
758,Vuyyuru,Andhra Pradesh GW,28,Andhra Pradesh,510,KRISHNA,VUYYURU,VUYYURU,Gandigunta-1,Godavari,Godavari,Seethapalli Vagu,-,-,Seethapalli Vagu,16.38139800,80.85303400,26-11-2022 10:00,0.5
759,Vuyyuru,Andhra Pradesh GW,28,Andhra Pradesh,510,KRISHNA,VUYYURU,VUYYURU,Gandigunta-1,Godavari,Godavari,Seethapalli Vagu,-,-,Seethapalli Vagu,16.38139800,80.85303400,26-11-2022 10:00,0.5
760,Vuyyuru,Andhra Pradesh GW,28,Andhra Pradesh,510,KRISHNA,VUYYURU,VUYYURU,Gandigunta-1,Godavari,Godavari,Seethapalli Vagu,-,-,Seethapalli Vagu,16.38139800,80.85303400,26-11-2022 11:00,9
761,Vuyyuru,Andhra Pradesh GW,28,Andhra Pradesh,510,KRISHNA,VUYYURU,VUYYURU,Gandigunta-1,Godavari,Godavari,Seethapalli Vagu,-,-,Seethapalli Vagu,16.38139800,80.85303400,26-11-2022 11:00,9
762,Vuyyuru,Andhra Pradesh GW,28,Andhra Pradesh,510,KRISHNA,VUYYURU,VUYYURU,Gandigunta-1,Godavari,Godavari,Seethapalli Vagu,-,-,Seethapalli Vagu,16.38139800,80.85303400,09-12-2022 01:00,0.5
763,Vuyyuru,Andhra Pradesh GW,28,Andhra Pradesh,510,KRISHNA,VUYYURU,VUYYURU,Gandigunta-1,Godavari,Godavari,Seethapalli Vagu,-,-,Seethapalli Vagu,16.38139800,80.85303400,09-12-2022 17:00,0.5
764,Vuyyuru,Andhra Pradesh GW,28,Andhra Pradesh,510,KRISHNA,VUYYURU,VUYYURU,Gandigunta-1,Godavari,Godavari,Seethapalli Vagu,-,-,Seethapalli Vagu,16.38139800,80.85303400,09-12-2022 17:00,0.5
765,Vuyyuru,Andhra Pradesh GW,28,Andhra Pradesh,510,KRISHNA,VUYYURU,VUYYURU,Gandigunta-1,Godavari,Godavari,Seethapalli Vagu,-,-,Seethapalli Vagu,16.38139800,80.85303400,09-12-2022 18:00,1
766,Vuyyuru,Andhra Pradesh GW,28,Andhra Pradesh,510,KRISHNA,VUYYURU,VUYYURU,Gandigunta-1,Godavari,Godavari,Seethapalli Vagu,-,-,Seethapalli Vagu,16.38139800,80.85303400,09-12-2022 18:00,1
767,Vuyyuru,Andhra Pradesh GW,28,Andhra Pradesh,510,KRISHNA,VUYYURU,VUYYURU,Gandigunta-1,Godavari,Godavari,Seethapalli Vagu,-,-,Seethapalli Vagu,16.38139800,80.85303400,09-12-2022 19:00,2.5
768,Vuyyuru,Andhra Pradesh GW,28,Andhra Pradesh,510,KRISHNA,VUYYURU,VUYYURU,Gandigunta-1,Godavari,Godavari,Seethapalli Vagu,-,-,Seethapalli Vagu,16.38139800,80.85303400,09-12-2022 19:00,2.5
769,Vuyyuru,Andhra Pradesh GW,28,Andhra Pradesh,510,KRISHNA,VUYYURU,VUYYURU,Gandigunta-1,Godavari,Godavari,Seethapalli Vagu,-,-,Seethapalli Vagu,16.38139800,80.85303400,09-12-2022 21:00,0.5
770,Vuyyuru,Andhra Pradesh GW,28,Andhra Pradesh,510,KRISHNA,VUYYURU,VUYYURU,Gandigunta-1,Godavari,Godavari,Seethapalli Vagu,-,-,Seethapalli Vagu,16.38139800,80.85303400,09-12-2022 21:00,0.5
771,Vuyyuru,Andhra Pradesh GW,28,Andhra Pradesh,510,KRISHNA,VUYYURU,VUYYURU,Gandigunta-1,Godavari,Godavari,Seethapalli Vagu,-,-,Seethapalli Vagu,16.38139800,80.85303400,09-12-2022 22:00,0.5
772,Vuyyuru,Andhra Pradesh GW,28,Andhra Pradesh,510,KRISHNA,VUYYURU,VUYYURU,Gandigunta-1,Godavari,Godavari,Seethapalli Vagu,-,-,Seethapalli Vagu,16.38139800,80.85303400,09-12-2022 22:00,0.5
773,Vuyyuru,Andhra Pradesh GW,28,Andhra Pradesh,510,KRISHNA,VUYYURU,VUYYURU,Gandigunta-1,Godavari,Godavari,Seethapalli Vagu,-,-,Seethapalli Vagu,16.38139800,80.85303400,10-12-2022 19:00,4
774,Vuyyuru,Andhra Pradesh GW,28,Andhra Pradesh,510,KRISHNA,VUYYURU,VUYYURU,Gandigunta-1,Godavari,Godavari,Seethapalli Vagu,-,-,Seethapalli Vagu,16.38139800,80.85303400,10-12-2022 19:00,4
775,Vuyyuru,Andhra Pradesh GW,28,Andhra Pradesh,510,KRISHNA,VUYYURU,VUYYURU,Gandigunta-1,Godavari,Godavari,Seethapalli Vagu,-,-,Seethapalli Vagu,16.38139800,80.85303400,10-12-2022 20:00,1
776,Vuyyuru,Andhra Pradesh GW,28,Andhra Pradesh,510,KRISHNA,VUYYURU,VUYYURU,Gandigunta-1,Godavari,Godavari,Seethapalli Vagu,-,-,Seethapalli Vagu,16.38139800,80.85303400,10-12-2022 20:00,1
777,Vuyyuru,Andhra Pradesh GW,28,Andhra Pradesh,510,KRISHNA,VUYYURU,VUYYURU,Gandigunta-1,Godavari,Godavari,Seethapalli Vagu,-,-,Seethapalli Vagu,16.38139800,80.85303400,10-12-2022 21:00,0.5
778,Vuyyuru,Andhra Pradesh GW,28,Andhra Pradesh,510,KRISHNA,VUYYURU,VUYYURU,Gandigunta-1,Godavari,Godavari,Seethapalli Vagu,-,-,Seethapalli Vagu,16.38139800,80.85303400,10-12-2022 21:00,0.5
779,Vuyyuru,Andhra Pradesh GW,28,Andhra Pradesh,510,KRISHNA,VUYYURU,VUYYURU,Gandigunta-1,Godavari,Godavari,Seethapalli Vagu,-,-,Seethapalli Vagu,16.38139800,80.85303400,10-12-2022 22:00,3
780,Vuyyuru,Andhra Pradesh GW,28,Andhra Pradesh,510,KRISHNA,VUYYURU,VUYYURU,Gandigunta-1,Godavari,Godavari,Seethapalli Vagu,-,-,Seethapalli Vagu,16.38139800,80.85303400,10-12-2022 22:00,3
781,Vuyyuru,Andhra Pradesh GW,28,Andhra Pradesh,510,KRISHNA,VUYYURU,VUYYURU,Gandigunta-1,Godavari,Godavari,Seethapalli Vagu,-,-,Seethapalli Vagu,16.38139800,80.85303400,10-12-2022 23:00,0.5
782,Vuyyuru,Andhra Pradesh GW,28,Andhra Pradesh,510,KRISHNA,VUYYURU,VUYYURU,Gandigunta-1,Godavari,Godavari,Seethapalli Vagu,-,-,Seethapalli Vagu,16.38139800,80.85303400,10-12-2022 23:00,0.5
783,Vuyyuru,Andhra Pradesh GW,28,Andhra Pradesh,510,KRISHNA,VUYYURU,VUYYURU,Gandigunta-1,Godavari,Godavari,Seethapalli Vagu,-,-,Seethapalli Vagu,16.38139800,80.85303400,11-12-2022 04:00,0.5
784,Vuyyuru,Andhra Pradesh GW,28,Andhra Pradesh,510,KRISHNA,VUYYURU,VUYYURU,Gandigunta-1,Godavari,Godavari,Seethapalli Vagu,-,-,Seethapalli Vagu,16.38139800,80.85303400,11-12-2022 04:00,0.5
785,Vuyyuru,Andhra Pradesh GW,28,Andhra Pradesh,510,KRISHNA,VUYYURU,VUYYURU,Gandigunta-1,Godavari,Godavari,Seethapalli Vagu,-,-,Seethapalli Vagu,16.38139800,80.85303400,11-12-2022 07:00,1
786,Vuyyuru,Andhra Pradesh GW,28,Andhra Pradesh,510,KRISHNA,VUYYURU,VUYYURU,Gandigunta-1,Godavari,Godavari,Seethapalli Vagu,-,-,Seethapalli Vagu,16.38139800,80.85303400,11-12-2022 08:00,3
787,Vuyyuru,Andhra Pradesh GW,28,Andhra Pradesh,510,KRISHNA,VUYYURU,VUYYURU,Gandigunta-1,Godavari,Godavari,Seethapalli Vagu,-,-,Seethapalli Vagu,16.38139800,80.85303400,12-12-2022 01:00,0.5
788,Vuyyuru,Andhra Pradesh GW,28,Andhra Pradesh,510,KRISHNA,VUYYURU,VUYYURU,Gandigunta-1,Godavari,Godavari,Seethapalli Vagu,-,-,Seethapalli Vagu,16.38139800,80.85303400,12-12-2022 01:00,0.5
789,Vuyyuru,Andhra Pradesh GW,28,Andhra Pradesh,510,KRISHNA,VUYYURU,VUYYURU,Gandigunta-1,Godavari,Godavari,Seethapalli Vagu,-,-,Seethapalli Vagu,16.38139800,80.85303400,13-12-2022 15:00,0.5
790,Vuyyuru,Andhra Pradesh GW,28,Andhra Pradesh,510,KRISHNA,VUYYURU,VUYYURU,Gandigunta-1,Godavari,Godavari,Seethapalli Vagu,-,-,Seethapalli Vagu,16.38139800,80.85303400,13-12-2022 15:00,0.5
791,Vuyyuru,Andhra Pradesh GW,28,Andhra Pradesh,510,KRISHNA,VUYYURU,VUYYURU,Gandigunta-1,Godavari,Godavari,Seethapalli Vagu,-,-,Seethapalli Vagu,16.38139800,80.85303400,11-01-2023 17:00,19.5
792,Vuyyuru,Andhra Pradesh GW,28,Andhra Pradesh,510,KRISHNA,VUYYURU,VUYYURU,Gandigunta-1,Godavari,Godavari,Seethapalli Vagu,-,-,Seethapalli Vagu,16.38139800,80.85303400,17-03-2023 04:00,5
793,Vuyyuru,Andhra Pradesh GW,28,Andhra Pradesh,510,KRISHNA,VUYYURU,VUYYURU,Gandigunta-1,Godavari,Godavari,Seethapalli Vagu,-,-,Seethapalli Vagu,16.38139800,80.85303400,17-03-2023 07:00,1
794,Vuyyuru,Andhra Pradesh GW,28,Andhra Pradesh,510,KRISHNA,VUYYURU,VUYYURU,Gandigunta-1,Godavari,Godavari,Seethapalli Vagu,-,-,Seethapalli Vagu,16.38139800,80.85303400,17-03-2023 07:00,1
795,Vuyyuru,Andhra Pradesh GW,28,Andhra Pradesh,510,KRISHNA,VUYYURU,VUYYURU,Gandigunta-1,Godavari,Godavari,Seethapalli Vagu,-,-,Seethapalli Vagu,16.38139800,80.85303400,17-03-2023 08:00,2.5
796,Vuyyuru,Andhra Pradesh GW,28,Andhra Pradesh,510,KRISHNA,VUYYURU,VUYYURU,Gandigunta-1,Godavari,Godavari,Seethapalli Vagu,-,-,Seethapalli Vagu,16.38139800,80.85303400,17-03-2023 08:00,2.5
797,Vuyyuru,Andhra Pradesh GW,28,Andhra Pradesh,510,KRISHNA,VUYYURU,VUYYURU,Gandigunta-1,Godavari,Godavari,Seethapalli Vagu,-,-,Seethapalli Vagu,16.38139800,80.85303400,18-03-2023 12:00,17
798,Vuyyuru,Andhra Pradesh GW,28,Andhra Pradesh,510,KRISHNA,VUYYURU,VUYYURU,Gandigunta-1,Godavari,Godavari,Seethapalli Vagu,-,-,Seethapalli Vagu,16.38139800,80.85303400,18-03-2023 12:00,17
799,Vuyyuru,Andhra Pradesh GW,28,Andhra Pradesh,510,KRISHNA,VUYYURU,VUYYURU,Gandigunta-1,Godavari,Godavari,Seethapalli Vagu,-,-,Seethapalli Vagu,16.38139800,80.85303400,18-03-2023 14:00,0.5
800,Vuyyuru,Andhra Pradesh GW,28,Andhra Pradesh,510,KRISHNA,VUYYURU,VUYYURU,Gandigunta-1,Godavari,Godavari,Seethapalli Vagu,-,-,Seethapalli Vagu,16.38139800,80.85303400,18-03-2023 18:00,0.5
801,Vuyyuru,Andhra Pradesh GW,28,Andhra Pradesh,510,KRISHNA,VUYYURU,VUYYURU,Gandigunta-1,Godavari,Godavari,Seethapalli Vagu,-,-,Seethapalli Vagu,16.38139800,80.85303400,19-03-2023 02:00,20.5
802,Vuyyuru,Andhra Pradesh GW,28,Andhra Pradesh,510,KRISHNA,VUYYURU,VUYYURU,Gandigunta-1,Godavari,Godavari,Seethapalli Vagu,-,-,Seethapalli Vagu,16.38139800,80.85303400,19-03-2023 03:00,14
803,Vuyyuru,Andhra Pradesh GW,28,Andhra Pradesh,510,KRISHNA,VUYYURU,VUYYURU,Gandigunta-1,Godavari,Godavari,Seethapalli Vagu,-,-,Seethapalli Vagu,16.38139800,80.85303400,19-03-2023 05:00,1.5
804,Vuyyuru,Andhra Pradesh GW,28,Andhra Pradesh,510,KRISHNA,VUYYURU,VUYYURU,Gandigunta-1,Godavari,Godavari,Seethapalli Vagu,-,-,Seethapalli Vagu,16.38139800,80.85303400,02-04-2023 17:00,0.5
805,Vuyyuru,Andhra Pradesh GW,28,Andhra Pradesh,510,KRISHNA,VUYYURU,VUYYURU,Gandigunta-1,Godavari,Godavari,Seethapalli Vagu,-,-,Seethapalli Vagu,16.38139800,80.85303400,02-04-2023 17:00,0.5
806,Vuyyuru,Andhra Pradesh GW,28,Andhra Pradesh,510,KRISHNA,VUYYURU,VUYYURU,Gandigunta-1,Godavari,Godavari,Seethapalli Vagu,-,-,Seethapalli Vagu,16.38139800,80.85303400,23-04-2023 18:00,6.5
807,Vuyyuru,Andhra Pradesh GW,28,Andhra Pradesh,510,KRISHNA,VUYYURU,VUYYURU,Gandigunta-1,Godavari,Godavari,Seethapalli Vagu,-,-,Seethapalli Vagu,16.38139800,80.85303400,23-04-2023 18:00,6.5
808,Vuyyuru,Andhra Pradesh GW,28,Andhra Pradesh,510,KRISHNA,VUYYURU,VUYYURU,Gandigunta-1,Godavari,Godavari,Seethapalli Vagu,-,-,Seethapalli Vagu,16.38139800,80.85303400,24-04-2023 14:00,3
809,Vuyyuru,Andhra Pradesh GW,28,Andhra Pradesh,510,KRISHNA,VUYYURU,VUYYURU,Gandigunta-1,Godavari,Godavari,Seethapalli Vagu,-,-,Seethapalli Vagu,16.38139800,80.85303400,24-04-2023 14:00,3
810,Vuyyuru,Andhra Pradesh GW,28,Andhra Pradesh,510,KRISHNA,VUYYURU,VUYYURU,Gandigunta-1,Godavari,Godavari,Seethapalli Vagu,-,-,Seethapalli Vagu,16.38139800,80.85303400,24-04-2023 15:00,33.5
811,Vuyyuru,Andhra Pradesh GW,28,Andhra Pradesh,510,KRISHNA,VUYYURU,VUYYURU,Gandigunta-1,Godavari,Godavari,Seethapalli Vagu,-,-,Seethapalli Vagu,16.38139800,80.85303400,24-04-2023 15:00,33.5
812,Vuyyuru,Andhra Pradesh GW,28,Andhra Pradesh,510,KRISHNA,VUYYURU,VUYYURU,Gandigunta-1,Godavari,Godavari,Seethapalli Vagu,-,-,Seethapalli Vagu,16.38139800,80.85303400,29-04-2023 14:00,8
813,Vuyyuru,Andhra Pradesh GW,28,Andhra Pradesh,510,KRISHNA,VUYYURU,VUYYURU,Gandigunta-1,Godavari,Godavari,Seethapalli Vagu,-,-,Seethapalli Vagu,16.38139800,80.85303400,29-04-2023 15:00,30
814,Vuyyuru,Andhra Pradesh GW,28,Andhra Pradesh,510,KRISHNA,VUYYURU,VUYYURU,Gandigunta-1,Godavari,Godavari,Seethapalli Vagu,-,-,Seethapalli Vagu,16.38139800,80.85303400,29-04-2023 16:00,0.5
815,Vuyyuru,Andhra Pradesh GW,28,Andhra Pradesh,510,KRISHNA,VUYYURU,VUYYURU,Gandigunta-1,Godavari,Godavari,Seethapalli Vagu,-,-,Seethapalli Vagu,16.38139800,80.85303400,30-04-2023 14:00,3.5
816,Vuyyuru,Andhra Pradesh GW,28,Andhra Pradesh,510,KRISHNA,VUYYURU,VUYYURU,Gandigunta-1,Godavari,Godavari,Seethapalli Vagu,-,-,Seethapalli Vagu,16.38139800,80.85303400,30-04-2023 14:00,3.5
817,Vuyyuru,Andhra Pradesh GW,28,Andhra Pradesh,510,KRISHNA,VUYYURU,VUYYURU,Gandigunta-1,Godavari,Godavari,Seethapalli Vagu,-,-,Seethapalli Vagu,16.38139800,80.85303400,30-04-2023 15:00,5.5
818,Vuyyuru,Andhra Pradesh GW,28,Andhra Pradesh,510,KRISHNA,VUYYURU,VUYYURU,Gandigunta-1,Godavari,Godavari,Seethapalli Vagu,-,-,Seethapalli Vagu,16.38139800,80.85303400,30-04-2023 15:00,5.5
819,Vuyyuru,Andhra Pradesh GW,28,Andhra Pradesh,510,KRISHNA,VUYYURU,VUYYURU,Gandigunta-1,Godavari,Godavari,Seethapalli Vagu,-,-,Seethapalli Vagu,16.38139800,80.85303400,30-04-2023 19:00,0.5
820,Vuyyuru,Andhra Pradesh GW,28,Andhra Pradesh,510,KRISHNA,VUYYURU,VUYYURU,Gandigunta-1,Godavari,Godavari,Seethapalli Vagu,-,-,Seethapalli Vagu,16.38139800,80.85303400,30-04-2023 19:00,0.5
821,Vuyyuru,Andhra Pradesh GW,28,Andhra Pradesh,510,KRISHNA,VUYYURU,VUYYURU,Gandigunta-1,Godavari,Godavari,Seethapalli Vagu,-,-,Seethapalli Vagu,16.38139800,80.85303400,01-05-2023 06:00,17.5
822,Vuyyuru,Andhra Pradesh GW,28,Andhra Pradesh,510,KRISHNA,VUYYURU,VUYYURU,Gandigunta-1,Godavari,Godavari,Seethapalli Vagu,-,-,Seethapalli Vagu,16.38139800,80.85303400,01-05-2023 06:00,17.5
823,Vuyyuru,Andhra Pradesh GW,28,Andhra Pradesh,510,KRISHNA,VUYYURU,VUYYURU,Gandigunta-1,Godavari,Godavari,Seethapalli Vagu,-,-,Seethapalli Vagu,16.38139800,80.85303400,01-05-2023 07:00,11.5
824,Vuyyuru,Andhra Pradesh GW,28,Andhra Pradesh,510,KRISHNA,VUYYURU,VUYYURU,Gandigunta-1,Godavari,Godavari,Seethapalli Vagu,-,-,Seethapalli Vagu,16.38139800,80.85303400,01-05-2023 07:00,11.5
825,Vuyyuru,Andhra Pradesh GW,28,Andhra Pradesh,510,KRISHNA,VUYYURU,VUYYURU,Gandigunta-1,Godavari,Godavari,Seethapalli Vagu,-,-,Seethapalli Vagu,16.38139800,80.85303400,01-05-2023 08:00,1
826,Vuyyuru,Andhra Pradesh GW,28,Andhra Pradesh,510,KRISHNA,VUYYURU,VUYYURU,Gandigunta-1,Godavari,Godavari,Seethapalli Vagu,-,-,Seethapalli Vagu,16.38139800,80.85303400,01-05-2023 08:00,1
827,Vuyyuru,Andhra Pradesh GW,28,Andhra Pradesh,510,KRISHNA,VUYYURU,VUYYURU,Gandigunta-1,Godavari,Godavari,Seethapalli Vagu,-,-,Seethapalli Vagu,16.38139800,80.85303400,02-05-2023 12:00,16.5
828,Vuyyuru,Andhra Pradesh GW,28,Andhra Pradesh,510,KRISHNA,VUYYURU,VUYYURU,Gandigunta-1,Godavari,Godavari,Seethapalli Vagu,-,-,Seethapalli Vagu,16.38139800,80.85303400,02-05-2023 12:00,16.5
829,Vuyyuru,Andhra Pradesh GW,28,Andhra Pradesh,510,KRISHNA,VUYYURU,VUYYURU,Gandigunta-1,Godavari,Godavari,Seethapalli Vagu,-,-,Seethapalli Vagu,16.38139800,80.85303400,02-05-2023 13:00,4.5
830,Vuyyuru,Andhra Pradesh GW,28,Andhra Pradesh,510,KRISHNA,VUYYURU,VUYYURU,Gandigunta-1,Godavari,Godavari,Seethapalli Vagu,-,-,Seethapalli Vagu,16.38139800,80.85303400,02-05-2023 15:00,10.5
831,Vuyyuru,Andhra Pradesh GW,28,Andhra Pradesh,510,KRISHNA,VUYYURU,VUYYURU,Gandigunta-1,Godavari,Godavari,Seethapalli Vagu,-,-,Seethapalli Vagu,16.38139800,80.85303400,02-05-2023 16:00,8
832,Vuyyuru,Andhra Pradesh GW,28,Andhra Pradesh,510,KRISHNA,VUYYURU,VUYYURU,Gandigunta-1,Godavari,Godavari,Seethapalli Vagu,-,-,Seethapalli Vagu,16.38139800,80.85303400,02-05-2023 17:00,0.5
833,Vuyyuru,Andhra Pradesh GW,28,Andhra Pradesh,510,KRISHNA,VUYYURU,VUYYURU,Gandigunta-1,Godavari,Godavari,Seethapalli Vagu,-,-,Seethapalli Vagu,16.38139800,80.85303400,05-05-2023 14:00,5.5
834,Vuyyuru,Andhra Pradesh GW,28,Andhra Pradesh,510,KRISHNA,VUYYURU,VUYYURU,Gandigunta-1,Godavari,Godavari,Seethapalli Vagu,-,-,Seethapalli Vagu,16.38139800,80.85303400,05-05-2023 15:00,11.5
835,Vuyyuru,Andhra Pradesh GW,28,Andhra Pradesh,510,KRISHNA,VUYYURU,VUYYURU,Gandigunta-1,Godavari,Godavari,Seethapalli Vagu,-,-,Seethapalli Vagu,16.38139800,80.85303400,05-05-2023 16:00,0.5
836,Vuyyuru,Andhra Pradesh GW,28,Andhra Pradesh,510,KRISHNA,VUYYURU,VUYYURU,Gandigunta-1,Godavari,Godavari,Seethapalli Vagu,-,-,Seethapalli Vagu,16.38139800,80.85303400,05-05-2023 17:00,0.5
837,Vuyyuru,Andhra Pradesh GW,28,Andhra Pradesh,510,KRISHNA,VUYYURU,VUYYURU,Gandigunta-1,Godavari,Godavari,Seethapalli Vagu,-,-,Seethapalli Vagu,16.38139800,80.85303400,30-05-2023 11:00,0.5
838,Vuyyuru,Andhra Pradesh GW,28,Andhra Pradesh,510,KRISHNA,VUYYURU,VUYYURU,Gandigunta-1,Godavari,Godavari,Seethapalli Vagu,-,-,Seethapalli Vagu,16.38139800,80.85303400,21-06-2023 18:00,19.5
839,Vuyyuru,Andhra Pradesh GW,28,Andhra Pradesh,510,KRISHNA,VUYYURU,VUYYURU,Gandigunta-1,Godavari,Godavari,Seethapalli Vagu,-,-,Seethapalli Vagu,16.38139800,80.85303400,21-06-2023 23:00,1
840,Vuyyuru,Andhra Pradesh GW,28,Andhra Pradesh,510,KRISHNA,VUYYURU,VUYYURU,Gandigunta-1,Godavari,Godavari,Seethapalli Vagu,-,-,Seethapalli Vagu,16.38139800,80.85303400,23-06-2023 07:00,0.5
841,Vuyyuru,Andhra Pradesh GW,28,Andhra Pradesh,510,KRISHNA,VUYYURU,VUYYURU,Gandigunta-1,Godavari,Godavari,Seethapalli Vagu,-,-,Seethapalli Vagu,16.38139800,80.85303400,23-06-2023 07:00,0.5
842,Vuyyuru,Andhra Pradesh GW,28,Andhra Pradesh,510,KRISHNA,VUYYURU,VUYYURU,Gandigunta-1,Godavari,Godavari,Seethapalli Vagu,-,-,Seethapalli Vagu,16.38139800,80.85303400,23-06-2023 22:00,0.5
843,Vuyyuru,Andhra Pradesh GW,28,Andhra Pradesh,510,KRISHNA,VUYYURU,VUYYURU,Gandigunta-1,Godavari,Godavari,Seethapalli Vagu,-,-,Seethapalli Vagu,16.38139800,80.85303400,25-06-2023 02:00,43.5
844,Vuyyuru,Andhra Pradesh GW,28,Andhra Pradesh,510,KRISHNA,VUYYURU,VUYYURU,Gandigunta-1,Godavari,Godavari,Seethapalli Vagu,-,-,Seethapalli Vagu,16.38139800,80.85303400,25-06-2023 03:00,4
845,Vuyyuru,Andhra Pradesh GW,28,Andhra Pradesh,510,KRISHNA,VUYYURU,VUYYURU,Gandigunta-1,Godavari,Godavari,Seethapalli Vagu,-,-,Seethapalli Vagu,16.38139800,80.85303400,25-06-2023 03:00,4
846,Vuyyuru,Andhra Pradesh GW,28,Andhra Pradesh,510,KRISHNA,VUYYURU,VUYYURU,Gandigunta-1,Godavari,Godavari,Seethapalli Vagu,-,-,Seethapalli Vagu,16.38139800,80.85303400,25-06-2023 04:00,3.5
847,Vuyyuru,Andhra Pradesh GW,28,Andhra Pradesh,510,KRISHNA,VUYYURU,VUYYURU,Gandigunta-1,Godavari,Godavari,Seethapalli Vagu,-,-,Seethapalli Vagu,16.38139800,80.85303400,25-06-2023 05:00,2
848,Vuyyuru,Andhra Pradesh GW,28,Andhra Pradesh,510,KRISHNA,VUYYURU,VUYYURU,Gandigunta-1,Godavari,Godavari,Seethapalli Vagu,-,-,Seethapalli Vagu,16.38139800,80.85303400,25-06-2023 05:00,2
849,Vuyyuru,Andhra Pradesh GW,28,Andhra Pradesh,510,KRISHNA,VUYYURU,VUYYURU,Gandigunta-1,Godavari,Godavari,Seethapalli Vagu,-,-,Seethapalli Vagu,16.38139800,80.85303400,25-06-2023 06:00,0.5
850,Vuyyuru,Andhra Pradesh GW,28,Andhra Pradesh,510,KRISHNA,VUYYURU,VUYYURU,Gandigunta-1,Godavari,Godavari,Seethapalli Vagu,-,-,Seethapalli Vagu,16.38139800,80.85303400,25-06-2023 06:00,0.5
851,Vuyyuru,Andhra Pradesh GW,28,Andhra Pradesh,510,KRISHNA,VUYYURU,VUYYURU,Gandigunta-1,Godavari,Godavari,Seethapalli Vagu,-,-,Seethapalli Vagu,16.38139800,80.85303400,03-07-2023 20:00,33
852,Vuyyuru,Andhra Pradesh GW,28,Andhra Pradesh,510,KRISHNA,VUYYURU,VUYYURU,Gandigunta-1,Godavari,Godavari,Seethapalli Vagu,-,-,Seethapalli Vagu,16.38139800,80.85303400,03-07-2023 22:00,2.5
853,Vuyyuru,Andhra Pradesh GW,28,Andhra Pradesh,510,KRISHNA,VUYYURU,VUYYURU,Gandigunta-1,Godavari,Godavari,Seethapalli Vagu,-,-,Seethapalli Vagu,16.38139800,80.85303400,04-07-2023 09:00,37
854,Vuyyuru,Andhra Pradesh GW,28,Andhra Pradesh,510,KRISHNA,VUYYURU,VUYYURU,Gandigunta-1,Godavari,Godavari,Seethapalli Vagu,-,-,Seethapalli Vagu,16.38139800,80.85303400,07-07-2023 00:00,243.5
855,Vuyyuru,Andhra Pradesh GW,28,Andhra Pradesh,510,KRISHNA,VUYYURU,VUYYURU,Gandigunta-1,Godavari,Godavari,Seethapalli Vagu,-,-,Seethapalli Vagu,16.38139800,80.85303400,08-07-2023 00:00,160
856,Vuyyuru,Andhra Pradesh GW,28,Andhra Pradesh,510,KRISHNA,VUYYURU,VUYYURU,Gandigunta-1,Godavari,Godavari,Seethapalli Vagu,-,-,Seethapalli Vagu,16.38139800,80.85303400,10-07-2023 08:00,2
857,Vuyyuru,Andhra Pradesh GW,28,Andhra Pradesh,510,KRISHNA,VUYYURU,VUYYURU,Gandigunta-1,Godavari,Godavari,Seethapalli Vagu,-,-,Seethapalli Vagu,16.38139800,80.85303400,10-07-2023 09:00,0.5
858,Vuyyuru,Andhra Pradesh GW,28,Andhra Pradesh,510,KRISHNA,VUYYURU,VUYYURU,Gandigunta-1,Godavari,Godavari,Seethapalli Vagu,-,-,Seethapalli Vagu,16.38139800,80.85303400,13-07-2023 03:00,0.5
859,Vuyyuru,Andhra Pradesh GW,28,Andhra Pradesh,510,KRISHNA,VUYYURU,VUYYURU,Gandigunta-1,Godavari,Godavari,Seethapalli Vagu,-,-,Seethapalli Vagu,16.38139800,80.85303400,13-07-2023 06:00,0.5
860,Vuyyuru,Andhra Pradesh GW,28,Andhra Pradesh,510,KRISHNA,VUYYURU,VUYYURU,Gandigunta-1,Godavari,Godavari,Seethapalli Vagu,-,-,Seethapalli Vagu,16.38139800,80.85303400,13-07-2023 08:00,1
861,Vuyyuru,Andhra Pradesh GW,28,Andhra Pradesh,510,KRISHNA,VUYYURU,VUYYURU,Gandigunta-1,Godavari,Godavari,Seethapalli Vagu,-,-,Seethapalli Vagu,16.38139800,80.85303400,13-07-2023 09:00,1
862,Vuyyuru,Andhra Pradesh GW,28,Andhra Pradesh,510,KRISHNA,VUYYURU,VUYYURU,Gandigunta-1,Godavari,Godavari,Seethapalli Vagu,-,-,Seethapalli Vagu,16.38139800,80.85303400,18-07-2023 17:00,0.5
863,Vuyyuru,Andhra Pradesh GW,28,Andhra Pradesh,510,KRISHNA,VUYYURU,VUYYURU,Gandigunta-1,Godavari,Godavari,Seethapalli Vagu,-,-,Seethapalli Vagu,16.38139800,80.85303400,19-07-2023 07:00,192
864,Vuyyuru,Andhra Pradesh GW,28,Andhra Pradesh,510,KRISHNA,VUYYURU,VUYYURU,Gandigunta-1,Godavari,Godavari,Seethapalli Vagu,-,-,Seethapalli Vagu,16.38139800,80.85303400,22-07-2023 19:00,2.5
865,Vuyyuru,Andhra Pradesh GW,28,Andhra Pradesh,510,KRISHNA,VUYYURU,VUYYURU,Gandigunta-1,Godavari,Godavari,Seethapalli Vagu,-,-,Seethapalli Vagu,16.38139800,80.85303400,22-07-2023 20:00,2.5
866,Vuyyuru,Andhra Pradesh GW,28,Andhra Pradesh,510,KRISHNA,VUYYURU,VUYYURU,Gandigunta-1,Godavari,Godavari,Seethapalli Vagu,-,-,Seethapalli Vagu,16.38139800,80.85303400,22-07-2023 21:00,2.5
867,Vuyyuru,Andhra Pradesh GW,28,Andhra Pradesh,510,KRISHNA,VUYYURU,VUYYURU,Gandigunta-1,Godavari,Godavari,Seethapalli Vagu,-,-,Seethapalli Vagu,16.38139800,80.85303400,22-07-2023 22:00,1
868,Vuyyuru,Andhra Pradesh GW,28,Andhra Pradesh,510,KRISHNA,VUYYURU,VUYYURU,Gandigunta-1,Godavari,Godavari,Seethapalli Vagu,-,-,Seethapalli Vagu,16.38139800,80.85303400,23-07-2023 17:00,1.5
869,Vuyyuru,Andhra Pradesh GW,28,Andhra Pradesh,510,KRISHNA,VUYYURU,VUYYURU,Gandigunta-1,Godavari,Godavari,Seethapalli Vagu,-,-,Seethapalli Vagu,16.38139800,80.85303400,23-07-2023 18:00,16.5
870,Vuyyuru,Andhra Pradesh GW,28,Andhra Pradesh,510,KRISHNA,VUYYURU,VUYYURU,Gandigunta-1,Godavari,Godavari,Seethapalli Vagu,-,-,Seethapalli Vagu,16.38139800,80.85303400,23-07-2023 19:00,1.5
871,Vuyyuru,Andhra Pradesh GW,28,Andhra Pradesh,510,KRISHNA,VUYYURU,VUYYURU,Gandigunta-1,Godavari,Godavari,Seethapalli Vagu,-,-,Seethapalli Vagu,16.38139800,80.85303400,23-07-2023 22:00,0.5
872,Vuyyuru,Andhra Pradesh GW,28,Andhra Pradesh,510,KRISHNA,VUYYURU,VUYYURU,Gandigunta-1,Godavari,Godavari,Seethapalli Vagu,-,-,Seethapalli Vagu,16.38139800,80.85303400,23-07-2023 23:00,3
873,Vuyyuru,Andhra Pradesh GW,28,Andhra Pradesh,510,KRISHNA,VUYYURU,VUYYURU,Gandigunta-1,Godavari,Godavari,Seethapalli Vagu,-,-,Seethapalli Vagu,16.38139800,80.85303400,24-07-2023 01:00,27
874,Vuyyuru,Andhra Pradesh GW,28,Andhra Pradesh,510,KRISHNA,VUYYURU,VUYYURU,Gandigunta-1,Godavari,Godavari,Seethapalli Vagu,-,-,Seethapalli Vagu,16.38139800,80.85303400,24-07-2023 02:00,8.5
875,Vuyyuru,Andhra Pradesh GW,28,Andhra Pradesh,510,KRISHNA,VUYYURU,VUYYURU,Gandigunta-1,Godavari,Godavari,Seethapalli Vagu,-,-,Seethapalli Vagu,16.38139800,80.85303400,24-07-2023 03:00,1
876,Vuyyuru,Andhra Pradesh GW,28,Andhra Pradesh,510,KRISHNA,VUYYURU,VUYYURU,Gandigunta-1,Godavari,Godavari,Seethapalli Vagu,-,-,Seethapalli Vagu,16.38139800,80.85303400,24-07-2023 04:00,1
877,Vuyyuru,Andhra Pradesh GW,28,Andhra Pradesh,510,KRISHNA,VUYYURU,VUYYURU,Gandigunta-1,Godavari,Godavari,Seethapalli Vagu,-,-,Seethapalli Vagu,16.38139800,80.85303400,24-07-2023 05:00,3.5
878,Vuyyuru,Andhra Pradesh GW,28,Andhra Pradesh,510,KRISHNA,VUYYURU,VUYYURU,Gandigunta-1,Godavari,Godavari,Seethapalli Vagu,-,-,Seethapalli Vagu,16.38139800,80.85303400,24-07-2023 13:00,1.5
879,Vuyyuru,Andhra Pradesh GW,28,Andhra Pradesh,510,KRISHNA,VUYYURU,VUYYURU,Gandigunta-1,Godavari,Godavari,Seethapalli Vagu,-,-,Seethapalli Vagu,16.38139800,80.85303400,24-07-2023 14:00,3.5
880,Vuyyuru,Andhra Pradesh GW,28,Andhra Pradesh,510,KRISHNA,VUYYURU,VUYYURU,Gandigunta-1,Godavari,Godavari,Seethapalli Vagu,-,-,Seethapalli Vagu,16.38139800,80.85303400,24-07-2023 15:00,2
881,Vuyyuru,Andhra Pradesh GW,28,Andhra Pradesh,510,KRISHNA,VUYYURU,VUYYURU,Gandigunta-1,Godavari,Godavari,Seethapalli Vagu,-,-,Seethapalli Vagu,16.38139800,80.85303400,24-07-2023 16:00,0.5
882,Vuyyuru,Andhra Pradesh GW,28,Andhra Pradesh,510,KRISHNA,VUYYURU,VUYYURU,Gandigunta-1,Godavari,Godavari,Seethapalli Vagu,-,-,Seethapalli Vagu,16.38139800,80.85303400,24-07-2023 17:00,0.5
883,Vuyyuru,Andhra Pradesh GW,28,Andhra Pradesh,510,KRISHNA,VUYYURU,VUYYURU,Gandigunta-1,Godavari,Godavari,Seethapalli Vagu,-,-,Seethapalli Vagu,16.38139800,80.85303400,24-07-2023 18:00,1
884,Vuyyuru,Andhra Pradesh GW,28,Andhra Pradesh,510,KRISHNA,VUYYURU,VUYYURU,Gandigunta-1,Godavari,Godavari,Seethapalli Vagu,-,-,Seethapalli Vagu,16.38139800,80.85303400,24-07-2023 19:00,3
885,Vuyyuru,Andhra Pradesh GW,28,Andhra Pradesh,510,KRISHNA,VUYYURU,VUYYURU,Gandigunta-1,Godavari,Godavari,Seethapalli Vagu,-,-,Seethapalli Vagu,16.38139800,80.85303400,24-07-2023 20:00,0.5
886,Vuyyuru,Andhra Pradesh GW,28,Andhra Pradesh,510,KRISHNA,VUYYURU,VUYYURU,Gandigunta-1,Godavari,Godavari,Seethapalli Vagu,-,-,Seethapalli Vagu,16.38139800,80.85303400,24-07-2023 23:00,0.5
887,Vuyyuru,Andhra Pradesh GW,28,Andhra Pradesh,510,KRISHNA,VUYYURU,VUYYURU,Gandigunta-1,Godavari,Godavari,Seethapalli Vagu,-,-,Seethapalli Vagu,16.38139800,80.85303400,25-07-2023 01:00,0.5
888,Vuyyuru,Andhra Pradesh GW,28,Andhra Pradesh,510,KRISHNA,VUYYURU,VUYYURU,Gandigunta-1,Godavari,Godavari,Seethapalli Vagu,-,-,Seethapalli Vagu,16.38139800,80.85303400,25-07-2023 02:00,0.5
889,Vuyyuru,Andhra Pradesh GW,28,Andhra Pradesh,510,KRISHNA,VUYYURU,VUYYURU,Gandigunta-1,Godavari,Godavari,Seethapalli Vagu,-,-,Seethapalli Vagu,16.38139800,80.85303400,25-07-2023 03:00,0.5
890,Vuyyuru,Andhra Pradesh GW,28,Andhra Pradesh,510,KRISHNA,VUYYURU,VUYYURU,Gandigunta-1,Godavari,Godavari,Seethapalli Vagu,-,-,Seethapalli Vagu,16.38139800,80.85303400,25-07-2023 04:00,4
891,Vuyyuru,Andhra Pradesh GW,28,Andhra Pradesh,510,KRISHNA,VUYYURU,VUYYURU,Gandigunta-1,Godavari,Godavari,Seethapalli Vagu,-,-,Seethapalli Vagu,16.38139800,80.85303400,25-07-2023 06:00,2
892,Vuyyuru,Andhra Pradesh GW,28,Andhra Pradesh,510,KRISHNA,VUYYURU,VUYYURU,Gandigunta-1,Godavari,Godavari,Seethapalli Vagu,-,-,Seethapalli Vagu,16.38139800,80.85303400,25-07-2023 07:00,4.5
893,Vuyyuru,Andhra Pradesh GW,28,Andhra Pradesh,510,KRISHNA,VUYYURU,VUYYURU,Gandigunta-1,Godavari,Godavari,Seethapalli Vagu,-,-,Seethapalli Vagu,16.38139800,80.85303400,25-07-2023 08:00,0.5
894,Vuyyuru,Andhra Pradesh GW,28,Andhra Pradesh,510,KRISHNA,VUYYURU,VUYYURU,Gandigunta-1,Godavari,Godavari,Seethapalli Vagu,-,-,Seethapalli Vagu,16.38139800,80.85303400,25-07-2023 13:00,1.5
895,Vuyyuru,Andhra Pradesh GW,28,Andhra Pradesh,510,KRISHNA,VUYYURU,VUYYURU,Gandigunta-1,Godavari,Godavari,Seethapalli Vagu,-,-,Seethapalli Vagu,16.38139800,80.85303400,25-07-2023 15:00,7.5
896,Vuyyuru,Andhra Pradesh GW,28,Andhra Pradesh,510,KRISHNA,VUYYURU,VUYYURU,Gandigunta-1,Godavari,Godavari,Seethapalli Vagu,-,-,Seethapalli Vagu,16.38139800,80.85303400,25-07-2023 16:00,6
897,Vuyyuru,Andhra Pradesh GW,28,Andhra Pradesh,510,KRISHNA,VUYYURU,VUYYURU,Gandigunta-1,Godavari,Godavari,Seethapalli Vagu,-,-,Seethapalli Vagu,16.38139800,80.85303400,26-07-2023 00:00,7
898,Vuyyuru,Andhra Pradesh GW,28,Andhra Pradesh,510,KRISHNA,VUYYURU,VUYYURU,Gandigunta-1,Godavari,Godavari,Seethapalli Vagu,-,-,Seethapalli Vagu,16.38139800,80.85303400,26-07-2023 01:00,6
899,Vuyyuru,Andhra Pradesh GW,28,Andhra Pradesh,510,KRISHNA,VUYYURU,VUYYURU,Gandigunta-1,Godavari,Godavari,Seethapalli Vagu,-,-,Seethapalli Vagu,16.38139800,80.85303400,26-07-2023 02:00,2
900,Vuyyuru,Andhra Pradesh GW,28,Andhra Pradesh,510,KRISHNA,VUYYURU,VUYYURU,Gandigunta-1,Godavari,Godavari,Seethapalli Vagu,-,-,Seethapalli Vagu,16.38139800,80.85303400,26-07-2023 03:00,9.5
901,Vuyyuru,Andhra Pradesh GW,28,Andhra Pradesh,510,KRISHNA,VUYYURU,VUYYURU,Gandigunta-1,Godavari,Godavari,Seethapalli Vagu,-,-,Seethapalli Vagu,16.38139800,80.85303400,26-07-2023 06:00,2
902,Vuyyuru,Andhra Pradesh GW,28,Andhra Pradesh,510,KRISHNA,VUYYURU,VUYYURU,Gandigunta-1,Godavari,Godavari,Seethapalli Vagu,-,-,Seethapalli Vagu,16.38139800,80.85303400,26-07-2023 07:00,4
903,Vuyyuru,Andhra Pradesh GW,28,Andhra Pradesh,510,KRISHNA,VUYYURU,VUYYURU,Gandigunta-1,Godavari,Godavari,Seethapalli Vagu,-,-,Seethapalli Vagu,16.38139800,80.85303400,26-07-2023 08:00,11
904,Vuyyuru,Andhra Pradesh GW,28,Andhra Pradesh,510,KRISHNA,VUYYURU,VUYYURU,Gandigunta-1,Godavari,Godavari,Seethapalli Vagu,-,-,Seethapalli Vagu,16.38139800,80.85303400,26-07-2023 09:00,3
905,Vuyyuru,Andhra Pradesh GW,28,Andhra Pradesh,510,KRISHNA,VUYYURU,VUYYURU,Gandigunta-1,Godavari,Godavari,Seethapalli Vagu,-,-,Seethapalli Vagu,16.38139800,80.85303400,26-07-2023 10:00,0.5
906,Vuyyuru,Andhra Pradesh GW,28,Andhra Pradesh,510,KRISHNA,VUYYURU,VUYYURU,Gandigunta-1,Godavari,Godavari,Seethapalli Vagu,-,-,Seethapalli Vagu,16.38139800,80.85303400,26-07-2023 11:00,11
907,Vuyyuru,Andhra Pradesh GW,28,Andhra Pradesh,510,KRISHNA,VUYYURU,VUYYURU,Gandigunta-1,Godavari,Godavari,Seethapalli Vagu,-,-,Seethapalli Vagu,16.38139800,80.85303400,26-07-2023 12:00,15.5
908,Vuyyuru,Andhra Pradesh GW,28,Andhra Pradesh,510,KRISHNA,VUYYURU,VUYYURU,Gandigunta-1,Godavari,Godavari,Seethapalli Vagu,-,-,Seethapalli Vagu,16.38139800,80.85303400,26-07-2023 13:00,7
909,Vuyyuru,Andhra Pradesh GW,28,Andhra Pradesh,510,KRISHNA,VUYYURU,VUYYURU,Gandigunta-1,Godavari,Godavari,Seethapalli Vagu,-,-,Seethapalli Vagu,16.38139800,80.85303400,26-07-2023 14:00,2.5
910,Vuyyuru,Andhra Pradesh GW,28,Andhra Pradesh,510,KRISHNA,VUYYURU,VUYYURU,Gandigunta-1,Godavari,Godavari,Seethapalli Vagu,-,-,Seethapalli Vagu,16.38139800,80.85303400,26-07-2023 15:00,1
911,Vuyyuru,Andhra Pradesh GW,28,Andhra Pradesh,510,KRISHNA,VUYYURU,VUYYURU,Gandigunta-1,Godavari,Godavari,Seethapalli Vagu,-,-,Seethapalli Vagu,16.38139800,80.85303400,26-07-2023 18:00,0.5
912,Vuyyuru,Andhra Pradesh GW,28,Andhra Pradesh,510,KRISHNA,VUYYURU,VUYYURU,Gandigunta-1,Godavari,Godavari,Seethapalli Vagu,-,-,Seethapalli Vagu,16.38139800,80.85303400,26-07-2023 20:00,0.5
913,Vuyyuru,Andhra Pradesh GW,28,Andhra Pradesh,510,KRISHNA,VUYYURU,VUYYURU,Gandigunta-1,Godavari,Godavari,Seethapalli Vagu,-,-,Seethapalli Vagu,16.38139800,80.85303400,26-07-2023 21:00,0.5
914,Vuyyuru,Andhra Pradesh GW,28,Andhra Pradesh,510,KRISHNA,VUYYURU,VUYYURU,Gandigunta-1,Godavari,Godavari,Seethapalli Vagu,-,-,Seethapalli Vagu,16.38139800,80.85303400,26-07-2023 22:00,0.5
915,Vuyyuru,Andhra Pradesh GW,28,Andhra Pradesh,510,KRISHNA,VUYYURU,VUYYURU,Gandigunta-1,Godavari,Godavari,Seethapalli Vagu,-,-,Seethapalli Vagu,16.38139800,80.85303400,27-07-2023 00:00,2.5
916,Vuyyuru,Andhra Pradesh GW,28,Andhra Pradesh,510,KRISHNA,VUYYURU,VUYYURU,Gandigunta-1,Godavari,Godavari,Seethapalli Vagu,-,-,Seethapalli Vagu,16.38139800,80.85303400,29-07-2023 18:00,1
917,Vuyyuru,Andhra Pradesh GW,28,Andhra Pradesh,510,KRISHNA,VUYYURU,VUYYURU,Gandigunta-1,Godavari,Godavari,Seethapalli Vagu,-,-,Seethapalli Vagu,16.38139800,80.85303400,01-08-2023 09:00,10
918,Vuyyuru,Andhra Pradesh GW,28,Andhra Pradesh,510,KRISHNA,VUYYURU,VUYYURU,Gandigunta-1,Godavari,Godavari,Seethapalli Vagu,-,-,Seethapalli Vagu,16.38139800,80.85303400,01-08-2023 09:00,10
919,Vuyyuru,Andhra Pradesh GW,28,Andhra Pradesh,510,KRISHNA,VUYYURU,VUYYURU,Gandigunta-1,Godavari,Godavari,Seethapalli Vagu,-,-,Seethapalli Vagu,16.38139800,80.85303400,15-08-2023 19:00,1
920,Vuyyuru,Andhra Pradesh GW,28,Andhra Pradesh,510,KRISHNA,VUYYURU,VUYYURU,Gandigunta-1,Godavari,Godavari,Seethapalli Vagu,-,-,Seethapalli Vagu,16.38139800,80.85303400,15-08-2023 23:00,2
921,Vuyyuru,Andhra Pradesh GW,28,Andhra Pradesh,510,KRISHNA,VUYYURU,VUYYURU,Gandigunta-1,Godavari,Godavari,Seethapalli Vagu,-,-,Seethapalli Vagu,16.38139800,80.85303400,16-08-2023 18:00,6
922,Vuyyuru,Andhra Pradesh GW,28,Andhra Pradesh,510,KRISHNA,VUYYURU,VUYYURU,Gandigunta-1,Godavari,Godavari,Seethapalli Vagu,-,-,Seethapalli Vagu,16.38139800,80.85303400,17-08-2023 17:00,1.5
923,Vuyyuru,Andhra Pradesh GW,28,Andhra Pradesh,510,KRISHNA,VUYYURU,VUYYURU,Gandigunta-1,Godavari,Godavari,Seethapalli Vagu,-,-,Seethapalli Vagu,16.38139800,80.85303400,17-08-2023 19:00,0.5
924,Vuyyuru,Andhra Pradesh GW,28,Andhra Pradesh,510,KRISHNA,VUYYURU,VUYYURU,Gandigunta-1,Godavari,Godavari,Seethapalli Vagu,-,-,Seethapalli Vagu,16.38139800,80.85303400,18-08-2023 06:00,1
925,Vuyyuru,Andhra Pradesh GW,28,Andhra Pradesh,510,KRISHNA,VUYYURU,VUYYURU,Gandigunta-1,Godavari,Godavari,Seethapalli Vagu,-,-,Seethapalli Vagu,16.38139800,80.85303400,22-08-2023 15:00,29
926,Vuyyuru,Andhra Pradesh GW,28,Andhra Pradesh,510,KRISHNA,VUYYURU,VUYYURU,Gandigunta-1,Godavari,Godavari,Seethapalli Vagu,-,-,Seethapalli Vagu,16.38139800,80.85303400,23-08-2023 19:00,20
927,Vuyyuru,Andhra Pradesh GW,28,Andhra Pradesh,510,KRISHNA,VUYYURU,VUYYURU,Gandigunta-1,Godavari,Godavari,Seethapalli Vagu,-,-,Seethapalli Vagu,16.38139800,80.85303400,23-08-2023 20:00,1
928,Vuyyuru,Andhra Pradesh GW,28,Andhra Pradesh,510,KRISHNA,VUYYURU,VUYYURU,Gandigunta-1,Godavari,Godavari,Seethapalli Vagu,-,-,Seethapalli Vagu,16.38139800,80.85303400,23-08-2023 22:00,0.5
929,Vuyyuru,Andhra Pradesh GW,28,Andhra Pradesh,510,KRISHNA,VUYYURU,VUYYURU,Gandigunta-1,Godavari,Godavari,Seethapalli Vagu,-,-,Seethapalli Vagu,16.38139800,80.85303400,24-08-2023 19:00,2
930,Vuyyuru,Andhra Pradesh GW,28,Andhra Pradesh,510,KRISHNA,VUYYURU,VUYYURU,Gandigunta-1,Godavari,Godavari,Seethapalli Vagu,-,-,Seethapalli Vagu,16.38139800,80.85303400,26-08-2023 05:00,7.5
931,Vuyyuru,Andhra Pradesh GW,28,Andhra Pradesh,510,KRISHNA,VUYYURU,VUYYURU,Gandigunta-1,Godavari,Godavari,Seethapalli Vagu,-,-,Seethapalli Vagu,16.38139800,80.85303400,26-08-2023 06:00,0.5
932,Vuyyuru,Andhra Pradesh GW,28,Andhra Pradesh,510,KRISHNA,VUYYURU,VUYYURU,Gandigunta-1,Godavari,Godavari,Seethapalli Vagu,-,-,Seethapalli Vagu,16.38139800,80.85303400,26-08-2023 08:00,1.5
933,Vuyyuru,Andhra Pradesh GW,28,Andhra Pradesh,510,KRISHNA,VUYYURU,VUYYURU,Gandigunta-1,Godavari,Godavari,Seethapalli Vagu,-,-,Seethapalli Vagu,16.38139800,80.85303400,28-08-2023 02:00,1.5
934,Vuyyuru,Andhra Pradesh GW,28,Andhra Pradesh,510,KRISHNA,VUYYURU,VUYYURU,Gandigunta-1,Godavari,Godavari,Seethapalli Vagu,-,-,Seethapalli Vagu,16.38139800,80.85303400,28-08-2023 03:00,1.5
935,Vuyyuru,Andhra Pradesh GW,28,Andhra Pradesh,510,KRISHNA,VUYYURU,VUYYURU,Gandigunta-1,Godavari,Godavari,Seethapalli Vagu,-,-,Seethapalli Vagu,16.38139800,80.85303400,28-08-2023 04:00,0.5
936,Vuyyuru,Andhra Pradesh GW,28,Andhra Pradesh,510,KRISHNA,VUYYURU,VUYYURU,Gandigunta-1,Godavari,Godavari,Seethapalli Vagu,-,-,Seethapalli Vagu,16.38139800,80.85303400,06-09-2023 03:00,2.5
937,Vuyyuru,Andhra Pradesh GW,28,Andhra Pradesh,510,KRISHNA,VUYYURU,VUYYURU,Gandigunta-1,Godavari,Godavari,Seethapalli Vagu,-,-,Seethapalli Vagu,16.38139800,80.85303400,06-09-2023 06:00,0.5
938,Vuyyuru,Andhra Pradesh GW,28,Andhra Pradesh,510,KRISHNA,VUYYURU,VUYYURU,Gandigunta-1,Godavari,Godavari,Seethapalli Vagu,-,-,Seethapalli Vagu,16.38139800,80.85303400,06-09-2023 09:00,1
939,Vuyyuru,Andhra Pradesh GW,28,Andhra Pradesh,510,KRISHNA,VUYYURU,VUYYURU,Gandigunta-1,Godavari,Godavari,Seethapalli Vagu,-,-,Seethapalli Vagu,16.38139800,80.85303400,06-09-2023 20:00,0.5
940,Vuyyuru,Andhra Pradesh GW,28,Andhra Pradesh,510,KRISHNA,VUYYURU,VUYYURU,Gandigunta-1,Godavari,Godavari,Seethapalli Vagu,-,-,Seethapalli Vagu,16.38139800,80.85303400,09-09-2023 17:00,3.5
941,Vuyyuru,Andhra Pradesh GW,28,Andhra Pradesh,510,KRISHNA,VUYYURU,VUYYURU,Gandigunta-1,Godavari,Godavari,Seethapalli Vagu,-,-,Seethapalli Vagu,16.38139800,80.85303400,09-09-2023 17:30,224.5
942,Vuyyuru,Andhra Pradesh GW,28,Andhra Pradesh,510,KRISHNA,VUYYURU,VUYYURU,Gandigunta-1,Godavari,Godavari,Seethapalli Vagu,-,-,Seethapalli Vagu,16.38139800,80.85303400,09-09-2023 18:00,3.5
943,Vuyyuru,Andhra Pradesh GW,28,Andhra Pradesh,510,KRISHNA,VUYYURU,VUYYURU,Gandigunta-1,Godavari,Godavari,Seethapalli Vagu,-,-,Seethapalli Vagu,16.38139800,80.85303400,09-09-2023 22:00,4.5
944,Vuyyuru,Andhra Pradesh GW,28,Andhra Pradesh,510,KRISHNA,VUYYURU,VUYYURU,Gandigunta-1,Godavari,Godavari,Seethapalli Vagu,-,-,Seethapalli Vagu,16.38139800,80.85303400,09-09-2023 23:00,10.5
945,Vuyyuru,Andhra Pradesh GW,28,Andhra Pradesh,510,KRISHNA,VUYYURU,VUYYURU,Gandigunta-1,Godavari,Godavari,Seethapalli Vagu,-,-,Seethapalli Vagu,16.38139800,80.85303400,10-09-2023 08:00,0.5
946,Vuyyuru,Andhra Pradesh GW,28,Andhra Pradesh,510,KRISHNA,VUYYURU,VUYYURU,Gandigunta-1,Godavari,Godavari,Seethapalli Vagu,-,-,Seethapalli Vagu,16.38139800,80.85303400,10-09-2023 22:00,3.5
947,Vuyyuru,Andhra Pradesh GW,28,Andhra Pradesh,510,KRISHNA,VUYYURU,VUYYURU,Gandigunta-1,Godavari,Godavari,Seethapalli Vagu,-,-,Seethapalli Vagu,16.38139800,80.85303400,10-09-2023 23:00,0.5
948,Vuyyuru,Andhra Pradesh GW,28,Andhra Pradesh,510,KRISHNA,VUYYURU,VUYYURU,Gandigunta-1,Godavari,Godavari,Seethapalli Vagu,-,-,Seethapalli Vagu,16.38139800,80.85303400,11-09-2023 02:00,2.5
949,Vuyyuru,Andhra Pradesh GW,28,Andhra Pradesh,510,KRISHNA,VUYYURU,VUYYURU,Gandigunta-1,Godavari,Godavari,Seethapalli Vagu,-,-,Seethapalli Vagu,16.38139800,80.85303400,11-09-2023 03:00,4
950,Vuyyuru,Andhra Pradesh GW,28,Andhra Pradesh,510,KRISHNA,VUYYURU,VUYYURU,Gandigunta-1,Godavari,Godavari,Seethapalli Vagu,-,-,Seethapalli Vagu,16.38139800,80.85303400,11-09-2023 04:00,11
951,Vuyyuru,Andhra Pradesh GW,28,Andhra Pradesh,510,KRISHNA,VUYYURU,VUYYURU,Gandigunta-1,Godavari,Godavari,Seethapalli Vagu,-,-,Seethapalli Vagu,16.38139800,80.85303400,11-09-2023 05:00,37
952,Vuyyuru,Andhra Pradesh GW,28,Andhra Pradesh,510,KRISHNA,VUYYURU,VUYYURU,Gandigunta-1,Godavari,Godavari,Seethapalli Vagu,-,-,Seethapalli Vagu,16.38139800,80.85303400,11-09-2023 06:00,21.5
953,Vuyyuru,Andhra Pradesh GW,28,Andhra Pradesh,510,KRISHNA,VUYYURU,VUYYURU,Gandigunta-1,Godavari,Godavari,Seethapalli Vagu,-,-,Seethapalli Vagu,16.38139800,80.85303400,11-09-2023 07:00,2.5
954,Vuyyuru,Andhra Pradesh GW,28,Andhra Pradesh,510,KRISHNA,VUYYURU,VUYYURU,Gandigunta-1,Godavari,Godavari,Seethapalli Vagu,-,-,Seethapalli Vagu,16.38139800,80.85303400,11-09-2023 08:00,4
955,Vuyyuru,Andhra Pradesh GW,28,Andhra Pradesh,510,KRISHNA,VUYYURU,VUYYURU,Gandigunta-1,Godavari,Godavari,Seethapalli Vagu,-,-,Seethapalli Vagu,16.38139800,80.85303400,11-09-2023 09:00,1
956,Vuyyuru,Andhra Pradesh GW,28,Andhra Pradesh,510,KRISHNA,VUYYURU,VUYYURU,Gandigunta-1,Godavari,Godavari,Seethapalli Vagu,-,-,Seethapalli Vagu,16.38139800,80.85303400,11-09-2023 11:00,0.5
957,Vuyyuru,Andhra Pradesh GW,28,Andhra Pradesh,510,KRISHNA,VUYYURU,VUYYURU,Gandigunta-1,Godavari,Godavari,Seethapalli Vagu,-,-,Seethapalli Vagu,16.38139800,80.85303400,13-09-2023 06:00,1
958,Vuyyuru,Andhra Pradesh GW,28,Andhra Pradesh,510,KRISHNA,VUYYURU,VUYYURU,Gandigunta-1,Godavari,Godavari,Seethapalli Vagu,-,-,Seethapalli Vagu,16.38139800,80.85303400,14-09-2023 16:00,1.5
959,Vuyyuru,Andhra Pradesh GW,28,Andhra Pradesh,510,KRISHNA,VUYYURU,VUYYURU,Gandigunta-1,Godavari,Godavari,Seethapalli Vagu,-,-,Seethapalli Vagu,16.38139800,80.85303400,14-09-2023 17:00,0.5
960,Vuyyuru,Andhra Pradesh GW,28,Andhra Pradesh,510,KRISHNA,VUYYURU,VUYYURU,Gandigunta-1,Godavari,Godavari,Seethapalli Vagu,-,-,Seethapalli Vagu,16.38139800,80.85303400,15-09-2023 18:00,8.5
961,Vuyyuru,Andhra Pradesh GW,28,Andhra Pradesh,510,KRISHNA,VUYYURU,VUYYURU,Gandigunta-1,Godavari,Godavari,Seethapalli Vagu,-,-,Seethapalli Vagu,16.38139800,80.85303400,21-09-2023 05:00,0.5
962,Vuyyuru,Andhra Pradesh GW,28,Andhra Pradesh,510,KRISHNA,VUYYURU,VUYYURU,Gandigunta-1,Godavari,Godavari,Seethapalli Vagu,-,-,Seethapalli Vagu,16.38139800,80.85303400,21-09-2023 06:00,2
963,Vuyyuru,Andhra Pradesh GW,28,Andhra Pradesh,510,KRISHNA,VUYYURU,VUYYURU,Gandigunta-1,Godavari,Godavari,Seethapalli Vagu,-,-,Seethapalli Vagu,16.38139800,80.85303400,22-09-2023 06:00,0.5
964,Vuyyuru,Andhra Pradesh GW,28,Andhra Pradesh,510,KRISHNA,VUYYURU,VUYYURU,Gandigunta-1,Godavari,Godavari,Seethapalli Vagu,-,-,Seethapalli Vagu,16.38139800,80.85303400,22-09-2023 07:00,0.5
965,Vuyyuru,Andhra Pradesh GW,28,Andhra Pradesh,510,KRISHNA,VUYYURU,VUYYURU,Gandigunta-1,Godavari,Godavari,Seethapalli Vagu,-,-,Seethapalli Vagu,16.38139800,80.85303400,23-09-2023 17:00,1
966,Vuyyuru,Andhra Pradesh GW,28,Andhra Pradesh,510,KRISHNA,VUYYURU,VUYYURU,Gandigunta-1,Godavari,Godavari,Seethapalli Vagu,-,-,Seethapalli Vagu,16.38139800,80.85303400,23-09-2023 17:00,13
967,Vuyyuru,Andhra Pradesh GW,28,Andhra Pradesh,510,KRISHNA,VUYYURU,VUYYURU,Gandigunta-1,Godavari,Godavari,Seethapalli Vagu,-,-,Seethapalli Vagu,16.38139800,80.85303400,23-09-2023 18:00,13
968,Vuyyuru,Andhra Pradesh GW,28,Andhra Pradesh,510,KRISHNA,VUYYURU,VUYYURU,Gandigunta-1,Godavari,Godavari,Seethapalli Vagu,-,-,Seethapalli Vagu,16.38139800,80.85303400,23-09-2023 19:00,1
969,Vuyyuru,Andhra Pradesh GW,28,Andhra Pradesh,510,KRISHNA,VUYYURU,VUYYURU,Gandigunta-1,Godavari,Godavari,Seethapalli Vagu,-,-,Seethapalli Vagu,16.38139800,80.85303400,26-09-2023 06:00,1.5
970,Vuyyuru,Andhra Pradesh GW,28,Andhra Pradesh,510,KRISHNA,VUYYURU,VUYYURU,Gandigunta-1,Godavari,Godavari,Seethapalli Vagu,-,-,Seethapalli Vagu,16.38139800,80.85303400,26-09-2023 07:00,1.5
971,Vuyyuru,Andhra Pradesh GW,28,Andhra Pradesh,510,KRISHNA,VUYYURU,VUYYURU,Gandigunta-1,Godavari,Godavari,Seethapalli Vagu,-,-,Seethapalli Vagu,16.38139800,80.85303400,26-09-2023 09:00,0.5
972,Vuyyuru,Andhra Pradesh GW,28,Andhra Pradesh,510,KRISHNA,VUYYURU,VUYYURU,Gandigunta-1,Godavari,Godavari,Seethapalli Vagu,-,-,Seethapalli Vagu,16.38139800,80.85303400,26-09-2023 15:00,22
973,Vuyyuru,Andhra Pradesh GW,28,Andhra Pradesh,510,KRISHNA,VUYYURU,VUYYURU,Gandigunta-1,Godavari,Godavari,Seethapalli Vagu,-,-,Seethapalli Vagu,16.38139800,80.85303400,26-09-2023 16:00,22
974,Vuyyuru,Andhra Pradesh GW,28,Andhra Pradesh,510,KRISHNA,VUYYURU,VUYYURU,Gandigunta-1,Godavari,Godavari,Seethapalli Vagu,-,-,Seethapalli Vagu,16.38139800,80.85303400,26-09-2023 16:00,0.5
975,Vuyyuru,Andhra Pradesh GW,28,Andhra Pradesh,510,KRISHNA,VUYYURU,VUYYURU,Gandigunta-1,Godavari,Godavari,Seethapalli Vagu,-,-,Seethapalli Vagu,16.38139800,80.85303400,26-09-2023 17:00,0.5
976,Vuyyuru,Andhra Pradesh GW,28,Andhra Pradesh,510,KRISHNA,VUYYURU,VUYYURU,Gandigunta-1,Godavari,Godavari,Seethapalli Vagu,-,-,Seethapalli Vagu,16.38139800,80.85303400,28-09-2023 22:00,3.5
977,Vuyyuru,Andhra Pradesh GW,28,Andhra Pradesh,510,KRISHNA,VUYYURU,VUYYURU,Gandigunta-1,Godavari,Godavari,Seethapalli Vagu,-,-,Seethapalli Vagu,16.38139800,80.85303400,29-09-2023 13:00,0.5
978,Vuyyuru,Andhra Pradesh GW,28,Andhra Pradesh,510,KRISHNA,VUYYURU,VUYYURU,Gandigunta-1,Godavari,Godavari,Seethapalli Vagu,-,-,Seethapalli Vagu,16.38139800,80.85303400,29-09-2023 13:00,0.5
979,Vuyyuru,Andhra Pradesh GW,28,Andhra Pradesh,510,KRISHNA,VUYYURU,VUYYURU,Gandigunta-1,Godavari,Godavari,Seethapalli Vagu,-,-,Seethapalli Vagu,16.38139800,80.85303400,01-10-2023 02:00,8
980,Vuyyuru,Andhra Pradesh GW,28,Andhra Pradesh,510,KRISHNA,VUYYURU,VUYYURU,Gandigunta-1,Godavari,Godavari,Seethapalli Vagu,-,-,Seethapalli Vagu,16.38139800,80.85303400,01-10-2023 03:00,8
981,Vuyyuru,Andhra Pradesh GW,28,Andhra Pradesh,510,KRISHNA,VUYYURU,VUYYURU,Gandigunta-1,Godavari,Godavari,Seethapalli Vagu,-,-,Seethapalli Vagu,16.38139800,80.85303400,01-10-2023 03:00,0.5
982,Vuyyuru,Andhra Pradesh GW,28,Andhra Pradesh,510,KRISHNA,VUYYURU,VUYYURU,Gandigunta-1,Godavari,Godavari,Seethapalli Vagu,-,-,Seethapalli Vagu,16.38139800,80.85303400,01-10-2023 04:00,0.5
983,Vuyyuru,Andhra Pradesh GW,28,Andhra Pradesh,510,KRISHNA,VUYYURU,VUYYURU,Gandigunta-1,Godavari,Godavari,Seethapalli Vagu,-,-,Seethapalli Vagu,16.38139800,80.85303400,01-10-2023 17:00,19
984,Vuyyuru,Andhra Pradesh GW,28,Andhra Pradesh,510,KRISHNA,VUYYURU,VUYYURU,Gandigunta-1,Godavari,Godavari,Seethapalli Vagu,-,-,Seethapalli Vagu,16.38139800,80.85303400,01-10-2023 18:00,8.5
985,Vuyyuru,Andhra Pradesh GW,28,Andhra Pradesh,510,KRISHNA,VUYYURU,VUYYURU,Gandigunta-1,Godavari,Godavari,Seethapalli Vagu,-,-,Seethapalli Vagu,16.38139800,80.85303400,01-10-2023 18:00,19
986,Vuyyuru,Andhra Pradesh GW,28,Andhra Pradesh,510,KRISHNA,VUYYURU,VUYYURU,Gandigunta-1,Godavari,Godavari,Seethapalli Vagu,-,-,Seethapalli Vagu,16.38139800,80.85303400,01-10-2023 19:00,8.5
987,Vuyyuru,Andhra Pradesh GW,28,Andhra Pradesh,510,KRISHNA,VUYYURU,VUYYURU,Gandigunta-1,Godavari,Godavari,Seethapalli Vagu,-,-,Seethapalli Vagu,16.38139800,80.85303400,03-10-2023 18:00,2
988,Vuyyuru,Andhra Pradesh GW,28,Andhra Pradesh,510,KRISHNA,VUYYURU,VUYYURU,Gandigunta-1,Godavari,Godavari,Seethapalli Vagu,-,-,Seethapalli Vagu,16.38139800,80.85303400,03-10-2023 18:00,0.5
989,Vuyyuru,Andhra Pradesh GW,28,Andhra Pradesh,510,KRISHNA,VUYYURU,VUYYURU,Gandigunta-1,Godavari,Godavari,Seethapalli Vagu,-,-,Seethapalli Vagu,16.38139800,80.85303400,03-10-2023 19:00,0.5
990,Vuyyuru,Andhra Pradesh GW,28,Andhra Pradesh,510,KRISHNA,VUYYURU,VUYYURU,Gandigunta-1,Godavari,Godavari,Seethapalli Vagu,-,-,Seethapalli Vagu,16.38139800,80.85303400,03-10-2023 19:00,0.5
991,Vuyyuru,Andhra Pradesh GW,28,Andhra Pradesh,510,KRISHNA,VUYYURU,VUYYURU,Gandigunta-1,Godavari,Godavari,Seethapalli Vagu,-,-,Seethapalli Vagu,16.38139800,80.85303400,11-10-2023 07:00,18.5
992,Vuyyuru,Andhra Pradesh GW,28,Andhra Pradesh,510,KRISHNA,VUYYURU,VUYYURU,Gandigunta-1,Godavari,Godavari,Seethapalli Vagu,-,-,Seethapalli Vagu,16.38139800,80.85303400,11-10-2023 07:00,18.5
993,Vuyyuru,Andhra Pradesh GW,28,Andhra Pradesh,510,KRISHNA,VUYYURU,VUYYURU,Gandigunta-1,Godavari,Godavari,Seethapalli Vagu,-,-,Seethapalli Vagu,16.38139800,80.85303400,31-10-2023 10:00,144
994,Vuyyuru,Andhra Pradesh GW,28,Andhra Pradesh,510,KRISHNA,VUYYURU,VUYYURU,Gandigunta-1,Godavari,Godavari,Seethapalli Vagu,-,-,Seethapalli Vagu,16.38139800,80.85303400,02-11-2023 14:00,4.5
995,Vuyyuru,Andhra Pradesh GW,28,Andhra Pradesh,510,KRISHNA,VUYYURU,VUYYURU,Gandigunta-1,Godavari,Godavari,Seethapalli Vagu,-,-,Seethapalli Vagu,16.38139800,80.85303400,02-11-2023 14:00,4.5
996,Vuyyuru,Andhra Pradesh GW,28,Andhra Pradesh,510,KRISHNA,VUYYURU,VUYYURU,Gandigunta-1,Godavari,Godavari,Seethapalli Vagu,-,-,Seethapalli Vagu,16.38139800,80.85303400,03-11-2023 16:00,4
997,Vuyyuru,Andhra Pradesh GW,28,Andhra Pradesh,510,KRISHNA,VUYYURU,VUYYURU,Gandigunta-1,Godavari,Godavari,Seethapalli Vagu,-,-,Seethapalli Vagu,16.38139800,80.85303400,03-11-2023 16:00,4
998,Vuyyuru,Andhra Pradesh GW,28,Andhra Pradesh,510,KRISHNA,VUYYURU,VUYYURU,Gandigunta-1,Godavari,Godavari,Seethapalli Vagu,-,-,Seethapalli Vagu,16.38139800,80.85303400,05-11-2023 16:00,0.5
999,Vuyyuru,Andhra Pradesh GW,28,Andhra Pradesh,510,KRISHNA,VUYYURU,VUYYURU,Gandigunta-1,Godavari,Godavari,Seethapalli Vagu,-,-,Seethapalli Vagu,16.38139800,80.85303400,05-11-2023 16:00,0.5
1000,Vuyyuru,Andhra Pradesh GW,28,Andhra Pradesh,510,KRISHNA,VUYYURU,VUYYURU,Gandigunta-1,Godavari,Godavari,Seethapalli Vagu,-,-,Seethapalli Vagu,16.38139800,80.85303400,08-11-2023 17:00,4
1001,Vuyyuru,Andhra Pradesh GW,28,Andhra Pradesh,510,KRISHNA,VUYYURU,VUYYURU,Gandigunta-1,Godavari,Godavari,Seethapalli Vagu,-,-,Seethapalli Vagu,16.38139800,80.85303400,08-11-2023 17:00,4
1002,Vuyyuru,Andhra Pradesh GW,28,Andhra Pradesh,510,KRISHNA,VUYYURU,VUYYURU,Gandigunta-1,Godavari,Godavari,Seethapalli Vagu,-,-,Seethapalli Vagu,16.38139800,80.85303400,08-11-2023 18:00,0.5
1003,Vuyyuru,Andhra Pradesh GW,28,Andhra Pradesh,510,KRISHNA,VUYYURU,VUYYURU,Gandigunta-1,Godavari,Godavari,Seethapalli Vagu,-,-,Seethapalli Vagu,16.38139800,80.85303400,22-11-2023 10:00,3
1004,Vuyyuru,Andhra Pradesh GW,28,Andhra Pradesh,510,KRISHNA,VUYYURU,VUYYURU,Gandigunta-1,Godavari,Godavari,Seethapalli Vagu,-,-,Seethapalli Vagu,16.38139800,80.85303400,22-11-2023 10:00,3
1005,Vuyyuru,Andhra Pradesh GW,28,Andhra Pradesh,510,KRISHNA,VUYYURU,VUYYURU,Gandigunta-1,Godavari,Godavari,Seethapalli Vagu,-,-,Seethapalli Vagu,16.38139800,80.85303400,04-12-2023 08:00,2.5
1006,Vuyyuru,Andhra Pradesh GW,28,Andhra Pradesh,510,KRISHNA,VUYYURU,VUYYURU,Gandigunta-1,Godavari,Godavari,Seethapalli Vagu,-,-,Seethapalli Vagu,16.38139800,80.85303400,04-12-2023 08:00,2.5
1007,Vuyyuru,Andhra Pradesh GW,28,Andhra Pradesh,510,KRISHNA,VUYYURU,VUYYURU,Gandigunta-1,Godavari,Godavari,Seethapalli Vagu,-,-,Seethapalli Vagu,16.38139800,80.85303400,04-12-2023 09:00,1.5
1008,Vuyyuru,Andhra Pradesh GW,28,Andhra Pradesh,510,KRISHNA,VUYYURU,VUYYURU,Gandigunta-1,Godavari,Godavari,Seethapalli Vagu,-,-,Seethapalli Vagu,16.38139800,80.85303400,04-12-2023 11:00,1.5
1009,Vuyyuru,Andhra Pradesh GW,28,Andhra Pradesh,510,KRISHNA,VUYYURU,VUYYURU,Gandigunta-1,Godavari,Godavari,Seethapalli Vagu,-,-,Seethapalli Vagu,16.38139800,80.85303400,04-12-2023 11:00,0.5
1010,Vuyyuru,Andhra Pradesh GW,28,Andhra Pradesh,510,KRISHNA,VUYYURU,VUYYURU,Gandigunta-1,Godavari,Godavari,Seethapalli Vagu,-,-,Seethapalli Vagu,16.38139800,80.85303400,04-12-2023 12:00,0.5
1011,Vuyyuru,Andhra Pradesh GW,28,Andhra Pradesh,510,KRISHNA,VUYYURU,VUYYURU,Gandigunta-1,Godavari,Godavari,Seethapalli Vagu,-,-,Seethapalli Vagu,16.38139800,80.85303400,04-12-2023 12:00,0.5
1012,Vuyyuru,Andhra Pradesh GW,28,Andhra Pradesh,510,KRISHNA,VUYYURU,VUYYURU,Gandigunta-1,Godavari,Godavari,Seethapalli Vagu,-,-,Seethapalli Vagu,16.38139800,80.85303400,04-12-2023 13:00,3
1013,Vuyyuru,Andhra Pradesh GW,28,Andhra Pradesh,510,KRISHNA,VUYYURU,VUYYURU,Gandigunta-1,Godavari,Godavari,Seethapalli Vagu,-,-,Seethapalli Vagu,16.38139800,80.85303400,04-12-2023 13:00,3
1014,Vuyyuru,Andhra Pradesh GW,28,Andhra Pradesh,510,KRISHNA,VUYYURU,VUYYURU,Gandigunta-1,Godavari,Godavari,Seethapalli Vagu,-,-,Seethapalli Vagu,16.38139800,80.85303400,04-12-2023 14:00,5
1015,Vuyyuru,Andhra Pradesh GW,28,Andhra Pradesh,510,KRISHNA,VUYYURU,VUYYURU,Gandigunta-1,Godavari,Godavari,Seethapalli Vagu,-,-,Seethapalli Vagu,16.38139800,80.85303400,04-12-2023 14:00,5
1016,Vuyyuru,Andhra Pradesh GW,28,Andhra Pradesh,510,KRISHNA,VUYYURU,VUYYURU,Gandigunta-1,Godavari,Godavari,Seethapalli Vagu,-,-,Seethapalli Vagu,16.38139800,80.85303400,04-12-2023 15:00,0.5
1017,Vuyyuru,Andhra Pradesh GW,28,Andhra Pradesh,510,KRISHNA,VUYYURU,VUYYURU,Gandigunta-1,Godavari,Godavari,Seethapalli Vagu,-,-,Seethapalli Vagu,16.38139800,80.85303400,04-12-2023 15:00,0.5
1018,Vuyyuru,Andhra Pradesh GW,28,Andhra Pradesh,510,KRISHNA,VUYYURU,VUYYURU,Gandigunta-1,Godavari,Godavari,Seethapalli Vagu,-,-,Seethapalli Vagu,16.38139800,80.85303400,04-12-2023 16:00,0.5
1019,Vuyyuru,Andhra Pradesh GW,28,Andhra Pradesh,510,KRISHNA,VUYYURU,VUYYURU,Gandigunta-1,Godavari,Godavari,Seethapalli Vagu,-,-,Seethapalli Vagu,16.38139800,80.85303400,04-12-2023 16:00,0.5
1020,Vuyyuru,Andhra Pradesh GW,28,Andhra Pradesh,510,KRISHNA,VUYYURU,VUYYURU,Gandigunta-1,Godavari,Godavari,Seethapalli Vagu,-,-,Seethapalli Vagu,16.38139800,80.85303400,04-12-2023 17:00,0.5
1021,Vuyyuru,Andhra Pradesh GW,28,Andhra Pradesh,510,KRISHNA,VUYYURU,VUYYURU,Gandigunta-1,Godavari,Godavari,Seethapalli Vagu,-,-,Seethapalli Vagu,16.38139800,80.85303400,04-12-2023 18:00,0.5
1022,Vuyyuru,Andhra Pradesh GW,28,Andhra Pradesh,510,KRISHNA,VUYYURU,VUYYURU,Gandigunta-1,Godavari,Godavari,Seethapalli Vagu,-,-,Seethapalli Vagu,16.38139800,80.85303400,04-12-2023 18:00,0.5
1023,Vuyyuru,Andhra Pradesh GW,28,Andhra Pradesh,510,KRISHNA,VUYYURU,VUYYURU,Gandigunta-1,Godavari,Godavari,Seethapalli Vagu,-,-,Seethapalli Vagu,16.38139800,80.85303400,04-12-2023 19:00,0.5
1024,Vuyyuru,Andhra Pradesh GW,28,Andhra Pradesh,510,KRISHNA,VUYYURU,VUYYURU,Gandigunta-1,Godavari,Godavari,Seethapalli Vagu,-,-,Seethapalli Vagu,16.38139800,80.85303400,04-12-2023 19:00,0.5
1025,Vuyyuru,Andhra Pradesh GW,28,Andhra Pradesh,510,KRISHNA,VUYYURU,VUYYURU,Gandigunta-1,Godavari,Godavari,Seethapalli Vagu,-,-,Seethapalli Vagu,16.38139800,80.85303400,04-12-2023 20:00,0.5
1026,Vuyyuru,Andhra Pradesh GW,28,Andhra Pradesh,510,KRISHNA,VUYYURU,VUYYURU,Gandigunta-1,Godavari,Godavari,Seethapalli Vagu,-,-,Seethapalli Vagu,16.38139800,80.85303400,04-12-2023 20:00,0.5
1027,Vuyyuru,Andhra Pradesh GW,28,Andhra Pradesh,510,KRISHNA,VUYYURU,VUYYURU,Gandigunta-1,Godavari,Godavari,Seethapalli Vagu,-,-,Seethapalli Vagu,16.38139800,80.85303400,04-12-2023 21:00,11.5
1028,Vuyyuru,Andhra Pradesh GW,28,Andhra Pradesh,510,KRISHNA,VUYYURU,VUYYURU,Gandigunta-1,Godavari,Godavari,Seethapalli Vagu,-,-,Seethapalli Vagu,16.38139800,80.85303400,04-12-2023 21:00,11.5
1029,Vuyyuru,Andhra Pradesh GW,28,Andhra Pradesh,510,KRISHNA,VUYYURU,VUYYURU,Gandigunta-1,Godavari,Godavari,Seethapalli Vagu,-,-,Seethapalli Vagu,16.38139800,80.85303400,04-12-2023 22:00,11
1030,Vuyyuru,Andhra Pradesh GW,28,Andhra Pradesh,510,KRISHNA,VUYYURU,VUYYURU,Gandigunta-1,Godavari,Godavari,Seethapalli Vagu,-,-,Seethapalli Vagu,16.38139800,80.85303400,04-12-2023 22:00,11
1031,Vuyyuru,Andhra Pradesh GW,28,Andhra Pradesh,510,KRISHNA,VUYYURU,VUYYURU,Gandigunta-1,Godavari,Godavari,Seethapalli Vagu,-,-,Seethapalli Vagu,16.38139800,80.85303400,05-12-2023 00:00,0.5
1032,Vuyyuru,Andhra Pradesh GW,28,Andhra Pradesh,510,KRISHNA,VUYYURU,VUYYURU,Gandigunta-1,Godavari,Godavari,Seethapalli Vagu,-,-,Seethapalli Vagu,16.38139800,80.85303400,05-12-2023 00:00,0.5
1033,Vuyyuru,Andhra Pradesh GW,28,Andhra Pradesh,510,KRISHNA,VUYYURU,VUYYURU,Gandigunta-1,Godavari,Godavari,Seethapalli Vagu,-,-,Seethapalli Vagu,16.38139800,80.85303400,05-12-2023 01:00,2
1034,Vuyyuru,Andhra Pradesh GW,28,Andhra Pradesh,510,KRISHNA,VUYYURU,VUYYURU,Gandigunta-1,Godavari,Godavari,Seethapalli Vagu,-,-,Seethapalli Vagu,16.38139800,80.85303400,05-12-2023 01:00,2
1035,Vuyyuru,Andhra Pradesh GW,28,Andhra Pradesh,510,KRISHNA,VUYYURU,VUYYURU,Gandigunta-1,Godavari,Godavari,Seethapalli Vagu,-,-,Seethapalli Vagu,16.38139800,80.85303400,05-12-2023 02:00,0.5
1036,Vuyyuru,Andhra Pradesh GW,28,Andhra Pradesh,510,KRISHNA,VUYYURU,VUYYURU,Gandigunta-1,Godavari,Godavari,Seethapalli Vagu,-,-,Seethapalli Vagu,16.38139800,80.85303400,05-12-2023 02:00,0.5
1037,Vuyyuru,Andhra Pradesh GW,28,Andhra Pradesh,510,KRISHNA,VUYYURU,VUYYURU,Gandigunta-1,Godavari,Godavari,Seethapalli Vagu,-,-,Seethapalli Vagu,16.38139800,80.85303400,05-12-2023 04:00,0.5
1038,Vuyyuru,Andhra Pradesh GW,28,Andhra Pradesh,510,KRISHNA,VUYYURU,VUYYURU,Gandigunta-1,Godavari,Godavari,Seethapalli Vagu,-,-,Seethapalli Vagu,16.38139800,80.85303400,05-12-2023 04:00,0.5
1039,Vuyyuru,Andhra Pradesh GW,28,Andhra Pradesh,510,KRISHNA,VUYYURU,VUYYURU,Gandigunta-1,Godavari,Godavari,Seethapalli Vagu,-,-,Seethapalli Vagu,16.38139800,80.85303400,05-12-2023 05:00,7
1040,Vuyyuru,Andhra Pradesh GW,28,Andhra Pradesh,510,KRISHNA,VUYYURU,VUYYURU,Gandigunta-1,Godavari,Godavari,Seethapalli Vagu,-,-,Seethapalli Vagu,16.38139800,80.85303400,05-12-2023 05:00,7
1041,Vuyyuru,Andhra Pradesh GW,28,Andhra Pradesh,510,KRISHNA,VUYYURU,VUYYURU,Gandigunta-1,Godavari,Godavari,Seethapalli Vagu,-,-,Seethapalli Vagu,16.38139800,80.85303400,05-12-2023 06:00,52
1042,Vuyyuru,Andhra Pradesh GW,28,Andhra Pradesh,510,KRISHNA,VUYYURU,VUYYURU,Gandigunta-1,Godavari,Godavari,Seethapalli Vagu,-,-,Seethapalli Vagu,16.38139800,80.85303400,05-12-2023 06:00,52
1043,Vuyyuru,Andhra Pradesh GW,28,Andhra Pradesh,510,KRISHNA,VUYYURU,VUYYURU,Gandigunta-1,Godavari,Godavari,Seethapalli Vagu,-,-,Seethapalli Vagu,16.38139800,80.85303400,05-12-2023 07:00,8.5
1044,Vuyyuru,Andhra Pradesh GW,28,Andhra Pradesh,510,KRISHNA,VUYYURU,VUYYURU,Gandigunta-1,Godavari,Godavari,Seethapalli Vagu,-,-,Seethapalli Vagu,16.38139800,80.85303400,05-12-2023 07:00,8.5
1045,Vuyyuru,Andhra Pradesh GW,28,Andhra Pradesh,510,KRISHNA,VUYYURU,VUYYURU,Gandigunta-1,Godavari,Godavari,Seethapalli Vagu,-,-,Seethapalli Vagu,16.38139800,80.85303400,05-12-2023 08:00,1.5
1046,Vuyyuru,Andhra Pradesh GW,28,Andhra Pradesh,510,KRISHNA,VUYYURU,VUYYURU,Gandigunta-1,Godavari,Godavari,Seethapalli Vagu,-,-,Seethapalli Vagu,16.38139800,80.85303400,05-12-2023 08:00,2.5
1047,Vuyyuru,Andhra Pradesh GW,28,Andhra Pradesh,510,KRISHNA,VUYYURU,VUYYURU,Gandigunta-1,Godavari,Godavari,Seethapalli Vagu,-,-,Seethapalli Vagu,16.38139800,80.85303400,05-12-2023 09:00,2.5
1048,Vuyyuru,Andhra Pradesh GW,28,Andhra Pradesh,510,KRISHNA,VUYYURU,VUYYURU,Gandigunta-1,Godavari,Godavari,Seethapalli Vagu,-,-,Seethapalli Vagu,16.38139800,80.85303400,05-12-2023 09:00,2.5
1049,Vuyyuru,Andhra Pradesh GW,28,Andhra Pradesh,510,KRISHNA,VUYYURU,VUYYURU,Gandigunta-1,Godavari,Godavari,Seethapalli Vagu,-,-,Seethapalli Vagu,16.38139800,80.85303400,05-12-2023 10:00,0.5
1050,Vuyyuru,Andhra Pradesh GW,28,Andhra Pradesh,510,KRISHNA,VUYYURU,VUYYURU,Gandigunta-1,Godavari,Godavari,Seethapalli Vagu,-,-,Seethapalli Vagu,16.38139800,80.85303400,05-12-2023 10:00,0.5
1051,Vuyyuru,Andhra Pradesh GW,28,Andhra Pradesh,510,KRISHNA,VUYYURU,VUYYURU,Gandigunta-1,Godavari,Godavari,Seethapalli Vagu,-,-,Seethapalli Vagu,16.38139800,80.85303400,05-12-2023 12:00,1.5
1052,Vuyyuru,Andhra Pradesh GW,28,Andhra Pradesh,510,KRISHNA,VUYYURU,VUYYURU,Gandigunta-1,Godavari,Godavari,Seethapalli Vagu,-,-,Seethapalli Vagu,16.38139800,80.85303400,05-12-2023 12:00,1.5
1053,Vuyyuru,Andhra Pradesh GW,28,Andhra Pradesh,510,KRISHNA,VUYYURU,VUYYURU,Gandigunta-1,Godavari,Godavari,Seethapalli Vagu,-,-,Seethapalli Vagu,16.38139800,80.85303400,05-12-2023 13:00,3
1054,Vuyyuru,Andhra Pradesh GW,28,Andhra Pradesh,510,KRISHNA,VUYYURU,VUYYURU,Gandigunta-1,Godavari,Godavari,Seethapalli Vagu,-,-,Seethapalli Vagu,16.38139800,80.85303400,05-12-2023 13:00,3
1055,Vuyyuru,Andhra Pradesh GW,28,Andhra Pradesh,510,KRISHNA,VUYYURU,VUYYURU,Gandigunta-1,Godavari,Godavari,Seethapalli Vagu,-,-,Seethapalli Vagu,16.38139800,80.85303400,05-12-2023 14:00,1.5
1056,Vuyyuru,Andhra Pradesh GW,28,Andhra Pradesh,510,KRISHNA,VUYYURU,VUYYURU,Gandigunta-1,Godavari,Godavari,Seethapalli Vagu,-,-,Seethapalli Vagu,16.38139800,80.85303400,05-12-2023 14:00,1.5
1057,Vuyyuru,Andhra Pradesh GW,28,Andhra Pradesh,510,KRISHNA,VUYYURU,VUYYURU,Gandigunta-1,Godavari,Godavari,Seethapalli Vagu,-,-,Seethapalli Vagu,16.38139800,80.85303400,05-12-2023 15:00,4
1058,Vuyyuru,Andhra Pradesh GW,28,Andhra Pradesh,510,KRISHNA,VUYYURU,VUYYURU,Gandigunta-1,Godavari,Godavari,Seethapalli Vagu,-,-,Seethapalli Vagu,16.38139800,80.85303400,05-12-2023 15:00,4
1059,Vuyyuru,Andhra Pradesh GW,28,Andhra Pradesh,510,KRISHNA,VUYYURU,VUYYURU,Gandigunta-1,Godavari,Godavari,Seethapalli Vagu,-,-,Seethapalli Vagu,16.38139800,80.85303400,05-12-2023 16:00,7
1060,Vuyyuru,Andhra Pradesh GW,28,Andhra Pradesh,510,KRISHNA,VUYYURU,VUYYURU,Gandigunta-1,Godavari,Godavari,Seethapalli Vagu,-,-,Seethapalli Vagu,16.38139800,80.85303400,05-12-2023 16:00,7
1061,Vuyyuru,Andhra Pradesh GW,28,Andhra Pradesh,510,KRISHNA,VUYYURU,VUYYURU,Gandigunta-1,Godavari,Godavari,Seethapalli Vagu,-,-,Seethapalli Vagu,16.38139800,80.85303400,05-12-2023 17:00,1.5
1062,Vuyyuru,Andhra Pradesh GW,28,Andhra Pradesh,510,KRISHNA,VUYYURU,VUYYURU,Gandigunta-1,Godavari,Godavari,Seethapalli Vagu,-,-,Seethapalli Vagu,16.38139800,80.85303400,05-12-2023 17:00,2.5
1063,Vuyyuru,Andhra Pradesh GW,28,Andhra Pradesh,510,KRISHNA,VUYYURU,VUYYURU,Gandigunta-1,Godavari,Godavari,Seethapalli Vagu,-,-,Seethapalli Vagu,16.38139800,80.85303400,05-12-2023 18:00,2.5
1064,Vuyyuru,Andhra Pradesh GW,28,Andhra Pradesh,510,KRISHNA,VUYYURU,VUYYURU,Gandigunta-1,Godavari,Godavari,Seethapalli Vagu,-,-,Seethapalli Vagu,16.38139800,80.85303400,05-12-2023 18:00,2.5
1065,Vuyyuru,Andhra Pradesh GW,28,Andhra Pradesh,510,KRISHNA,VUYYURU,VUYYURU,Gandigunta-1,Godavari,Godavari,Seethapalli Vagu,-,-,Seethapalli Vagu,16.38139800,80.85303400,05-12-2023 19:00,14.5
1066,Vuyyuru,Andhra Pradesh GW,28,Andhra Pradesh,510,KRISHNA,VUYYURU,VUYYURU,Gandigunta-1,Godavari,Godavari,Seethapalli Vagu,-,-,Seethapalli Vagu,16.38139800,80.85303400,05-12-2023 19:00,14.5
1067,Vuyyuru,Andhra Pradesh GW,28,Andhra Pradesh,510,KRISHNA,VUYYURU,VUYYURU,Gandigunta-1,Godavari,Godavari,Seethapalli Vagu,-,-,Seethapalli Vagu,16.38139800,80.85303400,05-12-2023 20:00,2
1068,Vuyyuru,Andhra Pradesh GW,28,Andhra Pradesh,510,KRISHNA,VUYYURU,VUYYURU,Gandigunta-1,Godavari,Godavari,Seethapalli Vagu,-,-,Seethapalli Vagu,16.38139800,80.85303400,05-12-2023 20:00,2
1069,Vuyyuru,Andhra Pradesh GW,28,Andhra Pradesh,510,KRISHNA,VUYYURU,VUYYURU,Gandigunta-1,Godavari,Godavari,Seethapalli Vagu,-,-,Seethapalli Vagu,16.38139800,80.85303400,05-12-2023 21:00,1
1070,Vuyyuru,Andhra Pradesh GW,28,Andhra Pradesh,510,KRISHNA,VUYYURU,VUYYURU,Gandigunta-1,Godavari,Godavari,Seethapalli Vagu,-,-,Seethapalli Vagu,16.38139800,80.85303400,05-12-2023 21:00,1
1071,Vuyyuru,Andhra Pradesh GW,28,Andhra Pradesh,510,KRISHNA,VUYYURU,VUYYURU,Gandigunta-1,Godavari,Godavari,Seethapalli Vagu,-,-,Seethapalli Vagu,16.38139800,80.85303400,05-12-2023 23:00,1
1072,Vuyyuru,Andhra Pradesh GW,28,Andhra Pradesh,510,KRISHNA,VUYYURU,VUYYURU,Gandigunta-1,Godavari,Godavari,Seethapalli Vagu,-,-,Seethapalli Vagu,16.38139800,80.85303400,05-12-2023 23:00,1
1073,Vuyyuru,Andhra Pradesh GW,28,Andhra Pradesh,510,KRISHNA,VUYYURU,VUYYURU,Gandigunta-1,Godavari,Godavari,Seethapalli Vagu,-,-,Seethapalli Vagu,16.38139800,80.85303400,06-12-2023 01:00,0.5
1074,Vuyyuru,Andhra Pradesh GW,28,Andhra Pradesh,510,KRISHNA,VUYYURU,VUYYURU,Gandigunta-1,Godavari,Godavari,Seethapalli Vagu,-,-,Seethapalli Vagu,16.38139800,80.85303400,06-12-2023 01:00,0.5
1075,Vuyyuru,Andhra Pradesh GW,28,Andhra Pradesh,510,KRISHNA,VUYYURU,VUYYURU,Gandigunta-1,Godavari,Godavari,Seethapalli Vagu,-,-,Seethapalli Vagu,16.38139800,80.85303400,06-12-2023 03:00,0.5
1076,Vuyyuru,Andhra Pradesh GW,28,Andhra Pradesh,510,KRISHNA,VUYYURU,VUYYURU,Gandigunta-1,Godavari,Godavari,Seethapalli Vagu,-,-,Seethapalli Vagu,16.38139800,80.85303400,06-12-2023 03:00,0.5
1077,Vuyyuru,Andhra Pradesh GW,28,Andhra Pradesh,510,KRISHNA,VUYYURU,VUYYURU,Gandigunta-1,Godavari,Godavari,Seethapalli Vagu,-,-,Seethapalli Vagu,16.38139800,80.85303400,06-12-2023 04:00,1
1078,Vuyyuru,Andhra Pradesh GW,28,Andhra Pradesh,510,KRISHNA,VUYYURU,VUYYURU,Gandigunta-1,Godavari,Godavari,Seethapalli Vagu,-,-,Seethapalli Vagu,16.38139800,80.85303400,06-12-2023 04:00,1
1079,Vuyyuru,Andhra Pradesh GW,28,Andhra Pradesh,510,KRISHNA,VUYYURU,VUYYURU,Gandigunta-1,Godavari,Godavari,Seethapalli Vagu,-,-,Seethapalli Vagu,16.38139800,80.85303400,06-12-2023 05:00,2
1080,Vuyyuru,Andhra Pradesh GW,28,Andhra Pradesh,510,KRISHNA,VUYYURU,VUYYURU,Gandigunta-1,Godavari,Godavari,Seethapalli Vagu,-,-,Seethapalli Vagu,16.38139800,80.85303400,06-12-2023 05:00,1
1081,Vuyyuru,Andhra Pradesh GW,28,Andhra Pradesh,510,KRISHNA,VUYYURU,VUYYURU,Gandigunta-1,Godavari,Godavari,Seethapalli Vagu,-,-,Seethapalli Vagu,16.38139800,80.85303400,06-12-2023 06:00,1
1082,Vuyyuru,Andhra Pradesh GW,28,Andhra Pradesh,510,KRISHNA,VUYYURU,VUYYURU,Gandigunta-1,Godavari,Godavari,Seethapalli Vagu,-,-,Seethapalli Vagu,16.38139800,80.85303400,06-12-2023 06:00,1
1083,Vuyyuru,Andhra Pradesh GW,28,Andhra Pradesh,510,KRISHNA,VUYYURU,VUYYURU,Gandigunta-1,Godavari,Godavari,Seethapalli Vagu,-,-,Seethapalli Vagu,16.38139800,80.85303400,06-12-2023 12:00,0.5
1084,Vuyyuru,Andhra Pradesh GW,28,Andhra Pradesh,510,KRISHNA,VUYYURU,VUYYURU,Gandigunta-1,Godavari,Godavari,Seethapalli Vagu,-,-,Seethapalli Vagu,16.38139800,80.85303400,06-12-2023 12:00,0.5
1085,Vuyyuru,Andhra Pradesh GW,28,Andhra Pradesh,510,KRISHNA,VUYYURU,VUYYURU,Gandigunta-1,Godavari,Godavari,Seethapalli Vagu,-,-,Seethapalli Vagu,16.38139800,80.85303400,13-12-2023 14:00,44.5
1086,Vuyyuru,Andhra Pradesh GW,28,Andhra Pradesh,510,KRISHNA,VUYYURU,VUYYURU,Gandigunta-1,Godavari,Godavari,Seethapalli Vagu,-,-,Seethapalli Vagu,16.38139800,80.85303400,23-12-2023 16:00,5
1087,Vuyyuru,Andhra Pradesh GW,28,Andhra Pradesh,510,KRISHNA,VUYYURU,VUYYURU,Gandigunta-1,Godavari,Godavari,Seethapalli Vagu,-,-,Seethapalli Vagu,16.38139800,80.85303400,28-12-2023 18:00,5
1088,Vuyyuru,Andhra Pradesh GW,28,Andhra Pradesh,510,KRISHNA,VUYYURU,VUYYURU,Gandigunta-1,Godavari,Godavari,Seethapalli Vagu,-,-,Seethapalli Vagu,16.38139800,80.85303400,07-05-2024 16:00,12
1089,Vuyyuru,Andhra Pradesh GW,28,Andhra Pradesh,510,KRISHNA,VUYYURU,VUYYURU,Gandigunta-1,Godavari,Godavari,Seethapalli Vagu,-,-,Seethapalli Vagu,16.38139800,80.85303400,07-05-2024 17:00,12
1090,Vuyyuru,Andhra Pradesh GW,28,Andhra Pradesh,510,KRISHNA,VUYYURU,VUYYURU,Gandigunta-1,Godavari,Godavari,Seethapalli Vagu,-,-,Seethapalli Vagu,16.38139800,80.85303400,07-05-2024 17:00,12
1091,Vuyyuru,Andhra Pradesh GW,28,Andhra Pradesh,510,KRISHNA,VUYYURU,VUYYURU,Gandigunta-1,Godavari,Godavari,Seethapalli Vagu,-,-,Seethapalli Vagu,16.38139800,80.85303400,07-05-2024 19:00,1
1092,Vuyyuru,Andhra Pradesh GW,28,Andhra Pradesh,510,KRISHNA,VUYYURU,VUYYURU,Gandigunta-1,Godavari,Godavari,Seethapalli Vagu,-,-,Seethapalli Vagu,16.38139800,80.85303400,07-05-2024 19:00,1
1093,Vuyyuru,Andhra Pradesh GW,28,Andhra Pradesh,510,KRISHNA,VUYYURU,VUYYURU,Gandigunta-1,Godavari,Godavari,Seethapalli Vagu,-,-,Seethapalli Vagu,16.38139800,80.85303400,07-05-2024 20:00,0.5
1094,Vuyyuru,Andhra Pradesh GW,28,Andhra Pradesh,510,KRISHNA,VUYYURU,VUYYURU,Gandigunta-1,Godavari,Godavari,Seethapalli Vagu,-,-,Seethapalli Vagu,16.38139800,80.85303400,07-05-2024 20:00,0.5
1095,Vuyyuru,Andhra Pradesh GW,28,Andhra Pradesh,510,KRISHNA,VUYYURU,VUYYURU,Gandigunta-1,Godavari,Godavari,Seethapalli Vagu,-,-,Seethapalli Vagu,16.38139800,80.85303400,10-05-2024 16:00,2
1096,Vuyyuru,Andhra Pradesh GW,28,Andhra Pradesh,510,KRISHNA,VUYYURU,VUYYURU,Gandigunta-1,Godavari,Godavari,Seethapalli Vagu,-,-,Seethapalli Vagu,16.38139800,80.85303400,10-05-2024 16:00,2
1097,Vuyyuru,Andhra Pradesh GW,28,Andhra Pradesh,510,KRISHNA,VUYYURU,VUYYURU,Gandigunta-1,Godavari,Godavari,Seethapalli Vagu,-,-,Seethapalli Vagu,16.38139800,80.85303400,10-05-2024 17:00,7.5
1098,Vuyyuru,Andhra Pradesh GW,28,Andhra Pradesh,510,KRISHNA,VUYYURU,VUYYURU,Gandigunta-1,Godavari,Godavari,Seethapalli Vagu,-,-,Seethapalli Vagu,16.38139800,80.85303400,14-05-2024 14:00,4.5
1099,Vuyyuru,Andhra Pradesh GW,28,Andhra Pradesh,510,KRISHNA,VUYYURU,VUYYURU,Gandigunta-1,Godavari,Godavari,Seethapalli Vagu,-,-,Seethapalli Vagu,16.38139800,80.85303400,14-05-2024 14:00,4.5
1100,Vuyyuru,Andhra Pradesh GW,28,Andhra Pradesh,510,KRISHNA,VUYYURU,VUYYURU,Gandigunta-1,Godavari,Godavari,Seethapalli Vagu,-,-,Seethapalli Vagu,16.38139800,80.85303400,14-05-2024 15:00,1
1101,Vuyyuru,Andhra Pradesh GW,28,Andhra Pradesh,510,KRISHNA,VUYYURU,VUYYURU,Gandigunta-1,Godavari,Godavari,Seethapalli Vagu,-,-,Seethapalli Vagu,16.38139800,80.85303400,14-05-2024 15:00,1
1102,Vuyyuru,Andhra Pradesh GW,28,Andhra Pradesh,510,KRISHNA,VUYYURU,VUYYURU,Gandigunta-1,Godavari,Godavari,Seethapalli Vagu,-,-,Seethapalli Vagu,16.38139800,80.85303400,16-05-2024 16:00,1.5
1103,Vuyyuru,Andhra Pradesh GW,28,Andhra Pradesh,510,KRISHNA,VUYYURU,VUYYURU,Gandigunta-1,Godavari,Godavari,Seethapalli Vagu,-,-,Seethapalli Vagu,16.38139800,80.85303400,16-05-2024 16:00,1.5
1104,Vuyyuru,Andhra Pradesh GW,28,Andhra Pradesh,510,KRISHNA,VUYYURU,VUYYURU,Gandigunta-1,Godavari,Godavari,Seethapalli Vagu,-,-,Seethapalli Vagu,16.38139800,80.85303400,16-05-2024 17:00,0.5
1105,Vuyyuru,Andhra Pradesh GW,28,Andhra Pradesh,510,KRISHNA,VUYYURU,VUYYURU,Gandigunta-1,Godavari,Godavari,Seethapalli Vagu,-,-,Seethapalli Vagu,16.38139800,80.85303400,16-05-2024 18:00,0.5
1106,Vuyyuru,Andhra Pradesh GW,28,Andhra Pradesh,510,KRISHNA,VUYYURU,VUYYURU,Gandigunta-1,Godavari,Godavari,Seethapalli Vagu,-,-,Seethapalli Vagu,16.38139800,80.85303400,16-05-2024 18:00,0.5
1107,Vuyyuru,Andhra Pradesh GW,28,Andhra Pradesh,510,KRISHNA,VUYYURU,VUYYURU,Gandigunta-1,Godavari,Godavari,Seethapalli Vagu,-,-,Seethapalli Vagu,16.38139800,80.85303400,17-05-2024 06:00,0.5
1108,Vuyyuru,Andhra Pradesh GW,28,Andhra Pradesh,510,KRISHNA,VUYYURU,VUYYURU,Gandigunta-1,Godavari,Godavari,Seethapalli Vagu,-,-,Seethapalli Vagu,16.38139800,80.85303400,17-05-2024 06:00,0.5
1109,Vuyyuru,Andhra Pradesh GW,28,Andhra Pradesh,510,KRISHNA,VUYYURU,VUYYURU,Gandigunta-1,Godavari,Godavari,Seethapalli Vagu,-,-,Seethapalli Vagu,16.38139800,80.85303400,17-05-2024 07:00,2.5
1110,Vuyyuru,Andhra Pradesh GW,28,Andhra Pradesh,510,KRISHNA,VUYYURU,VUYYURU,Gandigunta-1,Godavari,Godavari,Seethapalli Vagu,-,-,Seethapalli Vagu,16.38139800,80.85303400,17-05-2024 07:00,2.5
1111,Vuyyuru,Andhra Pradesh GW,28,Andhra Pradesh,510,KRISHNA,VUYYURU,VUYYURU,Gandigunta-1,Godavari,Godavari,Seethapalli Vagu,-,-,Seethapalli Vagu,16.38139800,80.85303400,17-05-2024 08:00,2.5
1112,Vuyyuru,Andhra Pradesh GW,28,Andhra Pradesh,510,KRISHNA,VUYYURU,VUYYURU,Gandigunta-1,Godavari,Godavari,Seethapalli Vagu,-,-,Seethapalli Vagu,16.38139800,80.85303400,17-05-2024 08:00,2.5
1113,Vuyyuru,Andhra Pradesh GW,28,Andhra Pradesh,510,KRISHNA,VUYYURU,VUYYURU,Gandigunta-1,Godavari,Godavari,Seethapalli Vagu,-,-,Seethapalli Vagu,16.38139800,80.85303400,17-05-2024 09:00,1
1114,Vuyyuru,Andhra Pradesh GW,28,Andhra Pradesh,510,KRISHNA,VUYYURU,VUYYURU,Gandigunta-1,Godavari,Godavari,Seethapalli Vagu,-,-,Seethapalli Vagu,16.38139800,80.85303400,17-05-2024 09:00,1
1115,Vuyyuru,Andhra Pradesh GW,28,Andhra Pradesh,510,KRISHNA,VUYYURU,VUYYURU,Gandigunta-1,Godavari,Godavari,Seethapalli Vagu,-,-,Seethapalli Vagu,16.38139800,80.85303400,18-05-2024 11:00,4.5
1116,Vuyyuru,Andhra Pradesh GW,28,Andhra Pradesh,510,KRISHNA,VUYYURU,VUYYURU,Gandigunta-1,Godavari,Godavari,Seethapalli Vagu,-,-,Seethapalli Vagu,16.38139800,80.85303400,18-05-2024 11:00,4.5
1117,Vuyyuru,Andhra Pradesh GW,28,Andhra Pradesh,510,KRISHNA,VUYYURU,VUYYURU,Gandigunta-1,Godavari,Godavari,Seethapalli Vagu,-,-,Seethapalli Vagu,16.38139800,80.85303400,20-05-2024 12:00,5.5
1118,Vuyyuru,Andhra Pradesh GW,28,Andhra Pradesh,510,KRISHNA,VUYYURU,VUYYURU,Gandigunta-1,Godavari,Godavari,Seethapalli Vagu,-,-,Seethapalli Vagu,16.38139800,80.85303400,20-05-2024 12:00,5.5
1119,Vuyyuru,Andhra Pradesh GW,28,Andhra Pradesh,510,KRISHNA,VUYYURU,VUYYURU,Gandigunta-1,Godavari,Godavari,Seethapalli Vagu,-,-,Seethapalli Vagu,16.38139800,80.85303400,20-05-2024 13:00,17.5
1120,Vuyyuru,Andhra Pradesh GW,28,Andhra Pradesh,510,KRISHNA,VUYYURU,VUYYURU,Gandigunta-1,Godavari,Godavari,Seethapalli Vagu,-,-,Seethapalli Vagu,16.38139800,80.85303400,20-05-2024 13:00,17.5
1121,Vuyyuru,Andhra Pradesh GW,28,Andhra Pradesh,510,KRISHNA,VUYYURU,VUYYURU,Gandigunta-1,Godavari,Godavari,Seethapalli Vagu,-,-,Seethapalli Vagu,16.38139800,80.85303400,25-05-2024 11:00,0.5
1122,Vuyyuru,Andhra Pradesh GW,28,Andhra Pradesh,510,KRISHNA,VUYYURU,VUYYURU,Gandigunta-1,Godavari,Godavari,Seethapalli Vagu,-,-,Seethapalli Vagu,16.38139800,80.85303400,25-05-2024 11:00,0.5
1123,Vuyyuru,Andhra Pradesh GW,28,Andhra Pradesh,510,KRISHNA,VUYYURU,VUYYURU,Gandigunta-1,Godavari,Godavari,Seethapalli Vagu,-,-,Seethapalli Vagu,16.38139800,80.85303400,25-05-2024 15:00,0.5
1124,Vuyyuru,Andhra Pradesh GW,28,Andhra Pradesh,510,KRISHNA,VUYYURU,VUYYURU,Gandigunta-1,Godavari,Godavari,Seethapalli Vagu,-,-,Seethapalli Vagu,16.38139800,80.85303400,25-05-2024 17:00,0.5
1125,Vuyyuru,Andhra Pradesh GW,28,Andhra Pradesh,510,KRISHNA,VUYYURU,VUYYURU,Gandigunta-1,Godavari,Godavari,Seethapalli Vagu,-,-,Seethapalli Vagu,16.38139800,80.85303400,25-05-2024 17:00,0.5
1126,Vuyyuru,Andhra Pradesh GW,28,Andhra Pradesh,510,KRISHNA,VUYYURU,VUYYURU,Gandigunta-1,Godavari,Godavari,Seethapalli Vagu,-,-,Seethapalli Vagu,16.38139800,80.85303400,05-06-2024 23:00,8
1127,Vuyyuru,Andhra Pradesh GW,28,Andhra Pradesh,510,KRISHNA,VUYYURU,VUYYURU,Gandigunta-1,Godavari,Godavari,Seethapalli Vagu,-,-,Seethapalli Vagu,16.38139800,80.85303400,06-06-2024 00:00,1
1128,Vuyyuru,Andhra Pradesh GW,28,Andhra Pradesh,510,KRISHNA,VUYYURU,VUYYURU,Gandigunta-1,Godavari,Godavari,Seethapalli Vagu,-,-,Seethapalli Vagu,16.38139800,80.85303400,06-06-2024 01:00,2
1129,Vuyyuru,Andhra Pradesh GW,28,Andhra Pradesh,510,KRISHNA,VUYYURU,VUYYURU,Gandigunta-1,Godavari,Godavari,Seethapalli Vagu,-,-,Seethapalli Vagu,16.38139800,80.85303400,06-06-2024 02:00,1.5
1130,Vuyyuru,Andhra Pradesh GW,28,Andhra Pradesh,510,KRISHNA,VUYYURU,VUYYURU,Gandigunta-1,Godavari,Godavari,Seethapalli Vagu,-,-,Seethapalli Vagu,16.38139800,80.85303400,06-06-2024 03:00,0.5
1131,Vuyyuru,Andhra Pradesh GW,28,Andhra Pradesh,510,KRISHNA,VUYYURU,VUYYURU,Gandigunta-1,Godavari,Godavari,Seethapalli Vagu,-,-,Seethapalli Vagu,16.38139800,80.85303400,06-06-2024 04:00,0.5
1132,Vuyyuru,Andhra Pradesh GW,28,Andhra Pradesh,510,KRISHNA,VUYYURU,VUYYURU,Gandigunta-1,Godavari,Godavari,Seethapalli Vagu,-,-,Seethapalli Vagu,16.38139800,80.85303400,07-06-2024 14:00,2
1133,Vuyyuru,Andhra Pradesh GW,28,Andhra Pradesh,510,KRISHNA,VUYYURU,VUYYURU,Gandigunta-1,Godavari,Godavari,Seethapalli Vagu,-,-,Seethapalli Vagu,16.38139800,80.85303400,07-06-2024 14:00,2
1134,Vuyyuru,Andhra Pradesh GW,28,Andhra Pradesh,510,KRISHNA,VUYYURU,VUYYURU,Gandigunta-1,Godavari,Godavari,Seethapalli Vagu,-,-,Seethapalli Vagu,16.38139800,80.85303400,07-06-2024 15:00,0.5
1135,Vuyyuru,Andhra Pradesh GW,28,Andhra Pradesh,510,KRISHNA,VUYYURU,VUYYURU,Gandigunta-1,Godavari,Godavari,Seethapalli Vagu,-,-,Seethapalli Vagu,16.38139800,80.85303400,07-06-2024 15:00,0.5
1136,Vuyyuru,Andhra Pradesh GW,28,Andhra Pradesh,510,KRISHNA,VUYYURU,VUYYURU,Gandigunta-1,Godavari,Godavari,Seethapalli Vagu,-,-,Seethapalli Vagu,16.38139800,80.85303400,10-06-2024 14:00,6
1137,Vuyyuru,Andhra Pradesh GW,28,Andhra Pradesh,510,KRISHNA,VUYYURU,VUYYURU,Gandigunta-1,Godavari,Godavari,Seethapalli Vagu,-,-,Seethapalli Vagu,16.38139800,80.85303400,10-06-2024 14:00,6
1138,Vuyyuru,Andhra Pradesh GW,28,Andhra Pradesh,510,KRISHNA,VUYYURU,VUYYURU,Gandigunta-1,Godavari,Godavari,Seethapalli Vagu,-,-,Seethapalli Vagu,16.38139800,80.85303400,10-06-2024 15:00,0.5
1139,Vuyyuru,Andhra Pradesh GW,28,Andhra Pradesh,510,KRISHNA,VUYYURU,VUYYURU,Gandigunta-1,Godavari,Godavari,Seethapalli Vagu,-,-,Seethapalli Vagu,16.38139800,80.85303400,10-06-2024 15:00,0.5
1140,Vuyyuru,Andhra Pradesh GW,28,Andhra Pradesh,510,KRISHNA,VUYYURU,VUYYURU,Gandigunta-1,Godavari,Godavari,Seethapalli Vagu,-,-,Seethapalli Vagu,16.38139800,80.85303400,10-06-2024 19:00,5.5
1141,Vuyyuru,Andhra Pradesh GW,28,Andhra Pradesh,510,KRISHNA,VUYYURU,VUYYURU,Gandigunta-1,Godavari,Godavari,Seethapalli Vagu,-,-,Seethapalli Vagu,16.38139800,80.85303400,10-06-2024 19:00,5.5
1142,Vuyyuru,Andhra Pradesh GW,28,Andhra Pradesh,510,KRISHNA,VUYYURU,VUYYURU,Gandigunta-1,Godavari,Godavari,Seethapalli Vagu,-,-,Seethapalli Vagu,16.38139800,80.85303400,10-06-2024 20:00,6.5
1143,Vuyyuru,Andhra Pradesh GW,28,Andhra Pradesh,510,KRISHNA,VUYYURU,VUYYURU,Gandigunta-1,Godavari,Godavari,Seethapalli Vagu,-,-,Seethapalli Vagu,16.38139800,80.85303400,10-06-2024 20:00,6.5
1144,Vuyyuru,Andhra Pradesh GW,28,Andhra Pradesh,510,KRISHNA,VUYYURU,VUYYURU,Gandigunta-1,Godavari,Godavari,Seethapalli Vagu,-,-,Seethapalli Vagu,16.38139800,80.85303400,14-06-2024 23:00,1
1145,Vuyyuru,Andhra Pradesh GW,28,Andhra Pradesh,510,KRISHNA,VUYYURU,VUYYURU,Gandigunta-1,Godavari,Godavari,Seethapalli Vagu,-,-,Seethapalli Vagu,16.38139800,80.85303400,15-06-2024 01:00,0.5
1146,Vuyyuru,Andhra Pradesh GW,28,Andhra Pradesh,510,KRISHNA,VUYYURU,VUYYURU,Gandigunta-1,Godavari,Godavari,Seethapalli Vagu,-,-,Seethapalli Vagu,16.38139800,80.85303400,16-06-2024 19:00,12.5
1147,Vuyyuru,Andhra Pradesh GW,28,Andhra Pradesh,510,KRISHNA,VUYYURU,VUYYURU,Gandigunta-1,Godavari,Godavari,Seethapalli Vagu,-,-,Seethapalli Vagu,16.38139800,80.85303400,20-06-2024 05:00,0.5
1148,Vuyyuru,Andhra Pradesh GW,28,Andhra Pradesh,510,KRISHNA,VUYYURU,VUYYURU,Gandigunta-1,Godavari,Godavari,Seethapalli Vagu,-,-,Seethapalli Vagu,16.38139800,80.85303400,22-06-2024 06:00,1.5
1149,Vuyyuru,Andhra Pradesh GW,28,Andhra Pradesh,510,KRISHNA,VUYYURU,VUYYURU,Gandigunta-1,Godavari,Godavari,Seethapalli Vagu,-,-,Seethapalli Vagu,16.38139800,80.85303400,22-06-2024 20:00,2
1150,Vuyyuru,Andhra Pradesh GW,28,Andhra Pradesh,510,KRISHNA,VUYYURU,VUYYURU,Gandigunta-1,Godavari,Godavari,Seethapalli Vagu,-,-,Seethapalli Vagu,16.38139800,80.85303400,22-06-2024 21:00,1.5
1151,Vuyyuru,Andhra Pradesh GW,28,Andhra Pradesh,510,KRISHNA,VUYYURU,VUYYURU,Gandigunta-1,Godavari,Godavari,Seethapalli Vagu,-,-,Seethapalli Vagu,16.38139800,80.85303400,23-06-2024 08:00,0.5
1152,Vuyyuru,Andhra Pradesh GW,28,Andhra Pradesh,510,KRISHNA,VUYYURU,VUYYURU,Gandigunta-1,Godavari,Godavari,Seethapalli Vagu,-,-,Seethapalli Vagu,16.38139800,80.85303400,23-06-2024 20:00,15
1153,Vuyyuru,Andhra Pradesh GW,28,Andhra Pradesh,510,KRISHNA,VUYYURU,VUYYURU,Gandigunta-1,Godavari,Godavari,Seethapalli Vagu,-,-,Seethapalli Vagu,16.38139800,80.85303400,23-06-2024 22:00,0.5
1154,Vuyyuru,Andhra Pradesh GW,28,Andhra Pradesh,510,KRISHNA,VUYYURU,VUYYURU,Gandigunta-1,Godavari,Godavari,Seethapalli Vagu,-,-,Seethapalli Vagu,16.38139800,80.85303400,27-06-2024 01:00,11.5
1155,Vuyyuru,Andhra Pradesh GW,28,Andhra Pradesh,510,KRISHNA,VUYYURU,VUYYURU,Gandigunta-1,Godavari,Godavari,Seethapalli Vagu,-,-,Seethapalli Vagu,16.38139800,80.85303400,27-06-2024 02:00,4.5
1156,Vuyyuru,Andhra Pradesh GW,28,Andhra Pradesh,510,KRISHNA,VUYYURU,VUYYURU,Gandigunta-1,Godavari,Godavari,Seethapalli Vagu,-,-,Seethapalli Vagu,16.38139800,80.85303400,27-06-2024 03:00,3
1157,Vuyyuru,Andhra Pradesh GW,28,Andhra Pradesh,510,KRISHNA,VUYYURU,VUYYURU,Gandigunta-1,Godavari,Godavari,Seethapalli Vagu,-,-,Seethapalli Vagu,16.38139800,80.85303400,27-06-2024 04:00,2
1158,Vuyyuru,Andhra Pradesh GW,28,Andhra Pradesh,510,KRISHNA,VUYYURU,VUYYURU,Gandigunta-1,Godavari,Godavari,Seethapalli Vagu,-,-,Seethapalli Vagu,16.38139800,80.85303400,27-06-2024 05:00,2
1159,Vuyyuru,Andhra Pradesh GW,28,Andhra Pradesh,510,KRISHNA,VUYYURU,VUYYURU,Gandigunta-1,Godavari,Godavari,Seethapalli Vagu,-,-,Seethapalli Vagu,16.38139800,80.85303400,27-06-2024 06:00,1.5
1160,Vuyyuru,Andhra Pradesh GW,28,Andhra Pradesh,510,KRISHNA,VUYYURU,VUYYURU,Gandigunta-1,Godavari,Godavari,Seethapalli Vagu,-,-,Seethapalli Vagu,16.38139800,80.85303400,27-06-2024 07:00,0.5
1161,Vuyyuru,Andhra Pradesh GW,28,Andhra Pradesh,510,KRISHNA,VUYYURU,VUYYURU,Gandigunta-1,Godavari,Godavari,Seethapalli Vagu,-,-,Seethapalli Vagu,16.38139800,80.85303400,27-06-2024 10:00,0.5
1162,Vuyyuru,Andhra Pradesh GW,28,Andhra Pradesh,510,KRISHNA,VUYYURU,VUYYURU,Gandigunta-1,Godavari,Godavari,Seethapalli Vagu,-,-,Seethapalli Vagu,16.38139800,80.85303400,27-06-2024 13:00,0.5
1163,Vuyyuru,Andhra Pradesh GW,28,Andhra Pradesh,510,KRISHNA,VUYYURU,VUYYURU,Gandigunta-1,Godavari,Godavari,Seethapalli Vagu,-,-,Seethapalli Vagu,16.38139800,80.85303400,27-06-2024 22:00,0.5
1164,Vuyyuru,Andhra Pradesh GW,28,Andhra Pradesh,510,KRISHNA,VUYYURU,VUYYURU,Gandigunta-1,Godavari,Godavari,Seethapalli Vagu,-,-,Seethapalli Vagu,16.38139800,80.85303400,28-06-2024 00:00,1
1165,Vuyyuru,Andhra Pradesh GW,28,Andhra Pradesh,510,KRISHNA,VUYYURU,VUYYURU,Gandigunta-1,Godavari,Godavari,Seethapalli Vagu,-,-,Seethapalli Vagu,16.38139800,80.85303400,28-06-2024 01:00,0.5
1166,Vuyyuru,Andhra Pradesh GW,28,Andhra Pradesh,510,KRISHNA,VUYYURU,VUYYURU,Gandigunta-1,Godavari,Godavari,Seethapalli Vagu,-,-,Seethapalli Vagu,16.38139800,80.85303400,28-06-2024 02:00,0.5
1167,Vuyyuru,Andhra Pradesh GW,28,Andhra Pradesh,510,KRISHNA,VUYYURU,VUYYURU,Gandigunta-1,Godavari,Godavari,Seethapalli Vagu,-,-,Seethapalli Vagu,16.38139800,80.85303400,28-06-2024 04:00,0.5
1168,Vuyyuru,Andhra Pradesh GW,28,Andhra Pradesh,510,KRISHNA,VUYYURU,VUYYURU,Gandigunta-1,Godavari,Godavari,Seethapalli Vagu,-,-,Seethapalli Vagu,16.38139800,80.85303400,28-06-2024 09:00,1.5
1169,Vuyyuru,Andhra Pradesh GW,28,Andhra Pradesh,510,KRISHNA,VUYYURU,VUYYURU,Gandigunta-1,Godavari,Godavari,Seethapalli Vagu,-,-,Seethapalli Vagu,16.38139800,80.85303400,29-06-2024 22:00,10.5
1170,Vuyyuru,Andhra Pradesh GW,28,Andhra Pradesh,510,KRISHNA,VUYYURU,VUYYURU,Gandigunta-1,Godavari,Godavari,Seethapalli Vagu,-,-,Seethapalli Vagu,16.38139800,80.85303400,29-06-2024 23:00,1.5
1171,Vuyyuru,Andhra Pradesh GW,28,Andhra Pradesh,510,KRISHNA,VUYYURU,VUYYURU,Gandigunta-1,Godavari,Godavari,Seethapalli Vagu,-,-,Seethapalli Vagu,16.38139800,80.85303400,30-06-2024 01:00,13.5
1172,Vuyyuru,Andhra Pradesh GW,28,Andhra Pradesh,510,KRISHNA,VUYYURU,VUYYURU,Gandigunta-1,Godavari,Godavari,Seethapalli Vagu,-,-,Seethapalli Vagu,16.38139800,80.85303400,30-06-2024 02:00,9.5
1173,Vuyyuru,Andhra Pradesh GW,28,Andhra Pradesh,510,KRISHNA,VUYYURU,VUYYURU,Gandigunta-1,Godavari,Godavari,Seethapalli Vagu,-,-,Seethapalli Vagu,16.38139800,80.85303400,30-06-2024 03:00,3.5
1174,Vuyyuru,Andhra Pradesh GW,28,Andhra Pradesh,510,KRISHNA,VUYYURU,VUYYURU,Gandigunta-1,Godavari,Godavari,Seethapalli Vagu,-,-,Seethapalli Vagu,16.38139800,80.85303400,30-06-2024 04:00,1.5
1175,Vuyyuru,Andhra Pradesh GW,28,Andhra Pradesh,510,KRISHNA,VUYYURU,VUYYURU,Gandigunta-1,Godavari,Godavari,Seethapalli Vagu,-,-,Seethapalli Vagu,16.38139800,80.85303400,30-06-2024 05:00,2.5
1176,Vuyyuru,Andhra Pradesh GW,28,Andhra Pradesh,510,KRISHNA,VUYYURU,VUYYURU,Gandigunta-1,Godavari,Godavari,Seethapalli Vagu,-,-,Seethapalli Vagu,16.38139800,80.85303400,30-06-2024 06:00,1.5
1177,Vuyyuru,Andhra Pradesh GW,28,Andhra Pradesh,510,KRISHNA,VUYYURU,VUYYURU,Gandigunta-1,Godavari,Godavari,Seethapalli Vagu,-,-,Seethapalli Vagu,16.38139800,80.85303400,30-06-2024 08:00,1
1178,Vuyyuru,Andhra Pradesh GW,28,Andhra Pradesh,510,KRISHNA,VUYYURU,VUYYURU,Gandigunta-1,Godavari,Godavari,Seethapalli Vagu,-,-,Seethapalli Vagu,16.38139800,80.85303400,30-06-2024 09:00,1
1179,Vuyyuru,Andhra Pradesh GW,28,Andhra Pradesh,510,KRISHNA,VUYYURU,VUYYURU,Gandigunta-1,Godavari,Godavari,Seethapalli Vagu,-,-,Seethapalli Vagu,16.38139800,80.85303400,30-06-2024 10:00,1
1180,Vuyyuru,Andhra Pradesh GW,28,Andhra Pradesh,510,KRISHNA,VUYYURU,VUYYURU,Gandigunta-1,Godavari,Godavari,Seethapalli Vagu,-,-,Seethapalli Vagu,16.38139800,80.85303400,30-06-2024 11:00,2.5
1181,Vuyyuru,Andhra Pradesh GW,28,Andhra Pradesh,510,KRISHNA,VUYYURU,VUYYURU,Gandigunta-1,Godavari,Godavari,Seethapalli Vagu,-,-,Seethapalli Vagu,16.38139800,80.85303400,30-06-2024 12:00,1
1182,Vuyyuru,Andhra Pradesh GW,28,Andhra Pradesh,510,KRISHNA,VUYYURU,VUYYURU,Gandigunta-1,Godavari,Godavari,Seethapalli Vagu,-,-,Seethapalli Vagu,16.38139800,80.85303400,30-06-2024 13:00,0.5
1183,Vuyyuru,Andhra Pradesh GW,28,Andhra Pradesh,510,KRISHNA,VUYYURU,VUYYURU,Gandigunta-1,Godavari,Godavari,Seethapalli Vagu,-,-,Seethapalli Vagu,16.38139800,80.85303400,01-07-2024 04:00,1
1184,Vuyyuru,Andhra Pradesh GW,28,Andhra Pradesh,510,KRISHNA,VUYYURU,VUYYURU,Gandigunta-1,Godavari,Godavari,Seethapalli Vagu,-,-,Seethapalli Vagu,16.38139800,80.85303400,01-07-2024 05:00,1
1185,Vuyyuru,Andhra Pradesh GW,28,Andhra Pradesh,510,KRISHNA,VUYYURU,VUYYURU,Gandigunta-1,Godavari,Godavari,Seethapalli Vagu,-,-,Seethapalli Vagu,16.38139800,80.85303400,05-07-2024 16:00,3
1186,Vuyyuru,Andhra Pradesh GW,28,Andhra Pradesh,510,KRISHNA,VUYYURU,VUYYURU,Gandigunta-1,Godavari,Godavari,Seethapalli Vagu,-,-,Seethapalli Vagu,16.38139800,80.85303400,08-07-2024 12:00,224
1187,Vuyyuru,Andhra Pradesh GW,28,Andhra Pradesh,510,KRISHNA,VUYYURU,VUYYURU,Gandigunta-1,Godavari,Godavari,Seethapalli Vagu,-,-,Seethapalli Vagu,16.38139800,80.85303400,08-07-2024 13:00,224
1188,Vuyyuru,Andhra Pradesh GW,28,Andhra Pradesh,510,KRISHNA,VUYYURU,VUYYURU,Gandigunta-1,Godavari,Godavari,Seethapalli Vagu,-,-,Seethapalli Vagu,16.38139800,80.85303400,09-07-2024 02:00,459
1189,Vuyyuru,Andhra Pradesh GW,28,Andhra Pradesh,510,KRISHNA,VUYYURU,VUYYURU,Gandigunta-1,Godavari,Godavari,Seethapalli Vagu,-,-,Seethapalli Vagu,16.38139800,80.85303400,09-07-2024 03:00,459
1190,Vuyyuru,Andhra Pradesh GW,28,Andhra Pradesh,510,KRISHNA,VUYYURU,VUYYURU,Gandigunta-1,Godavari,Godavari,Seethapalli Vagu,-,-,Seethapalli Vagu,16.38139800,80.85303400,09-07-2024 04:00,0.5
1191,Vuyyuru,Andhra Pradesh GW,28,Andhra Pradesh,510,KRISHNA,VUYYURU,VUYYURU,Gandigunta-1,Godavari,Godavari,Seethapalli Vagu,-,-,Seethapalli Vagu,16.38139800,80.85303400,12-07-2024 01:30,3
1192,Vuyyuru,Andhra Pradesh GW,28,Andhra Pradesh,510,KRISHNA,VUYYURU,VUYYURU,Gandigunta-1,Godavari,Godavari,Seethapalli Vagu,-,-,Seethapalli Vagu,16.38139800,80.85303400,12-07-2024 02:30,3
1193,Vuyyuru,Andhra Pradesh GW,28,Andhra Pradesh,510,KRISHNA,VUYYURU,VUYYURU,Gandigunta-1,Godavari,Godavari,Seethapalli Vagu,-,-,Seethapalli Vagu,16.38139800,80.85303400,12-07-2024 06:00,1
1194,Vuyyuru,Andhra Pradesh GW,28,Andhra Pradesh,510,KRISHNA,VUYYURU,VUYYURU,Gandigunta-1,Godavari,Godavari,Seethapalli Vagu,-,-,Seethapalli Vagu,16.38139800,80.85303400,13-07-2024 00:00,1.5
1195,Vuyyuru,Andhra Pradesh GW,28,Andhra Pradesh,510,KRISHNA,VUYYURU,VUYYURU,Gandigunta-1,Godavari,Godavari,Seethapalli Vagu,-,-,Seethapalli Vagu,16.38139800,80.85303400,13-07-2024 02:00,3
1196,Vuyyuru,Andhra Pradesh GW,28,Andhra Pradesh,510,KRISHNA,VUYYURU,VUYYURU,Gandigunta-1,Godavari,Godavari,Seethapalli Vagu,-,-,Seethapalli Vagu,16.38139800,80.85303400,13-07-2024 02:00,7.5
1197,Vuyyuru,Andhra Pradesh GW,28,Andhra Pradesh,510,KRISHNA,VUYYURU,VUYYURU,Gandigunta-1,Godavari,Godavari,Seethapalli Vagu,-,-,Seethapalli Vagu,16.38139800,80.85303400,13-07-2024 03:00,7.5
1198,Vuyyuru,Andhra Pradesh GW,28,Andhra Pradesh,510,KRISHNA,VUYYURU,VUYYURU,Gandigunta-1,Godavari,Godavari,Seethapalli Vagu,-,-,Seethapalli Vagu,16.38139800,80.85303400,13-07-2024 03:00,7.5
1199,Vuyyuru,Andhra Pradesh GW,28,Andhra Pradesh,510,KRISHNA,VUYYURU,VUYYURU,Gandigunta-1,Godavari,Godavari,Seethapalli Vagu,-,-,Seethapalli Vagu,16.38139800,80.85303400,13-07-2024 04:00,3
1200,Vuyyuru,Andhra Pradesh GW,28,Andhra Pradesh,510,KRISHNA,VUYYURU,VUYYURU,Gandigunta-1,Godavari,Godavari,Seethapalli Vagu,-,-,Seethapalli Vagu,16.38139800,80.85303400,13-07-2024 04:00,3
1201,Vuyyuru,Andhra Pradesh GW,28,Andhra Pradesh,510,KRISHNA,VUYYURU,VUYYURU,Gandigunta-1,Godavari,Godavari,Seethapalli Vagu,-,-,Seethapalli Vagu,16.38139800,80.85303400,13-07-2024 05:00,3.5
1202,Vuyyuru,Andhra Pradesh GW,28,Andhra Pradesh,510,KRISHNA,VUYYURU,VUYYURU,Gandigunta-1,Godavari,Godavari,Seethapalli Vagu,-,-,Seethapalli Vagu,16.38139800,80.85303400,13-07-2024 05:00,3
1203,Vuyyuru,Andhra Pradesh GW,28,Andhra Pradesh,510,KRISHNA,VUYYURU,VUYYURU,Gandigunta-1,Godavari,Godavari,Seethapalli Vagu,-,-,Seethapalli Vagu,16.38139800,80.85303400,13-07-2024 06:00,3
1204,Vuyyuru,Andhra Pradesh GW,28,Andhra Pradesh,510,KRISHNA,VUYYURU,VUYYURU,Gandigunta-1,Godavari,Godavari,Seethapalli Vagu,-,-,Seethapalli Vagu,16.38139800,80.85303400,13-07-2024 06:00,3
1205,Vuyyuru,Andhra Pradesh GW,28,Andhra Pradesh,510,KRISHNA,VUYYURU,VUYYURU,Gandigunta-1,Godavari,Godavari,Seethapalli Vagu,-,-,Seethapalli Vagu,16.38139800,80.85303400,13-07-2024 07:00,5.5
1206,Vuyyuru,Andhra Pradesh GW,28,Andhra Pradesh,510,KRISHNA,VUYYURU,VUYYURU,Gandigunta-1,Godavari,Godavari,Seethapalli Vagu,-,-,Seethapalli Vagu,16.38139800,80.85303400,13-07-2024 07:00,5.5
1207,Vuyyuru,Andhra Pradesh GW,28,Andhra Pradesh,510,KRISHNA,VUYYURU,VUYYURU,Gandigunta-1,Godavari,Godavari,Seethapalli Vagu,-,-,Seethapalli Vagu,16.38139800,80.85303400,13-07-2024 08:00,8
1208,Vuyyuru,Andhra Pradesh GW,28,Andhra Pradesh,510,KRISHNA,VUYYURU,VUYYURU,Gandigunta-1,Godavari,Godavari,Seethapalli Vagu,-,-,Seethapalli Vagu,16.38139800,80.85303400,13-07-2024 09:00,5
1209,Vuyyuru,Andhra Pradesh GW,28,Andhra Pradesh,510,KRISHNA,VUYYURU,VUYYURU,Gandigunta-1,Godavari,Godavari,Seethapalli Vagu,-,-,Seethapalli Vagu,16.38139800,80.85303400,13-07-2024 10:00,1.5
1210,Vuyyuru,Andhra Pradesh GW,28,Andhra Pradesh,510,KRISHNA,VUYYURU,VUYYURU,Gandigunta-1,Godavari,Godavari,Seethapalli Vagu,-,-,Seethapalli Vagu,16.38139800,80.85303400,13-07-2024 11:00,2.5
1211,Vuyyuru,Andhra Pradesh GW,28,Andhra Pradesh,510,KRISHNA,VUYYURU,VUYYURU,Gandigunta-1,Godavari,Godavari,Seethapalli Vagu,-,-,Seethapalli Vagu,16.38139800,80.85303400,13-07-2024 12:00,0.5
1212,Vuyyuru,Andhra Pradesh GW,28,Andhra Pradesh,510,KRISHNA,VUYYURU,VUYYURU,Gandigunta-1,Godavari,Godavari,Seethapalli Vagu,-,-,Seethapalli Vagu,16.38139800,80.85303400,13-07-2024 15:00,0.5
1213,Vuyyuru,Andhra Pradesh GW,28,Andhra Pradesh,510,KRISHNA,VUYYURU,VUYYURU,Gandigunta-1,Godavari,Godavari,Seethapalli Vagu,-,-,Seethapalli Vagu,16.38139800,80.85303400,13-07-2024 16:00,0.5
1214,Vuyyuru,Andhra Pradesh GW,28,Andhra Pradesh,510,KRISHNA,VUYYURU,VUYYURU,Gandigunta-1,Godavari,Godavari,Seethapalli Vagu,-,-,Seethapalli Vagu,16.38139800,80.85303400,13-07-2024 16:00,0.5
1215,Vuyyuru,Andhra Pradesh GW,28,Andhra Pradesh,510,KRISHNA,VUYYURU,VUYYURU,Gandigunta-1,Godavari,Godavari,Seethapalli Vagu,-,-,Seethapalli Vagu,16.38139800,80.85303400,14-07-2024 08:00,0.5
1216,Vuyyuru,Andhra Pradesh GW,28,Andhra Pradesh,510,KRISHNA,VUYYURU,VUYYURU,Gandigunta-1,Godavari,Godavari,Seethapalli Vagu,-,-,Seethapalli Vagu,16.38139800,80.85303400,14-07-2024 08:00,0.5
1217,Vuyyuru,Andhra Pradesh GW,28,Andhra Pradesh,510,KRISHNA,VUYYURU,VUYYURU,Gandigunta-1,Godavari,Godavari,Seethapalli Vagu,-,-,Seethapalli Vagu,16.38139800,80.85303400,14-07-2024 09:00,0.5
1218,Vuyyuru,Andhra Pradesh GW,28,Andhra Pradesh,510,KRISHNA,VUYYURU,VUYYURU,Gandigunta-1,Godavari,Godavari,Seethapalli Vagu,-,-,Seethapalli Vagu,16.38139800,80.85303400,14-07-2024 09:00,0.5
1219,Vuyyuru,Andhra Pradesh GW,28,Andhra Pradesh,510,KRISHNA,VUYYURU,VUYYURU,Gandigunta-1,Godavari,Godavari,Seethapalli Vagu,-,-,Seethapalli Vagu,16.38139800,80.85303400,14-07-2024 11:00,1
1220,Vuyyuru,Andhra Pradesh GW,28,Andhra Pradesh,510,KRISHNA,VUYYURU,VUYYURU,Gandigunta-1,Godavari,Godavari,Seethapalli Vagu,-,-,Seethapalli Vagu,16.38139800,80.85303400,14-07-2024 12:00,0.5
1221,Vuyyuru,Andhra Pradesh GW,28,Andhra Pradesh,510,KRISHNA,VUYYURU,VUYYURU,Gandigunta-1,Godavari,Godavari,Seethapalli Vagu,-,-,Seethapalli Vagu,16.38139800,80.85303400,14-07-2024 14:00,4.5
1222,Vuyyuru,Andhra Pradesh GW,28,Andhra Pradesh,510,KRISHNA,VUYYURU,VUYYURU,Gandigunta-1,Godavari,Godavari,Seethapalli Vagu,-,-,Seethapalli Vagu,16.38139800,80.85303400,14-07-2024 16:00,2.5
1223,Vuyyuru,Andhra Pradesh GW,28,Andhra Pradesh,510,KRISHNA,VUYYURU,VUYYURU,Gandigunta-1,Godavari,Godavari,Seethapalli Vagu,-,-,Seethapalli Vagu,16.38139800,80.85303400,15-07-2024 13:00,7
1224,Vuyyuru,Andhra Pradesh GW,28,Andhra Pradesh,510,KRISHNA,VUYYURU,VUYYURU,Gandigunta-1,Godavari,Godavari,Seethapalli Vagu,-,-,Seethapalli Vagu,16.38139800,80.85303400,15-07-2024 14:00,6.5
1225,Vuyyuru,Andhra Pradesh GW,28,Andhra Pradesh,510,KRISHNA,VUYYURU,VUYYURU,Gandigunta-1,Godavari,Godavari,Seethapalli Vagu,-,-,Seethapalli Vagu,16.38139800,80.85303400,15-07-2024 15:00,6.5
1226,Vuyyuru,Andhra Pradesh GW,28,Andhra Pradesh,510,KRISHNA,VUYYURU,VUYYURU,Gandigunta-1,Godavari,Godavari,Seethapalli Vagu,-,-,Seethapalli Vagu,16.38139800,80.85303400,15-07-2024 16:00,1
1227,Vuyyuru,Andhra Pradesh GW,28,Andhra Pradesh,510,KRISHNA,VUYYURU,VUYYURU,Gandigunta-1,Godavari,Godavari,Seethapalli Vagu,-,-,Seethapalli Vagu,16.38139800,80.85303400,15-07-2024 17:00,4
1228,Vuyyuru,Andhra Pradesh GW,28,Andhra Pradesh,510,KRISHNA,VUYYURU,VUYYURU,Gandigunta-1,Godavari,Godavari,Seethapalli Vagu,-,-,Seethapalli Vagu,16.38139800,80.85303400,15-07-2024 18:00,3.5
1229,Vuyyuru,Andhra Pradesh GW,28,Andhra Pradesh,510,KRISHNA,VUYYURU,VUYYURU,Gandigunta-1,Godavari,Godavari,Seethapalli Vagu,-,-,Seethapalli Vagu,16.38139800,80.85303400,17-07-2024 13:00,12
1230,Vuyyuru,Andhra Pradesh GW,28,Andhra Pradesh,510,KRISHNA,VUYYURU,VUYYURU,Gandigunta-1,Godavari,Godavari,Seethapalli Vagu,-,-,Seethapalli Vagu,16.38139800,80.85303400,17-07-2024 14:00,12
1231,Vuyyuru,Andhra Pradesh GW,28,Andhra Pradesh,510,KRISHNA,VUYYURU,VUYYURU,Gandigunta-1,Godavari,Godavari,Seethapalli Vagu,-,-,Seethapalli Vagu,16.38139800,80.85303400,17-07-2024 21:00,1
1232,Vuyyuru,Andhra Pradesh GW,28,Andhra Pradesh,510,KRISHNA,VUYYURU,VUYYURU,Gandigunta-1,Godavari,Godavari,Seethapalli Vagu,-,-,Seethapalli Vagu,16.38139800,80.85303400,17-07-2024 22:00,11
1233,Vuyyuru,Andhra Pradesh GW,28,Andhra Pradesh,510,KRISHNA,VUYYURU,VUYYURU,Gandigunta-1,Godavari,Godavari,Seethapalli Vagu,-,-,Seethapalli Vagu,16.38139800,80.85303400,17-07-2024 23:00,8.5
1234,Vuyyuru,Andhra Pradesh GW,28,Andhra Pradesh,510,KRISHNA,VUYYURU,VUYYURU,Gandigunta-1,Godavari,Godavari,Seethapalli Vagu,-,-,Seethapalli Vagu,16.38139800,80.85303400,18-07-2024 00:00,2
1235,Vuyyuru,Andhra Pradesh GW,28,Andhra Pradesh,510,KRISHNA,VUYYURU,VUYYURU,Gandigunta-1,Godavari,Godavari,Seethapalli Vagu,-,-,Seethapalli Vagu,16.38139800,80.85303400,18-07-2024 01:00,1
1236,Vuyyuru,Andhra Pradesh GW,28,Andhra Pradesh,510,KRISHNA,VUYYURU,VUYYURU,Gandigunta-1,Godavari,Godavari,Seethapalli Vagu,-,-,Seethapalli Vagu,16.38139800,80.85303400,18-07-2024 10:00,0.5
1237,Vuyyuru,Andhra Pradesh GW,28,Andhra Pradesh,510,KRISHNA,VUYYURU,VUYYURU,Gandigunta-1,Godavari,Godavari,Seethapalli Vagu,-,-,Seethapalli Vagu,16.38139800,80.85303400,18-07-2024 11:00,1.5
1238,Vuyyuru,Andhra Pradesh GW,28,Andhra Pradesh,510,KRISHNA,VUYYURU,VUYYURU,Gandigunta-1,Godavari,Godavari,Seethapalli Vagu,-,-,Seethapalli Vagu,16.38139800,80.85303400,18-07-2024 13:00,0.5
1239,Vuyyuru,Andhra Pradesh GW,28,Andhra Pradesh,510,KRISHNA,VUYYURU,VUYYURU,Gandigunta-1,Godavari,Godavari,Seethapalli Vagu,-,-,Seethapalli Vagu,16.38139800,80.85303400,18-07-2024 16:00,0.5
1240,Vuyyuru,Andhra Pradesh GW,28,Andhra Pradesh,510,KRISHNA,VUYYURU,VUYYURU,Gandigunta-1,Godavari,Godavari,Seethapalli Vagu,-,-,Seethapalli Vagu,16.38139800,80.85303400,18-07-2024 19:00,1
1241,Vuyyuru,Andhra Pradesh GW,28,Andhra Pradesh,510,KRISHNA,VUYYURU,VUYYURU,Gandigunta-1,Godavari,Godavari,Seethapalli Vagu,-,-,Seethapalli Vagu,16.38139800,80.85303400,18-07-2024 20:00,1
1242,Vuyyuru,Andhra Pradesh GW,28,Andhra Pradesh,510,KRISHNA,VUYYURU,VUYYURU,Gandigunta-1,Godavari,Godavari,Seethapalli Vagu,-,-,Seethapalli Vagu,16.38139800,80.85303400,18-07-2024 21:00,0.5
1243,Vuyyuru,Andhra Pradesh GW,28,Andhra Pradesh,510,KRISHNA,VUYYURU,VUYYURU,Gandigunta-1,Godavari,Godavari,Seethapalli Vagu,-,-,Seethapalli Vagu,16.38139800,80.85303400,18-07-2024 22:00,3
1244,Vuyyuru,Andhra Pradesh GW,28,Andhra Pradesh,510,KRISHNA,VUYYURU,VUYYURU,Gandigunta-1,Godavari,Godavari,Seethapalli Vagu,-,-,Seethapalli Vagu,16.38139800,80.85303400,18-07-2024 23:00,1
1245,Vuyyuru,Andhra Pradesh GW,28,Andhra Pradesh,510,KRISHNA,VUYYURU,VUYYURU,Gandigunta-1,Godavari,Godavari,Seethapalli Vagu,-,-,Seethapalli Vagu,16.38139800,80.85303400,19-07-2024 02:00,3.5
1246,Vuyyuru,Andhra Pradesh GW,28,Andhra Pradesh,510,KRISHNA,VUYYURU,VUYYURU,Gandigunta-1,Godavari,Godavari,Seethapalli Vagu,-,-,Seethapalli Vagu,16.38139800,80.85303400,19-07-2024 03:00,1
1247,Vuyyuru,Andhra Pradesh GW,28,Andhra Pradesh,510,KRISHNA,VUYYURU,VUYYURU,Gandigunta-1,Godavari,Godavari,Seethapalli Vagu,-,-,Seethapalli Vagu,16.38139800,80.85303400,19-07-2024 04:00,1
1248,Vuyyuru,Andhra Pradesh GW,28,Andhra Pradesh,510,KRISHNA,VUYYURU,VUYYURU,Gandigunta-1,Godavari,Godavari,Seethapalli Vagu,-,-,Seethapalli Vagu,16.38139800,80.85303400,19-07-2024 05:00,1.5
1249,Vuyyuru,Andhra Pradesh GW,28,Andhra Pradesh,510,KRISHNA,VUYYURU,VUYYURU,Gandigunta-1,Godavari,Godavari,Seethapalli Vagu,-,-,Seethapalli Vagu,16.38139800,80.85303400,19-07-2024 06:00,1
1250,Vuyyuru,Andhra Pradesh GW,28,Andhra Pradesh,510,KRISHNA,VUYYURU,VUYYURU,Gandigunta-1,Godavari,Godavari,Seethapalli Vagu,-,-,Seethapalli Vagu,16.38139800,80.85303400,19-07-2024 07:00,0.5
1251,Vuyyuru,Andhra Pradesh GW,28,Andhra Pradesh,510,KRISHNA,VUYYURU,VUYYURU,Gandigunta-1,Godavari,Godavari,Seethapalli Vagu,-,-,Seethapalli Vagu,16.38139800,80.85303400,19-07-2024 08:00,0.5
1252,Vuyyuru,Andhra Pradesh GW,28,Andhra Pradesh,510,KRISHNA,VUYYURU,VUYYURU,Gandigunta-1,Godavari,Godavari,Seethapalli Vagu,-,-,Seethapalli Vagu,16.38139800,80.85303400,19-07-2024 09:00,2
1253,Vuyyuru,Andhra Pradesh GW,28,Andhra Pradesh,510,KRISHNA,VUYYURU,VUYYURU,Gandigunta-1,Godavari,Godavari,Seethapalli Vagu,-,-,Seethapalli Vagu,16.38139800,80.85303400,19-07-2024 10:00,1
1254,Vuyyuru,Andhra Pradesh GW,28,Andhra Pradesh,510,KRISHNA,VUYYURU,VUYYURU,Gandigunta-1,Godavari,Godavari,Seethapalli Vagu,-,-,Seethapalli Vagu,16.38139800,80.85303400,19-07-2024 11:00,1
1255,Vuyyuru,Andhra Pradesh GW,28,Andhra Pradesh,510,KRISHNA,VUYYURU,VUYYURU,Gandigunta-1,Godavari,Godavari,Seethapalli Vagu,-,-,Seethapalli Vagu,16.38139800,80.85303400,19-07-2024 14:00,0.5
1256,Vuyyuru,Andhra Pradesh GW,28,Andhra Pradesh,510,KRISHNA,VUYYURU,VUYYURU,Gandigunta-1,Godavari,Godavari,Seethapalli Vagu,-,-,Seethapalli Vagu,16.38139800,80.85303400,19-07-2024 16:00,0.5
1257,Vuyyuru,Andhra Pradesh GW,28,Andhra Pradesh,510,KRISHNA,VUYYURU,VUYYURU,Gandigunta-1,Godavari,Godavari,Seethapalli Vagu,-,-,Seethapalli Vagu,16.38139800,80.85303400,19-07-2024 18:00,1.5
1258,Vuyyuru,Andhra Pradesh GW,28,Andhra Pradesh,510,KRISHNA,VUYYURU,VUYYURU,Gandigunta-1,Godavari,Godavari,Seethapalli Vagu,-,-,Seethapalli Vagu,16.38139800,80.85303400,19-07-2024 19:00,1
1259,Vuyyuru,Andhra Pradesh GW,28,Andhra Pradesh,510,KRISHNA,VUYYURU,VUYYURU,Gandigunta-1,Godavari,Godavari,Seethapalli Vagu,-,-,Seethapalli Vagu,16.38139800,80.85303400,19-07-2024 20:00,2
1260,Vuyyuru,Andhra Pradesh GW,28,Andhra Pradesh,510,KRISHNA,VUYYURU,VUYYURU,Gandigunta-1,Godavari,Godavari,Seethapalli Vagu,-,-,Seethapalli Vagu,16.38139800,80.85303400,19-07-2024 21:00,1
1261,Vuyyuru,Andhra Pradesh GW,28,Andhra Pradesh,510,KRISHNA,VUYYURU,VUYYURU,Gandigunta-1,Godavari,Godavari,Seethapalli Vagu,-,-,Seethapalli Vagu,16.38139800,80.85303400,19-07-2024 22:00,1
1262,Vuyyuru,Andhra Pradesh GW,28,Andhra Pradesh,510,KRISHNA,VUYYURU,VUYYURU,Gandigunta-1,Godavari,Godavari,Seethapalli Vagu,-,-,Seethapalli Vagu,16.38139800,80.85303400,19-07-2024 23:00,3.5
1263,Vuyyuru,Andhra Pradesh GW,28,Andhra Pradesh,510,KRISHNA,VUYYURU,VUYYURU,Gandigunta-1,Godavari,Godavari,Seethapalli Vagu,-,-,Seethapalli Vagu,16.38139800,80.85303400,20-07-2024 00:00,2.5
1264,Vuyyuru,Andhra Pradesh GW,28,Andhra Pradesh,510,KRISHNA,VUYYURU,VUYYURU,Gandigunta-1,Godavari,Godavari,Seethapalli Vagu,-,-,Seethapalli Vagu,16.38139800,80.85303400,20-07-2024 02:00,7
1265,Vuyyuru,Andhra Pradesh GW,28,Andhra Pradesh,510,KRISHNA,VUYYURU,VUYYURU,Gandigunta-1,Godavari,Godavari,Seethapalli Vagu,-,-,Seethapalli Vagu,16.38139800,80.85303400,20-07-2024 03:00,9
1266,Vuyyuru,Andhra Pradesh GW,28,Andhra Pradesh,510,KRISHNA,VUYYURU,VUYYURU,Gandigunta-1,Godavari,Godavari,Seethapalli Vagu,-,-,Seethapalli Vagu,16.38139800,80.85303400,20-07-2024 04:00,7.5
1267,Vuyyuru,Andhra Pradesh GW,28,Andhra Pradesh,510,KRISHNA,VUYYURU,VUYYURU,Gandigunta-1,Godavari,Godavari,Seethapalli Vagu,-,-,Seethapalli Vagu,16.38139800,80.85303400,20-07-2024 05:00,3
1268,Vuyyuru,Andhra Pradesh GW,28,Andhra Pradesh,510,KRISHNA,VUYYURU,VUYYURU,Gandigunta-1,Godavari,Godavari,Seethapalli Vagu,-,-,Seethapalli Vagu,16.38139800,80.85303400,20-07-2024 06:00,1.5
1269,Vuyyuru,Andhra Pradesh GW,28,Andhra Pradesh,510,KRISHNA,VUYYURU,VUYYURU,Gandigunta-1,Godavari,Godavari,Seethapalli Vagu,-,-,Seethapalli Vagu,16.38139800,80.85303400,20-07-2024 07:00,1
1270,Vuyyuru,Andhra Pradesh GW,28,Andhra Pradesh,510,KRISHNA,VUYYURU,VUYYURU,Gandigunta-1,Godavari,Godavari,Seethapalli Vagu,-,-,Seethapalli Vagu,16.38139800,80.85303400,20-07-2024 08:00,2
1271,Vuyyuru,Andhra Pradesh GW,28,Andhra Pradesh,510,KRISHNA,VUYYURU,VUYYURU,Gandigunta-1,Godavari,Godavari,Seethapalli Vagu,-,-,Seethapalli Vagu,16.38139800,80.85303400,20-07-2024 09:00,1
1272,Vuyyuru,Andhra Pradesh GW,28,Andhra Pradesh,510,KRISHNA,VUYYURU,VUYYURU,Gandigunta-1,Godavari,Godavari,Seethapalli Vagu,-,-,Seethapalli Vagu,16.38139800,80.85303400,21-07-2024 16:00,0.5
1273,Vuyyuru,Andhra Pradesh GW,28,Andhra Pradesh,510,KRISHNA,VUYYURU,VUYYURU,Gandigunta-1,Godavari,Godavari,Seethapalli Vagu,-,-,Seethapalli Vagu,16.38139800,80.85303400,21-07-2024 18:00,0.5
1274,Vuyyuru,Andhra Pradesh GW,28,Andhra Pradesh,510,KRISHNA,VUYYURU,VUYYURU,Gandigunta-1,Godavari,Godavari,Seethapalli Vagu,-,-,Seethapalli Vagu,16.38139800,80.85303400,21-07-2024 20:00,0.5
1275,Vuyyuru,Andhra Pradesh GW,28,Andhra Pradesh,510,KRISHNA,VUYYURU,VUYYURU,Gandigunta-1,Godavari,Godavari,Seethapalli Vagu,-,-,Seethapalli Vagu,16.38139800,80.85303400,21-07-2024 21:00,0.5
1276,Vuyyuru,Andhra Pradesh GW,28,Andhra Pradesh,510,KRISHNA,VUYYURU,VUYYURU,Gandigunta-1,Godavari,Godavari,Seethapalli Vagu,-,-,Seethapalli Vagu,16.38139800,80.85303400,22-07-2024 02:00,0.5
1277,Vuyyuru,Andhra Pradesh GW,28,Andhra Pradesh,510,KRISHNA,VUYYURU,VUYYURU,Gandigunta-1,Godavari,Godavari,Seethapalli Vagu,-,-,Seethapalli Vagu,16.38139800,80.85303400,22-07-2024 04:00,0.5
1278,Vuyyuru,Andhra Pradesh GW,28,Andhra Pradesh,510,KRISHNA,VUYYURU,VUYYURU,Gandigunta-1,Godavari,Godavari,Seethapalli Vagu,-,-,Seethapalli Vagu,16.38139800,80.85303400,22-07-2024 06:00,0.5
1279,Vuyyuru,Andhra Pradesh GW,28,Andhra Pradesh,510,KRISHNA,VUYYURU,VUYYURU,Gandigunta-1,Godavari,Godavari,Seethapalli Vagu,-,-,Seethapalli Vagu,16.38139800,80.85303400,27-07-2024 01:00,0.5
1280,Vuyyuru,Andhra Pradesh GW,28,Andhra Pradesh,510,KRISHNA,VUYYURU,VUYYURU,Gandigunta-1,Godavari,Godavari,Seethapalli Vagu,-,-,Seethapalli Vagu,16.38139800,80.85303400,27-07-2024 23:00,140
1281,Vuyyuru,Andhra Pradesh GW,28,Andhra Pradesh,510,KRISHNA,VUYYURU,VUYYURU,Gandigunta-1,Godavari,Godavari,Seethapalli Vagu,-,-,Seethapalli Vagu,16.38139800,80.85303400,28-07-2024 00:00,1
1282,Vuyyuru,Andhra Pradesh GW,28,Andhra Pradesh,510,KRISHNA,VUYYURU,VUYYURU,Gandigunta-1,Godavari,Godavari,Seethapalli Vagu,-,-,Seethapalli Vagu,16.38139800,80.85303400,28-07-2024 00:00,140
1283,Vuyyuru,Andhra Pradesh GW,28,Andhra Pradesh,510,KRISHNA,VUYYURU,VUYYURU,Gandigunta-1,Godavari,Godavari,Seethapalli Vagu,-,-,Seethapalli Vagu,16.38139800,80.85303400,28-07-2024 07:00,192.5
1284,Vuyyuru,Andhra Pradesh GW,28,Andhra Pradesh,510,KRISHNA,VUYYURU,VUYYURU,Gandigunta-1,Godavari,Godavari,Seethapalli Vagu,-,-,Seethapalli Vagu,16.38139800,80.85303400,28-07-2024 12:00,0.5
1285,Vuyyuru,Andhra Pradesh GW,28,Andhra Pradesh,510,KRISHNA,VUYYURU,VUYYURU,Gandigunta-1,Godavari,Godavari,Seethapalli Vagu,-,-,Seethapalli Vagu,16.38139800,80.85303400,28-07-2024 13:00,0.5
1286,Vuyyuru,Andhra Pradesh GW,28,Andhra Pradesh,510,KRISHNA,VUYYURU,VUYYURU,Gandigunta-1,Godavari,Godavari,Seethapalli Vagu,-,-,Seethapalli Vagu,16.38139800,80.85303400,28-07-2024 13:00,0.5
1287,Vuyyuru,Andhra Pradesh GW,28,Andhra Pradesh,510,KRISHNA,VUYYURU,VUYYURU,Gandigunta-1,Godavari,Godavari,Seethapalli Vagu,-,-,Seethapalli Vagu,16.38139800,80.85303400,29-07-2024 16:00,39
1288,Vuyyuru,Andhra Pradesh GW,28,Andhra Pradesh,510,KRISHNA,VUYYURU,VUYYURU,Gandigunta-1,Godavari,Godavari,Seethapalli Vagu,-,-,Seethapalli Vagu,16.38139800,80.85303400,29-07-2024 17:00,39
1289,Vuyyuru,Andhra Pradesh GW,28,Andhra Pradesh,510,KRISHNA,VUYYURU,VUYYURU,Gandigunta-1,Godavari,Godavari,Seethapalli Vagu,-,-,Seethapalli Vagu,16.38139800,80.85303400,29-07-2024 18:00,0.5
1290,Vuyyuru,Andhra Pradesh GW,28,Andhra Pradesh,510,KRISHNA,VUYYURU,VUYYURU,Gandigunta-1,Godavari,Godavari,Seethapalli Vagu,-,-,Seethapalli Vagu,16.38139800,80.85303400,30-07-2024 16:00,5
1291,Vuyyuru,Andhra Pradesh GW,28,Andhra Pradesh,510,KRISHNA,VUYYURU,VUYYURU,Gandigunta-1,Godavari,Godavari,Seethapalli Vagu,-,-,Seethapalli Vagu,16.38139800,80.85303400,30-07-2024 17:00,5
1292,Vuyyuru,Andhra Pradesh GW,28,Andhra Pradesh,510,KRISHNA,VUYYURU,VUYYURU,Gandigunta-1,Godavari,Godavari,Seethapalli Vagu,-,-,Seethapalli Vagu,16.38139800,80.85303400,30-07-2024 17:00,5
1293,Vuyyuru,Andhra Pradesh GW,28,Andhra Pradesh,510,KRISHNA,VUYYURU,VUYYURU,Gandigunta-1,Godavari,Godavari,Seethapalli Vagu,-,-,Seethapalli Vagu,16.38139800,80.85303400,30-07-2024 23:00,1.5
1294,Vuyyuru,Andhra Pradesh GW,28,Andhra Pradesh,510,KRISHNA,VUYYURU,VUYYURU,Gandigunta-1,Godavari,Godavari,Seethapalli Vagu,-,-,Seethapalli Vagu,16.38139800,80.85303400,31-07-2024 00:00,1
1295,Vuyyuru,Andhra Pradesh GW,28,Andhra Pradesh,510,KRISHNA,VUYYURU,VUYYURU,Gandigunta-1,Godavari,Godavari,Seethapalli Vagu,-,-,Seethapalli Vagu,16.38139800,80.85303400,31-07-2024 01:00,5
1296,Vuyyuru,Andhra Pradesh GW,28,Andhra Pradesh,510,KRISHNA,VUYYURU,VUYYURU,Gandigunta-1,Godavari,Godavari,Seethapalli Vagu,-,-,Seethapalli Vagu,16.38139800,80.85303400,31-07-2024 02:00,3.5
1297,Vuyyuru,Andhra Pradesh GW,28,Andhra Pradesh,510,KRISHNA,VUYYURU,VUYYURU,Gandigunta-1,Godavari,Godavari,Seethapalli Vagu,-,-,Seethapalli Vagu,16.38139800,80.85303400,31-07-2024 17:00,6
1298,Vuyyuru,Andhra Pradesh GW,28,Andhra Pradesh,510,KRISHNA,VUYYURU,VUYYURU,Gandigunta-1,Godavari,Godavari,Seethapalli Vagu,-,-,Seethapalli Vagu,16.38139800,80.85303400,31-07-2024 18:00,9
1299,Vuyyuru,Andhra Pradesh GW,28,Andhra Pradesh,510,KRISHNA,VUYYURU,VUYYURU,Gandigunta-1,Godavari,Godavari,Seethapalli Vagu,-,-,Seethapalli Vagu,16.38139800,80.85303400,06-08-2024 08:00,1.5
1300,Vuyyuru,Andhra Pradesh GW,28,Andhra Pradesh,510,KRISHNA,VUYYURU,VUYYURU,Gandigunta-1,Godavari,Godavari,Seethapalli Vagu,-,-,Seethapalli Vagu,16.38139800,80.85303400,06-08-2024 09:00,1.5
1301,Vuyyuru,Andhra Pradesh GW,28,Andhra Pradesh,510,KRISHNA,VUYYURU,VUYYURU,Gandigunta-1,Godavari,Godavari,Seethapalli Vagu,-,-,Seethapalli Vagu,16.38139800,80.85303400,06-08-2024 09:00,1.5
1302,Vuyyuru,Andhra Pradesh GW,28,Andhra Pradesh,510,KRISHNA,VUYYURU,VUYYURU,Gandigunta-1,Godavari,Godavari,Seethapalli Vagu,-,-,Seethapalli Vagu,16.38139800,80.85303400,07-08-2024 04:00,7
1303,Vuyyuru,Andhra Pradesh GW,28,Andhra Pradesh,510,KRISHNA,VUYYURU,VUYYURU,Gandigunta-1,Godavari,Godavari,Seethapalli Vagu,-,-,Seethapalli Vagu,16.38139800,80.85303400,07-08-2024 05:00,3.5
1304,Vuyyuru,Andhra Pradesh GW,28,Andhra Pradesh,510,KRISHNA,VUYYURU,VUYYURU,Gandigunta-1,Godavari,Godavari,Seethapalli Vagu,-,-,Seethapalli Vagu,16.38139800,80.85303400,07-08-2024 06:00,2
1305,Vuyyuru,Andhra Pradesh GW,28,Andhra Pradesh,510,KRISHNA,VUYYURU,VUYYURU,Gandigunta-1,Godavari,Godavari,Seethapalli Vagu,-,-,Seethapalli Vagu,16.38139800,80.85303400,07-08-2024 07:00,0.5
1306,Vuyyuru,Andhra Pradesh GW,28,Andhra Pradesh,510,KRISHNA,VUYYURU,VUYYURU,Gandigunta-1,Godavari,Godavari,Seethapalli Vagu,-,-,Seethapalli Vagu,16.38139800,80.85303400,07-08-2024 07:00,0.5
1307,Vuyyuru,Andhra Pradesh GW,28,Andhra Pradesh,510,KRISHNA,VUYYURU,VUYYURU,Gandigunta-1,Godavari,Godavari,Seethapalli Vagu,-,-,Seethapalli Vagu,16.38139800,80.85303400,07-08-2024 08:00,0.5
1308,Vuyyuru,Andhra Pradesh GW,28,Andhra Pradesh,510,KRISHNA,VUYYURU,VUYYURU,Gandigunta-1,Godavari,Godavari,Seethapalli Vagu,-,-,Seethapalli Vagu,16.38139800,80.85303400,07-08-2024 08:00,0.5
1309,Vuyyuru,Andhra Pradesh GW,28,Andhra Pradesh,510,KRISHNA,VUYYURU,VUYYURU,Gandigunta-1,Godavari,Godavari,Seethapalli Vagu,-,-,Seethapalli Vagu,16.38139800,80.85303400,07-08-2024 10:00,0.5
1310,Vuyyuru,Andhra Pradesh GW,28,Andhra Pradesh,510,KRISHNA,VUYYURU,VUYYURU,Gandigunta-1,Godavari,Godavari,Seethapalli Vagu,-,-,Seethapalli Vagu,16.38139800,80.85303400,07-08-2024 11:00,0.5
1311,Vuyyuru,Andhra Pradesh GW,28,Andhra Pradesh,510,KRISHNA,VUYYURU,VUYYURU,Gandigunta-1,Godavari,Godavari,Seethapalli Vagu,-,-,Seethapalli Vagu,16.38139800,80.85303400,07-08-2024 15:00,0.5
1312,Vuyyuru,Andhra Pradesh GW,28,Andhra Pradesh,510,KRISHNA,VUYYURU,VUYYURU,Gandigunta-1,Godavari,Godavari,Seethapalli Vagu,-,-,Seethapalli Vagu,16.38139800,80.85303400,07-08-2024 15:00,0.5
1313,Vuyyuru,Andhra Pradesh GW,28,Andhra Pradesh,510,KRISHNA,VUYYURU,VUYYURU,Gandigunta-1,Godavari,Godavari,Seethapalli Vagu,-,-,Seethapalli Vagu,16.38139800,80.85303400,08-08-2024 00:00,0.5
1314,Vuyyuru,Andhra Pradesh GW,28,Andhra Pradesh,510,KRISHNA,VUYYURU,VUYYURU,Gandigunta-1,Godavari,Godavari,Seethapalli Vagu,-,-,Seethapalli Vagu,16.38139800,80.85303400,08-08-2024 00:00,0.5
1315,Vuyyuru,Andhra Pradesh GW,28,Andhra Pradesh,510,KRISHNA,VUYYURU,VUYYURU,Gandigunta-1,Godavari,Godavari,Seethapalli Vagu,-,-,Seethapalli Vagu,16.38139800,80.85303400,08-08-2024 05:00,0.5
1316,Vuyyuru,Andhra Pradesh GW,28,Andhra Pradesh,510,KRISHNA,VUYYURU,VUYYURU,Gandigunta-1,Godavari,Godavari,Seethapalli Vagu,-,-,Seethapalli Vagu,16.38139800,80.85303400,08-08-2024 06:00,10.5
1317,Vuyyuru,Andhra Pradesh GW,28,Andhra Pradesh,510,KRISHNA,VUYYURU,VUYYURU,Gandigunta-1,Godavari,Godavari,Seethapalli Vagu,-,-,Seethapalli Vagu,16.38139800,80.85303400,08-08-2024 07:00,1
1318,Vuyyuru,Andhra Pradesh GW,28,Andhra Pradesh,510,KRISHNA,VUYYURU,VUYYURU,Gandigunta-1,Godavari,Godavari,Seethapalli Vagu,-,-,Seethapalli Vagu,16.38139800,80.85303400,10-08-2024 07:00,25
1319,Vuyyuru,Andhra Pradesh GW,28,Andhra Pradesh,510,KRISHNA,VUYYURU,VUYYURU,Gandigunta-1,Godavari,Godavari,Seethapalli Vagu,-,-,Seethapalli Vagu,16.38139800,80.85303400,10-08-2024 08:00,25
1320,Vuyyuru,Andhra Pradesh GW,28,Andhra Pradesh,510,KRISHNA,VUYYURU,VUYYURU,Gandigunta-1,Godavari,Godavari,Seethapalli Vagu,-,-,Seethapalli Vagu,16.38139800,80.85303400,10-08-2024 08:00,25
1321,Vuyyuru,Andhra Pradesh GW,28,Andhra Pradesh,510,KRISHNA,VUYYURU,VUYYURU,Gandigunta-1,Godavari,Godavari,Seethapalli Vagu,-,-,Seethapalli Vagu,16.38139800,80.85303400,11-08-2024 04:00,1.5
1322,Vuyyuru,Andhra Pradesh GW,28,Andhra Pradesh,510,KRISHNA,VUYYURU,VUYYURU,Gandigunta-1,Godavari,Godavari,Seethapalli Vagu,-,-,Seethapalli Vagu,16.38139800,80.85303400,19-08-2024 17:00,4.5
1323,Vuyyuru,Andhra Pradesh GW,28,Andhra Pradesh,510,KRISHNA,VUYYURU,VUYYURU,Gandigunta-1,Godavari,Godavari,Seethapalli Vagu,-,-,Seethapalli Vagu,16.38139800,80.85303400,22-08-2024 21:00,0.5
1324,Vuyyuru,Andhra Pradesh GW,28,Andhra Pradesh,510,KRISHNA,VUYYURU,VUYYURU,Gandigunta-1,Godavari,Godavari,Seethapalli Vagu,-,-,Seethapalli Vagu,16.38139800,80.85303400,22-08-2024 21:00,0.5
1325,Vuyyuru,Andhra Pradesh GW,28,Andhra Pradesh,510,KRISHNA,VUYYURU,VUYYURU,Gandigunta-1,Godavari,Godavari,Seethapalli Vagu,-,-,Seethapalli Vagu,16.38139800,80.85303400,22-08-2024 22:00,0.5
1326,Vuyyuru,Andhra Pradesh GW,28,Andhra Pradesh,510,KRISHNA,VUYYURU,VUYYURU,Gandigunta-1,Godavari,Godavari,Seethapalli Vagu,-,-,Seethapalli Vagu,16.38139800,80.85303400,24-08-2024 05:00,0.5
1327,Vuyyuru,Andhra Pradesh GW,28,Andhra Pradesh,510,KRISHNA,VUYYURU,VUYYURU,Gandigunta-1,Godavari,Godavari,Seethapalli Vagu,-,-,Seethapalli Vagu,16.38139800,80.85303400,24-08-2024 06:00,0.5
1328,Vuyyuru,Andhra Pradesh GW,28,Andhra Pradesh,510,KRISHNA,VUYYURU,VUYYURU,Gandigunta-1,Godavari,Godavari,Seethapalli Vagu,-,-,Seethapalli Vagu,16.38139800,80.85303400,24-08-2024 06:00,0.5
1329,Vuyyuru,Andhra Pradesh GW,28,Andhra Pradesh,510,KRISHNA,VUYYURU,VUYYURU,Gandigunta-1,Godavari,Godavari,Seethapalli Vagu,-,-,Seethapalli Vagu,16.38139800,80.85303400,30-08-2024 00:00,17.5
1330,Vuyyuru,Andhra Pradesh GW,28,Andhra Pradesh,510,KRISHNA,VUYYURU,VUYYURU,Gandigunta-1,Godavari,Godavari,Seethapalli Vagu,-,-,Seethapalli Vagu,16.38139800,80.85303400,30-08-2024 01:00,3
1331,Vuyyuru,Andhra Pradesh GW,28,Andhra Pradesh,510,KRISHNA,VUYYURU,VUYYURU,Gandigunta-1,Godavari,Godavari,Seethapalli Vagu,-,-,Seethapalli Vagu,16.38139800,80.85303400,30-08-2024 01:00,6.5
1332,Vuyyuru,Andhra Pradesh GW,28,Andhra Pradesh,510,KRISHNA,VUYYURU,VUYYURU,Gandigunta-1,Godavari,Godavari,Seethapalli Vagu,-,-,Seethapalli Vagu,16.38139800,80.85303400,30-08-2024 02:00,6.5
1333,Vuyyuru,Andhra Pradesh GW,28,Andhra Pradesh,510,KRISHNA,VUYYURU,VUYYURU,Gandigunta-1,Godavari,Godavari,Seethapalli Vagu,-,-,Seethapalli Vagu,16.38139800,80.85303400,30-08-2024 02:00,6.5
1334,Vuyyuru,Andhra Pradesh GW,28,Andhra Pradesh,510,KRISHNA,VUYYURU,VUYYURU,Gandigunta-1,Godavari,Godavari,Seethapalli Vagu,-,-,Seethapalli Vagu,16.38139800,80.85303400,30-08-2024 03:00,2.5
1335,Vuyyuru,Andhra Pradesh GW,28,Andhra Pradesh,510,KRISHNA,VUYYURU,VUYYURU,Gandigunta-1,Godavari,Godavari,Seethapalli Vagu,-,-,Seethapalli Vagu,16.38139800,80.85303400,30-08-2024 04:00,0.5
1336,Vuyyuru,Andhra Pradesh GW,28,Andhra Pradesh,510,KRISHNA,VUYYURU,VUYYURU,Gandigunta-1,Godavari,Godavari,Seethapalli Vagu,-,-,Seethapalli Vagu,16.38139800,80.85303400,30-08-2024 06:00,0.5
1337,Vuyyuru,Andhra Pradesh GW,28,Andhra Pradesh,510,KRISHNA,VUYYURU,VUYYURU,Gandigunta-1,Godavari,Godavari,Seethapalli Vagu,-,-,Seethapalli Vagu,16.38139800,80.85303400,30-08-2024 07:00,0.5
1338,Vuyyuru,Andhra Pradesh GW,28,Andhra Pradesh,510,KRISHNA,VUYYURU,VUYYURU,Gandigunta-1,Godavari,Godavari,Seethapalli Vagu,-,-,Seethapalli Vagu,16.38139800,80.85303400,30-08-2024 07:00,0.5
1339,Vuyyuru,Andhra Pradesh GW,28,Andhra Pradesh,510,KRISHNA,VUYYURU,VUYYURU,Gandigunta-1,Godavari,Godavari,Seethapalli Vagu,-,-,Seethapalli Vagu,16.38139800,80.85303400,30-08-2024 09:00,0.5
1340,Vuyyuru,Andhra Pradesh GW,28,Andhra Pradesh,510,KRISHNA,VUYYURU,VUYYURU,Gandigunta-1,Godavari,Godavari,Seethapalli Vagu,-,-,Seethapalli Vagu,16.38139800,80.85303400,30-08-2024 09:00,0.5
1341,Vuyyuru,Andhra Pradesh GW,28,Andhra Pradesh,510,KRISHNA,VUYYURU,VUYYURU,Gandigunta-1,Godavari,Godavari,Seethapalli Vagu,-,-,Seethapalli Vagu,16.38139800,80.85303400,30-08-2024 10:00,0.5
1342,Vuyyuru,Andhra Pradesh GW,28,Andhra Pradesh,510,KRISHNA,VUYYURU,VUYYURU,Gandigunta-1,Godavari,Godavari,Seethapalli Vagu,-,-,Seethapalli Vagu,16.38139800,80.85303400,30-08-2024 10:00,0.5
1343,Vuyyuru,Andhra Pradesh GW,28,Andhra Pradesh,510,KRISHNA,VUYYURU,VUYYURU,Gandigunta-1,Godavari,Godavari,Seethapalli Vagu,-,-,Seethapalli Vagu,16.38139800,80.85303400,30-08-2024 12:00,2.5
1344,Vuyyuru,Andhra Pradesh GW,28,Andhra Pradesh,510,KRISHNA,VUYYURU,VUYYURU,Gandigunta-1,Godavari,Godavari,Seethapalli Vagu,-,-,Seethapalli Vagu,16.38139800,80.85303400,30-08-2024 12:00,2.5
1345,Vuyyuru,Andhra Pradesh GW,28,Andhra Pradesh,510,KRISHNA,VUYYURU,VUYYURU,Gandigunta-1,Godavari,Godavari,Seethapalli Vagu,-,-,Seethapalli Vagu,16.38139800,80.85303400,30-08-2024 15:00,2
1346,Vuyyuru,Andhra Pradesh GW,28,Andhra Pradesh,510,KRISHNA,VUYYURU,VUYYURU,Gandigunta-1,Godavari,Godavari,Seethapalli Vagu,-,-,Seethapalli Vagu,16.38139800,80.85303400,30-08-2024 15:00,0.5
1347,Vuyyuru,Andhra Pradesh GW,28,Andhra Pradesh,510,KRISHNA,VUYYURU,VUYYURU,Gandigunta-1,Godavari,Godavari,Seethapalli Vagu,-,-,Seethapalli Vagu,16.38139800,80.85303400,30-08-2024 16:00,2
1348,Vuyyuru,Andhra Pradesh GW,28,Andhra Pradesh,510,KRISHNA,VUYYURU,VUYYURU,Gandigunta-1,Godavari,Godavari,Seethapalli Vagu,-,-,Seethapalli Vagu,16.38139800,80.85303400,30-08-2024 16:00,2
1349,Vuyyuru,Andhra Pradesh GW,28,Andhra Pradesh,510,KRISHNA,VUYYURU,VUYYURU,Gandigunta-1,Godavari,Godavari,Seethapalli Vagu,-,-,Seethapalli Vagu,16.38139800,80.85303400,30-08-2024 17:00,2
1350,Vuyyuru,Andhra Pradesh GW,28,Andhra Pradesh,510,KRISHNA,VUYYURU,VUYYURU,Gandigunta-1,Godavari,Godavari,Seethapalli Vagu,-,-,Seethapalli Vagu,16.38139800,80.85303400,30-08-2024 17:00,2
1351,Vuyyuru,Andhra Pradesh GW,28,Andhra Pradesh,510,KRISHNA,VUYYURU,VUYYURU,Gandigunta-1,Godavari,Godavari,Seethapalli Vagu,-,-,Seethapalli Vagu,16.38139800,80.85303400,30-08-2024 18:00,0.5
1352,Vuyyuru,Andhra Pradesh GW,28,Andhra Pradesh,510,KRISHNA,VUYYURU,VUYYURU,Gandigunta-1,Godavari,Godavari,Seethapalli Vagu,-,-,Seethapalli Vagu,16.38139800,80.85303400,30-08-2024 18:00,0.5
1353,Vuyyuru,Andhra Pradesh GW,28,Andhra Pradesh,510,KRISHNA,VUYYURU,VUYYURU,Gandigunta-1,Godavari,Godavari,Seethapalli Vagu,-,-,Seethapalli Vagu,16.38139800,80.85303400,30-08-2024 19:00,1
1354,Vuyyuru,Andhra Pradesh GW,28,Andhra Pradesh,510,KRISHNA,VUYYURU,VUYYURU,Gandigunta-1,Godavari,Godavari,Seethapalli Vagu,-,-,Seethapalli Vagu,16.38139800,80.85303400,30-08-2024 19:00,0.5
1355,Vuyyuru,Andhra Pradesh GW,28,Andhra Pradesh,510,KRISHNA,VUYYURU,VUYYURU,Gandigunta-1,Godavari,Godavari,Seethapalli Vagu,-,-,Seethapalli Vagu,16.38139800,80.85303400,30-08-2024 20:00,0.5
1356,Vuyyuru,Andhra Pradesh GW,28,Andhra Pradesh,510,KRISHNA,VUYYURU,VUYYURU,Gandigunta-1,Godavari,Godavari,Seethapalli Vagu,-,-,Seethapalli Vagu,16.38139800,80.85303400,30-08-2024 20:00,0.5
1357,Vuyyuru,Andhra Pradesh GW,28,Andhra Pradesh,510,KRISHNA,VUYYURU,VUYYURU,Gandigunta-1,Godavari,Godavari,Seethapalli Vagu,-,-,Seethapalli Vagu,16.38139800,80.85303400,30-08-2024 21:00,3
1358,Vuyyuru,Andhra Pradesh GW,28,Andhra Pradesh,510,KRISHNA,VUYYURU,VUYYURU,Gandigunta-1,Godavari,Godavari,Seethapalli Vagu,-,-,Seethapalli Vagu,16.38139800,80.85303400,30-08-2024 21:00,3
1359,Vuyyuru,Andhra Pradesh GW,28,Andhra Pradesh,510,KRISHNA,VUYYURU,VUYYURU,Gandigunta-1,Godavari,Godavari,Seethapalli Vagu,-,-,Seethapalli Vagu,16.38139800,80.85303400,30-08-2024 22:00,1
1360,Vuyyuru,Andhra Pradesh GW,28,Andhra Pradesh,510,KRISHNA,VUYYURU,VUYYURU,Gandigunta-1,Godavari,Godavari,Seethapalli Vagu,-,-,Seethapalli Vagu,16.38139800,80.85303400,30-08-2024 22:00,1
1361,Vuyyuru,Andhra Pradesh GW,28,Andhra Pradesh,510,KRISHNA,VUYYURU,VUYYURU,Gandigunta-1,Godavari,Godavari,Seethapalli Vagu,-,-,Seethapalli Vagu,16.38139800,80.85303400,30-08-2024 23:00,3
1362,Vuyyuru,Andhra Pradesh GW,28,Andhra Pradesh,510,KRISHNA,VUYYURU,VUYYURU,Gandigunta-1,Godavari,Godavari,Seethapalli Vagu,-,-,Seethapalli Vagu,16.38139800,80.85303400,30-08-2024 23:00,3
1363,Vuyyuru,Andhra Pradesh GW,28,Andhra Pradesh,510,KRISHNA,VUYYURU,VUYYURU,Gandigunta-1,Godavari,Godavari,Seethapalli Vagu,-,-,Seethapalli Vagu,16.38139800,80.85303400,31-08-2024 00:00,1
1364,Vuyyuru,Andhra Pradesh GW,28,Andhra Pradesh,510,KRISHNA,VUYYURU,VUYYURU,Gandigunta-1,Godavari,Godavari,Seethapalli Vagu,-,-,Seethapalli Vagu,16.38139800,80.85303400,31-08-2024 01:00,2
1365,Vuyyuru,Andhra Pradesh GW,28,Andhra Pradesh,510,KRISHNA,VUYYURU,VUYYURU,Gandigunta-1,Godavari,Godavari,Seethapalli Vagu,-,-,Seethapalli Vagu,16.38139800,80.85303400,31-08-2024 01:00,12
1366,Vuyyuru,Andhra Pradesh GW,28,Andhra Pradesh,510,KRISHNA,VUYYURU,VUYYURU,Gandigunta-1,Godavari,Godavari,Seethapalli Vagu,-,-,Seethapalli Vagu,16.38139800,80.85303400,31-08-2024 02:00,12
1367,Vuyyuru,Andhra Pradesh GW,28,Andhra Pradesh,510,KRISHNA,VUYYURU,VUYYURU,Gandigunta-1,Godavari,Godavari,Seethapalli Vagu,-,-,Seethapalli Vagu,16.38139800,80.85303400,31-08-2024 02:00,12
1368,Vuyyuru,Andhra Pradesh GW,28,Andhra Pradesh,510,KRISHNA,VUYYURU,VUYYURU,Gandigunta-1,Godavari,Godavari,Seethapalli Vagu,-,-,Seethapalli Vagu,16.38139800,80.85303400,31-08-2024 03:00,17
1369,Vuyyuru,Andhra Pradesh GW,28,Andhra Pradesh,510,KRISHNA,VUYYURU,VUYYURU,Gandigunta-1,Godavari,Godavari,Seethapalli Vagu,-,-,Seethapalli Vagu,16.38139800,80.85303400,31-08-2024 03:00,43
1370,Vuyyuru,Andhra Pradesh GW,28,Andhra Pradesh,510,KRISHNA,VUYYURU,VUYYURU,Gandigunta-1,Godavari,Godavari,Seethapalli Vagu,-,-,Seethapalli Vagu,16.38139800,80.85303400,31-08-2024 04:00,43
1371,Vuyyuru,Andhra Pradesh GW,28,Andhra Pradesh,510,KRISHNA,VUYYURU,VUYYURU,Gandigunta-1,Godavari,Godavari,Seethapalli Vagu,-,-,Seethapalli Vagu,16.38139800,80.85303400,31-08-2024 04:00,43
1372,Vuyyuru,Andhra Pradesh GW,28,Andhra Pradesh,510,KRISHNA,VUYYURU,VUYYURU,Gandigunta-1,Godavari,Godavari,Seethapalli Vagu,-,-,Seethapalli Vagu,16.38139800,80.85303400,31-08-2024 05:00,36.5
1373,Vuyyuru,Andhra Pradesh GW,28,Andhra Pradesh,510,KRISHNA,VUYYURU,VUYYURU,Gandigunta-1,Godavari,Godavari,Seethapalli Vagu,-,-,Seethapalli Vagu,16.38139800,80.85303400,31-08-2024 06:00,33
1374,Vuyyuru,Andhra Pradesh GW,28,Andhra Pradesh,510,KRISHNA,VUYYURU,VUYYURU,Gandigunta-1,Godavari,Godavari,Seethapalli Vagu,-,-,Seethapalli Vagu,16.38139800,80.85303400,31-08-2024 07:00,13.5
1375,Vuyyuru,Andhra Pradesh GW,28,Andhra Pradesh,510,KRISHNA,VUYYURU,VUYYURU,Gandigunta-1,Godavari,Godavari,Seethapalli Vagu,-,-,Seethapalli Vagu,16.38139800,80.85303400,31-08-2024 08:00,13.5
1376,Vuyyuru,Andhra Pradesh GW,28,Andhra Pradesh,510,KRISHNA,VUYYURU,VUYYURU,Gandigunta-1,Godavari,Godavari,Seethapalli Vagu,-,-,Seethapalli Vagu,16.38139800,80.85303400,31-08-2024 09:00,11.5
1377,Vuyyuru,Andhra Pradesh GW,28,Andhra Pradesh,510,KRISHNA,VUYYURU,VUYYURU,Gandigunta-1,Godavari,Godavari,Seethapalli Vagu,-,-,Seethapalli Vagu,16.38139800,80.85303400,31-08-2024 09:00,6.5
1378,Vuyyuru,Andhra Pradesh GW,28,Andhra Pradesh,510,KRISHNA,VUYYURU,VUYYURU,Gandigunta-1,Godavari,Godavari,Seethapalli Vagu,-,-,Seethapalli Vagu,16.38139800,80.85303400,31-08-2024 10:00,11.5
1379,Vuyyuru,Andhra Pradesh GW,28,Andhra Pradesh,510,KRISHNA,VUYYURU,VUYYURU,Gandigunta-1,Godavari,Godavari,Seethapalli Vagu,-,-,Seethapalli Vagu,16.38139800,80.85303400,31-08-2024 10:00,11.5
1380,Vuyyuru,Andhra Pradesh GW,28,Andhra Pradesh,510,KRISHNA,VUYYURU,VUYYURU,Gandigunta-1,Godavari,Godavari,Seethapalli Vagu,-,-,Seethapalli Vagu,16.38139800,80.85303400,31-08-2024 11:00,7.5
1381,Vuyyuru,Andhra Pradesh GW,28,Andhra Pradesh,510,KRISHNA,VUYYURU,VUYYURU,Gandigunta-1,Godavari,Godavari,Seethapalli Vagu,-,-,Seethapalli Vagu,16.38139800,80.85303400,31-08-2024 11:00,2
1382,Vuyyuru,Andhra Pradesh GW,28,Andhra Pradesh,510,KRISHNA,VUYYURU,VUYYURU,Gandigunta-1,Godavari,Godavari,Seethapalli Vagu,-,-,Seethapalli Vagu,16.38139800,80.85303400,31-08-2024 12:00,2
1383,Vuyyuru,Andhra Pradesh GW,28,Andhra Pradesh,510,KRISHNA,VUYYURU,VUYYURU,Gandigunta-1,Godavari,Godavari,Seethapalli Vagu,-,-,Seethapalli Vagu,16.38139800,80.85303400,31-08-2024 12:00,2
1384,Vuyyuru,Andhra Pradesh GW,28,Andhra Pradesh,510,KRISHNA,VUYYURU,VUYYURU,Gandigunta-1,Godavari,Godavari,Seethapalli Vagu,-,-,Seethapalli Vagu,16.38139800,80.85303400,31-08-2024 13:00,27
1385,Vuyyuru,Andhra Pradesh GW,28,Andhra Pradesh,510,KRISHNA,VUYYURU,VUYYURU,Gandigunta-1,Godavari,Godavari,Seethapalli Vagu,-,-,Seethapalli Vagu,16.38139800,80.85303400,31-08-2024 13:00,28
1386,Vuyyuru,Andhra Pradesh GW,28,Andhra Pradesh,510,KRISHNA,VUYYURU,VUYYURU,Gandigunta-1,Godavari,Godavari,Seethapalli Vagu,-,-,Seethapalli Vagu,16.38139800,80.85303400,31-08-2024 14:00,28
1387,Vuyyuru,Andhra Pradesh GW,28,Andhra Pradesh,510,KRISHNA,VUYYURU,VUYYURU,Gandigunta-1,Godavari,Godavari,Seethapalli Vagu,-,-,Seethapalli Vagu,16.38139800,80.85303400,31-08-2024 14:00,2
1388,Vuyyuru,Andhra Pradesh GW,28,Andhra Pradesh,510,KRISHNA,VUYYURU,VUYYURU,Gandigunta-1,Godavari,Godavari,Seethapalli Vagu,-,-,Seethapalli Vagu,16.38139800,80.85303400,31-08-2024 15:00,2
1389,Vuyyuru,Andhra Pradesh GW,28,Andhra Pradesh,510,KRISHNA,VUYYURU,VUYYURU,Gandigunta-1,Godavari,Godavari,Seethapalli Vagu,-,-,Seethapalli Vagu,16.38139800,80.85303400,31-08-2024 15:00,106
1390,Vuyyuru,Andhra Pradesh GW,28,Andhra Pradesh,510,KRISHNA,VUYYURU,VUYYURU,Gandigunta-1,Godavari,Godavari,Seethapalli Vagu,-,-,Seethapalli Vagu,16.38139800,80.85303400,31-08-2024 16:00,106
1391,Vuyyuru,Andhra Pradesh GW,28,Andhra Pradesh,510,KRISHNA,VUYYURU,VUYYURU,Gandigunta-1,Godavari,Godavari,Seethapalli Vagu,-,-,Seethapalli Vagu,16.38139800,80.85303400,31-08-2024 20:00,1
1392,Vuyyuru,Andhra Pradesh GW,28,Andhra Pradesh,510,KRISHNA,VUYYURU,VUYYURU,Gandigunta-1,Godavari,Godavari,Seethapalli Vagu,-,-,Seethapalli Vagu,16.38139800,80.85303400,31-08-2024 21:00,1
1393,Vuyyuru,Andhra Pradesh GW,28,Andhra Pradesh,510,KRISHNA,VUYYURU,VUYYURU,Gandigunta-1,Godavari,Godavari,Seethapalli Vagu,-,-,Seethapalli Vagu,16.38139800,80.85303400,31-08-2024 21:00,1.5
1394,Vuyyuru,Andhra Pradesh GW,28,Andhra Pradesh,510,KRISHNA,VUYYURU,VUYYURU,Gandigunta-1,Godavari,Godavari,Seethapalli Vagu,-,-,Seethapalli Vagu,16.38139800,80.85303400,31-08-2024 22:00,1.5
1395,Vuyyuru,Andhra Pradesh GW,28,Andhra Pradesh,510,KRISHNA,VUYYURU,VUYYURU,Gandigunta-1,Godavari,Godavari,Seethapalli Vagu,-,-,Seethapalli Vagu,16.38139800,80.85303400,01-09-2024 01:00,0.5
1396,Vuyyuru,Andhra Pradesh GW,28,Andhra Pradesh,510,KRISHNA,VUYYURU,VUYYURU,Gandigunta-1,Godavari,Godavari,Seethapalli Vagu,-,-,Seethapalli Vagu,16.38139800,80.85303400,01-09-2024 03:00,2
1397,Vuyyuru,Andhra Pradesh GW,28,Andhra Pradesh,510,KRISHNA,VUYYURU,VUYYURU,Gandigunta-1,Godavari,Godavari,Seethapalli Vagu,-,-,Seethapalli Vagu,16.38139800,80.85303400,01-09-2024 04:00,2
1398,Vuyyuru,Andhra Pradesh GW,28,Andhra Pradesh,510,KRISHNA,VUYYURU,VUYYURU,Gandigunta-1,Godavari,Godavari,Seethapalli Vagu,-,-,Seethapalli Vagu,16.38139800,80.85303400,01-09-2024 05:00,0.5
1399,Vuyyuru,Andhra Pradesh GW,28,Andhra Pradesh,510,KRISHNA,VUYYURU,VUYYURU,Gandigunta-1,Godavari,Godavari,Seethapalli Vagu,-,-,Seethapalli Vagu,16.38139800,80.85303400,01-09-2024 05:00,0.5
1400,Vuyyuru,Andhra Pradesh GW,28,Andhra Pradesh,510,KRISHNA,VUYYURU,VUYYURU,Gandigunta-1,Godavari,Godavari,Seethapalli Vagu,-,-,Seethapalli Vagu,16.38139800,80.85303400,01-09-2024 06:00,0.5
1401,Vuyyuru,Andhra Pradesh GW,28,Andhra Pradesh,510,KRISHNA,VUYYURU,VUYYURU,Gandigunta-1,Godavari,Godavari,Seethapalli Vagu,-,-,Seethapalli Vagu,16.38139800,80.85303400,01-09-2024 06:00,0.5
1402,Vuyyuru,Andhra Pradesh GW,28,Andhra Pradesh,510,KRISHNA,VUYYURU,VUYYURU,Gandigunta-1,Godavari,Godavari,Seethapalli Vagu,-,-,Seethapalli Vagu,16.38139800,80.85303400,01-09-2024 09:00,0.5
1403,Vuyyuru,Andhra Pradesh GW,28,Andhra Pradesh,510,KRISHNA,VUYYURU,VUYYURU,Gandigunta-1,Godavari,Godavari,Seethapalli Vagu,-,-,Seethapalli Vagu,16.38139800,80.85303400,01-09-2024 09:00,0.5
1404,Vuyyuru,Andhra Pradesh GW,28,Andhra Pradesh,510,KRISHNA,VUYYURU,VUYYURU,Gandigunta-1,Godavari,Godavari,Seethapalli Vagu,-,-,Seethapalli Vagu,16.38139800,80.85303400,01-09-2024 13:00,1
1405,Vuyyuru,Andhra Pradesh GW,28,Andhra Pradesh,510,KRISHNA,VUYYURU,VUYYURU,Gandigunta-1,Godavari,Godavari,Seethapalli Vagu,-,-,Seethapalli Vagu,16.38139800,80.85303400,01-09-2024 13:00,1
1406,Vuyyuru,Andhra Pradesh GW,28,Andhra Pradesh,510,KRISHNA,VUYYURU,VUYYURU,Gandigunta-1,Godavari,Godavari,Seethapalli Vagu,-,-,Seethapalli Vagu,16.38139800,80.85303400,02-09-2024 03:00,48
1407,Vuyyuru,Andhra Pradesh GW,28,Andhra Pradesh,510,KRISHNA,VUYYURU,VUYYURU,Gandigunta-1,Godavari,Godavari,Seethapalli Vagu,-,-,Seethapalli Vagu,16.38139800,80.85303400,02-09-2024 07:00,3
1408,Vuyyuru,Andhra Pradesh GW,28,Andhra Pradesh,510,KRISHNA,VUYYURU,VUYYURU,Gandigunta-1,Godavari,Godavari,Seethapalli Vagu,-,-,Seethapalli Vagu,16.38139800,80.85303400,02-09-2024 07:00,3
1409,Vuyyuru,Andhra Pradesh GW,28,Andhra Pradesh,510,KRISHNA,VUYYURU,VUYYURU,Gandigunta-1,Godavari,Godavari,Seethapalli Vagu,-,-,Seethapalli Vagu,16.38139800,80.85303400,04-09-2024 02:00,0.5
1410,Vuyyuru,Andhra Pradesh GW,28,Andhra Pradesh,510,KRISHNA,VUYYURU,VUYYURU,Gandigunta-1,Godavari,Godavari,Seethapalli Vagu,-,-,Seethapalli Vagu,16.38139800,80.85303400,04-09-2024 02:00,0.5
1411,Vuyyuru,Andhra Pradesh GW,28,Andhra Pradesh,510,KRISHNA,VUYYURU,VUYYURU,Gandigunta-1,Godavari,Godavari,Seethapalli Vagu,-,-,Seethapalli Vagu,16.38139800,80.85303400,04-09-2024 04:00,1.5
1412,Vuyyuru,Andhra Pradesh GW,28,Andhra Pradesh,510,KRISHNA,VUYYURU,VUYYURU,Gandigunta-1,Godavari,Godavari,Seethapalli Vagu,-,-,Seethapalli Vagu,16.38139800,80.85303400,04-09-2024 04:00,1.5
1413,Vuyyuru,Andhra Pradesh GW,28,Andhra Pradesh,510,KRISHNA,VUYYURU,VUYYURU,Gandigunta-1,Godavari,Godavari,Seethapalli Vagu,-,-,Seethapalli Vagu,16.38139800,80.85303400,04-09-2024 05:00,7.5
1414,Vuyyuru,Andhra Pradesh GW,28,Andhra Pradesh,510,KRISHNA,VUYYURU,VUYYURU,Gandigunta-1,Godavari,Godavari,Seethapalli Vagu,-,-,Seethapalli Vagu,16.38139800,80.85303400,04-09-2024 05:00,7.5
1415,Vuyyuru,Andhra Pradesh GW,28,Andhra Pradesh,510,KRISHNA,VUYYURU,VUYYURU,Gandigunta-1,Godavari,Godavari,Seethapalli Vagu,-,-,Seethapalli Vagu,16.38139800,80.85303400,04-09-2024 06:00,8.5
1416,Vuyyuru,Andhra Pradesh GW,28,Andhra Pradesh,510,KRISHNA,VUYYURU,VUYYURU,Gandigunta-1,Godavari,Godavari,Seethapalli Vagu,-,-,Seethapalli Vagu,16.38139800,80.85303400,04-09-2024 06:00,8.5
1417,Vuyyuru,Andhra Pradesh GW,28,Andhra Pradesh,510,KRISHNA,VUYYURU,VUYYURU,Gandigunta-1,Godavari,Godavari,Seethapalli Vagu,-,-,Seethapalli Vagu,16.38139800,80.85303400,04-09-2024 07:00,4
1418,Vuyyuru,Andhra Pradesh GW,28,Andhra Pradesh,510,KRISHNA,VUYYURU,VUYYURU,Gandigunta-1,Godavari,Godavari,Seethapalli Vagu,-,-,Seethapalli Vagu,16.38139800,80.85303400,04-09-2024 07:00,4
1419,Vuyyuru,Andhra Pradesh GW,28,Andhra Pradesh,510,KRISHNA,VUYYURU,VUYYURU,Gandigunta-1,Godavari,Godavari,Seethapalli Vagu,-,-,Seethapalli Vagu,16.38139800,80.85303400,04-09-2024 08:00,1.5
1420,Vuyyuru,Andhra Pradesh GW,28,Andhra Pradesh,510,KRISHNA,VUYYURU,VUYYURU,Gandigunta-1,Godavari,Godavari,Seethapalli Vagu,-,-,Seethapalli Vagu,16.38139800,80.85303400,04-09-2024 08:00,1.5
1421,Vuyyuru,Andhra Pradesh GW,28,Andhra Pradesh,510,KRISHNA,VUYYURU,VUYYURU,Gandigunta-1,Godavari,Godavari,Seethapalli Vagu,-,-,Seethapalli Vagu,16.38139800,80.85303400,04-09-2024 10:00,1
1422,Vuyyuru,Andhra Pradesh GW,28,Andhra Pradesh,510,KRISHNA,VUYYURU,VUYYURU,Gandigunta-1,Godavari,Godavari,Seethapalli Vagu,-,-,Seethapalli Vagu,16.38139800,80.85303400,04-09-2024 10:00,1
1423,Vuyyuru,Andhra Pradesh GW,28,Andhra Pradesh,510,KRISHNA,VUYYURU,VUYYURU,Gandigunta-1,Godavari,Godavari,Seethapalli Vagu,-,-,Seethapalli Vagu,16.38139800,80.85303400,04-09-2024 11:00,0.5
1424,Vuyyuru,Andhra Pradesh GW,28,Andhra Pradesh,510,KRISHNA,VUYYURU,VUYYURU,Gandigunta-1,Godavari,Godavari,Seethapalli Vagu,-,-,Seethapalli Vagu,16.38139800,80.85303400,04-09-2024 11:00,0.5
1425,Vuyyuru,Andhra Pradesh GW,28,Andhra Pradesh,510,KRISHNA,VUYYURU,VUYYURU,Gandigunta-1,Godavari,Godavari,Seethapalli Vagu,-,-,Seethapalli Vagu,16.38139800,80.85303400,05-09-2024 03:00,0.5
1426,Vuyyuru,Andhra Pradesh GW,28,Andhra Pradesh,510,KRISHNA,VUYYURU,VUYYURU,Gandigunta-1,Godavari,Godavari,Seethapalli Vagu,-,-,Seethapalli Vagu,16.38139800,80.85303400,05-09-2024 03:00,0.5
1427,Vuyyuru,Andhra Pradesh GW,28,Andhra Pradesh,510,KRISHNA,VUYYURU,VUYYURU,Gandigunta-1,Godavari,Godavari,Seethapalli Vagu,-,-,Seethapalli Vagu,16.38139800,80.85303400,05-09-2024 04:00,3
1428,Vuyyuru,Andhra Pradesh GW,28,Andhra Pradesh,510,KRISHNA,VUYYURU,VUYYURU,Gandigunta-1,Godavari,Godavari,Seethapalli Vagu,-,-,Seethapalli Vagu,16.38139800,80.85303400,05-09-2024 04:00,3
1429,Vuyyuru,Andhra Pradesh GW,28,Andhra Pradesh,510,KRISHNA,VUYYURU,VUYYURU,Gandigunta-1,Godavari,Godavari,Seethapalli Vagu,-,-,Seethapalli Vagu,16.38139800,80.85303400,05-09-2024 05:00,12
1430,Vuyyuru,Andhra Pradesh GW,28,Andhra Pradesh,510,KRISHNA,VUYYURU,VUYYURU,Gandigunta-1,Godavari,Godavari,Seethapalli Vagu,-,-,Seethapalli Vagu,16.38139800,80.85303400,05-09-2024 05:00,12
1431,Vuyyuru,Andhra Pradesh GW,28,Andhra Pradesh,510,KRISHNA,VUYYURU,VUYYURU,Gandigunta-1,Godavari,Godavari,Seethapalli Vagu,-,-,Seethapalli Vagu,16.38139800,80.85303400,05-09-2024 06:00,8
1432,Vuyyuru,Andhra Pradesh GW,28,Andhra Pradesh,510,KRISHNA,VUYYURU,VUYYURU,Gandigunta-1,Godavari,Godavari,Seethapalli Vagu,-,-,Seethapalli Vagu,16.38139800,80.85303400,05-09-2024 06:00,8
1433,Vuyyuru,Andhra Pradesh GW,28,Andhra Pradesh,510,KRISHNA,VUYYURU,VUYYURU,Gandigunta-1,Godavari,Godavari,Seethapalli Vagu,-,-,Seethapalli Vagu,16.38139800,80.85303400,05-09-2024 07:00,6
1434,Vuyyuru,Andhra Pradesh GW,28,Andhra Pradesh,510,KRISHNA,VUYYURU,VUYYURU,Gandigunta-1,Godavari,Godavari,Seethapalli Vagu,-,-,Seethapalli Vagu,16.38139800,80.85303400,05-09-2024 07:00,6
1435,Vuyyuru,Andhra Pradesh GW,28,Andhra Pradesh,510,KRISHNA,VUYYURU,VUYYURU,Gandigunta-1,Godavari,Godavari,Seethapalli Vagu,-,-,Seethapalli Vagu,16.38139800,80.85303400,05-09-2024 08:00,1.5
1436,Vuyyuru,Andhra Pradesh GW,28,Andhra Pradesh,510,KRISHNA,VUYYURU,VUYYURU,Gandigunta-1,Godavari,Godavari,Seethapalli Vagu,-,-,Seethapalli Vagu,16.38139800,80.85303400,05-09-2024 08:00,1.5
1437,Vuyyuru,Andhra Pradesh GW,28,Andhra Pradesh,510,KRISHNA,VUYYURU,VUYYURU,Gandigunta-1,Godavari,Godavari,Seethapalli Vagu,-,-,Seethapalli Vagu,16.38139800,80.85303400,06-09-2024 20:00,0.5
1438,Vuyyuru,Andhra Pradesh GW,28,Andhra Pradesh,510,KRISHNA,VUYYURU,VUYYURU,Gandigunta-1,Godavari,Godavari,Seethapalli Vagu,-,-,Seethapalli Vagu,16.38139800,80.85303400,06-09-2024 20:00,0.5
1439,Vuyyuru,Andhra Pradesh GW,28,Andhra Pradesh,510,KRISHNA,VUYYURU,VUYYURU,Gandigunta-1,Godavari,Godavari,Seethapalli Vagu,-,-,Seethapalli Vagu,16.38139800,80.85303400,06-09-2024 22:00,0.5
1440,Vuyyuru,Andhra Pradesh GW,28,Andhra Pradesh,510,KRISHNA,VUYYURU,VUYYURU,Gandigunta-1,Godavari,Godavari,Seethapalli Vagu,-,-,Seethapalli Vagu,16.38139800,80.85303400,06-09-2024 22:00,0.5
1441,Vuyyuru,Andhra Pradesh GW,28,Andhra Pradesh,510,KRISHNA,VUYYURU,VUYYURU,Gandigunta-1,Godavari,Godavari,Seethapalli Vagu,-,-,Seethapalli Vagu,16.38139800,80.85303400,07-09-2024 14:00,18
1442,Vuyyuru,Andhra Pradesh GW,28,Andhra Pradesh,510,KRISHNA,VUYYURU,VUYYURU,Gandigunta-1,Godavari,Godavari,Seethapalli Vagu,-,-,Seethapalli Vagu,16.38139800,80.85303400,07-09-2024 14:00,18
1443,Vuyyuru,Andhra Pradesh GW,28,Andhra Pradesh,510,KRISHNA,VUYYURU,VUYYURU,Gandigunta-1,Godavari,Godavari,Seethapalli Vagu,-,-,Seethapalli Vagu,16.38139800,80.85303400,07-09-2024 16:00,1
1444,Vuyyuru,Andhra Pradesh GW,28,Andhra Pradesh,510,KRISHNA,VUYYURU,VUYYURU,Gandigunta-1,Godavari,Godavari,Seethapalli Vagu,-,-,Seethapalli Vagu,16.38139800,80.85303400,07-09-2024 16:00,1
1445,Vuyyuru,Andhra Pradesh GW,28,Andhra Pradesh,510,KRISHNA,VUYYURU,VUYYURU,Gandigunta-1,Godavari,Godavari,Seethapalli Vagu,-,-,Seethapalli Vagu,16.38139800,80.85303400,07-09-2024 17:00,3
1446,Vuyyuru,Andhra Pradesh GW,28,Andhra Pradesh,510,KRISHNA,VUYYURU,VUYYURU,Gandigunta-1,Godavari,Godavari,Seethapalli Vagu,-,-,Seethapalli Vagu,16.38139800,80.85303400,07-09-2024 17:00,3
1447,Vuyyuru,Andhra Pradesh GW,28,Andhra Pradesh,510,KRISHNA,VUYYURU,VUYYURU,Gandigunta-1,Godavari,Godavari,Seethapalli Vagu,-,-,Seethapalli Vagu,16.38139800,80.85303400,07-09-2024 18:00,1.5
1448,Vuyyuru,Andhra Pradesh GW,28,Andhra Pradesh,510,KRISHNA,VUYYURU,VUYYURU,Gandigunta-1,Godavari,Godavari,Seethapalli Vagu,-,-,Seethapalli Vagu,16.38139800,80.85303400,07-09-2024 18:00,1.5
1449,Vuyyuru,Andhra Pradesh GW,28,Andhra Pradesh,510,KRISHNA,VUYYURU,VUYYURU,Gandigunta-1,Godavari,Godavari,Seethapalli Vagu,-,-,Seethapalli Vagu,16.38139800,80.85303400,07-09-2024 19:00,1
1450,Vuyyuru,Andhra Pradesh GW,28,Andhra Pradesh,510,KRISHNA,VUYYURU,VUYYURU,Gandigunta-1,Godavari,Godavari,Seethapalli Vagu,-,-,Seethapalli Vagu,16.38139800,80.85303400,07-09-2024 19:00,1
1451,Vuyyuru,Andhra Pradesh GW,28,Andhra Pradesh,510,KRISHNA,VUYYURU,VUYYURU,Gandigunta-1,Godavari,Godavari,Seethapalli Vagu,-,-,Seethapalli Vagu,16.38139800,80.85303400,07-09-2024 21:00,0.5
1452,Vuyyuru,Andhra Pradesh GW,28,Andhra Pradesh,510,KRISHNA,VUYYURU,VUYYURU,Gandigunta-1,Godavari,Godavari,Seethapalli Vagu,-,-,Seethapalli Vagu,16.38139800,80.85303400,08-09-2024 03:00,1.5
1453,Vuyyuru,Andhra Pradesh GW,28,Andhra Pradesh,510,KRISHNA,VUYYURU,VUYYURU,Gandigunta-1,Godavari,Godavari,Seethapalli Vagu,-,-,Seethapalli Vagu,16.38139800,80.85303400,08-09-2024 03:00,1.5
1454,Vuyyuru,Andhra Pradesh GW,28,Andhra Pradesh,510,KRISHNA,VUYYURU,VUYYURU,Gandigunta-1,Godavari,Godavari,Seethapalli Vagu,-,-,Seethapalli Vagu,16.38139800,80.85303400,08-09-2024 04:00,1
1455,Vuyyuru,Andhra Pradesh GW,28,Andhra Pradesh,510,KRISHNA,VUYYURU,VUYYURU,Gandigunta-1,Godavari,Godavari,Seethapalli Vagu,-,-,Seethapalli Vagu,16.38139800,80.85303400,08-09-2024 04:00,1
1456,Vuyyuru,Andhra Pradesh GW,28,Andhra Pradesh,510,KRISHNA,VUYYURU,VUYYURU,Gandigunta-1,Godavari,Godavari,Seethapalli Vagu,-,-,Seethapalli Vagu,16.38139800,80.85303400,08-09-2024 05:00,1.5
1457,Vuyyuru,Andhra Pradesh GW,28,Andhra Pradesh,510,KRISHNA,VUYYURU,VUYYURU,Gandigunta-1,Godavari,Godavari,Seethapalli Vagu,-,-,Seethapalli Vagu,16.38139800,80.85303400,08-09-2024 05:00,1.5
1458,Vuyyuru,Andhra Pradesh GW,28,Andhra Pradesh,510,KRISHNA,VUYYURU,VUYYURU,Gandigunta-1,Godavari,Godavari,Seethapalli Vagu,-,-,Seethapalli Vagu,16.38139800,80.85303400,08-09-2024 06:00,0.5
1459,Vuyyuru,Andhra Pradesh GW,28,Andhra Pradesh,510,KRISHNA,VUYYURU,VUYYURU,Gandigunta-1,Godavari,Godavari,Seethapalli Vagu,-,-,Seethapalli Vagu,16.38139800,80.85303400,08-09-2024 06:00,0.5
1460,Vuyyuru,Andhra Pradesh GW,28,Andhra Pradesh,510,KRISHNA,VUYYURU,VUYYURU,Gandigunta-1,Godavari,Godavari,Seethapalli Vagu,-,-,Seethapalli Vagu,16.38139800,80.85303400,08-09-2024 07:00,0.5
1461,Vuyyuru,Andhra Pradesh GW,28,Andhra Pradesh,510,KRISHNA,VUYYURU,VUYYURU,Gandigunta-1,Godavari,Godavari,Seethapalli Vagu,-,-,Seethapalli Vagu,16.38139800,80.85303400,08-09-2024 07:00,0.5
1462,Vuyyuru,Andhra Pradesh GW,28,Andhra Pradesh,510,KRISHNA,VUYYURU,VUYYURU,Gandigunta-1,Godavari,Godavari,Seethapalli Vagu,-,-,Seethapalli Vagu,16.38139800,80.85303400,08-09-2024 09:00,0.5
1463,Vuyyuru,Andhra Pradesh GW,28,Andhra Pradesh,510,KRISHNA,VUYYURU,VUYYURU,Gandigunta-1,Godavari,Godavari,Seethapalli Vagu,-,-,Seethapalli Vagu,16.38139800,80.85303400,08-09-2024 09:00,0.5
1464,Vuyyuru,Andhra Pradesh GW,28,Andhra Pradesh,510,KRISHNA,VUYYURU,VUYYURU,Gandigunta-1,Godavari,Godavari,Seethapalli Vagu,-,-,Seethapalli Vagu,16.38139800,80.85303400,08-09-2024 10:00,0.5
1465,Vuyyuru,Andhra Pradesh GW,28,Andhra Pradesh,510,KRISHNA,VUYYURU,VUYYURU,Gandigunta-1,Godavari,Godavari,Seethapalli Vagu,-,-,Seethapalli Vagu,16.38139800,80.85303400,08-09-2024 10:00,0.5
1466,Vuyyuru,Andhra Pradesh GW,28,Andhra Pradesh,510,KRISHNA,VUYYURU,VUYYURU,Gandigunta-1,Godavari,Godavari,Seethapalli Vagu,-,-,Seethapalli Vagu,16.38139800,80.85303400,08-09-2024 11:00,0.5
1467,Vuyyuru,Andhra Pradesh GW,28,Andhra Pradesh,510,KRISHNA,VUYYURU,VUYYURU,Gandigunta-1,Godavari,Godavari,Seethapalli Vagu,-,-,Seethapalli Vagu,16.38139800,80.85303400,08-09-2024 11:00,0.5
1468,Vuyyuru,Andhra Pradesh GW,28,Andhra Pradesh,510,KRISHNA,VUYYURU,VUYYURU,Gandigunta-1,Godavari,Godavari,Seethapalli Vagu,-,-,Seethapalli Vagu,16.38139800,80.85303400,08-09-2024 12:00,0.5
1469,Vuyyuru,Andhra Pradesh GW,28,Andhra Pradesh,510,KRISHNA,VUYYURU,VUYYURU,Gandigunta-1,Godavari,Godavari,Seethapalli Vagu,-,-,Seethapalli Vagu,16.38139800,80.85303400,08-09-2024 12:00,0.5
1470,Vuyyuru,Andhra Pradesh GW,28,Andhra Pradesh,510,KRISHNA,VUYYURU,VUYYURU,Gandigunta-1,Godavari,Godavari,Seethapalli Vagu,-,-,Seethapalli Vagu,16.38139800,80.85303400,08-09-2024 13:00,0.5
1471,Vuyyuru,Andhra Pradesh GW,28,Andhra Pradesh,510,KRISHNA,VUYYURU,VUYYURU,Gandigunta-1,Godavari,Godavari,Seethapalli Vagu,-,-,Seethapalli Vagu,16.38139800,80.85303400,08-09-2024 13:00,0.5
1472,Vuyyuru,Andhra Pradesh GW,28,Andhra Pradesh,510,KRISHNA,VUYYURU,VUYYURU,Gandigunta-1,Godavari,Godavari,Seethapalli Vagu,-,-,Seethapalli Vagu,16.38139800,80.85303400,08-09-2024 14:00,0.5
1473,Vuyyuru,Andhra Pradesh GW,28,Andhra Pradesh,510,KRISHNA,VUYYURU,VUYYURU,Gandigunta-1,Godavari,Godavari,Seethapalli Vagu,-,-,Seethapalli Vagu,16.38139800,80.85303400,08-09-2024 14:00,0.5
1474,Vuyyuru,Andhra Pradesh GW,28,Andhra Pradesh,510,KRISHNA,VUYYURU,VUYYURU,Gandigunta-1,Godavari,Godavari,Seethapalli Vagu,-,-,Seethapalli Vagu,16.38139800,80.85303400,08-09-2024 15:00,0.5
1475,Vuyyuru,Andhra Pradesh GW,28,Andhra Pradesh,510,KRISHNA,VUYYURU,VUYYURU,Gandigunta-1,Godavari,Godavari,Seethapalli Vagu,-,-,Seethapalli Vagu,16.38139800,80.85303400,08-09-2024 15:00,0.5
1476,Vuyyuru,Andhra Pradesh GW,28,Andhra Pradesh,510,KRISHNA,VUYYURU,VUYYURU,Gandigunta-1,Godavari,Godavari,Seethapalli Vagu,-,-,Seethapalli Vagu,16.38139800,80.85303400,08-09-2024 23:00,1
1477,Vuyyuru,Andhra Pradesh GW,28,Andhra Pradesh,510,KRISHNA,VUYYURU,VUYYURU,Gandigunta-1,Godavari,Godavari,Seethapalli Vagu,-,-,Seethapalli Vagu,16.38139800,80.85303400,08-09-2024 23:00,1
1478,Vuyyuru,Andhra Pradesh GW,28,Andhra Pradesh,510,KRISHNA,VUYYURU,VUYYURU,Gandigunta-1,Godavari,Godavari,Seethapalli Vagu,-,-,Seethapalli Vagu,16.38139800,80.85303400,09-09-2024 01:00,0.5
1479,Vuyyuru,Andhra Pradesh GW,28,Andhra Pradesh,510,KRISHNA,VUYYURU,VUYYURU,Gandigunta-1,Godavari,Godavari,Seethapalli Vagu,-,-,Seethapalli Vagu,16.38139800,80.85303400,09-09-2024 01:00,0.5
1480,Vuyyuru,Andhra Pradesh GW,28,Andhra Pradesh,510,KRISHNA,VUYYURU,VUYYURU,Gandigunta-1,Godavari,Godavari,Seethapalli Vagu,-,-,Seethapalli Vagu,16.38139800,80.85303400,09-09-2024 02:00,0.5
1481,Vuyyuru,Andhra Pradesh GW,28,Andhra Pradesh,510,KRISHNA,VUYYURU,VUYYURU,Gandigunta-1,Godavari,Godavari,Seethapalli Vagu,-,-,Seethapalli Vagu,16.38139800,80.85303400,09-09-2024 02:00,0.5
1482,Vuyyuru,Andhra Pradesh GW,28,Andhra Pradesh,510,KRISHNA,VUYYURU,VUYYURU,Gandigunta-1,Godavari,Godavari,Seethapalli Vagu,-,-,Seethapalli Vagu,16.38139800,80.85303400,09-09-2024 03:00,0.5
1483,Vuyyuru,Andhra Pradesh GW,28,Andhra Pradesh,510,KRISHNA,VUYYURU,VUYYURU,Gandigunta-1,Godavari,Godavari,Seethapalli Vagu,-,-,Seethapalli Vagu,16.38139800,80.85303400,09-09-2024 03:00,0.5
1484,Vuyyuru,Andhra Pradesh GW,28,Andhra Pradesh,510,KRISHNA,VUYYURU,VUYYURU,Gandigunta-1,Godavari,Godavari,Seethapalli Vagu,-,-,Seethapalli Vagu,16.38139800,80.85303400,09-09-2024 04:00,0.5
1485,Vuyyuru,Andhra Pradesh GW,28,Andhra Pradesh,510,KRISHNA,VUYYURU,VUYYURU,Gandigunta-1,Godavari,Godavari,Seethapalli Vagu,-,-,Seethapalli Vagu,16.38139800,80.85303400,09-09-2024 04:00,0.5
1486,Vuyyuru,Andhra Pradesh GW,28,Andhra Pradesh,510,KRISHNA,VUYYURU,VUYYURU,Gandigunta-1,Godavari,Godavari,Seethapalli Vagu,-,-,Seethapalli Vagu,16.38139800,80.85303400,09-09-2024 06:00,0.5
1487,Vuyyuru,Andhra Pradesh GW,28,Andhra Pradesh,510,KRISHNA,VUYYURU,VUYYURU,Gandigunta-1,Godavari,Godavari,Seethapalli Vagu,-,-,Seethapalli Vagu,16.38139800,80.85303400,09-09-2024 06:00,0.5
1488,Vuyyuru,Andhra Pradesh GW,28,Andhra Pradesh,510,KRISHNA,VUYYURU,VUYYURU,Gandigunta-1,Godavari,Godavari,Seethapalli Vagu,-,-,Seethapalli Vagu,16.38139800,80.85303400,09-09-2024 10:00,0.5
1489,Vuyyuru,Andhra Pradesh GW,28,Andhra Pradesh,510,KRISHNA,VUYYURU,VUYYURU,Gandigunta-1,Godavari,Godavari,Seethapalli Vagu,-,-,Seethapalli Vagu,16.38139800,80.85303400,09-09-2024 10:00,0.5
1490,Vuyyuru,Andhra Pradesh GW,28,Andhra Pradesh,510,KRISHNA,VUYYURU,VUYYURU,Gandigunta-1,Godavari,Godavari,Seethapalli Vagu,-,-,Seethapalli Vagu,16.38139800,80.85303400,20-09-2024 16:00,1.5
1491,Vuyyuru,Andhra Pradesh GW,28,Andhra Pradesh,510,KRISHNA,VUYYURU,VUYYURU,Gandigunta-1,Godavari,Godavari,Seethapalli Vagu,-,-,Seethapalli Vagu,16.38139800,80.85303400,20-09-2024 16:00,1.5
1492,Vuyyuru,Andhra Pradesh GW,28,Andhra Pradesh,510,KRISHNA,VUYYURU,VUYYURU,Gandigunta-1,Godavari,Godavari,Seethapalli Vagu,-,-,Seethapalli Vagu,16.38139800,80.85303400,20-09-2024 17:00,0.5
1493,Vuyyuru,Andhra Pradesh GW,28,Andhra Pradesh,510,KRISHNA,VUYYURU,VUYYURU,Gandigunta-1,Godavari,Godavari,Seethapalli Vagu,-,-,Seethapalli Vagu,16.38139800,80.85303400,20-09-2024 17:00,0.5
1494,Vuyyuru,Andhra Pradesh GW,28,Andhra Pradesh,510,KRISHNA,VUYYURU,VUYYURU,Gandigunta-1,Godavari,Godavari,Seethapalli Vagu,-,-,Seethapalli Vagu,16.38139800,80.85303400,20-09-2024 20:00,0.5
1495,Vuyyuru,Andhra Pradesh GW,28,Andhra Pradesh,510,KRISHNA,VUYYURU,VUYYURU,Gandigunta-1,Godavari,Godavari,Seethapalli Vagu,-,-,Seethapalli Vagu,16.38139800,80.85303400,20-09-2024 20:00,0.5
1496,Vuyyuru,Andhra Pradesh GW,28,Andhra Pradesh,510,KRISHNA,VUYYURU,VUYYURU,Gandigunta-1,Godavari,Godavari,Seethapalli Vagu,-,-,Seethapalli Vagu,16.38139800,80.85303400,20-09-2024 22:00,0.5
1497,Vuyyuru,Andhra Pradesh GW,28,Andhra Pradesh,510,KRISHNA,VUYYURU,VUYYURU,Gandigunta-1,Godavari,Godavari,Seethapalli Vagu,-,-,Seethapalli Vagu,16.38139800,80.85303400,24-09-2024 08:00,2.5
1498,Vuyyuru,Andhra Pradesh GW,28,Andhra Pradesh,510,KRISHNA,VUYYURU,VUYYURU,Gandigunta-1,Godavari,Godavari,Seethapalli Vagu,-,-,Seethapalli Vagu,16.38139800,80.85303400,24-09-2024 08:00,2.5
1499,Vuyyuru,Andhra Pradesh GW,28,Andhra Pradesh,510,KRISHNA,VUYYURU,VUYYURU,Gandigunta-1,Godavari,Godavari,Seethapalli Vagu,-,-,Seethapalli Vagu,16.38139800,80.85303400,24-09-2024 09:00,17
1500,Vuyyuru,Andhra Pradesh GW,28,Andhra Pradesh,510,KRISHNA,VUYYURU,VUYYURU,Gandigunta-1,Godavari,Godavari,Seethapalli Vagu,-,-,Seethapalli Vagu,16.38139800,80.85303400,24-09-2024 09:00,17
1501,Vuyyuru,Andhra Pradesh GW,28,Andhra Pradesh,510,KRISHNA,VUYYURU,VUYYURU,Gandigunta-1,Godavari,Godavari,Seethapalli Vagu,-,-,Seethapalli Vagu,16.38139800,80.85303400,24-09-2024 10:00,0.5
1502,Vuyyuru,Andhra Pradesh GW,28,Andhra Pradesh,510,KRISHNA,VUYYURU,VUYYURU,Gandigunta-1,Godavari,Godavari,Seethapalli Vagu,-,-,Seethapalli Vagu,16.38139800,80.85303400,24-09-2024 10:00,0.5
1503,Vuyyuru,Andhra Pradesh GW,28,Andhra Pradesh,510,KRISHNA,VUYYURU,VUYYURU,Gandigunta-1,Godavari,Godavari,Seethapalli Vagu,-,-,Seethapalli Vagu,16.38139800,80.85303400,24-09-2024 11:00,0.5
1504,Vuyyuru,Andhra Pradesh GW,28,Andhra Pradesh,510,KRISHNA,VUYYURU,VUYYURU,Gandigunta-1,Godavari,Godavari,Seethapalli Vagu,-,-,Seethapalli Vagu,16.38139800,80.85303400,24-09-2024 12:00,0.5
1505,Vuyyuru,Andhra Pradesh GW,28,Andhra Pradesh,510,KRISHNA,VUYYURU,VUYYURU,Gandigunta-1,Godavari,Godavari,Seethapalli Vagu,-,-,Seethapalli Vagu,16.38139800,80.85303400,25-09-2024 01:00,2.5
1506,Vuyyuru,Andhra Pradesh GW,28,Andhra Pradesh,510,KRISHNA,VUYYURU,VUYYURU,Gandigunta-1,Godavari,Godavari,Seethapalli Vagu,-,-,Seethapalli Vagu,16.38139800,80.85303400,25-09-2024 02:00,1
1507,Vuyyuru,Andhra Pradesh GW,28,Andhra Pradesh,510,KRISHNA,VUYYURU,VUYYURU,Gandigunta-1,Godavari,Godavari,Seethapalli Vagu,-,-,Seethapalli Vagu,16.38139800,80.85303400,25-09-2024 03:00,0.5
1508,Vuyyuru,Andhra Pradesh GW,28,Andhra Pradesh,510,KRISHNA,VUYYURU,VUYYURU,Gandigunta-1,Godavari,Godavari,Seethapalli Vagu,-,-,Seethapalli Vagu,16.38139800,80.85303400,25-09-2024 05:00,2
1509,Vuyyuru,Andhra Pradesh GW,28,Andhra Pradesh,510,KRISHNA,VUYYURU,VUYYURU,Gandigunta-1,Godavari,Godavari,Seethapalli Vagu,-,-,Seethapalli Vagu,16.38139800,80.85303400,25-09-2024 05:00,0.5
1510,Vuyyuru,Andhra Pradesh GW,28,Andhra Pradesh,510,KRISHNA,VUYYURU,VUYYURU,Gandigunta-1,Godavari,Godavari,Seethapalli Vagu,-,-,Seethapalli Vagu,16.38139800,80.85303400,25-09-2024 06:00,2
1511,Vuyyuru,Andhra Pradesh GW,28,Andhra Pradesh,510,KRISHNA,VUYYURU,VUYYURU,Gandigunta-1,Godavari,Godavari,Seethapalli Vagu,-,-,Seethapalli Vagu,16.38139800,80.85303400,25-09-2024 06:00,2
1512,Vuyyuru,Andhra Pradesh GW,28,Andhra Pradesh,510,KRISHNA,VUYYURU,VUYYURU,Gandigunta-1,Godavari,Godavari,Seethapalli Vagu,-,-,Seethapalli Vagu,16.38139800,80.85303400,25-09-2024 07:00,2.5
1513,Vuyyuru,Andhra Pradesh GW,28,Andhra Pradesh,510,KRISHNA,VUYYURU,VUYYURU,Gandigunta-1,Godavari,Godavari,Seethapalli Vagu,-,-,Seethapalli Vagu,16.38139800,80.85303400,25-09-2024 07:00,2.5
1514,Vuyyuru,Andhra Pradesh GW,28,Andhra Pradesh,510,KRISHNA,VUYYURU,VUYYURU,Gandigunta-1,Godavari,Godavari,Seethapalli Vagu,-,-,Seethapalli Vagu,16.38139800,80.85303400,25-09-2024 09:00,0.5
1515,Vuyyuru,Andhra Pradesh GW,28,Andhra Pradesh,510,KRISHNA,VUYYURU,VUYYURU,Gandigunta-1,Godavari,Godavari,Seethapalli Vagu,-,-,Seethapalli Vagu,16.38139800,80.85303400,25-09-2024 09:00,0.5
1516,Vuyyuru,Andhra Pradesh GW,28,Andhra Pradesh,510,KRISHNA,VUYYURU,VUYYURU,Gandigunta-1,Godavari,Godavari,Seethapalli Vagu,-,-,Seethapalli Vagu,16.38139800,80.85303400,26-09-2024 05:00,0.5
1517,Vuyyuru,Andhra Pradesh GW,28,Andhra Pradesh,510,KRISHNA,VUYYURU,VUYYURU,Gandigunta-1,Godavari,Godavari,Seethapalli Vagu,-,-,Seethapalli Vagu,16.38139800,80.85303400,27-09-2024 07:00,6.5
1518,Vuyyuru,Andhra Pradesh GW,28,Andhra Pradesh,510,KRISHNA,VUYYURU,VUYYURU,Gandigunta-1,Godavari,Godavari,Seethapalli Vagu,-,-,Seethapalli Vagu,16.38139800,80.85303400,27-09-2024 07:00,6.5
1519,Vuyyuru,Andhra Pradesh GW,28,Andhra Pradesh,510,KRISHNA,VUYYURU,VUYYURU,Gandigunta-1,Godavari,Godavari,Seethapalli Vagu,-,-,Seethapalli Vagu,16.38139800,80.85303400,28-09-2024 11:00,0.5
1520,Vuyyuru,Andhra Pradesh GW,28,Andhra Pradesh,510,KRISHNA,VUYYURU,VUYYURU,Gandigunta-1,Godavari,Godavari,Seethapalli Vagu,-,-,Seethapalli Vagu,16.38139800,80.85303400,28-09-2024 11:00,0.5
1521,Vuyyuru,Andhra Pradesh GW,28,Andhra Pradesh,510,KRISHNA,VUYYURU,VUYYURU,Gandigunta-1,Godavari,Godavari,Seethapalli Vagu,-,-,Seethapalli Vagu,16.38139800,80.85303400,02-10-2024 20:00,0.5
1522,Vuyyuru,Andhra Pradesh GW,28,Andhra Pradesh,510,KRISHNA,VUYYURU,VUYYURU,Gandigunta-1,Godavari,Godavari,Seethapalli Vagu,-,-,Seethapalli Vagu,16.38139800,80.85303400,02-10-2024 20:00,0.5
1523,Vuyyuru,Andhra Pradesh GW,28,Andhra Pradesh,510,KRISHNA,VUYYURU,VUYYURU,Gandigunta-1,Godavari,Godavari,Seethapalli Vagu,-,-,Seethapalli Vagu,16.38139800,80.85303400,02-10-2024 21:00,10.5
1524,Vuyyuru,Andhra Pradesh GW,28,Andhra Pradesh,510,KRISHNA,VUYYURU,VUYYURU,Gandigunta-1,Godavari,Godavari,Seethapalli Vagu,-,-,Seethapalli Vagu,16.38139800,80.85303400,02-10-2024 21:00,10.5
1525,Vuyyuru,Andhra Pradesh GW,28,Andhra Pradesh,510,KRISHNA,VUYYURU,VUYYURU,Gandigunta-1,Godavari,Godavari,Seethapalli Vagu,-,-,Seethapalli Vagu,16.38139800,80.85303400,02-10-2024 22:00,0.5
1526,Vuyyuru,Andhra Pradesh GW,28,Andhra Pradesh,510,KRISHNA,VUYYURU,VUYYURU,Gandigunta-1,Godavari,Godavari,Seethapalli Vagu,-,-,Seethapalli Vagu,16.38139800,80.85303400,02-10-2024 22:00,0.5
1527,Vuyyuru,Andhra Pradesh GW,28,Andhra Pradesh,510,KRISHNA,VUYYURU,VUYYURU,Gandigunta-1,Godavari,Godavari,Seethapalli Vagu,-,-,Seethapalli Vagu,16.38139800,80.85303400,02-10-2024 23:00,0.5
1528,Vuyyuru,Andhra Pradesh GW,28,Andhra Pradesh,510,KRISHNA,VUYYURU,VUYYURU,Gandigunta-1,Godavari,Godavari,Seethapalli Vagu,-,-,Seethapalli Vagu,16.38139800,80.85303400,02-10-2024 23:00,0.5
1529,Vuyyuru,Andhra Pradesh GW,28,Andhra Pradesh,510,KRISHNA,VUYYURU,VUYYURU,Gandigunta-1,Godavari,Godavari,Seethapalli Vagu,-,-,Seethapalli Vagu,16.38139800,80.85303400,03-10-2024 00:00,0.5
1530,Vuyyuru,Andhra Pradesh GW,28,Andhra Pradesh,510,KRISHNA,VUYYURU,VUYYURU,Gandigunta-1,Godavari,Godavari,Seethapalli Vagu,-,-,Seethapalli Vagu,16.38139800,80.85303400,03-10-2024 00:00,0.5
1531,Vuyyuru,Andhra Pradesh GW,28,Andhra Pradesh,510,KRISHNA,VUYYURU,VUYYURU,Gandigunta-1,Godavari,Godavari,Seethapalli Vagu,-,-,Seethapalli Vagu,16.38139800,80.85303400,08-10-2024 14:00,7.5
1532,Vuyyuru,Andhra Pradesh GW,28,Andhra Pradesh,510,KRISHNA,VUYYURU,VUYYURU,Gandigunta-1,Godavari,Godavari,Seethapalli Vagu,-,-,Seethapalli Vagu,16.38139800,80.85303400,09-10-2024 02:00,0.5
1533,Vuyyuru,Andhra Pradesh GW,28,Andhra Pradesh,510,KRISHNA,VUYYURU,VUYYURU,Gandigunta-1,Godavari,Godavari,Seethapalli Vagu,-,-,Seethapalli Vagu,16.38139800,80.85303400,09-10-2024 02:00,0.5
1534,Vuyyuru,Andhra Pradesh GW,28,Andhra Pradesh,510,KRISHNA,VUYYURU,VUYYURU,Gandigunta-1,Godavari,Godavari,Seethapalli Vagu,-,-,Seethapalli Vagu,16.38139800,80.85303400,09-10-2024 03:00,2.5
1535,Vuyyuru,Andhra Pradesh GW,28,Andhra Pradesh,510,KRISHNA,VUYYURU,VUYYURU,Gandigunta-1,Godavari,Godavari,Seethapalli Vagu,-,-,Seethapalli Vagu,16.38139800,80.85303400,09-10-2024 03:00,2.5
1536,Vuyyuru,Andhra Pradesh GW,28,Andhra Pradesh,510,KRISHNA,VUYYURU,VUYYURU,Gandigunta-1,Godavari,Godavari,Seethapalli Vagu,-,-,Seethapalli Vagu,16.38139800,80.85303400,09-10-2024 04:00,4
1537,Vuyyuru,Andhra Pradesh GW,28,Andhra Pradesh,510,KRISHNA,VUYYURU,VUYYURU,Gandigunta-1,Godavari,Godavari,Seethapalli Vagu,-,-,Seethapalli Vagu,16.38139800,80.85303400,09-10-2024 04:00,4
1538,Vuyyuru,Andhra Pradesh GW,28,Andhra Pradesh,510,KRISHNA,VUYYURU,VUYYURU,Gandigunta-1,Godavari,Godavari,Seethapalli Vagu,-,-,Seethapalli Vagu,16.38139800,80.85303400,09-10-2024 10:00,6
1539,Vuyyuru,Andhra Pradesh GW,28,Andhra Pradesh,510,KRISHNA,VUYYURU,VUYYURU,Gandigunta-1,Godavari,Godavari,Seethapalli Vagu,-,-,Seethapalli Vagu,16.38139800,80.85303400,09-10-2024 10:00,6
1540,Vuyyuru,Andhra Pradesh GW,28,Andhra Pradesh,510,KRISHNA,VUYYURU,VUYYURU,Gandigunta-1,Godavari,Godavari,Seethapalli Vagu,-,-,Seethapalli Vagu,16.38139800,80.85303400,10-10-2024 02:00,3
1541,Vuyyuru,Andhra Pradesh GW,28,Andhra Pradesh,510,KRISHNA,VUYYURU,VUYYURU,Gandigunta-1,Godavari,Godavari,Seethapalli Vagu,-,-,Seethapalli Vagu,16.38139800,80.85303400,10-10-2024 02:00,3
1542,Vuyyuru,Andhra Pradesh GW,28,Andhra Pradesh,510,KRISHNA,VUYYURU,VUYYURU,Gandigunta-1,Godavari,Godavari,Seethapalli Vagu,-,-,Seethapalli Vagu,16.38139800,80.85303400,10-10-2024 03:00,12.5
1543,Vuyyuru,Andhra Pradesh GW,28,Andhra Pradesh,510,KRISHNA,VUYYURU,VUYYURU,Gandigunta-1,Godavari,Godavari,Seethapalli Vagu,-,-,Seethapalli Vagu,16.38139800,80.85303400,10-10-2024 03:00,12.5
1544,Vuyyuru,Andhra Pradesh GW,28,Andhra Pradesh,510,KRISHNA,VUYYURU,VUYYURU,Gandigunta-1,Godavari,Godavari,Seethapalli Vagu,-,-,Seethapalli Vagu,16.38139800,80.85303400,10-10-2024 04:00,3.5
1545,Vuyyuru,Andhra Pradesh GW,28,Andhra Pradesh,510,KRISHNA,VUYYURU,VUYYURU,Gandigunta-1,Godavari,Godavari,Seethapalli Vagu,-,-,Seethapalli Vagu,16.38139800,80.85303400,10-10-2024 04:00,3.5
1546,Vuyyuru,Andhra Pradesh GW,28,Andhra Pradesh,510,KRISHNA,VUYYURU,VUYYURU,Gandigunta-1,Godavari,Godavari,Seethapalli Vagu,-,-,Seethapalli Vagu,16.38139800,80.85303400,10-10-2024 05:00,0.5
1547,Vuyyuru,Andhra Pradesh GW,28,Andhra Pradesh,510,KRISHNA,VUYYURU,VUYYURU,Gandigunta-1,Godavari,Godavari,Seethapalli Vagu,-,-,Seethapalli Vagu,16.38139800,80.85303400,10-10-2024 05:00,0.5
1548,Vuyyuru,Andhra Pradesh GW,28,Andhra Pradesh,510,KRISHNA,VUYYURU,VUYYURU,Gandigunta-1,Godavari,Godavari,Seethapalli Vagu,-,-,Seethapalli Vagu,16.38139800,80.85303400,10-10-2024 12:00,1.5
1549,Vuyyuru,Andhra Pradesh GW,28,Andhra Pradesh,510,KRISHNA,VUYYURU,VUYYURU,Gandigunta-1,Godavari,Godavari,Seethapalli Vagu,-,-,Seethapalli Vagu,16.38139800,80.85303400,10-10-2024 12:00,1.5
1550,Vuyyuru,Andhra Pradesh GW,28,Andhra Pradesh,510,KRISHNA,VUYYURU,VUYYURU,Gandigunta-1,Godavari,Godavari,Seethapalli Vagu,-,-,Seethapalli Vagu,16.38139800,80.85303400,11-10-2024 00:00,2.5
1551,Vuyyuru,Andhra Pradesh GW,28,Andhra Pradesh,510,KRISHNA,VUYYURU,VUYYURU,Gandigunta-1,Godavari,Godavari,Seethapalli Vagu,-,-,Seethapalli Vagu,16.38139800,80.85303400,11-10-2024 00:00,2.5
1552,Vuyyuru,Andhra Pradesh GW,28,Andhra Pradesh,510,KRISHNA,VUYYURU,VUYYURU,Gandigunta-1,Godavari,Godavari,Seethapalli Vagu,-,-,Seethapalli Vagu,16.38139800,80.85303400,11-10-2024 03:00,2
1553,Vuyyuru,Andhra Pradesh GW,28,Andhra Pradesh,510,KRISHNA,VUYYURU,VUYYURU,Gandigunta-1,Godavari,Godavari,Seethapalli Vagu,-,-,Seethapalli Vagu,16.38139800,80.85303400,11-10-2024 03:00,2
1554,Vuyyuru,Andhra Pradesh GW,28,Andhra Pradesh,510,KRISHNA,VUYYURU,VUYYURU,Gandigunta-1,Godavari,Godavari,Seethapalli Vagu,-,-,Seethapalli Vagu,16.38139800,80.85303400,11-10-2024 04:00,5.5
1555,Vuyyuru,Andhra Pradesh GW,28,Andhra Pradesh,510,KRISHNA,VUYYURU,VUYYURU,Gandigunta-1,Godavari,Godavari,Seethapalli Vagu,-,-,Seethapalli Vagu,16.38139800,80.85303400,11-10-2024 04:00,5.5
1556,Vuyyuru,Andhra Pradesh GW,28,Andhra Pradesh,510,KRISHNA,VUYYURU,VUYYURU,Gandigunta-1,Godavari,Godavari,Seethapalli Vagu,-,-,Seethapalli Vagu,16.38139800,80.85303400,11-10-2024 05:00,0.5
1557,Vuyyuru,Andhra Pradesh GW,28,Andhra Pradesh,510,KRISHNA,VUYYURU,VUYYURU,Gandigunta-1,Godavari,Godavari,Seethapalli Vagu,-,-,Seethapalli Vagu,16.38139800,80.85303400,11-10-2024 05:00,0.5
1558,Vuyyuru,Andhra Pradesh GW,28,Andhra Pradesh,510,KRISHNA,VUYYURU,VUYYURU,Gandigunta-1,Godavari,Godavari,Seethapalli Vagu,-,-,Seethapalli Vagu,16.38139800,80.85303400,11-10-2024 06:00,0.5
1559,Vuyyuru,Andhra Pradesh GW,28,Andhra Pradesh,510,KRISHNA,VUYYURU,VUYYURU,Gandigunta-1,Godavari,Godavari,Seethapalli Vagu,-,-,Seethapalli Vagu,16.38139800,80.85303400,11-10-2024 06:00,0.5
1560,Vuyyuru,Andhra Pradesh GW,28,Andhra Pradesh,510,KRISHNA,VUYYURU,VUYYURU,Gandigunta-1,Godavari,Godavari,Seethapalli Vagu,-,-,Seethapalli Vagu,16.38139800,80.85303400,11-10-2024 07:00,0.5
1561,Vuyyuru,Andhra Pradesh GW,28,Andhra Pradesh,510,KRISHNA,VUYYURU,VUYYURU,Gandigunta-1,Godavari,Godavari,Seethapalli Vagu,-,-,Seethapalli Vagu,16.38139800,80.85303400,11-10-2024 07:00,0.5
1562,Vuyyuru,Andhra Pradesh GW,28,Andhra Pradesh,510,KRISHNA,VUYYURU,VUYYURU,Gandigunta-1,Godavari,Godavari,Seethapalli Vagu,-,-,Seethapalli Vagu,16.38139800,80.85303400,11-10-2024 08:00,0.5
1563,Vuyyuru,Andhra Pradesh GW,28,Andhra Pradesh,510,KRISHNA,VUYYURU,VUYYURU,Gandigunta-1,Godavari,Godavari,Seethapalli Vagu,-,-,Seethapalli Vagu,16.38139800,80.85303400,11-10-2024 08:00,0.5
1564,Vuyyuru,Andhra Pradesh GW,28,Andhra Pradesh,510,KRISHNA,VUYYURU,VUYYURU,Gandigunta-1,Godavari,Godavari,Seethapalli Vagu,-,-,Seethapalli Vagu,16.38139800,80.85303400,12-10-2024 00:00,1.5
1565,Vuyyuru,Andhra Pradesh GW,28,Andhra Pradesh,510,KRISHNA,VUYYURU,VUYYURU,Gandigunta-1,Godavari,Godavari,Seethapalli Vagu,-,-,Seethapalli Vagu,16.38139800,80.85303400,12-10-2024 00:00,1.5
1566,Vuyyuru,Andhra Pradesh GW,28,Andhra Pradesh,510,KRISHNA,VUYYURU,VUYYURU,Gandigunta-1,Godavari,Godavari,Seethapalli Vagu,-,-,Seethapalli Vagu,16.38139800,80.85303400,12-10-2024 02:00,0.5
1567,Vuyyuru,Andhra Pradesh GW,28,Andhra Pradesh,510,KRISHNA,VUYYURU,VUYYURU,Gandigunta-1,Godavari,Godavari,Seethapalli Vagu,-,-,Seethapalli Vagu,16.38139800,80.85303400,12-10-2024 02:00,0.5
1568,Vuyyuru,Andhra Pradesh GW,28,Andhra Pradesh,510,KRISHNA,VUYYURU,VUYYURU,Gandigunta-1,Godavari,Godavari,Seethapalli Vagu,-,-,Seethapalli Vagu,16.38139800,80.85303400,12-10-2024 06:00,0.5
1569,Vuyyuru,Andhra Pradesh GW,28,Andhra Pradesh,510,KRISHNA,VUYYURU,VUYYURU,Gandigunta-1,Godavari,Godavari,Seethapalli Vagu,-,-,Seethapalli Vagu,16.38139800,80.85303400,12-10-2024 06:00,0.5
1570,Vuyyuru,Andhra Pradesh GW,28,Andhra Pradesh,510,KRISHNA,VUYYURU,VUYYURU,Gandigunta-1,Godavari,Godavari,Seethapalli Vagu,-,-,Seethapalli Vagu,16.38139800,80.85303400,12-10-2024 11:00,0.5
1571,Vuyyuru,Andhra Pradesh GW,28,Andhra Pradesh,510,KRISHNA,VUYYURU,VUYYURU,Gandigunta-1,Godavari,Godavari,Seethapalli Vagu,-,-,Seethapalli Vagu,16.38139800,80.85303400,12-10-2024 11:00,0.5
1572,Vuyyuru,Andhra Pradesh GW,28,Andhra Pradesh,510,KRISHNA,VUYYURU,VUYYURU,Gandigunta-1,Godavari,Godavari,Seethapalli Vagu,-,-,Seethapalli Vagu,16.38139800,80.85303400,12-10-2024 12:00,18.5
1573,Vuyyuru,Andhra Pradesh GW,28,Andhra Pradesh,510,KRISHNA,VUYYURU,VUYYURU,Gandigunta-1,Godavari,Godavari,Seethapalli Vagu,-,-,Seethapalli Vagu,16.38139800,80.85303400,12-10-2024 12:00,18.5
1574,Vuyyuru,Andhra Pradesh GW,28,Andhra Pradesh,510,KRISHNA,VUYYURU,VUYYURU,Gandigunta-1,Godavari,Godavari,Seethapalli Vagu,-,-,Seethapalli Vagu,16.38139800,80.85303400,12-10-2024 15:00,3.5
1575,Vuyyuru,Andhra Pradesh GW,28,Andhra Pradesh,510,KRISHNA,VUYYURU,VUYYURU,Gandigunta-1,Godavari,Godavari,Seethapalli Vagu,-,-,Seethapalli Vagu,16.38139800,80.85303400,12-10-2024 15:00,3.5
1576,Vuyyuru,Andhra Pradesh GW,28,Andhra Pradesh,510,KRISHNA,VUYYURU,VUYYURU,Gandigunta-1,Godavari,Godavari,Seethapalli Vagu,-,-,Seethapalli Vagu,16.38139800,80.85303400,14-10-2024 08:00,2
1577,Vuyyuru,Andhra Pradesh GW,28,Andhra Pradesh,510,KRISHNA,VUYYURU,VUYYURU,Gandigunta-1,Godavari,Godavari,Seethapalli Vagu,-,-,Seethapalli Vagu,16.38139800,80.85303400,14-10-2024 08:00,2
1578,Vuyyuru,Andhra Pradesh GW,28,Andhra Pradesh,510,KRISHNA,VUYYURU,VUYYURU,Gandigunta-1,Godavari,Godavari,Seethapalli Vagu,-,-,Seethapalli Vagu,16.38139800,80.85303400,14-10-2024 09:00,0.5
1579,Vuyyuru,Andhra Pradesh GW,28,Andhra Pradesh,510,KRISHNA,VUYYURU,VUYYURU,Gandigunta-1,Godavari,Godavari,Seethapalli Vagu,-,-,Seethapalli Vagu,16.38139800,80.85303400,14-10-2024 13:00,1.5
1580,Vuyyuru,Andhra Pradesh GW,28,Andhra Pradesh,510,KRISHNA,VUYYURU,VUYYURU,Gandigunta-1,Godavari,Godavari,Seethapalli Vagu,-,-,Seethapalli Vagu,16.38139800,80.85303400,14-10-2024 14:00,1
1581,Vuyyuru,Andhra Pradesh GW,28,Andhra Pradesh,510,KRISHNA,VUYYURU,VUYYURU,Gandigunta-1,Godavari,Godavari,Seethapalli Vagu,-,-,Seethapalli Vagu,16.38139800,80.85303400,14-10-2024 14:00,1
1582,Vuyyuru,Andhra Pradesh GW,28,Andhra Pradesh,510,KRISHNA,VUYYURU,VUYYURU,Gandigunta-1,Godavari,Godavari,Seethapalli Vagu,-,-,Seethapalli Vagu,16.38139800,80.85303400,14-10-2024 17:00,0.5
1583,Vuyyuru,Andhra Pradesh GW,28,Andhra Pradesh,510,KRISHNA,VUYYURU,VUYYURU,Gandigunta-1,Godavari,Godavari,Seethapalli Vagu,-,-,Seethapalli Vagu,16.38139800,80.85303400,14-10-2024 17:00,0.5
1584,Vuyyuru,Andhra Pradesh GW,28,Andhra Pradesh,510,KRISHNA,VUYYURU,VUYYURU,Gandigunta-1,Godavari,Godavari,Seethapalli Vagu,-,-,Seethapalli Vagu,16.38139800,80.85303400,14-10-2024 18:00,6
1585,Vuyyuru,Andhra Pradesh GW,28,Andhra Pradesh,510,KRISHNA,VUYYURU,VUYYURU,Gandigunta-1,Godavari,Godavari,Seethapalli Vagu,-,-,Seethapalli Vagu,16.38139800,80.85303400,14-10-2024 19:00,5.5
1586,Vuyyuru,Andhra Pradesh GW,28,Andhra Pradesh,510,KRISHNA,VUYYURU,VUYYURU,Gandigunta-1,Godavari,Godavari,Seethapalli Vagu,-,-,Seethapalli Vagu,16.38139800,80.85303400,14-10-2024 19:00,5.5
1587,Vuyyuru,Andhra Pradesh GW,28,Andhra Pradesh,510,KRISHNA,VUYYURU,VUYYURU,Gandigunta-1,Godavari,Godavari,Seethapalli Vagu,-,-,Seethapalli Vagu,16.38139800,80.85303400,14-10-2024 21:00,1.5
1588,Vuyyuru,Andhra Pradesh GW,28,Andhra Pradesh,510,KRISHNA,VUYYURU,VUYYURU,Gandigunta-1,Godavari,Godavari,Seethapalli Vagu,-,-,Seethapalli Vagu,16.38139800,80.85303400,14-10-2024 21:00,1.5
1589,Vuyyuru,Andhra Pradesh GW,28,Andhra Pradesh,510,KRISHNA,VUYYURU,VUYYURU,Gandigunta-1,Godavari,Godavari,Seethapalli Vagu,-,-,Seethapalli Vagu,16.38139800,80.85303400,15-10-2024 01:00,1
1590,Vuyyuru,Andhra Pradesh GW,28,Andhra Pradesh,510,KRISHNA,VUYYURU,VUYYURU,Gandigunta-1,Godavari,Godavari,Seethapalli Vagu,-,-,Seethapalli Vagu,16.38139800,80.85303400,15-10-2024 01:00,0.5
1591,Vuyyuru,Andhra Pradesh GW,28,Andhra Pradesh,510,KRISHNA,VUYYURU,VUYYURU,Gandigunta-1,Godavari,Godavari,Seethapalli Vagu,-,-,Seethapalli Vagu,16.38139800,80.85303400,15-10-2024 02:00,0.5
1592,Vuyyuru,Andhra Pradesh GW,28,Andhra Pradesh,510,KRISHNA,VUYYURU,VUYYURU,Gandigunta-1,Godavari,Godavari,Seethapalli Vagu,-,-,Seethapalli Vagu,16.38139800,80.85303400,15-10-2024 02:00,0.5
1593,Vuyyuru,Andhra Pradesh GW,28,Andhra Pradesh,510,KRISHNA,VUYYURU,VUYYURU,Gandigunta-1,Godavari,Godavari,Seethapalli Vagu,-,-,Seethapalli Vagu,16.38139800,80.85303400,15-10-2024 07:00,0.5
1594,Vuyyuru,Andhra Pradesh GW,28,Andhra Pradesh,510,KRISHNA,VUYYURU,VUYYURU,Gandigunta-1,Godavari,Godavari,Seethapalli Vagu,-,-,Seethapalli Vagu,16.38139800,80.85303400,15-10-2024 07:00,0.5
1595,Vuyyuru,Andhra Pradesh GW,28,Andhra Pradesh,510,KRISHNA,VUYYURU,VUYYURU,Gandigunta-1,Godavari,Godavari,Seethapalli Vagu,-,-,Seethapalli Vagu,16.38139800,80.85303400,15-10-2024 08:00,1.5
1596,Vuyyuru,Andhra Pradesh GW,28,Andhra Pradesh,510,KRISHNA,VUYYURU,VUYYURU,Gandigunta-1,Godavari,Godavari,Seethapalli Vagu,-,-,Seethapalli Vagu,16.38139800,80.85303400,15-10-2024 08:00,1.5
1597,Vuyyuru,Andhra Pradesh GW,28,Andhra Pradesh,510,KRISHNA,VUYYURU,VUYYURU,Gandigunta-1,Godavari,Godavari,Seethapalli Vagu,-,-,Seethapalli Vagu,16.38139800,80.85303400,15-10-2024 09:00,0.5
1598,Vuyyuru,Andhra Pradesh GW,28,Andhra Pradesh,510,KRISHNA,VUYYURU,VUYYURU,Gandigunta-1,Godavari,Godavari,Seethapalli Vagu,-,-,Seethapalli Vagu,16.38139800,80.85303400,15-10-2024 09:00,0.5
1599,Vuyyuru,Andhra Pradesh GW,28,Andhra Pradesh,510,KRISHNA,VUYYURU,VUYYURU,Gandigunta-1,Godavari,Godavari,Seethapalli Vagu,-,-,Seethapalli Vagu,16.38139800,80.85303400,16-10-2024 15:00,1.5
1600,Vuyyuru,Andhra Pradesh GW,28,Andhra Pradesh,510,KRISHNA,VUYYURU,VUYYURU,Gandigunta-1,Godavari,Godavari,Seethapalli Vagu,-,-,Seethapalli Vagu,16.38139800,80.85303400,16-10-2024 15:00,4.5
1601,Vuyyuru,Andhra Pradesh GW,28,Andhra Pradesh,510,KRISHNA,VUYYURU,VUYYURU,Gandigunta-1,Godavari,Godavari,Seethapalli Vagu,-,-,Seethapalli Vagu,16.38139800,80.85303400,16-10-2024 16:00,4.5
1602,Vuyyuru,Andhra Pradesh GW,28,Andhra Pradesh,510,KRISHNA,VUYYURU,VUYYURU,Gandigunta-1,Godavari,Godavari,Seethapalli Vagu,-,-,Seethapalli Vagu,16.38139800,80.85303400,16-10-2024 16:00,4.5
1603,Vuyyuru,Andhra Pradesh GW,28,Andhra Pradesh,510,KRISHNA,VUYYURU,VUYYURU,Gandigunta-1,Godavari,Godavari,Seethapalli Vagu,-,-,Seethapalli Vagu,16.38139800,80.85303400,16-10-2024 17:00,0.5
1604,Vuyyuru,Andhra Pradesh GW,28,Andhra Pradesh,510,KRISHNA,VUYYURU,VUYYURU,Gandigunta-1,Godavari,Godavari,Seethapalli Vagu,-,-,Seethapalli Vagu,16.38139800,80.85303400,17-10-2024 00:00,1.5
1605,Vuyyuru,Andhra Pradesh GW,28,Andhra Pradesh,510,KRISHNA,VUYYURU,VUYYURU,Gandigunta-1,Godavari,Godavari,Seethapalli Vagu,-,-,Seethapalli Vagu,16.38139800,80.85303400,17-10-2024 08:00,3
1606,Vuyyuru,Andhra Pradesh GW,28,Andhra Pradesh,510,KRISHNA,VUYYURU,VUYYURU,Gandigunta-1,Godavari,Godavari,Seethapalli Vagu,-,-,Seethapalli Vagu,16.38139800,80.85303400,17-10-2024 08:00,3
1607,Vuyyuru,Andhra Pradesh GW,28,Andhra Pradesh,510,KRISHNA,VUYYURU,VUYYURU,Gandigunta-1,Godavari,Godavari,Seethapalli Vagu,-,-,Seethapalli Vagu,16.38139800,80.85303400,17-10-2024 15:00,122
1608,Vuyyuru,Andhra Pradesh GW,28,Andhra Pradesh,510,KRISHNA,VUYYURU,VUYYURU,Gandigunta-1,Godavari,Godavari,Seethapalli Vagu,-,-,Seethapalli Vagu,16.38139800,80.85303400,17-10-2024 16:00,122
1609,Vuyyuru,Andhra Pradesh GW,28,Andhra Pradesh,510,KRISHNA,VUYYURU,VUYYURU,Gandigunta-1,Godavari,Godavari,Seethapalli Vagu,-,-,Seethapalli Vagu,16.38139800,80.85303400,18-10-2024 12:00,0.5
1610,Vuyyuru,Andhra Pradesh GW,28,Andhra Pradesh,510,KRISHNA,VUYYURU,VUYYURU,Gandigunta-1,Godavari,Godavari,Seethapalli Vagu,-,-,Seethapalli Vagu,16.38139800,80.85303400,18-10-2024 12:00,0.5
1611,Vuyyuru,Andhra Pradesh GW,28,Andhra Pradesh,510,KRISHNA,VUYYURU,VUYYURU,Gandigunta-1,Godavari,Godavari,Seethapalli Vagu,-,-,Seethapalli Vagu,16.38139800,80.85303400,18-10-2024 15:00,1.5
1612,Vuyyuru,Andhra Pradesh GW,28,Andhra Pradesh,510,KRISHNA,VUYYURU,VUYYURU,Gandigunta-1,Godavari,Godavari,Seethapalli Vagu,-,-,Seethapalli Vagu,16.38139800,80.85303400,18-10-2024 15:00,1.5
1613,Vuyyuru,Andhra Pradesh GW,28,Andhra Pradesh,510,KRISHNA,VUYYURU,VUYYURU,Gandigunta-1,Godavari,Godavari,Seethapalli Vagu,-,-,Seethapalli Vagu,16.38139800,80.85303400,19-10-2024 12:00,4
1614,Vuyyuru,Andhra Pradesh GW,28,Andhra Pradesh,510,KRISHNA,VUYYURU,VUYYURU,Gandigunta-1,Godavari,Godavari,Seethapalli Vagu,-,-,Seethapalli Vagu,16.38139800,80.85303400,19-10-2024 13:00,4
1615,Vuyyuru,Andhra Pradesh GW,28,Andhra Pradesh,510,KRISHNA,VUYYURU,VUYYURU,Gandigunta-1,Godavari,Godavari,Seethapalli Vagu,-,-,Seethapalli Vagu,16.38139800,80.85303400,19-10-2024 13:00,4
1616,Vuyyuru,Andhra Pradesh GW,28,Andhra Pradesh,510,KRISHNA,VUYYURU,VUYYURU,Gandigunta-1,Godavari,Godavari,Seethapalli Vagu,-,-,Seethapalli Vagu,16.38139800,80.85303400,20-10-2024 14:00,11.5
1617,Vuyyuru,Andhra Pradesh GW,28,Andhra Pradesh,510,KRISHNA,VUYYURU,VUYYURU,Gandigunta-1,Godavari,Godavari,Seethapalli Vagu,-,-,Seethapalli Vagu,16.38139800,80.85303400,21-10-2024 14:00,0.5
1618,Vuyyuru,Andhra Pradesh GW,28,Andhra Pradesh,510,KRISHNA,VUYYURU,VUYYURU,Gandigunta-1,Godavari,Godavari,Seethapalli Vagu,-,-,Seethapalli Vagu,16.38139800,80.85303400,21-10-2024 14:00,0.5
1619,Vuyyuru,Andhra Pradesh GW,28,Andhra Pradesh,510,KRISHNA,VUYYURU,VUYYURU,Gandigunta-1,Godavari,Godavari,Seethapalli Vagu,-,-,Seethapalli Vagu,16.38139800,80.85303400,21-10-2024 15:00,3
1620,Vuyyuru,Andhra Pradesh GW,28,Andhra Pradesh,510,KRISHNA,VUYYURU,VUYYURU,Gandigunta-1,Godavari,Godavari,Seethapalli Vagu,-,-,Seethapalli Vagu,16.38139800,80.85303400,21-10-2024 15:00,3
1621,Vuyyuru,Andhra Pradesh GW,28,Andhra Pradesh,510,KRISHNA,VUYYURU,VUYYURU,Gandigunta-1,Godavari,Godavari,Seethapalli Vagu,-,-,Seethapalli Vagu,16.38139800,80.85303400,12-11-2024 10:00,0.5
1622,Vuyyuru,Andhra Pradesh GW,28,Andhra Pradesh,510,KRISHNA,VUYYURU,VUYYURU,Gandigunta-1,Godavari,Godavari,Seethapalli Vagu,-,-,Seethapalli Vagu,16.38139800,80.85303400,12-11-2024 10:00,1.5
1623,Vuyyuru,Andhra Pradesh GW,28,Andhra Pradesh,510,KRISHNA,VUYYURU,VUYYURU,Gandigunta-1,Godavari,Godavari,Seethapalli Vagu,-,-,Seethapalli Vagu,16.38139800,80.85303400,12-11-2024 11:00,1.5
1624,Vuyyuru,Andhra Pradesh GW,28,Andhra Pradesh,510,KRISHNA,VUYYURU,VUYYURU,Gandigunta-1,Godavari,Godavari,Seethapalli Vagu,-,-,Seethapalli Vagu,16.38139800,80.85303400,12-11-2024 11:00,1.5
1625,Vuyyuru,Andhra Pradesh GW,28,Andhra Pradesh,510,KRISHNA,VUYYURU,VUYYURU,Gandigunta-1,Godavari,Godavari,Seethapalli Vagu,-,-,Seethapalli Vagu,16.38139800,80.85303400,13-11-2024 15:00,3
1626,Vuyyuru,Andhra Pradesh GW,28,Andhra Pradesh,510,KRISHNA,VUYYURU,VUYYURU,Gandigunta-1,Godavari,Godavari,Seethapalli Vagu,-,-,Seethapalli Vagu,16.38139800,80.85303400,13-11-2024 15:00,3
1627,Vuyyuru,Andhra Pradesh GW,28,Andhra Pradesh,510,KRISHNA,VUYYURU,VUYYURU,Gandigunta-1,Godavari,Godavari,Seethapalli Vagu,-,-,Seethapalli Vagu,16.38139800,80.85303400,30-11-2024 17:00,4
1628,Vuyyuru,Andhra Pradesh GW,28,Andhra Pradesh,510,KRISHNA,VUYYURU,VUYYURU,Gandigunta-1,Godavari,Godavari,Seethapalli Vagu,-,-,Seethapalli Vagu,16.38139800,80.85303400,30-11-2024 18:00,5.5
1629,Vuyyuru,Andhra Pradesh GW,28,Andhra Pradesh,510,KRISHNA,VUYYURU,VUYYURU,Gandigunta-1,Godavari,Godavari,Seethapalli Vagu,-,-,Seethapalli Vagu,16.38139800,80.85303400,01-12-2024 18:00,0.5
1630,Vuyyuru,Andhra Pradesh GW,28,Andhra Pradesh,510,KRISHNA,VUYYURU,VUYYURU,Gandigunta-1,Godavari,Godavari,Seethapalli Vagu,-,-,Seethapalli Vagu,16.38139800,80.85303400,17-12-2024 20:00,0.5
1631,Vuyyuru,Andhra Pradesh GW,28,Andhra Pradesh,510,KRISHNA,VUYYURU,VUYYURU,Gandigunta-1,Godavari,Godavari,Seethapalli Vagu,-,-,Seethapalli Vagu,16.38139800,80.85303400,17-12-2024 21:00,0.5
1632,Vuyyuru,Andhra Pradesh GW,28,Andhra Pradesh,510,KRISHNA,VUYYURU,VUYYURU,Gandigunta-1,Godavari,Godavari,Seethapalli Vagu,-,-,Seethapalli Vagu,16.38139800,80.85303400,17-12-2024 21:00,1
1633,Vuyyuru,Andhra Pradesh GW,28,Andhra Pradesh,510,KRISHNA,VUYYURU,VUYYURU,Gandigunta-1,Godavari,Godavari,Seethapalli Vagu,-,-,Seethapalli Vagu,16.38139800,80.85303400,17-12-2024 22:00,1
1634,Vuyyuru,Andhra Pradesh GW,28,Andhra Pradesh,510,KRISHNA,VUYYURU,VUYYURU,Gandigunta-1,Godavari,Godavari,Seethapalli Vagu,-,-,Seethapalli Vagu,16.38139800,80.85303400,17-12-2024 22:00,2
1635,Vuyyuru,Andhra Pradesh GW,28,Andhra Pradesh,510,KRISHNA,VUYYURU,VUYYURU,Gandigunta-1,Godavari,Godavari,Seethapalli Vagu,-,-,Seethapalli Vagu,16.38139800,80.85303400,17-12-2024 23:00,2
1636,Vuyyuru,Andhra Pradesh GW,28,Andhra Pradesh,510,KRISHNA,VUYYURU,VUYYURU,Gandigunta-1,Godavari,Godavari,Seethapalli Vagu,-,-,Seethapalli Vagu,16.38139800,80.85303400,18-12-2024 00:00,0.5
1637,Vuyyuru,Andhra Pradesh GW,28,Andhra Pradesh,510,KRISHNA,VUYYURU,VUYYURU,Gandigunta-1,Godavari,Godavari,Seethapalli Vagu,-,-,Seethapalli Vagu,16.38139800,80.85303400,18-12-2024 01:00,0.5
1638,Vuyyuru,Andhra Pradesh GW,28,Andhra Pradesh,510,KRISHNA,VUYYURU,VUYYURU,Gandigunta-1,Godavari,Godavari,Seethapalli Vagu,-,-,Seethapalli Vagu,16.38139800,80.85303400,24-12-2024 01:00,2.5
1639,Vuyyuru,Andhra Pradesh GW,28,Andhra Pradesh,510,KRISHNA,VUYYURU,VUYYURU,Gandigunta-1,Godavari,Godavari,Seethapalli Vagu,-,-,Seethapalli Vagu,16.38139800,80.85303400,24-12-2024 02:00,2.5
1640,Vuyyuru,Andhra Pradesh GW,28,Andhra Pradesh,510,KRISHNA,VUYYURU,VUYYURU,Gandigunta-1,Godavari,Godavari,Seethapalli Vagu,-,-,Seethapalli Vagu,16.38139800,80.85303400,24-12-2024 02:00,1.5
1641,Vuyyuru,Andhra Pradesh GW,28,Andhra Pradesh,510,KRISHNA,VUYYURU,VUYYURU,Gandigunta-1,Godavari,Godavari,Seethapalli Vagu,-,-,Seethapalli Vagu,16.38139800,80.85303400,24-12-2024 04:00,1
1642,Vuyyuru,Andhra Pradesh GW,28,Andhra Pradesh,510,KRISHNA,VUYYURU,VUYYURU,Gandigunta-1,Godavari,Godavari,Seethapalli Vagu,-,-,Seethapalli Vagu,16.38139800,80.85303400,24-12-2024 05:00,1
1643,Vuyyuru,Andhra Pradesh GW,28,Andhra Pradesh,510,KRISHNA,VUYYURU,VUYYURU,Gandigunta-1,Godavari,Godavari,Seethapalli Vagu,-,-,Seethapalli Vagu,16.38139800,80.85303400,24-12-2024 13:00,0.5
1644,Vuyyuru,Andhra Pradesh GW,28,Andhra Pradesh,510,KRISHNA,VUYYURU,VUYYURU,Gandigunta-1,Godavari,Godavari,Seethapalli Vagu,-,-,Seethapalli Vagu,16.38139800,80.85303400,24-12-2024 14:00,0.5
1645,Vuyyuru,Andhra Pradesh GW,28,Andhra Pradesh,510,KRISHNA,VUYYURU,VUYYURU,Gandigunta-1,Godavari,Godavari,Seethapalli Vagu,-,-,Seethapalli Vagu,16.38139800,80.85303400,24-12-2024 16:00,0.5
1646,Vuyyuru,Andhra Pradesh GW,28,Andhra Pradesh,510,KRISHNA,VUYYURU,VUYYURU,Gandigunta-1,Godavari,Godavari,Seethapalli Vagu,-,-,Seethapalli Vagu,16.38139800,80.85303400,24-12-2024 17:00,0.5
1647,Vuyyuru,Andhra Pradesh GW,28,Andhra Pradesh,510,KRISHNA,VUYYURU,VUYYURU,Gandigunta-1,Godavari,Godavari,Seethapalli Vagu,-,-,Seethapalli Vagu,16.38139800,80.85303400,24-12-2024 17:00,0.5
1648,Vuyyuru,Andhra Pradesh GW,28,Andhra Pradesh,510,KRISHNA,VUYYURU,VUYYURU,Gandigunta-1,Godavari,Godavari,Seethapalli Vagu,-,-,Seethapalli Vagu,16.38139800,80.85303400,24-12-2024 18:00,0.5
1649,Vuyyuru,Andhra Pradesh GW,28,Andhra Pradesh,510,KRISHNA,VUYYURU,VUYYURU,Gandigunta-1,Godavari,Godavari,Seethapalli Vagu,-,-,Seethapalli Vagu,16.38139800,80.85303400,25-12-2024 05:00,0.5
1650,Vuyyuru,Andhra Pradesh GW,28,Andhra Pradesh,510,KRISHNA,VUYYURU,VUYYURU,Gandigunta-1,Godavari,Godavari,Seethapalli Vagu,-,-,Seethapalli Vagu,16.38139800,80.85303400,25-12-2024 06:00,0.5
1651,Vuyyuru,Andhra Pradesh GW,28,Andhra Pradesh,510,KRISHNA,VUYYURU,VUYYURU,Gandigunta-1,Godavari,Godavari,Seethapalli Vagu,-,-,Seethapalli Vagu,16.38139800,80.85303400,25-12-2024 16:00,0.5
1652,Vuyyuru,Andhra Pradesh GW,28,Andhra Pradesh,510,KRISHNA,VUYYURU,VUYYURU,Gandigunta-1,Godavari,Godavari,Seethapalli Vagu,-,-,Seethapalli Vagu,16.38139800,80.85303400,25-12-2024 17:00,0.5
1653,Vuyyuru,Andhra Pradesh GW,28,Andhra Pradesh,510,KRISHNA,VUYYURU,VUYYURU,Gandigunta-1,Godavari,Godavari,Seethapalli Vagu,-,-,Seethapalli Vagu,16.38139800,80.85303400,03-02-2025 17:00,24
1654,Vuyyuru,Andhra Pradesh GW,28,Andhra Pradesh,510,KRISHNA,VUYYURU,VUYYURU,Gandigunta-1,Godavari,Godavari,Seethapalli Vagu,-,-,Seethapalli Vagu,16.38139800,80.85303400,03-02-2025 18:00,24
1655,Vuyyuru,Andhra Pradesh GW,28,Andhra Pradesh,510,KRISHNA,VUYYURU,VUYYURU,Gandigunta-1,Godavari,Godavari,Seethapalli Vagu,-,-,Seethapalli Vagu,16.38139800,80.85303400,08-02-2025 23:00,257
1656,Vuyyuru,Andhra Pradesh GW,28,Andhra Pradesh,510,KRISHNA,VUYYURU,VUYYURU,Gandigunta-1,Godavari,Godavari,Seethapalli Vagu,-,-,Seethapalli Vagu,16.38139800,80.85303400,09-02-2025 00:00,257
1657,Vuyyuru,Andhra Pradesh GW,28,Andhra Pradesh,510,KRISHNA,VUYYURU,VUYYURU,Gandigunta-1,Godavari,Godavari,Seethapalli Vagu,-,-,Seethapalli Vagu,16.38139800,80.85303400,10-02-2025 13:00,6
1658,Vuyyuru,Andhra Pradesh GW,28,Andhra Pradesh,510,KRISHNA,VUYYURU,VUYYURU,Gandigunta-1,Godavari,Godavari,Seethapalli Vagu,-,-,Seethapalli Vagu,16.38139800,80.85303400,10-02-2025 14:00,6
1659,Vuyyuru,Andhra Pradesh GW,28,Andhra Pradesh,510,KRISHNA,VUYYURU,VUYYURU,Gandigunta-1,Godavari,Godavari,Seethapalli Vagu,-,-,Seethapalli Vagu,16.38139800,80.85303400,02-03-2025 15:00,0.5
1660,Vuyyuru,Andhra Pradesh GW,28,Andhra Pradesh,510,KRISHNA,VUYYURU,VUYYURU,Gandigunta-1,Godavari,Godavari,Seethapalli Vagu,-,-,Seethapalli Vagu,16.38139800,80.85303400,04-04-2025 05:00,1.5
1661,Vuyyuru,Andhra Pradesh GW,28,Andhra Pradesh,510,KRISHNA,VUYYURU,VUYYURU,Gandigunta-1,Godavari,Godavari,Seethapalli Vagu,-,-,Seethapalli Vagu,16.38139800,80.85303400,04-04-2025 06:00,0.5
1662,Vuyyuru,Andhra Pradesh GW,28,Andhra Pradesh,510,KRISHNA,VUYYURU,VUYYURU,Gandigunta-1,Godavari,Godavari,Seethapalli Vagu,-,-,Seethapalli Vagu,16.38139800,80.85303400,04-04-2025 06:00,0.5
1663,Vuyyuru,Andhra Pradesh GW,28,Andhra Pradesh,510,KRISHNA,VUYYURU,VUYYURU,Gandigunta-1,Godavari,Godavari,Seethapalli Vagu,-,-,Seethapalli Vagu,16.38139800,80.85303400,05-04-2025 15:00,10
1664,Vuyyuru,Andhra Pradesh GW,28,Andhra Pradesh,510,KRISHNA,VUYYURU,VUYYURU,Gandigunta-1,Godavari,Godavari,Seethapalli Vagu,-,-,Seethapalli Vagu,16.38139800,80.85303400,05-04-2025 15:00,10
1665,Vuyyuru,Andhra Pradesh GW,28,Andhra Pradesh,510,KRISHNA,VUYYURU,VUYYURU,Gandigunta-1,Godavari,Godavari,Seethapalli Vagu,-,-,Seethapalli Vagu,16.38139800,80.85303400,05-04-2025 16:00,0.5
1666,Vuyyuru,Andhra Pradesh GW,28,Andhra Pradesh,510,KRISHNA,VUYYURU,VUYYURU,Gandigunta-1,Godavari,Godavari,Seethapalli Vagu,-,-,Seethapalli Vagu,16.38139800,80.85303400,05-04-2025 16:00,0.5
1667,Vuyyuru,Andhra Pradesh GW,28,Andhra Pradesh,510,KRISHNA,VUYYURU,VUYYURU,Gandigunta-1,Godavari,Godavari,Seethapalli Vagu,-,-,Seethapalli Vagu,16.38139800,80.85303400,08-04-2025 20:00,2
1668,Vuyyuru,Andhra Pradesh GW,28,Andhra Pradesh,510,KRISHNA,VUYYURU,VUYYURU,Gandigunta-1,Godavari,Godavari,Seethapalli Vagu,-,-,Seethapalli Vagu,16.38139800,80.85303400,08-04-2025 20:00,2
1669,Vuyyuru,Andhra Pradesh GW,28,Andhra Pradesh,510,KRISHNA,VUYYURU,VUYYURU,Gandigunta-1,Godavari,Godavari,Seethapalli Vagu,-,-,Seethapalli Vagu,16.38139800,80.85303400,04-05-2025 10:00,10
1670,Vuyyuru,Andhra Pradesh GW,28,Andhra Pradesh,510,KRISHNA,VUYYURU,VUYYURU,Gandigunta-1,Godavari,Godavari,Seethapalli Vagu,-,-,Seethapalli Vagu,16.38139800,80.85303400,04-05-2025 11:00,5.5
1671,Vuyyuru,Andhra Pradesh GW,28,Andhra Pradesh,510,KRISHNA,VUYYURU,VUYYURU,Gandigunta-1,Godavari,Godavari,Seethapalli Vagu,-,-,Seethapalli Vagu,16.38139800,80.85303400,04-05-2025 12:00,3
1672,Vuyyuru,Andhra Pradesh GW,28,Andhra Pradesh,510,KRISHNA,VUYYURU,VUYYURU,Gandigunta-1,Godavari,Godavari,Seethapalli Vagu,-,-,Seethapalli Vagu,16.38139800,80.85303400,04-05-2025 13:00,2.5
1673,Vuyyuru,Andhra Pradesh GW,28,Andhra Pradesh,510,KRISHNA,VUYYURU,VUYYURU,Gandigunta-1,Godavari,Godavari,Seethapalli Vagu,-,-,Seethapalli Vagu,16.38139800,80.85303400,04-05-2025 14:00,2
1674,Vuyyuru,Andhra Pradesh GW,28,Andhra Pradesh,510,KRISHNA,VUYYURU,VUYYURU,Gandigunta-1,Godavari,Godavari,Seethapalli Vagu,-,-,Seethapalli Vagu,16.38139800,80.85303400,04-05-2025 15:00,1.5
1675,Vuyyuru,Andhra Pradesh GW,28,Andhra Pradesh,510,KRISHNA,VUYYURU,VUYYURU,Gandigunta-1,Godavari,Godavari,Seethapalli Vagu,-,-,Seethapalli Vagu,16.38139800,80.85303400,04-05-2025 16:00,1
1676,Vuyyuru,Andhra Pradesh GW,28,Andhra Pradesh,510,KRISHNA,VUYYURU,VUYYURU,Gandigunta-1,Godavari,Godavari,Seethapalli Vagu,-,-,Seethapalli Vagu,16.38139800,80.85303400,04-05-2025 17:00,1
1677,Vuyyuru,Andhra Pradesh GW,28,Andhra Pradesh,510,KRISHNA,VUYYURU,VUYYURU,Gandigunta-1,Godavari,Godavari,Seethapalli Vagu,-,-,Seethapalli Vagu,16.38139800,80.85303400,04-05-2025 18:00,1
1678,Vuyyuru,Andhra Pradesh GW,28,Andhra Pradesh,510,KRISHNA,VUYYURU,VUYYURU,Gandigunta-1,Godavari,Godavari,Seethapalli Vagu,-,-,Seethapalli Vagu,16.38139800,80.85303400,04-05-2025 19:00,1
1679,Vuyyuru,Andhra Pradesh GW,28,Andhra Pradesh,510,KRISHNA,VUYYURU,VUYYURU,Gandigunta-1,Godavari,Godavari,Seethapalli Vagu,-,-,Seethapalli Vagu,16.38139800,80.85303400,04-05-2025 20:00,1
1680,Vuyyuru,Andhra Pradesh GW,28,Andhra Pradesh,510,KRISHNA,VUYYURU,VUYYURU,Gandigunta-1,Godavari,Godavari,Seethapalli Vagu,-,-,Seethapalli Vagu,16.38139800,80.85303400,04-05-2025 21:00,0.5
1681,Vuyyuru,Andhra Pradesh GW,28,Andhra Pradesh,510,KRISHNA,VUYYURU,VUYYURU,Gandigunta-1,Godavari,Godavari,Seethapalli Vagu,-,-,Seethapalli Vagu,16.38139800,80.85303400,04-05-2025 22:00,1
1682,Vuyyuru,Andhra Pradesh GW,28,Andhra Pradesh,510,KRISHNA,VUYYURU,VUYYURU,Gandigunta-1,Godavari,Godavari,Seethapalli Vagu,-,-,Seethapalli Vagu,16.38139800,80.85303400,04-05-2025 23:00,1
1683,Vuyyuru,Andhra Pradesh GW,28,Andhra Pradesh,510,KRISHNA,VUYYURU,VUYYURU,Gandigunta-1,Godavari,Godavari,Seethapalli Vagu,-,-,Seethapalli Vagu,16.38139800,80.85303400,05-05-2025 00:00,1
1684,Vuyyuru,Andhra Pradesh GW,28,Andhra Pradesh,510,KRISHNA,VUYYURU,VUYYURU,Gandigunta-1,Godavari,Godavari,Seethapalli Vagu,-,-,Seethapalli Vagu,16.38139800,80.85303400,05-05-2025 01:00,1
1685,Vuyyuru,Andhra Pradesh GW,28,Andhra Pradesh,510,KRISHNA,VUYYURU,VUYYURU,Gandigunta-1,Godavari,Godavari,Seethapalli Vagu,-,-,Seethapalli Vagu,16.38139800,80.85303400,05-05-2025 02:00,1
1686,Vuyyuru,Andhra Pradesh GW,28,Andhra Pradesh,510,KRISHNA,VUYYURU,VUYYURU,Gandigunta-1,Godavari,Godavari,Seethapalli Vagu,-,-,Seethapalli Vagu,16.38139800,80.85303400,05-05-2025 03:00,1
1687,Vuyyuru,Andhra Pradesh GW,28,Andhra Pradesh,510,KRISHNA,VUYYURU,VUYYURU,Gandigunta-1,Godavari,Godavari,Seethapalli Vagu,-,-,Seethapalli Vagu,16.38139800,80.85303400,05-05-2025 04:00,1
1688,Vuyyuru,Andhra Pradesh GW,28,Andhra Pradesh,510,KRISHNA,VUYYURU,VUYYURU,Gandigunta-1,Godavari,Godavari,Seethapalli Vagu,-,-,Seethapalli Vagu,16.38139800,80.85303400,05-05-2025 05:00,1.5
1689,Vuyyuru,Andhra Pradesh GW,28,Andhra Pradesh,510,KRISHNA,VUYYURU,VUYYURU,Gandigunta-1,Godavari,Godavari,Seethapalli Vagu,-,-,Seethapalli Vagu,16.38139800,80.85303400,05-05-2025 06:00,1
1690,Vuyyuru,Andhra Pradesh GW,28,Andhra Pradesh,510,KRISHNA,VUYYURU,VUYYURU,Gandigunta-1,Godavari,Godavari,Seethapalli Vagu,-,-,Seethapalli Vagu,16.38139800,80.85303400,05-05-2025 07:00,1.5
1691,Vuyyuru,Andhra Pradesh GW,28,Andhra Pradesh,510,KRISHNA,VUYYURU,VUYYURU,Gandigunta-1,Godavari,Godavari,Seethapalli Vagu,-,-,Seethapalli Vagu,16.38139800,80.85303400,05-05-2025 08:00,1
1692,Vuyyuru,Andhra Pradesh GW,28,Andhra Pradesh,510,KRISHNA,VUYYURU,VUYYURU,Gandigunta-1,Godavari,Godavari,Seethapalli Vagu,-,-,Seethapalli Vagu,16.38139800,80.85303400,05-05-2025 09:00,1.5
1693,Vuyyuru,Andhra Pradesh GW,28,Andhra Pradesh,510,KRISHNA,VUYYURU,VUYYURU,Gandigunta-1,Godavari,Godavari,Seethapalli Vagu,-,-,Seethapalli Vagu,16.38139800,80.85303400,05-05-2025 11:00,0.5
1694,Vuyyuru,Andhra Pradesh GW,28,Andhra Pradesh,510,KRISHNA,VUYYURU,VUYYURU,Gandigunta-1,Godavari,Godavari,Seethapalli Vagu,-,-,Seethapalli Vagu,16.38139800,80.85303400,05-05-2025 12:00,1
1695,Vuyyuru,Andhra Pradesh GW,28,Andhra Pradesh,510,KRISHNA,VUYYURU,VUYYURU,Gandigunta-1,Godavari,Godavari,Seethapalli Vagu,-,-,Seethapalli Vagu,16.38139800,80.85303400,05-05-2025 13:00,0.5
1696,Vuyyuru,Andhra Pradesh GW,28,Andhra Pradesh,510,KRISHNA,VUYYURU,VUYYURU,Gandigunta-1,Godavari,Godavari,Seethapalli Vagu,-,-,Seethapalli Vagu,16.38139800,80.85303400,06-05-2025 16:00,0.5
1697,Vuyyuru,Andhra Pradesh GW,28,Andhra Pradesh,510,KRISHNA,VUYYURU,VUYYURU,Gandigunta-1,Godavari,Godavari,Seethapalli Vagu,-,-,Seethapalli Vagu,16.38139800,80.85303400,06-05-2025 16:00,0.5
1698,Vuyyuru,Andhra Pradesh GW,28,Andhra Pradesh,510,KRISHNA,VUYYURU,VUYYURU,Gandigunta-1,Godavari,Godavari,Seethapalli Vagu,-,-,Seethapalli Vagu,16.38139800,80.85303400,06-05-2025 23:00,0.5
1699,Vuyyuru,Andhra Pradesh GW,28,Andhra Pradesh,510,KRISHNA,VUYYURU,VUYYURU,Gandigunta-1,Godavari,Godavari,Seethapalli Vagu,-,-,Seethapalli Vagu,16.38139800,80.85303400,06-05-2025 23:00,0.5
1700,Vuyyuru,Andhra Pradesh GW,28,Andhra Pradesh,510,KRISHNA,VUYYURU,VUYYURU,Gandigunta-1,Godavari,Godavari,Seethapalli Vagu,-,-,Seethapalli Vagu,16.38139800,80.85303400,07-05-2025 12:00,0.5
1701,Vuyyuru,Andhra Pradesh GW,28,Andhra Pradesh,510,KRISHNA,VUYYURU,VUYYURU,Gandigunta-1,Godavari,Godavari,Seethapalli Vagu,-,-,Seethapalli Vagu,16.38139800,80.85303400,07-05-2025 15:00,173
1702,Vuyyuru,Andhra Pradesh GW,28,Andhra Pradesh,510,KRISHNA,VUYYURU,VUYYURU,Gandigunta-1,Godavari,Godavari,Seethapalli Vagu,-,-,Seethapalli Vagu,16.38139800,80.85303400,09-05-2025 00:00,0.5
1703,Vuyyuru,Andhra Pradesh GW,28,Andhra Pradesh,510,KRISHNA,VUYYURU,VUYYURU,Gandigunta-1,Godavari,Godavari,Seethapalli Vagu,-,-,Seethapalli Vagu,16.38139800,80.85303400,11-05-2025 05:00,0.5
1704,Vuyyuru,Andhra Pradesh GW,28,Andhra Pradesh,510,KRISHNA,VUYYURU,VUYYURU,Gandigunta-1,Godavari,Godavari,Seethapalli Vagu,-,-,Seethapalli Vagu,16.38139800,80.85303400,15-05-2025 20:00,0.5
1705,Vuyyuru,Andhra Pradesh GW,28,Andhra Pradesh,510,KRISHNA,VUYYURU,VUYYURU,Gandigunta-1,Godavari,Godavari,Seethapalli Vagu,-,-,Seethapalli Vagu,16.38139800,80.85303400,15-05-2025 20:00,0.5
1706,Vuyyuru,Andhra Pradesh GW,28,Andhra Pradesh,510,KRISHNA,VUYYURU,VUYYURU,Gandigunta-1,Godavari,Godavari,Seethapalli Vagu,-,-,Seethapalli Vagu,16.38139800,80.85303400,16-05-2025 04:00,6.5
1707,Vuyyuru,Andhra Pradesh GW,28,Andhra Pradesh,510,KRISHNA,VUYYURU,VUYYURU,Gandigunta-1,Godavari,Godavari,Seethapalli Vagu,-,-,Seethapalli Vagu,16.38139800,80.85303400,16-05-2025 05:00,21
1708,Vuyyuru,Andhra Pradesh GW,28,Andhra Pradesh,510,KRISHNA,VUYYURU,VUYYURU,Gandigunta-1,Godavari,Godavari,Seethapalli Vagu,-,-,Seethapalli Vagu,16.38139800,80.85303400,16-05-2025 06:00,18
1709,Vuyyuru,Andhra Pradesh GW,28,Andhra Pradesh,510,KRISHNA,VUYYURU,VUYYURU,Gandigunta-1,Godavari,Godavari,Seethapalli Vagu,-,-,Seethapalli Vagu,16.38139800,80.85303400,16-05-2025 07:00,12.5
1710,Vuyyuru,Andhra Pradesh GW,28,Andhra Pradesh,510,KRISHNA,VUYYURU,VUYYURU,Gandigunta-1,Godavari,Godavari,Seethapalli Vagu,-,-,Seethapalli Vagu,16.38139800,80.85303400,16-05-2025 08:00,8
1711,Vuyyuru,Andhra Pradesh GW,28,Andhra Pradesh,510,KRISHNA,VUYYURU,VUYYURU,Gandigunta-1,Godavari,Godavari,Seethapalli Vagu,-,-,Seethapalli Vagu,16.38139800,80.85303400,16-05-2025 08:00,8
1712,Vuyyuru,Andhra Pradesh GW,28,Andhra Pradesh,510,KRISHNA,VUYYURU,VUYYURU,Gandigunta-1,Godavari,Godavari,Seethapalli Vagu,-,-,Seethapalli Vagu,16.38139800,80.85303400,16-05-2025 09:00,6
1713,Vuyyuru,Andhra Pradesh GW,28,Andhra Pradesh,510,KRISHNA,VUYYURU,VUYYURU,Gandigunta-1,Godavari,Godavari,Seethapalli Vagu,-,-,Seethapalli Vagu,16.38139800,80.85303400,16-05-2025 09:00,6
1714,Vuyyuru,Andhra Pradesh GW,28,Andhra Pradesh,510,KRISHNA,VUYYURU,VUYYURU,Gandigunta-1,Godavari,Godavari,Seethapalli Vagu,-,-,Seethapalli Vagu,16.38139800,80.85303400,16-05-2025 10:00,3.5
1715,Vuyyuru,Andhra Pradesh GW,28,Andhra Pradesh,510,KRISHNA,VUYYURU,VUYYURU,Gandigunta-1,Godavari,Godavari,Seethapalli Vagu,-,-,Seethapalli Vagu,16.38139800,80.85303400,16-05-2025 10:00,3.5
1716,Vuyyuru,Andhra Pradesh GW,28,Andhra Pradesh,510,KRISHNA,VUYYURU,VUYYURU,Gandigunta-1,Godavari,Godavari,Seethapalli Vagu,-,-,Seethapalli Vagu,16.38139800,80.85303400,16-05-2025 11:00,1.5
1717,Vuyyuru,Andhra Pradesh GW,28,Andhra Pradesh,510,KRISHNA,VUYYURU,VUYYURU,Gandigunta-1,Godavari,Godavari,Seethapalli Vagu,-,-,Seethapalli Vagu,16.38139800,80.85303400,16-05-2025 11:00,1.5
1718,Vuyyuru,Andhra Pradesh GW,28,Andhra Pradesh,510,KRISHNA,VUYYURU,VUYYURU,Gandigunta-1,Godavari,Godavari,Seethapalli Vagu,-,-,Seethapalli Vagu,16.38139800,80.85303400,16-05-2025 12:00,0.5
1719,Vuyyuru,Andhra Pradesh GW,28,Andhra Pradesh,510,KRISHNA,VUYYURU,VUYYURU,Gandigunta-1,Godavari,Godavari,Seethapalli Vagu,-,-,Seethapalli Vagu,16.38139800,80.85303400,16-05-2025 12:00,0.5
1720,Vuyyuru,Andhra Pradesh GW,28,Andhra Pradesh,510,KRISHNA,VUYYURU,VUYYURU,Gandigunta-1,Godavari,Godavari,Seethapalli Vagu,-,-,Seethapalli Vagu,16.38139800,80.85303400,16-05-2025 20:00,160
1721,Vuyyuru,Andhra Pradesh GW,28,Andhra Pradesh,510,KRISHNA,VUYYURU,VUYYURU,Gandigunta-1,Godavari,Godavari,Seethapalli Vagu,-,-,Seethapalli Vagu,16.38139800,80.85303400,17-05-2025 20:00,0.5
1722,Vuyyuru,Andhra Pradesh GW,28,Andhra Pradesh,510,KRISHNA,VUYYURU,VUYYURU,Gandigunta-1,Godavari,Godavari,Seethapalli Vagu,-,-,Seethapalli Vagu,16.38139800,80.85303400,17-05-2025 21:00,0.5
1723,Vuyyuru,Andhra Pradesh GW,28,Andhra Pradesh,510,KRISHNA,VUYYURU,VUYYURU,Gandigunta-1,Godavari,Godavari,Seethapalli Vagu,-,-,Seethapalli Vagu,16.38139800,80.85303400,17-05-2025 22:00,0.5
1724,Vuyyuru,Andhra Pradesh GW,28,Andhra Pradesh,510,KRISHNA,VUYYURU,VUYYURU,Gandigunta-1,Godavari,Godavari,Seethapalli Vagu,-,-,Seethapalli Vagu,16.38139800,80.85303400,17-05-2025 22:00,0.5
1725,Vuyyuru,Andhra Pradesh GW,28,Andhra Pradesh,510,KRISHNA,VUYYURU,VUYYURU,Gandigunta-1,Godavari,Godavari,Seethapalli Vagu,-,-,Seethapalli Vagu,16.38139800,80.85303400,17-05-2025 23:00,0.5
1726,Vuyyuru,Andhra Pradesh GW,28,Andhra Pradesh,510,KRISHNA,VUYYURU,VUYYURU,Gandigunta-1,Godavari,Godavari,Seethapalli Vagu,-,-,Seethapalli Vagu,16.38139800,80.85303400,19-05-2025 08:00,371.5
1727,Vuyyuru,Andhra Pradesh GW,28,Andhra Pradesh,510,KRISHNA,VUYYURU,VUYYURU,Gandigunta-1,Godavari,Godavari,Seethapalli Vagu,-,-,Seethapalli Vagu,16.38139800,80.85303400,20-05-2025 06:00,0.5
1728,Vuyyuru,Andhra Pradesh GW,28,Andhra Pradesh,510,KRISHNA,VUYYURU,VUYYURU,Gandigunta-1,Godavari,Godavari,Seethapalli Vagu,-,-,Seethapalli Vagu,16.38139800,80.85303400,20-05-2025 07:00,2.5
1729,Vuyyuru,Andhra Pradesh GW,28,Andhra Pradesh,510,KRISHNA,VUYYURU,VUYYURU,Gandigunta-1,Godavari,Godavari,Seethapalli Vagu,-,-,Seethapalli Vagu,16.38139800,80.85303400,20-05-2025 08:00,2
1730,Vuyyuru,Andhra Pradesh GW,28,Andhra Pradesh,510,KRISHNA,VUYYURU,VUYYURU,Gandigunta-1,Godavari,Godavari,Seethapalli Vagu,-,-,Seethapalli Vagu,16.38139800,80.85303400,20-05-2025 09:00,2
1731,Vuyyuru,Andhra Pradesh GW,28,Andhra Pradesh,510,KRISHNA,VUYYURU,VUYYURU,Gandigunta-1,Godavari,Godavari,Seethapalli Vagu,-,-,Seethapalli Vagu,16.38139800,80.85303400,20-05-2025 10:00,2
1732,Vuyyuru,Andhra Pradesh GW,28,Andhra Pradesh,510,KRISHNA,VUYYURU,VUYYURU,Gandigunta-1,Godavari,Godavari,Seethapalli Vagu,-,-,Seethapalli Vagu,16.38139800,80.85303400,20-05-2025 11:00,1.5
1733,Vuyyuru,Andhra Pradesh GW,28,Andhra Pradesh,510,KRISHNA,VUYYURU,VUYYURU,Gandigunta-1,Godavari,Godavari,Seethapalli Vagu,-,-,Seethapalli Vagu,16.38139800,80.85303400,20-05-2025 12:00,1.5
1734,Vuyyuru,Andhra Pradesh GW,28,Andhra Pradesh,510,KRISHNA,VUYYURU,VUYYURU,Gandigunta-1,Godavari,Godavari,Seethapalli Vagu,-,-,Seethapalli Vagu,16.38139800,80.85303400,20-05-2025 13:00,1.5
1735,Vuyyuru,Andhra Pradesh GW,28,Andhra Pradesh,510,KRISHNA,VUYYURU,VUYYURU,Gandigunta-1,Godavari,Godavari,Seethapalli Vagu,-,-,Seethapalli Vagu,16.38139800,80.85303400,20-05-2025 13:00,1.5
1736,Vuyyuru,Andhra Pradesh GW,28,Andhra Pradesh,510,KRISHNA,VUYYURU,VUYYURU,Gandigunta-1,Godavari,Godavari,Seethapalli Vagu,-,-,Seethapalli Vagu,16.38139800,80.85303400,20-05-2025 14:00,1
1737,Vuyyuru,Andhra Pradesh GW,28,Andhra Pradesh,510,KRISHNA,VUYYURU,VUYYURU,Gandigunta-1,Godavari,Godavari,Seethapalli Vagu,-,-,Seethapalli Vagu,16.38139800,80.85303400,20-05-2025 14:00,1
1738,Vuyyuru,Andhra Pradesh GW,28,Andhra Pradesh,510,KRISHNA,VUYYURU,VUYYURU,Gandigunta-1,Godavari,Godavari,Seethapalli Vagu,-,-,Seethapalli Vagu,16.38139800,80.85303400,20-05-2025 15:00,1
1739,Vuyyuru,Andhra Pradesh GW,28,Andhra Pradesh,510,KRISHNA,VUYYURU,VUYYURU,Gandigunta-1,Godavari,Godavari,Seethapalli Vagu,-,-,Seethapalli Vagu,16.38139800,80.85303400,20-05-2025 15:00,1
1740,Vuyyuru,Andhra Pradesh GW,28,Andhra Pradesh,510,KRISHNA,VUYYURU,VUYYURU,Gandigunta-1,Godavari,Godavari,Seethapalli Vagu,-,-,Seethapalli Vagu,16.38139800,80.85303400,20-05-2025 16:00,1
1741,Vuyyuru,Andhra Pradesh GW,28,Andhra Pradesh,510,KRISHNA,VUYYURU,VUYYURU,Gandigunta-1,Godavari,Godavari,Seethapalli Vagu,-,-,Seethapalli Vagu,16.38139800,80.85303400,20-05-2025 16:00,1
1742,Vuyyuru,Andhra Pradesh GW,28,Andhra Pradesh,510,KRISHNA,VUYYURU,VUYYURU,Gandigunta-1,Godavari,Godavari,Seethapalli Vagu,-,-,Seethapalli Vagu,16.38139800,80.85303400,20-05-2025 17:00,0.5
1743,Vuyyuru,Andhra Pradesh GW,28,Andhra Pradesh,510,KRISHNA,VUYYURU,VUYYURU,Gandigunta-1,Godavari,Godavari,Seethapalli Vagu,-,-,Seethapalli Vagu,16.38139800,80.85303400,20-05-2025 17:00,0.5
1744,Vuyyuru,Andhra Pradesh GW,28,Andhra Pradesh,510,KRISHNA,VUYYURU,VUYYURU,Gandigunta-1,Godavari,Godavari,Seethapalli Vagu,-,-,Seethapalli Vagu,16.38139800,80.85303400,20-05-2025 18:00,0.5
1745,Vuyyuru,Andhra Pradesh GW,28,Andhra Pradesh,510,KRISHNA,VUYYURU,VUYYURU,Gandigunta-1,Godavari,Godavari,Seethapalli Vagu,-,-,Seethapalli Vagu,16.38139800,80.85303400,20-05-2025 19:00,0.5
1746,Vuyyuru,Andhra Pradesh GW,28,Andhra Pradesh,510,KRISHNA,VUYYURU,VUYYURU,Gandigunta-1,Godavari,Godavari,Seethapalli Vagu,-,-,Seethapalli Vagu,16.38139800,80.85303400,20-05-2025 19:00,0.5
1747,Vuyyuru,Andhra Pradesh GW,28,Andhra Pradesh,510,KRISHNA,VUYYURU,VUYYURU,Gandigunta-1,Godavari,Godavari,Seethapalli Vagu,-,-,Seethapalli Vagu,16.38139800,80.85303400,20-05-2025 20:00,0.5
1748,Vuyyuru,Andhra Pradesh GW,28,Andhra Pradesh,510,KRISHNA,VUYYURU,VUYYURU,Gandigunta-1,Godavari,Godavari,Seethapalli Vagu,-,-,Seethapalli Vagu,16.38139800,80.85303400,20-05-2025 20:00,0.5
1749,Vuyyuru,Andhra Pradesh GW,28,Andhra Pradesh,510,KRISHNA,VUYYURU,VUYYURU,Gandigunta-1,Godavari,Godavari,Seethapalli Vagu,-,-,Seethapalli Vagu,16.38139800,80.85303400,20-05-2025 22:00,0.5
1750,Vuyyuru,Andhra Pradesh GW,28,Andhra Pradesh,510,KRISHNA,VUYYURU,VUYYURU,Gandigunta-1,Godavari,Godavari,Seethapalli Vagu,-,-,Seethapalli Vagu,16.38139800,80.85303400,21-05-2025 00:00,0.5
1751,Vuyyuru,Andhra Pradesh GW,28,Andhra Pradesh,510,KRISHNA,VUYYURU,VUYYURU,Gandigunta-1,Godavari,Godavari,Seethapalli Vagu,-,-,Seethapalli Vagu,16.38139800,80.85303400,21-05-2025 00:00,0.5
1752,Vuyyuru,Andhra Pradesh GW,28,Andhra Pradesh,510,KRISHNA,VUYYURU,VUYYURU,Gandigunta-1,Godavari,Godavari,Seethapalli Vagu,-,-,Seethapalli Vagu,16.38139800,80.85303400,21-05-2025 02:00,0.5
1753,Vuyyuru,Andhra Pradesh GW,28,Andhra Pradesh,510,KRISHNA,VUYYURU,VUYYURU,Gandigunta-1,Godavari,Godavari,Seethapalli Vagu,-,-,Seethapalli Vagu,16.38139800,80.85303400,21-05-2025 06:00,0.5
1754,Vuyyuru,Andhra Pradesh GW,28,Andhra Pradesh,510,KRISHNA,VUYYURU,VUYYURU,Gandigunta-1,Godavari,Godavari,Seethapalli Vagu,-,-,Seethapalli Vagu,16.38139800,80.85303400,21-05-2025 06:00,0.5
1755,Vuyyuru,Andhra Pradesh GW,28,Andhra Pradesh,510,KRISHNA,VUYYURU,VUYYURU,Gandigunta-1,Godavari,Godavari,Seethapalli Vagu,-,-,Seethapalli Vagu,16.38139800,80.85303400,21-05-2025 10:00,0.5
1756,Vuyyuru,Andhra Pradesh GW,28,Andhra Pradesh,510,KRISHNA,VUYYURU,VUYYURU,Gandigunta-1,Godavari,Godavari,Seethapalli Vagu,-,-,Seethapalli Vagu,16.38139800,80.85303400,21-05-2025 13:00,0.5
1757,Vuyyuru,Andhra Pradesh GW,28,Andhra Pradesh,510,KRISHNA,VUYYURU,VUYYURU,Gandigunta-1,Godavari,Godavari,Seethapalli Vagu,-,-,Seethapalli Vagu,16.38139800,80.85303400,21-05-2025 15:00,0.5
1758,Vuyyuru,Andhra Pradesh GW,28,Andhra Pradesh,510,KRISHNA,VUYYURU,VUYYURU,Gandigunta-1,Godavari,Godavari,Seethapalli Vagu,-,-,Seethapalli Vagu,16.38139800,80.85303400,21-05-2025 15:00,0.5
1759,Vuyyuru,Andhra Pradesh GW,28,Andhra Pradesh,510,KRISHNA,VUYYURU,VUYYURU,Gandigunta-1,Godavari,Godavari,Seethapalli Vagu,-,-,Seethapalli Vagu,16.38139800,80.85303400,21-05-2025 20:00,0.5
1760,Vuyyuru,Andhra Pradesh GW,28,Andhra Pradesh,510,KRISHNA,VUYYURU,VUYYURU,Gandigunta-1,Godavari,Godavari,Seethapalli Vagu,-,-,Seethapalli Vagu,16.38139800,80.85303400,21-05-2025 20:00,0.5
1761,Vuyyuru,Andhra Pradesh GW,28,Andhra Pradesh,510,KRISHNA,VUYYURU,VUYYURU,Gandigunta-1,Godavari,Godavari,Seethapalli Vagu,-,-,Seethapalli Vagu,16.38139800,80.85303400,22-05-2025 02:00,0.5
1762,Vuyyuru,Andhra Pradesh GW,28,Andhra Pradesh,510,KRISHNA,VUYYURU,VUYYURU,Gandigunta-1,Godavari,Godavari,Seethapalli Vagu,-,-,Seethapalli Vagu,16.38139800,80.85303400,22-05-2025 02:00,0.5
1763,Vuyyuru,Andhra Pradesh GW,28,Andhra Pradesh,510,KRISHNA,VUYYURU,VUYYURU,Gandigunta-1,Godavari,Godavari,Seethapalli Vagu,-,-,Seethapalli Vagu,16.38139800,80.85303400,22-05-2025 09:00,0.5
1764,Vuyyuru,Andhra Pradesh GW,28,Andhra Pradesh,510,KRISHNA,VUYYURU,VUYYURU,Gandigunta-1,Godavari,Godavari,Seethapalli Vagu,-,-,Seethapalli Vagu,16.38139800,80.85303400,22-05-2025 09:00,0.5
1765,Vuyyuru,Andhra Pradesh GW,28,Andhra Pradesh,510,KRISHNA,VUYYURU,VUYYURU,Gandigunta-1,Godavari,Godavari,Seethapalli Vagu,-,-,Seethapalli Vagu,16.38139800,80.85303400,22-05-2025 16:00,0.5
1766,Vuyyuru,Andhra Pradesh GW,28,Andhra Pradesh,510,KRISHNA,VUYYURU,VUYYURU,Gandigunta-1,Godavari,Godavari,Seethapalli Vagu,-,-,Seethapalli Vagu,16.38139800,80.85303400,23-05-2025 00:00,0.5
1767,Vuyyuru,Andhra Pradesh GW,28,Andhra Pradesh,510,KRISHNA,VUYYURU,VUYYURU,Gandigunta-1,Godavari,Godavari,Seethapalli Vagu,-,-,Seethapalli Vagu,16.38139800,80.85303400,23-05-2025 09:00,0.5
1768,Vuyyuru,Andhra Pradesh GW,28,Andhra Pradesh,510,KRISHNA,VUYYURU,VUYYURU,Gandigunta-1,Godavari,Godavari,Seethapalli Vagu,-,-,Seethapalli Vagu,16.38139800,80.85303400,23-05-2025 20:00,0.5
1769,Vuyyuru,Andhra Pradesh GW,28,Andhra Pradesh,510,KRISHNA,VUYYURU,VUYYURU,Gandigunta-1,Godavari,Godavari,Seethapalli Vagu,-,-,Seethapalli Vagu,16.38139800,80.85303400,23-05-2025 20:00,0.5
1770,Vuyyuru,Andhra Pradesh GW,28,Andhra Pradesh,510,KRISHNA,VUYYURU,VUYYURU,Gandigunta-1,Godavari,Godavari,Seethapalli Vagu,-,-,Seethapalli Vagu,16.38139800,80.85303400,24-05-2025 06:00,0.5
1771,Vuyyuru,Andhra Pradesh GW,28,Andhra Pradesh,510,KRISHNA,VUYYURU,VUYYURU,Gandigunta-1,Godavari,Godavari,Seethapalli Vagu,-,-,Seethapalli Vagu,16.38139800,80.85303400,24-05-2025 06:00,0.5
1772,Vuyyuru,Andhra Pradesh GW,28,Andhra Pradesh,510,KRISHNA,VUYYURU,VUYYURU,Gandigunta-1,Godavari,Godavari,Seethapalli Vagu,-,-,Seethapalli Vagu,16.38139800,80.85303400,24-05-2025 18:00,0.5
1773,Vuyyuru,Andhra Pradesh GW,28,Andhra Pradesh,510,KRISHNA,VUYYURU,VUYYURU,Gandigunta-1,Godavari,Godavari,Seethapalli Vagu,-,-,Seethapalli Vagu,16.38139800,80.85303400,25-05-2025 04:00,0.5
1774,Vuyyuru,Andhra Pradesh GW,28,Andhra Pradesh,510,KRISHNA,VUYYURU,VUYYURU,Gandigunta-1,Godavari,Godavari,Seethapalli Vagu,-,-,Seethapalli Vagu,16.38139800,80.85303400,25-05-2025 18:00,0.5
1775,Vuyyuru,Andhra Pradesh GW,28,Andhra Pradesh,510,KRISHNA,VUYYURU,VUYYURU,Gandigunta-1,Godavari,Godavari,Seethapalli Vagu,-,-,Seethapalli Vagu,16.38139800,80.85303400,26-05-2025 07:00,0.5
1776,Vuyyuru,Andhra Pradesh GW,28,Andhra Pradesh,510,KRISHNA,VUYYURU,VUYYURU,Gandigunta-1,Godavari,Godavari,Seethapalli Vagu,-,-,Seethapalli Vagu,16.38139800,80.85303400,26-05-2025 07:00,0.5
1777,Vuyyuru,Andhra Pradesh GW,28,Andhra Pradesh,510,KRISHNA,VUYYURU,VUYYURU,Gandigunta-1,Godavari,Godavari,Seethapalli Vagu,-,-,Seethapalli Vagu,16.38139800,80.85303400,27-05-2025 05:00,0.5
1778,Vuyyuru,Andhra Pradesh GW,28,Andhra Pradesh,510,KRISHNA,VUYYURU,VUYYURU,Gandigunta-1,Godavari,Godavari,Seethapalli Vagu,-,-,Seethapalli Vagu,16.38139800,80.85303400,28-05-2025 09:00,0.5
1779,Vuyyuru,Andhra Pradesh GW,28,Andhra Pradesh,510,KRISHNA,VUYYURU,VUYYURU,Gandigunta-1,Godavari,Godavari,Seethapalli Vagu,-,-,Seethapalli Vagu,16.38139800,80.85303400,28-05-2025 09:00,0.5
1780,Vuyyuru,Andhra Pradesh GW,28,Andhra Pradesh,510,KRISHNA,VUYYURU,VUYYURU,Gandigunta-1,Godavari,Godavari,Seethapalli Vagu,-,-,Seethapalli Vagu,16.38139800,80.85303400,30-05-2025 22:00,9
1781,Vuyyuru,Andhra Pradesh GW,28,Andhra Pradesh,510,KRISHNA,VUYYURU,VUYYURU,Gandigunta-1,Godavari,Godavari,Seethapalli Vagu,-,-,Seethapalli Vagu,16.38139800,80.85303400,13-06-2025 01:00,144
1782,Vuyyuru,Andhra Pradesh GW,28,Andhra Pradesh,510,KRISHNA,VUYYURU,VUYYURU,Gandigunta-1,Godavari,Godavari,Seethapalli Vagu,-,-,Seethapalli Vagu,16.38139800,80.85303400,15-06-2025 06:00,9
1783,Vuyyuru,Andhra Pradesh GW,28,Andhra Pradesh,510,KRISHNA,VUYYURU,VUYYURU,Gandigunta-1,Godavari,Godavari,Seethapalli Vagu,-,-,Seethapalli Vagu,16.38139800,80.85303400,20-07-2025 14:00,0.5
1784,Vuyyuru,Andhra Pradesh GW,28,Andhra Pradesh,510,KRISHNA,VUYYURU,VUYYURU,Gandigunta-1,Godavari,Godavari,Seethapalli Vagu,-,-,Seethapalli Vagu,16.38139800,80.85303400,21-07-2025 01:00,0.5
1785,Vuyyuru,Andhra Pradesh GW,28,Andhra Pradesh,510,KRISHNA,VUYYURU,VUYYURU,Gandigunta-1,Godavari,Godavari,Seethapalli Vagu,-,-,Seethapalli Vagu,16.38139800,80.85303400,21-07-2025 10:00,0.5
1786,Vuyyuru,Andhra Pradesh GW,28,Andhra Pradesh,510,KRISHNA,VUYYURU,VUYYURU,Gandigunta-1,Godavari,Godavari,Seethapalli Vagu,-,-,Seethapalli Vagu,16.38139800,80.85303400,21-07-2025 11:00,0.5
1787,Vuyyuru,Andhra Pradesh GW,28,Andhra Pradesh,510,KRISHNA,VUYYURU,VUYYURU,Gandigunta-1,Godavari,Godavari,Seethapalli Vagu,-,-,Seethapalli Vagu,16.38139800,80.85303400,21-07-2025 12:00,0.5
1788,Vuyyuru,Andhra Pradesh GW,28,Andhra Pradesh,510,KRISHNA,VUYYURU,VUYYURU,Gandigunta-1,Godavari,Godavari,Seethapalli Vagu,-,-,Seethapalli Vagu,16.38139800,80.85303400,21-07-2025 13:00,1
1789,Vuyyuru,Andhra Pradesh GW,28,Andhra Pradesh,510,KRISHNA,VUYYURU,VUYYURU,Gandigunta-1,Godavari,Godavari,Seethapalli Vagu,-,-,Seethapalli Vagu,16.38139800,80.85303400,21-07-2025 14:00,0.5
1790,Vuyyuru,Andhra Pradesh GW,28,Andhra Pradesh,510,KRISHNA,VUYYURU,VUYYURU,Gandigunta-1,Godavari,Godavari,Seethapalli Vagu,-,-,Seethapalli Vagu,16.38139800,80.85303400,21-07-2025 15:00,1
1791,Vuyyuru,Andhra Pradesh GW,28,Andhra Pradesh,510,KRISHNA,VUYYURU,VUYYURU,Gandigunta-1,Godavari,Godavari,Seethapalli Vagu,-,-,Seethapalli Vagu,16.38139800,80.85303400,21-07-2025 16:00,1.5
1792,Vuyyuru,Andhra Pradesh GW,28,Andhra Pradesh,510,KRISHNA,VUYYURU,VUYYURU,Gandigunta-1,Godavari,Godavari,Seethapalli Vagu,-,-,Seethapalli Vagu,16.38139800,80.85303400,21-07-2025 17:00,0.5
1793,Vuyyuru,Andhra Pradesh GW,28,Andhra Pradesh,510,KRISHNA,VUYYURU,VUYYURU,Gandigunta-1,Godavari,Godavari,Seethapalli Vagu,-,-,Seethapalli Vagu,16.38139800,80.85303400,21-07-2025 18:00,1
1794,Vuyyuru,Andhra Pradesh GW,28,Andhra Pradesh,510,KRISHNA,VUYYURU,VUYYURU,Gandigunta-1,Godavari,Godavari,Seethapalli Vagu,-,-,Seethapalli Vagu,16.38139800,80.85303400,21-07-2025 19:00,0.5
1795,Vuyyuru,Andhra Pradesh GW,28,Andhra Pradesh,510,KRISHNA,VUYYURU,VUYYURU,Gandigunta-1,Godavari,Godavari,Seethapalli Vagu,-,-,Seethapalli Vagu,16.38139800,80.85303400,21-07-2025 20:00,1
1796,Vuyyuru,Andhra Pradesh GW,28,Andhra Pradesh,510,KRISHNA,VUYYURU,VUYYURU,Gandigunta-1,Godavari,Godavari,Seethapalli Vagu,-,-,Seethapalli Vagu,16.38139800,80.85303400,21-07-2025 21:00,1
1797,Vuyyuru,Andhra Pradesh GW,28,Andhra Pradesh,510,KRISHNA,VUYYURU,VUYYURU,Gandigunta-1,Godavari,Godavari,Seethapalli Vagu,-,-,Seethapalli Vagu,16.38139800,80.85303400,21-07-2025 22:00,0.5
1798,Vuyyuru,Andhra Pradesh GW,28,Andhra Pradesh,510,KRISHNA,VUYYURU,VUYYURU,Gandigunta-1,Godavari,Godavari,Seethapalli Vagu,-,-,Seethapalli Vagu,16.38139800,80.85303400,21-07-2025 23:00,0.5
1799,Vuyyuru,Andhra Pradesh GW,28,Andhra Pradesh,510,KRISHNA,VUYYURU,VUYYURU,Gandigunta-1,Godavari,Godavari,Seethapalli Vagu,-,-,Seethapalli Vagu,16.38139800,80.85303400,22-07-2025 00:00,1
1800,Vuyyuru,Andhra Pradesh GW,28,Andhra Pradesh,510,KRISHNA,VUYYURU,VUYYURU,Gandigunta-1,Godavari,Godavari,Seethapalli Vagu,-,-,Seethapalli Vagu,16.38139800,80.85303400,22-07-2025 01:00,0.5
1801,Vuyyuru,Andhra Pradesh GW,28,Andhra Pradesh,510,KRISHNA,VUYYURU,VUYYURU,Gandigunta-1,Godavari,Godavari,Seethapalli Vagu,-,-,Seethapalli Vagu,16.38139800,80.85303400,22-07-2025 02:00,0.5
1802,Vuyyuru,Andhra Pradesh GW,28,Andhra Pradesh,510,KRISHNA,VUYYURU,VUYYURU,Gandigunta-1,Godavari,Godavari,Seethapalli Vagu,-,-,Seethapalli Vagu,16.38139800,80.85303400,22-07-2025 03:00,1
1803,Vuyyuru,Andhra Pradesh GW,28,Andhra Pradesh,510,KRISHNA,VUYYURU,VUYYURU,Gandigunta-1,Godavari,Godavari,Seethapalli Vagu,-,-,Seethapalli Vagu,16.38139800,80.85303400,22-07-2025 04:00,0.5
1804,Vuyyuru,Andhra Pradesh GW,28,Andhra Pradesh,510,KRISHNA,VUYYURU,VUYYURU,Gandigunta-1,Godavari,Godavari,Seethapalli Vagu,-,-,Seethapalli Vagu,16.38139800,80.85303400,22-07-2025 05:00,1
1805,Vuyyuru,Andhra Pradesh GW,28,Andhra Pradesh,510,KRISHNA,VUYYURU,VUYYURU,Gandigunta-1,Godavari,Godavari,Seethapalli Vagu,-,-,Seethapalli Vagu,16.38139800,80.85303400,22-07-2025 06:00,0.5
1806,Vuyyuru,Andhra Pradesh GW,28,Andhra Pradesh,510,KRISHNA,VUYYURU,VUYYURU,Gandigunta-1,Godavari,Godavari,Seethapalli Vagu,-,-,Seethapalli Vagu,16.38139800,80.85303400,22-07-2025 06:00,0.5
1807,Vuyyuru,Andhra Pradesh GW,28,Andhra Pradesh,510,KRISHNA,VUYYURU,VUYYURU,Gandigunta-1,Godavari,Godavari,Seethapalli Vagu,-,-,Seethapalli Vagu,16.38139800,80.85303400,22-07-2025 07:00,1
1808,Vuyyuru,Andhra Pradesh GW,28,Andhra Pradesh,510,KRISHNA,VUYYURU,VUYYURU,Gandigunta-1,Godavari,Godavari,Seethapalli Vagu,-,-,Seethapalli Vagu,16.38139800,80.85303400,22-07-2025 07:00,1
1809,Vuyyuru,Andhra Pradesh GW,28,Andhra Pradesh,510,KRISHNA,VUYYURU,VUYYURU,Gandigunta-1,Godavari,Godavari,Seethapalli Vagu,-,-,Seethapalli Vagu,16.38139800,80.85303400,22-07-2025 08:00,0.5
1810,Vuyyuru,Andhra Pradesh GW,28,Andhra Pradesh,510,KRISHNA,VUYYURU,VUYYURU,Gandigunta-1,Godavari,Godavari,Seethapalli Vagu,-,-,Seethapalli Vagu,16.38139800,80.85303400,22-07-2025 08:00,0.5
1811,Vuyyuru,Andhra Pradesh GW,28,Andhra Pradesh,510,KRISHNA,VUYYURU,VUYYURU,Gandigunta-1,Godavari,Godavari,Seethapalli Vagu,-,-,Seethapalli Vagu,16.38139800,80.85303400,22-07-2025 09:00,1
1812,Vuyyuru,Andhra Pradesh GW,28,Andhra Pradesh,510,KRISHNA,VUYYURU,VUYYURU,Gandigunta-1,Godavari,Godavari,Seethapalli Vagu,-,-,Seethapalli Vagu,16.38139800,80.85303400,22-07-2025 09:00,1
1813,Vuyyuru,Andhra Pradesh GW,28,Andhra Pradesh,510,KRISHNA,VUYYURU,VUYYURU,Gandigunta-1,Godavari,Godavari,Seethapalli Vagu,-,-,Seethapalli Vagu,16.38139800,80.85303400,22-07-2025 10:00,1.5
1814,Vuyyuru,Andhra Pradesh GW,28,Andhra Pradesh,510,KRISHNA,VUYYURU,VUYYURU,Gandigunta-1,Godavari,Godavari,Seethapalli Vagu,-,-,Seethapalli Vagu,16.38139800,80.85303400,22-07-2025 10:00,1.5
1815,Vuyyuru,Andhra Pradesh GW,28,Andhra Pradesh,510,KRISHNA,VUYYURU,VUYYURU,Gandigunta-1,Godavari,Godavari,Seethapalli Vagu,-,-,Seethapalli Vagu,16.38139800,80.85303400,22-07-2025 11:00,2
1816,Vuyyuru,Andhra Pradesh GW,28,Andhra Pradesh,510,KRISHNA,VUYYURU,VUYYURU,Gandigunta-1,Godavari,Godavari,Seethapalli Vagu,-,-,Seethapalli Vagu,16.38139800,80.85303400,22-07-2025 11:00,2
1817,Vuyyuru,Andhra Pradesh GW,28,Andhra Pradesh,510,KRISHNA,VUYYURU,VUYYURU,Gandigunta-1,Godavari,Godavari,Seethapalli Vagu,-,-,Seethapalli Vagu,16.38139800,80.85303400,22-07-2025 12:00,2
1818,Vuyyuru,Andhra Pradesh GW,28,Andhra Pradesh,510,KRISHNA,VUYYURU,VUYYURU,Gandigunta-1,Godavari,Godavari,Seethapalli Vagu,-,-,Seethapalli Vagu,16.38139800,80.85303400,22-07-2025 12:00,2
1819,Vuyyuru,Andhra Pradesh GW,28,Andhra Pradesh,510,KRISHNA,VUYYURU,VUYYURU,Gandigunta-1,Godavari,Godavari,Seethapalli Vagu,-,-,Seethapalli Vagu,16.38139800,80.85303400,22-07-2025 13:00,1.5
1820,Vuyyuru,Andhra Pradesh GW,28,Andhra Pradesh,510,KRISHNA,VUYYURU,VUYYURU,Gandigunta-1,Godavari,Godavari,Seethapalli Vagu,-,-,Seethapalli Vagu,16.38139800,80.85303400,22-07-2025 14:00,2.5
1821,Vuyyuru,Andhra Pradesh GW,28,Andhra Pradesh,510,KRISHNA,VUYYURU,VUYYURU,Gandigunta-1,Godavari,Godavari,Seethapalli Vagu,-,-,Seethapalli Vagu,16.38139800,80.85303400,22-07-2025 15:00,2.5
1822,Vuyyuru,Andhra Pradesh GW,28,Andhra Pradesh,510,KRISHNA,VUYYURU,VUYYURU,Gandigunta-1,Godavari,Godavari,Seethapalli Vagu,-,-,Seethapalli Vagu,16.38139800,80.85303400,22-07-2025 16:00,2.5
1823,Vuyyuru,Andhra Pradesh GW,28,Andhra Pradesh,510,KRISHNA,VUYYURU,VUYYURU,Gandigunta-1,Godavari,Godavari,Seethapalli Vagu,-,-,Seethapalli Vagu,16.38139800,80.85303400,22-07-2025 18:00,2
1824,Vuyyuru,Andhra Pradesh GW,28,Andhra Pradesh,510,KRISHNA,VUYYURU,VUYYURU,Gandigunta-1,Godavari,Godavari,Seethapalli Vagu,-,-,Seethapalli Vagu,16.38139800,80.85303400,22-07-2025 19:00,1.5
1825,Vuyyuru,Andhra Pradesh GW,28,Andhra Pradesh,510,KRISHNA,VUYYURU,VUYYURU,Gandigunta-1,Godavari,Godavari,Seethapalli Vagu,-,-,Seethapalli Vagu,16.38139800,80.85303400,22-07-2025 20:00,2
1826,Vuyyuru,Andhra Pradesh GW,28,Andhra Pradesh,510,KRISHNA,VUYYURU,VUYYURU,Gandigunta-1,Godavari,Godavari,Seethapalli Vagu,-,-,Seethapalli Vagu,16.38139800,80.85303400,22-07-2025 21:00,2
1827,Vuyyuru,Andhra Pradesh GW,28,Andhra Pradesh,510,KRISHNA,VUYYURU,VUYYURU,Gandigunta-1,Godavari,Godavari,Seethapalli Vagu,-,-,Seethapalli Vagu,16.38139800,80.85303400,22-07-2025 22:00,2
1828,Vuyyuru,Andhra Pradesh GW,28,Andhra Pradesh,510,KRISHNA,VUYYURU,VUYYURU,Gandigunta-1,Godavari,Godavari,Seethapalli Vagu,-,-,Seethapalli Vagu,16.38139800,80.85303400,22-07-2025 23:00,2
1829,Vuyyuru,Andhra Pradesh GW,28,Andhra Pradesh,510,KRISHNA,VUYYURU,VUYYURU,Gandigunta-1,Godavari,Godavari,Seethapalli Vagu,-,-,Seethapalli Vagu,16.38139800,80.85303400,23-07-2025 00:00,2.5
1830,Vuyyuru,Andhra Pradesh GW,28,Andhra Pradesh,510,KRISHNA,VUYYURU,VUYYURU,Gandigunta-1,Godavari,Godavari,Seethapalli Vagu,-,-,Seethapalli Vagu,16.38139800,80.85303400,23-07-2025 01:00,2
1831,Vuyyuru,Andhra Pradesh GW,28,Andhra Pradesh,510,KRISHNA,VUYYURU,VUYYURU,Gandigunta-1,Godavari,Godavari,Seethapalli Vagu,-,-,Seethapalli Vagu,16.38139800,80.85303400,23-07-2025 01:00,2
1832,Vuyyuru,Andhra Pradesh GW,28,Andhra Pradesh,510,KRISHNA,VUYYURU,VUYYURU,Gandigunta-1,Godavari,Godavari,Seethapalli Vagu,-,-,Seethapalli Vagu,16.38139800,80.85303400,23-07-2025 02:00,2.5
1833,Vuyyuru,Andhra Pradesh GW,28,Andhra Pradesh,510,KRISHNA,VUYYURU,VUYYURU,Gandigunta-1,Godavari,Godavari,Seethapalli Vagu,-,-,Seethapalli Vagu,16.38139800,80.85303400,23-07-2025 04:00,2.5
1834,Vuyyuru,Andhra Pradesh GW,28,Andhra Pradesh,510,KRISHNA,VUYYURU,VUYYURU,Gandigunta-1,Godavari,Godavari,Seethapalli Vagu,-,-,Seethapalli Vagu,16.38139800,80.85303400,23-07-2025 06:00,1.5
1835,Vuyyuru,Andhra Pradesh GW,28,Andhra Pradesh,510,KRISHNA,VUYYURU,VUYYURU,Gandigunta-1,Godavari,Godavari,Seethapalli Vagu,-,-,Seethapalli Vagu,16.38139800,80.85303400,23-07-2025 07:00,1.5
1836,Vuyyuru,Andhra Pradesh GW,28,Andhra Pradesh,510,KRISHNA,VUYYURU,VUYYURU,Gandigunta-1,Godavari,Godavari,Seethapalli Vagu,-,-,Seethapalli Vagu,16.38139800,80.85303400,23-07-2025 08:00,1
1837,Vuyyuru,Andhra Pradesh GW,28,Andhra Pradesh,510,KRISHNA,VUYYURU,VUYYURU,Gandigunta-1,Godavari,Godavari,Seethapalli Vagu,-,-,Seethapalli Vagu,16.38139800,80.85303400,23-07-2025 08:00,1
1838,Vuyyuru,Andhra Pradesh GW,28,Andhra Pradesh,510,KRISHNA,VUYYURU,VUYYURU,Gandigunta-1,Godavari,Godavari,Seethapalli Vagu,-,-,Seethapalli Vagu,16.38139800,80.85303400,23-07-2025 09:00,1
1839,Vuyyuru,Andhra Pradesh GW,28,Andhra Pradesh,510,KRISHNA,VUYYURU,VUYYURU,Gandigunta-1,Godavari,Godavari,Seethapalli Vagu,-,-,Seethapalli Vagu,16.38139800,80.85303400,23-07-2025 09:00,1
1840,Vuyyuru,Andhra Pradesh GW,28,Andhra Pradesh,510,KRISHNA,VUYYURU,VUYYURU,Gandigunta-1,Godavari,Godavari,Seethapalli Vagu,-,-,Seethapalli Vagu,16.38139800,80.85303400,23-07-2025 10:00,1.5
1841,Vuyyuru,Andhra Pradesh GW,28,Andhra Pradesh,510,KRISHNA,VUYYURU,VUYYURU,Gandigunta-1,Godavari,Godavari,Seethapalli Vagu,-,-,Seethapalli Vagu,16.38139800,80.85303400,23-07-2025 10:00,1.5
1842,Vuyyuru,Andhra Pradesh GW,28,Andhra Pradesh,510,KRISHNA,VUYYURU,VUYYURU,Gandigunta-1,Godavari,Godavari,Seethapalli Vagu,-,-,Seethapalli Vagu,16.38139800,80.85303400,23-07-2025 11:00,1
1843,Vuyyuru,Andhra Pradesh GW,28,Andhra Pradesh,510,KRISHNA,VUYYURU,VUYYURU,Gandigunta-1,Godavari,Godavari,Seethapalli Vagu,-,-,Seethapalli Vagu,16.38139800,80.85303400,23-07-2025 11:00,1
1844,Vuyyuru,Andhra Pradesh GW,28,Andhra Pradesh,510,KRISHNA,VUYYURU,VUYYURU,Gandigunta-1,Godavari,Godavari,Seethapalli Vagu,-,-,Seethapalli Vagu,16.38139800,80.85303400,23-07-2025 12:00,1.5
1845,Vuyyuru,Andhra Pradesh GW,28,Andhra Pradesh,510,KRISHNA,VUYYURU,VUYYURU,Gandigunta-1,Godavari,Godavari,Seethapalli Vagu,-,-,Seethapalli Vagu,16.38139800,80.85303400,23-07-2025 12:00,1.5
1846,Vuyyuru,Andhra Pradesh GW,28,Andhra Pradesh,510,KRISHNA,VUYYURU,VUYYURU,Gandigunta-1,Godavari,Godavari,Seethapalli Vagu,-,-,Seethapalli Vagu,16.38139800,80.85303400,23-07-2025 13:00,1
1847,Vuyyuru,Andhra Pradesh GW,28,Andhra Pradesh,510,KRISHNA,VUYYURU,VUYYURU,Gandigunta-1,Godavari,Godavari,Seethapalli Vagu,-,-,Seethapalli Vagu,16.38139800,80.85303400,23-07-2025 13:00,1
1848,Vuyyuru,Andhra Pradesh GW,28,Andhra Pradesh,510,KRISHNA,VUYYURU,VUYYURU,Gandigunta-1,Godavari,Godavari,Seethapalli Vagu,-,-,Seethapalli Vagu,16.38139800,80.85303400,23-07-2025 14:00,0.5
1849,Vuyyuru,Andhra Pradesh GW,28,Andhra Pradesh,510,KRISHNA,VUYYURU,VUYYURU,Gandigunta-1,Godavari,Godavari,Seethapalli Vagu,-,-,Seethapalli Vagu,16.38139800,80.85303400,23-07-2025 14:00,0.5
1850,Vuyyuru,Andhra Pradesh GW,28,Andhra Pradesh,510,KRISHNA,VUYYURU,VUYYURU,Gandigunta-1,Godavari,Godavari,Seethapalli Vagu,-,-,Seethapalli Vagu,16.38139800,80.85303400,23-07-2025 15:00,1.5
1851,Vuyyuru,Andhra Pradesh GW,28,Andhra Pradesh,510,KRISHNA,VUYYURU,VUYYURU,Gandigunta-1,Godavari,Godavari,Seethapalli Vagu,-,-,Seethapalli Vagu,16.38139800,80.85303400,23-07-2025 15:00,1.5
1852,Vuyyuru,Andhra Pradesh GW,28,Andhra Pradesh,510,KRISHNA,VUYYURU,VUYYURU,Gandigunta-1,Godavari,Godavari,Seethapalli Vagu,-,-,Seethapalli Vagu,16.38139800,80.85303400,23-07-2025 16:00,2
1853,Vuyyuru,Andhra Pradesh GW,28,Andhra Pradesh,510,KRISHNA,VUYYURU,VUYYURU,Gandigunta-1,Godavari,Godavari,Seethapalli Vagu,-,-,Seethapalli Vagu,16.38139800,80.85303400,23-07-2025 17:00,2.5
1854,Vuyyuru,Andhra Pradesh GW,28,Andhra Pradesh,510,KRISHNA,VUYYURU,VUYYURU,Gandigunta-1,Godavari,Godavari,Seethapalli Vagu,-,-,Seethapalli Vagu,16.38139800,80.85303400,23-07-2025 18:00,2
1855,Vuyyuru,Andhra Pradesh GW,28,Andhra Pradesh,510,KRISHNA,VUYYURU,VUYYURU,Gandigunta-1,Godavari,Godavari,Seethapalli Vagu,-,-,Seethapalli Vagu,16.38139800,80.85303400,23-07-2025 19:00,1.5
1856,Vuyyuru,Andhra Pradesh GW,28,Andhra Pradesh,510,KRISHNA,VUYYURU,VUYYURU,Gandigunta-1,Godavari,Godavari,Seethapalli Vagu,-,-,Seethapalli Vagu,16.38139800,80.85303400,23-07-2025 20:00,1
1857,Vuyyuru,Andhra Pradesh GW,28,Andhra Pradesh,510,KRISHNA,VUYYURU,VUYYURU,Gandigunta-1,Godavari,Godavari,Seethapalli Vagu,-,-,Seethapalli Vagu,16.38139800,80.85303400,23-07-2025 21:00,1.5
1858,Vuyyuru,Andhra Pradesh GW,28,Andhra Pradesh,510,KRISHNA,VUYYURU,VUYYURU,Gandigunta-1,Godavari,Godavari,Seethapalli Vagu,-,-,Seethapalli Vagu,16.38139800,80.85303400,23-07-2025 22:00,1
1859,Vuyyuru,Andhra Pradesh GW,28,Andhra Pradesh,510,KRISHNA,VUYYURU,VUYYURU,Gandigunta-1,Godavari,Godavari,Seethapalli Vagu,-,-,Seethapalli Vagu,16.38139800,80.85303400,23-07-2025 23:00,0.5
1860,Vuyyuru,Andhra Pradesh GW,28,Andhra Pradesh,510,KRISHNA,VUYYURU,VUYYURU,Gandigunta-1,Godavari,Godavari,Seethapalli Vagu,-,-,Seethapalli Vagu,16.38139800,80.85303400,24-07-2025 00:00,1
1861,Vuyyuru,Andhra Pradesh GW,28,Andhra Pradesh,510,KRISHNA,VUYYURU,VUYYURU,Gandigunta-1,Godavari,Godavari,Seethapalli Vagu,-,-,Seethapalli Vagu,16.38139800,80.85303400,24-07-2025 01:00,0.5
1862,Vuyyuru,Andhra Pradesh GW,28,Andhra Pradesh,510,KRISHNA,VUYYURU,VUYYURU,Gandigunta-1,Godavari,Godavari,Seethapalli Vagu,-,-,Seethapalli Vagu,16.38139800,80.85303400,24-07-2025 01:00,0.5
1863,Vuyyuru,Andhra Pradesh GW,28,Andhra Pradesh,510,KRISHNA,VUYYURU,VUYYURU,Gandigunta-1,Godavari,Godavari,Seethapalli Vagu,-,-,Seethapalli Vagu,16.38139800,80.85303400,24-07-2025 02:00,0.5
1864,Vuyyuru,Andhra Pradesh GW,28,Andhra Pradesh,510,KRISHNA,VUYYURU,VUYYURU,Gandigunta-1,Godavari,Godavari,Seethapalli Vagu,-,-,Seethapalli Vagu,16.38139800,80.85303400,24-07-2025 03:00,1
1865,Vuyyuru,Andhra Pradesh GW,28,Andhra Pradesh,510,KRISHNA,VUYYURU,VUYYURU,Gandigunta-1,Godavari,Godavari,Seethapalli Vagu,-,-,Seethapalli Vagu,16.38139800,80.85303400,24-07-2025 03:00,1
1866,Vuyyuru,Andhra Pradesh GW,28,Andhra Pradesh,510,KRISHNA,VUYYURU,VUYYURU,Gandigunta-1,Godavari,Godavari,Seethapalli Vagu,-,-,Seethapalli Vagu,16.38139800,80.85303400,24-07-2025 05:00,1
1867,Vuyyuru,Andhra Pradesh GW,28,Andhra Pradesh,510,KRISHNA,VUYYURU,VUYYURU,Gandigunta-1,Godavari,Godavari,Seethapalli Vagu,-,-,Seethapalli Vagu,16.38139800,80.85303400,24-07-2025 05:00,1
1868,Vuyyuru,Andhra Pradesh GW,28,Andhra Pradesh,510,KRISHNA,VUYYURU,VUYYURU,Gandigunta-1,Godavari,Godavari,Seethapalli Vagu,-,-,Seethapalli Vagu,16.38139800,80.85303400,24-07-2025 06:00,0.5
1869,Vuyyuru,Andhra Pradesh GW,28,Andhra Pradesh,510,KRISHNA,VUYYURU,VUYYURU,Gandigunta-1,Godavari,Godavari,Seethapalli Vagu,-,-,Seethapalli Vagu,16.38139800,80.85303400,24-07-2025 06:00,0.5
1870,Vuyyuru,Andhra Pradesh GW,28,Andhra Pradesh,510,KRISHNA,VUYYURU,VUYYURU,Gandigunta-1,Godavari,Godavari,Seethapalli Vagu,-,-,Seethapalli Vagu,16.38139800,80.85303400,24-07-2025 07:00,0.5
1871,Vuyyuru,Andhra Pradesh GW,28,Andhra Pradesh,510,KRISHNA,VUYYURU,VUYYURU,Gandigunta-1,Godavari,Godavari,Seethapalli Vagu,-,-,Seethapalli Vagu,16.38139800,80.85303400,24-07-2025 07:00,0.5
1872,Vuyyuru,Andhra Pradesh GW,28,Andhra Pradesh,510,KRISHNA,VUYYURU,VUYYURU,Gandigunta-1,Godavari,Godavari,Seethapalli Vagu,-,-,Seethapalli Vagu,16.38139800,80.85303400,24-07-2025 09:00,0.5
1873,Vuyyuru,Andhra Pradesh GW,28,Andhra Pradesh,510,KRISHNA,VUYYURU,VUYYURU,Gandigunta-1,Godavari,Godavari,Seethapalli Vagu,-,-,Seethapalli Vagu,16.38139800,80.85303400,24-07-2025 09:00,0.5
1874,Vuyyuru,Andhra Pradesh GW,28,Andhra Pradesh,510,KRISHNA,VUYYURU,VUYYURU,Gandigunta-1,Godavari,Godavari,Seethapalli Vagu,-,-,Seethapalli Vagu,16.38139800,80.85303400,24-07-2025 10:00,0.5
1875,Vuyyuru,Andhra Pradesh GW,28,Andhra Pradesh,510,KRISHNA,VUYYURU,VUYYURU,Gandigunta-1,Godavari,Godavari,Seethapalli Vagu,-,-,Seethapalli Vagu,16.38139800,80.85303400,24-07-2025 10:00,0.5
1876,Vuyyuru,Andhra Pradesh GW,28,Andhra Pradesh,510,KRISHNA,VUYYURU,VUYYURU,Gandigunta-1,Godavari,Godavari,Seethapalli Vagu,-,-,Seethapalli Vagu,16.38139800,80.85303400,24-07-2025 12:00,0.5
1877,Vuyyuru,Andhra Pradesh GW,28,Andhra Pradesh,510,KRISHNA,VUYYURU,VUYYURU,Gandigunta-1,Godavari,Godavari,Seethapalli Vagu,-,-,Seethapalli Vagu,16.38139800,80.85303400,24-07-2025 14:00,0.5
1878,Vuyyuru,Andhra Pradesh GW,28,Andhra Pradesh,510,KRISHNA,VUYYURU,VUYYURU,Gandigunta-1,Godavari,Godavari,Seethapalli Vagu,-,-,Seethapalli Vagu,16.38139800,80.85303400,24-07-2025 18:00,0.5
1879,Vuyyuru,Andhra Pradesh GW,28,Andhra Pradesh,510,KRISHNA,VUYYURU,VUYYURU,Gandigunta-1,Godavari,Godavari,Seethapalli Vagu,-,-,Seethapalli Vagu,16.38139800,80.85303400,27-07-2025 01:00,0.5
1880,Vuyyuru,Andhra Pradesh GW,28,Andhra Pradesh,510,KRISHNA,VUYYURU,VUYYURU,Gandigunta-1,Godavari,Godavari,Seethapalli Vagu,-,-,Seethapalli Vagu,16.38139800,80.85303400,27-07-2025 04:00,0.5
1881,Vuyyuru,Andhra Pradesh GW,28,Andhra Pradesh,510,KRISHNA,VUYYURU,VUYYURU,Gandigunta-1,Godavari,Godavari,Seethapalli Vagu,-,-,Seethapalli Vagu,16.38139800,80.85303400,27-07-2025 06:00,0.5
1882,Vuyyuru,Andhra Pradesh GW,28,Andhra Pradesh,510,KRISHNA,VUYYURU,VUYYURU,Gandigunta-1,Godavari,Godavari,Seethapalli Vagu,-,-,Seethapalli Vagu,16.38139800,80.85303400,27-07-2025 06:00,0.5
1883,Vuyyuru,Andhra Pradesh GW,28,Andhra Pradesh,510,KRISHNA,VUYYURU,VUYYURU,Gandigunta-1,Godavari,Godavari,Seethapalli Vagu,-,-,Seethapalli Vagu,16.38139800,80.85303400,27-07-2025 08:00,0.5
1884,Vuyyuru,Andhra Pradesh GW,28,Andhra Pradesh,510,KRISHNA,VUYYURU,VUYYURU,Gandigunta-1,Godavari,Godavari,Seethapalli Vagu,-,-,Seethapalli Vagu,16.38139800,80.85303400,27-07-2025 08:00,0.5
1885,Vuyyuru,Andhra Pradesh GW,28,Andhra Pradesh,510,KRISHNA,VUYYURU,VUYYURU,Gandigunta-1,Godavari,Godavari,Seethapalli Vagu,-,-,Seethapalli Vagu,16.38139800,80.85303400,27-07-2025 09:00,0.5
1886,Vuyyuru,Andhra Pradesh GW,28,Andhra Pradesh,510,KRISHNA,VUYYURU,VUYYURU,Gandigunta-1,Godavari,Godavari,Seethapalli Vagu,-,-,Seethapalli Vagu,16.38139800,80.85303400,27-07-2025 10:00,0.5
1887,Vuyyuru,Andhra Pradesh GW,28,Andhra Pradesh,510,KRISHNA,VUYYURU,VUYYURU,Gandigunta-1,Godavari,Godavari,Seethapalli Vagu,-,-,Seethapalli Vagu,16.38139800,80.85303400,27-07-2025 10:00,0.5
1888,Vuyyuru,Andhra Pradesh GW,28,Andhra Pradesh,510,KRISHNA,VUYYURU,VUYYURU,Gandigunta-1,Godavari,Godavari,Seethapalli Vagu,-,-,Seethapalli Vagu,16.38139800,80.85303400,27-07-2025 11:00,0.5
1889,Vuyyuru,Andhra Pradesh GW,28,Andhra Pradesh,510,KRISHNA,VUYYURU,VUYYURU,Gandigunta-1,Godavari,Godavari,Seethapalli Vagu,-,-,Seethapalli Vagu,16.38139800,80.85303400,27-07-2025 11:00,0.5
1890,Vuyyuru,Andhra Pradesh GW,28,Andhra Pradesh,510,KRISHNA,VUYYURU,VUYYURU,Gandigunta-1,Godavari,Godavari,Seethapalli Vagu,-,-,Seethapalli Vagu,16.38139800,80.85303400,27-07-2025 12:00,0.5
1891,Vuyyuru,Andhra Pradesh GW,28,Andhra Pradesh,510,KRISHNA,VUYYURU,VUYYURU,Gandigunta-1,Godavari,Godavari,Seethapalli Vagu,-,-,Seethapalli Vagu,16.38139800,80.85303400,27-07-2025 12:00,0.5
1892,Vuyyuru,Andhra Pradesh GW,28,Andhra Pradesh,510,KRISHNA,VUYYURU,VUYYURU,Gandigunta-1,Godavari,Godavari,Seethapalli Vagu,-,-,Seethapalli Vagu,16.38139800,80.85303400,27-07-2025 13:00,0.5
1893,Vuyyuru,Andhra Pradesh GW,28,Andhra Pradesh,510,KRISHNA,VUYYURU,VUYYURU,Gandigunta-1,Godavari,Godavari,Seethapalli Vagu,-,-,Seethapalli Vagu,16.38139800,80.85303400,27-07-2025 13:00,0.5
1894,Vuyyuru,Andhra Pradesh GW,28,Andhra Pradesh,510,KRISHNA,VUYYURU,VUYYURU,Gandigunta-1,Godavari,Godavari,Seethapalli Vagu,-,-,Seethapalli Vagu,16.38139800,80.85303400,27-07-2025 14:00,0.5
1895,Vuyyuru,Andhra Pradesh GW,28,Andhra Pradesh,510,KRISHNA,VUYYURU,VUYYURU,Gandigunta-1,Godavari,Godavari,Seethapalli Vagu,-,-,Seethapalli Vagu,16.38139800,80.85303400,27-07-2025 14:00,0.5
1896,Vuyyuru,Andhra Pradesh GW,28,Andhra Pradesh,510,KRISHNA,VUYYURU,VUYYURU,Gandigunta-1,Godavari,Godavari,Seethapalli Vagu,-,-,Seethapalli Vagu,16.38139800,80.85303400,27-07-2025 15:00,0.5
1897,Vuyyuru,Andhra Pradesh GW,28,Andhra Pradesh,510,KRISHNA,VUYYURU,VUYYURU,Gandigunta-1,Godavari,Godavari,Seethapalli Vagu,-,-,Seethapalli Vagu,16.38139800,80.85303400,27-07-2025 16:00,0.5
1898,Vuyyuru,Andhra Pradesh GW,28,Andhra Pradesh,510,KRISHNA,VUYYURU,VUYYURU,Gandigunta-1,Godavari,Godavari,Seethapalli Vagu,-,-,Seethapalli Vagu,16.38139800,80.85303400,27-07-2025 16:00,0.5
1899,Vuyyuru,Andhra Pradesh GW,28,Andhra Pradesh,510,KRISHNA,VUYYURU,VUYYURU,Gandigunta-1,Godavari,Godavari,Seethapalli Vagu,-,-,Seethapalli Vagu,16.38139800,80.85303400,27-07-2025 17:00,0.5
1900,Vuyyuru,Andhra Pradesh GW,28,Andhra Pradesh,510,KRISHNA,VUYYURU,VUYYURU,Gandigunta-1,Godavari,Godavari,Seethapalli Vagu,-,-,Seethapalli Vagu,16.38139800,80.85303400,27-07-2025 23:00,2.5
1901,Vuyyuru,Andhra Pradesh GW,28,Andhra Pradesh,510,KRISHNA,VUYYURU,VUYYURU,Gandigunta-1,Godavari,Godavari,Seethapalli Vagu,-,-,Seethapalli Vagu,16.38139800,80.85303400,28-07-2025 00:00,2.5
1902,Vuyyuru,Andhra Pradesh GW,28,Andhra Pradesh,510,KRISHNA,VUYYURU,VUYYURU,Gandigunta-1,Godavari,Godavari,Seethapalli Vagu,-,-,Seethapalli Vagu,16.38139800,80.85303400,28-07-2025 00:00,2.5
1903,Vuyyuru,Andhra Pradesh GW,28,Andhra Pradesh,510,KRISHNA,VUYYURU,VUYYURU,Gandigunta-1,Godavari,Godavari,Seethapalli Vagu,-,-,Seethapalli Vagu,16.38139800,80.85303400,28-07-2025 01:00,0.5
1904,Vuyyuru,Andhra Pradesh GW,28,Andhra Pradesh,510,KRISHNA,VUYYURU,VUYYURU,Gandigunta-1,Godavari,Godavari,Seethapalli Vagu,-,-,Seethapalli Vagu,16.38139800,80.85303400,31-07-2025 00:00,1
1905,Vuyyuru,Andhra Pradesh GW,28,Andhra Pradesh,510,KRISHNA,VUYYURU,VUYYURU,Gandigunta-1,Godavari,Godavari,Seethapalli Vagu,-,-,Seethapalli Vagu,16.38139800,80.85303400,08-08-2025 04:00,0.5
1906,Vuyyuru,Andhra Pradesh GW,28,Andhra Pradesh,510,KRISHNA,VUYYURU,VUYYURU,Gandigunta-1,Godavari,Godavari,Seethapalli Vagu,-,-,Seethapalli Vagu,16.38139800,80.85303400,11-08-2025 02:00,0.5
1907,Vuyyuru,Andhra Pradesh GW,28,Andhra Pradesh,510,KRISHNA,VUYYURU,VUYYURU,Gandigunta-1,Godavari,Godavari,Seethapalli Vagu,-,-,Seethapalli Vagu,16.38139800,80.85303400,11-08-2025 05:00,0.5
1908,Vuyyuru,Andhra Pradesh GW,28,Andhra Pradesh,510,KRISHNA,VUYYURU,VUYYURU,Gandigunta-1,Godavari,Godavari,Seethapalli Vagu,-,-,Seethapalli Vagu,16.38139800,80.85303400,12-08-2025 00:00,0.5
1909,Vuyyuru,Andhra Pradesh GW,28,Andhra Pradesh,510,KRISHNA,VUYYURU,VUYYURU,Gandigunta-1,Godavari,Godavari,Seethapalli Vagu,-,-,Seethapalli Vagu,16.38139800,80.85303400,12-08-2025 01:00,0.5
1910,Vuyyuru,Andhra Pradesh GW,28,Andhra Pradesh,510,KRISHNA,VUYYURU,VUYYURU,Gandigunta-1,Godavari,Godavari,Seethapalli Vagu,-,-,Seethapalli Vagu,16.38139800,80.85303400,12-08-2025 22:00,0.5
1911,Vuyyuru,Andhra Pradesh GW,28,Andhra Pradesh,510,KRISHNA,VUYYURU,VUYYURU,Gandigunta-1,Godavari,Godavari,Seethapalli Vagu,-,-,Seethapalli Vagu,16.38139800,80.85303400,12-08-2025 23:00,5
1912,Vuyyuru,Andhra Pradesh GW,28,Andhra Pradesh,510,KRISHNA,VUYYURU,VUYYURU,Gandigunta-1,Godavari,Godavari,Seethapalli Vagu,-,-,Seethapalli Vagu,16.38139800,80.85303400,13-08-2025 00:00,22.5
1913,Vuyyuru,Andhra Pradesh GW,28,Andhra Pradesh,510,KRISHNA,VUYYURU,VUYYURU,Gandigunta-1,Godavari,Godavari,Seethapalli Vagu,-,-,Seethapalli Vagu,16.38139800,80.85303400,13-08-2025 01:00,20
1914,Vuyyuru,Andhra Pradesh GW,28,Andhra Pradesh,510,KRISHNA,VUYYURU,VUYYURU,Gandigunta-1,Godavari,Godavari,Seethapalli Vagu,-,-,Seethapalli Vagu,16.38139800,80.85303400,13-08-2025 02:00,36
1915,Vuyyuru,Andhra Pradesh GW,28,Andhra Pradesh,510,KRISHNA,VUYYURU,VUYYURU,Gandigunta-1,Godavari,Godavari,Seethapalli Vagu,-,-,Seethapalli Vagu,16.38139800,80.85303400,13-08-2025 03:00,4.5
1916,Vuyyuru,Andhra Pradesh GW,28,Andhra Pradesh,510,KRISHNA,VUYYURU,VUYYURU,Gandigunta-1,Godavari,Godavari,Seethapalli Vagu,-,-,Seethapalli Vagu,16.38139800,80.85303400,13-08-2025 04:00,18.5
1917,Vuyyuru,Andhra Pradesh GW,28,Andhra Pradesh,510,KRISHNA,VUYYURU,VUYYURU,Gandigunta-1,Godavari,Godavari,Seethapalli Vagu,-,-,Seethapalli Vagu,16.38139800,80.85303400,13-08-2025 05:00,1
1918,Vuyyuru,Andhra Pradesh GW,28,Andhra Pradesh,510,KRISHNA,VUYYURU,VUYYURU,Gandigunta-1,Godavari,Godavari,Seethapalli Vagu,-,-,Seethapalli Vagu,16.38139800,80.85303400,13-08-2025 06:00,0.5
1919,Vuyyuru,Andhra Pradesh GW,28,Andhra Pradesh,510,KRISHNA,VUYYURU,VUYYURU,Gandigunta-1,Godavari,Godavari,Seethapalli Vagu,-,-,Seethapalli Vagu,16.38139800,80.85303400,13-08-2025 18:00,0.5
1920,Vuyyuru,Andhra Pradesh GW,28,Andhra Pradesh,510,KRISHNA,VUYYURU,VUYYURU,Gandigunta-1,Godavari,Godavari,Seethapalli Vagu,-,-,Seethapalli Vagu,16.38139800,80.85303400,13-08-2025 19:00,9
1921,Vuyyuru,Andhra Pradesh GW,28,Andhra Pradesh,510,KRISHNA,VUYYURU,VUYYURU,Gandigunta-1,Godavari,Godavari,Seethapalli Vagu,-,-,Seethapalli Vagu,16.38139800,80.85303400,13-08-2025 20:00,13
1922,Vuyyuru,Andhra Pradesh GW,28,Andhra Pradesh,510,KRISHNA,VUYYURU,VUYYURU,Gandigunta-1,Godavari,Godavari,Seethapalli Vagu,-,-,Seethapalli Vagu,16.38139800,80.85303400,13-08-2025 21:00,4
1923,Vuyyuru,Andhra Pradesh GW,28,Andhra Pradesh,510,KRISHNA,VUYYURU,VUYYURU,Gandigunta-1,Godavari,Godavari,Seethapalli Vagu,-,-,Seethapalli Vagu,16.38139800,80.85303400,13-08-2025 22:00,3.5
1924,Vuyyuru,Andhra Pradesh GW,28,Andhra Pradesh,510,KRISHNA,VUYYURU,VUYYURU,Gandigunta-1,Godavari,Godavari,Seethapalli Vagu,-,-,Seethapalli Vagu,16.38139800,80.85303400,13-08-2025 23:00,1.5
1925,Vuyyuru,Andhra Pradesh GW,28,Andhra Pradesh,510,KRISHNA,VUYYURU,VUYYURU,Gandigunta-1,Godavari,Godavari,Seethapalli Vagu,-,-,Seethapalli Vagu,16.38139800,80.85303400,14-08-2025 00:00,3
1926,Vuyyuru,Andhra Pradesh GW,28,Andhra Pradesh,510,KRISHNA,VUYYURU,VUYYURU,Gandigunta-1,Godavari,Godavari,Seethapalli Vagu,-,-,Seethapalli Vagu,16.38139800,80.85303400,14-08-2025 01:00,0.5
1927,Vuyyuru,Andhra Pradesh GW,28,Andhra Pradesh,510,KRISHNA,VUYYURU,VUYYURU,Gandigunta-1,Godavari,Godavari,Seethapalli Vagu,-,-,Seethapalli Vagu,16.38139800,80.85303400,14-08-2025 04:00,0.5
1928,Vuyyuru,Andhra Pradesh GW,28,Andhra Pradesh,510,KRISHNA,VUYYURU,VUYYURU,Gandigunta-1,Godavari,Godavari,Seethapalli Vagu,-,-,Seethapalli Vagu,16.38139800,80.85303400,17-08-2025 18:00,0.5
1929,Vuyyuru,Andhra Pradesh GW,28,Andhra Pradesh,510,KRISHNA,VUYYURU,VUYYURU,Gandigunta-1,Godavari,Godavari,Seethapalli Vagu,-,-,Seethapalli Vagu,16.38139800,80.85303400,17-08-2025 19:00,0.5
1930,Vuyyuru,Andhra Pradesh GW,28,Andhra Pradesh,510,KRISHNA,VUYYURU,VUYYURU,Gandigunta-1,Godavari,Godavari,Seethapalli Vagu,-,-,Seethapalli Vagu,16.38139800,80.85303400,17-08-2025 21:00,0.5
1931,Vuyyuru,Andhra Pradesh GW,28,Andhra Pradesh,510,KRISHNA,VUYYURU,VUYYURU,Gandigunta-1,Godavari,Godavari,Seethapalli Vagu,-,-,Seethapalli Vagu,16.38139800,80.85303400,17-08-2025 21:00,0.5
1932,Vuyyuru,Andhra Pradesh GW,28,Andhra Pradesh,510,KRISHNA,VUYYURU,VUYYURU,Gandigunta-1,Godavari,Godavari,Seethapalli Vagu,-,-,Seethapalli Vagu,16.38139800,80.85303400,18-08-2025 07:00,1
1933,Vuyyuru,Andhra Pradesh GW,28,Andhra Pradesh,510,KRISHNA,VUYYURU,VUYYURU,Gandigunta-1,Godavari,Godavari,Seethapalli Vagu,-,-,Seethapalli Vagu,16.38139800,80.85303400,18-08-2025 07:00,1
1934,Vuyyuru,Andhra Pradesh GW,28,Andhra Pradesh,510,KRISHNA,VUYYURU,VUYYURU,Gandigunta-1,Godavari,Godavari,Seethapalli Vagu,-,-,Seethapalli Vagu,16.38139800,80.85303400,18-08-2025 10:00,1
1935,Vuyyuru,Andhra Pradesh GW,28,Andhra Pradesh,510,KRISHNA,VUYYURU,VUYYURU,Gandigunta-1,Godavari,Godavari,Seethapalli Vagu,-,-,Seethapalli Vagu,16.38139800,80.85303400,18-08-2025 11:00,3
1936,Vuyyuru,Andhra Pradesh GW,28,Andhra Pradesh,510,KRISHNA,VUYYURU,VUYYURU,Gandigunta-1,Godavari,Godavari,Seethapalli Vagu,-,-,Seethapalli Vagu,16.38139800,80.85303400,18-08-2025 11:00,3
1937,Vuyyuru,Andhra Pradesh GW,28,Andhra Pradesh,510,KRISHNA,VUYYURU,VUYYURU,Gandigunta-1,Godavari,Godavari,Seethapalli Vagu,-,-,Seethapalli Vagu,16.38139800,80.85303400,18-08-2025 12:00,2
1938,Vuyyuru,Andhra Pradesh GW,28,Andhra Pradesh,510,KRISHNA,VUYYURU,VUYYURU,Gandigunta-1,Godavari,Godavari,Seethapalli Vagu,-,-,Seethapalli Vagu,16.38139800,80.85303400,18-08-2025 14:00,0.5
1939,Vuyyuru,Andhra Pradesh GW,28,Andhra Pradesh,510,KRISHNA,VUYYURU,VUYYURU,Gandigunta-1,Godavari,Godavari,Seethapalli Vagu,-,-,Seethapalli Vagu,16.38139800,80.85303400,18-08-2025 14:00,0.5
1940,Vuyyuru,Andhra Pradesh GW,28,Andhra Pradesh,510,KRISHNA,VUYYURU,VUYYURU,Gandigunta-1,Godavari,Godavari,Seethapalli Vagu,-,-,Seethapalli Vagu,16.38139800,80.85303400,18-08-2025 15:00,0.5
1941,Vuyyuru,Andhra Pradesh GW,28,Andhra Pradesh,510,KRISHNA,VUYYURU,VUYYURU,Gandigunta-1,Godavari,Godavari,Seethapalli Vagu,-,-,Seethapalli Vagu,16.38139800,80.85303400,23-08-2025 22:00,192
1942,Vuyyuru,Andhra Pradesh GW,28,Andhra Pradesh,510,KRISHNA,VUYYURU,VUYYURU,Gandigunta-1,Godavari,Godavari,Seethapalli Vagu,-,-,Seethapalli Vagu,16.38139800,80.85303400,27-08-2025 00:00,1
1943,Vuyyuru,Andhra Pradesh GW,28,Andhra Pradesh,510,KRISHNA,VUYYURU,VUYYURU,Gandigunta-1,Godavari,Godavari,Seethapalli Vagu,-,-,Seethapalli Vagu,16.38139800,80.85303400,27-08-2025 00:00,1
1944,Vuyyuru,Andhra Pradesh GW,28,Andhra Pradesh,510,KRISHNA,VUYYURU,VUYYURU,Gandigunta-1,Godavari,Godavari,Seethapalli Vagu,-,-,Seethapalli Vagu,16.38139800,80.85303400,27-08-2025 01:00,0.5
1945,Vuyyuru,Andhra Pradesh GW,28,Andhra Pradesh,510,KRISHNA,VUYYURU,VUYYURU,Gandigunta-1,Godavari,Godavari,Seethapalli Vagu,-,-,Seethapalli Vagu,16.38139800,80.85303400,27-08-2025 01:00,0.5
1946,Vuyyuru,Andhra Pradesh GW,28,Andhra Pradesh,510,KRISHNA,VUYYURU,VUYYURU,Gandigunta-1,Godavari,Godavari,Seethapalli Vagu,-,-,Seethapalli Vagu,16.38139800,80.85303400,27-08-2025 06:00,1.5
1947,Vuyyuru,Andhra Pradesh GW,28,Andhra Pradesh,510,KRISHNA,VUYYURU,VUYYURU,Gandigunta-1,Godavari,Godavari,Seethapalli Vagu,-,-,Seethapalli Vagu,16.38139800,80.85303400,27-08-2025 06:00,1.5
1948,Vuyyuru,Andhra Pradesh GW,28,Andhra Pradesh,510,KRISHNA,VUYYURU,VUYYURU,Gandigunta-1,Godavari,Godavari,Seethapalli Vagu,-,-,Seethapalli Vagu,16.38139800,80.85303400,27-08-2025 07:00,6
1949,Vuyyuru,Andhra Pradesh GW,28,Andhra Pradesh,510,KRISHNA,VUYYURU,VUYYURU,Gandigunta-1,Godavari,Godavari,Seethapalli Vagu,-,-,Seethapalli Vagu,16.38139800,80.85303400,27-08-2025 07:00,6
1950,Vuyyuru,Andhra Pradesh GW,28,Andhra Pradesh,510,KRISHNA,VUYYURU,VUYYURU,Gandigunta-1,Godavari,Godavari,Seethapalli Vagu,-,-,Seethapalli Vagu,16.38139800,80.85303400,27-08-2025 08:00,2.5
1951,Vuyyuru,Andhra Pradesh GW,28,Andhra Pradesh,510,KRISHNA,VUYYURU,VUYYURU,Gandigunta-1,Godavari,Godavari,Seethapalli Vagu,-,-,Seethapalli Vagu,16.38139800,80.85303400,27-08-2025 08:00,2.5
1952,Vuyyuru,Andhra Pradesh GW,28,Andhra Pradesh,510,KRISHNA,VUYYURU,VUYYURU,Gandigunta-1,Godavari,Godavari,Seethapalli Vagu,-,-,Seethapalli Vagu,16.38139800,80.85303400,27-08-2025 09:00,12
1953,Vuyyuru,Andhra Pradesh GW,28,Andhra Pradesh,510,KRISHNA,VUYYURU,VUYYURU,Gandigunta-1,Godavari,Godavari,Seethapalli Vagu,-,-,Seethapalli Vagu,16.38139800,80.85303400,27-08-2025 09:00,12
1954,Vuyyuru,Andhra Pradesh GW,28,Andhra Pradesh,510,KRISHNA,VUYYURU,VUYYURU,Gandigunta-1,Godavari,Godavari,Seethapalli Vagu,-,-,Seethapalli Vagu,16.38139800,80.85303400,27-08-2025 10:00,6.5
1955,Vuyyuru,Andhra Pradesh GW,28,Andhra Pradesh,510,KRISHNA,VUYYURU,VUYYURU,Gandigunta-1,Godavari,Godavari,Seethapalli Vagu,-,-,Seethapalli Vagu,16.38139800,80.85303400,27-08-2025 11:00,5.5
1956,Vuyyuru,Andhra Pradesh GW,28,Andhra Pradesh,510,KRISHNA,VUYYURU,VUYYURU,Gandigunta-1,Godavari,Godavari,Seethapalli Vagu,-,-,Seethapalli Vagu,16.38139800,80.85303400,27-08-2025 12:00,3.5
1957,Vuyyuru,Andhra Pradesh GW,28,Andhra Pradesh,510,KRISHNA,VUYYURU,VUYYURU,Gandigunta-1,Godavari,Godavari,Seethapalli Vagu,-,-,Seethapalli Vagu,16.38139800,80.85303400,27-08-2025 13:00,0.5
1958,Vuyyuru,Andhra Pradesh GW,28,Andhra Pradesh,510,KRISHNA,VUYYURU,VUYYURU,Gandigunta-1,Godavari,Godavari,Seethapalli Vagu,-,-,Seethapalli Vagu,16.38139800,80.85303400,27-08-2025 13:00,0.5
1959,Vuyyuru,Andhra Pradesh GW,28,Andhra Pradesh,510,KRISHNA,VUYYURU,VUYYURU,Gandigunta-1,Godavari,Godavari,Seethapalli Vagu,-,-,Seethapalli Vagu,16.38139800,80.85303400,28-08-2025 03:00,9
1960,Vuyyuru,Andhra Pradesh GW,28,Andhra Pradesh,510,KRISHNA,VUYYURU,VUYYURU,Gandigunta-1,Godavari,Godavari,Seethapalli Vagu,-,-,Seethapalli Vagu,16.38139800,80.85303400,28-08-2025 03:00,9
1961,Vuyyuru,Andhra Pradesh GW,28,Andhra Pradesh,510,KRISHNA,VUYYURU,VUYYURU,Gandigunta-1,Godavari,Godavari,Seethapalli Vagu,-,-,Seethapalli Vagu,16.38139800,80.85303400,28-08-2025 04:00,0.5
1962,Vuyyuru,Andhra Pradesh GW,28,Andhra Pradesh,510,KRISHNA,VUYYURU,VUYYURU,Gandigunta-1,Godavari,Godavari,Seethapalli Vagu,-,-,Seethapalli Vagu,16.38139800,80.85303400,01-09-2025 06:00,8.5
1963,Vuyyuru,Andhra Pradesh GW,28,Andhra Pradesh,510,KRISHNA,VUYYURU,VUYYURU,Gandigunta-1,Godavari,Godavari,Seethapalli Vagu,-,-,Seethapalli Vagu,16.38139800,80.85303400,01-09-2025 06:00,8.5
1964,Vuyyuru,Andhra Pradesh GW,28,Andhra Pradesh,510,KRISHNA,VUYYURU,VUYYURU,Gandigunta-1,Godavari,Godavari,Seethapalli Vagu,-,-,Seethapalli Vagu,16.38139800,80.85303400,01-09-2025 07:00,5
1965,Vuyyuru,Andhra Pradesh GW,28,Andhra Pradesh,510,KRISHNA,VUYYURU,VUYYURU,Gandigunta-1,Godavari,Godavari,Seethapalli Vagu,-,-,Seethapalli Vagu,16.38139800,80.85303400,01-09-2025 07:00,5
1966,Vuyyuru,Andhra Pradesh GW,28,Andhra Pradesh,510,KRISHNA,VUYYURU,VUYYURU,Gandigunta-1,Godavari,Godavari,Seethapalli Vagu,-,-,Seethapalli Vagu,16.38139800,80.85303400,01-09-2025 08:00,0.5
1967,Vuyyuru,Andhra Pradesh GW,28,Andhra Pradesh,510,KRISHNA,VUYYURU,VUYYURU,Gandigunta-1,Godavari,Godavari,Seethapalli Vagu,-,-,Seethapalli Vagu,16.38139800,80.85303400,01-09-2025 08:00,0.5
1968,Vuyyuru,Andhra Pradesh GW,28,Andhra Pradesh,510,KRISHNA,VUYYURU,VUYYURU,Gandigunta-1,Godavari,Godavari,Seethapalli Vagu,-,-,Seethapalli Vagu,16.38139800,80.85303400,09-09-2025 01:00,17.5
1969,Vuyyuru,Andhra Pradesh GW,28,Andhra Pradesh,510,KRISHNA,VUYYURU,VUYYURU,Gandigunta-1,Godavari,Godavari,Seethapalli Vagu,-,-,Seethapalli Vagu,16.38139800,80.85303400,09-09-2025 01:00,17.5
1970,Vuyyuru,Andhra Pradesh GW,28,Andhra Pradesh,510,KRISHNA,VUYYURU,VUYYURU,Gandigunta-1,Godavari,Godavari,Seethapalli Vagu,-,-,Seethapalli Vagu,16.38139800,80.85303400,09-09-2025 02:00,5
1971,Vuyyuru,Andhra Pradesh GW,28,Andhra Pradesh,510,KRISHNA,VUYYURU,VUYYURU,Gandigunta-1,Godavari,Godavari,Seethapalli Vagu,-,-,Seethapalli Vagu,16.38139800,80.85303400,09-09-2025 02:00,5
1972,Vuyyuru,Andhra Pradesh GW,28,Andhra Pradesh,510,KRISHNA,VUYYURU,VUYYURU,Gandigunta-1,Godavari,Godavari,Seethapalli Vagu,-,-,Seethapalli Vagu,16.38139800,80.85303400,10-09-2025 06:00,1
1973,Vuyyuru,Andhra Pradesh GW,28,Andhra Pradesh,510,KRISHNA,VUYYURU,VUYYURU,Gandigunta-1,Godavari,Godavari,Seethapalli Vagu,-,-,Seethapalli Vagu,16.38139800,80.85303400,10-09-2025 06:00,1
1974,Vuyyuru,Andhra Pradesh GW,28,Andhra Pradesh,510,KRISHNA,VUYYURU,VUYYURU,Gandigunta-1,Godavari,Godavari,Seethapalli Vagu,-,-,Seethapalli Vagu,16.38139800,80.85303400,12-09-2025 06:00,0.5
1975,Vuyyuru,Andhra Pradesh GW,28,Andhra Pradesh,510,KRISHNA,VUYYURU,VUYYURU,Gandigunta-1,Godavari,Godavari,Seethapalli Vagu,-,-,Seethapalli Vagu,16.38139800,80.85303400,12-09-2025 06:00,0.5
1976,Vuyyuru,Andhra Pradesh GW,28,Andhra Pradesh,510,KRISHNA,VUYYURU,VUYYURU,Gandigunta-1,Godavari,Godavari,Seethapalli Vagu,-,-,Seethapalli Vagu,16.38139800,80.85303400,12-09-2025 07:00,0.5
1977,Vuyyuru,Andhra Pradesh GW,28,Andhra Pradesh,510,KRISHNA,VUYYURU,VUYYURU,Gandigunta-1,Godavari,Godavari,Seethapalli Vagu,-,-,Seethapalli Vagu,16.38139800,80.85303400,12-09-2025 07:00,0.5
1978,Vuyyuru,Andhra Pradesh GW,28,Andhra Pradesh,510,KRISHNA,VUYYURU,VUYYURU,Gandigunta-1,Godavari,Godavari,Seethapalli Vagu,-,-,Seethapalli Vagu,16.38139800,80.85303400,12-09-2025 08:00,0.5
1979,Vuyyuru,Andhra Pradesh GW,28,Andhra Pradesh,510,KRISHNA,VUYYURU,VUYYURU,Gandigunta-1,Godavari,Godavari,Seethapalli Vagu,-,-,Seethapalli Vagu,16.38139800,80.85303400,12-09-2025 09:00,1
1980,Vuyyuru,Andhra Pradesh GW,28,Andhra Pradesh,510,KRISHNA,VUYYURU,VUYYURU,Gandigunta-1,Godavari,Godavari,Seethapalli Vagu,-,-,Seethapalli Vagu,16.38139800,80.85303400,12-09-2025 09:00,1
1981,Vuyyuru,Andhra Pradesh GW,28,Andhra Pradesh,510,KRISHNA,VUYYURU,VUYYURU,Gandigunta-1,Godavari,Godavari,Seethapalli Vagu,-,-,Seethapalli Vagu,16.38139800,80.85303400,12-09-2025 10:00,0.5
1982,Vuyyuru,Andhra Pradesh GW,28,Andhra Pradesh,510,KRISHNA,VUYYURU,VUYYURU,Gandigunta-1,Godavari,Godavari,Seethapalli Vagu,-,-,Seethapalli Vagu,16.38139800,80.85303400,12-09-2025 11:00,0.5
1983,Vuyyuru,Andhra Pradesh GW,28,Andhra Pradesh,510,KRISHNA,VUYYURU,VUYYURU,Gandigunta-1,Godavari,Godavari,Seethapalli Vagu,-,-,Seethapalli Vagu,16.38139800,80.85303400,12-09-2025 11:00,0.5
1984,Vuyyuru,Andhra Pradesh GW,28,Andhra Pradesh,510,KRISHNA,VUYYURU,VUYYURU,Gandigunta-1,Godavari,Godavari,Seethapalli Vagu,-,-,Seethapalli Vagu,16.38139800,80.85303400,13-09-2025 13:00,1.5
1985,Vuyyuru,Andhra Pradesh GW,28,Andhra Pradesh,510,KRISHNA,VUYYURU,VUYYURU,Gandigunta-1,Godavari,Godavari,Seethapalli Vagu,-,-,Seethapalli Vagu,16.38139800,80.85303400,13-09-2025 14:00,50
1986,Vuyyuru,Andhra Pradesh GW,28,Andhra Pradesh,510,KRISHNA,VUYYURU,VUYYURU,Gandigunta-1,Godavari,Godavari,Seethapalli Vagu,-,-,Seethapalli Vagu,16.38139800,80.85303400,13-09-2025 15:00,4.5
1987,Vuyyuru,Andhra Pradesh GW,28,Andhra Pradesh,510,KRISHNA,VUYYURU,VUYYURU,Gandigunta-1,Godavari,Godavari,Seethapalli Vagu,-,-,Seethapalli Vagu,16.38139800,80.85303400,13-09-2025 15:00,4.5
1988,Vuyyuru,Andhra Pradesh GW,28,Andhra Pradesh,510,KRISHNA,VUYYURU,VUYYURU,Gandigunta-1,Godavari,Godavari,Seethapalli Vagu,-,-,Seethapalli Vagu,16.38139800,80.85303400,13-09-2025 16:00,0.5
1989,Vuyyuru,Andhra Pradesh GW,28,Andhra Pradesh,510,KRISHNA,VUYYURU,VUYYURU,Gandigunta-1,Godavari,Godavari,Seethapalli Vagu,-,-,Seethapalli Vagu,16.38139800,80.85303400,13-09-2025 16:00,0.5
1990,Vuyyuru,Andhra Pradesh GW,28,Andhra Pradesh,510,KRISHNA,VUYYURU,VUYYURU,Gandigunta-1,Godavari,Godavari,Seethapalli Vagu,-,-,Seethapalli Vagu,16.38139800,80.85303400,14-09-2025 18:00,8.5
1991,Vuyyuru,Andhra Pradesh GW,28,Andhra Pradesh,510,KRISHNA,VUYYURU,VUYYURU,Gandigunta-1,Godavari,Godavari,Seethapalli Vagu,-,-,Seethapalli Vagu,16.38139800,80.85303400,14-09-2025 18:00,8.5
1992,Vuyyuru,Andhra Pradesh GW,28,Andhra Pradesh,510,KRISHNA,VUYYURU,VUYYURU,Gandigunta-1,Godavari,Godavari,Seethapalli Vagu,-,-,Seethapalli Vagu,16.38139800,80.85303400,14-09-2025 19:00,8.5
1993,Vuyyuru,Andhra Pradesh GW,28,Andhra Pradesh,510,KRISHNA,VUYYURU,VUYYURU,Gandigunta-1,Godavari,Godavari,Seethapalli Vagu,-,-,Seethapalli Vagu,16.38139800,80.85303400,14-09-2025 20:00,4.5
1994,Vuyyuru,Andhra Pradesh GW,28,Andhra Pradesh,510,KRISHNA,VUYYURU,VUYYURU,Gandigunta-1,Godavari,Godavari,Seethapalli Vagu,-,-,Seethapalli Vagu,16.38139800,80.85303400,15-09-2025 07:00,0.5
1995,Vuyyuru,Andhra Pradesh GW,28,Andhra Pradesh,510,KRISHNA,VUYYURU,VUYYURU,Gandigunta-1,Godavari,Godavari,Seethapalli Vagu,-,-,Seethapalli Vagu,16.38139800,80.85303400,16-09-2025 09:00,2
1996,Vuyyuru,Andhra Pradesh GW,28,Andhra Pradesh,510,KRISHNA,VUYYURU,VUYYURU,Gandigunta-1,Godavari,Godavari,Seethapalli Vagu,-,-,Seethapalli Vagu,16.38139800,80.85303400,16-09-2025 10:00,0.5
1997,Vuyyuru,Andhra Pradesh GW,28,Andhra Pradesh,510,KRISHNA,VUYYURU,VUYYURU,Gandigunta-1,Godavari,Godavari,Seethapalli Vagu,-,-,Seethapalli Vagu,16.38139800,80.85303400,20-09-2025 19:00,10
1998,Vuyyuru,Andhra Pradesh GW,28,Andhra Pradesh,510,KRISHNA,VUYYURU,VUYYURU,Gandigunta-1,Godavari,Godavari,Seethapalli Vagu,-,-,Seethapalli Vagu,16.38139800,80.85303400,20-09-2025 20:00,13
1999,Vuyyuru,Andhra Pradesh GW,28,Andhra Pradesh,510,KRISHNA,VUYYURU,VUYYURU,Gandigunta-1,Godavari,Godavari,Seethapalli Vagu,-,-,Seethapalli Vagu,16.38139800,80.85303400,20-09-2025 21:00,3
2000,Vuyyuru,Andhra Pradesh GW,28,Andhra Pradesh,510,KRISHNA,VUYYURU,VUYYURU,Gandigunta-1,Godavari,Godavari,Seethapalli Vagu,-,-,Seethapalli Vagu,16.38139800,80.85303400,20-09-2025 22:00,3.5
2001,Vuyyuru,Andhra Pradesh GW,28,Andhra Pradesh,510,KRISHNA,VUYYURU,VUYYURU,Gandigunta-1,Godavari,Godavari,Seethapalli Vagu,-,-,Seethapalli Vagu,16.38139800,80.85303400,20-09-2025 23:00,1
2002,Vuyyuru,Andhra Pradesh GW,28,Andhra Pradesh,510,KRISHNA,VUYYURU,VUYYURU,Gandigunta-1,Godavari,Godavari,Seethapalli Vagu,-,-,Seethapalli Vagu,16.38139800,80.85303400,21-09-2025 20:00,0.5
2003,Vuyyuru,Andhra Pradesh GW,28,Andhra Pradesh,510,KRISHNA,VUYYURU,VUYYURU,Gandigunta-1,Godavari,Godavari,Seethapalli Vagu,-,-,Seethapalli Vagu,16.38139800,80.85303400,21-09-2025 21:00,0.5
2004,Vuyyuru,Andhra Pradesh GW,28,Andhra Pradesh,510,KRISHNA,VUYYURU,VUYYURU,Gandigunta-1,Godavari,Godavari,Seethapalli Vagu,-,-,Seethapalli Vagu,16.38139800,80.85303400,21-09-2025 22:00,3
2005,Vuyyuru,Andhra Pradesh GW,28,Andhra Pradesh,510,KRISHNA,VUYYURU,VUYYURU,Gandigunta-1,Godavari,Godavari,Seethapalli Vagu,-,-,Seethapalli Vagu,16.38139800,80.85303400,21-09-2025 23:00,2.5
2006,Vuyyuru,Andhra Pradesh GW,28,Andhra Pradesh,510,KRISHNA,VUYYURU,VUYYURU,Gandigunta-1,Godavari,Godavari,Seethapalli Vagu,-,-,Seethapalli Vagu,16.38139800,80.85303400,22-09-2025 00:00,0.5
2007,Vuyyuru,Andhra Pradesh GW,28,Andhra Pradesh,510,KRISHNA,VUYYURU,VUYYURU,Gandigunta-1,Godavari,Godavari,Seethapalli Vagu,-,-,Seethapalli Vagu,16.38139800,80.85303400,29-10-2025 00:00,1
2008,Vuyyuru,Andhra Pradesh GW,28,Andhra Pradesh,510,KRISHNA,VUYYURU,VUYYURU,Gandigunta-1,Godavari,Godavari,Seethapalli Vagu,-,-,Seethapalli Vagu,16.38139800,80.85303400,29-10-2025 07:00,1.5
2009,Vuyyuru,Andhra Pradesh GW,28,Andhra Pradesh,510,KRISHNA,VUYYURU,VUYYURU,Gandigunta-1,Godavari,Godavari,Seethapalli Vagu,-,-,Seethapalli Vagu,16.38139800,80.85303400,29-10-2025 10:00,1
2010,Vuyyuru,Andhra Pradesh GW,28,Andhra Pradesh,510,KRISHNA,VUYYURU,VUYYURU,Gandigunta-1,Godavari,Godavari,Seethapalli Vagu,-,-,Seethapalli Vagu,16.38139800,80.85303400,29-10-2025 12:00,0.5
2011,Vuyyuru,Andhra Pradesh GW,28,Andhra Pradesh,510,KRISHNA,VUYYURU,VUYYURU,Gandigunta-1,Godavari,Godavari,Seethapalli Vagu,-,-,Seethapalli Vagu,16.38139800,80.85303400,30-11-2025 18:00,0.5
2012,Vuyyuru,Andhra Pradesh GW,28,Andhra Pradesh,510,KRISHNA,VUYYURU,VUYYURU,Gandigunta-1,Godavari,Godavari,Seethapalli Vagu,-,-,Seethapalli Vagu,16.38139800,80.85303400,30-11-2025 22:00,0.5
2013,Vuyyuru,Andhra Pradesh GW,28,Andhra Pradesh,510,KRISHNA,VUYYURU,VUYYURU,Gandigunta-1,Godavari,Godavari,Seethapalli Vagu,-,-,Seethapalli Vagu,16.38139800,80.85303400,01-12-2025 01:00,0.5
2014,Vuyyuru,Andhra Pradesh GW,28,Andhra Pradesh,510,KRISHNA,VUYYURU,VUYYURU,Gandigunta-1,Godavari,Godavari,Seethapalli Vagu,-,-,Seethapalli Vagu,16.38139800,80.85303400,03-12-2025 08:00,0.5
2015,Vuyyuru,Andhra Pradesh GW,28,Andhra Pradesh,510,KRISHNA,VUYYURU,VUYYURU,Gandigunta-1,Godavari,Godavari,Seethapalli Vagu,-,-,Seethapalli Vagu,16.38139800,80.85303400,03-12-2025 09:00,0.5
2016,Vuyyuru,Andhra Pradesh GW,28,Andhra Pradesh,510,KRISHNA,VUYYURU,VUYYURU,Gandigunta-1,Godavari,Godavari,Seethapalli Vagu,-,-,Seethapalli Vagu,16.38139800,80.85303400,19-12-2025 15:00,32
