timestamp_utc,weather,t_db_C,rh_pct,PUE,WUE_L_per_kWh,evidence_class,IT_load,theta_provenance,paper_case
2012-06-21 17:00:00+00:00,KFQD,32.0,43.37530845087229,1.3168285931118782,2.4912942071146515,TRANSFERRED_MODEL,SCENARIO_P_IT=1_normalized,SCENARIO Table 3 midpoints,1
2012-06-21 18:00:00+00:00,KFQD,31.666666666666668,44.20281854679538,1.3165442706766708,2.4905330333665554,TRANSFERRED_MODEL,SCENARIO_P_IT=1_normalized,SCENARIO Table 3 midpoints,1
2012-06-21 19:00:00+00:00,KFQD,32.0,43.37530845087229,1.3168946761714306,2.4912589825742386,TRANSFERRED_MODEL,SCENARIO_P_IT=1_normalized,SCENARIO Table 3 midpoints,1
2012-06-21 20:00:00+00:00,KFQD,31.0,45.91183326611469,1.3159851908042146,2.489007443714533,TRANSFERRED_MODEL,SCENARIO_P_IT=1_normalized,SCENARIO Table 3 midpoints,1
2012-06-21 21:00:00+00:00,KFQD,30.0,53.95110293105685,1.1120402951336557,0.0,TRANSFERRED_MODEL,SCENARIO_P_IT=1_normalized,SCENARIO Table 3 midpoints,1
2012-06-21 22:00:00+00:00,KFQD,27.33333333333333,59.17548264741522,1.1120459212920384,0.0,TRANSFERRED_MODEL,SCENARIO_P_IT=1_normalized,SCENARIO Table 3 midpoints,1
2012-06-21 23:00:00+00:00,KFQD,27.33333333333333,65.63346317458685,1.1120501357728552,0.0,TRANSFERRED_MODEL,SCENARIO_P_IT=1_normalized,SCENARIO Table 3 midpoints,1
2012-06-22 00:00:00+00:00,KFQD,26.0,72.46918634165895,1.1120530435996017,0.0,TRANSFERRED_MODEL,SCENARIO_P_IT=1_normalized,SCENARIO Table 3 midpoints,1
2012-06-22 01:00:00+00:00,KFQD,25.0,75.33941502665313,1.1120584279219503,0.0,TRANSFERRED_MODEL,SCENARIO_P_IT=1_normalized,SCENARIO Table 3 midpoints,1
2012-06-22 02:00:00+00:00,KFQD,25.0,73.8025121880607,1.1120401694270858,0.0,TRANSFERRED_MODEL,SCENARIO_P_IT=1_normalized,SCENARIO Table 3 midpoints,1
2012-06-22 03:00:00+00:00,KFQD,24.33333333333333,76.80271429864911,1.1120325487247817,0.0,TRANSFERRED_MODEL,SCENARIO_P_IT=1_normalized,SCENARIO Table 3 midpoints,1
2012-06-22 04:00:00+00:00,KFQD,23.666666666666668,79.94080302461775,1.3132370748001911,2.482340106420616,TRANSFERRED_MODEL,SCENARIO_P_IT=1_normalized,SCENARIO Table 3 midpoints,1
2012-06-22 05:00:00+00:00,KFQD,23.33333333333333,81.56373805333678,1.312946661599768,2.4815856764426862,TRANSFERRED_MODEL,SCENARIO_P_IT=1_normalized,SCENARIO Table 3 midpoints,1
2012-06-22 06:00:00+00:00,KFQD,22.666666666666668,84.92196832128572,1.3123373481353668,2.480079375800378,TRANSFERRED_MODEL,SCENARIO_P_IT=1_normalized,SCENARIO Table 3 midpoints,1
2012-06-22 07:00:00+00:00,KFQD,22.0,88.4364161279818,1.3117333955880373,2.478571483331893,TRANSFERRED_MODEL,SCENARIO_P_IT=1_normalized,SCENARIO Table 3 midpoints,1
2012-06-22 08:00:00+00:00,KFQD,22.0,88.4364161279818,1.3117465139210964,2.478570635758195,TRANSFERRED_MODEL,SCENARIO_P_IT=1_normalized,SCENARIO Table 3 midpoints,1
2012-06-22 09:00:00+00:00,KFQD,21.666666666666668,90.25472374748674,1.311448919039224,2.4778162048166115,TRANSFERRED_MODEL,SCENARIO_P_IT=1_normalized,SCENARIO Table 3 midpoints,1
2012-06-22 10:00:00+00:00,KFQD,20.33333333333333,97.9600281764217,1.3101948442459812,2.4747972795911704,TRANSFERRED_MODEL,SCENARIO_P_IT=1_normalized,SCENARIO Table 3 midpoints,1
2012-06-22 11:00:00+00:00,KFQD,22.0,84.85173081185435,1.310363918569799,2.4751614728421574,TRANSFERRED_MODEL,SCENARIO_P_IT=1_normalized,SCENARIO Table 3 midpoints,1
2012-06-22 12:00:00+00:00,KFQD,23.0,83.22381284256232,1.3126840175801482,2.480828548068912,TRANSFERRED_MODEL,SCENARIO_P_IT=1_normalized,SCENARIO Table 3 midpoints,1
2012-06-22 13:00:00+00:00,KFQD,26.0,69.54626593683008,1.11207694062404,0.0,TRANSFERRED_MODEL,SCENARIO_P_IT=1_normalized,SCENARIO Table 3 midpoints,1
2012-06-22 14:00:00+00:00,KFQD,28.0,61.83725955078121,1.1120508133245677,0.0,TRANSFERRED_MODEL,SCENARIO_P_IT=1_normalized,SCENARIO Table 3 midpoints,1
2012-06-22 15:00:00+00:00,KFQD,29.666666666666668,56.14386144189811,1.1120420383381546,0.0,TRANSFERRED_MODEL,SCENARIO_P_IT=1_normalized,SCENARIO Table 3 midpoints,1
2012-06-22 16:00:00+00:00,KFQD,30.33333333333333,51.84368745549208,1.1120638558110947,0.0,TRANSFERRED_MODEL,SCENARIO_P_IT=1_normalized,SCENARIO Table 3 midpoints,1
2012-06-22 17:00:00+00:00,KFQD,31.0,47.8717027498294,1.3173429105983359,2.492112900491909,TRANSFERRED_MODEL,SCENARIO_P_IT=1_normalized,SCENARIO Table 3 midpoints,1
2012-06-22 18:00:00+00:00,KFQD,28.0,56.91383120662453,1.1121141376093795,0.0,TRANSFERRED_MODEL,SCENARIO_P_IT=1_normalized,SCENARIO Table 3 midpoints,1
2012-06-22 19:00:00+00:00,KFQD,24.33333333333333,75.23202557578263,1.1120901607907994,0.0,TRANSFERRED_MODEL,SCENARIO_P_IT=1_normalized,SCENARIO Table 3 midpoints,1
2012-06-22 20:00:00+00:00,KFQD,23.0,83.22381284256232,1.3126500337759979,2.4808318887308753,TRANSFERRED_MODEL,SCENARIO_P_IT=1_normalized,SCENARIO Table 3 midpoints,1
2012-06-22 21:00:00+00:00,KFQD,22.666666666666668,88.49110536524981,1.3138071125220931,2.4835985147445903,TRANSFERRED_MODEL,SCENARIO_P_IT=1_normalized,SCENARIO Table 3 midpoints,1
2012-06-22 22:00:00+00:00,KFQD,23.33333333333333,90.3706029631585,1.3167457318489844,2.4905995766247977,TRANSFERRED_MODEL,SCENARIO_P_IT=1_normalized,SCENARIO Table 3 midpoints,1
2012-06-22 23:00:00+00:00,KFQD,24.33333333333333,85.0955064839892,1.3176952179518624,2.4928352046588462,TRANSFERRED_MODEL,SCENARIO_P_IT=1_normalized,SCENARIO Table 3 midpoints,1
2012-06-23 00:00:00+00:00,KFQD,23.0,88.51830793896134,1.3149025238218432,2.486150853479144,TRANSFERRED_MODEL,SCENARIO_P_IT=1_normalized,SCENARIO Table 3 midpoints,1
2012-06-23 01:00:00+00:00,KFQD,22.0,94.0625242758801,1.3139408404206863,2.4839036503431218,TRANSFERRED_MODEL,SCENARIO_P_IT=1_normalized,SCENARIO Table 3 midpoints,1
2012-06-23 02:00:00+00:00,KFQD,21.33333333333333,97.97528409920967,1.313293444587355,2.482402347337418,TRANSFERRED_MODEL,SCENARIO_P_IT=1_normalized,SCENARIO Table 3 midpoints,1
2012-06-23 03:00:00+00:00,KFQD,21.0,97.97021779585008,1.3122249777610733,2.4798401350202246,TRANSFERRED_MODEL,SCENARIO_P_IT=1_normalized,SCENARIO Table 3 midpoints,1
2012-06-23 04:00:00+00:00,KFQD,21.0,94.01875700103768,1.3107844610573611,2.476309004959865,TRANSFERRED_MODEL,SCENARIO_P_IT=1_normalized,SCENARIO Table 3 midpoints,1
2012-06-23 05:00:00+00:00,KFQD,21.0,94.01875700103768,1.3108027193489848,2.476308422974236,TRANSFERRED_MODEL,SCENARIO_P_IT=1_normalized,SCENARIO Table 3 midpoints,1
2012-06-23 06:00:00+00:00,KFQD,20.0,97.9549046707401,1.3091757606814374,2.4723163213857293,TRANSFERRED_MODEL,SCENARIO_P_IT=1_normalized,SCENARIO Table 3 midpoints,1
2012-06-23 07:00:00+00:00,KFQD,20.0,97.9549046707401,1.309185807225265,2.4723162160432692,TRANSFERRED_MODEL,SCENARIO_P_IT=1_normalized,SCENARIO Table 3 midpoints,1
2012-06-23 08:00:00+00:00,KFQD,20.0,93.97450936662143,1.3078354420040696,2.4689519487542713,TRANSFERRED_MODEL,SCENARIO_P_IT=1_normalized,SCENARIO Table 3 midpoints,1
2012-06-23 09:00:00+00:00,KFQD,19.0,95.91620246752508,1.305595821867156,2.463413051090635,TRANSFERRED_MODEL,SCENARIO_P_IT=1_normalized,SCENARIO Table 3 midpoints,1
2012-06-23 10:00:00+00:00,KFQD,18.666666666666668,95.9059958782818,1.3046288265017227,2.46106087207936,TRANSFERRED_MODEL,SCENARIO_P_IT=1_normalized,SCENARIO Table 3 midpoints,1
2012-06-23 11:00:00+00:00,KFQD,20.33333333333333,92.05745585419642,1.3081025299120748,2.469712874023891,TRANSFERRED_MODEL,SCENARIO_P_IT=1_normalized,SCENARIO Table 3 midpoints,1
2012-06-23 12:00:00+00:00,KFQD,22.666666666666668,79.80500307440595,1.3102548763555253,2.475018484486162,TRANSFERRED_MODEL,SCENARIO_P_IT=1_normalized,SCENARIO Table 3 midpoints,1
2012-06-23 13:00:00+00:00,KFQD,25.666666666666668,69.48287469189768,1.112016933410457,0.0,TRANSFERRED_MODEL,SCENARIO_P_IT=1_normalized,SCENARIO Table 3 midpoints,1
2012-06-23 14:00:00+00:00,KFQD,26.666666666666668,62.83359990912254,1.1120073717072474,0.0,TRANSFERRED_MODEL,SCENARIO_P_IT=1_normalized,SCENARIO Table 3 midpoints,1
2012-06-23 15:00:00+00:00,KFQD,28.0,58.11126126861089,1.1120002885368305,0.0,TRANSFERRED_MODEL,SCENARIO_P_IT=1_normalized,SCENARIO Table 3 midpoints,1
2012-06-23 16:00:00+00:00,KFQD,29.33333333333333,52.67667911047747,1.1119932689696999,0.0,TRANSFERRED_MODEL,SCENARIO_P_IT=1_normalized,SCENARIO Table 3 midpoints,1
2012-06-23 17:00:00+00:00,KFQD,30.666666666666668,50.86374002068005,1.1119989280279923,5.180253664077568e-16,TRANSFERRED_MODEL,SCENARIO_P_IT=1_normalized,SCENARIO Table 3 midpoints,1
2012-06-23 18:00:00+00:00,KFQD,30.666666666666668,49.81828660096304,1.112010148397733,5.176841757889023e-16,TRANSFERRED_MODEL,SCENARIO_P_IT=1_normalized,SCENARIO Table 3 midpoints,1
2012-06-23 19:00:00+00:00,KFQD,30.0,49.64507645893493,1.112019233803349,0.0,TRANSFERRED_MODEL,SCENARIO_P_IT=1_normalized,SCENARIO Table 3 midpoints,1
2012-06-23 20:00:00+00:00,KFQD,30.0,51.75880110114196,1.1120234444095622,0.0,TRANSFERRED_MODEL,SCENARIO_P_IT=1_normalized,SCENARIO Table 3 midpoints,1
2012-06-23 21:00:00+00:00,KFQD,31.0,44.02277638504844,1.314747441041178,2.4859758689245504,TRANSFERRED_MODEL,SCENARIO_P_IT=1_normalized,SCENARIO Table 3 midpoints,1
2012-06-23 22:00:00+00:00,KFQD,28.666666666666668,60.724003452208265,1.1120388630830378,0.0,TRANSFERRED_MODEL,SCENARIO_P_IT=1_normalized,SCENARIO Table 3 midpoints,1
2012-06-23 23:00:00+00:00,KFQD,26.666666666666668,68.25476472936688,1.1120256060172549,0.0,TRANSFERRED_MODEL,SCENARIO_P_IT=1_normalized,SCENARIO Table 3 midpoints,1
2012-06-24 00:00:00+00:00,KFQD,25.33333333333333,73.8587193921158,1.1120145193492361,0.0,TRANSFERRED_MODEL,SCENARIO_P_IT=1_normalized,SCENARIO Table 3 midpoints,1
2012-06-24 01:00:00+00:00,KFQD,24.666666666666668,75.28580233204954,1.111998493128178,0.0,TRANSFERRED_MODEL,SCENARIO_P_IT=1_normalized,SCENARIO Table 3 midpoints,1
2012-06-24 02:00:00+00:00,KFQD,23.33333333333333,81.56373805333678,1.3128471084515478,2.4815966282581416,TRANSFERRED_MODEL,SCENARIO_P_IT=1_normalized,SCENARIO Table 3 midpoints,1
2012-06-24 03:00:00+00:00,KFQD,23.0,83.22381284256232,1.3125338833361055,2.4808433319322245,TRANSFERRED_MODEL,SCENARIO_P_IT=1_normalized,SCENARIO Table 3 midpoints,1
2012-06-24 04:00:00+00:00,KFQD,22.666666666666668,84.92196832128572,1.3122401002208408,2.480087850037414,TRANSFERRED_MODEL,SCENARIO_P_IT=1_normalized,SCENARIO Table 3 midpoints,1
2012-06-24 05:00:00+00:00,KFQD,21.0,94.01875700103768,1.3106355743331077,2.476313761829647,TRANSFERRED_MODEL,SCENARIO_P_IT=1_normalized,SCENARIO Table 3 midpoints,1
2012-06-24 06:00:00+00:00,KFQD,21.0,94.01875700103768,1.3106454725168253,2.4763134449712156,TRANSFERRED_MODEL,SCENARIO_P_IT=1_normalized,SCENARIO Table 3 midpoints,1
2012-06-24 07:00:00+00:00,KFQD,20.666666666666668,95.96667141942416,1.3103606730972457,2.47555594380622,TRANSFERRED_MODEL,SCENARIO_P_IT=1_normalized,SCENARIO Table 3 midpoints,1
2012-06-24 08:00:00+00:00,KFQD,21.0,94.01875700103768,1.310680147144908,2.4763123356718744,TRANSFERRED_MODEL,SCENARIO_P_IT=1_normalized,SCENARIO Table 3 midpoints,1
2012-06-24 09:00:00+00:00,KFQD,20.33333333333333,93.98931237917286,1.3086844799015405,2.471382164407917,TRANSFERRED_MODEL,SCENARIO_P_IT=1_normalized,SCENARIO Table 3 midpoints,1
2012-06-24 10:00:00+00:00,KFQD,20.0,93.97450936662143,1.3076963312292966,2.4689563376262615,TRANSFERRED_MODEL,SCENARIO_P_IT=1_normalized,SCENARIO Table 3 midpoints,1
2012-06-24 11:00:00+00:00,KFQD,21.0,94.01875700103768,1.3106553746335203,2.4763131280762094,TRANSFERRED_MODEL,SCENARIO_P_IT=1_normalized,SCENARIO Table 3 midpoints,1
2012-06-24 12:00:00+00:00,KFQD,23.666666666666668,79.94080302461775,1.3131508025519532,2.4823506008934872,TRANSFERRED_MODEL,SCENARIO_P_IT=1_normalized,SCENARIO Table 3 midpoints,1
2012-06-24 13:00:00+00:00,KFQD,25.33333333333333,72.35202232726088,1.1119515099886528,0.0,TRANSFERRED_MODEL,SCENARIO_P_IT=1_normalized,SCENARIO Table 3 midpoints,1
2012-06-24 14:00:00+00:00,KFQD,27.0,68.31988395297492,1.1119384055590364,0.0,TRANSFERRED_MODEL,SCENARIO_P_IT=1_normalized,SCENARIO Table 3 midpoints,1
2012-06-24 15:00:00+00:00,KFQD,28.33333333333333,63.1973679989289,1.1119607139455687,0.0,TRANSFERRED_MODEL,SCENARIO_P_IT=1_normalized,SCENARIO Table 3 midpoints,1
2012-06-24 16:00:00+00:00,KFQD,30.0,58.58138510397075,1.3213521210523438,2.5018131546031293,TRANSFERRED_MODEL,SCENARIO_P_IT=1_normalized,SCENARIO Table 3 midpoints,1
2012-06-24 17:00:00+00:00,KFQD,29.33333333333333,59.63900228751549,1.1120114972615625,0.0,TRANSFERRED_MODEL,SCENARIO_P_IT=1_normalized,SCENARIO Table 3 midpoints,1
2012-06-24 18:00:00+00:00,KFQD,30.0,55.07749010874436,1.1120318681112702,0.0,TRANSFERRED_MODEL,SCENARIO_P_IT=1_normalized,SCENARIO Table 3 midpoints,1
2012-06-24 19:00:00+00:00,KFQD,29.666666666666668,58.50349982080788,1.1120518744648085,0.0,TRANSFERRED_MODEL,SCENARIO_P_IT=1_normalized,SCENARIO Table 3 midpoints,1
2012-06-24 20:00:00+00:00,KFQD,27.666666666666668,68.44957752713302,1.3200079000360776,2.4984170461817103,TRANSFERRED_MODEL,SCENARIO_P_IT=1_normalized,SCENARIO Table 3 midpoints,1
2012-06-24 21:00:00+00:00,KFQD,29.0,65.9764050234237,1.3228263283592618,2.5051119519455836,TRANSFERRED_MODEL,SCENARIO_P_IT=1_normalized,SCENARIO Table 3 midpoints,1
2012-06-24 22:00:00+00:00,KFQD,30.0,61.024495806822586,1.3229966415215078,2.5054412289288375,TRANSFERRED_MODEL,SCENARIO_P_IT=1_normalized,SCENARIO Table 3 midpoints,1
2012-06-24 23:00:00+00:00,KFQD,28.33333333333333,64.50671379604289,1.3199034663781628,2.498072181458195,TRANSFERRED_MODEL,SCENARIO_P_IT=1_normalized,SCENARIO Table 3 midpoints,1
2012-06-25 00:00:00+00:00,KFQD,23.666666666666668,81.60553290230573,1.3139869896703362,2.484078514550639,TRANSFERRED_MODEL,SCENARIO_P_IT=1_normalized,SCENARIO Table 3 midpoints,1
2012-06-25 01:00:00+00:00,KFQD,21.0,94.01875700103768,1.3107231445270302,2.4763109616043515,TRANSFERRED_MODEL,SCENARIO_P_IT=1_normalized,SCENARIO Table 3 midpoints,1
2012-06-25 02:00:00+00:00,KFQD,20.666666666666668,95.96667141942416,1.3104171332277823,2.4755547463558,TRANSFERRED_MODEL,SCENARIO_P_IT=1_normalized,SCENARIO Table 3 midpoints,1
2012-06-25 03:00:00+00:00,KFQD,20.0,100.0,1.3098322506515903,2.474041201340877,TRANSFERRED_MODEL,SCENARIO_P_IT=1_normalized,SCENARIO Table 3 midpoints,1
2012-06-25 04:00:00+00:00,KFQD,20.0,100.0,1.3098372874093736,2.4740412013418873,TRANSFERRED_MODEL,SCENARIO_P_IT=1_normalized,SCENARIO Table 3 midpoints,1
2012-06-25 05:00:00+00:00,KFQD,20.0,100.0,1.3098591248491032,2.474041201341529,TRANSFERRED_MODEL,SCENARIO_P_IT=1_normalized,SCENARIO Table 3 midpoints,1
2012-06-25 06:00:00+00:00,KFQD,20.0,100.0,1.3098944402077148,2.4740412013421085,TRANSFERRED_MODEL,SCENARIO_P_IT=1_normalized,SCENARIO Table 3 midpoints,1
2012-06-25 07:00:00+00:00,KFQD,19.0,100.0,1.3069359115753845,2.4666715807441646,TRANSFERRED_MODEL,SCENARIO_P_IT=1_normalized,SCENARIO Table 3 midpoints,1
2012-06-25 08:00:00+00:00,KFQD,18.666666666666668,100.0,1.3059761238834022,2.464266287301123,TRANSFERRED_MODEL,SCENARIO_P_IT=1_normalized,SCENARIO Table 3 midpoints,1
2012-06-25 09:00:00+00:00,KFQD,18.0,100.0,1.304078868883008,2.4595300753123,TRANSFERRED_MODEL,SCENARIO_P_IT=1_normalized,SCENARIO Table 3 midpoints,1
2012-06-25 10:00:00+00:00,KFQD,18.0,100.0,1.304068775449839,2.459530075312249,TRANSFERRED_MODEL,SCENARIO_P_IT=1_normalized,SCENARIO Table 3 midpoints,1
2012-06-25 11:00:00+00:00,KFQD,18.33333333333333,100.0,1.3050087012870728,2.461885920280729,TRANSFERRED_MODEL,SCENARIO_P_IT=1_normalized,SCENARIO Table 3 midpoints,1
2012-06-25 12:00:00+00:00,KFQD,19.666666666666668,100.0,1.3089142124268178,2.4715586101256712,TRANSFERRED_MODEL,SCENARIO_P_IT=1_normalized,SCENARIO Table 3 midpoints,1
2012-06-25 13:00:00+00:00,KFQD,21.0,94.01875700103768,1.3108925447473605,2.476305564082581,TRANSFERRED_MODEL,SCENARIO_P_IT=1_normalized,SCENARIO Table 3 midpoints,1
2012-06-25 14:00:00+00:00,KFQD,22.33333333333333,92.17221567209226,1.3143316761557495,2.4846503369750343,TRANSFERRED_MODEL,SCENARIO_P_IT=1_normalized,SCENARIO Table 3 midpoints,1
2012-06-25 15:00:00+00:00,KFQD,24.33333333333333,81.68871483570182,1.3162237893178306,2.48913381678915,TRANSFERRED_MODEL,SCENARIO_P_IT=1_normalized,SCENARIO Table 3 midpoints,1
2012-06-25 16:00:00+00:00,KFQD,26.33333333333333,74.02633263027377,1.3188880241492307,2.4954234462666096,TRANSFERRED_MODEL,SCENARIO_P_IT=1_normalized,SCENARIO Table 3 midpoints,1
2012-06-25 17:00:00+00:00,KFQD,28.666666666666668,63.26955683000357,1.3203542960582872,2.4987761996669007,TRANSFERRED_MODEL,SCENARIO_P_IT=1_normalized,SCENARIO Table 3 midpoints,1
2012-06-25 18:00:00+00:00,KFQD,30.0,58.58138510397075,1.3216524653221562,2.5017153872499653,TRANSFERRED_MODEL,SCENARIO_P_IT=1_normalized,SCENARIO Table 3 midpoints,1
2012-06-25 19:00:00+00:00,KFQD,30.666666666666668,55.2405874179568,1.1122911643270723,5.194228080822324e-16,TRANSFERRED_MODEL,SCENARIO_P_IT=1_normalized,SCENARIO Table 3 midpoints,1
2012-06-25 20:00:00+00:00,KFQD,31.0,53.09607119314196,1.3210148424912804,2.5003601751012248,TRANSFERRED_MODEL,SCENARIO_P_IT=1_normalized,SCENARIO Table 3 midpoints,1
2012-06-25 21:00:00+00:00,KFQD,31.0,54.1989479598092,1.321768060300049,2.5021085060188817,TRANSFERRED_MODEL,SCENARIO_P_IT=1_normalized,SCENARIO Table 3 midpoints,1
2012-06-25 22:00:00+00:00,KFQD,29.666666666666668,60.94965369892679,1.3221721954181218,2.502776084640691,TRANSFERRED_MODEL,SCENARIO_P_IT=1_normalized,SCENARIO Table 3 midpoints,1
2012-06-25 23:00:00+00:00,KFQD,28.666666666666668,63.26955683000357,1.3204740595254782,2.498743864082096,TRANSFERRED_MODEL,SCENARIO_P_IT=1_normalized,SCENARIO Table 3 midpoints,1
2012-06-26 00:00:00+00:00,KFQD,25.666666666666668,70.93353306345746,1.1123433838072199,0.0,TRANSFERRED_MODEL,SCENARIO_P_IT=1_normalized,SCENARIO Table 3 midpoints,1
2012-06-26 01:00:00+00:00,KFQD,23.666666666666668,79.94080302461775,1.3135869792134534,2.4822978219121064,TRANSFERRED_MODEL,SCENARIO_P_IT=1_normalized,SCENARIO Table 3 midpoints,1
2012-06-26 02:00:00+00:00,KFQD,23.666666666666668,85.02644107891732,1.3157493415340462,2.4876277774155366,TRANSFERRED_MODEL,SCENARIO_P_IT=1_normalized,SCENARIO Table 3 midpoints,1
2012-06-26 03:00:00+00:00,KFQD,23.0,88.51830793896134,1.3151254793377947,2.48613635662234,TRANSFERRED_MODEL,SCENARIO_P_IT=1_normalized,SCENARIO Table 3 midpoints,1
2012-06-26 04:00:00+00:00,KFQD,23.0,71.93645255101421,1.1123280615136004,0.0,TRANSFERRED_MODEL,SCENARIO_P_IT=1_normalized,SCENARIO Table 3 midpoints,1
2012-06-26 05:00:00+00:00,KFQD,23.33333333333333,64.79128227472066,1.1122977966991872,0.0,TRANSFERRED_MODEL,SCENARIO_P_IT=1_normalized,SCENARIO Table 3 midpoints,1
2012-06-26 06:00:00+00:00,KFQD,21.666666666666668,74.7958312965776,1.1122771888585203,0.0,TRANSFERRED_MODEL,SCENARIO_P_IT=1_normalized,SCENARIO Table 3 midpoints,1
2012-06-26 07:00:00+00:00,KFQD,21.0,74.68509866466813,1.1122426204181344,0.0,TRANSFERRED_MODEL,SCENARIO_P_IT=1_normalized,SCENARIO Table 3 midpoints,1
2012-06-26 08:00:00+00:00,KFQD,20.666666666666668,65.61917229029464,1.1122345671166933,0.0,TRANSFERRED_MODEL,SCENARIO_P_IT=1_normalized,SCENARIO Table 3 midpoints,1
2012-06-26 09:00:00+00:00,KFQD,19.33333333333333,65.33441777657858,1.1122321391547425,0.0,TRANSFERRED_MODEL,SCENARIO_P_IT=1_normalized,SCENARIO Table 3 midpoints,1
2012-06-26 10:00:00+00:00,KFQD,17.666666666666668,72.5220693331468,1.112217533536352,0.0,TRANSFERRED_MODEL,SCENARIO_P_IT=1_normalized,SCENARIO Table 3 midpoints,1
2012-06-26 11:00:00+00:00,KFQD,19.0,61.09802666061944,1.112201487030814,0.0,TRANSFERRED_MODEL,SCENARIO_P_IT=1_normalized,SCENARIO Table 3 midpoints,1
2012-06-26 12:00:00+00:00,KFQD,20.666666666666668,53.89662237380979,1.1121582439930413,0.0,TRANSFERRED_MODEL,SCENARIO_P_IT=1_normalized,SCENARIO Table 3 midpoints,1
2012-06-26 13:00:00+00:00,KFQD,22.33333333333333,48.66936167676257,1.1121363122511752,0.0,TRANSFERRED_MODEL,SCENARIO_P_IT=1_normalized,SCENARIO Table 3 midpoints,1
2012-06-26 14:00:00+00:00,KFQD,22.666666666666668,47.693716893118825,1.1121429372157678,0.0,TRANSFERRED_MODEL,SCENARIO_P_IT=1_normalized,SCENARIO Table 3 midpoints,1
2012-06-26 15:00:00+00:00,KFQD,23.666666666666668,45.89926775632964,1.112137456963141,0.0,TRANSFERRED_MODEL,SCENARIO_P_IT=1_normalized,SCENARIO Table 3 midpoints,1
2012-06-26 16:00:00+00:00,KFQD,25.33333333333333,40.63420735216359,1.1121467410541952,0.0,TRANSFERRED_MODEL,SCENARIO_P_IT=1_normalized,SCENARIO Table 3 midpoints,1
2012-06-26 17:00:00+00:00,KFQD,26.0,39.05844369993647,1.1121671458717652,0.0,TRANSFERRED_MODEL,SCENARIO_P_IT=1_normalized,SCENARIO Table 3 midpoints,1
2012-06-26 18:00:00+00:00,KFQD,26.33333333333333,40.02446520527731,1.1121950347388205,0.0,TRANSFERRED_MODEL,SCENARIO_P_IT=1_normalized,SCENARIO Table 3 midpoints,1
2012-06-26 19:00:00+00:00,KFQD,26.666666666666668,38.39008962430264,1.1122017334294585,0.0,TRANSFERRED_MODEL,SCENARIO_P_IT=1_normalized,SCENARIO Table 3 midpoints,1
2012-06-26 20:00:00+00:00,KFQD,26.666666666666668,37.55112850064249,1.1122229662967462,0.0,TRANSFERRED_MODEL,SCENARIO_P_IT=1_normalized,SCENARIO Table 3 midpoints,1
2012-06-26 21:00:00+00:00,KFQD,26.0,41.728049158235045,1.1122265499948307,0.0,TRANSFERRED_MODEL,SCENARIO_P_IT=1_normalized,SCENARIO Table 3 midpoints,1
2012-06-26 22:00:00+00:00,KFQD,26.0,41.728049158235045,1.1122208853705697,0.0,TRANSFERRED_MODEL,SCENARIO_P_IT=1_normalized,SCENARIO Table 3 midpoints,1
2012-06-26 23:00:00+00:00,KFQD,25.0,44.281814632318536,1.1122149646273802,0.0,TRANSFERRED_MODEL,SCENARIO_P_IT=1_normalized,SCENARIO Table 3 midpoints,1
2012-06-27 00:00:00+00:00,KFQD,23.33333333333333,48.93858246984087,1.1122113163528122,0.0,TRANSFERRED_MODEL,SCENARIO_P_IT=1_normalized,SCENARIO Table 3 midpoints,1
2012-06-27 01:00:00+00:00,KFQD,22.0,53.062217933001484,1.1121833124421856,0.0,TRANSFERRED_MODEL,SCENARIO_P_IT=1_normalized,SCENARIO Table 3 midpoints,1
2012-06-27 02:00:00+00:00,KFQD,19.33333333333333,71.26573118143124,1.1121614805645725,0.0,TRANSFERRED_MODEL,SCENARIO_P_IT=1_normalized,SCENARIO Table 3 midpoints,1
2012-06-27 03:00:00+00:00,KFQD,17.333333333333332,80.78750129297461,1.2966895956566313,2.4408617372960677,TRANSFERRED_MODEL,SCENARIO_P_IT=1_normalized,SCENARIO Table 3 midpoints,1
2012-06-27 04:00:00+00:00,KFQD,17.0,79.01009273682972,1.2953901525275273,2.437558421275036,TRANSFERRED_MODEL,SCENARIO_P_IT=1_normalized,SCENARIO Table 3 midpoints,1
2012-06-27 05:00:00+00:00,KFQD,15.333333333333334,85.97725772454716,1.2933605719490873,2.432406880066338,TRANSFERRED_MODEL,SCENARIO_P_IT=1_normalized,SCENARIO Table 3 midpoints,1
2012-06-27 06:00:00+00:00,KFQD,16.0,82.38595162827323,1.293988858818539,2.433977367805097,TRANSFERRED_MODEL,SCENARIO_P_IT=1_normalized,SCENARIO Table 3 midpoints,1
2012-06-27 07:00:00+00:00,KFQD,14.0,89.6943373065444,1.2912118049282553,2.4268444697390037,TRANSFERRED_MODEL,SCENARIO_P_IT=1_normalized,SCENARIO Table 3 midpoints,1
2012-06-27 08:00:00+00:00,KFQD,14.333333333333334,87.77916421664472,1.291519583193429,2.427635236819385,TRANSFERRED_MODEL,SCENARIO_P_IT=1_normalized,SCENARIO Table 3 midpoints,1
2012-06-27 09:00:00+00:00,KFQD,15.0,78.7188669327694,1.2907869549423356,2.425768710873846,TRANSFERRED_MODEL,SCENARIO_P_IT=1_normalized,SCENARIO Table 3 midpoints,1
2012-06-27 10:00:00+00:00,KFQD,15.0,76.99857740749144,1.1121059266887305,0.0,TRANSFERRED_MODEL,SCENARIO_P_IT=1_normalized,SCENARIO Table 3 midpoints,1
2012-06-27 11:00:00+00:00,KFQD,16.333333333333332,73.8905353015635,1.1120729466950392,0.0,TRANSFERRED_MODEL,SCENARIO_P_IT=1_normalized,SCENARIO Table 3 midpoints,1
2012-06-27 12:00:00+00:00,KFQD,19.33333333333333,62.53522164522346,1.1120222601357441,0.0,TRANSFERRED_MODEL,SCENARIO_P_IT=1_normalized,SCENARIO Table 3 midpoints,1
2012-06-27 13:00:00+00:00,KFQD,21.666666666666668,48.48897974465425,1.1119910683869614,0.0,TRANSFERRED_MODEL,SCENARIO_P_IT=1_normalized,SCENARIO Table 3 midpoints,1
2012-06-27 14:00:00+00:00,KFQD,23.0,41.81458842981173,1.1119641574909398,0.0,TRANSFERRED_MODEL,SCENARIO_P_IT=1_normalized,SCENARIO Table 3 midpoints,1
2012-06-27 15:00:00+00:00,KFQD,24.666666666666668,39.55615851959984,1.1119425223146826,0.0,TRANSFERRED_MODEL,SCENARIO_P_IT=1_normalized,SCENARIO Table 3 midpoints,1
2012-06-27 16:00:00+00:00,KFQD,25.666666666666668,37.2694185530242,1.111937140573973,0.0,TRANSFERRED_MODEL,SCENARIO_P_IT=1_normalized,SCENARIO Table 3 midpoints,1
2012-06-27 17:00:00+00:00,KFQD,26.0,39.05844369993647,1.1119479333348745,0.0,TRANSFERRED_MODEL,SCENARIO_P_IT=1_normalized,SCENARIO Table 3 midpoints,1
2012-06-27 18:00:00+00:00,KFQD,26.666666666666668,39.24552490273122,1.111969550108872,0.0,TRANSFERRED_MODEL,SCENARIO_P_IT=1_normalized,SCENARIO Table 3 midpoints,1
2012-06-27 19:00:00+00:00,KFQD,27.33333333333333,38.57700313900714,1.1119786023724498,0.0,TRANSFERRED_MODEL,SCENARIO_P_IT=1_normalized,SCENARIO Table 3 midpoints,1
2012-06-27 20:00:00+00:00,KFQD,28.0,37.102613225695066,1.1119890770116256,0.0,TRANSFERRED_MODEL,SCENARIO_P_IT=1_normalized,SCENARIO Table 3 midpoints,1
2012-06-27 21:00:00+00:00,KFQD,28.0,38.76339715948742,1.1120002885368305,0.0,TRANSFERRED_MODEL,SCENARIO_P_IT=1_normalized,SCENARIO Table 3 midpoints,1
2012-06-27 22:00:00+00:00,KFQD,27.33333333333333,41.19242376790652,1.1120164431649653,0.0,TRANSFERRED_MODEL,SCENARIO_P_IT=1_normalized,SCENARIO Table 3 midpoints,1
2012-06-27 23:00:00+00:00,KFQD,26.666666666666668,46.71601355109232,1.112019993803011,0.0,TRANSFERRED_MODEL,SCENARIO_P_IT=1_normalized,SCENARIO Table 3 midpoints,1
2012-06-28 00:00:00+00:00,KFQD,24.0,59.64834107555793,1.1120161230346384,0.0,TRANSFERRED_MODEL,SCENARIO_P_IT=1_normalized,SCENARIO Table 3 midpoints,1
2012-06-28 01:00:00+00:00,KFQD,23.0,63.355496047080486,1.1120019519901059,0.0,TRANSFERRED_MODEL,SCENARIO_P_IT=1_normalized,SCENARIO Table 3 midpoints,1
2012-06-28 02:00:00+00:00,KFQD,21.0,73.11466043664565,1.111990554608783,0.0,TRANSFERRED_MODEL,SCENARIO_P_IT=1_normalized,SCENARIO Table 3 midpoints,1
2012-06-28 03:00:00+00:00,KFQD,19.0,82.75226606225803,1.301239386516506,2.4528596537690013,TRANSFERRED_MODEL,SCENARIO_P_IT=1_normalized,SCENARIO Table 3 midpoints,1
2012-06-28 04:00:00+00:00,KFQD,17.333333333333332,91.88059982795733,1.2996788661111678,2.4489931426072267,TRANSFERRED_MODEL,SCENARIO_P_IT=1_normalized,SCENARIO Table 3 midpoints,1
2012-06-28 05:00:00+00:00,KFQD,16.333333333333332,97.897253593955,1.2987670566099474,2.4466653234615783,TRANSFERRED_MODEL,SCENARIO_P_IT=1_normalized,SCENARIO Table 3 midpoints,1
2012-06-28 06:00:00+00:00,KFQD,16.0,95.82295808063604,1.2973796403015283,2.4430799462566175,TRANSFERRED_MODEL,SCENARIO_P_IT=1_normalized,SCENARIO Table 3 midpoints,1
2012-06-28 07:00:00+00:00,KFQD,15.666666666666666,93.77704615057306,1.2960191774636372,2.439585795101526,TRANSFERRED_MODEL,SCENARIO_P_IT=1_normalized,SCENARIO Table 3 midpoints,1
2012-06-28 08:00:00+00:00,KFQD,15.0,93.7458173532038,1.2943703073462678,2.4353959082937457,TRANSFERRED_MODEL,SCENARIO_P_IT=1_normalized,SCENARIO Table 3 midpoints,1
2012-06-28 09:00:00+00:00,KFQD,14.333333333333334,91.69786504788212,1.2922813060850904,2.430050581675585,TRANSFERRED_MODEL,SCENARIO_P_IT=1_normalized,SCENARIO Table 3 midpoints,1
2012-06-28 10:00:00+00:00,KFQD,14.666666666666666,89.7449229398978,1.2925574132833435,2.43084180722194,TRANSFERRED_MODEL,SCENARIO_P_IT=1_normalized,SCENARIO Table 3 midpoints,1
2012-06-28 11:00:00+00:00,KFQD,15.333333333333334,87.86794873587236,1.2936201450995206,2.4336536894233896,TRANSFERRED_MODEL,SCENARIO_P_IT=1_normalized,SCENARIO Table 3 midpoints,1
2012-06-28 12:00:00+00:00,KFQD,18.33333333333333,80.92009306915743,1.2989163478227372,2.4471680103702593,TRANSFERRED_MODEL,SCENARIO_P_IT=1_normalized,SCENARIO Table 3 midpoints,1
2012-06-28 13:00:00+00:00,KFQD,22.0,67.32367601342176,1.1119319076919707,0.0,TRANSFERRED_MODEL,SCENARIO_P_IT=1_normalized,SCENARIO Table 3 midpoints,1
2012-06-28 14:00:00+00:00,KFQD,25.0,53.83064226424435,1.1119211699863294,0.0,TRANSFERRED_MODEL,SCENARIO_P_IT=1_normalized,SCENARIO Table 3 midpoints,1
2012-06-28 15:00:00+00:00,KFQD,26.666666666666668,49.82432354271344,1.111917829122632,0.0,TRANSFERRED_MODEL,SCENARIO_P_IT=1_normalized,SCENARIO Table 3 midpoints,1
2012-06-28 16:00:00+00:00,KFQD,28.33333333333333,43.29648689503394,1.1119187770785108,0.0,TRANSFERRED_MODEL,SCENARIO_P_IT=1_normalized,SCENARIO Table 3 midpoints,1
2012-06-28 17:00:00+00:00,KFQD,30.666666666666668,34.71112931049655,1.1119289339957352,5.127357950808409e-16,TRANSFERRED_MODEL,SCENARIO_P_IT=1_normalized,SCENARIO Table 3 midpoints,1
2012-06-28 18:00:00+00:00,KFQD,31.666666666666668,32.08335236249117,1.308281320070721,2.4702588277314597,TRANSFERRED_MODEL,SCENARIO_P_IT=1_normalized,SCENARIO Table 3 midpoints,1
2012-06-28 19:00:00+00:00,KFQD,32.0,37.408122936179375,1.3127222404943926,2.48113807892455,TRANSFERRED_MODEL,SCENARIO_P_IT=1_normalized,SCENARIO Table 3 midpoints,1
2012-06-28 20:00:00+00:00,KFQD,33.0,38.488718673594086,1.3160014419366701,2.488993234205082,TRANSFERRED_MODEL,SCENARIO_P_IT=1_normalized,SCENARIO Table 3 midpoints,1
2012-06-28 21:00:00+00:00,KFQD,32.333333333333336,39.96217942321338,1.3153937438025152,2.487490284918574,TRANSFERRED_MODEL,SCENARIO_P_IT=1_normalized,SCENARIO Table 3 midpoints,1
2012-06-28 22:00:00+00:00,KFQD,31.666666666666668,43.28506010229923,1.3159961836825338,2.4889657362056314,TRANSFERRED_MODEL,SCENARIO_P_IT=1_normalized,SCENARIO Table 3 midpoints,1
2012-06-28 23:00:00+00:00,KFQD,30.33333333333333,44.77893547481005,1.112059637068644,0.0,TRANSFERRED_MODEL,SCENARIO_P_IT=1_normalized,SCENARIO Table 3 midpoints,1
2012-06-29 00:00:00+00:00,KFQD,28.666666666666668,49.296575354585606,1.1120683770301973,0.0,TRANSFERRED_MODEL,SCENARIO_P_IT=1_normalized,SCENARIO Table 3 midpoints,1
2012-06-29 01:00:00+00:00,KFQD,27.0,55.492423508747045,1.1120772158692507,0.0,TRANSFERRED_MODEL,SCENARIO_P_IT=1_normalized,SCENARIO Table 3 midpoints,1
2012-06-29 02:00:00+00:00,KFQD,25.0,65.14551045571683,1.1120710775547313,0.0,TRANSFERRED_MODEL,SCENARIO_P_IT=1_normalized,SCENARIO Table 3 midpoints,1
2012-06-29 03:00:00+00:00,KFQD,22.33333333333333,76.49408934802871,1.1120912479754768,0.0,TRANSFERRED_MODEL,SCENARIO_P_IT=1_normalized,SCENARIO Table 3 midpoints,1
2012-06-29 04:00:00+00:00,KFQD,21.0,82.9903987771767,1.3068193788288267,2.4663998016772837,TRANSFERRED_MODEL,SCENARIO_P_IT=1_normalized,SCENARIO Table 3 midpoints,1
2012-06-29 05:00:00+00:00,KFQD,20.0,88.27004464253949,1.305895125110504,2.4641143180542855,TRANSFERRED_MODEL,SCENARIO_P_IT=1_normalized,SCENARIO Table 3 midpoints,1
2012-06-29 06:00:00+00:00,KFQD,19.0,91.01786192632804,1.3040595172615388,2.4594911470776593,TRANSFERRED_MODEL,SCENARIO_P_IT=1_normalized,SCENARIO Table 3 midpoints,1
2012-06-29 07:00:00+00:00,KFQD,18.33333333333333,91.9401926412852,1.3025423682295532,2.4556822870442003,TRANSFERRED_MODEL,SCENARIO_P_IT=1_normalized,SCENARIO Table 3 midpoints,1
2012-06-29 08:00:00+00:00,KFQD,17.666666666666668,95.87514716396385,1.3019215478239305,2.4541452160203545,TRANSFERRED_MODEL,SCENARIO_P_IT=1_normalized,SCENARIO Table 3 midpoints,1
2012-06-29 09:00:00+00:00,KFQD,17.666666666666668,89.96810098182063,1.3001913314421392,2.449757475317437,TRANSFERRED_MODEL,SCENARIO_P_IT=1_normalized,SCENARIO Table 3 midpoints,1
2012-06-29 10:00:00+00:00,KFQD,17.666666666666668,89.96810098182063,1.3001748658259267,2.449758314481365,TRANSFERRED_MODEL,SCENARIO_P_IT=1_normalized,SCENARIO Table 3 midpoints,1
2012-06-29 11:00:00+00:00,KFQD,19.666666666666668,84.60212387425233,1.303750458906416,2.4587522235332595,TRANSFERRED_MODEL,SCENARIO_P_IT=1_normalized,SCENARIO Table 3 midpoints,1
2012-06-29 12:00:00+00:00,KFQD,23.33333333333333,75.06970480049844,1.1121012401646642,0.0,TRANSFERRED_MODEL,SCENARIO_P_IT=1_normalized,SCENARIO Table 3 midpoints,1
2012-06-29 15:00:00+00:00,KFQD,30.666666666666668,57.55031209350419,1.3228173842355,2.5050812057427647,TRANSFERRED_MODEL,SCENARIO_P_IT=1_normalized,SCENARIO Table 3 midpoints,1
2012-06-29 16:00:00+00:00,KFQD,33.0,40.14462539261757,1.3172619911134669,2.4919363391004756,TRANSFERRED_MODEL,SCENARIO_P_IT=1_normalized,SCENARIO Table 3 midpoints,1
2012-06-29 17:00:00+00:00,KFQD,34.0,37.16771016392752,1.317589339922742,2.4926673346623445,TRANSFERRED_MODEL,SCENARIO_P_IT=1_normalized,SCENARIO Table 3 midpoints,1
2012-06-29 18:00:00+00:00,KFQD,34.666666666666664,38.140069600631584,1.3201171174697297,2.498701009124308,TRANSFERRED_MODEL,SCENARIO_P_IT=1_normalized,SCENARIO Table 3 midpoints,1
2012-06-29 19:00:00+00:00,KFQD,35.666666666666664,36.08658119508283,1.3210746097370958,2.500905423472488,TRANSFERRED_MODEL,SCENARIO_P_IT=1_normalized,SCENARIO Table 3 midpoints,1
2012-06-29 20:00:00+00:00,KFQD,36.0,36.938574618730286,1.322722068658205,2.504802801565557,TRANSFERRED_MODEL,SCENARIO_P_IT=1_normalized,SCENARIO Table 3 midpoints,1
2012-06-29 21:00:00+00:00,KFQD,36.0,39.3070151338831,1.3248236408510239,2.509752454378705,TRANSFERRED_MODEL,SCENARIO_P_IT=1_normalized,SCENARIO Table 3 midpoints,1
2012-06-29 22:00:00+00:00,KFQD,34.0,43.913663069278805,1.3229850433565264,2.505321060774259,TRANSFERRED_MODEL,SCENARIO_P_IT=1_normalized,SCENARIO Table 3 midpoints,1
2012-06-29 23:00:00+00:00,KFQD,33.5,46.57565791093278,1.3235955824873997,2.506809061770712,TRANSFERRED_MODEL,SCENARIO_P_IT=1_normalized,SCENARIO Table 3 midpoints,1
2012-06-30 00:00:00+00:00,KFQD,31.5,58.04050431382859,1.3257350033408097,2.5120295966954367,TRANSFERRED_MODEL,SCENARIO_P_IT=1_normalized,SCENARIO Table 3 midpoints,1
2012-06-30 01:00:00+00:00,KFQD,27.33333333333333,75.71016109252284,1.3229626851762002,2.5052692647245975,TRANSFERRED_MODEL,SCENARIO_P_IT=1_normalized,SCENARIO Table 3 midpoints,1
2012-06-30 02:00:00+00:00,KFQD,26.666666666666668,80.34045122052301,1.3231301195878888,2.5057838639437158,TRANSFERRED_MODEL,SCENARIO_P_IT=1_normalized,SCENARIO Table 3 midpoints,1
2012-06-30 03:00:00+00:00,KFQD,25.666666666666668,81.85346323527149,1.3205319536745954,2.499624774276368,TRANSFERRED_MODEL,SCENARIO_P_IT=1_normalized,SCENARIO Table 3 midpoints,1
2012-06-30 04:00:00+00:00,KFQD,24.0,86.81439471964201,1.3173803541573383,2.4920903933665284,TRANSFERRED_MODEL,SCENARIO_P_IT=1_normalized,SCENARIO Table 3 midpoints,1
2012-06-30 05:00:00+00:00,KFQD,24.33333333333333,80.03061183916797,1.315453790249477,2.4873350297071544,TRANSFERRED_MODEL,SCENARIO_P_IT=1_normalized,SCENARIO Table 3 midpoints,1
2012-06-30 06:00:00+00:00,KFQD,23.666666666666668,79.94080302461775,1.3133960661419297,2.4823208376689743,TRANSFERRED_MODEL,SCENARIO_P_IT=1_normalized,SCENARIO Table 3 midpoints,1
2012-06-30 07:00:00+00:00,KFQD,23.0,83.22381284256232,1.3127667510445762,2.480820429258499,TRANSFERRED_MODEL,SCENARIO_P_IT=1_normalized,SCENARIO Table 3 midpoints,1
2012-06-30 08:00:00+00:00,KFQD,22.0,88.4364161279818,1.3118122112314548,2.478566395852576,TRANSFERRED_MODEL,SCENARIO_P_IT=1_normalized,SCENARIO Table 3 midpoints,1
2012-06-30 09:00:00+00:00,KFQD,21.666666666666668,90.25472374748674,1.3114835539751228,2.4778143505727495,TRANSFERRED_MODEL,SCENARIO_P_IT=1_normalized,SCENARIO Table 3 midpoints,1
2012-06-30 10:00:00+00:00,KFQD,21.33333333333333,92.11514427831229,1.3111548087548546,2.477061446720423,TRANSFERRED_MODEL,SCENARIO_P_IT=1_normalized,SCENARIO Table 3 midpoints,1
2012-06-30 11:00:00+00:00,KFQD,21.666666666666668,92.13423620595734,1.312143117369492,2.4795661878263293,TRANSFERRED_MODEL,SCENARIO_P_IT=1_normalized,SCENARIO Table 3 midpoints,1
2012-06-30 12:00:00+00:00,KFQD,24.0,81.64719164304192,1.315029749539048,2.4865998880423112,TRANSFERRED_MODEL,SCENARIO_P_IT=1_normalized,SCENARIO Table 3 midpoints,1
2012-06-30 13:00:00+00:00,KFQD,25.666666666666668,75.44615066829118,1.3173161783778047,2.4921390812090545,TRANSFERRED_MODEL,SCENARIO_P_IT=1_normalized,SCENARIO Table 3 midpoints,1
2012-06-30 14:00:00+00:00,KFQD,29.0,60.79940799216661,1.1120371084449108,0.0,TRANSFERRED_MODEL,SCENARIO_P_IT=1_normalized,SCENARIO Table 3 midpoints,1
2012-06-30 15:00:00+00:00,KFQD,30.33333333333333,55.15913048320179,1.1120301291496766,0.0,TRANSFERRED_MODEL,SCENARIO_P_IT=1_normalized,SCENARIO Table 3 midpoints,1
2012-06-30 16:00:00+00:00,KFQD,31.33333333333333,47.95942988978452,1.318273932197448,2.4944867105758703,TRANSFERRED_MODEL,SCENARIO_P_IT=1_normalized,SCENARIO Table 3 midpoints,1
2012-06-30 17:00:00+00:00,KFQD,32.666666666666664,48.308671323097,1.3223261517654739,2.504155949386998,TRANSFERRED_MODEL,SCENARIO_P_IT=1_normalized,SCENARIO Table 3 midpoints,1
2012-06-30 18:00:00+00:00,KFQD,34.333333333333336,44.00286604201352,1.3239088380389181,2.507832965629307,TRANSFERRED_MODEL,SCENARIO_P_IT=1_normalized,SCENARIO Table 3 midpoints,1
2012-06-30 19:00:00+00:00,KFQD,35.0,43.284049241261656,1.3252901388400709,2.5110361349970254,TRANSFERRED_MODEL,SCENARIO_P_IT=1_normalized,SCENARIO Table 3 midpoints,1
2012-06-30 20:00:00+00:00,KFQD,36.0,40.12556536130522,1.3255291569550853,2.5114745371461886,TRANSFERRED_MODEL,SCENARIO_P_IT=1_normalized,SCENARIO Table 3 midpoints,1
2012-06-30 21:00:00+00:00,KFQD,36.0,40.95902728780811,1.3262642929951203,2.5132162223363173,TRANSFERRED_MODEL,SCENARIO_P_IT=1_normalized,SCENARIO Table 3 midpoints,1
2012-06-30 22:00:00+00:00,KFQD,35.333333333333336,43.37324525517298,1.3263854282507324,2.51352437412977,TRANSFERRED_MODEL,SCENARIO_P_IT=1_normalized,SCENARIO Table 3 midpoints,1
2012-06-30 23:00:00+00:00,KFQD,34.0,52.76574284376031,1.3298874498906925,2.521930591051326,TRANSFERRED_MODEL,SCENARIO_P_IT=1_normalized,SCENARIO Table 3 midpoints,1
2012-07-01 00:00:00+00:00,KFQD,31.33333333333333,67.78769422300158,1.3317442008028981,2.5264768433457387,TRANSFERRED_MODEL,SCENARIO_P_IT=1_normalized,SCENARIO Table 3 midpoints,1
2012-07-01 01:00:00+00:00,KFQD,28.666666666666668,80.60057730833944,1.330275316352985,2.522823269926005,TRANSFERRED_MODEL,SCENARIO_P_IT=1_normalized,SCENARIO Table 3 midpoints,1
2012-07-01 02:00:00+00:00,KFQD,27.666666666666668,85.43398487079416,1.3293049637273544,2.520627976034694,TRANSFERRED_MODEL,SCENARIO_P_IT=1_normalized,SCENARIO Table 3 midpoints,1
2012-07-01 03:00:00+00:00,KFQD,26.666666666666668,90.59635611083536,1.3283458780230195,2.5184272634355676,TRANSFERRED_MODEL,SCENARIO_P_IT=1_normalized,SCENARIO Table 3 midpoints,1
2012-07-01 04:00:00+00:00,KFQD,26.33333333333333,83.6026704192114,1.323585242994521,2.5070736958499915,TRANSFERRED_MODEL,SCENARIO_P_IT=1_normalized,SCENARIO Table 3 midpoints,1
2012-07-01 05:00:00+00:00,KFQD,24.75,90.01253086391976,1.3212550390642739,2.501537054796453,TRANSFERRED_MODEL,SCENARIO_P_IT=1_normalized,SCENARIO Table 3 midpoints,1
2012-07-01 06:00:00+00:00,KFQD,23.0,96.0357818172345,1.3179864397647048,2.493682292444121,TRANSFERRED_MODEL,SCENARIO_P_IT=1_normalized,SCENARIO Table 3 midpoints,1
2012-07-01 07:00:00+00:00,KFQD,23.0,94.10581804007526,1.3171914637220483,2.4917522719785707,TRANSFERRED_MODEL,SCENARIO_P_IT=1_normalized,SCENARIO Table 3 midpoints,1
2012-07-01 08:00:00+00:00,KFQD,22.33333333333333,92.17221567209226,1.314265294319241,2.4846531955161897,TRANSFERRED_MODEL,SCENARIO_P_IT=1_normalized,SCENARIO Table 3 midpoints,1
2012-07-01 09:00:00+00:00,KFQD,22.33333333333333,92.17221567209226,1.3142421024935351,2.4846541954847217,TRANSFERRED_MODEL,SCENARIO_P_IT=1_normalized,SCENARIO Table 3 midpoints,1
2012-07-01 10:00:00+00:00,KFQD,22.33333333333333,88.46380823732252,1.3127404606289828,2.481072881030877,TRANSFERRED_MODEL,SCENARIO_P_IT=1_normalized,SCENARIO Table 3 midpoints,1
2012-07-01 11:00:00+00:00,KFQD,23.666666666666668,85.02644107891732,1.315427452407009,2.4876559868324817,TRANSFERRED_MODEL,SCENARIO_P_IT=1_normalized,SCENARIO Table 3 midpoints,1
2012-07-01 12:00:00+00:00,KFQD,25.33333333333333,76.95488074412887,1.3169693273751486,2.4913978080605617,TRANSFERRED_MODEL,SCENARIO_P_IT=1_normalized,SCENARIO Table 3 midpoints,1
2012-07-01 13:00:00+00:00,KFQD,29.33333333333333,63.41337382319183,1.3222475026926919,2.5039981122221175,TRANSFERRED_MODEL,SCENARIO_P_IT=1_normalized,SCENARIO Table 3 midpoints,1
2012-07-01 14:00:00+00:00,KFQD,32.0,56.70413076430732,1.3261816887399718,2.513691301680725,TRANSFERRED_MODEL,SCENARIO_P_IT=1_normalized,SCENARIO Table 3 midpoints,1
2012-07-01 15:00:00+00:00,KFQD,34.0,51.71060437876335,1.3288761251676524,2.5200389832498913,TRANSFERRED_MODEL,SCENARIO_P_IT=1_normalized,SCENARIO Table 3 midpoints,1
2012-07-01 16:00:00+00:00,KFQD,35.333333333333336,46.11107940072041,1.3284968291503403,2.5191484822691868,TRANSFERRED_MODEL,SCENARIO_P_IT=1_normalized,SCENARIO Table 3 midpoints,1
2012-07-01 17:00:00+00:00,KFQD,36.66666666666666,37.11983226212385,1.3245692409569345,2.5096584703914595,TRANSFERRED_MODEL,SCENARIO_P_IT=1_normalized,SCENARIO Table 3 midpoints,1
2012-07-01 18:00:00+00:00,KFQD,36.66666666666666,34.87766529338477,1.3225560541130614,2.5047702693716096,TRANSFERRED_MODEL,SCENARIO_P_IT=1_normalized,SCENARIO Table 3 midpoints,1
2012-07-01 19:00:00+00:00,KFQD,37.0,34.968188412155946,1.3235713772009716,2.507076595622596,TRANSFERRED_MODEL,SCENARIO_P_IT=1_normalized,SCENARIO Table 3 midpoints,1
2012-07-01 20:00:00+00:00,KFQD,37.0,33.89227876632347,1.3226019837682057,2.504674341646582,TRANSFERRED_MODEL,SCENARIO_P_IT=1_normalized,SCENARIO Table 3 midpoints,1
2012-07-01 21:00:00+00:00,KFQD,35.666666666666664,35.33922677668678,1.3204103229487796,2.4993774373458733,TRANSFERRED_MODEL,SCENARIO_P_IT=1_normalized,SCENARIO Table 3 midpoints,1
2012-07-01 22:00:00+00:00,KFQD,29.33333333333333,52.130093566460765,1.1120451903973103,0.0,TRANSFERRED_MODEL,SCENARIO_P_IT=1_normalized,SCENARIO Table 3 midpoints,1
2012-07-01 23:00:00+00:00,KFQD,26.666666666666668,61.53886219750713,1.1120972911533193,0.0,TRANSFERRED_MODEL,SCENARIO_P_IT=1_normalized,SCENARIO Table 3 midpoints,1
2012-07-02 00:00:00+00:00,KFQD,26.0,64.00905326875477,1.112023560563463,0.0,TRANSFERRED_MODEL,SCENARIO_P_IT=1_normalized,SCENARIO Table 3 midpoints,1
2012-07-02 01:00:00+00:00,KFQD,25.0,65.14551045571683,1.111950508204959,0.0,TRANSFERRED_MODEL,SCENARIO_P_IT=1_normalized,SCENARIO Table 3 midpoints,1
2012-07-02 02:00:00+00:00,KFQD,23.0,78.20916979499323,1.310444788447691,2.4757902820546613,TRANSFERRED_MODEL,SCENARIO_P_IT=1_normalized,SCENARIO Table 3 midpoints,1
2012-07-02 03:00:00+00:00,KFQD,23.0,75.01526564873618,1.1119222419500336,0.0,TRANSFERRED_MODEL,SCENARIO_P_IT=1_normalized,SCENARIO Table 3 midpoints,1
2012-07-02 04:00:00+00:00,KFQD,23.0,70.43909203359713,1.111912473498904,0.0,TRANSFERRED_MODEL,SCENARIO_P_IT=1_normalized,SCENARIO Table 3 midpoints,1
2012-07-02 05:00:00+00:00,KFQD,23.0,70.43909203359713,1.1118192013817871,0.0,TRANSFERRED_MODEL,SCENARIO_P_IT=1_normalized,SCENARIO Table 3 midpoints,1
2012-07-02 06:00:00+00:00,KFQD,19.0,93.92977440102698,1.304473488135573,2.461840033726893,TRANSFERRED_MODEL,SCENARIO_P_IT=1_normalized,SCENARIO Table 3 midpoints,1
2012-07-02 07:00:00+00:00,KFQD,18.666666666666668,95.9059958782818,1.304160449069576,2.4610706129109112,TRANSFERRED_MODEL,SCENARIO_P_IT=1_normalized,SCENARIO Table 3 midpoints,1
2012-07-02 08:00:00+00:00,KFQD,18.0,100.0,1.3036732518167273,2.459530075313068,TRANSFERRED_MODEL,SCENARIO_P_IT=1_normalized,SCENARIO Table 3 midpoints,1
2012-07-02 09:00:00+00:00,KFQD,18.0,100.0,1.3037312763416702,2.459530075312084,TRANSFERRED_MODEL,SCENARIO_P_IT=1_normalized,SCENARIO Table 3 midpoints,1
2012-07-02 10:00:00+00:00,KFQD,18.0,100.0,1.3037063924197483,2.459530075313107,TRANSFERRED_MODEL,SCENARIO_P_IT=1_normalized,SCENARIO Table 3 midpoints,1
2012-07-02 11:00:00+00:00,KFQD,18.33333333333333,97.92899633701548,1.3041030184782836,2.460297974439608,TRANSFERRED_MODEL,SCENARIO_P_IT=1_normalized,SCENARIO Table 3 midpoints,1
2012-07-02 12:00:00+00:00,KFQD,20.33333333333333,86.4693606031717,1.305957819577507,2.464894828064403,TRANSFERRED_MODEL,SCENARIO_P_IT=1_normalized,SCENARIO Table 3 midpoints,1
2012-07-02 13:00:00+00:00,KFQD,22.33333333333333,81.43753121501415,1.3097791003424415,2.474280102185742,TRANSFERRED_MODEL,SCENARIO_P_IT=1_normalized,SCENARIO Table 3 midpoints,1
2012-07-02 14:00:00+00:00,KFQD,23.666666666666668,76.70047923823681,1.1118935035741457,0.0,TRANSFERRED_MODEL,SCENARIO_P_IT=1_normalized,SCENARIO Table 3 midpoints,1
2012-07-02 15:00:00+00:00,KFQD,26.33333333333333,68.18946310632006,1.1118903055572142,0.0,TRANSFERRED_MODEL,SCENARIO_P_IT=1_normalized,SCENARIO Table 3 midpoints,1
2012-07-02 16:00:00+00:00,KFQD,27.666666666666668,65.70242164745088,1.1118929868871321,0.0,TRANSFERRED_MODEL,SCENARIO_P_IT=1_normalized,SCENARIO Table 3 midpoints,1
2012-07-02 17:00:00+00:00,KFQD,29.0,60.79940799216661,1.1119055012489694,0.0,TRANSFERRED_MODEL,SCENARIO_P_IT=1_normalized,SCENARIO Table 3 midpoints,1
2012-07-02 18:00:00+00:00,KFQD,31.0,56.46511950762996,1.3228309809139327,2.5058705647570343,TRANSFERRED_MODEL,SCENARIO_P_IT=1_normalized,SCENARIO Table 3 midpoints,1
2012-07-02 19:00:00+00:00,KFQD,32.333333333333336,49.22580328954322,1.321876625200229,2.5034797292477617,TRANSFERRED_MODEL,SCENARIO_P_IT=1_normalized,SCENARIO Table 3 midpoints,1
2012-07-02 20:00:00+00:00,KFQD,33.0,46.44361338141738,1.3218054457639683,2.503232814205172,TRANSFERRED_MODEL,SCENARIO_P_IT=1_normalized,SCENARIO Table 3 midpoints,1
2012-07-02 21:00:00+00:00,KFQD,32.666666666666664,48.308671323097,1.3222289300496481,2.5042017114557624,TRANSFERRED_MODEL,SCENARIO_P_IT=1_normalized,SCENARIO Table 3 midpoints,1
2012-07-02 22:00:00+00:00,KFQD,32.0,50.16263350197744,1.3216218814671845,2.5027131350461658,TRANSFERRED_MODEL,SCENARIO_P_IT=1_normalized,SCENARIO Table 3 midpoints,1
2012-07-02 23:00:00+00:00,KFQD,31.0,52.0129263013748,1.3199480383795248,2.498775306581411,TRANSFERRED_MODEL,SCENARIO_P_IT=1_normalized,SCENARIO Table 3 midpoints,1
2012-07-03 00:00:00+00:00,KFQD,28.666666666666668,61.985322624823645,1.1119631566926802,0.0,TRANSFERRED_MODEL,SCENARIO_P_IT=1_normalized,SCENARIO Table 3 midpoints,1
2012-07-03 01:00:00+00:00,KFQD,25.666666666666668,81.85346323527149,1.3203193371924293,2.499648734090008,TRANSFERRED_MODEL,SCENARIO_P_IT=1_normalized,SCENARIO Table 3 midpoints,1
2012-07-03 02:00:00+00:00,KFQD,24.33333333333333,86.84512292707923,1.318230275223099,2.494749215784703,TRANSFERRED_MODEL,SCENARIO_P_IT=1_normalized,SCENARIO Table 3 midpoints,1
2012-07-03 03:00:00+00:00,KFQD,25.0,80.1198464880838,1.317306151539721,2.492492618257977,TRANSFERRED_MODEL,SCENARIO_P_IT=1_normalized,SCENARIO Table 3 midpoints,1
2012-07-03 04:00:00+00:00,KFQD,23.0,94.10581804007526,1.316952739020933,2.4917600614308553,TRANSFERRED_MODEL,SCENARIO_P_IT=1_normalized,SCENARIO Table 3 midpoints,1
2012-07-03 05:00:00+00:00,KFQD,22.33333333333333,94.07700780817206,1.3147933637510114,2.4864981244399624,TRANSFERRED_MODEL,SCENARIO_P_IT=1_normalized,SCENARIO Table 3 midpoints,1
2012-07-03 06:00:00+00:00,KFQD,21.666666666666668,94.04798813228264,1.3126998488510437,2.4813502719005673,TRANSFERRED_MODEL,SCENARIO_P_IT=1_normalized,SCENARIO Table 3 midpoints,1
2012-07-03 07:00:00+00:00,KFQD,21.0,94.01875700103768,1.3106751906736616,2.4763124941721313,TRANSFERRED_MODEL,SCENARIO_P_IT=1_normalized,SCENARIO Table 3 midpoints,1
2012-07-03 08:00:00+00:00,KFQD,21.0,94.01875700103768,1.310680147144908,2.4763123356718744,TRANSFERRED_MODEL,SCENARIO_P_IT=1_normalized,SCENARIO Table 3 midpoints,1
2012-07-03 09:00:00+00:00,KFQD,21.0,86.53306606867748,1.3079647478718346,2.469601446806107,TRANSFERRED_MODEL,SCENARIO_P_IT=1_normalized,SCENARIO Table 3 midpoints,1
2012-07-03 10:00:00+00:00,KFQD,21.0,84.74548078852081,1.3073004623632716,2.467995080272488,TRANSFERRED_MODEL,SCENARIO_P_IT=1_normalized,SCENARIO Table 3 midpoints,1
2012-07-03 11:00:00+00:00,KFQD,21.0,90.20779685115508,1.3092504915708103,2.4729026348705974,TRANSFERRED_MODEL,SCENARIO_P_IT=1_normalized,SCENARIO Table 3 midpoints,1
2012-07-03 12:00:00+00:00,KFQD,25.0,70.8109981340425,1.1119211699863294,0.0,TRANSFERRED_MODEL,SCENARIO_P_IT=1_normalized,SCENARIO Table 3 midpoints,1
2012-07-03 13:00:00+00:00,KFQD,27.666666666666668,65.70242164745088,1.1118888031431777,0.0,TRANSFERRED_MODEL,SCENARIO_P_IT=1_normalized,SCENARIO Table 3 midpoints,1
2012-07-03 14:00:00+00:00,KFQD,29.0,58.34716809279765,1.1118706356055554,0.0,TRANSFERRED_MODEL,SCENARIO_P_IT=1_normalized,SCENARIO Table 3 midpoints,1
2012-07-03 15:00:00+00:00,KFQD,30.33333333333333,52.92885500293922,1.1118692572422686,0.0,TRANSFERRED_MODEL,SCENARIO_P_IT=1_normalized,SCENARIO Table 3 midpoints,1
2012-07-03 16:00:00+00:00,KFQD,31.33333333333333,49.99080510853412,1.3194766911645737,2.4978601900252175,TRANSFERRED_MODEL,SCENARIO_P_IT=1_normalized,SCENARIO Table 3 midpoints,1
2012-07-03 17:00:00+00:00,KFQD,32.0,48.13438377170063,1.3201374013007086,2.499331005800843,TRANSFERRED_MODEL,SCENARIO_P_IT=1_normalized,SCENARIO Table 3 midpoints,1
2012-07-03 18:00:00+00:00,KFQD,32.0,48.13438377170063,1.3201570677461534,2.499321800711379,TRANSFERRED_MODEL,SCENARIO_P_IT=1_normalized,SCENARIO Table 3 midpoints,1
2012-07-03 19:00:00+00:00,KFQD,24.0,60.93287150821879,1.1119405411567325,0.0,TRANSFERRED_MODEL,SCENARIO_P_IT=1_normalized,SCENARIO Table 3 midpoints,1
2012-07-03 20:00:00+00:00,KFQD,23.33333333333333,76.64912265669955,1.1120043345157726,0.0,TRANSFERRED_MODEL,SCENARIO_P_IT=1_normalized,SCENARIO Table 3 midpoints,1
2012-07-03 21:00:00+00:00,KFQD,26.33333333333333,61.46378680152529,1.112017566791975,0.0,TRANSFERRED_MODEL,SCENARIO_P_IT=1_normalized,SCENARIO Table 3 midpoints,1
2012-07-03 22:00:00+00:00,KFQD,28.0,61.83725955078121,1.11201290854027,0.0,TRANSFERRED_MODEL,SCENARIO_P_IT=1_normalized,SCENARIO Table 3 midpoints,1
2012-07-03 23:00:00+00:00,KFQD,27.0,72.64364215519419,1.3200688745479674,2.498803339290398,TRANSFERRED_MODEL,SCENARIO_P_IT=1_normalized,SCENARIO Table 3 midpoints,1
2012-07-04 00:00:00+00:00,KFQD,25.33333333333333,81.81247668670312,1.319241301173353,2.496979356797475,TRANSFERRED_MODEL,SCENARIO_P_IT=1_normalized,SCENARIO Table 3 midpoints,1
2012-07-04 01:00:00+00:00,KFQD,23.666666666666668,88.57243112091828,1.3168802343304988,2.491357294581137,TRANSFERRED_MODEL,SCENARIO_P_IT=1_normalized,SCENARIO Table 3 midpoints,1
2012-07-04 02:00:00+00:00,KFQD,23.666666666666668,83.30058950907544,1.3145924135856935,2.4858630717719414,TRANSFERRED_MODEL,SCENARIO_P_IT=1_normalized,SCENARIO Table 3 midpoints,1
2012-07-04 03:00:00+00:00,KFQD,22.33333333333333,86.6591714752168,1.3118978150227227,2.4793360013178773,TRANSFERRED_MODEL,SCENARIO_P_IT=1_normalized,SCENARIO Table 3 midpoints,1
2012-07-04 04:00:00+00:00,KFQD,22.0,84.85173081185435,1.3102034765605792,2.475175345374539,TRANSFERRED_MODEL,SCENARIO_P_IT=1_normalized,SCENARIO Table 3 midpoints,1
2012-07-04 05:00:00+00:00,KFQD,21.33333333333333,88.38134524455714,1.3096072595770911,2.4736583102636525,TRANSFERRED_MODEL,SCENARIO_P_IT=1_normalized,SCENARIO Table 3 midpoints,1
2012-07-04 06:00:00+00:00,KFQD,21.0,92.09598379298126,1.310003181776514,2.4745909557049175,TRANSFERRED_MODEL,SCENARIO_P_IT=1_normalized,SCENARIO Table 3 midpoints,1
2012-07-04 07:00:00+00:00,KFQD,20.0,100.0,1.3097919923450805,2.4740412013406776,TRANSFERRED_MODEL,SCENARIO_P_IT=1_normalized,SCENARIO Table 3 midpoints,1
2012-07-04 08:00:00+00:00,KFQD,20.0,100.0,1.3098020509678958,2.4740412013427986,TRANSFERRED_MODEL,SCENARIO_P_IT=1_normalized,SCENARIO Table 3 midpoints,1
2012-07-04 09:00:00+00:00,KFQD,20.33333333333333,92.05745585419642,1.3080481068421737,2.4697151738129977,TRANSFERRED_MODEL,SCENARIO_P_IT=1_normalized,SCENARIO Table 3 midpoints,1
2012-07-04 10:00:00+00:00,KFQD,19.666666666666668,93.95965220719242,1.3067308663384019,2.4665555892565267,TRANSFERRED_MODEL,SCENARIO_P_IT=1_normalized,SCENARIO Table 3 midpoints,1
2012-07-04 11:00:00+00:00,KFQD,21.0,92.09598379298126,1.3099834326046305,2.474591798131994,TRANSFERRED_MODEL,SCENARIO_P_IT=1_normalized,SCENARIO Table 3 midpoints,1
2012-07-04 12:00:00+00:00,KFQD,24.0,78.3540921272656,1.3134593849401983,2.4831036639155264,TRANSFERRED_MODEL,SCENARIO_P_IT=1_normalized,SCENARIO Table 3 midpoints,1
2012-07-04 13:00:00+00:00,KFQD,27.33333333333333,62.97967399552109,1.1119240615969241,0.0,TRANSFERRED_MODEL,SCENARIO_P_IT=1_normalized,SCENARIO Table 3 midpoints,1
2012-07-04 14:00:00+00:00,KFQD,28.33333333333333,61.91138530915008,1.1119145879237533,0.0,TRANSFERRED_MODEL,SCENARIO_P_IT=1_normalized,SCENARIO Table 3 midpoints,1
2012-07-04 15:00:00+00:00,KFQD,29.666666666666668,58.50349982080788,1.1119075978849622,0.0,TRANSFERRED_MODEL,SCENARIO_P_IT=1_normalized,SCENARIO Table 3 midpoints,1
2012-07-04 16:00:00+00:00,KFQD,30.33333333333333,57.4714040971817,1.3216029729909795,2.5025754172353705,TRANSFERRED_MODEL,SCENARIO_P_IT=1_normalized,SCENARIO Table 3 midpoints,1
2012-07-04 17:00:00+00:00,KFQD,31.0,52.0129263013748,1.3199064351696905,2.4987923555667644,TRANSFERRED_MODEL,SCENARIO_P_IT=1_normalized,SCENARIO Table 3 midpoints,1
2012-07-04 18:00:00+00:00,KFQD,32.0,47.1475142997932,1.319490827596956,2.4976482585534487,TRANSFERRED_MODEL,SCENARIO_P_IT=1_normalized,SCENARIO Table 3 midpoints,1
2012-07-04 19:00:00+00:00,KFQD,26.666666666666668,71.11600801093357,1.318191568257156,2.4943876567962318,TRANSFERRED_MODEL,SCENARIO_P_IT=1_normalized,SCENARIO Table 3 midpoints,1
2012-07-04 20:00:00+00:00,KFQD,23.0,83.22381284256232,1.312572537419398,2.4808395193389083,TRANSFERRED_MODEL,SCENARIO_P_IT=1_normalized,SCENARIO Table 3 midpoints,1
2012-07-04 21:00:00+00:00,KFQD,24.0,79.98577949176713,1.3142566974073777,2.4848339062669167,TRANSFERRED_MODEL,SCENARIO_P_IT=1_normalized,SCENARIO Table 3 midpoints,1
2012-07-04 22:00:00+00:00,KFQD,26.0,75.49927482793309,1.3183640849047034,2.494714732685644,TRANSFERRED_MODEL,SCENARIO_P_IT=1_normalized,SCENARIO Table 3 midpoints,1
2012-07-04 23:00:00+00:00,KFQD,26.33333333333333,80.29661164745794,1.3218347690059955,2.5030775255911957,TRANSFERRED_MODEL,SCENARIO_P_IT=1_normalized,SCENARIO Table 3 midpoints,1
2012-07-05 00:00:00+00:00,KFQD,26.666666666666668,77.15558044512318,1.3213380060004056,2.5018665181831126,TRANSFERRED_MODEL,SCENARIO_P_IT=1_normalized,SCENARIO Table 3 midpoints,1
2012-07-05 01:00:00+00:00,KFQD,24.33333333333333,86.84512292707923,1.3183327163784717,2.494741257151846,TRANSFERRED_MODEL,SCENARIO_P_IT=1_normalized,SCENARIO Table 3 midpoints,1
2012-07-05 02:00:00+00:00,KFQD,23.33333333333333,92.22867866479444,1.3173676134926389,2.492503999161034,TRANSFERRED_MODEL,SCENARIO_P_IT=1_normalized,SCENARIO Table 3 midpoints,1
2012-07-05 03:00:00+00:00,KFQD,23.0,94.10581804007526,1.3170370266462625,2.491757305066592,TRANSFERRED_MODEL,SCENARIO_P_IT=1_normalized,SCENARIO Table 3 midpoints,1
2012-07-05 04:00:00+00:00,KFQD,22.666666666666668,94.09143897983566,1.3159433903743631,2.489112020289775,TRANSFERRED_MODEL,SCENARIO_P_IT=1_normalized,SCENARIO Table 3 midpoints,1
2012-07-05 05:00:00+00:00,KFQD,22.0,90.27806317972032,1.3123439398865946,2.480324898880789,TRANSFERRED_MODEL,SCENARIO_P_IT=1_normalized,SCENARIO Table 3 midpoints,1
2012-07-05 06:00:00+00:00,KFQD,22.33333333333333,84.88690880700183,1.311265329992199,2.4776140689414152,TRANSFERRED_MODEL,SCENARIO_P_IT=1_normalized,SCENARIO Table 3 midpoints,1
2012-07-05 07:00:00+00:00,KFQD,21.33333333333333,92.11514427831229,1.311047386717246,2.4770660335177217,TRANSFERRED_MODEL,SCENARIO_P_IT=1_normalized,SCENARIO Table 3 midpoints,1
2012-07-05 08:00:00+00:00,KFQD,21.0,88.35366560432122,1.3086822606623727,2.471233123658056,TRANSFERRED_MODEL,SCENARIO_P_IT=1_normalized,SCENARIO Table 3 midpoints,1
2012-07-05 09:00:00+00:00,KFQD,21.0,86.53306606867748,1.3080281521466097,2.469596706771296,TRANSFERRED_MODEL,SCENARIO_P_IT=1_normalized,SCENARIO Table 3 midpoints,1
2012-07-05 10:00:00+00:00,KFQD,20.33333333333333,92.05745585419642,1.3080415182179967,2.469715452469638,TRANSFERRED_MODEL,SCENARIO_P_IT=1_normalized,SCENARIO Table 3 midpoints,1
2012-07-05 11:00:00+00:00,KFQD,21.666666666666668,90.25472374748674,1.311315781296741,2.4778233496130624,TRANSFERRED_MODEL,SCENARIO_P_IT=1_normalized,SCENARIO Table 3 midpoints,1
2012-07-05 12:00:00+00:00,KFQD,24.666666666666668,76.85359399495387,1.1119844866618966,0.0,TRANSFERRED_MODEL,SCENARIO_P_IT=1_normalized,SCENARIO Table 3 midpoints,1
2012-07-05 13:00:00+00:00,KFQD,27.666666666666668,68.44957752713302,1.3198735866224924,2.4984468062204725,TRANSFERRED_MODEL,SCENARIO_P_IT=1_normalized,SCENARIO Table 3 midpoints,1
2012-07-05 14:00:00+00:00,KFQD,30.33333333333333,58.65908389608363,1.322377213466739,2.5043842139997627,TRANSFERRED_MODEL,SCENARIO_P_IT=1_normalized,SCENARIO Table 3 midpoints,1
2012-07-05 15:00:00+00:00,KFQD,32.333333333333336,53.42835119347341,1.324895165182737,2.510653627840857,TRANSFERRED_MODEL,SCENARIO_P_IT=1_normalized,SCENARIO Table 3 midpoints,1
2012-07-05 16:00:00+00:00,KFQD,33.333333333333336,48.48229361739598,1.3243293548730206,2.5092056308567905,TRANSFERRED_MODEL,SCENARIO_P_IT=1_normalized,SCENARIO Table 3 midpoints,1
2012-07-05 17:00:00+00:00,KFQD,34.333333333333336,43.105219973189534,1.3231184354764278,2.506157240324934,TRANSFERRED_MODEL,SCENARIO_P_IT=1_normalized,SCENARIO Table 3 midpoints,1
2012-07-05 18:00:00+00:00,KFQD,35.0,35.90456940013822,1.319116570492533,2.496406253322748,TRANSFERRED_MODEL,SCENARIO_P_IT=1_normalized,SCENARIO Table 3 midpoints,1
2012-07-05 19:00:00+00:00,KFQD,34.666666666666664,38.94458007561936,1.3207322040545773,2.5002987795574296,TRANSFERRED_MODEL,SCENARIO_P_IT=1_normalized,SCENARIO Table 3 midpoints,1
2012-07-05 20:00:00+00:00,KFQD,30.666666666666668,51.92839577186703,1.1120424398160995,5.183676648011113e-16,TRANSFERRED_MODEL,SCENARIO_P_IT=1_normalized,SCENARIO Table 3 midpoints,1
2012-07-05 21:00:00+00:00,KFQD,29.666666666666668,53.86812386101048,1.1120055437251721,0.0,TRANSFERRED_MODEL,SCENARIO_P_IT=1_normalized,SCENARIO Table 3 midpoints,1
2012-07-05 22:00:00+00:00,KFQD,24.666666666666668,65.07504717994333,1.1120125087847819,0.0,TRANSFERRED_MODEL,SCENARIO_P_IT=1_normalized,SCENARIO Table 3 midpoints,1
2012-07-05 23:00:00+00:00,KFQD,24.33333333333333,63.64789147073282,1.1120381625875289,0.0,TRANSFERRED_MODEL,SCENARIO_P_IT=1_normalized,SCENARIO Table 3 midpoints,1
2012-07-06 00:00:00+00:00,KFQD,23.0,68.96917974781988,1.112031394013417,0.0,TRANSFERRED_MODEL,SCENARIO_P_IT=1_normalized,SCENARIO Table 3 midpoints,1
2012-07-06 01:00:00+00:00,KFQD,23.0,70.43909203359713,1.1120257828809375,0.0,TRANSFERRED_MODEL,SCENARIO_P_IT=1_normalized,SCENARIO Table 3 midpoints,1
2012-07-06 02:00:00+00:00,KFQD,22.33333333333333,71.8161277419233,1.1120294391088843,0.0,TRANSFERRED_MODEL,SCENARIO_P_IT=1_normalized,SCENARIO Table 3 midpoints,1
2012-07-06 03:00:00+00:00,KFQD,22.0,78.06286399643153,1.3076820253245058,2.46868904528718,TRANSFERRED_MODEL,SCENARIO_P_IT=1_normalized,SCENARIO Table 3 midpoints,1
2012-07-06 04:00:00+00:00,KFQD,22.0,74.8509428010077,1.112041095244471,0.0,TRANSFERRED_MODEL,SCENARIO_P_IT=1_normalized,SCENARIO Table 3 midpoints,1
2012-07-06 05:00:00+00:00,KFQD,21.666666666666668,76.38992465465088,1.1120527609658526,0.0,TRANSFERRED_MODEL,SCENARIO_P_IT=1_normalized,SCENARIO Table 3 midpoints,1
2012-07-06 06:00:00+00:00,KFQD,20.666666666666668,79.52943256093258,1.304630137247667,2.4610536989939678,TRANSFERRED_MODEL,SCENARIO_P_IT=1_normalized,SCENARIO Table 3 midpoints,1
2012-07-06 07:00:00+00:00,KFQD,20.0,84.63814577547589,1.3045912383829565,2.4610297407316177,TRANSFERRED_MODEL,SCENARIO_P_IT=1_normalized,SCENARIO Table 3 midpoints,1
2012-07-06 08:00:00+00:00,KFQD,20.0,86.43734298391152,1.3051793796491715,2.462562724387899,TRANSFERRED_MODEL,SCENARIO_P_IT=1_normalized,SCENARIO Table 3 midpoints,1
2012-07-06 09:00:00+00:00,KFQD,19.0,88.18554132284771,1.30301774987614,2.4572260762691247,TRANSFERRED_MODEL,SCENARIO_P_IT=1_normalized,SCENARIO Table 3 midpoints,1
2012-07-06 10:00:00+00:00,KFQD,18.0,93.88454500736408,1.3020730013877375,2.454918938683434,TRANSFERRED_MODEL,SCENARIO_P_IT=1_normalized,SCENARIO Table 3 midpoints,1
2012-07-06 11:00:00+00:00,KFQD,20.0,82.87192979044534,1.3039304663200681,2.4595303051860777,TRANSFERRED_MODEL,SCENARIO_P_IT=1_normalized,SCENARIO Table 3 midpoints,1
2012-07-06 12:00:00+00:00,KFQD,23.33333333333333,70.50152801166188,1.1119959286601269,0.0,TRANSFERRED_MODEL,SCENARIO_P_IT=1_normalized,SCENARIO Table 3 midpoints,1
2012-07-06 13:00:00+00:00,KFQD,26.666666666666668,57.79407057152224,1.1119653518416253,0.0,TRANSFERRED_MODEL,SCENARIO_P_IT=1_normalized,SCENARIO Table 3 midpoints,1
2012-07-06 14:00:00+00:00,KFQD,29.0,52.59225893210016,1.1119530102284803,0.0,TRANSFERRED_MODEL,SCENARIO_P_IT=1_normalized,SCENARIO Table 3 midpoints,1
2012-07-06 15:00:00+00:00,KFQD,30.666666666666668,46.79420421474163,1.1119527062188401,5.167038284012184e-16,TRANSFERRED_MODEL,SCENARIO_P_IT=1_normalized,SCENARIO Table 3 midpoints,1
2012-07-06 16:00:00+00:00,KFQD,32.0,42.47473113652591,1.3162182355022645,2.4897607156788415,TRANSFERRED_MODEL,SCENARIO_P_IT=1_normalized,SCENARIO Table 3 midpoints,1
2012-07-06 17:00:00+00:00,KFQD,32.333333333333336,44.38224843654651,1.3184525388160897,2.495157366472562,TRANSFERRED_MODEL,SCENARIO_P_IT=1_normalized,SCENARIO Table 3 midpoints,1
2012-07-06 18:00:00+00:00,KFQD,32.0,46.178444191385225,1.3188148754886375,2.4960136987495924,TRANSFERRED_MODEL,SCENARIO_P_IT=1_normalized,SCENARIO Table 3 midpoints,1
2012-07-06 19:00:00+00:00,KFQD,32.666666666666664,45.40498799609354,1.3201419304671715,2.4991200558695303,TRANSFERRED_MODEL,SCENARIO_P_IT=1_normalized,SCENARIO Table 3 midpoints,1
2012-07-06 20:00:00+00:00,KFQD,33.0,46.44361338141738,1.3218611280499346,2.503204950068142,TRANSFERRED_MODEL,SCENARIO_P_IT=1_normalized,SCENARIO Table 3 midpoints,1
2012-07-06 21:00:00+00:00,KFQD,33.0,46.44361338141738,1.3218862401270017,2.503192404689928,TRANSFERRED_MODEL,SCENARIO_P_IT=1_normalized,SCENARIO Table 3 midpoints,1
2012-07-06 22:00:00+00:00,KFQD,32.0,49.13932991257226,1.320935108650658,2.500978772757398,TRANSFERRED_MODEL,SCENARIO_P_IT=1_normalized,SCENARIO Table 3 midpoints,1
2012-07-06 23:00:00+00:00,KFQD,30.666666666666668,53.01255301755038,1.1119947219082975,5.187238608736804e-16,TRANSFERRED_MODEL,SCENARIO_P_IT=1_normalized,SCENARIO Table 3 midpoints,1
2012-07-07 00:00:00+00:00,KFQD,28.0,61.83725955078121,1.111983473455372,0.0,TRANSFERRED_MODEL,SCENARIO_P_IT=1_normalized,SCENARIO Table 3 midpoints,1
2012-07-07 01:00:00+00:00,KFQD,27.0,64.22346573101177,1.1119887777346429,0.0,TRANSFERRED_MODEL,SCENARIO_P_IT=1_normalized,SCENARIO Table 3 midpoints,1
2012-07-07 02:00:00+00:00,KFQD,26.0,68.12397850048131,1.1119815123731123,0.0,TRANSFERRED_MODEL,SCENARIO_P_IT=1_normalized,SCENARIO Table 3 midpoints,1
2012-07-07 03:00:00+00:00,KFQD,25.33333333333333,67.9924579988718,1.111961299239057,0.0,TRANSFERRED_MODEL,SCENARIO_P_IT=1_normalized,SCENARIO Table 3 midpoints,1
2012-07-07 04:00:00+00:00,KFQD,23.33333333333333,81.56373805333678,1.3128471084515478,2.4815966282581416,TRANSFERRED_MODEL,SCENARIO_P_IT=1_normalized,SCENARIO Table 3 midpoints,1
2012-07-07 05:00:00+00:00,KFQD,22.666666666666668,84.92196832128572,1.3122401002208408,2.480087850037414,TRANSFERRED_MODEL,SCENARIO_P_IT=1_normalized,SCENARIO Table 3 midpoints,1
2012-07-07 06:00:00+00:00,KFQD,22.0,88.4364161279818,1.3116287015461334,2.4785782590670657,TRANSFERRED_MODEL,SCENARIO_P_IT=1_normalized,SCENARIO Table 3 midpoints,1
2012-07-07 07:00:00+00:00,KFQD,21.33333333333333,92.11514427831229,1.3109880910451386,2.477068571326009,TRANSFERRED_MODEL,SCENARIO_P_IT=1_normalized,SCENARIO Table 3 midpoints,1
2012-07-07 08:00:00+00:00,KFQD,21.0,94.01875700103768,1.3106570253686174,2.4763130752561326,TRANSFERRED_MODEL,SCENARIO_P_IT=1_normalized,SCENARIO Table 3 midpoints,1
2012-07-07 09:00:00+00:00,KFQD,21.0,94.01875700103768,1.3106306267142394,2.476313920242291,TRANSFERRED_MODEL,SCENARIO_P_IT=1_normalized,SCENARIO Table 3 midpoints,1
2012-07-07 10:00:00+00:00,KFQD,21.0,92.09598379298126,1.309909513226878,2.4745949554130804,TRANSFERRED_MODEL,SCENARIO_P_IT=1_normalized,SCENARIO Table 3 midpoints,1
2012-07-07 11:00:00+00:00,KFQD,21.666666666666668,90.25472374748674,1.3112388576015435,2.4778274900577517,TRANSFERRED_MODEL,SCENARIO_P_IT=1_normalized,SCENARIO Table 3 midpoints,1
2012-07-07 12:00:00+00:00,KFQD,24.666666666666668,76.85359399495387,1.1119173832682732,0.0,TRANSFERRED_MODEL,SCENARIO_P_IT=1_normalized,SCENARIO Table 3 midpoints,1
2012-07-07 13:00:00+00:00,KFQD,27.0,71.17648141459829,1.319165974515049,2.496974779801024,TRANSFERRED_MODEL,SCENARIO_P_IT=1_normalized,SCENARIO Table 3 midpoints,1
2012-07-07 14:00:00+00:00,KFQD,28.33333333333333,67.19693770592839,1.321192525370503,2.5018023822279702,TRANSFERRED_MODEL,SCENARIO_P_IT=1_normalized,SCENARIO Table 3 midpoints,1
2012-07-07 15:00:00+00:00,KFQD,30.33333333333333,59.86822353408214,1.3230826467148546,2.5062508785961364,TRANSFERRED_MODEL,SCENARIO_P_IT=1_normalized,SCENARIO Table 3 midpoints,1
2012-07-07 16:00:00+00:00,KFQD,31.666666666666668,51.11963155325336,1.3211967104877023,2.502020631816961,TRANSFERRED_MODEL,SCENARIO_P_IT=1_normalized,SCENARIO Table 3 midpoints,1
2012-07-07 17:00:00+00:00,KFQD,32.666666666666664,46.35538373150275,1.3207573146439442,2.5008185721668976,TRANSFERRED_MODEL,SCENARIO_P_IT=1_normalized,SCENARIO Table 3 midpoints,1
2012-07-07 18:00:00+00:00,KFQD,33.0,43.64515780731752,1.319728357633226,2.498255994418178,TRANSFERRED_MODEL,SCENARIO_P_IT=1_normalized,SCENARIO Table 3 midpoints,1
2012-07-07 19:00:00+00:00,KFQD,33.666666666666664,44.739271445966295,1.3224518294233851,2.5047020835858467,TRANSFERRED_MODEL,SCENARIO_P_IT=1_normalized,SCENARIO Table 3 midpoints,1
2012-07-07 20:00:00+00:00,KFQD,34.0,43.913663069278805,1.3227797284897573,2.505433124180758,TRANSFERRED_MODEL,SCENARIO_P_IT=1_normalized,SCENARIO Table 3 midpoints,1
2012-07-07 21:00:00+00:00,KFQD,34.0,41.26764941426599,1.3207213497215005,2.5004503975750962,TRANSFERRED_MODEL,SCENARIO_P_IT=1_normalized,SCENARIO Table 3 midpoints,1
2012-07-07 22:00:00+00:00,KFQD,32.0,50.16263350197744,1.3216346815541782,2.5027074945714403,TRANSFERRED_MODEL,SCENARIO_P_IT=1_normalized,SCENARIO Table 3 midpoints,1
2012-07-07 23:00:00+00:00,KFQD,30.33333333333333,57.4714040971817,1.3216914528239214,2.5025452025115267,TRANSFERRED_MODEL,SCENARIO_P_IT=1_normalized,SCENARIO Table 3 midpoints,1
2012-07-08 00:00:00+00:00,KFQD,29.33333333333333,60.87462458416799,1.3207387635565628,2.500326185743357,TRANSFERRED_MODEL,SCENARIO_P_IT=1_normalized,SCENARIO Table 3 midpoints,1
2012-07-08 01:00:00+00:00,KFQD,27.33333333333333,68.38482135886673,1.3188195426298497,2.4958774741236667,TRANSFERRED_MODEL,SCENARIO_P_IT=1_normalized,SCENARIO Table 3 midpoints,1
2012-07-08 02:00:00+00:00,KFQD,25.666666666666668,75.44615066829118,1.3172293911827369,2.492152861910857,TRANSFERRED_MODEL,SCENARIO_P_IT=1_normalized,SCENARIO Table 3 midpoints,1
2012-07-08 03:00:00+00:00,KFQD,24.0,85.06103175665697,1.316405587352225,2.49024439160598,TRANSFERRED_MODEL,SCENARIO_P_IT=1_normalized,SCENARIO Table 3 midpoints,1
2012-07-08 04:00:00+00:00,KFQD,23.666666666666668,85.02644107891732,1.315339964110041,2.4876637008401006,TRANSFERRED_MODEL,SCENARIO_P_IT=1_normalized,SCENARIO Table 3 midpoints,1
2012-07-08 05:00:00+00:00,KFQD,22.33333333333333,94.07700780817206,1.31483629870602,2.486496729907306,TRANSFERRED_MODEL,SCENARIO_P_IT=1_normalized,SCENARIO Table 3 midpoints,1
2012-07-08 06:00:00+00:00,KFQD,22.0,94.0625242758801,1.3137948733982723,2.4839083587686734,TRANSFERRED_MODEL,SCENARIO_P_IT=1_normalized,SCENARIO Table 3 midpoints,1
2012-07-08 07:00:00+00:00,KFQD,21.666666666666668,95.99650817175832,1.3134963931024117,2.4831559416996822,TRANSFERRED_MODEL,SCENARIO_P_IT=1_normalized,SCENARIO Table 3 midpoints,1
2012-07-08 08:00:00+00:00,KFQD,21.0,97.97021779585008,1.3121447350703042,2.479840987123649,TRANSFERRED_MODEL,SCENARIO_P_IT=1_normalized,SCENARIO Table 3 midpoints,1
2012-07-08 09:00:00+00:00,KFQD,21.33333333333333,97.97528409920967,1.3131780567394735,2.4824035769817048,TRANSFERRED_MODEL,SCENARIO_P_IT=1_normalized,SCENARIO Table 3 midpoints,1
2012-07-08 10:00:00+00:00,KFQD,21.0,94.01875700103768,1.3106900630430598,2.4763120186429353,TRANSFERRED_MODEL,SCENARIO_P_IT=1_normalized,SCENARIO Table 3 midpoints,1
2012-07-08 11:00:00+00:00,KFQD,21.666666666666668,95.99650817175832,1.3134764588186534,2.483156369242483,TRANSFERRED_MODEL,SCENARIO_P_IT=1_normalized,SCENARIO Table 3 midpoints,1
2012-07-08 12:00:00+00:00,KFQD,25.33333333333333,81.81247668670312,1.3192092116159015,2.4969829700055675,TRANSFERRED_MODEL,SCENARIO_P_IT=1_normalized,SCENARIO Table 3 midpoints,1
2012-07-08 13:00:00+00:00,KFQD,27.666666666666668,72.75909291960613,1.3221971685090477,2.5041047872350877,TRANSFERRED_MODEL,SCENARIO_P_IT=1_normalized,SCENARIO Table 3 midpoints,1
2012-07-08 14:00:00+00:00,KFQD,29.33333333333333,64.71719215787377,1.3229913554705472,2.5058892897361944,TRANSFERRED_MODEL,SCENARIO_P_IT=1_normalized,SCENARIO Table 3 midpoints,1
2012-07-08 15:00:00+00:00,KFQD,31.666666666666668,56.62464363185037,1.3250454245118513,2.511055945080314,TRANSFERRED_MODEL,SCENARIO_P_IT=1_normalized,SCENARIO Table 3 midpoints,1
2012-07-08 16:00:00+00:00,KFQD,32.666666666666664,53.51097445115423,1.3260080490620172,2.513258097106233,TRANSFERRED_MODEL,SCENARIO_P_IT=1_normalized,SCENARIO Table 3 midpoints,1
2012-07-08 17:00:00+00:00,KFQD,33.333333333333336,52.59968339035531,1.3274627279406093,2.5166221923992578,TRANSFERRED_MODEL,SCENARIO_P_IT=1_normalized,SCENARIO Table 3 midpoints,1
2012-07-08 18:00:00+00:00,KFQD,34.666666666666664,47.84629393541728,1.327947981160361,2.5176406473978123,TRANSFERRED_MODEL,SCENARIO_P_IT=1_normalized,SCENARIO Table 3 midpoints,1
2012-07-08 19:00:00+00:00,KFQD,34.666666666666664,45.00543184811082,1.3256637292650768,2.5121093945733852,TRANSFERRED_MODEL,SCENARIO_P_IT=1_normalized,SCENARIO Table 3 midpoints,1
2012-07-08 20:00:00+00:00,KFQD,33.333333333333336,46.5316830478827,1.3229536242274071,2.505630984157865,TRANSFERRED_MODEL,SCENARIO_P_IT=1_normalized,SCENARIO Table 3 midpoints,1
2012-07-08 21:00:00+00:00,KFQD,30.0,62.279197326402645,1.3237793503936435,2.507322259293194,TRANSFERRED_MODEL,SCENARIO_P_IT=1_normalized,SCENARIO Table 3 midpoints,1
2012-07-08 22:00:00+00:00,KFQD,30.0,62.279197326402645,1.3238096215829365,2.5073135272586704,TRANSFERRED_MODEL,SCENARIO_P_IT=1_normalized,SCENARIO Table 3 midpoints,1
2012-07-08 23:00:00+00:00,KFQD,30.33333333333333,63.62770532918754,1.3257369119408375,2.5119069860962533,TRANSFERRED_MODEL,SCENARIO_P_IT=1_normalized,SCENARIO Table 3 midpoints,1
2012-07-09 00:00:00+00:00,KFQD,29.33333333333333,66.04444098505002,1.3239603620368061,2.5077588162076876,TRANSFERRED_MODEL,SCENARIO_P_IT=1_normalized,SCENARIO Table 3 midpoints,1
2012-07-09 01:00:00+00:00,KFQD,27.666666666666668,71.2969044400971,1.321554585479039,2.502158192801819,TRANSFERRED_MODEL,SCENARIO_P_IT=1_normalized,SCENARIO Table 3 midpoints,1
2012-07-09 02:00:00+00:00,KFQD,26.666666666666668,74.08186960685258,1.3198129913718049,2.4980503574560533,TRANSFERRED_MODEL,SCENARIO_P_IT=1_normalized,SCENARIO Table 3 midpoints,1
2012-07-09 03:00:00+00:00,KFQD,25.33333333333333,83.49032317710589,1.32012902587305,2.4988923644197274,TRANSFERRED_MODEL,SCENARIO_P_IT=1_normalized,SCENARIO Table 3 midpoints,1
2012-07-09 04:00:00+00:00,KFQD,25.666666666666668,80.20851157152859,1.3196645719876468,2.4977101079986284,TRANSFERRED_MODEL,SCENARIO_P_IT=1_normalized,SCENARIO Table 3 midpoints,1
2012-07-09 05:00:00+00:00,KFQD,23.0,94.10581804007526,1.3171714826981744,2.491752921904411,TRANSFERRED_MODEL,SCENARIO_P_IT=1_normalized,SCENARIO Table 3 midpoints,1
2012-07-09 06:00:00+00:00,KFQD,23.0,94.10581804007526,1.3171664899317865,2.4917530843604014,TRANSFERRED_MODEL,SCENARIO_P_IT=1_normalized,SCENARIO Table 3 midpoints,1
2012-07-09 07:00:00+00:00,KFQD,23.0,94.10581804007526,1.3171664899317865,2.4917530843604014,TRANSFERRED_MODEL,SCENARIO_P_IT=1_normalized,SCENARIO Table 3 midpoints,1
2012-07-09 08:00:00+00:00,KFQD,23.5,88.55893543915134,1.316495904277948,2.4900372963467285,TRANSFERRED_MODEL,SCENARIO_P_IT=1_normalized,SCENARIO Table 3 midpoints,1
2012-07-09 10:00:00+00:00,KFQD,22.0,94.0625242758801,1.3139408404206863,2.4839036503431218,TRANSFERRED_MODEL,SCENARIO_P_IT=1_normalized,SCENARIO Table 3 midpoints,1
2012-07-09 11:00:00+00:00,KFQD,22.666666666666668,90.32449590920292,1.314559991095529,2.485403620016,TRANSFERRED_MODEL,SCENARIO_P_IT=1_normalized,SCENARIO Table 3 midpoints,1
2012-07-09 12:00:00+00:00,KFQD,26.0,73.97062900551056,1.3176754239076023,2.492876994959775,TRANSFERRED_MODEL,SCENARIO_P_IT=1_normalized,SCENARIO Table 3 midpoints,1
2012-07-09 13:00:00+00:00,KFQD,28.33333333333333,64.50671379604289,1.3198393585000372,2.4980887843329356,TRANSFERRED_MODEL,SCENARIO_P_IT=1_normalized,SCENARIO Table 3 midpoints,1
2012-07-09 14:00:00+00:00,KFQD,30.33333333333333,55.15913048320179,1.1120259170551878,0.0,TRANSFERRED_MODEL,SCENARIO_P_IT=1_normalized,SCENARIO Table 3 midpoints,1
2012-07-09 15:00:00+00:00,KFQD,31.0,55.321861254558726,1.3221804149103529,2.5040180852414524,TRANSFERRED_MODEL,SCENARIO_P_IT=1_normalized,SCENARIO Table 3 midpoints,1
2012-07-09 16:00:00+00:00,KFQD,32.0,52.26545370306257,1.323131491567462,2.5062298465501662,TRANSFERRED_MODEL,SCENARIO_P_IT=1_normalized,SCENARIO Table 3 midpoints,1
2012-07-09 17:00:00+00:00,KFQD,32.666666666666664,50.33377333337693,1.3237926215977203,2.5076899720540187,TRANSFERRED_MODEL,SCENARIO_P_IT=1_normalized,SCENARIO Table 3 midpoints,1
2012-07-09 18:00:00+00:00,KFQD,31.33333333333333,51.034509478183146,1.320360765626844,2.4994752241933784,TRANSFERRED_MODEL,SCENARIO_P_IT=1_normalized,SCENARIO Table 3 midpoints,1
2012-07-09 19:00:00+00:00,KFQD,27.33333333333333,64.29455901898663,1.1120796604115912,0.0,TRANSFERRED_MODEL,SCENARIO_P_IT=1_normalized,SCENARIO Table 3 midpoints,1
2012-07-09 20:00:00+00:00,KFQD,26.666666666666668,69.67250793602582,1.1120775889513217,0.0,TRANSFERRED_MODEL,SCENARIO_P_IT=1_normalized,SCENARIO Table 3 midpoints,1
2012-07-09 21:00:00+00:00,KFQD,29.0,62.05907199151088,1.3204971521070716,2.49956379226485,TRANSFERRED_MODEL,SCENARIO_P_IT=1_normalized,SCENARIO Table 3 midpoints,1
2012-07-09 22:00:00+00:00,KFQD,30.0,61.024495806822586,1.3229906197822268,2.5054430417413744,TRANSFERRED_MODEL,SCENARIO_P_IT=1_normalized,SCENARIO Table 3 midpoints,1
2012-07-09 23:00:00+00:00,KFQD,28.666666666666668,67.26329887175632,1.3225338396017612,2.504368270615849,TRANSFERRED_MODEL,SCENARIO_P_IT=1_normalized,SCENARIO Table 3 midpoints,1
2012-07-10 00:00:00+00:00,KFQD,26.666666666666668,75.6050388381608,1.3206459317908035,2.499930328926898,TRANSFERRED_MODEL,SCENARIO_P_IT=1_normalized,SCENARIO Table 3 midpoints,1
2012-07-10 01:00:00+00:00,KFQD,25.666666666666668,80.20851157152859,1.3196758149690075,2.4977087143515537,TRANSFERRED_MODEL,SCENARIO_P_IT=1_normalized,SCENARIO Table 3 midpoints,1
2012-07-10 02:00:00+00:00,KFQD,25.33333333333333,81.81247668670312,1.3193184941527136,2.496970679702135,TRANSFERRED_MODEL,SCENARIO_P_IT=1_normalized,SCENARIO Table 3 midpoints,1
2012-07-10 03:00:00+00:00,KFQD,24.666666666666668,85.12986575925783,1.318676008082641,2.4954838606770897,TRANSFERRED_MODEL,SCENARIO_P_IT=1_normalized,SCENARIO Table 3 midpoints,1
2012-07-10 04:00:00+00:00,KFQD,25.0,83.45262666598398,1.3189608976323783,2.4962312295337274,TRANSFERRED_MODEL,SCENARIO_P_IT=1_normalized,SCENARIO Table 3 midpoints,1
2012-07-10 05:00:00+00:00,KFQD,24.666666666666668,81.73010303776394,1.3171042102433124,2.4917323511588725,TRANSFERRED_MODEL,SCENARIO_P_IT=1_normalized,SCENARIO Table 3 midpoints,1
2012-07-10 06:00:00+00:00,KFQD,23.0,88.51830793896134,1.3147893472344245,2.48615824845761,TRANSFERRED_MODEL,SCENARIO_P_IT=1_normalized,SCENARIO Table 3 midpoints,1
2012-07-10 07:00:00+00:00,KFQD,22.33333333333333,92.17221567209226,1.31416275171648,2.4846576218870395,TRANSFERRED_MODEL,SCENARIO_P_IT=1_normalized,SCENARIO Table 3 midpoints,1
2012-07-10 08:00:00+00:00,KFQD,22.0,94.0625242758801,1.3138279729161138,2.4839072893782768,TRANSFERRED_MODEL,SCENARIO_P_IT=1_normalized,SCENARIO Table 3 midpoints,1
2012-07-10 09:00:00+00:00,KFQD,22.0,94.0625242758801,1.3138097627503773,2.4839078775951116,TRANSFERRED_MODEL,SCENARIO_P_IT=1_normalized,SCENARIO Table 3 midpoints,1
2012-07-10 10:00:00+00:00,KFQD,21.666666666666668,95.99650817175832,1.3135246604164568,2.483155335842086,TRANSFERRED_MODEL,SCENARIO_P_IT=1_normalized,SCENARIO Table 3 midpoints,1
2012-07-10 11:00:00+00:00,KFQD,22.0,92.1532598973541,1.3131071611856517,2.4820997494959505,TRANSFERRED_MODEL,SCENARIO_P_IT=1_normalized,SCENARIO Table 3 midpoints,1
2012-07-10 12:00:00+00:00,KFQD,24.33333333333333,81.68871483570182,1.3159899779418838,2.4891597567927737,TRANSFERRED_MODEL,SCENARIO_P_IT=1_normalized,SCENARIO Table 3 midpoints,1
2012-07-10 13:00:00+00:00,KFQD,25.0,78.49764721655077,1.316601590756529,2.4906581134660106,TRANSFERRED_MODEL,SCENARIO_P_IT=1_normalized,SCENARIO Table 3 midpoints,1
2012-07-10 14:00:00+00:00,KFQD,25.0,78.49764721655077,1.3165888801884056,2.490659829308818,TRANSFERRED_MODEL,SCENARIO_P_IT=1_normalized,SCENARIO Table 3 midpoints,1
2012-07-10 15:00:00+00:00,KFQD,25.666666666666668,80.20851157152859,1.3195029478312819,2.4977301965508616,TRANSFERRED_MODEL,SCENARIO_P_IT=1_normalized,SCENARIO Table 3 midpoints,1
2012-07-10 16:00:00+00:00,KFQD,27.666666666666668,68.44957752713302,1.319861277017818,2.4984495404075657,TRANSFERRED_MODEL,SCENARIO_P_IT=1_normalized,SCENARIO Table 3 midpoints,1
2012-07-10 17:00:00+00:00,KFQD,23.666666666666668,86.78356165093597,1.3161095301054053,2.4894944035527327,TRANSFERRED_MODEL,SCENARIO_P_IT=1_normalized,SCENARIO Table 3 midpoints,1
2012-07-10 18:00:00+00:00,KFQD,22.0,94.0625242758801,1.313816383091877,2.483907663712394,TRANSFERRED_MODEL,SCENARIO_P_IT=1_normalized,SCENARIO Table 3 midpoints,1
2012-07-10 19:00:00+00:00,KFQD,22.666666666666668,92.191103847926,1.3152225981722758,2.4872440410351127,TRANSFERRED_MODEL,SCENARIO_P_IT=1_normalized,SCENARIO Table 3 midpoints,1
2012-07-10 20:00:00+00:00,KFQD,22.33333333333333,97.99037010930763,1.316454066060858,2.490260634246701,TRANSFERRED_MODEL,SCENARIO_P_IT=1_normalized,SCENARIO Table 3 midpoints,1
2012-07-10 21:00:00+00:00,KFQD,22.666666666666668,96.02601737997828,1.3167678969125738,2.4910084661279965,TRANSFERRED_MODEL,SCENARIO_P_IT=1_normalized,SCENARIO Table 3 midpoints,1
2012-07-10 22:00:00+00:00,KFQD,24.666666666666668,90.4618519154735,1.3210775860242918,2.5013572103568795,TRANSFERRED_MODEL,SCENARIO_P_IT=1_normalized,SCENARIO Table 3 midpoints,1
2012-07-10 23:00:00+00:00,KFQD,23.33333333333333,92.22867866479444,1.3173527728252856,2.4925046483192346,TRANSFERRED_MODEL,SCENARIO_P_IT=1_normalized,SCENARIO Table 3 midpoints,1
2012-07-11 00:00:00+00:00,KFQD,23.0,94.10581804007526,1.3170105527985554,2.4917581700906757,TRANSFERRED_MODEL,SCENARIO_P_IT=1_normalized,SCENARIO Table 3 midpoints,1
2012-07-11 01:00:00+00:00,KFQD,22.33333333333333,88.46380823732252,1.3125755277501685,2.481083609850878,TRANSFERRED_MODEL,SCENARIO_P_IT=1_normalized,SCENARIO Table 3 midpoints,1
2012-07-11 02:00:00+00:00,KFQD,21.0,94.01875700103768,1.3105960208713963,2.4763150288719373,TRANSFERRED_MODEL,SCENARIO_P_IT=1_normalized,SCENARIO Table 3 midpoints,1
2012-07-11 03:00:00+00:00,KFQD,20.0,95.9465959012407,1.308252918630224,2.470625225551778,TRANSFERRED_MODEL,SCENARIO_P_IT=1_normalized,SCENARIO Table 3 midpoints,1
2012-07-11 04:00:00+00:00,KFQD,20.0,100.0,1.309638255356206,2.4740412013421844,TRANSFERRED_MODEL,SCENARIO_P_IT=1_normalized,SCENARIO Table 3 midpoints,1
2012-07-11 05:00:00+00:00,KFQD,20.0,100.0,1.3096565881532947,2.474041201342515,TRANSFERRED_MODEL,SCENARIO_P_IT=1_normalized,SCENARIO Table 3 midpoints,1
2012-07-11 06:00:00+00:00,KFQD,20.0,100.0,1.3096565881532947,2.474041201342515,TRANSFERRED_MODEL,SCENARIO_P_IT=1_normalized,SCENARIO Table 3 midpoints,1
2012-07-11 07:00:00+00:00,KFQD,20.0,100.0,1.3096449202985996,2.4740412013423327,TRANSFERRED_MODEL,SCENARIO_P_IT=1_normalized,SCENARIO Table 3 midpoints,1
2012-07-11 08:00:00+00:00,KFQD,20.0,100.0,1.3096449202985996,2.4740412013423327,TRANSFERRED_MODEL,SCENARIO_P_IT=1_normalized,SCENARIO Table 3 midpoints,1
2012-07-11 09:00:00+00:00,KFQD,20.0,100.0,1.309679939930829,2.4740412013416755,TRANSFERRED_MODEL,SCENARIO_P_IT=1_normalized,SCENARIO Table 3 midpoints,1
2012-07-11 10:00:00+00:00,KFQD,20.0,100.0,1.3096966329031499,2.4740412013419792,TRANSFERRED_MODEL,SCENARIO_P_IT=1_normalized,SCENARIO Table 3 midpoints,1
2012-07-11 11:00:00+00:00,KFQD,20.0,100.0,1.3096332577956116,2.4740412013420876,TRANSFERRED_MODEL,SCENARIO_P_IT=1_normalized,SCENARIO Table 3 midpoints,1
2012-07-11 12:00:00+00:00,KFQD,20.666666666666668,95.96667141942416,1.310215127966824,2.4755590392745686,TRANSFERRED_MODEL,SCENARIO_P_IT=1_normalized,SCENARIO Table 3 midpoints,1
2012-07-11 13:00:00+00:00,KFQD,21.33333333333333,94.0333991252197,1.311530048863661,2.478822652060297,TRANSFERRED_MODEL,SCENARIO_P_IT=1_normalized,SCENARIO Table 3 midpoints,1
2012-07-11 14:00:00+00:00,KFQD,22.0,94.0625242758801,1.3136168914910262,2.483914126319256,TRANSFERRED_MODEL,SCENARIO_P_IT=1_normalized,SCENARIO Table 3 midpoints,1
2012-07-11 15:00:00+00:00,KFQD,22.666666666666668,86.690428639266,1.31277261500949,2.481846319626661,TRANSFERRED_MODEL,SCENARIO_P_IT=1_normalized,SCENARIO Table 3 midpoints,1
2012-07-11 16:00:00+00:00,KFQD,22.0,88.4364161279818,1.3114287455608344,2.47859125696611,TRANSFERRED_MODEL,SCENARIO_P_IT=1_normalized,SCENARIO Table 3 midpoints,1
2012-07-11 17:00:00+00:00,KFQD,22.666666666666668,86.690428639266,1.312785520484069,2.481845330117531,TRANSFERRED_MODEL,SCENARIO_P_IT=1_normalized,SCENARIO Table 3 midpoints,1
2012-07-11 18:00:00+00:00,KFQD,23.33333333333333,81.56373805333678,1.3127176747342033,2.4816109161835818,TRANSFERRED_MODEL,SCENARIO_P_IT=1_normalized,SCENARIO Table 3 midpoints,1
2012-07-11 19:00:00+00:00,KFQD,22.666666666666668,84.92196832128572,1.3121030023431373,2.4800998379971513,TRANSFERRED_MODEL,SCENARIO_P_IT=1_normalized,SCENARIO Table 3 midpoints,1
2012-07-11 20:00:00+00:00,KFQD,20.666666666666668,86.50126813549916,1.306868530102385,2.4672423043088223,TRANSFERRED_MODEL,SCENARIO_P_IT=1_normalized,SCENARIO Table 3 midpoints,1
2012-07-11 21:00:00+00:00,KFQD,20.0,88.27004464253949,1.3055968824436304,2.464133207122469,TRANSFERRED_MODEL,SCENARIO_P_IT=1_normalized,SCENARIO Table 3 midpoints,1
2012-07-11 22:00:00+00:00,KFQD,20.0,92.03808774851429,1.30687572561949,2.467324659261459,TRANSFERRED_MODEL,SCENARIO_P_IT=1_normalized,SCENARIO Table 3 midpoints,1
2012-07-11 23:00:00+00:00,KFQD,20.0,93.97450936662143,1.307539933147399,2.468961291978406,TRANSFERRED_MODEL,SCENARIO_P_IT=1_normalized,SCENARIO Table 3 midpoints,1
2012-07-12 00:00:00+00:00,KFQD,20.0,93.97450936662143,1.3075284478705778,2.468961656647371,TRANSFERRED_MODEL,SCENARIO_P_IT=1_normalized,SCENARIO Table 3 midpoints,1
2012-07-12 01:00:00+00:00,KFQD,20.0,93.97450936662143,1.307494023858747,2.4689627503366616,TRANSFERRED_MODEL,SCENARIO_P_IT=1_normalized,SCENARIO Table 3 midpoints,1
2012-07-12 02:00:00+00:00,KFQD,20.0,93.97450936662143,1.3074678280291536,2.4689635833042813,TRANSFERRED_MODEL,SCENARIO_P_IT=1_normalized,SCENARIO Table 3 midpoints,1
2012-07-12 03:00:00+00:00,KFQD,20.0,90.13678067195194,1.3061474760809928,2.4657197493299923,TRANSFERRED_MODEL,SCENARIO_P_IT=1_normalized,SCENARIO Table 3 midpoints,1
2012-07-12 04:00:00+00:00,KFQD,19.33333333333333,91.99914161977898,1.3048954119615737,2.462604303432546,TRANSFERRED_MODEL,SCENARIO_P_IT=1_normalized,SCENARIO Table 3 midpoints,1
2012-07-12 05:00:00+00:00,KFQD,19.0,93.92977440102698,1.304600745652404,2.461836027912218,TRANSFERRED_MODEL,SCENARIO_P_IT=1_normalized,SCENARIO Table 3 midpoints,1
2012-07-12 06:00:00+00:00,KFQD,19.0,93.92977440102698,1.304617926450858,2.461835488151688,TRANSFERRED_MODEL,SCENARIO_P_IT=1_normalized,SCENARIO Table 3 midpoints,1
2012-07-12 07:00:00+00:00,KFQD,19.0,90.06500416541498,1.3033948509032,2.4587455433147403,TRANSFERRED_MODEL,SCENARIO_P_IT=1_normalized,SCENARIO Table 3 midpoints,1
2012-07-12 08:00:00+00:00,KFQD,18.666666666666668,90.04090786510619,1.3024913467336008,2.456468690396951,TRANSFERRED_MODEL,SCENARIO_P_IT=1_normalized,SCENARIO Table 3 midpoints,1
2012-07-12 09:00:00+00:00,KFQD,18.0,93.88454500736408,1.301861022623797,2.4549254936507943,TRANSFERRED_MODEL,SCENARIO_P_IT=1_normalized,SCENARIO Table 3 midpoints,1
2012-07-12 10:00:00+00:00,KFQD,18.0,93.88454500736408,1.3018413952645613,2.454926102453681,TRANSFERRED_MODEL,SCENARIO_P_IT=1_normalized,SCENARIO Table 3 midpoints,1
2012-07-12 11:00:00+00:00,KFQD,18.0,97.92375582673634,1.303013186445771,2.4579694937566834,TRANSFERRED_MODEL,SCENARIO_P_IT=1_normalized,SCENARIO Table 3 midpoints,1
2012-07-12 12:00:00+00:00,KFQD,18.0,97.92375582673634,1.3029967279542332,2.4579696641026514,TRANSFERRED_MODEL,SCENARIO_P_IT=1_normalized,SCENARIO Table 3 midpoints,1
2012-07-12 13:00:00+00:00,KFQD,18.0,100.0,1.3036037974065937,2.4595300753119735,TRANSFERRED_MODEL,SCENARIO_P_IT=1_normalized,SCENARIO Table 3 midpoints,1
2012-07-12 14:00:00+00:00,KFQD,18.666666666666668,95.9059958782818,1.304229165949989,2.461069176138153,TRANSFERRED_MODEL,SCENARIO_P_IT=1_normalized,SCENARIO Table 3 midpoints,1
2012-07-12 15:00:00+00:00,KFQD,20.0,88.27004464253949,1.3054611970713614,2.4641418528020194,TRANSFERRED_MODEL,SCENARIO_P_IT=1_normalized,SCENARIO Table 3 midpoints,1
2012-07-12 16:00:00+00:00,KFQD,20.0,88.27004464253949,1.3054515342006399,2.464142469756926,TRANSFERRED_MODEL,SCENARIO_P_IT=1_normalized,SCENARIO Table 3 midpoints,1
2012-07-12 17:00:00+00:00,KFQD,20.0,88.27004464253949,1.305456365155769,2.464142161291024,TRANSFERRED_MODEL,SCENARIO_P_IT=1_normalized,SCENARIO Table 3 midpoints,1
2012-07-12 18:00:00+00:00,KFQD,21.0,86.53306606867748,1.3076983218507876,2.4696214582853506,TRANSFERRED_MODEL,SCENARIO_P_IT=1_normalized,SCENARIO Table 3 midpoints,1
2012-07-12 19:00:00+00:00,KFQD,21.0,84.74548078852081,1.3070657436577595,2.468015240738032,TRANSFERRED_MODEL,SCENARIO_P_IT=1_normalized,SCENARIO Table 3 midpoints,1
2012-07-12 20:00:00+00:00,KFQD,21.33333333333333,86.56475488789943,1.3086983983911993,2.4720138108632503,TRANSFERRED_MODEL,SCENARIO_P_IT=1_normalized,SCENARIO Table 3 midpoints,1
2012-07-12 21:00:00+00:00,KFQD,22.0,88.4364161279818,1.311386687983624,2.478594000418117,TRANSFERRED_MODEL,SCENARIO_P_IT=1_normalized,SCENARIO Table 3 midpoints,1
2012-07-12 22:00:00+00:00,KFQD,22.0,88.4364161279818,1.311386687983624,2.478594000418117,TRANSFERRED_MODEL,SCENARIO_P_IT=1_normalized,SCENARIO Table 3 midpoints,1
2012-07-12 23:00:00+00:00,KFQD,21.666666666666668,90.25472374748674,1.3110662504169999,2.477836813831727,TRANSFERRED_MODEL,SCENARIO_P_IT=1_normalized,SCENARIO Table 3 midpoints,1
2012-07-13 00:00:00+00:00,KFQD,21.0,94.01875700103768,1.3104171694675228,2.4763207756823,TRANSFERRED_MODEL,SCENARIO_P_IT=1_normalized,SCENARIO Table 3 midpoints,1
2012-07-13 01:00:00+00:00,KFQD,21.0,92.09598379298126,1.3097150967062352,2.4746032907938083,TRANSFERRED_MODEL,SCENARIO_P_IT=1_normalized,SCENARIO Table 3 midpoints,1
2012-07-13 02:00:00+00:00,KFQD,21.0,94.01875700103768,1.3104040933517471,2.4763211969706296,TRANSFERRED_MODEL,SCENARIO_P_IT=1_normalized,SCENARIO Table 3 midpoints,1
2012-07-13 03:00:00+00:00,KFQD,20.33333333333333,97.9600281764217,1.309746523847795,2.474802026213587,TRANSFERRED_MODEL,SCENARIO_P_IT=1_normalized,SCENARIO Table 3 midpoints,1
2012-07-13 04:00:00+00:00,KFQD,20.0,100.0,1.309432505114834,2.474041201341625,TRANSFERRED_MODEL,SCENARIO_P_IT=1_normalized,SCENARIO Table 3 midpoints,1
2012-07-13 05:00:00+00:00,KFQD,20.0,100.0,1.3094755082190972,2.4740412013427604,TRANSFERRED_MODEL,SCENARIO_P_IT=1_normalized,SCENARIO Table 3 midpoints,1
2012-07-13 06:00:00+00:00,KFQD,20.0,93.97450936662143,1.307456376040148,2.468963947639014,TRANSFERRED_MODEL,SCENARIO_P_IT=1_normalized,SCENARIO Table 3 midpoints,1
2012-07-13 07:00:00+00:00,KFQD,20.0,93.97450936662143,1.307469464458517,2.4689635312508793,TRANSFERRED_MODEL,SCENARIO_P_IT=1_normalized,SCENARIO Table 3 midpoints,1
2012-07-13 08:00:00+00:00,KFQD,20.0,93.97450936662143,1.3074792853034636,2.468963218914804,TRANSFERRED_MODEL,SCENARIO_P_IT=1_normalized,SCENARIO Table 3 midpoints,1
2012-07-13 09:00:00+00:00,KFQD,20.0,93.97450936662143,1.3074449293344859,2.4689643119226288,TRANSFERRED_MODEL,SCENARIO_P_IT=1_normalized,SCENARIO Table 3 midpoints,1
2012-07-13 10:00:00+00:00,KFQD,20.0,100.0,1.3094622687181414,2.4740412013419424,TRANSFERRED_MODEL,SCENARIO_P_IT=1_normalized,SCENARIO Table 3 midpoints,1
2012-07-13 11:00:00+00:00,KFQD,20.33333333333333,97.9600281764217,1.309746523847795,2.474802026213587,TRANSFERRED_MODEL,SCENARIO_P_IT=1_normalized,SCENARIO Table 3 midpoints,1
2012-07-13 12:00:00+00:00,KFQD,21.0,95.97665369360048,1.3110700276508014,2.4780688824464248,TRANSFERRED_MODEL,SCENARIO_P_IT=1_normalized,SCENARIO Table 3 midpoints,1
2012-07-13 13:00:00+00:00,KFQD,21.0,100.0,1.312505399799628,2.4816506205021254,TRANSFERRED_MODEL,SCENARIO_P_IT=1_normalized,SCENARIO Table 3 midpoints,1
2012-07-13 14:00:00+00:00,KFQD,21.0,100.0,1.3125153132384506,2.4816506205025806,TRANSFERRED_MODEL,SCENARIO_P_IT=1_normalized,SCENARIO Table 3 midpoints,1
2012-07-13 15:00:00+00:00,KFQD,22.0,96.00638073234109,1.3142157193366304,2.485752437585642,TRANSFERRED_MODEL,SCENARIO_P_IT=1_normalized,SCENARIO Table 3 midpoints,1
2012-07-13 16:00:00+00:00,KFQD,23.33333333333333,86.75262325839572,1.3147436528649301,2.486935543187642,TRANSFERRED_MODEL,SCENARIO_P_IT=1_normalized,SCENARIO Table 3 midpoints,1
2012-07-13 17:00:00+00:00,KFQD,23.0,94.10581804007526,1.3167408058286085,2.4917670216979695,TRANSFERRED_MODEL,SCENARIO_P_IT=1_normalized,SCENARIO Table 3 midpoints,1
2012-07-13 18:00:00+00:00,KFQD,23.33333333333333,90.3706029631585,1.3163002993559416,2.4906240011347722,TRANSFERRED_MODEL,SCENARIO_P_IT=1_normalized,SCENARIO Table 3 midpoints,1
2012-07-13 19:00:00+00:00,KFQD,24.666666666666668,85.12986575925783,1.3183469233870562,2.4955132949668006,TRANSFERRED_MODEL,SCENARIO_P_IT=1_normalized,SCENARIO Table 3 midpoints,1
2012-07-13 20:00:00+00:00,KFQD,25.0,86.90626659622781,1.3202977661509039,2.5001317749147116,TRANSFERRED_MODEL,SCENARIO_P_IT=1_normalized,SCENARIO Table 3 midpoints,1
2012-07-13 21:00:00+00:00,KFQD,26.33333333333333,77.10563825612164,1.319976285663518,2.4992419131405463,TRANSFERRED_MODEL,SCENARIO_P_IT=1_normalized,SCENARIO Table 3 midpoints,1
2012-07-13 22:00:00+00:00,KFQD,26.33333333333333,77.10563825612164,1.3199715774801384,2.499242616890095,TRANSFERRED_MODEL,SCENARIO_P_IT=1_normalized,SCENARIO Table 3 midpoints,1
2012-07-13 23:00:00+00:00,KFQD,21.33333333333333,95.98659921809862,1.3121735337693894,2.4806008264814086,TRANSFERRED_MODEL,SCENARIO_P_IT=1_normalized,SCENARIO Table 3 midpoints,1
2012-07-14 00:00:00+00:00,KFQD,21.0,100.0,1.3125765319578766,2.4816506205035673,TRANSFERRED_MODEL,SCENARIO_P_IT=1_normalized,SCENARIO Table 3 midpoints,1
2012-07-14 01:00:00+00:00,KFQD,21.0,100.0,1.3125500408516435,2.481650620502087,TRANSFERRED_MODEL,SCENARIO_P_IT=1_normalized,SCENARIO Table 3 midpoints,1
2012-07-14 02:00:00+00:00,KFQD,21.0,100.0,1.3125103560335063,2.481650620501077,TRANSFERRED_MODEL,SCENARIO_P_IT=1_normalized,SCENARIO Table 3 midpoints,1
2012-07-14 03:00:00+00:00,KFQD,21.0,100.0,1.3125103560335063,2.481650620501077,TRANSFERRED_MODEL,SCENARIO_P_IT=1_normalized,SCENARIO Table 3 midpoints,1
2012-07-14 04:00:00+00:00,KFQD,21.0,100.0,1.3125103560335063,2.481650620501077,TRANSFERRED_MODEL,SCENARIO_P_IT=1_normalized,SCENARIO Table 3 midpoints,1
2012-07-14 05:00:00+00:00,KFQD,21.0,100.0,1.312520271412624,2.4816506205018087,TRANSFERRED_MODEL,SCENARIO_P_IT=1_normalized,SCENARIO Table 3 midpoints,1
2012-07-14 06:00:00+00:00,KFQD,21.0,100.0,1.3125450768492413,2.481650620501583,TRANSFERRED_MODEL,SCENARIO_P_IT=1_normalized,SCENARIO Table 3 midpoints,1
2012-07-14 07:00:00+00:00,KFQD,21.0,100.0,1.312569906586148,2.4816506205029785,TRANSFERRED_MODEL,SCENARIO_P_IT=1_normalized,SCENARIO Table 3 midpoints,1
2012-07-14 08:00:00+00:00,KFQD,21.0,100.0,1.312569906586148,2.4816506205029785,TRANSFERRED_MODEL,SCENARIO_P_IT=1_normalized,SCENARIO Table 3 midpoints,1
2012-07-14 09:00:00+00:00,KFQD,21.0,100.0,1.3125450768492413,2.481650620501583,TRANSFERRED_MODEL,SCENARIO_P_IT=1_normalized,SCENARIO Table 3 midpoints,1
2012-07-14 10:00:00+00:00,KFQD,21.0,100.0,1.3125219243537318,2.4816506205030637,TRANSFERRED_MODEL,SCENARIO_P_IT=1_normalized,SCENARIO Table 3 midpoints,1
2012-07-14 11:00:00+00:00,KFQD,21.33333333333333,97.97528409920967,1.3128103419913597,2.482407522012039,TRANSFERRED_MODEL,SCENARIO_P_IT=1_normalized,SCENARIO Table 3 midpoints,1
2012-07-14 12:00:00+00:00,KFQD,22.0,100.0,1.3157072310525584,2.489512346542534,TRANSFERRED_MODEL,SCENARIO_P_IT=1_normalized,SCENARIO Table 3 midpoints,1
2012-07-14 13:00:00+00:00,KFQD,22.33333333333333,97.99037010930763,1.316006425599236,2.4902654874933834,TRANSFERRED_MODEL,SCENARIO_P_IT=1_normalized,SCENARIO Table 3 midpoints,1
2012-07-14 14:00:00+00:00,KFQD,24.33333333333333,83.37685936484132,1.3163583909357266,2.491028919390159,TRANSFERRED_MODEL,SCENARIO_P_IT=1_normalized,SCENARIO Table 3 midpoints,1
2012-07-14 15:00:00+00:00,KFQD,25.666666666666668,75.44615066829118,1.316869989068681,2.4922103368599156,TRANSFERRED_MODEL,SCENARIO_P_IT=1_normalized,SCENARIO Table 3 midpoints,1
2012-07-14 16:00:00+00:00,KFQD,26.0,73.97062900551056,1.3171902194264984,2.492960361019306,TRANSFERRED_MODEL,SCENARIO_P_IT=1_normalized,SCENARIO Table 3 midpoints,1
2012-07-14 17:00:00+00:00,KFQD,27.666666666666668,69.8605286006092,1.320334395498461,2.500364554426638,TRANSFERRED_MODEL,SCENARIO_P_IT=1_normalized,SCENARIO Table 3 midpoints,1
2012-07-14 18:00:00+00:00,KFQD,28.33333333333333,64.50671379604289,1.3194901497987543,2.4981798729033295,TRANSFERRED_MODEL,SCENARIO_P_IT=1_normalized,SCENARIO Table 3 midpoints,1
2012-07-14 19:00:00+00:00,KFQD,29.33333333333333,57.23356536308285,1.1117466220746048,0.0,TRANSFERRED_MODEL,SCENARIO_P_IT=1_normalized,SCENARIO Table 3 midpoints,1
2012-07-14 20:00:00+00:00,KFQD,28.666666666666668,63.26955683000357,1.3198459327177066,2.498914967138694,TRANSFERRED_MODEL,SCENARIO_P_IT=1_normalized,SCENARIO Table 3 midpoints,1
2012-07-14 21:00:00+00:00,KFQD,29.33333333333333,59.63900228751549,1.1117715746305739,0.0,TRANSFERRED_MODEL,SCENARIO_P_IT=1_normalized,SCENARIO Table 3 midpoints,1
2012-07-14 22:00:00+00:00,KFQD,28.666666666666668,60.724003452208265,1.1117833830608213,0.0,TRANSFERRED_MODEL,SCENARIO_P_IT=1_normalized,SCENARIO Table 3 midpoints,1
2012-07-14 23:00:00+00:00,KFQD,27.33333333333333,71.2367800259064,1.3201106019998619,2.49959981272693,TRANSFERRED_MODEL,SCENARIO_P_IT=1_normalized,SCENARIO Table 3 midpoints,1
2012-07-15 00:00:00+00:00,KFQD,25.33333333333333,85.1982399342548,1.3205686098949823,2.5008815021478497,TRANSFERRED_MODEL,SCENARIO_P_IT=1_normalized,SCENARIO Table 3 midpoints,1
2012-07-15 01:00:00+00:00,KFQD,24.0,90.41638731761203,1.3184805485230509,2.495940177020813,TRANSFERRED_MODEL,SCENARIO_P_IT=1_normalized,SCENARIO Table 3 midpoints,1
2012-07-15 02:00:00+00:00,KFQD,23.0,94.10581804007526,1.3166934098328555,2.4917685841028976,TRANSFERRED_MODEL,SCENARIO_P_IT=1_normalized,SCENARIO Table 3 midpoints,1
2012-07-15 03:00:00+00:00,KFQD,23.0,94.10581804007526,1.3166770873703035,2.4917691226670344,TRANSFERRED_MODEL,SCENARIO_P_IT=1_normalized,SCENARIO Table 3 midpoints,1
2012-07-15 04:00:00+00:00,KFQD,22.33333333333333,97.99037010930763,1.3160557728717563,2.490264949458722,TRANSFERRED_MODEL,SCENARIO_P_IT=1_normalized,SCENARIO Table 3 midpoints,1
2012-07-15 05:00:00+00:00,KFQD,22.0,94.0625242758801,1.3134711725994135,2.483918870144338,TRANSFERRED_MODEL,SCENARIO_P_IT=1_normalized,SCENARIO Table 3 midpoints,1
2012-07-15 06:00:00+00:00,KFQD,21.33333333333333,97.97528409920967,1.3128547785931617,2.4824070431224614,TRANSFERRED_MODEL,SCENARIO_P_IT=1_normalized,SCENARIO Table 3 midpoints,1
2012-07-15 07:00:00+00:00,KFQD,21.0,100.0,1.312569906586148,2.4816506205029785,TRANSFERRED_MODEL,SCENARIO_P_IT=1_normalized,SCENARIO Table 3 midpoints,1
2012-07-15 08:00:00+00:00,KFQD,21.0,94.01875700103768,1.3104040933517471,2.4763211969706296,TRANSFERRED_MODEL,SCENARIO_P_IT=1_normalized,SCENARIO Table 3 midpoints,1
2012-07-15 09:00:00+00:00,KFQD,20.666666666666668,95.96667141942416,1.3100655054451082,2.475562234500747,TRANSFERRED_MODEL,SCENARIO_P_IT=1_normalized,SCENARIO Table 3 midpoints,1
2012-07-15 10:00:00+00:00,KFQD,20.666666666666668,95.96667141942416,1.3100474797438844,2.475562620338938,TRANSFERRED_MODEL,SCENARIO_P_IT=1_normalized,SCENARIO Table 3 midpoints,1
2012-07-15 11:00:00+00:00,KFQD,20.666666666666668,97.96513251975838,1.310744181996424,2.47731003024332,TRANSFERRED_MODEL,SCENARIO_P_IT=1_normalized,SCENARIO Table 3 midpoints,1
2012-07-15 12:00:00+00:00,KFQD,23.0,88.51830793896134,1.3143852414084478,2.486184853337399,TRANSFERRED_MODEL,SCENARIO_P_IT=1_normalized,SCENARIO Table 3 midpoints,1
2012-07-15 13:00:00+00:00,KFQD,25.33333333333333,80.16424993963334,1.3181033721622848,2.4951334291534506,TRANSFERRED_MODEL,SCENARIO_P_IT=1_normalized,SCENARIO Table 3 midpoints,1
2012-07-15 14:00:00+00:00,KFQD,26.666666666666668,74.08186960685258,1.3193543290280647,2.498129764795428,TRANSFERRED_MODEL,SCENARIO_P_IT=1_normalized,SCENARIO Table 3 midpoints,1
2012-07-15 15:00:00+00:00,KFQD,27.666666666666668,69.8605286006092,1.3202963085905735,2.500372645850963,TRANSFERRED_MODEL,SCENARIO_P_IT=1_normalized,SCENARIO Table 3 midpoints,1
2012-07-15 16:00:00+00:00,KFQD,28.666666666666668,63.26955683000357,1.319756421279447,2.4989396579183367,TRANSFERRED_MODEL,SCENARIO_P_IT=1_normalized,SCENARIO Table 3 midpoints,1
2012-07-15 17:00:00+00:00,KFQD,29.33333333333333,59.63900228751549,1.1116912767302383,0.0,TRANSFERRED_MODEL,SCENARIO_P_IT=1_normalized,SCENARIO Table 3 midpoints,1
2012-07-15 18:00:00+00:00,KFQD,27.0,69.73535987777385,1.3182287048069299,2.49519074454429,TRANSFERRED_MODEL,SCENARIO_P_IT=1_normalized,SCENARIO Table 3 midpoints,1
2012-07-15 19:00:00+00:00,KFQD,25.0,78.49764721655077,1.316365989625709,2.490690028645102,TRANSFERRED_MODEL,SCENARIO_P_IT=1_normalized,SCENARIO Table 3 midpoints,1
2012-07-15 20:00:00+00:00,KFQD,25.0,78.49764721655077,1.3163990507409757,2.49068553594972,TRANSFERRED_MODEL,SCENARIO_P_IT=1_normalized,SCENARIO Table 3 midpoints,1
2012-07-16 00:00:00+00:00,KFQD,25.33333333333333,81.81247668670312,1.319052600109499,2.49700065563719,TRANSFERRED_MODEL,SCENARIO_P_IT=1_normalized,SCENARIO Table 3 midpoints,1
2012-07-16 01:00:00+00:00,KFQD,23.33333333333333,94.12014523663288,1.3179279504267414,2.4944393381333585,TRANSFERRED_MODEL,SCENARIO_P_IT=1_normalized,SCENARIO Table 3 midpoints,1
2012-07-16 02:00:00+00:00,KFQD,22.666666666666668,96.02601737997828,1.3164945676579618,2.4910144058107133,TRANSFERRED_MODEL,SCENARIO_P_IT=1_normalized,SCENARIO Table 3 midpoints,1
2012-07-16 03:00:00+00:00,KFQD,22.0,100.0,1.315864604216472,2.489512346541612,TRANSFERRED_MODEL,SCENARIO_P_IT=1_normalized,SCENARIO Table 3 midpoints,1
2012-07-16 04:00:00+00:00,KFQD,22.0,97.98536016287396,1.3150914067472506,2.487615509747883,TRANSFERRED_MODEL,SCENARIO_P_IT=1_normalized,SCENARIO Table 3 midpoints,1
2012-07-16 05:00:00+00:00,KFQD,21.33333333333333,97.97528409920967,1.3129637327876826,2.482405871442898,TRANSFERRED_MODEL,SCENARIO_P_IT=1_normalized,SCENARIO Table 3 midpoints,1
2012-07-16 06:00:00+00:00,KFQD,21.0,100.0,1.3126678066613573,2.481650620502647,TRANSFERRED_MODEL,SCENARIO_P_IT=1_normalized,SCENARIO Table 3 midpoints,1
2012-07-16 07:00:00+00:00,KFQD,20.666666666666668,97.96513251975838,1.3109174650853272,2.4773081806098185,TRANSFERRED_MODEL,SCENARIO_P_IT=1_normalized,SCENARIO Table 3 midpoints,1
2012-07-16 08:00:00+00:00,KFQD,20.33333333333333,97.9600281764217,1.309914955037272,2.474800236091895,TRANSFERRED_MODEL,SCENARIO_P_IT=1_normalized,SCENARIO Table 3 midpoints,1
2012-07-16 09:00:00+00:00,KFQD,20.0,100.0,1.3096066207212613,2.474041201342422,TRANSFERRED_MODEL,SCENARIO_P_IT=1_normalized,SCENARIO Table 3 midpoints,1
2012-07-16 10:00:00+00:00,KFQD,20.0,100.0,1.3095883239163146,2.4740412013414415,TRANSFERRED_MODEL,SCENARIO_P_IT=1_normalized,SCENARIO Table 3 midpoints,1
2012-07-16 11:00:00+00:00,KFQD,20.33333333333333,97.9600281764217,1.309885149950706,2.474800552264321,TRANSFERRED_MODEL,SCENARIO_P_IT=1_normalized,SCENARIO Table 3 midpoints,1
2012-07-16 12:00:00+00:00,KFQD,21.666666666666668,95.99650817175832,1.3133027056660043,2.4831601059947075,TRANSFERRED_MODEL,SCENARIO_P_IT=1_normalized,SCENARIO Table 3 midpoints,1
2012-07-16 13:00:00+00:00,KFQD,23.33333333333333,86.75262325839572,1.3148740393253644,2.4869254534527596,TRANSFERRED_MODEL,SCENARIO_P_IT=1_normalized,SCENARIO Table 3 midpoints,1
2012-07-16 14:00:00+00:00,KFQD,25.666666666666668,77.0052889991056,1.3178417597736807,2.494000458397719,TRANSFERRED_MODEL,SCENARIO_P_IT=1_normalized,SCENARIO Table 3 midpoints,1
2012-07-16 15:00:00+00:00,KFQD,27.666666666666668,67.06366804691737,1.3189777607162234,2.496658271939567,TRANSFERRED_MODEL,SCENARIO_P_IT=1_normalized,SCENARIO Table 3 midpoints,1
2012-07-16 16:00:00+00:00,KFQD,29.33333333333333,62.132633902369086,1.3213226417980155,2.50219381767682,TRANSFERRED_MODEL,SCENARIO_P_IT=1_normalized,SCENARIO Table 3 midpoints,1
2012-07-16 17:00:00+00:00,KFQD,30.0,59.79200330223211,1.3219972759269814,2.5036644536902655,TRANSFERRED_MODEL,SCENARIO_P_IT=1_normalized,SCENARIO Table 3 midpoints,1
2012-07-16 18:00:00+00:00,KFQD,30.666666666666668,56.38508177359256,1.3219131560064192,2.5033179614029373,TRANSFERRED_MODEL,SCENARIO_P_IT=1_normalized,SCENARIO Table 3 midpoints,1
2012-07-16 19:00:00+00:00,KFQD,31.0,55.321861254558726,1.3221134023823862,2.5040429314939163,TRANSFERRED_MODEL,SCENARIO_P_IT=1_normalized,SCENARIO Table 3 midpoints,1
2012-07-16 20:00:00+00:00,KFQD,31.666666666666668,54.3632709535256,1.3235083472232279,2.5073304930226157,TRANSFERRED_MODEL,SCENARIO_P_IT=1_normalized,SCENARIO Table 3 midpoints,1
2012-07-16 21:00:00+00:00,KFQD,29.0,63.34155860029955,1.321140102348555,2.5014144155794846,TRANSFERRED_MODEL,SCENARIO_P_IT=1_normalized,SCENARIO Table 3 midpoints,1
2012-07-16 22:00:00+00:00,KFQD,25.33333333333333,75.39286426955977,1.111961299239057,0.0,TRANSFERRED_MODEL,SCENARIO_P_IT=1_normalized,SCENARIO Table 3 midpoints,1
2012-07-16 23:00:00+00:00,KFQD,23.0,88.51830793896134,1.3147076615140036,2.486163601013385,TRANSFERRED_MODEL,SCENARIO_P_IT=1_normalized,SCENARIO Table 3 midpoints,1
2012-07-17 00:00:00+00:00,KFQD,22.33333333333333,88.46380823732252,1.3126309253590402,2.4810800005492943,TRANSFERRED_MODEL,SCENARIO_P_IT=1_normalized,SCENARIO Table 3 midpoints,1
2012-07-17 01:00:00+00:00,KFQD,22.0,88.4364161279818,1.3116238050055966,2.4785785764694923,TRANSFERRED_MODEL,SCENARIO_P_IT=1_normalized,SCENARIO Table 3 midpoints,1
2012-07-17 02:00:00+00:00,KFQD,21.0,94.01875700103768,1.3106454725168253,2.4763134449712156,TRANSFERRED_MODEL,SCENARIO_P_IT=1_normalized,SCENARIO Table 3 midpoints,1
2012-07-17 03:00:00+00:00,KFQD,21.0,94.01875700103768,1.3106405229336922,2.476313603405434,TRANSFERRED_MODEL,SCENARIO_P_IT=1_normalized,SCENARIO Table 3 midpoints,1
2012-07-17 04:00:00+00:00,KFQD,21.0,94.01875700103768,1.3106751906736616,2.4763124941721313,TRANSFERRED_MODEL,SCENARIO_P_IT=1_normalized,SCENARIO Table 3 midpoints,1
2012-07-17 05:00:00+00:00,KFQD,21.0,94.01875700103768,1.3106900630430598,2.4763120186429353,TRANSFERRED_MODEL,SCENARIO_P_IT=1_normalized,SCENARIO Table 3 midpoints,1
2012-07-17 06:00:00+00:00,KFQD,20.666666666666668,95.96667141942416,1.3103988528320074,2.475555133856136,TRANSFERRED_MODEL,SCENARIO_P_IT=1_normalized,SCENARIO Table 3 midpoints,1
2012-07-17 07:00:00+00:00,KFQD,20.33333333333333,97.9600281764217,1.310109550200283,2.4747981781628527,TRANSFERRED_MODEL,SCENARIO_P_IT=1_normalized,SCENARIO Table 3 midpoints,1
2012-07-17 08:00:00+00:00,KFQD,20.666666666666668,94.00406150457935,1.309730291552216,2.473832385753109,TRANSFERRED_MODEL,SCENARIO_P_IT=1_normalized,SCENARIO Table 3 midpoints,1
2012-07-17 09:00:00+00:00,KFQD,20.33333333333333,92.05745585419642,1.3080415182179967,2.469715452469638,TRANSFERRED_MODEL,SCENARIO_P_IT=1_normalized,SCENARIO Table 3 midpoints,1
2012-07-17 10:00:00+00:00,KFQD,21.0,88.35366560432122,1.3086381682687,2.4712359470020964,TRANSFERRED_MODEL,SCENARIO_P_IT=1_normalized,SCENARIO Table 3 midpoints,1
2012-07-17 11:00:00+00:00,KFQD,21.0,92.09598379298126,1.3099784977721685,2.474592008708481,TRANSFERRED_MODEL,SCENARIO_P_IT=1_normalized,SCENARIO Table 3 midpoints,1
2012-07-17 12:00:00+00:00,KFQD,23.666666666666668,83.30058950907544,1.3145859771051613,2.485863711956045,TRANSFERRED_MODEL,SCENARIO_P_IT=1_normalized,SCENARIO Table 3 midpoints,1
2012-07-17 13:00:00+00:00,KFQD,27.0,69.73535987777385,1.3184591577678793,2.495142458616998,TRANSFERRED_MODEL,SCENARIO_P_IT=1_normalized,SCENARIO Table 3 midpoints,1
2012-07-17 14:00:00+00:00,KFQD,29.0,63.34155860029955,1.3210993567129337,2.501425601882592,TRANSFERRED_MODEL,SCENARIO_P_IT=1_normalized,SCENARIO Table 3 midpoints,1
2012-07-17 15:00:00+00:00,KFQD,30.0,58.58138510397075,1.3212928699940214,2.5018325686527354,TRANSFERRED_MODEL,SCENARIO_P_IT=1_normalized,SCENARIO Table 3 midpoints,1
2012-07-17 16:00:00+00:00,KFQD,30.666666666666668,54.11651466869436,1.1119527062188401,5.190854551532525e-16,TRANSFERRED_MODEL,SCENARIO_P_IT=1_normalized,SCENARIO Table 3 midpoints,1
2012-07-17 17:00:00+00:00,KFQD,30.666666666666668,53.01255301755038,1.111965302244722,5.187263468825419e-16,TRANSFERRED_MODEL,SCENARIO_P_IT=1_normalized,SCENARIO Table 3 midpoints,1
2012-07-17 18:00:00+00:00,KFQD,30.666666666666668,56.38508177359256,1.3219908854607816,2.5032903113867073,TRANSFERRED_MODEL,SCENARIO_P_IT=1_normalized,SCENARIO Table 3 midpoints,1
2012-07-17 19:00:00+00:00,KFQD,31.33333333333333,54.28119994994176,1.3224829210169409,2.5047614032730974,TRANSFERRED_MODEL,SCENARIO_P_IT=1_normalized,SCENARIO Table 3 midpoints,1
2012-07-17 20:00:00+00:00,KFQD,30.33333333333333,57.4714040971817,1.3217180718962604,2.5025361317586636,TRANSFERRED_MODEL,SCENARIO_P_IT=1_normalized,SCENARIO Table 3 midpoints,1
2012-08-03 16:00:00+00:00,KFQD,27.5,71.99532077295764,1.3212267395735844,2.501820764150279,TRANSFERRED_MODEL,SCENARIO_P_IT=1_normalized,SCENARIO Table 3 midpoints,1
2012-08-03 17:00:00+00:00,KFQD,28.0,72.81656416256389,1.3233052071531646,2.5067970732591336,TRANSFERRED_MODEL,SCENARIO_P_IT=1_normalized,SCENARIO Table 3 midpoints,1
2012-08-03 18:00:00+00:00,KFQD,28.33333333333333,72.87386677174639,1.3244724179695662,2.509512193099695,TRANSFERRED_MODEL,SCENARIO_P_IT=1_normalized,SCENARIO Table 3 midpoints,1
2012-08-03 19:00:00+00:00,KFQD,29.0,65.9764050234237,1.322700905450035,2.505143212458819,TRANSFERRED_MODEL,SCENARIO_P_IT=1_normalized,SCENARIO Table 3 midpoints,1
2012-08-03 20:00:00+00:00,KFQD,29.0,65.9764050234237,1.3227070067784823,2.5051416886075706,TRANSFERRED_MODEL,SCENARIO_P_IT=1_normalized,SCENARIO Table 3 midpoints,1
2012-08-03 21:00:00+00:00,KFQD,29.0,70.10874183711726,1.3251434466063987,2.5109804585405717,TRANSFERRED_MODEL,SCENARIO_P_IT=1_normalized,SCENARIO Table 3 midpoints,1
2012-08-03 22:00:00+00:00,KFQD,28.666666666666668,71.47623842248736,1.3248328641217797,2.5102417779582846,TRANSFERRED_MODEL,SCENARIO_P_IT=1_normalized,SCENARIO Table 3 midpoints,1
2012-08-03 23:00:00+00:00,KFQD,28.0,78.9202680701639,1.3267676806875874,2.514913228625651,TRANSFERRED_MODEL,SCENARIO_P_IT=1_normalized,SCENARIO Table 3 midpoints,1
2012-08-04 00:00:00+00:00,KFQD,26.666666666666668,85.33362450558138,1.3254722446916785,2.511967025423533,TRANSFERRED_MODEL,SCENARIO_P_IT=1_normalized,SCENARIO Table 3 midpoints,1
2012-08-04 01:00:00+00:00,KFQD,26.0,88.7589455109383,1.3247981957982802,2.5104923066627856,TRANSFERRED_MODEL,SCENARIO_P_IT=1_normalized,SCENARIO Table 3 midpoints,1
2012-08-04 02:00:00+00:00,KFQD,26.0,88.7589455109383,1.3247704799079798,2.5104941861710626,TRANSFERRED_MODEL,SCENARIO_P_IT=1_normalized,SCENARIO Table 3 midpoints,1
2012-08-04 03:00:00+00:00,KFQD,25.33333333333333,85.1982399342548,1.3207438348723983,2.500865673842847,TRANSFERRED_MODEL,SCENARIO_P_IT=1_normalized,SCENARIO Table 3 midpoints,1
2012-08-04 04:00:00+00:00,KFQD,22.666666666666668,96.02601737997828,1.3165936160665175,2.491012248050914,TRANSFERRED_MODEL,SCENARIO_P_IT=1_normalized,SCENARIO Table 3 midpoints,1
2012-08-04 05:00:00+00:00,KFQD,22.666666666666668,96.02601737997828,1.3165539497191987,2.491013111446337,TRANSFERRED_MODEL,SCENARIO_P_IT=1_normalized,SCENARIO Table 3 midpoints,1
2012-08-04 06:00:00+00:00,KFQD,22.0,100.0,1.315924496091709,2.4895123465408573,TRANSFERRED_MODEL,SCENARIO_P_IT=1_normalized,SCENARIO Table 3 midpoints,1
2012-08-04 07:00:00+00:00,KFQD,22.0,100.0,1.3159494927208482,2.4895123465406646,TRANSFERRED_MODEL,SCENARIO_P_IT=1_normalized,SCENARIO Table 3 midpoints,1
2012-08-04 08:00:00+00:00,KFQD,22.0,94.0625242758801,1.3136612678437836,2.483912685563913,TRANSFERRED_MODEL,SCENARIO_P_IT=1_normalized,SCENARIO Table 3 midpoints,1
2012-08-04 09:00:00+00:00,KFQD,22.0,94.0625242758801,1.3136662034393845,2.48391252543333,TRANSFERRED_MODEL,SCENARIO_P_IT=1_normalized,SCENARIO Table 3 midpoints,1
2012-08-04 10:00:00+00:00,KFQD,22.0,94.0625242758801,1.3136333179477406,2.483913592795157,TRANSFERRED_MODEL,SCENARIO_P_IT=1_normalized,SCENARIO Table 3 midpoints,1
2012-08-04 11:00:00+00:00,KFQD,21.666666666666668,97.98033152376708,1.3140178927204162,2.4849964493578938,TRANSFERRED_MODEL,SCENARIO_P_IT=1_normalized,SCENARIO Table 3 midpoints,1
2012-08-04 12:00:00+00:00,KFQD,22.33333333333333,97.99037010930763,1.3161547586099631,2.4902638724807407,TRANSFERRED_MODEL,SCENARIO_P_IT=1_normalized,SCENARIO Table 3 midpoints,1
2012-08-04 13:00:00+00:00,KFQD,23.33333333333333,92.22867866479444,1.3170724790401258,2.4925169616732656,TRANSFERRED_MODEL,SCENARIO_P_IT=1_normalized,SCENARIO Table 3 midpoints,1
2012-08-04 14:00:00+00:00,KFQD,23.0,94.10581804007526,1.3167260870317348,2.4917675066723732,TRANSFERRED_MODEL,SCENARIO_P_IT=1_normalized,SCENARIO Table 3 midpoints,1
2012-08-04 15:00:00+00:00,KFQD,25.0,85.16411007825882,1.3193957572478516,2.49818718525558,TRANSFERRED_MODEL,SCENARIO_P_IT=1_normalized,SCENARIO Table 3 midpoints,1
2012-08-04 16:00:00+00:00,KFQD,26.33333333333333,77.10563825612164,1.3198776160468015,2.499256683858733,TRANSFERRED_MODEL,SCENARIO_P_IT=1_normalized,SCENARIO Table 3 midpoints,1
2012-08-04 17:00:00+00:00,KFQD,27.0,74.13724053720264,1.3205279566942314,2.5007460908467514,TRANSFERRED_MODEL,SCENARIO_P_IT=1_normalized,SCENARIO Table 3 midpoints,1
2012-08-04 18:00:00+00:00,KFQD,26.666666666666668,75.6050388381608,1.320221490994564,2.499998676155755,TRANSFERRED_MODEL,SCENARIO_P_IT=1_normalized,SCENARIO Table 3 midpoints,1
2012-08-04 19:00:00+00:00,KFQD,27.666666666666668,74.2474866555933,1.3228029533891783,2.5060893797944717,TRANSFERRED_MODEL,SCENARIO_P_IT=1_normalized,SCENARIO Table 3 midpoints,1
2012-08-04 20:00:00+00:00,KFQD,28.0,71.35685525041711,1.3223405839694498,2.504880067826983,TRANSFERRED_MODEL,SCENARIO_P_IT=1_normalized,SCENARIO Table 3 midpoints,1
2012-08-04 21:00:00+00:00,KFQD,28.0,69.92284655824665,1.32153986451071,2.5029676361390822,TRANSFERRED_MODEL,SCENARIO_P_IT=1_normalized,SCENARIO Table 3 midpoints,1
2012-08-04 22:00:00+00:00,KFQD,26.0,65.35576219694184,1.1117738928000176,0.0,TRANSFERRED_MODEL,SCENARIO_P_IT=1_normalized,SCENARIO Table 3 midpoints,1
2012-08-04 23:00:00+00:00,KFQD,25.666666666666668,72.41069075205786,1.1117659671013291,0.0,TRANSFERRED_MODEL,SCENARIO_P_IT=1_normalized,SCENARIO Table 3 midpoints,1
2012-08-05 00:00:00+00:00,KFQD,24.33333333333333,83.37685936484132,1.3164808270648212,2.491016543368805,TRANSFERRED_MODEL,SCENARIO_P_IT=1_normalized,SCENARIO Table 3 midpoints,1
2012-08-05 01:00:00+00:00,KFQD,23.666666666666668,88.57243112091828,1.316587979837495,2.4913766744969346,TRANSFERRED_MODEL,SCENARIO_P_IT=1_normalized,SCENARIO Table 3 midpoints,1
2012-08-05 02:00:00+00:00,KFQD,23.0,94.10581804007526,1.3166934098328555,2.4917685841028976,TRANSFERRED_MODEL,SCENARIO_P_IT=1_normalized,SCENARIO Table 3 midpoints,1
2012-08-05 03:00:00+00:00,KFQD,23.0,94.10581804007526,1.3166819829811698,2.4917689611101697,TRANSFERRED_MODEL,SCENARIO_P_IT=1_normalized,SCENARIO Table 3 midpoints,1
2012-08-05 04:00:00+00:00,KFQD,23.0,94.10581804007526,1.3166770873703035,2.4917691226670344,TRANSFERRED_MODEL,SCENARIO_P_IT=1_normalized,SCENARIO Table 3 midpoints,1
2012-08-05 05:00:00+00:00,KFQD,23.0,94.10581804007526,1.3166721927265608,2.491769284215619,TRANSFERRED_MODEL,SCENARIO_P_IT=1_normalized,SCENARIO Table 3 midpoints,1
2012-08-05 06:00:00+00:00,KFQD,22.33333333333333,97.99037010930763,1.3160607129275346,2.4902648956384756,TRANSFERRED_MODEL,SCENARIO_P_IT=1_normalized,SCENARIO Table 3 midpoints,1
2012-08-05 07:00:00+00:00,KFQD,22.0,100.0,1.3157750302938556,2.489512346542417,TRANSFERRED_MODEL,SCENARIO_P_IT=1_normalized,SCENARIO Table 3 midpoints,1
2012-08-05 08:00:00+00:00,KFQD,22.0,100.0,1.3157750302938556,2.489512346542417,TRANSFERRED_MODEL,SCENARIO_P_IT=1_normalized,SCENARIO Table 3 midpoints,1
2012-08-05 09:00:00+00:00,KFQD,22.0,97.98536016287396,1.3149791551819705,2.487616726018703,TRANSFERRED_MODEL,SCENARIO_P_IT=1_normalized,SCENARIO Table 3 midpoints,1
2012-08-05 10:00:00+00:00,KFQD,21.33333333333333,97.97528409920967,1.3128202100087145,2.4824074156147793,TRANSFERRED_MODEL,SCENARIO_P_IT=1_normalized,SCENARIO Table 3 midpoints,1
2012-08-05 11:00:00+00:00,KFQD,21.666666666666668,100.0,1.3146259494016572,2.486862928878161,TRANSFERRED_MODEL,SCENARIO_P_IT=1_normalized,SCENARIO Table 3 midpoints,1
2012-08-05 12:00:00+00:00,KFQD,22.33333333333333,97.99037010930763,1.3160047823564802,2.4902655054217364,TRANSFERRED_MODEL,SCENARIO_P_IT=1_normalized,SCENARIO Table 3 midpoints,1
2012-08-05 13:00:00+00:00,KFQD,24.33333333333333,86.84512292707923,1.317882312900282,2.4947764324010424,TRANSFERRED_MODEL,SCENARIO_P_IT=1_normalized,SCENARIO Table 3 midpoints,1
2012-08-05 14:00:00+00:00,KFQD,26.0,78.6398510724195,1.3194630938533343,2.4985233386388734,TRANSFERRED_MODEL,SCENARIO_P_IT=1_normalized,SCENARIO Table 3 midpoints,1
2012-08-05 15:00:00+00:00,KFQD,27.33333333333333,72.70145244911555,1.320734570087991,2.5015120632714085,TRANSFERRED_MODEL,SCENARIO_P_IT=1_normalized,SCENARIO Table 3 midpoints,1
2012-08-05 16:00:00+00:00,KFQD,28.0,65.77119451823714,1.319095025019737,2.4974531276003997,TRANSFERRED_MODEL,SCENARIO_P_IT=1_normalized,SCENARIO Table 3 midpoints,1
2012-08-05 17:00:00+00:00,KFQD,29.0,63.34155860029955,1.3208401265981464,2.5014971483966915,TRANSFERRED_MODEL,SCENARIO_P_IT=1_normalized,SCENARIO Table 3 midpoints,1
2012-08-05 18:00:00+00:00,KFQD,29.0,63.34155860029955,1.320874407956922,2.501487649242183,TRANSFERRED_MODEL,SCENARIO_P_IT=1_normalized,SCENARIO Table 3 midpoints,1
2012-08-05 19:00:00+00:00,KFQD,29.0,64.64721808471815,1.3216778245138616,2.5033249586816804,TRANSFERRED_MODEL,SCENARIO_P_IT=1_normalized,SCENARIO Table 3 midpoints,1
2012-08-05 20:00:00+00:00,KFQD,29.666666666666668,62.20600884999276,1.322330100205476,2.5048052164456003,TRANSFERRED_MODEL,SCENARIO_P_IT=1_normalized,SCENARIO Table 3 midpoints,1
2012-08-05 21:00:00+00:00,KFQD,29.666666666666668,60.94965369892679,1.3215768753783093,2.5029548128987305,TRANSFERRED_MODEL,SCENARIO_P_IT=1_normalized,SCENARIO Table 3 midpoints,1
2012-08-05 22:00:00+00:00,KFQD,29.0,65.9764050234237,1.322500524939508,2.5051934391844575,TRANSFERRED_MODEL,SCENARIO_P_IT=1_normalized,SCENARIO Table 3 midpoints,1
2012-08-05 23:00:00+00:00,KFQD,28.0,69.92284655824665,1.3215230178682893,2.502971214709618,TRANSFERRED_MODEL,SCENARIO_P_IT=1_normalized,SCENARIO Table 3 midpoints,1
2012-08-06 00:00:00+00:00,KFQD,26.666666666666668,75.6050388381608,1.320254221520673,2.499993372199172,TRANSFERRED_MODEL,SCENARIO_P_IT=1_normalized,SCENARIO Table 3 midpoints,1
2012-08-06 01:00:00+00:00,KFQD,25.666666666666668,80.20851157152859,1.31930761234111,2.49775461092753,TRANSFERRED_MODEL,SCENARIO_P_IT=1_normalized,SCENARIO Table 3 midpoints,1
2012-08-06 02:00:00+00:00,KFQD,24.0,88.59935257199315,1.3177371670519658,2.4940143185698895,TRANSFERRED_MODEL,SCENARIO_P_IT=1_normalized,SCENARIO Table 3 midpoints,1
2012-08-06 03:00:00+00:00,KFQD,24.0,88.59935257199315,1.3177501134003986,2.494013454827776,TRANSFERRED_MODEL,SCENARIO_P_IT=1_normalized,SCENARIO Table 3 midpoints,1
2012-08-06 04:00:00+00:00,KFQD,23.666666666666668,90.39353529312008,1.3174349325063661,2.4932643872252145,TRANSFERRED_MODEL,SCENARIO_P_IT=1_normalized,SCENARIO Table 3 midpoints,1
2012-08-06 05:00:00+00:00,KFQD,23.0,94.10581804007526,1.3167915708220348,2.4917653506052804,TRANSFERRED_MODEL,SCENARIO_P_IT=1_normalized,SCENARIO Table 3 midpoints,1
2012-08-06 06:00:00+00:00,KFQD,23.0,94.10581804007526,1.3167981287095627,2.491765134909735,TRANSFERRED_MODEL,SCENARIO_P_IT=1_normalized,SCENARIO Table 3 midpoints,1
2012-08-06 07:00:00+00:00,KFQD,23.0,94.10581804007526,1.316785014665753,2.49176556628562,TRANSFERRED_MODEL,SCENARIO_P_IT=1_normalized,SCENARIO Table 3 midpoints,1
2012-08-06 08:00:00+00:00,KFQD,22.666666666666668,94.09143897983566,1.3157111129205081,2.4891196058191802,TRANSFERRED_MODEL,SCENARIO_P_IT=1_normalized,SCENARIO Table 3 midpoints,1
2012-08-06 09:00:00+00:00,KFQD,22.0,94.0625242758801,1.3135676771532956,2.4839157262750313,TRANSFERRED_MODEL,SCENARIO_P_IT=1_normalized,SCENARIO Table 3 midpoints,1
2012-08-06 10:00:00+00:00,KFQD,22.0,94.0625242758801,1.3135545697788458,2.4839161527735696,TRANSFERRED_MODEL,SCENARIO_P_IT=1_normalized,SCENARIO Table 3 midpoints,1
2012-08-06 11:00:00+00:00,KFQD,22.0,96.00638073234109,1.314297833446127,2.485750655439487,TRANSFERRED_MODEL,SCENARIO_P_IT=1_normalized,SCENARIO Table 3 midpoints,1
2012-08-06 12:00:00+00:00,KFQD,22.666666666666668,96.02601737997828,1.316469866630398,2.491014944870711,TRANSFERRED_MODEL,SCENARIO_P_IT=1_normalized,SCENARIO Table 3 midpoints,1
2012-08-06 13:00:00+00:00,KFQD,23.666666666666668,90.39353529312008,1.3174154298109961,2.493265466473412,TRANSFERRED_MODEL,SCENARIO_P_IT=1_normalized,SCENARIO Table 3 midpoints,1
2012-08-06 14:00:00+00:00,KFQD,25.33333333333333,81.81247668670312,1.3189921521108467,2.4970075048122258,TRANSFERRED_MODEL,SCENARIO_P_IT=1_normalized,SCENARIO Table 3 midpoints,1
2012-08-06 15:00:00+00:00,KFQD,27.0,74.13724053720264,1.320582256495132,2.5007366158647266,TRANSFERRED_MODEL,SCENARIO_P_IT=1_normalized,SCENARIO Table 3 midpoints,1
2012-08-06 16:00:00+00:00,KFQD,27.666666666666668,71.2969044400971,1.3212334883448338,2.502221901366105,TRANSFERRED_MODEL,SCENARIO_P_IT=1_normalized,SCENARIO Table 3 midpoints,1
2012-08-06 17:00:00+00:00,KFQD,29.0,65.9764050234237,1.3225368191891758,2.5051843157605633,TRANSFERRED_MODEL,SCENARIO_P_IT=1_normalized,SCENARIO Table 3 midpoints,1
2012-08-06 18:00:00+00:00,KFQD,28.666666666666668,63.26955683000357,1.3199448350041167,2.498887776170369,TRANSFERRED_MODEL,SCENARIO_P_IT=1_normalized,SCENARIO Table 3 midpoints,1
2012-08-06 19:00:00+00:00,KFQD,26.33333333333333,80.29661164745794,1.3216624475379501,2.5030991479556586,TRANSFERRED_MODEL,SCENARIO_P_IT=1_normalized,SCENARIO Table 3 midpoints,1
2012-08-06 20:00:00+00:00,KFQD,27.33333333333333,77.25500289275993,1.3234569425026979,2.5073044623005334,TRANSFERRED_MODEL,SCENARIO_P_IT=1_normalized,SCENARIO Table 3 midpoints,1
2012-08-06 21:00:00+00:00,KFQD,26.0,80.2526319521982,1.3205702761484786,2.5004000897555807,TRANSFERRED_MODEL,SCENARIO_P_IT=1_normalized,SCENARIO Table 3 midpoints,1
2012-08-06 22:00:00+00:00,KFQD,25.33333333333333,85.1982399342548,1.3207502896133687,2.5008650924008635,TRANSFERRED_MODEL,SCENARIO_P_IT=1_normalized,SCENARIO Table 3 midpoints,1
2012-08-06 23:00:00+00:00,KFQD,24.33333333333333,90.43915940346672,1.3198345152598343,2.4986298439970436,TRANSFERRED_MODEL,SCENARIO_P_IT=1_normalized,SCENARIO Table 3 midpoints,1
2012-08-07 00:00:00+00:00,KFQD,24.0,94.1486450224181,1.32029610721575,2.499876535862278,TRANSFERRED_MODEL,SCENARIO_P_IT=1_normalized,SCENARIO Table 3 midpoints,1
2012-08-07 01:00:00+00:00,KFQD,23.5,94.12728946305282,1.3185791603995494,2.4957850385016376,TRANSFERRED_MODEL,SCENARIO_P_IT=1_normalized,SCENARIO Table 3 midpoints,1
2012-08-07 05:00:00+00:00,KFQD,22.0,100.0,1.3159695077142792,2.489512346541811,TRANSFERRED_MODEL,SCENARIO_P_IT=1_normalized,SCENARIO Table 3 midpoints,1
2012-08-07 06:00:00+00:00,KFQD,22.0,100.0,1.3159995597298981,2.48951234654183,TRANSFERRED_MODEL,SCENARIO_P_IT=1_normalized,SCENARIO Table 3 midpoints,1
2012-08-07 07:00:00+00:00,KFQD,22.0,100.0,1.3160346652712893,2.4895123465419053,TRANSFERRED_MODEL,SCENARIO_P_IT=1_normalized,SCENARIO Table 3 midpoints,1
2012-08-07 08:00:00+00:00,KFQD,22.0,100.0,1.316059770285729,2.4895123465416953,TRANSFERRED_MODEL,SCENARIO_P_IT=1_normalized,SCENARIO Table 3 midpoints,1
2012-08-07 09:00:00+00:00,KFQD,22.0,100.0,1.3160447043121148,2.4895123465429205,TRANSFERRED_MODEL,SCENARIO_P_IT=1_normalized,SCENARIO Table 3 midpoints,1
2012-08-07 10:00:00+00:00,KFQD,22.0,100.0,1.3160447043121148,2.4895123465429205,TRANSFERRED_MODEL,SCENARIO_P_IT=1_normalized,SCENARIO Table 3 midpoints,1
2012-08-07 11:00:00+00:00,KFQD,22.0,100.0,1.3160296472328243,2.489512346541836,TRANSFERRED_MODEL,SCENARIO_P_IT=1_normalized,SCENARIO Table 3 midpoints,1
2012-08-07 12:00:00+00:00,KFQD,22.0,100.0,1.3160112562052095,2.489512346541833,TRANSFERRED_MODEL,SCENARIO_P_IT=1_normalized,SCENARIO Table 3 midpoints,1
2012-08-07 13:00:00+00:00,KFQD,23.0,94.10581804007526,1.3169378942664365,2.4917605475743625,TRANSFERRED_MODEL,SCENARIO_P_IT=1_normalized,SCENARIO Table 3 midpoints,1
2012-08-07 14:00:00+00:00,KFQD,23.0,94.10581804007526,1.316924706350789,2.491760979634335,TRANSFERRED_MODEL,SCENARIO_P_IT=1_normalized,SCENARIO Table 3 midpoints,1
2012-08-07 15:00:00+00:00,KFQD,23.33333333333333,92.22867866479444,1.3172392889237876,2.492509621587777,TRANSFERRED_MODEL,SCENARIO_P_IT=1_normalized,SCENARIO Table 3 midpoints,1
2012-08-07 16:00:00+00:00,KFQD,25.0,83.45262666598398,1.3188465015087207,2.496242768706704,TRANSFERRED_MODEL,SCENARIO_P_IT=1_normalized,SCENARIO Table 3 midpoints,1
2012-08-07 17:00:00+00:00,KFQD,26.666666666666668,75.6050388381608,1.3204421601908887,2.499963025294937,TRANSFERRED_MODEL,SCENARIO_P_IT=1_normalized,SCENARIO Table 3 midpoints,1
2012-08-07 18:00:00+00:00,KFQD,27.0,74.13724053720264,1.320788225748527,2.5007008279164418,TRANSFERRED_MODEL,SCENARIO_P_IT=1_normalized,SCENARIO Table 3 midpoints,1
2012-08-07 19:00:00+00:00,KFQD,27.33333333333333,72.70145244911555,1.321123144233588,2.5014395094096455,TRANSFERRED_MODEL,SCENARIO_P_IT=1_normalized,SCENARIO Table 3 midpoints,1
2012-08-07 20:00:00+00:00,KFQD,27.33333333333333,74.19244602098912,1.321940260659788,2.5033532750286978,TRANSFERRED_MODEL,SCENARIO_P_IT=1_normalized,SCENARIO Table 3 midpoints,1
2012-08-07 21:00:00+00:00,KFQD,27.0,77.20536846158994,1.3224497735747136,2.504560990287094,TRANSFERRED_MODEL,SCENARIO_P_IT=1_normalized,SCENARIO Table 3 midpoints,1
2012-08-07 22:00:00+00:00,KFQD,26.33333333333333,83.6026704192114,1.323475195635703,2.5070849223636413,TRANSFERRED_MODEL,SCENARIO_P_IT=1_normalized,SCENARIO Table 3 midpoints,1
2012-08-07 23:00:00+00:00,KFQD,26.0,83.5653445347348,1.322297815583187,2.5043275802077285,TRANSFERRED_MODEL,SCENARIO_P_IT=1_normalized,SCENARIO Table 3 midpoints,1
2012-08-08 00:00:00+00:00,KFQD,24.33333333333333,90.43915940346672,1.319882053136273,2.498627210437206,TRANSFERRED_MODEL,SCENARIO_P_IT=1_normalized,SCENARIO Table 3 midpoints,1
2012-08-08 01:00:00+00:00,KFQD,23.33333333333333,86.75262325839572,1.3149953990546503,2.486916097156916,TRANSFERRED_MODEL,SCENARIO_P_IT=1_normalized,SCENARIO Table 3 midpoints,1
2012-08-08 02:00:00+00:00,KFQD,21.666666666666668,95.99650817175832,1.3134217209415755,2.483157544472982,TRANSFERRED_MODEL,SCENARIO_P_IT=1_normalized,SCENARIO Table 3 midpoints,1
2012-08-08 03:00:00+00:00,KFQD,22.33333333333333,97.99037010930763,1.3163539028895443,2.4902617148775925,TRANSFERRED_MODEL,SCENARIO_P_IT=1_normalized,SCENARIO Table 3 midpoints,1
2012-08-08 04:00:00+00:00,KFQD,22.0,100.0,1.3160497253146324,2.4895123465428104,TRANSFERRED_MODEL,SCENARIO_P_IT=1_normalized,SCENARIO Table 3 midpoints,1
2012-08-08 05:00:00+00:00,KFQD,22.0,100.0,1.3160798721023301,2.489512346541964,TRANSFERRED_MODEL,SCENARIO_P_IT=1_normalized,SCENARIO Table 3 midpoints,1
2012-08-08 06:00:00+00:00,KFQD,22.0,100.0,1.3160899289521906,2.4895123465425777,TRANSFERRED_MODEL,SCENARIO_P_IT=1_normalized,SCENARIO Table 3 midpoints,1
2012-08-08 07:00:00+00:00,KFQD,22.0,100.0,1.3161100545454805,2.489512346541613,TRANSFERRED_MODEL,SCENARIO_P_IT=1_normalized,SCENARIO Table 3 midpoints,1
2012-08-08 08:00:00+00:00,KFQD,22.0,100.0,1.3160999897653183,2.4895123465413005,TRANSFERRED_MODEL,SCENARIO_P_IT=1_normalized,SCENARIO Table 3 midpoints,1
2012-08-08 09:00:00+00:00,KFQD,22.0,100.0,1.316094958862661,2.4895123465408573,TRANSFERRED_MODEL,SCENARIO_P_IT=1_normalized,SCENARIO Table 3 midpoints,1
2012-08-08 10:00:00+00:00,KFQD,22.0,100.0,1.316094958862661,2.4895123465408573,TRANSFERRED_MODEL,SCENARIO_P_IT=1_normalized,SCENARIO Table 3 midpoints,1
2012-08-08 11:00:00+00:00,KFQD,22.0,100.0,1.3160731697368666,2.489512346541646,TRANSFERRED_MODEL,SCENARIO_P_IT=1_normalized,SCENARIO Table 3 midpoints,1
2012-08-08 12:00:00+00:00,KFQD,22.0,100.0,1.3160484699709305,2.4895123465419084,TRANSFERRED_MODEL,SCENARIO_P_IT=1_normalized,SCENARIO Table 3 midpoints,1
2012-08-08 13:00:00+00:00,KFQD,24.0,88.59935257199315,1.3179304591083336,2.494001457227863,TRANSFERRED_MODEL,SCENARIO_P_IT=1_normalized,SCENARIO Table 3 midpoints,1
2012-08-08 14:00:00+00:00,KFQD,26.666666666666668,77.15558044512318,1.3212382573036683,2.5018813862733653,TRANSFERRED_MODEL,SCENARIO_P_IT=1_normalized,SCENARIO Table 3 midpoints,1
2012-08-08 15:00:00+00:00,KFQD,28.33333333333333,71.41663304812363,1.3236297956114016,2.507535274214722,TRANSFERRED_MODEL,SCENARIO_P_IT=1_normalized,SCENARIO Table 3 midpoints,1
2012-08-08 16:00:00+00:00,KFQD,29.666666666666668,63.48500301125824,1.3232956710269221,2.506631792469054,TRANSFERRED_MODEL,SCENARIO_P_IT=1_normalized,SCENARIO Table 3 midpoints,1
2012-08-08 17:00:00+00:00,KFQD,29.666666666666668,63.48500301125824,1.323330379449512,2.506622191155227,TRANSFERRED_MODEL,SCENARIO_P_IT=1_normalized,SCENARIO Table 3 midpoints,1
2012-08-08 18:00:00+00:00,KFQD,29.33333333333333,66.04444098505002,1.3238226366233814,2.507793258578002,TRANSFERRED_MODEL,SCENARIO_P_IT=1_normalized,SCENARIO Table 3 midpoints,1
2012-08-08 19:00:00+00:00,KFQD,28.0,74.30236303611937,1.3242307921928784,2.5087602883700932,TRANSFERRED_MODEL,SCENARIO_P_IT=1_normalized,SCENARIO Table 3 midpoints,1
2012-08-08 20:00:00+00:00,KFQD,28.33333333333333,75.86665157038735,1.3262360958257062,2.513562824626094,TRANSFERRED_MODEL,SCENARIO_P_IT=1_normalized,SCENARIO Table 3 midpoints,1
2012-08-08 21:00:00+00:00,KFQD,22.666666666666668,78.16055572131046,1.3095409735967614,2.4733942807182805,TRANSFERRED_MODEL,SCENARIO_P_IT=1_normalized,SCENARIO Table 3 midpoints,1
2012-08-08 22:00:00+00:00,KFQD,22.0,88.4364161279818,1.3116564671782274,2.4785764601058298,TRANSFERRED_MODEL,SCENARIO_P_IT=1_normalized,SCENARIO Table 3 midpoints,1
2012-08-08 23:00:00+00:00,KFQD,22.666666666666668,79.80500307440595,1.3102276711383454,2.4750217508920747,TRANSFERRED_MODEL,SCENARIO_P_IT=1_normalized,SCENARIO Table 3 midpoints,1
2012-08-09 00:00:00+00:00,KFQD,22.0,92.1532598973541,1.3130626565863162,2.482101667949366,TRANSFERRED_MODEL,SCENARIO_P_IT=1_normalized,SCENARIO Table 3 midpoints,1
2012-08-09 01:00:00+00:00,KFQD,21.33333333333333,94.0333991252197,1.3116914170391307,2.4788174595825323,TRANSFERRED_MODEL,SCENARIO_P_IT=1_normalized,SCENARIO Table 3 midpoints,1
2012-08-09 02:00:00+00:00,KFQD,21.0,94.01875700103768,1.3106355743331077,2.476313761829647,TRANSFERRED_MODEL,SCENARIO_P_IT=1_normalized,SCENARIO Table 3 midpoints,1
2012-08-09 03:00:00+00:00,KFQD,21.0,94.01875700103768,1.3106355743331077,2.476313761829647,TRANSFERRED_MODEL,SCENARIO_P_IT=1_normalized,SCENARIO Table 3 midpoints,1
2012-08-09 04:00:00+00:00,KFQD,20.666666666666668,92.07675442666635,1.3089640377101541,2.4721424869766806,TRANSFERRED_MODEL,SCENARIO_P_IT=1_normalized,SCENARIO Table 3 midpoints,1
2012-08-09 05:00:00+00:00,KFQD,19.666666666666668,95.93650229409324,1.3073509642165533,2.468195988357022,TRANSFERRED_MODEL,SCENARIO_P_IT=1_normalized,SCENARIO Table 3 midpoints,1
2012-08-09 06:00:00+00:00,KFQD,19.666666666666668,95.93650229409324,1.3073841059647957,2.4681952927507687,TRANSFERRED_MODEL,SCENARIO_P_IT=1_normalized,SCENARIO Table 3 midpoints,1
2012-08-09 07:00:00+00:00,KFQD,19.33333333333333,97.9445997889814,1.3070819173163841,2.467433603707345,TRANSFERRED_MODEL,SCENARIO_P_IT=1_normalized,SCENARIO Table 3 midpoints,1
2012-08-09 08:00:00+00:00,KFQD,19.0,100.0,1.3067648073711164,2.466671580744094,TRANSFERRED_MODEL,SCENARIO_P_IT=1_normalized,SCENARIO Table 3 midpoints,1
2012-08-09 09:00:00+00:00,KFQD,19.0,100.0,1.306774840593,2.466671580743965,TRANSFERRED_MODEL,SCENARIO_P_IT=1_normalized,SCENARIO Table 3 midpoints,1
2012-08-09 10:00:00+00:00,KFQD,19.0,100.0,1.3067698234875622,2.466671580743254,TRANSFERRED_MODEL,SCENARIO_P_IT=1_normalized,SCENARIO Table 3 midpoints,1
2012-08-09 11:00:00+00:00,KFQD,19.0,100.0,1.3067597922426972,2.466671580744761,TRANSFERRED_MODEL,SCENARIO_P_IT=1_normalized,SCENARIO Table 3 midpoints,1
2012-08-09 12:00:00+00:00,KFQD,20.0,95.9465959012407,1.3083438929490225,2.4706233060312064,TRANSFERRED_MODEL,SCENARIO_P_IT=1_normalized,SCENARIO Table 3 midpoints,1
2012-08-09 13:00:00+00:00,KFQD,22.33333333333333,86.6591714752168,1.311920540600251,2.4793342732260366,TRANSFERRED_MODEL,SCENARIO_P_IT=1_normalized,SCENARIO Table 3 midpoints,1
2012-08-09 14:00:00+00:00,KFQD,23.33333333333333,86.75262325839572,1.3150327384205491,2.4869132252004835,TRANSFERRED_MODEL,SCENARIO_P_IT=1_normalized,SCENARIO Table 3 midpoints,1
2012-08-09 15:00:00+00:00,KFQD,24.33333333333333,86.84512292707923,1.3182887599346544,2.494744669128501,TRANSFERRED_MODEL,SCENARIO_P_IT=1_normalized,SCENARIO Table 3 midpoints,1
2012-08-09 16:00:00+00:00,KFQD,25.666666666666668,80.20851157152859,1.3195716221412082,2.4977216485235427,TRANSFERRED_MODEL,SCENARIO_P_IT=1_normalized,SCENARIO Table 3 midpoints,1
2012-08-09 17:00:00+00:00,KFQD,27.0,75.65767988681236,1.3216698506316387,2.5026049875127883,TRANSFERRED_MODEL,SCENARIO_P_IT=1_normalized,SCENARIO Table 3 midpoints,1
2012-08-09 18:00:00+00:00,KFQD,27.33333333333333,75.71016109252284,1.3228325042437856,2.5052902288093106,TRANSFERRED_MODEL,SCENARIO_P_IT=1_normalized,SCENARIO Table 3 midpoints,1
2012-08-09 19:00:00+00:00,KFQD,27.0,78.78071949348664,1.323384969475591,2.506529898152977,TRANSFERRED_MODEL,SCENARIO_P_IT=1_normalized,SCENARIO Table 3 midpoints,1
2012-08-09 20:00:00+00:00,KFQD,27.0,78.78071949348664,1.3234105934690221,2.5065263821436834,TRANSFERRED_MODEL,SCENARIO_P_IT=1_normalized,SCENARIO Table 3 midpoints,1
2012-08-09 21:00:00+00:00,KFQD,26.33333333333333,83.6026704192114,1.3236193309924074,2.5070702261380884,TRANSFERRED_MODEL,SCENARIO_P_IT=1_normalized,SCENARIO Table 3 midpoints,1
2012-08-09 22:00:00+00:00,KFQD,19.666666666666668,95.93650229409324,1.307467152143256,2.468193552459195,TRANSFERRED_MODEL,SCENARIO_P_IT=1_normalized,SCENARIO Table 3 midpoints,1
2012-08-09 23:00:00+00:00,KFQD,19.0,100.0,1.3068837878071136,2.466671580744477,TRANSFERRED_MODEL,SCENARIO_P_IT=1_normalized,SCENARIO Table 3 midpoints,1
2012-08-10 00:00:00+00:00,KFQD,19.0,100.0,1.3068955483914644,2.4666715807437956,TRANSFERRED_MODEL,SCENARIO_P_IT=1_normalized,SCENARIO Table 3 midpoints,1
2012-08-10 01:00:00+00:00,KFQD,19.0,100.0,1.3068905074775918,2.4666715807444026,TRANSFERRED_MODEL,SCENARIO_P_IT=1_normalized,SCENARIO Table 3 midpoints,1
2012-08-10 02:00:00+00:00,KFQD,19.0,100.0,1.306900590302265,2.4666715807461443,TRANSFERRED_MODEL,SCENARIO_P_IT=1_normalized,SCENARIO Table 3 midpoints,1
2012-08-10 03:00:00+00:00,KFQD,19.0,100.0,1.3069409614611283,2.46667158074288,TRANSFERRED_MODEL,SCENARIO_P_IT=1_normalized,SCENARIO Table 3 midpoints,1
2012-08-10 04:00:00+00:00,KFQD,19.0,100.0,1.3069763386365936,2.4666715807446664,TRANSFERRED_MODEL,SCENARIO_P_IT=1_normalized,SCENARIO Table 3 midpoints,1
2012-08-10 05:00:00+00:00,KFQD,19.0,100.0,1.3069645408028112,2.4666715807439688,TRANSFERRED_MODEL,SCENARIO_P_IT=1_normalized,SCENARIO Table 3 midpoints,1
2012-08-10 06:00:00+00:00,KFQD,19.0,100.0,1.306986455400504,2.4666715807449773,TRANSFERRED_MODEL,SCENARIO_P_IT=1_normalized,SCENARIO Table 3 midpoints,1
2012-08-10 07:00:00+00:00,KFQD,19.0,100.0,1.306986455400504,2.4666715807449773,TRANSFERRED_MODEL,SCENARIO_P_IT=1_normalized,SCENARIO Table 3 midpoints,1
2012-08-10 08:00:00+00:00,KFQD,19.0,100.0,1.3070151413173647,2.4666715807445923,TRANSFERRED_MODEL,SCENARIO_P_IT=1_normalized,SCENARIO Table 3 midpoints,1
2012-08-10 09:00:00+00:00,KFQD,19.0,100.0,1.3070218956222721,2.4666715807445407,TRANSFERRED_MODEL,SCENARIO_P_IT=1_normalized,SCENARIO Table 3 midpoints,1
2012-08-10 10:00:00+00:00,KFQD,19.666666666666668,97.9497619070224,1.308285593220721,2.469860369440664,TRANSFERRED_MODEL,SCENARIO_P_IT=1_normalized,SCENARIO Table 3 midpoints,1
2012-08-10 11:00:00+00:00,KFQD,20.0,100.0,1.3099685928955676,2.474041201341113,TRANSFERRED_MODEL,SCENARIO_P_IT=1_normalized,SCENARIO Table 3 midpoints,1
2012-08-10 12:00:00+00:00,KFQD,21.0,96.96894305955983,1.3119652973760834,2.478944526150034,TRANSFERRED_MODEL,SCENARIO_P_IT=1_normalized,SCENARIO Table 3 midpoints,1
2012-08-10 13:00:00+00:00,KFQD,21.666666666666668,95.99650817175832,1.3137066616043858,2.483151446456676,TRANSFERRED_MODEL,SCENARIO_P_IT=1_normalized,SCENARIO Table 3 midpoints,1
2012-08-10 14:00:00+00:00,KFQD,22.666666666666668,86.690428639266,1.3131808399863034,2.481815199646942,TRANSFERRED_MODEL,SCENARIO_P_IT=1_normalized,SCENARIO Table 3 midpoints,1
2012-08-10 15:00:00+00:00,KFQD,23.666666666666668,83.30058950907544,1.3148382941363081,2.485838708173503,TRANSFERRED_MODEL,SCENARIO_P_IT=1_normalized,SCENARIO Table 3 midpoints,1
2012-08-10 16:00:00+00:00,KFQD,25.0,78.49764721655077,1.3168331781620963,2.490626968906083,TRANSFERRED_MODEL,SCENARIO_P_IT=1_normalized,SCENARIO Table 3 midpoints,1
2012-08-10 17:00:00+00:00,KFQD,26.33333333333333,72.52750970273671,1.3180942282885983,2.4936025001437767,TRANSFERRED_MODEL,SCENARIO_P_IT=1_normalized,SCENARIO Table 3 midpoints,1
2012-08-10 18:00:00+00:00,KFQD,26.666666666666668,71.11600801093357,1.3184354424180025,2.494340085786037,TRANSFERRED_MODEL,SCENARIO_P_IT=1_normalized,SCENARIO Table 3 midpoints,1
2012-08-10 19:00:00+00:00,KFQD,27.0,71.17648141459829,1.319512333849244,2.49690686261634,TRANSFERRED_MODEL,SCENARIO_P_IT=1_normalized,SCENARIO Table 3 midpoints,1
2012-08-10 20:00:00+00:00,KFQD,27.666666666666668,69.8605286006092,1.320930950258563,2.5002391585429646,TRANSFERRED_MODEL,SCENARIO_P_IT=1_normalized,SCENARIO Table 3 midpoints,1
2012-08-10 21:00:00+00:00,KFQD,27.33333333333333,71.2367800259064,1.320627302760553,2.4994979271912126,TRANSFERRED_MODEL,SCENARIO_P_IT=1_normalized,SCENARIO Table 3 midpoints,1
2012-08-10 22:00:00+00:00,KFQD,26.666666666666668,75.6050388381608,1.3207891762907797,2.499907472292186,TRANSFERRED_MODEL,SCENARIO_P_IT=1_normalized,SCENARIO Table 3 midpoints,1
2012-08-10 23:00:00+00:00,KFQD,25.33333333333333,81.81247668670312,1.3195158314385484,2.4969485910589957,TRANSFERRED_MODEL,SCENARIO_P_IT=1_normalized,SCENARIO Table 3 midpoints,1
2012-08-11 00:00:00+00:00,KFQD,24.33333333333333,86.84512292707923,1.3185586346731848,2.4947237915510483,TRANSFERRED_MODEL,SCENARIO_P_IT=1_normalized,SCENARIO Table 3 midpoints,1
2012-08-11 01:00:00+00:00,KFQD,23.666666666666668,83.30058950907544,1.3148594411348902,2.485836621129865,TRANSFERRED_MODEL,SCENARIO_P_IT=1_normalized,SCENARIO Table 3 midpoints,1
2012-08-11 02:00:00+00:00,KFQD,22.666666666666668,79.80500307440595,1.3103978180005218,2.47500136546399,TRANSFERRED_MODEL,SCENARIO_P_IT=1_normalized,SCENARIO Table 3 midpoints,1
2012-08-11 03:00:00+00:00,KFQD,22.0,83.10768815769457,1.3097793175237378,2.473491145649317,TRANSFERRED_MODEL,SCENARIO_P_IT=1_normalized,SCENARIO Table 3 midpoints,1
2012-08-11 04:00:00+00:00,KFQD,21.666666666666668,90.25472374748674,1.3115231963723815,2.4778122304810797,TRANSFERRED_MODEL,SCENARIO_P_IT=1_normalized,SCENARIO Table 3 midpoints,1
2012-08-11 05:00:00+00:00,KFQD,21.0,100.0,1.3130817960915147,2.4816506205022653,TRANSFERRED_MODEL,SCENARIO_P_IT=1_normalized,SCENARIO Table 3 midpoints,1
2012-08-11 06:00:00+00:00,KFQD,21.0,100.0,1.3130581508567432,2.481650620501646,TRANSFERRED_MODEL,SCENARIO_P_IT=1_normalized,SCENARIO Table 3 midpoints,1
2012-08-11 07:00:00+00:00,KFQD,21.0,97.97021779585008,1.3123390910821657,2.479838926487378,TRANSFERRED_MODEL,SCENARIO_P_IT=1_normalized,SCENARIO Table 3 midpoints,1
2012-08-11 08:00:00+00:00,KFQD,20.666666666666668,95.96667141942416,1.3105922993405306,2.47555104315778,TRANSFERRED_MODEL,SCENARIO_P_IT=1_normalized,SCENARIO Table 3 midpoints,1
2012-08-11 09:00:00+00:00,KFQD,20.0,100.0,1.309951721122651,2.4740412013410884,TRANSFERRED_MODEL,SCENARIO_P_IT=1_normalized,SCENARIO Table 3 midpoints,1
2012-08-11 10:00:00+00:00,KFQD,20.33333333333333,93.98931237917286,1.3088585650898383,2.4713766543952755,TRANSFERRED_MODEL,SCENARIO_P_IT=1_normalized,SCENARIO Table 3 midpoints,1
2012-08-11 11:00:00+00:00,KFQD,20.666666666666668,95.96667141942416,1.3105521538830769,2.475551890295313,TRANSFERRED_MODEL,SCENARIO_P_IT=1_normalized,SCENARIO Table 3 midpoints,1
2012-08-11 12:00:00+00:00,KFQD,21.0,94.01875700103768,1.3108642315991301,2.476306464438796,TRANSFERRED_MODEL,SCENARIO_P_IT=1_normalized,SCENARIO Table 3 midpoints,1
2012-08-11 13:00:00+00:00,KFQD,21.0,95.97665369360048,1.3115414234441292,2.4780588182838255,TRANSFERRED_MODEL,SCENARIO_P_IT=1_normalized,SCENARIO Table 3 midpoints,1
2012-08-11 14:00:00+00:00,KFQD,21.666666666666668,95.99650817175832,1.3136113227500743,2.483153481385012,TRANSFERRED_MODEL,SCENARIO_P_IT=1_normalized,SCENARIO Table 3 midpoints,1
2012-08-11 15:00:00+00:00,KFQD,23.0,88.51830793896134,1.314838490113225,2.486155034454221,TRANSFERRED_MODEL,SCENARIO_P_IT=1_normalized,SCENARIO Table 3 midpoints,1
2012-08-11 16:00:00+00:00,KFQD,24.0,83.33878752130364,1.3158023196355302,2.488398414995728,TRANSFERRED_MODEL,SCENARIO_P_IT=1_normalized,SCENARIO Table 3 midpoints,1
2012-08-11 17:00:00+00:00,KFQD,25.33333333333333,76.95488074412887,1.3170774141940547,2.4913819808204476,TRANSFERRED_MODEL,SCENARIO_P_IT=1_normalized,SCENARIO Table 3 midpoints,1
2012-08-11 18:00:00+00:00,KFQD,26.33333333333333,72.52750970273671,1.3180375254580792,2.493612836647827,TRANSFERRED_MODEL,SCENARIO_P_IT=1_normalized,SCENARIO Table 3 midpoints,1
2012-08-11 19:00:00+00:00,KFQD,26.33333333333333,69.60947681998807,1.112141357640098,0.0,TRANSFERRED_MODEL,SCENARIO_P_IT=1_normalized,SCENARIO Table 3 midpoints,1
2012-08-11 20:00:00+00:00,KFQD,27.33333333333333,65.63346317458685,1.112151533084935,0.0,TRANSFERRED_MODEL,SCENARIO_P_IT=1_normalized,SCENARIO Table 3 midpoints,1
2012-08-11 21:00:00+00:00,KFQD,27.33333333333333,68.38482135886673,1.319023816781888,2.495832463451713,TRANSFERRED_MODEL,SCENARIO_P_IT=1_normalized,SCENARIO Table 3 midpoints,1
2012-08-11 22:00:00+00:00,KFQD,26.0,75.49927482793309,1.3184923873482934,2.4946943398054318,TRANSFERRED_MODEL,SCENARIO_P_IT=1_normalized,SCENARIO Table 3 midpoints,1
2012-08-11 23:00:00+00:00,KFQD,24.666666666666668,80.07530064582603,1.3164656145705904,2.4898882173868966,TRANSFERRED_MODEL,SCENARIO_P_IT=1_normalized,SCENARIO Table 3 midpoints,1
2012-08-12 00:00:00+00:00,KFQD,22.33333333333333,76.49408934802871,1.1121025051577087,0.0,TRANSFERRED_MODEL,SCENARIO_P_IT=1_normalized,SCENARIO Table 3 midpoints,1
2012-08-12 01:00:00+00:00,KFQD,21.33333333333333,86.56475488789943,1.3090498655152807,2.471987360157066,TRANSFERRED_MODEL,SCENARIO_P_IT=1_normalized,SCENARIO Table 3 midpoints,1
2012-08-12 02:00:00+00:00,KFQD,21.666666666666668,81.35270239034824,1.3080389850999417,2.4695046043877977,TRANSFERRED_MODEL,SCENARIO_P_IT=1_normalized,SCENARIO Table 3 midpoints,1
2012-08-12 03:00:00+00:00,KFQD,21.666666666666668,81.35270239034824,1.3080068107591711,2.469508069147941,TRANSFERRED_MODEL,SCENARIO_P_IT=1_normalized,SCENARIO Table 3 midpoints,1
2012-08-12 04:00:00+00:00,KFQD,21.33333333333333,86.56475488789943,1.3089846943834451,2.471992244744541,TRANSFERRED_MODEL,SCENARIO_P_IT=1_normalized,SCENARIO Table 3 midpoints,1
2012-08-12 05:00:00+00:00,KFQD,21.0,88.35366560432122,1.308677357575982,2.4712334374404024,TRANSFERRED_MODEL,SCENARIO_P_IT=1_normalized,SCENARIO Table 3 midpoints,1
2012-08-12 06:00:00+00:00,KFQD,19.666666666666668,90.11294017307786,1.3055066351139615,2.4633557354583937,TRANSFERRED_MODEL,SCENARIO_P_IT=1_normalized,SCENARIO Table 3 midpoints,1
2012-08-12 07:00:00+00:00,KFQD,18.666666666666668,88.15717538141541,1.3021533747533376,2.4549721461426257,TRANSFERRED_MODEL,SCENARIO_P_IT=1_normalized,SCENARIO Table 3 midpoints,1
2012-08-12 08:00:00+00:00,KFQD,18.666666666666668,84.49332002013861,1.3009883084710434,2.4520825461601468,TRANSFERRED_MODEL,SCENARIO_P_IT=1_normalized,SCENARIO Table 3 midpoints,1
2012-08-12 09:00:00+00:00,KFQD,18.33333333333333,82.6718189207517,1.2995607740140507,2.4485175637602627,TRANSFERRED_MODEL,SCENARIO_P_IT=1_normalized,SCENARIO Table 3 midpoints,1
2012-08-12 10:00:00+00:00,KFQD,17.333333333333332,89.94365801430546,1.2991639229896388,2.447579326459682,TRANSFERRED_MODEL,SCENARIO_P_IT=1_normalized,SCENARIO Table 3 midpoints,1
2012-08-12 11:00:00+00:00,KFQD,17.666666666666668,84.38339760497013,1.298382186250993,2.445606016855117,TRANSFERRED_MODEL,SCENARIO_P_IT=1_normalized,SCENARIO Table 3 midpoints,1
2012-08-12 12:00:00+00:00,KFQD,19.666666666666668,77.71601089484086,1.3013062408191616,2.452997366539535,TRANSFERRED_MODEL,SCENARIO_P_IT=1_normalized,SCENARIO Table 3 midpoints,1
2012-08-12 13:00:00+00:00,KFQD,22.33333333333333,68.83891021611281,1.1119636128276582,0.0,TRANSFERRED_MODEL,SCENARIO_P_IT=1_normalized,SCENARIO Table 3 midpoints,1
2012-08-12 14:00:00+00:00,KFQD,24.33333333333333,61.009297272943286,1.1119485173207033,0.0,TRANSFERRED_MODEL,SCENARIO_P_IT=1_normalized,SCENARIO Table 3 midpoints,1
2012-08-12 15:00:00+00:00,KFQD,25.33333333333333,57.47382861103034,1.1119431227757237,0.0,TRANSFERRED_MODEL,SCENARIO_P_IT=1_normalized,SCENARIO Table 3 midpoints,1
2012-08-12 16:00:00+00:00,KFQD,26.33333333333333,55.32768824850082,1.1119615342837568,0.0,TRANSFERRED_MODEL,SCENARIO_P_IT=1_normalized,SCENARIO Table 3 midpoints,1
2012-08-12 17:00:00+00:00,KFQD,27.0,50.98677157890719,1.111963576786282,0.0,TRANSFERRED_MODEL,SCENARIO_P_IT=1_normalized,SCENARIO Table 3 midpoints,1
2012-08-12 18:00:00+00:00,KFQD,27.666666666666668,51.15959080504292,1.1119768346317496,0.0,TRANSFERRED_MODEL,SCENARIO_P_IT=1_normalized,SCENARIO Table 3 midpoints,1
2012-08-12 19:00:00+00:00,KFQD,28.0,48.08838553713478,1.1119946820385855,0.0,TRANSFERRED_MODEL,SCENARIO_P_IT=1_normalized,SCENARIO Table 3 midpoints,1
2012-08-12 20:00:00+00:00,KFQD,28.0,48.08838553713478,1.1120044943763938,0.0,TRANSFERRED_MODEL,SCENARIO_P_IT=1_normalized,SCENARIO Table 3 midpoints,1
2012-08-12 21:00:00+00:00,KFQD,27.666666666666668,52.252763115009,1.1120020533329773,0.0,TRANSFERRED_MODEL,SCENARIO_P_IT=1_normalized,SCENARIO Table 3 midpoints,1
2012-08-12 22:00:00+00:00,KFQD,27.33333333333333,53.28214180929104,1.1120122353208197,0.0,TRANSFERRED_MODEL,SCENARIO_P_IT=1_normalized,SCENARIO Table 3 midpoints,1
2012-08-12 23:00:00+00:00,KFQD,26.0,65.35576219694184,1.112005329518713,0.0,TRANSFERRED_MODEL,SCENARIO_P_IT=1_normalized,SCENARIO Table 3 midpoints,1
2012-08-13 00:00:00+00:00,KFQD,24.33333333333333,80.03061183916797,1.3152468599126377,2.48736032273276,TRANSFERRED_MODEL,SCENARIO_P_IT=1_normalized,SCENARIO Table 3 midpoints,1
2012-08-13 01:00:00+00:00,KFQD,22.666666666666668,83.18523311363155,1.3115040102394042,2.4783759802836722,TRANSFERRED_MODEL,SCENARIO_P_IT=1_normalized,SCENARIO Table 3 midpoints,1
2012-08-13 02:00:00+00:00,KFQD,21.33333333333333,90.23130176513553,1.3102356143956837,2.475352046509183,TRANSFERRED_MODEL,SCENARIO_P_IT=1_normalized,SCENARIO Table 3 midpoints,1
2012-08-13 03:00:00+00:00,KFQD,21.0,88.35366560432122,1.3085746195118657,2.4712400223864006,TRANSFERRED_MODEL,SCENARIO_P_IT=1_normalized,SCENARIO Table 3 midpoints,1
2012-08-13 04:00:00+00:00,KFQD,19.666666666666668,95.93650229409324,1.3073244822954477,2.468196544633745,TRANSFERRED_MODEL,SCENARIO_P_IT=1_normalized,SCENARIO Table 3 midpoints,1
2012-08-13 05:00:00+00:00,KFQD,18.666666666666668,95.9059958782818,1.304471174304891,2.4610641371314443,TRANSFERRED_MODEL,SCENARIO_P_IT=1_normalized,SCENARIO Table 3 midpoints,1
2012-08-13 06:00:00+00:00,KFQD,18.33333333333333,97.92899633701548,1.3041876742484044,2.460297099483452,TRANSFERRED_MODEL,SCENARIO_P_IT=1_normalized,SCENARIO Table 3 midpoints,1
2012-08-13 07:00:00+00:00,KFQD,18.33333333333333,93.89967685168608,1.302967797681561,2.4571990987851677,TRANSFERRED_MODEL,SCENARIO_P_IT=1_normalized,SCENARIO Table 3 midpoints,1
2012-08-13 08:00:00+00:00,KFQD,17.666666666666668,95.87514716396385,1.3017305426678827,2.4541491188668134,TRANSFERRED_MODEL,SCENARIO_P_IT=1_normalized,SCENARIO Table 3 midpoints,1
2012-08-13 09:00:00+00:00,KFQD,17.0,97.9079148263222,1.3004985611770616,2.451118004928999,TRANSFERRED_MODEL,SCENARIO_P_IT=1_normalized,SCENARIO Table 3 midpoints,1
2012-08-13 10:00:00+00:00,KFQD,17.0,95.85438867365647,1.2998966060134582,2.4496561344724213,TRANSFERRED_MODEL,SCENARIO_P_IT=1_normalized,SCENARIO Table 3 midpoints,1
2012-08-13 11:00:00+00:00,KFQD,17.666666666666668,93.86935742490476,1.3010596936019458,2.4526658065201628,TRANSFERRED_MODEL,SCENARIO_P_IT=1_normalized,SCENARIO Table 3 midpoints,1
2012-08-13 12:00:00+00:00,KFQD,20.0,86.43734298391152,1.3050237204129849,2.4625742373399513,TRANSFERRED_MODEL,SCENARIO_P_IT=1_normalized,SCENARIO Table 3 midpoints,1
2012-08-13 13:00:00+00:00,KFQD,23.0,76.59760589169682,1.1118971321142515,0.0,TRANSFERRED_MODEL,SCENARIO_P_IT=1_normalized,SCENARIO Table 3 midpoints,1
2012-08-13 14:00:00+00:00,KFQD,24.33333333333333,70.6877495794314,1.1118898916041686,0.0,TRANSFERRED_MODEL,SCENARIO_P_IT=1_normalized,SCENARIO Table 3 midpoints,1
2012-08-13 15:00:00+00:00,KFQD,26.0,62.68676519301295,1.1118962689867282,0.0,TRANSFERRED_MODEL,SCENARIO_P_IT=1_normalized,SCENARIO Table 3 midpoints,1
2012-08-13 16:00:00+00:00,KFQD,27.0,55.492423508747045,1.111910472322954,0.0,TRANSFERRED_MODEL,SCENARIO_P_IT=1_normalized,SCENARIO Table 3 midpoints,1
2012-08-13 17:00:00+00:00,KFQD,28.0,50.17362599310673,1.1119205346124565,0.0,TRANSFERRED_MODEL,SCENARIO_P_IT=1_normalized,SCENARIO Table 3 midpoints,1
2012-08-13 18:00:00+00:00,KFQD,28.33333333333333,50.260508162992544,1.1119551175979343,0.0,TRANSFERRED_MODEL,SCENARIO_P_IT=1_normalized,SCENARIO Table 3 midpoints,1
2012-08-13 19:00:00+00:00,KFQD,28.33333333333333,50.260508162992544,1.1119775117981776,0.0,TRANSFERRED_MODEL,SCENARIO_P_IT=1_normalized,SCENARIO Table 3 midpoints,1
2012-08-13 20:00:00+00:00,KFQD,28.666666666666668,47.25293094318644,1.111985560254437,0.0,TRANSFERRED_MODEL,SCENARIO_P_IT=1_normalized,SCENARIO Table 3 midpoints,1
2012-08-13 21:00:00+00:00,KFQD,27.666666666666668,54.50084266952658,1.1119852375569177,0.0,TRANSFERRED_MODEL,SCENARIO_P_IT=1_normalized,SCENARIO Table 3 midpoints,1
2012-08-13 22:00:00+00:00,KFQD,26.5,59.601924163789874,1.1120082616187288,0.0,TRANSFERRED_MODEL,SCENARIO_P_IT=1_normalized,SCENARIO Table 3 midpoints,1
2012-08-13 23:00:00+00:00,KFQD,25.0,65.14551045571683,1.111999495046842,0.0,TRANSFERRED_MODEL,SCENARIO_P_IT=1_normalized,SCENARIO Table 3 midpoints,1
2012-08-14 00:00:00+00:00,KFQD,24.0,67.7271953539746,1.1119965020299072,0.0,TRANSFERRED_MODEL,SCENARIO_P_IT=1_normalized,SCENARIO Table 3 midpoints,1
2012-08-14 01:00:00+00:00,KFQD,23.33333333333333,69.03403551351049,1.1120393945515377,0.0,TRANSFERRED_MODEL,SCENARIO_P_IT=1_normalized,SCENARIO Table 3 midpoints,1
2012-08-14 02:00:00+00:00,KFQD,22.33333333333333,74.90588527504917,1.1120589165180694,0.0,TRANSFERRED_MODEL,SCENARIO_P_IT=1_normalized,SCENARIO Table 3 midpoints,1
2012-08-14 03:00:00+00:00,KFQD,21.33333333333333,84.78101732054361,1.308312642140707,2.4703583923223302,TRANSFERRED_MODEL,SCENARIO_P_IT=1_normalized,SCENARIO Table 3 midpoints,1
2012-08-14 04:00:00+00:00,KFQD,21.0,86.53306606867748,1.307984239229968,2.4695999887420257,TRANSFERRED_MODEL,SCENARIO_P_IT=1_normalized,SCENARIO Table 3 midpoints,1
2012-08-14 05:00:00+00:00,KFQD,20.33333333333333,92.05745585419642,1.3080299923377743,2.4697159400592903,TRANSFERRED_MODEL,SCENARIO_P_IT=1_normalized,SCENARIO Table 3 midpoints,1
2012-08-14 06:00:00+00:00,KFQD,20.33333333333333,92.05745585419642,1.3080579930650473,2.4697147557874577,TRANSFERRED_MODEL,SCENARIO_P_IT=1_normalized,SCENARIO Table 3 midpoints,1
2012-08-14 07:00:00+00:00,KFQD,19.666666666666668,95.93650229409324,1.3074388856448869,2.4681941443630495,TRANSFERRED_MODEL,SCENARIO_P_IT=1_normalized,SCENARIO Table 3 midpoints,1
2012-08-14 08:00:00+00:00,KFQD,19.0,93.92977440102698,1.3048770731125863,2.4618273770573986,TRANSFERRED_MODEL,SCENARIO_P_IT=1_normalized,SCENARIO Table 3 midpoints,1
2012-08-14 09:00:00+00:00,KFQD,18.666666666666668,95.9059958782818,1.3045789346414765,2.4610619038750725,TRANSFERRED_MODEL,SCENARIO_P_IT=1_normalized,SCENARIO Table 3 midpoints,1
2012-08-14 10:00:00+00:00,KFQD,18.0,100.0,1.3039496387675977,2.4595300753131144,TRANSFERRED_MODEL,SCENARIO_P_IT=1_normalized,SCENARIO Table 3 midpoints,1
2012-08-14 11:00:00+00:00,KFQD,18.33333333333333,95.8957512566326,1.303632474200128,2.45873370017499,TRANSFERRED_MODEL,SCENARIO_P_IT=1_normalized,SCENARIO Table 3 midpoints,1
2012-08-14 12:00:00+00:00,KFQD,19.666666666666668,88.24197550337776,1.3048777100243265,2.4617974814156196,TRANSFERRED_MODEL,SCENARIO_P_IT=1_normalized,SCENARIO Table 3 midpoints,1
2012-08-14 13:00:00+00:00,KFQD,23.0,73.46169674935328,1.112031394013417,0.0,TRANSFERRED_MODEL,SCENARIO_P_IT=1_normalized,SCENARIO Table 3 midpoints,1
2012-08-14 14:00:00+00:00,KFQD,24.0,69.16319209999386,1.1120203298808438,0.0,TRANSFERRED_MODEL,SCENARIO_P_IT=1_normalized,SCENARIO Table 3 midpoints,1
2012-08-14 15:00:00+00:00,KFQD,25.33333333333333,69.41930248871245,1.112032756709399,0.0,TRANSFERRED_MODEL,SCENARIO_P_IT=1_normalized,SCENARIO Table 3 midpoints,1
2012-08-14 16:00:00+00:00,KFQD,26.666666666666668,66.86238676063813,1.1120256060172549,0.0,TRANSFERRED_MODEL,SCENARIO_P_IT=1_normalized,SCENARIO Table 3 midpoints,1
2012-08-14 17:00:00+00:00,KFQD,27.33333333333333,65.63346317458685,1.1120599727923048,0.0,TRANSFERRED_MODEL,SCENARIO_P_IT=1_normalized,SCENARIO Table 3 midpoints,1
2012-08-14 18:00:00+00:00,KFQD,28.0,63.12499159291279,1.112095824676231,0.0,TRANSFERRED_MODEL,SCENARIO_P_IT=1_normalized,SCENARIO Table 3 midpoints,1
2012-08-14 20:00:00+00:00,KFQD,27.666666666666668,65.70242164745088,1.1121257748159292,0.0,TRANSFERRED_MODEL,SCENARIO_P_IT=1_normalized,SCENARIO Table 3 midpoints,1
2012-08-14 21:00:00+00:00,KFQD,25.0,80.1198464880838,1.3175544028029424,2.4924620104041466,TRANSFERRED_MODEL,SCENARIO_P_IT=1_normalized,SCENARIO Table 3 midpoints,1
2012-08-14 22:00:00+00:00,KFQD,23.33333333333333,83.26226479482435,1.3137566947650252,2.4833197666821683,TRANSFERRED_MODEL,SCENARIO_P_IT=1_normalized,SCENARIO Table 3 midpoints,1
2012-08-14 23:00:00+00:00,KFQD,23.0,83.22381284256232,1.3127229153858846,2.4808247284703593,TRANSFERRED_MODEL,SCENARIO_P_IT=1_normalized,SCENARIO Table 3 midpoints,1
2012-08-15 00:00:00+00:00,KFQD,22.33333333333333,88.46380823732252,1.312784740838476,2.48107000931652,TRANSFERRED_MODEL,SCENARIO_P_IT=1_normalized,SCENARIO Table 3 midpoints,1
2012-08-15 01:00:00+00:00,KFQD,21.33333333333333,94.0333991252197,1.3118189430648342,2.478813372681644,TRANSFERRED_MODEL,SCENARIO_P_IT=1_normalized,SCENARIO Table 3 midpoints,1
2012-08-15 02:00:00+00:00,KFQD,20.666666666666668,94.00406150457935,1.3097800171069687,2.4738308053659543,TRANSFERRED_MODEL,SCENARIO_P_IT=1_normalized,SCENARIO Table 3 midpoints,1
2012-08-15 03:00:00+00:00,KFQD,20.666666666666668,94.00406150457935,1.3097750400957753,2.473830963447742,TRANSFERRED_MODEL,SCENARIO_P_IT=1_normalized,SCENARIO Table 3 midpoints,1
2012-08-15 04:00:00+00:00,KFQD,19.666666666666668,95.93650229409324,1.307502113493423,2.4681928209927064,TRANSFERRED_MODEL,SCENARIO_P_IT=1_normalized,SCENARIO Table 3 midpoints,1
2012-08-15 05:00:00+00:00,KFQD,19.0,100.0,1.306900590302265,2.4666715807461443,TRANSFERRED_MODEL,SCENARIO_P_IT=1_normalized,SCENARIO Table 3 midpoints,1
2012-08-15 06:00:00+00:00,KFQD,18.666666666666668,100.0,1.3059307159670448,2.4642662872989813,TRANSFERRED_MODEL,SCENARIO_P_IT=1_normalized,SCENARIO Table 3 midpoints,1
2012-08-15 07:00:00+00:00,KFQD,18.666666666666668,97.93421710177476,1.3052845880941801,2.4626497669242697,TRANSFERRED_MODEL,SCENARIO_P_IT=1_normalized,SCENARIO Table 3 midpoints,1
2012-08-15 08:00:00+00:00,KFQD,19.33333333333333,95.92637121097084,1.3065601894287602,2.4657900912373445,TRANSFERRED_MODEL,SCENARIO_P_IT=1_normalized,SCENARIO Table 3 midpoints,1
2012-08-15 09:00:00+00:00,KFQD,19.33333333333333,95.92637121097084,1.3065551876363062,2.465790195357237,TRANSFERRED_MODEL,SCENARIO_P_IT=1_normalized,SCENARIO Table 3 midpoints,1
2012-08-15 10:00:00+00:00,KFQD,19.0,100.0,1.306872032639994,2.4666715807447948,TRANSFERRED_MODEL,SCENARIO_P_IT=1_normalized,SCENARIO Table 3 midpoints,1
2012-08-15 11:00:00+00:00,KFQD,19.0,100.0,1.3068552489334977,2.466671580743518,TRANSFERRED_MODEL,SCENARIO_P_IT=1_normalized,SCENARIO Table 3 midpoints,1
2012-08-15 12:00:00+00:00,KFQD,20.666666666666668,92.07675442666635,1.3090809829520678,2.4721375210395173,TRANSFERRED_MODEL,SCENARIO_P_IT=1_normalized,SCENARIO Table 3 midpoints,1
2012-08-15 13:00:00+00:00,KFQD,22.0,92.1532598973541,1.3131368753656356,2.4820984699650226,TRANSFERRED_MODEL,SCENARIO_P_IT=1_normalized,SCENARIO Table 3 midpoints,1
2012-08-15 14:00:00+00:00,KFQD,22.33333333333333,86.6591714752168,1.3120083965813367,2.479327603220181,TRANSFERRED_MODEL,SCENARIO_P_IT=1_normalized,SCENARIO Table 3 midpoints,1
2012-08-15 15:00:00+00:00,KFQD,23.33333333333333,84.99173394986357,1.314359769393859,2.4851049598623614,TRANSFERRED_MODEL,SCENARIO_P_IT=1_normalized,SCENARIO Table 3 midpoints,1
2012-08-15 16:00:00+00:00,KFQD,25.0,80.1198464880838,1.3174179404632704,2.4924788063375667,TRANSFERRED_MODEL,SCENARIO_P_IT=1_normalized,SCENARIO Table 3 midpoints,1
2012-08-15 17:00:00+00:00,KFQD,27.666666666666668,64.36546443561568,1.1120301090726539,0.0,TRANSFERRED_MODEL,SCENARIO_P_IT=1_normalized,SCENARIO Table 3 midpoints,1
2012-08-15 18:00:00+00:00,KFQD,28.666666666666668,55.90097267091733,1.1120529122643326,0.0,TRANSFERRED_MODEL,SCENARIO_P_IT=1_normalized,SCENARIO Table 3 midpoints,1
2012-08-15 19:00:00+00:00,KFQD,28.0,59.330745537589415,1.1120761205586434,0.0,TRANSFERRED_MODEL,SCENARIO_P_IT=1_normalized,SCENARIO Table 3 midpoints,1
2012-08-15 20:00:00+00:00,KFQD,27.0,60.34414503626407,1.1120800294273694,0.0,TRANSFERRED_MODEL,SCENARIO_P_IT=1_normalized,SCENARIO Table 3 midpoints,1
2012-08-15 21:00:00+00:00,KFQD,27.0,55.492423508747045,1.112060342285163,0.0,TRANSFERRED_MODEL,SCENARIO_P_IT=1_normalized,SCENARIO Table 3 midpoints,1
2012-08-15 22:00:00+00:00,KFQD,27.0,55.492423508747045,1.1120519104813842,0.0,TRANSFERRED_MODEL,SCENARIO_P_IT=1_normalized,SCENARIO Table 3 midpoints,1
2012-08-15 23:00:00+00:00,KFQD,25.666666666666668,56.34703206530743,1.1120506197658124,0.0,TRANSFERRED_MODEL,SCENARIO_P_IT=1_normalized,SCENARIO Table 3 midpoints,1
2012-08-16 00:00:00+00:00,KFQD,23.33333333333333,63.428885915258505,1.1120436056227576,0.0,TRANSFERRED_MODEL,SCENARIO_P_IT=1_normalized,SCENARIO Table 3 midpoints,1
2012-08-16 01:00:00+00:00,KFQD,22.0,71.75569711869701,1.1120270656111935,0.0,TRANSFERRED_MODEL,SCENARIO_P_IT=1_normalized,SCENARIO Table 3 midpoints,1
2012-08-16 02:00:00+00:00,KFQD,21.666666666666668,70.18752098081788,1.1120050737965312,0.0,TRANSFERRED_MODEL,SCENARIO_P_IT=1_normalized,SCENARIO Table 3 midpoints,1
2012-08-16 03:00:00+00:00,KFQD,20.666666666666668,74.62947626492131,1.1119980047148041,0.0,TRANSFERRED_MODEL,SCENARIO_P_IT=1_normalized,SCENARIO Table 3 midpoints,1
2012-08-16 04:00:00+00:00,KFQD,19.666666666666668,79.38962962923233,1.301854989590374,2.4544028779244447,TRANSFERRED_MODEL,SCENARIO_P_IT=1_normalized,SCENARIO Table 3 midpoints,1
2012-08-16 05:00:00+00:00,KFQD,18.33333333333333,86.27558632784275,1.3006111420497954,2.451315233318307,TRANSFERRED_MODEL,SCENARIO_P_IT=1_normalized,SCENARIO Table 3 midpoints,1
2012-08-16 06:00:00+00:00,KFQD,18.0,88.1001435273896,1.300285682091415,2.4505427171846024,TRANSFERRED_MODEL,SCENARIO_P_IT=1_normalized,SCENARIO Table 3 midpoints,1
2012-08-16 07:00:00+00:00,KFQD,17.333333333333332,91.88059982795733,1.2996788661111678,2.4489931426072267,TRANSFERRED_MODEL,SCENARIO_P_IT=1_normalized,SCENARIO Table 3 midpoints,1
2012-08-16 08:00:00+00:00,KFQD,17.0,93.83881396078476,1.2993583530285495,2.4482181883139806,TRANSFERRED_MODEL,SCENARIO_P_IT=1_normalized,SCENARIO Table 3 midpoints,1
2012-08-16 09:00:00+00:00,KFQD,17.0,88.01383893644437,1.2977016776951127,2.444054107564936,TRANSFERRED_MODEL,SCENARIO_P_IT=1_normalized,SCENARIO Table 3 midpoints,1
2012-08-16 10:00:00+00:00,KFQD,16.666666666666668,89.89450862330301,1.2973685647992912,2.443275913563251,TRANSFERRED_MODEL,SCENARIO_P_IT=1_normalized,SCENARIO Table 3 midpoints,1
2012-08-16 11:00:00+00:00,KFQD,18.666666666666668,79.24845962530684,1.2992143493927015,2.447945959235134,TRANSFERRED_MODEL,SCENARIO_P_IT=1_normalized,SCENARIO Table 3 midpoints,1
2012-08-16 12:00:00+00:00,KFQD,20.0,76.12664438594337,1.1119136686888809,0.0,TRANSFERRED_MODEL,SCENARIO_P_IT=1_normalized,SCENARIO Table 3 midpoints,1
2012-08-16 13:00:00+00:00,KFQD,22.33333333333333,68.83891021611281,1.1119007773387597,0.0,TRANSFERRED_MODEL,SCENARIO_P_IT=1_normalized,SCENARIO Table 3 midpoints,1
2012-08-16 14:00:00+00:00,KFQD,24.0,63.5750830806859,1.1118916955249922,0.0,TRANSFERRED_MODEL,SCENARIO_P_IT=1_normalized,SCENARIO Table 3 midpoints,1
2012-08-16 15:00:00+00:00,KFQD,26.0,51.82428900764448,1.111886508720872,0.0,TRANSFERRED_MODEL,SCENARIO_P_IT=1_normalized,SCENARIO Table 3 midpoints,1
2012-08-16 16:00:00+00:00,KFQD,26.666666666666668,47.73260220025962,1.1118773785734741,0.0,TRANSFERRED_MODEL,SCENARIO_P_IT=1_normalized,SCENARIO Table 3 midpoints,1
2012-08-16 17:00:00+00:00,KFQD,27.666666666666668,42.19045390100328,1.111877650507667,0.0,TRANSFERRED_MODEL,SCENARIO_P_IT=1_normalized,SCENARIO Table 3 midpoints,1
2012-08-16 18:00:00+00:00,KFQD,28.0,47.074630676236005,1.1118912265961394,0.0,TRANSFERRED_MODEL,SCENARIO_P_IT=1_normalized,SCENARIO Table 3 midpoints,1
2012-08-16 19:00:00+00:00,KFQD,29.0,44.41774116327268,1.1119236539512636,0.0,TRANSFERRED_MODEL,SCENARIO_P_IT=1_normalized,SCENARIO Table 3 midpoints,1
2012-08-16 20:00:00+00:00,KFQD,28.666666666666668,45.2841254083608,1.111953362523836,0.0,TRANSFERRED_MODEL,SCENARIO_P_IT=1_normalized,SCENARIO Table 3 midpoints,1
2012-08-16 21:00:00+00:00,KFQD,28.33333333333333,46.16959978192848,1.1119929214486413,0.0,TRANSFERRED_MODEL,SCENARIO_P_IT=1_normalized,SCENARIO Table 3 midpoints,1
2012-08-16 22:00:00+00:00,KFQD,28.0,49.1212815188762,1.11201290854027,0.0,TRANSFERRED_MODEL,SCENARIO_P_IT=1_normalized,SCENARIO Table 3 midpoints,1
2012-08-16 23:00:00+00:00,KFQD,26.666666666666668,55.41015021249206,1.112019993803011,0.0,TRANSFERRED_MODEL,SCENARIO_P_IT=1_normalized,SCENARIO Table 3 midpoints,1
2012-08-17 00:00:00+00:00,KFQD,24.0,69.16319209999386,1.112025940297561,0.0,TRANSFERRED_MODEL,SCENARIO_P_IT=1_normalized,SCENARIO Table 3 midpoints,1
2012-08-17 01:00:00+00:00,KFQD,22.666666666666668,76.54592832806183,1.1119617854326707,0.0,TRANSFERRED_MODEL,SCENARIO_P_IT=1_normalized,SCENARIO Table 3 midpoints,1
2012-08-17 02:00:00+00:00,KFQD,21.666666666666668,79.66788494390723,1.3072424690942126,2.4679440086572666,TRANSFERRED_MODEL,SCENARIO_P_IT=1_normalized,SCENARIO Table 3 midpoints,1
2012-08-17 03:00:00+00:00,KFQD,20.33333333333333,86.4693606031717,1.306020942478282,2.464890133762525,TRANSFERRED_MODEL,SCENARIO_P_IT=1_normalized,SCENARIO Table 3 midpoints,1
2012-08-17 04:00:00+00:00,KFQD,19.0,93.92977440102698,1.3047829749646054,2.461830315687963,TRANSFERRED_MODEL,SCENARIO_P_IT=1_normalized,SCENARIO Table 3 midpoints,1
2012-08-17 05:00:00+00:00,KFQD,18.666666666666668,95.9059958782818,1.3045324580881836,2.461062866277412,TRANSFERRED_MODEL,SCENARIO_P_IT=1_normalized,SCENARIO Table 3 midpoints,1
2012-08-17 06:00:00+00:00,KFQD,18.0,95.885468414827,1.3027062753349856,2.4564290898515795,TRANSFERRED_MODEL,SCENARIO_P_IT=1_normalized,SCENARIO Table 3 midpoints,1
2012-08-17 07:00:00+00:00,KFQD,18.0,93.88454500736408,1.3021308275401904,2.454917156935772,TRANSFERRED_MODEL,SCENARIO_P_IT=1_normalized,SCENARIO Table 3 midpoints,1
2012-08-17 08:00:00+00:00,KFQD,17.666666666666668,95.87514716396385,1.3018366619851829,2.4541469480926734,TRANSFERRED_MODEL,SCENARIO_P_IT=1_normalized,SCENARIO Table 3 midpoints,1
2012-08-17 09:00:00+00:00,KFQD,17.0,100.0,1.3012154036751284,2.4526057604754903,TRANSFERRED_MODEL,SCENARIO_P_IT=1_normalized,SCENARIO Table 3 midpoints,1
2012-08-17 10:00:00+00:00,KFQD,17.0,95.85438867365647,1.3000522410642912,2.4496529762123678,TRANSFERRED_MODEL,SCENARIO_P_IT=1_normalized,SCENARIO Table 3 midpoints,1
2012-08-17 11:00:00+00:00,KFQD,17.333333333333332,95.86478731398287,1.3009437443803071,2.451888536330055,TRANSFERRED_MODEL,SCENARIO_P_IT=1_normalized,SCENARIO Table 3 midpoints,1
2012-08-17 12:00:00+00:00,KFQD,19.666666666666668,90.11294017307786,1.3055296226836883,2.4633545304338087,TRANSFERRED_MODEL,SCENARIO_P_IT=1_normalized,SCENARIO Table 3 midpoints,1
2012-08-17 13:00:00+00:00,KFQD,22.666666666666668,78.16055572131046,1.3096078789450494,2.473385509992726,TRANSFERRED_MODEL,SCENARIO_P_IT=1_normalized,SCENARIO Table 3 midpoints,1
2012-08-17 14:00:00+00:00,KFQD,25.0,69.35554872897104,1.1120584279219503,0.0,TRANSFERRED_MODEL,SCENARIO_P_IT=1_normalized,SCENARIO Table 3 midpoints,1
2012-08-17 15:00:00+00:00,KFQD,26.666666666666668,64.15218403515414,1.112049474379057,0.0,TRANSFERRED_MODEL,SCENARIO_P_IT=1_normalized,SCENARIO Table 3 midpoints,1
2012-08-17 16:00:00+00:00,KFQD,27.33333333333333,66.99675842458474,1.1120501357728552,0.0,TRANSFERRED_MODEL,SCENARIO_P_IT=1_normalized,SCENARIO Table 3 midpoints,1
2012-08-17 17:00:00+00:00,KFQD,28.0,59.330745537589415,1.1120662752988602,0.0,TRANSFERRED_MODEL,SCENARIO_P_IT=1_normalized,SCENARIO Table 3 midpoints,1
2012-08-17 18:00:00+00:00,KFQD,23.33333333333333,78.25763015198152,1.311622393384897,2.4781773917645133,TRANSFERRED_MODEL,SCENARIO_P_IT=1_normalized,SCENARIO Table 3 midpoints,1
2012-08-17 19:00:00+00:00,KFQD,23.0,88.51830793896134,1.3148975922008257,2.486151175204473,TRANSFERRED_MODEL,SCENARIO_P_IT=1_normalized,SCENARIO Table 3 midpoints,1
2012-08-17 20:00:00+00:00,KFQD,26.0,75.49927482793309,1.3184987418585599,2.494693331958556,TRANSFERRED_MODEL,SCENARIO_P_IT=1_normalized,SCENARIO Table 3 midpoints,1
2012-08-17 21:00:00+00:00,KFQD,26.33333333333333,69.60947681998807,1.112141357640098,0.0,TRANSFERRED_MODEL,SCENARIO_P_IT=1_normalized,SCENARIO Table 3 midpoints,1
2012-08-17 22:00:00+00:00,KFQD,25.33333333333333,72.35202232726088,1.112158031752929,0.0,TRANSFERRED_MODEL,SCENARIO_P_IT=1_normalized,SCENARIO Table 3 midpoints,1
2012-08-17 23:00:00+00:00,KFQD,24.33333333333333,73.68958992930928,1.1121380545460207,0.0,TRANSFERRED_MODEL,SCENARIO_P_IT=1_normalized,SCENARIO Table 3 midpoints,1
2012-08-18 00:00:00+00:00,KFQD,22.666666666666668,86.690428639266,1.3131104155894902,2.4818205418441357,TRANSFERRED_MODEL,SCENARIO_P_IT=1_normalized,SCENARIO Table 3 midpoints,1
2012-08-18 01:00:00+00:00,KFQD,22.0,94.0625242758801,1.3139192233844061,2.4839043464127553,TRANSFERRED_MODEL,SCENARIO_P_IT=1_normalized,SCENARIO Table 3 midpoints,1
2012-08-18 02:00:00+00:00,KFQD,21.666666666666668,92.13423620595734,1.3121447716973547,2.4795661169674705,TRANSFERRED_MODEL,SCENARIO_P_IT=1_normalized,SCENARIO Table 3 midpoints,1
2012-08-18 03:00:00+00:00,KFQD,21.0,94.01875700103768,1.3107894392693968,2.4763088462496734,TRANSFERRED_MODEL,SCENARIO_P_IT=1_normalized,SCENARIO Table 3 midpoints,1
2012-08-18 04:00:00+00:00,KFQD,20.666666666666668,95.96667141942416,1.310502061786065,2.475552948640378,TRANSFERRED_MODEL,SCENARIO_P_IT=1_normalized,SCENARIO Table 3 midpoints,1
2012-08-18 05:00:00+00:00,KFQD,19.666666666666668,95.93650229409324,1.3075304511503323,2.4681922286171747,TRANSFERRED_MODEL,SCENARIO_P_IT=1_normalized,SCENARIO Table 3 midpoints,1
2012-08-18 06:00:00+00:00,KFQD,19.33333333333333,97.9445997889814,1.3072473440547487,2.4674318804114157,TRANSFERRED_MODEL,SCENARIO_P_IT=1_normalized,SCENARIO Table 3 midpoints,1
2012-08-18 07:00:00+00:00,KFQD,19.0,93.92977440102698,1.305011404617301,2.461823194872869,TRANSFERRED_MODEL,SCENARIO_P_IT=1_normalized,SCENARIO Table 3 midpoints,1
2012-08-18 08:00:00+00:00,KFQD,18.0,100.0,1.304078868883008,2.4595300753123,TRANSFERRED_MODEL,SCENARIO_P_IT=1_normalized,SCENARIO Table 3 midpoints,1
2012-08-18 09:00:00+00:00,KFQD,18.0,100.0,1.304068775449839,2.459530075312249,TRANSFERRED_MODEL,SCENARIO_P_IT=1_normalized,SCENARIO Table 3 midpoints,1
2012-08-18 10:00:00+00:00,KFQD,18.0,95.885468414827,1.3028093685997604,2.4564269756927133,TRANSFERRED_MODEL,SCENARIO_P_IT=1_normalized,SCENARIO Table 3 midpoints,1
2012-08-18 11:00:00+00:00,KFQD,18.0,100.0,1.3040234043374308,2.4595300753137095,TRANSFERRED_MODEL,SCENARIO_P_IT=1_normalized,SCENARIO Table 3 midpoints,1
2012-08-18 12:00:00+00:00,KFQD,19.33333333333333,93.94474063960656,1.3058788994877881,2.46417665700653,TRANSFERRED_MODEL,SCENARIO_P_IT=1_normalized,SCENARIO Table 3 midpoints,1
2012-08-18 13:00:00+00:00,KFQD,21.666666666666668,84.81643382190023,1.3093505049810672,2.472745604875943,TRANSFERRED_MODEL,SCENARIO_P_IT=1_normalized,SCENARIO Table 3 midpoints,1
2012-08-18 14:00:00+00:00,KFQD,22.33333333333333,81.43753121501415,1.309960254940716,2.474260386783251,TRANSFERRED_MODEL,SCENARIO_P_IT=1_normalized,SCENARIO Table 3 midpoints,1
2012-08-18 15:00:00+00:00,KFQD,22.0,92.1532598973541,1.313125315620769,2.482098967613894,TRANSFERRED_MODEL,SCENARIO_P_IT=1_normalized,SCENARIO Table 3 midpoints,1
2012-08-18 16:00:00+00:00,KFQD,22.0,90.27806317972032,1.3124063343506873,2.480321535088398,TRANSFERRED_MODEL,SCENARIO_P_IT=1_normalized,SCENARIO Table 3 midpoints,1
2012-08-18 17:00:00+00:00,KFQD,23.0,79.85041540165814,1.3112716417421946,2.477428598116879,TRANSFERRED_MODEL,SCENARIO_P_IT=1_normalized,SCENARIO Table 3 midpoints,1
2012-08-18 18:00:00+00:00,KFQD,25.33333333333333,65.21578367684484,1.1120945988205506,0.0,TRANSFERRED_MODEL,SCENARIO_P_IT=1_normalized,SCENARIO Table 3 midpoints,1
2012-08-18 19:00:00+00:00,KFQD,26.33333333333333,60.19086952545671,1.1121272543965137,0.0,TRANSFERRED_MODEL,SCENARIO_P_IT=1_normalized,SCENARIO Table 3 midpoints,1
2012-08-18 20:00:00+00:00,KFQD,26.0,62.68676519301295,1.11216290900753,0.0,TRANSFERRED_MODEL,SCENARIO_P_IT=1_normalized,SCENARIO Table 3 midpoints,1
2012-08-18 21:00:00+00:00,KFQD,26.0,61.38851998965914,1.1121586729802917,0.0,TRANSFERRED_MODEL,SCENARIO_P_IT=1_normalized,SCENARIO Table 3 midpoints,1
2012-08-18 22:00:00+00:00,KFQD,25.33333333333333,69.41930248871245,1.1121665036807202,0.0,TRANSFERRED_MODEL,SCENARIO_P_IT=1_normalized,SCENARIO Table 3 midpoints,1
2012-08-18 23:00:00+00:00,KFQD,23.0,90.34758995883878,1.315671243338128,2.4879858970057493,TRANSFERRED_MODEL,SCENARIO_P_IT=1_normalized,SCENARIO Table 3 midpoints,1
2012-08-19 00:00:00+00:00,KFQD,22.0,94.0625242758801,1.3139691370534738,2.483902739833206,TRANSFERRED_MODEL,SCENARIO_P_IT=1_normalized,SCENARIO Table 3 midpoints,1
2012-08-19 01:00:00+00:00,KFQD,21.666666666666668,95.99650817175832,1.313641390843359,2.4831528390195428,TRANSFERRED_MODEL,SCENARIO_P_IT=1_normalized,SCENARIO Table 3 midpoints,1
2012-08-19 02:00:00+00:00,KFQD,21.0,100.0,1.3129856624896012,2.48165062050415,TRANSFERRED_MODEL,SCENARIO_P_IT=1_normalized,SCENARIO Table 3 midpoints,1
2012-08-19 03:00:00+00:00,KFQD,21.0,100.0,1.3129907131563263,2.481650620501929,TRANSFERRED_MODEL,SCENARIO_P_IT=1_normalized,SCENARIO Table 3 midpoints,1
2012-08-19 04:00:00+00:00,KFQD,21.0,100.0,1.313002501928767,2.4816506205028768,TRANSFERRED_MODEL,SCENARIO_P_IT=1_normalized,SCENARIO Table 3 midpoints,1
2012-08-19 05:00:00+00:00,KFQD,21.0,95.97665369360048,1.311554784073887,2.478058534954976,TRANSFERRED_MODEL,SCENARIO_P_IT=1_normalized,SCENARIO Table 3 midpoints,1
2012-08-19 06:00:00+00:00,KFQD,20.33333333333333,97.9600281764217,1.3102401163116542,2.4747968034990824,TRANSFERRED_MODEL,SCENARIO_P_IT=1_normalized,SCENARIO Table 3 midpoints,1
2012-08-19 07:00:00+00:00,KFQD,20.0,97.9549046707401,1.3092478489713857,2.4723155661443306,TRANSFERRED_MODEL,SCENARIO_P_IT=1_normalized,SCENARIO Table 3 midpoints,1
2012-08-19 08:00:00+00:00,KFQD,20.0,93.97450936662143,1.307891969605719,2.4689501701164205,TRANSFERRED_MODEL,SCENARIO_P_IT=1_normalized,SCENARIO Table 3 midpoints,1
2012-08-19 09:00:00+00:00,KFQD,20.0,97.9549046707401,1.3092411344406376,2.472315636428564,TRANSFERRED_MODEL,SCENARIO_P_IT=1_normalized,SCENARIO Table 3 midpoints,1
2012-08-19 10:00:00+00:00,KFQD,20.0,93.97450936662143,1.3078853126689791,2.4689503794339687,TRANSFERRED_MODEL,SCENARIO_P_IT=1_normalized,SCENARIO Table 3 midpoints,1
2012-08-19 11:00:00+00:00,KFQD,20.0,93.97450936662143,1.3078653524744217,2.4689510072816656,TRANSFERRED_MODEL,SCENARIO_P_IT=1_normalized,SCENARIO Table 3 midpoints,1
2012-08-19 12:00:00+00:00,KFQD,20.33333333333333,95.95665221564404,1.30951618707589,2.4730729108460983,TRANSFERRED_MODEL,SCENARIO_P_IT=1_normalized,SCENARIO Table 3 midpoints,1
2012-08-19 13:00:00+00:00,KFQD,21.0,94.01875700103768,1.3108442651074033,2.4763070998005285,TRANSFERRED_MODEL,SCENARIO_P_IT=1_normalized,SCENARIO Table 3 midpoints,1
2012-08-19 14:00:00+00:00,KFQD,21.0,96.96894305955983,1.311894938745875,2.478945644011612,TRANSFERRED_MODEL,SCENARIO_P_IT=1_normalized,SCENARIO Table 3 midpoints,1
2012-08-19 15:00:00+00:00,KFQD,22.5,85.78562746321194,1.312253146015291,2.479697069557229,TRANSFERRED_MODEL,SCENARIO_P_IT=1_normalized,SCENARIO Table 3 midpoints,1
2012-08-19 16:00:00+00:00,KFQD,23.666666666666668,75.12397742612181,1.112137456963141,0.0,TRANSFERRED_MODEL,SCENARIO_P_IT=1_normalized,SCENARIO Table 3 midpoints,1
2012-08-19 17:00:00+00:00,KFQD,24.5,69.2595763575354,1.1121456116714823,0.0,TRANSFERRED_MODEL,SCENARIO_P_IT=1_normalized,SCENARIO Table 3 midpoints,1
2012-08-19 18:00:00+00:00,KFQD,26.0,62.68676519301295,1.11216290900753,0.0,TRANSFERRED_MODEL,SCENARIO_P_IT=1_normalized,SCENARIO Table 3 midpoints,1
2012-08-19 19:00:00+00:00,KFQD,26.33333333333333,61.46378680152529,1.1121851367531939,0.0,TRANSFERRED_MODEL,SCENARIO_P_IT=1_normalized,SCENARIO Table 3 midpoints,1
2012-08-19 20:00:00+00:00,KFQD,26.666666666666668,62.83359990912254,1.1122059783230953,0.0,TRANSFERRED_MODEL,SCENARIO_P_IT=1_normalized,SCENARIO Table 3 midpoints,1
2012-08-19 21:00:00+00:00,KFQD,25.666666666666668,68.0583103268685,1.1122071124249335,0.0,TRANSFERRED_MODEL,SCENARIO_P_IT=1_normalized,SCENARIO Table 3 midpoints,1
2012-08-19 22:00:00+00:00,KFQD,24.33333333333333,78.40209494461435,1.3147859639072814,2.485555235611965,TRANSFERRED_MODEL,SCENARIO_P_IT=1_normalized,SCENARIO Table 3 midpoints,1
2012-08-19 23:00:00+00:00,KFQD,22.666666666666668,83.18523311363155,1.3118049578616504,2.478346508277897,TRANSFERRED_MODEL,SCENARIO_P_IT=1_normalized,SCENARIO Table 3 midpoints,1
2012-08-20 00:00:00+00:00,KFQD,22.0,88.4364161279818,1.3118525379981112,2.4785637972422845,TRANSFERRED_MODEL,SCENARIO_P_IT=1_normalized,SCENARIO Table 3 midpoints,1
2012-08-20 01:00:00+00:00,KFQD,22.0,88.4364161279818,1.3117957703757008,2.4785674561465583,TRANSFERRED_MODEL,SCENARIO_P_IT=1_normalized,SCENARIO Table 3 midpoints,1
2012-08-20 02:00:00+00:00,KFQD,20.0,92.03808774851429,1.3071996683100742,2.4673109983956576,TRANSFERRED_MODEL,SCENARIO_P_IT=1_normalized,SCENARIO Table 3 midpoints,1
2012-08-20 03:00:00+00:00,KFQD,18.666666666666668,95.9059958782818,1.30467047876671,2.461060011732878,TRANSFERRED_MODEL,SCENARIO_P_IT=1_normalized,SCENARIO Table 3 midpoints,1
2012-08-20 04:00:00+00:00,KFQD,19.0,93.92977440102698,1.3049748480523877,2.461824331499078,TRANSFERRED_MODEL,SCENARIO_P_IT=1_normalized,SCENARIO Table 3 midpoints,1
2012-08-20 05:00:00+00:00,KFQD,19.0,93.92977440102698,1.3049864738936119,2.461823969905404,TRANSFERRED_MODEL,SCENARIO_P_IT=1_normalized,SCENARIO Table 3 midpoints,1
2012-08-20 06:00:00+00:00,KFQD,19.0,93.92977440102698,1.3050014293468635,2.4618235049165564,TRANSFERRED_MODEL,SCENARIO_P_IT=1_normalized,SCENARIO Table 3 midpoints,1
2012-08-20 07:00:00+00:00,KFQD,18.0,100.0,1.3040738216682928,2.459530075313683,TRANSFERRED_MODEL,SCENARIO_P_IT=1_normalized,SCENARIO Table 3 midpoints,1
2012-08-20 08:00:00+00:00,KFQD,18.0,100.0,1.3040738216682928,2.459530075313683,TRANSFERRED_MODEL,SCENARIO_P_IT=1_normalized,SCENARIO Table 3 midpoints,1
2012-08-20 09:00:00+00:00,KFQD,18.0,100.0,1.3040586860070473,2.4595300753138423,TRANSFERRED_MODEL,SCENARIO_P_IT=1_normalized,SCENARIO Table 3 midpoints,1
2012-08-20 10:00:00+00:00,KFQD,17.666666666666668,95.87514716396385,1.301893220707941,2.4541457935991233,TRANSFERRED_MODEL,SCENARIO_P_IT=1_normalized,SCENARIO Table 3 midpoints,1
2012-08-20 11:00:00+00:00,KFQD,17.0,100.0,1.301242208722988,2.452605760474801,TRANSFERRED_MODEL,SCENARIO_P_IT=1_normalized,SCENARIO Table 3 midpoints,1
2012-08-20 12:00:00+00:00,KFQD,18.666666666666668,95.9059958782818,1.3046005422946318,2.461061456845712,TRANSFERRED_MODEL,SCENARIO_P_IT=1_normalized,SCENARIO Table 3 midpoints,1
2012-08-20 13:00:00+00:00,KFQD,20.666666666666668,84.70982370388491,1.306468983895647,2.465642044934295,TRANSFERRED_MODEL,SCENARIO_P_IT=1_normalized,SCENARIO Table 3 midpoints,1
2012-08-20 14:00:00+00:00,KFQD,22.666666666666668,76.54592832806183,1.1120711355949502,0.0,TRANSFERRED_MODEL,SCENARIO_P_IT=1_normalized,SCENARIO Table 3 midpoints,1
2012-08-20 15:00:00+00:00,KFQD,24.0,69.16319209999386,1.1120638491686647,0.0,TRANSFERRED_MODEL,SCENARIO_P_IT=1_normalized,SCENARIO Table 3 midpoints,1
2012-08-20 16:00:00+00:00,KFQD,25.0,59.88201402804045,1.1120823279544092,0.0,TRANSFERRED_MODEL,SCENARIO_P_IT=1_normalized,SCENARIO Table 3 midpoints,1
2012-08-20 17:00:00+00:00,KFQD,26.666666666666668,53.11306074933903,1.112091660102067,0.0,TRANSFERRED_MODEL,SCENARIO_P_IT=1_normalized,SCENARIO Table 3 midpoints,1
2012-08-20 18:00:00+00:00,KFQD,27.0,50.98677157890719,1.1121011429100893,0.0,TRANSFERRED_MODEL,SCENARIO_P_IT=1_normalized,SCENARIO Table 3 midpoints,1
2012-08-20 19:00:00+00:00,KFQD,27.0,52.08192232887679,1.1121067766904942,0.0,TRANSFERRED_MODEL,SCENARIO_P_IT=1_normalized,SCENARIO Table 3 midpoints,1
2012-08-20 20:00:00+00:00,KFQD,26.666666666666668,55.41015021249206,1.1121170115027363,0.0,TRANSFERRED_MODEL,SCENARIO_P_IT=1_normalized,SCENARIO Table 3 midpoints,1
2012-08-20 21:00:00+00:00,KFQD,26.0,61.38851998965914,1.112112131851599,0.0,TRANSFERRED_MODEL,SCENARIO_P_IT=1_normalized,SCENARIO Table 3 midpoints,1
2012-08-20 22:00:00+00:00,KFQD,24.33333333333333,70.6877495794314,1.1121098687800217,0.0,TRANSFERRED_MODEL,SCENARIO_P_IT=1_normalized,SCENARIO Table 3 midpoints,1
2012-08-20 23:00:00+00:00,KFQD,23.0,66.10998562050804,1.1120974353298554,0.0,TRANSFERRED_MODEL,SCENARIO_P_IT=1_normalized,SCENARIO Table 3 midpoints,1
2012-08-21 00:00:00+00:00,KFQD,21.33333333333333,74.7405501294198,1.1120869254721641,0.0,TRANSFERRED_MODEL,SCENARIO_P_IT=1_normalized,SCENARIO Table 3 midpoints,1
2012-08-21 01:00:00+00:00,KFQD,20.666666666666668,74.62947626492131,1.1120681374177241,0.0,TRANSFERRED_MODEL,SCENARIO_P_IT=1_normalized,SCENARIO Table 3 midpoints,1
2012-08-21 02:00:00+00:00,KFQD,19.33333333333333,86.37297552041,1.303340298645318,2.4579932364786776,TRANSFERRED_MODEL,SCENARIO_P_IT=1_normalized,SCENARIO Table 3 midpoints,1
2012-08-21 03:00:00+00:00,KFQD,19.0,88.18554132284771,1.3030063311305948,2.457226789763073,TRANSFERRED_MODEL,SCENARIO_P_IT=1_normalized,SCENARIO Table 3 midpoints,1
2012-08-21 04:00:00+00:00,KFQD,18.33333333333333,91.9401926412852,1.302379126625279,2.4556890143441032,TRANSFERRED_MODEL,SCENARIO_P_IT=1_normalized,SCENARIO Table 3 midpoints,1
2012-08-21 05:00:00+00:00,KFQD,18.666666666666668,90.04090786510619,1.302685345627752,2.4564586028214705,TRANSFERRED_MODEL,SCENARIO_P_IT=1_normalized,SCENARIO Table 3 midpoints,1
2012-08-21 06:00:00+00:00,KFQD,18.33333333333333,90.01672550238607,1.3017868797708962,2.454205182962723,TRANSFERRED_MODEL,SCENARIO_P_IT=1_normalized,SCENARIO Table 3 midpoints,1
2012-08-21 07:00:00+00:00,KFQD,18.666666666666668,84.49332002013861,1.3009559492480247,2.4520852302885343,TRANSFERRED_MODEL,SCENARIO_P_IT=1_normalized,SCENARIO Table 3 midpoints,1
2012-08-21 08:00:00+00:00,KFQD,18.0,86.24289779644687,1.2997896766229675,2.4491289023187446,TRANSFERRED_MODEL,SCENARIO_P_IT=1_normalized,SCENARIO Table 3 midpoints,1
2012-08-21 09:00:00+00:00,KFQD,17.333333333333332,80.78750129297461,1.2965511823401081,2.440875781808249,TRANSFERRED_MODEL,SCENARIO_P_IT=1_normalized,SCENARIO Table 3 midpoints,1
2012-08-21 10:00:00+00:00,KFQD,17.0,82.5092926949021,1.2962270291843772,2.440096157614069,TRANSFERRED_MODEL,SCENARIO_P_IT=1_normalized,SCENARIO Table 3 midpoints,1
2012-08-21 11:00:00+00:00,KFQD,17.0,82.5092926949021,1.2961835994277107,2.4401001172209678,TRANSFERRED_MODEL,SCENARIO_P_IT=1_normalized,SCENARIO Table 3 midpoints,1
2012-08-21 12:00:00+00:00,KFQD,18.666666666666668,79.24845962530684,1.2992477728657905,2.4479421381206063,TRANSFERRED_MODEL,SCENARIO_P_IT=1_normalized,SCENARIO Table 3 midpoints,1
2012-08-21 13:00:00+00:00,KFQD,21.666666666666668,68.7078925887648,1.1119155975512094,0.0,TRANSFERRED_MODEL,SCENARIO_P_IT=1_normalized,SCENARIO Table 3 midpoints,1
2012-08-21 14:00:00+00:00,KFQD,24.0,62.241655686223766,1.1118916955249922,0.0,TRANSFERRED_MODEL,SCENARIO_P_IT=1_normalized,SCENARIO Table 3 midpoints,1
2012-08-21 15:00:00+00:00,KFQD,25.0,59.88201402804045,1.1118918720807642,0.0,TRANSFERRED_MODEL,SCENARIO_P_IT=1_normalized,SCENARIO Table 3 midpoints,1
2012-08-21 16:00:00+00:00,KFQD,26.0,56.42857335011976,1.1119060337250954,0.0,TRANSFERRED_MODEL,SCENARIO_P_IT=1_normalized,SCENARIO Table 3 midpoints,1
2012-08-21 17:00:00+00:00,KFQD,26.666666666666668,51.99622777329181,1.111917829122632,0.0,TRANSFERRED_MODEL,SCENARIO_P_IT=1_normalized,SCENARIO Table 3 midpoints,1
2012-08-21 18:00:00+00:00,KFQD,27.33333333333333,46.89565847391731,1.1119324434150981,0.0,TRANSFERRED_MODEL,SCENARIO_P_IT=1_normalized,SCENARIO Table 3 midpoints,1
2012-08-21 19:00:00+00:00,KFQD,27.0,45.80906758067081,1.111963576786282,0.0,TRANSFERRED_MODEL,SCENARIO_P_IT=1_normalized,SCENARIO Table 3 midpoints,1
2012-08-21 20:00:00+00:00,KFQD,27.0,49.91191562455749,1.111963576786282,0.0,TRANSFERRED_MODEL,SCENARIO_P_IT=1_normalized,SCENARIO Table 3 midpoints,1
2012-08-21 21:00:00+00:00,KFQD,27.0,50.98677157890719,1.111963576786282,0.0,TRANSFERRED_MODEL,SCENARIO_P_IT=1_normalized,SCENARIO Table 3 midpoints,1
2012-08-21 22:00:00+00:00,KFQD,25.666666666666668,61.31306126466701,1.1119455257867359,0.0,TRANSFERRED_MODEL,SCENARIO_P_IT=1_normalized,SCENARIO Table 3 midpoints,1
2012-08-21 23:00:00+00:00,KFQD,23.33333333333333,73.51892767698158,1.11194975551083,0.0,TRANSFERRED_MODEL,SCENARIO_P_IT=1_normalized,SCENARIO Table 3 midpoints,1
2012-08-22 00:00:00+00:00,KFQD,23.0,64.71986027383593,1.111912473498904,0.0,TRANSFERRED_MODEL,SCENARIO_P_IT=1_normalized,SCENARIO Table 3 midpoints,1
2012-08-22 01:00:00+00:00,KFQD,20.666666666666668,74.62947626492131,1.1118737356459998,0.0,TRANSFERRED_MODEL,SCENARIO_P_IT=1_normalized,SCENARIO Table 3 midpoints,1
2012-08-22 02:00:00+00:00,KFQD,19.0,86.3406246875049,1.302243918109896,2.455757483189714,TRANSFERRED_MODEL,SCENARIO_P_IT=1_normalized,SCENARIO Table 3 midpoints,1
2012-08-22 03:00:00+00:00,KFQD,19.0,88.18554132284771,1.3028308298753113,2.457237783974396,TRANSFERRED_MODEL,SCENARIO_P_IT=1_normalized,SCENARIO Table 3 midpoints,1
2012-08-22 04:00:00+00:00,KFQD,19.0,88.18554132284771,1.3028437867288167,2.4572369704896975,TRANSFERRED_MODEL,SCENARIO_P_IT=1_normalized,SCENARIO Table 3 midpoints,1
2012-08-22 05:00:00+00:00,KFQD,18.666666666666668,90.04090786510619,1.3025482462046793,2.4564657262312526,TRANSFERRED_MODEL,SCENARIO_P_IT=1_normalized,SCENARIO Table 3 midpoints,1
2012-08-22 06:00:00+00:00,KFQD,18.0,91.92040036089011,1.3013530145363688,2.453439237303316,TRANSFERRED_MODEL,SCENARIO_P_IT=1_normalized,SCENARIO Table 3 midpoints,1
2012-08-22 07:00:00+00:00,KFQD,18.0,88.1001435273896,1.300217470341022,2.4505469344017907,TRANSFERRED_MODEL,SCENARIO_P_IT=1_normalized,SCENARIO Table 3 midpoints,1
2012-08-22 08:00:00+00:00,KFQD,18.0,88.1001435273896,1.300217470341022,2.4505469344017907,TRANSFERRED_MODEL,SCENARIO_P_IT=1_normalized,SCENARIO Table 3 midpoints,1
2012-08-22 09:00:00+00:00,KFQD,17.333333333333332,91.88059982795733,1.2995904645722414,2.4489967537923345,TRANSFERRED_MODEL,SCENARIO_P_IT=1_normalized,SCENARIO Table 3 midpoints,1
2012-08-22 10:00:00+00:00,KFQD,18.0,86.24289779644687,1.2996326803758882,2.4491402204364605,TRANSFERRED_MODEL,SCENARIO_P_IT=1_normalized,SCENARIO Table 3 midpoints,1
2012-08-22 11:00:00+00:00,KFQD,18.0,88.1001435273896,1.300152683720805,2.450550947024237,TRANSFERRED_MODEL,SCENARIO_P_IT=1_normalized,SCENARIO Table 3 midpoints,1
2012-08-22 12:00:00+00:00,KFQD,18.33333333333333,86.27558632784275,1.300441534225705,2.4513275336707365,TRANSFERRED_MODEL,SCENARIO_P_IT=1_normalized,SCENARIO Table 3 midpoints,1
2012-08-22 13:00:00+00:00,KFQD,21.33333333333333,74.7405501294198,1.1118227724888672,0.0,TRANSFERRED_MODEL,SCENARIO_P_IT=1_normalized,SCENARIO Table 3 midpoints,1
2012-08-22 14:00:00+00:00,KFQD,23.33333333333333,67.59344373402399,1.111799338802736,0.0,TRANSFERRED_MODEL,SCENARIO_P_IT=1_normalized,SCENARIO Table 3 midpoints,1
2012-08-22 15:00:00+00:00,KFQD,24.33333333333333,66.386225579277,1.1117939268565522,0.0,TRANSFERRED_MODEL,SCENARIO_P_IT=1_normalized,SCENARIO Table 3 midpoints,1
2012-08-22 16:00:00+00:00,KFQD,25.33333333333333,63.86516240805331,1.1117927147205173,0.0,TRANSFERRED_MODEL,SCENARIO_P_IT=1_normalized,SCENARIO Table 3 midpoints,1
2012-08-22 17:00:00+00:00,KFQD,25.33333333333333,63.86516240805331,1.111809374337749,0.0,TRANSFERRED_MODEL,SCENARIO_P_IT=1_normalized,SCENARIO Table 3 midpoints,1
2012-08-22 18:00:00+00:00,KFQD,26.666666666666668,62.83359990912254,1.1118314418926496,0.0,TRANSFERRED_MODEL,SCENARIO_P_IT=1_normalized,SCENARIO Table 3 midpoints,1
2012-08-22 19:00:00+00:00,KFQD,27.0,55.492423508747045,1.1118491477796044,0.0,TRANSFERRED_MODEL,SCENARIO_P_IT=1_normalized,SCENARIO Table 3 midpoints,1
2012-08-22 20:00:00+00:00,KFQD,27.0,55.492423508747045,1.1118672480247584,0.0,TRANSFERRED_MODEL,SCENARIO_P_IT=1_normalized,SCENARIO Table 3 midpoints,1
2012-08-22 21:00:00+00:00,KFQD,27.0,56.67205489777962,1.1118756071762665,0.0,TRANSFERRED_MODEL,SCENARIO_P_IT=1_normalized,SCENARIO Table 3 midpoints,1
2012-08-22 22:00:00+00:00,KFQD,27.0,57.87365325126381,1.1118756071762665,0.0,TRANSFERRED_MODEL,SCENARIO_P_IT=1_normalized,SCENARIO Table 3 midpoints,1
2012-08-22 23:00:00+00:00,KFQD,26.0,64.00905326875477,1.1118642163200327,0.0,TRANSFERRED_MODEL,SCENARIO_P_IT=1_normalized,SCENARIO Table 3 midpoints,1
2012-08-23 00:00:00+00:00,KFQD,24.33333333333333,72.17497394240353,1.1118592471398738,0.0,TRANSFERRED_MODEL,SCENARIO_P_IT=1_normalized,SCENARIO Table 3 midpoints,1
2012-08-23 01:00:00+00:00,KFQD,23.0,78.20916979499323,1.3103356081213298,2.4758047207383047,TRANSFERRED_MODEL,SCENARIO_P_IT=1_normalized,SCENARIO Table 3 midpoints,1
2012-08-23 02:00:00+00:00,KFQD,22.0,83.10768815769457,1.30937328688058,2.4735307094219405,TRANSFERRED_MODEL,SCENARIO_P_IT=1_normalized,SCENARIO Table 3 midpoints,1
2012-08-23 03:00:00+00:00,KFQD,22.0,83.10768815769457,1.3093365704607929,2.4735343102676426,TRANSFERRED_MODEL,SCENARIO_P_IT=1_normalized,SCENARIO Table 3 midpoints,1
2012-08-23 04:00:00+00:00,KFQD,21.33333333333333,86.56475488789943,1.3087321889172385,2.4720112562736234,TRANSFERRED_MODEL,SCENARIO_P_IT=1_normalized,SCENARIO Table 3 midpoints,1
2012-08-23 05:00:00+00:00,KFQD,21.0,84.74548078852081,1.3071057725895145,2.4680117929822565,TRANSFERRED_MODEL,SCENARIO_P_IT=1_normalized,SCENARIO Table 3 midpoints,1
2012-08-23 06:00:00+00:00,KFQD,19.666666666666668,90.11294017307786,1.3052356943941508,2.4633699960480464,TRANSFERRED_MODEL,SCENARIO_P_IT=1_normalized,SCENARIO Table 3 midpoints,1
2012-08-23 07:00:00+00:00,KFQD,19.0,90.06500416541498,1.3033802425326453,2.4587463084855568,TRANSFERRED_MODEL,SCENARIO_P_IT=1_normalized,SCENARIO Table 3 midpoints,1
2012-08-23 08:00:00+00:00,KFQD,18.666666666666668,91.95991338579516,1.3030680439072215,2.457976284229858,TRANSFERRED_MODEL,SCENARIO_P_IT=1_normalized,SCENARIO Table 3 midpoints,1
2012-08-23 09:00:00+00:00,KFQD,18.33333333333333,93.89967685168608,1.302746087921773,2.4572059874844494,TRANSFERRED_MODEL,SCENARIO_P_IT=1_normalized,SCENARIO Table 3 midpoints,1
2012-08-23 10:00:00+00:00,KFQD,18.0,93.88454500736408,1.3018185162844134,2.4549268125190635,TRANSFERRED_MODEL,SCENARIO_P_IT=1_normalized,SCENARIO Table 3 midpoints,1
2012-08-23 11:00:00+00:00,KFQD,18.33333333333333,93.89967685168608,1.3027117768633416,2.457207057212754,TRANSFERRED_MODEL,SCENARIO_P_IT=1_normalized,SCENARIO Table 3 midpoints,1
2012-08-23 12:00:00+00:00,KFQD,21.0,82.9903987771767,1.3064259610601345,2.4664377544720497,TRANSFERRED_MODEL,SCENARIO_P_IT=1_normalized,SCENARIO Table 3 midpoints,1
2012-08-23 13:00:00+00:00,KFQD,22.666666666666668,74.96065934852216,1.1117572141984322,0.0,TRANSFERRED_MODEL,SCENARIO_P_IT=1_normalized,SCENARIO Table 3 midpoints,1
2012-08-23 14:00:00+00:00,KFQD,24.33333333333333,67.79379019809963,1.111744029676967,0.0,TRANSFERRED_MODEL,SCENARIO_P_IT=1_normalized,SCENARIO Table 3 midpoints,1
2012-08-23 15:00:00+00:00,KFQD,26.0,61.38851998965914,1.1117392549210332,0.0,TRANSFERRED_MODEL,SCENARIO_P_IT=1_normalized,SCENARIO Table 3 midpoints,1
2012-08-23 16:00:00+00:00,KFQD,26.666666666666668,59.0194586426827,1.1117564860980087,0.0,TRANSFERRED_MODEL,SCENARIO_P_IT=1_normalized,SCENARIO Table 3 midpoints,1
2012-08-23 17:00:00+00:00,KFQD,27.0,56.67205489777962,1.111768579925507,0.0,TRANSFERRED_MODEL,SCENARIO_P_IT=1_normalized,SCENARIO Table 3 midpoints,1
2012-08-23 18:00:00+00:00,KFQD,27.33333333333333,56.7528359487834,1.1117945633695543,0.0,TRANSFERRED_MODEL,SCENARIO_P_IT=1_normalized,SCENARIO Table 3 midpoints,1
2012-08-23 19:00:00+00:00,KFQD,27.33333333333333,54.417722588189285,1.1118181763150494,0.0,TRANSFERRED_MODEL,SCENARIO_P_IT=1_normalized,SCENARIO Table 3 midpoints,1
2012-08-23 20:00:00+00:00,KFQD,27.666666666666668,54.50084266952658,1.1118219747848983,0.0,TRANSFERRED_MODEL,SCENARIO_P_IT=1_normalized,SCENARIO Table 3 midpoints,1
2012-08-23 21:00:00+00:00,KFQD,27.0,56.67205489777962,1.1118338441998186,0.0,TRANSFERRED_MODEL,SCENARIO_P_IT=1_normalized,SCENARIO Table 3 midpoints,1
2012-08-23 22:00:00+00:00,KFQD,26.666666666666668,59.0194586426827,1.1118356138603513,0.0,TRANSFERRED_MODEL,SCENARIO_P_IT=1_normalized,SCENARIO Table 3 midpoints,1
2012-08-23 23:00:00+00:00,KFQD,25.33333333333333,67.9924579988718,1.1118427327714384,0.0,TRANSFERRED_MODEL,SCENARIO_P_IT=1_normalized,SCENARIO Table 3 midpoints,1
2012-08-24 00:00:00+00:00,KFQD,24.0,70.62585616825257,1.11183183808051,0.0,TRANSFERRED_MODEL,SCENARIO_P_IT=1_normalized,SCENARIO Table 3 midpoints,1
2012-08-24 01:00:00+00:00,KFQD,23.33333333333333,70.50152801166188,1.1118118330144755,0.0,TRANSFERRED_MODEL,SCENARIO_P_IT=1_normalized,SCENARIO Table 3 midpoints,1
2012-08-24 02:00:00+00:00,KFQD,22.33333333333333,73.34671588101362,1.11179923673745,0.0,TRANSFERRED_MODEL,SCENARIO_P_IT=1_normalized,SCENARIO Table 3 midpoints,1
2012-08-24 03:00:00+00:00,KFQD,21.0,88.35366560432122,1.3083898064047246,2.4712519162712128,TRANSFERRED_MODEL,SCENARIO_P_IT=1_normalized,SCENARIO Table 3 midpoints,1
2012-08-24 04:00:00+00:00,KFQD,21.0,88.35366560432122,1.3083898064047246,2.4712519162712128,TRANSFERRED_MODEL,SCENARIO_P_IT=1_normalized,SCENARIO Table 3 midpoints,1
2012-08-24 13:00:00+00:00,KFQD,23.0,76.59760589169682,1.1117553997331036,0.0,TRANSFERRED_MODEL,SCENARIO_P_IT=1_normalized,SCENARIO Table 3 midpoints,1
2012-08-24 14:00:00+00:00,KFQD,24.33333333333333,70.6877495794314,1.1117481833015541,0.0,TRANSFERRED_MODEL,SCENARIO_P_IT=1_normalized,SCENARIO Table 3 midpoints,1
2012-08-24 15:00:00+00:00,KFQD,26.666666666666668,62.83359990912254,1.1117357118833184,0.0,TRANSFERRED_MODEL,SCENARIO_P_IT=1_normalized,SCENARIO Table 3 midpoints,1
2012-08-24 16:00:00+00:00,KFQD,27.0,56.07951487572317,1.1117505634315255,0.0,TRANSFERRED_MODEL,SCENARIO_P_IT=1_normalized,SCENARIO Table 3 midpoints,1
2012-08-24 17:00:00+00:00,KFQD,27.75,49.57940039085468,1.1117632325786646,0.0,TRANSFERRED_MODEL,SCENARIO_P_IT=1_normalized,SCENARIO Table 3 midpoints,1
2012-08-24 18:00:00+00:00,KFQD,28.0,48.08838553713478,1.1117827200603119,0.0,TRANSFERRED_MODEL,SCENARIO_P_IT=1_normalized,SCENARIO Table 3 midpoints,1
2012-08-24 19:00:00+00:00,KFQD,28.0,48.08838553713478,1.1118104895363428,0.0,TRANSFERRED_MODEL,SCENARIO_P_IT=1_normalized,SCENARIO Table 3 midpoints,1
2012-08-24 20:00:00+00:00,KFQD,27.33333333333333,43.96271833954076,1.1118237361144219,0.0,TRANSFERRED_MODEL,SCENARIO_P_IT=1_normalized,SCENARIO Table 3 midpoints,1
2012-08-24 21:00:00+00:00,KFQD,27.0,48.857032756725886,1.1118296724055972,0.0,TRANSFERRED_MODEL,SCENARIO_P_IT=1_normalized,SCENARIO Table 3 midpoints,1
2012-08-24 22:00:00+00:00,KFQD,27.33333333333333,45.89944747681504,1.111827906917748,0.0,TRANSFERRED_MODEL,SCENARIO_P_IT=1_normalized,SCENARIO Table 3 midpoints,1
2012-08-24 23:00:00+00:00,KFQD,26.0,57.63433267904622,1.1118308214209351,0.0,TRANSFERRED_MODEL,SCENARIO_P_IT=1_normalized,SCENARIO Table 3 midpoints,1
2012-08-25 00:00:00+00:00,KFQD,23.0,75.01526564873618,1.1118261478939806,0.0,TRANSFERRED_MODEL,SCENARIO_P_IT=1_normalized,SCENARIO Table 3 midpoints,1
2012-08-25 01:00:00+00:00,KFQD,22.33333333333333,76.49408934802871,1.1118089525311727,0.0,TRANSFERRED_MODEL,SCENARIO_P_IT=1_normalized,SCENARIO Table 3 midpoints,1
2012-08-25 02:00:00+00:00,KFQD,21.33333333333333,81.31007897700592,1.3067660275372177,2.4671995877737785,TRANSFERRED_MODEL,SCENARIO_P_IT=1_normalized,SCENARIO Table 3 midpoints,1
2012-08-25 03:00:00+00:00,KFQD,19.666666666666668,90.11294017307786,1.3051805679941442,2.4633729106320725,TRANSFERRED_MODEL,SCENARIO_P_IT=1_normalized,SCENARIO Table 3 midpoints,1
2012-08-25 04:00:00+00:00,KFQD,19.666666666666668,84.60212387425233,1.303358539529077,2.4587852431236956,TRANSFERRED_MODEL,SCENARIO_P_IT=1_normalized,SCENARIO Table 3 midpoints,1
2012-08-25 05:00:00+00:00,KFQD,18.666666666666668,90.04090786510619,1.3024216221262028,2.4564723289341917,TRANSFERRED_MODEL,SCENARIO_P_IT=1_normalized,SCENARIO Table 3 midpoints,1
2012-08-25 06:00:00+00:00,KFQD,18.33333333333333,91.9401926412852,1.3021240628014346,2.455699584829802,TRANSFERRED_MODEL,SCENARIO_P_IT=1_normalized,SCENARIO Table 3 midpoints,1
2012-08-25 07:00:00+00:00,KFQD,18.0,93.88454500736408,1.3018119833065342,2.4549270153528107,TRANSFERRED_MODEL,SCENARIO_P_IT=1_normalized,SCENARIO Table 3 midpoints,1
2012-08-25 08:00:00+00:00,KFQD,17.333333333333332,97.91321517166044,1.3011879986155281,2.4533801058153215,TRANSFERRED_MODEL,SCENARIO_P_IT=1_normalized,SCENARIO Table 3 midpoints,1
2012-08-25 09:00:00+00:00,KFQD,17.0,95.85438867365647,1.2997107841161872,2.4496599220825996,TRANSFERRED_MODEL,SCENARIO_P_IT=1_normalized,SCENARIO Table 3 midpoints,1
2012-08-25 10:00:00+00:00,KFQD,16.333333333333332,97.897253593955,1.298501180989497,2.4466680082059775,TRANSFERRED_MODEL,SCENARIO_P_IT=1_normalized,SCENARIO Table 3 midpoints,1
2012-08-25 11:00:00+00:00,KFQD,16.666666666666668,95.84395105058098,1.298791358878725,2.447447419530936,TRANSFERRED_MODEL,SCENARIO_P_IT=1_normalized,SCENARIO Table 3 midpoints,1
2012-08-25 12:00:00+00:00,KFQD,19.0,88.18554132284771,1.30270486090433,2.4572457079088976,TRANSFERRED_MODEL,SCENARIO_P_IT=1_normalized,SCENARIO Table 3 midpoints,1
2012-08-25 13:00:00+00:00,KFQD,22.0,73.28896468276716,1.1117483935038908,0.0,TRANSFERRED_MODEL,SCENARIO_P_IT=1_normalized,SCENARIO Table 3 midpoints,1
2012-08-25 14:00:00+00:00,KFQD,23.666666666666668,66.24848615647943,1.111726871581625,0.0,TRANSFERRED_MODEL,SCENARIO_P_IT=1_normalized,SCENARIO Table 3 midpoints,1
2012-08-25 15:00:00+00:00,KFQD,25.33333333333333,57.47382861103034,1.111734508696551,0.0,TRANSFERRED_MODEL,SCENARIO_P_IT=1_normalized,SCENARIO Table 3 midpoints,1
2012-08-25 16:00:00+00:00,KFQD,27.0,50.98677157890719,1.1117491781801783,0.0,TRANSFERRED_MODEL,SCENARIO_P_IT=1_normalized,SCENARIO Table 3 midpoints,1
2012-08-25 17:00:00+00:00,KFQD,28.0,50.17362599310673,1.1117785577661106,0.0,TRANSFERRED_MODEL,SCENARIO_P_IT=1_normalized,SCENARIO Table 3 midpoints,1
2012-08-25 18:00:00+00:00,KFQD,28.0,51.24573031925885,1.1118049327387423,0.0,TRANSFERRED_MODEL,SCENARIO_P_IT=1_normalized,SCENARIO Table 3 midpoints,1
2012-08-25 19:00:00+00:00,KFQD,27.666666666666668,49.03337316886287,1.111826145415561,0.0,TRANSFERRED_MODEL,SCENARIO_P_IT=1_normalized,SCENARIO Table 3 midpoints,1
2012-08-25 20:00:00+00:00,KFQD,28.33333333333333,47.16386475081561,1.111826805418522,0.0,TRANSFERRED_MODEL,SCENARIO_P_IT=1_normalized,SCENARIO Table 3 midpoints,1
2012-08-25 21:00:00+00:00,KFQD,28.0,48.08838553713478,1.1118285591616839,0.0,TRANSFERRED_MODEL,SCENARIO_P_IT=1_normalized,SCENARIO Table 3 midpoints,1
2012-08-25 22:00:00+00:00,KFQD,26.666666666666668,54.25092267518391,1.1118217104815558,0.0,TRANSFERRED_MODEL,SCENARIO_P_IT=1_normalized,SCENARIO Table 3 midpoints,1
2012-08-25 23:00:00+00:00,KFQD,25.33333333333333,62.53916569481073,1.1118135412822834,0.0,TRANSFERRED_MODEL,SCENARIO_P_IT=1_normalized,SCENARIO Table 3 midpoints,1
2012-08-26 00:00:00+00:00,KFQD,24.0,66.31745071572574,1.1118082198652575,0.0,TRANSFERRED_MODEL,SCENARIO_P_IT=1_normalized,SCENARIO Table 3 midpoints,1
2012-08-26 01:00:00+00:00,KFQD,23.0,67.52628576390855,1.1117900507821505,0.0,TRANSFERRED_MODEL,SCENARIO_P_IT=1_normalized,SCENARIO Table 3 midpoints,1
2012-08-26 02:00:00+00:00,KFQD,21.33333333333333,76.33759769269038,1.1117811429380355,0.0,TRANSFERRED_MODEL,SCENARIO_P_IT=1_normalized,SCENARIO Table 3 midpoints,1
2012-08-26 03:00:00+00:00,KFQD,20.33333333333333,81.18136577306466,1.3039643888226795,2.4603263377003253,TRANSFERRED_MODEL,SCENARIO_P_IT=1_normalized,SCENARIO Table 3 midpoints,1
2012-08-26 04:00:00+00:00,KFQD,19.0,88.18554132284771,1.3027209743341122,2.4572446927833704,TRANSFERRED_MODEL,SCENARIO_P_IT=1_normalized,SCENARIO Table 3 midpoints,1
2012-08-26 05:00:00+00:00,KFQD,18.0,93.88454500736408,1.3017907630089816,2.454927674440861,TRANSFERRED_MODEL,SCENARIO_P_IT=1_normalized,SCENARIO Table 3 midpoints,1
2012-08-26 17:00:00+00:00,KFQD,28.0,58.11126126861089,1.1117439036566845,0.0,TRANSFERRED_MODEL,SCENARIO_P_IT=1_normalized,SCENARIO Table 3 midpoints,1
2012-08-26 18:00:00+00:00,KFQD,28.666666666666668,54.74908741306644,1.1117639637892265,0.0,TRANSFERRED_MODEL,SCENARIO_P_IT=1_normalized,SCENARIO Table 3 midpoints,1
2012-08-26 19:00:00+00:00,KFQD,29.0,53.70161776802224,1.1117996862480648,0.0,TRANSFERRED_MODEL,SCENARIO_P_IT=1_normalized,SCENARIO Table 3 midpoints,1
2012-08-26 20:00:00+00:00,KFQD,28.0,58.11126126861089,1.1118202174271676,0.0,TRANSFERRED_MODEL,SCENARIO_P_IT=1_normalized,SCENARIO Table 3 midpoints,1
2012-08-26 21:00:00+00:00,KFQD,29.0,51.50307132317005,1.1118233097562706,0.0,TRANSFERRED_MODEL,SCENARIO_P_IT=1_normalized,SCENARIO Table 3 midpoints,1
2012-08-26 22:00:00+00:00,KFQD,28.33333333333333,54.66652474733164,1.111826805418522,0.0,TRANSFERRED_MODEL,SCENARIO_P_IT=1_normalized,SCENARIO Table 3 midpoints,1
2012-08-26 23:00:00+00:00,KFQD,26.666666666666668,62.83359990912254,1.1118356138603513,0.0,TRANSFERRED_MODEL,SCENARIO_P_IT=1_normalized,SCENARIO Table 3 midpoints,1
2012-08-27 00:00:00+00:00,KFQD,25.666666666666668,66.65943967279435,1.1118228720899308,0.0,TRANSFERRED_MODEL,SCENARIO_P_IT=1_normalized,SCENARIO Table 3 midpoints,1
2012-08-27 01:00:00+00:00,KFQD,24.0,70.62585616825257,1.1118082198652575,0.0,TRANSFERRED_MODEL,SCENARIO_P_IT=1_normalized,SCENARIO Table 3 midpoints,1
2012-08-27 02:00:00+00:00,KFQD,23.0,75.01526564873618,1.1117845028158007,0.0,TRANSFERRED_MODEL,SCENARIO_P_IT=1_normalized,SCENARIO Table 3 midpoints,1
2012-08-27 03:00:00+00:00,KFQD,22.0,78.06286399643153,1.3073921229354928,2.468726881345401,TRANSFERRED_MODEL,SCENARIO_P_IT=1_normalized,SCENARIO Table 3 midpoints,1
2012-08-27 04:00:00+00:00,KFQD,21.5,83.04918998107914,1.3078776010701063,2.4699570555577526,TRANSFERRED_MODEL,SCENARIO_P_IT=1_normalized,SCENARIO Table 3 midpoints,1
2012-08-27 11:00:00+00:00,KFQD,18.33333333333333,93.89967685168608,1.3026987184598966,2.4572074645966766,TRANSFERRED_MODEL,SCENARIO_P_IT=1_normalized,SCENARIO Table 3 midpoints,1
2012-08-27 12:00:00+00:00,KFQD,20.5,85.58451413273906,1.3059283880642751,2.4652918509739385,TRANSFERRED_MODEL,SCENARIO_P_IT=1_normalized,SCENARIO Table 3 midpoints,1
2012-08-27 13:00:00+00:00,KFQD,23.0,76.99773935532092,1.1117304859337995,0.0,TRANSFERRED_MODEL,SCENARIO_P_IT=1_normalized,SCENARIO Table 3 midpoints,1
2012-08-27 14:00:00+00:00,KFQD,25.33333333333333,67.9924579988718,1.1117262065579716,0.0,TRANSFERRED_MODEL,SCENARIO_P_IT=1_normalized,SCENARIO Table 3 midpoints,1
2012-08-27 15:00:00+00:00,KFQD,27.33333333333333,60.420496387525546,1.1117321848607784,0.0,TRANSFERRED_MODEL,SCENARIO_P_IT=1_normalized,SCENARIO Table 3 midpoints,1
2012-08-27 16:00:00+00:00,KFQD,27.0,59.71800007230962,1.1117630347611531,0.0,TRANSFERRED_MODEL,SCENARIO_P_IT=1_normalized,SCENARIO Table 3 midpoints,1
2012-08-27 17:00:00+00:00,KFQD,28.0,57.21113982539551,1.1117941705741798,0.0,TRANSFERRED_MODEL,SCENARIO_P_IT=1_normalized,SCENARIO Table 3 midpoints,1
2012-08-27 18:00:00+00:00,KFQD,29.0,53.70161776802224,1.1118344357861845,0.0,TRANSFERRED_MODEL,SCENARIO_P_IT=1_normalized,SCENARIO Table 3 midpoints,1
2012-08-27 19:00:00+00:00,KFQD,29.33333333333333,50.52009369651026,1.111859139959465,0.0,TRANSFERRED_MODEL,SCENARIO_P_IT=1_normalized,SCENARIO Table 3 midpoints,1
2012-08-27 20:00:00+00:00,KFQD,30.0,45.6437789332581,1.1118849310123748,0.0,TRANSFERRED_MODEL,SCENARIO_P_IT=1_normalized,SCENARIO Table 3 midpoints,1
2012-08-27 21:00:00+00:00,KFQD,30.0,46.616566367712366,1.1119002770442867,0.0,TRANSFERRED_MODEL,SCENARIO_P_IT=1_normalized,SCENARIO Table 3 midpoints,1
2012-08-27 22:00:00+00:00,KFQD,28.666666666666668,52.5076575177724,1.1119128345164029,0.0,TRANSFERRED_MODEL,SCENARIO_P_IT=1_normalized,SCENARIO Table 3 midpoints,1
2012-08-27 23:00:00+00:00,KFQD,27.33333333333333,57.95304564694269,1.1119087034827082,0.0,TRANSFERRED_MODEL,SCENARIO_P_IT=1_normalized,SCENARIO Table 3 midpoints,1
2012-08-28 00:00:00+00:00,KFQD,25.5,67.3222359681811,1.1119128985785316,0.0,TRANSFERRED_MODEL,SCENARIO_P_IT=1_normalized,SCENARIO Table 3 midpoints,1
2012-08-28 01:00:00+00:00,KFQD,23.0,76.99773935532092,1.1119096833347955,0.0,TRANSFERRED_MODEL,SCENARIO_P_IT=1_normalized,SCENARIO Table 3 midpoints,1
2012-08-28 02:00:00+00:00,KFQD,21.33333333333333,86.56475488789943,1.308840314038921,2.4720030985362165,TRANSFERRED_MODEL,SCENARIO_P_IT=1_normalized,SCENARIO Table 3 midpoints,1
2012-08-28 04:00:00+00:00,KFQD,20.0,93.97450936662143,1.3076023745240497,2.4689593114141597,TRANSFERRED_MODEL,SCENARIO_P_IT=1_normalized,SCENARIO Table 3 midpoints,1
2012-08-28 11:00:00+00:00,KFQD,19.0,93.92977440102698,1.3047397595036256,2.461831667789087,TRANSFERRED_MODEL,SCENARIO_P_IT=1_normalized,SCENARIO Table 3 midpoints,1
2012-08-28 12:00:00+00:00,KFQD,19.666666666666668,90.11294017307786,1.3053528438213278,2.463363816967737,TRANSFERRED_MODEL,SCENARIO_P_IT=1_normalized,SCENARIO Table 3 midpoints,1
2012-08-28 13:00:00+00:00,KFQD,21.0,82.9903987771767,1.3066090168885345,2.4664200418422997,TRANSFERRED_MODEL,SCENARIO_P_IT=1_normalized,SCENARIO Table 3 midpoints,1
2012-08-28 14:00:00+00:00,KFQD,22.75,79.40264053348541,1.310190239365199,2.4752250242893292,TRANSFERRED_MODEL,SCENARIO_P_IT=1_normalized,SCENARIO Table 3 midpoints,1
2012-08-28 15:00:00+00:00,KFQD,26.0,65.35576219694184,1.1119213873576532,0.0,TRANSFERRED_MODEL,SCENARIO_P_IT=1_normalized,SCENARIO Table 3 midpoints,1
2012-08-28 16:00:00+00:00,KFQD,26.0,65.35576219694184,1.1119332591055056,0.0,TRANSFERRED_MODEL,SCENARIO_P_IT=1_normalized,SCENARIO Table 3 midpoints,1
2012-08-28 17:00:00+00:00,KFQD,27.75,63.723909662448186,1.1119512046328115,0.0,TRANSFERRED_MODEL,SCENARIO_P_IT=1_normalized,SCENARIO Table 3 midpoints,1
2012-08-28 18:00:00+00:00,KFQD,28.33333333333333,64.50671379604289,1.3197708829154455,2.49810655899258,TRANSFERRED_MODEL,SCENARIO_P_IT=1_normalized,SCENARIO Table 3 midpoints,1
2012-08-28 19:00:00+00:00,KFQD,27.666666666666668,71.2969044400971,1.3214797157699543,2.5021729868279903,TRANSFERRED_MODEL,SCENARIO_P_IT=1_normalized,SCENARIO Table 3 midpoints,1
2012-08-28 20:00:00+00:00,KFQD,27.33333333333333,74.19244602098912,1.32196697000555,2.5033486405953784,TRANSFERRED_MODEL,SCENARIO_P_IT=1_normalized,SCENARIO Table 3 midpoints,1
2012-08-28 21:00:00+00:00,KFQD,26.0,83.5653445347348,1.322346254830212,2.5043226480619163,TRANSFERRED_MODEL,SCENARIO_P_IT=1_normalized,SCENARIO Table 3 midpoints,1
2012-08-28 22:00:00+00:00,KFQD,25.33333333333333,83.49032317710589,1.3200756518485623,2.498897752966148,TRANSFERRED_MODEL,SCENARIO_P_IT=1_normalized,SCENARIO Table 3 midpoints,1
2012-08-28 23:00:00+00:00,KFQD,24.0,92.2659868537528,1.3196333996402565,2.4978797729665123,TRANSFERRED_MODEL,SCENARIO_P_IT=1_normalized,SCENARIO Table 3 midpoints,1
2012-08-29 00:00:00+00:00,KFQD,23.666666666666668,96.05520378625867,1.3201437349749787,2.4991278066456397,TRANSFERRED_MODEL,SCENARIO_P_IT=1_normalized,SCENARIO Table 3 midpoints,1
2012-08-29 01:00:00+00:00,KFQD,23.0,94.10581804007526,1.3170867408935214,2.491755682446626,TRANSFERRED_MODEL,SCENARIO_P_IT=1_normalized,SCENARIO Table 3 midpoints,1
2012-08-29 02:00:00+00:00,KFQD,23.0,94.10581804007526,1.3170718162276307,2.4917561693282337,TRANSFERRED_MODEL,SCENARIO_P_IT=1_normalized,SCENARIO Table 3 midpoints,1
2012-08-29 03:00:00+00:00,KFQD,22.666666666666668,96.02601737997828,1.3167579053985696,2.491008682438733,TRANSFERRED_MODEL,SCENARIO_P_IT=1_normalized,SCENARIO Table 3 midpoints,1
2012-08-29 04:00:00+00:00,KFQD,22.0,97.98536016287396,1.3153257666309752,2.4876129827496314,TRANSFERRED_MODEL,SCENARIO_P_IT=1_normalized,SCENARIO Table 3 midpoints,1
2012-08-29 05:00:00+00:00,KFQD,22.0,96.00638073234109,1.314565747563435,2.4857448695161506,TRANSFERRED_MODEL,SCENARIO_P_IT=1_normalized,SCENARIO Table 3 midpoints,1
2012-08-29 06:00:00+00:00,KFQD,22.0,97.98536016287396,1.315360857746407,2.4876126058073935,TRANSFERRED_MODEL,SCENARIO_P_IT=1_normalized,SCENARIO Table 3 midpoints,1
2012-08-29 07:00:00+00:00,KFQD,22.0,94.0625242758801,1.3138495111562645,2.483906594050786,TRANSFERRED_MODEL,SCENARIO_P_IT=1_normalized,SCENARIO Table 3 midpoints,1
2012-08-29 08:00:00+00:00,KFQD,21.0,100.0,1.312910022014499,2.481650620501796,TRANSFERRED_MODEL,SCENARIO_P_IT=1_normalized,SCENARIO Table 3 midpoints,1
2012-08-29 09:00:00+00:00,KFQD,21.0,100.0,1.312910022014499,2.481650620501796,TRANSFERRED_MODEL,SCENARIO_P_IT=1_normalized,SCENARIO Table 3 midpoints,1
2012-08-29 10:00:00+00:00,KFQD,21.0,100.0,1.312910022014499,2.481650620501796,TRANSFERRED_MODEL,SCENARIO_P_IT=1_normalized,SCENARIO Table 3 midpoints,1
2012-08-29 11:00:00+00:00,KFQD,21.0,100.0,1.3128932434008518,2.4816506205021778,TRANSFERRED_MODEL,SCENARIO_P_IT=1_normalized,SCENARIO Table 3 midpoints,1
2012-08-29 12:00:00+00:00,KFQD,21.33333333333333,100.0,1.313923657804802,2.484242518933203,TRANSFERRED_MODEL,SCENARIO_P_IT=1_normalized,SCENARIO Table 3 midpoints,1
2012-08-29 13:00:00+00:00,KFQD,23.666666666666668,90.39353529312008,1.3176554140824637,2.4932522291017616,TRANSFERRED_MODEL,SCENARIO_P_IT=1_normalized,SCENARIO Table 3 midpoints,1
2012-08-29 14:00:00+00:00,KFQD,27.0,71.17648141459829,1.3192388570844,2.4969604240027796,TRANSFERRED_MODEL,SCENARIO_P_IT=1_normalized,SCENARIO Table 3 midpoints,1
2012-08-29 15:00:00+00:00,KFQD,28.0,67.13039428560094,1.3201649319521167,2.4991953634956823,TRANSFERRED_MODEL,SCENARIO_P_IT=1_normalized,SCENARIO Table 3 midpoints,1
2012-08-29 16:00:00+00:00,KFQD,27.33333333333333,72.70145244911555,1.3210856974366758,2.501446460963656,TRANSFERRED_MODEL,SCENARIO_P_IT=1_normalized,SCENARIO Table 3 midpoints,1
2012-08-29 17:00:00+00:00,KFQD,26.666666666666668,71.11600801093357,1.3181822412400845,2.494389483700103,TRANSFERRED_MODEL,SCENARIO_P_IT=1_normalized,SCENARIO Table 3 midpoints,1
2012-08-29 18:00:00+00:00,KFQD,29.0,62.05907199151088,1.3204156795014557,2.499587084643091,TRANSFERRED_MODEL,SCENARIO_P_IT=1_normalized,SCENARIO Table 3 midpoints,1
2012-08-29 19:00:00+00:00,KFQD,28.0,68.51415303623169,1.3210160688785266,2.501028653681867,TRANSFERRED_MODEL,SCENARIO_P_IT=1_normalized,SCENARIO Table 3 midpoints,1
2012-08-29 20:00:00+00:00,KFQD,26.33333333333333,78.68695482026527,1.3210187947766892,2.5011254881288054,TRANSFERRED_MODEL,SCENARIO_P_IT=1_normalized,SCENARIO Table 3 midpoints,1
2012-08-29 21:00:00+00:00,KFQD,22.33333333333333,92.17221567209226,1.3141479016595143,2.484658263983574,TRANSFERRED_MODEL,SCENARIO_P_IT=1_normalized,SCENARIO Table 3 midpoints,1
2012-08-29 22:00:00+00:00,KFQD,22.0,94.0625242758801,1.3138511687137149,2.483906540557431,TRANSFERRED_MODEL,SCENARIO_P_IT=1_normalized,SCENARIO Table 3 midpoints,1
2012-08-29 23:00:00+00:00,KFQD,22.0,94.0625242758801,1.3138263168978637,2.4839073428584997,TRANSFERRED_MODEL,SCENARIO_P_IT=1_normalized,SCENARIO Table 3 midpoints,1
2012-08-30 00:00:00+00:00,KFQD,22.0,96.00638073234109,1.3145458037148479,2.485745298719958,TRANSFERRED_MODEL,SCENARIO_P_IT=1_normalized,SCENARIO Table 3 midpoints,1
2012-08-30 01:00:00+00:00,KFQD,22.0,94.0625242758801,1.3137667732862321,2.483909267424564,TRANSFERRED_MODEL,SCENARIO_P_IT=1_normalized,SCENARIO Table 3 midpoints,1
2012-08-30 02:00:00+00:00,KFQD,22.0,94.0625242758801,1.313750258585843,2.483909801788961,TRANSFERRED_MODEL,SCENARIO_P_IT=1_normalized,SCENARIO Table 3 midpoints,1
2012-08-30 03:00:00+00:00,KFQD,21.33333333333333,97.97528409920967,1.3131130692612978,2.4824042712658096,TRANSFERRED_MODEL,SCENARIO_P_IT=1_normalized,SCENARIO Table 3 midpoints,1
2012-08-30 04:00:00+00:00,KFQD,21.0,100.0,1.312809515472805,2.481650620502729,TRANSFERRED_MODEL,SCENARIO_P_IT=1_normalized,SCENARIO Table 3 midpoints,1
2012-08-30 05:00:00+00:00,KFQD,21.0,100.0,1.312809515472805,2.481650620502729,TRANSFERRED_MODEL,SCENARIO_P_IT=1_normalized,SCENARIO Table 3 midpoints,1
2012-08-30 06:00:00+00:00,KFQD,21.0,100.0,1.3127994865771733,2.481650620502822,TRANSFERRED_MODEL,SCENARIO_P_IT=1_normalized,SCENARIO Table 3 midpoints,1
2012-08-30 07:00:00+00:00,KFQD,21.0,100.0,1.312809515472805,2.481650620502729,TRANSFERRED_MODEL,SCENARIO_P_IT=1_normalized,SCENARIO Table 3 midpoints,1
2012-08-30 08:00:00+00:00,KFQD,21.0,100.0,1.3128262390759873,2.4816506205031352,TRANSFERRED_MODEL,SCENARIO_P_IT=1_normalized,SCENARIO Table 3 midpoints,1
2012-08-30 09:00:00+00:00,KFQD,21.0,100.0,1.3128145314011326,2.481650620502065,TRANSFERRED_MODEL,SCENARIO_P_IT=1_normalized,SCENARIO Table 3 midpoints,1
2012-08-30 10:00:00+00:00,KFQD,20.33333333333333,100.0,1.3107021473916907,2.4765504300600374,TRANSFERRED_MODEL,SCENARIO_P_IT=1_normalized,SCENARIO Table 3 midpoints,1
2012-08-30 11:00:00+00:00,KFQD,20.666666666666668,100.0,1.3116913065254794,2.4790867487899244,TRANSFERRED_MODEL,SCENARIO_P_IT=1_normalized,SCENARIO Table 3 midpoints,1
2012-08-30 12:00:00+00:00,KFQD,21.666666666666668,95.99650817175832,1.313342314686108,2.4831592525534476,TRANSFERRED_MODEL,SCENARIO_P_IT=1_normalized,SCENARIO Table 3 midpoints,1
2012-08-30 13:00:00+00:00,KFQD,23.0,94.10581804007526,1.3168588713472797,2.4917631389657653,TRANSFERRED_MODEL,SCENARIO_P_IT=1_normalized,SCENARIO Table 3 midpoints,1
2012-08-30 14:00:00+00:00,KFQD,24.666666666666668,85.12986575925783,1.3183998521147475,2.495508541022867,TRANSFERRED_MODEL,SCENARIO_P_IT=1_normalized,SCENARIO Table 3 midpoints,1
2012-08-30 15:00:00+00:00,KFQD,26.0,80.2526319521982,1.3204369378885028,2.500416822791547,TRANSFERRED_MODEL,SCENARIO_P_IT=1_normalized,SCENARIO Table 3 midpoints,1
2012-08-30 16:00:00+00:00,KFQD,26.33333333333333,78.68695482026527,1.3207399782271485,2.50116377485987,TRANSFERRED_MODEL,SCENARIO_P_IT=1_normalized,SCENARIO Table 3 midpoints,1
2012-08-30 17:00:00+00:00,KFQD,27.0,74.13724053720264,1.320593132146724,2.5007347201524053,TRANSFERRED_MODEL,SCENARIO_P_IT=1_normalized,SCENARIO Table 3 midpoints,1
2012-08-30 18:00:00+00:00,KFQD,28.0,69.92284655824665,1.3215582573768718,2.502963731445735,TRANSFERRED_MODEL,SCENARIO_P_IT=1_normalized,SCENARIO Table 3 midpoints,1
2012-08-30 19:00:00+00:00,KFQD,28.0,69.92284655824665,1.32157513100386,2.5029601514104165,TRANSFERRED_MODEL,SCENARIO_P_IT=1_normalized,SCENARIO Table 3 midpoints,1
2012-08-30 20:00:00+00:00,KFQD,28.0,69.92284655824665,1.3215812700718805,2.502958849403772,TRANSFERRED_MODEL,SCENARIO_P_IT=1_normalized,SCENARIO Table 3 midpoints,1
2012-08-31 12:00:00+00:00,KFQD,22.0,100.0,1.3156956736781151,2.4895123465419164,TRANSFERRED_MODEL,SCENARIO_P_IT=1_normalized,SCENARIO Table 3 midpoints,1
2012-08-31 13:00:00+00:00,KFQD,22.666666666666668,96.02601737997828,1.316309084386556,2.491018463010573,TRANSFERRED_MODEL,SCENARIO_P_IT=1_normalized,SCENARIO Table 3 midpoints,1
2012-08-31 14:00:00+00:00,KFQD,24.666666666666668,81.73010303776394,1.3166550693940178,2.4917828166457183,TRANSFERRED_MODEL,SCENARIO_P_IT=1_normalized,SCENARIO Table 3 midpoints,1
2012-08-31 15:00:00+00:00,KFQD,27.33333333333333,71.2367800259064,1.319960344080421,2.4996297705159978,TRANSFERRED_MODEL,SCENARIO_P_IT=1_normalized,SCENARIO Table 3 midpoints,1
2012-08-31 16:00:00+00:00,KFQD,29.33333333333333,64.71719215787377,1.3226544500038298,2.5059785169624833,TRANSFERRED_MODEL,SCENARIO_P_IT=1_normalized,SCENARIO Table 3 midpoints,1
2012-08-31 17:00:00+00:00,KFQD,31.0,57.62903495987174,1.323329828900046,2.507809435085722,TRANSFERRED_MODEL,SCENARIO_P_IT=1_normalized,SCENARIO Table 3 midpoints,1
2012-08-31 18:00:00+00:00,KFQD,32.333333333333336,51.28935151947843,1.3231040624563033,2.50711488846196,TRANSFERRED_MODEL,SCENARIO_P_IT=1_normalized,SCENARIO Table 3 midpoints,1
2012-08-31 19:00:00+00:00,KFQD,33.0,49.398242289998336,1.3237778511642733,2.5085781247575225,TRANSFERRED_MODEL,SCENARIO_P_IT=1_normalized,SCENARIO Table 3 midpoints,1
2012-08-31 20:00:00+00:00,KFQD,33.0,49.398242289998336,1.3237973637862497,2.5085690576706354,TRANSFERRED_MODEL,SCENARIO_P_IT=1_normalized,SCENARIO Table 3 midpoints,1
2012-08-31 21:00:00+00:00,KFQD,32.0,52.26545370306257,1.3228701813041464,2.5063385786912677,TRANSFERRED_MODEL,SCENARIO_P_IT=1_normalized,SCENARIO Table 3 midpoints,1
2012-08-31 22:00:00+00:00,KFQD,29.33333333333333,63.41337382319183,1.32202492660826,2.50405960943985,TRANSFERRED_MODEL,SCENARIO_P_IT=1_normalized,SCENARIO Table 3 midpoints,1
2012-08-31 23:00:00+00:00,KFQD,27.5,71.99532077295764,1.321052573015989,2.5018543264938407,TRANSFERRED_MODEL,SCENARIO_P_IT=1_normalized,SCENARIO Table 3 midpoints,1
