timestamp_utc,weather,t_db_C,rh_pct,PUE,WUE_L_per_kWh,evidence_class,IT_load,theta_provenance,paper_case
2012-06-21 17:00:00+00:00,KEHO,30.5,47.24255069105503,1.1115856723359072,0.0,TRANSFERRED_MODEL,SCENARIO_P_IT=1_normalized,SCENARIO Table 3 midpoints,1
2012-06-21 18:00:00+00:00,KEHO,31.5,43.239879966011664,1.3151300308114415,2.4880524186094295,TRANSFERRED_MODEL,SCENARIO_P_IT=1_normalized,SCENARIO Table 3 midpoints,1
2012-06-21 19:00:00+00:00,KEHO,32.0,38.21370900066644,1.3129885189138961,2.482690525464728,TRANSFERRED_MODEL,SCENARIO_P_IT=1_normalized,SCENARIO Table 3 midpoints,1
2012-06-21 20:00:00+00:00,KEHO,32.0,36.61750635676484,1.311913046055395,2.4799568793645492,TRANSFERRED_MODEL,SCENARIO_P_IT=1_normalized,SCENARIO Table 3 midpoints,1
2012-06-21 21:00:00+00:00,KEHO,32.0,38.21370900066644,1.3130511985808548,2.482651788324857,TRANSFERRED_MODEL,SCENARIO_P_IT=1_normalized,SCENARIO Table 3 midpoints,1
2012-06-21 22:00:00+00:00,KEHO,30.666666666666668,43.932525716826966,1.1117331311321883,5.157914705192324e-16,TRANSFERRED_MODEL,SCENARIO_P_IT=1_normalized,SCENARIO Table 3 midpoints,1
2012-06-21 23:00:00+00:00,KEHO,28.0,54.58377661119759,1.111731486071271,0.0,TRANSFERRED_MODEL,SCENARIO_P_IT=1_normalized,SCENARIO Table 3 midpoints,1
2012-06-22 01:00:00+00:00,KEHO,26.0,61.38851998965914,1.1117314287112625,0.0,TRANSFERRED_MODEL,SCENARIO_P_IT=1_normalized,SCENARIO Table 3 midpoints,1
2012-06-22 02:00:00+00:00,KEHO,26.0,61.38851998965914,1.1117105133222343,0.0,TRANSFERRED_MODEL,SCENARIO_P_IT=1_normalized,SCENARIO Table 3 midpoints,1
2012-06-22 03:00:00+00:00,KEHO,25.33333333333333,63.86516240805331,1.1116951968429916,0.0,TRANSFERRED_MODEL,SCENARIO_P_IT=1_normalized,SCENARIO Table 3 midpoints,1
2012-06-22 04:00:00+00:00,KEHO,25.0,65.14551045571683,1.111691028609968,0.0,TRANSFERRED_MODEL,SCENARIO_P_IT=1_normalized,SCENARIO Table 3 midpoints,1
2012-06-22 05:00:00+00:00,KEHO,24.0,69.16319209999386,1.1117189356646857,0.0,TRANSFERRED_MODEL,SCENARIO_P_IT=1_normalized,SCENARIO Table 3 midpoints,1
2012-06-22 06:00:00+00:00,KEHO,24.0,69.16319209999386,1.1117426460354491,0.0,TRANSFERRED_MODEL,SCENARIO_P_IT=1_normalized,SCENARIO Table 3 midpoints,1
2012-06-22 07:00:00+00:00,KEHO,23.666666666666668,72.05606628969684,1.1117538328700705,0.0,TRANSFERRED_MODEL,SCENARIO_P_IT=1_normalized,SCENARIO Table 3 midpoints,1
2012-06-22 08:00:00+00:00,KEHO,22.33333333333333,76.49408934802871,1.1117734978716423,0.0,TRANSFERRED_MODEL,SCENARIO_P_IT=1_normalized,SCENARIO Table 3 midpoints,1
2012-06-22 09:00:00+00:00,KEHO,21.666666666666668,79.66788494390723,1.3070837805680235,2.4679629393571307,TRANSFERRED_MODEL,SCENARIO_P_IT=1_normalized,SCENARIO Table 3 midpoints,1
2012-06-22 10:00:00+00:00,KEHO,21.0,82.9903987771767,1.3064408435972448,2.4664363109378717,TRANSFERRED_MODEL,SCENARIO_P_IT=1_normalized,SCENARIO Table 3 midpoints,1
2012-06-22 11:00:00+00:00,KEHO,21.666666666666668,83.068721839891,1.3083344900893232,2.4711457585947247,TRANSFERRED_MODEL,SCENARIO_P_IT=1_normalized,SCENARIO Table 3 midpoints,1
2012-06-22 12:00:00+00:00,KEHO,24.0,73.63287364526842,1.1117607953783901,0.0,TRANSFERRED_MODEL,SCENARIO_P_IT=1_normalized,SCENARIO Table 3 midpoints,1
2012-06-22 13:00:00+00:00,KEHO,25.33333333333333,70.87235449802098,1.1117551622066617,0.0,TRANSFERRED_MODEL,SCENARIO_P_IT=1_normalized,SCENARIO Table 3 midpoints,1
2012-06-22 14:00:00+00:00,KEHO,27.33333333333333,64.29455901898663,1.1117468075599866,0.0,TRANSFERRED_MODEL,SCENARIO_P_IT=1_normalized,SCENARIO Table 3 midpoints,1
2012-06-22 15:00:00+00:00,KEHO,29.0,53.70161776802224,1.1117315566434063,0.0,TRANSFERRED_MODEL,SCENARIO_P_IT=1_normalized,SCENARIO Table 3 midpoints,1
2012-06-22 16:00:00+00:00,KEHO,31.0,43.10411576643139,1.313869649426227,2.4846447773636653,TRANSFERRED_MODEL,SCENARIO_P_IT=1_normalized,SCENARIO Table 3 midpoints,1
2012-06-22 17:00:00+00:00,KEHO,31.0,43.10411576643139,1.3138820360912584,2.4846382185159483,TRANSFERRED_MODEL,SCENARIO_P_IT=1_normalized,SCENARIO Table 3 midpoints,1
2012-06-22 22:00:00+00:00,KEHO,21.5,80.48427639812985,1.3069726271020412,2.4675759132252573,TRANSFERRED_MODEL,SCENARIO_P_IT=1_normalized,SCENARIO Table 3 midpoints,1
2012-06-22 23:00:00+00:00,KEHO,22.0,85.73573371041086,1.3103922862875483,2.476028374934697,TRANSFERRED_MODEL,SCENARIO_P_IT=1_normalized,SCENARIO Table 3 midpoints,1
2012-06-23 01:00:00+00:00,KEHO,21.33333333333333,92.11514427831229,1.3107452328619977,2.477079009897759,TRANSFERRED_MODEL,SCENARIO_P_IT=1_normalized,SCENARIO Table 3 midpoints,1
2012-06-23 02:00:00+00:00,KEHO,21.33333333333333,92.11514427831229,1.3107271731421273,2.4770797890108156,TRANSFERRED_MODEL,SCENARIO_P_IT=1_normalized,SCENARIO Table 3 midpoints,1
2012-06-23 03:00:00+00:00,KEHO,21.0,92.09598379298126,1.3097237376943778,2.4746029193519625,TRANSFERRED_MODEL,SCENARIO_P_IT=1_normalized,SCENARIO Table 3 midpoints,1
2012-06-23 04:00:00+00:00,KEHO,20.0,93.97450936662143,1.3074227390608395,2.468965018434694,TRANSFERRED_MODEL,SCENARIO_P_IT=1_normalized,SCENARIO Table 3 midpoints,1
2012-06-23 05:00:00+00:00,KEHO,20.0,95.9465959012407,1.3080873621152045,2.4706287310264314,TRANSFERRED_MODEL,SCENARIO_P_IT=1_normalized,SCENARIO Table 3 midpoints,1
2012-06-23 06:00:00+00:00,KEHO,20.0,92.03808774851429,1.3067852558208628,2.467328496321306,TRANSFERRED_MODEL,SCENARIO_P_IT=1_normalized,SCENARIO Table 3 midpoints,1
2012-06-23 07:00:00+00:00,KEHO,19.666666666666668,90.11294017307786,1.3051939058382016,2.4633722050409625,TRANSFERRED_MODEL,SCENARIO_P_IT=1_normalized,SCENARIO Table 3 midpoints,1
2012-06-23 08:00:00+00:00,KEHO,19.0,93.92977440102698,1.3045674957382398,2.461837073220718,TRANSFERRED_MODEL,SCENARIO_P_IT=1_normalized,SCENARIO Table 3 midpoints,1
2012-06-23 09:00:00+00:00,KEHO,19.0,93.92977440102698,1.304565848779574,2.4618371250211526,TRANSFERRED_MODEL,SCENARIO_P_IT=1_normalized,SCENARIO Table 3 midpoints,1
2012-06-23 10:00:00+00:00,KEHO,19.0,93.92977440102698,1.3045477394542595,2.4618376947618934,TRANSFERRED_MODEL,SCENARIO_P_IT=1_normalized,SCENARIO Table 3 midpoints,1
2012-06-23 11:00:00+00:00,KEHO,20.33333333333333,95.95665221564404,1.3090721673644703,2.4730823151587202,TRANSFERRED_MODEL,SCENARIO_P_IT=1_normalized,SCENARIO Table 3 midpoints,1
2012-06-23 12:00:00+00:00,KEHO,23.0,83.22381284256232,1.3122566939465816,2.480870800767174,TRANSFERRED_MODEL,SCENARIO_P_IT=1_normalized,SCENARIO Table 3 midpoints,1
2012-06-23 13:00:00+00:00,KEHO,24.666666666666668,73.74613590496097,1.1117021814753285,0.0,TRANSFERRED_MODEL,SCENARIO_P_IT=1_normalized,SCENARIO Table 3 midpoints,1
2012-06-23 14:00:00+00:00,KEHO,26.33333333333333,66.7949235812853,1.1116854422651665,0.0,TRANSFERRED_MODEL,SCENARIO_P_IT=1_normalized,SCENARIO Table 3 midpoints,1
2012-06-23 15:00:00+00:00,KEHO,27.33333333333333,56.7528359487834,1.111675718508943,0.0,TRANSFERRED_MODEL,SCENARIO_P_IT=1_normalized,SCENARIO Table 3 midpoints,1
2012-06-23 16:00:00+00:00,KEHO,28.0,55.73811501483331,1.1116840980255251,0.0,TRANSFERRED_MODEL,SCENARIO_P_IT=1_normalized,SCENARIO Table 3 midpoints,1
2012-06-23 17:00:00+00:00,KEHO,29.0,51.50307132317005,1.1116897339810925,0.0,TRANSFERRED_MODEL,SCENARIO_P_IT=1_normalized,SCENARIO Table 3 midpoints,1
2012-06-23 18:00:00+00:00,KEHO,30.0,47.10975412096016,1.111694006880165,0.0,TRANSFERRED_MODEL,SCENARIO_P_IT=1_normalized,SCENARIO Table 3 midpoints,1
2012-06-23 19:00:00+00:00,KEHO,30.666666666666668,44.868841902295735,1.1116954782122783,5.161012900742101e-16,TRANSFERRED_MODEL,SCENARIO_P_IT=1_normalized,SCENARIO Table 3 midpoints,1
2012-06-23 21:00:00+00:00,KEHO,31.0,45.91183326611469,1.3156949617809173,2.489149168959259,TRANSFERRED_MODEL,SCENARIO_P_IT=1_normalized,SCENARIO Table 3 midpoints,1
2012-06-23 22:00:00+00:00,KEHO,31.0,45.91183326611469,1.3156866101457532,2.489153271708652,TRANSFERRED_MODEL,SCENARIO_P_IT=1_normalized,SCENARIO Table 3 midpoints,1
2012-06-23 23:00:00+00:00,KEHO,28.5,58.2294266189713,1.1117064156652081,0.0,TRANSFERRED_MODEL,SCENARIO_P_IT=1_normalized,SCENARIO Table 3 midpoints,1
2012-06-24 01:00:00+00:00,KEHO,21.5,85.68558469490999,1.308712072469022,2.472406049802855,TRANSFERRED_MODEL,SCENARIO_P_IT=1_normalized,SCENARIO Table 3 midpoints,1
2012-06-24 02:00:00+00:00,KEHO,22.0,88.4364161279818,1.3112150323110694,2.4786052322976015,TRANSFERRED_MODEL,SCENARIO_P_IT=1_normalized,SCENARIO Table 3 midpoints,1
2012-06-24 03:00:00+00:00,KEHO,21.0,92.09598379298126,1.3095895206873613,2.4746086990170193,TRANSFERRED_MODEL,SCENARIO_P_IT=1_normalized,SCENARIO Table 3 midpoints,1
2012-06-24 04:00:00+00:00,KEHO,21.0,88.35366560432122,1.3082281758629486,2.471262369513715,TRANSFERRED_MODEL,SCENARIO_P_IT=1_normalized,SCENARIO Table 3 midpoints,1
2012-06-24 05:00:00+00:00,KEHO,21.0,88.35366560432122,1.308212006617591,2.471263417885848,TRANSFERRED_MODEL,SCENARIO_P_IT=1_normalized,SCENARIO Table 3 midpoints,1
2012-06-24 06:00:00+00:00,KEHO,21.0,88.35366560432122,1.3082087740652102,2.471263627535387,TRANSFERRED_MODEL,SCENARIO_P_IT=1_normalized,SCENARIO Table 3 midpoints,1
2012-06-24 07:00:00+00:00,KEHO,21.0,88.35366560432122,1.3082427374241008,2.4712614257914196,TRANSFERRED_MODEL,SCENARIO_P_IT=1_normalized,SCENARIO Table 3 midpoints,1
2012-06-24 08:00:00+00:00,KEHO,20.33333333333333,90.16053669148432,1.306961971354496,2.468099977346856,TRANSFERRED_MODEL,SCENARIO_P_IT=1_normalized,SCENARIO Table 3 midpoints,1
2012-06-24 09:00:00+00:00,KEHO,20.0,90.13678067195194,1.3060033353338438,2.4657274182536995,TRANSFERRED_MODEL,SCENARIO_P_IT=1_normalized,SCENARIO Table 3 midpoints,1
2012-06-24 10:00:00+00:00,KEHO,20.0,90.13678067195194,1.3059935876197597,2.4657279379862396,TRANSFERRED_MODEL,SCENARIO_P_IT=1_normalized,SCENARIO Table 3 midpoints,1
2012-06-24 11:00:00+00:00,KEHO,20.666666666666668,94.00406150457935,1.3092649013564455,2.473847283271089,TRANSFERRED_MODEL,SCENARIO_P_IT=1_normalized,SCENARIO Table 3 midpoints,1
2012-06-24 12:00:00+00:00,KEHO,22.666666666666668,84.92196832128572,1.3118406085191416,2.4801229173141994,TRANSFERRED_MODEL,SCENARIO_P_IT=1_normalized,SCENARIO Table 3 midpoints,1
2012-06-24 13:00:00+00:00,KEHO,24.33333333333333,78.40209494461435,1.3141080824379967,2.485646212141992,TRANSFERRED_MODEL,SCENARIO_P_IT=1_normalized,SCENARIO Table 3 midpoints,1
2012-06-24 14:00:00+00:00,KEHO,25.33333333333333,76.95488074412887,1.3165219367925245,2.4914638948510905,TRANSFERRED_MODEL,SCENARIO_P_IT=1_normalized,SCENARIO Table 3 midpoints,1
2012-06-24 15:00:00+00:00,KEHO,27.33333333333333,66.99675842458474,1.1116340124829553,0.0,TRANSFERRED_MODEL,SCENARIO_P_IT=1_normalized,SCENARIO Table 3 midpoints,1
2012-06-24 16:00:00+00:00,KEHO,28.0,60.57262864396586,1.111664616035656,0.0,TRANSFERRED_MODEL,SCENARIO_P_IT=1_normalized,SCENARIO Table 3 midpoints,1
2012-06-24 17:00:00+00:00,KEHO,29.0,55.98212158981421,1.1116841638511783,0.0,TRANSFERRED_MODEL,SCENARIO_P_IT=1_normalized,SCENARIO Table 3 midpoints,1
2012-06-24 18:00:00+00:00,KEHO,29.666666666666668,50.606269248648296,1.1117134845274785,0.0,TRANSFERRED_MODEL,SCENARIO_P_IT=1_normalized,SCENARIO Table 3 midpoints,1
2012-06-24 19:00:00+00:00,KEHO,31.0,47.8717027498294,1.3169835169393356,2.492278906916399,TRANSFERRED_MODEL,SCENARIO_P_IT=1_normalized,SCENARIO Table 3 midpoints,1
2012-06-24 20:00:00+00:00,KEHO,30.666666666666668,48.79174006402068,1.111758270237624,5.173734970097339e-16,TRANSFERRED_MODEL,SCENARIO_P_IT=1_normalized,SCENARIO Table 3 midpoints,1
2012-06-24 21:00:00+00:00,KEHO,30.33333333333333,52.92885500293922,1.1117638178454898,0.0,TRANSFERRED_MODEL,SCENARIO_P_IT=1_normalized,SCENARIO Table 3 midpoints,1
2012-06-24 22:00:00+00:00,KEHO,30.0,48.61692510697891,1.1117714668027299,0.0,TRANSFERRED_MODEL,SCENARIO_P_IT=1_normalized,SCENARIO Table 3 midpoints,1
2012-06-24 23:00:00+00:00,KEHO,27.0,57.87365325126381,1.111764954196149,0.0,TRANSFERRED_MODEL,SCENARIO_P_IT=1_normalized,SCENARIO Table 3 midpoints,1
2012-06-25 01:00:00+00:00,KEHO,22.0,86.6278071123836,1.3106116139506598,2.4768848504965395,TRANSFERRED_MODEL,SCENARIO_P_IT=1_normalized,SCENARIO Table 3 midpoints,1
2012-06-25 02:00:00+00:00,KEHO,21.0,90.20779685115508,1.3089757398210233,2.4729173767579393,TRANSFERRED_MODEL,SCENARIO_P_IT=1_normalized,SCENARIO Table 3 midpoints,1
2012-06-25 03:00:00+00:00,KEHO,20.666666666666668,95.96667141942416,1.3100487003266599,2.475562594208512,TRANSFERRED_MODEL,SCENARIO_P_IT=1_normalized,SCENARIO Table 3 midpoints,1
2012-06-25 04:00:00+00:00,KEHO,21.0,94.01875700103768,1.3103913008299146,2.476321609272848,TRANSFERRED_MODEL,SCENARIO_P_IT=1_normalized,SCENARIO Table 3 midpoints,1
2012-06-25 05:00:00+00:00,KEHO,20.33333333333333,97.9600281764217,1.3097855833416776,2.474801610342553,TRANSFERRED_MODEL,SCENARIO_P_IT=1_normalized,SCENARIO Table 3 midpoints,1
2012-06-25 06:00:00+00:00,KEHO,20.0,100.0,1.3095096624678926,2.474041201342963,TRANSFERRED_MODEL,SCENARIO_P_IT=1_normalized,SCENARIO Table 3 midpoints,1
2012-06-25 07:00:00+00:00,KEHO,20.0,92.03808774851429,1.3068279609835183,2.4673266838864043,TRANSFERRED_MODEL,SCENARIO_P_IT=1_normalized,SCENARIO Table 3 midpoints,1
2012-06-25 08:00:00+00:00,KEHO,19.666666666666668,92.01864978066432,1.3058859281729138,2.464951919476641,TRANSFERRED_MODEL,SCENARIO_P_IT=1_normalized,SCENARIO Table 3 midpoints,1
2012-06-25 09:00:00+00:00,KEHO,19.0,93.92977440102698,1.3046169553951987,2.4618355186523853,TRANSFERRED_MODEL,SCENARIO_P_IT=1_normalized,SCENARIO Table 3 midpoints,1
2012-06-25 10:00:00+00:00,KEHO,19.33333333333333,91.99914161977898,1.3049167929760974,2.4626034034111663,TRANSFERRED_MODEL,SCENARIO_P_IT=1_normalized,SCENARIO Table 3 midpoints,1
2012-06-25 11:00:00+00:00,KEHO,20.0,97.9549046707401,1.3088444050350168,2.472319811994301,TRANSFERRED_MODEL,SCENARIO_P_IT=1_normalized,SCENARIO Table 3 midpoints,1
2012-06-25 12:00:00+00:00,KEHO,21.0,94.01875700103768,1.310482032270579,2.476318688200653,TRANSFERRED_MODEL,SCENARIO_P_IT=1_normalized,SCENARIO Table 3 midpoints,1
2012-06-25 13:00:00+00:00,KEHO,22.0,94.0625242758801,1.3135930420949329,2.483914901383293,TRANSFERRED_MODEL,SCENARIO_P_IT=1_normalized,SCENARIO Table 3 midpoints,1
2012-06-25 14:00:00+00:00,KEHO,25.0,78.49764721655077,1.3164751491903384,2.490675212469667,TRANSFERRED_MODEL,SCENARIO_P_IT=1_normalized,SCENARIO Table 3 midpoints,1
2012-06-25 15:00:00+00:00,KEHO,26.5,71.81785488682468,1.3178994132884527,2.4940406152827466,TRANSFERRED_MODEL,SCENARIO_P_IT=1_normalized,SCENARIO Table 3 midpoints,1
2012-06-25 16:00:00+00:00,KEHO,27.5,65.66796564577267,1.111874255790444,0.0,TRANSFERRED_MODEL,SCENARIO_P_IT=1_normalized,SCENARIO Table 3 midpoints,1
2012-06-25 17:00:00+00:00,KEHO,29.0,58.34716809279765,1.1118912378308006,0.0,TRANSFERRED_MODEL,SCENARIO_P_IT=1_normalized,SCENARIO Table 3 midpoints,1
2012-06-25 18:00:00+00:00,KEHO,29.0,56.56535492258467,1.111933459040551,0.0,TRANSFERRED_MODEL,SCENARIO_P_IT=1_normalized,SCENARIO Table 3 midpoints,1
2012-06-25 19:00:00+00:00,KEHO,30.0,51.75880110114196,1.111971652218402,0.0,TRANSFERRED_MODEL,SCENARIO_P_IT=1_normalized,SCENARIO Table 3 midpoints,1
2012-06-25 21:00:00+00:00,KEHO,30.0,51.75880110114196,1.1120055533851527,0.0,TRANSFERRED_MODEL,SCENARIO_P_IT=1_normalized,SCENARIO Table 3 midpoints,1
2012-06-25 22:00:00+00:00,KEHO,30.0,50.16627383878929,1.1120055533851527,0.0,TRANSFERRED_MODEL,SCENARIO_P_IT=1_normalized,SCENARIO Table 3 midpoints,1
2012-06-25 23:00:00+00:00,KEHO,29.5,53.27016652074481,1.1120076074586596,0.0,TRANSFERRED_MODEL,SCENARIO_P_IT=1_normalized,SCENARIO Table 3 midpoints,1
2012-06-26 01:00:00+00:00,KEHO,25.5,73.88675978058711,1.1120179279484386,0.0,TRANSFERRED_MODEL,SCENARIO_P_IT=1_normalized,SCENARIO Table 3 midpoints,1
2012-06-26 02:00:00+00:00,KEHO,24.0,78.3540921272656,1.313521728400533,2.4830953470826143,TRANSFERRED_MODEL,SCENARIO_P_IT=1_normalized,SCENARIO Table 3 midpoints,1
2012-06-26 03:00:00+00:00,KEHO,23.0,83.22381284256232,1.3125812244049069,2.480838663108618,TRANSFERRED_MODEL,SCENARIO_P_IT=1_normalized,SCENARIO Table 3 midpoints,1
2012-06-26 04:00:00+00:00,KEHO,23.33333333333333,81.56373805333678,1.3128817465396945,2.481592814026241,TRANSFERRED_MODEL,SCENARIO_P_IT=1_normalized,SCENARIO Table 3 midpoints,1
2012-06-26 05:00:00+00:00,KEHO,21.666666666666668,90.25472374748674,1.311283095781467,2.477825107813048,TRANSFERRED_MODEL,SCENARIO_P_IT=1_normalized,SCENARIO Table 3 midpoints,1
2012-06-26 06:00:00+00:00,KEHO,22.33333333333333,68.83891021611281,1.1119390216527403,0.0,TRANSFERRED_MODEL,SCENARIO_P_IT=1_normalized,SCENARIO Table 3 midpoints,1
2012-06-26 07:00:00+00:00,KEHO,21.666666666666668,60.392405763496285,1.1119179739527885,0.0,TRANSFERRED_MODEL,SCENARIO_P_IT=1_normalized,SCENARIO Table 3 midpoints,1
2012-06-26 08:00:00+00:00,KEHO,20.33333333333333,62.76131378034025,1.1119195502549177,0.0,TRANSFERRED_MODEL,SCENARIO_P_IT=1_normalized,SCENARIO Table 3 midpoints,1
2012-06-26 09:00:00+00:00,KEHO,19.0,63.847544203512655,1.1119211799433575,0.0,TRANSFERRED_MODEL,SCENARIO_P_IT=1_normalized,SCENARIO Table 3 midpoints,1
2012-06-26 10:00:00+00:00,KEHO,18.0,61.5440768070394,1.111908728835983,0.0,TRANSFERRED_MODEL,SCENARIO_P_IT=1_normalized,SCENARIO Table 3 midpoints,1
2012-06-26 11:00:00+00:00,KEHO,18.666666666666668,59.68321123538504,1.1118692668503618,0.0,TRANSFERRED_MODEL,SCENARIO_P_IT=1_normalized,SCENARIO Table 3 midpoints,1
2012-06-26 12:00:00+00:00,KEHO,20.666666666666668,52.71572705681148,1.111838071168411,0.0,TRANSFERRED_MODEL,SCENARIO_P_IT=1_normalized,SCENARIO Table 3 midpoints,1
2012-06-26 13:00:00+00:00,KEHO,21.5,44.79494256827319,1.111813449977017,0.0,TRANSFERRED_MODEL,SCENARIO_P_IT=1_normalized,SCENARIO Table 3 midpoints,1
2012-06-26 14:00:00+00:00,KEHO,22.666666666666668,44.61912786553636,1.1118196281878052,0.0,TRANSFERRED_MODEL,SCENARIO_P_IT=1_normalized,SCENARIO Table 3 midpoints,1
2012-06-26 15:00:00+00:00,KEHO,24.0,44.00507855867109,1.1118139363673076,0.0,TRANSFERRED_MODEL,SCENARIO_P_IT=1_normalized,SCENARIO Table 3 midpoints,1
2012-06-26 16:00:00+00:00,KEHO,24.666666666666668,40.44698817706423,1.1118251154953032,0.0,TRANSFERRED_MODEL,SCENARIO_P_IT=1_normalized,SCENARIO Table 3 midpoints,1
2012-06-26 17:00:00+00:00,KEHO,26.0,32.66101489737768,1.1118475342415464,0.0,TRANSFERRED_MODEL,SCENARIO_P_IT=1_normalized,SCENARIO Table 3 midpoints,1
2012-06-26 18:00:00+00:00,KEHO,26.0,29.149681239106894,1.1118531457311511,0.0,TRANSFERRED_MODEL,SCENARIO_P_IT=1_normalized,SCENARIO Table 3 midpoints,1
2012-06-26 19:00:00+00:00,KEHO,26.666666666666668,30.009461233431335,1.1118686006358636,0.0,TRANSFERRED_MODEL,SCENARIO_P_IT=1_normalized,SCENARIO Table 3 midpoints,1
2012-06-26 20:00:00+00:00,KEHO,27.0,28.116379617476845,1.1118910924925105,0.0,TRANSFERRED_MODEL,SCENARIO_P_IT=1_normalized,SCENARIO Table 3 midpoints,1
2012-06-26 21:00:00+00:00,KEHO,26.666666666666668,30.009461233431335,1.1118840520894873,0.0,TRANSFERRED_MODEL,SCENARIO_P_IT=1_normalized,SCENARIO Table 3 midpoints,1
2012-06-26 22:00:00+00:00,KEHO,26.0,31.930298108140192,1.1118826303396112,0.0,TRANSFERRED_MODEL,SCENARIO_P_IT=1_normalized,SCENARIO Table 3 midpoints,1
2012-06-26 23:00:00+00:00,KEHO,25.33333333333333,33.97868235273049,1.111885436396842,0.0,TRANSFERRED_MODEL,SCENARIO_P_IT=1_normalized,SCENARIO Table 3 midpoints,1
2012-06-27 00:00:00+00:00,KEHO,24.0,41.16827865067493,1.1118910868449305,0.0,TRANSFERRED_MODEL,SCENARIO_P_IT=1_normalized,SCENARIO Table 3 midpoints,1
2012-06-27 01:00:00+00:00,KEHO,21.0,44.15403158859788,1.1118688767599383,0.0,TRANSFERRED_MODEL,SCENARIO_P_IT=1_normalized,SCENARIO Table 3 midpoints,1
2012-06-27 02:00:00+00:00,KEHO,19.666666666666668,53.63827953043823,1.111842435102349,0.0,TRANSFERRED_MODEL,SCENARIO_P_IT=1_normalized,SCENARIO Table 3 midpoints,1
2012-06-27 03:00:00+00:00,KEHO,17.0,67.76940390278297,1.1118290032829985,0.0,TRANSFERRED_MODEL,SCENARIO_P_IT=1_normalized,SCENARIO Table 3 midpoints,1
2012-06-27 04:00:00+00:00,KEHO,16.333333333333332,73.8905353015635,1.1118235825354834,0.0,TRANSFERRED_MODEL,SCENARIO_P_IT=1_normalized,SCENARIO Table 3 midpoints,1
2012-06-27 05:00:00+00:00,KEHO,16.0,73.83245144568345,1.11181668009683,0.0,TRANSFERRED_MODEL,SCENARIO_P_IT=1_normalized,SCENARIO Table 3 midpoints,1
2012-06-27 06:00:00+00:00,KEHO,15.0,76.99857740749144,1.1118295819299646,0.0,TRANSFERRED_MODEL,SCENARIO_P_IT=1_normalized,SCENARIO Table 3 midpoints,1
2012-06-27 07:00:00+00:00,KEHO,14.333333333333334,80.38170564269919,1.2894074933662973,2.423105582682319,TRANSFERRED_MODEL,SCENARIO_P_IT=1_normalized,SCENARIO Table 3 midpoints,1
2012-06-27 08:00:00+00:00,KEHO,13.666666666666666,83.93222355195562,1.1118230405465095,0.0,TRANSFERRED_MODEL,SCENARIO_P_IT=1_normalized,SCENARIO Table 3 midpoints,1
2012-06-27 09:00:00+00:00,KEHO,13.0,87.65929893866783,1.1118107013308642,0.0,TRANSFERRED_MODEL,SCENARIO_P_IT=1_normalized,SCENARIO Table 3 midpoints,1
2012-06-27 10:00:00+00:00,KEHO,12.666666666666666,89.59205979832309,1.1117772982823908,0.0,TRANSFERRED_MODEL,SCENARIO_P_IT=1_normalized,SCENARIO Table 3 midpoints,1
2012-06-27 11:00:00+00:00,KEHO,14.666666666666666,80.42739732319441,1.2900393531886365,2.4250190334288133,TRANSFERRED_MODEL,SCENARIO_P_IT=1_normalized,SCENARIO Table 3 midpoints,1
2012-06-27 12:00:00+00:00,KEHO,18.33333333333333,60.942143616016565,1.111705811143337,0.0,TRANSFERRED_MODEL,SCENARIO_P_IT=1_normalized,SCENARIO Table 3 midpoints,1
2012-06-27 13:00:00+00:00,KEHO,21.33333333333333,48.39851786473663,1.1116676941098114,0.0,TRANSFERRED_MODEL,SCENARIO_P_IT=1_normalized,SCENARIO Table 3 midpoints,1
2012-06-27 14:00:00+00:00,KEHO,23.33333333333333,38.30478067744935,1.1116424568258494,0.0,TRANSFERRED_MODEL,SCENARIO_P_IT=1_normalized,SCENARIO Table 3 midpoints,1
2012-06-27 15:00:00+00:00,KEHO,25.0,31.649218589933117,1.111614592583694,0.0,TRANSFERRED_MODEL,SCENARIO_P_IT=1_normalized,SCENARIO Table 3 midpoints,1
2012-06-27 16:00:00+00:00,KEHO,25.33333333333333,31.02719544592472,1.1116131937748517,0.0,TRANSFERRED_MODEL,SCENARIO_P_IT=1_normalized,SCENARIO Table 3 midpoints,1
2012-06-27 17:00:00+00:00,KEHO,26.0,31.21405131756158,1.1116312224412566,0.0,TRANSFERRED_MODEL,SCENARIO_P_IT=1_normalized,SCENARIO Table 3 midpoints,1
2012-06-27 18:00:00+00:00,KEHO,27.0,28.76502836193137,1.1116437283127603,0.0,TRANSFERRED_MODEL,SCENARIO_P_IT=1_normalized,SCENARIO Table 3 midpoints,1
2012-06-27 19:00:00+00:00,KEHO,27.666666666666668,26.42784808747925,1.1116618193176033,0.0,TRANSFERRED_MODEL,SCENARIO_P_IT=1_normalized,SCENARIO Table 3 midpoints,1
2012-06-27 20:00:00+00:00,KEHO,28.0,26.51808029973417,1.1116687892406991,0.0,TRANSFERRED_MODEL,SCENARIO_P_IT=1_normalized,SCENARIO Table 3 midpoints,1
2012-06-27 21:00:00+00:00,KEHO,28.666666666666668,25.509452897064374,1.111670220375863,0.0,TRANSFERRED_MODEL,SCENARIO_P_IT=1_normalized,SCENARIO Table 3 midpoints,1
2012-06-27 22:00:00+00:00,KEHO,28.0,26.51808029973417,1.111698024700655,0.0,TRANSFERRED_MODEL,SCENARIO_P_IT=1_normalized,SCENARIO Table 3 midpoints,1
2012-06-27 23:00:00+00:00,KEHO,27.666666666666668,28.94882660527197,1.1116910442120844,0.0,TRANSFERRED_MODEL,SCENARIO_P_IT=1_normalized,SCENARIO Table 3 midpoints,1
2012-06-28 00:00:00+00:00,KEHO,26.0,36.540530015343805,1.1116979739779222,0.0,TRANSFERRED_MODEL,SCENARIO_P_IT=1_normalized,SCENARIO Table 3 midpoints,1
2012-06-28 01:00:00+00:00,KEHO,24.0,41.16827865067493,1.1116771583603697,0.0,TRANSFERRED_MODEL,SCENARIO_P_IT=1_normalized,SCENARIO Table 3 midpoints,1
2012-06-28 02:00:00+00:00,KEHO,22.5,51.471733696046485,1.1116543451128924,0.0,TRANSFERRED_MODEL,SCENARIO_P_IT=1_normalized,SCENARIO Table 3 midpoints,1
2012-06-28 03:00:00+00:00,KEHO,21.0,57.66201928007377,1.1116482894265254,0.0,TRANSFERRED_MODEL,SCENARIO_P_IT=1_normalized,SCENARIO Table 3 midpoints,1
2012-06-28 04:00:00+00:00,KEHO,18.666666666666668,69.6106257609135,1.1116584504424991,0.0,TRANSFERRED_MODEL,SCENARIO_P_IT=1_normalized,SCENARIO Table 3 midpoints,1
2012-06-28 05:00:00+00:00,KEHO,17.666666666666668,74.12107615575876,1.1116837066231815,0.0,TRANSFERRED_MODEL,SCENARIO_P_IT=1_normalized,SCENARIO Table 3 midpoints,1
2012-06-28 06:00:00+00:00,KEHO,16.333333333333332,80.65358399132376,1.2937702393658899,2.434814947848279,TRANSFERRED_MODEL,SCENARIO_P_IT=1_normalized,SCENARIO Table 3 midpoints,1
2012-06-28 07:00:00+00:00,KEHO,16.333333333333332,80.65358399132376,1.2937829733815456,2.4348136601483192,TRANSFERRED_MODEL,SCENARIO_P_IT=1_normalized,SCENARIO Table 3 midpoints,1
2012-06-28 08:00:00+00:00,KEHO,15.333333333333334,85.97725772454716,1.2928326641262524,2.4324435145341035,TRANSFERRED_MODEL,SCENARIO_P_IT=1_normalized,SCENARIO Table 3 midpoints,1
2012-06-28 09:00:00+00:00,KEHO,15.0,87.83845905653965,1.2925073717857822,2.4316523917064687,TRANSFERRED_MODEL,SCENARIO_P_IT=1_normalized,SCENARIO Table 3 midpoints,1
2012-06-28 10:00:00+00:00,KEHO,15.0,85.94352845644993,1.2920054808566552,2.4304470100075477,TRANSFERRED_MODEL,SCENARIO_P_IT=1_normalized,SCENARIO Table 3 midpoints,1
2012-06-28 11:00:00+00:00,KEHO,16.0,87.92661502454915,1.2948225086527707,2.437777682902286,TRANSFERRED_MODEL,SCENARIO_P_IT=1_normalized,SCENARIO Table 3 midpoints,1
2012-06-28 12:00:00+00:00,KEHO,19.33333333333333,76.02017155914818,1.1116083526967027,0.0,TRANSFERRED_MODEL,SCENARIO_P_IT=1_normalized,SCENARIO Table 3 midpoints,1
2012-06-28 13:00:00+00:00,KEHO,23.0,60.70242277903299,1.1116022499935783,0.0,TRANSFERRED_MODEL,SCENARIO_P_IT=1_normalized,SCENARIO Table 3 midpoints,1
2012-06-28 14:00:00+00:00,KEHO,26.0,47.553680242907866,1.111593766938939,0.0,TRANSFERRED_MODEL,SCENARIO_P_IT=1_normalized,SCENARIO Table 3 midpoints,1
2012-06-28 15:00:00+00:00,KEHO,27.5,40.79233168913276,1.111591699810027,0.0,TRANSFERRED_MODEL,SCENARIO_P_IT=1_normalized,SCENARIO Table 3 midpoints,1
2012-06-28 16:00:00+00:00,KEHO,30.0,31.623606095992702,1.1115939381468847,0.0,TRANSFERRED_MODEL,SCENARIO_P_IT=1_normalized,SCENARIO Table 3 midpoints,1
2012-06-28 17:00:00+00:00,KEHO,31.33333333333333,30.62091819863283,1.3062727172207258,2.466289517800417,TRANSFERRED_MODEL,SCENARIO_P_IT=1_normalized,SCENARIO Table 3 midpoints,1
2012-06-28 18:00:00+00:00,KEHO,32.0,27.59753848734513,1.3056099786626525,2.464564312909769,TRANSFERRED_MODEL,SCENARIO_P_IT=1_normalized,SCENARIO Table 3 midpoints,1
2012-06-28 19:00:00+00:00,KEHO,32.666666666666664,28.3941098813442,1.3075631947373119,2.4693141976659057,TRANSFERRED_MODEL,SCENARIO_P_IT=1_normalized,SCENARIO Table 3 midpoints,1
2012-06-28 20:00:00+00:00,KEHO,33.333333333333336,26.171879570032047,1.3073479206575978,2.4686291975929766,TRANSFERRED_MODEL,SCENARIO_P_IT=1_normalized,SCENARIO Table 3 midpoints,1
2012-06-28 21:00:00+00:00,KEHO,34.333333333333336,25.30102597072428,1.3087414556482406,2.4719713346118826,TRANSFERRED_MODEL,SCENARIO_P_IT=1_normalized,SCENARIO Table 3 midpoints,1
2012-06-28 22:00:00+00:00,KEHO,33.666666666666664,26.843749165435003,1.3085753964920592,2.4715356104917663,TRANSFERRED_MODEL,SCENARIO_P_IT=1_normalized,SCENARIO Table 3 midpoints,1
2012-06-28 23:00:00+00:00,KEHO,32.333333333333336,28.933167262094734,1.3073269971893329,2.4684909417127368,TRANSFERRED_MODEL,SCENARIO_P_IT=1_normalized,SCENARIO Table 3 midpoints,1
2012-06-29 00:00:00+00:00,KEHO,31.0,29.211402312476043,1.3047739859026388,2.4621865073499754,TRANSFERRED_MODEL,SCENARIO_P_IT=1_normalized,SCENARIO Table 3 midpoints,1
2012-06-29 01:00:00+00:00,KEHO,29.0,33.50094307021377,1.1117399310757325,0.0,TRANSFERRED_MODEL,SCENARIO_P_IT=1_normalized,SCENARIO Table 3 midpoints,1
2012-06-29 02:00:00+00:00,KEHO,26.666666666666668,44.73982329015464,1.1117495798752002,0.0,TRANSFERRED_MODEL,SCENARIO_P_IT=1_normalized,SCENARIO Table 3 midpoints,1
2012-06-29 03:00:00+00:00,KEHO,23.0,62.682846534801385,1.1117650540403168,0.0,TRANSFERRED_MODEL,SCENARIO_P_IT=1_normalized,SCENARIO Table 3 midpoints,1
2012-06-29 04:00:00+00:00,KEHO,22.666666666666668,66.04044847512561,1.1117874437294422,0.0,TRANSFERRED_MODEL,SCENARIO_P_IT=1_normalized,SCENARIO Table 3 midpoints,1
2012-06-29 05:00:00+00:00,KEHO,20.666666666666668,74.62947626492131,1.1118044661942668,0.0,TRANSFERRED_MODEL,SCENARIO_P_IT=1_normalized,SCENARIO Table 3 midpoints,1
2012-06-29 06:00:00+00:00,KEHO,20.0,80.28331735432165,1.302823441552499,2.457346898052631,TRANSFERRED_MODEL,SCENARIO_P_IT=1_normalized,SCENARIO Table 3 midpoints,1
2012-06-29 07:00:00+00:00,KEHO,20.0,77.76603602176817,1.301996310469834,2.455194885264105,TRANSFERRED_MODEL,SCENARIO_P_IT=1_normalized,SCENARIO Table 3 midpoints,1
2012-06-29 08:00:00+00:00,KEHO,19.33333333333333,81.05137581099171,1.3013830985162658,2.4536487558807707,TRANSFERRED_MODEL,SCENARIO_P_IT=1_normalized,SCENARIO Table 3 midpoints,1
2012-06-29 09:00:00+00:00,KEHO,18.0,88.1001435273896,1.3001252673530217,2.450552647192661,TRANSFERRED_MODEL,SCENARIO_P_IT=1_normalized,SCENARIO Table 3 midpoints,1
2012-06-29 10:00:00+00:00,KEHO,18.0,88.1001435273896,1.3001008432007595,2.4505541628605667,TRANSFERRED_MODEL,SCENARIO_P_IT=1_normalized,SCENARIO Table 3 midpoints,1
2012-06-29 11:00:00+00:00,KEHO,19.0,86.3406246875049,1.3021678186398513,2.4557630647809394,TRANSFERRED_MODEL,SCENARIO_P_IT=1_normalized,SCENARIO Table 3 midpoints,1
2012-06-29 12:00:00+00:00,KEHO,24.0,64.9335482156484,1.1117859508646164,0.0,TRANSFERRED_MODEL,SCENARIO_P_IT=1_normalized,SCENARIO Table 3 midpoints,1
2012-06-29 15:00:00+00:00,KEHO,33.5,29.56860701203224,1.3102990228156235,2.475745425921724,TRANSFERRED_MODEL,SCENARIO_P_IT=1_normalized,SCENARIO Table 3 midpoints,1
2012-06-29 16:00:00+00:00,KEHO,35.0,26.61285322847371,1.3112354297096067,2.4779592748635144,TRANSFERRED_MODEL,SCENARIO_P_IT=1_normalized,SCENARIO Table 3 midpoints,1
2012-06-29 17:00:00+00:00,KEHO,35.0,30.29749555527108,1.3142587412655728,2.4853698947346228,TRANSFERRED_MODEL,SCENARIO_P_IT=1_normalized,SCENARIO Table 3 midpoints,1
2012-06-29 18:00:00+00:00,KEHO,35.0,30.29749555527108,1.3142625162778303,2.4853668220026703,TRANSFERRED_MODEL,SCENARIO_P_IT=1_normalized,SCENARIO Table 3 midpoints,1
2012-06-30 01:00:00+00:00,KEHO,31.0,45.91183326611469,1.3158164855317673,2.48908962574579,TRANSFERRED_MODEL,SCENARIO_P_IT=1_normalized,SCENARIO Table 3 midpoints,1
2012-06-30 02:00:00+00:00,KEHO,28.0,54.58377661119759,1.1118448089669661,0.0,TRANSFERRED_MODEL,SCENARIO_P_IT=1_normalized,SCENARIO Table 3 midpoints,1
2012-06-30 03:00:00+00:00,KEHO,26.0,69.54626593683008,1.1118237019037467,0.0,TRANSFERRED_MODEL,SCENARIO_P_IT=1_normalized,SCENARIO Table 3 midpoints,1
2012-06-30 04:00:00+00:00,KEHO,25.0,76.11833883251128,1.1118132018348468,0.0,TRANSFERRED_MODEL,SCENARIO_P_IT=1_normalized,SCENARIO Table 3 midpoints,1
2012-06-30 05:00:00+00:00,KEHO,25.666666666666668,66.65943967279435,1.1118377156157049,0.0,TRANSFERRED_MODEL,SCENARIO_P_IT=1_normalized,SCENARIO Table 3 midpoints,1
2012-06-30 06:00:00+00:00,KEHO,24.5,69.2595763575354,1.1118426403829145,0.0,TRANSFERRED_MODEL,SCENARIO_P_IT=1_normalized,SCENARIO Table 3 midpoints,1
2012-06-30 07:00:00+00:00,KEHO,23.666666666666668,70.56378251743466,1.1118461821287917,0.0,TRANSFERRED_MODEL,SCENARIO_P_IT=1_normalized,SCENARIO Table 3 midpoints,1
2012-06-30 08:00:00+00:00,KEHO,23.33333333333333,67.59344373402399,1.1118349873439646,0.0,TRANSFERRED_MODEL,SCENARIO_P_IT=1_normalized,SCENARIO Table 3 midpoints,1
2012-06-30 09:00:00+00:00,KEHO,22.666666666666668,70.37647396388013,1.111828032149901,0.0,TRANSFERRED_MODEL,SCENARIO_P_IT=1_normalized,SCENARIO Table 3 midpoints,1
2012-06-30 10:00:00+00:00,KEHO,23.0,68.96917974781988,1.1118028022280233,0.0,TRANSFERRED_MODEL,SCENARIO_P_IT=1_normalized,SCENARIO Table 3 midpoints,1
2012-06-30 11:00:00+00:00,KEHO,23.33333333333333,70.50152801166188,1.111769219154609,0.0,TRANSFERRED_MODEL,SCENARIO_P_IT=1_normalized,SCENARIO Table 3 midpoints,1
2012-06-30 12:00:00+00:00,KEHO,25.0,65.14551045571683,1.1117481879932671,0.0,TRANSFERRED_MODEL,SCENARIO_P_IT=1_normalized,SCENARIO Table 3 midpoints,1
2012-06-30 13:00:00+00:00,KEHO,27.0,54.33441603408858,1.1117244685588241,0.0,TRANSFERRED_MODEL,SCENARIO_P_IT=1_normalized,SCENARIO Table 3 midpoints,1
2012-06-30 14:00:00+00:00,KEHO,29.0,47.34182935841271,1.1117259755233968,0.0,TRANSFERRED_MODEL,SCENARIO_P_IT=1_normalized,SCENARIO Table 3 midpoints,1
2012-06-30 15:00:00+00:00,KEHO,32.0,36.61750635676484,1.311948796792576,2.4799338646452593,TRANSFERRED_MODEL,SCENARIO_P_IT=1_normalized,SCENARIO Table 3 midpoints,1
2012-06-30 16:00:00+00:00,KEHO,33.0,35.35596439885401,1.3134438513555977,2.483534603411017,TRANSFERRED_MODEL,SCENARIO_P_IT=1_normalized,SCENARIO Table 3 midpoints,1
2012-06-30 17:00:00+00:00,KEHO,34.666666666666664,33.61235118022154,1.3161617436832325,2.4900276667372183,TRANSFERRED_MODEL,SCENARIO_P_IT=1_normalized,SCENARIO Table 3 midpoints,1
2012-06-30 18:00:00+00:00,KEHO,36.0,32.574481984471326,1.318603085877766,2.495854423341214,TRANSFERRED_MODEL,SCENARIO_P_IT=1_normalized,SCENARIO Table 3 midpoints,1
2012-06-30 20:00:00+00:00,KEHO,36.5,31.69222475083316,1.3191127442467039,2.496940028553995,TRANSFERRED_MODEL,SCENARIO_P_IT=1_normalized,SCENARIO Table 3 midpoints,1
2012-06-30 22:00:00+00:00,KEHO,37.0,30.836886242053023,1.3195974911829484,2.4980434978628745,TRANSFERRED_MODEL,SCENARIO_P_IT=1_normalized,SCENARIO Table 3 midpoints,1
2012-06-30 23:00:00+00:00,KEHO,36.0,32.574481984471326,1.3186469192902446,2.495820056515469,TRANSFERRED_MODEL,SCENARIO_P_IT=1_normalized,SCENARIO Table 3 midpoints,1
2012-07-01 00:00:00+00:00,KEHO,36.0,32.574481984471326,1.3186469192902446,2.495820056515469,TRANSFERRED_MODEL,SCENARIO_P_IT=1_normalized,SCENARIO Table 3 midpoints,1
2012-07-01 01:00:00+00:00,KEHO,31.0,53.64502413942176,1.3208419363631902,2.501443544328958,TRANSFERRED_MODEL,SCENARIO_P_IT=1_normalized,SCENARIO Table 3 midpoints,1
2012-07-01 02:00:00+00:00,KEHO,31.0,53.64502413942176,1.320826782264419,2.5014495010823614,TRANSFERRED_MODEL,SCENARIO_P_IT=1_normalized,SCENARIO Table 3 midpoints,1
2012-07-01 03:00:00+00:00,KEHO,30.0,58.58138510397075,1.321126239278779,2.5018873928757355,TRANSFERRED_MODEL,SCENARIO_P_IT=1_normalized,SCENARIO Table 3 midpoints,1
2012-07-01 04:00:00+00:00,KEHO,27.33333333333333,68.38482135886673,1.3186014769182437,2.4959258644586035,TRANSFERRED_MODEL,SCENARIO_P_IT=1_normalized,SCENARIO Table 3 midpoints,1
2012-07-01 05:00:00+00:00,KEHO,25.25,78.53332423793341,1.3171964226990114,2.4926145730064686,TRANSFERRED_MODEL,SCENARIO_P_IT=1_normalized,SCENARIO Table 3 midpoints,1
2012-07-01 06:00:00+00:00,KEHO,25.0,81.77135680404298,1.3179254247297099,2.494368211090294,TRANSFERRED_MODEL,SCENARIO_P_IT=1_normalized,SCENARIO Table 3 midpoints,1
2012-07-01 07:00:00+00:00,KEHO,24.666666666666668,83.4148055703799,1.317609914117835,2.493619751091003,TRANSFERRED_MODEL,SCENARIO_P_IT=1_normalized,SCENARIO Table 3 midpoints,1
2012-07-01 08:00:00+00:00,KEHO,24.0,88.59935257199315,1.317764822140242,2.4940124739112752,TRANSFERRED_MODEL,SCENARIO_P_IT=1_normalized,SCENARIO Table 3 midpoints,1
2012-07-01 09:00:00+00:00,KEHO,22.666666666666668,90.32449590920292,1.3141882402386424,2.4854238610083685,TRANSFERRED_MODEL,SCENARIO_P_IT=1_normalized,SCENARIO Table 3 midpoints,1
2012-07-01 10:00:00+00:00,KEHO,22.33333333333333,92.17221567209226,1.3138453260873166,2.484671406616588,TRANSFERRED_MODEL,SCENARIO_P_IT=1_normalized,SCENARIO Table 3 midpoints,1
2012-07-01 11:00:00+00:00,KEHO,23.33333333333333,88.54541638332998,1.315497216127359,2.4887652601260717,TRANSFERRED_MODEL,SCENARIO_P_IT=1_normalized,SCENARIO Table 3 midpoints,1
2012-07-01 12:00:00+00:00,KEHO,26.0,78.6398510724195,1.3195368772170437,2.498513157770245,TRANSFERRED_MODEL,SCENARIO_P_IT=1_normalized,SCENARIO Table 3 midpoints,1
2012-07-01 13:00:00+00:00,KEHO,29.33333333333333,60.87462458416799,1.3203875967183618,2.5004320966635065,TRANSFERRED_MODEL,SCENARIO_P_IT=1_normalized,SCENARIO Table 3 midpoints,1
2012-07-01 14:00:00+00:00,KEHO,32.333333333333336,49.22580328954322,1.3216108713169306,2.5036018339524237,TRANSFERRED_MODEL,SCENARIO_P_IT=1_normalized,SCENARIO Table 3 midpoints,1
2012-07-01 15:00:00+00:00,KEHO,35.333333333333336,36.75686522508063,1.3203491187147398,2.500450931578436,TRANSFERRED_MODEL,SCENARIO_P_IT=1_normalized,SCENARIO Table 3 midpoints,1
2012-07-01 16:00:00+00:00,KEHO,36.5,33.75659406811558,1.3207995048756846,2.5015258956860587,TRANSFERRED_MODEL,SCENARIO_P_IT=1_normalized,SCENARIO Table 3 midpoints,1
2012-07-01 17:00:00+00:00,KEHO,37.0,30.836886242053023,1.3194332788967578,2.498181982961148,TRANSFERRED_MODEL,SCENARIO_P_IT=1_normalized,SCENARIO Table 3 midpoints,1
2012-07-02 05:00:00+00:00,KEHO,21.0,82.9903987771767,1.3061692664101914,2.4664627503364365,TRANSFERRED_MODEL,SCENARIO_P_IT=1_normalized,SCENARIO Table 3 midpoints,1
2012-07-02 06:00:00+00:00,KEHO,20.5,85.58451413273906,1.3055278045168333,2.465324223405377,TRANSFERRED_MODEL,SCENARIO_P_IT=1_normalized,SCENARIO Table 3 midpoints,1
2012-07-02 07:00:00+00:00,KEHO,20.0,88.27004464253949,1.3050238920478576,2.4641699418136014,TRANSFERRED_MODEL,SCENARIO_P_IT=1_normalized,SCENARIO Table 3 midpoints,1
2012-07-02 08:00:00+00:00,KEHO,19.0,93.92977440102698,1.3041720960172543,2.4618495763877535,TRANSFERRED_MODEL,SCENARIO_P_IT=1_normalized,SCENARIO Table 3 midpoints,1
2012-07-02 09:00:00+00:00,KEHO,19.0,93.92977440102698,1.304300477877891,2.461845501996654,TRANSFERRED_MODEL,SCENARIO_P_IT=1_normalized,SCENARIO Table 3 midpoints,1
2012-07-02 10:00:00+00:00,KEHO,19.0,91.97956293306596,1.303667847143364,2.4602913556144133,TRANSFERRED_MODEL,SCENARIO_P_IT=1_normalized,SCENARIO Table 3 midpoints,1
2012-07-02 11:00:00+00:00,KEHO,18.666666666666668,90.04090786510619,1.3022367670597543,2.4564820089342434,TRANSFERRED_MODEL,SCENARIO_P_IT=1_normalized,SCENARIO Table 3 midpoints,1
2012-07-02 12:00:00+00:00,KEHO,20.666666666666668,84.70982370388491,1.3059089898025524,2.465690011210163,TRANSFERRED_MODEL,SCENARIO_P_IT=1_normalized,SCENARIO Table 3 midpoints,1
2012-07-02 13:00:00+00:00,KEHO,22.666666666666668,73.40429302655845,1.1115828877537686,0.0,TRANSFERRED_MODEL,SCENARIO_P_IT=1_normalized,SCENARIO Table 3 midpoints,1
2012-07-02 14:00:00+00:00,KEHO,24.0,67.7271953539746,1.1115772276074904,0.0,TRANSFERRED_MODEL,SCENARIO_P_IT=1_normalized,SCENARIO Table 3 midpoints,1
2012-07-02 15:00:00+00:00,KEHO,26.33333333333333,60.19086952545671,1.111578522997257,0.0,TRANSFERRED_MODEL,SCENARIO_P_IT=1_normalized,SCENARIO Table 3 midpoints,1
2012-07-02 16:00:00+00:00,KEHO,27.33333333333333,57.95304564694269,1.1115799171576914,0.0,TRANSFERRED_MODEL,SCENARIO_P_IT=1_normalized,SCENARIO Table 3 midpoints,1
2012-07-02 17:00:00+00:00,KEHO,28.666666666666668,52.5076575177724,1.1115827437322814,0.0,TRANSFERRED_MODEL,SCENARIO_P_IT=1_normalized,SCENARIO Table 3 midpoints,1
2012-07-02 18:00:00+00:00,KEHO,30.666666666666668,48.79174006402068,1.1115967829639666,5.173887919999036e-16,TRANSFERRED_MODEL,SCENARIO_P_IT=1_normalized,SCENARIO Table 3 midpoints,1
2012-07-02 19:00:00+00:00,KEHO,32.0,43.37530845087229,1.3165201558539958,2.491459899771656,TRANSFERRED_MODEL,SCENARIO_P_IT=1_normalized,SCENARIO Table 3 midpoints,1
2012-07-02 20:00:00+00:00,KEHO,33.0,38.488718673594086,1.31564370365969,2.4892166980061248,TRANSFERRED_MODEL,SCENARIO_P_IT=1_normalized,SCENARIO Table 3 midpoints,1
2012-07-02 21:00:00+00:00,KEHO,33.0,34.98058777499531,1.3130908118281488,2.48291332465652,TRANSFERRED_MODEL,SCENARIO_P_IT=1_normalized,SCENARIO Table 3 midpoints,1
2012-07-02 22:00:00+00:00,KEHO,32.0,47.63870686477655,1.319535390469419,2.4986183892700162,TRANSFERRED_MODEL,SCENARIO_P_IT=1_normalized,SCENARIO Table 3 midpoints,1
2012-07-02 23:00:00+00:00,KEHO,30.33333333333333,54.03389976321368,1.1116592435476602,0.0,TRANSFERRED_MODEL,SCENARIO_P_IT=1_normalized,SCENARIO Table 3 midpoints,1
2012-07-03 01:00:00+00:00,KEHO,27.5,65.66796564577267,1.1116208275796238,0.0,TRANSFERRED_MODEL,SCENARIO_P_IT=1_normalized,SCENARIO Table 3 midpoints,1
2012-07-03 02:00:00+00:00,KEHO,26.33333333333333,72.52750970273671,1.3174704539217772,2.4937172611595018,TRANSFERRED_MODEL,SCENARIO_P_IT=1_normalized,SCENARIO Table 3 midpoints,1
2012-07-03 03:00:00+00:00,KEHO,25.33333333333333,78.54519785439399,1.31725933902495,2.493289154065306,TRANSFERRED_MODEL,SCENARIO_P_IT=1_normalized,SCENARIO Table 3 midpoints,1
2012-07-03 04:00:00+00:00,KEHO,24.666666666666668,83.4148055703799,1.3173839026071368,2.4936426836308394,TRANSFERRED_MODEL,SCENARIO_P_IT=1_normalized,SCENARIO Table 3 midpoints,1
2012-07-03 05:00:00+00:00,KEHO,23.666666666666668,88.57243112091828,1.3164442438153416,2.491386267609884,TRANSFERRED_MODEL,SCENARIO_P_IT=1_normalized,SCENARIO Table 3 midpoints,1
2012-07-03 06:00:00+00:00,KEHO,23.0,88.51830793896134,1.3143213123269106,2.486189091154557,TRANSFERRED_MODEL,SCENARIO_P_IT=1_normalized,SCENARIO Table 3 midpoints,1
2012-07-03 07:00:00+00:00,KEHO,22.0,94.0625242758801,1.3134052042673805,2.4839210242010896,TRANSFERRED_MODEL,SCENARIO_P_IT=1_normalized,SCENARIO Table 3 midpoints,1
2012-07-03 08:00:00+00:00,KEHO,22.0,90.27806317972032,1.3119479042954252,2.480346390721143,TRANSFERRED_MODEL,SCENARIO_P_IT=1_normalized,SCENARIO Table 3 midpoints,1
2012-07-03 09:00:00+00:00,KEHO,21.0,94.01875700103768,1.3102844991016982,2.4763250572570428,TRANSFERRED_MODEL,SCENARIO_P_IT=1_normalized,SCENARIO Table 3 midpoints,1
2012-07-03 10:00:00+00:00,KEHO,21.0,94.01875700103768,1.3102697474187568,2.4763255343145185,TRANSFERRED_MODEL,SCENARIO_P_IT=1_normalized,SCENARIO Table 3 midpoints,1
2012-07-03 11:00:00+00:00,KEHO,21.0,95.97665369360048,1.3109662033151515,2.4780711168884975,TRANSFERRED_MODEL,SCENARIO_P_IT=1_normalized,SCENARIO Table 3 midpoints,1
2012-07-03 12:00:00+00:00,KEHO,23.33333333333333,84.99173394986357,1.3138691076495541,2.4851483427559855,TRANSFERRED_MODEL,SCENARIO_P_IT=1_normalized,SCENARIO Table 3 midpoints,1
2012-07-03 13:00:00+00:00,KEHO,26.33333333333333,71.05535921767745,1.111572983478515,0.0,TRANSFERRED_MODEL,SCENARIO_P_IT=1_normalized,SCENARIO Table 3 midpoints,1
2012-07-03 14:00:00+00:00,KEHO,29.0,59.5622206107546,1.1115619900871718,0.0,TRANSFERRED_MODEL,SCENARIO_P_IT=1_normalized,SCENARIO Table 3 midpoints,1
2012-07-03 15:00:00+00:00,KEHO,30.33333333333333,50.778092194132086,1.1115510309738517,0.0,TRANSFERRED_MODEL,SCENARIO_P_IT=1_normalized,SCENARIO Table 3 midpoints,1
2012-07-03 16:00:00+00:00,KEHO,32.0,42.03063257384145,1.3155478606795847,2.489209676506959,TRANSFERRED_MODEL,SCENARIO_P_IT=1_normalized,SCENARIO Table 3 midpoints,1
2012-07-03 17:00:00+00:00,KEHO,32.0,40.72271098464218,1.3146747147540772,2.4869775105258523,TRANSFERRED_MODEL,SCENARIO_P_IT=1_normalized,SCENARIO Table 3 midpoints,1
2012-07-04 01:00:00+00:00,KEHO,25.5,65.25084919219368,1.111641646243323,0.0,TRANSFERRED_MODEL,SCENARIO_P_IT=1_normalized,SCENARIO Table 3 midpoints,1
2012-07-04 02:00:00+00:00,KEHO,24.666666666666668,65.07504717994333,1.1116270957787395,0.0,TRANSFERRED_MODEL,SCENARIO_P_IT=1_normalized,SCENARIO Table 3 midpoints,1
2012-07-04 03:00:00+00:00,KEHO,23.33333333333333,71.99634799180433,1.1116382907245372,0.0,TRANSFERRED_MODEL,SCENARIO_P_IT=1_normalized,SCENARIO Table 3 midpoints,1
2012-07-04 04:00:00+00:00,KEHO,23.0,71.93645255101421,1.111638320755649,0.0,TRANSFERRED_MODEL,SCENARIO_P_IT=1_normalized,SCENARIO Table 3 midpoints,1
2012-07-04 05:00:00+00:00,KEHO,24.0,66.31745071572574,1.1116563005357203,0.0,TRANSFERRED_MODEL,SCENARIO_P_IT=1_normalized,SCENARIO Table 3 midpoints,1
2012-07-04 06:00:00+00:00,KEHO,23.0,73.46169674935328,1.1116855830855892,0.0,TRANSFERRED_MODEL,SCENARIO_P_IT=1_normalized,SCENARIO Table 3 midpoints,1
2012-07-04 07:00:00+00:00,KEHO,22.0,78.06286399643153,1.3073069591372586,2.468738058280539,TRANSFERRED_MODEL,SCENARIO_P_IT=1_normalized,SCENARIO Table 3 midpoints,1
2012-07-04 08:00:00+00:00,KEHO,21.0,82.9903987771767,1.306379867686471,2.466442229230429,TRANSFERRED_MODEL,SCENARIO_P_IT=1_normalized,SCENARIO Table 3 midpoints,1
2012-07-04 09:00:00+00:00,KEHO,20.33333333333333,86.4693606031717,1.305725079550938,2.4649122087314215,TRANSFERRED_MODEL,SCENARIO_P_IT=1_normalized,SCENARIO Table 3 midpoints,1
2012-07-04 10:00:00+00:00,KEHO,20.33333333333333,86.4693606031717,1.3056976557110527,2.464914264230794,TRANSFERRED_MODEL,SCENARIO_P_IT=1_normalized,SCENARIO Table 3 midpoints,1
2012-07-04 11:00:00+00:00,KEHO,21.33333333333333,81.31007897700592,1.3066218958134912,2.467215217292698,TRANSFERRED_MODEL,SCENARIO_P_IT=1_normalized,SCENARIO Table 3 midpoints,1
2012-07-04 12:00:00+00:00,KEHO,23.33333333333333,78.25763015198152,1.311085680247434,2.478248703974241,TRANSFERRED_MODEL,SCENARIO_P_IT=1_normalized,SCENARIO Table 3 midpoints,1
2012-07-04 13:00:00+00:00,KEHO,25.666666666666668,69.48287469189768,1.111607637092414,0.0,TRANSFERRED_MODEL,SCENARIO_P_IT=1_normalized,SCENARIO Table 3 midpoints,1
2012-07-04 14:00:00+00:00,KEHO,27.666666666666668,59.253209008165385,1.1115910119676695,0.0,TRANSFERRED_MODEL,SCENARIO_P_IT=1_normalized,SCENARIO Table 3 midpoints,1
2012-07-04 15:00:00+00:00,KEHO,29.33333333333333,54.913657678789576,1.111592492492514,0.0,TRANSFERRED_MODEL,SCENARIO_P_IT=1_normalized,SCENARIO Table 3 midpoints,1
2012-07-04 16:00:00+00:00,KEHO,30.666666666666668,46.79420421474163,1.1115967829639666,5.167390461796231e-16,TRANSFERRED_MODEL,SCENARIO_P_IT=1_normalized,SCENARIO Table 3 midpoints,1
2012-07-04 17:00:00+00:00,KEHO,32.0,44.29261002696212,1.3171575435492209,2.4930078487583867,TRANSFERRED_MODEL,SCENARIO_P_IT=1_normalized,SCENARIO Table 3 midpoints,1
2012-07-04 21:00:00+00:00,KEHO,31.0,52.0129263013748,1.3196504808693201,2.4988978525817527,TRANSFERRED_MODEL,SCENARIO_P_IT=1_normalized,SCENARIO Table 3 midpoints,1
2012-07-04 22:00:00+00:00,KEHO,30.0,58.58138510397075,1.3210377018336852,2.501916659944027,TRANSFERRED_MODEL,SCENARIO_P_IT=1_normalized,SCENARIO Table 3 midpoints,1
2012-07-04 23:00:00+00:00,KEHO,29.5,56.68576178772335,1.1117023162905246,0.0,TRANSFERRED_MODEL,SCENARIO_P_IT=1_normalized,SCENARIO Table 3 midpoints,1
2012-07-05 01:00:00+00:00,KEHO,26.5,67.52225446940156,1.1116791800548078,0.0,TRANSFERRED_MODEL,SCENARIO_P_IT=1_normalized,SCENARIO Table 3 midpoints,1
2012-07-05 02:00:00+00:00,KEHO,25.666666666666668,70.93353306345746,1.1116826611926212,0.0,TRANSFERRED_MODEL,SCENARIO_P_IT=1_normalized,SCENARIO Table 3 midpoints,1
2012-07-05 03:00:00+00:00,KEHO,24.666666666666668,78.44994644339752,1.3152130646630145,2.4881565498895273,TRANSFERRED_MODEL,SCENARIO_P_IT=1_normalized,SCENARIO Table 3 midpoints,1
2012-07-05 04:00:00+00:00,KEHO,23.33333333333333,86.75262325839572,1.3146871476390747,2.486939927875104,TRANSFERRED_MODEL,SCENARIO_P_IT=1_normalized,SCENARIO Table 3 midpoints,1
2012-07-05 05:00:00+00:00,KEHO,22.666666666666668,90.32449590920292,1.3140657290490594,2.4854305793932694,TRANSFERRED_MODEL,SCENARIO_P_IT=1_normalized,SCENARIO Table 3 midpoints,1
2012-07-05 06:00:00+00:00,KEHO,22.666666666666668,90.32449590920292,1.314083658951414,2.485429594639877,TRANSFERRED_MODEL,SCENARIO_P_IT=1_normalized,SCENARIO Table 3 midpoints,1
2012-07-05 07:00:00+00:00,KEHO,22.0,94.0625242758801,1.3134693045844787,2.483918931084816,TRANSFERRED_MODEL,SCENARIO_P_IT=1_normalized,SCENARIO Table 3 midpoints,1
2012-07-05 08:00:00+00:00,KEHO,21.666666666666668,92.13423620595734,1.3117014163446896,2.4795852266070955,TRANSFERRED_MODEL,SCENARIO_P_IT=1_normalized,SCENARIO Table 3 midpoints,1
2012-07-05 09:00:00+00:00,KEHO,21.0,94.01875700103768,1.3103583896882627,2.476322670673825,TRANSFERRED_MODEL,SCENARIO_P_IT=1_normalized,SCENARIO Table 3 midpoints,1
2012-07-05 10:00:00+00:00,KEHO,21.0,94.01875700103768,1.3103419504928198,2.4763232012118195,TRANSFERRED_MODEL,SCENARIO_P_IT=1_normalized,SCENARIO Table 3 midpoints,1
2012-07-05 11:00:00+00:00,KEHO,21.666666666666668,90.25472374748674,1.3109438072623538,2.4778434558176246,TRANSFERRED_MODEL,SCENARIO_P_IT=1_normalized,SCENARIO Table 3 midpoints,1
2012-07-05 12:00:00+00:00,KEHO,24.666666666666668,76.85359399495387,1.111668777209707,0.0,TRANSFERRED_MODEL,SCENARIO_P_IT=1_normalized,SCENARIO Table 3 midpoints,1
2012-07-05 13:00:00+00:00,KEHO,28.0,63.12499159291279,1.111643762329299,0.0,TRANSFERRED_MODEL,SCENARIO_P_IT=1_normalized,SCENARIO Table 3 midpoints,1
2012-07-05 14:00:00+00:00,KEHO,31.0,50.94921237497398,1.3189036919004093,2.4972268022964004,TRANSFERRED_MODEL,SCENARIO_P_IT=1_normalized,SCENARIO Table 3 midpoints,1
2012-07-05 15:00:00+00:00,KEHO,32.666666666666664,41.77219920896974,1.3171819525789281,2.4929406970628585,TRANSFERRED_MODEL,SCENARIO_P_IT=1_normalized,SCENARIO Table 3 midpoints,1
2012-07-05 16:00:00+00:00,KEHO,33.0,39.724889470592245,1.3165740105171206,2.4914130769765244,TRANSFERRED_MODEL,SCENARIO_P_IT=1_normalized,SCENARIO Table 3 midpoints,1
2012-07-06 03:00:00+00:00,KEHO,22.5,71.09220496160599,1.1117127845947012,0.0,TRANSFERRED_MODEL,SCENARIO_P_IT=1_normalized,SCENARIO Table 3 midpoints,1
2012-07-06 04:00:00+00:00,KEHO,22.0,73.28896468276716,1.1117212007511685,0.0,TRANSFERRED_MODEL,SCENARIO_P_IT=1_normalized,SCENARIO Table 3 midpoints,1
2012-07-06 05:00:00+00:00,KEHO,21.0,77.91515829174936,1.3045504099828993,2.4618686095817433,TRANSFERRED_MODEL,SCENARIO_P_IT=1_normalized,SCENARIO Table 3 midpoints,1
2012-07-06 06:00:00+00:00,KEHO,20.666666666666668,81.2244112518442,1.3048449138338896,2.4625982756932387,TRANSFERRED_MODEL,SCENARIO_P_IT=1_normalized,SCENARIO Table 3 midpoints,1
2012-07-06 07:00:00+00:00,KEHO,20.666666666666668,79.52943256093258,1.3042530437227902,2.4610980458750316,TRANSFERRED_MODEL,SCENARIO_P_IT=1_normalized,SCENARIO Table 3 midpoints,1
2012-07-06 08:00:00+00:00,KEHO,20.0,82.87192979044534,1.303601151869697,2.459561748946213,TRANSFERRED_MODEL,SCENARIO_P_IT=1_normalized,SCENARIO Table 3 midpoints,1
2012-07-06 09:00:00+00:00,KEHO,20.0,82.87192979044534,1.303589942909568,2.4595628243658934,TRANSFERRED_MODEL,SCENARIO_P_IT=1_normalized,SCENARIO Table 3 midpoints,1
2012-07-06 10:00:00+00:00,KEHO,20.0,82.87192979044534,1.3035771391426674,2.4595640532137635,TRANSFERRED_MODEL,SCENARIO_P_IT=1_normalized,SCENARIO Table 3 midpoints,1
2012-07-06 11:00:00+00:00,KEHO,21.33333333333333,76.33759769269038,1.1116927326932633,0.0,TRANSFERRED_MODEL,SCENARIO_P_IT=1_normalized,SCENARIO Table 3 midpoints,1
2012-07-06 12:00:00+00:00,KEHO,23.33333333333333,69.03403551351049,1.1116744241806034,0.0,TRANSFERRED_MODEL,SCENARIO_P_IT=1_normalized,SCENARIO Table 3 midpoints,1
2012-07-06 13:00:00+00:00,KEHO,25.5,63.23562436663954,1.1116541516867082,0.0,TRANSFERRED_MODEL,SCENARIO_P_IT=1_normalized,SCENARIO Table 3 midpoints,1
2012-07-06 14:00:00+00:00,KEHO,27.666666666666668,54.50084266952658,1.1116451374532645,0.0,TRANSFERRED_MODEL,SCENARIO_P_IT=1_normalized,SCENARIO Table 3 midpoints,1
2012-07-06 15:00:00+00:00,KEHO,29.666666666666668,46.52750143577472,1.111648050412008,0.0,TRANSFERRED_MODEL,SCENARIO_P_IT=1_normalized,SCENARIO Table 3 midpoints,1
2012-07-06 16:00:00+00:00,KEHO,31.33333333333333,43.194662527943706,1.3146712911824847,2.4869294908564443,TRANSFERRED_MODEL,SCENARIO_P_IT=1_normalized,SCENARIO Table 3 midpoints,1
2012-07-06 17:00:00+00:00,KEHO,31.666666666666668,38.94274658287832,1.3126500869240092,2.48195105896797,TRANSFERRED_MODEL,SCENARIO_P_IT=1_normalized,SCENARIO Table 3 midpoints,1
2012-07-06 19:00:00+00:00,KEHO,33.0,38.488718673594086,1.315671533969865,2.4891991873917423,TRANSFERRED_MODEL,SCENARIO_P_IT=1_normalized,SCENARIO Table 3 midpoints,1
2012-07-06 20:00:00+00:00,KEHO,33.0,36.11735711200378,1.3139580254919525,2.484931971384892,TRANSFERRED_MODEL,SCENARIO_P_IT=1_normalized,SCENARIO Table 3 midpoints,1
2012-07-06 22:00:00+00:00,KEHO,33.0,36.11735711200378,1.313963930160495,2.484928025236477,TRANSFERRED_MODEL,SCENARIO_P_IT=1_normalized,SCENARIO Table 3 midpoints,1
2012-07-06 23:00:00+00:00,KEHO,32.0,42.03063257384145,1.315657536733202,2.48914823456131,TRANSFERRED_MODEL,SCENARIO_P_IT=1_normalized,SCENARIO Table 3 midpoints,1
2012-07-07 01:00:00+00:00,KEHO,28.666666666666668,54.74908741306644,1.1116869236256814,0.0,TRANSFERRED_MODEL,SCENARIO_P_IT=1_normalized,SCENARIO Table 3 midpoints,1
2012-07-07 02:00:00+00:00,KEHO,26.33333333333333,68.18946310632006,1.1116701350044884,0.0,TRANSFERRED_MODEL,SCENARIO_P_IT=1_normalized,SCENARIO Table 3 midpoints,1
2012-07-07 03:00:00+00:00,KEHO,25.0,75.33941502665313,1.1116562507751409,0.0,TRANSFERRED_MODEL,SCENARIO_P_IT=1_normalized,SCENARIO Table 3 midpoints,1
2012-07-07 04:00:00+00:00,KEHO,24.33333333333333,78.40209494461435,1.3141459026889801,2.485641086138395,TRANSFERRED_MODEL,SCENARIO_P_IT=1_normalized,SCENARIO Table 3 midpoints,1
2012-07-07 05:00:00+00:00,KEHO,23.0,84.95690986601177,1.312893734451882,2.482617943086791,TRANSFERRED_MODEL,SCENARIO_P_IT=1_normalized,SCENARIO Table 3 midpoints,1
2012-07-07 06:00:00+00:00,KEHO,23.0,83.22381284256232,1.3121910371584902,2.4808773404784663,TRANSFERRED_MODEL,SCENARIO_P_IT=1_normalized,SCENARIO Table 3 midpoints,1
2012-07-07 07:00:00+00:00,KEHO,22.33333333333333,86.6591714752168,1.3115543839913781,2.479362256153717,TRANSFERRED_MODEL,SCENARIO_P_IT=1_normalized,SCENARIO Table 3 midpoints,1
2012-07-07 08:00:00+00:00,KEHO,22.0,88.4364161279818,1.3112198865761326,2.4786049139037383,TRANSFERRED_MODEL,SCENARIO_P_IT=1_normalized,SCENARIO Table 3 midpoints,1
2012-07-07 09:00:00+00:00,KEHO,21.666666666666668,90.25472374748674,1.3108755370821212,2.4778471692903574,TRANSFERRED_MODEL,SCENARIO_P_IT=1_normalized,SCENARIO Table 3 midpoints,1
2012-07-07 10:00:00+00:00,KEHO,21.0,94.01875700103768,1.3102353610055235,2.4763266471068395,TRANSFERRED_MODEL,SCENARIO_P_IT=1_normalized,SCENARIO Table 3 midpoints,1
2012-07-07 11:00:00+00:00,KEHO,22.33333333333333,86.6591714752168,1.3114867489251003,2.4793674578563323,TRANSFERRED_MODEL,SCENARIO_P_IT=1_normalized,SCENARIO Table 3 midpoints,1
2012-07-07 12:00:00+00:00,KEHO,23.0,83.22381284256232,1.3121080262376186,2.480885627095463,TRANSFERRED_MODEL,SCENARIO_P_IT=1_normalized,SCENARIO Table 3 midpoints,1
2012-07-07 13:00:00+00:00,KEHO,26.0,73.97062900551056,1.3171014886116807,2.492975747850493,TRANSFERRED_MODEL,SCENARIO_P_IT=1_normalized,SCENARIO Table 3 midpoints,1
2012-07-07 14:00:00+00:00,KEHO,28.0,65.77119451823714,1.319000731376589,2.4974767282686554,TRANSFERRED_MODEL,SCENARIO_P_IT=1_normalized,SCENARIO Table 3 midpoints,1
2012-07-07 15:00:00+00:00,KEHO,30.33333333333333,57.4714040971817,1.3212180944080152,2.5027080091351737,TRANSFERRED_MODEL,SCENARIO_P_IT=1_normalized,SCENARIO Table 3 midpoints,1
2012-07-07 16:00:00+00:00,KEHO,32.0,48.13438377170063,1.319773538761587,2.499502643539216,TRANSFERRED_MODEL,SCENARIO_P_IT=1_normalized,SCENARIO Table 3 midpoints,1
2012-07-07 17:00:00+00:00,KEHO,32.666666666666664,46.35538373150275,1.3204420801003036,2.5009770152694735,TRANSFERRED_MODEL,SCENARIO_P_IT=1_normalized,SCENARIO Table 3 midpoints,1
2012-07-07 18:00:00+00:00,KEHO,33.0,40.99579826538557,1.3174744267167136,2.4937023096100033,TRANSFERRED_MODEL,SCENARIO_P_IT=1_normalized,SCENARIO Table 3 midpoints,1
2012-07-07 19:00:00+00:00,KEHO,34.0,35.255345483816654,1.3157132570753873,2.489311510567944,TRANSFERRED_MODEL,SCENARIO_P_IT=1_normalized,SCENARIO Table 3 midpoints,1
2012-07-07 20:00:00+00:00,KEHO,34.0,37.56093216411774,1.3175251919642732,2.4936539425586064,TRANSFERRED_MODEL,SCENARIO_P_IT=1_normalized,SCENARIO Table 3 midpoints,1
2012-07-07 21:00:00+00:00,KEHO,33.666666666666664,40.32653897747986,1.3187887503175588,2.4967146112659084,TRANSFERRED_MODEL,SCENARIO_P_IT=1_normalized,SCENARIO Table 3 midpoints,1
2012-07-07 22:00:00+00:00,KEHO,32.666666666666664,44.47173377700887,1.319170283526974,2.497642605618361,TRANSFERRED_MODEL,SCENARIO_P_IT=1_normalized,SCENARIO Table 3 midpoints,1
2012-07-07 23:00:00+00:00,KEHO,32.0,49.13932991257226,1.3206105794117362,2.5011268616705915,TRANSFERRED_MODEL,SCENARIO_P_IT=1_normalized,SCENARIO Table 3 midpoints,1
2012-07-08 01:00:00+00:00,KEHO,30.0,52.844976867182766,1.1116508637713773,0.0,TRANSFERRED_MODEL,SCENARIO_P_IT=1_normalized,SCENARIO Table 3 midpoints,1
2012-07-08 02:00:00+00:00,KEHO,27.33333333333333,66.99675842458474,1.1116340124829553,0.0,TRANSFERRED_MODEL,SCENARIO_P_IT=1_normalized,SCENARIO Table 3 midpoints,1
2012-07-08 03:00:00+00:00,KEHO,26.33333333333333,72.52750970273671,1.31749211290156,2.493713237230379,TRANSFERRED_MODEL,SCENARIO_P_IT=1_normalized,SCENARIO Table 3 midpoints,1
2012-07-08 04:00:00+00:00,KEHO,25.666666666666668,75.44615066829118,1.3168693092505233,2.4922104462003505,TRANSFERRED_MODEL,SCENARIO_P_IT=1_normalized,SCENARIO Table 3 midpoints,1
2012-07-08 05:00:00+00:00,KEHO,25.0,81.77135680404298,1.3177433460209498,2.494388825109055,TRANSFERRED_MODEL,SCENARIO_P_IT=1_normalized,SCENARIO Table 3 midpoints,1
2012-07-08 06:00:00+00:00,KEHO,24.33333333333333,81.68871483570182,1.3156150972578013,2.4892017350363185,TRANSFERRED_MODEL,SCENARIO_P_IT=1_normalized,SCENARIO Table 3 midpoints,1
2012-07-08 07:00:00+00:00,KEHO,25.0,78.49764721655077,1.3162705012186018,2.490703030691758,TRANSFERRED_MODEL,SCENARIO_P_IT=1_normalized,SCENARIO Table 3 midpoints,1
2012-07-08 08:00:00+00:00,KEHO,24.0,83.33878752130364,1.3153328950512162,2.4884453838565777,TRANSFERRED_MODEL,SCENARIO_P_IT=1_normalized,SCENARIO Table 3 midpoints,1
2012-07-08 09:00:00+00:00,KEHO,24.0,83.33878752130364,1.3153232883306083,2.488446352041551,TRANSFERRED_MODEL,SCENARIO_P_IT=1_normalized,SCENARIO Table 3 midpoints,1
2012-07-08 10:00:00+00:00,KEHO,23.0,88.51830793896134,1.3143585626839758,2.4861866208847156,TRANSFERRED_MODEL,SCENARIO_P_IT=1_normalized,SCENARIO Table 3 midpoints,1
2012-07-08 11:00:00+00:00,KEHO,23.666666666666668,85.02644107891732,1.314973880387269,2.4876961986695285,TRANSFERRED_MODEL,SCENARIO_P_IT=1_normalized,SCENARIO Table 3 midpoints,1
2012-07-08 12:00:00+00:00,KEHO,25.33333333333333,78.54519785439399,1.3172900548016453,2.4932849411861335,TRANSFERRED_MODEL,SCENARIO_P_IT=1_normalized,SCENARIO Table 3 midpoints,1
2012-07-08 13:00:00+00:00,KEHO,27.33333333333333,71.2367800259064,1.3199494019887532,2.499631957969522,TRANSFERRED_MODEL,SCENARIO_P_IT=1_normalized,SCENARIO Table 3 midpoints,1
2012-07-08 14:00:00+00:00,KEHO,30.33333333333333,57.4714040971817,1.321296828698318,2.502680730047911,TRANSFERRED_MODEL,SCENARIO_P_IT=1_normalized,SCENARIO Table 3 midpoints,1
2012-07-08 15:00:00+00:00,KEHO,31.666666666666668,51.11963155325336,1.3209489225695268,2.502127123927589,TRANSFERRED_MODEL,SCENARIO_P_IT=1_normalized,SCENARIO Table 3 midpoints,1
2012-07-08 16:00:00+00:00,KEHO,33.333333333333336,45.58244982466914,1.3218369727695696,2.504119390451979,TRANSFERRED_MODEL,SCENARIO_P_IT=1_normalized,SCENARIO Table 3 midpoints,1
2012-07-08 17:00:00+00:00,KEHO,34.333333333333336,38.85365758539627,1.3194195483738147,2.4982057546836427,TRANSFERRED_MODEL,SCENARIO_P_IT=1_normalized,SCENARIO Table 3 midpoints,1
2012-07-08 18:00:00+00:00,KEHO,36.0,34.69631980632837,1.3203796494933764,2.5003701653580457,TRANSFERRED_MODEL,SCENARIO_P_IT=1_normalized,SCENARIO Table 3 midpoints,1
2012-07-09 01:00:00+00:00,KEHO,29.33333333333333,60.87462458416799,1.3204799257156121,2.50040412100873,TRANSFERRED_MODEL,SCENARIO_P_IT=1_normalized,SCENARIO Table 3 midpoints,1
2012-07-09 02:00:00+00:00,KEHO,28.33333333333333,61.91138530915008,1.111748257563581,0.0,TRANSFERRED_MODEL,SCENARIO_P_IT=1_normalized,SCENARIO Table 3 midpoints,1
2012-07-09 03:00:00+00:00,KEHO,27.0,65.56431854728334,1.1117481921555672,0.0,TRANSFERRED_MODEL,SCENARIO_P_IT=1_normalized,SCENARIO Table 3 midpoints,1
2012-07-09 04:00:00+00:00,KEHO,26.33333333333333,68.18946310632006,1.1117509707294697,0.0,TRANSFERRED_MODEL,SCENARIO_P_IT=1_normalized,SCENARIO Table 3 midpoints,1
2012-07-09 05:00:00+00:00,KEHO,25.666666666666668,70.93353306345746,1.1117705261233075,0.0,TRANSFERRED_MODEL,SCENARIO_P_IT=1_normalized,SCENARIO Table 3 midpoints,1
2012-07-09 06:00:00+00:00,KEHO,25.33333333333333,73.8587193921158,1.1117803143573262,0.0,TRANSFERRED_MODEL,SCENARIO_P_IT=1_normalized,SCENARIO Table 3 midpoints,1
2012-07-09 07:00:00+00:00,KEHO,24.33333333333333,80.03061183916797,1.3150215311167808,2.4873880473125025,TRANSFERRED_MODEL,SCENARIO_P_IT=1_normalized,SCENARIO Table 3 midpoints,1
2012-07-09 08:00:00+00:00,KEHO,23.5,83.2814430231396,1.3138755993762716,2.4846174926840927,TRANSFERRED_MODEL,SCENARIO_P_IT=1_normalized,SCENARIO Table 3 midpoints,1
2012-07-09 10:00:00+00:00,KEHO,22.0,91.21143560546284,1.312466655921651,2.4812210150974963,TRANSFERRED_MODEL,SCENARIO_P_IT=1_normalized,SCENARIO Table 3 midpoints,1
2012-07-09 11:00:00+00:00,KEHO,23.0,88.51830793896134,1.314503247432628,2.4861770516609987,TRANSFERRED_MODEL,SCENARIO_P_IT=1_normalized,SCENARIO Table 3 midpoints,1
2012-07-09 12:00:00+00:00,KEHO,25.666666666666668,75.44615066829118,1.3170041124172491,2.4921888110968715,TRANSFERRED_MODEL,SCENARIO_P_IT=1_normalized,SCENARIO Table 3 midpoints,1
2012-07-09 13:00:00+00:00,KEHO,28.0,63.12499159291279,1.111735672454674,0.0,TRANSFERRED_MODEL,SCENARIO_P_IT=1_normalized,SCENARIO Table 3 midpoints,1
2012-07-09 14:00:00+00:00,KEHO,30.33333333333333,52.92885500293922,1.1117219262600775,0.0,TRANSFERRED_MODEL,SCENARIO_P_IT=1_normalized,SCENARIO Table 3 midpoints,1
2012-07-09 15:00:00+00:00,KEHO,31.666666666666668,45.13762031694332,1.3169440854626,2.4922065759951826,TRANSFERRED_MODEL,SCENARIO_P_IT=1_normalized,SCENARIO Table 3 midpoints,1
2012-07-09 16:00:00+00:00,KEHO,32.0,45.22689958396518,1.3179186617624936,2.4945257462880694,TRANSFERRED_MODEL,SCENARIO_P_IT=1_normalized,SCENARIO Table 3 midpoints,1
2012-07-09 17:00:00+00:00,KEHO,28.0,64.43618251644915,1.1117398596637966,0.0,TRANSFERRED_MODEL,SCENARIO_P_IT=1_normalized,SCENARIO Table 3 midpoints,1
2012-07-10 01:00:00+00:00,KEHO,25.5,78.56891705633686,1.3179926173132313,2.4945610052362834,TRANSFERRED_MODEL,SCENARIO_P_IT=1_normalized,SCENARIO Table 3 midpoints,1
2012-07-10 02:00:00+00:00,KEHO,24.5,83.39584813929505,1.3170122536899702,2.492317691526006,TRANSFERRED_MODEL,SCENARIO_P_IT=1_normalized,SCENARIO Table 3 midpoints,1
2012-07-10 03:00:00+00:00,KEHO,23.666666666666668,86.78356165093597,1.315785279140192,2.4895195331344446,TRANSFERRED_MODEL,SCENARIO_P_IT=1_normalized,SCENARIO Table 3 midpoints,1
2012-07-10 04:00:00+00:00,KEHO,24.0,83.33878752130364,1.3153617386242495,2.488442478631059,TRANSFERRED_MODEL,SCENARIO_P_IT=1_normalized,SCENARIO Table 3 midpoints,1
2012-07-10 05:00:00+00:00,KEHO,23.33333333333333,86.75262325839572,1.3147307824129235,2.4869365412633266,TRANSFERRED_MODEL,SCENARIO_P_IT=1_normalized,SCENARIO Table 3 midpoints,1
2012-07-10 06:00:00+00:00,KEHO,22.666666666666668,90.32449590920292,1.3140999702992708,2.485428699229916,TRANSFERRED_MODEL,SCENARIO_P_IT=1_normalized,SCENARIO Table 3 midpoints,1
2012-07-10 07:00:00+00:00,KEHO,22.0,94.0625242758801,1.3134643678989326,2.483919092150867,TRANSFERRED_MODEL,SCENARIO_P_IT=1_normalized,SCENARIO Table 3 midpoints,1
2012-07-10 08:00:00+00:00,KEHO,22.0,94.0625242758801,1.3134462751263722,2.4839196826437826,TRANSFERRED_MODEL,SCENARIO_P_IT=1_normalized,SCENARIO Table 3 midpoints,1
2012-07-10 09:00:00+00:00,KEHO,21.666666666666668,95.99650817175832,1.313125946874505,2.483163926181288,TRANSFERRED_MODEL,SCENARIO_P_IT=1_normalized,SCENARIO Table 3 midpoints,1
2012-07-10 10:00:00+00:00,KEHO,21.0,97.97021779585008,1.3117884162079456,2.4798447938502295,TRANSFERRED_MODEL,SCENARIO_P_IT=1_normalized,SCENARIO Table 3 midpoints,1
2012-07-10 11:00:00+00:00,KEHO,21.0,97.97021779585008,1.3117817803256864,2.4798448651012843,TRANSFERRED_MODEL,SCENARIO_P_IT=1_normalized,SCENARIO Table 3 midpoints,1
2012-07-10 12:00:00+00:00,KEHO,21.666666666666668,95.99650817175832,1.3130863574959433,2.483164784416234,TRANSFERRED_MODEL,SCENARIO_P_IT=1_normalized,SCENARIO Table 3 midpoints,1
2012-07-10 13:00:00+00:00,KEHO,23.0,88.51830793896134,1.314303517194746,2.4861902722009317,TRANSFERRED_MODEL,SCENARIO_P_IT=1_normalized,SCENARIO Table 3 midpoints,1
2012-07-10 14:00:00+00:00,KEHO,24.33333333333333,81.68871483570182,1.315573739998647,2.489206395655286,TRANSFERRED_MODEL,SCENARIO_P_IT=1_normalized,SCENARIO Table 3 midpoints,1
2012-07-10 15:00:00+00:00,KEHO,25.0,76.90431594267285,1.111614592583694,0.0,TRANSFERRED_MODEL,SCENARIO_P_IT=1_normalized,SCENARIO Table 3 midpoints,1
2012-07-10 16:00:00+00:00,KEHO,26.666666666666668,71.11600801093357,1.3177805409666732,2.4944686991280483,TRANSFERRED_MODEL,SCENARIO_P_IT=1_normalized,SCENARIO Table 3 midpoints,1
2012-07-10 17:00:00+00:00,KEHO,27.0,69.73535987777385,1.3181290314478977,2.495211743668582,TRANSFERRED_MODEL,SCENARIO_P_IT=1_normalized,SCENARIO Table 3 midpoints,1
2012-07-11 01:00:00+00:00,KEHO,22.0,94.0625242758801,1.3133461816990626,2.483922954893635,TRANSFERRED_MODEL,SCENARIO_P_IT=1_normalized,SCENARIO Table 3 midpoints,1
2012-07-11 02:00:00+00:00,KEHO,22.0,94.0625242758801,1.313324902564014,2.483923651754578,TRANSFERRED_MODEL,SCENARIO_P_IT=1_normalized,SCENARIO Table 3 midpoints,1
2012-07-11 03:00:00+00:00,KEHO,22.666666666666668,90.32449590920292,1.3139389665294223,2.4854375561566817,TRANSFERRED_MODEL,SCENARIO_P_IT=1_normalized,SCENARIO Table 3 midpoints,1
2012-07-11 04:00:00+00:00,KEHO,22.0,90.27806317972032,1.3118569746647926,2.4803513598824725,TRANSFERRED_MODEL,SCENARIO_P_IT=1_normalized,SCENARIO Table 3 midpoints,1
2012-07-11 05:00:00+00:00,KEHO,21.666666666666668,92.13423620595734,1.3115413867468209,2.4795921836465338,TRANSFERRED_MODEL,SCENARIO_P_IT=1_normalized,SCENARIO Table 3 midpoints,1
2012-07-11 06:00:00+00:00,KEHO,21.0,94.01875700103768,1.3102026564577984,2.476327706469745,TRANSFERRED_MODEL,SCENARIO_P_IT=1_normalized,SCENARIO Table 3 midpoints,1
2012-07-11 07:00:00+00:00,KEHO,20.666666666666668,95.96667141942416,1.3098758771213161,2.4755663031826796,TRANSFERRED_MODEL,SCENARIO_P_IT=1_normalized,SCENARIO Table 3 midpoints,1
2012-07-11 08:00:00+00:00,KEHO,20.0,97.9549046707401,1.3085743189536372,2.4723226806190337,TRANSFERRED_MODEL,SCENARIO_P_IT=1_normalized,SCENARIO Table 3 midpoints,1
2012-07-11 09:00:00+00:00,KEHO,20.0,93.97450936662143,1.3072504194883727,2.4689705196684026,TRANSFERRED_MODEL,SCENARIO_P_IT=1_normalized,SCENARIO Table 3 midpoints,1
2012-07-11 10:00:00+00:00,KEHO,20.0,93.97450936662143,1.3072455136668273,2.4689706766706503,TRANSFERRED_MODEL,SCENARIO_P_IT=1_normalized,SCENARIO Table 3 midpoints,1
2012-07-11 11:00:00+00:00,KEHO,20.0,100.0,1.3092337429809553,2.4740412013410773,TRANSFERRED_MODEL,SCENARIO_P_IT=1_normalized,SCENARIO Table 3 midpoints,1
2012-07-11 12:00:00+00:00,KEHO,21.0,94.01875700103768,1.3101471579342245,2.476329506406681,TRANSFERRED_MODEL,SCENARIO_P_IT=1_normalized,SCENARIO Table 3 midpoints,1
2012-07-11 13:00:00+00:00,KEHO,21.666666666666668,90.25472374748674,1.3107637927077198,2.4778532631952603,TRANSFERRED_MODEL,SCENARIO_P_IT=1_normalized,SCENARIO Table 3 midpoints,1
2012-07-11 14:00:00+00:00,KEHO,22.0,88.4364161279818,1.3110602083421536,2.478615410816697,TRANSFERRED_MODEL,SCENARIO_P_IT=1_normalized,SCENARIO Table 3 midpoints,1
2012-07-11 15:00:00+00:00,KEHO,22.0,88.4364161279818,1.3110505647329165,2.4786160463247153,TRANSFERRED_MODEL,SCENARIO_P_IT=1_normalized,SCENARIO Table 3 midpoints,1
2012-07-11 16:00:00+00:00,KEHO,23.0,83.22381284256232,1.3120030845070376,2.4808961324329077,TRANSFERRED_MODEL,SCENARIO_P_IT=1_normalized,SCENARIO Table 3 midpoints,1
2012-07-11 17:00:00+00:00,KEHO,23.33333333333333,81.56373805333678,1.3123301237890783,2.4816540313176483,TRANSFERRED_MODEL,SCENARIO_P_IT=1_normalized,SCENARIO Table 3 midpoints,1
2012-07-11 18:00:00+00:00,KEHO,24.33333333333333,78.40209494461435,1.3140043951391116,2.48566029635499,TRANSFERRED_MODEL,SCENARIO_P_IT=1_normalized,SCENARIO Table 3 midpoints,1
2012-07-11 19:00:00+00:00,KEHO,25.666666666666668,69.48287469189768,1.1115411715158419,0.0,TRANSFERRED_MODEL,SCENARIO_P_IT=1_normalized,SCENARIO Table 3 midpoints,1
2012-07-11 20:00:00+00:00,KEHO,26.0,65.35576219694184,1.1115563776256294,0.0,TRANSFERRED_MODEL,SCENARIO_P_IT=1_normalized,SCENARIO Table 3 midpoints,1
2012-07-11 21:00:00+00:00,KEHO,24.666666666666668,75.28580233204954,1.111566111068936,0.0,TRANSFERRED_MODEL,SCENARIO_P_IT=1_normalized,SCENARIO Table 3 midpoints,1
2012-07-11 22:00:00+00:00,KEHO,21.33333333333333,90.23130176513553,1.309784357854557,2.475376421638416,TRANSFERRED_MODEL,SCENARIO_P_IT=1_normalized,SCENARIO Table 3 midpoints,1
2012-07-11 23:00:00+00:00,KEHO,21.0,94.01875700103768,1.3101544961654068,2.4763292682498523,TRANSFERRED_MODEL,SCENARIO_P_IT=1_normalized,SCENARIO Table 3 midpoints,1
2012-07-12 01:00:00+00:00,KEHO,21.0,94.01875700103768,1.3101056158097126,2.4763308555455343,TRANSFERRED_MODEL,SCENARIO_P_IT=1_normalized,SCENARIO Table 3 midpoints,1
2012-07-12 02:00:00+00:00,KEHO,21.0,94.01875700103768,1.310078772866498,2.476331728147427,TRANSFERRED_MODEL,SCENARIO_P_IT=1_normalized,SCENARIO Table 3 midpoints,1
2012-07-12 03:00:00+00:00,KEHO,20.0,93.97450936662143,1.3070744213639829,2.468976165460312,TRANSFERRED_MODEL,SCENARIO_P_IT=1_normalized,SCENARIO Table 3 midpoints,1
2012-07-12 04:00:00+00:00,KEHO,20.0,93.97450936662143,1.3070744213639829,2.468976165460312,TRANSFERRED_MODEL,SCENARIO_P_IT=1_normalized,SCENARIO Table 3 midpoints,1
2012-07-12 05:00:00+00:00,KEHO,20.0,93.97450936662143,1.3070955399298616,2.4689754865510283,TRANSFERRED_MODEL,SCENARIO_P_IT=1_normalized,SCENARIO Table 3 midpoints,1
2012-07-12 06:00:00+00:00,KEHO,20.0,92.03808774851429,1.3064575919292292,2.4673424742329457,TRANSFERRED_MODEL,SCENARIO_P_IT=1_normalized,SCENARIO Table 3 midpoints,1
2012-07-12 07:00:00+00:00,KEHO,18.666666666666668,90.04090786510619,1.3020962092489434,2.4564894019888106,TRANSFERRED_MODEL,SCENARIO_P_IT=1_normalized,SCENARIO Table 3 midpoints,1
2012-07-12 08:00:00+00:00,KEHO,18.0,93.88454500736408,1.3014683415977744,2.4549377346635852,TRANSFERRED_MODEL,SCENARIO_P_IT=1_normalized,SCENARIO Table 3 midpoints,1
2012-07-12 09:00:00+00:00,KEHO,18.0,93.88454500736408,1.301473213588158,2.4549375820006794,TRANSFERRED_MODEL,SCENARIO_P_IT=1_normalized,SCENARIO Table 3 midpoints,1
2012-07-12 10:00:00+00:00,KEHO,18.0,93.88454500736408,1.3014504858755647,2.454938294337832,TRANSFERRED_MODEL,SCENARIO_P_IT=1_normalized,SCENARIO Table 3 midpoints,1
2012-07-12 11:00:00+00:00,KEHO,18.0,91.92040036089011,1.3008448335964826,2.4534603497156415,TRANSFERRED_MODEL,SCENARIO_P_IT=1_normalized,SCENARIO Table 3 midpoints,1
2012-07-12 12:00:00+00:00,KEHO,19.0,82.75226606225803,1.3006274347162003,2.4529175746075507,TRANSFERRED_MODEL,SCENARIO_P_IT=1_normalized,SCENARIO Table 3 midpoints,1
2012-07-12 13:00:00+00:00,KEHO,20.0,82.87192979044534,1.3032861261640951,2.4595921040216844,TRANSFERRED_MODEL,SCENARIO_P_IT=1_normalized,SCENARIO Table 3 midpoints,1
2012-07-12 14:00:00+00:00,KEHO,21.0,77.91515829174936,1.304229794521932,2.4619103731971452,TRANSFERRED_MODEL,SCENARIO_P_IT=1_normalized,SCENARIO Table 3 midpoints,1
2012-07-12 15:00:00+00:00,KEHO,21.33333333333333,77.9645500955679,1.3051275422859687,2.4641779522993486,TRANSFERRED_MODEL,SCENARIO_P_IT=1_normalized,SCENARIO Table 3 midpoints,1
2012-07-12 16:00:00+00:00,KEHO,22.0,78.06286399643153,1.306967863020875,2.4687828435709482,TRANSFERRED_MODEL,SCENARIO_P_IT=1_normalized,SCENARIO Table 3 midpoints,1
2012-07-12 17:00:00+00:00,KEHO,22.0,78.06286399643153,1.306974097558514,2.468782016059943,TRANSFERRED_MODEL,SCENARIO_P_IT=1_normalized,SCENARIO Table 3 midpoints,1
2012-07-12 18:00:00+00:00,KEHO,22.0,79.71373843941369,1.307628163292852,2.470350355290712,TRANSFERRED_MODEL,SCENARIO_P_IT=1_normalized,SCENARIO Table 3 midpoints,1
2012-07-12 19:00:00+00:00,KEHO,22.0,81.39518627751313,1.308289720600287,2.471946793179915,TRANSFERRED_MODEL,SCENARIO_P_IT=1_normalized,SCENARIO Table 3 midpoints,1
2012-07-12 20:00:00+00:00,KEHO,23.666666666666668,78.30593739578845,1.3119020085063398,2.480711943467707,TRANSFERRED_MODEL,SCENARIO_P_IT=1_normalized,SCENARIO Table 3 midpoints,1
2012-07-12 21:00:00+00:00,KEHO,24.0,78.3540921272656,1.3129229796002746,2.483175883520012,TRANSFERRED_MODEL,SCENARIO_P_IT=1_normalized,SCENARIO Table 3 midpoints,1
2012-07-12 22:00:00+00:00,KEHO,24.0,78.3540921272656,1.3129229796002746,2.483175883520012,TRANSFERRED_MODEL,SCENARIO_P_IT=1_normalized,SCENARIO Table 3 midpoints,1
2012-07-12 23:00:00+00:00,KEHO,23.33333333333333,81.56373805333678,1.3122811861804506,2.4816595115859834,TRANSFERRED_MODEL,SCENARIO_P_IT=1_normalized,SCENARIO Table 3 midpoints,1
2012-07-13 01:00:00+00:00,KEHO,22.0,88.4364161279818,1.3109783604028622,2.4786208102075795,TRANSFERRED_MODEL,SCENARIO_P_IT=1_normalized,SCENARIO Table 3 midpoints,1
2012-07-13 02:00:00+00:00,KEHO,22.0,88.4364161279818,1.3109623443520089,2.4786218682671546,TRANSFERRED_MODEL,SCENARIO_P_IT=1_normalized,SCENARIO Table 3 midpoints,1
2012-07-13 03:00:00+00:00,KEHO,21.0,94.01875700103768,1.3100024711262603,2.47633421215126,TRANSFERRED_MODEL,SCENARIO_P_IT=1_normalized,SCENARIO Table 3 midpoints,1
2012-07-13 04:00:00+00:00,KEHO,21.0,94.01875700103768,1.310008955689192,2.4763340008371393,TRANSFERRED_MODEL,SCENARIO_P_IT=1_normalized,SCENARIO Table 3 midpoints,1
2012-07-13 05:00:00+00:00,KEHO,21.0,94.01875700103768,1.3100365341671905,2.4763331025686894,TRANSFERRED_MODEL,SCENARIO_P_IT=1_normalized,SCENARIO Table 3 midpoints,1
2012-07-13 06:00:00+00:00,KEHO,20.0,93.97450936662143,1.307069550420647,2.4689763221073524,TRANSFERRED_MODEL,SCENARIO_P_IT=1_normalized,SCENARIO Table 3 midpoints,1
2012-07-13 07:00:00+00:00,KEHO,20.0,100.0,1.3091215805274903,2.4740412013426885,TRANSFERRED_MODEL,SCENARIO_P_IT=1_normalized,SCENARIO Table 3 midpoints,1
2012-07-13 08:00:00+00:00,KEHO,20.0,100.0,1.3091314571470498,2.4740412013416866,TRANSFERRED_MODEL,SCENARIO_P_IT=1_normalized,SCENARIO Table 3 midpoints,1
2012-07-13 09:00:00+00:00,KEHO,20.0,100.0,1.3091001944733565,2.474041201342958,TRANSFERRED_MODEL,SCENARIO_P_IT=1_normalized,SCENARIO Table 3 midpoints,1
2012-07-13 10:00:00+00:00,KEHO,21.0,94.01875700103768,1.3100203077907797,2.476333631000964,TRANSFERRED_MODEL,SCENARIO_P_IT=1_normalized,SCENARIO Table 3 midpoints,1
2012-07-13 11:00:00+00:00,KEHO,21.0,94.01875700103768,1.3099862671935694,2.476334740359923,TRANSFERRED_MODEL,SCENARIO_P_IT=1_normalized,SCENARIO Table 3 midpoints,1
2012-07-13 12:00:00+00:00,KEHO,21.0,94.01875700103768,1.309976549955727,2.476335057231205,TRANSFERRED_MODEL,SCENARIO_P_IT=1_normalized,SCENARIO Table 3 midpoints,1
2012-07-13 13:00:00+00:00,KEHO,22.0,94.0625242758801,1.3130774525286513,2.4839317865904165,TRANSFERRED_MODEL,SCENARIO_P_IT=1_normalized,SCENARIO Table 3 midpoints,1
2012-07-13 14:00:00+00:00,KEHO,22.666666666666668,90.32449590920292,1.313711482294169,2.4854501412875205,TRANSFERRED_MODEL,SCENARIO_P_IT=1_normalized,SCENARIO Table 3 midpoints,1
2012-07-13 15:00:00+00:00,KEHO,23.666666666666668,85.02644107891732,1.3146770962561642,2.487722807838777,TRANSFERRED_MODEL,SCENARIO_P_IT=1_normalized,SCENARIO Table 3 midpoints,1
2012-07-13 16:00:00+00:00,KEHO,24.33333333333333,85.0955064839892,1.3168282521671142,2.492912834284087,TRANSFERRED_MODEL,SCENARIO_P_IT=1_normalized,SCENARIO Table 3 midpoints,1
2012-07-13 17:00:00+00:00,KEHO,25.666666666666668,77.0052889991056,1.3173612748931436,2.4940721834111077,TRANSFERRED_MODEL,SCENARIO_P_IT=1_normalized,SCENARIO Table 3 midpoints,1
2012-07-13 18:00:00+00:00,KEHO,26.666666666666668,71.11600801093357,1.3175905627906273,2.4945065299902005,TRANSFERRED_MODEL,SCENARIO_P_IT=1_normalized,SCENARIO Table 3 midpoints,1
2012-07-13 19:00:00+00:00,KEHO,27.666666666666668,64.36546443561568,1.1114418452041825,0.0,TRANSFERRED_MODEL,SCENARIO_P_IT=1_normalized,SCENARIO Table 3 midpoints,1
2012-07-13 20:00:00+00:00,KEHO,26.666666666666668,71.11600801093357,1.3176241495694718,2.494499824437688,TRANSFERRED_MODEL,SCENARIO_P_IT=1_normalized,SCENARIO Table 3 midpoints,1
2012-07-13 21:00:00+00:00,KEHO,26.0,76.2739291908271,1.3181303333304173,2.4957351158854917,TRANSFERRED_MODEL,SCENARIO_P_IT=1_normalized,SCENARIO Table 3 midpoints,1
2012-07-13 22:00:00+00:00,KEHO,22.666666666666668,84.92196832128572,1.311617136705508,2.4801427147400847,TRANSFERRED_MODEL,SCENARIO_P_IT=1_normalized,SCENARIO Table 3 midpoints,1
2012-07-13 23:00:00+00:00,KEHO,20.0,93.97450936662143,1.3070403449806869,2.4689772617710397,TRANSFERRED_MODEL,SCENARIO_P_IT=1_normalized,SCENARIO Table 3 midpoints,1
2012-07-14 01:00:00+00:00,KEHO,21.0,94.01875700103768,1.3099886971019925,2.4763346611331336,TRANSFERRED_MODEL,SCENARIO_P_IT=1_normalized,SCENARIO Table 3 midpoints,1
2012-07-14 02:00:00+00:00,KEHO,21.0,94.01875700103768,1.309971692777431,2.4763352156542475,TRANSFERRED_MODEL,SCENARIO_P_IT=1_normalized,SCENARIO Table 3 midpoints,1
2012-07-14 03:00:00+00:00,KEHO,20.33333333333333,97.9600281764217,1.3093343072737982,2.4748064425041303,TRANSFERRED_MODEL,SCENARIO_P_IT=1_normalized,SCENARIO Table 3 midpoints,1
2012-07-14 04:00:00+00:00,KEHO,20.33333333333333,97.9600281764217,1.309339204426878,2.4748063897433044,TRANSFERRED_MODEL,SCENARIO_P_IT=1_normalized,SCENARIO Table 3 midpoints,1
2012-07-14 05:00:00+00:00,KEHO,20.666666666666668,95.96667141942416,1.309660304164742,2.47557095470026,TRANSFERRED_MODEL,SCENARIO_P_IT=1_normalized,SCENARIO Table 3 midpoints,1
2012-07-14 06:00:00+00:00,KEHO,21.0,94.01875700103768,1.3099911272517013,2.4763345819068845,TRANSFERRED_MODEL,SCENARIO_P_IT=1_normalized,SCENARIO Table 3 midpoints,1
2012-07-14 07:00:00+00:00,KEHO,21.0,94.01875700103768,1.3100154419628434,2.476333789508186,TRANSFERRED_MODEL,SCENARIO_P_IT=1_normalized,SCENARIO Table 3 midpoints,1
2012-07-14 08:00:00+00:00,KEHO,21.0,100.0,1.3121759852685189,2.4816506205005124,TRANSFERRED_MODEL,SCENARIO_P_IT=1_normalized,SCENARIO Table 3 midpoints,1
2012-07-14 09:00:00+00:00,KEHO,21.666666666666668,95.99650817175832,1.3127963141377033,2.4831711014729994,TRANSFERRED_MODEL,SCENARIO_P_IT=1_normalized,SCENARIO Table 3 midpoints,1
2012-07-14 10:00:00+00:00,KEHO,22.0,100.0,1.3153724685466723,2.4895123465409994,TRANSFERRED_MODEL,SCENARIO_P_IT=1_normalized,SCENARIO Table 3 midpoints,1
2012-07-14 11:00:00+00:00,KEHO,22.0,100.0,1.3153379888940375,2.4895123465416535,TRANSFERRED_MODEL,SCENARIO_P_IT=1_normalized,SCENARIO Table 3 midpoints,1
2012-07-14 12:00:00+00:00,KEHO,22.0,100.0,1.3153133894793416,2.4895123465420337,TRANSFERRED_MODEL,SCENARIO_P_IT=1_normalized,SCENARIO Table 3 midpoints,1
2012-07-14 13:00:00+00:00,KEHO,23.0,94.10581804007526,1.3162474638038106,2.4917833901953053,TRANSFERRED_MODEL,SCENARIO_P_IT=1_normalized,SCENARIO Table 3 midpoints,1
2012-07-14 14:00:00+00:00,KEHO,25.0,80.1198464880838,1.3166156179668271,2.4925790070498657,TRANSFERRED_MODEL,SCENARIO_P_IT=1_normalized,SCENARIO Table 3 midpoints,1
2012-07-14 15:00:00+00:00,KEHO,26.0,73.97062900551056,1.3168196380435933,2.4930249180272237,TRANSFERRED_MODEL,SCENARIO_P_IT=1_normalized,SCENARIO Table 3 midpoints,1
2012-07-14 16:00:00+00:00,KEHO,27.0,66.929664851877,1.1113238157267882,0.0,TRANSFERRED_MODEL,SCENARIO_P_IT=1_normalized,SCENARIO Table 3 midpoints,1
2012-07-14 17:00:00+00:00,KEHO,28.0,61.83725955078121,1.1113580624827852,0.0,TRANSFERRED_MODEL,SCENARIO_P_IT=1_normalized,SCENARIO Table 3 midpoints,1
2012-07-14 18:00:00+00:00,KEHO,29.0,58.34716809279765,1.1113951460713185,0.0,TRANSFERRED_MODEL,SCENARIO_P_IT=1_normalized,SCENARIO Table 3 midpoints,1
2012-07-14 19:00:00+00:00,KEHO,29.666666666666668,54.99566595388371,1.111424049834459,0.0,TRANSFERRED_MODEL,SCENARIO_P_IT=1_normalized,SCENARIO Table 3 midpoints,1
2012-07-14 20:00:00+00:00,KEHO,30.0,50.16627383878929,1.1114405872265973,0.0,TRANSFERRED_MODEL,SCENARIO_P_IT=1_normalized,SCENARIO Table 3 midpoints,1
2012-07-14 21:00:00+00:00,KEHO,30.0,53.95110293105685,1.111448848044263,0.0,TRANSFERRED_MODEL,SCENARIO_P_IT=1_normalized,SCENARIO Table 3 midpoints,1
2012-07-14 22:00:00+00:00,KEHO,30.0,52.844976867182766,1.1114584897570272,0.0,TRANSFERRED_MODEL,SCENARIO_P_IT=1_normalized,SCENARIO Table 3 midpoints,1
2012-07-14 23:00:00+00:00,KEHO,29.33333333333333,56.06308439107354,1.11144742155811,0.0,TRANSFERRED_MODEL,SCENARIO_P_IT=1_normalized,SCENARIO Table 3 midpoints,1
2012-07-15 01:00:00+00:00,KEHO,25.5,73.88675978058711,1.1114095586593897,0.0,TRANSFERRED_MODEL,SCENARIO_P_IT=1_normalized,SCENARIO Table 3 midpoints,1
2012-07-15 02:00:00+00:00,KEHO,24.666666666666668,78.44994644339752,1.3148729244416264,2.488203008548296,TRANSFERRED_MODEL,SCENARIO_P_IT=1_normalized,SCENARIO Table 3 midpoints,1
2012-07-15 03:00:00+00:00,KEHO,24.0,83.33878752130364,1.3149516440649527,2.4884840247811932,TRANSFERRED_MODEL,SCENARIO_P_IT=1_normalized,SCENARIO Table 3 midpoints,1
2012-07-15 04:00:00+00:00,KEHO,23.0,88.51830793896134,1.3140157709573077,2.486209455835913,TRANSFERRED_MODEL,SCENARIO_P_IT=1_normalized,SCENARIO Table 3 midpoints,1
2012-07-15 05:00:00+00:00,KEHO,22.666666666666668,90.32449590920292,1.3137307598336276,2.4854490715509443,TRANSFERRED_MODEL,SCENARIO_P_IT=1_normalized,SCENARIO Table 3 midpoints,1
2012-07-15 06:00:00+00:00,KEHO,22.0,94.0625242758801,1.313101761690967,2.483930984879956,TRANSFERRED_MODEL,SCENARIO_P_IT=1_normalized,SCENARIO Table 3 midpoints,1
2012-07-15 07:00:00+00:00,KEHO,21.666666666666668,94.04798813228264,1.3120802507909959,2.481370428873016,TRANSFERRED_MODEL,SCENARIO_P_IT=1_normalized,SCENARIO Table 3 midpoints,1
2012-07-15 08:00:00+00:00,KEHO,21.33333333333333,97.97528409920967,1.312502470905567,2.4824108563110094,TRANSFERRED_MODEL,SCENARIO_P_IT=1_normalized,SCENARIO Table 3 midpoints,1
2012-07-15 09:00:00+00:00,KEHO,21.0,94.01875700103768,1.3099959882716838,2.476334423446921,TRANSFERRED_MODEL,SCENARIO_P_IT=1_normalized,SCENARIO Table 3 midpoints,1
2012-07-15 10:00:00+00:00,KEHO,21.0,94.01875700103768,1.309976549955727,2.476335057231205,TRANSFERRED_MODEL,SCENARIO_P_IT=1_normalized,SCENARIO Table 3 midpoints,1
2012-07-15 11:00:00+00:00,KEHO,21.33333333333333,94.0333991252197,1.3109899598908676,2.478840203766283,TRANSFERRED_MODEL,SCENARIO_P_IT=1_normalized,SCENARIO Table 3 midpoints,1
2012-07-15 12:00:00+00:00,KEHO,23.33333333333333,86.75262325839572,1.3143281707644443,2.486967956465605,TRANSFERRED_MODEL,SCENARIO_P_IT=1_normalized,SCENARIO Table 3 midpoints,1
2012-07-15 13:00:00+00:00,KEHO,25.0,78.49764721655077,1.315889861699574,2.4907552481408,TRANSFERRED_MODEL,SCENARIO_P_IT=1_normalized,SCENARIO Table 3 midpoints,1
2012-07-15 14:00:00+00:00,KEHO,26.33333333333333,72.52750970273671,1.3171556921494274,2.4937760625274232,TRANSFERRED_MODEL,SCENARIO_P_IT=1_normalized,SCENARIO Table 3 midpoints,1
2012-07-15 15:00:00+00:00,KEHO,27.0,71.17648141459829,1.318541414404924,2.497099231375083,TRANSFERRED_MODEL,SCENARIO_P_IT=1_normalized,SCENARIO Table 3 midpoints,1
2012-07-15 16:00:00+00:00,KEHO,28.0,61.83725955078121,1.1113512091737674,0.0,TRANSFERRED_MODEL,SCENARIO_P_IT=1_normalized,SCENARIO Table 3 midpoints,1
2012-07-15 17:00:00+00:00,KEHO,29.33333333333333,57.23356536308285,1.1113732002953254,0.0,TRANSFERRED_MODEL,SCENARIO_P_IT=1_normalized,SCENARIO Table 3 midpoints,1
2012-07-15 18:00:00+00:00,KEHO,29.666666666666668,54.99566595388371,1.1114089257581987,0.0,TRANSFERRED_MODEL,SCENARIO_P_IT=1_normalized,SCENARIO Table 3 midpoints,1
2012-07-15 19:00:00+00:00,KEHO,30.0,51.75880110114196,1.1114405872265973,0.0,TRANSFERRED_MODEL,SCENARIO_P_IT=1_normalized,SCENARIO Table 3 midpoints,1
2012-07-15 20:00:00+00:00,KEHO,30.666666666666668,53.01255301755038,1.1114557965909408,5.187697961310895e-16,TRANSFERRED_MODEL,SCENARIO_P_IT=1_normalized,SCENARIO Table 3 midpoints,1
2012-07-16 01:00:00+00:00,KEHO,25.0,78.49764721655077,1.3160582577675775,2.490732070035212,TRANSFERRED_MODEL,SCENARIO_P_IT=1_normalized,SCENARIO Table 3 midpoints,1
2012-07-16 02:00:00+00:00,KEHO,25.0,80.1198464880838,1.316784617384779,2.4925576923346524,TRANSFERRED_MODEL,SCENARIO_P_IT=1_normalized,SCENARIO Table 3 midpoints,1
2012-07-16 03:00:00+00:00,KEHO,24.0,86.81439471964201,1.3166081295819492,2.4921505200753886,TRANSFERRED_MODEL,SCENARIO_P_IT=1_normalized,SCENARIO Table 3 midpoints,1
2012-07-16 04:00:00+00:00,KEHO,22.666666666666668,94.09143897983566,1.3153466604948874,2.4891316103547676,TRANSFERRED_MODEL,SCENARIO_P_IT=1_normalized,SCENARIO Table 3 midpoints,1
2012-07-16 05:00:00+00:00,KEHO,23.0,94.10581804007526,1.3164405974777569,2.4917769543364496,TRANSFERRED_MODEL,SCENARIO_P_IT=1_normalized,SCENARIO Table 3 midpoints,1
2012-07-16 06:00:00+00:00,KEHO,22.666666666666668,90.32449590920292,1.3138564387917044,2.4854421121919743,TRANSFERRED_MODEL,SCENARIO_P_IT=1_normalized,SCENARIO Table 3 midpoints,1
2012-07-16 07:00:00+00:00,KEHO,22.0,94.0625242758801,1.313253016572789,2.483926009054538,TRANSFERRED_MODEL,SCENARIO_P_IT=1_normalized,SCENARIO Table 3 midpoints,1
2012-07-16 08:00:00+00:00,KEHO,22.0,94.0625242758801,1.3132726010979938,2.483925366356209,TRANSFERRED_MODEL,SCENARIO_P_IT=1_normalized,SCENARIO Table 3 midpoints,1
2012-07-16 09:00:00+00:00,KEHO,21.0,95.97665369360048,1.3108693288708817,2.478073207615598,TRANSFERRED_MODEL,SCENARIO_P_IT=1_normalized,SCENARIO Table 3 midpoints,1
2012-07-16 10:00:00+00:00,KEHO,21.0,94.01875700103768,1.310152049845779,2.476329347637856,TRANSFERRED_MODEL,SCENARIO_P_IT=1_normalized,SCENARIO Table 3 midpoints,1
2012-07-16 11:00:00+00:00,KEHO,21.666666666666668,95.99650817175832,1.3129319019305998,2.483168141958625,TRANSFERRED_MODEL,SCENARIO_P_IT=1_normalized,SCENARIO Table 3 midpoints,1
2012-07-16 12:00:00+00:00,KEHO,22.666666666666668,90.32449590920292,1.3138758318949721,2.4854410405878546,TRANSFERRED_MODEL,SCENARIO_P_IT=1_normalized,SCENARIO Table 3 midpoints,1
2012-07-16 13:00:00+00:00,KEHO,24.33333333333333,81.68871483570182,1.3154453622150757,2.4892209004783408,TRANSFERRED_MODEL,SCENARIO_P_IT=1_normalized,SCENARIO Table 3 midpoints,1
2012-07-16 14:00:00+00:00,KEHO,26.0,73.97062900551056,1.3170411244330185,2.4929862408869887,TRANSFERRED_MODEL,SCENARIO_P_IT=1_normalized,SCENARIO Table 3 midpoints,1
2012-07-16 15:00:00+00:00,KEHO,27.5,67.72061607956103,1.3184735152778875,2.496365070125047,TRANSFERRED_MODEL,SCENARIO_P_IT=1_normalized,SCENARIO Table 3 midpoints,1
2012-07-16 16:00:00+00:00,KEHO,29.33333333333333,59.63900228751549,1.111521905010496,0.0,TRANSFERRED_MODEL,SCENARIO_P_IT=1_normalized,SCENARIO Table 3 midpoints,1
2012-07-16 17:00:00+00:00,KEHO,30.0,57.39231057418584,1.1115579181536375,0.0,TRANSFERRED_MODEL,SCENARIO_P_IT=1_normalized,SCENARIO Table 3 midpoints,1
2012-07-16 18:00:00+00:00,KEHO,31.0,55.321861254558726,1.3217398450167896,2.5041826040044195,TRANSFERRED_MODEL,SCENARIO_P_IT=1_normalized,SCENARIO Table 3 midpoints,1
2012-07-17 01:00:00+00:00,KEHO,22.0,88.4364161279818,1.3112101790194393,2.478605550672346,TRANSFERRED_MODEL,SCENARIO_P_IT=1_normalized,SCENARIO Table 3 midpoints,1
2012-07-17 02:00:00+00:00,KEHO,21.33333333333333,86.56475488789943,1.3085137498188417,2.4720278143245564,TRANSFERRED_MODEL,SCENARIO_P_IT=1_normalized,SCENARIO Table 3 midpoints,1
2012-07-17 03:00:00+00:00,KEHO,21.0,94.01875700103768,1.3102697474187568,2.4763255343145185,TRANSFERRED_MODEL,SCENARIO_P_IT=1_normalized,SCENARIO Table 3 midpoints,1
2012-07-17 04:00:00+00:00,KEHO,21.0,94.01875700103768,1.310300900182553,2.4763245270914394,TRANSFERRED_MODEL,SCENARIO_P_IT=1_normalized,SCENARIO Table 3 midpoints,1
2012-07-17 05:00:00+00:00,KEHO,21.0,88.35366560432122,1.3082540691404894,2.4712606916629682,TRANSFERRED_MODEL,SCENARIO_P_IT=1_normalized,SCENARIO Table 3 midpoints,1
2012-07-17 06:00:00+00:00,KEHO,20.666666666666668,90.1842086218816,1.3079624454257008,2.470495971009052,TRANSFERRED_MODEL,SCENARIO_P_IT=1_normalized,SCENARIO Table 3 midpoints,1
2012-07-17 07:00:00+00:00,KEHO,20.0,93.97450936662143,1.3073585945577484,2.468967063166927,TRANSFERRED_MODEL,SCENARIO_P_IT=1_normalized,SCENARIO Table 3 midpoints,1
2012-07-17 08:00:00+00:00,KEHO,20.0,92.03808774851429,1.3067115175834172,2.4673316308686135,TRANSFERRED_MODEL,SCENARIO_P_IT=1_normalized,SCENARIO Table 3 midpoints,1
2012-07-17 09:00:00+00:00,KEHO,20.0,88.27004464253949,1.305411367624205,2.4641450361020825,TRANSFERRED_MODEL,SCENARIO_P_IT=1_normalized,SCENARIO Table 3 midpoints,1
2012-07-17 10:00:00+00:00,KEHO,19.33333333333333,93.94474063960656,1.305388525571243,2.464192092501925,TRANSFERRED_MODEL,SCENARIO_P_IT=1_normalized,SCENARIO Table 3 midpoints,1
2012-07-17 11:00:00+00:00,KEHO,20.33333333333333,93.98931237917286,1.308283097375733,2.471394970199322,TRANSFERRED_MODEL,SCENARIO_P_IT=1_normalized,SCENARIO Table 3 midpoints,1
2012-07-17 12:00:00+00:00,KEHO,23.0,84.95690986601177,1.3128680543000817,2.4826202182378476,TRANSFERRED_MODEL,SCENARIO_P_IT=1_normalized,SCENARIO Table 3 midpoints,1
2012-07-17 13:00:00+00:00,KEHO,25.33333333333333,73.8587193921158,1.1116242942490546,0.0,TRANSFERRED_MODEL,SCENARIO_P_IT=1_normalized,SCENARIO Table 3 midpoints,1
2012-07-17 14:00:00+00:00,KEHO,27.666666666666668,63.0524270970138,1.11161458811612,0.0,TRANSFERRED_MODEL,SCENARIO_P_IT=1_normalized,SCENARIO Table 3 midpoints,1
2012-07-17 15:00:00+00:00,KEHO,29.33333333333333,54.913657678789576,1.1116021993854324,0.0,TRANSFERRED_MODEL,SCENARIO_P_IT=1_normalized,SCENARIO Table 3 midpoints,1
2012-07-17 16:00:00+00:00,KEHO,30.0,49.64507645893493,1.1116230760533858,0.0,TRANSFERRED_MODEL,SCENARIO_P_IT=1_normalized,SCENARIO Table 3 midpoints,1
2012-08-03 16:00:00+00:00,KEHO,27.0,68.31988395297492,1.1115896099456117,0.0,TRANSFERRED_MODEL,SCENARIO_P_IT=1_normalized,SCENARIO Table 3 midpoints,1
2012-08-03 17:00:00+00:00,KEHO,28.5,61.948377491454174,1.1115938220080368,0.0,TRANSFERRED_MODEL,SCENARIO_P_IT=1_normalized,SCENARIO Table 3 midpoints,1
2012-08-03 18:00:00+00:00,KEHO,30.0,51.75880110114196,1.1116105834670993,0.0,TRANSFERRED_MODEL,SCENARIO_P_IT=1_normalized,SCENARIO Table 3 midpoints,1
2012-08-03 19:00:00+00:00,KEHO,30.0,55.07749010874436,1.1116522541146283,0.0,TRANSFERRED_MODEL,SCENARIO_P_IT=1_normalized,SCENARIO Table 3 midpoints,1
2012-08-03 21:00:00+00:00,KEHO,30.0,55.07749010874436,1.111658511788509,0.0,TRANSFERRED_MODEL,SCENARIO_P_IT=1_normalized,SCENARIO Table 3 midpoints,1
2012-08-03 22:00:00+00:00,KEHO,29.0,58.34716809279765,1.1116563351334823,0.0,TRANSFERRED_MODEL,SCENARIO_P_IT=1_normalized,SCENARIO Table 3 midpoints,1
2012-08-03 23:00:00+00:00,KEHO,28.5,63.884760972803946,1.3195836947467907,2.498570319668506,TRANSFERRED_MODEL,SCENARIO_P_IT=1_normalized,SCENARIO Table 3 midpoints,1
2012-08-04 01:00:00+00:00,KEHO,26.0,78.6398510724195,1.3194296164890797,2.4985279658293438,TRANSFERRED_MODEL,SCENARIO_P_IT=1_normalized,SCENARIO Table 3 midpoints,1
2012-08-04 02:00:00+00:00,KEHO,26.0,75.49927482793309,1.3178523928289332,2.494796899264706,TRANSFERRED_MODEL,SCENARIO_P_IT=1_normalized,SCENARIO Table 3 midpoints,1
2012-08-04 03:00:00+00:00,KEHO,25.33333333333333,73.8587193921158,1.1115674657672396,0.0,TRANSFERRED_MODEL,SCENARIO_P_IT=1_normalized,SCENARIO Table 3 midpoints,1
2012-08-04 04:00:00+00:00,KEHO,24.666666666666668,75.28580233204954,1.1115564251463592,0.0,TRANSFERRED_MODEL,SCENARIO_P_IT=1_normalized,SCENARIO Table 3 midpoints,1
2012-08-04 05:00:00+00:00,KEHO,23.666666666666668,79.94080302461775,1.3126775820469911,2.4824086565366423,TRANSFERRED_MODEL,SCENARIO_P_IT=1_normalized,SCENARIO Table 3 midpoints,1
2012-08-04 06:00:00+00:00,KEHO,23.0,83.22381284256232,1.312055497047408,2.4808908814810122,TRANSFERRED_MODEL,SCENARIO_P_IT=1_normalized,SCENARIO Table 3 midpoints,1
2012-08-04 07:00:00+00:00,KEHO,23.0,83.22381284256232,1.312055497047408,2.4808908814810122,TRANSFERRED_MODEL,SCENARIO_P_IT=1_normalized,SCENARIO Table 3 midpoints,1
2012-08-04 08:00:00+00:00,KEHO,22.0,88.4364161279818,1.3111036523567348,2.4786125500847516,TRANSFERRED_MODEL,SCENARIO_P_IT=1_normalized,SCENARIO Table 3 midpoints,1
2012-08-04 09:00:00+00:00,KEHO,22.0,90.27806317972032,1.3118164904526286,2.4803535764747404,TRANSFERRED_MODEL,SCENARIO_P_IT=1_normalized,SCENARIO Table 3 midpoints,1
2012-08-04 10:00:00+00:00,KEHO,21.666666666666668,92.13423620595734,1.311469874829599,2.4795953028027755,TRANSFERRED_MODEL,SCENARIO_P_IT=1_normalized,SCENARIO Table 3 midpoints,1
2012-08-04 11:00:00+00:00,KEHO,22.0,94.0625242758801,1.313195983682369,2.483927882735484,TRANSFERRED_MODEL,SCENARIO_P_IT=1_normalized,SCENARIO Table 3 midpoints,1
2012-08-04 12:00:00+00:00,KEHO,23.33333333333333,86.75262325839572,1.3144253953420935,2.486960335641769,TRANSFERRED_MODEL,SCENARIO_P_IT=1_normalized,SCENARIO Table 3 midpoints,1
2012-08-04 13:00:00+00:00,KEHO,24.0,83.33878752130364,1.3150368890107216,2.48847534601792,TRANSFERRED_MODEL,SCENARIO_P_IT=1_normalized,SCENARIO Table 3 midpoints,1
2012-08-04 14:00:00+00:00,KEHO,25.666666666666668,75.44615066829118,1.3166005364335183,2.4922538620296693,TRANSFERRED_MODEL,SCENARIO_P_IT=1_normalized,SCENARIO Table 3 midpoints,1
2012-08-04 15:00:00+00:00,KEHO,28.0,61.83725955078121,1.1113909894688274,0.0,TRANSFERRED_MODEL,SCENARIO_P_IT=1_normalized,SCENARIO Table 3 midpoints,1
2012-08-04 16:00:00+00:00,KEHO,28.666666666666668,55.90097267091733,1.1113882648202633,0.0,TRANSFERRED_MODEL,SCENARIO_P_IT=1_normalized,SCENARIO Table 3 midpoints,1
2012-08-04 17:00:00+00:00,KEHO,28.0,59.330745537589415,1.1114074722928236,0.0,TRANSFERRED_MODEL,SCENARIO_P_IT=1_normalized,SCENARIO Table 3 midpoints,1
2012-08-04 20:00:00+00:00,KEHO,30.0,48.61692510697891,1.1114695142572784,0.0,TRANSFERRED_MODEL,SCENARIO_P_IT=1_normalized,SCENARIO Table 3 midpoints,1
2012-08-04 22:00:00+00:00,KEHO,25.0,78.49764721655077,1.3160254172181964,2.490736580598068,TRANSFERRED_MODEL,SCENARIO_P_IT=1_normalized,SCENARIO Table 3 midpoints,1
2012-08-04 23:00:00+00:00,KEHO,25.0,73.8025121880607,1.1114549703006313,0.0,TRANSFERRED_MODEL,SCENARIO_P_IT=1_normalized,SCENARIO Table 3 midpoints,1
2012-08-05 02:00:00+00:00,KEHO,24.0,79.98577949176713,1.3135000776709078,2.4849272666851756,TRANSFERRED_MODEL,SCENARIO_P_IT=1_normalized,SCENARIO Table 3 midpoints,1
2012-08-05 03:00:00+00:00,KEHO,23.0,88.51830793896134,1.314009379991295,2.486209883764836,TRANSFERRED_MODEL,SCENARIO_P_IT=1_normalized,SCENARIO Table 3 midpoints,1
2012-08-05 04:00:00+00:00,KEHO,22.0,94.0625242758801,1.3130531673758896,2.483932588065384,TRANSFERRED_MODEL,SCENARIO_P_IT=1_normalized,SCENARIO Table 3 midpoints,1
2012-08-05 05:00:00+00:00,KEHO,22.33333333333333,92.17221567209226,1.3133654334517186,2.484692487236663,TRANSFERRED_MODEL,SCENARIO_P_IT=1_normalized,SCENARIO Table 3 midpoints,1
2012-08-05 06:00:00+00:00,KEHO,22.0,94.0625242758801,1.3130823124388853,2.483931626266354,TRANSFERRED_MODEL,SCENARIO_P_IT=1_normalized,SCENARIO Table 3 midpoints,1
2012-08-05 07:00:00+00:00,KEHO,21.666666666666668,94.04798813228264,1.312041331510144,2.481371706888849,TRANSFERRED_MODEL,SCENARIO_P_IT=1_normalized,SCENARIO Table 3 midpoints,1
2012-08-05 08:00:00+00:00,KEHO,21.0,94.01875700103768,1.3099862671935694,2.476334740359923,TRANSFERRED_MODEL,SCENARIO_P_IT=1_normalized,SCENARIO Table 3 midpoints,1
2012-08-05 09:00:00+00:00,KEHO,21.0,94.01875700103768,1.309976549955727,2.476335057231205,TRANSFERRED_MODEL,SCENARIO_P_IT=1_normalized,SCENARIO Table 3 midpoints,1
2012-08-05 10:00:00+00:00,KEHO,21.0,94.01875700103768,1.3099425698456977,2.476336165984155,TRANSFERRED_MODEL,SCENARIO_P_IT=1_normalized,SCENARIO Table 3 midpoints,1
2012-08-05 11:00:00+00:00,KEHO,21.0,94.01875700103768,1.3099328698681547,2.476336482685186,TRANSFERRED_MODEL,SCENARIO_P_IT=1_normalized,SCENARIO Table 3 midpoints,1
2012-08-05 12:00:00+00:00,KEHO,23.0,88.51830793896134,1.3139630962716329,2.486212985257204,TRANSFERRED_MODEL,SCENARIO_P_IT=1_normalized,SCENARIO Table 3 midpoints,1
2012-08-05 13:00:00+00:00,KEHO,24.666666666666668,81.73010303776394,1.316283728374362,2.4918250707812994,TRANSFERRED_MODEL,SCENARIO_P_IT=1_normalized,SCENARIO Table 3 midpoints,1
2012-08-05 14:00:00+00:00,KEHO,26.0,70.99453443559685,1.1112937580381925,0.0,TRANSFERRED_MODEL,SCENARIO_P_IT=1_normalized,SCENARIO Table 3 midpoints,1
2012-08-05 15:00:00+00:00,KEHO,27.0,65.56431854728334,1.11130876738284,0.0,TRANSFERRED_MODEL,SCENARIO_P_IT=1_normalized,SCENARIO Table 3 midpoints,1
2012-08-05 16:00:00+00:00,KEHO,28.0,59.948865527917526,1.111323133929738,0.0,TRANSFERRED_MODEL,SCENARIO_P_IT=1_normalized,SCENARIO Table 3 midpoints,1
2012-08-05 17:00:00+00:00,KEHO,28.33333333333333,56.994046199692285,1.1113690408810368,0.0,TRANSFERRED_MODEL,SCENARIO_P_IT=1_normalized,SCENARIO Table 3 midpoints,1
2012-08-05 18:00:00+00:00,KEHO,29.33333333333333,52.67667911047747,1.111386925255715,0.0,TRANSFERRED_MODEL,SCENARIO_P_IT=1_normalized,SCENARIO Table 3 midpoints,1
2012-08-05 19:00:00+00:00,KEHO,30.0,51.75880110114196,1.111422699886172,0.0,TRANSFERRED_MODEL,SCENARIO_P_IT=1_normalized,SCENARIO Table 3 midpoints,1
2012-08-05 20:00:00+00:00,KEHO,31.0,48.87889229893936,1.3173585001530865,2.4940158352189314,TRANSFERRED_MODEL,SCENARIO_P_IT=1_normalized,SCENARIO Table 3 midpoints,1
2012-08-05 22:00:00+00:00,KEHO,27.666666666666668,67.06366804691737,1.3185753867811871,2.496753544443272,TRANSFERRED_MODEL,SCENARIO_P_IT=1_normalized,SCENARIO Table 3 midpoints,1
2012-08-05 23:00:00+00:00,KEHO,27.0,69.73535987777385,1.3179411924050606,2.4952515079328825,TRANSFERRED_MODEL,SCENARIO_P_IT=1_normalized,SCENARIO Table 3 midpoints,1
2012-08-06 01:00:00+00:00,KEHO,24.5,80.8774821063443,1.3155359472360706,2.489606245637838,TRANSFERRED_MODEL,SCENARIO_P_IT=1_normalized,SCENARIO Table 3 midpoints,1
2012-08-06 02:00:00+00:00,KEHO,24.0,83.33878752130364,1.3150606231382254,2.4884729336621407,TRANSFERRED_MODEL,SCENARIO_P_IT=1_normalized,SCENARIO Table 3 midpoints,1
2012-08-06 03:00:00+00:00,KEHO,23.33333333333333,86.75262325839572,1.3144413716311099,2.486959085472311,TRANSFERRED_MODEL,SCENARIO_P_IT=1_normalized,SCENARIO Table 3 midpoints,1
2012-08-06 04:00:00+00:00,KEHO,23.0,88.51830793896134,1.3141246780646423,2.4862021760008703,TRANSFERRED_MODEL,SCENARIO_P_IT=1_normalized,SCENARIO Table 3 midpoints,1
2012-08-06 05:00:00+00:00,KEHO,23.0,88.51830793896134,1.3141246780646423,2.4862021760008703,TRANSFERRED_MODEL,SCENARIO_P_IT=1_normalized,SCENARIO Table 3 midpoints,1
2012-08-06 06:00:00+00:00,KEHO,22.33333333333333,92.17221567209226,1.3134865515022254,2.484687139204203,TRANSFERRED_MODEL,SCENARIO_P_IT=1_normalized,SCENARIO Table 3 midpoints,1
2012-08-06 07:00:00+00:00,KEHO,22.0,94.0625242758801,1.3131602018558546,2.4839290598240282,TRANSFERRED_MODEL,SCENARIO_P_IT=1_normalized,SCENARIO Table 3 midpoints,1
2012-08-06 08:00:00+00:00,KEHO,22.0,94.0625242758801,1.313165078136944,2.483928899342092,TRANSFERRED_MODEL,SCENARIO_P_IT=1_normalized,SCENARIO Table 3 midpoints,1
2012-08-06 09:00:00+00:00,KEHO,22.0,92.1532598973541,1.3124307507324267,2.4821291722650467,TRANSFERRED_MODEL,SCENARIO_P_IT=1_normalized,SCENARIO Table 3 midpoints,1
2012-08-06 10:00:00+00:00,KEHO,21.33333333333333,94.0333991252197,1.3110726669760702,2.478837498557026,TRANSFERRED_MODEL,SCENARIO_P_IT=1_normalized,SCENARIO Table 3 midpoints,1
2012-08-06 11:00:00+00:00,KEHO,21.666666666666668,92.13423620595734,1.3113888640214708,2.4795988439826897,TRANSFERRED_MODEL,SCENARIO_P_IT=1_normalized,SCENARIO Table 3 midpoints,1
2012-08-06 12:00:00+00:00,KEHO,23.33333333333333,86.75262325839572,1.3144142182926588,2.48696121061805,TRANSFERRED_MODEL,SCENARIO_P_IT=1_normalized,SCENARIO Table 3 midpoints,1
2012-08-06 13:00:00+00:00,KEHO,24.5,80.8774821063443,1.3155359472360706,2.489606245637838,TRANSFERRED_MODEL,SCENARIO_P_IT=1_normalized,SCENARIO Table 3 midpoints,1
2012-08-06 14:00:00+00:00,KEHO,25.33333333333333,76.95488074412887,1.3163159105177729,2.4914946437555194,TRANSFERRED_MODEL,SCENARIO_P_IT=1_normalized,SCENARIO Table 3 midpoints,1
2012-08-06 15:00:00+00:00,KEHO,26.33333333333333,71.05535921767745,1.1114432211708989,0.0,TRANSFERRED_MODEL,SCENARIO_P_IT=1_normalized,SCENARIO Table 3 midpoints,1
2012-08-06 16:00:00+00:00,KEHO,27.0,65.56431854728334,1.1114569826979714,0.0,TRANSFERRED_MODEL,SCENARIO_P_IT=1_normalized,SCENARIO Table 3 midpoints,1
2012-08-06 17:00:00+00:00,KEHO,27.33333333333333,64.29455901898663,1.1114942033199233,0.0,TRANSFERRED_MODEL,SCENARIO_P_IT=1_normalized,SCENARIO Table 3 midpoints,1
2012-08-06 18:00:00+00:00,KEHO,28.666666666666668,59.4852508916345,1.111520481118608,0.0,TRANSFERRED_MODEL,SCENARIO_P_IT=1_normalized,SCENARIO Table 3 midpoints,1
2012-08-06 19:00:00+00:00,KEHO,30.0,53.395526776745896,1.1115461556834636,0.0,TRANSFERRED_MODEL,SCENARIO_P_IT=1_normalized,SCENARIO Table 3 midpoints,1
2012-08-06 20:00:00+00:00,KEHO,29.0,58.34716809279765,1.1115855369454721,0.0,TRANSFERRED_MODEL,SCENARIO_P_IT=1_normalized,SCENARIO Table 3 midpoints,1
2012-08-06 21:00:00+00:00,KEHO,24.0,83.33878752130364,1.3152226526807769,2.488456511287711,TRANSFERRED_MODEL,SCENARIO_P_IT=1_normalized,SCENARIO Table 3 midpoints,1
2012-08-06 22:00:00+00:00,KEHO,23.0,90.34758995883878,1.3150383906125693,2.4880205644854114,TRANSFERRED_MODEL,SCENARIO_P_IT=1_normalized,SCENARIO Table 3 midpoints,1
2012-08-07 01:00:00+00:00,KEHO,22.0,94.0625242758801,1.3132726010979938,2.483925366356209,TRANSFERRED_MODEL,SCENARIO_P_IT=1_normalized,SCENARIO Table 3 midpoints,1
2012-08-07 05:00:00+00:00,KEHO,21.0,100.0,1.312337603580461,2.4816506205021627,TRANSFERRED_MODEL,SCENARIO_P_IT=1_normalized,SCENARIO Table 3 midpoints,1
2012-08-07 06:00:00+00:00,KEHO,21.0,100.0,1.3123723712267656,2.481650620504028,TRANSFERRED_MODEL,SCENARIO_P_IT=1_normalized,SCENARIO Table 3 midpoints,1
2012-08-07 07:00:00+00:00,KEHO,21.0,100.0,1.3124105050622599,2.4816506205037476,TRANSFERRED_MODEL,SCENARIO_P_IT=1_normalized,SCENARIO Table 3 midpoints,1
2012-08-07 08:00:00+00:00,KEHO,21.0,100.0,1.3124221224411303,2.4816506205024065,TRANSFERRED_MODEL,SCENARIO_P_IT=1_normalized,SCENARIO Table 3 midpoints,1
2012-08-07 09:00:00+00:00,KEHO,21.0,100.0,1.312415483284866,2.481650620502468,TRANSFERRED_MODEL,SCENARIO_P_IT=1_normalized,SCENARIO Table 3 midpoints,1
2012-08-07 10:00:00+00:00,KEHO,21.0,100.0,1.3123988930181598,2.4816506205003854,TRANSFERRED_MODEL,SCENARIO_P_IT=1_normalized,SCENARIO Table 3 midpoints,1
2012-08-07 11:00:00+00:00,KEHO,21.0,100.0,1.3123939180612205,2.481650620500679,TRANSFERRED_MODEL,SCENARIO_P_IT=1_normalized,SCENARIO Table 3 midpoints,1
2012-08-07 12:00:00+00:00,KEHO,22.0,94.0625242758801,1.3133199945952845,2.4839238125444467,TRANSFERRED_MODEL,SCENARIO_P_IT=1_normalized,SCENARIO Table 3 midpoints,1
2012-08-07 13:00:00+00:00,KEHO,22.0,94.0625242758801,1.3132995552116984,2.4839244823985576,TRANSFERRED_MODEL,SCENARIO_P_IT=1_normalized,SCENARIO Table 3 midpoints,1
2012-08-07 14:00:00+00:00,KEHO,23.0,88.51830793896134,1.314240530719191,2.4861944575248067,TRANSFERRED_MODEL,SCENARIO_P_IT=1_normalized,SCENARIO Table 3 midpoints,1
2012-08-07 15:00:00+00:00,KEHO,23.5,85.88465584489956,1.314722035999776,2.4873271050006345,TRANSFERRED_MODEL,SCENARIO_P_IT=1_normalized,SCENARIO Table 3 midpoints,1
2012-08-07 16:00:00+00:00,KEHO,25.0,78.49764721655077,1.3161782890862557,2.490715623525852,TRANSFERRED_MODEL,SCENARIO_P_IT=1_normalized,SCENARIO Table 3 midpoints,1
2012-08-07 17:00:00+00:00,KEHO,25.666666666666668,75.44615066829118,1.3168271516073404,2.4922172313908892,TRANSFERRED_MODEL,SCENARIO_P_IT=1_normalized,SCENARIO Table 3 midpoints,1
2012-08-07 18:00:00+00:00,KEHO,26.33333333333333,72.52750970273671,1.31749211290156,2.493713237230379,TRANSFERRED_MODEL,SCENARIO_P_IT=1_normalized,SCENARIO Table 3 midpoints,1
2012-08-07 19:00:00+00:00,KEHO,27.0,69.73535987777385,1.3181428390837975,2.4952088305177744,TRANSFERRED_MODEL,SCENARIO_P_IT=1_normalized,SCENARIO Table 3 midpoints,1
2012-08-07 20:00:00+00:00,KEHO,27.0,69.73535987777385,1.318165871091966,2.495203974185118,TRANSFERRED_MODEL,SCENARIO_P_IT=1_normalized,SCENARIO Table 3 midpoints,1
2012-08-07 21:00:00+00:00,KEHO,27.0,69.73535987777385,1.3181750906498837,2.495202031272127,TRANSFERRED_MODEL,SCENARIO_P_IT=1_normalized,SCENARIO Table 3 midpoints,1
2012-08-07 22:00:00+00:00,KEHO,26.33333333333333,72.52750970273671,1.3175292914763883,2.493706336615878,TRANSFERRED_MODEL,SCENARIO_P_IT=1_normalized,SCENARIO Table 3 midpoints,1
2012-08-08 01:00:00+00:00,KEHO,24.0,88.59935257199315,1.3175292045858389,2.4940282389349986,TRANSFERRED_MODEL,SCENARIO_P_IT=1_normalized,SCENARIO Table 3 midpoints,1
2012-08-08 02:00:00+00:00,KEHO,21.666666666666668,94.04798813228264,1.3122905016601452,2.481363549170233,TRANSFERRED_MODEL,SCENARIO_P_IT=1_normalized,SCENARIO Table 3 midpoints,1
2012-08-08 03:00:00+00:00,KEHO,21.0,94.01875700103768,1.310263193937652,2.476325746310893,TRANSFERRED_MODEL,SCENARIO_P_IT=1_normalized,SCENARIO Table 3 midpoints,1
2012-08-08 04:00:00+00:00,KEHO,21.0,95.97665369360048,1.3109777219479344,2.478070868671696,TRANSFERRED_MODEL,SCENARIO_P_IT=1_normalized,SCENARIO Table 3 midpoints,1
2012-08-08 05:00:00+00:00,KEHO,21.0,94.01875700103768,1.310263193937652,2.476325746310893,TRANSFERRED_MODEL,SCENARIO_P_IT=1_normalized,SCENARIO Table 3 midpoints,1
2012-08-08 06:00:00+00:00,KEHO,21.0,94.01875700103768,1.3102795808962764,2.476325216285364,TRANSFERRED_MODEL,SCENARIO_P_IT=1_normalized,SCENARIO Table 3 midpoints,1
2012-08-08 07:00:00+00:00,KEHO,21.0,94.01875700103768,1.310300900182553,2.4763245270914394,TRANSFERRED_MODEL,SCENARIO_P_IT=1_normalized,SCENARIO Table 3 midpoints,1
2012-08-08 08:00:00+00:00,KEHO,21.0,94.01875700103768,1.3103140288782198,2.4763241028832956,TRANSFERRED_MODEL,SCENARIO_P_IT=1_normalized,SCENARIO Table 3 midpoints,1
2012-08-08 09:00:00+00:00,KEHO,21.0,94.01875700103768,1.3103140288782198,2.4763241028832956,TRANSFERRED_MODEL,SCENARIO_P_IT=1_normalized,SCENARIO Table 3 midpoints,1
2012-08-08 10:00:00+00:00,KEHO,21.0,100.0,1.3124719717387647,2.4816506205012687,TRANSFERRED_MODEL,SCENARIO_P_IT=1_normalized,SCENARIO Table 3 midpoints,1
2012-08-08 11:00:00+00:00,KEHO,21.0,97.97021779585008,1.3117138633614993,2.47984559510561,TRANSFERRED_MODEL,SCENARIO_P_IT=1_normalized,SCENARIO Table 3 midpoints,1
2012-08-08 12:00:00+00:00,KEHO,22.33333333333333,92.17221567209226,1.3136783328642578,2.484678709181946,TRANSFERRED_MODEL,SCENARIO_P_IT=1_normalized,SCENARIO Table 3 midpoints,1
2012-08-08 13:00:00+00:00,KEHO,23.666666666666668,85.02644107891732,1.3149353768176408,2.4876996374485474,TRANSFERRED_MODEL,SCENARIO_P_IT=1_normalized,SCENARIO Table 3 midpoints,1
2012-08-08 14:00:00+00:00,KEHO,25.666666666666668,75.44615066829118,1.3168318319278083,2.4922164776525517,TRANSFERRED_MODEL,SCENARIO_P_IT=1_normalized,SCENARIO Table 3 midpoints,1
2012-08-08 15:00:00+00:00,KEHO,27.5,67.72061607956103,1.3185713719063596,2.4963424640722023,TRANSFERRED_MODEL,SCENARIO_P_IT=1_normalized,SCENARIO Table 3 midpoints,1
2012-08-08 16:00:00+00:00,KEHO,28.33333333333333,61.91138530915008,1.1116160058886524,0.0,TRANSFERRED_MODEL,SCENARIO_P_IT=1_normalized,SCENARIO Table 3 midpoints,1
2012-08-08 21:00:00+00:00,KEHO,24.0,73.63287364526842,1.1117063938314855,0.0,TRANSFERRED_MODEL,SCENARIO_P_IT=1_normalized,SCENARIO Table 3 midpoints,1
2012-08-08 23:00:00+00:00,KEHO,24.0,69.16319209999386,1.1116917710580427,0.0,TRANSFERRED_MODEL,SCENARIO_P_IT=1_normalized,SCENARIO Table 3 midpoints,1
2012-08-09 00:00:00+00:00,KEHO,22.666666666666668,74.96065934852216,1.1116661417438631,0.0,TRANSFERRED_MODEL,SCENARIO_P_IT=1_normalized,SCENARIO Table 3 midpoints,1
2012-08-09 01:00:00+00:00,KEHO,21.666666666666668,79.66788494390723,1.3069359745961362,2.467980651388038,TRANSFERRED_MODEL,SCENARIO_P_IT=1_normalized,SCENARIO Table 3 midpoints,1
2012-08-09 02:00:00+00:00,KEHO,21.0,84.74548078852081,1.3069038656991783,2.4680292240028296,TRANSFERRED_MODEL,SCENARIO_P_IT=1_normalized,SCENARIO Table 3 midpoints,1
2012-08-09 05:00:00+00:00,KEHO,20.0,88.27004464253949,1.3053288507625596,2.4641503173721775,TRANSFERRED_MODEL,SCENARIO_P_IT=1_normalized,SCENARIO Table 3 midpoints,1
2012-08-09 06:00:00+00:00,KEHO,20.0,88.27004464253949,1.305372501139799,2.464147522127522,TRANSFERRED_MODEL,SCENARIO_P_IT=1_normalized,SCENARIO Table 3 midpoints,1
2012-08-09 07:00:00+00:00,KEHO,19.666666666666668,90.11294017307786,1.305076555319463,2.4633784220024375,TRANSFERRED_MODEL,SCENARIO_P_IT=1_normalized,SCENARIO Table 3 midpoints,1
2012-08-09 08:00:00+00:00,KEHO,19.0,93.92977440102698,1.3044491936401412,2.4618408000434764,TRANSFERRED_MODEL,SCENARIO_P_IT=1_normalized,SCENARIO Table 3 midpoints,1
2012-08-09 09:00:00+00:00,KEHO,18.33333333333333,95.8957512566326,1.3031888869582806,2.458742900150944,TRANSFERRED_MODEL,SCENARIO_P_IT=1_normalized,SCENARIO Table 3 midpoints,1
2012-08-09 10:00:00+00:00,KEHO,18.0,95.885468414827,1.3022557956945984,2.4564383959270155,TRANSFERRED_MODEL,SCENARIO_P_IT=1_normalized,SCENARIO Table 3 midpoints,1
2012-08-09 11:00:00+00:00,KEHO,19.0,93.92977440102698,1.304414795089245,2.4618418859343114,TRANSFERRED_MODEL,SCENARIO_P_IT=1_normalized,SCENARIO Table 3 midpoints,1
2012-08-09 12:00:00+00:00,KEHO,20.0,92.03808774851429,1.3066184321003527,2.467335597014092,TRANSFERRED_MODEL,SCENARIO_P_IT=1_normalized,SCENARIO Table 3 midpoints,1
2012-08-09 13:00:00+00:00,KEHO,21.33333333333333,92.11514427831229,1.3105896978851077,2.4770857329008686,TRANSFERRED_MODEL,SCENARIO_P_IT=1_normalized,SCENARIO Table 3 midpoints,1
2012-08-09 14:00:00+00:00,KEHO,24.5,76.0400033701216,1.1116333510308172,0.0,TRANSFERRED_MODEL,SCENARIO_P_IT=1_normalized,SCENARIO Table 3 midpoints,1
2012-08-09 15:00:00+00:00,KEHO,25.33333333333333,72.35202232726088,1.1116562405623018,0.0,TRANSFERRED_MODEL,SCENARIO_P_IT=1_normalized,SCENARIO Table 3 midpoints,1
2012-08-10 00:00:00+00:00,KEHO,19.0,93.92977440102698,1.304565848779574,2.4618371250211526,TRANSFERRED_MODEL,SCENARIO_P_IT=1_normalized,SCENARIO Table 3 midpoints,1
2012-08-10 01:00:00+00:00,KEHO,19.0,93.92977440102698,1.3045230662200273,2.4618384714607133,TRANSFERRED_MODEL,SCENARIO_P_IT=1_normalized,SCENARIO Table 3 midpoints,1
2012-08-10 02:00:00+00:00,KEHO,19.33333333333333,93.94474063960656,1.3055282433119146,2.464187673586407,TRANSFERRED_MODEL,SCENARIO_P_IT=1_normalized,SCENARIO Table 3 midpoints,1
2012-08-10 05:00:00+00:00,KEHO,19.666666666666668,93.95965220719242,1.3065360277385256,2.466561739583167,TRANSFERRED_MODEL,SCENARIO_P_IT=1_normalized,SCENARIO Table 3 midpoints,1
2012-08-10 06:00:00+00:00,KEHO,20.0,93.97450936662143,1.3075283626170544,2.46896165935446,TRANSFERRED_MODEL,SCENARIO_P_IT=1_normalized,SCENARIO Table 3 midpoints,1
2012-08-10 07:00:00+00:00,KEHO,20.0,93.97450936662143,1.3075415972011992,2.4689612391505205,TRANSFERRED_MODEL,SCENARIO_P_IT=1_normalized,SCENARIO Table 3 midpoints,1
2012-08-10 08:00:00+00:00,KEHO,20.0,93.97450936662143,1.3075415972011992,2.4689612391505205,TRANSFERRED_MODEL,SCENARIO_P_IT=1_normalized,SCENARIO Table 3 midpoints,1
2012-08-10 09:00:00+00:00,KEHO,20.0,93.97450936662143,1.3075465619881543,2.4689610815575596,TRANSFERRED_MODEL,SCENARIO_P_IT=1_normalized,SCENARIO Table 3 midpoints,1
2012-08-10 10:00:00+00:00,KEHO,20.0,100.0,1.3095766009767604,2.4740412013412025,TRANSFERRED_MODEL,SCENARIO_P_IT=1_normalized,SCENARIO Table 3 midpoints,1
2012-08-10 11:00:00+00:00,KEHO,20.0,100.0,1.309554826589417,2.4740412013407904,TRANSFERRED_MODEL,SCENARIO_P_IT=1_normalized,SCENARIO Table 3 midpoints,1
2012-08-10 12:00:00+00:00,KEHO,20.666666666666668,95.96667141942416,1.3101828437634329,2.475559727590493,TRANSFERRED_MODEL,SCENARIO_P_IT=1_normalized,SCENARIO Table 3 midpoints,1
2012-08-10 13:00:00+00:00,KEHO,21.0,94.01875700103768,1.310496910851154,2.476318209896676,TRANSFERRED_MODEL,SCENARIO_P_IT=1_normalized,SCENARIO Table 3 midpoints,1
2012-08-10 14:00:00+00:00,KEHO,23.5,83.2814430231396,1.313938435052898,2.484611224428118,TRANSFERRED_MODEL,SCENARIO_P_IT=1_normalized,SCENARIO Table 3 midpoints,1
2012-08-10 15:00:00+00:00,KEHO,24.0,78.3540921272656,1.3133299699993704,2.4831209790716673,TRANSFERRED_MODEL,SCENARIO_P_IT=1_normalized,SCENARIO Table 3 midpoints,1
2012-08-10 16:00:00+00:00,KEHO,25.0,73.8025121880607,1.1118279099366501,0.0,TRANSFERRED_MODEL,SCENARIO_P_IT=1_normalized,SCENARIO Table 3 midpoints,1
2012-08-10 17:00:00+00:00,KEHO,26.0,69.54626593683008,1.1118363156987496,0.0,TRANSFERRED_MODEL,SCENARIO_P_IT=1_normalized,SCENARIO Table 3 midpoints,1
2012-08-10 18:00:00+00:00,KEHO,26.666666666666668,64.15218403515414,1.1118503542696394,0.0,TRANSFERRED_MODEL,SCENARIO_P_IT=1_normalized,SCENARIO Table 3 midpoints,1
2012-08-10 19:00:00+00:00,KEHO,27.5,61.72571650185908,1.1118679357778776,0.0,TRANSFERRED_MODEL,SCENARIO_P_IT=1_normalized,SCENARIO Table 3 midpoints,1
2012-08-10 20:00:00+00:00,KEHO,27.33333333333333,64.29455901898663,1.1118897032381911,0.0,TRANSFERRED_MODEL,SCENARIO_P_IT=1_normalized,SCENARIO Table 3 midpoints,1
2012-08-10 21:00:00+00:00,KEHO,27.0,65.56431854728334,1.1118910924925105,0.0,TRANSFERRED_MODEL,SCENARIO_P_IT=1_normalized,SCENARIO Table 3 midpoints,1
2012-08-10 22:00:00+00:00,KEHO,27.0,63.56210712722283,1.1119121883942897,0.0,TRANSFERRED_MODEL,SCENARIO_P_IT=1_normalized,SCENARIO Table 3 midpoints,1
2012-08-10 23:00:00+00:00,KEHO,26.0,70.99453443559685,1.1118812253846462,0.0,TRANSFERRED_MODEL,SCENARIO_P_IT=1_normalized,SCENARIO Table 3 midpoints,1
2012-08-11 00:00:00+00:00,KEHO,24.33333333333333,86.84512292707923,1.3181520602857533,2.4947553087641396,TRANSFERRED_MODEL,SCENARIO_P_IT=1_normalized,SCENARIO Table 3 midpoints,1
2012-08-11 01:00:00+00:00,KEHO,24.0,88.59935257199315,1.3178269505102564,2.4940083353352946,TRANSFERRED_MODEL,SCENARIO_P_IT=1_normalized,SCENARIO Table 3 midpoints,1
2012-08-11 02:00:00+00:00,KEHO,23.666666666666668,86.78356165093597,1.3159491586251952,2.4895068021222118,TRANSFERRED_MODEL,SCENARIO_P_IT=1_normalized,SCENARIO Table 3 midpoints,1
2012-08-11 05:00:00+00:00,KEHO,21.33333333333333,92.11514427831229,1.3108225465313288,2.477075679013743,TRANSFERRED_MODEL,SCENARIO_P_IT=1_normalized,SCENARIO Table 3 midpoints,1
2012-08-11 06:00:00+00:00,KEHO,20.33333333333333,92.05745585419642,1.3078105084884928,2.469725254942185,TRANSFERRED_MODEL,SCENARIO_P_IT=1_normalized,SCENARIO Table 3 midpoints,1
2012-08-11 07:00:00+00:00,KEHO,20.0,92.03808774851429,1.306849341339859,2.467325777295218,TRANSFERRED_MODEL,SCENARIO_P_IT=1_normalized,SCENARIO Table 3 midpoints,1
2012-08-11 08:00:00+00:00,KEHO,20.0,90.13678067195194,1.3062204145256973,2.465715880385989,TRANSFERRED_MODEL,SCENARIO_P_IT=1_normalized,SCENARIO Table 3 midpoints,1
2012-08-11 09:00:00+00:00,KEHO,20.0,88.27004464253949,1.3055707217725643,2.4641348714972704,TRANSFERRED_MODEL,SCENARIO_P_IT=1_normalized,SCENARIO Table 3 midpoints,1
2012-08-11 10:00:00+00:00,KEHO,20.0,88.27004464253949,1.3055462629749277,2.464136428694092,TRANSFERRED_MODEL,SCENARIO_P_IT=1_normalized,SCENARIO Table 3 midpoints,1
2012-08-11 11:00:00+00:00,KEHO,20.0,93.97450936662143,1.3074853988373856,2.468963024526525,TRANSFERRED_MODEL,SCENARIO_P_IT=1_normalized,SCENARIO Table 3 midpoints,1
2012-08-11 12:00:00+00:00,KEHO,20.666666666666668,94.00406150457935,1.3094590038068743,2.4738410464153073,TRANSFERRED_MODEL,SCENARIO_P_IT=1_normalized,SCENARIO Table 3 midpoints,1
2012-08-11 13:00:00+00:00,KEHO,21.5,94.0407002525026,1.3119798997293661,2.480087348677043,TRANSFERRED_MODEL,SCENARIO_P_IT=1_normalized,SCENARIO Table 3 midpoints,1
2012-08-11 14:00:00+00:00,KEHO,22.33333333333333,92.17221567209226,1.3138453260873166,2.484671406616588,TRANSFERRED_MODEL,SCENARIO_P_IT=1_normalized,SCENARIO Table 3 midpoints,1
2012-08-11 15:00:00+00:00,KEHO,24.0,79.98577949176713,1.3139542913933875,2.4848709615258224,TRANSFERRED_MODEL,SCENARIO_P_IT=1_normalized,SCENARIO Table 3 midpoints,1
2012-08-11 16:00:00+00:00,KEHO,25.33333333333333,72.35202232726088,1.1117705294267686,0.0,TRANSFERRED_MODEL,SCENARIO_P_IT=1_normalized,SCENARIO Table 3 midpoints,1
2012-08-11 17:00:00+00:00,KEHO,25.5,71.63882676475362,1.1117838082370395,0.0,TRANSFERRED_MODEL,SCENARIO_P_IT=1_normalized,SCENARIO Table 3 midpoints,1
2012-08-11 18:00:00+00:00,KEHO,27.0,65.56431854728334,1.1117985180018382,0.0,TRANSFERRED_MODEL,SCENARIO_P_IT=1_normalized,SCENARIO Table 3 midpoints,1
2012-08-11 19:00:00+00:00,KEHO,27.0,65.56431854728334,1.1118195223223817,0.0,TRANSFERRED_MODEL,SCENARIO_P_IT=1_normalized,SCENARIO Table 3 midpoints,1
2012-08-11 20:00:00+00:00,KEHO,27.0,68.31988395297492,1.111832134878248,0.0,TRANSFERRED_MODEL,SCENARIO_P_IT=1_normalized,SCENARIO Table 3 midpoints,1
2012-08-11 21:00:00+00:00,KEHO,27.33333333333333,64.29455901898663,1.1118265426669554,0.0,TRANSFERRED_MODEL,SCENARIO_P_IT=1_normalized,SCENARIO Table 3 midpoints,1
2012-08-11 22:00:00+00:00,KEHO,27.666666666666668,60.49665743269623,1.1118125493487159,0.0,TRANSFERRED_MODEL,SCENARIO_P_IT=1_normalized,SCENARIO Table 3 midpoints,1
2012-08-11 23:00:00+00:00,KEHO,26.0,70.99453443559685,1.1118012958315024,0.0,TRANSFERRED_MODEL,SCENARIO_P_IT=1_normalized,SCENARIO Table 3 midpoints,1
2012-08-12 00:00:00+00:00,KEHO,24.33333333333333,85.0955064839892,1.3172701827079403,2.492873008805995,TRANSFERRED_MODEL,SCENARIO_P_IT=1_normalized,SCENARIO Table 3 midpoints,1
2012-08-12 01:00:00+00:00,KEHO,24.0,88.59935257199315,1.3177158854216393,2.49401573913707,TRANSFERRED_MODEL,SCENARIO_P_IT=1_normalized,SCENARIO Table 3 midpoints,1
2012-08-12 02:00:00+00:00,KEHO,21.666666666666668,90.25472374748674,1.311004108729619,2.4778401818293485,TRANSFERRED_MODEL,SCENARIO_P_IT=1_normalized,SCENARIO Table 3 midpoints,1
2012-08-12 05:00:00+00:00,KEHO,20.0,92.03808774851429,1.306716426598249,2.467331421992557,TRANSFERRED_MODEL,SCENARIO_P_IT=1_normalized,SCENARIO Table 3 midpoints,1
2012-08-12 06:00:00+00:00,KEHO,19.33333333333333,91.99914161977898,1.304816784544529,2.4626076177496743,TRANSFERRED_MODEL,SCENARIO_P_IT=1_normalized,SCENARIO Table 3 midpoints,1
2012-08-12 07:00:00+00:00,KEHO,18.0,100.0,1.303558331271689,2.459530075312819,TRANSFERRED_MODEL,SCENARIO_P_IT=1_normalized,SCENARIO Table 3 midpoints,1
2012-08-12 08:00:00+00:00,KEHO,18.0,97.92375582673634,1.3029283658702937,2.457970372439327,TRANSFERRED_MODEL,SCENARIO_P_IT=1_normalized,SCENARIO Table 3 midpoints,1
2012-08-12 09:00:00+00:00,KEHO,18.0,93.88454500736408,1.3016885396198097,2.4549308546558715,TRANSFERRED_MODEL,SCENARIO_P_IT=1_normalized,SCENARIO Table 3 midpoints,1
2012-08-12 10:00:00+00:00,KEHO,18.0,93.88454500736408,1.3016836249407833,2.4549310077710493,TRANSFERRED_MODEL,SCENARIO_P_IT=1_normalized,SCENARIO Table 3 midpoints,1
2012-08-12 11:00:00+00:00,KEHO,18.0,93.88454500736408,1.3016656128038837,2.4549315691091285,TRANSFERRED_MODEL,SCENARIO_P_IT=1_normalized,SCENARIO Table 3 midpoints,1
2012-08-12 12:00:00+00:00,KEHO,19.0,93.92977440102698,1.3044049757148086,2.4618421960979724,TRANSFERRED_MODEL,SCENARIO_P_IT=1_normalized,SCENARIO Table 3 midpoints,1
2012-08-12 13:00:00+00:00,KEHO,21.33333333333333,77.9645500955679,1.3053674317559563,2.464146514966889,TRANSFERRED_MODEL,SCENARIO_P_IT=1_normalized,SCENARIO Table 3 midpoints,1
2012-08-12 14:00:00+00:00,KEHO,23.0,70.43909203359713,1.1116286033498852,0.0,TRANSFERRED_MODEL,SCENARIO_P_IT=1_normalized,SCENARIO Table 3 midpoints,1
2012-08-12 15:00:00+00:00,KEHO,25.0,61.16156608407452,1.111614592583694,0.0,TRANSFERRED_MODEL,SCENARIO_P_IT=1_normalized,SCENARIO Table 3 midpoints,1
2012-08-12 16:00:00+00:00,KEHO,25.33333333333333,59.95951714501496,1.111629846669362,0.0,TRANSFERRED_MODEL,SCENARIO_P_IT=1_normalized,SCENARIO Table 3 midpoints,1
2012-08-12 17:00:00+00:00,KEHO,26.33333333333333,54.16724218051565,1.111638164595356,0.0,TRANSFERRED_MODEL,SCENARIO_P_IT=1_normalized,SCENARIO Table 3 midpoints,1
2012-08-12 18:00:00+00:00,KEHO,27.0,50.98677157890719,1.1116562368323326,0.0,TRANSFERRED_MODEL,SCENARIO_P_IT=1_normalized,SCENARIO Table 3 midpoints,1
2012-08-12 19:00:00+00:00,KEHO,27.666666666666668,47.99969695284989,1.111670165176991,0.0,TRANSFERRED_MODEL,SCENARIO_P_IT=1_normalized,SCENARIO Table 3 midpoints,1
2012-08-12 20:00:00+00:00,KEHO,28.0,45.103334544997125,1.1116840980255251,0.0,TRANSFERRED_MODEL,SCENARIO_P_IT=1_normalized,SCENARIO Table 3 midpoints,1
2012-08-12 21:00:00+00:00,KEHO,28.0,44.14519813446566,1.1116840980255251,0.0,TRANSFERRED_MODEL,SCENARIO_P_IT=1_normalized,SCENARIO Table 3 midpoints,1
2012-08-12 22:00:00+00:00,KEHO,28.0,45.103334544997125,1.1116896675981207,0.0,TRANSFERRED_MODEL,SCENARIO_P_IT=1_normalized,SCENARIO Table 3 midpoints,1
2012-08-12 23:00:00+00:00,KEHO,26.666666666666668,49.82432354271344,1.1116743116129586,0.0,TRANSFERRED_MODEL,SCENARIO_P_IT=1_normalized,SCENARIO Table 3 midpoints,1
2012-08-13 00:00:00+00:00,KEHO,25.0,58.62604527312406,1.1116576407934529,0.0,TRANSFERRED_MODEL,SCENARIO_P_IT=1_normalized,SCENARIO Table 3 midpoints,1
2012-08-13 01:00:00+00:00,KEHO,23.666666666666668,67.66041339806202,1.1116257701345058,0.0,TRANSFERRED_MODEL,SCENARIO_P_IT=1_normalized,SCENARIO Table 3 midpoints,1
2012-08-13 02:00:00+00:00,KEHO,21.0,82.9903987771767,1.3062504132507982,2.4664548285601224,TRANSFERRED_MODEL,SCENARIO_P_IT=1_normalized,SCENARIO Table 3 midpoints,1
2012-08-13 05:00:00+00:00,KEHO,18.33333333333333,95.8957512566326,1.3031510932486627,2.4587436890366905,TRANSFERRED_MODEL,SCENARIO_P_IT=1_normalized,SCENARIO Table 3 midpoints,1
2012-08-13 06:00:00+00:00,KEHO,18.0,93.88454500736408,1.3016492495124152,2.454932079294541,TRANSFERRED_MODEL,SCENARIO_P_IT=1_normalized,SCENARIO Table 3 midpoints,1
2012-08-13 07:00:00+00:00,KEHO,18.0,93.88454500736408,1.3016590661876883,2.4549317731975915,TRANSFERRED_MODEL,SCENARIO_P_IT=1_normalized,SCENARIO Table 3 midpoints,1
2012-08-13 08:00:00+00:00,KEHO,17.333333333333332,97.91321517166044,1.3010230336627133,2.4533818019344737,TRANSFERRED_MODEL,SCENARIO_P_IT=1_normalized,SCENARIO Table 3 midpoints,1
2012-08-13 09:00:00+00:00,KEHO,17.0,97.9079148263222,1.300115096819606,2.45112192047483,TRANSFERRED_MODEL,SCENARIO_P_IT=1_normalized,SCENARIO Table 3 midpoints,1
2012-08-13 10:00:00+00:00,KEHO,17.0,93.83881396078476,1.2989437102248211,2.4482308937580872,TRANSFERRED_MODEL,SCENARIO_P_IT=1_normalized,SCENARIO Table 3 midpoints,1
2012-08-13 11:00:00+00:00,KEHO,17.0,93.83881396078476,1.298911095380542,2.4482318990014353,TRANSFERRED_MODEL,SCENARIO_P_IT=1_normalized,SCENARIO Table 3 midpoints,1
2012-08-13 12:00:00+00:00,KEHO,18.666666666666668,91.95991338579516,1.3027750866621113,2.457988556424061,TRANSFERRED_MODEL,SCENARIO_P_IT=1_normalized,SCENARIO Table 3 midpoints,1
2012-08-13 13:00:00+00:00,KEHO,21.0,82.9903987771767,1.3062026461084197,2.4664594894697505,TRANSFERRED_MODEL,SCENARIO_P_IT=1_normalized,SCENARIO Table 3 midpoints,1
2012-08-13 14:00:00+00:00,KEHO,23.0,73.46169674935328,1.1115690083858394,0.0,TRANSFERRED_MODEL,SCENARIO_P_IT=1_normalized,SCENARIO Table 3 midpoints,1
2012-08-13 15:00:00+00:00,KEHO,27.0,50.98677157890719,1.111581296312248,0.0,TRANSFERRED_MODEL,SCENARIO_P_IT=1_normalized,SCENARIO Table 3 midpoints,1
2012-08-13 16:00:00+00:00,KEHO,27.33333333333333,44.92190057685309,1.1115923884266246,0.0,TRANSFERRED_MODEL,SCENARIO_P_IT=1_normalized,SCENARIO Table 3 midpoints,1
2012-08-13 17:00:00+00:00,KEHO,28.0,44.14519813446566,1.11159795632519,0.0,TRANSFERRED_MODEL,SCENARIO_P_IT=1_normalized,SCENARIO Table 3 midpoints,1
2012-08-13 18:00:00+00:00,KEHO,28.0,45.103334544997125,1.1116375102180667,0.0,TRANSFERRED_MODEL,SCENARIO_P_IT=1_normalized,SCENARIO Table 3 midpoints,1
2012-08-13 19:00:00+00:00,KEHO,28.0,46.07971351490331,1.111664616035656,0.0,TRANSFERRED_MODEL,SCENARIO_P_IT=1_normalized,SCENARIO Table 3 midpoints,1
2012-08-13 20:00:00+00:00,KEHO,28.0,44.14519813446566,1.1116687892406991,0.0,TRANSFERRED_MODEL,SCENARIO_P_IT=1_normalized,SCENARIO Table 3 midpoints,1
2012-08-13 21:00:00+00:00,KEHO,28.33333333333333,43.29648689503394,1.1116590710732792,0.0,TRANSFERRED_MODEL,SCENARIO_P_IT=1_normalized,SCENARIO Table 3 midpoints,1
2012-08-13 22:00:00+00:00,KEHO,27.0,49.91191562455749,1.1116729263526262,0.0,TRANSFERRED_MODEL,SCENARIO_P_IT=1_normalized,SCENARIO Table 3 midpoints,1
2012-08-13 23:00:00+00:00,KEHO,26.33333333333333,53.02824244231117,1.1116757000023725,0.0,TRANSFERRED_MODEL,SCENARIO_P_IT=1_normalized,SCENARIO Table 3 midpoints,1
2012-08-14 00:00:00+00:00,KEHO,24.33333333333333,58.46732919288469,1.1116757480452055,0.0,TRANSFERRED_MODEL,SCENARIO_P_IT=1_normalized,SCENARIO Table 3 midpoints,1
2012-08-14 01:00:00+00:00,KEHO,23.666666666666668,59.570060644434975,1.1116924889807414,0.0,TRANSFERRED_MODEL,SCENARIO_P_IT=1_normalized,SCENARIO Table 3 midpoints,1
2012-08-14 02:00:00+00:00,KEHO,22.0,70.25068906191846,1.1117274738562102,0.0,TRANSFERRED_MODEL,SCENARIO_P_IT=1_normalized,SCENARIO Table 3 midpoints,1
2012-08-14 03:00:00+00:00,KEHO,21.666666666666668,68.7078925887648,1.1117149701322109,0.0,TRANSFERRED_MODEL,SCENARIO_P_IT=1_normalized,SCENARIO Table 3 midpoints,1
2012-08-14 06:00:00+00:00,KEHO,21.0,77.91515829174936,1.3045361713819266,2.4618704560154816,TRANSFERRED_MODEL,SCENARIO_P_IT=1_normalized,SCENARIO Table 3 midpoints,1
2012-08-14 07:00:00+00:00,KEHO,21.0,77.91515829174936,1.3045409166134638,2.4618698405768784,TRANSFERRED_MODEL,SCENARIO_P_IT=1_normalized,SCENARIO Table 3 midpoints,1
2012-08-14 08:00:00+00:00,KEHO,20.0,82.87192979044534,1.303610763760483,2.4595608270261304,TRANSFERRED_MODEL,SCENARIO_P_IT=1_normalized,SCENARIO Table 3 midpoints,1
2012-08-14 09:00:00+00:00,KEHO,20.0,82.87192979044534,1.303610763760483,2.4595608270261304,TRANSFERRED_MODEL,SCENARIO_P_IT=1_normalized,SCENARIO Table 3 midpoints,1
2012-08-14 10:00:00+00:00,KEHO,19.33333333333333,86.37297552041,1.30297973106276,2.4580197586066475,TRANSFERRED_MODEL,SCENARIO_P_IT=1_normalized,SCENARIO Table 3 midpoints,1
2012-08-14 11:00:00+00:00,KEHO,19.33333333333333,86.37297552041,1.3029635858704367,2.4580209524004766,TRANSFERRED_MODEL,SCENARIO_P_IT=1_normalized,SCENARIO Table 3 midpoints,1
2012-08-14 12:00:00+00:00,KEHO,21.33333333333333,76.33759769269038,1.111721981784368,0.0,TRANSFERRED_MODEL,SCENARIO_P_IT=1_normalized,SCENARIO Table 3 midpoints,1
2012-08-14 13:00:00+00:00,KEHO,23.666666666666668,67.66041339806202,1.1117064152101073,0.0,TRANSFERRED_MODEL,SCENARIO_P_IT=1_normalized,SCENARIO Table 3 midpoints,1
2012-08-14 14:00:00+00:00,KEHO,25.33333333333333,59.95951714501496,1.1116840591707904,0.0,TRANSFERRED_MODEL,SCENARIO_P_IT=1_normalized,SCENARIO Table 3 midpoints,1
2012-08-14 15:00:00+00:00,KEHO,26.0,58.86266994501438,1.111700759858383,0.0,TRANSFERRED_MODEL,SCENARIO_P_IT=1_normalized,SCENARIO Table 3 midpoints,1
2012-08-14 16:00:00+00:00,KEHO,26.33333333333333,60.19086952545671,1.1117049402284016,0.0,TRANSFERRED_MODEL,SCENARIO_P_IT=1_normalized,SCENARIO Table 3 midpoints,1
2012-08-14 17:00:00+00:00,KEHO,27.0,54.33441603408858,1.111734233888165,0.0,TRANSFERRED_MODEL,SCENARIO_P_IT=1_normalized,SCENARIO Table 3 midpoints,1
2012-08-14 18:00:00+00:00,KEHO,28.0,53.45048412976033,1.1117691932683296,0.0,TRANSFERRED_MODEL,SCENARIO_P_IT=1_normalized,SCENARIO Table 3 midpoints,1
2012-08-14 20:00:00+00:00,KEHO,29.0,51.50307132317005,1.1117818528441912,0.0,TRANSFERRED_MODEL,SCENARIO_P_IT=1_normalized,SCENARIO Table 3 midpoints,1
2012-08-14 22:00:00+00:00,KEHO,26.0,65.35576219694184,1.1118110955836091,0.0,TRANSFERRED_MODEL,SCENARIO_P_IT=1_normalized,SCENARIO Table 3 midpoints,1
2012-08-14 23:00:00+00:00,KEHO,26.666666666666668,66.86238676063813,1.1117971082653249,0.0,TRANSFERRED_MODEL,SCENARIO_P_IT=1_normalized,SCENARIO Table 3 midpoints,1
2012-08-15 00:00:00+00:00,KEHO,25.33333333333333,72.35202232726088,1.1117803143573262,0.0,TRANSFERRED_MODEL,SCENARIO_P_IT=1_normalized,SCENARIO Table 3 midpoints,1
2012-08-15 01:00:00+00:00,KEHO,23.666666666666668,85.02644107891732,1.3151059052913856,2.487684437547735,TRANSFERRED_MODEL,SCENARIO_P_IT=1_normalized,SCENARIO Table 3 midpoints,1
2012-08-15 02:00:00+00:00,KEHO,22.33333333333333,86.6591714752168,1.3116707744056704,2.47935332879362,TRANSFERRED_MODEL,SCENARIO_P_IT=1_normalized,SCENARIO Table 3 midpoints,1
2012-08-15 03:00:00+00:00,KEHO,22.666666666666668,84.92196832128572,1.3119805439759926,2.480110586825138,TRANSFERRED_MODEL,SCENARIO_P_IT=1_normalized,SCENARIO Table 3 midpoints,1
2012-08-15 04:00:00+00:00,KEHO,22.0,88.4364161279818,1.3113562024826952,2.478595991098088,TRANSFERRED_MODEL,SCENARIO_P_IT=1_normalized,SCENARIO Table 3 midpoints,1
2012-08-15 06:00:00+00:00,KEHO,21.0,94.01875700103768,1.3104473502022795,2.4763198039016716,TRANSFERRED_MODEL,SCENARIO_P_IT=1_normalized,SCENARIO Table 3 midpoints,1
2012-08-15 07:00:00+00:00,KEHO,20.33333333333333,93.98931237917286,1.308440951408461,2.4713899169933313,TRANSFERRED_MODEL,SCENARIO_P_IT=1_normalized,SCENARIO Table 3 midpoints,1
2012-08-15 08:00:00+00:00,KEHO,20.0,93.97450936662143,1.307462295245512,2.4689637593110265,TRANSFERRED_MODEL,SCENARIO_P_IT=1_normalized,SCENARIO Table 3 midpoints,1
2012-08-15 09:00:00+00:00,KEHO,19.666666666666668,93.95965220719242,1.3064815695741918,2.4665634644963244,TRANSFERRED_MODEL,SCENARIO_P_IT=1_normalized,SCENARIO Table 3 midpoints,1
2012-08-15 10:00:00+00:00,KEHO,20.0,90.13678067195194,1.3061206125433245,2.4657211762572238,TRANSFERRED_MODEL,SCENARIO_P_IT=1_normalized,SCENARIO Table 3 midpoints,1
2012-08-15 11:00:00+00:00,KEHO,20.0,93.97450936662143,1.30741285986433,2.4689653331179424,TRANSFERRED_MODEL,SCENARIO_P_IT=1_normalized,SCENARIO Table 3 midpoints,1
2012-08-15 12:00:00+00:00,KEHO,20.33333333333333,97.9600281764217,1.3097507077272472,2.4748019816458666,TRANSFERRED_MODEL,SCENARIO_P_IT=1_normalized,SCENARIO Table 3 midpoints,1
2012-08-15 13:00:00+00:00,KEHO,21.666666666666668,90.25472374748674,1.3110139013917792,2.4778396506822506,TRANSFERRED_MODEL,SCENARIO_P_IT=1_normalized,SCENARIO Table 3 midpoints,1
2012-08-15 14:00:00+00:00,KEHO,23.33333333333333,81.56373805333678,1.3125619883436936,2.4816281758522494,TRANSFERRED_MODEL,SCENARIO_P_IT=1_normalized,SCENARIO Table 3 midpoints,1
2012-08-15 15:00:00+00:00,KEHO,24.666666666666668,75.28580233204954,1.1117035744622374,0.0,TRANSFERRED_MODEL,SCENARIO_P_IT=1_normalized,SCENARIO Table 3 midpoints,1
2012-08-15 16:00:00+00:00,KEHO,25.33333333333333,72.35202232726088,1.1117007678732822,0.0,TRANSFERRED_MODEL,SCENARIO_P_IT=1_normalized,SCENARIO Table 3 midpoints,1
2012-08-15 17:00:00+00:00,KEHO,27.0,62.90673177196416,1.111710525878337,0.0,TRANSFERRED_MODEL,SCENARIO_P_IT=1_normalized,SCENARIO Table 3 midpoints,1
2012-08-15 18:00:00+00:00,KEHO,28.33333333333333,51.33169008379139,1.1117287159591307,0.0,TRANSFERRED_MODEL,SCENARIO_P_IT=1_normalized,SCENARIO Table 3 midpoints,1
2012-08-15 19:00:00+00:00,KEHO,29.0,48.3534241765764,1.111762977809404,0.0,TRANSFERRED_MODEL,SCENARIO_P_IT=1_normalized,SCENARIO Table 3 midpoints,1
2012-08-15 20:00:00+00:00,KEHO,27.5,52.76462521453784,1.111769166521242,0.0,TRANSFERRED_MODEL,SCENARIO_P_IT=1_normalized,SCENARIO Table 3 midpoints,1
2012-08-15 21:00:00+00:00,KEHO,27.0,56.07951487572317,1.1117628582175385,0.0,TRANSFERRED_MODEL,SCENARIO_P_IT=1_normalized,SCENARIO Table 3 midpoints,1
2012-08-15 22:00:00+00:00,KEHO,27.0,53.197693772035,1.1117356293020189,0.0,TRANSFERRED_MODEL,SCENARIO_P_IT=1_normalized,SCENARIO Table 3 midpoints,1
2012-08-15 23:00:00+00:00,KEHO,25.666666666666668,53.99931846560382,1.1117300351765613,0.0,TRANSFERRED_MODEL,SCENARIO_P_IT=1_normalized,SCENARIO Table 3 midpoints,1
2012-08-16 00:00:00+00:00,KEHO,23.0,60.70242277903299,1.1117231901304458,0.0,TRANSFERRED_MODEL,SCENARIO_P_IT=1_normalized,SCENARIO Table 3 midpoints,1
2012-08-16 01:00:00+00:00,KEHO,22.33333333333333,63.20813100116752,1.1117079260423888,0.0,TRANSFERRED_MODEL,SCENARIO_P_IT=1_normalized,SCENARIO Table 3 midpoints,1
2012-08-16 02:00:00+00:00,KEHO,21.33333333333333,67.18765028119539,1.111688557542123,0.0,TRANSFERRED_MODEL,SCENARIO_P_IT=1_normalized,SCENARIO Table 3 midpoints,1
2012-08-16 03:00:00+00:00,KEHO,20.0,77.76603602176817,1.301823595695152,2.455216958205944,TRANSFERRED_MODEL,SCENARIO_P_IT=1_normalized,SCENARIO Table 3 midpoints,1
2012-08-16 04:00:00+00:00,KEHO,20.0,77.76603602176817,1.301803081900817,2.455219587134433,TRANSFERRED_MODEL,SCENARIO_P_IT=1_normalized,SCENARIO Table 3 midpoints,1
2012-08-16 06:00:00+00:00,KEHO,17.5,88.05710535932624,1.2986170035727382,2.447296751936262,TRANSFERRED_MODEL,SCENARIO_P_IT=1_normalized,SCENARIO Table 3 midpoints,1
2012-08-16 07:00:00+00:00,KEHO,16.666666666666668,91.84050903802353,1.297581054057711,2.4446539503498133,TRANSFERRED_MODEL,SCENARIO_P_IT=1_normalized,SCENARIO Table 3 midpoints,1
2012-08-16 08:00:00+00:00,KEHO,16.333333333333332,91.82035392880564,1.2967277144100275,2.4425090766195146,TRANSFERRED_MODEL,SCENARIO_P_IT=1_normalized,SCENARIO Table 3 midpoints,1
2012-08-16 09:00:00+00:00,KEHO,16.0,93.7925739057458,1.2963863683005812,2.4417257808948727,TRANSFERRED_MODEL,SCENARIO_P_IT=1_normalized,SCENARIO Table 3 midpoints,1
2012-08-16 10:00:00+00:00,KEHO,15.0,97.8756860879641,1.2949103272669176,2.4380257261599234,TRANSFERRED_MODEL,SCENARIO_P_IT=1_normalized,SCENARIO Table 3 midpoints,1
2012-08-16 11:00:00+00:00,KEHO,15.333333333333334,97.88110885370328,1.29571809437894,2.4401553174971613,TRANSFERRED_MODEL,SCENARIO_P_IT=1_normalized,SCENARIO Table 3 midpoints,1
2012-08-16 12:00:00+00:00,KEHO,17.666666666666668,88.07147669973233,1.2989683009201647,2.44838587907941,TRANSFERRED_MODEL,SCENARIO_P_IT=1_normalized,SCENARIO Table 3 midpoints,1
2012-08-16 13:00:00+00:00,KEHO,20.666666666666668,74.62947626492131,1.111579013310619,0.0,TRANSFERRED_MODEL,SCENARIO_P_IT=1_normalized,SCENARIO Table 3 midpoints,1
2012-08-16 14:00:00+00:00,KEHO,24.0,57.15050854223925,1.1115689213032027,0.0,TRANSFERRED_MODEL,SCENARIO_P_IT=1_normalized,SCENARIO Table 3 midpoints,1
2012-08-16 15:00:00+00:00,KEHO,26.0,46.53569516808829,1.111568833386565,0.0,TRANSFERRED_MODEL,SCENARIO_P_IT=1_normalized,SCENARIO Table 3 midpoints,1
2012-08-16 16:00:00+00:00,KEHO,26.666666666666668,41.00692625048333,1.111566060565985,0.0,TRANSFERRED_MODEL,SCENARIO_P_IT=1_normalized,SCENARIO Table 3 midpoints,1
2012-08-16 17:00:00+00:00,KEHO,27.0,42.005936969816645,1.111564678842626,0.0,TRANSFERRED_MODEL,SCENARIO_P_IT=1_normalized,SCENARIO Table 3 midpoints,1
2012-08-16 18:00:00+00:00,KEHO,28.0,39.61807404744141,1.1115771681419708,0.0,TRANSFERRED_MODEL,SCENARIO_P_IT=1_normalized,SCENARIO Table 3 midpoints,1
2012-08-16 22:00:00+00:00,KEHO,28.0,40.93120230699643,1.1116959351162756,0.0,TRANSFERRED_MODEL,SCENARIO_P_IT=1_normalized,SCENARIO Table 3 midpoints,1
2012-08-16 23:00:00+00:00,KEHO,26.666666666666668,48.768600362464646,1.1117035508814717,0.0,TRANSFERRED_MODEL,SCENARIO_P_IT=1_normalized,SCENARIO Table 3 midpoints,1
2012-08-17 00:00:00+00:00,KEHO,25.33333333333333,56.26529974549543,1.111685451059945,0.0,TRANSFERRED_MODEL,SCENARIO_P_IT=1_normalized,SCENARIO Table 3 midpoints,1
2012-08-17 01:00:00+00:00,KEHO,23.0,66.10998562050804,1.1116466535105214,0.0,TRANSFERRED_MODEL,SCENARIO_P_IT=1_normalized,SCENARIO Table 3 midpoints,1
2012-08-17 02:00:00+00:00,KEHO,21.33333333333333,74.7405501294198,1.1116135451287898,0.0,TRANSFERRED_MODEL,SCENARIO_P_IT=1_normalized,SCENARIO Table 3 midpoints,1
2012-08-17 03:00:00+00:00,KEHO,20.666666666666668,76.23245139690982,1.111634458150396,0.0,TRANSFERRED_MODEL,SCENARIO_P_IT=1_normalized,SCENARIO Table 3 midpoints,1
2012-08-17 06:00:00+00:00,KEHO,17.5,93.86174264731471,1.3003746076305802,2.451553389363318,TRANSFERRED_MODEL,SCENARIO_P_IT=1_normalized,SCENARIO Table 3 midpoints,1
2012-08-17 07:00:00+00:00,KEHO,18.0,88.1001435273896,1.300008254597156,2.4505599176165993,TRANSFERRED_MODEL,SCENARIO_P_IT=1_normalized,SCENARIO Table 3 midpoints,1
2012-08-17 08:00:00+00:00,KEHO,17.333333333333332,91.88059982795733,1.2994048230910162,2.4490043646669846,TRANSFERRED_MODEL,SCENARIO_P_IT=1_normalized,SCENARIO Table 3 midpoints,1
2012-08-17 09:00:00+00:00,KEHO,17.0,93.83881396078476,1.29908608794317,2.4482265154910303,TRANSFERRED_MODEL,SCENARIO_P_IT=1_normalized,SCENARIO Table 3 midpoints,1
2012-08-17 10:00:00+00:00,KEHO,16.0,97.8918925025754,1.2975990670545083,2.444475267063593,TRANSFERRED_MODEL,SCENARIO_P_IT=1_normalized,SCENARIO Table 3 midpoints,1
2012-08-17 11:00:00+00:00,KEHO,17.0,95.85438867365647,1.2996743890875728,2.449660666072041,TRANSFERRED_MODEL,SCENARIO_P_IT=1_normalized,SCENARIO Table 3 midpoints,1
2012-08-17 12:00:00+00:00,KEHO,20.0,82.87192979044534,1.303625188888529,2.4595594439150026,TRANSFERRED_MODEL,SCENARIO_P_IT=1_normalized,SCENARIO Table 3 midpoints,1
2012-08-17 13:00:00+00:00,KEHO,22.0,78.06286399643153,1.3073211964356022,2.4687361878008938,TRANSFERRED_MODEL,SCENARIO_P_IT=1_normalized,SCENARIO Table 3 midpoints,1
2012-08-17 14:00:00+00:00,KEHO,24.666666666666668,66.45481132799416,1.111720297443058,0.0,TRANSFERRED_MODEL,SCENARIO_P_IT=1_normalized,SCENARIO Table 3 midpoints,1
2012-08-17 15:00:00+00:00,KEHO,26.33333333333333,60.19086952545671,1.1117216670441388,0.0,TRANSFERRED_MODEL,SCENARIO_P_IT=1_normalized,SCENARIO Table 3 midpoints,1
2012-08-17 16:00:00+00:00,KEHO,27.33333333333333,55.574508499234895,1.1117384317714771,0.0,TRANSFERRED_MODEL,SCENARIO_P_IT=1_normalized,SCENARIO Table 3 midpoints,1
2012-08-17 17:00:00+00:00,KEHO,28.0,54.58377661119759,1.111760808103753,0.0,TRANSFERRED_MODEL,SCENARIO_P_IT=1_normalized,SCENARIO Table 3 midpoints,1
2012-08-17 19:00:00+00:00,KEHO,26.0,67.42245330571328,1.1118110955836091,0.0,TRANSFERRED_MODEL,SCENARIO_P_IT=1_normalized,SCENARIO Table 3 midpoints,1
2012-08-17 22:00:00+00:00,KEHO,24.33333333333333,75.23202557578263,1.1118349357041102,0.0,TRANSFERRED_MODEL,SCENARIO_P_IT=1_normalized,SCENARIO Table 3 midpoints,1
2012-08-17 23:00:00+00:00,KEHO,23.33333333333333,79.89568185603821,1.3119898140213544,2.4799024505400395,TRANSFERRED_MODEL,SCENARIO_P_IT=1_normalized,SCENARIO Table 3 midpoints,1
2012-08-18 00:00:00+00:00,KEHO,22.33333333333333,81.43753121501415,1.3096638025367033,2.4742927052635,TRANSFERRED_MODEL,SCENARIO_P_IT=1_normalized,SCENARIO Table 3 midpoints,1
2012-08-18 01:00:00+00:00,KEHO,22.0,86.6278071123836,1.3106666533822686,2.476880649665765,TRANSFERRED_MODEL,SCENARIO_P_IT=1_normalized,SCENARIO Table 3 midpoints,1
2012-08-18 02:00:00+00:00,KEHO,21.0,94.01875700103768,1.310412716521822,2.4763209191291904,TRANSFERRED_MODEL,SCENARIO_P_IT=1_normalized,SCENARIO Table 3 midpoints,1
2012-08-18 03:00:00+00:00,KEHO,21.0,94.01875700103768,1.310412716521822,2.4763209191291904,TRANSFERRED_MODEL,SCENARIO_P_IT=1_normalized,SCENARIO Table 3 midpoints,1
2012-08-18 04:00:00+00:00,KEHO,21.0,94.01875700103768,1.310412716521822,2.4763209191291904,TRANSFERRED_MODEL,SCENARIO_P_IT=1_normalized,SCENARIO Table 3 midpoints,1
2012-08-18 06:00:00+00:00,KEHO,19.0,93.92977440102698,1.3046169553951987,2.4618355186523853,TRANSFERRED_MODEL,SCENARIO_P_IT=1_normalized,SCENARIO Table 3 midpoints,1
2012-08-18 07:00:00+00:00,KEHO,19.0,93.92977440102698,1.304631812532053,2.461835052084219,TRANSFERRED_MODEL,SCENARIO_P_IT=1_normalized,SCENARIO Table 3 midpoints,1
2012-08-18 08:00:00+00:00,KEHO,18.33333333333333,97.92899633701548,1.304006104587955,2.460298978504826,TRANSFERRED_MODEL,SCENARIO_P_IT=1_normalized,SCENARIO Table 3 midpoints,1
2012-08-18 09:00:00+00:00,KEHO,19.0,93.92977440102698,1.3046103550759083,2.4618357259863717,TRANSFERRED_MODEL,SCENARIO_P_IT=1_normalized,SCENARIO Table 3 midpoints,1
2012-08-18 10:00:00+00:00,KEHO,18.33333333333333,95.8957512566326,1.3033356746619478,2.458739843726539,TRANSFERRED_MODEL,SCENARIO_P_IT=1_normalized,SCENARIO Table 3 midpoints,1
2012-08-18 11:00:00+00:00,KEHO,18.0,97.92375582673634,1.3030062455831664,2.4579695655861236,TRANSFERRED_MODEL,SCENARIO_P_IT=1_normalized,SCENARIO Table 3 midpoints,1
2012-08-18 12:00:00+00:00,KEHO,19.666666666666668,93.95965220719242,1.3064469765037499,2.466564561539688,TRANSFERRED_MODEL,SCENARIO_P_IT=1_normalized,SCENARIO Table 3 midpoints,1
2012-08-18 13:00:00+00:00,KEHO,20.33333333333333,100.0,1.3104755103087942,2.4765504300604384,TRANSFERRED_MODEL,SCENARIO_P_IT=1_normalized,SCENARIO Table 3 midpoints,1
2012-08-18 14:00:00+00:00,KEHO,24.33333333333333,67.79379019809963,1.111735652433818,0.0,TRANSFERRED_MODEL,SCENARIO_P_IT=1_normalized,SCENARIO Table 3 midpoints,1
2012-08-18 15:00:00+00:00,KEHO,24.33333333333333,65.0043932876129,1.111725889023843,0.0,TRANSFERRED_MODEL,SCENARIO_P_IT=1_normalized,SCENARIO Table 3 midpoints,1
2012-08-18 16:00:00+00:00,KEHO,24.666666666666668,63.72050712603672,1.1117244802483592,0.0,TRANSFERRED_MODEL,SCENARIO_P_IT=1_normalized,SCENARIO Table 3 midpoints,1
2012-08-18 17:00:00+00:00,KEHO,24.666666666666668,63.72050712603672,1.1117495944037425,0.0,TRANSFERRED_MODEL,SCENARIO_P_IT=1_normalized,SCENARIO Table 3 midpoints,1
2012-08-18 18:00:00+00:00,KEHO,25.33333333333333,61.23741012885192,1.1117761202639114,0.0,TRANSFERRED_MODEL,SCENARIO_P_IT=1_normalized,SCENARIO Table 3 midpoints,1
2012-08-18 19:00:00+00:00,KEHO,26.33333333333333,56.50992398995118,1.1118040994290073,0.0,TRANSFERRED_MODEL,SCENARIO_P_IT=1_normalized,SCENARIO Table 3 midpoints,1
2012-08-18 20:00:00+00:00,KEHO,27.0,53.197693772035,1.1118433523189728,0.0,TRANSFERRED_MODEL,SCENARIO_P_IT=1_normalized,SCENARIO Table 3 midpoints,1
2012-08-18 21:00:00+00:00,KEHO,27.0,54.33441603408858,1.111832134878248,0.0,TRANSFERRED_MODEL,SCENARIO_P_IT=1_normalized,SCENARIO Table 3 midpoints,1
2012-08-18 22:00:00+00:00,KEHO,25.666666666666668,61.31306126466701,1.1118377156157049,0.0,TRANSFERRED_MODEL,SCENARIO_P_IT=1_normalized,SCENARIO Table 3 midpoints,1
2012-08-18 23:00:00+00:00,KEHO,25.0,65.14551045571683,1.1118321141198908,0.0,TRANSFERRED_MODEL,SCENARIO_P_IT=1_normalized,SCENARIO Table 3 midpoints,1
2012-08-19 00:00:00+00:00,KEHO,23.666666666666668,75.12397742612181,1.1118153544571416,0.0,TRANSFERRED_MODEL,SCENARIO_P_IT=1_normalized,SCENARIO Table 3 midpoints,1
2012-08-19 01:00:00+00:00,KEHO,21.0,82.9903987771767,1.3064569159227666,2.4664347526975523,TRANSFERRED_MODEL,SCENARIO_P_IT=1_normalized,SCENARIO Table 3 midpoints,1
2012-08-19 02:00:00+00:00,KEHO,20.0,90.13678067195194,1.3061451163040323,2.4657198746332396,TRANSFERRED_MODEL,SCENARIO_P_IT=1_normalized,SCENARIO Table 3 midpoints,1
2012-08-19 03:00:00+00:00,KEHO,20.0,93.97450936662143,1.3074524002858556,2.4689640741531185,TRANSFERRED_MODEL,SCENARIO_P_IT=1_normalized,SCENARIO Table 3 midpoints,1
2012-08-19 06:00:00+00:00,KEHO,20.0,93.97450936662143,1.3075068714389475,2.468962342034503,TRANSFERRED_MODEL,SCENARIO_P_IT=1_normalized,SCENARIO Table 3 midpoints,1
2012-08-19 07:00:00+00:00,KEHO,19.666666666666668,92.01864978066432,1.3058908627216894,2.464951711121027,TRANSFERRED_MODEL,SCENARIO_P_IT=1_normalized,SCENARIO Table 3 midpoints,1
2012-08-19 08:00:00+00:00,KEHO,20.0,93.97450936662143,1.3075118292920842,2.4689621845094947,TRANSFERRED_MODEL,SCENARIO_P_IT=1_normalized,SCENARIO Table 3 midpoints,1
2012-08-19 09:00:00+00:00,KEHO,20.0,93.97450936662143,1.3075167881343992,2.4689620269746793,TRANSFERRED_MODEL,SCENARIO_P_IT=1_normalized,SCENARIO Table 3 midpoints,1
2012-08-19 10:00:00+00:00,KEHO,20.0,93.97450936662143,1.3074787956173195,2.468963234488667,TRANSFERRED_MODEL,SCENARIO_P_IT=1_normalized,SCENARIO Table 3 midpoints,1
2012-08-19 11:00:00+00:00,KEHO,20.0,93.97450936662143,1.3074672442045603,2.4689636018743726,TRANSFERRED_MODEL,SCENARIO_P_IT=1_normalized,SCENARIO Table 3 midpoints,1
2012-08-19 12:00:00+00:00,KEHO,20.0,95.9465959012407,1.3081320520276136,2.470627783198537,TRANSFERRED_MODEL,SCENARIO_P_IT=1_normalized,SCENARIO Table 3 midpoints,1
2012-08-19 13:00:00+00:00,KEHO,20.33333333333333,97.9600281764217,1.3098188432116593,2.4748012565723134,TRANSFERRED_MODEL,SCENARIO_P_IT=1_normalized,SCENARIO Table 3 midpoints,1
2012-08-19 14:00:00+00:00,KEHO,21.0,94.01875700103768,1.3104473502022795,2.4763198039016716,TRANSFERRED_MODEL,SCENARIO_P_IT=1_normalized,SCENARIO Table 3 midpoints,1
2012-08-19 15:00:00+00:00,KEHO,22.0,83.10768815769457,1.3093402355905397,2.4735339506453045,TRANSFERRED_MODEL,SCENARIO_P_IT=1_normalized,SCENARIO Table 3 midpoints,1
2012-08-19 16:00:00+00:00,KEHO,22.33333333333333,76.49408934802871,1.1118056601257986,0.0,TRANSFERRED_MODEL,SCENARIO_P_IT=1_normalized,SCENARIO Table 3 midpoints,1
2012-08-19 17:00:00+00:00,KEHO,23.666666666666668,67.66041339806202,1.1118153544571416,0.0,TRANSFERRED_MODEL,SCENARIO_P_IT=1_normalized,SCENARIO Table 3 midpoints,1
2012-08-19 18:00:00+00:00,KEHO,25.0,62.465077851694176,1.1118321141198908,0.0,TRANSFERRED_MODEL,SCENARIO_P_IT=1_normalized,SCENARIO Table 3 midpoints,1
2012-08-19 19:00:00+00:00,KEHO,23.33333333333333,73.51892767698158,1.1118644389814125,0.0,TRANSFERRED_MODEL,SCENARIO_P_IT=1_normalized,SCENARIO Table 3 midpoints,1
2012-08-19 20:00:00+00:00,KEHO,21.33333333333333,88.38134524455714,1.309470935715203,2.473667099732047,TRANSFERRED_MODEL,SCENARIO_P_IT=1_normalized,SCENARIO Table 3 midpoints,1
2012-08-19 21:00:00+00:00,KEHO,22.0,79.71373843941369,1.3081318855198787,2.4702895988819282,TRANSFERRED_MODEL,SCENARIO_P_IT=1_normalized,SCENARIO Table 3 midpoints,1
2012-08-19 22:00:00+00:00,KEHO,22.0,81.39518627751313,1.3087782935659864,2.471893264631258,TRANSFERRED_MODEL,SCENARIO_P_IT=1_normalized,SCENARIO Table 3 midpoints,1
2012-08-19 23:00:00+00:00,KEHO,21.0,82.9903987771767,1.3065438945462426,2.4664263324498523,TRANSFERRED_MODEL,SCENARIO_P_IT=1_normalized,SCENARIO Table 3 midpoints,1
2012-08-20 00:00:00+00:00,KEHO,20.0,88.27004464253949,1.3055984715047453,2.4641331060636373,TRANSFERRED_MODEL,SCENARIO_P_IT=1_normalized,SCENARIO Table 3 midpoints,1
2012-08-20 01:00:00+00:00,KEHO,20.0,88.27004464253949,1.3055707217725643,2.4641348714972704,TRANSFERRED_MODEL,SCENARIO_P_IT=1_normalized,SCENARIO Table 3 midpoints,1
2012-08-20 02:00:00+00:00,KEHO,20.0,90.13678067195194,1.3061827364674183,2.4657178780005466,TRANSFERRED_MODEL,SCENARIO_P_IT=1_normalized,SCENARIO Table 3 midpoints,1
2012-08-20 03:00:00+00:00,KEHO,19.666666666666668,90.11294017307786,1.3052135191450653,2.4633711679400823,TRANSFERRED_MODEL,SCENARIO_P_IT=1_normalized,SCENARIO Table 3 midpoints,1
2012-08-20 06:00:00+00:00,KEHO,18.0,93.88454500736408,1.3018661207590494,2.454925335568638,TRANSFERRED_MODEL,SCENARIO_P_IT=1_normalized,SCENARIO Table 3 midpoints,1
2012-08-20 07:00:00+00:00,KEHO,18.0,93.88454500736408,1.3018661207589193,2.4549253355683054,TRANSFERRED_MODEL,SCENARIO_P_IT=1_normalized,SCENARIO Table 3 midpoints,1
2012-08-20 08:00:00+00:00,KEHO,18.0,93.88454500736408,1.301856221703401,2.454925642537971,TRANSFERRED_MODEL,SCENARIO_P_IT=1_normalized,SCENARIO Table 3 midpoints,1
2012-08-20 09:00:00+00:00,KEHO,18.0,93.88454500736408,1.301831491322527,2.454926409776763,TRANSFERRED_MODEL,SCENARIO_P_IT=1_normalized,SCENARIO Table 3 midpoints,1
2012-08-20 10:00:00+00:00,KEHO,18.0,93.88454500736408,1.3018117247514487,2.4549270233810447,TRANSFERRED_MODEL,SCENARIO_P_IT=1_normalized,SCENARIO Table 3 midpoints,1
2012-08-20 11:00:00+00:00,KEHO,18.0,93.88454500736408,1.3017886836487527,2.4549277390449515,TRANSFERRED_MODEL,SCENARIO_P_IT=1_normalized,SCENARIO Table 3 midpoints,1
2012-08-20 12:00:00+00:00,KEHO,18.33333333333333,93.89967685168608,1.3026658572803334,2.4572084904046316,TRANSFERRED_MODEL,SCENARIO_P_IT=1_normalized,SCENARIO Table 3 midpoints,1
2012-08-20 13:00:00+00:00,KEHO,19.666666666666668,84.60212387425233,1.3033121294418566,2.4587891772256496,TRANSFERRED_MODEL,SCENARIO_P_IT=1_normalized,SCENARIO Table 3 midpoints,1
2012-08-20 14:00:00+00:00,KEHO,20.666666666666668,81.2244112518442,1.3048497035885454,2.462597760892627,TRANSFERRED_MODEL,SCENARIO_P_IT=1_normalized,SCENARIO Table 3 midpoints,1
2012-08-20 15:00:00+00:00,KEHO,22.0,74.8509428010077,1.1117316569565108,0.0,TRANSFERRED_MODEL,SCENARIO_P_IT=1_normalized,SCENARIO Table 3 midpoints,1
2012-08-20 16:00:00+00:00,KEHO,23.33333333333333,70.50152801166188,1.1117594412804601,0.0,TRANSFERRED_MODEL,SCENARIO_P_IT=1_normalized,SCENARIO Table 3 midpoints,1
2012-08-20 17:00:00+00:00,KEHO,24.666666666666668,61.085528631766415,1.1117691481909853,0.0,TRANSFERRED_MODEL,SCENARIO_P_IT=1_normalized,SCENARIO Table 3 midpoints,1
2012-08-20 18:00:00+00:00,KEHO,26.0,54.08337422022996,1.1117775152232061,0.0,TRANSFERRED_MODEL,SCENARIO_P_IT=1_normalized,SCENARIO Table 3 midpoints,1
2012-08-20 19:00:00+00:00,KEHO,26.0,50.72618873623027,1.1117817098682456,0.0,TRANSFERRED_MODEL,SCENARIO_P_IT=1_normalized,SCENARIO Table 3 midpoints,1
2012-08-20 20:00:00+00:00,KEHO,26.0,55.24503725564118,1.1117817098682456,0.0,TRANSFERRED_MODEL,SCENARIO_P_IT=1_normalized,SCENARIO Table 3 midpoints,1
2012-08-20 21:00:00+00:00,KEHO,25.0,63.79293059073713,1.111785913747912,0.0,TRANSFERRED_MODEL,SCENARIO_P_IT=1_normalized,SCENARIO Table 3 midpoints,1
2012-08-20 22:00:00+00:00,KEHO,24.0,70.62585616825257,1.1117859508646164,0.0,TRANSFERRED_MODEL,SCENARIO_P_IT=1_normalized,SCENARIO Table 3 midpoints,1
2012-08-20 23:00:00+00:00,KEHO,23.0,76.59760589169682,1.1117706421351816,0.0,TRANSFERRED_MODEL,SCENARIO_P_IT=1_normalized,SCENARIO Table 3 midpoints,1
2012-08-21 00:00:00+00:00,KEHO,22.0,83.10768815769457,1.309306482472008,2.473537263937835,TRANSFERRED_MODEL,SCENARIO_P_IT=1_normalized,SCENARIO Table 3 midpoints,1
2012-08-21 01:00:00+00:00,KEHO,22.0,84.85173081185435,1.3099383189490938,2.475198414387298,TRANSFERRED_MODEL,SCENARIO_P_IT=1_normalized,SCENARIO Table 3 midpoints,1
2012-08-21 02:00:00+00:00,KEHO,21.0,88.35366560432122,1.3082743175453686,2.4712593804562033,TRANSFERRED_MODEL,SCENARIO_P_IT=1_normalized,SCENARIO Table 3 midpoints,1
2012-08-21 03:00:00+00:00,KEHO,20.666666666666668,82.95104092505107,1.3053969245807227,2.4641293452107074,TRANSFERRED_MODEL,SCENARIO_P_IT=1_normalized,SCENARIO Table 3 midpoints,1
2012-08-21 04:00:00+00:00,KEHO,20.0,82.87192979044534,1.3035627431508672,2.459565435406429,TRANSFERRED_MODEL,SCENARIO_P_IT=1_normalized,SCENARIO Table 3 midpoints,1
2012-08-21 06:00:00+00:00,KEHO,18.0,93.88454500736408,1.3016836249407833,2.4549310077710493,TRANSFERRED_MODEL,SCENARIO_P_IT=1_normalized,SCENARIO Table 3 midpoints,1
2012-08-21 07:00:00+00:00,KEHO,17.333333333333332,97.91321517166044,1.3010576788517298,2.4533814451168365,TRANSFERRED_MODEL,SCENARIO_P_IT=1_normalized,SCENARIO Table 3 midpoints,1
2012-08-21 08:00:00+00:00,KEHO,18.0,93.88454500736408,1.3016934552745696,2.4549307015280175,TRANSFERRED_MODEL,SCENARIO_P_IT=1_normalized,SCENARIO Table 3 midpoints,1
2012-08-21 09:00:00+00:00,KEHO,18.0,93.88454500736408,1.3016934552745696,2.4549307015280175,TRANSFERRED_MODEL,SCENARIO_P_IT=1_normalized,SCENARIO Table 3 midpoints,1
2012-08-21 10:00:00+00:00,KEHO,17.0,93.83881396078476,1.298997619082211,2.448229234081671,TRANSFERRED_MODEL,SCENARIO_P_IT=1_normalized,SCENARIO Table 3 midpoints,1
2012-08-21 11:00:00+00:00,KEHO,17.333333333333332,93.85411383351698,1.2998473536144697,2.4504418024210866,TRANSFERRED_MODEL,SCENARIO_P_IT=1_normalized,SCENARIO Table 3 midpoints,1
2012-08-21 12:00:00+00:00,KEHO,19.0,82.75226606225803,1.3008210742939843,2.4528991400225446,TRANSFERRED_MODEL,SCENARIO_P_IT=1_normalized,SCENARIO Table 3 midpoints,1
2012-08-21 13:00:00+00:00,KEHO,21.33333333333333,76.33759769269038,1.1115996830508208,0.0,TRANSFERRED_MODEL,SCENARIO_P_IT=1_normalized,SCENARIO Table 3 midpoints,1
2012-08-21 14:00:00+00:00,KEHO,23.33333333333333,62.091736815746046,1.1115717443635584,0.0,TRANSFERRED_MODEL,SCENARIO_P_IT=1_normalized,SCENARIO Table 3 midpoints,1
2012-08-21 15:00:00+00:00,KEHO,25.0,57.393288213137126,1.1115785550092108,0.0,TRANSFERRED_MODEL,SCENARIO_P_IT=1_normalized,SCENARIO Table 3 midpoints,1
2012-08-21 16:00:00+00:00,KEHO,26.0,55.83404939014579,1.1115854524887918,0.0,TRANSFERRED_MODEL,SCENARIO_P_IT=1_normalized,SCENARIO Table 3 midpoints,1
2012-08-21 17:00:00+00:00,KEHO,26.0,54.08337422022996,1.1115979253896138,0.0,TRANSFERRED_MODEL,SCENARIO_P_IT=1_normalized,SCENARIO Table 3 midpoints,1
2012-08-21 18:00:00+00:00,KEHO,26.666666666666668,50.90009139722507,1.111618729116064,0.0,TRANSFERRED_MODEL,SCENARIO_P_IT=1_normalized,SCENARIO Table 3 midpoints,1
2012-08-21 19:00:00+00:00,KEHO,26.666666666666668,50.90009139722507,1.1116326110728643,0.0,TRANSFERRED_MODEL,SCENARIO_P_IT=1_normalized,SCENARIO Table 3 midpoints,1
2012-08-21 20:00:00+00:00,KEHO,27.666666666666668,45.98966276788584,1.1116326346700087,0.0,TRANSFERRED_MODEL,SCENARIO_P_IT=1_normalized,SCENARIO Table 3 midpoints,1
2012-08-21 21:00:00+00:00,KEHO,27.666666666666668,45.01269796360924,1.1116409690387736,0.0,TRANSFERRED_MODEL,SCENARIO_P_IT=1_normalized,SCENARIO Table 3 midpoints,1
2012-08-21 22:00:00+00:00,KEHO,26.666666666666668,50.90009139722507,1.1116284455301395,0.0,TRANSFERRED_MODEL,SCENARIO_P_IT=1_normalized,SCENARIO Table 3 midpoints,1
2012-08-21 23:00:00+00:00,KEHO,24.33333333333333,66.386225579277,1.1116229498059875,0.0,TRANSFERRED_MODEL,SCENARIO_P_IT=1_normalized,SCENARIO Table 3 midpoints,1
2012-08-22 00:00:00+00:00,KEHO,20.666666666666668,81.2244112518442,1.304685809815073,2.46261541652139,TRANSFERRED_MODEL,SCENARIO_P_IT=1_normalized,SCENARIO Table 3 midpoints,1
2012-08-22 01:00:00+00:00,KEHO,18.0,85.3272512186471,1.2989633108728122,2.4484758781598606,TRANSFERRED_MODEL,SCENARIO_P_IT=1_normalized,SCENARIO Table 3 midpoints,1
2012-08-22 02:00:00+00:00,KEHO,17.333333333333332,91.88059982795733,1.2991834141868777,2.449013490891093,TRANSFERRED_MODEL,SCENARIO_P_IT=1_normalized,SCENARIO Table 3 midpoints,1
2012-08-22 03:00:00+00:00,KEHO,18.0,93.88454500736408,1.3015268691743265,2.454935902037779,TRANSFERRED_MODEL,SCENARIO_P_IT=1_normalized,SCENARIO Table 3 midpoints,1
2012-08-22 06:00:00+00:00,KEHO,18.0,93.88454500736408,1.3015512967407266,2.454935138005705,TRANSFERRED_MODEL,SCENARIO_P_IT=1_normalized,SCENARIO Table 3 midpoints,1
2012-08-22 07:00:00+00:00,KEHO,18.0,93.88454500736408,1.3015512967407266,2.454935138005705,TRANSFERRED_MODEL,SCENARIO_P_IT=1_normalized,SCENARIO Table 3 midpoints,1
2012-08-22 08:00:00+00:00,KEHO,18.0,93.88454500736408,1.3015561851584743,2.45493498516792,TRANSFERRED_MODEL,SCENARIO_P_IT=1_normalized,SCENARIO Table 3 midpoints,1
2012-08-22 09:00:00+00:00,KEHO,17.333333333333332,93.85411383351698,1.2997657884872498,2.4504443275873964,TRANSFERRED_MODEL,SCENARIO_P_IT=1_normalized,SCENARIO Table 3 midpoints,1
2012-08-22 10:00:00+00:00,KEHO,17.666666666666668,89.96810098182063,1.299491660932169,2.4497934597777697,TRANSFERRED_MODEL,SCENARIO_P_IT=1_normalized,SCENARIO Table 3 midpoints,1
2012-08-22 11:00:00+00:00,KEHO,18.0,88.1001435273896,1.2997678817321892,2.4505749250514794,TRANSFERRED_MODEL,SCENARIO_P_IT=1_normalized,SCENARIO Table 3 midpoints,1
2012-08-22 12:00:00+00:00,KEHO,18.33333333333333,86.27558632784275,1.3000652744916843,2.451355024441823,TRANSFERRED_MODEL,SCENARIO_P_IT=1_normalized,SCENARIO Table 3 midpoints,1
2012-08-22 13:00:00+00:00,KEHO,20.33333333333333,81.18136577306466,1.3036478966462173,2.4603603319172556,TRANSFERRED_MODEL,SCENARIO_P_IT=1_normalized,SCENARIO Table 3 midpoints,1
2012-08-22 14:00:00+00:00,KEHO,22.0,73.28896468276716,1.1114821215872752,0.0,TRANSFERRED_MODEL,SCENARIO_P_IT=1_normalized,SCENARIO Table 3 midpoints,1
2012-08-22 15:00:00+00:00,KEHO,24.0,67.7271953539746,1.1114694995037786,0.0,TRANSFERRED_MODEL,SCENARIO_P_IT=1_normalized,SCENARIO Table 3 midpoints,1
2012-08-22 16:00:00+00:00,KEHO,25.666666666666668,61.31306126466701,1.1114721581290672,0.0,TRANSFERRED_MODEL,SCENARIO_P_IT=1_normalized,SCENARIO Table 3 midpoints,1
2012-08-22 17:00:00+00:00,KEHO,25.33333333333333,61.23741012885192,1.1114969891892428,0.0,TRANSFERRED_MODEL,SCENARIO_P_IT=1_normalized,SCENARIO Table 3 midpoints,1
2012-08-22 18:00:00+00:00,KEHO,26.666666666666668,55.41015021249206,1.1115162847692184,0.0,TRANSFERRED_MODEL,SCENARIO_P_IT=1_normalized,SCENARIO Table 3 midpoints,1
2012-08-22 19:00:00+00:00,KEHO,26.33333333333333,56.50992398995118,1.1115342474339909,0.0,TRANSFERRED_MODEL,SCENARIO_P_IT=1_normalized,SCENARIO Table 3 midpoints,1
2012-08-22 20:00:00+00:00,KEHO,27.0,54.33441603408858,1.1115563750025201,0.0,TRANSFERRED_MODEL,SCENARIO_P_IT=1_normalized,SCENARIO Table 3 midpoints,1
2012-08-22 21:00:00+00:00,KEHO,26.666666666666668,55.41015021249206,1.111566060565985,0.0,TRANSFERRED_MODEL,SCENARIO_P_IT=1_normalized,SCENARIO Table 3 midpoints,1
2012-08-22 22:00:00+00:00,KEHO,25.33333333333333,63.86516240805331,1.1115633135735534,0.0,TRANSFERRED_MODEL,SCENARIO_P_IT=1_normalized,SCENARIO Table 3 midpoints,1
2012-08-22 23:00:00+00:00,KEHO,24.666666666666668,67.86019852515878,1.1115508923253166,0.0,TRANSFERRED_MODEL,SCENARIO_P_IT=1_normalized,SCENARIO Table 3 midpoints,1
2012-08-23 00:00:00+00:00,KEHO,22.33333333333333,70.31367318112501,1.1115386589078569,0.0,TRANSFERRED_MODEL,SCENARIO_P_IT=1_normalized,SCENARIO Table 3 midpoints,1
2012-08-23 01:00:00+00:00,KEHO,21.0,77.91515829174936,1.3043001379945436,2.4619011765887304,TRANSFERRED_MODEL,SCENARIO_P_IT=1_normalized,SCENARIO Table 3 midpoints,1
2012-08-23 02:00:00+00:00,KEHO,21.0,81.26731545819729,1.3055108542493137,2.4649182682146495,TRANSFERRED_MODEL,SCENARIO_P_IT=1_normalized,SCENARIO Table 3 midpoints,1
2012-08-23 03:00:00+00:00,KEHO,20.0,86.43734298391152,1.3045384913133493,2.4626104502751267,TRANSFERRED_MODEL,SCENARIO_P_IT=1_normalized,SCENARIO Table 3 midpoints,1
2012-08-23 04:00:00+00:00,KEHO,20.0,88.27004464253949,1.3051582405862023,2.464161275618553,TRANSFERRED_MODEL,SCENARIO_P_IT=1_normalized,SCENARIO Table 3 midpoints,1
2012-08-23 06:00:00+00:00,KEHO,18.0,93.88454500736408,1.3014488632699057,2.4549383452099556,TRANSFERRED_MODEL,SCENARIO_P_IT=1_normalized,SCENARIO Table 3 midpoints,1
2012-08-23 07:00:00+00:00,KEHO,17.666666666666668,95.87514716396385,1.3011349374493597,2.4541614158309057,TRANSFERRED_MODEL,SCENARIO_P_IT=1_normalized,SCENARIO Table 3 midpoints,1
2012-08-23 08:00:00+00:00,KEHO,17.0,95.85438867365647,1.2993498993957235,2.449667330640964,TRANSFERRED_MODEL,SCENARIO_P_IT=1_normalized,SCENARIO Table 3 midpoints,1
2012-08-23 09:00:00+00:00,KEHO,17.0,95.85438867365647,1.2993450153581199,2.4496674313858366,TRANSFERRED_MODEL,SCENARIO_P_IT=1_normalized,SCENARIO Table 3 midpoints,1
2012-08-23 10:00:00+00:00,KEHO,17.333333333333332,95.86478731398287,1.3002171935274844,2.451903454036916,TRANSFERRED_MODEL,SCENARIO_P_IT=1_normalized,SCENARIO Table 3 midpoints,1
2012-08-23 11:00:00+00:00,KEHO,17.333333333333332,93.85411383351698,1.299627744113481,2.4504486137003063,TRANSFERRED_MODEL,SCENARIO_P_IT=1_normalized,SCENARIO Table 3 midpoints,1
2012-08-23 12:00:00+00:00,KEHO,19.33333333333333,86.37297552041,1.302647717069797,2.458044416189202,TRANSFERRED_MODEL,SCENARIO_P_IT=1_normalized,SCENARIO Table 3 midpoints,1
2012-08-23 13:00:00+00:00,KEHO,21.0,79.57573260682874,1.3048267827098863,2.4634054493364888,TRANSFERRED_MODEL,SCENARIO_P_IT=1_normalized,SCENARIO Table 3 midpoints,1
2012-08-23 14:00:00+00:00,KEHO,22.666666666666668,74.96065934852216,1.1114338517898648,0.0,TRANSFERRED_MODEL,SCENARIO_P_IT=1_normalized,SCENARIO Table 3 midpoints,1
2012-08-23 15:00:00+00:00,KEHO,24.33333333333333,67.79379019809963,1.1114268095489972,0.0,TRANSFERRED_MODEL,SCENARIO_P_IT=1_normalized,SCENARIO Table 3 midpoints,1
2012-08-23 16:00:00+00:00,KEHO,25.33333333333333,62.53916569481073,1.1114363743466544,0.0,TRANSFERRED_MODEL,SCENARIO_P_IT=1_normalized,SCENARIO Table 3 midpoints,1
2012-08-23 17:00:00+00:00,KEHO,26.0,58.86266994501438,1.1114446050699152,0.0,TRANSFERRED_MODEL,SCENARIO_P_IT=1_normalized,SCENARIO Table 3 midpoints,1
2012-08-23 18:00:00+00:00,KEHO,26.33333333333333,56.50992398995118,1.1114693854785522,0.0,TRANSFERRED_MODEL,SCENARIO_P_IT=1_normalized,SCENARIO Table 3 midpoints,1
2012-08-23 19:00:00+00:00,KEHO,27.0,54.33441603408858,1.111495579680005,0.0,TRANSFERRED_MODEL,SCENARIO_P_IT=1_normalized,SCENARIO Table 3 midpoints,1
2012-08-23 20:00:00+00:00,KEHO,27.0,52.08192232887679,1.1115107621132543,0.0,TRANSFERRED_MODEL,SCENARIO_P_IT=1_normalized,SCENARIO Table 3 midpoints,1
2012-08-23 21:00:00+00:00,KEHO,27.0,50.98677157890719,1.1115107621132543,0.0,TRANSFERRED_MODEL,SCENARIO_P_IT=1_normalized,SCENARIO Table 3 midpoints,1
2012-08-23 22:00:00+00:00,KEHO,26.0,55.24503725564118,1.1115149113600744,0.0,TRANSFERRED_MODEL,SCENARIO_P_IT=1_normalized,SCENARIO Table 3 midpoints,1
2012-08-23 23:00:00+00:00,KEHO,24.666666666666668,62.390797250789554,1.1115246311887332,0.0,TRANSFERRED_MODEL,SCENARIO_P_IT=1_normalized,SCENARIO Table 3 midpoints,1
2012-08-24 00:00:00+00:00,KEHO,23.0,68.96917974781988,1.111516482495647,0.0,TRANSFERRED_MODEL,SCENARIO_P_IT=1_normalized,SCENARIO Table 3 midpoints,1
2012-08-24 01:00:00+00:00,KEHO,22.0,73.28896468276716,1.1114972867859896,0.0,TRANSFERRED_MODEL,SCENARIO_P_IT=1_normalized,SCENARIO Table 3 midpoints,1
2012-08-24 02:00:00+00:00,KEHO,21.33333333333333,76.33759769269038,1.111484977208483,0.0,TRANSFERRED_MODEL,SCENARIO_P_IT=1_normalized,SCENARIO Table 3 midpoints,1
2012-08-24 03:00:00+00:00,KEHO,20.33333333333333,81.18136577306466,1.3036337068147577,2.46036186327718,TRANSFERRED_MODEL,SCENARIO_P_IT=1_normalized,SCENARIO Table 3 midpoints,1
2012-08-24 13:00:00+00:00,KEHO,21.33333333333333,79.62188319996974,1.3057501283094617,2.4656962069642354,TRANSFERRED_MODEL,SCENARIO_P_IT=1_normalized,SCENARIO Table 3 midpoints,1
2012-08-24 14:00:00+00:00,KEHO,24.0,67.7271953539746,1.1114240872354588,0.0,TRANSFERRED_MODEL,SCENARIO_P_IT=1_normalized,SCENARIO Table 3 midpoints,1
2012-08-24 15:00:00+00:00,KEHO,25.33333333333333,61.23741012885192,1.1114184987104885,0.0,TRANSFERRED_MODEL,SCENARIO_P_IT=1_normalized,SCENARIO Table 3 midpoints,1
2012-08-24 16:00:00+00:00,KEHO,26.5,54.20910584046229,1.1114342748557338,0.0,TRANSFERRED_MODEL,SCENARIO_P_IT=1_normalized,SCENARIO Table 3 midpoints,1
2012-08-24 17:00:00+00:00,KEHO,27.0,46.80592014987637,1.111439086649826,0.0,TRANSFERRED_MODEL,SCENARIO_P_IT=1_normalized,SCENARIO Table 3 midpoints,1
2012-08-24 18:00:00+00:00,KEHO,27.0,43.39821017416529,1.1114569826979714,0.0,TRANSFERRED_MODEL,SCENARIO_P_IT=1_normalized,SCENARIO Table 3 midpoints,1
2012-08-24 19:00:00+00:00,KEHO,27.0,43.87124313174711,1.1114900615012469,0.0,TRANSFERRED_MODEL,SCENARIO_P_IT=1_normalized,SCENARIO Table 3 midpoints,1
2012-08-24 20:00:00+00:00,KEHO,27.0,42.92967249654826,1.1115052399651544,0.0,TRANSFERRED_MODEL,SCENARIO_P_IT=1_normalized,SCENARIO Table 3 midpoints,1
2012-08-24 21:00:00+00:00,KEHO,27.0,44.83094235963196,1.1115149046722241,0.0,TRANSFERRED_MODEL,SCENARIO_P_IT=1_normalized,SCENARIO Table 3 midpoints,1
2012-08-24 22:00:00+00:00,KEHO,26.666666666666668,45.71852302151,1.1115204282763196,0.0,TRANSFERRED_MODEL,SCENARIO_P_IT=1_normalized,SCENARIO Table 3 midpoints,1
2012-08-24 23:00:00+00:00,KEHO,25.33333333333333,53.91507458907031,1.1115066485339258,0.0,TRANSFERRED_MODEL,SCENARIO_P_IT=1_normalized,SCENARIO Table 3 midpoints,1
2012-08-25 00:00:00+00:00,KEHO,23.0,62.682846534801385,1.1115109610434788,0.0,TRANSFERRED_MODEL,SCENARIO_P_IT=1_normalized,SCENARIO Table 3 midpoints,1
2012-08-25 01:00:00+00:00,KEHO,22.33333333333333,67.39140250558295,1.1114862118520552,0.0,TRANSFERRED_MODEL,SCENARIO_P_IT=1_normalized,SCENARIO Table 3 midpoints,1
2012-08-25 02:00:00+00:00,KEHO,20.666666666666668,74.62947626492131,1.1114713123079378,0.0,TRANSFERRED_MODEL,SCENARIO_P_IT=1_normalized,SCENARIO Table 3 midpoints,1
2012-08-25 03:00:00+00:00,KEHO,18.33333333333333,86.27558632784275,1.3000062273979565,2.451359364307457,TRANSFERRED_MODEL,SCENARIO_P_IT=1_normalized,SCENARIO Table 3 midpoints,1
2012-08-25 06:00:00+00:00,KEHO,17.0,88.01383893644437,1.2971492766434214,2.444088020234944,TRANSFERRED_MODEL,SCENARIO_P_IT=1_normalized,SCENARIO Table 3 midpoints,1
2012-08-25 07:00:00+00:00,KEHO,17.0,88.01383893644437,1.2971492766434214,2.444088020234944,TRANSFERRED_MODEL,SCENARIO_P_IT=1_normalized,SCENARIO Table 3 midpoints,1
2012-08-25 08:00:00+00:00,KEHO,16.0,93.7925739057458,1.2962108313522354,2.441731124697661,TRANSFERRED_MODEL,SCENARIO_P_IT=1_normalized,SCENARIO Table 3 midpoints,1
2012-08-25 09:00:00+00:00,KEHO,16.333333333333332,91.82035392880564,1.2965090579108876,2.442517989397892,TRANSFERRED_MODEL,SCENARIO_P_IT=1_normalized,SCENARIO Table 3 midpoints,1
2012-08-25 10:00:00+00:00,KEHO,15.666666666666666,91.77982252825414,1.2948339821599688,2.4382906588418543,TRANSFERRED_MODEL,SCENARIO_P_IT=1_normalized,SCENARIO Table 3 midpoints,1
2012-08-25 11:00:00+00:00,KEHO,15.333333333333334,97.88110885370328,1.2955236375129042,2.4401572762087733,TRANSFERRED_MODEL,SCENARIO_P_IT=1_normalized,SCENARIO Table 3 midpoints,1
2012-08-25 12:00:00+00:00,KEHO,17.0,89.91912736500882,1.2976127294626554,2.445450177677642,TRANSFERRED_MODEL,SCENARIO_P_IT=1_normalized,SCENARIO Table 3 midpoints,1
2012-08-25 13:00:00+00:00,KEHO,20.33333333333333,76.17963079861035,1.1114232260016252,0.0,TRANSFERRED_MODEL,SCENARIO_P_IT=1_normalized,SCENARIO Table 3 midpoints,1
2012-08-25 14:00:00+00:00,KEHO,22.33333333333333,67.39140250558295,1.111414652789147,0.0,TRANSFERRED_MODEL,SCENARIO_P_IT=1_normalized,SCENARIO Table 3 midpoints,1
2012-08-25 15:00:00+00:00,KEHO,24.666666666666668,51.47820551833689,1.111410293039177,0.0,TRANSFERRED_MODEL,SCENARIO_P_IT=1_normalized,SCENARIO Table 3 midpoints,1
2012-08-25 16:00:00+00:00,KEHO,25.666666666666668,40.72760222310343,1.1114349845337126,0.0,TRANSFERRED_MODEL,SCENARIO_P_IT=1_normalized,SCENARIO Table 3 midpoints,1
2012-08-25 17:00:00+00:00,KEHO,27.0,39.33886414336399,1.111461114712953,0.0,TRANSFERRED_MODEL,SCENARIO_P_IT=1_normalized,SCENARIO Table 3 midpoints,1
2012-08-25 18:00:00+00:00,KEHO,27.0,40.65314204592955,1.111473515616726,0.0,TRANSFERRED_MODEL,SCENARIO_P_IT=1_normalized,SCENARIO Table 3 midpoints,1
2012-08-25 19:00:00+00:00,KEHO,27.666666666666668,40.39661110061007,1.1114969693661718,0.0,TRANSFERRED_MODEL,SCENARIO_P_IT=1_normalized,SCENARIO Table 3 midpoints,1
2012-08-25 20:00:00+00:00,KEHO,28.0,39.61807404744141,1.1115066408260048,0.0,TRANSFERRED_MODEL,SCENARIO_P_IT=1_normalized,SCENARIO Table 3 midpoints,1
2012-08-25 21:00:00+00:00,KEHO,27.33333333333333,40.303783585370695,1.1115093852582052,0.0,TRANSFERRED_MODEL,SCENARIO_P_IT=1_normalized,SCENARIO Table 3 midpoints,1
2012-08-25 22:00:00+00:00,KEHO,26.666666666666668,42.83758706183096,1.1115066197463555,0.0,TRANSFERRED_MODEL,SCENARIO_P_IT=1_normalized,SCENARIO Table 3 midpoints,1
2012-08-25 23:00:00+00:00,KEHO,24.33333333333333,58.46732919288469,1.1114873908436718,0.0,TRANSFERRED_MODEL,SCENARIO_P_IT=1_normalized,SCENARIO Table 3 midpoints,1
2012-08-26 00:00:00+00:00,KEHO,22.5,62.57097877127481,1.1114841231226238,0.0,TRANSFERRED_MODEL,SCENARIO_P_IT=1_normalized,SCENARIO Table 3 midpoints,1
2012-08-26 01:00:00+00:00,KEHO,22.0,64.50443133407828,1.1114655901544834,0.0,TRANSFERRED_MODEL,SCENARIO_P_IT=1_normalized,SCENARIO Table 3 midpoints,1
2012-08-26 02:00:00+00:00,KEHO,20.666666666666668,69.99690668124734,1.111450663419539,0.0,TRANSFERRED_MODEL,SCENARIO_P_IT=1_normalized,SCENARIO Table 3 midpoints,1
2012-08-26 03:00:00+00:00,KEHO,20.33333333333333,74.57368229023447,1.1114521014997818,0.0,TRANSFERRED_MODEL,SCENARIO_P_IT=1_normalized,SCENARIO Table 3 midpoints,1
2012-08-26 04:00:00+00:00,KEHO,19.0,82.75226606225803,1.3006211126401204,2.4529181781531104,TRANSFERRED_MODEL,SCENARIO_P_IT=1_normalized,SCENARIO Table 3 midpoints,1
2012-08-26 17:00:00+00:00,KEHO,27.33333333333333,52.167434020280886,1.111414333270268,0.0,TRANSFERRED_MODEL,SCENARIO_P_IT=1_normalized,SCENARIO Table 3 midpoints,1
2012-08-26 18:00:00+00:00,KEHO,28.0,48.08838553713478,1.111442541169637,0.0,TRANSFERRED_MODEL,SCENARIO_P_IT=1_normalized,SCENARIO Table 3 midpoints,1
2012-08-26 19:00:00+00:00,KEHO,28.0,48.08838553713478,1.1114762898335193,0.0,TRANSFERRED_MODEL,SCENARIO_P_IT=1_normalized,SCENARIO Table 3 midpoints,1
2012-08-26 20:00:00+00:00,KEHO,28.666666666666668,44.32705037967738,1.111487349269474,0.0,TRANSFERRED_MODEL,SCENARIO_P_IT=1_normalized,SCENARIO Table 3 midpoints,1
2012-08-26 21:00:00+00:00,KEHO,29.0,41.65364562972431,1.1115025472166875,0.0,TRANSFERRED_MODEL,SCENARIO_P_IT=1_normalized,SCENARIO Table 3 midpoints,1
2012-08-26 22:00:00+00:00,KEHO,28.33333333333333,46.16959978192848,1.1115052732280388,0.0,TRANSFERRED_MODEL,SCENARIO_P_IT=1_normalized,SCENARIO Table 3 midpoints,1
2012-08-26 23:00:00+00:00,KEHO,26.33333333333333,56.50992398995118,1.1115135251536399,0.0,TRANSFERRED_MODEL,SCENARIO_P_IT=1_normalized,SCENARIO Table 3 midpoints,1
2012-08-27 00:00:00+00:00,KEHO,24.33333333333333,61.009297272943286,1.1115053232039718,0.0,TRANSFERRED_MODEL,SCENARIO_P_IT=1_normalized,SCENARIO Table 3 midpoints,1
2012-08-27 01:00:00+00:00,KEHO,23.0,68.96917974781988,1.1114819970861305,0.0,TRANSFERRED_MODEL,SCENARIO_P_IT=1_normalized,SCENARIO Table 3 midpoints,1
2012-08-27 02:00:00+00:00,KEHO,21.0,77.91515829174936,1.304262594833332,2.4619060825675545,TRANSFERRED_MODEL,SCENARIO_P_IT=1_normalized,SCENARIO Table 3 midpoints,1
2012-08-27 03:00:00+00:00,KEHO,20.666666666666668,82.95104092505107,1.305144001198287,2.464153934612694,TRANSFERRED_MODEL,SCENARIO_P_IT=1_normalized,SCENARIO Table 3 midpoints,1
2012-08-27 11:00:00+00:00,KEHO,17.333333333333332,93.85411383351698,1.2996164101828143,2.4504489663006166,TRANSFERRED_MODEL,SCENARIO_P_IT=1_normalized,SCENARIO Table 3 midpoints,1
2012-08-27 12:00:00+00:00,KEHO,20.0,84.63814577547589,1.3038620526838853,2.4610918574709637,TRANSFERRED_MODEL,SCENARIO_P_IT=1_normalized,SCENARIO Table 3 midpoints,1
2012-08-27 13:00:00+00:00,KEHO,22.0,79.71373843941369,1.3076062351222686,2.470353020841665,TRANSFERRED_MODEL,SCENARIO_P_IT=1_normalized,SCENARIO Table 3 midpoints,1
2012-08-27 14:00:00+00:00,KEHO,24.666666666666668,67.86019852515878,1.111425410699386,0.0,TRANSFERRED_MODEL,SCENARIO_P_IT=1_normalized,SCENARIO Table 3 midpoints,1
2012-08-27 15:00:00+00:00,KEHO,26.0,60.11394442032104,1.1114280964152592,0.0,TRANSFERRED_MODEL,SCENARIO_P_IT=1_normalized,SCENARIO Table 3 midpoints,1
2012-08-27 16:00:00+00:00,KEHO,27.0,57.87365325126381,1.1114445915085245,0.0,TRANSFERRED_MODEL,SCENARIO_P_IT=1_normalized,SCENARIO Table 3 midpoints,1
2012-08-27 17:00:00+00:00,KEHO,28.0,51.24573031925885,1.1114762898335193,0.0,TRANSFERRED_MODEL,SCENARIO_P_IT=1_normalized,SCENARIO Table 3 midpoints,1
2012-08-27 18:00:00+00:00,KEHO,28.0,51.24573031925885,1.1115190697284119,0.0,TRANSFERRED_MODEL,SCENARIO_P_IT=1_normalized,SCENARIO Table 3 midpoints,1
2012-08-27 19:00:00+00:00,KEHO,29.0,46.34887914723732,1.111548151233646,0.0,TRANSFERRED_MODEL,SCENARIO_P_IT=1_normalized,SCENARIO Table 3 midpoints,1
2012-08-27 20:00:00+00:00,KEHO,29.33333333333333,43.56999277335054,1.1115661676416342,0.0,TRANSFERRED_MODEL,SCENARIO_P_IT=1_normalized,SCENARIO Table 3 midpoints,1
2012-08-27 21:00:00+00:00,KEHO,29.33333333333333,39.98846204295428,1.1115841758416551,0.0,TRANSFERRED_MODEL,SCENARIO_P_IT=1_normalized,SCENARIO Table 3 midpoints,1
2012-08-27 22:00:00+00:00,KEHO,28.666666666666668,45.2841254083608,1.1115869010996937,0.0,TRANSFERRED_MODEL,SCENARIO_P_IT=1_normalized,SCENARIO Table 3 midpoints,1
2012-08-27 23:00:00+00:00,KEHO,27.666666666666668,50.08656664898575,1.1115910119676695,0.0,TRANSFERRED_MODEL,SCENARIO_P_IT=1_normalized,SCENARIO Table 3 midpoints,1
2012-08-28 00:00:00+00:00,KEHO,25.666666666666668,58.7839877182308,1.1115951588775406,0.0,TRANSFERRED_MODEL,SCENARIO_P_IT=1_normalized,SCENARIO Table 3 midpoints,1
2012-08-28 01:00:00+00:00,KEHO,23.33333333333333,71.99634799180433,1.1115911321111616,0.0,TRANSFERRED_MODEL,SCENARIO_P_IT=1_normalized,SCENARIO Table 3 midpoints,1
2012-08-28 02:00:00+00:00,KEHO,23.666666666666668,73.57598643466467,1.1115786378058443,0.0,TRANSFERRED_MODEL,SCENARIO_P_IT=1_normalized,SCENARIO Table 3 midpoints,1
2012-08-28 04:00:00+00:00,KEHO,22.0,88.4364161279818,1.3111423350096374,2.4786100059123006,TRANSFERRED_MODEL,SCENARIO_P_IT=1_normalized,SCENARIO Table 3 midpoints,1
2012-08-28 11:00:00+00:00,KEHO,21.0,94.01875700103768,1.3102026564577984,2.476327706469745,TRANSFERRED_MODEL,SCENARIO_P_IT=1_normalized,SCENARIO Table 3 midpoints,1
2012-08-28 12:00:00+00:00,KEHO,21.33333333333333,92.11514427831229,1.3105114846169126,2.47708912489213,TRANSFERRED_MODEL,SCENARIO_P_IT=1_normalized,SCENARIO Table 3 midpoints,1
2012-08-28 13:00:00+00:00,KEHO,22.0,94.0625242758801,1.3133265387711492,2.4839235981581544,TRANSFERRED_MODEL,SCENARIO_P_IT=1_normalized,SCENARIO Table 3 midpoints,1
2012-08-28 14:00:00+00:00,KEHO,24.0,83.33878752130364,1.3152274351488054,2.4884560277921244,TRANSFERRED_MODEL,SCENARIO_P_IT=1_normalized,SCENARIO Table 3 midpoints,1
2012-08-28 15:00:00+00:00,KEHO,25.33333333333333,78.54519785439399,1.3172569779666627,2.4932894780700323,TRANSFERRED_MODEL,SCENARIO_P_IT=1_normalized,SCENARIO Table 3 midpoints,1
2012-08-28 16:00:00+00:00,KEHO,26.33333333333333,72.52750970273671,1.3174704539217772,2.4937172611595018,TRANSFERRED_MODEL,SCENARIO_P_IT=1_normalized,SCENARIO Table 3 midpoints,1
2012-08-28 17:00:00+00:00,KEHO,27.0,69.73535987777385,1.3181359341819254,2.495210287153909,TRANSFERRED_MODEL,SCENARIO_P_IT=1_normalized,SCENARIO Table 3 midpoints,1
2012-08-28 18:00:00+00:00,KEHO,27.0,69.73535987777385,1.318165871091966,2.495203974185118,TRANSFERRED_MODEL,SCENARIO_P_IT=1_normalized,SCENARIO Table 3 midpoints,1
2012-08-28 19:00:00+00:00,KEHO,27.0,71.17648141459829,1.3189440956860154,2.497018696926453,TRANSFERRED_MODEL,SCENARIO_P_IT=1_normalized,SCENARIO Table 3 midpoints,1
2012-08-28 20:00:00+00:00,KEHO,27.0,69.73535987777385,1.3182073895437403,2.4951952293694983,TRANSFERRED_MODEL,SCENARIO_P_IT=1_normalized,SCENARIO Table 3 midpoints,1
2012-08-28 21:00:00+00:00,KEHO,26.0,77.05554130485794,1.3187680027536763,2.4966264401584604,TRANSFERRED_MODEL,SCENARIO_P_IT=1_normalized,SCENARIO Table 3 midpoints,1
2012-08-28 22:00:00+00:00,KEHO,25.33333333333333,83.49032317710589,1.31970471320857,2.4989354475963252,TRANSFERRED_MODEL,SCENARIO_P_IT=1_normalized,SCENARIO Table 3 midpoints,1
2012-08-28 23:00:00+00:00,KEHO,24.33333333333333,86.84512292707923,1.3179620429403143,2.4947701709619983,TRANSFERRED_MODEL,SCENARIO_P_IT=1_normalized,SCENARIO Table 3 midpoints,1
2012-08-29 00:00:00+00:00,KEHO,23.666666666666668,90.39353529312008,1.3173167679023936,2.493270935784382,TRANSFERRED_MODEL,SCENARIO_P_IT=1_normalized,SCENARIO Table 3 midpoints,1
2012-08-29 01:00:00+00:00,KEHO,23.0,94.10581804007526,1.3166779907091994,2.491769092853576,TRANSFERRED_MODEL,SCENARIO_P_IT=1_normalized,SCENARIO Table 3 midpoints,1
2012-08-29 02:00:00+00:00,KEHO,23.0,94.10581804007526,1.3166779907091994,2.491769092853576,TRANSFERRED_MODEL,SCENARIO_P_IT=1_normalized,SCENARIO Table 3 midpoints,1
2012-08-29 03:00:00+00:00,KEHO,23.0,94.10581804007526,1.3166779907091994,2.491769092853576,TRANSFERRED_MODEL,SCENARIO_P_IT=1_normalized,SCENARIO Table 3 midpoints,1
2012-08-29 06:00:00+00:00,KEHO,22.0,96.9914466401855,1.3145788472828996,2.4866809678105444,TRANSFERRED_MODEL,SCENARIO_P_IT=1_normalized,SCENARIO Table 3 midpoints,1
2012-08-29 07:00:00+00:00,KEHO,22.0,94.0625242758801,1.3134693045844787,2.483918931084816,TRANSFERRED_MODEL,SCENARIO_P_IT=1_normalized,SCENARIO Table 3 midpoints,1
2012-08-29 08:00:00+00:00,KEHO,22.0,94.0625242758801,1.3134594321959676,2.483919253206332,TRANSFERRED_MODEL,SCENARIO_P_IT=1_normalized,SCENARIO Table 3 midpoints,1
2012-08-29 09:00:00+00:00,KEHO,22.0,94.0625242758801,1.3134643678989326,2.483919092150867,TRANSFERRED_MODEL,SCENARIO_P_IT=1_normalized,SCENARIO Table 3 midpoints,1
2012-08-29 10:00:00+00:00,KEHO,22.0,94.0625242758801,1.3134643678989326,2.483919092150867,TRANSFERRED_MODEL,SCENARIO_P_IT=1_normalized,SCENARIO Table 3 midpoints,1
2012-08-29 11:00:00+00:00,KEHO,22.0,94.0625242758801,1.3134462751263722,2.4839196826437826,TRANSFERRED_MODEL,SCENARIO_P_IT=1_normalized,SCENARIO Table 3 midpoints,1
2012-08-29 12:00:00+00:00,KEHO,22.0,94.0625242758801,1.3134249097790085,2.4839203803342773,TRANSFERRED_MODEL,SCENARIO_P_IT=1_normalized,SCENARIO Table 3 midpoints,1
2012-08-29 13:00:00+00:00,KEHO,23.0,88.51830793896134,1.3143472195476202,2.4861873728222394,TRANSFERRED_MODEL,SCENARIO_P_IT=1_normalized,SCENARIO Table 3 midpoints,1
2012-08-29 14:00:00+00:00,KEHO,25.0,78.49764721655077,1.3162184388422633,2.4907101360563715,TRANSFERRED_MODEL,SCENARIO_P_IT=1_normalized,SCENARIO Table 3 midpoints,1
2012-08-29 15:00:00+00:00,KEHO,26.666666666666668,71.11600801093357,1.3177805409666732,2.4944686991280483,TRANSFERRED_MODEL,SCENARIO_P_IT=1_normalized,SCENARIO Table 3 midpoints,1
2012-08-29 16:00:00+00:00,KEHO,28.0,64.43618251644915,1.1116270941323037,0.0,TRANSFERRED_MODEL,SCENARIO_P_IT=1_normalized,SCENARIO Table 3 midpoints,1
2012-08-29 17:00:00+00:00,KEHO,23.5,85.88465584489956,1.3148111595235346,2.487319653918916,TRANSFERRED_MODEL,SCENARIO_P_IT=1_normalized,SCENARIO Table 3 midpoints,1
2012-08-29 18:00:00+00:00,KEHO,23.0,90.34758995883878,1.3151262201900262,2.4880157148910897,TRANSFERRED_MODEL,SCENARIO_P_IT=1_normalized,SCENARIO Table 3 midpoints,1
2012-08-29 19:00:00+00:00,KEHO,24.666666666666668,80.07530064582603,1.3159769506280803,2.4899485070935214,TRANSFERRED_MODEL,SCENARIO_P_IT=1_normalized,SCENARIO Table 3 midpoints,1
2012-08-29 20:00:00+00:00,KEHO,26.33333333333333,69.60947681998807,1.1117049402284016,0.0,TRANSFERRED_MODEL,SCENARIO_P_IT=1_normalized,SCENARIO Table 3 midpoints,1
2012-08-29 21:00:00+00:00,KEHO,26.0,75.49927482793309,1.3179976566721794,2.494773435975688,TRANSFERRED_MODEL,SCENARIO_P_IT=1_normalized,SCENARIO Table 3 midpoints,1
2012-08-29 22:00:00+00:00,KEHO,25.5,81.00602659099239,1.3190831004198913,2.4973890914335413,TRANSFERRED_MODEL,SCENARIO_P_IT=1_normalized,SCENARIO Table 3 midpoints,1
2012-08-29 23:00:00+00:00,KEHO,25.0,83.45262666598398,1.3185751726682748,2.4962702999994497,TRANSFERRED_MODEL,SCENARIO_P_IT=1_normalized,SCENARIO Table 3 midpoints,1
2012-08-30 00:00:00+00:00,KEHO,24.666666666666668,85.12986575925783,1.3182379782168052,2.4955231042977957,TRANSFERRED_MODEL,SCENARIO_P_IT=1_normalized,SCENARIO Table 3 midpoints,1
2012-08-30 01:00:00+00:00,KEHO,23.666666666666668,92.24736593227136,1.3180443399149269,2.4951966227048628,TRANSFERRED_MODEL,SCENARIO_P_IT=1_normalized,SCENARIO Table 3 midpoints,1
2012-08-30 02:00:00+00:00,KEHO,23.0,94.10581804007526,1.3166007926445369,2.4917716434076276,TRANSFERRED_MODEL,SCENARIO_P_IT=1_normalized,SCENARIO Table 3 midpoints,1
2012-08-30 03:00:00+00:00,KEHO,22.33333333333333,96.01621707653828,1.3151840487750917,2.488372470285529,TRANSFERRED_MODEL,SCENARIO_P_IT=1_normalized,SCENARIO Table 3 midpoints,1
2012-08-30 06:00:00+00:00,KEHO,22.0,94.0625242758801,1.313356009019141,2.483922633206094,TRANSFERRED_MODEL,SCENARIO_P_IT=1_normalized,SCENARIO Table 3 midpoints,1
2012-08-30 07:00:00+00:00,KEHO,22.0,94.0625242758801,1.3133625627358656,2.483922418725993,TRANSFERRED_MODEL,SCENARIO_P_IT=1_normalized,SCENARIO Table 3 midpoints,1
2012-08-30 08:00:00+00:00,KEHO,21.666666666666668,95.99650817175832,1.3130599994493635,2.4831653563492906,TRANSFERRED_MODEL,SCENARIO_P_IT=1_normalized,SCENARIO Table 3 midpoints,1
2012-08-30 09:00:00+00:00,KEHO,21.0,100.0,1.3124271029518446,2.481650620501639,TRANSFERRED_MODEL,SCENARIO_P_IT=1_normalized,SCENARIO Table 3 midpoints,1
2012-08-30 10:00:00+00:00,KEHO,21.0,100.0,1.3123939180612205,2.481650620500679,TRANSFERRED_MODEL,SCENARIO_P_IT=1_normalized,SCENARIO Table 3 midpoints,1
2012-08-30 11:00:00+00:00,KEHO,21.0,100.0,1.3123425674567868,2.481650620501845,TRANSFERRED_MODEL,SCENARIO_P_IT=1_normalized,SCENARIO Table 3 midpoints,1
2012-08-30 12:00:00+00:00,KEHO,21.666666666666668,95.99650817175832,1.3129417322058532,2.483167927831701,TRANSFERRED_MODEL,SCENARIO_P_IT=1_normalized,SCENARIO Table 3 midpoints,1
2012-08-30 13:00:00+00:00,KEHO,22.0,100.0,1.3155174702993293,2.4895123465414604,TRANSFERRED_MODEL,SCENARIO_P_IT=1_normalized,SCENARIO Table 3 midpoints,1
2012-08-30 14:00:00+00:00,KEHO,22.666666666666668,96.02601737997828,1.3161104028206712,2.491022832891175,TRANSFERRED_MODEL,SCENARIO_P_IT=1_normalized,SCENARIO Table 3 midpoints,1
2012-08-30 15:00:00+00:00,KEHO,24.33333333333333,88.62618115454002,1.3184792078546566,2.496710010618062,TRANSFERRED_MODEL,SCENARIO_P_IT=1_normalized,SCENARIO Table 3 midpoints,1
2012-08-30 16:00:00+00:00,KEHO,26.0,77.05554130485794,1.318477003289515,2.496670129125874,TRANSFERRED_MODEL,SCENARIO_P_IT=1_normalized,SCENARIO Table 3 midpoints,1
2012-08-30 17:00:00+00:00,KEHO,26.666666666666668,74.08186960685258,1.319125847335408,2.4981697663248625,TRANSFERRED_MODEL,SCENARIO_P_IT=1_normalized,SCENARIO Table 3 midpoints,1
2012-08-30 18:00:00+00:00,KEHO,27.0,72.64364215519419,1.3194525306502318,2.498918254473928,TRANSFERRED_MODEL,SCENARIO_P_IT=1_normalized,SCENARIO Table 3 midpoints,1
2012-08-30 19:00:00+00:00,KEHO,27.0,74.13724053720264,1.3202595804367196,2.5007931694000964,TRANSFERRED_MODEL,SCENARIO_P_IT=1_normalized,SCENARIO Table 3 midpoints,1
2012-08-30 20:00:00+00:00,KEHO,27.33333333333333,69.79803323623977,1.319032211682197,2.4978145281815305,TRANSFERRED_MODEL,SCENARIO_P_IT=1_normalized,SCENARIO Table 3 midpoints,1
2012-08-31 12:00:00+00:00,KEHO,22.33333333333333,97.99037010930763,1.3156246489753465,2.4902696755949325,TRANSFERRED_MODEL,SCENARIO_P_IT=1_normalized,SCENARIO Table 3 midpoints,1
2012-08-31 13:00:00+00:00,KEHO,23.5,91.30592284872634,1.3167172415368957,2.49291773980142,TRANSFERRED_MODEL,SCENARIO_P_IT=1_normalized,SCENARIO Table 3 midpoints,1
2012-08-31 14:00:00+00:00,KEHO,26.0,75.49927482793309,1.317555410017419,2.4948452114801123,TRANSFERRED_MODEL,SCENARIO_P_IT=1_normalized,SCENARIO Table 3 midpoints,1
2012-08-31 15:00:00+00:00,KEHO,27.666666666666668,67.06366804691737,1.3183998870009388,2.496795510868454,TRANSFERRED_MODEL,SCENARIO_P_IT=1_normalized,SCENARIO Table 3 midpoints,1
2012-08-31 16:00:00+00:00,KEHO,29.33333333333333,57.23356536308285,1.1113238644315064,0.0,TRANSFERRED_MODEL,SCENARIO_P_IT=1_normalized,SCENARIO Table 3 midpoints,1
2012-08-31 17:00:00+00:00,KEHO,30.5,53.52047898284136,1.1113417489844366,0.0,TRANSFERRED_MODEL,SCENARIO_P_IT=1_normalized,SCENARIO Table 3 midpoints,1
2012-08-31 18:00:00+00:00,KEHO,31.33333333333333,51.034509478183146,1.319649834674672,2.4997798744904927,TRANSFERRED_MODEL,SCENARIO_P_IT=1_normalized,SCENARIO Table 3 midpoints,1
2012-08-31 19:00:00+00:00,KEHO,32.0,49.13932991257226,1.3203262680246572,2.5012582016701925,TRANSFERRED_MODEL,SCENARIO_P_IT=1_normalized,SCENARIO Table 3 midpoints,1
2012-08-31 20:00:00+00:00,KEHO,32.0,43.37530845087229,1.3163494164669283,2.491552543753034,TRANSFERRED_MODEL,SCENARIO_P_IT=1_normalized,SCENARIO Table 3 midpoints,1
2012-08-31 21:00:00+00:00,KEHO,32.0,43.37530845087229,1.316361558065107,2.4915459336922923,TRANSFERRED_MODEL,SCENARIO_P_IT=1_normalized,SCENARIO Table 3 midpoints,1
2012-08-31 22:00:00+00:00,KEHO,31.0,54.1989479598092,1.3208544350407967,2.502460249768933,TRANSFERRED_MODEL,SCENARIO_P_IT=1_normalized,SCENARIO Table 3 midpoints,1
2012-08-31 23:00:00+00:00,KEHO,29.0,62.05907199151088,1.319844206173037,2.499752369977385,TRANSFERRED_MODEL,SCENARIO_P_IT=1_normalized,SCENARIO Table 3 midpoints,1
