timestamp_utc,t_db_C,rh_pct,pressure_Pa,t_wb_C,target_n,matched_timestamp_coverage,timestamp_set_sha256
2012-06-21 17:00:00+00:00,29.4,51.283030202956084,98248.98728924939,21.675760455810902,1251,1.0,3456a8c519da1212310083b87dcc7f9fd2b0a834502284cc5c4a9af01e2cd65e
2012-06-21 18:00:00+00:00,30.0,48.76994561714333,98216.7571875429,21.69790538306504,1251,1.0,3456a8c519da1212310083b87dcc7f9fd2b0a834502284cc5c4a9af01e2cd65e
2012-06-21 19:00:00+00:00,28.9,52.787208197551216,98098.49335563339,21.52978118603633,1251,1.0,3456a8c519da1212310083b87dcc7f9fd2b0a834502284cc5c4a9af01e2cd65e
2012-06-21 20:00:00+00:00,32.8,40.941279594535324,98043.37496659679,22.334002420965,1251,1.0,3456a8c519da1212310083b87dcc7f9fd2b0a834502284cc5c4a9af01e2cd65e
2012-06-21 21:00:00+00:00,31.95,42.9544386369819,98010.20671630105,22.097548858428176,1251,1.0,3456a8c519da1212310083b87dcc7f9fd2b0a834502284cc5c4a9af01e2cd65e
2012-06-21 22:00:00+00:00,30.6,47.86618770338982,97981.33654347844,22.007694069340666,1251,1.0,3456a8c519da1212310083b87dcc7f9fd2b0a834502284cc5c4a9af01e2cd65e
2012-06-21 23:00:00+00:00,27.8,60.276691290635554,97989.84144809951,21.888221824443256,1251,1.0,3456a8c519da1212310083b87dcc7f9fd2b0a834502284cc5c4a9af01e2cd65e
2012-06-22 00:00:00+00:00,27.5,57.27032161284885,97981.73826107146,21.12404124644486,1251,1.0,3456a8c519da1212310083b87dcc7f9fd2b0a834502284cc5c4a9af01e2cd65e
2012-06-22 01:00:00+00:00,26.1,62.18689086461842,97980.90886911501,20.71361341271676,1251,1.0,3456a8c519da1212310083b87dcc7f9fd2b0a834502284cc5c4a9af01e2cd65e
2012-06-22 02:00:00+00:00,25.0,68.92406520064893,98007.43305799364,20.76539379819136,1251,1.0,3456a8c519da1212310083b87dcc7f9fd2b0a834502284cc5c4a9af01e2cd65e
2012-06-22 03:00:00+00:00,24.7,70.16938342409154,98023.43899822747,20.677273182514952,1251,1.0,3456a8c519da1212310083b87dcc7f9fd2b0a834502284cc5c4a9af01e2cd65e
2012-06-22 04:00:00+00:00,24.4,73.70091272937036,98029.76939043975,20.911348808647602,1251,1.0,3456a8c519da1212310083b87dcc7f9fd2b0a834502284cc5c4a9af01e2cd65e
2012-06-22 05:00:00+00:00,24.4,73.70091272937036,97991.09886997016,20.910738637910157,1251,1.0,3456a8c519da1212310083b87dcc7f9fd2b0a834502284cc5c4a9af01e2cd65e
2012-06-22 06:00:00+00:00,23.85,76.17417940841337,97965.63115220741,20.74901599924989,1251,1.0,3456a8c519da1212310083b87dcc7f9fd2b0a834502284cc5c4a9af01e2cd65e
2012-06-22 07:00:00+00:00,22.2,84.17230815633675,97889.10789695721,20.2563763014401,1251,1.0,3456a8c519da1212310083b87dcc7f9fd2b0a834502284cc5c4a9af01e2cd65e
2012-06-22 08:00:00+00:00,22.8,78.66982318165591,97828.20528817779,20.107061132537556,1251,1.0,3456a8c519da1212310083b87dcc7f9fd2b0a834502284cc5c4a9af01e2cd65e
2012-06-22 09:00:00+00:00,22.5,80.11508016809103,97815.16624361898,20.016015675798393,1251,1.0,3456a8c519da1212310083b87dcc7f9fd2b0a834502284cc5c4a9af01e2cd65e
2012-06-22 10:00:00+00:00,21.1,87.26635769271395,97828.32723940282,19.588050458001117,1251,1.0,3456a8c519da1212310083b87dcc7f9fd2b0a834502284cc5c4a9af01e2cd65e
2012-06-22 11:00:00+00:00,22.2,84.17230815633675,97860.11230812519,20.2563763014401,1251,1.0,3456a8c519da1212310083b87dcc7f9fd2b0a834502284cc5c4a9af01e2cd65e
2012-06-22 12:00:00+00:00,24.15,74.81374967537326,97886.80637396949,20.8364166215334,1251,1.0,3456a8c519da1212310083b87dcc7f9fd2b0a834502284cc5c4a9af01e2cd65e
2012-06-22 13:00:00+00:00,28.3,58.54533487596325,97956.58594571605,22.028504375450453,1251,1.0,3456a8c519da1212310083b87dcc7f9fd2b0a834502284cc5c4a9af01e2cd65e
2012-06-22 14:00:00+00:00,30.0,48.00905079129811,97936.22079845212,21.545208289125142,1251,1.0,3456a8c519da1212310083b87dcc7f9fd2b0a834502284cc5c4a9af01e2cd65e
2012-06-22 15:00:00+00:00,30.55,46.5185381447856,97942.10540788414,21.702032434038404,1251,1.0,3456a8c519da1212310083b87dcc7f9fd2b0a834502284cc5c4a9af01e2cd65e
2012-06-22 16:00:00+00:00,31.1,46.51887419246682,97918.94460639787,22.146372801703965,1251,1.0,3456a8c519da1212310083b87dcc7f9fd2b0a834502284cc5c4a9af01e2cd65e
2012-06-22 17:00:00+00:00,32.8,40.941279594535324,97859.51944701868,22.328508218639946,1251,1.0,3456a8c519da1212310083b87dcc7f9fd2b0a834502284cc5c4a9af01e2cd65e
2012-06-22 18:00:00+00:00,32.8,40.174375108570885,97840.16623443151,22.159455348997824,1251,1.0,3456a8c519da1212310083b87dcc7f9fd2b0a834502284cc5c4a9af01e2cd65e
2012-06-22 19:00:00+00:00,31.1,43.405069898599976,97812.52148707464,21.51252007481882,1251,1.0,3456a8c519da1212310083b87dcc7f9fd2b0a834502284cc5c4a9af01e2cd65e
2012-06-22 20:00:00+00:00,27.2,58.28586632375752,97876.92220843723,21.034795949194198,1251,1.0,3456a8c519da1212310083b87dcc7f9fd2b0a834502284cc5c4a9af01e2cd65e
2012-06-22 21:00:00+00:00,26.4,60.14321397783571,97834.32490781223,20.646768410150084,1251,1.0,3456a8c519da1212310083b87dcc7f9fd2b0a834502284cc5c4a9af01e2cd65e
2012-06-22 22:00:00+00:00,26.1,62.18689086461842,97768.18016141535,20.71075768067437,1251,1.0,3456a8c519da1212310083b87dcc7f9fd2b0a834502284cc5c4a9af01e2cd65e
2012-06-22 23:00:00+00:00,25.0,71.10528271258221,97756.0575761442,21.083667902327644,1251,1.0,3456a8c519da1212310083b87dcc7f9fd2b0a834502284cc5c4a9af01e2cd65e
2012-06-23 00:00:00+00:00,24.7,72.39001111749039,97757.5701184118,20.99613383766524,1251,1.0,3456a8c519da1212310083b87dcc7f9fd2b0a834502284cc5c4a9af01e2cd65e
2012-06-23 01:00:00+00:00,23.9,75.9455215829456,97792.18212933654,20.76196648320429,1251,1.0,3456a8c519da1212310083b87dcc7f9fd2b0a834502284cc5c4a9af01e2cd65e
2012-06-23 02:00:00+00:00,22.8,81.15946153199087,97857.20287891632,20.436474132251824,1251,1.0,3456a8c519da1212310083b87dcc7f9fd2b0a834502284cc5c4a9af01e2cd65e
2012-06-23 03:00:00+00:00,22.8,82.68619873809318,97852.36994712654,20.635902642406414,1251,1.0,3456a8c519da1212310083b87dcc7f9fd2b0a834502284cc5c4a9af01e2cd65e
2012-06-23 04:00:00+00:00,21.7,86.77922781089582,97844.79666099437,20.10574859584731,1251,1.0,3456a8c519da1212310083b87dcc7f9fd2b0a834502284cc5c4a9af01e2cd65e
2012-06-23 05:00:00+00:00,21.1,90.02804777944709,97828.32723940282,19.923137427006495,1251,1.0,3456a8c519da1212310083b87dcc7f9fd2b0a834502284cc5c4a9af01e2cd65e
2012-06-23 06:00:00+00:00,20.85,91.42187206387088,97806.15648569226,19.846929031776977,1251,1.0,3456a8c519da1212310083b87dcc7f9fd2b0a834502284cc5c4a9af01e2cd65e
2012-06-23 07:00:00+00:00,20.6,92.83998075329613,97745.3284856239,19.770471047336407,1251,1.0,3456a8c519da1212310083b87dcc7f9fd2b0a834502284cc5c4a9af01e2cd65e
2012-06-23 08:00:00+00:00,20.6,92.83998075329613,97774.31869674173,19.770471047336407,1251,1.0,3456a8c519da1212310083b87dcc7f9fd2b0a834502284cc5c4a9af01e2cd65e
2012-06-23 09:00:00+00:00,20.3,94.57442594296042,97795.05398698013,19.67852383906763,1251,1.0,3456a8c519da1212310083b87dcc7f9fd2b0a834502284cc5c4a9af01e2cd65e
2012-06-23 10:00:00+00:00,20.6,92.83998075329613,97822.63571527145,19.770471047336407,1251,1.0,3456a8c519da1212310083b87dcc7f9fd2b0a834502284cc5c4a9af01e2cd65e
2012-06-23 11:00:00+00:00,22.8,87.41865398233556,97905.53219681385,21.245310410385606,1251,1.0,3456a8c519da1212310083b87dcc7f9fd2b0a834502284cc5c4a9af01e2cd65e
2012-06-23 12:00:00+00:00,23.9,80.30238706259739,97942.02187063792,21.36021593402747,1251,1.0,3456a8c519da1212310083b87dcc7f9fd2b0a834502284cc5c4a9af01e2cd65e
2012-06-23 13:00:00+00:00,27.2,62.430923880536845,98060.66507198435,21.719529126063712,1251,1.0,3456a8c519da1212310083b87dcc7f9fd2b0a834502284cc5c4a9af01e2cd65e
2012-06-23 14:00:00+00:00,28.3,58.54533487596325,98062.97639253702,22.030133970259996,1251,1.0,3456a8c519da1212310083b87dcc7f9fd2b0a834502284cc5c4a9af01e2cd65e
2012-06-23 15:00:00+00:00,29.450000000000003,53.92599620940386,98060.90180398867,22.197790772690013,1251,1.0,3456a8c519da1212310083b87dcc7f9fd2b0a834502284cc5c4a9af01e2cd65e
2012-06-23 16:00:00+00:00,31.7,46.67826668605347,98060.772152518,22.667480347615694,1251,1.0,3456a8c519da1212310083b87dcc7f9fd2b0a834502284cc5c4a9af01e2cd65e
2012-06-23 17:00:00+00:00,31.1,48.29861962670455,98015.69289669172,22.502426348282164,1251,1.0,3456a8c519da1212310083b87dcc7f9fd2b0a834502284cc5c4a9af01e2cd65e
2012-06-23 18:00:00+00:00,31.4,46.598636188257515,98004.37198063562,22.406930191365692,1251,1.0,3456a8c519da1212310083b87dcc7f9fd2b0a834502284cc5c4a9af01e2cd65e
2012-06-23 19:00:00+00:00,30.6,53.21506820591533,97981.33654347844,23.033265960789027,1251,1.0,3456a8c519da1212310083b87dcc7f9fd2b0a834502284cc5c4a9af01e2cd65e
2012-06-23 20:00:00+00:00,25.0,81.93813716288261,97978.42819470332,22.6231390955264,1251,1.0,3456a8c519da1212310083b87dcc7f9fd2b0a834502284cc5c4a9af01e2cd65e
2012-06-23 21:00:00+00:00,26.1,79.37578288111754,97980.90886911501,23.301295159741542,1251,1.0,3456a8c519da1212310083b87dcc7f9fd2b0a834502284cc5c4a9af01e2cd65e
2012-06-23 22:00:00+00:00,25.6,73.90356382924115,98004.40434604921,22.044274452507935,1251,1.0,3456a8c519da1212310083b87dcc7f9fd2b0a834502284cc5c4a9af01e2cd65e
2012-06-23 23:00:00+00:00,25.0,66.38429716383871,98017.10134575708,20.38747332554086,1251,1.0,3456a8c519da1212310083b87dcc7f9fd2b0a834502284cc5c4a9af01e2cd65e
2012-06-24 00:00:00+00:00,23.9,73.38634297455715,98000.02435114168,20.406894065482845,1251,1.0,3456a8c519da1212310083b87dcc7f9fd2b0a834502284cc5c4a9af01e2cd65e
2012-06-24 01:00:00+00:00,23.9,75.9455215829456,98024.19205135158,20.764163024295755,1251,1.0,3456a8c519da1212310083b87dcc7f9fd2b0a834502284cc5c4a9af01e2cd65e
2012-06-24 02:00:00+00:00,22.8,81.15946153199087,98079.51774124494,20.43813362031063,1251,1.0,3456a8c519da1212310083b87dcc7f9fd2b0a834502284cc5c4a9af01e2cd65e
2012-06-24 03:00:00+00:00,22.8,81.15946153199087,98089.18360482446,20.43813362031063,1251,1.0,3456a8c519da1212310083b87dcc7f9fd2b0a834502284cc5c4a9af01e2cd65e
2012-06-24 04:00:00+00:00,21.7,86.77922781089582,98105.74189112544,20.10687111047794,1251,1.0,3456a8c519da1212310083b87dcc7f9fd2b0a834502284cc5c4a9af01e2cd65e
2012-06-24 05:00:00+00:00,22.8,84.23807515262574,98118.18119556297,20.838461914012097,1251,1.0,3456a8c519da1212310083b87dcc7f9fd2b0a834502284cc5c4a9af01e2cd65e
2012-06-24 06:00:00+00:00,22.5,85.78562746321194,98109.96491658641,20.75049176240755,1251,1.0,3456a8c519da1212310083b87dcc7f9fd2b0a834502284cc5c4a9af01e2cd65e
2012-06-24 07:00:00+00:00,22.2,87.3652077823185,98043.75103739474,20.661000000526872,1251,1.0,3456a8c519da1212310083b87dcc7f9fd2b0a834502284cc5c4a9af01e2cd65e
2012-06-24 08:00:00+00:00,21.7,90.07101545566098,98086.41261481942,20.512263549744397,1251,1.0,3456a8c519da1212310083b87dcc7f9fd2b0a834502284cc5c4a9af01e2cd65e
2012-06-24 09:00:00+00:00,21.7,90.07101545566098,98071.91565758993,20.512263549744397,1251,1.0,3456a8c519da1212310083b87dcc7f9fd2b0a834502284cc5c4a9af01e2cd65e
2012-06-24 10:00:00+00:00,21.7,90.07101545566098,98076.74797666642,20.512263549744397,1251,1.0,3456a8c519da1212310083b87dcc7f9fd2b0a834502284cc5c4a9af01e2cd65e
2012-06-24 11:00:00+00:00,22.8,87.41865398233556,98127.84705914247,21.2463842764465,1251,1.0,3456a8c519da1212310083b87dcc7f9fd2b0a834502284cc5c4a9af01e2cd65e
2012-06-24 12:00:00+00:00,23.6,84.58494976827261,98146.50451876342,21.64777644763706,1251,1.0,3456a8c519da1212310083b87dcc7f9fd2b0a834502284cc5c4a9af01e2cd65e
2012-06-24 13:00:00+00:00,26.7,71.41383990953275,98190.57151362003,22.684333515976782,1251,1.0,3456a8c519da1212310083b87dcc7f9fd2b0a834502284cc5c4a9af01e2cd65e
2012-06-24 14:00:00+00:00,28.3,63.06047717904626,98198.38241576373,22.79399496851175,1251,1.0,3456a8c519da1212310083b87dcc7f9fd2b0a834502284cc5c4a9af01e2cd65e
2012-06-24 15:00:00+00:00,29.15,60.02703396624561,98164.06775689872,23.023548115377757,1251,1.0,3456a8c519da1212310083b87dcc7f9fd2b0a834502284cc5c4a9af01e2cd65e
2012-06-24 16:00:00+00:00,30.6,51.27023941555046,98058.73096412889,22.66682449542637,1251,1.0,3456a8c519da1212310083b87dcc7f9fd2b0a834502284cc5c4a9af01e2cd65e
2012-06-24 17:00:00+00:00,31.1,51.71719708188092,97996.34323863294,23.16792199009828,1251,1.0,3456a8c519da1212310083b87dcc7f9fd2b0a834502284cc5c4a9af01e2cd65e
2012-06-24 18:00:00+00:00,31.95,48.370843610016884,97976.3416959637,23.21147178325086,1251,1.0,3456a8c519da1212310083b87dcc7f9fd2b0a834502284cc5c4a9af01e2cd65e
2012-06-24 19:00:00+00:00,32.2,45.37473269593817,97901.57825048963,22.79968939396631,1251,1.0,3456a8c519da1212310083b87dcc7f9fd2b0a834502284cc5c4a9af01e2cd65e
2012-06-24 20:00:00+00:00,32.8,42.24804823188427,97878.87265960586,22.613478884071085,1251,1.0,3456a8c519da1212310083b87dcc7f9fd2b0a834502284cc5c4a9af01e2cd65e
2012-06-24 21:00:00+00:00,30.23333333333333,56.6286360718832,97896.79956181976,23.351538414066027,1251,1.0,3456a8c519da1212310083b87dcc7f9fd2b0a834502284cc5c4a9af01e2cd65e
2012-06-24 22:00:00+00:00,25.8,65.9284842575617,97919.58926975727,21.031097259381454,1251,1.0,3456a8c519da1212310083b87dcc7f9fd2b0a834502284cc5c4a9af01e2cd65e
2012-06-24 23:00:00+00:00,25.6,68.61205443506742,97840.03231823914,21.258586971872766,1251,1.0,3456a8c519da1212310083b87dcc7f9fd2b0a834502284cc5c4a9af01e2cd65e
2012-06-25 00:00:00+00:00,25.0,73.8025121880607,97838.23802213345,21.475681816230022,1251,1.0,3456a8c519da1212310083b87dcc7f9fd2b0a834502284cc5c4a9af01e2cd65e
2012-06-25 01:00:00+00:00,25.6,71.2147085352339,97936.72174636272,21.64849998567244,1251,1.0,3456a8c519da1212310083b87dcc7f9fd2b0a834502284cc5c4a9af01e2cd65e
2012-06-25 02:00:00+00:00,23.9,75.9455215829456,97937.18833059593,20.763064753750022,1251,1.0,3456a8c519da1212310083b87dcc7f9fd2b0a834502284cc5c4a9af01e2cd65e
2012-06-25 03:00:00+00:00,23.233333333333334,81.04727365455737,97971.6172187462,20.831426315037305,1251,1.0,3456a8c519da1212310083b87dcc7f9fd2b0a834502284cc5c4a9af01e2cd65e
2012-06-25 04:00:00+00:00,22.9,85.29705584575201,97945.31999386435,21.070276545300068,1251,1.0,3456a8c519da1212310083b87dcc7f9fd2b0a834502284cc5c4a9af01e2cd65e
2012-06-25 05:00:00+00:00,22.8,84.23807515262574,97789.54183385978,20.837095226615517,1251,1.0,3456a8c519da1212310083b87dcc7f9fd2b0a834502284cc5c4a9af01e2cd65e
2012-06-25 06:00:00+00:00,22.333333333333332,87.73803669406736,97803.62400010538,20.835211301801678,1251,1.0,3456a8c519da1212310083b87dcc7f9fd2b0a834502284cc5c4a9af01e2cd65e
2012-06-25 07:00:00+00:00,21.85,89.2495108844555,97754.67811818041,20.55564478679888,1251,1.0,3456a8c519da1212310083b87dcc7f9fd2b0a834502284cc5c4a9af01e2cd65e
2012-06-25 08:00:00+00:00,21.55,90.90102597204361,97760.94985269457,20.466317874536212,1251,1.0,3456a8c519da1212310083b87dcc7f9fd2b0a834502284cc5c4a9af01e2cd65e
2012-06-25 09:00:00+00:00,21.599999999999998,90.62340471174358,97747.01904658623,20.481356758195396,1251,1.0,3456a8c519da1212310083b87dcc7f9fd2b0a834502284cc5c4a9af01e2cd65e
2012-06-25 10:00:00+00:00,21.05,93.73041832045489,97779.43939364978,20.316941349025242,1251,1.0,3456a8c519da1212310083b87dcc7f9fd2b0a834502284cc5c4a9af01e2cd65e
2012-06-25 11:00:00+00:00,22.8,87.41865398233556,97702.54906164423,21.244773477355203,1251,1.0,3456a8c519da1212310083b87dcc7f9fd2b0a834502284cc5c4a9af01e2cd65e
2012-06-25 12:00:00+00:00,24.200000000000003,81.58843949238299,97723.01724240503,21.816015514035293,1251,1.0,3456a8c519da1212310083b87dcc7f9fd2b0a834502284cc5c4a9af01e2cd65e
2012-06-25 13:00:00+00:00,26.35,72.67908386084731,97785.42772115608,22.550212804781673,1251,1.0,3456a8c519da1212310083b87dcc7f9fd2b0a834502284cc5c4a9af01e2cd65e
2012-06-25 14:00:00+00:00,26.9,70.3621474396266,97743.0954583725,22.700732642956808,1251,1.0,3456a8c519da1212310083b87dcc7f9fd2b0a834502284cc5c4a9af01e2cd65e
2012-06-25 15:00:00+00:00,28.35,63.852666521554745,97666.97058104277,22.961259359000337,1251,1.0,3456a8c519da1212310083b87dcc7f9fd2b0a834502284cc5c4a9af01e2cd65e
2012-06-25 16:00:00+00:00,30.0,55.07749010874436,97679.86858083468,22.864936561118107,1251,1.0,3456a8c519da1212310083b87dcc7f9fd2b0a834502284cc5c4a9af01e2cd65e
2012-06-25 17:00:00+00:00,30.6,53.21506820591533,97526.64432215701,23.02355962730574,1251,1.0,3456a8c519da1212310083b87dcc7f9fd2b0a834502284cc5c4a9af01e2cd65e
2012-06-25 18:00:00+00:00,30.85,52.460103393766474,97485.76448271412,23.090091275372288,1251,1.0,3456a8c519da1212310083b87dcc7f9fd2b0a834502284cc5c4a9af01e2cd65e
2012-06-25 19:00:00+00:00,31.7,48.15547863555051,97383.49005575664,22.94867757586036,1251,1.0,3456a8c519da1212310083b87dcc7f9fd2b0a834502284cc5c4a9af01e2cd65e
2012-06-25 20:00:00+00:00,31.1,49.827110359589824,97328.78003560544,22.785936383739273,1251,1.0,3456a8c519da1212310083b87dcc7f9fd2b0a834502284cc5c4a9af01e2cd65e
2012-06-25 21:00:00+00:00,30.55,51.417126566566196,97308.44204318477,22.636614563334344,1251,1.0,3456a8c519da1212310083b87dcc7f9fd2b0a834502284cc5c4a9af01e2cd65e
2012-06-25 22:00:00+00:00,30.6,51.27023941555046,97294.46106020563,22.649732291555615,1251,1.0,3456a8c519da1212310083b87dcc7f9fd2b0a834502284cc5c4a9af01e2cd65e
2012-06-25 23:00:00+00:00,30.0,53.06459616581007,97268.73766578783,22.485671898467487,1251,1.0,3456a8c519da1212310083b87dcc7f9fd2b0a834502284cc5c4a9af01e2cd65e
2012-06-26 00:00:00+00:00,28.9,57.604852590636966,97271.49461949586,22.36952880215049,1251,1.0,3456a8c519da1212310083b87dcc7f9fd2b0a834502284cc5c4a9af01e2cd65e
2012-06-26 01:00:00+00:00,27.400000000000002,64.84126036009708,97369.7696157544,22.275728373244284,1251,1.0,3456a8c519da1212310083b87dcc7f9fd2b0a834502284cc5c4a9af01e2cd65e
2012-06-26 02:00:00+00:00,26.0,73.06652553542901,97389.97598524856,22.282851661590918,1251,1.0,3456a8c519da1212310083b87dcc7f9fd2b0a834502284cc5c4a9af01e2cd65e
2012-06-26 03:00:00+00:00,24.099999999999998,76.29218604395534,97333.60201118316,20.991050744831583,1251,1.0,3456a8c519da1212310083b87dcc7f9fd2b0a834502284cc5c4a9af01e2cd65e
2012-06-26 04:00:00+00:00,23.9,75.9455215829456,97289.49396497064,20.757024265748484,1251,1.0,3456a8c519da1212310083b87dcc7f9fd2b0a834502284cc5c4a9af01e2cd65e
2012-06-26 05:00:00+00:00,23.3,81.72805891844918,97321.49276173765,20.98005644969821,1251,1.0,3456a8c519da1212310083b87dcc7f9fd2b0a834502284cc5c4a9af01e2cd65e
2012-06-26 06:00:00+00:00,23.6,78.78382747791221,97358.66445983708,20.86776312684744,1251,1.0,3456a8c519da1212310083b87dcc7f9fd2b0a834502284cc5c4a9af01e2cd65e
2012-06-26 07:00:00+00:00,23.3,73.51321234216395,97418.15693810012,19.86735227451465,1251,1.0,3456a8c519da1212310083b87dcc7f9fd2b0a834502284cc5c4a9af01e2cd65e
2012-06-26 08:00:00+00:00,22.2,73.32363632339626,97415.51327936728,18.831858395583563,1251,1.0,3456a8c519da1212310083b87dcc7f9fd2b0a834502284cc5c4a9af01e2cd65e
2012-06-26 09:00:00+00:00,21.65,70.70884914902457,97447.98270793633,17.978737324351908,1251,1.0,3456a8c519da1212310083b87dcc7f9fd2b0a834502284cc5c4a9af01e2cd65e
2012-06-26 10:00:00+00:00,20.0,65.3350818278871,97525.89890205633,15.784773410125254,1251,1.0,3456a8c519da1212310083b87dcc7f9fd2b0a834502284cc5c4a9af01e2cd65e
2012-06-26 11:00:00+00:00,21.1,54.96814752395258,97615.71998866026,15.31597818229018,1251,1.0,3456a8c519da1212310083b87dcc7f9fd2b0a834502284cc5c4a9af01e2cd65e
2012-06-26 12:00:00+00:00,21.950000000000003,52.181856798729484,97649.4934314063,15.621403499399545,1251,1.0,3456a8c519da1212310083b87dcc7f9fd2b0a834502284cc5c4a9af01e2cd65e
2012-06-26 13:00:00+00:00,23.9,46.36982292875969,97724.51256874882,16.310034337650848,1251,1.0,3456a8c519da1212310083b87dcc7f9fd2b0a834502284cc5c4a9af01e2cd65e
2012-06-26 14:00:00+00:00,24.4,44.99933902246463,97691.40233633074,16.482471795238002,1251,1.0,3456a8c519da1212310083b87dcc7f9fd2b0a834502284cc5c4a9af01e2cd65e
2012-06-26 15:00:00+00:00,25.25,41.933126489082646,97695.97477836753,16.627884759339103,1251,1.0,3456a8c519da1212310083b87dcc7f9fd2b0a834502284cc5c4a9af01e2cd65e
2012-06-26 16:00:00+00:00,27.2,34.0463112444327,97664.16731380374,16.641586270535072,1251,1.0,3456a8c519da1212310083b87dcc7f9fd2b0a834502284cc5c4a9af01e2cd65e
2012-06-26 17:00:00+00:00,27.8,35.37050686882432,97602.98854068498,17.345402383173713,1251,1.0,3456a8c519da1212310083b87dcc7f9fd2b0a834502284cc5c4a9af01e2cd65e
2012-06-26 18:00:00+00:00,28.05,32.941378026313835,97605.6959926654,17.04060488628567,1251,1.0,3456a8c519da1212310083b87dcc7f9fd2b0a834502284cc5c4a9af01e2cd65e
2012-06-26 19:00:00+00:00,28.9,28.63756276543859,97547.16086487504,16.742288109484125,1251,1.0,3456a8c519da1212310083b87dcc7f9fd2b0a834502284cc5c4a9af01e2cd65e
2012-06-26 20:00:00+00:00,29.4,22.982343502866176,97542.85594415583,15.818739512448788,1251,1.0,3456a8c519da1212310083b87dcc7f9fd2b0a834502284cc5c4a9af01e2cd65e
2012-06-26 21:00:00+00:00,29.15,24.216641266292953,97540.17433715,15.934775402470374,1251,1.0,3456a8c519da1212310083b87dcc7f9fd2b0a834502284cc5c4a9af01e2cd65e
2012-06-26 22:00:00+00:00,28.3,28.473177378504193,97540.69601723403,16.286988917392094,1251,1.0,3456a8c519da1212310083b87dcc7f9fd2b0a834502284cc5c4a9af01e2cd65e
2012-06-26 23:00:00+00:00,26.7,31.26827029750735,97562.01260595948,15.726496081350692,1251,1.0,3456a8c519da1212310083b87dcc7f9fd2b0a834502284cc5c4a9af01e2cd65e
2012-06-27 00:00:00+00:00,25.549999999999997,34.15523827750925,97563.91763097483,15.444384106813962,1251,1.0,3456a8c519da1212310083b87dcc7f9fd2b0a834502284cc5c4a9af01e2cd65e
2012-06-27 01:00:00+00:00,22.8,42.514330957055016,97634.88801658768,14.806359254012909,1251,1.0,3456a8c519da1212310083b87dcc7f9fd2b0a834502284cc5c4a9af01e2cd65e
2012-06-27 02:00:00+00:00,21.7,43.952808991396374,97699.82708869934,14.16946206654186,1251,1.0,3456a8c519da1212310083b87dcc7f9fd2b0a834502284cc5c4a9af01e2cd65e
2012-06-27 03:00:00+00:00,21.15,45.45856760391358,97708.09507054523,13.962668047413384,1251,1.0,3456a8c519da1212310083b87dcc7f9fd2b0a834502284cc5c4a9af01e2cd65e
2012-06-27 04:00:00+00:00,19.4,56.7625297206137,97712.27757952838,14.125939904458349,1251,1.0,3456a8c519da1212310083b87dcc7f9fd2b0a834502284cc5c4a9af01e2cd65e
2012-06-27 05:00:00+00:00,18.3,60.799253674469355,97728.58196827075,13.709164674091156,1251,1.0,3456a8c519da1212310083b87dcc7f9fd2b0a834502284cc5c4a9af01e2cd65e
2012-06-27 06:00:00+00:00,17.75,65.28011568405209,97722.2057486421,13.786861321750592,1251,1.0,3456a8c519da1212310083b87dcc7f9fd2b0a834502284cc5c4a9af01e2cd65e
2012-06-27 07:00:00+00:00,16.1,72.23726555240336,97712.5923864359,13.122865686770577,1251,1.0,3456a8c519da1212310083b87dcc7f9fd2b0a834502284cc5c4a9af01e2cd65e
2012-06-27 08:00:00+00:00,15.0,77.51115072171149,97747.90776175591,12.690555915841756,1251,1.0,3456a8c519da1212310083b87dcc7f9fd2b0a834502284cc5c4a9af01e2cd65e
2012-06-27 09:00:00+00:00,15.55,77.59574486492693,97778.55190762888,13.211922095784747,1251,1.0,3456a8c519da1212310083b87dcc7f9fd2b0a834502284cc5c4a9af01e2cd65e
2012-06-27 10:00:00+00:00,16.7,74.76965231447441,97883.8280876755,13.962230712213294,1251,1.0,3456a8c519da1212310083b87dcc7f9fd2b0a834502284cc5c4a9af01e2cd65e
2012-06-27 11:00:00+00:00,19.4,61.056691641936844,97963.49079193496,14.702603722005858,1251,1.0,3456a8c519da1212310083b87dcc7f9fd2b0a834502284cc5c4a9af01e2cd65e
2012-06-27 12:00:00+00:00,20.549999999999997,54.82836805396036,98010.50078916525,14.840795478215462,1251,1.0,3456a8c519da1212310083b87dcc7f9fd2b0a834502284cc5c4a9af01e2cd65e
2012-06-27 13:00:00+00:00,23.9,39.7830761606374,98111.19577210721,15.22311082206744,1251,1.0,3456a8c519da1212310083b87dcc7f9fd2b0a834502284cc5c4a9af01e2cd65e
2012-06-27 14:00:00+00:00,25.6,33.36906690126977,98178.44531667164,15.357551232960972,1251,1.0,3456a8c519da1212310083b87dcc7f9fd2b0a834502284cc5c4a9af01e2cd65e
2012-06-27 15:00:00+00:00,26.15,32.96243037102775,98189.35414012248,15.68255861016599,1251,1.0,3456a8c519da1212310083b87dcc7f9fd2b0a834502284cc5c4a9af01e2cd65e
2012-06-27 16:00:00+00:00,27.8,31.575162700114745,98241.29583791895,16.60642003515862,1251,1.0,3456a8c519da1212310083b87dcc7f9fd2b0a834502284cc5c4a9af01e2cd65e
2012-06-27 17:00:00+00:00,28.9,28.63756276543859,98195.21835401203,16.77034835618961,1251,1.0,3456a8c519da1212310083b87dcc7f9fd2b0a834502284cc5c4a9af01e2cd65e
2012-06-27 18:00:00+00:00,29.15,28.226223813486413,98183.41328929404,16.854954125515988,1251,1.0,3456a8c519da1212310083b87dcc7f9fd2b0a834502284cc5c4a9af01e2cd65e
2012-06-27 19:00:00+00:00,30.0,23.944865365163032,98129.69417023886,16.46783210616693,1251,1.0,3456a8c519da1212310083b87dcc7f9fd2b0a834502284cc5c4a9af01e2cd65e
2012-06-27 20:00:00+00:00,30.0,26.876686026337183,98120.02050164953,17.1405762633387,1251,1.0,3456a8c519da1212310083b87dcc7f9fd2b0a834502284cc5c4a9af01e2cd65e
2012-06-27 21:00:00+00:00,30.0,27.333524552445866,98105.50999876553,17.243824559070486,1251,1.0,3456a8c519da1212310083b87dcc7f9fd2b0a834502284cc5c4a9af01e2cd65e
2012-06-27 22:00:00+00:00,28.9,30.834400059109175,98069.47585611978,17.23514081482996,1251,1.0,3456a8c519da1212310083b87dcc7f9fd2b0a834502284cc5c4a9af01e2cd65e
2012-06-27 23:00:00+00:00,27.8,35.37050686882432,98067.21202958241,17.362211646315586,1251,1.0,3456a8c519da1212310083b87dcc7f9fd2b0a834502284cc5c4a9af01e2cd65e
2012-06-28 00:00:00+00:00,26.4,39.17075679848468,98076.07021274875,17.032044540046847,1251,1.0,3456a8c519da1212310083b87dcc7f9fd2b0a834502284cc5c4a9af01e2cd65e
2012-06-28 01:00:00+00:00,23.3,48.07675813003664,98104.47259027368,16.11044634784753,1251,1.0,3456a8c519da1212310083b87dcc7f9fd2b0a834502284cc5c4a9af01e2cd65e
2012-06-28 02:00:00+00:00,22.8,49.55328216584402,98137.51292272199,15.935431463517677,1251,1.0,3456a8c519da1212310083b87dcc7f9fd2b0a834502284cc5c4a9af01e2cd65e
2012-06-28 03:00:00+00:00,21.700000000000003,53.8652915474908,98134.73580558444,15.67240616999237,1251,1.0,3456a8c519da1212310083b87dcc7f9fd2b0a834502284cc5c4a9af01e2cd65e
2012-06-28 04:00:00+00:00,20.6,62.95797615726987,98122.20123015571,16.006245662766716,1251,1.0,3456a8c519da1212310083b87dcc7f9fd2b0a834502284cc5c4a9af01e2cd65e
2012-06-28 05:00:00+00:00,20.0,67.93498728689488,98067.01158792923,16.132393948112366,1251,1.0,3456a8c519da1212310083b87dcc7f9fd2b0a834502284cc5c4a9af01e2cd65e
2012-06-28 06:00:00+00:00,19.45,71.44148124193958,98046.19419292948,16.08257617049252,1251,1.0,3456a8c519da1212310083b87dcc7f9fd2b0a834502284cc5c4a9af01e2cd65e
2012-06-28 07:00:00+00:00,18.3,75.52648655543713,98008.7449652142,15.52768443766654,1251,1.0,3456a8c519da1212310083b87dcc7f9fd2b0a834502284cc5c4a9af01e2cd65e
2012-06-28 08:00:00+00:00,17.8,80.50201036180096,98041.57364671686,15.64429142258147,1251,1.0,3456a8c519da1212310083b87dcc7f9fd2b0a834502284cc5c4a9af01e2cd65e
2012-06-28 09:00:00+00:00,18.05,77.9746269710606,98073.46486512657,15.585830287804312,1251,1.0,3456a8c519da1212310083b87dcc7f9fd2b0a834502284cc5c4a9af01e2cd65e
2012-06-28 10:00:00+00:00,17.2,80.94462546608503,98140.8251122376,15.131147252541972,1251,1.0,3456a8c519da1212310083b87dcc7f9fd2b0a834502284cc5c4a9af01e2cd65e
2012-06-28 11:00:00+00:00,21.1,68.15622481037063,98243.87777494508,17.150844013590543,1251,1.0,3456a8c519da1212310083b87dcc7f9fd2b0a834502284cc5c4a9af01e2cd65e
2012-06-28 12:00:00+00:00,23.05,61.69701346853474,98265.98775631675,17.976182694220498,1251,1.0,3456a8c519da1212310083b87dcc7f9fd2b0a834502284cc5c4a9af01e2cd65e
2012-06-28 13:00:00+00:00,27.8,45.63279804194258,98279.98112866041,19.327413570261786,1251,1.0,3456a8c519da1212310083b87dcc7f9fd2b0a834502284cc5c4a9af01e2cd65e
2012-06-28 14:00:00+00:00,30.0,38.64825104261309,98284.47286766826,19.69191652216966,1251,1.0,3456a8c519da1212310083b87dcc7f9fd2b0a834502284cc5c4a9af01e2cd65e
2012-06-28 15:00:00+00:00,30.55,36.137769825000724,98285.54127730135,19.581498016577044,1251,1.0,3456a8c519da1212310083b87dcc7f9fd2b0a834502284cc5c4a9af01e2cd65e
2012-06-28 16:00:00+00:00,33.3,28.878377109086138,98300.23907471208,19.91655248680916,1251,1.0,3456a8c519da1212310083b87dcc7f9fd2b0a834502284cc5c4a9af01e2cd65e
2012-06-28 17:00:00+00:00,34.4,23.48608873231178,98263.38756900154,19.280463836011663,1251,1.0,3456a8c519da1212310083b87dcc7f9fd2b0a834502284cc5c4a9af01e2cd65e
2012-06-28 18:00:00+00:00,34.4,24.360192999404116,98244.03104628528,19.51307438343282,1251,1.0,3456a8c519da1212310083b87dcc7f9fd2b0a834502284cc5c4a9af01e2cd65e
2012-06-28 19:00:00+00:00,35.6,23.637672042179396,98198.44210721731,20.113553493172006,1251,1.0,3456a8c519da1212310083b87dcc7f9fd2b0a834502284cc5c4a9af01e2cd65e
2012-06-28 20:00:00+00:00,35.6,20.27998486340879,98159.72414088622,19.161797858289617,1251,1.0,3456a8c519da1212310083b87dcc7f9fd2b0a834502284cc5c4a9af01e2cd65e
2012-06-28 21:00:00+00:00,35.3,21.827008644387078,98117.89742628235,19.407118711931965,1251,1.0,3456a8c519da1212310083b87dcc7f9fd2b0a834502284cc5c4a9af01e2cd65e
2012-06-28 22:00:00+00:00,34.4,32.55377835955569,98040.78755776476,21.599469500530013,1251,1.0,3456a8c519da1212310083b87dcc7f9fd2b0a834502284cc5c4a9af01e2cd65e
2012-06-28 23:00:00+00:00,32.8,34.25869773269123,98004.66854142245,20.829387883740647,1251,1.0,3456a8c519da1212310083b87dcc7f9fd2b0a834502284cc5c4a9af01e2cd65e
2012-06-29 00:00:00+00:00,31.4,37.80483824235691,97970.50897634792,20.57129183259798,1251,1.0,3456a8c519da1212310083b87dcc7f9fd2b0a834502284cc5c4a9af01e2cd65e
2012-06-29 01:00:00+00:00,28.9,45.92992963650261,97934.06085838967,20.25675058233958,1251,1.0,3456a8c519da1212310083b87dcc7f9fd2b0a834502284cc5c4a9af01e2cd65e
2012-06-29 02:00:00+00:00,26.1,56.214604768442946,97913.22246211967,19.75071185992681,1251,1.0,3456a8c519da1212310083b87dcc7f9fd2b0a834502284cc5c4a9af01e2cd65e
2012-06-29 03:00:00+00:00,25.85,57.96459517686806,97900.80173879568,19.821074744961454,1251,1.0,3456a8c519da1212310083b87dcc7f9fd2b0a834502284cc5c4a9af01e2cd65e
2012-06-29 04:00:00+00:00,25.0,64.330973491464,97843.07216601516,20.075032989605667,1251,1.0,3456a8c519da1212310083b87dcc7f9fd2b0a834502284cc5c4a9af01e2cd65e
2012-06-29 05:00:00+00:00,23.9,68.71007538914343,97811.51628950446,19.739668506245742,1251,1.0,3456a8c519da1212310083b87dcc7f9fd2b0a834502284cc5c4a9af01e2cd65e
2012-06-29 06:00:00+00:00,23.049999999999997,73.47029238888389,97782.68071443046,19.635759809337504,1251,1.0,3456a8c519da1212310083b87dcc7f9fd2b0a834502284cc5c4a9af01e2cd65e
2012-06-29 07:00:00+00:00,21.7,81.01758163219546,97719.15636500534,19.378275871129134,1251,1.0,3456a8c519da1212310083b87dcc7f9fd2b0a834502284cc5c4a9af01e2cd65e
2012-06-29 08:00:00+00:00,21.1,81.45093773972202,97722.02361403154,18.866839142701565,1251,1.0,3456a8c519da1212310083b87dcc7f9fd2b0a834502284cc5c4a9af01e2cd65e
2012-06-29 09:00:00+00:00,20.55,82.6760127905989,97735.09538887035,18.498772007505742,1251,1.0,3456a8c519da1212310083b87dcc7f9fd2b0a834502284cc5c4a9af01e2cd65e
2012-06-29 10:00:00+00:00,21.1,81.45093773972202,97780.0074096886,18.8676443205841,1251,1.0,3456a8c519da1212310083b87dcc7f9fd2b0a834502284cc5c4a9af01e2cd65e
2012-06-29 11:00:00+00:00,25.0,64.330973491464,97852.7404537786,20.07503298960564,1251,1.0,3456a8c519da1212310083b87dcc7f9fd2b0a834502284cc5c4a9af01e2cd65e
2012-06-29 12:00:00+00:00,26.95,58.22660788695464,97883.86224537763,20.809437218530245,1251,1.0,3456a8c519da1212310083b87dcc7f9fd2b0a834502284cc5c4a9af01e2cd65e
2012-06-29 15:00:00+00:00,36.400000000000006,23.377427259621797,98003.42320491612,20.561262776632663,1251,1.0,3456a8c519da1212310083b87dcc7f9fd2b0a834502284cc5c4a9af01e2cd65e
2012-06-29 16:00:00+00:00,37.8,21.6575552922771,97979.03405093442,20.97066643019486,1251,1.0,3456a8c519da1212310083b87dcc7f9fd2b0a834502284cc5c4a9af01e2cd65e
2012-06-29 17:00:00+00:00,38.9,21.22551327288453,97961.15772139875,21.546389052664907,1251,1.0,3456a8c519da1212310083b87dcc7f9fd2b0a834502284cc5c4a9af01e2cd65e
2012-06-29 18:00:00+00:00,39.15,21.70756472051267,97939.47760639104,21.859476477180923,1251,1.0,3456a8c519da1212310083b87dcc7f9fd2b0a834502284cc5c4a9af01e2cd65e
2012-06-29 19:00:00+00:00,39.4,22.92819055536218,97850.00898393165,22.40220232126039,1251,1.0,3456a8c519da1212310083b87dcc7f9fd2b0a834502284cc5c4a9af01e2cd65e
2012-06-29 20:00:00+00:00,40.0,23.98471593823314,97817.3065862162,23.130895483083943,1251,1.0,3456a8c519da1212310083b87dcc7f9fd2b0a834502284cc5c4a9af01e2cd65e
2012-06-29 21:00:00+00:00,39.7,23.90869326322017,97790.08491626967,22.905379875864334,1251,1.0,3456a8c519da1212310083b87dcc7f9fd2b0a834502284cc5c4a9af01e2cd65e
2012-06-29 22:00:00+00:00,38.9,25.443579023842393,97690.03857380566,22.83040906715393,1251,1.0,3456a8c519da1212310083b87dcc7f9fd2b0a834502284cc5c4a9af01e2cd65e
2012-06-29 23:00:00+00:00,35.6,35.025931208261305,97675.74956174764,23.083508106031125,1251,1.0,3456a8c519da1212310083b87dcc7f9fd2b0a834502284cc5c4a9af01e2cd65e
2012-06-30 00:00:00+00:00,34.2,36.56235191717047,97661.25706159006,22.40292509711153,1251,1.0,3456a8c519da1212310083b87dcc7f9fd2b0a834502284cc5c4a9af01e2cd65e
2012-06-30 01:00:00+00:00,31.1,43.405069898599976,97677.07388066326,21.508278014766088,1251,1.0,3456a8c519da1212310083b87dcc7f9fd2b0a834502284cc5c4a9af01e2cd65e
2012-06-30 02:00:00+00:00,28.3,52.96763112775059,97676.10204046074,21.04983066367393,1251,1.0,3456a8c519da1212310083b87dcc7f9fd2b0a834502284cc5c4a9af01e2cd65e
2012-06-30 03:00:00+00:00,28.3,53.807114429296895,97680.9379698617,21.19857152247338,1251,1.0,3456a8c519da1212310083b87dcc7f9fd2b0a834502284cc5c4a9af01e2cd65e
2012-06-30 04:00:00+00:00,28.3,56.749404885928165,97695.44575806455,21.714254927722433,1251,1.0,3456a8c519da1212310083b87dcc7f9fd2b0a834502284cc5c4a9af01e2cd65e
2012-06-30 05:00:00+00:00,26.1,64.56607215408451,97584.45991385657,21.08119280193784,1251,1.0,3456a8c519da1212310083b87dcc7f9fd2b0a834502284cc5c4a9af01e2cd65e
2012-06-30 06:00:00+00:00,26.4,64.4288210080151,97597.41450897443,21.32580421962606,1251,1.0,3456a8c519da1212310083b87dcc7f9fd2b0a834502284cc5c4a9af01e2cd65e
2012-06-30 07:00:00+00:00,26.7,64.29248591489201,97629.70356524599,21.57101996544499,1251,1.0,3456a8c519da1212310083b87dcc7f9fd2b0a834502284cc5c4a9af01e2cd65e
2012-06-30 08:00:00+00:00,25.0,71.10528271258221,97678.71127403667,21.082301064495805,1251,1.0,3456a8c519da1212310083b87dcc7f9fd2b0a834502284cc5c4a9af01e2cd65e
2012-06-30 09:00:00+00:00,24.7,72.39001111749039,97689.89440354961,20.995487043609124,1251,1.0,3456a8c519da1212310083b87dcc7f9fd2b0a834502284cc5c4a9af01e2cd65e
2012-06-30 10:00:00+00:00,24.4,71.44007196820532,97749.40811703514,20.585421765315388,1251,1.0,3456a8c519da1212310083b87dcc7f9fd2b0a834502284cc5c4a9af01e2cd65e
2012-06-30 11:00:00+00:00,26.1,60.26339659595785,97826.19708169709,20.40522502691146,1251,1.0,3456a8c519da1212310083b87dcc7f9fd2b0a834502284cc5c4a9af01e2cd65e
2012-06-30 12:00:00+00:00,27.75,54.693528548568814,97878.07768529536,20.8938274393674,1251,1.0,3456a8c519da1212310083b87dcc7f9fd2b0a834502284cc5c4a9af01e2cd65e
2012-06-30 13:00:00+00:00,31.1,45.080005217837616,97957.6439225154,21.857816701764715,1251,1.0,3456a8c519da1212310083b87dcc7f9fd2b0a834502284cc5c4a9af01e2cd65e
2012-06-30 14:00:00+00:00,32.8,40.941279594535324,97956.28550995453,22.332171020189982,1251,1.0,3456a8c519da1212310083b87dcc7f9fd2b0a834502284cc5c4a9af01e2cd65e
2012-06-30 15:00:00+00:00,33.349999999999994,40.324583507803126,97942.70982444049,22.623633178987262,1251,1.0,3456a8c519da1212310083b87dcc7f9fd2b0a834502284cc5c4a9af01e2cd65e
2012-06-30 16:00:00+00:00,36.7,34.02369769186077,97929.06141891092,23.65782628659562,1251,1.0,3456a8c519da1212310083b87dcc7f9fd2b0a834502284cc5c4a9af01e2cd65e
2012-06-30 17:00:00+00:00,37.8,32.04304304513327,97891.89854634367,23.94244283412546,1251,1.0,3456a8c519da1212310083b87dcc7f9fd2b0a834502284cc5c4a9af01e2cd65e
2012-06-30 18:00:00+00:00,38.05,31.119037353896413,97879.91926902696,23.871921909946245,1251,1.0,3456a8c519da1212310083b87dcc7f9fd2b0a834502284cc5c4a9af01e2cd65e
2012-06-30 19:00:00+00:00,39.4,26.567984673327604,97830.64233198036,23.517145907102638,1251,1.0,3456a8c519da1212310083b87dcc7f9fd2b0a834502284cc5c4a9af01e2cd65e
2012-06-30 20:00:00+00:00,39.4,24.768359792202297,97801.59235405341,22.969698695598392,1251,1.0,3456a8c519da1212310083b87dcc7f9fd2b0a834502284cc5c4a9af01e2cd65e
2012-06-30 21:00:00+00:00,39.15,26.418726993179458,97774.86530530758,23.29740422300039,1251,1.0,3456a8c519da1212310083b87dcc7f9fd2b0a834502284cc5c4a9af01e2cd65e
2012-06-30 22:00:00+00:00,38.3,26.281500126675777,97761.43074014183,22.671248432936657,1251,1.0,3456a8c519da1212310083b87dcc7f9fd2b0a834502284cc5c4a9af01e2cd65e
2012-06-30 23:00:00+00:00,36.7,34.02369769186077,97783.85225310588,23.652769982844923,1251,1.0,3456a8c519da1212310083b87dcc7f9fd2b0a834502284cc5c4a9af01e2cd65e
2012-07-01 00:00:00+00:00,35.0,39.40215688934757,97790.54032250836,23.687413457156055,1251,1.0,3456a8c519da1212310083b87dcc7f9fd2b0a834502284cc5c4a9af01e2cd65e
2012-07-01 01:00:00+00:00,31.1,51.71719708188092,97831.87114513341,23.164533805907126,1251,1.0,3456a8c519da1212310083b87dcc7f9fd2b0a834502284cc5c4a9af01e2cd65e
2012-07-01 02:00:00+00:00,30.0,57.15705209678871,97849.15778114808,23.246278516426422,1251,1.0,3456a8c519da1212310083b87dcc7f9fd2b0a834502284cc5c4a9af01e2cd65e
2012-07-01 03:00:00+00:00,29.15,60.02703396624561,97844.86647237613,23.01832900570904,1251,1.0,3456a8c519da1212310083b87dcc7f9fd2b0a834502284cc5c4a9af01e2cd65e
2012-07-01 04:00:00+00:00,28.9,60.901804087946246,97817.99086033528,22.95025891891398,1251,1.0,3456a8c519da1212310083b87dcc7f9fd2b0a834502284cc5c4a9af01e2cd65e
2012-07-01 05:00:00+00:00,26.7,71.41383990953275,97774.75562085997,22.679548484844233,1251,1.0,3456a8c519da1212310083b87dcc7f9fd2b0a834502284cc5c4a9af01e2cd65e
2012-07-01 06:00:00+00:00,26.95,70.37140945895487,97777.48776556148,22.74784687290851,1251,1.0,3456a8c519da1212310083b87dcc7f9fd2b0a834502284cc5c4a9af01e2cd65e
2012-07-01 07:00:00+00:00,25.6,73.90356382924115,97733.67394730322,22.041833381163222,1251,1.0,3456a8c519da1212310083b87dcc7f9fd2b0a834502284cc5c4a9af01e2cd65e
2012-07-01 08:00:00+00:00,26.1,73.98735762690744,97729.50221456088,22.51473603569118,1251,1.0,3456a8c519da1212310083b87dcc7f9fd2b0a834502284cc5c4a9af01e2cd65e
2012-07-01 09:00:00+00:00,26.1,70.21341176082511,97758.51067470174,21.951176479931156,1251,1.0,3456a8c519da1212310083b87dcc7f9fd2b0a834502284cc5c4a9af01e2cd65e
2012-07-01 10:00:00+00:00,25.6,71.2147085352339,97878.70808948857,21.647816512522876,1251,1.0,3456a8c519da1212310083b87dcc7f9fd2b0a834502284cc5c4a9af01e2cd65e
2012-07-01 11:00:00+00:00,26.7,74.08741416205547,97968.15836167861,23.0851379986471,1251,1.0,3456a8c519da1212310083b87dcc7f9fd2b0a834502284cc5c4a9af01e2cd65e
2012-07-01 12:00:00+00:00,28.65,63.91681761416444,98013.57355283658,23.242716292279635,1251,1.0,3456a8c519da1212310083b87dcc7f9fd2b0a834502284cc5c4a9af01e2cd65e
2012-07-01 13:00:00+00:00,34.4,40.10679628839683,98118.21364862972,23.39564608433172,1251,1.0,3456a8c519da1212310083b87dcc7f9fd2b0a834502284cc5c4a9af01e2cd65e
2012-07-01 14:00:00+00:00,37.2,32.08270909747944,98166.52965748802,23.5259946629921,1251,1.0,3456a8c519da1212310083b87dcc7f9fd2b0a834502284cc5c4a9af01e2cd65e
2012-07-01 15:00:00+00:00,38.05,30.059705412255184,98180.06047258202,23.590533626906172,1251,1.0,3456a8c519da1212310083b87dcc7f9fd2b0a834502284cc5c4a9af01e2cd65e
2012-07-01 16:00:00+00:00,40.0,23.98471593823314,98214.3474306905,23.150266846175597,1251,1.0,3456a8c519da1212310083b87dcc7f9fd2b0a834502284cc5c4a9af01e2cd65e
2012-07-01 17:00:00+00:00,40.0,23.078619451584636,98185.29566158263,22.862597324334374,1251,1.0,3456a8c519da1212310083b87dcc7f9fd2b0a834502284cc5c4a9af01e2cd65e
2012-07-01 18:00:00+00:00,40.55,23.666450992586537,98147.24466564694,23.41365327796732,1251,1.0,3456a8c519da1212310083b87dcc7f9fd2b0a834502284cc5c4a9af01e2cd65e
2012-07-01 19:00:00+00:00,40.6,25.718953538410915,98026.68967055097,24.09093001407837,1251,1.0,3456a8c519da1212310083b87dcc7f9fd2b0a834502284cc5c4a9af01e2cd65e
2012-07-01 20:00:00+00:00,40.0,25.72740265351398,97894.77797050387,23.676673913454692,1251,1.0,3456a8c519da1212310083b87dcc7f9fd2b0a834502284cc5c4a9af01e2cd65e
2012-07-01 21:00:00+00:00,40.3,22.71175356960983,97883.2609547349,22.92875242970419,1251,1.0,3456a8c519da1212310083b87dcc7f9fd2b0a834502284cc5c4a9af01e2cd65e
2012-07-01 22:00:00+00:00,38.3,27.13490365915679,97838.88854403618,22.92278614325233,1251,1.0,3456a8c519da1212310083b87dcc7f9fd2b0a834502284cc5c4a9af01e2cd65e
2012-07-01 23:00:00+00:00,31.3,35.418091796512755,98066.19664644221,19.97876218035706,1251,1.0,3456a8c519da1212310083b87dcc7f9fd2b0a834502284cc5c4a9af01e2cd65e
2012-07-02 00:00:00+00:00,27.900000000000002,54.21662780170152,98061.85307437308,20.94162899346354,1251,1.0,3456a8c519da1212310083b87dcc7f9fd2b0a834502284cc5c4a9af01e2cd65e
2012-07-02 01:00:00+00:00,21.666666666666668,83.89490306204783,98330.06548858473,19.71575035854474,1251,1.0,3456a8c519da1212310083b87dcc7f9fd2b0a834502284cc5c4a9af01e2cd65e
2012-07-02 02:00:00+00:00,22.400000000000002,77.63330686658108,98287.64588544659,19.59989912907465,1251,1.0,3456a8c519da1212310083b87dcc7f9fd2b0a834502284cc5c4a9af01e2cd65e
2012-07-02 03:00:00+00:00,22.633333333333336,76.14162545006883,98349.88952863538,19.61962837228205,1251,1.0,3456a8c519da1212310083b87dcc7f9fd2b0a834502284cc5c4a9af01e2cd65e
2012-07-02 04:00:00+00:00,22.400000000000002,76.66484479654098,98355.30381849784,19.47278610007992,1251,1.0,3456a8c519da1212310083b87dcc7f9fd2b0a834502284cc5c4a9af01e2cd65e
2012-07-02 05:00:00+00:00,21.7,86.77922781089582,98453.66886463351,20.10855488242388,1251,1.0,3456a8c519da1212310083b87dcc7f9fd2b0a834502284cc5c4a9af01e2cd65e
2012-07-02 06:00:00+00:00,21.2,88.37028496611363,98595.34145813309,19.822295598926765,1251,1.0,3456a8c519da1212310083b87dcc7f9fd2b0a834502284cc5c4a9af01e2cd65e
2012-07-02 07:00:00+00:00,21.7,90.07101545566098,98695.28481845856,20.51475269354514,1251,1.0,3456a8c519da1212310083b87dcc7f9fd2b0a834502284cc5c4a9af01e2cd65e
2012-07-02 08:00:00+00:00,20.6,92.83998075329613,98460.42035986375,19.772227903572194,1251,1.0,3456a8c519da1212310083b87dcc7f9fd2b0a834502284cc5c4a9af01e2cd65e
2012-07-02 09:00:00+00:00,20.8,90.5690644355442,98506.20044089478,19.6986452350973,1251,1.0,3456a8c519da1212310083b87dcc7f9fd2b0a834502284cc5c4a9af01e2cd65e
2012-07-02 10:00:00+00:00,21.025,88.76991290368974,98506.36241442201,19.700860827283044,1251,1.0,3456a8c519da1212310083b87dcc7f9fd2b0a834502284cc5c4a9af01e2cd65e
2012-07-02 11:00:00+00:00,21.7,86.77922781089582,98318.36393049148,20.10799362510857,1251,1.0,3456a8c519da1212310083b87dcc7f9fd2b0a834502284cc5c4a9af01e2cd65e
2012-07-02 12:00:00+00:00,22.5,79.86533756982448,98317.77381720279,19.987758289935698,1251,1.0,3456a8c519da1212310083b87dcc7f9fd2b0a834502284cc5c4a9af01e2cd65e
2012-07-02 13:00:00+00:00,26.1,60.26339659595785,98338.67987751895,20.414341123626798,1251,1.0,3456a8c519da1212310083b87dcc7f9fd2b0a834502284cc5c4a9af01e2cd65e
2012-07-02 14:00:00+00:00,28.3,50.99963321551619,98333.78843899042,20.713042451282107,1251,1.0,3456a8c519da1212310083b87dcc7f9fd2b0a834502284cc5c4a9af01e2cd65e
2012-07-02 15:00:00+00:00,29.450000000000003,46.0778301785548,98346.25781910263,20.738957338340498,1251,1.0,3456a8c519da1212310083b87dcc7f9fd2b0a834502284cc5c4a9af01e2cd65e
2012-07-02 16:00:00+00:00,31.1,43.405069898599976,98334.9622546614,21.526943078998112,1251,1.0,3456a8c519da1212310083b87dcc7f9fd2b0a834502284cc5c4a9af01e2cd65e
2012-07-02 17:00:00+00:00,32.2,42.35096577294139,98307.969462836,22.175933652926073,1251,1.0,3456a8c519da1212310083b87dcc7f9fd2b0a834502284cc5c4a9af01e2cd65e
2012-07-02 18:00:00+00:00,32.5,42.299332460229365,98291.79517995163,22.4001625912772,1251,1.0,3456a8c519da1212310083b87dcc7f9fd2b0a834502284cc5c4a9af01e2cd65e
2012-07-02 19:00:00+00:00,32.8,42.24804823188427,98246.58369876206,22.624101369701428,1251,1.0,3456a8c519da1212310083b87dcc7f9fd2b0a834502284cc5c4a9af01e2cd65e
2012-07-02 20:00:00+00:00,33.3,41.07748355177194,98222.82207209368,22.7600019302417,1251,1.0,3456a8c519da1212310083b87dcc7f9fd2b0a834502284cc5c4a9af01e2cd65e
2012-07-02 21:00:00+00:00,33.05,41.009420208139325,98191.15949324367,22.548836510664103,1251,1.0,3456a8c519da1212310083b87dcc7f9fd2b0a834502284cc5c4a9af01e2cd65e
2012-07-02 22:00:00+00:00,32.2,45.37473269593817,98133.80180040184,22.80618496596789,1251,1.0,3456a8c519da1212310083b87dcc7f9fd2b0a834502284cc5c4a9af01e2cd65e
2012-07-02 23:00:00+00:00,30.6,55.22431068979966,98126.45108219804,23.4112096110987,1251,1.0,3456a8c519da1212310083b87dcc7f9fd2b0a834502284cc5c4a9af01e2cd65e
2012-07-03 00:00:00+00:00,29.75,58.88422298828523,98146.35391003528,23.344657199502038,1251,1.0,3456a8c519da1212310083b87dcc7f9fd2b0a834502284cc5c4a9af01e2cd65e
2012-07-03 01:00:00+00:00,27.8,64.9253595288962,98183.26790180677,22.656986205090206,1251,1.0,3456a8c519da1212310083b87dcc7f9fd2b0a834502284cc5c4a9af01e2cd65e
2012-07-03 02:00:00+00:00,27.2,69.3460820493205,98234.73725850266,22.82116788935379,1251,1.0,3456a8c519da1212310083b87dcc7f9fd2b0a834502284cc5c4a9af01e2cd65e
2012-07-03 03:00:00+00:00,26.95,71.6780743719113,98241.66731385016,22.9537746148299,1251,1.0,3456a8c519da1212310083b87dcc7f9fd2b0a834502284cc5c4a9af01e2cd65e
2012-07-03 04:00:00+00:00,26.1,76.75727862001013,98212.97655024189,22.92496599581012,1251,1.0,3456a8c519da1212310083b87dcc7f9fd2b0a834502284cc5c4a9af01e2cd65e
2012-07-03 05:00:00+00:00,25.0,81.93813716288261,98191.130525499,22.624750253570443,1251,1.0,3456a8c519da1212310083b87dcc7f9fd2b0a834502284cc5c4a9af01e2cd65e
2012-07-03 06:00:00+00:00,25.0,81.93813716288261,98166.95980609041,22.623944674548458,1251,1.0,3456a8c519da1212310083b87dcc7f9fd2b0a834502284cc5c4a9af01e2cd65e
2012-07-03 07:00:00+00:00,24.4,79.38488583406317,98097.44280126155,21.70598847764847,1251,1.0,3456a8c519da1212310083b87dcc7f9fd2b0a834502284cc5c4a9af01e2cd65e
2012-07-03 08:00:00+00:00,23.9,78.82635534844951,98082.19453185533,21.160041964030256,1251,1.0,3456a8c519da1212310083b87dcc7f9fd2b0a834502284cc5c4a9af01e2cd65e
2012-07-03 09:00:00+00:00,23.6,80.26246315805562,98074.00389984382,21.072616223728808,1251,1.0,3456a8c519da1212310083b87dcc7f9fd2b0a834502284cc5c4a9af01e2cd65e
2012-07-03 10:00:00+00:00,22.2,84.17230815633675,98130.73780389086,20.25774288516206,1251,1.0,3456a8c519da1212310083b87dcc7f9fd2b0a834502284cc5c4a9af01e2cd65e
2012-07-03 11:00:00+00:00,24.4,79.38488583406317,98213.45436267035,21.706916007867907,1251,1.0,3456a8c519da1212310083b87dcc7f9fd2b0a834502284cc5c4a9af01e2cd65e
2012-07-03 12:00:00+00:00,25.799999999999997,71.6927002037592,98253.17531002652,21.90550698164011,1251,1.0,3456a8c519da1212310083b87dcc7f9fd2b0a834502284cc5c4a9af01e2cd65e
2012-07-03 13:00:00+00:00,30.0,53.06459616581007,98323.1675420256,22.508318084677818,1251,1.0,3456a8c519da1212310083b87dcc7f9fd2b0a834502284cc5c4a9af01e2cd65e
2012-07-03 14:00:00+00:00,31.7,46.67826668605347,98351.03590827285,22.67529428390393,1251,1.0,3456a8c519da1212310083b87dcc7f9fd2b0a834502284cc5c4a9af01e2cd65e
2012-07-03 15:00:00+00:00,32.25,45.2466544643729,98352.0417572813,22.82491031935023,1251,1.0,3456a8c519da1212310083b87dcc7f9fd2b0a834502284cc5c4a9af01e2cd65e
2012-07-03 16:00:00+00:00,33.9,38.49225654695988,98296.86584767564,22.644952624396474,1251,1.0,3456a8c519da1212310083b87dcc7f9fd2b0a834502284cc5c4a9af01e2cd65e
2012-07-03 17:00:00+00:00,34.4,38.62890958836554,98253.70930764342,23.058626334645517,1251,1.0,3456a8c519da1212310083b87dcc7f9fd2b0a834502284cc5c4a9af01e2cd65e
2012-07-03 18:00:00+00:00,35.0,37.36306801594932,98206.73206139765,23.21836213410596,1251,1.0,3456a8c519da1212310083b87dcc7f9fd2b0a834502284cc5c4a9af01e2cd65e
2012-07-03 19:00:00+00:00,35.6,31.448650559969103,98121.00617455514,22.196266117159094,1251,1.0,3456a8c519da1212310083b87dcc7f9fd2b0a834502284cc5c4a9af01e2cd65e
2012-07-03 20:00:00+00:00,33.9,41.24052001661062,98054.92219835085,23.261096637040325,1251,1.0,3456a8c519da1212310083b87dcc7f9fd2b0a834502284cc5c4a9af01e2cd65e
2012-07-03 21:00:00+00:00,33.016666666666666,41.91107066815299,98137.58577409318,22.718296670755905,1251,1.0,3456a8c519da1212310083b87dcc7f9fd2b0a834502284cc5c4a9af01e2cd65e
2012-07-03 22:00:00+00:00,27.8,58.42765040944001,98067.21202958241,21.578901218222946,1251,1.0,3456a8c519da1212310083b87dcc7f9fd2b0a834502284cc5c4a9af01e2cd65e
2012-07-03 23:00:00+00:00,26.7,58.16724228225828,98103.54028025165,20.58896266199736,1251,1.0,3456a8c519da1212310083b87dcc7f9fd2b0a834502284cc5c4a9af01e2cd65e
2012-07-04 00:00:00+00:00,26.7,58.16724228225828,98113.21041729258,20.58896266199739,1251,1.0,3456a8c519da1212310083b87dcc7f9fd2b0a834502284cc5c4a9af01e2cd65e
2012-07-04 01:00:00+00:00,25.0,68.92406520064893,98171.79394997213,20.767627043968886,1251,1.0,3456a8c519da1212310083b87dcc7f9fd2b0a834502284cc5c4a9af01e2cd65e
2012-07-04 02:00:00+00:00,25.0,64.330973491464,98181.46223773557,20.08030456253625,1251,1.0,3456a8c519da1212310083b87dcc7f9fd2b0a834502284cc5c4a9af01e2cd65e
2012-07-04 03:00:00+00:00,25.3,64.1933274926482,98194.46015117159,20.324733700740424,1251,1.0,3456a8c519da1212310083b87dcc7f9fd2b0a834502284cc5c4a9af01e2cd65e
2012-07-04 04:00:00+00:00,24.4,68.80759213980193,98126.44569161376,20.208890578935907,1251,1.0,3456a8c519da1212310083b87dcc7f9fd2b0a834502284cc5c4a9af01e2cd65e
2012-07-04 05:00:00+00:00,23.9,70.90317175734778,98062.86037168742,20.056650684573015,1251,1.0,3456a8c519da1212310083b87dcc7f9fd2b0a834502284cc5c4a9af01e2cd65e
2012-07-04 06:00:00+00:00,23.6,71.07070339602994,98025.67015389743,19.80734975250128,1251,1.0,3456a8c519da1212310083b87dcc7f9fd2b0a834502284cc5c4a9af01e2cd65e
2012-07-04 07:00:00+00:00,23.3,68.59250520510165,97959.47632572996,19.18462769716765,1251,1.0,3456a8c519da1212310083b87dcc7f9fd2b0a834502284cc5c4a9af01e2cd65e
2012-07-04 08:00:00+00:00,22.8,75.77093580760707,98011.8566961884,19.72060000379591,1251,1.0,3456a8c519da1212310083b87dcc7f9fd2b0a834502284cc5c4a9af01e2cd65e
2012-07-04 09:00:00+00:00,22.25,79.83125044041515,98020.15303257959,19.74585167974943,1251,1.0,3456a8c519da1212310083b87dcc7f9fd2b0a834502284cc5c4a9af01e2cd65e
2012-07-04 10:00:00+00:00,21.7,84.11719815357361,98047.75406220742,19.773577529737068,1251,1.0,3456a8c519da1212310083b87dcc7f9fd2b0a834502284cc5c4a9af01e2cd65e
2012-07-04 11:00:00+00:00,24.4,71.44007196820532,98136.11332173116,20.589448767938435,1251,1.0,3456a8c519da1212310083b87dcc7f9fd2b0a834502284cc5c4a9af01e2cd65e
2012-07-04 12:00:00+00:00,25.549999999999997,66.70502977481377,98173.05759537217,20.92935566558575,1251,1.0,3456a8c519da1212310083b87dcc7f9fd2b0a834502284cc5c4a9af01e2cd65e
2012-07-04 13:00:00+00:00,27.2,64.79910978245637,98234.73725850266,22.103992396424033,1251,1.0,3456a8c519da1212310083b87dcc7f9fd2b0a834502284cc5c4a9af01e2cd65e
2012-07-04 14:00:00+00:00,29.4,54.93007407970912,98287.67941774765,22.341836387375306,1251,1.0,3456a8c519da1212310083b87dcc7f9fd2b0a834502284cc5c4a9af01e2cd65e
2012-07-04 15:00:00+00:00,29.7,53.988252646250636,98281.24277627667,22.424276446650943,1251,1.0,3456a8c519da1212310083b87dcc7f9fd2b0a834502284cc5c4a9af01e2cd65e
2012-07-04 16:00:00+00:00,30.6,49.69747942096259,98271.56562091765,22.37079614803659,1251,1.0,3456a8c519da1212310083b87dcc7f9fd2b0a834502284cc5c4a9af01e2cd65e
2012-07-04 17:00:00+00:00,32.8,45.252560348252516,98227.2304861749,23.265264741784957,1251,1.0,3456a8c519da1212310083b87dcc7f9fd2b0a834502284cc5c4a9af01e2cd65e
2012-07-04 18:00:00+00:00,33.349999999999994,43.19798030754488,98199.15501862562,23.263999681737637,1251,1.0,3456a8c519da1212310083b87dcc7f9fd2b0a834502284cc5c4a9af01e2cd65e
2012-07-04 19:00:00+00:00,33.3,42.64904918121446,98126.05081882069,23.102932724585585,1251,1.0,3456a8c519da1212310083b87dcc7f9fd2b0a834502284cc5c4a9af01e2cd65e
2012-07-04 20:00:00+00:00,33.3,45.66774990480605,98097.01944283879,23.75282717381158,1251,1.0,3456a8c519da1212310083b87dcc7f9fd2b0a834502284cc5c4a9af01e2cd65e
2012-07-04 21:00:00+00:00,32.75,47.98352595826504,98067.03953739918,23.7903543338948,1251,1.0,3456a8c519da1212310083b87dcc7f9fd2b0a834502284cc5c4a9af01e2cd65e
2012-07-04 22:00:00+00:00,31.7,48.15547863555051,98060.772152518,22.96594819371228,1251,1.0,3456a8c519da1212310083b87dcc7f9fd2b0a834502284cc5c4a9af01e2cd65e
2012-07-04 23:00:00+00:00,30.6,51.27023941555046,98029.70805638497,22.66614080727154,1251,1.0,3456a8c519da1212310083b87dcc7f9fd2b0a834502284cc5c4a9af01e2cd65e
2012-07-05 00:00:00+00:00,29.75,54.84574357245865,98025.43636382243,22.617574105694022,1251,1.0,3456a8c519da1212310083b87dcc7f9fd2b0a834502284cc5c4a9af01e2cd65e
2012-07-05 01:00:00+00:00,27.8,62.563160906270056,98057.54070689705,22.26861734965629,1251,1.0,3456a8c519da1212310083b87dcc7f9fd2b0a834502284cc5c4a9af01e2cd65e
2012-07-05 02:00:00+00:00,26.7,69.25086088259384,98055.18959504699,22.352000423831967,1251,1.0,3456a8c519da1212310083b87dcc7f9fd2b0a834502284cc5c4a9af01e2cd65e
2012-07-05 03:00:00+00:00,26.7,70.32505948901895,98074.52986912885,22.5172733567896,1251,1.0,3456a8c519da1212310083b87dcc7f9fd2b0a834502284cc5c4a9af01e2cd65e
2012-07-05 04:00:00+00:00,25.6,76.21186522133068,98062.41800292335,22.37996713339286,1251,1.0,3456a8c519da1212310083b87dcc7f9fd2b0a834502284cc5c4a9af01e2cd65e
2012-07-05 05:00:00+00:00,24.4,84.9292101215455,98020.10176032234,22.458013558888254,1251,1.0,3456a8c519da1212310083b87dcc7f9fd2b0a834502284cc5c4a9af01e2cd65e
2012-07-05 06:00:00+00:00,24.4,84.9292101215455,98005.60031514625,22.458013558888254,1251,1.0,3456a8c519da1212310083b87dcc7f9fd2b0a834502284cc5c4a9af01e2cd65e
2012-07-05 07:00:00+00:00,22.8,90.14908523932152,97963.52737829088,21.591349695082062,1251,1.0,3456a8c519da1212310083b87dcc7f9fd2b0a834502284cc5c4a9af01e2cd65e
2012-07-05 08:00:00+00:00,23.9,84.35762349195751,97966.18957084781,21.90332377824037,1251,1.0,3456a8c519da1212310083b87dcc7f9fd2b0a834502284cc5c4a9af01e2cd65e
2012-07-05 09:00:00+00:00,23.6,84.58494976827261,97967.66965876175,21.647105234450756,1251,1.0,3456a8c519da1212310083b87dcc7f9fd2b0a834502284cc5c4a9af01e2cd65e
2012-07-05 10:00:00+00:00,23.3,81.72805891844918,97998.14199627495,20.984888826473707,1251,1.0,3456a8c519da1212310083b87dcc7f9fd2b0a834502284cc5c4a9af01e2cd65e
2012-07-05 11:00:00+00:00,26.7,71.41383990953275,98093.87014321072,22.682966364224626,1251,1.0,3456a8c519da1212310083b87dcc7f9fd2b0a834502284cc5c4a9af01e2cd65e
2012-07-05 12:00:00+00:00,28.049999999999997,64.97778508472065,98113.45451819204,22.886589539362298,1251,1.0,3456a8c519da1212310083b87dcc7f9fd2b0a834502284cc5c4a9af01e2cd65e
2012-07-05 13:00:00+00:00,32.2,48.586357364052354,98182.18170663355,23.465508631979915,1251,1.0,3456a8c519da1212310083b87dcc7f9fd2b0a834502284cc5c4a9af01e2cd65e
2012-07-05 14:00:00+00:00,33.9,42.545645362882546,98200.08838794573,23.556041277335616,1251,1.0,3456a8c519da1212310083b87dcc7f9fd2b0a834502284cc5c4a9af01e2cd65e
2012-07-05 15:00:00+00:00,34.15,41.308320273404235,98183.3492790865,23.475905253601464,1251,1.0,3456a8c519da1212310083b87dcc7f9fd2b0a834502284cc5c4a9af01e2cd65e
2012-07-05 16:00:00+00:00,35.6,35.025931208261305,98150.04464930345,23.100354355839563,1251,1.0,3456a8c519da1212310083b87dcc7f9fd2b0a834502284cc5c4a9af01e2cd65e
2012-07-05 17:00:00+00:00,36.7,30.756139950343435,98083.95119576961,22.80742233348581,1251,1.0,3456a8c519da1212310083b87dcc7f9fd2b0a834502284cc5c4a9af01e2cd65e
2012-07-05 18:00:00+00:00,36.95,29.765411018181215,98047.79453393657,22.71869704749524,1251,1.0,3456a8c519da1212310083b87dcc7f9fd2b0a834502284cc5c4a9af01e2cd65e
2012-07-05 19:00:00+00:00,35.6,35.025931208261305,97956.45481764802,23.093289799468288,1251,1.0,3456a8c519da1212310083b87dcc7f9fd2b0a834502284cc5c4a9af01e2cd65e
2012-07-05 20:00:00+00:00,32.233333333333334,50.63689417171656,98001.91573673197,23.900350481545576,1251,1.0,3456a8c519da1212310083b87dcc7f9fd2b0a834502284cc5c4a9af01e2cd65e
2012-07-05 21:00:00+00:00,30.3,59.374297773896004,97936.20852403814,23.904827388992324,1251,1.0,3456a8c519da1212310083b87dcc7f9fd2b0a834502284cc5c4a9af01e2cd65e
2012-07-05 22:00:00+00:00,25.066666666666666,69.65719099123244,98071.01650305201,20.935372367893564,1251,1.0,3456a8c519da1212310083b87dcc7f9fd2b0a834502284cc5c4a9af01e2cd65e
2012-07-05 23:00:00+00:00,22.84,84.1382242484116,98165.02817959808,20.864443248206946,1251,1.0,3456a8c519da1212310083b87dcc7f9fd2b0a834502284cc5c4a9af01e2cd65e
2012-07-06 00:00:00+00:00,22.666666666666668,84.04966554749811,98142.45348586507,20.687346513303346,1251,1.0,3456a8c519da1212310083b87dcc7f9fd2b0a834502284cc5c4a9af01e2cd65e
2012-07-06 01:00:00+00:00,21.900000000000002,91.95838420022304,98114.45360524795,20.937771708716546,1251,1.0,3456a8c519da1212310083b87dcc7f9fd2b0a834502284cc5c4a9af01e2cd65e
2012-07-06 02:00:00+00:00,22.8,81.15946153199087,97953.86151471137,20.436474132251824,1251,1.0,3456a8c519da1212310083b87dcc7f9fd2b0a834502284cc5c4a9af01e2cd65e
2012-07-06 03:00:00+00:00,21.700000000000003,85.43911492773005,97960.77231883038,19.93870905567551,1251,1.0,3456a8c519da1212310083b87dcc7f9fd2b0a834502284cc5c4a9af01e2cd65e
2012-07-06 04:00:00+00:00,21.1,93.44307258248529,97953.95879665978,20.33256817836721,1251,1.0,3456a8c519da1212310083b87dcc7f9fd2b0a834502284cc5c4a9af01e2cd65e
2012-07-06 05:00:00+00:00,21.1,93.44307258248529,97944.29483071694,20.33256817836721,1251,1.0,3456a8c519da1212310083b87dcc7f9fd2b0a834502284cc5c4a9af01e2cd65e
2012-07-06 06:00:00+00:00,20.85,94.88976866208611,97931.78439146384,20.257201434915878,1251,1.0,3456a8c519da1212310083b87dcc7f9fd2b0a834502284cc5c4a9af01e2cd65e
2012-07-06 07:00:00+00:00,20.6,92.83998075329613,97928.93315603683,19.770471047336407,1251,1.0,3456a8c519da1212310083b87dcc7f9fd2b0a834502284cc5c4a9af01e2cd65e
2012-07-06 08:00:00+00:00,21.1,90.02804777944709,97944.29483071694,19.923967079860205,1251,1.0,3456a8c519da1212310083b87dcc7f9fd2b0a834502284cc5c4a9af01e2cd65e
2012-07-06 09:00:00+00:00,21.1,90.02804777944709,97973.28672854547,19.923967079860205,1251,1.0,3456a8c519da1212310083b87dcc7f9fd2b0a834502284cc5c4a9af01e2cd65e
2012-07-06 10:00:00+00:00,20.6,92.83998075329613,98035.23059680223,19.77105666608167,1251,1.0,3456a8c519da1212310083b87dcc7f9fd2b0a834502284cc5c4a9af01e2cd65e
2012-07-06 11:00:00+00:00,22.8,81.15946153199087,98060.18601408594,20.437303876281227,1251,1.0,3456a8c519da1212310083b87dcc7f9fd2b0a834502284cc5c4a9af01e2cd65e
2012-07-06 12:00:00+00:00,24.450000000000003,71.00447034451835,98088.33222113324,20.572215050467438,1251,1.0,3456a8c519da1212310083b87dcc7f9fd2b0a834502284cc5c4a9af01e2cd65e
2012-07-06 13:00:00+00:00,29.4,49.6968017663282,98152.2569680037,21.37834814461697,1251,1.0,3456a8c519da1212310083b87dcc7f9fd2b0a834502284cc5c4a9af01e2cd65e
2012-07-06 14:00:00+00:00,30.6,46.385645157686106,98155.47398994197,21.72120936030626,1251,1.0,3456a8c519da1212310083b87dcc7f9fd2b0a834502284cc5c4a9af01e2cd65e
2012-07-06 15:00:00+00:00,31.400000000000002,42.80510313744663,98164.0118579919,21.635525699064605,1251,1.0,3456a8c519da1212310083b87dcc7f9fd2b0a834502284cc5c4a9af01e2cd65e
2012-07-06 16:00:00+00:00,33.3,35.74134707250915,98174.43644545718,21.551096555698656,1251,1.0,3456a8c519da1212310083b87dcc7f9fd2b0a834502284cc5c4a9af01e2cd65e
2012-07-06 17:00:00+00:00,34.4,36.04323083685515,98176.28321677845,22.4482191916697,1251,1.0,3456a8c519da1212310083b87dcc7f9fd2b0a834502284cc5c4a9af01e2cd65e
2012-07-06 18:00:00+00:00,33.849999999999994,35.89243635530402,98156.01488055415,21.998361620752366,1251,1.0,3456a8c519da1212310083b87dcc7f9fd2b0a834502284cc5c4a9af01e2cd65e
2012-07-06 19:00:00+00:00,33.9,35.90615714777016,98074.27769029683,22.036204529104104,1251,1.0,3456a8c519da1212310083b87dcc7f9fd2b0a834502284cc5c4a9af01e2cd65e
2012-07-06 20:00:00+00:00,35.0,36.20739603767483,98047.03058019593,22.935355621850434,1251,1.0,3456a8c519da1212310083b87dcc7f9fd2b0a834502284cc5c4a9af01e2cd65e
2012-07-06 21:00:00+00:00,34.45,37.92173039701038,98017.1129426404,22.924740958013967,1251,1.0,3456a8c519da1212310083b87dcc7f9fd2b0a834502284cc5c4a9af01e2cd65e
2012-07-06 22:00:00+00:00,32.2,46.81069212850426,98017.69002544573,23.09963058643699,1251,1.0,3456a8c519da1212310083b87dcc7f9fd2b0a834502284cc5c4a9af01e2cd65e
2012-07-06 23:00:00+00:00,30.0,55.07749010874436,98052.30482152416,22.872872209379686,1251,1.0,3456a8c519da1212310083b87dcc7f9fd2b0a834502284cc5c4a9af01e2cd65e
2012-07-07 00:00:00+00:00,29.45,56.84947979795483,98051.22871873059,22.723208801228257,1251,1.0,3456a8c519da1212310083b87dcc7f9fd2b0a834502284cc5c4a9af01e2cd65e
2012-07-07 01:00:00+00:00,28.3,56.749404885928165,98062.97639253702,21.721139281646153,1251,1.0,3456a8c519da1212310083b87dcc7f9fd2b0a834502284cc5c4a9af01e2cd65e
2012-07-07 02:00:00+00:00,26.7,71.41383990953275,98093.87014321072,22.682966364224626,1251,1.0,3456a8c519da1212310083b87dcc7f9fd2b0a834502284cc5c4a9af01e2cd65e
2012-07-07 03:00:00+00:00,26.7,70.32505948901895,98113.21041729256,22.5172733567896,1251,1.0,3456a8c519da1212310083b87dcc7f9fd2b0a834502284cc5c4a9af01e2cd65e
2012-07-07 04:00:00+00:00,25.0,76.58907524068796,98113.78422339149,21.876461884884556,1251,1.0,3456a8c519da1212310083b87dcc7f9fd2b0a834502284cc5c4a9af01e2cd65e
2012-07-07 05:00:00+00:00,25.0,76.58907524068796,98094.44764786461,21.876461884884556,1251,1.0,3456a8c519da1212310083b87dcc7f9fd2b0a834502284cc5c4a9af01e2cd65e
2012-07-07 06:00:00+00:00,24.7,77.97288466684684,98086.28073345663,21.79149213963685,1251,1.0,3456a8c519da1212310083b87dcc7f9fd2b0a834502284cc5c4a9af01e2cd65e
2012-07-07 07:00:00+00:00,23.9,81.80260375619397,98120.86285219117,21.56376534520418,1251,1.0,3456a8c519da1212310083b87dcc7f9fd2b0a834502284cc5c4a9af01e2cd65e
2012-07-07 08:00:00+00:00,23.3,84.81386701079128,98133.47184318241,21.39124885141917,1251,1.0,3456a8c519da1212310083b87dcc7f9fd2b0a834502284cc5c4a9af01e2cd65e
2012-07-07 09:00:00+00:00,23.05,87.44082574425724,98154.82713668291,21.490427084222567,1251,1.0,3456a8c519da1212310083b87dcc7f9fd2b0a834502284cc5c4a9af01e2cd65e
2012-07-07 10:00:00+00:00,22.8,90.14908523932152,98214.83983135803,21.592179527079946,1251,1.0,3456a8c519da1212310083b87dcc7f9fd2b0a834502284cc5c4a9af01e2cd65e
2012-07-07 11:00:00+00:00,24.4,84.9292101215455,98261.79251325736,22.459331723789738,1251,1.0,3456a8c519da1212310083b87dcc7f9fd2b0a834502284cc5c4a9af01e2cd65e
2012-07-07 12:00:00+00:00,25.799999999999997,78.13270683678482,98277.34821149531,22.844011028263104,1251,1.0,3456a8c519da1212310083b87dcc7f9fd2b0a834502284cc5c4a9af01e2cd65e
2012-07-07 13:00:00+00:00,28.9,65.15525042106933,98311.28835206642,23.675305410789235,1251,1.0,3456a8c519da1212310083b87dcc7f9fd2b0a834502284cc5c4a9af01e2cd65e
2012-07-07 14:00:00+00:00,30.6,59.08123488638958,98348.9600415681,24.11996110843929,1251,1.0,3456a8c519da1212310083b87dcc7f9fd2b0a834502284cc5c4a9af01e2cd65e
2012-07-07 15:00:00+00:00,31.15,56.2134799848957,98354.8461485098,24.068803045070744,1251,1.0,3456a8c519da1212310083b87dcc7f9fd2b0a834502284cc5c4a9af01e2cd65e
2012-07-07 16:00:00+00:00,32.8,48.742535253752614,98353.0263679915,23.993969480720722,1251,1.0,3456a8c519da1212310083b87dcc7f9fd2b0a834502284cc5c4a9af01e2cd65e
2012-07-07 17:00:00+00:00,33.3,43.99874979261272,98280.88482405749,23.399787857544325,1251,1.0,3456a8c519da1212310083b87dcc7f9fd2b0a834502284cc5c4a9af01e2cd65e
2012-07-07 18:00:00+00:00,33.599999999999994,43.265309781625,98255.00718679024,23.47895169586687,1251,1.0,3456a8c519da1212310083b87dcc7f9fd2b0a834502284cc5c4a9af01e2cd65e
2012-07-07 19:00:00+00:00,34.4,42.94555629128223,98185.96147813657,24.041249679835353,1251,1.0,3456a8c519da1212310083b87dcc7f9fd2b0a834502284cc5c4a9af01e2cd65e
2012-07-07 20:00:00+00:00,33.9,42.545645362882546,98151.69965808076,23.555155929732358,1251,1.0,3456a8c519da1212310083b87dcc7f9fd2b0a834502284cc5c4a9af01e2cd65e
2012-07-07 21:00:00+00:00,33.9,42.545645362882546,98137.18303912129,23.5542705821291,1251,1.0,3456a8c519da1212310083b87dcc7f9fd2b0a834502284cc5c4a9af01e2cd65e
2012-07-07 22:00:00+00:00,33.9,44.15952501216092,98103.31092821581,23.908945511319576,1251,1.0,3456a8c519da1212310083b87dcc7f9fd2b0a834502284cc5c4a9af01e2cd65e
2012-07-07 23:00:00+00:00,32.2,51.99567610660873,98066.06993167744,24.143292464203753,1251,1.0,3456a8c519da1212310083b87dcc7f9fd2b0a834502284cc5c4a9af01e2cd65e
2012-07-08 00:00:00+00:00,30.8,56.3017924583022,98070.54198041535,23.780327793228864,1251,1.0,3456a8c519da1212310083b87dcc7f9fd2b0a834502284cc5c4a9af01e2cd65e
2012-07-08 01:00:00+00:00,28.9,65.15525042106933,98146.8558548227,23.672668230042596,1251,1.0,3456a8c519da1212310083b87dcc7f9fd2b0a834502284cc5c4a9af01e2cd65e
2012-07-08 02:00:00+00:00,27.8,69.45981522443017,98173.59657912141,23.382070736383,1251,1.0,3456a8c519da1212310083b87dcc7f9fd2b0a834502284cc5c4a9af01e2cd65e
2012-07-08 03:00:00+00:00,27.5,71.77610176095214,98179.99376463478,23.4702619808417,1251,1.0,3456a8c519da1212310083b87dcc7f9fd2b0a834502284cc5c4a9af01e2cd65e
2012-07-08 04:00:00+00:00,27.2,71.94224407779087,98176.71319632989,23.221494353657697,1251,1.0,3456a8c519da1212310083b87dcc7f9fd2b0a834502284cc5c4a9af01e2cd65e
2012-07-08 05:00:00+00:00,26.7,74.08741416205547,98171.23123953817,23.086969081129844,1251,1.0,3456a8c519da1212310083b87dcc7f9fd2b0a834502284cc5c4a9af01e2cd65e
2012-07-08 06:00:00+00:00,26.4,75.40904545009995,98148.5938042297,23.00611885762487,1251,1.0,3456a8c519da1212310083b87dcc7f9fd2b0a834502284cc5c4a9af01e2cd65e
2012-07-08 07:00:00+00:00,26.1,73.98735762690744,98096.94270967845,22.518397893514965,1251,1.0,3456a8c519da1212310083b87dcc7f9fd2b0a834502284cc5c4a9af01e2cd65e
2012-07-08 08:00:00+00:00,25.6,76.21186522133068,98091.42483136042,22.379967133392803,1251,1.0,3456a8c519da1212310083b87dcc7f9fd2b0a834502284cc5c4a9af01e2cd65e
2012-07-08 09:00:00+00:00,25.6,76.21186522133068,98101.09377417278,22.37996713339286,1251,1.0,3456a8c519da1212310083b87dcc7f9fd2b0a834502284cc5c4a9af01e2cd65e
2012-07-08 10:00:00+00:00,25.0,78.98125580461064,98123.45251115493,22.21394391796376,1251,1.0,3456a8c519da1212310083b87dcc7f9fd2b0a834502284cc5c4a9af01e2cd65e
2012-07-08 11:00:00+00:00,26.7,74.08741416205547,98151.8909654563,23.086969081129844,1251,1.0,3456a8c519da1212310083b87dcc7f9fd2b0a834502284cc5c4a9af01e2cd65e
2012-07-08 12:00:00+00:00,27.5,70.68875725375922,98184.8292647217,23.302269696148194,1251,1.0,3456a8c519da1212310083b87dcc7f9fd2b0a834502284cc5c4a9af01e2cd65e
2012-07-08 13:00:00+00:00,30.0,63.04281934059712,98226.43085613224,24.291623896531263,1251,1.0,3456a8c519da1212310083b87dcc7f9fd2b0a834502284cc5c4a9af01e2cd65e
2012-07-08 14:00:00+00:00,31.1,59.19655935660436,98209.18947727939,24.572199071097174,1251,1.0,3456a8c519da1212310083b87dcc7f9fd2b0a834502284cc5c4a9af01e2cd65e
2012-07-08 15:00:00+00:00,32.2,55.61293631340226,98216.04764099575,24.850122331921703,1251,1.0,3456a8c519da1212310083b87dcc7f9fd2b0a834502284cc5c4a9af01e2cd65e
2012-07-08 16:00:00+00:00,33.9,50.54589364932316,98171.05515002675,25.27164891678686,1251,1.0,3456a8c519da1212310083b87dcc7f9fd2b0a834502284cc5c4a9af01e2cd65e
2012-07-08 17:00:00+00:00,35.6,44.61240674340202,98130.68566613791,25.373735277762204,1251,1.0,3456a8c519da1212310083b87dcc7f9fd2b0a834502284cc5c4a9af01e2cd65e
2012-07-08 18:00:00+00:00,35.3,45.35776950588408,98108.21824137296,25.299664141689746,1251,1.0,3456a8c519da1212310083b87dcc7f9fd2b0a834502284cc5c4a9af01e2cd65e
2012-07-08 19:00:00+00:00,31.349999999999998,50.61903449245203,98123.16665212666,23.166318274755103,1251,1.0,3456a8c519da1212310083b87dcc7f9fd2b0a834502284cc5c4a9af01e2cd65e
2012-07-08 20:00:00+00:00,32.95,52.34395140788032,98078.82306338577,24.84159914965808,1251,1.0,3456a8c519da1212310083b87dcc7f9fd2b0a834502284cc5c4a9af01e2cd65e
2012-07-08 21:00:00+00:00,34.45,49.169230340383855,97930.00812738649,25.433122953554978,1251,1.0,3456a8c519da1212310083b87dcc7f9fd2b0a834502284cc5c4a9af01e2cd65e
2012-07-08 22:00:00+00:00,33.9,45.826857155366255,97812.97854902605,24.264260851439715,1251,1.0,3456a8c519da1212310083b87dcc7f9fd2b0a834502284cc5c4a9af01e2cd65e
2012-07-08 23:00:00+00:00,32.2,51.99567610660873,97833.84638176524,24.138548241049133,1251,1.0,3456a8c519da1212310083b87dcc7f9fd2b0a834502284cc5c4a9af01e2cd65e
2012-07-09 00:00:00+00:00,30.8,57.3472110069349,97848.02817302171,23.968587675437078,1251,1.0,3456a8c519da1212310083b87dcc7f9fd2b0a834502284cc5c4a9af01e2cd65e
2012-07-09 01:00:00+00:00,27.8,62.563160906270056,97902.79954393124,22.266713095365787,1251,1.0,3456a8c519da1212310083b87dcc7f9fd2b0a834502284cc5c4a9af01e2cd65e
2012-07-09 02:00:00+00:00,27.2,60.51580000704293,97925.27559358122,21.404621721205558,1251,1.0,3456a8c519da1212310083b87dcc7f9fd2b0a834502284cc5c4a9af01e2cd65e
2012-07-09 03:00:00+00:00,27.2,61.46681659921182,97925.27559358122,21.560668088862535,1251,1.0,3456a8c519da1212310083b87dcc7f9fd2b0a834502284cc5c4a9af01e2cd65e
2012-07-09 04:00:00+00:00,26.7,71.41383990953275,97900.46740239208,22.68091563659639,1251,1.0,3456a8c519da1212310083b87dcc7f9fd2b0a834502284cc5c4a9af01e2cd65e
2012-07-09 05:00:00+00:00,26.7,71.41383990953275,97871.45699126928,22.68091563659639,1251,1.0,3456a8c519da1212310083b87dcc7f9fd2b0a834502284cc5c4a9af01e2cd65e
2012-07-09 06:00:00+00:00,26.4,72.68777781506405,97863.3343444046,22.5982456233315,1251,1.0,3456a8c519da1212310083b87dcc7f9fd2b0a834502284cc5c4a9af01e2cd65e
2012-07-09 07:00:00+00:00,25.6,73.90356382924115,97869.03914667621,22.043053916835575,1251,1.0,3456a8c519da1212310083b87dcc7f9fd2b0a834502284cc5c4a9af01e2cd65e
2012-07-09 08:00:00+00:00,25.0,76.58907524068796,97823.73559048827,21.873776818164778,1251,1.0,3456a8c519da1212310083b87dcc7f9fd2b0a834502284cc5c4a9af01e2cd65e
2012-07-09 10:00:00+00:00,23.9,84.35762349195751,97821.18336958843,21.90264033609703,1251,1.0,3456a8c519da1212310083b87dcc7f9fd2b0a834502284cc5c4a9af01e2cd65e
2012-07-09 11:00:00+00:00,26.1,73.98735762690744,97835.8665684107,22.51595665496577,1251,1.0,3456a8c519da1212310083b87dcc7f9fd2b0a834502284cc5c4a9af01e2cd65e
2012-07-09 12:00:00+00:00,27.200000000000003,70.63370855789137,97872.08686992283,23.01660918784802,1251,1.0,3456a8c519da1212310083b87dcc7f9fd2b0a834502284cc5c4a9af01e2cd65e
2012-07-09 13:00:00+00:00,30.6,56.94918492640599,97961.98793831583,23.72574561137167,1251,1.0,3456a8c519da1212310083b87dcc7f9fd2b0a834502284cc5c4a9af01e2cd65e
2012-07-09 14:00:00+00:00,31.7,51.86933285080504,97993.04394284186,23.698782378295487,1251,1.0,3456a8c519da1212310083b87dcc7f9fd2b0a834502284cc5c4a9af01e2cd65e
2012-07-09 15:00:00+00:00,32.25,50.278511766143474,97998.86653723696,23.842733071403025,1251,1.0,3456a8c519da1212310083b87dcc7f9fd2b0a834502284cc5c4a9af01e2cd65e
2012-07-09 16:00:00+00:00,34.4,44.56705259117608,97973.0397282579,24.39573486942948,1251,1.0,3456a8c519da1212310083b87dcc7f9fd2b0a834502284cc5c4a9af01e2cd65e
2012-07-09 17:00:00+00:00,33.9,44.15952501216092,97890.40051681,23.903004264968576,1251,1.0,3456a8c519da1212310083b87dcc7f9fd2b0a834502284cc5c4a9af01e2cd65e
2012-07-09 18:00:00+00:00,32.699999999999996,45.69716600160875,97955.23264671644,23.27095434369881,1251,1.0,3456a8c519da1212310083b87dcc7f9fd2b0a834502284cc5c4a9af01e2cd65e
2012-07-09 19:00:00+00:00,28.95,67.5931389080906,97939.43686467668,24.117743506890335,1251,1.0,3456a8c519da1212310083b87dcc7f9fd2b0a834502284cc5c4a9af01e2cd65e
2012-07-09 20:00:00+00:00,31.1,57.41824583663055,97841.5459741628,24.239586985228698,1251,1.0,3456a8c519da1212310083b87dcc7f9fd2b0a834502284cc5c4a9af01e2cd65e
2012-07-09 21:00:00+00:00,31.1,55.516337731266184,97836.7085596481,23.885856468105345,1251,1.0,3456a8c519da1212310083b87dcc7f9fd2b0a834502284cc5c4a9af01e2cd65e
2012-07-09 22:00:00+00:00,31.7,55.49194185097854,97818.88568938893,24.39219878434458,1251,1.0,3456a8c519da1212310083b87dcc7f9fd2b0a834502284cc5c4a9af01e2cd65e
2012-07-09 23:00:00+00:00,30.6,55.22431068979966,97787.8504918523,23.40449425342574,1251,1.0,3456a8c519da1212310083b87dcc7f9fd2b0a834502284cc5c4a9af01e2cd65e
2012-07-10 00:00:00+00:00,29.75,58.88422298828523,97807.78478063933,23.338137490133025,1251,1.0,3456a8c519da1212310083b87dcc7f9fd2b0a834502284cc5c4a9af01e2cd65e
2012-07-10 01:00:00+00:00,28.3,65.03010597251763,97869.53921649889,23.11443186356795,1251,1.0,3456a8c519da1212310083b87dcc7f9fd2b0a834502284cc5c4a9af01e2cd65e
2012-07-10 02:00:00+00:00,27.2,69.3460820493205,97973.62897872519,22.81818934527717,1251,1.0,3456a8c519da1212310083b87dcc7f9fd2b0a834502284cc5c4a9af01e2cd65e
2012-07-10 03:00:00+00:00,26.95,71.6780743719113,97966.06070705377,22.95038712192034,1251,1.0,3456a8c519da1212310083b87dcc7f9fd2b0a834502284cc5c4a9af01e2cd65e
2012-07-10 04:00:00+00:00,26.1,76.75727862001013,97961.56989568776,22.92281761789978,1251,1.0,3456a8c519da1212310083b87dcc7f9fd2b0a834502284cc5c4a9af01e2cd65e
2012-07-10 05:00:00+00:00,26.1,71.74643201629246,97922.89194883329,22.183194675755715,1251,1.0,3456a8c519da1212310083b87dcc7f9fd2b0a834502284cc5c4a9af01e2cd65e
2012-07-10 06:00:00+00:00,25.85,72.81600774800371,97920.14016876878,22.11385988212907,1251,1.0,3456a8c519da1212310083b87dcc7f9fd2b0a834502284cc5c4a9af01e2cd65e
2012-07-10 07:00:00+00:00,25.0,73.8025121880607,98036.43792128397,21.477512472372574,1251,1.0,3456a8c519da1212310083b87dcc7f9fd2b0a834502284cc5c4a9af01e2cd65e
2012-07-10 08:00:00+00:00,24.46666666666667,84.76336398181459,98017.62137257433,22.499357098241973,1251,1.0,3456a8c519da1212310083b87dcc7f9fd2b0a834502284cc5c4a9af01e2cd65e
2012-07-10 09:00:00+00:00,24.05,88.24395956666467,98032.31202038596,22.559513303387302,1251,1.0,3456a8c519da1212310083b87dcc7f9fd2b0a834502284cc5c4a9af01e2cd65e
2012-07-10 10:00:00+00:00,23.3,90.73735707873887,97959.47632572996,22.15142864363569,1251,1.0,3456a8c519da1212310083b87dcc7f9fd2b0a834502284cc5c4a9af01e2cd65e
2012-07-10 11:00:00+00:00,23.9,84.35762349195751,98062.86037168742,21.904007220383704,1251,1.0,3456a8c519da1212310083b87dcc7f9fd2b0a834502284cc5c4a9af01e2cd65e
2012-07-10 12:00:00+00:00,24.15,83.10049092551002,98080.15348053009,21.975011789868894,1251,1.0,3456a8c519da1212310083b87dcc7f9fd2b0a834502284cc5c4a9af01e2cd65e
2012-07-10 13:00:00+00:00,25.55,80.03003341279043,98202.06426034348,22.87858116084405,1251,1.0,3456a8c519da1212310083b87dcc7f9fd2b0a834502284cc5c4a9af01e2cd65e
2012-07-10 14:00:00+00:00,27.2,71.94224407779087,98167.04251930109,23.221494353657697,1251,1.0,3456a8c519da1212310083b87dcc7f9fd2b0a834502284cc5c4a9af01e2cd65e
2012-07-10 15:00:00+00:00,27.5,70.68875725375922,98184.8292647217,23.302269696148194,1251,1.0,3456a8c519da1212310083b87dcc7f9fd2b0a834502284cc5c4a9af01e2cd65e
2012-07-10 16:00:00+00:00,28.475,67.70561222675103,98277.65970861088,23.712454864478396,1251,1.0,3456a8c519da1212310083b87dcc7f9fd2b0a834502284cc5c4a9af01e2cd65e
2012-07-10 17:00:00+00:00,30.0,58.9422935125829,98061.9784901135,23.569975372999572,1251,1.0,3456a8c519da1212310083b87dcc7f9fd2b0a834502284cc5c4a9af01e2cd65e
2012-07-10 18:00:00+00:00,30.3,57.93607549736962,98050.68402377813,23.64859214310271,1251,1.0,3456a8c519da1212310083b87dcc7f9fd2b0a834502284cc5c4a9af01e2cd65e
2012-07-10 19:00:00+00:00,25.6,68.61205443506742,98086.59035995425,21.26161366505142,1251,1.0,3456a8c519da1212310083b87dcc7f9fd2b0a834502284cc5c4a9af01e2cd65e
2012-07-10 20:00:00+00:00,21.275,85.4401400171178,98168.56046379183,19.53319907372034,1251,1.0,3456a8c519da1212310083b87dcc7f9fd2b0a834502284cc5c4a9af01e2cd65e
2012-07-10 21:00:00+00:00,21.96666666666667,88.61638195831453,97970.23510016507,20.591634857882234,1251,1.0,3456a8c519da1212310083b87dcc7f9fd2b0a834502284cc5c4a9af01e2cd65e
2012-07-10 22:00:00+00:00,21.7,96.39132464972437,98009.09550959541,21.27447389026316,1251,1.0,3456a8c519da1212310083b87dcc7f9fd2b0a834502284cc5c4a9af01e2cd65e
2012-07-10 23:00:00+00:00,22.266666666666666,91.79138114087004,98112.1613896883,21.27545806410253,1251,1.0,3456a8c519da1212310083b87dcc7f9fd2b0a834502284cc5c4a9af01e2cd65e
2012-07-11 00:00:00+00:00,22.866666666666664,87.7842293922098,98196.2596724861,21.357507424630956,1251,1.0,3456a8c519da1212310083b87dcc7f9fd2b0a834502284cc5c4a9af01e2cd65e
2012-07-11 01:00:00+00:00,22.45,91.66139977475602,98227.8024334648,21.438982049460733,1251,1.0,3456a8c519da1212310083b87dcc7f9fd2b0a834502284cc5c4a9af01e2cd65e
2012-07-11 02:00:00+00:00,22.8,93.52406512402806,98234.17155851705,22.011995062915204,1251,1.0,3456a8c519da1212310083b87dcc7f9fd2b0a834502284cc5c4a9af01e2cd65e
2012-07-11 03:00:00+00:00,22.96,93.98935353054866,98348.10155001405,22.227542238382267,1251,1.0,3456a8c519da1212310083b87dcc7f9fd2b0a834502284cc5c4a9af01e2cd65e
2012-07-11 04:00:00+00:00,22.64,95.83018343134093,98359.95277891918,22.137343890042324,1251,1.0,3456a8c519da1212310083b87dcc7f9fd2b0a834502284cc5c4a9af01e2cd65e
2012-07-11 05:00:00+00:00,22.2,93.49564966969419,98237.05496294166,21.41957440857306,1251,1.0,3456a8c519da1212310083b87dcc7f9fd2b0a834502284cc5c4a9af01e2cd65e
2012-07-11 06:00:00+00:00,22.1,93.06094293778496,98315.65886828223,21.26867246644029,1251,1.0,3456a8c519da1212310083b87dcc7f9fd2b0a834502284cc5c4a9af01e2cd65e
2012-07-11 07:00:00+00:00,21.94,93.94433627593786,98334.62250312741,21.218593770686986,1251,1.0,3456a8c519da1212310083b87dcc7f9fd2b0a834502284cc5c4a9af01e2cd65e
2012-07-11 08:00:00+00:00,21.900000000000002,93.86555777485111,98236.87518584226,21.169420192167834,1251,1.0,3456a8c519da1212310083b87dcc7f9fd2b0a834502284cc5c4a9af01e2cd65e
2012-07-11 09:00:00+00:00,21.599999999999998,93.65937707430548,98194.80876537455,20.850048579251013,1251,1.0,3456a8c519da1212310083b87dcc7f9fd2b0a834502284cc5c4a9af01e2cd65e
2012-07-11 10:00:00+00:00,21.1,93.44307258248529,98253.54174088791,20.333105031687694,1251,1.0,3456a8c519da1212310083b87dcc7f9fd2b0a834502284cc5c4a9af01e2cd65e
2012-07-11 11:00:00+00:00,21.566666666666666,92.69942160010486,98397.38406097802,20.702557667197794,1251,1.0,3456a8c519da1212310083b87dcc7f9fd2b0a834502284cc5c4a9af01e2cd65e
2012-07-11 12:00:00+00:00,21.975,90.78871597609604,98415.72227730005,20.86916920467636,1251,1.0,3456a8c519da1212310083b87dcc7f9fd2b0a834502284cc5c4a9af01e2cd65e
2012-07-11 13:00:00+00:00,22.8,90.14908523932152,98437.15469368667,21.5930093590778,1251,1.0,3456a8c519da1212310083b87dcc7f9fd2b0a834502284cc5c4a9af01e2cd65e
2012-07-11 14:00:00+00:00,22.933333333333334,88.15078056321438,98525.65529933899,21.47030755553017,1251,1.0,3456a8c519da1212310083b87dcc7f9fd2b0a834502284cc5c4a9af01e2cd65e
2012-07-11 15:00:00+00:00,22.9,87.96738297969378,98534.94444068421,21.41441175334457,1251,1.0,3456a8c519da1212310083b87dcc7f9fd2b0a834502284cc5c4a9af01e2cd65e
2012-07-11 16:00:00+00:00,25.0,77.53821242201315,98524.6864533377,22.014300865540363,1251,1.0,3456a8c519da1212310083b87dcc7f9fd2b0a834502284cc5c4a9af01e2cd65e
2012-07-11 17:00:00+00:00,26.05,71.51664627810668,98488.00375015155,22.109820910421455,1251,1.0,3456a8c519da1212310083b87dcc7f9fd2b0a834502284cc5c4a9af01e2cd65e
2012-07-11 18:00:00+00:00,26.766666666666666,67.85415833958119,98433.05885230337,22.200763318406818,1251,1.0,3456a8c519da1212310083b87dcc7f9fd2b0a834502284cc5c4a9af01e2cd65e
2012-07-11 19:00:00+00:00,27.8,60.276691290635554,98318.66641940185,21.89437378542896,1251,1.0,3456a8c519da1212310083b87dcc7f9fd2b0a834502284cc5c4a9af01e2cd65e
2012-07-11 20:00:00+00:00,28.65,60.284087742238604,98366.61005894784,22.63633478537176,1251,1.0,3456a8c519da1212310083b87dcc7f9fd2b0a834502284cc5c4a9af01e2cd65e
2012-07-11 21:00:00+00:00,26.950000000000003,66.78190581486977,98304.52496101426,22.196437029028647,1251,1.0,3456a8c519da1212310083b87dcc7f9fd2b0a834502284cc5c4a9af01e2cd65e
2012-07-11 22:00:00+00:00,22.9,82.18671554460555,98375.4558608067,20.6692021379018,1251,1.0,3456a8c519da1212310083b87dcc7f9fd2b0a834502284cc5c4a9af01e2cd65e
2012-07-11 23:00:00+00:00,21.7,86.77922781089582,98347.35784495049,20.10799362510857,1251,1.0,3456a8c519da1212310083b87dcc7f9fd2b0a834502284cc5c4a9af01e2cd65e
2012-07-12 00:00:00+00:00,21.266666666666666,90.22660742911594,98422.95490512867,20.111227117790598,1251,1.0,3456a8c519da1212310083b87dcc7f9fd2b0a834502284cc5c4a9af01e2cd65e
2012-07-12 01:00:00+00:00,20.6,92.83998075329613,98421.76674503999,19.772227903572194,1251,1.0,3456a8c519da1212310083b87dcc7f9fd2b0a834502284cc5c4a9af01e2cd65e
2012-07-12 02:00:00+00:00,21.1,90.02804777944709,98495.140889459,19.925626385567632,1251,1.0,3456a8c519da1212310083b87dcc7f9fd2b0a834502284cc5c4a9af01e2cd65e
2012-07-12 03:00:00+00:00,21.066666666666666,92.48141387064405,98552.74303491943,20.187297054374813,1251,1.0,3456a8c519da1212310083b87dcc7f9fd2b0a834502284cc5c4a9af01e2cd65e
2012-07-12 04:00:00+00:00,21.05,93.73041832045489,98538.05631323878,20.31899114602203,1251,1.0,3456a8c519da1212310083b87dcc7f9fd2b0a834502284cc5c4a9af01e2cd65e
2012-07-12 05:00:00+00:00,21.05,93.73041832045489,98513.89653872958,20.318478696772836,1251,1.0,3456a8c519da1212310083b87dcc7f9fd2b0a834502284cc5c4a9af01e2cd65e
2012-07-12 06:00:00+00:00,20.900000000000002,94.59842835970117,98447.7536013055,20.273207396203972,1251,1.0,3456a8c519da1212310083b87dcc7f9fd2b0a834502284cc5c4a9af01e2cd65e
2012-07-12 07:00:00+00:00,20.5,91.68539702406532,98456.85650983837,19.538387939470027,1251,1.0,3456a8c519da1212310083b87dcc7f9fd2b0a834502284cc5c4a9af01e2cd65e
2012-07-12 08:00:00+00:00,20.0,93.68178601343666,98429.3638329334,19.281381497732184,1251,1.0,3456a8c519da1212310083b87dcc7f9fd2b0a834502284cc5c4a9af01e2cd65e
2012-07-12 09:00:00+00:00,20.0,93.38986324072451,98400.37565333307,19.247700477342757,1251,1.0,3456a8c519da1212310083b87dcc7f9fd2b0a834502284cc5c4a9af01e2cd65e
2012-07-12 10:00:00+00:00,19.4,93.36056989207624,98485.24131001017,18.655804275090656,1251,1.0,3456a8c519da1212310083b87dcc7f9fd2b0a834502284cc5c4a9af01e2cd65e
2012-07-12 11:00:00+00:00,19.4,90.4728467946595,98533.55154316527,18.32536965885412,1251,1.0,3456a8c519da1212310083b87dcc7f9fd2b0a834502284cc5c4a9af01e2cd65e
2012-07-12 12:00:00+00:00,19.7,90.20976216972359,98546.68424302043,18.586921803931816,1251,1.0,3456a8c519da1212310083b87dcc7f9fd2b0a834502284cc5c4a9af01e2cd65e
2012-07-12 13:00:00+00:00,20.6,86.67593511897117,98586.04460804103,19.03907008092277,1251,1.0,3456a8c519da1212310083b87dcc7f9fd2b0a834502284cc5c4a9af01e2cd65e
2012-07-12 14:00:00+00:00,20.6,86.67593511897117,98605.37141545292,19.03907008092277,1251,1.0,3456a8c519da1212310083b87dcc7f9fd2b0a834502284cc5c4a9af01e2cd65e
2012-07-12 15:00:00+00:00,21.15,83.79312485929327,98626.1771665545,19.21295641630373,1251,1.0,3456a8c519da1212310083b87dcc7f9fd2b0a834502284cc5c4a9af01e2cd65e
2012-07-12 16:00:00+00:00,22.4,82.12556875364596,98708.09161226505,20.189646173349193,1251,1.0,3456a8c519da1212310083b87dcc7f9fd2b0a834502284cc5c4a9af01e2cd65e
2012-07-12 17:00:00+00:00,23.3,78.74117780894481,98645.79197790353,20.59166293671388,1251,1.0,3456a8c519da1212310083b87dcc7f9fd2b0a834502284cc5c4a9af01e2cd65e
2012-07-12 18:00:00+00:00,23.6,78.78382747791221,98625.00860363281,20.878233290792636,1251,1.0,3456a8c519da1212310083b87dcc7f9fd2b0a834502284cc5c4a9af01e2cd65e
2012-07-12 19:00:00+00:00,23.9,78.82635534844951,98555.88145596936,21.164801314448823,1251,1.0,3456a8c519da1212310083b87dcc7f9fd2b0a834502284cc5c4a9af01e2cd65e
2012-07-12 20:00:00+00:00,24.8,74.68849815889978,98580.4639007991,21.426073629634068,1251,1.0,3456a8c519da1212310083b87dcc7f9fd2b0a834502284cc5c4a9af01e2cd65e
2012-07-12 21:00:00+00:00,25.0,73.8025121880607,98582.69617991833,21.483614659514416,1251,1.0,3456a8c519da1212310083b87dcc7f9fd2b0a834502284cc5c4a9af01e2cd65e
2012-07-12 22:00:00+00:00,24.2,77.41908148932836,98554.41453011803,21.25152269814115,1251,1.0,3456a8c519da1212310083b87dcc7f9fd2b0a834502284cc5c4a9af01e2cd65e
2012-07-12 23:00:00+00:00,23.433333333333334,81.07300001361367,98586.07500702636,21.02801263693566,1251,1.0,3456a8c519da1212310083b87dcc7f9fd2b0a834502284cc5c4a9af01e2cd65e
2012-07-13 00:00:00+00:00,23.03333333333333,83.05610745963072,98604.11427758474,20.910521748645706,1251,1.0,3456a8c519da1212310083b87dcc7f9fd2b0a834502284cc5c4a9af01e2cd65e
2012-07-13 01:00:00+00:00,21.366666666666664,93.84151712683834,98656.03890177861,20.643197213826877,1251,1.0,3456a8c519da1212310083b87dcc7f9fd2b0a834502284cc5c4a9af01e2cd65e
2012-07-13 02:00:00+00:00,20.8,92.27543367040356,98655.98668770243,19.901961446481433,1251,1.0,3456a8c519da1212310083b87dcc7f9fd2b0a834502284cc5c4a9af01e2cd65e
2012-07-13 03:00:00+00:00,20.85,94.88976866208611,98622.73787320744,20.258860773096657,1251,1.0,3456a8c519da1212310083b87dcc7f9fd2b0a834502284cc5c4a9af01e2cd65e
2012-07-13 04:00:00+00:00,21.1,93.44307258248529,98640.10037860165,20.33417873832866,1251,1.0,3456a8c519da1212310083b87dcc7f9fd2b0a834502284cc5c4a9af01e2cd65e
2012-07-13 05:00:00+00:00,21.033333333333335,93.82642070026388,98655.44280463544,20.313928565049803,1251,1.0,3456a8c519da1212310083b87dcc7f9fd2b0a834502284cc5c4a9af01e2cd65e
2012-07-13 06:00:00+00:00,21.05,93.73041832045489,98588.79183970811,20.31899114602203,1251,1.0,3456a8c519da1212310083b87dcc7f9fd2b0a834502284cc5c4a9af01e2cd65e
2012-07-13 07:00:00+00:00,21.05,93.73041832045489,98528.3924034351,20.31899114602203,1251,1.0,3456a8c519da1212310083b87dcc7f9fd2b0a834502284cc5c4a9af01e2cd65e
2012-07-13 08:00:00+00:00,21.016666666666666,93.92253354702031,98581.16201732407,20.308617869015926,1251,1.0,3456a8c519da1212310083b87dcc7f9fd2b0a834502284cc5c4a9af01e2cd65e
2012-07-13 09:00:00+00:00,21.1,93.44307258248529,98519.30080431611,20.333641885008177,1251,1.0,3456a8c519da1212310083b87dcc7f9fd2b0a834502284cc5c4a9af01e2cd65e
2012-07-13 10:00:00+00:00,21.033333333333335,93.82642070026388,98655.44280463544,20.313928565049803,1251,1.0,3456a8c519da1212310083b87dcc7f9fd2b0a834502284cc5c4a9af01e2cd65e
2012-07-13 11:00:00+00:00,21.85,93.76709990421163,98696.99668227379,21.109692203797664,1251,1.0,3456a8c519da1212310083b87dcc7f9fd2b0a834502284cc5c4a9af01e2cd65e
2012-07-13 12:00:00+00:00,21.85,94.49078721209844,98728.4073010769,21.196690244883328,1251,1.0,3456a8c519da1212310083b87dcc7f9fd2b0a834502284cc5c4a9af01e2cd65e
2012-07-13 13:00:00+00:00,22.1,95.52045335622192,98762.66904033443,21.567337580748962,1251,1.0,3456a8c519da1212310083b87dcc7f9fd2b0a834502284cc5c4a9af01e2cd65e
2012-07-13 14:00:00+00:00,22.8,93.52406512402806,98707.79887391282,22.013069004907827,1251,1.0,3456a8c519da1212310083b87dcc7f9fd2b0a834502284cc5c4a9af01e2cd65e
2012-07-13 15:00:00+00:00,23.44,91.5252139421099,98773.03722307889,22.390473576728695,1251,1.0,3456a8c519da1212310083b87dcc7f9fd2b0a834502284cc5c4a9af01e2cd65e
2012-07-13 16:00:00+00:00,25.7,80.37607903005265,98779.03253250368,23.07309960807718,1251,1.0,3456a8c519da1212310083b87dcc7f9fd2b0a834502284cc5c4a9af01e2cd65e
2012-07-13 17:00:00+00:00,25.0,90.30253888900404,98645.5400503807,23.75280072353729,1251,1.0,3456a8c519da1212310083b87dcc7f9fd2b0a834502284cc5c4a9af01e2cd65e
2012-07-13 18:00:00+00:00,26.733333333333334,79.22208108341951,98667.99948139476,23.878989446512353,1251,1.0,3456a8c519da1212310083b87dcc7f9fd2b0a834502284cc5c4a9af01e2cd65e
2012-07-13 19:00:00+00:00,27.2,74.17038364277866,98573.21095451049,23.5647369800598,1251,1.0,3456a8c519da1212310083b87dcc7f9fd2b0a834502284cc5c4a9af01e2cd65e
2012-07-13 20:00:00+00:00,26.425,81.86364810810485,98608.18618203375,23.967478664571665,1251,1.0,3456a8c519da1212310083b87dcc7f9fd2b0a834502284cc5c4a9af01e2cd65e
2012-07-13 21:00:00+00:00,26.266666666666666,85.98080056785929,98543.58268634324,24.393948079364186,1251,1.0,3456a8c519da1212310083b87dcc7f9fd2b0a834502284cc5c4a9af01e2cd65e
2012-07-13 22:00:00+00:00,26.35,86.68095332703045,98568.6781187248,24.571118173875313,1251,1.0,3456a8c519da1212310083b87dcc7f9fd2b0a834502284cc5c4a9af01e2cd65e
2012-07-13 23:00:00+00:00,25.0,90.30253888900404,98529.52059721941,23.75280072353729,1251,1.0,3456a8c519da1212310083b87dcc7f9fd2b0a834502284cc5c4a9af01e2cd65e
2012-07-14 00:00:00+00:00,24.45,91.91962727282271,98566.88262966332,23.427054568978377,1251,1.0,3456a8c519da1212310083b87dcc7f9fd2b0a834502284cc5c4a9af01e2cd65e
2012-07-14 01:00:00+00:00,23.766666666666666,92.06621856697342,98763.83317994671,22.778178223205735,1251,1.0,3456a8c519da1212310083b87dcc7f9fd2b0a834502284cc5c4a9af01e2cd65e
2012-07-14 02:00:00+00:00,22.8,93.52406512402806,98717.46473749232,22.013069004907827,1251,1.0,3456a8c519da1212310083b87dcc7f9fd2b0a834502284cc5c4a9af01e2cd65e
2012-07-14 03:00:00+00:00,22.933333333333334,92.01834386039135,98754.41757169101,21.957632281501745,1251,1.0,3456a8c519da1212310083b87dcc7f9fd2b0a834502284cc5c4a9af01e2cd65e
2012-07-14 04:00:00+00:00,22.95,93.96024628980257,98806.15855435966,22.214703550379795,1251,1.0,3456a8c519da1212310083b87dcc7f9fd2b0a834502284cc5c4a9af01e2cd65e
2012-07-14 05:00:00+00:00,22.1,93.77849764851555,98753.00395553332,21.356593180188316,1251,1.0,3456a8c519da1212310083b87dcc7f9fd2b0a834502284cc5c4a9af01e2cd65e
2012-07-14 06:00:00+00:00,22.2,95.23168829499288,98662.32359914487,21.631040125404514,1251,1.0,3456a8c519da1212310083b87dcc7f9fd2b0a834502284cc5c4a9af01e2cd65e
2012-07-14 07:00:00+00:00,22.2,96.9959174328678,98623.66281403549,21.843172856743728,1251,1.0,3456a8c519da1212310083b87dcc7f9fd2b0a834502284cc5c4a9af01e2cd65e
2012-07-14 08:00:00+00:00,22.9,93.81476346133921,98694.43302056172,22.14728836336475,1251,1.0,3456a8c519da1212310083b87dcc7f9fd2b0a834502284cc5c4a9af01e2cd65e
2012-07-14 09:00:00+00:00,22.599999999999998,95.82895249640717,98692.64287538404,22.098029997115148,1251,1.0,3456a8c519da1212310083b87dcc7f9fd2b0a834502284cc5c4a9af01e2cd65e
2012-07-14 10:00:00+00:00,22.8,96.42062016554186,98717.46473749232,22.36796817468152,1251,1.0,3456a8c519da1212310083b87dcc7f9fd2b0a834502284cc5c4a9af01e2cd65e
2012-07-14 11:00:00+00:00,22.9,95.25618988736358,98834.58965136316,22.32473852014842,1251,1.0,3456a8c519da1212310083b87dcc7f9fd2b0a834502284cc5c4a9af01e2cd65e
2012-07-14 12:00:00+00:00,24.200000000000003,87.27552631936489,98820.26831397974,22.581124059473453,1251,1.0,3456a8c519da1212310083b87dcc7f9fd2b0a834502284cc5c4a9af01e2cd65e
2012-07-14 13:00:00+00:00,25.6,79.0650667975322,98864.94025634897,22.79467207253561,1251,1.0,3456a8c519da1212310083b87dcc7f9fd2b0a834502284cc5c4a9af01e2cd65e
2012-07-14 14:00:00+00:00,26.1,71.74643201629246,98870.50164676808,22.19460708307633,1251,1.0,3456a8c519da1212310083b87dcc7f9fd2b0a834502284cc5c4a9af01e2cd65e
2012-07-14 15:00:00+00:00,27.200000000000003,67.24573117527315,98882.67261943195,22.501079789046425,1251,1.0,3456a8c519da1212310083b87dcc7f9fd2b0a834502284cc5c4a9af01e2cd65e
2012-07-14 16:00:00+00:00,28.9,60.901804087946246,98852.9483429869,22.967991361357697,1251,1.0,3456a8c519da1212310083b87dcc7f9fd2b0a834502284cc5c4a9af01e2cd65e
2012-07-14 17:00:00+00:00,30.0,57.15705209678871,98768.15629713514,23.263493491107347,1251,1.0,3456a8c519da1212310083b87dcc7f9fd2b0a834502284cc5c4a9af01e2cd65e
2012-07-14 18:00:00+00:00,30.0,56.10882184768884,98724.62478848311,23.07351471522571,1251,1.0,3456a8c519da1212310083b87dcc7f9fd2b0a834502284cc5c4a9af01e2cd65e
2012-07-14 19:00:00+00:00,31.7,49.98215552124128,98621.94874697739,23.342362148665416,1251,1.0,3456a8c519da1212310083b87dcc7f9fd2b0a834502284cc5c4a9af01e2cd65e
2012-07-14 20:00:00+00:00,30.6,53.21506820591533,98610.1662112634,23.046854827665907,1251,1.0,3456a8c519da1212310083b87dcc7f9fd2b0a834502284cc5c4a9af01e2cd65e
2012-07-14 21:00:00+00:00,30.6,52.234713311802714,98585.98045481014,22.861860435767852,1251,1.0,3456a8c519da1212310083b87dcc7f9fd2b0a834502284cc5c4a9af01e2cd65e
2012-07-14 22:00:00+00:00,30.0,58.9422935125829,98555.3355881697,23.578668633723048,1251,1.0,3456a8c519da1212310083b87dcc7f9fd2b0a834502284cc5c4a9af01e2cd65e
2012-07-14 23:00:00+00:00,26.7,71.41383990953275,98625.72768046196,22.68911854710933,1251,1.0,3456a8c519da1212310083b87dcc7f9fd2b0a834502284cc5c4a9af01e2cd65e
2012-07-15 00:00:00+00:00,26.15,73.76895620979502,98648.65733788267,22.538116826360373,1251,1.0,3456a8c519da1212310083b87dcc7f9fd2b0a834502284cc5c4a9af01e2cd65e
2012-07-15 01:00:00+00:00,25.6,76.21186522133068,98710.23717135127,22.38600898610627,1251,1.0,3456a8c519da1212310083b87dcc7f9fd2b0a834502284cc5c4a9af01e2cd65e
2012-07-15 02:00:00+00:00,24.4,81.86439065070549,98783.84453959698,22.04991558723637,1251,1.0,3456a8c519da1212310083b87dcc7f9fd2b0a834502284cc5c4a9af01e2cd65e
2012-07-15 03:00:00+00:00,24.4,81.86439065070549,98774.17690947957,22.049915587236406,1251,1.0,3456a8c519da1212310083b87dcc7f9fd2b0a834502284cc5c4a9af01e2cd65e
2012-07-15 04:00:00+00:00,22.8,90.14908523932152,98717.46473749232,21.593839191075684,1251,1.0,3456a8c519da1212310083b87dcc7f9fd2b0a834502284cc5c4a9af01e2cd65e
2012-07-15 05:00:00+00:00,22.8,90.14908523932152,98688.46714675381,21.593839191075684,1251,1.0,3456a8c519da1212310083b87dcc7f9fd2b0a834502284cc5c4a9af01e2cd65e
2012-07-15 06:00:00+00:00,22.8,90.14908523932152,98669.1354195948,21.593839191075684,1251,1.0,3456a8c519da1212310083b87dcc7f9fd2b0a834502284cc5c4a9af01e2cd65e
2012-07-15 07:00:00+00:00,22.2,93.49564966969419,98604.3324214808,21.420111337084535,1251,1.0,3456a8c519da1212310083b87dcc7f9fd2b0a834502284cc5c4a9af01e2cd65e
2012-07-15 08:00:00+00:00,22.066666666666666,93.87304193681831,98702.68803816236,21.335566730500062,1251,1.0,3456a8c519da1212310083b87dcc7f9fd2b0a834502284cc5c4a9af01e2cd65e
2012-07-15 09:00:00+00:00,22.2,93.49564966969419,98623.66281403549,21.420111337084535,1251,1.0,3456a8c519da1212310083b87dcc7f9fd2b0a834502284cc5c4a9af01e2cd65e
2012-07-15 10:00:00+00:00,22.2,90.6638578265198,98700.98438425426,21.073461848201184,1251,1.0,3456a8c519da1212310083b87dcc7f9fd2b0a834502284cc5c4a9af01e2cd65e
2012-07-15 11:00:00+00:00,23.9,87.51578401739366,98768.55721781647,22.32252868775591,1251,1.0,3456a8c519da1212310083b87dcc7f9fd2b0a834502284cc5c4a9af01e2cd65e
2012-07-15 12:00:00+00:00,24.75,84.44910353599798,98792.60167992562,22.73258720202088,1251,1.0,3456a8c519da1212310083b87dcc7f9fd2b0a834502284cc5c4a9af01e2cd65e
2012-07-15 13:00:00+00:00,26.85,74.11234412837182,98927.16105250116,23.23689229539342,1251,1.0,3456a8c519da1212310083b87dcc7f9fd2b0a834502284cc5c4a9af01e2cd65e
2012-07-15 14:00:00+00:00,26.1,76.75727862001013,98889.84062019532,22.931411129541026,1251,1.0,3456a8c519da1212310083b87dcc7f9fd2b0a834502284cc5c4a9af01e2cd65e
2012-07-15 15:00:00+00:00,27.35,69.16213170964893,98949.6036703362,22.937450140513405,1251,1.0,3456a8c519da1212310083b87dcc7f9fd2b0a834502284cc5c4a9af01e2cd65e
2012-07-15 16:00:00+00:00,29.3,61.17954208003097,98910.50282598901,23.366100443580542,1251,1.0,3456a8c519da1212310083b87dcc7f9fd2b0a834502284cc5c4a9af01e2cd65e
2012-07-15 17:00:00+00:00,30.6,56.94918492640599,98745.6064474017,23.7402451987765,1251,1.0,3456a8c519da1212310083b87dcc7f9fd2b0a834502284cc5c4a9af01e2cd65e
2012-07-15 18:00:00+00:00,30.85,55.28531066461254,98709.59708402044,23.646906197564512,1251,1.0,3456a8c519da1212310083b87dcc7f9fd2b0a834502284cc5c4a9af01e2cd65e
2012-07-15 19:00:00+00:00,25.133333333333336,80.62959152318456,98679.25566092508,22.57310875558958,1251,1.0,3456a8c519da1212310083b87dcc7f9fd2b0a834502284cc5c4a9af01e2cd65e
2012-07-15 20:00:00+00:00,24.5,89.17948197114917,98620.61478196962,23.12010440133916,1251,1.0,3456a8c519da1212310083b87dcc7f9fd2b0a834502284cc5c4a9af01e2cd65e
2012-07-16 00:00:00+00:00,24.15,92.1811804356091,98442.67930533123,23.166922055903793,1251,1.0,3456a8c519da1212310083b87dcc7f9fd2b0a834502284cc5c4a9af01e2cd65e
2012-07-16 01:00:00+00:00,23.9,93.57568439880532,98507.54605554957,23.099524681390115,1251,1.0,3456a8c519da1212310083b87dcc7f9fd2b0a834502284cc5c4a9af01e2cd65e
2012-07-16 02:00:00+00:00,23.9,93.57568439880532,98546.2143758854,23.099524681390115,1251,1.0,3456a8c519da1212310083b87dcc7f9fd2b0a834502284cc5c4a9af01e2cd65e
2012-07-16 03:00:00+00:00,23.8,94.71224568260264,98603.09255937858,23.144846032952454,1251,1.0,3456a8c519da1212310083b87dcc7f9fd2b0a834502284cc5c4a9af01e2cd65e
2012-07-16 04:00:00+00:00,22.8,93.52406512402806,98485.4840115842,22.01253203391152,1251,1.0,3456a8c519da1212310083b87dcc7f9fd2b0a834502284cc5c4a9af01e2cd65e
2012-07-16 05:00:00+00:00,22.8,96.42062016554186,98466.15228442517,22.36796817468152,1251,1.0,3456a8c519da1212310083b87dcc7f9fd2b0a834502284cc5c4a9af01e2cd65e
2012-07-16 06:00:00+00:00,22.8,94.9626655812112,98441.98762547641,22.189624804877983,1251,1.0,3456a8c519da1212310083b87dcc7f9fd2b0a834502284cc5c4a9af01e2cd65e
2012-07-16 07:00:00+00:00,22.36,96.29121502667564,98494.03215229338,21.916620474306534,1251,1.0,3456a8c519da1212310083b87dcc7f9fd2b0a834502284cc5c4a9af01e2cd65e
2012-07-16 08:00:00+00:00,22.066666666666666,93.87304193681831,98444.95343480521,21.334557968946193,1251,1.0,3456a8c519da1212310083b87dcc7f9fd2b0a834502284cc5c4a9af01e2cd65e
2012-07-16 09:00:00+00:00,21.85,95.21936686478917,98358.72847977873,21.283408970177042,1251,1.0,3456a8c519da1212310083b87dcc7f9fd2b0a834502284cc5c4a9af01e2cd65e
2012-07-16 10:00:00+00:00,21.7,96.39132464972437,98386.01639756249,21.275059610992322,1251,1.0,3456a8c519da1212310083b87dcc7f9fd2b0a834502284cc5c4a9af01e2cd65e
2012-07-16 11:00:00+00:00,22.8,93.52406512402806,98427.48883010716,22.01253203391152,1251,1.0,3456a8c519da1212310083b87dcc7f9fd2b0a834502284cc5c4a9af01e2cd65e
2012-07-16 12:00:00+00:00,23.05,92.11886514789892,98444.81136181467,22.082886555132326,1251,1.0,3456a8c519da1212310083b87dcc7f9fd2b0a834502284cc5c4a9af01e2cd65e
2012-07-16 13:00:00+00:00,25.6,84.53980982614378,98468.51360104234,23.555685846034756,1251,1.0,3456a8c519da1212310083b87dcc7f9fd2b0a834502284cc5c4a9af01e2cd65e
2012-07-16 14:00:00+00:00,28.9,65.15525042106933,98466.04834947227,23.677942591535867,1251,1.0,3456a8c519da1212310083b87dcc7f9fd2b0a834502284cc5c4a9af01e2cd65e
2012-07-16 15:00:00+00:00,29.15,62.09219801957945,98468.75989212486,23.382996641285352,1251,1.0,3456a8c519da1212310083b87dcc7f9fd2b0a834502284cc5c4a9af01e2cd65e
2012-07-16 16:00:00+00:00,31.7,53.489417824012996,98438.11503499931,24.022029535222657,1251,1.0,3456a8c519da1212310083b87dcc7f9fd2b0a834502284cc5c4a9af01e2cd65e
2012-07-16 17:00:00+00:00,31.7,49.98215552124128,98331.68499122253,23.335933471201884,1251,1.0,3456a8c519da1212310083b87dcc7f9fd2b0a834502284cc5c4a9af01e2cd65e
2012-07-16 18:00:00+00:00,31.7,47.411823973686694,98283.30769859672,22.821525861933857,1251,1.0,3456a8c519da1212310083b87dcc7f9fd2b0a834502284cc5c4a9af01e2cd65e
2012-07-16 19:00:00+00:00,32.2,46.81069212850426,98143.47778164818,23.102756384183266,1251,1.0,3456a8c519da1212310083b87dcc7f9fd2b0a834502284cc5c4a9af01e2cd65e
2012-07-16 20:00:00+00:00,30.6,56.94918492640599,98116.77677961673,23.728645528852674,1251,1.0,3456a8c519da1212310083b87dcc7f9fd2b0a834502284cc5c4a9af01e2cd65e
2012-07-16 21:00:00+00:00,28.766666666666666,60.996994860676246,98148.63670617528,22.855551749407283,1251,1.0,3456a8c519da1212310083b87dcc7f9fd2b0a834502284cc5c4a9af01e2cd65e
2012-07-16 22:00:00+00:00,25.866666666666664,64.38199748077635,98213.62383269235,20.85568503096622,1251,1.0,3456a8c519da1212310083b87dcc7f9fd2b0a834502284cc5c4a9af01e2cd65e
2012-07-16 23:00:00+00:00,22.366666666666664,82.97813344590534,98287.2686045357,20.264761123683023,1251,1.0,3456a8c519da1212310083b87dcc7f9fd2b0a834502284cc5c4a9af01e2cd65e
2012-07-17 00:00:00+00:00,21.066666666666666,93.63452626747379,98198.39898922939,20.323012534055863,1251,1.0,3456a8c519da1212310083b87dcc7f9fd2b0a834502284cc5c4a9af01e2cd65e
2012-07-17 01:00:00+00:00,21.7,93.47182873884306,98134.73580558444,20.925530551942312,1251,1.0,3456a8c519da1212310083b87dcc7f9fd2b0a834502284cc5c4a9af01e2cd65e
2012-07-17 02:00:00+00:00,21.7,93.47182873884306,98144.40044373744,20.925530551942312,1251,1.0,3456a8c519da1212310083b87dcc7f9fd2b0a834502284cc5c4a9af01e2cd65e
2012-07-17 03:00:00+00:00,21.7,93.47182873884306,98134.73580558444,20.925530551942312,1251,1.0,3456a8c519da1212310083b87dcc7f9fd2b0a834502284cc5c4a9af01e2cd65e
2012-07-17 04:00:00+00:00,21.7,93.47182873884306,98115.40652927844,20.92553055194234,1251,1.0,3456a8c519da1212310083b87dcc7f9fd2b0a834502284cc5c4a9af01e2cd65e
2012-07-17 05:00:00+00:00,21.7,93.47182873884306,98047.75406220742,20.924993658044208,1251,1.0,3456a8c519da1212310083b87dcc7f9fd2b0a834502284cc5c4a9af01e2cd65e
2012-07-17 06:00:00+00:00,21.7,93.47182873884306,98013.9278286719,20.924993658044208,1251,1.0,3456a8c519da1212310083b87dcc7f9fd2b0a834502284cc5c4a9af01e2cd65e
2012-07-17 07:00:00+00:00,21.1,96.97120469970669,97953.95879665978,20.748104242824333,1251,1.0,3456a8c519da1212310083b87dcc7f9fd2b0a834502284cc5c4a9af01e2cd65e
2012-07-17 08:00:00+00:00,21.1,93.44307258248529,97973.28672854547,20.33256817836721,1251,1.0,3456a8c519da1212310083b87dcc7f9fd2b0a834502284cc5c4a9af01e2cd65e
2012-07-17 09:00:00+00:00,21.05,93.73041832045489,98057.27680050561,20.317453798274443,1251,1.0,3456a8c519da1212310083b87dcc7f9fd2b0a834502284cc5c4a9af01e2cd65e
2012-07-17 10:00:00+00:00,21.033333333333335,95.78031207921522,98130.37138893783,20.54308089043213,1251,1.0,3456a8c519da1212310083b87dcc7f9fd2b0a834502284cc5c4a9af01e2cd65e
2012-07-17 11:00:00+00:00,22.8,93.52406512402806,98137.51292272199,22.011995062915204,1251,1.0,3456a8c519da1212310083b87dcc7f9fd2b0a834502284cc5c4a9af01e2cd65e
2012-07-17 12:00:00+00:00,24.200000000000003,85.9533792282371,98162.88441206714,22.403109923845346,1251,1.0,3456a8c519da1212310083b87dcc7f9fd2b0a834502284cc5c4a9af01e2cd65e
2012-07-17 13:00:00+00:00,28.3,67.46468752123698,98217.72613336754,23.51574217388339,1251,1.0,3456a8c519da1212310083b87dcc7f9fd2b0a834502284cc5c4a9af01e2cd65e
2012-07-17 14:00:00+00:00,30.0,57.15705209678871,98245.7781933109,23.253738338788153,1251,1.0,3456a8c519da1212310083b87dcc7f9fd2b0a834502284cc5c4a9af01e2cd65e
2012-07-17 15:00:00+00:00,30.55,52.54711225336336,98242.00715300904,22.870986823097393,1251,1.0,3456a8c519da1212310083b87dcc7f9fd2b0a834502284cc5c4a9af01e2cd65e
2012-07-17 16:00:00+00:00,32.2,48.586357364052354,98201.53366912623,23.465508631979915,1251,1.0,3456a8c519da1212310083b87dcc7f9fd2b0a834502284cc5c4a9af01e2cd65e
2012-07-17 17:00:00+00:00,32.8,48.742535253752614,98140.14102953264,23.9887550651529,1251,1.0,3456a8c519da1212310083b87dcc7f9fd2b0a834502284cc5c4a9af01e2cd65e
2012-07-17 18:00:00+00:00,33.05,48.06192702564297,98099.22926606462,24.052705748179275,1251,1.0,3456a8c519da1212310083b87dcc7f9fd2b0a834502284cc5c4a9af01e2cd65e
2012-07-17 19:00:00+00:00,33.3,47.392028127979344,98038.95669087498,24.11565985086157,1251,1.0,3456a8c519da1212310083b87dcc7f9fd2b0a834502284cc5c4a9af01e2cd65e
2012-07-17 20:00:00+00:00,32.2,50.420833512336024,97978.98610046036,23.82884715402345,1251,1.0,3456a8c519da1212310083b87dcc7f9fd2b0a834502284cc5c4a9af01e2cd65e
2012-08-03 16:00:00+00:00,27.9,69.69115763134232,98290.743585527,23.51081869722406,1251,1.0,3456a8c519da1212310083b87dcc7f9fd2b0a834502284cc5c4a9af01e2cd65e
2012-08-03 17:00:00+00:00,30.6,55.22431068979966,98242.54271317372,23.413651559343457,1251,1.0,3456a8c519da1212310083b87dcc7f9fd2b0a834502284cc5c4a9af01e2cd65e
2012-08-03 18:00:00+00:00,31.15,54.34731769680601,98219.39780638121,23.71618452380291,1251,1.0,3456a8c519da1212310083b87dcc7f9fd2b0a834502284cc5c4a9af01e2cd65e
2012-08-03 19:00:00+00:00,31.7,53.489417824012996,98109.1494451438,24.01491041564475,1251,1.0,3456a8c519da1212310083b87dcc7f9fd2b0a834502284cc5c4a9af01e2cd65e
2012-08-03 20:00:00+00:00,30.6,55.22431068979966,98087.75387187282,23.410599124037518,1251,1.0,3456a8c519da1212310083b87dcc7f9fd2b0a834502284cc5c4a9af01e2cd65e
2012-08-03 21:00:00+00:00,30.85,55.28531066461254,98085.58757584447,23.63469601185881,1251,1.0,3456a8c519da1212310083b87dcc7f9fd2b0a834502284cc5c4a9af01e2cd65e
2012-08-03 22:00:00+00:00,30.0,61.14896099495759,98100.67316447085,23.960128929332658,1251,1.0,3456a8c519da1212310083b87dcc7f9fd2b0a834502284cc5c4a9af01e2cd65e
2012-08-03 23:00:00+00:00,28.9,67.17318846554977,98137.18335498484,24.006052019686393,1251,1.0,3456a8c519da1212310083b87dcc7f9fd2b0a834502284cc5c4a9af01e2cd65e
2012-08-04 00:00:00+00:00,28.049999999999997,70.57416964229722,98147.30508656047,23.784336264961468,1251,1.0,3456a8c519da1212310083b87dcc7f9fd2b0a834502284cc5c4a9af01e2cd65e
2012-08-04 01:00:00+00:00,27.2,74.17038364277866,98215.39590444507,23.561074554046925,1251,1.0,3456a8c519da1212310083b87dcc7f9fd2b0a834502284cc5c4a9af01e2cd65e
2012-08-04 02:00:00+00:00,26.85,74.11234412837182,98366.28369756028,23.231398931200253,1251,1.0,3456a8c519da1212310083b87dcc7f9fd2b0a834502284cc5c4a9af01e2cd65e
2012-08-04 03:00:00+00:00,24.52,87.46356224083168,98334.67293315963,22.91179648459581,1251,1.0,3456a8c519da1212310083b87dcc7f9fd2b0a834502284cc5c4a9af01e2cd65e
2012-08-04 04:00:00+00:00,23.766666666666666,86.43910338208619,98377.15585591429,22.052286581174624,1251,1.0,3456a8c519da1212310083b87dcc7f9fd2b0a834502284cc5c4a9af01e2cd65e
2012-08-04 05:00:00+00:00,22.8,93.52406512402806,98350.16192147111,22.01253203391152,1251,1.0,3456a8c519da1212310083b87dcc7f9fd2b0a834502284cc5c4a9af01e2cd65e
2012-08-04 06:00:00+00:00,22.8,93.52406512402806,98359.82778505061,22.01253203391152,1251,1.0,3456a8c519da1212310083b87dcc7f9fd2b0a834502284cc5c4a9af01e2cd65e
2012-08-04 07:00:00+00:00,22.8,93.52406512402806,98321.16433073259,22.01253203391152,1251,1.0,3456a8c519da1212310083b87dcc7f9fd2b0a834502284cc5c4a9af01e2cd65e
2012-08-04 08:00:00+00:00,22.6,93.80120060847527,98357.56730542322,21.849881232568954,1251,1.0,3456a8c519da1212310083b87dcc7f9fd2b0a834502284cc5c4a9af01e2cd65e
2012-08-04 09:00:00+00:00,22.5,91.80522974293908,98298.44275668034,21.50602775288699,1251,1.0,3456a8c519da1212310083b87dcc7f9fd2b0a834502284cc5c4a9af01e2cd65e
2012-08-04 10:00:00+00:00,22.2,93.49564966969419,98430.35888848857,21.420111337084535,1251,1.0,3456a8c519da1212310083b87dcc7f9fd2b0a834502284cc5c4a9af01e2cd65e
2012-08-04 11:00:00+00:00,22.8,90.14908523932152,98504.8157387432,21.59300935907783,1251,1.0,3456a8c519da1212310083b87dcc7f9fd2b0a834502284cc5c4a9af01e2cd65e
2012-08-04 12:00:00+00:00,23.35,88.81844004978778,98549.69163235823,21.958768735144503,1251,1.0,3456a8c519da1212310083b87dcc7f9fd2b0a834502284cc5c4a9af01e2cd65e
2012-08-04 13:00:00+00:00,25.0,82.69234358450116,98684.21320143445,22.73115511648814,1251,1.0,3456a8c519da1212310083b87dcc7f9fd2b0a834502284cc5c4a9af01e2cd65e
2012-08-04 14:00:00+00:00,25.53333333333333,76.20149895249263,98777.1775230794,22.323216478201115,1251,1.0,3456a8c519da1212310083b87dcc7f9fd2b0a834502284cc5c4a9af01e2cd65e
2012-08-04 15:00:00+00:00,26.700000000000003,72.73986079822475,98703.0887767894,22.890322765288072,1251,1.0,3456a8c519da1212310083b87dcc7f9fd2b0a834502284cc5c4a9af01e2cd65e
2012-08-04 16:00:00+00:00,28.15,69.73807872154437,98772.21736358294,23.751057712274886,1251,1.0,3456a8c519da1212310083b87dcc7f9fd2b0a834502284cc5c4a9af01e2cd65e
2012-08-04 17:00:00+00:00,28.15,68.68279496845426,98752.87396728162,23.582440632203237,1251,1.0,3456a8c519da1212310083b87dcc7f9fd2b0a834502284cc5c4a9af01e2cd65e
2012-08-04 18:00:00+00:00,26.35,76.79526822607812,98650.87106167954,23.167334660674182,1251,1.0,3456a8c519da1212310083b87dcc7f9fd2b0a834502284cc5c4a9af01e2cd65e
2012-08-04 19:00:00+00:00,30.0,58.9422935125829,98584.35659393773,23.57921196251828,1251,1.0,3456a8c519da1212310083b87dcc7f9fd2b0a834502284cc5c4a9af01e2cd65e
2012-08-04 20:00:00+00:00,27.0,66.929664851877,98645.15168254738,22.269229805963015,1251,1.0,3456a8c519da1212310083b87dcc7f9fd2b0a834502284cc5c4a9af01e2cd65e
2012-08-04 21:00:00+00:00,25.55,71.42641338158177,98550.1442399991,21.64124579981398,1251,1.0,3456a8c519da1212310083b87dcc7f9fd2b0a834502284cc5c4a9af01e2cd65e
2012-08-04 22:00:00+00:00,25.0,76.58907524068796,98597.1986115635,21.880757991636195,1251,1.0,3456a8c519da1212310083b87dcc7f9fd2b0a834502284cc5c4a9af01e2cd65e
2012-08-04 23:00:00+00:00,25.0,78.98125580461064,98587.53032380006,22.216799946751088,1251,1.0,3456a8c519da1212310083b87dcc7f9fd2b0a834502284cc5c4a9af01e2cd65e
2012-08-05 00:00:00+00:00,24.7,81.90131796799164,98627.68645235404,22.33773675611929,1251,1.0,3456a8c519da1212310083b87dcc7f9fd2b0a834502284cc5c4a9af01e2cd65e
2012-08-05 01:00:00+00:00,24.4,84.9292101215455,98735.50638900997,22.461968053592706,1251,1.0,3456a8c519da1212310083b87dcc7f9fd2b0a834502284cc5c4a9af01e2cd65e
2012-08-05 02:00:00+00:00,23.9,87.51578401739366,98739.5559775646,22.32252868775591,1251,1.0,3456a8c519da1212310083b87dcc7f9fd2b0a834502284cc5c4a9af01e2cd65e
2012-08-05 03:00:00+00:00,23.9,87.51578401739366,98739.5559775646,22.32252868775591,1251,1.0,3456a8c519da1212310083b87dcc7f9fd2b0a834502284cc5c4a9af01e2cd65e
2012-08-05 04:00:00+00:00,23.3,90.73735707873887,98761.78898953849,22.15455294518309,1251,1.0,3456a8c519da1212310083b87dcc7f9fd2b0a834502284cc5c4a9af01e2cd65e
2012-08-05 05:00:00+00:00,23.3,90.73735707873887,98742.456154266,22.15455294518309,1251,1.0,3456a8c519da1212310083b87dcc7f9fd2b0a834502284cc5c4a9af01e2cd65e
2012-08-05 06:00:00+00:00,23.05,92.11886514789892,98725.12944610871,22.084204597305906,1251,1.0,3456a8c519da1212310083b87dcc7f9fd2b0a834502284cc5c4a9af01e2cd65e
2012-08-05 07:00:00+00:00,22.733333333333334,92.00679042650714,98758.59392768516,21.76032670728776,1251,1.0,3456a8c519da1212310083b87dcc7f9fd2b0a834502284cc5c4a9af01e2cd65e
2012-08-05 08:00:00+00:00,22.2,93.49564966969419,98691.31918797691,21.420648265596007,1251,1.0,3456a8c519da1212310083b87dcc7f9fd2b0a834502284cc5c4a9af01e2cd65e
2012-08-05 09:00:00+00:00,21.85,95.21936686478917,98762.23412132642,21.284189936448335,1251,1.0,3456a8c519da1212310083b87dcc7f9fd2b0a834502284cc5c4a9af01e2cd65e
2012-08-05 10:00:00+00:00,21.7,93.47182873884306,98753.27264737658,20.92660433973861,1251,1.0,3456a8c519da1212310083b87dcc7f9fd2b0a834502284cc5c4a9af01e2cd65e
2012-08-05 11:00:00+00:00,23.3,90.73735707873887,98790.78824244723,22.15455294518309,1251,1.0,3456a8c519da1212310083b87dcc7f9fd2b0a834502284cc5c4a9af01e2cd65e
2012-08-05 12:00:00+00:00,24.233333333333334,87.18982655396464,98891.53758912421,22.60190678672043,1251,1.0,3456a8c519da1212310083b87dcc7f9fd2b0a834502284cc5c4a9af01e2cd65e
2012-08-05 13:00:00+00:00,25.8,80.06341363641829,98973.52777379633,23.123971035450886,1251,1.0,3456a8c519da1212310083b87dcc7f9fd2b0a834502284cc5c4a9af01e2cd65e
2012-08-05 14:00:00+00:00,27.8,71.61107092213881,98937.6310712651,23.72764339830576,1251,1.0,3456a8c519da1212310083b87dcc7f9fd2b0a834502284cc5c4a9af01e2cd65e
2012-08-05 15:00:00+00:00,28.05,67.20897325053198,98930.70395451588,23.25891421123829,1251,1.0,3456a8c519da1212310083b87dcc7f9fd2b0a834502284cc5c4a9af01e2cd65e
2012-08-05 16:00:00+00:00,29.4,57.01373100709789,98848.71528097267,22.724890427429827,1251,1.0,3456a8c519da1212310083b87dcc7f9fd2b0a834502284cc5c4a9af01e2cd65e
2012-08-05 17:00:00+00:00,29.4,59.166399684716566,98771.33102397612,23.10181782284959,1251,1.0,3456a8c519da1212310083b87dcc7f9fd2b0a834502284cc5c4a9af01e2cd65e
2012-08-05 18:00:00+00:00,30.0,58.04365516463837,98734.29845707247,23.421872303285916,1251,1.0,3456a8c519da1212310083b87dcc7f9fd2b0a834502284cc5c4a9af01e2cd65e
2012-08-05 19:00:00+00:00,31.1,55.346207752563394,98644.55678360169,23.869778413315693,1251,1.0,3456a8c519da1212310083b87dcc7f9fd2b0a834502284cc5c4a9af01e2cd65e
2012-08-05 20:00:00+00:00,28.3,63.06047717904626,98604.60048544384,22.80057491477217,1251,1.0,3456a8c519da1212310083b87dcc7f9fd2b0a834502284cc5c4a9af01e2cd65e
2012-08-05 21:00:00+00:00,28.3,66.23759291094095,98594.92862664192,23.321968764736628,1251,1.0,3456a8c519da1212310083b87dcc7f9fd2b0a834502284cc5c4a9af01e2cd65e
2012-08-05 22:00:00+00:00,28.3,67.46468752123698,98556.2411914343,23.519771022579064,1251,1.0,3456a8c519da1212310083b87dcc7f9fd2b0a834502284cc5c4a9af01e2cd65e
2012-08-05 23:00:00+00:00,27.2,79.2862459233431,98621.56433965448,24.32736773056272,1251,1.0,3456a8c519da1212310083b87dcc7f9fd2b0a834502284cc5c4a9af01e2cd65e
2012-08-06 00:00:00+00:00,26.95,77.82488395999157,98609.14278957872,23.877855607299516,1251,1.0,3456a8c519da1212310083b87dcc7f9fd2b0a834502284cc5c4a9af01e2cd65e
2012-08-06 01:00:00+00:00,25.6,79.0650667975322,98613.5477432277,22.791815807888604,1251,1.0,3456a8c519da1212310083b87dcc7f9fd2b0a834502284cc5c4a9af01e2cd65e
2012-08-06 02:00:00+00:00,25.6,76.21186522133068,98584.54091479062,22.38491046743109,1251,1.0,3456a8c519da1212310083b87dcc7f9fd2b0a834502284cc5c4a9af01e2cd65e
2012-08-06 03:00:00+00:00,25.0,80.44778939452424,98577.86203603662,22.42117401863451,1251,1.0,3456a8c519da1212310083b87dcc7f9fd2b0a834502284cc5c4a9af01e2cd65e
2012-08-06 04:00:00+00:00,23.9,87.51578401739366,98575.21561613728,22.321991676245357,1251,1.0,3456a8c519da1212310083b87dcc7f9fd2b0a834502284cc5c4a9af01e2cd65e
2012-08-06 05:00:00+00:00,23.9,84.35762349195751,98575.21561613728,21.907424431100395,1251,1.0,3456a8c519da1212310083b87dcc7f9fd2b0a834502284cc5c4a9af01e2cd65e
2012-08-06 06:00:00+00:00,23.933333333333334,84.01663641728902,98611.0362012484,21.89401498578846,1251,1.0,3456a8c519da1212310083b87dcc7f9fd2b0a834502284cc5c4a9af01e2cd65e
2012-08-06 07:00:00+00:00,23.15,86.64665804984082,98624.7651996221,21.486954475245632,1251,1.0,3456a8c519da1212310083b87dcc7f9fd2b0a834502284cc5c4a9af01e2cd65e
2012-08-06 08:00:00+00:00,23.15,86.64665804984082,98624.7651996221,21.486954475245632,1251,1.0,3456a8c519da1212310083b87dcc7f9fd2b0a834502284cc5c4a9af01e2cd65e
2012-08-06 09:00:00+00:00,23.03333333333333,87.79861240803926,98607.33631837412,21.52205842683565,1251,1.0,3456a8c519da1212310083b87dcc7f9fd2b0a834502284cc5c4a9af01e2cd65e
2012-08-06 10:00:00+00:00,22.8,90.14908523932152,98591.80851095876,21.5930093590778,1251,1.0,3456a8c519da1212310083b87dcc7f9fd2b0a834502284cc5c4a9af01e2cd65e
2012-08-06 11:00:00+00:00,23.9,87.51578401739366,98613.88393647312,22.321991676245357,1251,1.0,3456a8c519da1212310083b87dcc7f9fd2b0a834502284cc5c4a9af01e2cd65e
2012-08-06 12:00:00+00:00,23.933333333333334,87.87585419939325,98652.92704075616,22.401567473381867,1251,1.0,3456a8c519da1212310083b87dcc7f9fd2b0a834502284cc5c4a9af01e2cd65e
2012-08-06 13:00:00+00:00,25.566666666666666,80.19524793915159,98690.52852937694,22.92109271213127,1251,1.0,3456a8c519da1212310083b87dcc7f9fd2b0a834502284cc5c4a9af01e2cd65e
2012-08-06 14:00:00+00:00,27.2,69.3460820493205,98621.56433965448,22.826380341487887,1251,1.0,3456a8c519da1212310083b87dcc7f9fd2b0a834502284cc5c4a9af01e2cd65e
2012-08-06 15:00:00+00:00,27.333333333333332,68.66543953597264,98655.26584440559,22.840948230531865,1251,1.0,3456a8c519da1212310083b87dcc7f9fd2b0a834502284cc5c4a9af01e2cd65e
2012-08-06 16:00:00+00:00,30.0,57.15705209678871,98555.3355881697,23.259476663681802,1251,1.0,3456a8c519da1212310083b87dcc7f9fd2b0a834502284cc5c4a9af01e2cd65e
2012-08-06 17:00:00+00:00,30.6,55.22431068979966,98465.05167254379,23.417924968771707,1251,1.0,3456a8c519da1212310083b87dcc7f9fd2b0a834502284cc5c4a9af01e2cd65e
2012-08-06 18:00:00+00:00,30.85,54.440840654871856,98424.19738648258,23.48385669116263,1251,1.0,3456a8c519da1212310083b87dcc7f9fd2b0a834502284cc5c4a9af01e2cd65e
2012-08-06 19:00:00+00:00,30.0,57.15705209678871,98303.82020484694,23.254886003766885,1251,1.0,3456a8c519da1212310083b87dcc7f9fd2b0a834502284cc5c4a9af01e2cd65e
2012-08-06 20:00:00+00:00,30.6,56.94918492640599,98252.21701575504,23.730965462837446,1251,1.0,3456a8c519da1212310083b87dcc7f9fd2b0a834502284cc5c4a9af01e2cd65e
2012-08-06 21:00:00+00:00,29.266666666666666,62.11793649301105,98270.11736940347,23.48686864697541,1251,1.0,3456a8c519da1212310083b87dcc7f9fd2b0a834502284cc5c4a9af01e2cd65e
2012-08-06 22:00:00+00:00,23.45,92.14160989627665,98313.98743773591,22.47690280445881,1251,1.0,3456a8c519da1212310083b87dcc7f9fd2b0a834502284cc5c4a9af01e2cd65e
2012-08-06 23:00:00+00:00,22.8,94.9626655812112,98408.15710294814,22.189624804877983,1251,1.0,3456a8c519da1212310083b87dcc7f9fd2b0a834502284cc5c4a9af01e2cd65e
2012-08-07 00:00:00+00:00,22.866666666666664,93.71782437847203,98350.91467344681,22.10201148113974,1251,1.0,3456a8c519da1212310083b87dcc7f9fd2b0a834502284cc5c4a9af01e2cd65e
2012-08-07 01:00:00+00:00,22.8,93.52406512402806,98330.8301943121,22.01253203391152,1251,1.0,3456a8c519da1212310083b87dcc7f9fd2b0a834502284cc5c4a9af01e2cd65e
2012-08-07 05:00:00+00:00,22.9,93.81476346133921,98351.29092446163,22.146775791599936,1251,1.0,3456a8c519da1212310083b87dcc7f9fd2b0a834502284cc5c4a9af01e2cd65e
2012-08-07 06:00:00+00:00,22.8,93.52406512402806,98239.00449030679,22.011995062915204,1251,1.0,3456a8c519da1212310083b87dcc7f9fd2b0a834502284cc5c4a9af01e2cd65e
2012-08-07 07:00:00+00:00,22.95,93.96024628980257,98257.61135244615,22.213702806657842,1251,1.0,3456a8c519da1212310083b87dcc7f9fd2b0a834502284cc5c4a9af01e2cd65e
2012-08-07 08:00:00+00:00,22.933333333333334,93.91174212660157,98245.34096561183,22.191052055598956,1251,1.0,3456a8c519da1212310083b87dcc7f9fd2b0a834502284cc5c4a9af01e2cd65e
2012-08-07 09:00:00+00:00,22.6,95.71205470210974,98235.78022326437,22.082985732218212,1251,1.0,3456a8c519da1212310083b87dcc7f9fd2b0a834502284cc5c4a9af01e2cd65e
2012-08-07 10:00:00+00:00,22.066666666666666,98.98869508045452,98283.86930770699,21.947235672778916,1251,1.0,3456a8c519da1212310083b87dcc7f9fd2b0a834502284cc5c4a9af01e2cd65e
2012-08-07 11:00:00+00:00,22.8,93.52406512402806,98224.50569493753,22.011995062915204,1251,1.0,3456a8c519da1212310083b87dcc7f9fd2b0a834502284cc5c4a9af01e2cd65e
2012-08-07 12:00:00+00:00,22.8,93.52406512402806,98258.33621746581,22.011995062915204,1251,1.0,3456a8c519da1212310083b87dcc7f9fd2b0a834502284cc5c4a9af01e2cd65e
2012-08-07 13:00:00+00:00,22.9,93.81476346133921,98336.79196265458,22.14626321983512,1251,1.0,3456a8c519da1212310083b87dcc7f9fd2b0a834502284cc5c4a9af01e2cd65e
2012-08-07 14:00:00+00:00,24.2,92.46363906922096,98375.5674391565,23.25205301599533,1251,1.0,3456a8c519da1212310083b87dcc7f9fd2b0a834502284cc5c4a9af01e2cd65e
2012-08-07 15:00:00+00:00,24.4,90.8100070382052,98300.46303372696,23.23406880596544,1251,1.0,3456a8c519da1212310083b87dcc7f9fd2b0a834502284cc5c4a9af01e2cd65e
2012-08-07 16:00:00+00:00,25.2,84.49722036425864,98354.49278076364,23.166738652368554,1251,1.0,3456a8c519da1212310083b87dcc7f9fd2b0a834502284cc5c4a9af01e2cd65e
2012-08-07 17:00:00+00:00,26.675,75.79866034673131,98311.17326472569,23.31988497204044,1251,1.0,3456a8c519da1212310083b87dcc7f9fd2b0a834502284cc5c4a9af01e2cd65e
2012-08-07 18:00:00+00:00,26.7,76.38199227646089,98180.9013765791,23.428381925315673,1251,1.0,3456a8c519da1212310083b87dcc7f9fd2b0a834502284cc5c4a9af01e2cd65e
2012-08-07 19:00:00+00:00,27.1,74.15381952700281,98209.4652332496,23.466620354708382,1251,1.0,3456a8c519da1212310083b87dcc7f9fd2b0a834502284cc5c4a9af01e2cd65e
2012-08-07 20:00:00+00:00,27.9,70.76193447459944,98150.50784982002,23.677244706473893,1251,1.0,3456a8c519da1212310083b87dcc7f9fd2b0a834502284cc5c4a9af01e2cd65e
2012-08-07 21:00:00+00:00,27.8,70.52825597072584,98081.71901361048,23.548774485002067,1251,1.0,3456a8c519da1212310083b87dcc7f9fd2b0a834502284cc5c4a9af01e2cd65e
2012-08-07 22:00:00+00:00,26.7,71.41383990953275,98113.21041729258,22.683649940100707,1251,1.0,3456a8c519da1212310083b87dcc7f9fd2b0a834502284cc5c4a9af01e2cd65e
2012-08-07 23:00:00+00:00,25.6,84.53980982614378,98091.42483136042,23.552951434860752,1251,1.0,3456a8c519da1212310083b87dcc7f9fd2b0a834502284cc5c4a9af01e2cd65e
2012-08-08 00:00:00+00:00,25.3,87.37317547733173,98141.28276530791,23.65176071463076,1251,1.0,3456a8c519da1212310083b87dcc7f9fd2b0a834502284cc5c4a9af01e2cd65e
2012-08-08 01:00:00+00:00,24.2,92.46363906922096,98254.72481012845,23.251418300907275,1251,1.0,3456a8c519da1212310083b87dcc7f9fd2b0a834502284cc5c4a9af01e2cd65e
2012-08-08 02:00:00+00:00,23.9,90.2262552214783,98207.8665729468,22.67125201241584,1251,1.0,3456a8c519da1212310083b87dcc7f9fd2b0a834502284cc5c4a9af01e2cd65e
2012-08-08 03:00:00+00:00,23.46,91.19209578867815,98253.20029034346,22.366601719413346,1251,1.0,3456a8c519da1212310083b87dcc7f9fd2b0a834502284cc5c4a9af01e2cd65e
2012-08-08 04:00:00+00:00,23.075,93.25216226737886,98249.3535648582,22.248341997317933,1251,1.0,3456a8c519da1212310083b87dcc7f9fd2b0a834502284cc5c4a9af01e2cd65e
2012-08-08 05:00:00+00:00,23.3,87.46294044034684,98181.80393136365,21.734468986625643,1251,1.0,3456a8c519da1212310083b87dcc7f9fd2b0a834502284cc5c4a9af01e2cd65e
2012-08-08 06:00:00+00:00,23.05,88.79459436835305,98130.66178458859,21.66263172053155,1251,1.0,3456a8c519da1212310083b87dcc7f9fd2b0a834502284cc5c4a9af01e2cd65e
2012-08-08 07:00:00+00:00,22.8,87.41865398233556,98040.85428692693,21.2463842764465,1251,1.0,3456a8c519da1212310083b87dcc7f9fd2b0a834502284cc5c4a9af01e2cd65e
2012-08-08 08:00:00+00:00,22.2,93.49564966969419,98082.41182250413,21.419037480061586,1251,1.0,3456a8c519da1212310083b87dcc7f9fd2b0a834502284cc5c4a9af01e2cd65e
2012-08-08 09:00:00+00:00,22.2,93.49564966969419,98067.91402808811,21.419037480061586,1251,1.0,3456a8c519da1212310083b87dcc7f9fd2b0a834502284cc5c4a9af01e2cd65e
2012-08-08 10:00:00+00:00,21.7,93.47182873884306,98047.75406220742,20.924993658044208,1251,1.0,3456a8c519da1212310083b87dcc7f9fd2b0a834502284cc5c4a9af01e2cd65e
2012-08-08 11:00:00+00:00,22.2,93.49564966969419,98140.40300016821,21.419037480061586,1251,1.0,3456a8c519da1212310083b87dcc7f9fd2b0a834502284cc5c4a9af01e2cd65e
2012-08-08 12:00:00+00:00,23.049999999999997,88.79459436835306,98154.82713668291,21.663583602713004,1251,1.0,3456a8c519da1212310083b87dcc7f9fd2b0a834502284cc5c4a9af01e2cd65e
2012-08-08 13:00:00+00:00,25.6,76.21186522133068,98197.78320229634,22.38106565206798,1251,1.0,3456a8c519da1212310083b87dcc7f9fd2b0a834502284cc5c4a9af01e2cd65e
2012-08-08 14:00:00+00:00,26.7,74.08741416205547,98229.25206178376,23.087579441957423,1251,1.0,3456a8c519da1212310083b87dcc7f9fd2b0a834502284cc5c4a9af01e2cd65e
2012-08-08 15:00:00+00:00,27.25,72.83498791113375,98225.61405977627,23.4044396718272,1251,1.0,3456a8c519da1212310083b87dcc7f9fd2b0a834502284cc5c4a9af01e2cd65e
2012-08-08 16:00:00+00:00,29.4,61.01440099454134,98200.62212862654,23.41335209440106,1251,1.0,3456a8c519da1212310083b87dcc7f9fd2b0a834502284cc5c4a9af01e2cd65e
2012-08-08 17:00:00+00:00,29.4,67.68166402638978,98152.2569680037,24.540019782795078,1251,1.0,3456a8c519da1212310083b87dcc7f9fd2b0a834502284cc5c4a9af01e2cd65e
2012-08-08 18:00:00+00:00,29.85,63.78266769147979,98183.7051337486,24.286178517557627,1251,1.0,3456a8c519da1212310083b87dcc7f9fd2b0a834502284cc5c4a9af01e2cd65e
2012-08-08 19:00:00+00:00,27.8,74.26945688504365,98086.55467495313,24.129013499958887,1251,1.0,3456a8c519da1212310083b87dcc7f9fd2b0a834502284cc5c4a9af01e2cd65e
2012-08-08 20:00:00+00:00,26.1,82.07222228655003,98048.59527611035,23.684902887026944,1251,1.0,3456a8c519da1212310083b87dcc7f9fd2b0a834502284cc5c4a9af01e2cd65e
2012-08-08 21:00:00+00:00,26.950000000000003,78.0611464577125,98053.0943723579,23.907831399850934,1251,1.0,3456a8c519da1212310083b87dcc7f9fd2b0a834502284cc5c4a9af01e2cd65e
2012-08-08 22:00:00+00:00,27.2,74.17038364277866,98041.32371792676,23.559853745375975,1251,1.0,3456a8c519da1212310083b87dcc7f9fd2b0a834502284cc5c4a9af01e2cd65e
2012-08-08 23:00:00+00:00,26.1,79.1345457123336,98019.5868159695,23.266862575156736,1251,1.0,3456a8c519da1212310083b87dcc7f9fd2b0a834502284cc5c4a9af01e2cd65e
2012-08-09 00:00:00+00:00,24.75,75.61037323501809,98140.010730824,21.505967318787185,1251,1.0,3456a8c519da1212310083b87dcc7f9fd2b0a834502284cc5c4a9af01e2cd65e
2012-08-09 01:00:00+00:00,22.8,81.15946153199087,98137.51292272199,20.43813362031063,1251,1.0,3456a8c519da1212310083b87dcc7f9fd2b0a834502284cc5c4a9af01e2cd65e
2012-08-09 02:00:00+00:00,22.8,84.23807515262574,98137.51292272199,20.839145257710403,1251,1.0,3456a8c519da1212310083b87dcc7f9fd2b0a834502284cc5c4a9af01e2cd65e
2012-08-09 03:00:00+00:00,22.5,85.78562746321194,98129.29597710886,20.75049176240755,1251,1.0,3456a8c519da1212310083b87dcc7f9fd2b0a834502284cc5c4a9af01e2cd65e
2012-08-09 04:00:00+00:00,22.2,87.3652077823185,98150.06819644554,20.66153689220644,1251,1.0,3456a8c519da1212310083b87dcc7f9fd2b0a834502284cc5c4a9af01e2cd65e
2012-08-09 05:00:00+00:00,21.1,90.02804777944709,98147.23811551665,19.924796732713922,1251,1.0,3456a8c519da1212310083b87dcc7f9fd2b0a834502284cc5c4a9af01e2cd65e
2012-08-09 06:00:00+00:00,20.85,91.42187206387088,98100.8988800025,19.847636665616992,1251,1.0,3456a8c519da1212310083b87dcc7f9fd2b0a834502284cc5c4a9af01e2cd65e
2012-08-09 07:00:00+00:00,20.6,92.83998075329613,98015.90378939033,19.77105666608167,1251,1.0,3456a8c519da1212310083b87dcc7f9fd2b0a834502284cc5c4a9af01e2cd65e
2012-08-09 08:00:00+00:00,20.6,92.83998075329613,98035.23059680223,19.77105666608167,1251,1.0,3456a8c519da1212310083b87dcc7f9fd2b0a834502284cc5c4a9af01e2cd65e
2012-08-09 09:00:00+00:00,20.6,92.83998075329613,98025.56719309627,19.77105666608167,1251,1.0,3456a8c519da1212310083b87dcc7f9fd2b0a834502284cc5c4a9af01e2cd65e
2012-08-09 10:00:00+00:00,20.6,92.83998075329613,98073.88421162599,19.77105666608167,1251,1.0,3456a8c519da1212310083b87dcc7f9fd2b0a834502284cc5c4a9af01e2cd65e
2012-08-09 11:00:00+00:00,21.1,93.44307258248529,98098.91828580243,20.33256817836721,1251,1.0,3456a8c519da1212310083b87dcc7f9fd2b0a834502284cc5c4a9af01e2cd65e
2012-08-09 12:00:00+00:00,22.75,86.07596229332124,98112.78484089894,21.027050597529986,1251,1.0,3456a8c519da1212310083b87dcc7f9fd2b0a834502284cc5c4a9af01e2cd65e
2012-08-09 13:00:00+00:00,25.0,78.98125580461064,98133.12079891836,22.21394391796376,1251,1.0,3456a8c519da1212310083b87dcc7f9fd2b0a834502284cc5c4a9af01e2cd65e
2012-08-09 14:00:00+00:00,26.7,74.08741416205547,98142.22082841537,23.086969081129844,1251,1.0,3456a8c519da1212310083b87dcc7f9fd2b0a834502284cc5c4a9af01e2cd65e
2012-08-09 15:00:00+00:00,26.96666666666667,74.13171089913956,98164.48675959616,23.339460125775503,1251,1.0,3456a8c519da1212310083b87dcc7f9fd2b0a834502284cc5c4a9af01e2cd65e
2012-08-09 16:00:00+00:00,28.9,69.66682889015027,98040.45835660619,24.411347706578724,1251,1.0,3456a8c519da1212310083b87dcc7f9fd2b0a834502284cc5c4a9af01e2cd65e
2012-08-09 17:00:00+00:00,28.9,65.15525042106933,97953.4058580654,23.67003104929593,1251,1.0,3456a8c519da1212310083b87dcc7f9fd2b0a834502284cc5c4a9af01e2cd65e
2012-08-09 18:00:00+00:00,29.15,65.20721714063954,97917.41221885853,23.901379201836292,1251,1.0,3456a8c519da1212310083b87dcc7f9fd2b0a834502284cc5c4a9af01e2cd65e
2012-08-09 19:00:00+00:00,28.9,69.66682889015027,97779.30086098381,24.408368430187167,1251,1.0,3456a8c519da1212310083b87dcc7f9fd2b0a834502284cc5c4a9af01e2cd65e
2012-08-09 20:00:00+00:00,23.525,77.31786676231806,97870.16359036532,20.602405374806438,1251,1.0,3456a8c519da1212310083b87dcc7f9fd2b0a834502284cc5c4a9af01e2cd65e
2012-08-09 21:00:00+00:00,20.866666666666667,87.7009992689898,97828.08948852899,19.416153593426046,1251,1.0,3456a8c519da1212310083b87dcc7f9fd2b0a834502284cc5c4a9af01e2cd65e
2012-08-09 22:00:00+00:00,21.066666666666666,87.62729982599677,97935.32537955043,19.600534045733404,1251,1.0,3456a8c519da1212310083b87dcc7f9fd2b0a834502284cc5c4a9af01e2cd65e
2012-08-09 23:00:00+00:00,20.933333333333334,93.43505144737719,97987.4951572915,20.16806472614675,1251,1.0,3456a8c519da1212310083b87dcc7f9fd2b0a834502284cc5c4a9af01e2cd65e
2012-08-10 00:00:00+00:00,20.919999999999998,92.62654227168987,97930.6491307479,20.05915763309819,1251,1.0,3456a8c519da1212310083b87dcc7f9fd2b0a834502284cc5c4a9af01e2cd65e
2012-08-10 01:00:00+00:00,20.866666666666667,91.70755921741777,97845.00097017815,19.897496313567466,1251,1.0,3456a8c519da1212310083b87dcc7f9fd2b0a834502284cc5c4a9af01e2cd65e
2012-08-10 02:00:00+00:00,20.6,92.83998075329613,97735.66508191796,19.770471047336407,1251,1.0,3456a8c519da1212310083b87dcc7f9fd2b0a834502284cc5c4a9af01e2cd65e
2012-08-10 03:00:00+00:00,20.3,94.57442594296042,97708.08639784098,19.67852383906763,1251,1.0,3456a8c519da1212310083b87dcc7f9fd2b0a834502284cc5c4a9af01e2cd65e
2012-08-10 04:00:00+00:00,20.0,94.56236528761599,97774.71411029254,19.381181308936895,1251,1.0,3456a8c519da1212310083b87dcc7f9fd2b0a834502284cc5c4a9af01e2cd65e
2012-08-10 05:00:00+00:00,20.119999999999997,95.63254523476878,97770.77216847682,19.62282467725828,1251,1.0,3456a8c519da1212310083b87dcc7f9fd2b0a834502284cc5c4a9af01e2cd65e
2012-08-10 06:00:00+00:00,20.6,96.36167032455968,97634.19934300554,20.181560638607557,1251,1.0,3456a8c519da1212310083b87dcc7f9fd2b0a834502284cc5c4a9af01e2cd65e
2012-08-10 07:00:00+00:00,20.6,96.36167032455968,97590.7140263288,20.181560638607557,1251,1.0,3456a8c519da1212310083b87dcc7f9fd2b0a834502284cc5c4a9af01e2cd65e
2012-08-10 08:00:00+00:00,20.6,96.36167032455968,97629.36764115257,20.181560638607557,1251,1.0,3456a8c519da1212310083b87dcc7f9fd2b0a834502284cc5c4a9af01e2cd65e
2012-08-10 09:00:00+00:00,20.6,96.36167032455968,97634.19934300553,20.181560638607557,1251,1.0,3456a8c519da1212310083b87dcc7f9fd2b0a834502284cc5c4a9af01e2cd65e
2012-08-10 10:00:00+00:00,20.6,96.36167032455968,97687.34806338824,20.181560638607557,1251,1.0,3456a8c519da1212310083b87dcc7f9fd2b0a834502284cc5c4a9af01e2cd65e
2012-08-10 11:00:00+00:00,21.05,93.73041832045489,97745.61570933688,20.316941349025242,1251,1.0,3456a8c519da1212310083b87dcc7f9fd2b0a834502284cc5c4a9af01e2cd65e
2012-08-10 12:00:00+00:00,21.825,90.77874677543538,97768.89281607016,20.719190294686435,1251,1.0,3456a8c519da1212310083b87dcc7f9fd2b0a834502284cc5c4a9af01e2cd65e
2012-08-10 13:00:00+00:00,23.9,81.80260375619397,97695.51132849694,21.56054350806604,1251,1.0,3456a8c519da1212310083b87dcc7f9fd2b0a834502284cc5c4a9af01e2cd65e
2012-08-10 14:00:00+00:00,23.95,82.56784690736984,97758.90439857535,21.71146400014769,1251,1.0,3456a8c519da1212310083b87dcc7f9fd2b0a834502284cc5c4a9af01e2cd65e
2012-08-10 15:00:00+00:00,24.099999999999998,81.49227221247457,97758.96322507078,21.708298193181363,1251,1.0,3456a8c519da1212310083b87dcc7f9fd2b0a834502284cc5c4a9af01e2cd65e
2012-08-10 16:00:00+00:00,26.7,71.41383990953275,97726.40493565532,22.67886490896815,1251,1.0,3456a8c519da1212310083b87dcc7f9fd2b0a834502284cc5c4a9af01e2cd65e
2012-08-10 17:00:00+00:00,26.7,69.25086088259384,97697.39452453252,22.347532918487843,1251,1.0,3456a8c519da1212310083b87dcc7f9fd2b0a834502284cc5c4a9af01e2cd65e
2012-08-10 18:00:00+00:00,27.5,64.86231037863031,97677.10175559607,22.37214201870752,1251,1.0,3456a8c519da1212310083b87dcc7f9fd2b0a834502284cc5c4a9af01e2cd65e
2012-08-10 19:00:00+00:00,27.8,64.9253595288962,97632.00250874108,22.649075904457213,1251,1.0,3456a8c519da1212310083b87dcc7f9fd2b0a834502284cc5c4a9af01e2cd65e
2012-08-10 20:00:00+00:00,28.3,65.03010597251763,97579.38345244167,23.110036941848797,1251,1.0,3456a8c519da1212310083b87dcc7f9fd2b0a834502284cc5c4a9af01e2cd65e
2012-08-10 21:00:00+00:00,28.6,62.93181882190721,97572.94814007342,23.02680316189072,1251,1.0,3456a8c519da1212310083b87dcc7f9fd2b0a834502284cc5c4a9af01e2cd65e
2012-08-10 22:00:00+00:00,27.2,69.3460820493205,97567.46054351579,22.81297689314308,1251,1.0,3456a8c519da1212310083b87dcc7f9fd2b0a834502284cc5c4a9af01e2cd65e
2012-08-10 23:00:00+00:00,26.7,71.41383990953275,97658.71397636879,22.678181333092077,1251,1.0,3456a8c519da1212310083b87dcc7f9fd2b0a834502284cc5c4a9af01e2cd65e
2012-08-11 00:00:00+00:00,23.759999999999998,79.19810593143207,97744.21962566876,21.077213955416088,1251,1.0,3456a8c519da1212310083b87dcc7f9fd2b0a834502284cc5c4a9af01e2cd65e
2012-08-11 01:00:00+00:00,21.05,93.73041832045489,97692.46420541663,20.316941349025242,1251,1.0,3456a8c519da1212310083b87dcc7f9fd2b0a834502284cc5c4a9af01e2cd65e
2012-08-11 02:00:00+00:00,22.8,93.52406512402806,97702.54906164423,22.01092112092259,1251,1.0,3456a8c519da1212310083b87dcc7f9fd2b0a834502284cc5c4a9af01e2cd65e
2012-08-11 03:00:00+00:00,23.025,93.10751099403254,97750.98558178911,22.180378250573185,1251,1.0,3456a8c519da1212310083b87dcc7f9fd2b0a834502284cc5c4a9af01e2cd65e
2012-08-11 04:00:00+00:00,19.316666666666666,90.46707403812391,97840.14643346608,18.241265760029158,1251,1.0,3456a8c519da1212310083b87dcc7f9fd2b0a834502284cc5c4a9af01e2cd65e
2012-08-11 05:00:00+00:00,19.1,96.16995129686686,97747.47607042486,18.675182867326942,1251,1.0,3456a8c519da1212310083b87dcc7f9fd2b0a834502284cc5c4a9af01e2cd65e
2012-08-11 06:00:00+00:00,20.1,93.83259879355751,97742.0381087431,19.3954809892087,1251,1.0,3456a8c519da1212310083b87dcc7f9fd2b0a834502284cc5c4a9af01e2cd65e
2012-08-11 07:00:00+00:00,20.6,92.83998075329613,97619.70423744663,19.769885428591145,1251,1.0,3456a8c519da1212310083b87dcc7f9fd2b0a834502284cc5c4a9af01e2cd65e
2012-08-11 08:00:00+00:00,20.3,93.40443815225612,97717.74946330088,19.542305584065556,1251,1.0,3456a8c519da1212310083b87dcc7f9fd2b0a834502284cc5c4a9af01e2cd65e
2012-08-11 09:00:00+00:00,20.925,94.45313508090675,97741.77938780579,20.27898969888106,1251,1.0,3456a8c519da1212310083b87dcc7f9fd2b0a834502284cc5c4a9af01e2cd65e
2012-08-11 10:00:00+00:00,21.05,98.47481976787375,97731.11984463136,20.873806496028962,1251,1.0,3456a8c519da1212310083b87dcc7f9fd2b0a834502284cc5c4a9af01e2cd65e
2012-08-11 11:00:00+00:00,21.1,96.97120469970669,97693.03171620301,20.748104242824333,1251,1.0,3456a8c519da1212310083b87dcc7f9fd2b0a834502284cc5c4a9af01e2cd65e
2012-08-11 12:00:00+00:00,21.975,94.64103999488444,97782.66835678123,21.335821604372676,1251,1.0,3456a8c519da1212310083b87dcc7f9fd2b0a834502284cc5c4a9af01e2cd65e
2012-08-11 13:00:00+00:00,24.0,87.79218098876154,97865.80035641498,22.45100675970454,1251,1.0,3456a8c519da1212310083b87dcc7f9fd2b0a834502284cc5c4a9af01e2cd65e
2012-08-11 14:00:00+00:00,24.5,84.29337206133091,97948.70685849673,22.468096031392975,1251,1.0,3456a8c519da1212310083b87dcc7f9fd2b0a834502284cc5c4a9af01e2cd65e
2012-08-11 15:00:00+00:00,25.15,78.15837330083649,97934.16507656385,22.23691353046565,1251,1.0,3456a8c519da1212310083b87dcc7f9fd2b0a834502284cc5c4a9af01e2cd65e
2012-08-11 16:00:00+00:00,27.2,64.79910978245637,97847.91017735084,22.09871930068868,1251,1.0,3456a8c519da1212310083b87dcc7f9fd2b0a834502284cc5c4a9af01e2cd65e
2012-08-11 17:00:00+00:00,28.3,60.76612912436675,97859.86735769697,22.40395327295429,1251,1.0,3456a8c519da1212310083b87dcc7f9fd2b0a834502284cc5c4a9af01e2cd65e
2012-08-11 18:00:00+00:00,28.05,62.811808750409824,97828.14258480087,22.526429976848533,1251,1.0,3456a8c519da1212310083b87dcc7f9fd2b0a834502284cc5c4a9af01e2cd65e
2012-08-11 19:00:00+00:00,27.2,64.79910978245637,97760.87408409169,22.096961602110134,1251,1.0,3456a8c519da1212310083b87dcc7f9fd2b0a834502284cc5c4a9af01e2cd65e
2012-08-11 20:00:00+00:00,26.7,69.25086088259384,97716.73479861439,22.347532918487843,1251,1.0,3456a8c519da1212310083b87dcc7f9fd2b0a834502284cc5c4a9af01e2cd65e
2012-08-11 21:00:00+00:00,26.95,66.98851777222335,97729.1357292814,22.221343309993834,1251,1.0,3456a8c519da1212310083b87dcc7f9fd2b0a834502284cc5c4a9af01e2cd65e
2012-08-11 22:00:00+00:00,26.1,71.74643201629246,97768.18016141535,22.181852039600347,1251,1.0,3456a8c519da1212310083b87dcc7f9fd2b0a834502284cc5c4a9af01e2cd65e
2012-08-11 23:00:00+00:00,25.0,76.58907524068796,97794.73072719795,21.873776818164778,1251,1.0,3456a8c519da1212310083b87dcc7f9fd2b0a834502284cc5c4a9af01e2cd65e
2012-08-12 00:00:00+00:00,24.45,79.14756775010308,97803.13551301937,21.717712393115498,1251,1.0,3456a8c519da1212310083b87dcc7f9fd2b0a834502284cc5c4a9af01e2cd65e
2012-08-12 01:00:00+00:00,22.8,90.14908523932152,97895.86633323434,21.59051986308415,1251,1.0,3456a8c519da1212310083b87dcc7f9fd2b0a834502284cc5c4a9af01e2cd65e
2012-08-12 02:00:00+00:00,22.2,81.59024806788206,97918.10348578925,19.92547431689272,1251,1.0,3456a8c519da1212310083b87dcc7f9fd2b0a834502284cc5c4a9af01e2cd65e
2012-08-12 03:00:00+00:00,21.4,84.08399862234617,97928.37606114749,19.482529551297183,1251,1.0,3456a8c519da1212310083b87dcc7f9fd2b0a834502284cc5c4a9af01e2cd65e
2012-08-12 04:00:00+00:00,20.6,92.83998075329613,97977.25017456655,19.77105666608167,1251,1.0,3456a8c519da1212310083b87dcc7f9fd2b0a834502284cc5c4a9af01e2cd65e
2012-08-12 05:00:00+00:00,21.1,84.0506984696025,97944.29483071694,19.19284638465021,1251,1.0,3456a8c519da1212310083b87dcc7f9fd2b0a834502284cc5c4a9af01e2cd65e
2012-08-12 06:00:00+00:00,20.55,86.94348490941232,97928.36233644572,19.019714175791215,1251,1.0,3456a8c519da1212310083b87dcc7f9fd2b0a834502284cc5c4a9af01e2cd65e
2012-08-12 07:00:00+00:00,20.6,78.35177748724496,97928.93315603683,18.00957248416806,1251,1.0,3456a8c519da1212310083b87dcc7f9fd2b0a834502284cc5c4a9af01e2cd65e
2012-08-12 08:00:00+00:00,20.0,81.3101072483957,97941.39614299446,17.812203822820244,1251,1.0,3456a8c519da1212310083b87dcc7f9fd2b0a834502284cc5c4a9af01e2cd65e
2012-08-12 09:00:00+00:00,19.45,84.13245239513668,97954.40421068431,17.63025015526798,1251,1.0,3456a8c519da1212310083b87dcc7f9fd2b0a834502284cc5c4a9af01e2cd65e
2012-08-12 10:00:00+00:00,18.3,90.39622979515538,98028.06655121029,17.245795571364727,1251,1.0,3456a8c519da1212310083b87dcc7f9fd2b0a834502284cc5c4a9af01e2cd65e
2012-08-12 11:00:00+00:00,19.4,81.23264238410255,98060.11125824519,17.23810816460539,1251,1.0,3456a8c519da1212310083b87dcc7f9fd2b0a834502284cc5c4a9af01e2cd65e
2012-08-12 12:00:00+00:00,20.549999999999997,77.1090466412389,98092.63924188477,17.807998244248644,1251,1.0,3456a8c519da1212310083b87dcc7f9fd2b0a834502284cc5c4a9af01e2cd65e
2012-08-12 13:00:00+00:00,23.9,61.69255395421561,98159.53117252701,18.715876613671952,1251,1.0,3456a8c519da1212310083b87dcc7f9fd2b0a834502284cc5c4a9af01e2cd65e
2012-08-12 14:00:00+00:00,25.0,60.00890181212245,98181.46223773557,19.416398353132205,1251,1.0,3456a8c519da1212310083b87dcc7f9fd2b0a834502284cc5c4a9af01e2cd65e
2012-08-12 15:00:00+00:00,25.85,59.075832613459134,98181.20897340556,20.004779164810586,1251,1.0,3456a8c519da1212310083b87dcc7f9fd2b0a834502284cc5c4a9af01e2cd65e
2012-08-12 16:00:00+00:00,27.8,58.42765040944001,98163.92525643605,21.58107386371359,1251,1.0,3456a8c519da1212310083b87dcc7f9fd2b0a834502284cc5c4a9af01e2cd65e
2012-08-12 17:00:00+00:00,26.7,56.00605423335679,98132.55069137445,20.231129371811946,1251,1.0,3456a8c519da1212310083b87dcc7f9fd2b0a834502284cc5c4a9af01e2cd65e
2012-08-12 18:00:00+00:00,27.25,53.37368814268253,98119.23601954218,20.249426643533695,1251,1.0,3456a8c519da1212310083b87dcc7f9fd2b0a834502284cc5c4a9af01e2cd65e
2012-08-12 19:00:00+00:00,28.3,50.99963321551619,98062.97639253702,20.706268684442485,1251,1.0,3456a8c519da1212310083b87dcc7f9fd2b0a834502284cc5c4a9af01e2cd65e
2012-08-12 20:00:00+00:00,28.9,45.92992963650261,98069.47585611978,20.260656076631598,1251,1.0,3456a8c519da1212310083b87dcc7f9fd2b0a834502284cc5c4a9af01e2cd65e
2012-08-12 21:00:00+00:00,28.6,49.33115625397503,98066.2293013684,20.651289673816272,1251,1.0,3456a8c519da1212310083b87dcc7f9fd2b0a834502284cc5c4a9af01e2cd65e
2012-08-12 22:00:00+00:00,27.8,56.27466250102483,98067.21202958241,21.21251448034493,1251,1.0,3456a8c519da1212310083b87dcc7f9fd2b0a834502284cc5c4a9af01e2cd65e
2012-08-12 23:00:00+00:00,25.6,59.768888806683016,98091.42483136042,19.89748860891728,1251,1.0,3456a8c519da1212310083b87dcc7f9fd2b0a834502284cc5c4a9af01e2cd65e
2012-08-13 00:00:00+00:00,25.0,63.12593758038202,98113.78422339149,19.895542250837934,1251,1.0,3456a8c519da1212310083b87dcc7f9fd2b0a834502284cc5c4a9af01e2cd65e
2012-08-13 01:00:00+00:00,22.2,78.58374658607057,98179.06378527758,19.537713012223687,1251,1.0,3456a8c519da1212310083b87dcc7f9fd2b0a834502284cc5c4a9af01e2cd65e
2012-08-13 02:00:00+00:00,21.7,81.01758163219546,98183.05899634944,19.38159439766674,1251,1.0,3456a8c519da1212310083b87dcc7f9fd2b0a834502284cc5c4a9af01e2cd65e
2012-08-13 03:00:00+00:00,21.7,82.55462043484411,98173.39435819644,19.57704595161841,1251,1.0,3456a8c519da1212310083b87dcc7f9fd2b0a834502284cc5c4a9af01e2cd65e
2012-08-13 04:00:00+00:00,21.7,81.01758163219546,98154.06508189044,19.381594397666646,1251,1.0,3456a8c519da1212310083b87dcc7f9fd2b0a834502284cc5c4a9af01e2cd65e
2012-08-13 05:00:00+00:00,20.0,89.9485602802799,98086.33704099612,18.846519184116673,1251,1.0,3456a8c519da1212310083b87dcc7f9fd2b0a834502284cc5c4a9af01e2cd65e
2012-08-13 06:00:00+00:00,19.7,90.20976216972359,98063.56489679521,18.585311564226835,1251,1.0,3456a8c519da1212310083b87dcc7f9fd2b0a834502284cc5c4a9af01e2cd65e
2012-08-13 07:00:00+00:00,18.9,93.33601160086292,98054.3396981505,18.161213654124655,1251,1.0,3456a8c519da1212310083b87dcc7f9fd2b0a834502284cc5c4a9af01e2cd65e
2012-08-13 08:00:00+00:00,18.9,93.33601160086292,98064.00117609889,18.161213654124655,1251,1.0,3456a8c519da1212310083b87dcc7f9fd2b0a834502284cc5c4a9af01e2cd65e
2012-08-13 09:00:00+00:00,18.9,91.58765867424154,98088.15487096985,17.964522836203333,1251,1.0,3456a8c519da1212310083b87dcc7f9fd2b0a834502284cc5c4a9af01e2cd65e
2012-08-13 10:00:00+00:00,18.3,90.39622979515538,98153.65686018494,17.245795571364727,1251,1.0,3456a8c519da1212310083b87dcc7f9fd2b0a834502284cc5c4a9af01e2cd65e
2012-08-13 11:00:00+00:00,19.4,87.11135280644696,98243.69014423461,17.934506065735427,1251,1.0,3456a8c519da1212310083b87dcc7f9fd2b0a834502284cc5c4a9af01e2cd65e
2012-08-13 12:00:00+00:00,20.549999999999997,82.67601279059893,98266.57949470263,18.50249271853874,1251,1.0,3456a8c519da1212310083b87dcc7f9fd2b0a834502284cc5c4a9af01e2cd65e
2012-08-13 13:00:00+00:00,24.4,71.44007196820532,98319.79829396177,20.592133436353805,1251,1.0,3456a8c519da1212310083b87dcc7f9fd2b0a834502284cc5c4a9af01e2cd65e
2012-08-13 14:00:00+00:00,26.1,64.56607215408451,98319.34090409172,21.092616157199124,1251,1.0,3456a8c519da1212310083b87dcc7f9fd2b0a834502284cc5c4a9af01e2cd65e
2012-08-13 15:00:00+00:00,26.65,60.38985865496341,98296.39313331424,20.911769002648647,1251,1.0,3456a8c519da1212310083b87dcc7f9fd2b0a834502284cc5c4a9af01e2cd65e
2012-08-13 16:00:00+00:00,28.3,47.557922512366495,98275.75728617898,20.085315394254735,1251,1.0,3456a8c519da1212310083b87dcc7f9fd2b0a834502284cc5c4a9af01e2cd65e
2012-08-13 17:00:00+00:00,29.4,41.58511230854061,98239.31425712482,19.819875699390643,1251,1.0,3456a8c519da1212310083b87dcc7f9fd2b0a834502284cc5c4a9af01e2cd65e
2012-08-13 18:00:00+00:00,29.4,39.365058240722526,98210.2951607511,19.375843395484523,1251,1.0,3456a8c519da1212310083b87dcc7f9fd2b0a834502284cc5c4a9af01e2cd65e
2012-08-13 19:00:00+00:00,28.9,42.80484153650789,98117.83835530911,19.66300661113346,1251,1.0,3456a8c519da1212310083b87dcc7f9fd2b0a834502284cc5c4a9af01e2cd65e
2012-08-13 20:00:00+00:00,28.9,44.48541504781091,98127.51085514697,19.987563218797035,1251,1.0,3456a8c519da1212310083b87dcc7f9fd2b0a834502284cc5c4a9af01e2cd65e
2012-08-13 21:00:00+00:00,29.15,41.51623827319694,98125.37669210811,19.607957243765778,1251,1.0,3456a8c519da1212310083b87dcc7f9fd2b0a834502284cc5c4a9af01e2cd65e
2012-08-13 22:00:00+00:00,26.7,48.67297727445933,98122.8805543335,18.97892517238058,1251,1.0,3456a8c519da1212310083b87dcc7f9fd2b0a834502284cc5c4a9af01e2cd65e
2012-08-13 23:00:00+00:00,24.4,62.199469107208614,98126.44569161376,19.22845392150299,1251,1.0,3456a8c519da1212310083b87dcc7f9fd2b0a834502284cc5c4a9af01e2cd65e
2012-08-14 00:00:00+00:00,24.15,59.81080350677096,98084.98715819411,18.647979276550643,1251,1.0,3456a8c519da1212310083b87dcc7f9fd2b0a834502284cc5c4a9af01e2cd65e
2012-08-14 01:00:00+00:00,22.8,65.92797514714542,97944.19565113187,18.35872109071292,1251,1.0,3456a8c519da1212310083b87dcc7f9fd2b0a834502284cc5c4a9af01e2cd65e
2012-08-14 02:00:00+00:00,23.3,63.96353937857045,98007.8084139112,18.52098479682153,1251,1.0,3456a8c519da1212310083b87dcc7f9fd2b0a834502284cc5c4a9af01e2cd65e
2012-08-14 03:00:00+00:00,22.75,67.40426609225351,98025.79256824557,18.523630120986414,1251,1.0,3456a8c519da1212310083b87dcc7f9fd2b0a834502284cc5c4a9af01e2cd65e
2012-08-14 04:00:00+00:00,22.2,73.32363632339626,98063.08142994944,18.839178453403537,1251,1.0,3456a8c519da1212310083b87dcc7f9fd2b0a834502284cc5c4a9af01e2cd65e
2012-08-14 05:00:00+00:00,22.2,78.58374658607057,98034.0858411174,19.535809679256555,1251,1.0,3456a8c519da1212310083b87dcc7f9fd2b0a834502284cc5c4a9af01e2cd65e
2012-08-14 06:00:00+00:00,21.95,79.7902368724143,97997.4304595184,19.458412052495532,1251,1.0,3456a8c519da1212310083b87dcc7f9fd2b0a834502284cc5c4a9af01e2cd65e
2012-08-14 07:00:00+00:00,20.6,86.67593511897117,97938.59655974279,19.03570298420716,1251,1.0,3456a8c519da1212310083b87dcc7f9fd2b0a834502284cc5c4a9af01e2cd65e
2012-08-14 08:00:00+00:00,20.6,86.67593511897117,97948.25996344873,19.03570298420716,1251,1.0,3456a8c519da1212310083b87dcc7f9fd2b0a834502284cc5c4a9af01e2cd65e
2012-08-14 09:00:00+00:00,20.6,83.73092636911502,97943.42826159575,18.67698866631713,1251,1.0,3456a8c519da1212310083b87dcc7f9fd2b0a834502284cc5c4a9af01e2cd65e
2012-08-14 10:00:00+00:00,20.0,87.16637358839264,97980.04704912823,18.517230724225602,1251,1.0,3456a8c519da1212310083b87dcc7f9fd2b0a834502284cc5c4a9af01e2cd65e
2012-08-14 11:00:00+00:00,20.6,86.67593511897117,97996.57698197845,19.03570298420716,1251,1.0,3456a8c519da1212310083b87dcc7f9fd2b0a834502284cc5c4a9af01e2cd65e
2012-08-14 12:00:00+00:00,22.25,75.68297279537109,98010.48778059195,19.199903281158242,1251,1.0,3456a8c519da1212310083b87dcc7f9fd2b0a834502284cc5c4a9af01e2cd65e
2012-08-14 13:00:00+00:00,24.4,62.199469107208614,98049.10465067455,19.227514409089785,1251,1.0,3456a8c519da1212310083b87dcc7f9fd2b0a834502284cc5c4a9af01e2cd65e
2012-08-14 14:00:00+00:00,25.6,51.943130192426814,98052.74906011099,18.627966107512954,1251,1.0,3456a8c519da1212310083b87dcc7f9fd2b0a834502284cc5c4a9af01e2cd65e
2012-08-14 15:00:00+00:00,26.4,54.183993266159504,98071.23530665002,19.67165810602171,1251,1.0,3456a8c519da1212310083b87dcc7f9fd2b0a834502284cc5c4a9af01e2cd65e
2012-08-14 16:00:00+00:00,28.3,56.749404885928165,98004.94523972558,21.71999188932553,1251,1.0,3456a8c519da1212310083b87dcc7f9fd2b0a834502284cc5c4a9af01e2cd65e
2012-08-14 17:00:00+00:00,27.8,58.42765040944001,97931.81351198733,21.5767285727323,1251,1.0,3456a8c519da1212310083b87dcc7f9fd2b0a834502284cc5c4a9af01e2cd65e
2012-08-14 18:00:00+00:00,28.05,58.48654582855318,97910.35110798138,21.801531913053633,1251,1.0,3456a8c519da1212310083b87dcc7f9fd2b0a834502284cc5c4a9af01e2cd65e
2012-08-14 20:00:00+00:00,30.0,51.436792688979914,97810.46310679073,22.193143415420426,1251,1.0,3456a8c519da1212310083b87dcc7f9fd2b0a834502284cc5c4a9af01e2cd65e
2012-08-14 21:00:00+00:00,29.45,53.09165143637332,97804.56504464903,22.039920282226774,1251,1.0,3456a8c519da1212310083b87dcc7f9fd2b0a834502284cc5c4a9af01e2cd65e
2012-08-14 22:00:00+00:00,27.8,62.563160906270056,97806.08631707761,22.26480884107528,1251,1.0,3456a8c519da1212310083b87dcc7f9fd2b0a834502284cc5c4a9af01e2cd65e
2012-08-14 23:00:00+00:00,27.2,64.79910978245637,97828.56882329326,22.09784045139945,1251,1.0,3456a8c519da1212310083b87dcc7f9fd2b0a834502284cc5c4a9af01e2cd65e
2012-08-15 00:00:00+00:00,26.65,68.18128036845685,97841.89923491131,22.13863699608241,1251,1.0,3456a8c519da1212310083b87dcc7f9fd2b0a834502284cc5c4a9af01e2cd65e
2012-08-15 01:00:00+00:00,25.6,76.21186522133068,97898.04597511329,22.378319355380093,1251,1.0,3456a8c519da1212310083b87dcc7f9fd2b0a834502284cc5c4a9af01e2cd65e
2012-08-15 02:00:00+00:00,24.4,81.86439065070549,97904.09019891355,22.044276995671908,1251,1.0,3456a8c519da1212310083b87dcc7f9fd2b0a834502284cc5c4a9af01e2cd65e
2012-08-15 03:00:00+00:00,23.85,84.61160859005487,97897.96197734402,21.888985426758456,1251,1.0,3456a8c519da1212310083b87dcc7f9fd2b0a834502284cc5c4a9af01e2cd65e
2012-08-15 04:00:00+00:00,23.3,87.46294044034684,97843.479314095,21.73285808179281,1251,1.0,3456a8c519da1212310083b87dcc7f9fd2b0a834502284cc5c4a9af01e2cd65e
2012-08-15 05:00:00+00:00,22.8,90.14908523932152,97808.87356101879,21.59051986308418,1251,1.0,3456a8c519da1212310083b87dcc7f9fd2b0a834502284cc5c4a9af01e2cd65e
2012-08-15 06:00:00+00:00,22.5,91.80522974293908,97795.83518309653,21.50466099833613,1251,1.0,3456a8c519da1212310083b87dcc7f9fd2b0a834502284cc5c4a9af01e2cd65e
2012-08-15 07:00:00+00:00,21.7,93.47182873884306,97806.13810838237,20.924456764146043,1251,1.0,3456a8c519da1212310083b87dcc7f9fd2b0a834502284cc5c4a9af01e2cd65e
2012-08-15 08:00:00+00:00,22.1,93.77849764851555,97825.15581462494,21.35454310967518,1251,1.0,3456a8c519da1212310083b87dcc7f9fd2b0a834502284cc5c4a9af01e2cd65e
2012-08-15 09:00:00+00:00,22.4,93.84962519440705,97856.56819772009,21.65805967557871,1251,1.0,3456a8c519da1212310083b87dcc7f9fd2b0a834502284cc5c4a9af01e2cd65e
2012-08-15 10:00:00+00:00,22.8,90.14908523932152,97857.20287891632,21.59051986308415,1251,1.0,3456a8c519da1212310083b87dcc7f9fd2b0a834502284cc5c4a9af01e2cd65e
2012-08-15 11:00:00+00:00,22.8,90.14908523932152,97944.19565113187,21.59051986308415,1251,1.0,3456a8c519da1212310083b87dcc7f9fd2b0a834502284cc5c4a9af01e2cd65e
2012-08-15 12:00:00+00:00,23.35,87.19931257944853,97935.8706006118,21.747784950036603,1251,1.0,3456a8c519da1212310083b87dcc7f9fd2b0a834502284cc5c4a9af01e2cd65e
2012-08-15 13:00:00+00:00,25.6,79.0650667975322,98004.40434604921,22.78705536681025,1251,1.0,3456a8c519da1212310083b87dcc7f9fd2b0a834502284cc5c4a9af01e2cd65e
2012-08-15 14:00:00+00:00,25.0,78.98125580461064,98007.43305799364,22.21299190836799,1251,1.0,3456a8c519da1212310083b87dcc7f9fd2b0a834502284cc5c4a9af01e2cd65e
2012-08-15 15:00:00+00:00,25.55,76.43842545795067,98032.85871467757,22.365756445192403,1251,1.0,3456a8c519da1212310083b87dcc7f9fd2b0a834502284cc5c4a9af01e2cd65e
2012-08-15 16:00:00+00:00,27.8,64.9253595288962,98038.19806152633,22.654349438212527,1251,1.0,3456a8c519da1212310083b87dcc7f9fd2b0a834502284cc5c4a9af01e2cd65e
2012-08-15 17:00:00+00:00,27.8,62.563160906270056,98009.18409347023,22.26766522251104,1251,1.0,3456a8c519da1212310083b87dcc7f9fd2b0a834502284cc5c4a9af01e2cd65e
2012-08-15 18:00:00+00:00,29.200000000000003,55.74127774287817,97975.98788121255,22.310629398499017,1251,1.0,3456a8c519da1212310083b87dcc7f9fd2b0a834502284cc5c4a9af01e2cd65e
2012-08-15 19:00:00+00:00,28.9,58.685995676935974,97885.69835920034,22.569855723603396,1251,1.0,3456a8c519da1212310083b87dcc7f9fd2b0a834502284cc5c4a9af01e2cd65e
2012-08-15 20:00:00+00:00,28.9,58.685995676935974,97856.68085968673,22.569312480155517,1251,1.0,3456a8c519da1212310083b87dcc7f9fd2b0a834502284cc5c4a9af01e2cd65e
2012-08-15 21:00:00+00:00,28.025,59.30579733768887,97951.183864877,21.920134233310264,1251,1.0,3456a8c519da1212310083b87dcc7f9fd2b0a834502284cc5c4a9af01e2cd65e
2012-08-15 22:00:00+00:00,25.0,71.10528271258221,97920.41846812268,21.08503474015948,1251,1.0,3456a8c519da1212310083b87dcc7f9fd2b0a834502284cc5c4a9af01e2cd65e
2012-08-15 23:00:00+00:00,23.9,78.82635534844951,97956.52249076386,21.15909009394654,1251,1.0,3456a8c519da1212310083b87dcc7f9fd2b0a834502284cc5c4a9af01e2cd65e
2012-08-16 00:00:00+00:00,23.35,79.98061955513253,97964.87001943447,20.799184718444458,1251,1.0,3456a8c519da1212310083b87dcc7f9fd2b0a834502284cc5c4a9af01e2cd65e
2012-08-16 01:00:00+00:00,22.2,81.59024806788206,98014.7554485627,19.926279601255654,1251,1.0,3456a8c519da1212310083b87dcc7f9fd2b0a834502284cc5c4a9af01e2cd65e
2012-08-16 02:00:00+00:00,22.2,78.58374658607057,98063.08142994944,19.535809679256555,1251,1.0,3456a8c519da1212310083b87dcc7f9fd2b0a834502284cc5c4a9af01e2cd65e
2012-08-16 03:00:00+00:00,22.2,78.58374658607057,98072.74662622678,19.53676134574012,1251,1.0,3456a8c519da1212310083b87dcc7f9fd2b0a834502284cc5c4a9af01e2cd65e
2012-08-16 04:00:00+00:00,21.7,84.11719815357361,98115.40652927844,19.77426077941618,1251,1.0,3456a8c519da1212310083b87dcc7f9fd2b0a834502284cc5c4a9af01e2cd65e
2012-08-16 05:00:00+00:00,20.6,86.67593511897117,98122.20123015571,19.036264166993092,1251,1.0,3456a8c519da1212310083b87dcc7f9fd2b0a834502284cc5c4a9af01e2cd65e
2012-08-16 06:00:00+00:00,20.3,85.29519535418684,98104.27208169713,18.581931068787718,1251,1.0,3456a8c519da1212310083b87dcc7f9fd2b0a834502284cc5c4a9af01e2cd65e
2012-08-16 07:00:00+00:00,18.9,93.33601160086292,98092.98560994405,18.161213654124655,1251,1.0,3456a8c519da1212310083b87dcc7f9fd2b0a834502284cc5c4a9af01e2cd65e
2012-08-16 08:00:00+00:00,18.3,93.30636360419254,98105.3528951947,17.569849443998123,1251,1.0,3456a8c519da1212310083b87dcc7f9fd2b0a834502284cc5c4a9af01e2cd65e
2012-08-16 09:00:00+00:00,18.6,91.56914404412106,98132.98708460391,17.669335180789005,1251,1.0,3456a8c519da1212310083b87dcc7f9fd2b0a834502284cc5c4a9af01e2cd65e
2012-08-16 10:00:00+00:00,18.3,90.39622979515538,98201.96082517519,17.245795571364727,1251,1.0,3456a8c519da1212310083b87dcc7f9fd2b0a834502284cc5c4a9af01e2cd65e
2012-08-16 11:00:00+00:00,20.0,87.16637358839264,98250.60339206469,18.518840971402916,1251,1.0,3456a8c519da1212310083b87dcc7f9fd2b0a834502284cc5c4a9af01e2cd65e
2012-08-16 12:00:00+00:00,21.4,78.46820659148995,98281.12309817817,18.77507808739513,1251,1.0,3456a8c519da1212310083b87dcc7f9fd2b0a834502284cc5c4a9af01e2cd65e
2012-08-16 13:00:00+00:00,24.4,64.2018621092534,98339.13355419657,19.53250380887151,1251,1.0,3456a8c519da1212310083b87dcc7f9fd2b0a834502284cc5c4a9af01e2cd65e
2012-08-16 14:00:00+00:00,26.1,54.10855431178666,98329.01039080534,19.41156434853985,1251,1.0,3456a8c519da1212310083b87dcc7f9fd2b0a834502284cc5c4a9af01e2cd65e
2012-08-16 15:00:00+00:00,26.65,53.39131903986386,98330.23842362082,19.75396096464543,1251,1.0,3456a8c519da1212310083b87dcc7f9fd2b0a834502284cc5c4a9af01e2cd65e
2012-08-16 16:00:00+00:00,27.8,50.870173230874535,98328.33774208723,20.27516859816649,1251,1.0,3456a8c519da1212310083b87dcc7f9fd2b0a834502284cc5c4a9af01e2cd65e
2012-08-16 17:00:00+00:00,27.8,50.870173230874535,98318.66641940185,20.27516859816649,1251,1.0,3456a8c519da1212310083b87dcc7f9fd2b0a834502284cc5c4a9af01e2cd65e
2012-08-16 18:00:00+00:00,28.05,50.13359232167115,98292.37895099666,20.34932678940007,1251,1.0,3456a8c519da1212310083b87dcc7f9fd2b0a834502284cc5c4a9af01e2cd65e
2012-08-16 19:00:00+00:00,28.15,50.31902091891162,98283.79660697476,20.465200276464408,1251,1.0,3456a8c519da1212310083b87dcc7f9fd2b0a834502284cc5c4a9af01e2cd65e
2012-08-16 20:00:00+00:00,28.95,50.36781635013921,98200.5957995783,21.132745512260804,1251,1.0,3456a8c519da1212310083b87dcc7f9fd2b0a834502284cc5c4a9af01e2cd65e
2012-08-16 21:00:00+00:00,28.9,49.253824417309275,98103.32960555231,20.88404198312395,1251,1.0,3456a8c519da1212310083b87dcc7f9fd2b0a834502284cc5c4a9af01e2cd65e
2012-08-16 22:00:00+00:00,28.3,52.96763112775059,98053.30453373512,21.058160877238144,1251,1.0,3456a8c519da1212310083b87dcc7f9fd2b0a834502284cc5c4a9af01e2cd65e
2012-08-16 23:00:00+00:00,25.6,66.50731890833549,98043.08011729864,20.94214517584396,1251,1.0,3456a8c519da1212310083b87dcc7f9fd2b0a834502284cc5c4a9af01e2cd65e
2012-08-17 00:00:00+00:00,24.75,69.96008381151402,98048.16459724672,20.692580905145228,1251,1.0,3456a8c519da1212310083b87dcc7f9fd2b0a834502284cc5c4a9af01e2cd65e
2012-08-17 01:00:00+00:00,23.9,70.90317175734778,98178.86533269493,20.058700653094,1251,1.0,3456a8c519da1212310083b87dcc7f9fd2b0a834502284cc5c4a9af01e2cd65e
2012-08-17 02:00:00+00:00,22.8,78.66982318165591,98195.50810419902,20.109916342504825,1251,1.0,3456a8c519da1212310083b87dcc7f9fd2b0a834502284cc5c4a9af01e2cd65e
2012-08-17 03:00:00+00:00,22.8,77.20843697837779,98166.51051346048,19.915081146300157,1251,1.0,3456a8c519da1212310083b87dcc7f9fd2b0a834502284cc5c4a9af01e2cd65e
2012-08-17 04:00:00+00:00,21.7,84.11719815357361,98115.40652927844,19.77426077941618,1251,1.0,3456a8c519da1212310083b87dcc7f9fd2b0a834502284cc5c4a9af01e2cd65e
2012-08-17 05:00:00+00:00,20.6,89.99203213258409,98015.90378939033,19.43399347791234,1251,1.0,3456a8c519da1212310083b87dcc7f9fd2b0a834502284cc5c4a9af01e2cd65e
2012-08-17 06:00:00+00:00,20.6,89.99203213258409,97986.9135782725,19.43399347791234,1251,1.0,3456a8c519da1212310083b87dcc7f9fd2b0a834502284cc5c4a9af01e2cd65e
2012-08-17 07:00:00+00:00,20.0,89.9485602802799,97893.08251032724,18.845689640200177,1251,1.0,3456a8c519da1212310083b87dcc7f9fd2b0a834502284cc5c4a9af01e2cd65e
2012-08-17 08:00:00+00:00,19.4,93.36056989207624,97866.87032562474,18.654194042725184,1251,1.0,3456a8c519da1212310083b87dcc7f9fd2b0a834502284cc5c4a9af01e2cd65e
2012-08-17 09:00:00+00:00,19.4,93.36056989207624,97862.03930230922,18.654194042725184,1251,1.0,3456a8c519da1212310083b87dcc7f9fd2b0a834502284cc5c4a9af01e2cd65e
2012-08-17 10:00:00+00:00,19.4,90.4728467946595,97847.5462323627,18.32302756584763,1251,1.0,3456a8c519da1212310083b87dcc7f9fd2b0a834502284cc5c4a9af01e2cd65e
2012-08-17 11:00:00+00:00,20.0,93.38986324072451,97864.0943307269,19.246626913985416,1251,1.0,3456a8c519da1212310083b87dcc7f9fd2b0a834502284cc5c4a9af01e2cd65e
2012-08-17 12:00:00+00:00,21.65,85.70065630199413,97902.2180731325,19.923249703930637,1251,1.0,3456a8c519da1212310083b87dcc7f9fd2b0a834502284cc5c4a9af01e2cd65e
2012-08-17 13:00:00+00:00,26.1,66.60937367510262,97932.5614355469,21.403405669063964,1251,1.0,3456a8c519da1212310083b87dcc7f9fd2b0a834502284cc5c4a9af01e2cd65e
2012-08-17 14:00:00+00:00,27.2,62.430923880536845,97944.6169476388,21.71762502778388,1251,1.0,3456a8c519da1212310083b87dcc7f9fd2b0a834502284cc5c4a9af01e2cd65e
2012-08-17 15:00:00+00:00,28.049999999999997,59.40390755009028,97949.03747183103,21.95794531123866,1251,1.0,3456a8c519da1212310083b87dcc7f9fd2b0a834502284cc5c4a9af01e2cd65e
2012-08-17 16:00:00+00:00,28.9,58.685995676935974,97953.4058580654,22.570942210499155,1251,1.0,3456a8c519da1212310083b87dcc7f9fd2b0a834502284cc5c4a9af01e2cd65e
2012-08-17 17:00:00+00:00,28.3,58.54533487596325,97898.5547929046,22.027417978910748,1251,1.0,3456a8c519da1212310083b87dcc7f9fd2b0a834502284cc5c4a9af01e2cd65e
2012-08-17 18:00:00+00:00,28.85,57.77196119058212,97851.30515756455,22.36677202782676,1251,1.0,3456a8c519da1212310083b87dcc7f9fd2b0a834502284cc5c4a9af01e2cd65e
2012-08-17 19:00:00+00:00,29.4,57.01373100709789,97745.98961877178,22.703660440393676,1251,1.0,3456a8c519da1212310083b87dcc7f9fd2b0a834502284cc5c4a9af01e2cd65e
2012-08-17 20:00:00+00:00,28.9,56.54122319365942,97711.59336211876,22.190925409872968,1251,1.0,3456a8c519da1212310083b87dcc7f9fd2b0a834502284cc5c4a9af01e2cd65e
2012-08-17 21:00:00+00:00,28.6,58.61574157718646,97703.52256512211,22.295108521522135,1251,1.0,3456a8c519da1212310083b87dcc7f9fd2b0a834502284cc5c4a9af01e2cd65e
2012-08-17 22:00:00+00:00,27.2,64.79910978245637,97712.52069894772,22.096082752820998,1251,1.0,3456a8c519da1212310083b87dcc7f9fd2b0a834502284cc5c4a9af01e2cd65e
2012-08-17 23:00:00+00:00,26.7,69.25086088259384,97745.74520973717,22.348277502711866,1251,1.0,3456a8c519da1212310083b87dcc7f9fd2b0a834502284cc5c4a9af01e2cd65e
2012-08-18 00:00:00+00:00,26.15,71.53464553103733,97768.72910638418,22.19554122311976,1251,1.0,3456a8c519da1212310083b87dcc7f9fd2b0a834502284cc5c4a9af01e2cd65e
2012-08-18 01:00:00+00:00,23.9,84.35762349195751,97821.18336958843,21.90264033609703,1251,1.0,3456a8c519da1212310083b87dcc7f9fd2b0a834502284cc5c4a9af01e2cd65e
2012-08-18 02:00:00+00:00,23.3,84.81386701079128,97853.14573173125,21.389271895283922,1251,1.0,3456a8c519da1212310083b87dcc7f9fd2b0a834502284cc5c4a9af01e2cd65e
2012-08-18 03:00:00+00:00,22.75,86.07596229332124,97851.8080229388,21.025854727738235,1251,1.0,3456a8c519da1212310083b87dcc7f9fd2b0a834502284cc5c4a9af01e2cd65e
2012-08-18 04:00:00+00:00,21.7,90.07101545566098,97777.14419392335,20.511433835144146,1251,1.0,3456a8c519da1212310083b87dcc7f9fd2b0a834502284cc5c4a9af01e2cd65e
2012-08-18 05:00:00+00:00,21.1,93.44307258248529,97712.35964808869,20.33203132504672,1251,1.0,3456a8c519da1212310083b87dcc7f9fd2b0a834502284cc5c4a9af01e2cd65e
2012-08-18 06:00:00+00:00,21.1,93.44307258248529,97697.86369917443,20.33203132504672,1251,1.0,3456a8c519da1212310083b87dcc7f9fd2b0a834502284cc5c4a9af01e2cd65e
2012-08-18 07:00:00+00:00,20.6,92.83998075329613,97668.02125597635,19.769885428591145,1251,1.0,3456a8c519da1212310083b87dcc7f9fd2b0a834502284cc5c4a9af01e2cd65e
2012-08-18 08:00:00+00:00,20.0,96.3453419192486,97670.839800058,19.5856903365397,1251,1.0,3456a8c519da1212310083b87dcc7f9fd2b0a834502284cc5c4a9af01e2cd65e
2012-08-18 09:00:00+00:00,20.0,94.8575016008218,97690.1652531249,19.415558461516994,1251,1.0,3456a8c519da1212310083b87dcc7f9fd2b0a834502284cc5c4a9af01e2cd65e
2012-08-18 10:00:00+00:00,19.666666666666668,95.73718818285865,97802.2980756497,19.186743112656032,1251,1.0,3456a8c519da1212310083b87dcc7f9fd2b0a834502284cc5c4a9af01e2cd65e
2012-08-18 11:00:00+00:00,21.7,84.11719815357361,97806.13810838237,19.77221103037884,1251,1.0,3456a8c519da1212310083b87dcc7f9fd2b0a834502284cc5c4a9af01e2cd65e
2012-08-18 12:00:00+00:00,22.25,84.17780391210317,97831.68061882074,20.30431426946737,1251,1.0,3456a8c519da1212310083b87dcc7f9fd2b0a834502284cc5c4a9af01e2cd65e
2012-08-18 13:00:00+00:00,23.9,73.61582545756453,97917.85417042802,20.438418137895397,1251,1.0,3456a8c519da1212310083b87dcc7f9fd2b0a834502284cc5c4a9af01e2cd65e
2012-08-18 14:00:00+00:00,24.4,73.70091272937036,97933.09308926575,20.910128467172733,1251,1.0,3456a8c519da1212310083b87dcc7f9fd2b0a834502284cc5c4a9af01e2cd65e
2012-08-18 15:00:00+00:00,24.4,72.56276544296061,97947.59453444184,20.748505049551866,1251,1.0,3456a8c519da1212310083b87dcc7f9fd2b0a834502284cc5c4a9af01e2cd65e
2012-08-18 16:00:00+00:00,25.0,66.38429716383871,97930.08675588612,20.386655719110934,1251,1.0,3456a8c519da1212310083b87dcc7f9fd2b0a834502284cc5c4a9af01e2cd65e
2012-08-18 17:00:00+00:00,25.6,66.50731890833549,97888.37703230092,20.940509836662308,1251,1.0,3456a8c519da1212310083b87dcc7f9fd2b0a834502284cc5c4a9af01e2cd65e
2012-08-18 18:00:00+00:00,25.400000000000002,69.00138398844979,97889.39228066233,21.136884097394542,1251,1.0,3456a8c519da1212310083b87dcc7f9fd2b0a834502284cc5c4a9af01e2cd65e
2012-08-18 19:00:00+00:00,26.7,62.320256977554955,97726.40493565532,21.257023079974683,1251,1.0,3456a8c519da1212310083b87dcc7f9fd2b0a834502284cc5c4a9af01e2cd65e
2012-08-18 20:00:00+00:00,27.2,60.51580000704293,97702.85002191892,21.400569540439893,1251,1.0,3456a8c519da1212310083b87dcc7f9fd2b0a834502284cc5c4a9af01e2cd65e
2012-08-18 21:00:00+00:00,27.2,60.51580000704293,97693.17934489013,21.400569540439893,1251,1.0,3456a8c519da1212310083b87dcc7f9fd2b0a834502284cc5c4a9af01e2cd65e
2012-08-18 22:00:00+00:00,25.6,73.90356382924115,97685.32923324143,22.041223113327042,1251,1.0,3456a8c519da1212310083b87dcc7f9fd2b0a834502284cc5c4a9af01e2cd65e
2012-08-18 23:00:00+00:00,24.4,79.38488583406317,97701.06996644814,21.703205886990165,1251,1.0,3456a8c519da1212310083b87dcc7f9fd2b0a834502284cc5c4a9af01e2cd65e
2012-08-19 00:00:00+00:00,23.85,82.04889616557672,97723.95552769536,21.54679090121641,1251,1.0,3456a8c519da1212310083b87dcc7f9fd2b0a834502284cc5c4a9af01e2cd65e
2012-08-19 01:00:00+00:00,23.3,84.81386701079128,97756.48155536878,21.389271895283922,1251,1.0,3456a8c519da1212310083b87dcc7f9fd2b0a834502284cc5c4a9af01e2cd65e
2012-08-19 02:00:00+00:00,22.1,93.77849764851555,97868.64869623003,21.354543109675216,1251,1.0,3456a8c519da1212310083b87dcc7f9fd2b0a834502284cc5c4a9af01e2cd65e
2012-08-19 03:00:00+00:00,21.95,94.93108127027759,97799.29965184345,21.346331563667196,1251,1.0,3456a8c519da1212310083b87dcc7f9fd2b0a834502284cc5c4a9af01e2cd65e
2012-08-19 04:00:00+00:00,21.7,93.47182873884306,97757.81491761735,20.924456764146072,1251,1.0,3456a8c519da1212310083b87dcc7f9fd2b0a834502284cc5c4a9af01e2cd65e
2012-08-19 05:00:00+00:00,21.033333333333335,95.78031207921522,97811.46298308465,20.542397611766063,1251,1.0,3456a8c519da1212310083b87dcc7f9fd2b0a834502284cc5c4a9af01e2cd65e
2012-08-19 06:00:00+00:00,21.1,93.44307258248529,97697.86369917443,20.33203132504672,1251,1.0,3456a8c519da1212310083b87dcc7f9fd2b0a834502284cc5c4a9af01e2cd65e
2012-08-19 07:00:00+00:00,21.1,93.44307258248529,97644.71188648879,20.331494471726238,1251,1.0,3456a8c519da1212310083b87dcc7f9fd2b0a834502284cc5c4a9af01e2cd65e
2012-08-19 08:00:00+00:00,21.1,93.44307258248529,97625.38395460311,20.331494471726238,1251,1.0,3456a8c519da1212310083b87dcc7f9fd2b0a834502284cc5c4a9af01e2cd65e
2012-08-19 09:00:00+00:00,20.957142857142856,95.10366519553915,97763.19802302553,20.387653383276707,1251,1.0,3456a8c519da1212310083b87dcc7f9fd2b0a834502284cc5c4a9af01e2cd65e
2012-08-19 10:00:00+00:00,21.025,93.87446330650863,97788.81919618732,20.309396276064845,1251,1.0,3456a8c519da1212310083b87dcc7f9fd2b0a834502284cc5c4a9af01e2cd65e
2012-08-19 11:00:00+00:00,21.1,93.44307258248529,97751.01551186007,20.33203132504672,1251,1.0,3456a8c519da1212310083b87dcc7f9fd2b0a834502284cc5c4a9af01e2cd65e
2012-08-19 12:00:00+00:00,21.05,97.56953523231954,97830.1749201191,20.76848344670195,1251,1.0,3456a8c519da1212310083b87dcc7f9fd2b0a834502284cc5c4a9af01e2cd65e
2012-08-19 13:00:00+00:00,21.7,93.47182873884306,97786.80883207636,20.924456764146043,1251,1.0,3456a8c519da1212310083b87dcc7f9fd2b0a834502284cc5c4a9af01e2cd65e
2012-08-19 14:00:00+00:00,22.4,90.67728508125721,97843.03661110983,21.26718487538606,1251,1.0,3456a8c519da1212310083b87dcc7f9fd2b0a834502284cc5c4a9af01e2cd65e
2012-08-19 15:00:00+00:00,22.866666666666664,83.89845179206694,97828.95404520443,20.856317572588356,1251,1.0,3456a8c519da1212310083b87dcc7f9fd2b0a834502284cc5c4a9af01e2cd65e
2012-08-19 16:00:00+00:00,22.35,84.97650717560934,97842.47321848448,20.502040575451666,1251,1.0,3456a8c519da1212310083b87dcc7f9fd2b0a834502284cc5c4a9af01e2cd65e
2012-08-19 17:00:00+00:00,22.95,83.4760851879437,97805.72445042929,20.88119909011437,1251,1.0,3456a8c519da1212310083b87dcc7f9fd2b0a834502284cc5c4a9af01e2cd65e
2012-08-19 18:00:00+00:00,24.15,77.65165205192594,97732.12868872102,21.230049592152163,1251,1.0,3456a8c519da1212310083b87dcc7f9fd2b0a834502284cc5c4a9af01e2cd65e
2012-08-19 19:00:00+00:00,23.9,78.82635534844951,97647.17592807715,21.15718635377911,1251,1.0,3456a8c519da1212310083b87dcc7f9fd2b0a834502284cc5c4a9af01e2cd65e
2012-08-19 20:00:00+00:00,25.6,71.2147085352339,97617.64663355493,21.644399146774955,1251,1.0,3456a8c519da1212310083b87dcc7f9fd2b0a834502284cc5c4a9af01e2cd65e
2012-08-19 21:00:00+00:00,25.3,72.4956182600479,97624.01183008857,21.558971081890775,1251,1.0,3456a8c519da1212310083b87dcc7f9fd2b0a834502284cc5c4a9af01e2cd65e
2012-08-19 22:00:00+00:00,24.4,81.86439065070549,97604.39366527414,22.041860456429987,1251,1.0,3456a8c519da1212310083b87dcc7f9fd2b0a834502284cc5c4a9af01e2cd65e
2012-08-19 23:00:00+00:00,23.4,86.67005971183166,97670.60120759462,21.726001540239533,1251,1.0,3456a8c519da1212310083b87dcc7f9fd2b0a834502284cc5c4a9af01e2cd65e
2012-08-20 00:00:00+00:00,22.25,91.790390632861,97633.54295307427,21.25811018388852,1251,1.0,3456a8c519da1212310083b87dcc7f9fd2b0a834502284cc5c4a9af01e2cd65e
2012-08-20 01:00:00+00:00,22.2,90.6638578265198,97705.46916768765,21.070337998906766,1251,1.0,3456a8c519da1212310083b87dcc7f9fd2b0a834502284cc5c4a9af01e2cd65e
2012-08-20 02:00:00+00:00,21.7,93.47182873884306,97709.49172685234,20.924456764146072,1251,1.0,3456a8c519da1212310083b87dcc7f9fd2b0a834502284cc5c4a9af01e2cd65e
2012-08-20 03:00:00+00:00,21.7,93.47182873884306,97719.15636500534,20.924456764146072,1251,1.0,3456a8c519da1212310083b87dcc7f9fd2b0a834502284cc5c4a9af01e2cd65e
2012-08-20 04:00:00+00:00,21.7,93.47182873884306,97709.49172685234,20.924456764146072,1251,1.0,3456a8c519da1212310083b87dcc7f9fd2b0a834502284cc5c4a9af01e2cd65e
2012-08-20 05:00:00+00:00,20.919999999999998,89.79110648461428,97799.2219436929,19.71972154133313,1251,1.0,3456a8c519da1212310083b87dcc7f9fd2b0a834502284cc5c4a9af01e2cd65e
2012-08-20 06:00:00+00:00,20.0,89.9485602802799,97738.47888579212,18.84486009628369,1251,1.0,3456a8c519da1212310083b87dcc7f9fd2b0a834502284cc5c4a9af01e2cd65e
2012-08-20 07:00:00+00:00,19.133333333333333,93.73931393595905,97738.19797005653,18.435267566081734,1251,1.0,3456a8c519da1212310083b87dcc7f9fd2b0a834502284cc5c4a9af01e2cd65e
2012-08-20 08:00:00+00:00,18.9,96.31512153350714,97687.2035361119,18.49335536400659,1251,1.0,3456a8c519da1212310083b87dcc7f9fd2b0a834502284cc5c4a9af01e2cd65e
2012-08-20 09:00:00+00:00,18.55,96.76059473582606,97760.45567448463,18.196247828588334,1251,1.0,3456a8c519da1212310083b87dcc7f9fd2b0a834502284cc5c4a9af01e2cd65e
2012-08-20 10:00:00+00:00,18.65,95.40416858037067,97819.57799940984,18.145371984383782,1251,1.0,3456a8c519da1212310083b87dcc7f9fd2b0a834502284cc5c4a9af01e2cd65e
2012-08-20 11:00:00+00:00,18.9,93.33601160086292,97851.44866123445,18.160676940469823,1251,1.0,3456a8c519da1212310083b87dcc7f9fd2b0a834502284cc5c4a9af01e2cd65e
2012-08-20 12:00:00+00:00,19.875,90.50565343186639,97939.9627031163,18.78938078241454,1251,1.0,3456a8c519da1212310083b87dcc7f9fd2b0a834502284cc5c4a9af01e2cd65e
2012-08-20 13:00:00+00:00,22.1,82.34533260966647,97970.1320866419,19.928869435374473,1251,1.0,3456a8c519da1212310083b87dcc7f9fd2b0a834502284cc5c4a9af01e2cd65e
2012-08-20 14:00:00+00:00,23.45,75.87431514099036,97994.99018239493,20.336855835669724,1251,1.0,3456a8c519da1212310083b87dcc7f9fd2b0a834502284cc5c4a9af01e2cd65e
2012-08-20 15:00:00+00:00,24.75,68.66049145033318,97941.81644257832,20.500346768747548,1251,1.0,3456a8c519da1212310083b87dcc7f9fd2b0a834502284cc5c4a9af01e2cd65e
2012-08-20 16:00:00+00:00,26.7,52.22648516309373,97890.79726535115,19.587342461508356,1251,1.0,3456a8c519da1212310083b87dcc7f9fd2b0a834502284cc5c4a9af01e2cd65e
2012-08-20 17:00:00+00:00,27.2,52.68822566012092,97867.25153140844,20.084125845080234,1251,1.0,3456a8c519da1212310083b87dcc7f9fd2b0a834502284cc5c4a9af01e2cd65e
2012-08-20 18:00:00+00:00,27.2,50.87626382053653,97867.25153140844,19.768941464356892,1251,1.0,3456a8c519da1212310083b87dcc7f9fd2b0a834502284cc5c4a9af01e2cd65e
2012-08-20 19:00:00+00:00,27.2,50.714289132967785,97828.56882329326,19.739402150532094,1251,1.0,3456a8c519da1212310083b87dcc7f9fd2b0a834502284cc5c4a9af01e2cd65e
2012-08-20 20:00:00+00:00,26.1,62.18689086461842,97826.19708169709,20.711709591355167,1251,1.0,3456a8c519da1212310083b87dcc7f9fd2b0a834502284cc5c4a9af01e2cd65e
2012-08-20 21:00:00+00:00,25.85,64.3113327547326,97837.95184138312,20.82394923642513,1251,1.0,3456a8c519da1212310083b87dcc7f9fd2b0a834502284cc5c4a9af01e2cd65e
2012-08-20 22:00:00+00:00,24.4,73.70091272937036,97836.41678809174,20.908908125697813,1251,1.0,3456a8c519da1212310083b87dcc7f9fd2b0a834502284cc5c4a9af01e2cd65e
2012-08-20 23:00:00+00:00,23.3,78.74117780894481,97872.47856700374,20.585000360912446,1251,1.0,3456a8c519da1212310083b87dcc7f9fd2b0a834502284cc5c4a9af01e2cd65e
2012-08-21 00:00:00+00:00,23.025,71.75228923856501,97953.9739575739,19.377735233871512,1251,1.0,3456a8c519da1212310083b87dcc7f9fd2b0a834502284cc5c4a9af01e2cd65e
2012-08-21 01:00:00+00:00,21.1,78.4246503259108,97973.28672854547,18.486587996881486,1251,1.0,3456a8c519da1212310083b87dcc7f9fd2b0a834502284cc5c4a9af01e2cd65e
2012-08-21 02:00:00+00:00,20.6,83.99497355112098,98044.89400050817,18.710037384739977,1251,1.0,3456a8c519da1212310083b87dcc7f9fd2b0a834502284cc5c4a9af01e2cd65e
2012-08-21 03:00:00+00:00,20.6,83.99497355112098,98035.23059680223,18.710037384739977,1251,1.0,3456a8c519da1212310083b87dcc7f9fd2b0a834502284cc5c4a9af01e2cd65e
2012-08-21 04:00:00+00:00,20.0,81.3101072483957,98028.36068179546,17.813008899610374,1251,1.0,3456a8c519da1212310083b87dcc7f9fd2b0a834502284cc5c4a9af01e2cd65e
2012-08-21 05:00:00+00:00,20.0,83.92773071185428,98009.03522872856,18.12997738948752,1251,1.0,3456a8c519da1212310083b87dcc7f9fd2b0a834502284cc5c4a9af01e2cd65e
2012-08-21 06:00:00+00:00,19.7,85.50290852634686,98020.08415563493,18.032196644577855,1251,1.0,3456a8c519da1212310083b87dcc7f9fd2b0a834502284cc5c4a9af01e2cd65e
2012-08-21 07:00:00+00:00,18.3,90.39622979515538,97999.08417221614,17.245795571364727,1251,1.0,3456a8c519da1212310083b87dcc7f9fd2b0a834502284cc5c4a9af01e2cd65e
2012-08-21 08:00:00+00:00,17.8,86.96293551042442,97964.29188603366,16.377149427200585,1251,1.0,3456a8c519da1212310083b87dcc7f9fd2b0a834502284cc5c4a9af01e2cd65e
2012-08-21 09:00:00+00:00,17.5,88.62300527318602,97970.45638824523,16.272353446407493,1251,1.0,3456a8c519da1212310083b87dcc7f9fd2b0a834502284cc5c4a9af01e2cd65e
2012-08-21 10:00:00+00:00,17.8,83.67764288750746,98070.55430697305,16.007589086251446,1251,1.0,3456a8c519da1212310083b87dcc7f9fd2b0a834502284cc5c4a9af01e2cd65e
2012-08-21 11:00:00+00:00,18.9,81.16773557646069,98141.29299968596,16.759152528529917,1251,1.0,3456a8c519da1212310083b87dcc7f9fd2b0a834502284cc5c4a9af01e2cd65e
2012-08-21 12:00:00+00:00,20.0,75.80243725044951,98173.30157979713,17.134890623510984,1251,1.0,3456a8c519da1212310083b87dcc7f9fd2b0a834502284cc5c4a9af01e2cd65e
2012-08-21 13:00:00+00:00,22.8,70.69910487094518,98263.16914925555,19.03163845369561,1251,1.0,3456a8c519da1212310083b87dcc7f9fd2b0a834502284cc5c4a9af01e2cd65e
2012-08-21 14:00:00+00:00,24.4,71.44007196820532,98319.79829396177,20.592133436353805,1251,1.0,3456a8c519da1212310083b87dcc7f9fd2b0a834502284cc5c4a9af01e2cd65e
2012-08-21 15:00:00+00:00,24.8,69.89677507448228,98343.59621428221,20.732431165615303,1251,1.0,3456a8c519da1212310083b87dcc7f9fd2b0a834502284cc5c4a9af01e2cd65e
2012-08-21 16:00:00+00:00,25.6,62.07527889170692,98265.46580198285,20.262502712522394,1251,1.0,3456a8c519da1212310083b87dcc7f9fd2b0a834502284cc5c4a9af01e2cd65e
2012-08-21 17:00:00+00:00,27.1,58.997601055060976,98286.8297866311,21.073874303714675,1251,1.0,3456a8c519da1212310083b87dcc7f9fd2b0a834502284cc5c4a9af01e2cd65e
2012-08-21 18:00:00+00:00,27.5,53.60608282980787,98209.00676515626,20.501892275779774,1251,1.0,3456a8c519da1212310083b87dcc7f9fd2b0a834502284cc5c4a9af01e2cd65e
2012-08-21 19:00:00+00:00,28.45,49.44836173374907,98233.8639800583,20.55323099739232,1251,1.0,3456a8c519da1212310083b87dcc7f9fd2b0a834502284cc5c4a9af01e2cd65e
2012-08-21 20:00:00+00:00,26.7,56.00605423335679,98151.8909654563,20.231709045688753,1251,1.0,3456a8c519da1212310083b87dcc7f9fd2b0a834502284cc5c4a9af01e2cd65e
2012-08-21 21:00:00+00:00,26.880000000000003,59.39152844712871,98233.16286973473,20.947591795516622,1251,1.0,3456a8c519da1212310083b87dcc7f9fd2b0a834502284cc5c4a9af01e2cd65e
2012-08-21 22:00:00+00:00,24.46666666666667,72.19867117878229,98236.75598111373,20.760452932490146,1251,1.0,3456a8c519da1212310083b87dcc7f9fd2b0a834502284cc5c4a9af01e2cd65e
2012-08-21 23:00:00+00:00,21.9,86.12641405602098,98281.97787342963,20.21848352913218,1251,1.0,3456a8c519da1212310083b87dcc7f9fd2b0a834502284cc5c4a9af01e2cd65e
2012-08-22 00:00:00+00:00,20.2,89.40125624804948,98288.33245738344,18.976888908025494,1251,1.0,3456a8c519da1212310083b87dcc7f9fd2b0a834502284cc5c4a9af01e2cd65e
2012-08-22 01:00:00+00:00,20.0,93.38986324072451,98289.25429819846,19.247163695664085,1251,1.0,3456a8c519da1212310083b87dcc7f9fd2b0a834502284cc5c4a9af01e2cd65e
2012-08-22 02:00:00+00:00,20.0,89.9485602802799,98298.9170247319,18.847348728033168,1251,1.0,3456a8c519da1212310083b87dcc7f9fd2b0a834502284cc5c4a9af01e2cd65e
2012-08-22 03:00:00+00:00,20.0,88.54787231744314,98323.07384106552,18.682616936255947,1251,1.0,3456a8c519da1212310083b87dcc7f9fd2b0a834502284cc5c4a9af01e2cd65e
2012-08-22 04:00:00+00:00,20.0,87.16637358839264,98318.24247779879,18.51884097140288,1251,1.0,3456a8c519da1212310083b87dcc7f9fd2b0a834502284cc5c4a9af01e2cd65e
2012-08-22 05:00:00+00:00,19.4,90.4728467946595,98263.01423749665,18.32458896118529,1251,1.0,3456a8c519da1212310083b87dcc7f9fd2b0a834502284cc5c4a9af01e2cd65e
2012-08-22 06:00:00+00:00,19.4,88.77812614225324,98267.84526081216,18.128532101942106,1251,1.0,3456a8c519da1212310083b87dcc7f9fd2b0a834502284cc5c4a9af01e2cd65e
2012-08-22 07:00:00+00:00,19.4,87.11135280644696,98253.35219086563,17.935042778401332,1251,1.0,3456a8c519da1212310083b87dcc7f9fd2b0a834502284cc5c4a9af01e2cd65e
2012-08-22 08:00:00+00:00,19.4,84.39443529770789,98243.69014423461,17.615317789724763,1251,1.0,3456a8c519da1212310083b87dcc7f9fd2b0a834502284cc5c4a9af01e2cd65e
2012-08-22 09:00:00+00:00,18.85,87.33749561011228,98251.82060373871,17.431532192146797,1251,1.0,3456a8c519da1212310083b87dcc7f9fd2b0a834502284cc5c4a9af01e2cd65e
2012-08-22 10:00:00+00:00,19.4,81.23264238410255,98330.64856391381,17.23971821251855,1251,1.0,3456a8c519da1212310083b87dcc7f9fd2b0a834502284cc5c4a9af01e2cd65e
2012-08-22 11:00:00+00:00,19.4,81.23264238410255,98407.94493696198,17.240523236475095,1251,1.0,3456a8c519da1212310083b87dcc7f9fd2b0a834502284cc5c4a9af01e2cd65e
2012-08-22 12:00:00+00:00,20.0,79.77420892653373,98434.19519620013,17.62828028155512,1251,1.0,3456a8c519da1212310083b87dcc7f9fd2b0a834502284cc5c4a9af01e2cd65e
2012-08-22 13:00:00+00:00,22.2,71.03674414558692,98498.01526243,18.535404574460276,1251,1.0,3456a8c519da1212310083b87dcc7f9fd2b0a834502284cc5c4a9af01e2cd65e
2012-08-22 14:00:00+00:00,23.9,66.15717124681606,98546.2143758854,19.380480707551833,1251,1.0,3456a8c519da1212310083b87dcc7f9fd2b0a834502284cc5c4a9af01e2cd65e
2012-08-22 15:00:00+00:00,24.45,67.53361892011507,98562.0487871529,20.073907336904142,1251,1.0,3456a8c519da1212310083b87dcc7f9fd2b0a834502284cc5c4a9af01e2cd65e
2012-08-22 16:00:00+00:00,25.0,68.92406520064893,98529.52059721941,20.7728379507831,1251,1.0,3456a8c519da1212310083b87dcc7f9fd2b0a834502284cc5c4a9af01e2cd65e
2012-08-22 17:00:00+00:00,27.2,64.79910978245637,98495.84553828013,22.10838664287016,1251,1.0,3456a8c519da1212310083b87dcc7f9fd2b0a834502284cc5c4a9af01e2cd65e
2012-08-22 18:00:00+00:00,27.2,62.625329655987294,98461.99816867935,21.757480440301208,1251,1.0,3456a8c519da1212310083b87dcc7f9fd2b0a834502284cc5c4a9af01e2cd65e
2012-08-22 19:00:00+00:00,27.6,57.29432702949083,98432.53465877508,21.222272510553296,1251,1.0,3456a8c519da1212310083b87dcc7f9fd2b0a834502284cc5c4a9af01e2cd65e
2012-08-22 20:00:00+00:00,27.8,54.53403856426656,98367.02303282867,20.918504402763627,1251,1.0,3456a8c519da1212310083b87dcc7f9fd2b0a834502284cc5c4a9af01e2cd65e
2012-08-22 21:00:00+00:00,27.5,54.45930591715926,98354.07176776357,20.65233596848881,1251,1.0,3456a8c519da1212310083b87dcc7f9fd2b0a834502284cc5c4a9af01e2cd65e
2012-08-22 22:00:00+00:00,26.1,62.18689086461842,98348.34936423258,20.720276787482334,1251,1.0,3456a8c519da1212310083b87dcc7f9fd2b0a834502284cc5c4a9af01e2cd65e
2012-08-22 23:00:00+00:00,23.9,70.90317175734778,98323.87153395433,20.060067298774655,1251,1.0,3456a8c519da1212310083b87dcc7f9fd2b0a834502284cc5c4a9af01e2cd65e
2012-08-23 00:00:00+00:00,23.35,73.29163128371844,98351.52893707,19.892873555331207,1251,1.0,3456a8c519da1212310083b87dcc7f9fd2b0a834502284cc5c4a9af01e2cd65e
2012-08-23 01:00:00+00:00,22.2,78.58374658607057,98430.35888848857,19.53961634519082,1251,1.0,3456a8c519da1212310083b87dcc7f9fd2b0a834502284cc5c4a9af01e2cd65e
2012-08-23 02:00:00+00:00,21.7,84.11719815357361,98453.66886463351,19.77631052845353,1251,1.0,3456a8c519da1212310083b87dcc7f9fd2b0a834502284cc5c4a9af01e2cd65e
2012-08-23 03:00:00+00:00,21.95,82.84289694288141,98461.3464970012,19.853030496373044,1251,1.0,3456a8c519da1212310083b87dcc7f9fd2b0a834502284cc5c4a9af01e2cd65e
2012-08-23 04:00:00+00:00,21.7,81.01758163219546,98501.99205539851,19.38408329256994,1251,1.0,3456a8c519da1212310083b87dcc7f9fd2b0a834502284cc5c4a9af01e2cd65e
2012-08-23 05:00:00+00:00,21.7,80.00690132004537,98566.42297641854,19.255786550569642,1251,1.0,3456a8c519da1212310083b87dcc7f9fd2b0a834502284cc5c4a9af01e2cd65e
2012-08-23 06:00:00+00:00,21.066666666666666,85.46339862119005,98514.08732084416,19.338654990995476,1251,1.0,3456a8c519da1212310083b87dcc7f9fd2b0a834502284cc5c4a9af01e2cd65e
2012-08-23 07:00:00+00:00,21.1,84.0506984696025,98475.81295757332,19.19626238611062,1251,1.0,3456a8c519da1212310083b87dcc7f9fd2b0a834502284cc5c4a9af01e2cd65e
2012-08-23 08:00:00+00:00,21.1,84.0506984696025,98456.48502568764,19.19626238611062,1251,1.0,3456a8c519da1212310083b87dcc7f9fd2b0a834502284cc5c4a9af01e2cd65e
2012-08-23 09:00:00+00:00,20.900000000000002,84.55772084578014,98512.17854312954,19.068238929479048,1251,1.0,3456a8c519da1212310083b87dcc7f9fd2b0a834502284cc5c4a9af01e2cd65e
2012-08-23 10:00:00+00:00,20.0,87.16637358839264,98521.15973500113,18.519914469521122,1251,1.0,3456a8c519da1212310083b87dcc7f9fd2b0a834502284cc5c4a9af01e2cd65e
2012-08-23 11:00:00+00:00,20.0,87.16637358839264,98579.1360942018,18.520451218580227,1251,1.0,3456a8c519da1212310083b87dcc7f9fd2b0a834502284cc5c4a9af01e2cd65e
2012-08-23 12:00:00+00:00,21.1,82.7418525998348,98596.61253185886,19.03450096729692,1251,1.0,3456a8c519da1212310083b87dcc7f9fd2b0a834502284cc5c4a9af01e2cd65e
2012-08-23 13:00:00+00:00,23.9,70.90317175734778,98623.55101655707,20.063483912976295,1251,1.0,3456a8c519da1212310083b87dcc7f9fd2b0a834502284cc5c4a9af01e2cd65e
2012-08-23 14:00:00+00:00,24.4,71.44007196820532,98667.83297818818,20.596160438976852,1251,1.0,3456a8c519da1212310083b87dcc7f9fd2b0a834502284cc5c4a9af01e2cd65e
2012-08-23 15:00:00+00:00,25.25,67.90527674982184,98662.8308798903,20.847969560786254,1251,1.0,3456a8c519da1212310083b87dcc7f9fd2b0a834502284cc5c4a9af01e2cd65e
2012-08-23 16:00:00+00:00,26.7,62.320256977554955,98635.39781750289,21.27225484748153,1251,1.0,3456a8c519da1212310083b87dcc7f9fd2b0a834502284cc5c4a9af01e2cd65e
2012-08-23 17:00:00+00:00,27.2,58.28586632375752,98592.55230856809,21.047830781350243,1251,1.0,3456a8c519da1212310083b87dcc7f9fd2b0a834502284cc5c4a9af01e2cd65e
2012-08-23 18:00:00+00:00,27.5,58.35683524094926,98561.99827150074,21.31771390316859,1251,1.0,3456a8c519da1212310083b87dcc7f9fd2b0a834502284cc5c4a9af01e2cd65e
2012-08-23 19:00:00+00:00,27.8,56.27466250102483,98463.73625968231,21.220631074164523,1251,1.0,3456a8c519da1212310083b87dcc7f9fd2b0a834502284cc5c4a9af01e2cd65e
2012-08-23 20:00:00+00:00,28.3,52.96763112775059,98449.85074461332,21.06649109080235,1251,1.0,3456a8c519da1212310083b87dcc7f9fd2b0a834502284cc5c4a9af01e2cd65e
2012-08-23 21:00:00+00:00,27.75,56.61647595355055,98443.84692047047,21.23587389598513,1251,1.0,3456a8c519da1212310083b87dcc7f9fd2b0a834502284cc5c4a9af01e2cd65e
2012-08-23 22:00:00+00:00,26.7,62.320256977554955,98432.32493964332,21.269398891073994,1251,1.0,3456a8c519da1212310083b87dcc7f9fd2b0a834502284cc5c4a9af01e2cd65e
2012-08-23 23:00:00+00:00,24.4,76.49660197494804,98406.80696501836,21.30839230093909,1251,1.0,3456a8c519da1212310083b87dcc7f9fd2b0a834502284cc5c4a9af01e2cd65e
2012-08-24 00:00:00+00:00,23.299999999999997,81.72805891844918,98418.63116345172,20.9881104109907,1251,1.0,3456a8c519da1212310083b87dcc7f9fd2b0a834502284cc5c4a9af01e2cd65e
2012-08-24 01:00:00+00:00,22.8,81.15946153199087,98495.1498751637,20.440622852398832,1251,1.0,3456a8c519da1212310083b87dcc7f9fd2b0a834502284cc5c4a9af01e2cd65e
2012-08-24 02:00:00+00:00,22.8,84.23807515262574,98543.47919306123,20.84119528880532,1251,1.0,3456a8c519da1212310083b87dcc7f9fd2b0a834502284cc5c4a9af01e2cd65e
2012-08-24 03:00:00+00:00,22.5,82.90782416094041,98540.08101321102,20.384279383657816,1251,1.0,3456a8c519da1212310083b87dcc7f9fd2b0a834502284cc5c4a9af01e2cd65e
2012-08-24 04:00:00+00:00,21.1,87.26635769271395,98524.13278728754,19.591271369505463,1251,1.0,3456a8c519da1212310083b87dcc7f9fd2b0a834502284cc5c4a9af01e2cd65e
2012-08-24 13:00:00+00:00,24.4,68.80759213980193,98648.49771795337,20.21558980365655,1251,1.0,3456a8c519da1212310083b87dcc7f9fd2b0a834502284cc5c4a9af01e2cd65e
2012-08-24 14:00:00+00:00,26.1,62.18689086461842,98667.44242578205,20.725036340886312,1251,1.0,3456a8c519da1212310083b87dcc7f9fd2b0a834502284cc5c4a9af01e2cd65e
2012-08-24 15:00:00+00:00,26.1,60.07395216402901,98667.44242578205,20.38978796530789,1251,1.0,3456a8c519da1212310083b87dcc7f9fd2b0a834502284cc5c4a9af01e2cd65e
2012-08-24 16:00:00+00:00,26.7,54.25928042673148,98635.39781750289,19.948830361740207,1251,1.0,3456a8c519da1212310083b87dcc7f9fd2b0a834502284cc5c4a9af01e2cd65e
2012-08-24 17:00:00+00:00,26.7,54.25928042673148,98596.71726933916,19.948220196830967,1251,1.0,3456a8c519da1212310083b87dcc7f9fd2b0a834502284cc5c4a9af01e2cd65e
2012-08-24 18:00:00+00:00,27.25,52.533958217340796,98573.76037326962,20.115022946712656,1251,1.0,3456a8c519da1212310083b87dcc7f9fd2b0a834502284cc5c4a9af01e2cd65e
2012-08-24 19:00:00+00:00,27.8,48.96434907709147,98473.40758236767,19.938667582413753,1251,1.0,3456a8c519da1212310083b87dcc7f9fd2b0a834502284cc5c4a9af01e2cd65e
2012-08-24 20:00:00+00:00,27.8,47.424400787873125,98444.39361431157,19.6595265759453,1251,1.0,3456a8c519da1212310083b87dcc7f9fd2b0a834502284cc5c4a9af01e2cd65e
2012-08-24 21:00:00+00:00,28.05,44.9720523488096,98442.28861091404,19.410198496018474,1251,1.0,3456a8c519da1212310083b87dcc7f9fd2b0a834502284cc5c4a9af01e2cd65e
2012-08-24 22:00:00+00:00,26.1,52.40681871813413,98454.7137180824,19.130510908527754,1251,1.0,3456a8c519da1212310083b87dcc7f9fd2b0a834502284cc5c4a9af01e2cd65e
2012-08-24 23:00:00+00:00,23.9,64.09379407382579,98439.87649496185,19.076722278488514,1251,1.0,3456a8c519da1212310083b87dcc7f9fd2b0a834502284cc5c4a9af01e2cd65e
2012-08-25 00:00:00+00:00,23.35,67.3118915567827,98453.02690294934,19.054142981200975,1251,1.0,3456a8c519da1212310083b87dcc7f9fd2b0a834502284cc5c4a9af01e2cd65e
2012-08-25 01:00:00+00:00,22.8,70.69910487094518,98514.4816023227,19.034371378396038,1251,1.0,3456a8c519da1212310083b87dcc7f9fd2b0a834502284cc5c4a9af01e2cd65e
2012-08-25 02:00:00+00:00,21.7,73.236839266717,98550.31524616353,18.374142160567448,1251,1.0,3456a8c519da1212310083b87dcc7f9fd2b0a834502284cc5c4a9af01e2cd65e
2012-08-25 03:00:00+00:00,21.4,74.59359948081683,98556.55571613363,18.276617902232264,1251,1.0,3456a8c519da1212310083b87dcc7f9fd2b0a834502284cc5c4a9af01e2cd65e
2012-08-25 04:00:00+00:00,20.6,80.87416317944125,98557.0543969232,18.32917603477103,1251,1.0,3456a8c519da1212310083b87dcc7f9fd2b0a834502284cc5c4a9af01e2cd65e
2012-08-25 05:00:00+00:00,20.0,83.92773071185428,98530.82246153457,18.133392955899417,1251,1.0,3456a8c519da1212310083b87dcc7f9fd2b0a834502284cc5c4a9af01e2cd65e
2012-08-25 06:00:00+00:00,19.7,85.50290852634686,98537.02185609592,18.035246202733685,1251,1.0,3456a8c519da1212310083b87dcc7f9fd2b0a834502284cc5c4a9af01e2cd65e
2012-08-25 07:00:00+00:00,18.9,89.86813750387412,98518.09063967294,17.770716638512,1251,1.0,3456a8c519da1212310083b87dcc7f9fd2b0a834502284cc5c4a9af01e2cd65e
2012-08-25 08:00:00+00:00,18.3,90.39622979515538,98511.10620111278,17.247356777478938,1251,1.0,3456a8c519da1212310083b87dcc7f9fd2b0a834502284cc5c4a9af01e2cd65e
2012-08-25 09:00:00+00:00,18.3,90.39622979515538,98530.42778710889,17.24735677747896,1251,1.0,3456a8c519da1212310083b87dcc7f9fd2b0a834502284cc5c4a9af01e2cd65e
2012-08-25 10:00:00+00:00,17.8,89.78676504838093,98582.54597149922,16.69407113913572,1251,1.0,3456a8c519da1212310083b87dcc7f9fd2b0a834502284cc5c4a9af01e2cd65e
2012-08-25 11:00:00+00:00,19.4,84.39443529770789,98630.1720094755,17.61795249311694,1251,1.0,3456a8c519da1212310083b87dcc7f9fd2b0a834502284cc5c4a9af01e2cd65e
2012-08-25 12:00:00+00:00,20.549999999999997,79.84991362978732,98648.281716164,18.15617701738174,1251,1.0,3456a8c519da1212310083b87dcc7f9fd2b0a834502284cc5c4a9af01e2cd65e
2012-08-25 13:00:00+00:00,23.3,68.59250520510165,98684.45764844852,19.194303045741087,1251,1.0,3456a8c519da1212310083b87dcc7f9fd2b0a834502284cc5c4a9af01e2cd65e
2012-08-25 14:00:00+00:00,25.0,61.94077368777903,98703.54977696134,19.72381750319439,1251,1.0,3456a8c519da1212310083b87dcc7f9fd2b0a834502284cc5c4a9af01e2cd65e
2012-08-25 15:00:00+00:00,25.55,59.00522438762249,98690.34312069374,19.744351112958487,1251,1.0,3456a8c519da1212310083b87dcc7f9fd2b0a834502284cc5c4a9af01e2cd65e
2012-08-25 16:00:00+00:00,27.2,50.714289132967785,98640.90569371206,19.7590433232101,1251,1.0,3456a8c519da1212310083b87dcc7f9fd2b0a834502284cc5c4a9af01e2cd65e
2012-08-25 17:00:00+00:00,27.2,50.714289132967785,98573.21095451049,19.75701147776065,1251,1.0,3456a8c519da1212310083b87dcc7f9fd2b0a834502284cc5c4a9af01e2cd65e
2012-08-25 18:00:00+00:00,27.2,52.52119081633124,98553.86960045289,20.070861730401667,1251,1.0,3456a8c519da1212310083b87dcc7f9fd2b0a834502284cc5c4a9af01e2cd65e
2012-08-25 19:00:00+00:00,28.3,50.99963321551619,98478.86632101904,20.716429334701917,1251,1.0,3456a8c519da1212310083b87dcc7f9fd2b0a834502284cc5c4a9af01e2cd65e
2012-08-25 20:00:00+00:00,28.3,50.99963321551619,98459.52260341521,20.71575195801793,1251,1.0,3456a8c519da1212310083b87dcc7f9fd2b0a834502284cc5c4a9af01e2cd65e
2012-08-25 21:00:00+00:00,27.75,52.66140538760074,98463.18945842517,20.552763242848258,1251,1.0,3456a8c519da1212310083b87dcc7f9fd2b0a834502284cc5c4a9af01e2cd65e
2012-08-25 22:00:00+00:00,25.0,66.38429716383871,98500.51573392909,20.394831783410247,1251,1.0,3456a8c519da1212310083b87dcc7f9fd2b0a834502284cc5c4a9af01e2cd65e
2012-08-25 23:00:00+00:00,24.4,71.44007196820532,98513.15089630977,20.59414693766533,1251,1.0,3456a8c519da1212310083b87dcc7f9fd2b0a834502284cc5c4a9af01e2cd65e
2012-08-26 00:00:00+00:00,23.85,73.83746900175636,98521.48508858513,20.4296896062283,1251,1.0,3456a8c519da1212310083b87dcc7f9fd2b0a834502284cc5c4a9af01e2cd65e
2012-08-26 01:00:00+00:00,23.3,76.32572245323843,98558.7942191773,20.26466627100522,1251,1.0,3456a8c519da1212310083b87dcc7f9fd2b0a834502284cc5c4a9af01e2cd65e
2012-08-26 02:00:00+00:00,22.2,81.59024806788206,98575.33683264875,19.930306023070326,1251,1.0,3456a8c519da1212310083b87dcc7f9fd2b0a834502284cc5c4a9af01e2cd65e
2012-08-26 03:00:00+00:00,22.2,78.83051852064492,98585.0020289261,19.572776798640543,1251,1.0,3456a8c519da1212310083b87dcc7f9fd2b0a834502284cc5c4a9af01e2cd65e
2012-08-26 04:00:00+00:00,20.6,83.99497355112098,98586.04460804103,18.713453185598937,1251,1.0,3456a8c519da1212310083b87dcc7f9fd2b0a834502284cc5c4a9af01e2cd65e
2012-08-26 05:00:00+00:00,20.0,81.3101072483957,98550.14791460146,17.81703428356103,1251,1.0,3456a8c519da1212310083b87dcc7f9fd2b0a834502284cc5c4a9af01e2cd65e
2012-08-26 17:00:00+00:00,28.9,51.154454235825966,98669.17084606746,21.246054924786257,1251,1.0,3456a8c519da1212310083b87dcc7f9fd2b0a834502284cc5c4a9af01e2cd65e
2012-08-26 18:00:00+00:00,29.15,50.4196913034704,98633.19691748498,21.317990664670344,1251,1.0,3456a8c519da1212310083b87dcc7f9fd2b0a834502284cc5c4a9af01e2cd65e
2012-08-26 19:00:00+00:00,31.1,42.051308413141534,98518.78400621969,21.254096650477617,1251,1.0,3456a8c519da1212310083b87dcc7f9fd2b0a834502284cc5c4a9af01e2cd65e
2012-08-26 20:00:00+00:00,30.0,46.22528758131515,98477.946239455,21.214110245487216,1251,1.0,3456a8c519da1212310083b87dcc7f9fd2b0a834502284cc5c4a9af01e2cd65e
2012-08-26 21:00:00+00:00,29.7,47.92975903628677,98479.5464649493,21.29915979173802,1251,1.0,3456a8c519da1212310083b87dcc7f9fd2b0a834502284cc5c4a9af01e2cd65e
2012-08-26 22:00:00+00:00,28.3,52.96763112775059,98478.86632101904,21.067131876461133,1251,1.0,3456a8c519da1212310083b87dcc7f9fd2b0a834502284cc5c4a9af01e2cd65e
2012-08-26 23:00:00+00:00,25.6,64.05660503524051,98449.17571541763,20.573318470732254,1251,1.0,3456a8c519da1212310083b87dcc7f9fd2b0a834502284cc5c4a9af01e2cd65e
2012-08-27 00:00:00+00:00,24.450000000000003,69.90338695743958,98455.70425192402,20.417721813900677,1251,1.0,3456a8c519da1212310083b87dcc7f9fd2b0a834502284cc5c4a9af01e2cd65e
2012-08-27 01:00:00+00:00,22.8,78.66982318165591,98504.8157387432,20.112771552472093,1251,1.0,3456a8c519da1212310083b87dcc7f9fd2b0a834502284cc5c4a9af01e2cd65e
2012-08-27 02:00:00+00:00,22.8,73.42727529120872,98514.4816023227,19.408435413090416,1251,1.0,3456a8c519da1212310083b87dcc7f9fd2b0a834502284cc5c4a9af01e2cd65e
2012-08-27 03:00:00+00:00,22.5,74.77622051973007,98511.08442242733,19.314857382064154,1251,1.0,3456a8c519da1212310083b87dcc7f9fd2b0a834502284cc5c4a9af01e2cd65e
2012-08-27 04:00:00+00:00,21.7,78.51163782694033,98501.99205539851,19.062614463677214,1251,1.0,3456a8c519da1212310083b87dcc7f9fd2b0a834502284cc5c4a9af01e2cd65e
2012-08-27 11:00:00+00:00,20.6,83.99497355112098,98576.38120433509,18.713453185598937,1251,1.0,3456a8c519da1212310083b87dcc7f9fd2b0a834502284cc5c4a9af01e2cd65e
2012-08-27 12:00:00+00:00,21.599999999999998,80.16109385389917,98655.48451923592,19.181923615696128,1251,1.0,3456a8c519da1212310083b87dcc7f9fd2b0a834502284cc5c4a9af01e2cd65e
2012-08-27 13:00:00+00:00,25.0,71.10528271258221,98674.54491367102,21.094602604982338,1251,1.0,3456a8c519da1212310083b87dcc7f9fd2b0a834502284cc5c4a9af01e2cd65e
2012-08-27 14:00:00+00:00,26.7,62.320256977554955,98654.73809158475,21.27225484748153,1251,1.0,3456a8c519da1212310083b87dcc7f9fd2b0a834502284cc5c4a9af01e2cd65e
2012-08-27 15:00:00+00:00,27.375,60.0854322543323,98700.85438660867,21.499449756465495,1251,1.0,3456a8c519da1212310083b87dcc7f9fd2b0a834502284cc5c4a9af01e2cd65e
2012-08-27 16:00:00+00:00,28.9,56.54122319365942,98572.4458476888,22.207740859776923,1251,1.0,3456a8c519da1212310083b87dcc7f9fd2b0a834502284cc5c4a9af01e2cd65e
2012-08-27 17:00:00+00:00,28.9,52.787208197551216,98485.393349148,21.538191354531527,1251,1.0,3456a8c519da1212310083b87dcc7f9fd2b0a834502284cc5c4a9af01e2cd65e
2012-08-27 18:00:00+00:00,29.15,52.02899301442583,98449.41435972955,21.60913374142452,1251,1.0,3456a8c519da1212310083b87dcc7f9fd2b0a834502284cc5c4a9af01e2cd65e
2012-08-27 19:00:00+00:00,30.6,47.86618770338982,98368.30864673071,22.01745421413498,1251,1.0,3456a8c519da1212310083b87dcc7f9fd2b0a834502284cc5c4a9af01e2cd65e
2012-08-27 20:00:00+00:00,30.0,48.00905079129811,98284.47286766826,21.554143733268916,1251,1.0,3456a8c519da1212310083b87dcc7f9fd2b0a834502284cc5c4a9af01e2cd65e
2012-08-27 21:00:00+00:00,29.7,47.92975903628677,98281.24277627667,21.29394765954588,1251,1.0,3456a8c519da1212310083b87dcc7f9fd2b0a834502284cc5c4a9af01e2cd65e
2012-08-27 22:00:00+00:00,28.9,49.253824417309275,98262.92585287709,20.887612088685287,1251,1.0,3456a8c519da1212310083b87dcc7f9fd2b0a834502284cc5c4a9af01e2cd65e
2012-08-27 23:00:00+00:00,26.7,56.00605423335679,98258.26247290656,20.234027741195995,1251,1.0,3456a8c519da1212310083b87dcc7f9fd2b0a834502284cc5c4a9af01e2cd65e
2012-08-28 00:00:00+00:00,26.15,57.85304595660601,98257.04092716084,20.067335033857276,1251,1.0,3456a8c519da1212310083b87dcc7f9fd2b0a834502284cc5c4a9af01e2cd65e
2012-08-28 01:00:00+00:00,25.0,64.330973491464,98258.80853984308,20.08118315802468,1251,1.0,3456a8c519da1212310083b87dcc7f9fd2b0a834502284cc5c4a9af01e2cd65e
2012-08-28 02:00:00+00:00,23.9,68.71007538914343,98285.20321361849,19.74636731355298,1251,1.0,3456a8c519da1212310083b87dcc7f9fd2b0a834502284cc5c4a9af01e2cd65e
2012-08-28 04:00:00+00:00,22.2,84.17230815633675,98217.72457038697,20.25842617702304,1251,1.0,3456a8c519da1212310083b87dcc7f9fd2b0a834502284cc5c4a9af01e2cd65e
2012-08-28 11:00:00+00:00,22.4,93.79213419032989,98282.81317594292,21.651951191029177,1251,1.0,3456a8c519da1212310083b87dcc7f9fd2b0a834502284cc5c4a9af01e2cd65e
2012-08-28 12:00:00+00:00,23.233333333333334,91.6617656070189,98287.3844517738,22.204402733945386,1251,1.0,3456a8c519da1212310083b87dcc7f9fd2b0a834502284cc5c4a9af01e2cd65e
2012-08-28 13:00:00+00:00,24.5,85.19935024469181,98311.24710497493,22.59135616665813,1251,1.0,3456a8c519da1212310083b87dcc7f9fd2b0a834502284cc5c4a9af01e2cd65e
2012-08-28 14:00:00+00:00,26.35,77.50079781961378,98312.4295318659,23.26750148501977,1251,1.0,3456a8c519da1212310083b87dcc7f9fd2b0a834502284cc5c4a9af01e2cd65e
2012-08-28 15:00:00+00:00,26.95,74.12894545949703,98256.17292473419,23.324633227347128,1251,1.0,3456a8c519da1212310083b87dcc7f9fd2b0a834502284cc5c4a9af01e2cd65e
2012-08-28 16:00:00+00:00,27.1,73.03171633157527,98272.32393287208,23.297195783618825,1251,1.0,3456a8c519da1212310083b87dcc7f9fd2b0a834502284cc5c4a9af01e2cd65e
2012-08-28 17:00:00+00:00,27.2,71.94224407779087,98167.04251930109,23.221494353657697,1251,1.0,3456a8c519da1212310083b87dcc7f9fd2b0a834502284cc5c4a9af01e2cd65e
2012-08-28 18:00:00+00:00,27.5,70.68875725375922,98131.63876376567,23.30156163672273,1251,1.0,3456a8c519da1212310083b87dcc7f9fd2b0a834502284cc5c4a9af01e2cd65e
2012-08-28 19:00:00+00:00,26.85,75.2510507389286,98114.85591775921,23.398931718448278,1251,1.0,3456a8c519da1212310083b87dcc7f9fd2b0a834502284cc5c4a9af01e2cd65e
2012-08-28 20:00:00+00:00,25.6,84.53980982614378,98043.08011729864,23.552951434860752,1251,1.0,3456a8c519da1212310083b87dcc7f9fd2b0a834502284cc5c4a9af01e2cd65e
2012-08-28 21:00:00+00:00,25.6,84.53980982614378,98052.74906011099,23.552951434860752,1251,1.0,3456a8c519da1212310083b87dcc7f9fd2b0a834502284cc5c4a9af01e2cd65e
2012-08-28 22:00:00+00:00,24.4,93.59894629490557,98049.10465067455,23.59302337249993,1251,1.0,3456a8c519da1212310083b87dcc7f9fd2b0a834502284cc5c4a9af01e2cd65e
2012-08-28 23:00:00+00:00,23.9,93.57568439880532,98024.19205135158,23.098450578312505,1251,1.0,3456a8c519da1212310083b87dcc7f9fd2b0a834502284cc5c4a9af01e2cd65e
2012-08-29 00:00:00+00:00,23.9,91.88760131439638,98029.02559139355,22.88396822177002,1251,1.0,3456a8c519da1212310083b87dcc7f9fd2b0a834502284cc5c4a9af01e2cd65e
2012-08-29 01:00:00+00:00,23.65,92.71511678833613,98113.23109601284,22.744681550192446,1251,1.0,3456a8c519da1212310083b87dcc7f9fd2b0a834502284cc5c4a9af01e2cd65e
2012-08-29 02:00:00+00:00,23.075,95.40730797256359,98121.27683172646,22.515431247521928,1251,1.0,3456a8c519da1212310083b87dcc7f9fd2b0a834502284cc5c4a9af01e2cd65e
2012-08-29 03:00:00+00:00,23.15,95.26489509348283,98076.20542062783,22.571594614468406,1251,1.0,3456a8c519da1212310083b87dcc7f9fd2b0a834502284cc5c4a9af01e2cd65e
2012-08-29 04:00:00+00:00,23.075,93.96575488759792,98155.1084216103,22.336688876979792,1251,1.0,3456a8c519da1212310083b87dcc7f9fd2b0a834502284cc5c4a9af01e2cd65e
2012-08-29 05:00:00+00:00,23.099999999999998,93.91914289130419,98134.44623469531,22.355684244234084,1251,1.0,3456a8c519da1212310083b87dcc7f9fd2b0a834502284cc5c4a9af01e2cd65e
2012-08-29 06:00:00+00:00,23.03333333333333,93.72545529866093,98049.92326181034,22.26605744168596,1251,1.0,3456a8c519da1212310083b87dcc7f9fd2b0a834502284cc5c4a9af01e2cd65e
2012-08-29 07:00:00+00:00,22.9,95.25618988736358,98066.14467558973,22.323957445498245,1251,1.0,3456a8c519da1212310083b87dcc7f9fd2b0a834502284cc5c4a9af01e2cd65e
2012-08-29 08:00:00+00:00,22.9,95.25618988736358,98037.14675197564,22.323176370848074,1251,1.0,3456a8c519da1212310083b87dcc7f9fd2b0a834502284cc5c4a9af01e2cd65e
2012-08-29 09:00:00+00:00,22.8,94.9626655812112,97978.02617366015,22.188794926978428,1251,1.0,3456a8c519da1212310083b87dcc7f9fd2b0a834502284cc5c4a9af01e2cd65e
2012-08-29 10:00:00+00:00,22.2,93.49564966969419,97985.75985973068,21.419037480061586,1251,1.0,3456a8c519da1212310083b87dcc7f9fd2b0a834502284cc5c4a9af01e2cd65e
2012-08-29 11:00:00+00:00,22.8,93.52406512402806,98040.85428692693,22.011458091918897,1251,1.0,3456a8c519da1212310083b87dcc7f9fd2b0a834502284cc5c4a9af01e2cd65e
2012-08-29 12:00:00+00:00,23.05,92.11886514789892,98062.99879872453,22.08222753404553,1251,1.0,3456a8c519da1212310083b87dcc7f9fd2b0a834502284cc5c4a9af01e2cd65e
2012-08-29 13:00:00+00:00,23.9,90.2262552214783,98130.52993227514,22.67125201241584,1251,1.0,3456a8c519da1212310083b87dcc7f9fd2b0a834502284cc5c4a9af01e2cd65e
2012-08-29 14:00:00+00:00,23.9,93.57568439880532,98207.8665729468,23.098987629851326,1251,1.0,3456a8c519da1212310083b87dcc7f9fd2b0a834502284cc5c4a9af01e2cd65e
2012-08-29 15:00:00+00:00,23.95,91.61187847011485,98278.51291392006,22.898385608276197,1251,1.0,3456a8c519da1212310083b87dcc7f9fd2b0a834502284cc5c4a9af01e2cd65e
2012-08-29 16:00:00+00:00,23.65,89.65996692812716,98263.06656396577,22.356055777217644,1251,1.0,3456a8c519da1212310083b87dcc7f9fd2b0a834502284cc5c4a9af01e2cd65e
2012-08-29 17:00:00+00:00,25.6,81.51380892113752,98130.10060260985,23.133493890580425,1251,1.0,3456a8c519da1212310083b87dcc7f9fd2b0a834502284cc5c4a9af01e2cd65e
2012-08-29 18:00:00+00:00,25.85,79.09984743221756,98099.02064601991,23.027435832779062,1251,1.0,3456a8c519da1212310083b87dcc7f9fd2b0a834502284cc5c4a9af01e2cd65e
2012-08-29 19:00:00+00:00,27.8,69.45981522443017,98047.86938421169,23.380581337558347,1251,1.0,3456a8c519da1212310083b87dcc7f9fd2b0a834502284cc5c4a9af01e2cd65e
2012-08-29 20:00:00+00:00,27.2,74.17038364277866,98012.31168684037,23.559243341040442,1251,1.0,3456a8c519da1212310083b87dcc7f9fd2b0a834502284cc5c4a9af01e2cd65e
2012-08-29 21:00:00+00:00,26.95,75.2670415228583,97999.9071324498,23.493083601431238,1251,1.0,3456a8c519da1212310083b87dcc7f9fd2b0a834502284cc5c4a9af01e2cd65e
2012-08-29 22:00:00+00:00,25.6,81.51380892113752,97994.73540323686,23.132663836362212,1251,1.0,3456a8c519da1212310083b87dcc7f9fd2b0a834502284cc5c4a9af01e2cd65e
2012-08-29 23:00:00+00:00,25.0,81.93813716288261,98084.77936010117,22.623944674548458,1251,1.0,3456a8c519da1212310083b87dcc7f9fd2b0a834502284cc5c4a9af01e2cd65e
2012-08-30 00:00:00+00:00,24.15,83.35593543246802,98104.32186885017,22.009195763194,1251,1.0,3456a8c519da1212310083b87dcc7f9fd2b0a834502284cc5c4a9af01e2cd65e
2012-08-30 01:00:00+00:00,22.2,90.6638578265198,98130.73780389086,21.07189992355398,1251,1.0,3456a8c519da1212310083b87dcc7f9fd2b0a834502284cc5c4a9af01e2cd65e
2012-08-30 02:00:00+00:00,22.2,90.6638578265198,98150.06819644554,21.07189992355398,1251,1.0,3456a8c519da1212310083b87dcc7f9fd2b0a834502284cc5c4a9af01e2cd65e
2012-08-30 03:00:00+00:00,22.2,90.6638578265198,98169.39858900024,21.07189992355398,1251,1.0,3456a8c519da1212310083b87dcc7f9fd2b0a834502284cc5c4a9af01e2cd65e
2012-08-30 04:00:00+00:00,22.2,90.6638578265198,98169.39858900024,21.07189992355398,1251,1.0,3456a8c519da1212310083b87dcc7f9fd2b0a834502284cc5c4a9af01e2cd65e
2012-08-30 05:00:00+00:00,21.7,90.07101545566098,98163.72972004344,20.513093264344644,1251,1.0,3456a8c519da1212310083b87dcc7f9fd2b0a834502284cc5c4a9af01e2cd65e
2012-08-30 06:00:00+00:00,21.880000000000003,91.99503027142951,98239.22546727327,20.923131357131442,1251,1.0,3456a8c519da1212310083b87dcc7f9fd2b0a834502284cc5c4a9af01e2cd65e
2012-08-30 07:00:00+00:00,21.85,93.76709990421163,98213.75639299513,21.108667201656843,1251,1.0,3456a8c519da1212310083b87dcc7f9fd2b0a834502284cc5c4a9af01e2cd65e
2012-08-30 08:00:00+00:00,21.7,93.47182873884306,98096.07725297243,20.92553055194234,1251,1.0,3456a8c519da1212310083b87dcc7f9fd2b0a834502284cc5c4a9af01e2cd65e
2012-08-30 09:00:00+00:00,21.7,94.92173574204263,98120.23884835493,21.099670073447808,1251,1.0,3456a8c519da1212310083b87dcc7f9fd2b0a834502284cc5c4a9af01e2cd65e
2012-08-30 10:00:00+00:00,21.7,93.47182873884306,98221.71754896146,20.92553055194234,1251,1.0,3456a8c519da1212310083b87dcc7f9fd2b0a834502284cc5c4a9af01e2cd65e
2012-08-30 11:00:00+00:00,21.7,96.39132464972437,98308.69929233848,21.275059610992322,1251,1.0,3456a8c519da1212310083b87dcc7f9fd2b0a834502284cc5c4a9af01e2cd65e
2012-08-30 12:00:00+00:00,22.25,93.21149970604958,98353.60422615292,21.43409779435516,1251,1.0,3456a8c519da1212310083b87dcc7f9fd2b0a834502284cc5c4a9af01e2cd65e
2012-08-30 13:00:00+00:00,23.9,87.51578401739366,98478.54481529769,22.32145466473481,1251,1.0,3456a8c519da1212310083b87dcc7f9fd2b0a834502284cc5c4a9af01e2cd65e
2012-08-30 14:00:00+00:00,25.0,81.93813716288261,98558.52546050974,22.627166990636507,1251,1.0,3456a8c519da1212310083b87dcc7f9fd2b0a834502284cc5c4a9af01e2cd65e
2012-08-30 15:00:00+00:00,25.7,79.88750212340233,98633.99675646731,23.00264110773903,1251,1.0,3456a8c519da1212310083b87dcc7f9fd2b0a834502284cc5c4a9af01e2cd65e
2012-08-30 16:00:00+00:00,26.7,76.38199227646089,98606.38740638009,23.43222733317778,1251,1.0,3456a8c519da1212310083b87dcc7f9fd2b0a834502284cc5c4a9af01e2cd65e
2012-08-30 17:00:00+00:00,27.8,71.61107092213881,98608.80609996275,23.724224984302822,1251,1.0,3456a8c519da1212310083b87dcc7f9fd2b0a834502284cc5c4a9af01e2cd65e
2012-08-30 18:00:00+00:00,27.333333333333332,73.29466902914571,98613.35895458801,23.55518031724253,1251,1.0,3456a8c519da1212310083b87dcc7f9fd2b0a834502284cc5c4a9af01e2cd65e
2012-08-30 19:00:00+00:00,27.066666666666666,74.14829485053598,98623.32113519663,23.438797901992782,1251,1.0,3456a8c519da1212310083b87dcc7f9fd2b0a834502284cc5c4a9af01e2cd65e
2012-08-30 20:00:00+00:00,27.8,74.26945688504365,98531.43551847985,24.133286702835797,1251,1.0,3456a8c519da1212310083b87dcc7f9fd2b0a834502284cc5c4a9af01e2cd65e
2012-08-31 12:00:00+00:00,24.200000000000003,90.24714719552354,98863.77166042985,22.967881145142464,1251,1.0,3456a8c519da1212310083b87dcc7f9fd2b0a834502284cc5c4a9af01e2cd65e
2012-08-31 13:00:00+00:00,27.8,69.45981522443017,98937.6310712651,23.391751828743217,1251,1.0,3456a8c519da1212310083b87dcc7f9fd2b0a834502284cc5c4a9af01e2cd65e
2012-08-31 14:00:00+00:00,28.9,62.80400895971384,98978.69084087915,23.292530834528385,1251,1.0,3456a8c519da1212310083b87dcc7f9fd2b0a834502284cc5c4a9af01e2cd65e
2012-08-31 15:00:00+00:00,29.15,63.05131862891393,98966.90735130408,23.55365409080104,1251,1.0,3456a8c519da1212310083b87dcc7f9fd2b0a834502284cc5c4a9af01e2cd65e
2012-08-31 16:00:00+00:00,30.6,56.94918492640599,98919.74389386522,23.743725099753654,1251,1.0,3456a8c519da1212310083b87dcc7f9fd2b0a834502284cc5c4a9af01e2cd65e
2012-08-31 17:00:00+00:00,30.6,56.94918492640599,98861.69807837739,23.74256513276127,1251,1.0,3456a8c519da1212310083b87dcc7f9fd2b0a834502284cc5c4a9af01e2cd65e
2012-08-31 18:00:00+00:00,31.400000000000002,54.408877969486646,98821.92165558145,23.952075750191888,1251,1.0,3456a8c519da1212310083b87dcc7f9fd2b0a834502284cc5c4a9af01e2cd65e
2012-08-31 19:00:00+00:00,32.2,50.420833512336024,98714.36067518237,23.845845137720175,1251,1.0,3456a8c519da1212310083b87dcc7f9fd2b0a834502284cc5c4a9af01e2cd65e
2012-08-31 20:00:00+00:00,31.7,51.86933285080504,98670.3260396032,23.71369168991853,1251,1.0,3456a8c519da1212310083b87dcc7f9fd2b0a834502284cc5c4a9af01e2cd65e
2012-08-31 21:00:00+00:00,30.85,56.313817874051765,98641.87512189281,23.836198259329535,1251,1.0,3456a8c519da1212310083b87dcc7f9fd2b0a834502284cc5c4a9af01e2cd65e
2012-08-31 22:00:00+00:00,30.0,63.04281934059712,98594.03026252706,24.29733846341552,1251,1.0,3456a8c519da1212310083b87dcc7f9fd2b0a834502284cc5c4a9af01e2cd65e
2012-08-31 23:00:00+00:00,28.3,67.46468752123698,98614.27234424574,23.520576792318202,1251,1.0,3456a8c519da1212310083b87dcc7f9fd2b0a834502284cc5c4a9af01e2cd65e
