regime,model,site_code,n_transitions,n_wells,MAE_delta_h_ft,RMSE_delta_h_ft,bias_delta_h_ft,sign_accuracy_delta_h,delta_h_IQR_ft,note
T1_TEMPORAL_OOS,B1,336557N1179512W001,13,1,2.885797575391771,3.379817399807264,-0.8843934198733905,0.7692307692307693,2.420000000000001,head-level residual equals delta-h residual conditional on observed h_prev
T1_TEMPORAL_OOS,B1,336669N1177464W001,6,1,2.8913933646561194,3.713394649734505,-2.8913933646561194,0.8333333333333334,2.422499999999985,head-level residual equals delta-h residual conditional on observed h_prev
T1_TEMPORAL_OOS,B1,336672N1179322W001,24,1,2.957573195356946,3.4500261256562186,-0.8100357968540733,0.5833333333333334,1.8249999999999957,head-level residual equals delta-h residual conditional on observed h_prev
T1_TEMPORAL_OOS,B1,336684N1177654W001,6,1,7.387461969375988,8.171008942034923,-3.9940745300900216,1.0,13.582499999999996,head-level residual equals delta-h residual conditional on observed h_prev
T1_TEMPORAL_OOS,B1,336716N1177529W001,7,1,3.914830929219139,4.399115501083932,-1.4893602736933984,0.42857142857142855,0.2749999999999915,head-level residual equals delta-h residual conditional on observed h_prev
T1_TEMPORAL_OOS,B1,336716N1177529W002,7,1,2.5035526873385066,3.0671467105452046,-2.5035526873385066,0.7142857142857143,5.10499999999999,head-level residual equals delta-h residual conditional on observed h_prev
T1_TEMPORAL_OOS,B1,336726N1177521W001,6,1,4.60646727431327,4.842405479110699,-3.5540745300900185,0.8333333333333334,5.012499999999989,head-level residual equals delta-h residual conditional on observed h_prev
T1_TEMPORAL_OOS,B1,336726N1178014W001,5,1,6.96507384390033,8.402670903904614,-6.032635906868576,0.6,9.299999999999997,head-level residual equals delta-h residual conditional on observed h_prev
T1_TEMPORAL_OOS,B1,336746N1177574W001,2,1,6.5305323601181735,7.478768112483582,-6.5305323601181735,0.5,5.200000000000003,head-level residual equals delta-h residual conditional on observed h_prev
T1_TEMPORAL_OOS,B1,336749N1179628W001,13,1,2.753723342477375,3.2600331494484283,-1.3128535555061942,0.9230769230769231,3.5,head-level residual equals delta-h residual conditional on observed h_prev
T1_TEMPORAL_OOS,B1,336753N1177488W001,6,1,3.881467274313271,4.762548755622795,-3.369074530090021,0.6666666666666666,2.500000000000007,head-level residual equals delta-h residual conditional on observed h_prev
T1_TEMPORAL_OOS,B1,336781N1178263W001,13,1,7.031636799243244,8.929911582851624,-2.5730130006575798,0.9230769230769231,14.099999999999996,head-level residual equals delta-h residual conditional on observed h_prev
T1_TEMPORAL_OOS,B1,336792N1177457W001,4,1,9.547966948117821,10.347292991589923,-7.505480592909196,0.25,7.7500000000000036,head-level residual equals delta-h residual conditional on observed h_prev
T1_TEMPORAL_OOS,B1,336795N1177780W001,10,1,19.992662849586814,29.126265872736088,-3.541425731490584,0.9,18.55,head-level residual equals delta-h residual conditional on observed h_prev
T1_TEMPORAL_OOS,B1,336798N1177876W001,6,1,3.332991748929011,3.8950378875144542,-1.821689808193548,0.6666666666666666,1.5600000000000058,head-level residual equals delta-h residual conditional on observed h_prev
T1_TEMPORAL_OOS,B1,336798N1177876W002,6,1,23.064879315635753,28.783535717191402,-10.400063718365352,0.8333333333333334,39.39,head-level residual equals delta-h residual conditional on observed h_prev
T1_TEMPORAL_OOS,B1,336824N1177430W001,4,1,4.064433873909103,5.259253207778547,-4.064433873909103,0.5,1.8649999999999949,head-level residual equals delta-h residual conditional on observed h_prev
T1_TEMPORAL_OOS,B1,336831N1179773W001,7,1,12.164568205695312,14.677040494195147,-4.098305531419372,1.0,25.409999999999993,head-level residual equals delta-h residual conditional on observed h_prev
T1_TEMPORAL_OOS,B1,336848N1179242W001,12,1,11.84774661046879,17.299938501381128,-1.085740935089916,0.5,9.207499999999998,head-level residual equals delta-h residual conditional on observed h_prev
T1_TEMPORAL_OOS,B1,336853N1177671W001,1,1,5.554105645706374,5.554105645706374,-5.554105645706374,1.0,0.0,head-level residual equals delta-h residual conditional on observed h_prev
T1_TEMPORAL_OOS,B1,336853N1179432W001,12,1,4.508524979272362,5.595897882762901,-1.200821080860165,0.75,5.590000000000003,head-level residual equals delta-h residual conditional on observed h_prev
T1_TEMPORAL_OOS,B1,336868N1179445W001,11,1,3.9435750761436847,5.374715824285073,-0.8275300542547861,0.8181818181818182,5.934999999999999,head-level residual equals delta-h residual conditional on observed h_prev
T1_TEMPORAL_OOS,B1,336870N1178340W001,2,1,61.751042742102804,61.975694618350886,5.272138436164205,0.5,64.5,head-level residual equals delta-h residual conditional on observed h_prev
T1_TEMPORAL_OOS,B1,336870N1179436W001,11,1,3.9435750761436847,5.374715824285073,-0.8275300542547861,0.8181818181818182,5.9350000000000005,head-level residual equals delta-h residual conditional on observed h_prev
T1_TEMPORAL_OOS,B1,336875N1179148W001,8,1,2.016637580338691,2.1658430236691104,-0.7772054516607725,1.0,4.205,head-level residual equals delta-h residual conditional on observed h_prev
T1_TEMPORAL_OOS,B1,336886N1178041W001,7,1,15.592158610815117,18.89991152155165,-5.704550789340475,0.7142857142857143,28.749999999999996,head-level residual equals delta-h residual conditional on observed h_prev
T1_TEMPORAL_OOS,B1,336906N1179435W001,13,1,11.382651926851507,14.25263315833419,-3.3148441694962836,0.6923076923076923,13.79000000000002,head-level residual equals delta-h residual conditional on observed h_prev
T1_TEMPORAL_OOS,B1,336928N1177446W001,4,1,3.678513449737127,4.4047187892162745,-3.678513449737127,0.75,1.9500000000000242,head-level residual equals delta-h residual conditional on observed h_prev
T1_TEMPORAL_OOS,B1,336941N1179435W001,1,1,45.322836964915474,45.322836964915474,-45.322836964915474,1.0,0.0,head-level residual equals delta-h residual conditional on observed h_prev
T1_TEMPORAL_OOS,B1,336944N1177985W001,2,1,34.58433230542613,45.705615905905454,-34.58433230542613,0.0,31.0,head-level residual equals delta-h residual conditional on observed h_prev
T1_TEMPORAL_OOS,B1,336962N1178987W001,26,1,6.435034659095252,10.590622674295924,-2.24901944687558,0.8461538461538461,9.875000000000004,head-level residual equals delta-h residual conditional on observed h_prev
T1_TEMPORAL_OOS,B1,336963N1179065W001,19,1,13.764262233912438,24.395384568353133,-2.5696318713925703,0.8421052631578947,13.449999999999996,head-level residual equals delta-h residual conditional on observed h_prev
T1_TEMPORAL_OOS,B1,336966N1179388W001,1,1,4.926997555715204,4.926997555715204,-4.926997555715204,1.0,0.0,head-level residual equals delta-h residual conditional on observed h_prev
T1_TEMPORAL_OOS,B1,336977N1178594W001,11,1,11.15393673452468,13.71240885024901,-3.6883105451874956,0.8181818181818182,22.849999999999998,head-level residual equals delta-h residual conditional on observed h_prev
T1_TEMPORAL_OOS,B1,336978N1179845W001,4,1,2.84543094667042,3.908141863866546,-0.9559786134667791,0.5,2.3,head-level residual equals delta-h residual conditional on observed h_prev
T1_TEMPORAL_OOS,B1,336979N1179454W001,1,1,3.9869975557152206,3.9869975557152206,-3.9869975557152206,1.0,0.0,head-level residual equals delta-h residual conditional on observed h_prev
T1_TEMPORAL_OOS,B1,337057N1180070W001,13,1,12.258370836997738,13.969834222764215,-3.734313231691586,0.6923076923076923,27.0,head-level residual equals delta-h residual conditional on observed h_prev
T1_TEMPORAL_OOS,B1,337059N1180056W001,13,1,11.181447760074661,13.326208002482186,-3.734313231691586,0.6923076923076923,24.0,head-level residual equals delta-h residual conditional on observed h_prev
T1_TEMPORAL_OOS,B1,337105N1178932W001,13,1,16.224196110428203,23.458121896159067,-2.269157738004294,0.6923076923076923,19.71999999999999,head-level residual equals delta-h residual conditional on observed h_prev
T1_TEMPORAL_OOS,B1,337105N1178932W002,13,1,9.588806191482867,13.171994813499504,-2.0629985882897235,0.8461538461538461,20.53000000000001,head-level residual equals delta-h residual conditional on observed h_prev
T1_TEMPORAL_OOS,B1,337112N1177826W001,4,1,38.18137097486466,41.85677492659719,-17.11910658983728,0.25,34.75,head-level residual equals delta-h residual conditional on observed h_prev
T1_TEMPORAL_OOS,B1,337141N1179955W001,12,1,2.4430440273973786,3.06008555664041,-0.9872420306361724,0.9166666666666666,6.3725000000000005,head-level residual equals delta-h residual conditional on observed h_prev
T1_TEMPORAL_OOS,B1,337148N1177696W001,7,1,3.8520539211553575,4.438346975657891,-1.0529738092756824,0.3333333333333333,0.5000000000000071,head-level residual equals delta-h residual conditional on observed h_prev
T1_TEMPORAL_OOS,B1,337148N1177696W002,7,1,4.35410026808153,5.183115075877972,-3.199882610338658,0.8571428571428571,12.625,head-level residual equals delta-h residual conditional on observed h_prev
T1_TEMPORAL_OOS,B1,337148N1177696W003,7,1,6.64249163723906,7.78811985308579,-3.43478680804472,0.8571428571428571,13.839999999999996,head-level residual equals delta-h residual conditional on observed h_prev
T1_TEMPORAL_OOS,B1,337161N1179887W001,3,1,2.4791891820626812,2.907750203754209,-0.4062024466830887,1.0,3.5650000000000004,head-level residual equals delta-h residual conditional on observed h_prev
T1_TEMPORAL_OOS,B1,337188N1180275W001,9,1,6.410212280419568,8.289151786505068,-1.3066422849361343,0.8888888888888888,17.0,head-level residual equals delta-h residual conditional on observed h_prev
T1_TEMPORAL_OOS,B1,337216N1178318W001,7,1,3.400257452449324,4.02281974850634,-1.5675939382357462,0.5714285714285714,1.1849999999999987,head-level residual equals delta-h residual conditional on observed h_prev
T1_TEMPORAL_OOS,B1,337216N1178318W002,7,1,15.74231272730706,17.89365939066215,-5.760443115245708,0.7142857142857143,28.990000000000002,head-level residual equals delta-h residual conditional on observed h_prev
T1_TEMPORAL_OOS,B1,337216N1178318W003,7,1,15.732337956571687,17.744903763310152,-5.08043591208602,0.8571428571428571,29.669999999999998,head-level residual equals delta-h residual conditional on observed h_prev
T1_TEMPORAL_OOS,B1,337233N1179421W001,3,1,4.2887375918466875,5.808322878366186,-4.2887375918466875,1.0,5.3149999999999995,head-level residual equals delta-h residual conditional on observed h_prev
T1_TEMPORAL_OOS,B1,337233N1179421W002,3,1,1.4259337684714002,1.4624662599340177,1.4259337684714002,1.0,0.8950000000000005,head-level residual equals delta-h residual conditional on observed h_prev
T1_TEMPORAL_OOS,B1,337233N1179421W003,3,1,4.500751138246436,5.636985226507643,-4.500751138246436,1.0,4.830000000000002,head-level residual equals delta-h residual conditional on observed h_prev
T1_TEMPORAL_OOS,B1,337279N1179386W001,13,1,6.634827419465878,8.773806888135345,-1.8745243670360425,0.8461538461538461,15.5,head-level residual equals delta-h residual conditional on observed h_prev
T1_TEMPORAL_OOS,B1,337281N1177946W001,11,1,44.41355376483213,73.39610150319255,-13.830837038060592,0.9090909090909091,36.5,head-level residual equals delta-h residual conditional on observed h_prev
T1_TEMPORAL_OOS,B1,337304N1177898W001,2,1,5.8396774367290565,6.3058403868813135,-2.379451705704703,0.5,7.0,head-level residual equals delta-h residual conditional on observed h_prev
T1_TEMPORAL_OOS,B1,337304N1180246W001,10,1,10.175793831781121,14.383013927128733,-4.004389128673024,0.8888888888888888,21.5,head-level residual equals delta-h residual conditional on observed h_prev
T1_TEMPORAL_OOS,B1,337305N1180330W001,13,1,4.87375545238235,6.466325899144714,-2.426620923999278,0.7692307692307693,14.999999999999998,head-level residual equals delta-h residual conditional on observed h_prev
T1_TEMPORAL_OOS,B1,337334N1178220W001,4,1,19.102354277859646,22.41301548771673,-2.6334293066798042,0.75,20.575,head-level residual equals delta-h residual conditional on observed h_prev
T1_TEMPORAL_OOS,B1,337344N1178235W001,4,1,7.055675986234537,8.084528457901317,-6.633429306679803,0.75,8.124999999999998,head-level residual equals delta-h residual conditional on observed h_prev
T1_TEMPORAL_OOS,B1,337370N1178012W001,4,1,9.4304267310816,13.261602007716172,-9.365160770414917,0.75,16.325,head-level residual equals delta-h residual conditional on observed h_prev
T1_TEMPORAL_OOS,B1,337374N1179933W001,14,1,0.9190615629775644,1.2268788830084423,-0.3381304470003369,0.7857142857142857,1.4124999999999996,head-level residual equals delta-h residual conditional on observed h_prev
T1_TEMPORAL_OOS,B1,337374N1179933W002,8,1,6.446001009760895,7.642676571462326,-0.5929468320140383,0.75,10.682500000000001,head-level residual equals delta-h residual conditional on observed h_prev
T1_TEMPORAL_OOS,B1,337374N1179933W003,8,1,6.76586586636589,10.4527458495453,-0.5817229302006786,1.0,10.8675,head-level residual equals delta-h residual conditional on observed h_prev
T1_TEMPORAL_OOS,B1,337425N1178213W001,2,1,68.00607271185248,84.0489236681366,-68.00607271185248,1.0,47.75,head-level residual equals delta-h residual conditional on observed h_prev
T1_TEMPORAL_OOS,B1,337525N1179058W001,7,1,2.3832681939059115,3.3312449766423655,-1.7670960845913115,0.8571428571428571,0.9249999999999972,head-level residual equals delta-h residual conditional on observed h_prev
T1_TEMPORAL_OOS,B1,337525N1179058W002,7,1,11.005015348788676,12.079599046605718,-3.3744015431631413,1.0,25.945,head-level residual equals delta-h residual conditional on observed h_prev
T1_TEMPORAL_OOS,B1,337525N1179058W003,7,1,21.173709677748473,24.468103878032466,-7.188727865591395,0.8571428571428571,32.504999999999995,head-level residual equals delta-h residual conditional on observed h_prev
T1_TEMPORAL_OOS,B1,337589N1179207W001,1,1,1.2279830594004038,1.2279830594004038,-1.2279830594004038,1.0,0.0,head-level residual equals delta-h residual conditional on observed h_prev
T1_TEMPORAL_OOS,B1,337591N1180435W001,7,1,2.486315410912621,2.901815149181203,-1.461502198092249,0.8571428571428571,2.2699999999999996,head-level residual equals delta-h residual conditional on observed h_prev
T1_TEMPORAL_OOS,B1,337591N1180435W002,7,1,11.655225067672953,14.3649564226795,-4.288819632387647,1.0,25.890000000000004,head-level residual equals delta-h residual conditional on observed h_prev
T1_TEMPORAL_OOS,B1,337591N1180435W003,7,1,8.839141883597899,10.353685154714672,-1.2802377388130055,0.8571428571428571,13.184999999999999,head-level residual equals delta-h residual conditional on observed h_prev
T1_TEMPORAL_OOS,B1,337593N1180743W001,13,1,7.649738879639366,10.228737776294082,-2.250811871886085,0.9166666666666666,20.0,head-level residual equals delta-h residual conditional on observed h_prev
T1_TEMPORAL_OOS,B1,337595N1180740W001,11,1,9.343076890685381,12.494410871896774,-0.8701319061397182,0.8181818181818182,15.3,head-level residual equals delta-h residual conditional on observed h_prev
T1_TEMPORAL_OOS,B1,337646N1178432W001,8,1,3.6393419013020307,4.562174926106381,-0.9873468613227638,0.25,1.5725000000000016,head-level residual equals delta-h residual conditional on observed h_prev
T1_TEMPORAL_OOS,B1,337646N1178432W002,8,1,11.839937388103436,14.060090913491923,-3.4416106155983526,0.875,27.775,head-level residual equals delta-h residual conditional on observed h_prev
T1_TEMPORAL_OOS,B1,337646N1178432W003,8,1,12.981874521171669,17.258031226962043,-5.522341336466273,1.0,22.34,head-level residual equals delta-h residual conditional on observed h_prev
T1_TEMPORAL_OOS,B1,337754N1178448W001,13,1,8.02504606973301,10.180335438324338,-1.4656624798910598,0.9166666666666666,11.0,head-level residual equals delta-h residual conditional on observed h_prev
T1_TEMPORAL_OOS,B1,337779N1179480W001,6,1,2.463846794345477,3.39617575145503,-2.4050249285996976,0.8333333333333334,1.9000000000000057,head-level residual equals delta-h residual conditional on observed h_prev
T1_TEMPORAL_OOS,B1,337779N1179480W002,6,1,8.633009285573179,10.542061618906073,-1.899985678441331,0.8333333333333334,16.222499999999997,head-level residual equals delta-h residual conditional on observed h_prev
T1_TEMPORAL_OOS,B1,337779N1179480W003,6,1,9.570151907601112,10.939539582841912,-2.0383329034652298,0.6666666666666666,25.732499999999998,head-level residual equals delta-h residual conditional on observed h_prev
T1_TEMPORAL_OOS,B1,337800N1180851W001,12,1,2.19248704043317,2.716342980092866,-1.168228979369226,0.9166666666666666,5.624999999999999,head-level residual equals delta-h residual conditional on observed h_prev
T1_TEMPORAL_OOS,B1,337806N1178326W001,4,1,7.5387605862343605,9.168397831013877,-6.759468145870933,0.75,6.014999999999999,head-level residual equals delta-h residual conditional on observed h_prev
T1_TEMPORAL_OOS,B1,337856N1178834W001,7,1,4.185724609320979,5.32731008483917,-2.3475212104111303,0.2857142857142857,2.914999999999999,head-level residual equals delta-h residual conditional on observed h_prev
T1_TEMPORAL_OOS,B1,337856N1178834W002,7,1,8.813301995293738,9.649315588724086,-3.8746514408387718,0.7142857142857143,16.87,head-level residual equals delta-h residual conditional on observed h_prev
T1_TEMPORAL_OOS,B1,337856N1178834W003,7,1,9.824325428267125,10.720587329677798,-3.2346438347675255,0.8571428571428571,21.229999999999997,head-level residual equals delta-h residual conditional on observed h_prev
T1_TEMPORAL_OOS,B1,337910N1178268W001,15,1,3.727905878706221,4.143671188737648,-3.217346643557197,0.7333333333333333,1.399999999999995,head-level residual equals delta-h residual conditional on observed h_prev
T1_TEMPORAL_OOS,B1,337959N1180672W001,7,1,2.192092013835094,2.6808839012043517,-1.3289709256560458,0.7142857142857143,2.83,head-level residual equals delta-h residual conditional on observed h_prev
T1_TEMPORAL_OOS,B1,337959N1180672W002,7,1,10.612433328221343,11.917190522365305,-1.9388577881556721,0.8571428571428571,15.335,head-level residual equals delta-h residual conditional on observed h_prev
T1_TEMPORAL_OOS,B1,337959N1180672W003,7,1,7.448077797467062,8.869254119816816,-2.5317883925442564,1.0,16.259999999999998,head-level residual equals delta-h residual conditional on observed h_prev
T1_TEMPORAL_OOS,B1,337995N1178787W001,7,1,5.5070496901465535,6.895501918439273,-2.914517201950464,0.42857142857142855,4.699999999999996,head-level residual equals delta-h residual conditional on observed h_prev
T1_TEMPORAL_OOS,B1,337995N1178787W002,7,1,5.9290862828305535,6.5360169189339326,-3.224379994957041,0.8571428571428571,13.024999999999999,head-level residual equals delta-h residual conditional on observed h_prev
T1_TEMPORAL_OOS,B1,337995N1178787W003,7,1,8.00552504618452,9.00601056810311,-4.270317703790083,0.8571428571428571,21.310000000000002,head-level residual equals delta-h residual conditional on observed h_prev
T1_TEMPORAL_OOS,B1,338045N1179568W001,13,1,3.661504136880279,3.947217451312385,-1.0124635436891976,0.6153846153846154,4.0,head-level residual equals delta-h residual conditional on observed h_prev
T1_TEMPORAL_OOS,B1,338047N1178086W001,25,1,5.540238050308445,10.123522354385535,-4.955028406241404,0.8,0.3800000000000239,head-level residual equals delta-h residual conditional on observed h_prev
T1_TEMPORAL_OOS,B1,338047N1178086W002,25,1,5.428523269680051,8.648379457375183,-5.291422047122547,0.72,1.1200000000000045,head-level residual equals delta-h residual conditional on observed h_prev
T1_TEMPORAL_OOS,B1,338161N1180207W001,1,1,1.3929150373325534,1.3929150373325534,1.3929150373325534,1.0,0.0,head-level residual equals delta-h residual conditional on observed h_prev
T1_TEMPORAL_OOS,B1,338170N1179764W001,8,1,5.025778750573824,6.059332927631704,-0.44584969266885743,0.75,9.75,head-level residual equals delta-h residual conditional on observed h_prev
T1_TEMPORAL_OOS,B1,338205N1180164W001,7,1,2.0979427024490036,2.4071348030005946,-1.6781541688589294,0.8571428571428571,3.5649999999999995,head-level residual equals delta-h residual conditional on observed h_prev
T1_TEMPORAL_OOS,B1,338205N1180164W002,4,1,8.066585687402123,10.7578294590733,5.767238903143388,1.0,10.38,head-level residual equals delta-h residual conditional on observed h_prev
T1_TEMPORAL_OOS,B1,338205N1180164W003,7,1,6.677588771097363,8.906550490815556,-1.7752726215301036,0.7142857142857143,6.449999999999999,head-level residual equals delta-h residual conditional on observed h_prev
T1_TEMPORAL_OOS,B1,338229N1179374W001,6,1,3.504724691343128,4.198075285282043,-2.5008907108558813,0.5,1.6374999999999993,head-level residual equals delta-h residual conditional on observed h_prev
T1_TEMPORAL_OOS,B1,338229N1179374W002,6,1,5.302517211584218,5.82733449957914,-1.8392644907582139,0.6666666666666666,11.577500000000002,head-level residual equals delta-h residual conditional on observed h_prev
T1_TEMPORAL_OOS,B1,338229N1179374W003,6,1,4.772763077319589,6.564418878479821,-2.3509295305783007,1.0,13.635000000000002,head-level residual equals delta-h residual conditional on observed h_prev
T1_TEMPORAL_OOS,B1,338250N1179465W001,13,1,2.760208079107749,3.824773366339642,-1.7004398471110076,0.9230769230769231,5.0,head-level residual equals delta-h residual conditional on observed h_prev
T1_TEMPORAL_OOS,B1,338285N1179436W001,13,1,4.258094835669296,4.9117490161103055,-1.6108075941162332,0.6666666666666666,8.999999999999996,head-level residual equals delta-h residual conditional on observed h_prev
T1_TEMPORAL_OOS,B1,338285N1179891W001,1,1,1.6771228914063498,1.6771228914063498,1.6771228914063498,1.0,0.0,head-level residual equals delta-h residual conditional on observed h_prev
T1_TEMPORAL_OOS,B1,338320N1180539W001,12,1,3.6213753920058487,4.815265588518489,-0.7930784632483964,0.6,2.1649999999999983,head-level residual equals delta-h residual conditional on observed h_prev
T1_TEMPORAL_OOS,B1,338327N1178668W001,6,1,5.308595057899262,6.630238732867885,-3.417432794895572,0.5,7.335000000000001,head-level residual equals delta-h residual conditional on observed h_prev
T1_TEMPORAL_OOS,B1,338327N1178668W002,6,1,5.338450042244614,5.766978483752819,-1.5342918140412332,0.5,8.752500000000001,head-level residual equals delta-h residual conditional on observed h_prev
T1_TEMPORAL_OOS,B1,338327N1178668W003,6,1,5.962266490330205,6.350468889630027,-2.4562403056607827,0.5,8.870000000000001,head-level residual equals delta-h residual conditional on observed h_prev
T1_TEMPORAL_OOS,B1,338349N1180575W001,12,1,3.849364699315815,4.77027340856158,-0.8555784632483965,0.45454545454545453,3.2875,head-level residual equals delta-h residual conditional on observed h_prev
T1_TEMPORAL_OOS,B1,338366N1179547W001,11,1,2.4173441498403565,2.9269381238074135,-1.1515379274122282,0.9090909090909091,6.0,head-level residual equals delta-h residual conditional on observed h_prev
T1_TEMPORAL_OOS,B1,338451N1179506W001,13,1,3.562202555685777,5.347343095279263,-1.7344098743565008,0.8181818181818182,7.000000000000002,head-level residual equals delta-h residual conditional on observed h_prev
T1_TEMPORAL_OOS,B1,338469N1179285W001,13,1,4.521745801109391,5.437438545117323,-1.5793617539398437,0.6666666666666666,9.0,head-level residual equals delta-h residual conditional on observed h_prev
T1_TEMPORAL_OOS,B1,338488N1179110W001,6,1,4.472515803902278,5.152557593713149,-2.9852159775556397,0.5,2.7924999999999915,head-level residual equals delta-h residual conditional on observed h_prev
T1_TEMPORAL_OOS,B1,338488N1179110W002,6,1,3.3260180582909684,3.9106181580741946,-2.473528205480663,0.8333333333333334,6.769999999999996,head-level residual equals delta-h residual conditional on observed h_prev
T1_TEMPORAL_OOS,B1,338490N1179163W001,13,1,2.3462184942138435,3.0282200565804067,-0.948436716457932,0.7,3.0,head-level residual equals delta-h residual conditional on observed h_prev
T1_TEMPORAL_OOS,B1,338490N1179166W001,13,1,2.377607153151056,2.975665436541025,-0.948436716457932,0.8,5.0,head-level residual equals delta-h residual conditional on observed h_prev
T1_TEMPORAL_OOS,B1,338509N1178361W001,6,1,4.861335194622424,5.917854625260886,-0.31923140698366614,0.3333333333333333,4.090000000000025,head-level residual equals delta-h residual conditional on observed h_prev
T1_TEMPORAL_OOS,B1,338509N1178361W002,6,1,4.3115227198594175,5.284819884583291,-0.6656808384012959,0.3333333333333333,3.819999999999986,head-level residual equals delta-h residual conditional on observed h_prev
T1_TEMPORAL_OOS,B1,338511N1180333W001,1,1,3.960203452023813,3.960203452023813,3.960203452023813,1.0,0.0,head-level residual equals delta-h residual conditional on observed h_prev
T1_TEMPORAL_OOS,B1,338543N1178361W001,48,1,3.860969466931518,4.254044546216053,0.6911652213210124,0.5208333333333334,1.6749999999999972,head-level residual equals delta-h residual conditional on observed h_prev
T1_TEMPORAL_OOS,B1,338552N1178566W001,6,1,5.491549281722038,6.357772006402803,0.23457219303085367,0.3333333333333333,6.729999999999993,head-level residual equals delta-h residual conditional on observed h_prev
T1_TEMPORAL_OOS,B1,338552N1178566W002,6,1,8.017325595641907,9.906687861065802,-0.8160649646152643,0.5,3.6274999999999977,head-level residual equals delta-h residual conditional on observed h_prev
T1_TEMPORAL_OOS,B1,338552N1178566W003,6,1,7.978190332035858,10.02803786473757,-0.7623263340541371,0.5,3.612500000000022,head-level residual equals delta-h residual conditional on observed h_prev
T1_TEMPORAL_OOS,B1,338556N1180264W001,8,1,1.5980546279190206,2.271833273999171,-1.0874456097603724,0.875,1.6625000000000005,head-level residual equals delta-h residual conditional on observed h_prev
T1_TEMPORAL_OOS,B1,338556N1180264W002,7,1,9.5587790286413,12.07537819593149,-1.2590762452725446,0.8571428571428571,12.585,head-level residual equals delta-h residual conditional on observed h_prev
T1_TEMPORAL_OOS,B1,338556N1180264W003,8,1,5.515203896100631,8.065257319589406,-1.0749246448017664,0.75,7.384999999999998,head-level residual equals delta-h residual conditional on observed h_prev
T1_TEMPORAL_OOS,B1,338628N1179046W001,10,1,6.049520560431711,7.580311569904812,-2.631235114498665,0.6666666666666666,5.250000000000002,head-level residual equals delta-h residual conditional on observed h_prev
T1_TEMPORAL_OOS,B1,338629N1178426W001,13,1,5.478598040342608,7.479504534517103,0.7786056040694752,0.6363636363636364,3.0,head-level residual equals delta-h residual conditional on observed h_prev
T1_TEMPORAL_OOS,B1,338638N1178430W001,13,1,4.813587192712192,6.607280560996991,0.7016825271463982,0.6666666666666666,5.0,head-level residual equals delta-h residual conditional on observed h_prev
T1_TEMPORAL_OOS,B1,338642N1178978W001,6,1,4.711474228766798,5.251498277207047,-2.445317038248147,0.3333333333333333,3.669999999999998,head-level residual equals delta-h residual conditional on observed h_prev
T1_TEMPORAL_OOS,B1,338642N1178978W002,6,1,4.062223875627073,4.154181835244338,-1.7786063157648637,0.6666666666666666,6.277500000000003,head-level residual equals delta-h residual conditional on observed h_prev
T1_TEMPORAL_OOS,B1,338642N1178978W003,6,1,4.978824110870092,5.239511883559198,-1.1655060642209791,0.5,7.464999999999989,head-level residual equals delta-h residual conditional on observed h_prev
T1_TEMPORAL_OOS,B1,338642N1178979W001,13,1,3.7513283128247363,4.082991458591342,-0.8406691859497784,0.75,3.5,head-level residual equals delta-h residual conditional on observed h_prev
T1_TEMPORAL_OOS,B1,338649N1178024W001,6,1,4.758872073456099,4.95175821152754,-1.5405481743392915,0.5,2.914999999999992,head-level residual equals delta-h residual conditional on observed h_prev
T1_TEMPORAL_OOS,B1,338650N1178151W001,12,1,7.886514800867332,13.335450931846013,-0.5515623127025587,0.6666666666666666,1.5974999999999966,head-level residual equals delta-h residual conditional on observed h_prev
T1_TEMPORAL_OOS,B1,338664N1178426W001,13,1,5.7502609039709585,8.034424497357364,0.7425761600055168,0.5833333333333334,2.0,head-level residual equals delta-h residual conditional on observed h_prev
T1_TEMPORAL_OOS,B1,338715N1179765W001,10,1,1.805071301848209,2.534562133500017,-0.9491874791505657,0.9,5.02,head-level residual equals delta-h residual conditional on observed h_prev
T1_TEMPORAL_OOS,B1,338764N1176943W001,3,1,3.572034574857124,4.0493083128531415,0.43426194534616186,0.0,0.9000000000000057,head-level residual equals delta-h residual conditional on observed h_prev
T1_TEMPORAL_OOS,B1,338774N1176944W001,4,1,3.6555864064380454,4.082340496334658,-0.0582676291189953,0.5,0.30000000000001137,head-level residual equals delta-h residual conditional on observed h_prev
T1_TEMPORAL_OOS,B1,338942N1178371W001,12,1,3.852140010381262,4.57487315320952,-1.1898674662027728,0.25,0.3049999999999784,head-level residual equals delta-h residual conditional on observed h_prev
T1_TEMPORAL_OOS,B1,338970N1179254W001,5,1,5.163159061331929,6.383755364778291,-4.425233942440598,0.2,1.1400000000000148,head-level residual equals delta-h residual conditional on observed h_prev
T1_TEMPORAL_OOS,B1C,336557N1179512W001,13,1,2.621877718866779,3.188849828190686,-0.6432591223427213,0.7692307692307693,2.420000000000001,head-level residual equals delta-h residual conditional on observed h_prev
T1_TEMPORAL_OOS,B1C,336669N1177464W001,6,1,4.69314550177719,6.497257323247904,-2.19519444890333,0.8333333333333334,2.422499999999985,head-level residual equals delta-h residual conditional on observed h_prev
T1_TEMPORAL_OOS,B1C,336672N1179322W001,24,1,2.4571476498695373,2.7806628463842626,-1.2607803700713867,0.5,1.8249999999999957,head-level residual equals delta-h residual conditional on observed h_prev
T1_TEMPORAL_OOS,B1C,336684N1177654W001,6,1,4.5622383375520865,5.756371768332069,-3.2296124647127264,1.0,13.582499999999996,head-level residual equals delta-h residual conditional on observed h_prev
T1_TEMPORAL_OOS,B1C,336716N1177529W001,7,1,5.634515467402084,6.362432148086561,-1.1775064743795818,0.5714285714285714,0.2749999999999915,head-level residual equals delta-h residual conditional on observed h_prev
T1_TEMPORAL_OOS,B1C,336716N1177529W002,7,1,2.750193433332818,4.344478770788421,-2.179892756005445,0.8571428571428571,5.10499999999999,head-level residual equals delta-h residual conditional on observed h_prev
T1_TEMPORAL_OOS,B1C,336726N1177521W001,6,1,4.703486420576534,6.029298514969468,-2.820693969742097,0.8333333333333334,5.012499999999989,head-level residual equals delta-h residual conditional on observed h_prev
T1_TEMPORAL_OOS,B1C,336726N1178014W001,5,1,6.419530832757158,6.652014127258366,-4.230588628441149,0.6,9.299999999999997,head-level residual equals delta-h residual conditional on observed h_prev
T1_TEMPORAL_OOS,B1C,336746N1177574W001,2,1,6.917995038168636,8.80249371393368,-5.4429073330083515,0.5,5.200000000000003,head-level residual equals delta-h residual conditional on observed h_prev
T1_TEMPORAL_OOS,B1C,336749N1179628W001,13,1,2.161231974363973,2.7547944047650432,-1.1016444722142542,0.9230769230769231,3.5,head-level residual equals delta-h residual conditional on observed h_prev
T1_TEMPORAL_OOS,B1C,336753N1177488W001,6,1,5.098517091692311,6.505903594109385,-2.6356939697421002,0.6666666666666666,2.500000000000007,head-level residual equals delta-h residual conditional on observed h_prev
T1_TEMPORAL_OOS,B1C,336781N1178263W001,13,1,6.848276046671198,8.558853940700393,-2.052388648907363,0.9230769230769231,14.099999999999996,head-level residual equals delta-h residual conditional on observed h_prev
T1_TEMPORAL_OOS,B1C,336792N1177457W001,4,1,9.814900448613653,10.448390672108637,-5.485728808370193,0.25,7.7500000000000036,head-level residual equals delta-h residual conditional on observed h_prev
T1_TEMPORAL_OOS,B1C,336795N1177780W001,10,1,18.489501871005917,26.311313213271156,-4.059988063734991,0.9,18.55,head-level residual equals delta-h residual conditional on observed h_prev
T1_TEMPORAL_OOS,B1C,336798N1177876W001,6,1,5.983341179522379,6.777585427191008,-0.6919112531357965,0.8333333333333334,1.5600000000000058,head-level residual equals delta-h residual conditional on observed h_prev
T1_TEMPORAL_OOS,B1C,336798N1177876W002,6,1,22.141234640063306,26.23658828303254,-9.269742314581585,0.6666666666666666,39.39,head-level residual equals delta-h residual conditional on observed h_prev
T1_TEMPORAL_OOS,B1C,336824N1177430W001,4,1,7.942009497223968,9.578803465263023,-3.143968959473136,0.5,1.8649999999999949,head-level residual equals delta-h residual conditional on observed h_prev
T1_TEMPORAL_OOS,B1C,336831N1179773W001,7,1,11.244565662099735,13.205516684921585,-2.72716739354773,1.0,25.409999999999993,head-level residual equals delta-h residual conditional on observed h_prev
T1_TEMPORAL_OOS,B1C,336848N1179242W001,12,1,11.632397051241492,16.894836567145667,-0.8875745505840164,0.5,9.207499999999998,head-level residual equals delta-h residual conditional on observed h_prev
T1_TEMPORAL_OOS,B1C,336853N1177671W001,1,1,0.6439840289108574,0.6439840289108574,-0.6439840289108574,1.0,0.0,head-level residual equals delta-h residual conditional on observed h_prev
T1_TEMPORAL_OOS,B1C,336853N1179432W001,12,1,4.213337707335445,5.2100719035142555,-0.9773709252822697,0.75,5.590000000000003,head-level residual equals delta-h residual conditional on observed h_prev
T1_TEMPORAL_OOS,B1C,336868N1179445W001,11,1,3.9094339591684144,5.408028224516792,-0.8751399157168032,0.8181818181818182,5.934999999999999,head-level residual equals delta-h residual conditional on observed h_prev
T1_TEMPORAL_OOS,B1C,336870N1178340W001,2,1,60.706713358223055,60.73484541114231,1.8483507129048995,0.5,64.5,head-level residual equals delta-h residual conditional on observed h_prev
T1_TEMPORAL_OOS,B1C,336870N1179436W001,11,1,3.9094339591684144,5.408028224516792,-0.8751399157168032,0.8181818181818182,5.9350000000000005,head-level residual equals delta-h residual conditional on observed h_prev
T1_TEMPORAL_OOS,B1C,336875N1179148W001,8,1,2.1498715194838103,2.849804681548759,-0.35329289315185763,1.0,4.205,head-level residual equals delta-h residual conditional on observed h_prev
T1_TEMPORAL_OOS,B1C,336886N1178041W001,7,1,14.881101516329263,18.5506941932154,-5.958186318073781,0.7142857142857143,28.749999999999996,head-level residual equals delta-h residual conditional on observed h_prev
T1_TEMPORAL_OOS,B1C,336906N1179435W001,13,1,11.334914243253255,14.220748329253071,-3.0894475476156797,0.6923076923076923,13.79000000000002,head-level residual equals delta-h residual conditional on observed h_prev
T1_TEMPORAL_OOS,B1C,336928N1177446W001,4,1,7.270101605891388,8.462269269557785,-2.8211646571669453,0.5,1.9500000000000242,head-level residual equals delta-h residual conditional on observed h_prev
T1_TEMPORAL_OOS,B1C,336941N1179435W001,1,1,44.114696318726374,44.114696318726374,-44.114696318726374,1.0,0.0,head-level residual equals delta-h residual conditional on observed h_prev
T1_TEMPORAL_OOS,B1C,336944N1177985W001,2,1,36.097112596764326,44.82233935750455,-36.097112596764326,0.5,31.0,head-level residual equals delta-h residual conditional on observed h_prev
T1_TEMPORAL_OOS,B1C,336962N1178987W001,26,1,6.763028041097242,10.665157793775698,-2.6011871270195637,0.8076923076923077,9.875000000000004,head-level residual equals delta-h residual conditional on observed h_prev
T1_TEMPORAL_OOS,B1C,336963N1179065W001,19,1,14.693360987127978,24.58797430718421,-3.52925138357706,0.7368421052631579,13.449999999999996,head-level residual equals delta-h residual conditional on observed h_prev
T1_TEMPORAL_OOS,B1C,336966N1179388W001,1,1,4.689631232103415,4.689631232103415,-4.689631232103415,1.0,0.0,head-level residual equals delta-h residual conditional on observed h_prev
T1_TEMPORAL_OOS,B1C,336977N1178594W001,11,1,10.5538794973461,13.089038747623675,-3.139541738241356,0.8181818181818182,22.849999999999998,head-level residual equals delta-h residual conditional on observed h_prev
T1_TEMPORAL_OOS,B1C,336978N1179845W001,4,1,3.2549840902839584,4.524907156602403,-0.803839127194587,0.5,2.3,head-level residual equals delta-h residual conditional on observed h_prev
T1_TEMPORAL_OOS,B1C,336979N1179454W001,1,1,3.7496312321034315,3.7496312321034315,-3.7496312321034315,1.0,0.0,head-level residual equals delta-h residual conditional on observed h_prev
T1_TEMPORAL_OOS,B1C,337057N1180070W001,13,1,12.35201614158359,13.73324183770612,-3.4071424072036787,0.7692307692307693,27.0,head-level residual equals delta-h residual conditional on observed h_prev
T1_TEMPORAL_OOS,B1C,337059N1180056W001,13,1,11.275093064660513,13.039536091773844,-3.4071424072036787,0.7692307692307693,24.0,head-level residual equals delta-h residual conditional on observed h_prev
T1_TEMPORAL_OOS,B1C,337105N1178932W001,13,1,16.528644878881508,23.45208676705847,-1.8846419953980995,0.6923076923076923,19.71999999999999,head-level residual equals delta-h residual conditional on observed h_prev
T1_TEMPORAL_OOS,B1C,337105N1178932W002,13,1,9.89332456579988,13.153327419899123,-1.6785524515472365,0.8461538461538461,20.53000000000001,head-level residual equals delta-h residual conditional on observed h_prev
T1_TEMPORAL_OOS,B1C,337112N1177826W001,4,1,40.34933541251436,45.59381075186807,-18.043769168868472,0.5,34.75,head-level residual equals delta-h residual conditional on observed h_prev
T1_TEMPORAL_OOS,B1C,337141N1179955W001,12,1,1.9777034984532555,2.8940990081193165,-0.7654009872322373,0.9166666666666666,6.3725000000000005,head-level residual equals delta-h residual conditional on observed h_prev
T1_TEMPORAL_OOS,B1C,337148N1177696W001,7,1,6.028097696231616,6.6023650701256855,-0.8402390009470954,0.5,0.5000000000000071,head-level residual equals delta-h residual conditional on observed h_prev
T1_TEMPORAL_OOS,B1C,337148N1177696W002,7,1,2.9903013314190576,3.558561433013256,-2.9903013314190576,1.0,12.625,head-level residual equals delta-h residual conditional on observed h_prev
T1_TEMPORAL_OOS,B1C,337148N1177696W003,7,1,3.935550512676201,5.431504090798042,-3.2077165161109127,1.0,13.839999999999996,head-level residual equals delta-h residual conditional on observed h_prev
T1_TEMPORAL_OOS,B1C,337161N1179887W001,3,1,1.3046166057583102,1.9699292734202818,0.9548416895572064,1.0,3.5650000000000004,head-level residual equals delta-h residual conditional on observed h_prev
T1_TEMPORAL_OOS,B1C,337188N1180275W001,9,1,5.27088570383394,6.6962427734078735,-0.4403844786682129,1.0,17.0,head-level residual equals delta-h residual conditional on observed h_prev
T1_TEMPORAL_OOS,B1C,337216N1178318W001,7,1,5.520766907665875,6.490513554721182,-0.5235049892743487,0.7142857142857143,1.1849999999999987,head-level residual equals delta-h residual conditional on observed h_prev
T1_TEMPORAL_OOS,B1C,337216N1178318W002,7,1,13.881222596175608,15.771216487689204,-4.716354941894145,0.8571428571428571,28.990000000000002,head-level residual equals delta-h residual conditional on observed h_prev
T1_TEMPORAL_OOS,B1C,337216N1178318W003,7,1,12.8320883228941,14.784639827539984,-4.036348440083777,1.0,29.669999999999998,head-level residual equals delta-h residual conditional on observed h_prev
T1_TEMPORAL_OOS,B1C,337233N1179421W001,3,1,3.3590873170520026,3.859857267302451,-3.3590873170520026,1.0,5.3149999999999995,head-level residual equals delta-h residual conditional on observed h_prev
T1_TEMPORAL_OOS,B1C,337233N1179421W002,3,1,2.3396460924320692,3.2490577872758464,2.3396460924320692,1.0,0.8950000000000005,head-level residual equals delta-h residual conditional on observed h_prev
T1_TEMPORAL_OOS,B1C,337233N1179421W003,3,1,3.586977160765766,5.2560018801184505,-3.586977160765766,1.0,4.830000000000002,head-level residual equals delta-h residual conditional on observed h_prev
T1_TEMPORAL_OOS,B1C,337279N1179386W001,13,1,6.564249030132054,8.600998788179192,-1.6570254600890162,0.8461538461538461,15.5,head-level residual equals delta-h residual conditional on observed h_prev
T1_TEMPORAL_OOS,B1C,337281N1177946W001,11,1,43.96194515051672,72.12606102085265,-14.718712955414878,0.9090909090909091,36.5,head-level residual equals delta-h residual conditional on observed h_prev
T1_TEMPORAL_OOS,B1C,337304N1177898W001,2,1,5.68027519849958,6.440537705558356,-3.0356217824408622,0.5,7.0,head-level residual equals delta-h residual conditional on observed h_prev
T1_TEMPORAL_OOS,B1C,337304N1180246W001,10,1,9.605605178070892,13.79538771922263,-3.570958967770198,0.8888888888888888,21.5,head-level residual equals delta-h residual conditional on observed h_prev
T1_TEMPORAL_OOS,B1C,337305N1180330W001,13,1,4.905688703349856,6.008538904330992,-2.0539081533202284,0.8461538461538461,14.999999999999998,head-level residual equals delta-h residual conditional on observed h_prev
T1_TEMPORAL_OOS,B1C,337334N1178220W001,4,1,17.511836848301385,19.155570147861642,-1.3189397805079857,0.5,20.575,head-level residual equals delta-h residual conditional on observed h_prev
T1_TEMPORAL_OOS,B1C,337344N1178235W001,4,1,9.345900978301774,11.021064850039075,-5.318939780507985,0.5,8.124999999999998,head-level residual equals delta-h residual conditional on observed h_prev
T1_TEMPORAL_OOS,B1C,337370N1178012W001,4,1,6.46215271387299,8.076275675901897,-6.233546331536341,0.75,16.325,head-level residual equals delta-h residual conditional on observed h_prev
T1_TEMPORAL_OOS,B1C,337374N1179933W001,14,1,1.4536546608020602,2.464953843171297,-0.36120877792655,0.7857142857142857,1.4124999999999996,head-level residual equals delta-h residual conditional on observed h_prev
T1_TEMPORAL_OOS,B1C,337374N1179933W002,8,1,5.1223798611956575,6.016433857518215,-0.22870031751240272,0.75,10.682500000000001,head-level residual equals delta-h residual conditional on observed h_prev
T1_TEMPORAL_OOS,B1C,337374N1179933W003,8,1,7.1580222623870196,9.734692432435212,-0.2172942419711843,1.0,10.8675,head-level residual equals delta-h residual conditional on observed h_prev
T1_TEMPORAL_OOS,B1C,337425N1178213W001,2,1,63.54264043386017,79.13847235859791,-63.54264043386017,1.0,47.75,head-level residual equals delta-h residual conditional on observed h_prev
T1_TEMPORAL_OOS,B1C,337525N1179058W001,7,1,4.745875578788836,5.254487957705165,-0.617264254577422,0.8571428571428571,0.9249999999999972,head-level residual equals delta-h residual conditional on observed h_prev
T1_TEMPORAL_OOS,B1C,337525N1179058W002,7,1,8.497665277143556,9.598348246764715,-2.240782927862678,1.0,25.945,head-level residual equals delta-h residual conditional on observed h_prev
T1_TEMPORAL_OOS,B1C,337525N1179058W003,7,1,19.558147178867113,23.45896626247306,-6.0547716929493545,0.8571428571428571,32.504999999999995,head-level residual equals delta-h residual conditional on observed h_prev
T1_TEMPORAL_OOS,B1C,337589N1179207W001,1,1,10.126393081162037,10.126393081162037,10.126393081162037,1.0,0.0,head-level residual equals delta-h residual conditional on observed h_prev
T1_TEMPORAL_OOS,B1C,337591N1180435W001,7,1,4.90026525330187,5.493554232373781,-0.13883042614873262,0.8571428571428571,2.2699999999999996,head-level residual equals delta-h residual conditional on observed h_prev
T1_TEMPORAL_OOS,B1C,337591N1180435W002,7,1,9.09949034812922,12.604443956170451,-2.9637186528272985,1.0,25.890000000000004,head-level residual equals delta-h residual conditional on observed h_prev
T1_TEMPORAL_OOS,B1C,337591N1180435W003,7,1,6.725120990652431,7.516230238792687,0.04481089819433226,0.8571428571428571,13.184999999999999,head-level residual equals delta-h residual conditional on observed h_prev
T1_TEMPORAL_OOS,B1C,337593N1180743W001,13,1,7.6406196976346035,10.035886730861451,-1.9421453498977614,0.9166666666666666,20.0,head-level residual equals delta-h residual conditional on observed h_prev
T1_TEMPORAL_OOS,B1C,337595N1180740W001,11,1,9.694622274051993,12.226181636416142,-0.9429199237551722,0.8181818181818182,15.3,head-level residual equals delta-h residual conditional on observed h_prev
T1_TEMPORAL_OOS,B1C,337646N1178432W001,8,1,5.896178241033182,7.433939354179049,-0.6279826222748968,0.375,1.5725000000000016,head-level residual equals delta-h residual conditional on observed h_prev
T1_TEMPORAL_OOS,B1C,337646N1178432W002,8,1,9.724166028280042,11.292706215254464,-3.0850713494286537,0.875,27.775,head-level residual equals delta-h residual conditional on observed h_prev
T1_TEMPORAL_OOS,B1C,337646N1178432W003,8,1,11.905509876740425,15.714799621444476,-5.162932727199457,0.875,22.34,head-level residual equals delta-h residual conditional on observed h_prev
T1_TEMPORAL_OOS,B1C,337754N1178448W001,13,1,8.130337933378975,10.141194161963847,-1.3062948381214328,0.8333333333333334,11.0,head-level residual equals delta-h residual conditional on observed h_prev
T1_TEMPORAL_OOS,B1C,337779N1179480W001,6,1,5.018923481909771,5.976436245288494,-0.9235475967458665,1.0,1.9000000000000057,head-level residual equals delta-h residual conditional on observed h_prev
T1_TEMPORAL_OOS,B1C,337779N1179480W002,6,1,5.543796407192354,6.499275823763893,-0.41851216825369014,1.0,16.222499999999997,head-level residual equals delta-h residual conditional on observed h_prev
T1_TEMPORAL_OOS,B1C,337779N1179480W003,6,1,7.566254663396965,8.60729354951353,-0.5569179182295514,0.8333333333333334,25.732499999999998,head-level residual equals delta-h residual conditional on observed h_prev
T1_TEMPORAL_OOS,B1C,337800N1180851W001,12,1,2.1509061296293424,2.3743323155048386,-0.9081745297227193,0.9166666666666666,5.624999999999999,head-level residual equals delta-h residual conditional on observed h_prev
T1_TEMPORAL_OOS,B1C,337806N1178326W001,4,1,6.879743380532477,7.68717368609318,-5.863378020470049,0.75,6.014999999999999,head-level residual equals delta-h residual conditional on observed h_prev
T1_TEMPORAL_OOS,B1C,337856N1178834W001,7,1,5.606338931258228,6.702125173626552,-1.0999237846071588,0.42857142857142855,2.914999999999999,head-level residual equals delta-h residual conditional on observed h_prev
T1_TEMPORAL_OOS,B1C,337856N1178834W002,7,1,7.240059248837251,8.126672794683229,-2.6270552444589,0.8571428571428571,16.87,head-level residual equals delta-h residual conditional on observed h_prev
T1_TEMPORAL_OOS,B1C,337856N1178834W003,7,1,6.938893047477042,7.436154805362819,-1.9870227171631691,1.0,21.229999999999997,head-level residual equals delta-h residual conditional on observed h_prev
T1_TEMPORAL_OOS,B1C,337910N1178268W001,15,1,3.035993666128479,3.527021489535395,-1.3845257329569567,0.8,1.399999999999995,head-level residual equals delta-h residual conditional on observed h_prev
T1_TEMPORAL_OOS,B1C,337959N1180672W001,7,1,4.4242105787267425,5.028358382109233,-0.152628589139333,0.7142857142857143,2.83,head-level residual equals delta-h residual conditional on observed h_prev
T1_TEMPORAL_OOS,B1C,337959N1180672W002,7,1,7.724725736611548,8.735801022846946,-0.7635786014526323,0.8571428571428571,15.335,head-level residual equals delta-h residual conditional on observed h_prev
T1_TEMPORAL_OOS,B1C,337959N1180672W003,7,1,4.817597139275741,5.827703742508163,-1.3557835226062676,1.0,16.259999999999998,head-level residual equals delta-h residual conditional on observed h_prev
T1_TEMPORAL_OOS,B1C,337995N1178787W001,7,1,6.000065502293923,7.416874632447092,-1.6179242933431561,0.5714285714285714,4.699999999999996,head-level residual equals delta-h residual conditional on observed h_prev
T1_TEMPORAL_OOS,B1C,337995N1178787W002,7,1,2.824751954126724,3.7166587124007737,-1.9301100081338636,1.0,13.024999999999999,head-level residual equals delta-h residual conditional on observed h_prev
T1_TEMPORAL_OOS,B1C,337995N1178787W003,7,1,4.990104992069425,6.553144835477707,-2.9730491936806804,1.0,21.310000000000002,head-level residual equals delta-h residual conditional on observed h_prev
T1_TEMPORAL_OOS,B1C,338045N1179568W001,13,1,3.7467517998432744,4.081626170674367,-0.5737709021272872,0.5384615384615384,4.0,head-level residual equals delta-h residual conditional on observed h_prev
T1_TEMPORAL_OOS,B1C,338047N1178086W001,25,1,3.3262976122345633,7.6911892138289915,-2.897514619316522,0.88,0.3800000000000239,head-level residual equals delta-h residual conditional on observed h_prev
T1_TEMPORAL_OOS,B1C,338047N1178086W002,25,1,3.5238362833720287,6.758333034041579,-3.233908879365347,0.64,1.1200000000000045,head-level residual equals delta-h residual conditional on observed h_prev
T1_TEMPORAL_OOS,B1C,338161N1180207W001,1,1,3.288754701142917,3.288754701142917,-3.288754701142917,1.0,0.0,head-level residual equals delta-h residual conditional on observed h_prev
T1_TEMPORAL_OOS,B1C,338170N1179764W001,8,1,5.129327737587664,6.367803681428924,-0.16405175130303995,0.625,9.75,head-level residual equals delta-h residual conditional on observed h_prev
T1_TEMPORAL_OOS,B1C,338205N1180164W001,7,1,3.3035481466877186,4.085889692681478,-0.7579591692006412,0.8571428571428571,3.5649999999999995,head-level residual equals delta-h residual conditional on observed h_prev
T1_TEMPORAL_OOS,B1C,338205N1180164W002,4,1,6.47030680378488,8.50959393472406,4.595773704245565,1.0,10.38,head-level residual equals delta-h residual conditional on observed h_prev
T1_TEMPORAL_OOS,B1C,338205N1180164W003,7,1,4.974149972180891,6.183145620511626,-0.8551826452757444,0.7142857142857143,6.449999999999999,head-level residual equals delta-h residual conditional on observed h_prev
T1_TEMPORAL_OOS,B1C,338229N1179374W001,6,1,6.157643050260693,6.5771779883918144,-0.9184852065863597,0.6666666666666666,1.6374999999999993,head-level residual equals delta-h residual conditional on observed h_prev
T1_TEMPORAL_OOS,B1C,338229N1179374W002,6,1,2.833132008980085,3.4512059431139646,-0.25586706887569255,0.8333333333333334,11.577500000000002,head-level residual equals delta-h residual conditional on observed h_prev
T1_TEMPORAL_OOS,B1C,338229N1179374W003,6,1,4.195797280245837,4.31752458602568,-0.7678316548107308,0.8333333333333334,13.635000000000002,head-level residual equals delta-h residual conditional on observed h_prev
T1_TEMPORAL_OOS,B1C,338250N1179465W001,13,1,2.5283383268318618,3.2342961365920444,-1.2227458264130637,0.8461538461538461,5.0,head-level residual equals delta-h residual conditional on observed h_prev
T1_TEMPORAL_OOS,B1C,338285N1179436W001,13,1,4.466397882163054,4.850476352354865,-1.1446489891169727,0.6666666666666666,8.999999999999996,head-level residual equals delta-h residual conditional on observed h_prev
T1_TEMPORAL_OOS,B1C,338285N1179891W001,1,1,3.0266277017487795,3.0266277017487795,3.0266277017487795,1.0,0.0,head-level residual equals delta-h residual conditional on observed h_prev
T1_TEMPORAL_OOS,B1C,338320N1180539W001,12,1,3.5687171193476566,4.41023417582913,-0.8717247757902893,0.6,2.1649999999999983,head-level residual equals delta-h residual conditional on observed h_prev
T1_TEMPORAL_OOS,B1C,338327N1178668W001,6,1,5.809040835637462,6.731905201776332,-2.059821631554532,0.6666666666666666,7.335000000000001,head-level residual equals delta-h residual conditional on observed h_prev
T1_TEMPORAL_OOS,B1C,338327N1178668W002,6,1,4.0852659983906605,4.255688839790115,-0.17878757470488718,0.6666666666666666,8.752500000000001,head-level residual equals delta-h residual conditional on observed h_prev
T1_TEMPORAL_OOS,B1C,338327N1178668W003,6,1,4.482494574931068,4.7361354782985305,-1.0977147487633812,0.6666666666666666,8.870000000000001,head-level residual equals delta-h residual conditional on observed h_prev
T1_TEMPORAL_OOS,B1C,338349N1180575W001,12,1,4.039988780142379,4.649826862738898,-0.934224775790289,0.45454545454545453,3.2875,head-level residual equals delta-h residual conditional on observed h_prev
T1_TEMPORAL_OOS,B1C,338366N1179547W001,11,1,2.0223227557569095,2.5738767885934175,-1.0480178027166622,1.0,6.0,head-level residual equals delta-h residual conditional on observed h_prev
T1_TEMPORAL_OOS,B1C,338451N1179506W001,13,1,3.285151426581994,4.847766577183292,-1.2743366919673051,0.9090909090909091,7.000000000000002,head-level residual equals delta-h residual conditional on observed h_prev
T1_TEMPORAL_OOS,B1C,338469N1179285W001,13,1,4.036590614357819,5.1350066880441085,-1.140544451867934,0.75,9.0,head-level residual equals delta-h residual conditional on observed h_prev
T1_TEMPORAL_OOS,B1C,338488N1179110W001,6,1,6.459108454677999,7.300276014708545,-1.3425858898836465,0.6666666666666666,2.7924999999999915,head-level residual equals delta-h residual conditional on observed h_prev
T1_TEMPORAL_OOS,B1C,338488N1179110W002,6,1,2.2074516129616417,2.5584853877811904,-0.8310798054051859,1.0,6.769999999999996,head-level residual equals delta-h residual conditional on observed h_prev
T1_TEMPORAL_OOS,B1C,338490N1179163W001,13,1,2.162698053300685,2.887910010240991,-0.481171725939906,0.8,3.0,head-level residual equals delta-h residual conditional on observed h_prev
T1_TEMPORAL_OOS,B1C,338490N1179166W001,13,1,2.3808506047306315,2.794653864711749,-0.481171725939906,0.9,5.0,head-level residual equals delta-h residual conditional on observed h_prev
T1_TEMPORAL_OOS,B1C,338509N1178361W001,6,1,8.548493938997526,8.934318316247975,1.1614011659001608,0.16666666666666666,4.090000000000025,head-level residual equals delta-h residual conditional on observed h_prev
T1_TEMPORAL_OOS,B1C,338509N1178361W002,6,1,8.061792968362143,8.287710696840879,0.8116073793352815,0.16666666666666666,3.819999999999986,head-level residual equals delta-h residual conditional on observed h_prev
T1_TEMPORAL_OOS,B1C,338511N1180333W001,1,1,0.33218708143359077,0.33218708143359077,-0.33218708143359077,1.0,0.0,head-level residual equals delta-h residual conditional on observed h_prev
T1_TEMPORAL_OOS,B1C,338543N1178361W001,48,1,2.0501054349413734,2.6065225458957317,0.16063853746771103,0.4583333333333333,1.6749999999999972,head-level residual equals delta-h residual conditional on observed h_prev
T1_TEMPORAL_OOS,B1C,338552N1178566W001,6,1,7.0434065748394135,7.667852210617651,1.6744298806511921,0.5,6.729999999999993,head-level residual equals delta-h residual conditional on observed h_prev
T1_TEMPORAL_OOS,B1C,338552N1178566W002,6,1,7.681008278899973,9.516833275172038,0.6314891477745801,0.6666666666666666,3.6274999999999977,head-level residual equals delta-h residual conditional on observed h_prev
T1_TEMPORAL_OOS,B1C,338552N1178566W003,6,1,7.7466169529810704,9.598907403355227,0.6813561530631387,0.6666666666666666,3.612500000000022,head-level residual equals delta-h residual conditional on observed h_prev
T1_TEMPORAL_OOS,B1C,338556N1180264W001,8,1,3.8613306767676567,4.540436998560331,-0.8269712237297389,0.75,1.6625000000000005,head-level residual equals delta-h residual conditional on observed h_prev
T1_TEMPORAL_OOS,B1C,338556N1180264W002,7,1,7.097089517475527,8.77841626553307,-0.6069553817948076,0.8571428571428571,12.585,head-level residual equals delta-h residual conditional on observed h_prev
T1_TEMPORAL_OOS,B1C,338556N1180264W003,8,1,3.7795097749133566,5.084710894634645,-0.8145196622997686,0.875,7.384999999999998,head-level residual equals delta-h residual conditional on observed h_prev
T1_TEMPORAL_OOS,B1C,338628N1179046W001,10,1,5.5470418473244845,7.006955928989207,-2.408254004374695,0.6666666666666666,5.250000000000002,head-level residual equals delta-h residual conditional on observed h_prev
T1_TEMPORAL_OOS,B1C,338629N1178426W001,13,1,5.503204736346293,7.535961124064389,1.2880730068200426,0.6363636363636364,3.0,head-level residual equals delta-h residual conditional on observed h_prev
T1_TEMPORAL_OOS,B1C,338638N1178430W001,13,1,4.801923239590678,6.744489502556205,1.2111499298969657,0.6666666666666666,5.0,head-level residual equals delta-h residual conditional on observed h_prev
T1_TEMPORAL_OOS,B1C,338642N1178978W001,6,1,6.802713838467251,7.228943825072396,-0.9197260646966118,0.5,3.669999999999998,head-level residual equals delta-h residual conditional on observed h_prev
T1_TEMPORAL_OOS,B1C,338642N1178978W002,6,1,3.3369154695828205,3.852218343765614,-0.25894750852766374,0.8333333333333334,6.277500000000003,head-level residual equals delta-h residual conditional on observed h_prev
T1_TEMPORAL_OOS,B1C,338642N1178978W003,6,1,4.529418275247617,5.10934505046319,0.357289069692202,0.6666666666666666,7.464999999999989,head-level residual equals delta-h residual conditional on observed h_prev
T1_TEMPORAL_OOS,B1C,338642N1178979W001,13,1,3.4991923552506154,3.77279700332358,-0.4688519874072892,0.75,3.5,head-level residual equals delta-h residual conditional on observed h_prev
T1_TEMPORAL_OOS,B1C,338649N1178024W001,6,1,5.959914391574976,6.68558144063431,-0.31564423057135027,0.6666666666666666,2.914999999999992,head-level residual equals delta-h residual conditional on observed h_prev
T1_TEMPORAL_OOS,B1C,338650N1178151W001,12,1,8.316382684532874,13.164023772461759,-0.12470315936065439,0.5833333333333334,1.5974999999999966,head-level residual equals delta-h residual conditional on observed h_prev
T1_TEMPORAL_OOS,B1C,338664N1178426W001,13,1,5.760110572848655,8.032598546655413,1.2372865356300955,0.5833333333333334,2.0,head-level residual equals delta-h residual conditional on observed h_prev
T1_TEMPORAL_OOS,B1C,338715N1179765W001,10,1,1.9455381501998026,2.4320878356548845,-0.899150810967423,0.8,5.02,head-level residual equals delta-h residual conditional on observed h_prev
T1_TEMPORAL_OOS,B1C,338764N1176943W001,3,1,7.326044596005762,7.951753113287318,5.300774751902325,0.0,0.9000000000000057,head-level residual equals delta-h residual conditional on observed h_prev
T1_TEMPORAL_OOS,B1C,338774N1176944W001,4,1,7.0340620276864865,7.254198356896319,4.129445872963354,0.5,0.30000000000001137,head-level residual equals delta-h residual conditional on observed h_prev
T1_TEMPORAL_OOS,B1C,338942N1178371W001,12,1,3.929309187414128,4.6234267948848355,-0.8178737056434445,0.3333333333333333,0.3049999999999784,head-level residual equals delta-h residual conditional on observed h_prev
T1_TEMPORAL_OOS,B1C,338970N1179254W001,5,1,7.872816075119593,9.34888781743769,-2.1796946321134723,0.4,1.1400000000000148,head-level residual equals delta-h residual conditional on observed h_prev
T1_TEMPORAL_OOS,B1CH,336557N1179512W001,13,1,2.5683347367234175,3.0166410187624564,-1.041534610681301,0.7692307692307693,2.420000000000001,head-level residual equals delta-h residual conditional on observed h_prev
T1_TEMPORAL_OOS,B1CH,336669N1177464W001,6,1,4.6899811482198,6.4367411577027855,-3.04229101473607,0.8333333333333334,2.422499999999985,head-level residual equals delta-h residual conditional on observed h_prev
T1_TEMPORAL_OOS,B1CH,336672N1179322W001,24,1,2.4765565771822806,2.880268492070608,-1.5201941549253408,0.5,1.8249999999999957,head-level residual equals delta-h residual conditional on observed h_prev
T1_TEMPORAL_OOS,B1CH,336684N1177654W001,6,1,5.466396298915801,6.296575003568625,-4.10459975584044,1.0,13.582499999999996,head-level residual equals delta-h residual conditional on observed h_prev
T1_TEMPORAL_OOS,B1CH,336716N1177529W001,7,1,5.531903122104519,6.087775390063857,-2.052831130400752,0.42857142857142855,0.2749999999999915,head-level residual equals delta-h residual conditional on observed h_prev
T1_TEMPORAL_OOS,B1CH,336716N1177529W002,7,1,3.410673128813765,4.586683412731197,-3.0549002356166026,0.7142857142857143,5.10499999999999,head-level residual equals delta-h residual conditional on observed h_prev
T1_TEMPORAL_OOS,B1CH,336726N1177521W001,6,1,4.429122594428343,5.989285905641232,-3.712770025113152,0.8333333333333334,5.012499999999989,head-level residual equals delta-h residual conditional on observed h_prev
T1_TEMPORAL_OOS,B1CH,336726N1178014W001,5,1,5.901634101378972,6.388565120606835,-5.060563852425643,0.6,9.299999999999997,head-level residual equals delta-h residual conditional on observed h_prev
T1_TEMPORAL_OOS,B1CH,336746N1177574W001,2,1,6.275440048470532,8.786787282056407,-6.275440048470532,0.5,5.200000000000003,head-level residual equals delta-h residual conditional on observed h_prev
T1_TEMPORAL_OOS,B1CH,336749N1179628W001,13,1,2.173682799672707,2.650679567133284,-1.5413766672418616,0.9230769230769231,3.5,head-level residual equals delta-h residual conditional on observed h_prev
T1_TEMPORAL_OOS,B1CH,336753N1177488W001,6,1,4.555585789896468,6.47899847594537,-3.5277700251131545,0.6666666666666666,2.500000000000007,head-level residual equals delta-h residual conditional on observed h_prev
T1_TEMPORAL_OOS,B1CH,336781N1178263W001,13,1,7.442630328388262,8.998631714506242,-2.534265491076809,0.9230769230769231,14.099999999999996,head-level residual equals delta-h residual conditional on observed h_prev
T1_TEMPORAL_OOS,B1CH,336792N1177457W001,4,1,9.974764469737213,10.409721673865649,-6.500512721359169,0.25,7.7500000000000036,head-level residual equals delta-h residual conditional on observed h_prev
T1_TEMPORAL_OOS,B1CH,336795N1177780W001,10,1,19.166784795313813,26.56374218793083,-4.745554582797165,0.9,18.55,head-level residual equals delta-h residual conditional on observed h_prev
T1_TEMPORAL_OOS,B1CH,336798N1177876W001,6,1,5.545784011519977,6.2400421066955305,-1.3254073450954864,0.8333333333333334,1.5600000000000058,head-level residual equals delta-h residual conditional on observed h_prev
T1_TEMPORAL_OOS,B1CH,336798N1177876W002,6,1,22.15646651819071,26.7247559507502,-9.903214543360376,0.6666666666666666,39.39,head-level residual equals delta-h residual conditional on observed h_prev
T1_TEMPORAL_OOS,B1CH,336824N1177430W001,4,1,8.64626222808336,9.594377438614078,-4.8631704231562525,0.5,1.8649999999999949,head-level residual equals delta-h residual conditional on observed h_prev
T1_TEMPORAL_OOS,B1CH,336831N1179773W001,7,1,11.280406387790602,13.480957493989454,-3.1986678561474213,1.0,25.409999999999993,head-level residual equals delta-h residual conditional on observed h_prev
T1_TEMPORAL_OOS,B1CH,336848N1179242W001,12,1,11.778707739076877,16.959865105178846,-1.3311514655949814,0.5,9.207499999999998,head-level residual equals delta-h residual conditional on observed h_prev
T1_TEMPORAL_OOS,B1CH,336853N1177671W001,1,1,1.215098273816687,1.215098273816687,-1.215098273816687,1.0,0.0,head-level residual equals delta-h residual conditional on observed h_prev
T1_TEMPORAL_OOS,B1CH,336853N1179432W001,12,1,4.00356039120085,5.143172445746117,-1.41129109549209,0.75,5.590000000000003,head-level residual equals delta-h residual conditional on observed h_prev
T1_TEMPORAL_OOS,B1CH,336868N1179445W001,11,1,3.991621554180888,5.3351618617533045,-1.3924993427535903,0.8181818181818182,5.934999999999999,head-level residual equals delta-h residual conditional on observed h_prev
T1_TEMPORAL_OOS,B1CH,336870N1178340W001,2,1,60.96226269060976,60.99441644678348,1.9802437538696616,0.5,64.5,head-level residual equals delta-h residual conditional on observed h_prev
T1_TEMPORAL_OOS,B1CH,336870N1179436W001,11,1,3.991621554180888,5.3351618617533045,-1.3924993427535903,0.8181818181818182,5.9350000000000005,head-level residual equals delta-h residual conditional on observed h_prev
T1_TEMPORAL_OOS,B1CH,336875N1179148W001,8,1,2.1063887401289936,2.5435210402412975,-0.8336895284419982,1.0,4.205,head-level residual equals delta-h residual conditional on observed h_prev
T1_TEMPORAL_OOS,B1CH,336886N1178041W001,7,1,15.378169909181098,18.99735777735052,-6.466826064112383,0.7142857142857143,28.749999999999996,head-level residual equals delta-h residual conditional on observed h_prev
T1_TEMPORAL_OOS,B1CH,336906N1179435W001,13,1,11.834212890445837,14.62934721902953,-3.4533551513351664,0.6923076923076923,13.79000000000002,head-level residual equals delta-h residual conditional on observed h_prev
T1_TEMPORAL_OOS,B1CH,336928N1177446W001,4,1,8.165864594661212,8.857840831265785,-4.542643124474302,0.5,1.9500000000000242,head-level residual equals delta-h residual conditional on observed h_prev
T1_TEMPORAL_OOS,B1CH,336941N1179435W001,1,1,44.50423323471248,44.50423323471248,-44.50423323471248,1.0,0.0,head-level residual equals delta-h residual conditional on observed h_prev
T1_TEMPORAL_OOS,B1CH,336944N1177985W001,2,1,36.286352090435024,45.03574279244556,-36.286352090435024,0.5,31.0,head-level residual equals delta-h residual conditional on observed h_prev
T1_TEMPORAL_OOS,B1CH,336962N1178987W001,26,1,6.9000123742733495,10.741382601853404,-2.9101166034180586,0.7692307692307693,9.875000000000004,head-level residual equals delta-h residual conditional on observed h_prev
T1_TEMPORAL_OOS,B1CH,336963N1179065W001,19,1,14.870319542371577,24.490059080743332,-3.9298282104833593,0.6842105263157895,13.449999999999996,head-level residual equals delta-h residual conditional on observed h_prev
T1_TEMPORAL_OOS,B1CH,336966N1179388W001,1,1,4.9871323679168515,4.9871323679168515,-4.9871323679168515,1.0,0.0,head-level residual equals delta-h residual conditional on observed h_prev
T1_TEMPORAL_OOS,B1CH,336977N1178594W001,11,1,10.883538286322441,13.46876801276627,-3.509310361858343,0.8181818181818182,22.849999999999998,head-level residual equals delta-h residual conditional on observed h_prev
T1_TEMPORAL_OOS,B1CH,336978N1179845W001,4,1,3.0344620850410537,4.370899854555262,-0.9541547866977496,0.5,2.3,head-level residual equals delta-h residual conditional on observed h_prev
T1_TEMPORAL_OOS,B1CH,336979N1179454W001,1,1,4.047132367916868,4.047132367916868,-4.047132367916868,1.0,0.0,head-level residual equals delta-h residual conditional on observed h_prev
T1_TEMPORAL_OOS,B1CH,337057N1180070W001,13,1,12.585664603024403,13.930864689617206,-3.7497178206507606,0.7692307692307693,27.0,head-level residual equals delta-h residual conditional on observed h_prev
T1_TEMPORAL_OOS,B1CH,337059N1180056W001,13,1,11.508741526101327,13.22007235469796,-3.7497178206507606,0.7692307692307693,24.0,head-level residual equals delta-h residual conditional on observed h_prev
T1_TEMPORAL_OOS,B1CH,337105N1178932W001,13,1,16.78568128530875,23.445259118864882,-2.264408464242826,0.6923076923076923,19.71999999999999,head-level residual equals delta-h residual conditional on observed h_prev
T1_TEMPORAL_OOS,B1CH,337105N1178932W002,13,1,10.150363987176389,13.277295803480376,-2.0583219353412314,0.8461538461538461,20.53000000000001,head-level residual equals delta-h residual conditional on observed h_prev
T1_TEMPORAL_OOS,B1CH,337112N1177826W001,4,1,40.491754374875406,45.5798498435812,-18.484027296320185,0.25,34.75,head-level residual equals delta-h residual conditional on observed h_prev
T1_TEMPORAL_OOS,B1CH,337141N1179955W001,12,1,2.231215944337648,2.8617420059940493,-1.2146734708567997,0.9166666666666666,6.3725000000000005,head-level residual equals delta-h residual conditional on observed h_prev
T1_TEMPORAL_OOS,B1CH,337148N1177696W001,7,1,5.697070718716273,6.232816377440387,-1.770266839562869,0.3333333333333333,0.5000000000000071,head-level residual equals delta-h residual conditional on observed h_prev
T1_TEMPORAL_OOS,B1CH,337148N1177696W002,7,1,3.976928978905,4.734658414576345,-3.9204685381647577,0.8571428571428571,12.625,head-level residual equals delta-h residual conditional on observed h_prev
T1_TEMPORAL_OOS,B1CH,337148N1177696W003,7,1,4.862156980805194,6.981526020896269,-4.146559030914053,0.8571428571428571,13.839999999999996,head-level residual equals delta-h residual conditional on observed h_prev
T1_TEMPORAL_OOS,B1CH,337161N1179887W001,3,1,1.2267088345592665,1.368178745594904,0.15078472645727578,1.0,3.5650000000000004,head-level residual equals delta-h residual conditional on observed h_prev
T1_TEMPORAL_OOS,B1CH,337188N1180275W001,9,1,5.62202044197852,6.952506314503253,-0.8729541848098017,1.0,17.0,head-level residual equals delta-h residual conditional on observed h_prev
T1_TEMPORAL_OOS,B1CH,337216N1178318W001,7,1,5.342546342210062,6.05990357013559,-1.1857523357768964,0.7142857142857143,1.1849999999999987,head-level residual equals delta-h residual conditional on observed h_prev
T1_TEMPORAL_OOS,B1CH,337216N1178318W002,7,1,14.658627949229745,16.364085088273825,-5.378598797875159,0.8571428571428571,28.990000000000002,head-level residual equals delta-h residual conditional on observed h_prev
T1_TEMPORAL_OOS,B1CH,337216N1178318W003,7,1,13.567344740477319,15.502964581574767,-4.69858913974213,1.0,29.669999999999998,head-level residual equals delta-h residual conditional on observed h_prev
T1_TEMPORAL_OOS,B1CH,337233N1179421W001,3,1,4.020590640975488,4.646622668840849,-4.020590640975488,1.0,5.3149999999999995,head-level residual equals delta-h residual conditional on observed h_prev
T1_TEMPORAL_OOS,B1CH,337233N1179421W002,3,1,1.6775075339314718,2.4761211192882553,1.6775075339314718,1.0,0.8950000000000005,head-level residual equals delta-h residual conditional on observed h_prev
T1_TEMPORAL_OOS,B1CH,337233N1179421W003,3,1,4.249119084756782,5.5839935464289745,-4.249119084756782,1.0,4.830000000000002,head-level residual equals delta-h residual conditional on observed h_prev
T1_TEMPORAL_OOS,B1CH,337279N1179386W001,13,1,6.802560502912058,8.714062816879425,-2.165852339630481,0.8461538461538461,15.5,head-level residual equals delta-h residual conditional on observed h_prev
T1_TEMPORAL_OOS,B1CH,337281N1177946W001,11,1,44.53999617487023,72.44934717771328,-15.345571782538752,0.8181818181818182,36.5,head-level residual equals delta-h residual conditional on observed h_prev
T1_TEMPORAL_OOS,B1CH,337304N1177898W001,2,1,5.7226541174391,6.887987152753105,-3.8334836465868944,1.0,7.0,head-level residual equals delta-h residual conditional on observed h_prev
T1_TEMPORAL_OOS,B1CH,337304N1180246W001,10,1,9.712990239553866,13.943499802148372,-4.095459949228244,0.8888888888888888,21.5,head-level residual equals delta-h residual conditional on observed h_prev
T1_TEMPORAL_OOS,B1CH,337305N1180330W001,13,1,5.130267024230211,6.186365110862742,-2.398756329932605,0.8461538461538461,14.999999999999998,head-level residual equals delta-h residual conditional on observed h_prev
T1_TEMPORAL_OOS,B1CH,337334N1178220W001,4,1,18.069974196312675,20.174519481917116,-2.8830799455563034,0.5,20.575,head-level residual equals delta-h residual conditional on observed h_prev
T1_TEMPORAL_OOS,B1CH,337344N1178235W001,4,1,8.282308703824851,11.059178032705681,-6.883079945556302,0.5,8.124999999999998,head-level residual equals delta-h residual conditional on observed h_prev
T1_TEMPORAL_OOS,B1CH,337370N1178012W001,4,1,7.623604274201416,9.175663519408273,-7.452623138179529,0.75,16.325,head-level residual equals delta-h residual conditional on observed h_prev
T1_TEMPORAL_OOS,B1CH,337374N1179933W001,14,1,1.4678239495743874,2.312411081269976,-0.7469555121073493,0.7857142857142857,1.4124999999999996,head-level residual equals delta-h residual conditional on observed h_prev
T1_TEMPORAL_OOS,B1CH,337374N1179933W002,8,1,5.597030851587613,6.536433991559845,-0.7416301637033393,0.75,10.682500000000001,head-level residual equals delta-h residual conditional on observed h_prev
T1_TEMPORAL_OOS,B1CH,337374N1179933W003,8,1,7.172192452608618,9.863645111670516,-0.7302216428924542,1.0,10.8675,head-level residual equals delta-h residual conditional on observed h_prev
T1_TEMPORAL_OOS,B1CH,337425N1178213W001,2,1,64.45391995707172,79.92223968893748,-64.45391995707172,1.0,47.75,head-level residual equals delta-h residual conditional on observed h_prev
T1_TEMPORAL_OOS,B1CH,337525N1179058W001,7,1,4.155309644307115,4.776514083915498,-1.0957718188724104,0.8571428571428571,0.9249999999999972,head-level residual equals delta-h residual conditional on observed h_prev
T1_TEMPORAL_OOS,B1CH,337525N1179058W002,7,1,9.088930602381746,10.137430727502599,-2.7199791142838783,1.0,25.945,head-level residual equals delta-h residual conditional on observed h_prev
T1_TEMPORAL_OOS,B1CH,337525N1179058W003,7,1,20.145173706747244,23.702208278616503,-6.533959894050438,0.8571428571428571,32.504999999999995,head-level residual equals delta-h residual conditional on observed h_prev
T1_TEMPORAL_OOS,B1CH,337589N1179207W001,1,1,8.488522882312,8.488522882312,8.488522882312,1.0,0.0,head-level residual equals delta-h residual conditional on observed h_prev
T1_TEMPORAL_OOS,B1CH,337591N1180435W001,7,1,4.912397256294699,5.321965827890629,-0.627348469410426,0.8571428571428571,2.2699999999999996,head-level residual equals delta-h residual conditional on observed h_prev
T1_TEMPORAL_OOS,B1CH,337591N1180435W002,7,1,9.13246321102466,12.791752142489832,-3.4521267896378562,1.0,25.890000000000004,head-level residual equals delta-h residual conditional on observed h_prev
T1_TEMPORAL_OOS,B1CH,337591N1180435W003,7,1,7.1330045756454385,8.058043411439659,-0.4435966190358261,0.8571428571428571,13.184999999999999,head-level residual equals delta-h residual conditional on observed h_prev
T1_TEMPORAL_OOS,B1CH,337593N1180743W001,13,1,7.788488822856217,10.142867153430661,-2.3918004357485265,0.9166666666666666,20.0,head-level residual equals delta-h residual conditional on observed h_prev
T1_TEMPORAL_OOS,B1CH,337595N1180740W001,11,1,9.876604921801418,12.435210437507566,-1.4265403911362409,0.8181818181818182,15.3,head-level residual equals delta-h residual conditional on observed h_prev
T1_TEMPORAL_OOS,B1CH,337646N1178432W001,8,1,5.5568211006967925,7.0556924455376775,-1.2739514832317211,0.375,1.5725000000000016,head-level residual equals delta-h residual conditional on observed h_prev
T1_TEMPORAL_OOS,B1CH,337646N1178432W002,8,1,10.29502044639666,11.772190904709728,-3.729418069121671,0.875,27.775,head-level residual equals delta-h residual conditional on observed h_prev
T1_TEMPORAL_OOS,B1CH,337646N1178432W003,8,1,12.484038839039977,16.069881734551128,-5.808895696960882,0.875,22.34,head-level residual equals delta-h residual conditional on observed h_prev
T1_TEMPORAL_OOS,B1CH,337754N1178448W001,13,1,8.42542256480975,10.330737205127758,-1.7912726255804472,0.8333333333333334,11.0,head-level residual equals delta-h residual conditional on observed h_prev
T1_TEMPORAL_OOS,B1CH,337779N1179480W001,6,1,4.5635790761303285,5.551685164499385,-1.377225845709236,1.0,1.9000000000000057,head-level residual equals delta-h residual conditional on observed h_prev
T1_TEMPORAL_OOS,B1CH,337779N1179480W002,6,1,6.099432460495926,7.114488318297716,-0.8721732183529886,1.0,16.222499999999997,head-level residual equals delta-h residual conditional on observed h_prev
T1_TEMPORAL_OOS,B1CH,337779N1179480W003,6,1,7.707105359076546,8.831446639290379,-1.0105896825130463,0.8333333333333334,25.732499999999998,head-level residual equals delta-h residual conditional on observed h_prev
T1_TEMPORAL_OOS,B1CH,337800N1180851W001,12,1,2.3937884761663493,2.7796826906471335,-1.3689087019800297,0.9166666666666666,5.624999999999999,head-level residual equals delta-h residual conditional on observed h_prev
T1_TEMPORAL_OOS,B1CH,337806N1178326W001,4,1,7.575773763896588,8.719045430835969,-7.043885197397748,0.75,6.014999999999999,head-level residual equals delta-h residual conditional on observed h_prev
T1_TEMPORAL_OOS,B1CH,337856N1178834W001,7,1,5.757653711379809,6.459627294992291,-1.850989284266427,0.2857142857142857,2.914999999999999,head-level residual equals delta-h residual conditional on observed h_prev
T1_TEMPORAL_OOS,B1CH,337856N1178834W002,7,1,8.13280228503943,8.838240051334388,-3.37811521127021,0.7142857142857143,16.87,head-level residual equals delta-h residual conditional on observed h_prev
T1_TEMPORAL_OOS,B1CH,337856N1178834W003,7,1,7.850915678684715,8.377241800084557,-2.7380773680836996,0.8571428571428571,21.229999999999997,head-level residual equals delta-h residual conditional on observed h_prev
T1_TEMPORAL_OOS,B1CH,337910N1178268W001,15,1,3.1039904093420274,3.474144535906774,-1.7134608644132887,0.8,1.399999999999995,head-level residual equals delta-h residual conditional on observed h_prev
T1_TEMPORAL_OOS,B1CH,337959N1180672W001,7,1,4.427473131202489,4.8197182685846025,-0.6638231520143795,0.7142857142857143,2.83,head-level residual equals delta-h residual conditional on observed h_prev
T1_TEMPORAL_OOS,B1CH,337959N1180672W002,7,1,8.349615514196937,9.305785739774855,-1.2748048928125908,0.8571428571428571,15.335,head-level residual equals delta-h residual conditional on observed h_prev
T1_TEMPORAL_OOS,B1CH,337959N1180672W003,7,1,5.160224078603117,6.233268420338734,-1.8669864792667166,1.0,16.259999999999998,head-level residual equals delta-h residual conditional on observed h_prev
T1_TEMPORAL_OOS,B1CH,337995N1178787W001,7,1,6.007540825609403,7.303216651538862,-2.227721003756803,0.5714285714285714,4.699999999999996,head-level residual equals delta-h residual conditional on observed h_prev
T1_TEMPORAL_OOS,B1CH,337995N1178787W002,7,1,3.6311983350465034,4.335258524121025,-2.5400250680017544,1.0,13.024999999999999,head-level residual equals delta-h residual conditional on observed h_prev
T1_TEMPORAL_OOS,B1CH,337995N1178787W003,7,1,5.6891247986485896,7.1919662752826525,-3.582832124313351,1.0,21.310000000000002,head-level residual equals delta-h residual conditional on observed h_prev
T1_TEMPORAL_OOS,B1CH,338045N1179568W001,13,1,3.5841091386854327,3.997626733952616,-0.9484792325309471,0.5384615384615384,4.0,head-level residual equals delta-h residual conditional on observed h_prev
T1_TEMPORAL_OOS,B1CH,338047N1178086W001,25,1,3.5862624063362576,8.049192642463924,-3.1755193246508884,0.88,0.3800000000000239,head-level residual equals delta-h residual conditional on observed h_prev
T1_TEMPORAL_OOS,B1CH,338047N1178086W002,25,1,3.772114365328625,7.2066693332969285,-3.511910798223801,0.64,1.1200000000000045,head-level residual equals delta-h residual conditional on observed h_prev
T1_TEMPORAL_OOS,B1CH,338161N1180207W001,1,1,3.345986579792263,3.345986579792263,-3.345986579792263,1.0,0.0,head-level residual equals delta-h residual conditional on observed h_prev
T1_TEMPORAL_OOS,B1CH,338170N1179764W001,8,1,4.939670835664313,6.483979128387934,-0.37021022299993744,0.625,9.75,head-level residual equals delta-h residual conditional on observed h_prev
T1_TEMPORAL_OOS,B1CH,338205N1180164W001,7,1,3.1557284799007137,3.9332287123576104,-1.4237896258688607,0.8571428571428571,3.5649999999999995,head-level residual equals delta-h residual conditional on observed h_prev
T1_TEMPORAL_OOS,B1CH,338205N1180164W002,4,1,6.496564613316207,8.721297305981976,4.467552278626715,1.0,10.38,head-level residual equals delta-h residual conditional on observed h_prev
T1_TEMPORAL_OOS,B1CH,338205N1180164W003,7,1,5.386201247482616,6.721267637112898,-1.5210103403216455,0.7142857142857143,6.449999999999999,head-level residual equals delta-h residual conditional on observed h_prev
T1_TEMPORAL_OOS,B1CH,338229N1179374W001,6,1,5.597741294574096,6.142020523914388,-1.424195599945979,0.6666666666666666,1.6374999999999993,head-level residual equals delta-h residual conditional on observed h_prev
T1_TEMPORAL_OOS,B1CH,338229N1179374W002,6,1,3.43001573413858,3.8500492663718835,-0.7615188391576614,0.8333333333333334,11.577500000000002,head-level residual equals delta-h residual conditional on observed h_prev
T1_TEMPORAL_OOS,B1CH,338229N1179374W003,6,1,4.261543730742652,4.557684139614649,-1.273505847441222,0.8333333333333334,13.635000000000002,head-level residual equals delta-h residual conditional on observed h_prev
T1_TEMPORAL_OOS,B1CH,338250N1179465W001,13,1,2.8936557100454245,3.3785518167487782,-1.6301835876869537,0.8461538461538461,5.0,head-level residual equals delta-h residual conditional on observed h_prev
T1_TEMPORAL_OOS,B1CH,338285N1179436W001,13,1,4.660270498928177,4.958679939846366,-1.577145119418915,0.6666666666666666,8.999999999999996,head-level residual equals delta-h residual conditional on observed h_prev
T1_TEMPORAL_OOS,B1CH,338285N1179891W001,1,1,2.6971873427943356,2.6971873427943356,2.6971873427943356,1.0,0.0,head-level residual equals delta-h residual conditional on observed h_prev
T1_TEMPORAL_OOS,B1CH,338320N1180539W001,12,1,3.4420333903264937,4.418504281499536,-1.3652449036420986,0.6,2.1649999999999983,head-level residual equals delta-h residual conditional on observed h_prev
T1_TEMPORAL_OOS,B1CH,338327N1178668W001,6,1,6.15905903247944,7.0119581503857304,-2.9830421433182033,0.5,7.335000000000001,head-level residual equals delta-h residual conditional on observed h_prev
T1_TEMPORAL_OOS,B1CH,338327N1178668W002,6,1,4.4249262408445675,4.693956804841325,-1.1022566325920822,0.5,8.752500000000001,head-level residual equals delta-h residual conditional on observed h_prev
T1_TEMPORAL_OOS,B1CH,338327N1178668W003,6,1,4.822107323692658,5.368654936352535,-2.0210759462607992,0.5,8.870000000000001,head-level residual equals delta-h residual conditional on observed h_prev
T1_TEMPORAL_OOS,B1CH,338349N1180575W001,12,1,4.029752377231566,4.7278966019187285,-1.4277449036420986,0.45454545454545453,3.2875,head-level residual equals delta-h residual conditional on observed h_prev
T1_TEMPORAL_OOS,B1CH,338366N1179547W001,11,1,2.262162181539028,2.7865698550853453,-1.4692290212527703,1.0,6.0,head-level residual equals delta-h residual conditional on observed h_prev
T1_TEMPORAL_OOS,B1CH,338451N1179506W001,13,1,3.3829834495384876,4.928819231031825,-1.7152715782806918,0.9090909090909091,7.000000000000002,head-level residual equals delta-h residual conditional on observed h_prev
T1_TEMPORAL_OOS,B1CH,338469N1179285W001,13,1,4.029414475052314,5.373977650144206,-1.5442214936590255,0.75,9.0,head-level residual equals delta-h residual conditional on observed h_prev
T1_TEMPORAL_OOS,B1CH,338488N1179110W001,6,1,6.648991629929284,7.008388896204311,-2.1669649011983956,0.5,2.7924999999999915,head-level residual equals delta-h residual conditional on observed h_prev
T1_TEMPORAL_OOS,B1CH,338488N1179110W002,6,1,2.4640465249200423,2.7669408791551526,-1.6554634497544276,0.8333333333333334,6.769999999999996,head-level residual equals delta-h residual conditional on observed h_prev
T1_TEMPORAL_OOS,B1CH,338490N1179163W001,13,1,2.3162897239561633,2.9579900569506794,-0.9176936728887898,0.8,3.0,head-level residual equals delta-h residual conditional on observed h_prev
T1_TEMPORAL_OOS,B1CH,338490N1179166W001,13,1,2.6049032797181715,2.978654137137894,-0.9176936728887894,0.9,5.0,head-level residual equals delta-h residual conditional on observed h_prev
T1_TEMPORAL_OOS,B1CH,338509N1178361W001,6,1,7.832315165911079,8.306791307162655,0.404202508879487,0.16666666666666666,4.090000000000025,head-level residual equals delta-h residual conditional on observed h_prev
T1_TEMPORAL_OOS,B1CH,338509N1178361W002,6,1,7.345154556926833,7.628454394873624,0.05424711089979869,0.16666666666666666,3.819999999999986,head-level residual equals delta-h residual conditional on observed h_prev
T1_TEMPORAL_OOS,B1CH,338511N1180333W001,1,1,0.4540620736842076,0.4540620736842076,-0.4540620736842076,1.0,0.0,head-level residual equals delta-h residual conditional on observed h_prev
T1_TEMPORAL_OOS,B1CH,338543N1178361W001,48,1,1.9389620283312394,2.4789715348775125,-0.06199286320592945,0.375,1.6749999999999972,head-level residual equals delta-h residual conditional on observed h_prev
T1_TEMPORAL_OOS,B1CH,338552N1178566W001,6,1,6.448075179823946,7.180223456493207,1.0818602633359131,0.5,6.729999999999993,head-level residual equals delta-h residual conditional on observed h_prev
T1_TEMPORAL_OOS,B1CH,338552N1178566W002,6,1,7.732810828953614,9.294300330610477,0.03923028484026925,0.6666666666666666,3.6274999999999977,head-level residual equals delta-h residual conditional on observed h_prev
T1_TEMPORAL_OOS,B1CH,338552N1178566W003,6,1,7.798977211451329,9.38045985727035,0.08897875495589107,0.6666666666666666,3.612500000000022,head-level residual equals delta-h residual conditional on observed h_prev
T1_TEMPORAL_OOS,B1CH,338556N1180264W001,8,1,3.7535047234149426,4.372215091257976,-1.3056554126673983,0.75,1.6625000000000005,head-level residual equals delta-h residual conditional on observed h_prev
T1_TEMPORAL_OOS,B1CH,338556N1180264W002,7,1,7.904893156293123,9.499682680546224,-1.3399738954144407,0.8571428571428571,12.585,head-level residual equals delta-h residual conditional on observed h_prev
T1_TEMPORAL_OOS,B1CH,338556N1180264W003,8,1,4.353700381966039,5.693282322784912,-1.2931998701113647,0.875,7.384999999999998,head-level residual equals delta-h residual conditional on observed h_prev
T1_TEMPORAL_OOS,B1CH,338628N1179046W001,10,1,5.933480578130185,7.276504651804746,-2.9714563866333736,0.5555555555555556,5.250000000000002,head-level residual equals delta-h residual conditional on observed h_prev
T1_TEMPORAL_OOS,B1CH,338629N1178426W001,13,1,5.440930149293919,7.310038838629858,0.8728765911645133,0.6363636363636364,3.0,head-level residual equals delta-h residual conditional on observed h_prev
T1_TEMPORAL_OOS,B1CH,338638N1178430W001,13,1,4.788306503563718,6.576514896449498,0.795953514241437,0.6666666666666666,5.0,head-level residual equals delta-h residual conditional on observed h_prev
T1_TEMPORAL_OOS,B1CH,338642N1178978W001,6,1,6.2184706575938185,6.847968902012407,-1.630081798989636,0.5,3.669999999999998,head-level residual equals delta-h residual conditional on observed h_prev
T1_TEMPORAL_OOS,B1CH,338642N1178978W002,6,1,3.1079509758828787,3.6592390270918758,-0.9697420153367601,0.8333333333333334,6.277500000000003,head-level residual equals delta-h residual conditional on observed h_prev
T1_TEMPORAL_OOS,B1CH,338642N1178978W003,6,1,4.1929546213116415,4.887883583298966,-0.35336696407866636,0.6666666666666666,7.464999999999989,head-level residual equals delta-h residual conditional on observed h_prev
T1_TEMPORAL_OOS,B1CH,338642N1178979W001,13,1,3.636112808245789,3.915631305490143,-0.9683864021478304,0.6666666666666666,3.5,head-level residual equals delta-h residual conditional on observed h_prev
T1_TEMPORAL_OOS,B1CH,338649N1178024W001,6,1,6.028537692032512,6.637846750637071,-0.9910864699858486,0.6666666666666666,2.914999999999992,head-level residual equals delta-h residual conditional on observed h_prev
T1_TEMPORAL_OOS,B1CH,338650N1178151W001,12,1,8.154662290498234,12.866828947001633,-0.6725164373316547,0.5833333333333334,1.5974999999999966,head-level residual equals delta-h residual conditional on observed h_prev
T1_TEMPORAL_OOS,B1CH,338664N1178426W001,13,1,5.6328242538000435,7.790208192111281,0.782235340626941,0.5833333333333334,2.0,head-level residual equals delta-h residual conditional on observed h_prev
T1_TEMPORAL_OOS,B1CH,338715N1179765W001,10,1,2.2651233530306127,2.7615271519833056,-1.3509381449617703,0.9,5.02,head-level residual equals delta-h residual conditional on observed h_prev
T1_TEMPORAL_OOS,B1CH,338764N1176943W001,3,1,6.527356720841714,6.824612568130259,3.284440083064455,0.0,0.9000000000000057,head-level residual equals delta-h residual conditional on observed h_prev
T1_TEMPORAL_OOS,B1CH,338774N1176944W001,4,1,6.178279005203559,6.326065102981183,2.692599919932042,0.5,0.30000000000001137,head-level residual equals delta-h residual conditional on observed h_prev
T1_TEMPORAL_OOS,B1CH,338942N1178371W001,12,1,3.925153810175107,4.57698238683801,-1.3533741169597715,0.16666666666666666,0.3049999999999784,head-level residual equals delta-h residual conditional on observed h_prev
T1_TEMPORAL_OOS,B1CH,338970N1179254W001,5,1,8.086025322912114,9.355813036596413,-2.8865205997995496,0.4,1.1400000000000148,head-level residual equals delta-h residual conditional on observed h_prev
T2_SPATIOTEMPORAL_OOS,B1,336557N1179512W001,13,1,2.9044583064821627,3.510812771861648,-1.0352085266696796,0.7692307692307693,2.420000000000001,head-level residual equals delta-h residual conditional on observed h_prev
T2_SPATIOTEMPORAL_OOS,B1,336632N1178523W001,2,1,2.263495092841715,2.4060258706791187,0.8158127573522536,1.0,2.570000000000002,head-level residual equals delta-h residual conditional on observed h_prev
T2_SPATIOTEMPORAL_OOS,B1,336669N1177464W001,6,1,3.109662626824816,3.730755043221129,-3.109662626824816,0.6666666666666666,2.422499999999985,head-level residual equals delta-h residual conditional on observed h_prev
T2_SPATIOTEMPORAL_OOS,B1,336672N1179322W001,24,1,3.0864260616728174,3.586939754534857,-1.2320891727322663,0.6666666666666666,1.8249999999999957,head-level residual equals delta-h residual conditional on observed h_prev
T2_SPATIOTEMPORAL_OOS,B1,336684N1177654W001,6,1,7.585022300498379,8.752039690394842,-4.148246467728995,0.8333333333333334,13.582499999999996,head-level residual equals delta-h residual conditional on observed h_prev
T2_SPATIOTEMPORAL_OOS,B1,336716N1177529W001,7,1,3.086203691231044,3.5803361236918545,-1.846884908929064,0.42857142857142855,0.2749999999999915,head-level residual equals delta-h residual conditional on observed h_prev
T2_SPATIOTEMPORAL_OOS,B1,336716N1177529W002,7,1,3.228155718097556,3.526739135885642,-2.861220184447929,0.7142857142857143,5.10499999999999,head-level residual equals delta-h residual conditional on observed h_prev
T2_SPATIOTEMPORAL_OOS,B1,336726N1177521W001,6,1,5.123164878425008,5.245685297747296,-3.708246467728993,0.6666666666666666,5.012499999999989,head-level residual equals delta-h residual conditional on observed h_prev
T2_SPATIOTEMPORAL_OOS,B1,336726N1178014W001,5,1,7.185959062273755,8.67704085423587,-5.8484183536760055,0.6,9.299999999999997,head-level residual equals delta-h residual conditional on observed h_prev
T2_SPATIOTEMPORAL_OOS,B1,336746N1177574W001,2,1,7.878010590068959,8.653875002566568,-7.878010590068959,0.5,5.200000000000003,head-level residual equals delta-h residual conditional on observed h_prev
T2_SPATIOTEMPORAL_OOS,B1,336749N1179628W001,13,1,2.98328958682903,3.5602408753411483,-1.4679121570988571,0.8461538461538461,3.5,head-level residual equals delta-h residual conditional on observed h_prev
T2_SPATIOTEMPORAL_OOS,B1,336753N1177488W001,6,1,4.39816487842501,4.810073328821803,-3.5232464677289954,0.5,2.500000000000007,head-level residual equals delta-h residual conditional on observed h_prev
T2_SPATIOTEMPORAL_OOS,B1,336781N1178263W001,13,1,7.847895931576054,9.868935814979737,-2.7618402505579107,0.8461538461538461,14.099999999999996,head-level residual equals delta-h residual conditional on observed h_prev
T2_SPATIOTEMPORAL_OOS,B1,336792N1177457W001,4,1,9.136176401562535,10.385354968324053,-7.620281902875282,0.25,7.7500000000000036,head-level residual equals delta-h residual conditional on observed h_prev
T2_SPATIOTEMPORAL_OOS,B1,336795N1177780W001,10,1,21.026593639374894,29.723825049152556,-4.212951484034144,0.9,18.55,head-level residual equals delta-h residual conditional on observed h_prev
T2_SPATIOTEMPORAL_OOS,B1,336798N1177876W001,6,1,2.5992242615763055,3.1361243808587167,-2.0254881473515716,0.6666666666666666,1.5600000000000058,head-level residual equals delta-h residual conditional on observed h_prev
T2_SPATIOTEMPORAL_OOS,B1,336798N1177876W002,6,1,24.075165215082965,29.789071539590385,-10.603866743525446,0.8333333333333334,39.39,head-level residual equals delta-h residual conditional on observed h_prev
T2_SPATIOTEMPORAL_OOS,B1,336813N1177975W001,8,1,54.08041357118434,85.23127554499212,-0.9990917715667162,0.625,31.25,head-level residual equals delta-h residual conditional on observed h_prev
T2_SPATIOTEMPORAL_OOS,B1,336824N1177430W001,4,1,4.253648473048171,4.985037229604395,-4.253648473048171,0.5,1.8649999999999949,head-level residual equals delta-h residual conditional on observed h_prev
T2_SPATIOTEMPORAL_OOS,B1,336831N1179773W001,7,1,12.376951869718722,14.91192743559941,-3.866247967832446,1.0,25.409999999999993,head-level residual equals delta-h residual conditional on observed h_prev
T2_SPATIOTEMPORAL_OOS,B1,336848N1179242W001,12,1,12.071636858908638,17.409848082541945,-1.2107935273976365,0.5833333333333334,9.207499999999998,head-level residual equals delta-h residual conditional on observed h_prev
T2_SPATIOTEMPORAL_OOS,B1,336853N1177671W001,1,1,7.384268473516459,7.384268473516459,-7.384268473516459,1.0,0.0,head-level residual equals delta-h residual conditional on observed h_prev
T2_SPATIOTEMPORAL_OOS,B1,336853N1179432W001,12,1,4.88630814702306,6.010488935521784,-1.3251384300434081,0.6666666666666666,5.590000000000003,head-level residual equals delta-h residual conditional on observed h_prev
T2_SPATIOTEMPORAL_OOS,B1,336868N1179445W001,11,1,4.299184065748011,5.79233769425987,-0.8899954522309765,0.7272727272727273,5.934999999999999,head-level residual equals delta-h residual conditional on observed h_prev
T2_SPATIOTEMPORAL_OOS,B1,336870N1178340W001,2,1,62.55021060095619,62.76813074559805,5.2258387912869,0.5,64.5,head-level residual equals delta-h residual conditional on observed h_prev
T2_SPATIOTEMPORAL_OOS,B1,336870N1179436W001,11,1,4.29918406574801,5.79233769425987,-0.8899954522309765,0.7272727272727273,5.9350000000000005,head-level residual equals delta-h residual conditional on observed h_prev
T2_SPATIOTEMPORAL_OOS,B1,336875N1179148W001,8,1,1.8322107096155147,2.0577004118180673,-0.8229301776401852,1.0,4.205,head-level residual equals delta-h residual conditional on observed h_prev
T2_SPATIOTEMPORAL_OOS,B1,336886N1178041W001,7,1,16.41086572368717,19.657177384544728,-5.7102039298734635,0.7142857142857143,28.749999999999996,head-level residual equals delta-h residual conditional on observed h_prev
T2_SPATIOTEMPORAL_OOS,B1,336906N1179435W001,13,1,11.571565112021775,14.462661877757183,-3.496416999359881,0.6923076923076923,13.79000000000002,head-level residual equals delta-h residual conditional on observed h_prev
T2_SPATIOTEMPORAL_OOS,B1,336928N1177446W001,4,1,3.968527152259809,4.215406802137424,-3.968527152259809,0.5,1.9500000000000242,head-level residual equals delta-h residual conditional on observed h_prev
T2_SPATIOTEMPORAL_OOS,B1,336941N1179435W001,1,1,45.80802759791737,45.80802759791737,-45.80802759791737,1.0,0.0,head-level residual equals delta-h residual conditional on observed h_prev
T2_SPATIOTEMPORAL_OOS,B1,336944N1177985W001,2,1,35.217533280013114,46.248636735143364,-35.217533280013114,0.0,31.0,head-level residual equals delta-h residual conditional on observed h_prev
T2_SPATIOTEMPORAL_OOS,B1,336962N1178987W001,26,1,6.897477158328129,10.967939187855862,-2.646757151203803,0.7692307692307693,9.875000000000004,head-level residual equals delta-h residual conditional on observed h_prev
T2_SPATIOTEMPORAL_OOS,B1,336963N1179065W001,19,1,14.252286742465182,24.814459516929745,-2.938187635300844,0.7368421052631579,13.449999999999996,head-level residual equals delta-h residual conditional on observed h_prev
T2_SPATIOTEMPORAL_OOS,B1,336966N1179388W001,1,1,5.873520207308187,5.873520207308187,-5.873520207308187,1.0,0.0,head-level residual equals delta-h residual conditional on observed h_prev
T2_SPATIOTEMPORAL_OOS,B1,336977N1178594W001,11,1,11.87816706685259,14.628315645128218,-3.9231888627579377,0.8181818181818182,22.849999999999998,head-level residual equals delta-h residual conditional on observed h_prev
T2_SPATIOTEMPORAL_OOS,B1,336978N1179845W001,4,1,3.238900501668893,4.102499597825109,-1.7438069225675388,0.5,2.3,head-level residual equals delta-h residual conditional on observed h_prev
T2_SPATIOTEMPORAL_OOS,B1,336979N1179454W001,1,1,4.933520207308203,4.933520207308203,-4.933520207308203,1.0,0.0,head-level residual equals delta-h residual conditional on observed h_prev
T2_SPATIOTEMPORAL_OOS,B1,337046N1180143W001,6,1,1.94288382987311,2.7843881578179035,0.023282567392252984,0.8333333333333334,4.114999999999999,head-level residual equals delta-h residual conditional on observed h_prev
T2_SPATIOTEMPORAL_OOS,B1,337046N1180143W002,6,1,11.352483960741536,14.054824011311258,2.589913903650862,0.8333333333333334,14.674999999999995,head-level residual equals delta-h residual conditional on observed h_prev
T2_SPATIOTEMPORAL_OOS,B1,337057N1180070W001,13,1,12.413374752935153,14.261893830836058,-3.8602405503923545,0.6923076923076923,27.0,head-level residual equals delta-h residual conditional on observed h_prev
T2_SPATIOTEMPORAL_OOS,B1,337059N1180056W001,13,1,11.336451676012077,13.63408027353883,-3.8602405503923545,0.6923076923076923,24.0,head-level residual equals delta-h residual conditional on observed h_prev
T2_SPATIOTEMPORAL_OOS,B1,337105N1178932W001,13,1,16.522438666966767,23.838925651653092,-2.42350468213713,0.6923076923076923,19.71999999999999,head-level residual equals delta-h residual conditional on observed h_prev
T2_SPATIOTEMPORAL_OOS,B1,337105N1178932W002,13,1,9.887052996953221,13.541706836956502,-2.2173497813543537,0.8461538461538461,20.53000000000001,head-level residual equals delta-h residual conditional on observed h_prev
T2_SPATIOTEMPORAL_OOS,B1,337112N1177826W001,4,1,38.40941935424892,41.778619580203866,-18.079891521237712,0.25,34.75,head-level residual equals delta-h residual conditional on observed h_prev
T2_SPATIOTEMPORAL_OOS,B1,337141N1179955W001,12,1,2.7312207399621027,3.4273742919139596,-1.113972245647022,0.8333333333333334,6.3725000000000005,head-level residual equals delta-h residual conditional on observed h_prev
T2_SPATIOTEMPORAL_OOS,B1,337148N1177696W001,7,1,2.983209067632097,3.553026610238436,-1.4392951022237834,0.3333333333333333,0.5000000000000071,head-level residual equals delta-h residual conditional on observed h_prev
T2_SPATIOTEMPORAL_OOS,B1,337148N1177696W002,7,1,5.193813914648879,6.032502238710442,-3.5861768317261267,0.8571428571428571,12.625,head-level residual equals delta-h residual conditional on observed h_prev
T2_SPATIOTEMPORAL_OOS,B1,337148N1177696W003,7,1,7.046279311284048,8.13699009333406,-3.8203137697931715,0.8571428571428571,13.839999999999996,head-level residual equals delta-h residual conditional on observed h_prev
T2_SPATIOTEMPORAL_OOS,B1,337161N1179887W001,3,1,2.6696569288392866,2.9467271244516073,-0.08360988770978513,1.0,3.5650000000000004,head-level residual equals delta-h residual conditional on observed h_prev
T2_SPATIOTEMPORAL_OOS,B1,337188N1180275W001,9,1,6.322532719576884,8.365392167629118,-1.1494752030278237,0.8888888888888888,17.0,head-level residual equals delta-h residual conditional on observed h_prev
T2_SPATIOTEMPORAL_OOS,B1,337216N1178318W001,7,1,2.6000322009027874,3.2827934986763267,-1.9367164242459538,0.5714285714285714,1.1849999999999987,head-level residual equals delta-h residual conditional on observed h_prev
T2_SPATIOTEMPORAL_OOS,B1,337216N1178318W002,7,1,16.759546921120585,18.914298369225968,-6.129564879399448,0.7142857142857143,28.990000000000002,head-level residual equals delta-h residual conditional on observed h_prev
T2_SPATIOTEMPORAL_OOS,B1,337216N1178318W003,7,1,16.50387357134221,18.7118929444416,-5.449557023497213,0.8571428571428571,29.669999999999998,head-level residual equals delta-h residual conditional on observed h_prev
T2_SPATIOTEMPORAL_OOS,B1,337233N1179421W001,3,1,4.789892146760327,5.756606839733164,-4.789892146760327,1.0,5.3149999999999995,head-level residual equals delta-h residual conditional on observed h_prev
T2_SPATIOTEMPORAL_OOS,B1,337233N1179421W002,3,1,0.9238096466207087,1.3543411986974065,0.9238096466207087,1.0,0.8950000000000005,head-level residual equals delta-h residual conditional on observed h_prev
T2_SPATIOTEMPORAL_OOS,B1,337233N1179421W003,3,1,5.002871861209223,6.052920612967898,-5.002871861209223,1.0,4.830000000000002,head-level residual equals delta-h residual conditional on observed h_prev
T2_SPATIOTEMPORAL_OOS,B1,337279N1179386W001,13,1,6.989879411177428,9.227148457618146,-2.043200248255069,0.7692307692307693,15.5,head-level residual equals delta-h residual conditional on observed h_prev
T2_SPATIOTEMPORAL_OOS,B1,337281N1177946W001,11,1,45.32517560699818,74.19804433173563,-14.405630367098894,0.9090909090909091,36.5,head-level residual equals delta-h residual conditional on observed h_prev
T2_SPATIOTEMPORAL_OOS,B1,337304N1177898W001,2,1,6.228402002432208,6.884817994906382,-2.9338928608736197,0.5,7.0,head-level residual equals delta-h residual conditional on observed h_prev
T2_SPATIOTEMPORAL_OOS,B1,337304N1180246W001,10,1,10.290744333564657,14.691249496148624,-3.9309310661779477,0.7777777777777778,21.5,head-level residual equals delta-h residual conditional on observed h_prev
T2_SPATIOTEMPORAL_OOS,B1,337305N1180330W001,13,1,5.102726289080986,6.785869874140712,-2.5525482427000465,0.7692307692307693,14.999999999999998,head-level residual equals delta-h residual conditional on observed h_prev
T2_SPATIOTEMPORAL_OOS,B1,337334N1178220W001,4,1,19.682564831594238,22.594695092371104,-2.9524764639870047,0.5,20.575,head-level residual equals delta-h residual conditional on observed h_prev
T2_SPATIOTEMPORAL_OOS,B1,337344N1178235W001,4,1,7.837203257539633,8.679440625121684,-6.952476463987004,0.5,8.124999999999998,head-level residual equals delta-h residual conditional on observed h_prev
T2_SPATIOTEMPORAL_OOS,B1,337370N1178012W001,4,1,10.212495852504256,13.89152729497543,-9.456322208675935,0.75,16.325,head-level residual equals delta-h residual conditional on observed h_prev
T2_SPATIOTEMPORAL_OOS,B1,337374N1179933W001,14,1,1.2848967700150897,1.479519911071967,-0.9481043466533154,0.7142857142857143,1.4124999999999996,head-level residual equals delta-h residual conditional on observed h_prev
T2_SPATIOTEMPORAL_OOS,B1,337374N1179933W002,8,1,5.945811103345823,7.189051798417595,-0.6192741373684114,0.75,10.682500000000001,head-level residual equals delta-h residual conditional on observed h_prev
T2_SPATIOTEMPORAL_OOS,B1,337374N1179933W003,8,1,7.040249583925854,10.830801177409525,-0.6080394441164176,1.0,10.8675,head-level residual equals delta-h residual conditional on observed h_prev
T2_SPATIOTEMPORAL_OOS,B1,337425N1178213W001,2,1,69.10376484469758,84.5754704668007,-69.10376484469758,1.0,47.75,head-level residual equals delta-h residual conditional on observed h_prev
T2_SPATIOTEMPORAL_OOS,B1,337525N1179058W001,7,1,2.2491733465094823,3.062367712732523,-1.601196377640713,0.8571428571428571,0.9249999999999972,head-level residual equals delta-h residual conditional on observed h_prev
T2_SPATIOTEMPORAL_OOS,B1,337525N1179058W002,7,1,11.076985737720266,12.172769164480039,-3.20949071072766,1.0,25.945,head-level residual equals delta-h residual conditional on observed h_prev
T2_SPATIOTEMPORAL_OOS,B1,337525N1179058W003,7,1,21.342906142349246,24.901481579447886,-7.023796828580762,0.8571428571428571,32.504999999999995,head-level residual equals delta-h residual conditional on observed h_prev
T2_SPATIOTEMPORAL_OOS,B1,337589N1179207W001,1,1,0.0396866805882512,0.0396866805882512,0.0396866805882512,1.0,0.0,head-level residual equals delta-h residual conditional on observed h_prev
T2_SPATIOTEMPORAL_OOS,B1,337591N1180435W001,7,1,2.5842056221486254,3.0708481534102834,-1.6609439233425118,0.8571428571428571,2.2699999999999996,head-level residual equals delta-h residual conditional on observed h_prev
T2_SPATIOTEMPORAL_OOS,B1,337591N1180435W002,7,1,11.615030609161126,14.362095463887497,-4.488254242701751,1.0,25.890000000000004,head-level residual equals delta-h residual conditional on observed h_prev
T2_SPATIOTEMPORAL_OOS,B1,337591N1180435W003,7,1,8.856314701103384,10.346560549162929,-1.4796715554138575,0.8571428571428571,13.184999999999999,head-level residual equals delta-h residual conditional on observed h_prev
T2_SPATIOTEMPORAL_OOS,B1,337593N1180743W001,13,1,7.591031385043495,10.219445074376003,-2.4715614708280933,0.9166666666666666,20.0,head-level residual equals delta-h residual conditional on observed h_prev
T2_SPATIOTEMPORAL_OOS,B1,337595N1180740W001,11,1,9.365445185719258,12.477064838141516,-1.0916098236588339,0.8181818181818182,15.3,head-level residual equals delta-h residual conditional on observed h_prev
T2_SPATIOTEMPORAL_OOS,B1,337646N1178432W001,8,1,3.117752711773419,3.913573470339292,-1.3648333390440504,0.25,1.5725000000000016,head-level residual equals delta-h residual conditional on observed h_prev
T2_SPATIOTEMPORAL_OOS,B1,337646N1178432W002,8,1,12.599766974167824,14.921584470225975,-3.8223560500200646,1.0,27.775,head-level residual equals delta-h residual conditional on observed h_prev
T2_SPATIOTEMPORAL_OOS,B1,337646N1178432W003,8,1,13.91993030374899,18.176041211806513,-5.8998273976121,1.0,22.34,head-level residual equals delta-h residual conditional on observed h_prev
T2_SPATIOTEMPORAL_OOS,B1,337754N1178448W001,13,1,8.338538113392534,10.788282438929208,-1.7305311509134096,0.8333333333333334,11.0,head-level residual equals delta-h residual conditional on observed h_prev
T2_SPATIOTEMPORAL_OOS,B1,337779N1179480W001,6,1,2.7742201837475045,3.753333214228834,-2.265838000988815,0.8333333333333334,1.9000000000000057,head-level residual equals delta-h residual conditional on observed h_prev
T2_SPATIOTEMPORAL_OOS,B1,337779N1179480W002,6,1,8.252926706316403,10.181903881789001,-1.7608091911042365,0.8333333333333334,16.222499999999997,head-level residual equals delta-h residual conditional on observed h_prev
T2_SPATIOTEMPORAL_OOS,B1,337779N1179480W003,6,1,9.014019006501595,10.327099839111042,-1.899150152421749,0.6666666666666666,25.732499999999998,head-level residual equals delta-h residual conditional on observed h_prev
T2_SPATIOTEMPORAL_OOS,B1,337800N1180851W001,12,1,2.3274310803332554,2.8263923724222257,-1.3980413270270409,0.9166666666666666,5.624999999999999,head-level residual equals delta-h residual conditional on observed h_prev
T2_SPATIOTEMPORAL_OOS,B1,337806N1178326W001,4,1,7.687363681422633,9.821395981954907,-7.485044984169479,0.75,6.014999999999999,head-level residual equals delta-h residual conditional on observed h_prev
T2_SPATIOTEMPORAL_OOS,B1,337856N1178834W001,7,1,4.85089212588151,5.8440224498449345,-2.134013925085227,0.2857142857142857,2.914999999999999,head-level residual equals delta-h residual conditional on observed h_prev
T2_SPATIOTEMPORAL_OOS,B1,337856N1178834W002,7,1,8.227531564540104,9.139983882479244,-3.6611475141327925,0.7142857142857143,16.87,head-level residual equals delta-h residual conditional on observed h_prev
T2_SPATIOTEMPORAL_OOS,B1,337856N1178834W003,7,1,9.359739799193944,10.322981806213965,-3.0211430320580708,0.8571428571428571,21.229999999999997,head-level residual equals delta-h residual conditional on observed h_prev
T2_SPATIOTEMPORAL_OOS,B1,337910N1178268W001,15,1,4.236998213810315,4.677282712699814,-3.6135184658410675,0.7333333333333333,1.399999999999995,head-level residual equals delta-h residual conditional on observed h_prev
T2_SPATIOTEMPORAL_OOS,B1,337959N1180672W001,7,1,2.312339633867069,2.8449030185781536,-1.53203893810728,0.7142857142857143,2.83,head-level residual equals delta-h residual conditional on observed h_prev
T2_SPATIOTEMPORAL_OOS,B1,337959N1180672W002,7,1,10.663632121855807,11.90049094051941,-2.1419237249667304,0.8571428571428571,15.335,head-level residual equals delta-h residual conditional on observed h_prev
T2_SPATIOTEMPORAL_OOS,B1,337959N1180672W003,7,1,7.411474387832229,8.85837687199625,-2.7348552144248006,1.0,16.259999999999998,head-level residual equals delta-h residual conditional on observed h_prev
T2_SPATIOTEMPORAL_OOS,B1,337995N1178787W001,7,1,6.14536304593473,7.369030905469169,-2.713050141423739,0.42857142857142855,4.699999999999996,head-level residual equals delta-h residual conditional on observed h_prev
T2_SPATIOTEMPORAL_OOS,B1,337995N1178787W002,7,1,5.670780190425232,6.350400339047054,-3.02285035553107,0.8571428571428571,13.024999999999999,head-level residual equals delta-h residual conditional on observed h_prev
T2_SPATIOTEMPORAL_OOS,B1,337995N1178787W003,7,1,7.518729794843105,8.559757955683743,-4.0688563320363125,0.8571428571428571,21.310000000000002,head-level residual equals delta-h residual conditional on observed h_prev
T2_SPATIOTEMPORAL_OOS,B1,338045N1179568W001,13,1,4.122461185624893,4.351490820852773,-0.6396190383477808,0.6153846153846154,4.0,head-level residual equals delta-h residual conditional on observed h_prev
T2_SPATIOTEMPORAL_OOS,B1,338047N1178086W001,25,1,5.981844037768479,10.330742990582017,-5.411821530477102,0.8,0.3800000000000239,head-level residual equals delta-h residual conditional on observed h_prev
T2_SPATIOTEMPORAL_OOS,B1,338047N1178086W002,25,1,6.002237987119177,8.969077558558176,-5.7482144074064925,0.72,1.1200000000000045,head-level residual equals delta-h residual conditional on observed h_prev
T2_SPATIOTEMPORAL_OOS,B1,338161N1180207W001,1,1,1.2608914592540028,1.2608914592540028,1.2608914592540028,1.0,0.0,head-level residual equals delta-h residual conditional on observed h_prev
T2_SPATIOTEMPORAL_OOS,B1,338170N1179764W001,8,1,5.008329325586747,6.010403266124687,-0.3723700990639358,0.75,9.75,head-level residual equals delta-h residual conditional on observed h_prev
T2_SPATIOTEMPORAL_OOS,B1,338205N1180164W001,7,1,2.2641456035283976,2.5986246922171374,-1.898390901265113,0.7142857142857143,3.5649999999999995,head-level residual equals delta-h residual conditional on observed h_prev
T2_SPATIOTEMPORAL_OOS,B1,338205N1180164W002,4,1,7.911449499632037,10.608010389887284,5.519317030518237,1.0,10.38,head-level residual equals delta-h residual conditional on observed h_prev
T2_SPATIOTEMPORAL_OOS,B1,338205N1180164W003,7,1,6.721531757414323,8.89390148575708,-1.9955072800787417,0.5714285714285714,6.449999999999999,head-level residual equals delta-h residual conditional on observed h_prev
T2_SPATIOTEMPORAL_OOS,B1,338229N1179374W001,6,1,3.9897057096690536,4.659725329398274,-2.4079305483884,0.5,1.6374999999999993,head-level residual equals delta-h residual conditional on observed h_prev
T2_SPATIOTEMPORAL_OOS,B1,338229N1179374W002,6,1,5.485355014866329,5.953038537593905,-1.7463359518724129,0.6666666666666666,11.577500000000002,head-level residual equals delta-h residual conditional on observed h_prev
T2_SPATIOTEMPORAL_OOS,B1,338229N1179374W003,6,1,4.236602935361291,6.02775362910375,-2.257988581364229,1.0,13.635000000000002,head-level residual equals delta-h residual conditional on observed h_prev
T2_SPATIOTEMPORAL_OOS,B1,338250N1179465W001,13,1,2.5412243781501407,3.530757314200625,-1.3322383070930803,0.9230769230769231,5.0,head-level residual equals delta-h residual conditional on observed h_prev
T2_SPATIOTEMPORAL_OOS,B1,338285N1179436W001,13,1,4.0517089488664775,4.80194538103855,-1.234218134156084,0.6666666666666666,8.999999999999996,head-level residual equals delta-h residual conditional on observed h_prev
T2_SPATIOTEMPORAL_OOS,B1,338285N1179891W001,1,1,1.5734109014093822,1.5734109014093822,1.5734109014093822,1.0,0.0,head-level residual equals delta-h residual conditional on observed h_prev
T2_SPATIOTEMPORAL_OOS,B1,338320N1180539W001,12,1,3.7016757632334385,4.9154976826745225,-1.0136978411366013,0.6,2.1649999999999983,head-level residual equals delta-h residual conditional on observed h_prev
T2_SPATIOTEMPORAL_OOS,B1,338327N1178668W001,6,1,5.7883172385518975,7.068089599958702,-3.334806884755004,0.5,7.335000000000001,head-level residual equals delta-h residual conditional on observed h_prev
T2_SPATIOTEMPORAL_OOS,B1,338327N1178668W002,6,1,5.704307277476482,6.104420935948442,-1.4515235537420816,0.5,8.752500000000001,head-level residual equals delta-h residual conditional on observed h_prev
T2_SPATIOTEMPORAL_OOS,B1,338327N1178668W003,6,1,6.327773271857908,6.678973443200114,-2.3735255124342713,0.5,8.870000000000001,head-level residual equals delta-h residual conditional on observed h_prev
T2_SPATIOTEMPORAL_OOS,B1,338349N1180575W001,12,1,3.8743034837486863,4.86677620607804,-1.076197841136601,0.45454545454545453,3.2875,head-level residual equals delta-h residual conditional on observed h_prev
T2_SPATIOTEMPORAL_OOS,B1,338366N1179547W001,11,1,2.5907116427432864,2.9533164343867786,-0.8897403094357865,0.9090909090909091,6.0,head-level residual equals delta-h residual conditional on observed h_prev
T2_SPATIOTEMPORAL_OOS,B1,338451N1179506W001,13,1,3.573399944737688,5.168434464278863,-1.3591152266599802,0.8181818181818182,7.000000000000002,head-level residual equals delta-h residual conditional on observed h_prev
T2_SPATIOTEMPORAL_OOS,B1,338469N1179285W001,13,1,4.738032377051756,5.529893408047512,-1.200413427491463,0.6666666666666666,9.0,head-level residual equals delta-h residual conditional on observed h_prev
T2_SPATIOTEMPORAL_OOS,B1,338488N1179110W001,6,1,4.967264614678059,5.646960389468324,-2.923403988355926,0.5,2.7924999999999915,head-level residual equals delta-h residual conditional on observed h_prev
T2_SPATIOTEMPORAL_OOS,B1,338488N1179110W002,6,1,3.6939372643902413,4.03114699679332,-2.4117141243402664,0.8333333333333334,6.769999999999996,head-level residual equals delta-h residual conditional on observed h_prev
T2_SPATIOTEMPORAL_OOS,B1,338490N1179163W001,13,1,2.7269653731661387,3.3792908652956952,-0.5700923191099747,0.7,3.0,head-level residual equals delta-h residual conditional on observed h_prev
T2_SPATIOTEMPORAL_OOS,B1,338490N1179166W001,13,1,2.766299756299525,3.278980281756695,-0.5700923191099747,0.8,5.0,head-level residual equals delta-h residual conditional on observed h_prev
T2_SPATIOTEMPORAL_OOS,B1,338509N1178361W001,6,1,5.54925230807185,6.5166110663114445,-0.5670415363987032,0.3333333333333333,4.090000000000025,head-level residual equals delta-h residual conditional on observed h_prev
T2_SPATIOTEMPORAL_OOS,B1,338509N1178361W002,6,1,4.843262799091092,5.883115086257999,-0.9134294481475672,0.3333333333333333,3.819999999999986,head-level residual equals delta-h residual conditional on observed h_prev
T2_SPATIOTEMPORAL_OOS,B1,338511N1180333W001,1,1,3.8437593468723636,3.8437593468723636,3.8437593468723636,1.0,0.0,head-level residual equals delta-h residual conditional on observed h_prev
T2_SPATIOTEMPORAL_OOS,B1,338543N1178361W001,48,1,4.317662742722895,4.749774336679944,0.9091233835207797,0.4791666666666667,1.6749999999999972,head-level residual equals delta-h residual conditional on observed h_prev
T2_SPATIOTEMPORAL_OOS,B1,338552N1178566W001,6,1,6.141952034303574,6.951949265569673,-0.021374598660232575,0.3333333333333333,6.729999999999993,head-level residual equals delta-h residual conditional on observed h_prev
T2_SPATIOTEMPORAL_OOS,B1,338552N1178566W002,6,1,8.410928199629305,10.344471499366403,-1.072169676341092,0.5,3.6274999999999977,head-level residual equals delta-h residual conditional on observed h_prev
T2_SPATIOTEMPORAL_OOS,B1,338552N1178566W003,6,1,8.371170232476908,10.462972912512244,-1.0183415083013376,0.5,3.612500000000022,head-level residual equals delta-h residual conditional on observed h_prev
T2_SPATIOTEMPORAL_OOS,B1,338556N1180264W001,8,1,1.6790742345487262,2.4338978587568967,-1.3046890651967744,0.875,1.6625000000000005,head-level residual equals delta-h residual conditional on observed h_prev
T2_SPATIOTEMPORAL_OOS,B1,338556N1180264W002,7,1,9.63505429026576,12.053847767614165,-1.4728505364974094,0.8571428571428571,12.585,head-level residual equals delta-h residual conditional on observed h_prev
T2_SPATIOTEMPORAL_OOS,B1,338556N1180264W003,8,1,5.522028617970308,8.042459749269003,-1.292166046327374,0.75,7.384999999999998,head-level residual equals delta-h residual conditional on observed h_prev
T2_SPATIOTEMPORAL_OOS,B1,338628N1179046W001,10,1,6.160060558537545,7.8195602454558575,-2.392806047233452,0.6666666666666666,5.250000000000002,head-level residual equals delta-h residual conditional on observed h_prev
T2_SPATIOTEMPORAL_OOS,B1,338629N1178426W001,13,1,5.8891129442212895,7.902575106652789,0.7644914194902841,0.6363636363636364,3.0,head-level residual equals delta-h residual conditional on observed h_prev
T2_SPATIOTEMPORAL_OOS,B1,338638N1178430W001,13,1,5.196805251913596,6.989790614708863,0.6875683425672072,0.6666666666666666,5.0,head-level residual equals delta-h residual conditional on observed h_prev
T2_SPATIOTEMPORAL_OOS,B1,338642N1178978W001,6,1,5.227324779268785,5.804398394067834,-2.359405275771515,0.3333333333333333,3.669999999999998,head-level residual equals delta-h residual conditional on observed h_prev
T2_SPATIOTEMPORAL_OOS,B1,338642N1178978W002,6,1,4.391146336913553,4.521006247240931,-1.6924519792791546,0.6666666666666666,6.277500000000003,head-level residual equals delta-h residual conditional on observed h_prev
T2_SPATIOTEMPORAL_OOS,B1,338642N1178978W003,6,1,5.3077436935677555,5.6982435717120135,-1.0794232973794824,0.5,7.464999999999989,head-level residual equals delta-h residual conditional on observed h_prev
T2_SPATIOTEMPORAL_OOS,B1,338642N1178979W001,13,1,4.250102502825465,4.56352688854436,-0.4421137532927878,0.75,3.5,head-level residual equals delta-h residual conditional on observed h_prev
T2_SPATIOTEMPORAL_OOS,B1,338649N1178024W001,6,1,5.4931687656683295,5.74191182021137,-1.7396060268445563,0.5,2.914999999999992,head-level residual equals delta-h residual conditional on observed h_prev
T2_SPATIOTEMPORAL_OOS,B1,338650N1178151W001,12,1,8.179658082352004,13.490350427727911,-0.6252912497691138,0.6666666666666666,1.5974999999999966,head-level residual equals delta-h residual conditional on observed h_prev
T2_SPATIOTEMPORAL_OOS,B1,338664N1178426W001,13,1,6.180874954178437,8.424202182017064,0.7370230405678707,0.5833333333333334,2.0,head-level residual equals delta-h residual conditional on observed h_prev
T2_SPATIOTEMPORAL_OOS,B1,338715N1179765W001,10,1,1.8455261949567923,2.8443118069322124,-0.6685181744359905,0.9,5.02,head-level residual equals delta-h residual conditional on observed h_prev
T2_SPATIOTEMPORAL_OOS,B1,338739N1180037W001,2,1,7.1346946872600725,7.712207365990044,2.9281861579506843,0.5,9.5,head-level residual equals delta-h residual conditional on observed h_prev
T2_SPATIOTEMPORAL_OOS,B1,338764N1176943W001,3,1,4.521005399504306,4.84579058694088,-0.03827232192064045,0.0,0.9000000000000057,head-level residual equals delta-h residual conditional on observed h_prev
T2_SPATIOTEMPORAL_OOS,B1,338774N1176944W001,4,1,4.613947115434552,4.963703970168948,-0.23271145233409918,0.5,0.30000000000001137,head-level residual equals delta-h residual conditional on observed h_prev
T2_SPATIOTEMPORAL_OOS,B1,338942N1178371W001,12,1,4.245825638285407,5.025296854427744,-1.2640836042977888,0.25,0.3049999999999784,head-level residual equals delta-h residual conditional on observed h_prev
T2_SPATIOTEMPORAL_OOS,B1,338970N1179254W001,5,1,5.733888800218784,6.8933786464886815,-4.579190810515962,0.2,1.1400000000000148,head-level residual equals delta-h residual conditional on observed h_prev
T2_SPATIOTEMPORAL_OOS,B1C,336557N1179512W001,13,1,2.6338506567952185,3.2441804768565436,-1.143148654039276,0.7692307692307693,2.420000000000001,head-level residual equals delta-h residual conditional on observed h_prev
T2_SPATIOTEMPORAL_OOS,B1C,336632N1178523W001,2,1,2.8382874747082436,3.1343467005311845,1.3297569138925445,1.0,2.570000000000002,head-level residual equals delta-h residual conditional on observed h_prev
T2_SPATIOTEMPORAL_OOS,B1C,336669N1177464W001,6,1,4.75491975038871,6.183459173142765,-3.5862606038704103,0.6666666666666666,2.422499999999985,head-level residual equals delta-h residual conditional on observed h_prev
T2_SPATIOTEMPORAL_OOS,B1C,336672N1179322W001,24,1,2.878853501270631,3.1923610585085704,-2.0295670901299503,0.5,1.8249999999999957,head-level residual equals delta-h residual conditional on observed h_prev
T2_SPATIOTEMPORAL_OOS,B1C,336684N1177654W001,6,1,6.831473649361006,8.347336540469547,-4.605885387920704,0.8333333333333334,13.582499999999996,head-level residual equals delta-h residual conditional on observed h_prev
T2_SPATIOTEMPORAL_OOS,B1C,336716N1177529W001,7,1,3.797829105452101,5.047854208951461,-2.436645509524269,0.5714285714285714,0.2749999999999915,head-level residual equals delta-h residual conditional on observed h_prev
T2_SPATIOTEMPORAL_OOS,B1C,336716N1177529W002,7,1,4.002274851398037,5.0297305637201335,-3.43963107522003,0.8571428571428571,5.10499999999999,head-level residual equals delta-h residual conditional on observed h_prev
T2_SPATIOTEMPORAL_OOS,B1C,336726N1177521W001,6,1,6.509125411187024,7.092575453418115,-4.1855695716999435,0.6666666666666666,5.012499999999989,head-level residual equals delta-h residual conditional on observed h_prev
T2_SPATIOTEMPORAL_OOS,B1C,336726N1178014W001,5,1,8.134528599011492,8.601869315140966,-5.059045349904931,0.4,9.299999999999997,head-level residual equals delta-h residual conditional on observed h_prev
T2_SPATIOTEMPORAL_OOS,B1C,336746N1177574W001,2,1,10.68124035436336,11.203197261390942,-10.68124035436336,0.5,5.200000000000003,head-level residual equals delta-h residual conditional on observed h_prev
T2_SPATIOTEMPORAL_OOS,B1C,336749N1179628W001,13,1,2.3325047707843343,3.0794081711117203,-1.577482128142975,0.9230769230769231,3.5,head-level residual equals delta-h residual conditional on observed h_prev
T2_SPATIOTEMPORAL_OOS,B1C,336753N1177488W001,6,1,5.877828620353299,6.73228893885686,-4.0005695716999465,0.5,2.500000000000007,head-level residual equals delta-h residual conditional on observed h_prev
T2_SPATIOTEMPORAL_OOS,B1C,336781N1178263W001,13,1,7.861298443651702,9.927087817765134,-2.910377639057752,1.0,14.099999999999996,head-level residual equals delta-h residual conditional on observed h_prev
T2_SPATIOTEMPORAL_OOS,B1C,336792N1177457W001,4,1,8.946683589202394,10.727205551703905,-6.536364280854827,0.25,7.7500000000000036,head-level residual equals delta-h residual conditional on observed h_prev
T2_SPATIOTEMPORAL_OOS,B1C,336795N1177780W001,10,1,20.985075119294855,28.411404967661806,-5.389663373652333,0.7,18.55,head-level residual equals delta-h residual conditional on observed h_prev
T2_SPATIOTEMPORAL_OOS,B1C,336798N1177876W001,6,1,3.672208496829269,4.371362438728514,-1.777790393108159,0.8333333333333334,1.5600000000000058,head-level residual equals delta-h residual conditional on observed h_prev
T2_SPATIOTEMPORAL_OOS,B1C,336798N1177876W002,6,1,24.6778518141604,29.4386720346481,-10.355636901952204,0.6666666666666666,39.39,head-level residual equals delta-h residual conditional on observed h_prev
T2_SPATIOTEMPORAL_OOS,B1C,336813N1177975W001,8,1,53.81971376472483,85.24627612800076,-1.028911293579215,0.75,31.25,head-level residual equals delta-h residual conditional on observed h_prev
T2_SPATIOTEMPORAL_OOS,B1C,336824N1177430W001,4,1,6.122838882783759,7.956560005032355,-4.980098342492747,0.5,1.8649999999999949,head-level residual equals delta-h residual conditional on observed h_prev
T2_SPATIOTEMPORAL_OOS,B1C,336831N1179773W001,7,1,11.63639096928361,13.577767664946903,-2.813533246747576,1.0,25.409999999999993,head-level residual equals delta-h residual conditional on observed h_prev
T2_SPATIOTEMPORAL_OOS,B1C,336848N1179242W001,12,1,11.847836984808914,17.008573478571325,-1.3161653747980158,0.5,9.207499999999998,head-level residual equals delta-h residual conditional on observed h_prev
T2_SPATIOTEMPORAL_OOS,B1C,336853N1177671W001,1,1,9.295987185812914,9.295987185812914,-9.295987185812914,0.0,0.0,head-level residual equals delta-h residual conditional on observed h_prev
T2_SPATIOTEMPORAL_OOS,B1C,336853N1179432W001,12,1,4.469751188278832,5.621109158959427,-1.4048058010046864,0.75,5.590000000000003,head-level residual equals delta-h residual conditional on observed h_prev
T2_SPATIOTEMPORAL_OOS,B1C,336868N1179445W001,11,1,4.187734065057165,5.79965501809457,-1.2785004411930319,0.8181818181818182,5.934999999999999,head-level residual equals delta-h residual conditional on observed h_prev
T2_SPATIOTEMPORAL_OOS,B1C,336870N1178340W001,2,1,63.236864211622105,63.302792067014906,2.888336573287887,0.5,64.5,head-level residual equals delta-h residual conditional on observed h_prev
T2_SPATIOTEMPORAL_OOS,B1C,336870N1179436W001,11,1,4.187734065057165,5.79965501809457,-1.2785004411930319,0.8181818181818182,5.9350000000000005,head-level residual equals delta-h residual conditional on observed h_prev
T2_SPATIOTEMPORAL_OOS,B1C,336875N1179148W001,8,1,2.3674957338175577,3.024541661935509,-0.7748765461028906,1.0,4.205,head-level residual equals delta-h residual conditional on observed h_prev
T2_SPATIOTEMPORAL_OOS,B1C,336886N1178041W001,7,1,16.26465266955267,20.059916393816692,-5.956427877522797,0.8571428571428571,28.749999999999996,head-level residual equals delta-h residual conditional on observed h_prev
T2_SPATIOTEMPORAL_OOS,B1C,336906N1179435W001,13,1,11.80041910193229,14.616028945224569,-3.5957487869060305,0.6923076923076923,13.79000000000002,head-level residual equals delta-h residual conditional on observed h_prev
T2_SPATIOTEMPORAL_OOS,B1C,336928N1177446W001,4,1,5.3885590960741645,6.954807159413041,-4.873334371525056,0.75,1.9500000000000242,head-level residual equals delta-h residual conditional on observed h_prev
T2_SPATIOTEMPORAL_OOS,B1C,336941N1179435W001,1,1,44.847769648905434,44.847769648905434,-44.847769648905434,1.0,0.0,head-level residual equals delta-h residual conditional on observed h_prev
T2_SPATIOTEMPORAL_OOS,B1C,336944N1177985W001,2,1,37.40871063581578,46.216093560402705,-37.40871063581578,0.0,31.0,head-level residual equals delta-h residual conditional on observed h_prev
T2_SPATIOTEMPORAL_OOS,B1C,336962N1178987W001,26,1,7.343689038363014,11.16838560613804,-3.2930606311834376,0.6538461538461539,9.875000000000004,head-level residual equals delta-h residual conditional on observed h_prev
T2_SPATIOTEMPORAL_OOS,B1C,336963N1179065W001,19,1,15.38547857853355,25.046853723463578,-4.2928734548744325,0.5789473684210527,13.449999999999996,head-level residual equals delta-h residual conditional on observed h_prev
T2_SPATIOTEMPORAL_OOS,B1C,336966N1179388W001,1,1,6.103917879253909,6.103917879253909,-6.103917879253909,1.0,0.0,head-level residual equals delta-h residual conditional on observed h_prev
T2_SPATIOTEMPORAL_OOS,B1C,336977N1178594W001,11,1,11.747911981740867,14.833182184883126,-3.711705527360994,0.8181818181818182,22.849999999999998,head-level residual equals delta-h residual conditional on observed h_prev
T2_SPATIOTEMPORAL_OOS,B1C,336978N1179845W001,4,1,3.1103166402777838,4.521375051943272,-1.8685718074965365,0.5,2.3,head-level residual equals delta-h residual conditional on observed h_prev
T2_SPATIOTEMPORAL_OOS,B1C,336979N1179454W001,1,1,5.163917879253925,5.163917879253925,-5.163917879253925,1.0,0.0,head-level residual equals delta-h residual conditional on observed h_prev
T2_SPATIOTEMPORAL_OOS,B1C,337046N1180143W001,6,1,2.0506470980889193,2.2064441974728553,-0.5735094598280153,0.8333333333333334,4.114999999999999,head-level residual equals delta-h residual conditional on observed h_prev
T2_SPATIOTEMPORAL_OOS,B1C,337046N1180143W002,6,1,11.013063465140545,13.125640864050931,1.9956227469860817,0.8333333333333334,14.674999999999995,head-level residual equals delta-h residual conditional on observed h_prev
T2_SPATIOTEMPORAL_OOS,B1C,337057N1180070W001,13,1,12.535765020014443,14.111963007701695,-3.8519890619569006,0.7692307692307693,27.0,head-level residual equals delta-h residual conditional on observed h_prev
T2_SPATIOTEMPORAL_OOS,B1C,337059N1180056W001,13,1,11.458841943091366,13.438574466028827,-3.8519890619569006,0.7692307692307693,24.0,head-level residual equals delta-h residual conditional on observed h_prev
T2_SPATIOTEMPORAL_OOS,B1C,337105N1178932W001,13,1,16.982624282667295,23.88508306765506,-2.330264729580676,0.6923076923076923,19.71999999999999,head-level residual equals delta-h residual conditional on observed h_prev
T2_SPATIOTEMPORAL_OOS,B1C,337105N1178932W002,13,1,10.347302051842176,13.628187203357928,-2.124173267986324,0.8461538461538461,20.53000000000001,head-level residual equals delta-h residual conditional on observed h_prev
T2_SPATIOTEMPORAL_OOS,B1C,337112N1177826W001,4,1,40.80094642177606,44.939586078245256,-20.416559191252244,0.25,34.75,head-level residual equals delta-h residual conditional on observed h_prev
T2_SPATIOTEMPORAL_OOS,B1C,337141N1179955W001,12,1,2.3460231927191333,3.213102806414034,-1.170793748499248,0.9166666666666666,6.3725000000000005,head-level residual equals delta-h residual conditional on observed h_prev
T2_SPATIOTEMPORAL_OOS,B1C,337148N1177696W001,7,1,4.019174679356051,5.149044696777631,-2.22541081143405,0.5,0.5000000000000071,head-level residual equals delta-h residual conditional on observed h_prev
T2_SPATIOTEMPORAL_OOS,B1C,337148N1177696W002,7,1,5.47779785738548,6.079424163010701,-4.375384372155051,1.0,12.625,head-level residual equals delta-h residual conditional on observed h_prev
T2_SPATIOTEMPORAL_OOS,B1C,337148N1177696W003,7,1,5.685379688291804,6.990992607795287,-4.600004687573855,1.0,13.839999999999996,head-level residual equals delta-h residual conditional on observed h_prev
T2_SPATIOTEMPORAL_OOS,B1C,337161N1179887W001,3,1,1.1964684220083537,1.8582629174673964,0.9415721403919122,1.0,3.5650000000000004,head-level residual equals delta-h residual conditional on observed h_prev
T2_SPATIOTEMPORAL_OOS,B1C,337188N1180275W001,9,1,5.170835361760213,6.983576161797309,-0.5585208998437119,1.0,17.0,head-level residual equals delta-h residual conditional on observed h_prev
T2_SPATIOTEMPORAL_OOS,B1C,337216N1178318W001,7,1,3.278909322371266,4.283815478191948,-1.932195826167581,0.8571428571428571,1.1849999999999987,head-level residual equals delta-h residual conditional on observed h_prev
T2_SPATIOTEMPORAL_OOS,B1C,337216N1178318W002,7,1,16.729441523002247,18.660394531815655,-6.12504115774045,0.7142857142857143,28.990000000000002,head-level residual equals delta-h residual conditional on observed h_prev
T2_SPATIOTEMPORAL_OOS,B1C,337216N1178318W003,7,1,15.638146557482631,17.903902361048317,-5.44503047732382,0.8571428571428571,29.669999999999998,head-level residual equals delta-h residual conditional on observed h_prev
T2_SPATIOTEMPORAL_OOS,B1C,337233N1179421W001,3,1,4.282337594063478,4.429716739614542,-4.282337594063478,0.6666666666666666,5.3149999999999995,head-level residual equals delta-h residual conditional on observed h_prev
T2_SPATIOTEMPORAL_OOS,B1C,337233N1179421W002,3,1,2.3730655054698326,3.3406409960145402,1.4168341095200387,0.6666666666666666,0.8950000000000005,head-level residual equals delta-h residual conditional on observed h_prev
T2_SPATIOTEMPORAL_OOS,B1C,337233N1179421W003,3,1,4.509790752536215,6.2095126625313295,-4.509790752536215,0.6666666666666666,4.830000000000002,head-level residual equals delta-h residual conditional on observed h_prev
T2_SPATIOTEMPORAL_OOS,B1C,337279N1179386W001,13,1,6.978707200010114,9.089845889564842,-2.1516166093758424,0.8461538461538461,15.5,head-level residual equals delta-h residual conditional on observed h_prev
T2_SPATIOTEMPORAL_OOS,B1C,337281N1177946W001,11,1,45.704026394522224,74.06828141680211,-15.765019168045502,0.9090909090909091,36.5,head-level residual equals delta-h residual conditional on observed h_prev
T2_SPATIOTEMPORAL_OOS,B1C,337304N1177898W001,2,1,6.419095145161812,7.548481768988076,-3.971749555813585,0.5,7.0,head-level residual equals delta-h residual conditional on observed h_prev
T2_SPATIOTEMPORAL_OOS,B1C,337304N1180246W001,10,1,9.785293133681323,14.291214068301915,-3.8154694577896406,0.8888888888888888,21.5,head-level residual equals delta-h residual conditional on observed h_prev
T2_SPATIOTEMPORAL_OOS,B1C,337305N1180330W001,13,1,5.0885900329876,6.4302063141184265,-2.468335345860621,0.8461538461538461,14.999999999999998,head-level residual equals delta-h residual conditional on observed h_prev
T2_SPATIOTEMPORAL_OOS,B1C,337334N1178220W001,4,1,17.67427555091472,20.58356556052556,-3.006919022538047,0.75,20.575,head-level residual equals delta-h residual conditional on observed h_prev
T2_SPATIOTEMPORAL_OOS,B1C,337344N1178235W001,4,1,9.911407705017124,11.159560987181882,-7.006919022538046,0.25,8.124999999999998,head-level residual equals delta-h residual conditional on observed h_prev
T2_SPATIOTEMPORAL_OOS,B1C,337370N1178012W001,4,1,8.959955898284122,11.347433361340848,-7.521685208928996,1.0,16.325,head-level residual equals delta-h residual conditional on observed h_prev
T2_SPATIOTEMPORAL_OOS,B1C,337374N1179933W001,14,1,2.5477879154989864,2.9762982762518795,-1.3626574778059428,0.5714285714285714,1.4124999999999996,head-level residual equals delta-h residual conditional on observed h_prev
T2_SPATIOTEMPORAL_OOS,B1C,337374N1179933W002,8,1,5.061918063515501,5.677226901678932,-0.6109202413005492,0.625,10.682500000000001,head-level residual equals delta-h residual conditional on observed h_prev
T2_SPATIOTEMPORAL_OOS,B1C,337374N1179933W003,8,1,7.878360579960629,10.21516646674753,-0.5995191039094364,0.875,10.8675,head-level residual equals delta-h residual conditional on observed h_prev
T2_SPATIOTEMPORAL_OOS,B1C,337425N1178213W001,2,1,67.12233177273976,81.65712785550264,-67.12233177273976,1.0,47.75,head-level residual equals delta-h residual conditional on observed h_prev
T2_SPATIOTEMPORAL_OOS,B1C,337525N1179058W001,7,1,4.653761625910303,5.333072876932897,-0.6255566020660385,0.8571428571428571,0.9249999999999972,head-level residual equals delta-h residual conditional on observed h_prev
T2_SPATIOTEMPORAL_OOS,B1C,337525N1179058W002,7,1,8.589332639405656,9.81581748181516,-2.248628780535618,1.0,25.945,head-level residual equals delta-h residual conditional on observed h_prev
T2_SPATIOTEMPORAL_OOS,B1C,337525N1179058W003,7,1,19.72207132665986,23.89608114085304,-6.062626747112214,0.8571428571428571,32.504999999999995,head-level residual equals delta-h residual conditional on observed h_prev
T2_SPATIOTEMPORAL_OOS,B1C,337589N1179207W001,1,1,11.344495853900266,11.344495853900266,11.344495853900266,1.0,0.0,head-level residual equals delta-h residual conditional on observed h_prev
T2_SPATIOTEMPORAL_OOS,B1C,337591N1180435W001,7,1,4.941017634282669,5.503322627103039,-0.17111612012611083,0.8571428571428571,2.2699999999999996,head-level residual equals delta-h residual conditional on observed h_prev
T2_SPATIOTEMPORAL_OOS,B1C,337591N1180435W002,7,1,9.07094555993497,12.567412724960159,-2.9960480266782343,1.0,25.890000000000004,head-level residual equals delta-h residual conditional on observed h_prev
T2_SPATIOTEMPORAL_OOS,B1C,337591N1180435W003,7,1,6.7880930100148635,7.566513239996269,0.012482432191786685,0.8571428571428571,13.184999999999999,head-level residual equals delta-h residual conditional on observed h_prev
T2_SPATIOTEMPORAL_OOS,B1C,337593N1180743W001,13,1,7.604273358599297,10.014464984620219,-1.9128951749979408,0.9166666666666666,20.0,head-level residual equals delta-h residual conditional on observed h_prev
T2_SPATIOTEMPORAL_OOS,B1C,337595N1180740W001,11,1,9.699642458528881,12.222000670283892,-0.9098496500205978,0.8181818181818182,15.3,head-level residual equals delta-h residual conditional on observed h_prev
T2_SPATIOTEMPORAL_OOS,B1C,337646N1178432W001,8,1,4.157699807445082,5.468435310398471,-2.0013838241008255,0.375,1.5725000000000016,head-level residual equals delta-h residual conditional on observed h_prev
T2_SPATIOTEMPORAL_OOS,B1C,337646N1178432W002,8,1,11.857155966958993,14.13821338586438,-4.4886034203509,0.875,27.775,head-level residual equals delta-h residual conditional on observed h_prev
T2_SPATIOTEMPORAL_OOS,B1C,337646N1178432W003,8,1,14.371122214752162,18.302643228248645,-6.536330049721385,0.875,22.34,head-level residual equals delta-h residual conditional on observed h_prev
T2_SPATIOTEMPORAL_OOS,B1C,337754N1178448W001,13,1,8.747599360579237,11.05320227126363,-2.147312957755804,0.9166666666666666,11.0,head-level residual equals delta-h residual conditional on observed h_prev
T2_SPATIOTEMPORAL_OOS,B1C,337779N1179480W001,6,1,6.41652817266237,7.70665938929749,-0.7225668154812542,1.0,1.9000000000000057,head-level residual equals delta-h residual conditional on observed h_prev
T2_SPATIOTEMPORAL_OOS,B1C,337779N1179480W002,6,1,4.146261514092855,4.8095207745157555,-0.2175447841705326,1.0,16.222499999999997,head-level residual equals delta-h residual conditional on observed h_prev
T2_SPATIOTEMPORAL_OOS,B1C,337779N1179480W003,6,1,6.093440593774048,7.197074186963555,-0.35594778530112475,0.8333333333333334,25.732499999999998,head-level residual equals delta-h residual conditional on observed h_prev
T2_SPATIOTEMPORAL_OOS,B1C,337800N1180851W001,12,1,2.146061945108374,2.374769421467704,-0.8867326986750625,0.9166666666666666,5.624999999999999,head-level residual equals delta-h residual conditional on observed h_prev
T2_SPATIOTEMPORAL_OOS,B1C,337806N1178326W001,4,1,7.733732947700354,9.64191002811782,-7.620173230676526,1.0,6.014999999999999,head-level residual equals delta-h residual conditional on observed h_prev
T2_SPATIOTEMPORAL_OOS,B1C,337856N1178834W001,7,1,6.977452629016746,8.308351254751688,-0.6277190712149266,0.42857142857142855,2.914999999999999,head-level residual equals delta-h residual conditional on observed h_prev
T2_SPATIOTEMPORAL_OOS,B1C,337856N1178834W002,7,1,5.997474578375733,6.902248353822042,-2.1548548409192114,0.8571428571428571,16.87,head-level residual equals delta-h residual conditional on observed h_prev
T2_SPATIOTEMPORAL_OOS,B1C,337856N1178834W003,7,1,5.491063411900585,5.963182646971402,-1.514824055741131,1.0,21.229999999999997,head-level residual equals delta-h residual conditional on observed h_prev
T2_SPATIOTEMPORAL_OOS,B1C,337910N1178268W001,15,1,3.2843102318488815,3.963508501980418,-0.9541449648877555,0.8,1.399999999999995,head-level residual equals delta-h residual conditional on observed h_prev
T2_SPATIOTEMPORAL_OOS,B1C,337959N1180672W001,7,1,4.464711980962594,5.037582574168659,-0.1790132299350534,0.7142857142857143,2.83,head-level residual equals delta-h residual conditional on observed h_prev
T2_SPATIOTEMPORAL_OOS,B1C,337959N1180672W002,7,1,7.75141053534113,8.764103030796903,-0.7899443082632424,0.8571428571428571,15.335,head-level residual equals delta-h residual conditional on observed h_prev
T2_SPATIOTEMPORAL_OOS,B1C,337959N1180672W003,7,1,4.812428090352357,5.815223024106987,-1.3821621720617963,1.0,16.259999999999998,head-level residual equals delta-h residual conditional on observed h_prev
T2_SPATIOTEMPORAL_OOS,B1C,337995N1178787W001,7,1,7.460658793509233,9.012331108562773,-1.0822001585325287,0.5714285714285714,4.699999999999996,head-level residual equals delta-h residual conditional on observed h_prev
T2_SPATIOTEMPORAL_OOS,B1C,337995N1178787W002,7,1,3.0882712715216583,3.6251843846776897,-1.3945095702524781,1.0,13.024999999999999,head-level residual equals delta-h residual conditional on observed h_prev
T2_SPATIOTEMPORAL_OOS,B1C,337995N1178787W003,7,1,3.6925320473405527,5.34490680833766,-2.437273425634442,1.0,21.310000000000002,head-level residual equals delta-h residual conditional on observed h_prev
T2_SPATIOTEMPORAL_OOS,B1C,338045N1179568W001,13,1,4.643299288160547,4.878102164513612,-0.26017210584893163,0.6153846153846154,4.0,head-level residual equals delta-h residual conditional on observed h_prev
T2_SPATIOTEMPORAL_OOS,B1C,338047N1178086W001,25,1,3.138537890561231,7.3347611308760525,-2.394015336318885,0.88,0.3800000000000239,head-level residual equals delta-h residual conditional on observed h_prev
T2_SPATIOTEMPORAL_OOS,B1C,338047N1178086W002,25,1,3.2295152605649493,6.645732482394198,-2.7304101987984137,0.64,1.1200000000000045,head-level residual equals delta-h residual conditional on observed h_prev
T2_SPATIOTEMPORAL_OOS,B1C,338161N1180207W001,1,1,3.185868116739135,3.185868116739135,-3.185868116739135,1.0,0.0,head-level residual equals delta-h residual conditional on observed h_prev
T2_SPATIOTEMPORAL_OOS,B1C,338170N1179764W001,8,1,5.004058918383366,6.473017782835297,-0.3951527366422364,0.75,9.75,head-level residual equals delta-h residual conditional on observed h_prev
T2_SPATIOTEMPORAL_OOS,B1C,338205N1180164W001,7,1,3.2451733375902743,4.040526444691917,-0.7489955166242687,0.8571428571428571,3.5649999999999995,head-level residual equals delta-h residual conditional on observed h_prev
T2_SPATIOTEMPORAL_OOS,B1C,338205N1180164W002,4,1,6.488751869687405,8.51083223955344,4.640976521571659,1.0,10.38,head-level residual equals delta-h residual conditional on observed h_prev
T2_SPATIOTEMPORAL_OOS,B1C,338205N1180164W003,7,1,4.9361062556561635,6.173012974185514,-0.846217188073892,0.7142857142857143,6.449999999999999,head-level residual equals delta-h residual conditional on observed h_prev
T2_SPATIOTEMPORAL_OOS,B1C,338229N1179374W001,6,1,7.7240898290078706,8.286541324769683,-0.6414309974957466,0.6666666666666666,1.6374999999999993,head-level residual equals delta-h residual conditional on observed h_prev
T2_SPATIOTEMPORAL_OOS,B1C,338229N1179374W002,6,1,3.5661203359610716,4.5082050079832445,0.021233826616650003,0.8333333333333334,11.577500000000002,head-level residual equals delta-h residual conditional on observed h_prev
T2_SPATIOTEMPORAL_OOS,B1C,338229N1179374W003,6,1,2.8575766086799903,3.2016308283129353,-0.4907412785012782,0.8333333333333334,13.635000000000002,head-level residual equals delta-h residual conditional on observed h_prev
T2_SPATIOTEMPORAL_OOS,B1C,338250N1179465W001,13,1,2.42486731991615,2.9959150713733576,-0.8871839296753928,0.9230769230769231,5.0,head-level residual equals delta-h residual conditional on observed h_prev
T2_SPATIOTEMPORAL_OOS,B1C,338285N1179436W001,13,1,4.273983177972502,4.863555649636087,-0.8184534598367635,0.6666666666666666,8.999999999999996,head-level residual equals delta-h residual conditional on observed h_prev
T2_SPATIOTEMPORAL_OOS,B1C,338285N1179891W001,1,1,3.1330868929979108,3.1330868929979108,3.1330868929979108,1.0,0.0,head-level residual equals delta-h residual conditional on observed h_prev
T2_SPATIOTEMPORAL_OOS,B1C,338320N1180539W001,12,1,3.6220381472339707,4.4280669442981235,-0.8310635984102251,0.6,2.1649999999999983,head-level residual equals delta-h residual conditional on observed h_prev
T2_SPATIOTEMPORAL_OOS,B1C,338327N1178668W001,6,1,7.206484040554901,8.354031684219985,-1.7059153050600873,0.6666666666666666,7.335000000000001,head-level residual equals delta-h residual conditional on observed h_prev
T2_SPATIOTEMPORAL_OOS,B1C,338327N1178668W002,6,1,5.447162845339797,5.843416542582527,0.17511366344250234,0.6666666666666666,8.752500000000001,head-level residual equals delta-h residual conditional on observed h_prev
T2_SPATIOTEMPORAL_OOS,B1C,338327N1178668W003,6,1,5.844316476496904,6.2104689138746,-0.7436176768994424,0.6666666666666666,8.870000000000001,head-level residual equals delta-h residual conditional on observed h_prev
T2_SPATIOTEMPORAL_OOS,B1C,338349N1180575W001,12,1,4.074627321475536,4.667058246453133,-0.8935635984102251,0.45454545454545453,3.2875,head-level residual equals delta-h residual conditional on observed h_prev
T2_SPATIOTEMPORAL_OOS,B1C,338366N1179547W001,11,1,2.159119660536845,2.6883355459365044,-0.8773565633201673,1.0,6.0,head-level residual equals delta-h residual conditional on observed h_prev
T2_SPATIOTEMPORAL_OOS,B1C,338451N1179506W001,13,1,3.4963615863702064,4.7732834670750846,-0.891940415058139,0.9090909090909091,7.000000000000002,head-level residual equals delta-h residual conditional on observed h_prev
T2_SPATIOTEMPORAL_OOS,B1C,338469N1179285W001,13,1,4.307434363795599,5.383569913689446,-0.7533086827447444,0.8333333333333334,9.0,head-level residual equals delta-h residual conditional on observed h_prev
T2_SPATIOTEMPORAL_OOS,B1C,338488N1179110W001,6,1,8.030583849121333,9.091985370515754,-1.0125229131587463,0.6666666666666666,2.7924999999999915,head-level residual equals delta-h residual conditional on observed h_prev
T2_SPATIOTEMPORAL_OOS,B1C,338488N1179110W002,6,1,3.7285025941111836,4.240932637948287,-0.5010300108855993,1.0,6.769999999999996,head-level residual equals delta-h residual conditional on observed h_prev
T2_SPATIOTEMPORAL_OOS,B1C,338490N1179163W001,13,1,2.9162823383760874,3.7090027132960532,-0.09641190171147172,0.8,3.0,head-level residual equals delta-h residual conditional on observed h_prev
T2_SPATIOTEMPORAL_OOS,B1C,338490N1179166W001,13,1,2.976656759694564,3.537793751855529,-0.09641190171147172,0.8,5.0,head-level residual equals delta-h residual conditional on observed h_prev
T2_SPATIOTEMPORAL_OOS,B1C,338509N1178361W001,6,1,9.31285711983582,9.9266025650454,1.4672542458963493,0.16666666666666666,4.090000000000025,head-level residual equals delta-h residual conditional on observed h_prev
T2_SPATIOTEMPORAL_OOS,B1C,338509N1178361W002,6,1,8.826413853412713,9.230178842671481,1.1175440829891068,0.16666666666666666,3.819999999999986,head-level residual equals delta-h residual conditional on observed h_prev
T2_SPATIOTEMPORAL_OOS,B1C,338511N1180333W001,1,1,0.20113736078190492,0.20113736078190492,-0.20113736078190492,1.0,0.0,head-level residual equals delta-h residual conditional on observed h_prev
T2_SPATIOTEMPORAL_OOS,B1C,338543N1178361W001,48,1,2.524108776821421,3.1232936443893764,0.7279701414335927,0.4375,1.6749999999999972,head-level residual equals delta-h residual conditional on observed h_prev
T2_SPATIOTEMPORAL_OOS,B1C,338552N1178566W001,6,1,7.937183043622524,8.762324448218157,1.9454495641141387,0.5,6.729999999999993,head-level residual equals delta-h residual conditional on observed h_prev
T2_SPATIOTEMPORAL_OOS,B1C,338552N1178566W002,6,1,8.804253806831396,10.371641893270537,0.9023298060793215,0.6666666666666666,3.6274999999999977,head-level residual equals delta-h residual conditional on observed h_prev
T2_SPATIOTEMPORAL_OOS,B1C,338552N1178566W003,6,1,8.869548048283887,10.448218319224024,0.9522785780694366,0.6666666666666666,3.612500000000022,head-level residual equals delta-h residual conditional on observed h_prev
T2_SPATIOTEMPORAL_OOS,B1C,338556N1180264W001,8,1,3.795418971945878,4.494573814068819,-0.773500789028277,0.75,1.6625000000000005,head-level residual equals delta-h residual conditional on observed h_prev
T2_SPATIOTEMPORAL_OOS,B1C,338556N1180264W002,7,1,7.094663938996358,8.790286662056284,-0.5890516513728199,0.8571428571428571,12.585,head-level residual equals delta-h residual conditional on observed h_prev
T2_SPATIOTEMPORAL_OOS,B1C,338556N1180264W003,8,1,3.8052662527528547,5.085275011364577,-0.7610480590843827,0.875,7.384999999999998,head-level residual equals delta-h residual conditional on observed h_prev
T2_SPATIOTEMPORAL_OOS,B1C,338628N1179046W001,10,1,5.962610258423082,7.361275194826348,-2.188444761693536,0.6666666666666666,5.250000000000002,head-level residual equals delta-h residual conditional on observed h_prev
T2_SPATIOTEMPORAL_OOS,B1C,338629N1178426W001,13,1,6.101049861570402,8.217090502964387,1.7214240347641057,0.6363636363636364,3.0,head-level residual equals delta-h residual conditional on observed h_prev
T2_SPATIOTEMPORAL_OOS,B1C,338638N1178430W001,13,1,5.408742169262709,7.3873213380265765,1.6445009578410288,0.6666666666666666,5.0,head-level residual equals delta-h residual conditional on observed h_prev
T2_SPATIOTEMPORAL_OOS,B1C,338642N1178978W001,6,1,8.436974246026947,8.99075796260292,-0.5340658248498255,0.5,3.669999999999998,head-level residual equals delta-h residual conditional on observed h_prev
T2_SPATIOTEMPORAL_OOS,B1C,338642N1178978W002,6,1,4.970806442524811,5.58216164708991,0.12650040872119858,0.8333333333333334,6.277500000000003,head-level residual equals delta-h residual conditional on observed h_prev
T2_SPATIOTEMPORAL_OOS,B1C,338642N1178978W003,6,1,6.077762492406792,6.8151864806710885,0.7429201688046877,0.6666666666666666,7.464999999999989,head-level residual equals delta-h residual conditional on observed h_prev
T2_SPATIOTEMPORAL_OOS,B1C,338642N1178979W001,13,1,4.286201070145291,4.6789076262911,0.020759586293078537,0.75,3.5,head-level residual equals delta-h residual conditional on observed h_prev
T2_SPATIOTEMPORAL_OOS,B1C,338649N1178024W001,6,1,7.188929932865225,7.733601521656685,-0.010223186536957455,0.5,2.914999999999992,head-level residual equals delta-h residual conditional on observed h_prev
T2_SPATIOTEMPORAL_OOS,B1C,338650N1178151W001,12,1,8.880704780592993,13.349518357368147,0.3405534214302925,0.5833333333333334,1.5974999999999966,head-level residual equals delta-h residual conditional on observed h_prev
T2_SPATIOTEMPORAL_OOS,B1C,338664N1178426W001,13,1,6.326023428219646,8.668694641809541,1.6848949725492977,0.5,2.0,head-level residual equals delta-h residual conditional on observed h_prev
T2_SPATIOTEMPORAL_OOS,B1C,338715N1179765W001,10,1,2.582184208025484,3.321366239743299,-0.7648333231587532,0.8,5.02,head-level residual equals delta-h residual conditional on observed h_prev
T2_SPATIOTEMPORAL_OOS,B1C,338739N1180037W001,2,1,3.391923815460206,3.787734464422485,1.68575953299626,1.0,9.5,head-level residual equals delta-h residual conditional on observed h_prev
T2_SPATIOTEMPORAL_OOS,B1C,338764N1176943W001,3,1,7.9102070373480275,8.806025043659847,5.884022339572124,0.0,0.9000000000000057,head-level residual equals delta-h residual conditional on observed h_prev
T2_SPATIOTEMPORAL_OOS,B1C,338774N1176944W001,4,1,8.138161452487246,8.340851548919165,4.846012128967932,0.5,0.30000000000001137,head-level residual equals delta-h residual conditional on observed h_prev
T2_SPATIOTEMPORAL_OOS,B1C,338942N1178371W001,12,1,4.497199415086015,5.1561099859117,-0.45291490130763673,0.3333333333333333,0.3049999999999784,head-level residual equals delta-h residual conditional on observed h_prev
T2_SPATIOTEMPORAL_OOS,B1C,338970N1179254W001,5,1,9.455766374539312,11.354030331352554,-1.9702051396934912,0.2,1.1400000000000148,head-level residual equals delta-h residual conditional on observed h_prev
T2_SPATIOTEMPORAL_OOS,B1CH,336557N1179512W001,13,1,2.5624774201572937,3.1092862843832267,-1.6052011660600327,0.7692307692307693,2.420000000000001,head-level residual equals delta-h residual conditional on observed h_prev
T2_SPATIOTEMPORAL_OOS,B1CH,336632N1178523W001,2,1,2.6642691970570374,3.1750531800249813,1.7270299191385758,1.0,2.570000000000002,head-level residual equals delta-h residual conditional on observed h_prev
T2_SPATIOTEMPORAL_OOS,B1CH,336669N1177464W001,6,1,4.478122443651826,6.051161096763317,-4.130213556465344,0.6666666666666666,2.422499999999985,head-level residual equals delta-h residual conditional on observed h_prev
T2_SPATIOTEMPORAL_OOS,B1CH,336672N1179322W001,24,1,3.0225708506214417,3.383177427161953,-2.335699892266774,0.375,1.8249999999999957,head-level residual equals delta-h residual conditional on observed h_prev
T2_SPATIOTEMPORAL_OOS,B1CH,336684N1177654W001,6,1,6.926902974686489,8.534312749549121,-5.110456128719406,0.8333333333333334,13.582499999999996,head-level residual equals delta-h residual conditional on observed h_prev
T2_SPATIOTEMPORAL_OOS,B1CH,336716N1177529W001,7,1,3.845851386355921,5.001309915789604,-2.850876925931287,0.5714285714285714,0.2749999999999915,head-level residual equals delta-h residual conditional on observed h_prev
T2_SPATIOTEMPORAL_OOS,B1CH,336716N1177529W002,7,1,4.232823032856818,5.129991415270167,-3.8529703122580576,0.8571428571428571,5.10499999999999,head-level residual equals delta-h residual conditional on observed h_prev
T2_SPATIOTEMPORAL_OOS,B1CH,336726N1177521W001,6,1,6.512511646406545,6.918247338748452,-4.703095134310278,0.6666666666666666,5.012499999999989,head-level residual equals delta-h residual conditional on observed h_prev
T2_SPATIOTEMPORAL_OOS,B1CH,336726N1178014W001,5,1,7.99601128707228,8.622505613687299,-5.414040292038562,0.6,9.299999999999997,head-level residual equals delta-h residual conditional on observed h_prev
T2_SPATIOTEMPORAL_OOS,B1CH,336746N1177574W001,2,1,11.032732676396392,11.374438546901473,-11.032732676396392,0.5,5.200000000000003,head-level residual equals delta-h residual conditional on observed h_prev
T2_SPATIOTEMPORAL_OOS,B1CH,336749N1179628W001,13,1,2.4757737920238876,3.0633422664165617,-2.085916080679667,0.9230769230769231,3.5,head-level residual equals delta-h residual conditional on observed h_prev
T2_SPATIOTEMPORAL_OOS,B1CH,336753N1177488W001,6,1,5.787511646406546,6.529656960854755,-4.51809513431028,0.5,2.500000000000007,head-level residual equals delta-h residual conditional on observed h_prev
T2_SPATIOTEMPORAL_OOS,B1CH,336781N1178263W001,13,1,8.178722212534332,10.17922164746787,-3.1415716303675247,0.8461538461538461,14.099999999999996,head-level residual equals delta-h residual conditional on observed h_prev
T2_SPATIOTEMPORAL_OOS,B1CH,336792N1177457W001,4,1,8.928270669836355,10.66791383639232,-7.389052187837347,0.25,7.7500000000000036,head-level residual equals delta-h residual conditional on observed h_prev
T2_SPATIOTEMPORAL_OOS,B1CH,336795N1177780W001,10,1,21.096954353992583,28.518929764780626,-5.775182008548819,0.7,18.55,head-level residual equals delta-h residual conditional on observed h_prev
T2_SPATIOTEMPORAL_OOS,B1CH,336798N1177876W001,6,1,3.5771174022262446,4.221175243976408,-2.124852794495088,0.8333333333333334,1.5600000000000058,head-level residual equals delta-h residual conditional on observed h_prev
T2_SPATIOTEMPORAL_OOS,B1CH,336798N1177876W002,6,1,24.544492422170425,29.56532235178745,-10.70265308156997,0.6666666666666666,39.39,head-level residual equals delta-h residual conditional on observed h_prev
T2_SPATIOTEMPORAL_OOS,B1CH,336813N1177975W001,8,1,53.82043463244418,85.12948425904698,-1.0159155950044632,0.625,31.25,head-level residual equals delta-h residual conditional on observed h_prev
T2_SPATIOTEMPORAL_OOS,B1CH,336824N1177430W001,4,1,5.818992273632359,7.927078239551885,-5.722939090957279,0.5,1.8649999999999949,head-level residual equals delta-h residual conditional on observed h_prev
T2_SPATIOTEMPORAL_OOS,B1CH,336831N1179773W001,7,1,11.755930982704161,13.924594435903035,-3.342674026254806,1.0,25.409999999999993,head-level residual equals delta-h residual conditional on observed h_prev
T2_SPATIOTEMPORAL_OOS,B1CH,336848N1179242W001,12,1,12.003117785718379,17.089982415528382,-1.822700002786,0.5,9.207499999999998,head-level residual equals delta-h residual conditional on observed h_prev
T2_SPATIOTEMPORAL_OOS,B1CH,336853N1177671W001,1,1,9.793352346232437,9.793352346232437,-9.793352346232437,0.0,0.0,head-level residual equals delta-h residual conditional on observed h_prev
T2_SPATIOTEMPORAL_OOS,B1CH,336853N1179432W001,12,1,4.255643596330192,5.597530448137245,-1.897523699121411,0.75,5.590000000000003,head-level residual equals delta-h residual conditional on observed h_prev
T2_SPATIOTEMPORAL_OOS,B1CH,336868N1179445W001,11,1,4.390373429297214,5.7888770086395205,-1.8737439926553963,0.8181818181818182,5.934999999999999,head-level residual equals delta-h residual conditional on observed h_prev
T2_SPATIOTEMPORAL_OOS,B1CH,336870N1178340W001,2,1,63.28331583144818,63.35932506684647,3.102581232377389,0.5,64.5,head-level residual equals delta-h residual conditional on observed h_prev
T2_SPATIOTEMPORAL_OOS,B1CH,336870N1179436W001,11,1,4.390373429297214,5.78887700863952,-1.8737439926553963,0.8181818181818182,5.9350000000000005,head-level residual equals delta-h residual conditional on observed h_prev
T2_SPATIOTEMPORAL_OOS,B1CH,336875N1179148W001,8,1,2.3220185183004047,2.713619581205827,-1.3104456000707865,1.0,4.205,head-level residual equals delta-h residual conditional on observed h_prev
T2_SPATIOTEMPORAL_OOS,B1CH,336886N1178041W001,7,1,16.505593315777098,20.210745720658007,-6.078957619414644,0.7142857142857143,28.749999999999996,head-level residual equals delta-h residual conditional on observed h_prev
T2_SPATIOTEMPORAL_OOS,B1CH,336906N1179435W001,13,1,12.377123048477245,15.084679140308443,-4.012891805562676,0.6923076923076923,13.79000000000002,head-level residual equals delta-h residual conditional on observed h_prev
T2_SPATIOTEMPORAL_OOS,B1CH,336928N1177446W001,4,1,5.670612039480901,7.122378483762861,-5.595244384000244,0.5,1.9500000000000242,head-level residual equals delta-h residual conditional on observed h_prev
T2_SPATIOTEMPORAL_OOS,B1CH,336941N1179435W001,1,1,45.421197939511465,45.421197939511465,-45.421197939511465,1.0,0.0,head-level residual equals delta-h residual conditional on observed h_prev
T2_SPATIOTEMPORAL_OOS,B1CH,336944N1177985W001,2,1,37.38366493114739,46.292569224036484,-37.38366493114739,0.0,31.0,head-level residual equals delta-h residual conditional on observed h_prev
T2_SPATIOTEMPORAL_OOS,B1CH,336962N1178987W001,26,1,7.511145951010525,11.294626514380857,-3.6735675505747145,0.6153846153846154,9.875000000000004,head-level residual equals delta-h residual conditional on observed h_prev
T2_SPATIOTEMPORAL_OOS,B1CH,336963N1179065W001,19,1,15.620835941052249,24.96965434419731,-4.77892157898723,0.47368421052631576,13.449999999999996,head-level residual equals delta-h residual conditional on observed h_prev
T2_SPATIOTEMPORAL_OOS,B1CH,336966N1179388W001,1,1,6.476803259045627,6.476803259045627,-6.476803259045627,1.0,0.0,head-level residual equals delta-h residual conditional on observed h_prev
T2_SPATIOTEMPORAL_OOS,B1CH,336977N1178594W001,11,1,11.89610872914052,14.870360848096306,-3.861570037998364,0.7272727272727273,22.849999999999998,head-level residual equals delta-h residual conditional on observed h_prev
T2_SPATIOTEMPORAL_OOS,B1CH,336978N1179845W001,4,1,3.061404644579746,4.4025943282694735,-2.073175535691225,0.5,2.3,head-level residual equals delta-h residual conditional on observed h_prev
T2_SPATIOTEMPORAL_OOS,B1CH,336979N1179454W001,1,1,5.5368032590456435,5.5368032590456435,-5.5368032590456435,1.0,0.0,head-level residual equals delta-h residual conditional on observed h_prev
T2_SPATIOTEMPORAL_OOS,B1CH,337046N1180143W001,6,1,1.7296161542454886,2.0649174246520263,-0.9940105959566177,0.8333333333333334,4.114999999999999,head-level residual equals delta-h residual conditional on observed h_prev
T2_SPATIOTEMPORAL_OOS,B1CH,337046N1180143W002,6,1,10.898995339037334,13.22601907575849,1.575283517251571,0.8333333333333334,14.674999999999995,head-level residual equals delta-h residual conditional on observed h_prev
T2_SPATIOTEMPORAL_OOS,B1CH,337057N1180070W001,13,1,12.816807086688348,14.367429573252968,-4.253229948138983,0.7692307692307693,27.0,head-level residual equals delta-h residual conditional on observed h_prev
T2_SPATIOTEMPORAL_OOS,B1CH,337059N1180056W001,13,1,11.739884009765271,13.676625705836011,-4.253229948138983,0.7692307692307693,24.0,head-level residual equals delta-h residual conditional on observed h_prev
T2_SPATIOTEMPORAL_OOS,B1CH,337105N1178932W001,13,1,17.29385640974007,23.90854381821259,-2.7767204156086893,0.6153846153846154,19.71999999999999,head-level residual equals delta-h residual conditional on observed h_prev
T2_SPATIOTEMPORAL_OOS,B1CH,337105N1178932W002,13,1,10.658538200826003,13.798218783600293,-2.5706329759253888,0.7692307692307693,20.53000000000001,head-level residual equals delta-h residual conditional on observed h_prev
T2_SPATIOTEMPORAL_OOS,B1CH,337112N1177826W001,4,1,40.81111021615646,44.82853503706789,-20.57347451581338,0.25,34.75,head-level residual equals delta-h residual conditional on observed h_prev
T2_SPATIOTEMPORAL_OOS,B1CH,337141N1179955W001,12,1,2.6444103157403207,3.248916445441022,-1.6861123508823237,0.9166666666666666,6.3725000000000005,head-level residual equals delta-h residual conditional on observed h_prev
T2_SPATIOTEMPORAL_OOS,B1CH,337148N1177696W001,7,1,3.9016774404713437,5.086242298587207,-2.6837431990707463,0.3333333333333333,0.5000000000000071,head-level residual equals delta-h residual conditional on observed h_prev
T2_SPATIOTEMPORAL_OOS,B1CH,337148N1177696W002,7,1,5.826005434096397,6.475806589671336,-4.833985687871057,1.0,12.625,head-level residual equals delta-h residual conditional on observed h_prev
T2_SPATIOTEMPORAL_OOS,B1CH,337148N1177696W003,7,1,6.239329086894015,7.667071546033515,-5.061438345797819,1.0,13.839999999999996,head-level residual equals delta-h residual conditional on observed h_prev
T2_SPATIOTEMPORAL_OOS,B1CH,337161N1179887W001,3,1,1.1353491799859337,1.2216855198802057,0.04123884287027272,1.0,3.5650000000000004,head-level residual equals delta-h residual conditional on observed h_prev
T2_SPATIOTEMPORAL_OOS,B1CH,337188N1180275W001,9,1,5.567645819187738,7.266959890279549,-1.0540533922527842,1.0,17.0,head-level residual equals delta-h residual conditional on observed h_prev
T2_SPATIOTEMPORAL_OOS,B1CH,337216N1178318W001,7,1,3.32238560975791,4.2063827624471335,-2.184541707498126,0.8571428571428571,1.1849999999999987,head-level residual equals delta-h residual conditional on observed h_prev
T2_SPATIOTEMPORAL_OOS,B1CH,337216N1178318W002,7,1,16.918987276603954,18.722207408710233,-6.377385130291421,0.7142857142857143,28.990000000000002,head-level residual equals delta-h residual conditional on observed h_prev
T2_SPATIOTEMPORAL_OOS,B1CH,337216N1178318W003,7,1,15.827704630601533,18.065808975601417,-5.697372723850707,0.8571428571428571,29.669999999999998,head-level residual equals delta-h residual conditional on observed h_prev
T2_SPATIOTEMPORAL_OOS,B1CH,337233N1179421W001,3,1,5.090573535800661,5.337238020444437,-5.090573535800661,0.6666666666666666,5.3149999999999995,head-level residual equals delta-h residual conditional on observed h_prev
T2_SPATIOTEMPORAL_OOS,B1CH,337233N1179421W002,3,1,2.192606360509828,2.6184310051735746,0.6077452026667373,0.6666666666666666,0.8950000000000005,head-level residual equals delta-h residual conditional on observed h_prev
T2_SPATIOTEMPORAL_OOS,B1CH,337233N1179421W003,3,1,5.3188835390048625,6.634822883093669,-5.3188835390048625,0.6666666666666666,4.830000000000002,head-level residual equals delta-h residual conditional on observed h_prev
T2_SPATIOTEMPORAL_OOS,B1CH,337279N1179386W001,13,1,7.297984270643962,9.265550130236216,-2.751155449411251,0.8461538461538461,15.5,head-level residual equals delta-h residual conditional on observed h_prev
T2_SPATIOTEMPORAL_OOS,B1CH,337281N1177946W001,11,1,45.958597922884,74.15752140081715,-16.1138623156038,0.8181818181818182,36.5,head-level residual equals delta-h residual conditional on observed h_prev
T2_SPATIOTEMPORAL_OOS,B1CH,337304N1177898W001,2,1,6.360651820605445,7.761455547304221,-4.447729828778734,1.0,7.0,head-level residual equals delta-h residual conditional on observed h_prev
T2_SPATIOTEMPORAL_OOS,B1CH,337304N1180246W001,10,1,9.915094578746473,14.493331558738321,-4.4391420519225075,0.8888888888888888,21.5,head-level residual equals delta-h residual conditional on observed h_prev
T2_SPATIOTEMPORAL_OOS,B1CH,337305N1180330W001,13,1,5.3620454870492145,6.672094306666534,-2.877700920716589,0.8461538461538461,14.999999999999998,head-level residual equals delta-h residual conditional on observed h_prev
T2_SPATIOTEMPORAL_OOS,B1CH,337334N1178220W001,4,1,18.12327836954991,20.907410783990453,-3.5717415796479948,0.5,20.575,head-level residual equals delta-h residual conditional on observed h_prev
T2_SPATIOTEMPORAL_OOS,B1CH,337344N1178235W001,4,1,9.661037947057178,11.019440894490256,-7.571741579647994,0.5,8.124999999999998,head-level residual equals delta-h residual conditional on observed h_prev
T2_SPATIOTEMPORAL_OOS,B1CH,337370N1178012W001,4,1,9.72359304624582,12.41991707079965,-8.576826356146974,0.75,16.325,head-level residual equals delta-h residual conditional on observed h_prev
T2_SPATIOTEMPORAL_OOS,B1CH,337374N1179933W001,14,1,2.604271974381511,2.921317070886081,-1.8072886176954899,0.5714285714285714,1.4124999999999996,head-level residual equals delta-h residual conditional on observed h_prev
T2_SPATIOTEMPORAL_OOS,B1CH,337374N1179933W002,8,1,5.642234167428519,6.244261289518288,-1.1962706560365421,0.625,10.682500000000001,head-level residual equals delta-h residual conditional on observed h_prev
T2_SPATIOTEMPORAL_OOS,B1CH,337374N1179933W003,8,1,7.7856311910342875,10.398634732168809,-1.1848657064325916,0.875,10.8675,head-level residual equals delta-h residual conditional on observed h_prev
T2_SPATIOTEMPORAL_OOS,B1CH,337425N1178213W001,2,1,68.23717258650659,82.90373812073696,-68.23717258650659,1.0,47.75,head-level residual equals delta-h residual conditional on observed h_prev
T2_SPATIOTEMPORAL_OOS,B1CH,337525N1179058W001,7,1,3.9545806340661933,4.729202356086057,-1.1710969885239566,0.8571428571428571,0.9249999999999972,head-level residual equals delta-h residual conditional on observed h_prev
T2_SPATIOTEMPORAL_OOS,B1CH,337525N1179058W002,7,1,9.289446891597091,10.451289045588647,-2.795089160702599,1.0,25.945,head-level residual equals delta-h residual conditional on observed h_prev
T2_SPATIOTEMPORAL_OOS,B1CH,337525N1179058W003,7,1,20.435024044948623,24.24931457901814,-6.609075804418459,0.8571428571428571,32.504999999999995,head-level residual equals delta-h residual conditional on observed h_prev
T2_SPATIOTEMPORAL_OOS,B1CH,337589N1179207W001,1,1,9.54243566208527,9.54243566208527,9.54243566208527,1.0,0.0,head-level residual equals delta-h residual conditional on observed h_prev
T2_SPATIOTEMPORAL_OOS,B1CH,337591N1180435W001,7,1,4.787651495795736,5.226904064589817,-0.6639861455215612,0.8571428571428571,2.2699999999999996,head-level residual equals delta-h residual conditional on observed h_prev
T2_SPATIOTEMPORAL_OOS,B1CH,337591N1180435W002,7,1,9.220531885153134,12.917852959268933,-3.488890830895168,1.0,25.890000000000004,head-level residual equals delta-h residual conditional on observed h_prev
T2_SPATIOTEMPORAL_OOS,B1CH,337591N1180435W003,7,1,7.022706933473236,7.989112010783545,-0.480358229406991,0.8571428571428571,13.184999999999999,head-level residual equals delta-h residual conditional on observed h_prev
T2_SPATIOTEMPORAL_OOS,B1CH,337593N1180743W001,13,1,7.74915362242963,10.102645984080338,-2.36312519225224,0.9166666666666666,20.0,head-level residual equals delta-h residual conditional on observed h_prev
T2_SPATIOTEMPORAL_OOS,B1CH,337595N1180740W001,11,1,9.846331251561294,12.396432137417914,-1.3434066459800764,0.8181818181818182,15.3,head-level residual equals delta-h residual conditional on observed h_prev
T2_SPATIOTEMPORAL_OOS,B1CH,337646N1178432W001,8,1,3.9211794849411516,5.366683475075194,-2.2892105750403617,0.25,1.5725000000000016,head-level residual equals delta-h residual conditional on observed h_prev
T2_SPATIOTEMPORAL_OOS,B1CH,337646N1178432W002,8,1,12.017396474548104,14.199502995050198,-4.749844160764104,0.75,27.775,head-level residual equals delta-h residual conditional on observed h_prev
T2_SPATIOTEMPORAL_OOS,B1CH,337646N1178432W003,8,1,14.522590790763694,18.270527149382023,-6.824150814725217,0.75,22.34,head-level residual equals delta-h residual conditional on observed h_prev
T2_SPATIOTEMPORAL_OOS,B1CH,337754N1178448W001,13,1,8.910842384782534,11.146033946753482,-2.3935057549874332,0.75,11.0,head-level residual equals delta-h residual conditional on observed h_prev
T2_SPATIOTEMPORAL_OOS,B1CH,337779N1179480W001,6,1,5.875840721892342,7.1120471565131504,-1.3455145857785002,1.0,1.9000000000000057,head-level residual equals delta-h residual conditional on observed h_prev
T2_SPATIOTEMPORAL_OOS,B1CH,337779N1179480W002,6,1,4.911358211315483,5.744400113800774,-0.8404691181592808,1.0,16.222499999999997,head-level residual equals delta-h residual conditional on observed h_prev
T2_SPATIOTEMPORAL_OOS,B1CH,337779N1179480W003,6,1,6.385159724572163,7.4388801635040664,-0.9788856256400491,0.8333333333333334,25.732499999999998,head-level residual equals delta-h residual conditional on observed h_prev
T2_SPATIOTEMPORAL_OOS,B1CH,337800N1180851W001,12,1,2.348269554566549,2.7043526528005786,-1.3037705856747486,0.9166666666666666,5.624999999999999,head-level residual equals delta-h residual conditional on observed h_prev
T2_SPATIOTEMPORAL_OOS,B1CH,337806N1178326W001,4,1,8.464747704144987,10.359075720094587,-8.464747704144987,0.5,6.014999999999999,head-level residual equals delta-h residual conditional on observed h_prev
T2_SPATIOTEMPORAL_OOS,B1CH,337856N1178834W001,7,1,7.19154108764859,7.939710590338968,-1.6869560979744616,0.2857142857142857,2.914999999999999,head-level residual equals delta-h residual conditional on observed h_prev
T2_SPATIOTEMPORAL_OOS,B1CH,337856N1178834W002,7,1,7.126573031757845,7.949480230349171,-3.214084328254567,0.7142857142857143,16.87,head-level residual equals delta-h residual conditional on observed h_prev
T2_SPATIOTEMPORAL_OOS,B1CH,337856N1178834W003,7,1,6.770578200324073,7.4111458390841065,-2.574046767937531,0.8571428571428571,21.229999999999997,head-level residual equals delta-h residual conditional on observed h_prev
T2_SPATIOTEMPORAL_OOS,B1CH,337910N1178268W001,15,1,3.370337910537551,3.861230162702452,-1.3025026889495022,0.8,1.399999999999995,head-level residual equals delta-h residual conditional on observed h_prev
T2_SPATIOTEMPORAL_OOS,B1CH,337959N1180672W001,7,1,4.32023264423541,4.727436020665311,-0.6714598142764486,0.7142857142857143,2.83,head-level residual equals delta-h residual conditional on observed h_prev
T2_SPATIOTEMPORAL_OOS,B1CH,337959N1180672W002,7,1,8.339745753808932,9.301008603008595,-1.28238785070152,0.8571428571428571,15.335,head-level residual equals delta-h residual conditional on observed h_prev
T2_SPATIOTEMPORAL_OOS,B1CH,337959N1180672W003,7,1,5.260169009060858,6.332393440317287,-1.8746062585132661,1.0,16.259999999999998,head-level residual equals delta-h residual conditional on observed h_prev
T2_SPATIOTEMPORAL_OOS,B1CH,337995N1178787W001,7,1,7.458671134121878,8.757135549014833,-1.938592814756989,0.5714285714285714,4.699999999999996,head-level residual equals delta-h residual conditional on observed h_prev
T2_SPATIOTEMPORAL_OOS,B1CH,337995N1178787W002,7,1,3.2449077362264087,4.2502512021841765,-2.25102131920912,1.0,13.024999999999999,head-level residual equals delta-h residual conditional on observed h_prev
T2_SPATIOTEMPORAL_OOS,B1CH,337995N1178787W003,7,1,4.451050377640756,6.234214764911193,-3.2936594893899147,1.0,21.310000000000002,head-level residual equals delta-h residual conditional on observed h_prev
T2_SPATIOTEMPORAL_OOS,B1CH,338045N1179568W001,13,1,4.4531132175373225,4.7829245067288735,-0.7911860301614939,0.5384615384615384,4.0,head-level residual equals delta-h residual conditional on observed h_prev
T2_SPATIOTEMPORAL_OOS,B1CH,338047N1178086W001,25,1,3.3390143715725014,7.667219275925658,-2.696568804567894,0.88,0.3800000000000239,head-level residual equals delta-h residual conditional on observed h_prev
T2_SPATIOTEMPORAL_OOS,B1CH,338047N1178086W002,25,1,3.488207799164292,7.07508356913071,-3.0329610107386937,0.64,1.1200000000000045,head-level residual equals delta-h residual conditional on observed h_prev
T2_SPATIOTEMPORAL_OOS,B1CH,338161N1180207W001,1,1,3.542956444388336,3.542956444388336,-3.542956444388336,1.0,0.0,head-level residual equals delta-h residual conditional on observed h_prev
T2_SPATIOTEMPORAL_OOS,B1CH,338170N1179764W001,8,1,4.8077676297756,6.644009631365632,-0.6907345051541195,0.625,9.75,head-level residual equals delta-h residual conditional on observed h_prev
T2_SPATIOTEMPORAL_OOS,B1CH,338205N1180164W001,7,1,3.121267823004969,3.8449104087037855,-1.335658983087068,0.8571428571428571,3.5649999999999995,head-level residual equals delta-h residual conditional on observed h_prev
T2_SPATIOTEMPORAL_OOS,B1CH,338205N1180164W002,4,1,6.50218324048499,8.707909041250792,4.556127485090944,1.0,10.38,head-level residual equals delta-h residual conditional on observed h_prev
T2_SPATIOTEMPORAL_OOS,B1CH,338205N1180164W003,7,1,5.385514213996978,6.723540558324053,-1.4328749684207072,0.7142857142857143,6.449999999999999,head-level residual equals delta-h residual conditional on observed h_prev
T2_SPATIOTEMPORAL_OOS,B1CH,338229N1179374W001,6,1,6.943555511047943,7.66540569356032,-1.3460489815414949,0.6666666666666666,1.6374999999999993,head-level residual equals delta-h residual conditional on observed h_prev
T2_SPATIOTEMPORAL_OOS,B1CH,338229N1179374W002,6,1,3.506347701941836,4.7054196558747785,-0.6833223165842764,0.8333333333333334,11.577500000000002,head-level residual equals delta-h residual conditional on observed h_prev
T2_SPATIOTEMPORAL_OOS,B1CH,338229N1179374W003,6,1,2.958616409480063,3.336676604378762,-1.1953225083502856,0.8333333333333334,13.635000000000002,head-level residual equals delta-h residual conditional on observed h_prev
T2_SPATIOTEMPORAL_OOS,B1CH,338250N1179465W001,13,1,2.7792996929494453,3.1725853545921527,-1.4639688938121913,0.8461538461538461,5.0,head-level residual equals delta-h residual conditional on observed h_prev
T2_SPATIOTEMPORAL_OOS,B1CH,338285N1179436W001,13,1,4.552290470174809,4.984435916087308,-1.431376564234357,0.6666666666666666,8.999999999999996,head-level residual equals delta-h residual conditional on observed h_prev
T2_SPATIOTEMPORAL_OOS,B1CH,338285N1179891W001,1,1,2.774843372049216,2.774843372049216,2.774843372049216,1.0,0.0,head-level residual equals delta-h residual conditional on observed h_prev
T2_SPATIOTEMPORAL_OOS,B1CH,338320N1180539W001,12,1,3.4796210424742324,4.403353083243729,-1.278613462054239,0.6,2.1649999999999983,head-level residual equals delta-h residual conditional on observed h_prev
T2_SPATIOTEMPORAL_OOS,B1CH,338327N1178668W001,6,1,7.706465088796101,8.593471389135088,-3.0017667595289645,0.5,7.335000000000001,head-level residual equals delta-h residual conditional on observed h_prev
T2_SPATIOTEMPORAL_OOS,B1CH,338327N1178668W002,6,1,5.938135177096121,6.186883414132419,-1.1210376569648914,0.5,8.752500000000001,head-level residual equals delta-h residual conditional on observed h_prev
T2_SPATIOTEMPORAL_OOS,B1CH,338327N1178668W003,6,1,6.335245960311984,6.795283523856362,-2.039676694867915,0.5,8.870000000000001,head-level residual equals delta-h residual conditional on observed h_prev
T2_SPATIOTEMPORAL_OOS,B1CH,338349N1180575W001,12,1,3.9964257413073554,4.716405710243541,-1.3411134620542393,0.45454545454545453,3.2875,head-level residual equals delta-h residual conditional on observed h_prev
T2_SPATIOTEMPORAL_OOS,B1CH,338366N1179547W001,11,1,2.2606756058066946,2.917933599787006,-1.487583776531135,1.0,6.0,head-level residual equals delta-h residual conditional on observed h_prev
T2_SPATIOTEMPORAL_OOS,B1CH,338451N1179506W001,13,1,3.394501936327853,4.850004153767469,-1.5177844173176387,0.9090909090909091,7.000000000000002,head-level residual equals delta-h residual conditional on observed h_prev
T2_SPATIOTEMPORAL_OOS,B1CH,338469N1179285W001,13,1,4.390677344497373,5.668793691030922,-1.3248267682496606,0.75,9.0,head-level residual equals delta-h residual conditional on observed h_prev
T2_SPATIOTEMPORAL_OOS,B1CH,338488N1179110W001,6,1,8.22200779753644,8.661803021380175,-2.174323023457896,0.5,2.7924999999999915,head-level residual equals delta-h residual conditional on observed h_prev
T2_SPATIOTEMPORAL_OOS,B1CH,338488N1179110W002,6,1,4.037066577218149,4.215828846628379,-1.6628331539483818,0.8333333333333334,6.769999999999996,head-level residual equals delta-h residual conditional on observed h_prev
T2_SPATIOTEMPORAL_OOS,B1CH,338490N1179163W001,13,1,2.9812504396569466,3.758661569241886,-0.7148686531313005,0.8,3.0,head-level residual equals delta-h residual conditional on observed h_prev
T2_SPATIOTEMPORAL_OOS,B1CH,338490N1179166W001,13,1,3.2168309723789585,3.7027360429500193,-0.7148686531313009,0.9,5.0,head-level residual equals delta-h residual conditional on observed h_prev
T2_SPATIOTEMPORAL_OOS,B1CH,338509N1178361W001,6,1,8.665027919550605,9.398327197303932,0.769223028915151,0.16666666666666666,4.090000000000025,head-level residual equals delta-h residual conditional on observed h_prev
T2_SPATIOTEMPORAL_OOS,B1CH,338509N1178361W002,6,1,8.177926085494647,8.67656901762325,0.41929103543069085,0.16666666666666666,3.819999999999986,head-level residual equals delta-h residual conditional on observed h_prev
T2_SPATIOTEMPORAL_OOS,B1CH,338511N1180333W001,1,1,0.6556935632973548,0.6556935632973548,-0.6556935632973548,1.0,0.0,head-level residual equals delta-h residual conditional on observed h_prev
T2_SPATIOTEMPORAL_OOS,B1CH,338543N1178361W001,48,1,2.32096086620141,2.927226873759687,0.504280988929016,0.4166666666666667,1.6749999999999972,head-level residual equals delta-h residual conditional on observed h_prev
T2_SPATIOTEMPORAL_OOS,B1CH,338552N1178566W001,6,1,7.396580299189261,8.351322484128081,1.3788455528367372,0.5,6.729999999999993,head-level residual equals delta-h residual conditional on observed h_prev
T2_SPATIOTEMPORAL_OOS,B1CH,338552N1178566W002,6,1,8.885086413459748,10.172275128459459,0.3361777173981584,0.6666666666666666,3.6274999999999977,head-level residual equals delta-h residual conditional on observed h_prev
T2_SPATIOTEMPORAL_OOS,B1CH,338552N1178566W003,6,1,8.951182164185008,10.252767037440577,0.38593534380878625,0.6666666666666666,3.612500000000022,head-level residual equals delta-h residual conditional on observed h_prev
T2_SPATIOTEMPORAL_OOS,B1CH,338556N1180264W001,8,1,3.604429376261156,4.28533224956399,-1.0451863192551332,0.875,1.6625000000000005,head-level residual equals delta-h residual conditional on observed h_prev
T2_SPATIOTEMPORAL_OOS,B1CH,338556N1180264W002,7,1,7.783174197580018,9.462713032112033,-1.2320111700292795,0.8571428571428571,12.585,head-level residual equals delta-h residual conditional on observed h_prev
T2_SPATIOTEMPORAL_OOS,B1CH,338556N1180264W003,8,1,4.464971700447138,5.736415857849459,-1.032727862184733,0.75,7.384999999999998,head-level residual equals delta-h residual conditional on observed h_prev
T2_SPATIOTEMPORAL_OOS,B1CH,338628N1179046W001,10,1,6.530516182019753,7.739646134248412,-2.983582706642767,0.5555555555555556,5.250000000000002,head-level residual equals delta-h residual conditional on observed h_prev
T2_SPATIOTEMPORAL_OOS,B1CH,338629N1178426W001,13,1,6.046874730424185,8.008300630465644,1.332801514268939,0.6363636363636364,3.0,head-level residual equals delta-h residual conditional on observed h_prev
T2_SPATIOTEMPORAL_OOS,B1CH,338638N1178430W001,13,1,5.354567038116493,7.22702893743166,1.255878437345862,0.6666666666666666,5.0,head-level residual equals delta-h residual conditional on observed h_prev
T2_SPATIOTEMPORAL_OOS,B1CH,338642N1178978W001,6,1,7.590541361408238,8.40952190846595,-1.5273067277695123,0.5,3.669999999999998,head-level residual equals delta-h residual conditional on observed h_prev
T2_SPATIOTEMPORAL_OOS,B1CH,338642N1178978W002,6,1,4.479956145108261,5.1471381962534934,-0.8672301376144583,0.8333333333333334,6.277500000000003,head-level residual equals delta-h residual conditional on observed h_prev
T2_SPATIOTEMPORAL_OOS,B1CH,338642N1178978W003,6,1,5.483996156653839,6.381381684417311,-0.2506785472848933,0.6666666666666666,7.464999999999989,head-level residual equals delta-h residual conditional on observed h_prev
T2_SPATIOTEMPORAL_OOS,B1CH,338642N1178979W001,13,1,4.4567309413478515,4.817588716954322,-0.6806897302009456,0.6666666666666666,3.5,head-level residual equals delta-h residual conditional on observed h_prev
T2_SPATIOTEMPORAL_OOS,B1CH,338649N1178024W001,6,1,7.2506132469394915,7.733983104954874,-0.6866664475492824,0.5,2.914999999999992,head-level residual equals delta-h residual conditional on observed h_prev
T2_SPATIOTEMPORAL_OOS,B1CH,338650N1178151W001,12,1,8.755058712547564,13.052424697460395,-0.19395819472485742,0.5,1.5974999999999966,head-level residual equals delta-h residual conditional on observed h_prev
T2_SPATIOTEMPORAL_OOS,B1CH,338664N1178426W001,13,1,6.235355094119399,8.439880017561764,1.2707913338477188,0.5,2.0,head-level residual equals delta-h residual conditional on observed h_prev
T2_SPATIOTEMPORAL_OOS,B1CH,338715N1179765W001,10,1,2.901976390417812,3.6306528328615473,-1.4006376949906343,0.8,5.02,head-level residual equals delta-h residual conditional on observed h_prev
T2_SPATIOTEMPORAL_OOS,B1CH,338739N1180037W001,2,1,3.4031851007647287,3.7281230972950685,1.5222460374453073,1.0,9.5,head-level residual equals delta-h residual conditional on observed h_prev
T2_SPATIOTEMPORAL_OOS,B1CH,338764N1176943W001,3,1,7.021337607751838,7.722319384340867,3.8166401347097705,0.0,0.9000000000000057,head-level residual equals delta-h residual conditional on observed h_prev
T2_SPATIOTEMPORAL_OOS,B1CH,338774N1176944W001,4,1,7.258588036669487,7.533498794341499,3.335315766794327,0.5,0.30000000000001137,head-level residual equals delta-h residual conditional on observed h_prev
T2_SPATIOTEMPORAL_OOS,B1CH,338942N1178371W001,12,1,4.560232910986677,5.099805421213066,-0.9735446671936048,0.25,0.3049999999999784,head-level residual equals delta-h residual conditional on observed h_prev
T2_SPATIOTEMPORAL_OOS,B1CH,338970N1179254W001,5,1,9.510902893975974,11.389213679155201,-2.9501125782054176,0.4,1.1400000000000148,head-level residual equals delta-h residual conditional on observed h_prev
