{"type":"FeatureCollection","features":[{"type":"Feature","geometry":{"type":"Polygon","coordinates":[[[-120.80173097694913,44.291233198504834],[-120.80199536191704,44.29137843776131],[-120.80237692941881,44.291502818036321],[-120.80291858928061,44.291598764808434],[-120.80364001909878,44.291621639874428],[-120.80705873757555,44.291356018496423],[-120.80734245698331,44.291354895796829],[-120.80765493415825,44.29133731969381],[-120.80790181814778,44.291318483280484],[-120.80823201279509,44.291265882239657],[-120.80851870832139,44.291258526166416],[-120.80957150598658,44.29127186612164],[-120.8107542584324,44.291402573859344],[-120.81334034554031,44.291546634059152],[-120.81573974476586,44.292416310597915],[-120.81850945290775,44.293103942514207],[-120.81931348461292,44.293456906156926],[-120.82066973138447,44.294194023895983],[-120.82133216793962,44.294436237664954],[-120.82491479571804,44.295305769181148],[-120.82573687188233,44.295298911272134],[-120.8268586969923,44.295194213932554],[-120.82807996021432,44.295005867041965],[-120.82879233860767,44.295041917207712],[-120.82933654788823,44.295155790655272],[-120.8293766001735,44.295150092648072],[-120.82975201691053,44.29509668039428],[-120.82998474794275,44.295063565428329],[-120.83082834594458,44.294850922061329],[-120.83229573767299,44.294450028912237],[-120.83397816811411,44.294153238292317],[-120.83560302912196,44.293798165984008],[-120.83644921157688,44.29351406916966],[-120.83737545368652,44.293217189587565],[-120.83821690381656,44.29306162004157],[-120.83931999456125,44.292825242867437],[-120.84032993719752,44.292415587222074],[-120.8411148554484,44.292173172860885],[-120.84173964630489,44.29195631119795],[-120.84221668585677,44.291815960226451],[-120.84316451448269,44.291625933248433],[-120.8437556508554,44.291496699788631],[-120.84430785065047,44.29137597566784],[-120.84440132394901,44.291359127461106],[-120.84516914187013,44.291220729824595],[-120.84595924789176,44.290835457811603],[-120.84639618305607,44.290478480746152],[-120.84566042870239,44.290301012843273],[-120.84481064849474,44.290142054543672],[-120.8445567163235,44.290092730596818],[-120.8439582577829,44.290054501390884],[-120.84312784615112,44.289910189322157],[-120.84293580700462,44.289720763841565],[-120.84271319549404,44.289544175889361],[-120.84252975771643,44.289398663951765],[-120.84211638895528,44.289276515053842],[-120.84154500114578,44.289122795374837],[-120.84085379155208,44.28898109625402],[-120.84068066104399,44.288959081831358],[-120.84065135081291,44.288951728041347],[-120.83961684105026,44.288782660065721],[-120.83830500968131,44.288608338589952],[-120.83681188660989,44.288698979211475],[-120.83606139898724,44.288773498023424],[-120.83505709597432,44.288971863508394],[-120.83452100207403,44.289025640790946],[-120.83354106137159,44.289045416131557],[-120.83192250563876,44.28900190497189],[-120.83126422199521,44.288989403023074],[-120.83055256584733,44.288975883784744],[-120.83035733049505,44.288959385345592],[-120.82997015570929,44.288836930733147],[-120.82953102236749,44.288675122368581],[-120.82938910562059,44.28860159371731],[-120.82667934295591,44.28778972891616],[-120.82664047824348,44.287782969802386],[-120.82615562604359,44.287744631060349],[-120.82575849972113,44.287722776937287],[-120.82532318781251,44.287657318050876],[-120.82512330188203,44.287467750906096],[-120.82501560915082,44.287365618903173],[-120.82464891325859,44.287058497744141],[-120.82424737261479,44.286690523203156],[-120.8241870300822,44.286635224865364],[-120.82368697120121,44.286168346934438],[-120.82328924660074,44.285771429159595],[-120.82301537003354,44.285498108778881],[-120.82299407636803,44.284997477379093],[-120.82311081872741,44.284530122765595],[-120.82315752124073,44.284343156470634],[-120.82355126540618,44.283378799730649],[-120.82357765790923,44.283344274913162],[-120.8238089866713,44.282851098687168],[-120.82384575291925,44.281855064560872],[-120.82388435532363,44.280809229686966],[-120.82392868179301,44.280367274440692],[-120.82371567866274,44.279465892657569],[-120.82323151008079,44.278570550395905],[-120.82252604242693,44.277742446700685],[-120.82185032517862,44.277186458055915],[-120.82126609235887,44.276846592582629],[-120.82080008681368,44.276537564086702],[-120.8208922764197,44.276196313313307],[-120.82100381483863,44.275869722534445],[-120.82102018483806,44.275426978891282],[-120.8209758610636,44.275011660811167],[-120.82108792499699,44.274670788379765],[-120.8212649020911,44.274188231909683],[-120.82138583239637,44.273876144507234],[-120.8215960237998,44.272890339070614],[-120.82167076632638,44.272539770039884],[-120.82160812410666,44.272308381434456],[-120.82147575285798,44.272037298588181],[-120.82114962488396,44.271711360727025],[-120.82094091570075,44.271579493171451],[-120.82079696426973,44.271481309994392],[-120.82076730728895,44.271461082982697],[-120.82073693075762,44.271319827542946],[-120.82077864582446,44.271154374610795],[-120.82092518530179,44.271042073652538],[-120.82093573511651,44.271038315231891],[-120.82094427180665,44.271023551705518],[-120.82140936107029,44.270818044216675],[-120.82189063078879,44.270712887707617],[-120.82263293655583,44.270541248955738],[-120.82355149447658,44.270444425142799],[-120.82451190939797,44.27029122159599],[-120.82537504485892,44.270078990276978],[-120.82598346481772,44.269761855993565],[-120.82643760361803,44.269313154833014],[-120.82680590929127,44.269034321723467],[-120.82739075116878,44.268816777692152],[-120.827912798113,44.268683788871549],[-120.82865085484872,44.268626364974871],[-120.82945011649973,44.268527225479602],[-120.83064637601413,44.268449914954537],[-120.83128557225456,44.268376304381881],[-120.83247959137063,44.268244887348445],[-120.83250380186585,44.268242224229873],[-120.83455164271005,44.267723686367205],[-120.83643458610572,44.267225910185608],[-120.83710325427398,44.267150637138087],[-120.83930698156604,44.266948331861961],[-120.84130636997875,44.266799231698975],[-120.84215261980731,44.266416523188617],[-120.8420137169082,44.265762497119439],[-120.84177644129892,44.265420398955619],[-120.84116105490513,44.264733543670665],[-120.84062552784174,44.263854630397582],[-120.83945568777986,44.262401027164834],[-120.83833251429866,44.261299414495312],[-120.83804450363878,44.260911334270929],[-120.83745763067041,44.259833366028239],[-120.83706977406335,44.259371367981885],[-120.83673730128847,44.259085979427155],[-120.83662649319987,44.258926328043742],[-120.83661093527746,44.258795488859967],[-120.83671451102971,44.258554366625241],[-120.83758474407975,44.257454463408912],[-120.83806580808405,44.256675799604118],[-120.83897131617867,44.255680087452497],[-120.83943319935504,44.255018095553417],[-120.84006154843838,44.254449280972466],[-120.84048960914603,44.253962202517627],[-120.84133342454018,44.252681708748177],[-120.84225915910169,44.251771881135717],[-120.84237290468127,44.251422910597263],[-120.84236680242556,44.251278233391815],[-120.84235517463252,44.251235324846284],[-120.84226786108184,44.250890518140388],[-120.84219880309439,44.25061780637747],[-120.84210780914601,44.250387412491541],[-120.84189705809216,44.249625942550793],[-120.84181024759803,44.249281289851801],[-120.84183166972261,44.248695714420371],[-120.84190068369261,44.248439759694946],[-120.84198530589072,44.248179202295312],[-120.84205753403279,44.247956788396188],[-120.84208785397027,44.247921473157049],[-120.84226894534841,44.247710543938069],[-120.84288073219285,44.247038999699974],[-120.84312135402656,44.24668792064012],[-120.84313228652356,44.246645387124723],[-120.8432229660616,44.246535295466714],[-120.84336306372005,44.245966254050273],[-120.84324799851532,44.245306639354226],[-120.84274026622516,44.2445109768707],[-120.84241712604778,44.244104689155954],[-120.8421713739355,44.24375703226864],[-120.84188693138393,44.243380058918241],[-120.8417781741491,44.243092158885332],[-120.84135466340841,44.242712556255718],[-120.84100645125147,44.24244871456203],[-120.84087835149195,44.242146155032046],[-120.8407157016283,44.241761987997755],[-120.8406953547871,44.241713926639385],[-120.84068014002115,44.241611372742661],[-120.84066903684425,44.241536539272452],[-120.84070221072935,44.240898256699268],[-120.84076213554532,44.240701458191566],[-120.84083806833968,44.240530371526475],[-120.84090864358164,44.240231570244248],[-120.84107122427503,44.239591496592524],[-120.8412724909161,44.238980735167054],[-120.84144396133756,44.238640964148239],[-120.84143941137066,44.23840201828483],[-120.84143715390434,44.23828352968679],[-120.84144969169077,44.237940752262425],[-120.84146379703735,44.237555129617427],[-120.84177797921468,44.23711800955963],[-120.84219514066297,44.236582788963453],[-120.84265098177073,44.236076883491918],[-120.84323567542624,44.23566753954178],[-120.84360508333233,44.235375671794088],[-120.84418868104318,44.234760969418282],[-120.84445434880531,44.234365345715538],[-120.84447886652434,44.234208253265301],[-120.8443617558557,44.233728877657711],[-120.84422051284527,44.233546151640425],[-120.84377181514066,44.233146049626221],[-120.84347692069075,44.232991933381825],[-120.84300359297765,44.232816440379608],[-120.84228560460534,44.232654332299226],[-120.84177730008835,44.232536693982709],[-120.8411598143317,44.232433224257399],[-120.84038051144969,44.232389443969765],[-120.83983793620459,44.232295430619175],[-120.83929115594569,44.232200685921001],[-120.83889905479889,44.232132739878288],[-120.83823465632318,44.231820026284147],[-120.83742125518961,44.231155024442231],[-120.83737599177739,44.23110916478813],[-120.83713839277463,44.230797735680007],[-120.83698732399161,44.230551891214006],[-120.83685543603653,44.23026804217411],[-120.83680632873323,44.230152014729818],[-120.83673804419522,44.230073987535242],[-120.83659960213186,44.229969056823151],[-120.83647986838255,44.22983890375626],[-120.8364604818404,44.229802796206314],[-120.83645228291684,44.229620972035903],[-120.83657719006381,44.229124582296834],[-120.83663324942913,44.229019302297139],[-120.83675075894975,44.228376079352209],[-120.83679002610744,44.228107154407908],[-120.83679091454127,44.22808203769852],[-120.83678117141369,44.227926315663524],[-120.83671150436845,44.227400661358324],[-120.83668532476614,44.227144393832596],[-120.83667551246826,44.226926801030253],[-120.83673535194431,44.226438007672357],[-120.83672831184744,44.226395619804379],[-120.83673923266635,44.22599068757053],[-120.83668964745928,44.225656633198078],[-120.83656498285741,44.22448837169452],[-120.83644749848962,44.224085506935751],[-120.83630605695149,44.223866754374789],[-120.83619037370585,44.223756526749305],[-120.83590966275597,44.223580148729148],[-120.83557664380541,44.223443296778711],[-120.83448657414077,44.223187988605751],[-120.83410954043624,44.223153633149408],[-120.83353356852381,44.223142707277063],[-120.83318275574412,44.223170351558416],[-120.83265548509652,44.223240380203521],[-120.83204031519669,44.223214409725756],[-120.83148735183366,44.223118155601071],[-120.83094158667102,44.222941249071873],[-120.83087847822566,44.222920792276767],[-120.83052188029554,44.222744304888039],[-120.8304880820813,44.222727576701566],[-120.82973502797189,44.222127283050988],[-120.82934091370053,44.22177278368089],[-120.8291491835745,44.221637767438551],[-120.82821553395699,44.221174368502282],[-120.82724499771729,44.220863314301347],[-120.82678533158303,44.220809557053123],[-120.82617308569945,44.220883436400186],[-120.82561208690623,44.220904272447704],[-120.82423471714907,44.221017597498552],[-120.82392901866126,44.221074798143384],[-120.82331695513568,44.221058637297872],[-120.82295865310144,44.220993290861173],[-120.82275486309274,44.221002910254676],[-120.82229678877314,44.221160738384924],[-120.82214396198712,44.221252356635659],[-120.82191557610591,44.221504592087889],[-120.82161242973181,44.221980479523822],[-120.821133264766,44.223155248983495],[-120.82091877222899,44.223560799413264],[-120.81996882088403,44.224812114824999],[-120.81928386715798,44.225582312447081],[-120.81876413337564,44.226243122875459],[-120.81863774939832,44.22646578751916],[-120.81849831469653,44.226575662462253],[-120.81814368946678,44.227109077686968],[-120.81765687085473,44.227725495007498],[-120.81716906499422,44.228431921075511],[-120.81686412558281,44.228763710619965],[-120.81661024910709,44.229132488781403],[-120.8162425444068,44.229553107338134],[-120.8157861849711,44.229958525506859],[-120.81470557636301,44.230716627421295],[-120.81399264011587,44.231139638769449],[-120.81350955580048,44.231314957831721],[-120.8123109705478,44.231517090264369],[-120.8115838076815,44.231584191240152],[-120.81071308415133,44.231027322528256],[-120.80971397070583,44.230197893796515],[-120.80899575685638,44.229517894340596],[-120.8083172476442,44.229054724793535],[-120.80812508812343,44.228961006077952],[-120.80751242452327,44.228769189770894],[-120.80608169214329,44.22854365521551],[-120.80531623589306,44.228546959325826],[-120.80460155062606,44.228510720312201],[-120.80358065662816,44.228396565792934],[-120.80322340113126,44.228407702467841],[-120.80261172477957,44.228526483880344],[-120.80225402102332,44.22852860680247],[-120.80189659574479,44.228481216313547],[-120.80138606610086,44.228363354659344],[-120.80113029956978,44.228254897268357],[-120.80077253921968,44.228153477936885],[-120.80005602049118,44.227788561038949],[-120.79954438591942,44.227490609123457],[-120.79915976863727,44.227186098823992],[-120.79882598881366,44.226756521449168],[-120.79824952821775,44.226245741548048],[-120.79800612070838,44.22607899534357],[-120.797775950773,44.225998031858232],[-120.79744445895842,44.225969134922892],[-120.79626960450065,44.225795169793756],[-120.79472198513253,44.226296063425977],[-120.79390484251579,44.227000599960803],[-120.79350774493938,44.227751154515182],[-120.79342958072988,44.228432044022405],[-120.79356074554114,44.229154888658186],[-120.79368677378564,44.229740946969649],[-120.79377740122136,44.230017293201726],[-120.79400883688298,44.23039989167458],[-120.79416320877129,44.230582933851039],[-120.79444459884751,44.230822448290134],[-120.79490671917911,44.231398562055823],[-120.794959150249,44.231629153253856],[-120.79492154407625,44.23177697931763],[-120.7948328857476,44.231887806622829],[-120.79446375003106,44.232069744154948],[-120.79382592821302,44.232237492301167],[-120.79290896659857,44.232440356621765],[-120.79204172314179,44.232590154739221],[-120.79139182167816,44.232766658952158],[-120.79020659437373,44.233027336108748],[-120.78959528183975,44.233218077805645],[-120.78920069864782,44.233431019534159],[-120.78875520792874,44.233728503057492],[-120.7880697601293,44.234435479471408],[-120.78772661087729,44.234653911488813],[-120.78711476743896,44.234858135838451],[-120.78675782725071,44.235026781622402],[-120.78598083753054,44.235272817217741],[-120.78577693163915,44.235304876224241],[-120.7853698861193,44.235432031430186],[-120.78501257043524,44.235506133784824],[-120.78424780409117,44.235738888189381],[-120.78358565499691,44.235969125768719],[-120.78305108463934,44.236219843590391],[-120.7826060484678,44.2365038061631],[-120.78175376016389,44.237148987590729],[-120.78065950973989,44.23777595711411],[-120.78011222732272,44.238197469634635],[-120.77978242703584,44.238600701191437],[-120.77942794912977,44.239264540897317],[-120.7792251607426,44.239557700326891],[-120.77832491587723,44.240643073147588],[-120.7781192025755,44.240972186130755],[-120.77756434466552,44.24178067233013],[-120.77717041005724,44.242223162926088],[-120.77696706291798,44.242322742560262],[-120.7764711389822,44.24281276122943],[-120.77620390096494,44.242987620777896],[-120.77536502989811,44.243750053793299],[-120.77502205402098,44.243981955086007],[-120.77474225306449,44.244116051954819],[-120.77397757116202,44.24432173129879],[-120.77372261850461,44.244357275864061],[-120.77336515998843,44.244350309686943],[-120.77321147620964,44.244315802483278],[-120.77280207800204,44.244150269044113],[-120.77249494041314,44.243950714874096],[-120.77068836639302,44.242312930368286],[-120.77012459180553,44.241883282564473],[-120.76971579726583,44.241681737908657],[-120.76931914705045,44.241552451231207],[-120.76855288411308,44.241406943367615],[-120.76834861081075,44.241344432519277],[-120.76753175116333,44.241274453729666],[-120.76661283840807,44.241274500709558],[-120.76610253963112,44.241377059054855],[-120.76533806793444,44.241618696418023],[-120.76518469946431,44.241638203904607],[-120.76387263363505,44.242098694421038],[-120.76322349304446,44.242374085518186],[-120.76279053202695,44.242604188375786],[-120.76205082149278,44.242873296771464],[-120.7612737015169,44.243096652085313],[-120.76066223806593,44.243224215832846],[-120.76019003863682,44.243291482363276],[-120.75988370234516,44.243298981515437],[-120.75850518274446,44.243136896520525],[-120.75819823559841,44.243139876754498],[-120.75646100253505,44.242736646703307],[-120.75503095916291,44.242550999927388],[-120.75446957319578,44.242431928907799],[-120.75420789575014,44.242417781795368],[-120.7540608289617,44.242374377045664],[-120.7534985383911,44.242340813412554],[-120.75206917773856,44.242096622828967],[-120.75150689255781,44.242063048740583],[-120.75133384649136,44.242023631178967],[-120.75044985394615,44.242010725380936],[-120.74964653819826,44.242057922850201],[-120.74871580720712,44.242080093851392],[-120.74856241178752,44.242059065154763],[-120.74759331734386,44.242184007396823],[-120.74728746254917,44.24228150971976],[-120.7464232805509,44.243020719405152],[-120.74603065029643,44.24360717248279],[-120.74602081104911,44.243617091285657],[-120.74601718455031,44.243630141526616],[-120.74527196285186,44.244401497716161],[-120.74475727041488,44.244862973714064],[-120.74437160300215,44.245069740567665],[-120.74368088748187,44.245352455124959],[-120.7435635279799,44.245426593893185],[-120.7427481038403,44.245748095690878],[-120.74259570285571,44.245844116537405],[-120.74242972293732,44.245885851392764],[-120.74174439730872,44.246183224974175],[-120.74151696454004,44.246266647198198],[-120.74133667895073,44.246332775106765],[-120.74072377999192,44.246608375470267],[-120.73937371452786,44.247112840977685],[-120.73906826936494,44.247259848228737],[-120.73850722745256,44.24743780456064],[-120.7377940899828,44.247621749325191],[-120.7372326590999,44.247687153070814],[-120.73687583389599,44.247806125939086],[-120.73606020583884,44.247947515742929],[-120.73458183310441,44.248305330992572],[-120.73377891081861,44.248563996643718],[-120.73325722589546,44.248796725132856],[-120.73269658103845,44.248943152264047],[-120.7321865050437,44.249036559888758],[-120.73162574789727,44.249083944120294],[-120.73029839813177,44.249075578301159],[-120.7290736701077,44.248902684653615],[-120.72728733063936,44.248840142517892],[-120.72667476136228,44.248809945389908],[-120.72539870270457,44.248811547650149],[-120.72432715270777,44.248848722005093],[-120.72366427058826,44.248925543525722],[-120.7231675705081,44.24903718212957],[-120.72228757905914,44.249181691109854],[-120.72213487085074,44.249183147291319],[-120.72136977662157,44.249352449540474],[-120.72124227244511,44.249349904608351],[-120.72060485127568,44.24951724636707],[-120.71980889272997,44.249694922395292],[-120.72014160535501,44.250212931417032],[-120.72031628006707,44.250484881914076],[-120.72033854750634,44.250519547650619],[-120.72045167594334,44.250666314099185],[-120.72067422547012,44.250955031570953],[-120.72082441300586,44.251149871211879],[-120.72083085572307,44.251158229658024],[-120.72097380553255,44.251575556547692],[-120.72091809201862,44.251879853781816],[-120.7208981952334,44.251988520504945],[-120.72073151552736,44.252185282541241],[-120.72024471577996,44.252432822166803],[-120.72009568078276,44.252479966233672],[-120.71996744807257,44.252520528541829],[-120.71947973923008,44.252674804683259],[-120.71851716475877,44.252884247784621],[-120.71843695059377,44.252898999780989],[-120.7174158571699,44.253234837528858],[-120.71593368546012,44.2536238466962],[-120.71520396778514,44.253969372807887],[-120.71434505710096,44.254537385831355],[-120.71408528767701,44.255099377492819],[-120.71398901163474,44.2556646412785],[-120.71423376482042,44.256884951798519],[-120.71413969054893,44.258080473434788],[-120.71399900269735,44.258518806834473],[-120.71337040747558,44.259586588411295],[-120.71313833850171,44.260319080840326],[-120.71309941989036,44.261322562555911],[-120.71296509211096,44.262734793820066],[-120.7128126156679,44.26358926752831],[-120.71287888169147,44.263880414392638],[-120.71309267264425,44.264226593023231],[-120.7137933900069,44.264915849244012],[-120.71457060520419,44.26585421447782],[-120.71556607777786,44.2666168798605],[-120.71599402978931,44.267354685636676],[-120.7160517052238,44.268170613311653],[-120.71585853869165,44.269175089922697],[-120.71522077616244,44.270679340889174],[-120.71490897541888,44.271197536849492],[-120.71476815551497,44.271632014070143],[-120.71455072638526,44.27243138571982],[-120.71453617457598,44.272484896414383],[-120.71461395789979,44.273043846514092],[-120.71508332224586,44.273627677603031],[-120.71510092653047,44.273649573632348],[-120.71522121184535,44.273799190277998],[-120.71523249648193,44.273808257531925],[-120.71541024163564,44.273951098274708],[-120.7162243596248,44.274605326527265],[-120.71725681134714,44.275169072019764],[-120.72020137386413,44.275670963556543],[-120.72431237991293,44.276436193252991],[-120.72511530399535,44.276670301664389],[-120.7276509650731,44.277958697745362],[-120.73049165719041,44.27899651057087],[-120.73090585419826,44.279081267082177],[-120.73153956173226,44.279323432555252],[-120.73191168075388,44.279443361440919],[-120.73311209856972,44.279633751332234],[-120.73450832576133,44.279701971155475],[-120.73645093435987,44.279683338101989],[-120.73805478467152,44.279465929959841],[-120.74034415015626,44.279461413169649],[-120.74172286199644,44.279688031738637],[-120.74337313903858,44.280069506477986],[-120.74511605214944,44.280551114911624],[-120.74748274730879,44.281446388405392],[-120.74970695888426,44.28263583288318],[-120.75036304524866,44.282869332010804],[-120.75140478734768,44.283033893416949],[-120.75178570806244,44.283068400409988],[-120.75259280302272,44.28303926590312],[-120.75416938407558,44.282899213889849],[-120.75671511526768,44.282958235459965],[-120.75763719548266,44.283097880248548],[-120.75980402986433,44.283667068463458],[-120.76174366593756,44.283867142531406],[-120.76312140490231,44.28378609136491],[-120.76378174478955,44.283681980584227],[-120.76486329213714,44.283397044466312],[-120.76576036145795,44.283242861802151],[-120.76618904379974,44.283125759390259],[-120.76680858490174,44.283052127326968],[-120.76774188148133,44.283098961304297],[-120.76819534474855,44.283207871942324],[-120.76856874566606,44.283329506118058],[-120.76907969123002,44.283496704224959],[-120.76947405792792,44.283590161783678],[-120.77016717823822,44.283675161189805],[-120.77080389872171,44.283673301997936],[-120.77115279719155,44.28364442181433],[-120.77220094517685,44.283557649986371],[-120.77313641567945,44.283547314118593],[-120.77385751491755,44.283418454530938],[-120.77473387986771,44.283392661743051],[-120.77482926208629,44.283383144512058],[-120.77532375770072,44.283443674306291],[-120.77602578750201,44.28358338610925],[-120.77771018255865,44.283989790786045],[-120.77921412763428,44.284113568696633],[-120.78079789520942,44.284135341846792],[-120.78119807400722,44.284179126066505],[-120.78174026028181,44.284383221553604],[-120.78248418481299,44.284888328902611],[-120.78312735789517,44.28526093204124],[-120.78397083462445,44.285556390129962],[-120.78495346757775,44.285692486045924],[-120.7854743880346,44.28567107488086],[-120.78599439131156,44.28552810185915],[-120.78675397257983,44.285137685803392],[-120.78751805620429,44.284585296397019],[-120.78813316861195,44.284349623374681],[-120.78877446062192,44.2842720089034],[-120.7921207632087,44.284332227169635],[-120.79254799207636,44.284511542690275],[-120.79301615357825,44.285020255338402],[-120.79407123655756,44.285774378294619],[-120.79438374876679,44.286115199816479],[-120.7944238630358,44.286218669646999],[-120.7944953725257,44.286434432917062],[-120.79454218553177,44.286778347598293],[-120.79466799458731,44.287138080151379],[-120.79506948402715,44.287574596958763],[-120.79618781648726,44.287996368622274],[-120.79735446573326,44.288223100884082],[-120.79741006965276,44.288238105089995],[-120.7981523592501,44.288351446428031],[-120.79933658403466,44.288608342448178],[-120.79982290857328,44.28877976316803],[-120.80030078715158,44.289198603579287],[-120.80052431674038,44.289716080008887],[-120.80054019176808,44.289878439153391],[-120.80091457813745,44.290677911100893],[-120.80117167058188,44.290925940029126],[-120.80173097694913,44.291233198504834]]]},"properties":{"huc12":"170703051001","name":"Juniper Canyon","tohuc":"170703051002","areasqkm":50.969999999999999,"states":"OR"}},{"type":"Feature","geometry":{"type":"Polygon","coordinates":[[[-120.88092429464382,44.452644197521487],[-120.88110020094611,44.452694917332195],[-120.88135810277259,44.452771513165878],[-120.88160798264362,44.452910031656103],[-120.8818539000459,44.453048554306477],[-120.88217366974432,44.453239495887885],[-120.88251485977069,44.453445600134977],[-120.8830643179075,44.453877383856415],[-120.88330262837597,44.454065711646138],[-120.88385913469449,44.454535163940385],[-120.8844628852104,44.454631869937543],[-120.88550856103204,44.454651228430762],[-120.88649289000462,44.454498389778138],[-120.88667188022329,44.45446706471413],[-120.88774923243849,44.45427973660761],[-120.88797753118311,44.454208504049475],[-120.88826142306742,44.454121465142705],[-120.88934184662256,44.454091915437061],[-120.89025767276648,44.453964786062876],[-120.89097273442762,44.453784429737539],[-120.8913142020334,44.453590155523287],[-120.89138643287046,44.453549251218966],[-120.89155594765953,44.453563452627243],[-120.89212662490164,44.453612163938033],[-120.89316137990434,44.453758046263737],[-120.89330176053214,44.453777959711921],[-120.89338208878314,44.453812303420605],[-120.89409971154113,44.454121195185834],[-120.89516623995547,44.45447845413279],[-120.89594364110403,44.454443259270128],[-120.89696331339314,44.454245965788964],[-120.89751215798059,44.45399048525173],[-120.89825144001838,44.454076109163026],[-120.89857760572163,44.454214487336337],[-120.89901627822768,44.454402886497313],[-120.89955154477964,44.454533586531284],[-120.89991559333673,44.454733654886589],[-120.90044134493318,44.455130066637011],[-120.90058220705792,44.455198647925698],[-120.9009054819826,44.455358284822204],[-120.90129414168355,44.455824566206246],[-120.9017638707456,44.455891712937543],[-120.90294541765228,44.455890899244174],[-120.90350144876203,44.455925092950018],[-120.90398900489089,44.455956620494739],[-120.90441812201728,44.456109756697614],[-120.90448899190666,44.456135288229035],[-120.90501884700731,44.456410587935871],[-120.90571396427248,44.456787942787763],[-120.90665761393575,44.456827743886549],[-120.90716913442145,44.456693070985743],[-120.90781657090795,44.456545796891149],[-120.90835956297137,44.456423469694883],[-120.90924333632765,44.456246270559255],[-120.91051215186921,44.456281143733271],[-120.91055790216832,44.45628245114829],[-120.91150571731956,44.456205252057295],[-120.91205706910497,44.455900230106849],[-120.91228224081409,44.455712700769233],[-120.91254358767971,44.455496858092054],[-120.91277802101942,44.455258397676722],[-120.91282395726977,44.455212025611857],[-120.91293980939871,44.454804516178832],[-120.91304718592293,44.454612917331687],[-120.91388486133209,44.454201423622855],[-120.91428403671175,44.454005815115785],[-120.91561477043092,44.453595008378791],[-120.91627613888919,44.453326933675825],[-120.91629990471836,44.453317377969142],[-120.91704690957265,44.453186943891971],[-120.91734723523675,44.453230859701549],[-120.91778516303944,44.453296176760453],[-120.91824617754494,44.453249739654943],[-120.91859814915136,44.453215213503881],[-120.91905359679701,44.453135278040484],[-120.91948082296976,44.453061175822697],[-120.92009043319626,44.452999761088094],[-120.92018288331374,44.452947370469055],[-120.92040068973584,44.452824906845116],[-120.92121692235918,44.452646200767639],[-120.92192757508889,44.45258710497837],[-120.92208677182857,44.452543673465961],[-120.92226806442933,44.452495515300157],[-120.92245124079723,44.452087925350774],[-120.92277273526102,44.451586159761604],[-120.92315811700948,44.451448868062478],[-120.92335369282324,44.451379654578666],[-120.92460266727517,44.451379841825968],[-120.92561552314788,44.451348720933041],[-120.92662486660787,44.451439064523235],[-120.9268400247965,44.451514488504891],[-120.92749149022707,44.451744370765944],[-120.92805241356182,44.452105036465206],[-120.92833059665251,44.452146502874328],[-120.92842178643362,44.452160373739133],[-120.92857623018715,44.452054831066327],[-120.92887118033259,44.451853991725443],[-120.92898499508247,44.451543013505038],[-120.92902040756928,44.451446258146028],[-120.92888013563766,44.450645559139843],[-120.92883915179945,44.44989548803256],[-120.92894329708361,44.448857986387296],[-120.92890060554805,44.448156224691296],[-120.92891676713833,44.447698783941789],[-120.9289987626625,44.447545160099367],[-120.92909737791776,44.447362119339417],[-120.92957459443774,44.447225736698833],[-120.92997119973735,44.447225637938104],[-120.93089050236145,44.447226563980287],[-120.93147971903441,44.44677809106161],[-120.93181805151987,44.446578508500849],[-120.93247924660328,44.44619060089898],[-120.93356852664878,44.445920243749086],[-120.93364276252558,44.445919688367887],[-120.93451374656716,44.445914694425987],[-120.93589050008002,44.446097124058404],[-120.93723825867046,44.446143972803604],[-120.93750239121179,44.446101458070707],[-120.93859587986442,44.445926458759445],[-120.93958990974373,44.445485123399507],[-120.94019833419411,44.445366234900995],[-120.94026964335967,44.445352398336823],[-120.94111267452459,44.445367593866287],[-120.94120042914804,44.445302595015839],[-120.94152809503781,44.445060793988375],[-120.94180306036314,44.444807852058922],[-120.94212041000021,44.444516979318671],[-120.94256597797438,44.444331443895756],[-120.94288947568124,44.444194415407857],[-120.94342211466096,44.443970908486058],[-120.94441438474064,44.443577841276301],[-120.94520718660644,44.442988645646153],[-120.94555728792042,44.442728754024671],[-120.94673193037583,44.441953122420344],[-120.9473697360242,44.441594214869298],[-120.94790207227167,44.441295859957165],[-120.94850901180686,44.440998106410973],[-120.949137770522,44.440690925056764],[-120.95068325908626,44.439908402950309],[-120.95121917062856,44.439620445933514],[-120.95181810347962,44.439299430241824],[-120.95211273651978,44.439125537480592],[-120.95285174277478,44.438691386343322],[-120.9535536522018,44.438189236923627],[-120.9536127074486,44.438147162176747],[-120.95452473641383,44.437899368382993],[-120.95460313059203,44.43727329840705],[-120.95488613673749,44.436814717945566],[-120.95631856962828,44.435507934615565],[-120.95637522637325,44.435391910980492],[-120.95685065075421,44.434977282491303],[-120.95728744667963,44.434476431507086],[-120.95785828202524,44.434004985372574],[-120.95853988234035,44.433058366363284],[-120.95887900713988,44.432362206029062],[-120.95886510840582,44.43138515182585],[-120.9590019290101,44.430928451528061],[-120.95952042850725,44.430221989151846],[-120.95972683890167,44.4298333975266],[-120.95975336255876,44.4297976399776],[-120.95986630953604,44.429585345237399],[-120.95988140841935,44.429556967323279],[-120.95989150907639,44.429557148225555],[-120.96010066562063,44.429560884947861],[-120.9605521561875,44.42976903700179],[-120.96098372032472,44.429976829719934],[-120.96147557758717,44.43017140763461],[-120.96214832680174,44.430326334481904],[-120.96290527510794,44.430354134682617],[-120.96334528610375,44.43031910939122],[-120.96384559112316,44.430270864904593],[-120.96418296151293,44.430319757295123],[-120.96473661568044,44.430458254614642],[-120.96544874613876,44.430628157469037],[-120.96604673575878,44.430638811261829],[-120.96652562134854,44.430633050721404],[-120.96708671715984,44.430557291864346],[-120.9680504271017,44.430374360175165],[-120.96887262364021,44.430246074534665],[-120.97007947519015,44.429953115009212],[-120.97008445904333,44.429951789043017],[-120.97135966340323,44.429672074297969],[-120.97237753277356,44.429348033808957],[-120.97319066980242,44.428835795974848],[-120.97354573610501,44.428535997955713],[-120.97383565478654,44.428190030051745],[-120.9739795622001,44.427932163945435],[-120.97411698737058,44.427395129180567],[-120.97433949916815,44.426727362806041],[-120.97437423522356,44.426299223743626],[-120.97441890754433,44.426210561226767],[-120.97444618488794,44.426173775006141],[-120.97458758600186,44.425925353057423],[-120.97471453052792,44.425745898769428],[-120.97477994315196,44.42559996444907],[-120.97481005018871,44.425427444881066],[-120.97488781374959,44.424767176918969],[-120.97490566147765,44.424719400672501],[-120.97497355794346,44.424537666454135],[-120.97509581865363,44.424208692163134],[-120.97510547554293,44.424182709134982],[-120.97511160564642,44.424176801041838],[-120.97535303057398,44.423944136921385],[-120.9758407358232,44.423681240203088],[-120.97624723786231,44.423459777749237],[-120.97661239583877,44.423280454470664],[-120.97705776798021,44.423088260781213],[-120.97738749550358,44.422779682886613],[-120.97752509584555,44.422616602808802],[-120.97765776982646,44.422549951616226],[-120.9780307593156,44.422092908970782],[-120.97857801029174,44.421089771197124],[-120.97877143643704,44.420580032510586],[-120.9791535797589,44.418876252261242],[-120.97945505257161,44.418237882003382],[-120.97966495831079,44.417431338159894],[-120.97987123485623,44.416935326820408],[-120.98006067158335,44.416677594575923],[-120.98044748883962,44.416387338299565],[-120.98100199910158,44.416156275523257],[-120.9815074595524,44.416063963343369],[-120.98199114124746,44.415915301595085],[-120.98335902299857,44.415567882656369],[-120.98402695634492,44.415279548400626],[-120.98482279361808,44.414750507341019],[-120.98501700848416,44.414524829344451],[-120.98511065066603,44.414416013571142],[-120.98525894006154,44.414243695849301],[-120.9858010904035,44.413552960719905],[-120.98603010061383,44.413271162267833],[-120.98643519499289,44.412506546901255],[-120.98664868231509,44.412095848116074],[-120.98665750736444,44.411838749067542],[-120.98666976128322,44.411481668923884],[-120.98668544856304,44.411024605212233],[-120.98686348746585,44.410484653224337],[-120.98726756944357,44.409748600736251],[-120.98727163432024,44.409737687091983],[-120.98747287041859,44.409475575487157],[-120.98770428182567,44.408930477975737],[-120.9880200486312,44.407779171231887],[-120.98818467838176,44.406823266911111],[-120.98806508836292,44.406235975728315],[-120.98787061118875,44.405818419367222],[-120.9875421709512,44.405360476465837],[-120.987460292208,44.40529292959571],[-120.9869099231795,44.404482881548169],[-120.98670268813167,44.40355025537815],[-120.98671879941627,44.403454082865686],[-120.98675282670092,44.403251007346277],[-120.9869200561759,44.403025286901176],[-120.98714509942593,44.402857751613489],[-120.98752854889821,44.402721591775425],[-120.98795135446144,44.402600418135485],[-120.98821281092151,44.402533565708417],[-120.98863757301538,44.402355254544148],[-120.98906037318871,44.402234073727406],[-120.98946422879098,44.402083975135305],[-120.98995168790184,44.401821012219884],[-120.99012710282565,44.401713006512352],[-120.99076790166055,44.401318449766755],[-120.99183385335645,44.400625974780034],[-120.99251747488094,44.400120321323705],[-120.99358333854195,44.399337788752447],[-120.99480817256723,44.398547809384553],[-120.9948351004662,44.397959818951549],[-120.99486981136879,44.397586809417426],[-120.99459050718062,44.396159453191522],[-120.99388950774697,44.394625661535741],[-120.99362268025983,44.393936758398816],[-120.99343897837748,44.393456380108674],[-120.99248386351627,44.392035154143421],[-120.99248809188632,44.391796652333589],[-120.99255058588399,44.391667209410294],[-120.99263708376438,44.39154718950553],[-120.99328218463116,44.39062672381133],[-120.99335976673235,44.390400355103161],[-120.99419516311566,44.388997849717015],[-120.99442552798546,44.388378732791729],[-120.99440202805761,44.388124439471753],[-120.99428242007248,44.387856916283475],[-120.99411614191339,44.387542414019833],[-120.99391690995641,44.387250410823732],[-120.99329525871183,44.386604783300768],[-120.99245831902284,44.385666866647398],[-120.9918409141146,44.385177540551602],[-120.99142522949666,44.384848079699097],[-120.99124195072082,44.384751780790197],[-120.99081207092475,44.384501251760845],[-120.99032390843304,44.384206823987057],[-120.98987314101001,44.383984510985528],[-120.98946808076691,44.383591496840992],[-120.98920195486401,44.383215219720306],[-120.98907378683252,44.382884246805844],[-120.98902195134569,44.382568912098876],[-120.98917644270993,44.382214334997691],[-120.98946701536499,44.381876445716429],[-120.98968474543031,44.381646177546791],[-120.99018850267532,44.380987825452152],[-120.99050470785872,44.380681807995643],[-120.99054200141772,44.380532444464812],[-120.99054673643759,44.380394046541845],[-120.9904012982948,44.380243272360552],[-120.9900604963406,44.380257612928844],[-120.98946252378856,44.380261375914984],[-120.98905620859902,44.380247737095537],[-120.98848614490628,44.380258471334024],[-120.98774533483416,44.380359752780194],[-120.98696272974517,44.380517461286381],[-120.98629912807512,44.380691555349017],[-120.98553741240971,44.380821037311946],[-120.98537244489263,44.380849910771509],[-120.98516757510895,44.380855330161367],[-120.98435264324613,44.380962496069237],[-120.98374125615196,44.381059743068576],[-120.98340271256241,44.38115909832765],[-120.98307005383626,44.381291989061566],[-120.98243841332572,44.38169529421419],[-120.98206519117296,44.382117457792347],[-120.98183531049511,44.382427817393051],[-120.98154174555182,44.382851386184704],[-120.98125581898343,44.38363238784089],[-120.98107929194528,44.38412948280429],[-120.98099176459556,44.384356606995311],[-120.98088775585533,44.384483395400366],[-120.98070850063364,44.384480224602193],[-120.98037727202545,44.384259988206729],[-120.98012964962074,44.383926892333555],[-120.97978440459916,44.383534903079905],[-120.97935900919302,44.383155784074894],[-120.97895893998967,44.38261990266821],[-120.97878386283234,44.381916497510019],[-120.9791042388936,44.38129332255145],[-120.97955959580943,44.38081052531976],[-120.9797777067604,44.380553091030542],[-120.98053119295949,44.379859683968483],[-120.98082125806644,44.379455178384141],[-120.98097676003535,44.379016784443706],[-120.98122471661335,44.378027524402945],[-120.98107900807764,44.376361101398885],[-120.98098966433442,44.376151799959736],[-120.98070854734604,44.375904486936165],[-120.98061323968766,44.375832673426409],[-120.98028122774852,44.375673420278396],[-120.9799354446361,44.375622292673008],[-120.9796770316682,44.375611932564688],[-120.97951166799407,44.375617891152181],[-120.97905825503254,44.375702187121476],[-120.97866876438997,44.375799152634379],[-120.97784471103374,44.375899962798094],[-120.97763487715977,44.375919325541538],[-120.97734503842831,44.375925732915704],[-120.97684616262853,44.375928434170419],[-120.97636415629147,44.375908350367453],[-120.97592920101404,44.375923721260989],[-120.97584817836533,44.375932269348361],[-120.97499925515048,44.376102095629825],[-120.97341805136716,44.376182096651462],[-120.97312725413327,44.376121480137272],[-120.97282589720321,44.376122678265283],[-120.97187197260973,44.376048570855552],[-120.97090109860349,44.375888400111485],[-120.97022697047495,44.37579066809419],[-120.96959415496801,44.37565078857974],[-120.96896035221255,44.375539470827334],[-120.96790835674287,44.375420711025704],[-120.9671924335974,44.375379382804759],[-120.96672029794873,44.375310198662035],[-120.96663730798949,44.375298036786546],[-120.96623098112187,44.374947794107833],[-120.96602863829908,44.374702225719552],[-120.96594414186512,44.374599677896818],[-120.96595749622014,44.37421403182929],[-120.96593299107751,44.374116999481089],[-120.96585235739927,44.37379769298402],[-120.96577540142383,44.373674978744575],[-120.96562576096211,44.373436356535194],[-120.96525927797062,44.373086819966503],[-120.96490693356334,44.372922505877234],[-120.96450382985097,44.372868116472709],[-120.96424776238428,44.372787029593191],[-120.96390057340842,44.372596283632113],[-120.96337206757732,44.372091703708442],[-120.96308949262324,44.371938119380289],[-120.96285836867706,44.371884482922233],[-120.96142525486326,44.371813908290108],[-120.96106570596741,44.371685952021345],[-120.96084648110548,44.371515486209951],[-120.96065295704383,44.37125995159176],[-120.96049672923614,44.370856532178898],[-120.96047692407907,44.370651175660257],[-120.96048373330892,44.370600565091188],[-120.96041945525707,44.370156367256605],[-120.96033129998497,44.369826077620452],[-120.96018440118152,44.369466155097946],[-120.96001560863793,44.36916300824376],[-120.95984731196444,44.368845578108626],[-120.95964068058444,44.36848458613175],[-120.9594166236846,44.368051822821137],[-120.95936631533374,44.367779376824991],[-120.95927866491485,44.367434802645697],[-120.95918952688584,44.367133078628626],[-120.95919795937141,44.366890266480688],[-120.95925415438229,44.366419634945586],[-120.95927002941002,44.365962575632949],[-120.95916197555606,44.365631929688888],[-120.95904846353845,44.365458396447231],[-120.95881648259946,44.365254162838653],[-120.95832665732618,44.365016732932119],[-120.95801751918914,44.364739657909809],[-120.95770788787702,44.36447686435767],[-120.95733852668333,44.364213000982254],[-120.95718619666566,44.364010188109937],[-120.95693679918996,44.363734177622185],[-120.95672374755065,44.363558861090048],[-120.95648929804128,44.363426038004881],[-120.95615529992706,44.363291431804022],[-120.95592383282444,44.363072908805556],[-120.9555753924954,44.362780831092643],[-120.95526826838123,44.362446616280586],[-120.95496064839703,44.36212668291558],[-120.95461619748617,44.36172033812651],[-120.95432226423364,44.361545143374251],[-120.95372501841867,44.361148983171176],[-120.95304621455907,44.36077907041161],[-120.95268611679258,44.360495652989442],[-120.95238751230055,44.360294116258004],[-120.9520748446828,44.360034625817136],[-120.95192011885824,44.359858749080018],[-120.95175971478281,44.359714946462198],[-120.95167055160097,44.359635010294362],[-120.95157932498888,44.359483350929914],[-120.95153094891424,44.359293049124858],[-120.95149716237808,44.359244729990465],[-120.95146318539908,44.359123526065659],[-120.95138723014686,44.358995220938191],[-120.95126184689276,44.358900650897894],[-120.95125569792464,44.358894973851768],[-120.95112159382577,44.358771193685392],[-120.95102956501816,44.358642600047098],[-120.95092709329539,44.358352258163329],[-120.95084069602632,44.358062205152187],[-120.95087625943009,44.357686685018393],[-120.95087232480915,44.357680037360858],[-120.95086536466233,44.357308321630029],[-120.95091762954387,44.356951958860314],[-120.95093456099036,44.356466335226884],[-120.95102863166859,44.356053557048313],[-120.95107591449357,44.355840024747955],[-120.95098633629006,44.355552577995205],[-120.95099529878166,44.355295481648184],[-120.95106348540331,44.355053742559114],[-120.95119238735836,44.354784508077373],[-120.95135861251686,44.354587403619604],[-120.9516059564438,44.354348876432745],[-120.95199115763093,44.35415569768135],[-120.95243955529824,44.353863608915269],[-120.9526256799369,44.353666857853128],[-120.9529526415475,44.353429757393599],[-120.95308103505613,44.35317480227139],[-120.95306660002781,44.353017332949868],[-120.95297204246268,44.352872717042068],[-120.95297751320277,44.352715602123013],[-120.95298447784117,44.352515640633428],[-120.95294914171116,44.352386378718528],[-120.95283616958099,44.352198556443938],[-120.95272518901585,44.351953604399206],[-120.95271523208925,44.351667585801351],[-120.95268636382929,44.351352643774426],[-120.95267292593095,44.351166606509324],[-120.95250372195898,44.35087773263318],[-120.9524121530888,44.350647419016248],[-120.95229072511692,44.350130728307128],[-120.95220114960834,44.349843281171843],[-120.95205135822967,44.349569046918148],[-120.95193939131434,44.349352658749225],[-120.9518876375742,44.349123057319744],[-120.95174033991874,44.348777408550127],[-120.95159254549493,44.348446039934089],[-120.95142335589601,44.34815716485442],[-120.95133577644403,44.347812585756309],[-120.95140693918418,44.347485145728378],[-120.9515970280882,44.347174132635203],[-120.95176472109387,44.346934177405736],[-120.95195480820125,44.346623162674014],[-120.95216081435377,44.346426766968435],[-120.95232601812778,44.346258226836319],[-120.95251211851193,44.346061477865632],[-120.95272060760793,44.345793666781823],[-120.95296542367566,44.345626551639569],[-120.95331025457388,44.345446938386061],[-120.95359387965854,44.345309100616987],[-120.95377622867807,44.345234967712642],[-120.95381291946751,44.345225190688502],[-120.95400697892511,44.345194049901707],[-120.95399371709655,44.345113030072071],[-120.95398503308272,44.345095536234375],[-120.95391857751464,44.344961662044994],[-120.95371244200469,44.344415580747281],[-120.95359270466216,44.344159552735967],[-120.95361600067243,44.343952247919113],[-120.95369993925259,44.343754664390531],[-120.95302860757947,44.343311434816577],[-120.95277624656168,44.343038451040826],[-120.9520294716761,44.342998214617609],[-120.9510892230345,44.343142420597104],[-120.95028731135342,44.343513047944597],[-120.95013868329303,44.343581738345101],[-120.94918906522302,44.343994220833963],[-120.94842075053357,44.344571026399507],[-120.94697852151458,44.345162558977847],[-120.94590263534995,44.345975429775294],[-120.94513707489516,44.346471725954224],[-120.94422664043952,44.346831180750925],[-120.94316758061846,44.347161102815477],[-120.9423356544271,44.347414571893083],[-120.94150654086091,44.347587548302194],[-120.9406783615426,44.347733688806329],[-120.93929311625534,44.347762386502524],[-120.93782274212019,44.348084836816184],[-120.93677021754283,44.34822689755029],[-120.93560081046891,44.348501064209181],[-120.93465761175992,44.348725619580051],[-120.93393874124202,44.348954225590454],[-120.93317209831729,44.349477267562072],[-120.93281955717899,44.349927263501279],[-120.93208933914239,44.350477804138762],[-120.93169750569356,44.350980778062805],[-120.93100182069315,44.351612474569635],[-120.93072969943404,44.351902845351816],[-120.93038279252919,44.352191863199536],[-120.92992559945689,44.352425187191891],[-120.92961891102564,44.352634394206234],[-120.92914753355504,44.353270144645897],[-120.92889766176884,44.35399044985607],[-120.92854317038807,44.354494089267753],[-120.92811766898069,44.354889054796772],[-120.92746969799659,44.3552262917664],[-120.92697696936833,44.355405266784821],[-120.92591955615914,44.355681366611158],[-120.92508554497803,44.35598836447933],[-120.92408963312818,44.356641406429596],[-120.92331995928768,44.357244863999242],[-120.92253794079858,44.358197086060152],[-120.92217862546472,44.358834846198796],[-120.9217426137685,44.359524902957851],[-120.92149831602867,44.360084217258304],[-120.9211773210282,44.360695826809575],[-120.9208610682341,44.361173291601808],[-120.92072894312381,44.361734647907682],[-120.92056416604956,44.362161179383932],[-120.92035819133807,44.36269434257359],[-120.91991168192946,44.363679503530335],[-120.9196701977131,44.364158327979453],[-120.91949875424112,44.364772656494878],[-120.91944330483192,44.365281714615087],[-120.91938120609295,44.36597857335029],[-120.91943320417485,44.36662382017979],[-120.91956380214916,44.36716311604944],[-120.91969250377993,44.367756067791525],[-120.91969950614755,44.368615259977069],[-120.91968145450191,44.369125000712977],[-120.91965770394413,44.369795710856458],[-120.91949004327783,44.37030272567776],[-120.9192513779748,44.370701063132543],[-120.91885264187133,44.371391784078959],[-120.91826022270439,44.372266894531414],[-120.91793532182906,44.372985803977009],[-120.91767951397549,44.373867049714491],[-120.9174284537182,44.374614150835775],[-120.91695390519463,44.375330329542912],[-120.91640739083704,44.375964653573156],[-120.91554923653433,44.376942281329185],[-120.91513993624311,44.377928101549536],[-120.91508538604747,44.378410326719568],[-120.91466939779897,44.379583942064095],[-120.91431176411132,44.380168014495233],[-120.91342682025021,44.381896817665584],[-120.91282372011453,44.383067004141928],[-120.9119300994261,44.385037244985412],[-120.9112214975502,44.386260026502121],[-120.91033055743453,44.390260880884668],[-120.91019200398007,44.390730149960199],[-120.91010226318151,44.391881812130535],[-120.91010112681269,44.392598238585308],[-120.91008496073083,44.393052274656959],[-120.90984586872806,44.393607074685391],[-120.90924205982162,44.394137724274209],[-120.90822295077622,44.394695709290581],[-120.90693653005168,44.395231310694449],[-120.90651812264011,44.395345958913303],[-120.90605037615987,44.395477176176648],[-120.90519168556294,44.395636166207908],[-120.90475140866577,44.395680509752182],[-120.90403261180971,44.396016803910491],[-120.90388900084019,44.396080042383183],[-120.90351310619944,44.39639978899109],[-120.90304395655073,44.396954932127073],[-120.90261221814033,44.397510761267753],[-120.90214113262221,44.398119555118527],[-120.90171417235082,44.398541239533884],[-120.90132846092067,44.398856298855939],[-120.90044380811368,44.399511172821384],[-120.90013885882082,44.39982156792275],[-120.90002876489287,44.400307904590051],[-120.89967279847836,44.400868541785911],[-120.8991946297442,44.401422429511165],[-120.89874702079771,44.40199938405808],[-120.89832116275917,44.402626251589744],[-120.89801999357702,44.403102364370582],[-120.89785863998229,44.403531533287847],[-120.89755824784287,44.404007659238104],[-120.89718769368649,44.404514001732636],[-120.89688991384791,44.404873137641857],[-120.89679336022624,44.405114435595635],[-120.89678043346927,44.405343772016352],[-120.89686006642427,44.405574810128726],[-120.89690961300377,44.405769283153113],[-120.89698257686609,44.405890597833555],[-120.89745045629698,44.406372188353146],[-120.89793947398483,44.406736057938112],[-120.89864171219526,44.407126501791247],[-120.89920037896202,44.407408593605716],[-120.89976121246525,44.407630320287517],[-120.90004783792297,44.407862102766387],[-120.90037602483559,44.408109748604495],[-120.90036088013824,44.408154744321415],[-120.90030530855812,44.40831985730842],[-120.90018848804532,44.408425741454167],[-120.90010935724857,44.408497462359492],[-120.89972609552419,44.408611217610847],[-120.89939582092683,44.40865227979851],[-120.89930289110897,44.408663834088529],[-120.89891584568063,44.408883222061021],[-120.89867346135233,44.409180774090366],[-120.89855893783172,44.409419233281085],[-120.89853687431003,44.409465171957692],[-120.89853275733107,44.409471847748492],[-120.89838031771893,44.409719000351124],[-120.89821142456407,44.409884619084458],[-120.89818381664041,44.409911692961813],[-120.89765263293147,44.410037817663749],[-120.8971252356214,44.410058307511733],[-120.89655464910915,44.410108197983519],[-120.89611362750861,44.410069871149695],[-120.89569690533651,44.409941385656033],[-120.89546640841438,44.409906935943205],[-120.89536424930533,44.409911698095506],[-120.89523428913488,44.409917757790929],[-120.89497191190164,44.41018473285952],[-120.89477268892782,44.410452870124374],[-120.8946555099872,44.41078292351505],[-120.8943887920945,44.41117062147552],[-120.89405639298151,44.41147469304881],[-120.89382245012193,44.411688697578633],[-120.89369825623729,44.411773250902343],[-120.89357112216669,44.411879232750444],[-120.89303205035122,44.412004336130792],[-120.89220920253413,44.412227733029482],[-120.8914657172791,44.412623643300243],[-120.89130039223255,44.41287717372181],[-120.89092575433487,44.412838747958638],[-120.89007513869402,44.412895064411813],[-120.88944736363412,44.412910478211217],[-120.88920942147493,44.412976959438907],[-120.88920450230044,44.412977572242688],[-120.88919331108863,44.412981461461108],[-120.88858580112324,44.413192640948786],[-120.88781317721535,44.413285937500561],[-120.88777092854922,44.413293628628224],[-120.88698993054626,44.413661806332698],[-120.88671529849591,44.41398533060643],[-120.88656135061241,44.414423622417246],[-120.886400579126,44.414789764080425],[-120.88635701352968,44.415018530632899],[-120.88635106578421,44.415078972120369],[-120.88630899049291,44.415239461047449],[-120.88629849278048,44.415279506051462],[-120.88607870197994,44.415532147180272],[-120.88602972762729,44.415570233665349],[-120.88577523670392,44.415768138360257],[-120.88555653016989,44.415990597552486],[-120.88533129378209,44.416394143553532],[-120.88521622318746,44.416663822440086],[-120.88514000203391,44.417024825980484],[-120.88495958888382,44.417353697611937],[-120.88473325205979,44.417787421460829],[-120.88453450339644,44.418040449561111],[-120.88431687124749,44.418232724648476],[-120.88421755800124,44.418275146734217],[-120.88391028566508,44.418406397907432],[-120.88356849556405,44.418535967745932],[-120.88333066749092,44.418624976185185],[-120.88318404986013,44.418679845994852],[-120.88275149937273,44.418988938929473],[-120.88237829338964,44.419404833174397],[-120.88180849559816,44.420013389562683],[-120.8815038993432,44.4202795492671],[-120.88109510839675,44.42051357147524],[-120.88036392467126,44.42092281696312],[-120.87963709777488,44.421211333833284],[-120.87939473680279,44.421280502861087],[-120.87919000176639,44.421338934197934],[-120.87844756664192,44.421476145244625],[-120.87831493308519,44.421511336872982],[-120.87818182072638,44.421590795284388],[-120.87795616662196,44.421663321272646],[-120.87758892096076,44.421913206174395],[-120.87737016052783,44.422135647762069],[-120.87733981723416,44.422391794352357],[-120.87747683546783,44.42268125285959],[-120.87767101979124,44.423137880943706],[-120.87772490523351,44.423395592410913],[-120.87769456283819,44.423651739254922],[-120.87757530878928,44.423844904338566],[-120.87753787509307,44.423905536227572],[-120.87725593524787,44.4241268038841],[-120.87669860607257,44.424388249969496],[-120.87656480111268,44.424461671945132],[-120.87637845189521,44.424563923908927],[-120.87613963118368,44.424694966574904],[-120.87579476435283,44.424890274191661],[-120.87532587611386,44.425333729526564],[-120.87509737614661,44.425572555251804],[-120.87502303965854,44.42565219932245],[-120.87476901136755,44.425967073494213],[-120.87419725884203,44.426650278619192],[-120.87348095211594,44.427189997304545],[-120.87326564480698,44.427411060072821],[-120.87290507003507,44.427618753398768],[-120.87269755291624,44.427802008055664],[-120.87243991878771,44.427933112104945],[-120.87218666664111,44.427943493103562],[-120.87193615435615,44.427878421622644],[-120.8718938221467,44.427876311035533],[-120.87145235228684,44.427854301905377],[-120.8708367170597,44.427978728952368],[-120.87045217882927,44.428122562152204],[-120.8693362826002,44.428675565686802],[-120.86872194543865,44.429343624781332],[-120.86821563338495,44.429938195161633],[-120.86805210407061,44.430251296261766],[-120.86755395051632,44.43089221674434],[-120.86748898166003,44.430994537003272],[-120.86731683301056,44.431085852483896],[-120.86691361431383,44.43120436462732],[-120.86639729143459,44.431496318461171],[-120.86578603998602,44.431872021481183],[-120.86537690767977,44.432368534738437],[-120.86502486420814,44.432785090086519],[-120.86486662147925,44.433119737919043],[-120.86474304024563,44.433365006044042],[-120.8645500938007,44.433811541476686],[-120.86436564452003,44.434240227830728],[-120.86423943751082,44.434557469487665],[-120.86417544242829,44.434632796600702],[-120.86399460976499,44.434746451620526],[-120.86370622899921,44.434880602964022],[-120.86331588765209,44.435075868850355],[-120.86293175276523,44.435316259638817],[-120.86267690431239,44.435586078310919],[-120.86245840798414,44.435892587347183],[-120.86220059868411,44.436243374216872],[-120.86190117942014,44.436541717727017],[-120.8633664466329,44.437912699360496],[-120.86436009652485,44.43941674044175],[-120.86438549818615,44.439948382312338],[-120.86422275310106,44.440233428412277],[-120.86376564716537,44.440643513941481],[-120.86386626925696,44.441050521217207],[-120.864066792093,44.441517914798652],[-120.86457424590543,44.442270132361898],[-120.86486461194799,44.443225354615187],[-120.86491790629884,44.444824348346927],[-120.86499583065816,44.445142525314161],[-120.86512783269927,44.445307418417734],[-120.86553580977208,44.445517512745447],[-120.86604390587992,44.445717568377567],[-120.86670196494468,44.445908514045549],[-120.86707802218048,44.446082277594591],[-120.86735093216045,44.446349392157053],[-120.86764262142141,44.446557306769776],[-120.86836022621307,44.446939912820277],[-120.86899866337708,44.447213846290239],[-120.87039142307169,44.44777577623671],[-120.87091573916028,44.447988020927376],[-120.87172226099543,44.448670009261839],[-120.87191800299752,44.448910259471909],[-120.87338012251354,44.450433371559903],[-120.87355634053122,44.450576684575445],[-120.87382624384992,44.450710058270751],[-120.87427183877357,44.450801725135683],[-120.87486438639959,44.450967584036789],[-120.87550332931511,44.451229582093696],[-120.87558771974781,44.4512523839945],[-120.87626074564352,44.451434230726292],[-120.87684100072322,44.451480751997529],[-120.87723977994581,44.45148816749002],[-120.87767265203009,44.45147239770413],[-120.87828484940462,44.451555232637887],[-120.87899329317705,44.451735132862311],[-120.87982605569992,44.452155536154386],[-120.88036490832647,44.452427556693344],[-120.88092429464382,44.452644197521487]]]},"properties":{"huc12":"170703051003","name":"Lytle Creek","tohuc":"170703051006","areasqkm":67.219999999999999,"states":"OR"}},{"type":"Feature","geometry":{"type":"Polygon","coordinates":[[[-120.84013839571769,44.356729219949081],[-120.84106747111376,44.356544214582676],[-120.84189020304819,44.356478732240411],[-120.84308379187127,44.356501275002636],[-120.84485056872767,44.356719175720045],[-120.84564315230286,44.356770138057357],[-120.84700689012556,44.356665303733458],[-120.84813032052494,44.356654958898439],[-120.84899280560565,44.356531655723806],[-120.84938756486733,44.356309512554688],[-120.84964669379252,44.356021795125727],[-120.84980509013332,44.355700671165842],[-120.85000585820943,44.354799656492041],[-120.8501699974798,44.354600179356844],[-120.85050493972339,44.354426422668546],[-120.85257679433174,44.353655123771524],[-120.85286717923891,44.353498528669348],[-120.85525524711549,44.351967872243613],[-120.85570918379489,44.351562258657317],[-120.85660187113373,44.350629202244683],[-120.85696162843871,44.350397372953033],[-120.85736176681236,44.350197809530286],[-120.85824182743158,44.349890206404794],[-120.85906391257899,44.349667037241346],[-120.86054471884952,44.349141096620365],[-120.86192501352127,44.348424196202465],[-120.86279403204901,44.347814751266249],[-120.86391342811446,44.347133457720744],[-120.86481296690397,44.34674064080523],[-120.86672530048082,44.346074135330269],[-120.86724552743826,44.345804756166949],[-120.86958606994473,44.344831093477318],[-120.8701855022591,44.344495656525893],[-120.87104925037106,44.343854542278365],[-120.87217456543594,44.343308320893954],[-120.87269402972369,44.343101923412327],[-120.87380556822532,44.34276249723586],[-120.87474574769665,44.342347848720614],[-120.87525906121967,44.342159333189962],[-120.87536433299117,44.342066759076893],[-120.8755114923061,44.34198373752379],[-120.87575312474446,44.341874517665161],[-120.87655950823904,44.341603675591479],[-120.8770424847566,44.341326817509334],[-120.8776149074253,44.340640725743036],[-120.87777834151819,44.340250732051004],[-120.87813265503257,44.339399797463187],[-120.87855708025822,44.338675218966493],[-120.87879641660275,44.338250904706172],[-120.87916914108885,44.337578960911756],[-120.87948759924697,44.33703105871534],[-120.87988711418983,44.336306010820422],[-120.8801249386697,44.335937732599668],[-120.88049018108779,44.335459273812795],[-120.88179707441765,44.33391249645075],[-120.88224234145623,44.333542627022098],[-120.88247076327002,44.33329477749313],[-120.88276415573678,44.333093148503515],[-120.88321020341131,44.332853831529064],[-120.88396233764588,44.332539156606366],[-120.88477984767357,44.332324721296771],[-120.8863634328907,44.332061432816857],[-120.88675087627274,44.331970667652094],[-120.88738937991205,44.331871625420995],[-120.88814582785663,44.331599779066764],[-120.88939022808714,44.330908188668452],[-120.89022959592229,44.33040561505824],[-120.89062858535068,44.330133597406366],[-120.89104629117803,44.329924977736859],[-120.89141246964064,44.329665332909222],[-120.89159319899771,44.329402261897272],[-120.89161517089124,44.329187491248831],[-120.89156434780573,44.329012364388689],[-120.89156200859274,44.329004827333414],[-120.89150036080804,44.328806250735369],[-120.89152123136702,44.32862220082054],[-120.89159953122214,44.328428962986024],[-120.89174878720492,44.328247281826883],[-120.89210399184805,44.327895214301158],[-120.89264978755342,44.327553762606136],[-120.89302900955398,44.327295195877802],[-120.89343717617132,44.327016885385753],[-120.89404622584911,44.326688685298819],[-120.89452130797196,44.326458086429867],[-120.89468569787233,44.326354642520272],[-120.8949746562548,44.326257505200722],[-120.89530530724629,44.32619187527667],[-120.89561876268657,44.326207898632077],[-120.89584536271701,44.326250400924209],[-120.89679480561553,44.326382046787806],[-120.89844776502711,44.326787649527958],[-120.89945755764472,44.327126580183716],[-120.9000577256793,44.326835007065682],[-120.90205655354325,44.326057104508024],[-120.90215198067759,44.326013928596701],[-120.90331443479123,44.325653062822205],[-120.90499816419624,44.325013227047315],[-120.90601808172543,44.324568272957428],[-120.90666857428052,44.324328111457213],[-120.90748542853805,44.324104494738805],[-120.9082005108604,44.324009554143053],[-120.9084558848277,44.323991722398844],[-120.90864434239116,44.324005126894306],[-120.90893636941865,44.324068087109126],[-120.90931134957444,44.324160705704493],[-120.90997919398758,44.324415897554644],[-120.91051030762794,44.32459712337554],[-120.91071191562887,44.324600812819448],[-120.91078885453631,44.324602218933826],[-120.91112658604884,44.324622692418664],[-120.91154491530698,44.324616051293447],[-120.91202343977402,44.324596220454637],[-120.91234228780094,44.324587757418165],[-120.91280142482749,44.324553276106947],[-120.91316512932983,44.324402711654209],[-120.91354873061739,44.324252509270778],[-120.91392928931111,44.324188002388617],[-120.91430985069975,44.324123494792872],[-120.91462970843308,44.324086460587395],[-120.91510215489889,44.324238008467141],[-120.91574861132344,44.324535652103556],[-120.91598433374556,44.324625707080578],[-120.91637872110476,44.324732950153987],[-120.91669504037415,44.324795889665694],[-120.91693480970665,44.3247716798952],[-120.91716243651145,44.324668642378171],[-120.91717761175151,44.324661772475622],[-120.91718706562156,44.324654249642208],[-120.91721272959093,44.324633830150816],[-120.91754636298914,44.324368365190828],[-120.91784108316588,44.323916396763536],[-120.91787246581032,44.323863979806937],[-120.91846301198989,44.323323700622836],[-120.91871634408655,44.323008711076042],[-120.91891802215603,44.322602748660884],[-120.91891654981727,44.322422663206041],[-120.91874846694277,44.322099995274307],[-120.91851643749477,44.321834682088692],[-120.91758950458066,44.320940000485209],[-120.91675365185317,44.320263045194338],[-120.91650752694007,44.320019977782728],[-120.91587905029594,44.319441327797414],[-120.91559537490561,44.319130051540704],[-120.91521002908978,44.318834925616109],[-120.91466926035672,44.318325391413573],[-120.91435994884485,44.31794161932519],[-120.91412792837998,44.31772131335677],[-120.91392117482916,44.317429442185215],[-120.91379211926217,44.317134488313961],[-120.91370745484328,44.317002400709129],[-120.91357240032684,44.316788364297174],[-120.91348001309144,44.316476073867051],[-120.91341281551492,44.315961678041155],[-120.91356098723114,44.315208132980153],[-120.91374955708402,44.314729916449991],[-120.91424467073939,44.314248293242457],[-120.91472841172323,44.31391050879467],[-120.91555573315047,44.313430440794853],[-120.91602671985392,44.313186950415883],[-120.916549669605,44.31300292284449],[-120.91723840523839,44.312695875340907],[-120.92020569782702,44.311088879633246],[-120.92075280327606,44.310774730106729],[-120.92124886914566,44.310396627662456],[-120.92258526674269,44.309610666112711],[-120.92273787883134,44.30948289735224],[-120.92297945826914,44.30934324201516],[-120.9232867692329,44.309317317264238],[-120.92395131413397,44.309360905294149],[-120.92517982765865,44.309500260395211],[-120.92579359708499,44.309628443731825],[-120.92650999993079,44.309645948793211],[-120.92758248507376,44.309476345792852],[-120.92865556669808,44.309378765269244],[-120.92943390209454,44.309194809322776],[-120.93032691642019,44.30891389053803],[-120.93047917816588,44.308840123670478],[-120.93088305083617,44.308541337178319],[-120.92912795207847,44.307532712938169],[-120.92842207748775,44.307038256780686],[-120.92784380049834,44.306703662413234],[-120.926777505646,44.305964078874105],[-120.92590386259116,44.305250490361409],[-120.92429898011525,44.304253522687056],[-120.92406696324366,44.304055741761033],[-120.92338621093822,44.303606725181247],[-120.92198743881943,44.302766521043146],[-120.92116686104502,44.302328453344536],[-120.92014052056156,44.301882131436216],[-120.91957729933631,44.301700820027108],[-120.91885808386532,44.301255578569233],[-120.91825460284399,44.300816940908625],[-120.91776578009055,44.300348880238218],[-120.91757089148797,44.299899679720411],[-120.91752731601017,44.299093117090841],[-120.91760825152232,44.297955710480608],[-120.91758231356683,44.297847202021536],[-120.91760474629609,44.297478487533326],[-120.91749755662146,44.296742789513971],[-120.91726112003866,44.295829175219126],[-120.91725915452481,44.295527197684684],[-120.9172011125777,44.295372724732502],[-120.91705867390959,44.294476868757272],[-120.9172673992625,44.293498093469275],[-120.91737945511105,44.293142835232793],[-120.91804505732924,44.291904412248314],[-120.91871845602577,44.291148487174326],[-120.91941290943595,44.290500133864121],[-120.91978043896476,44.290262104739163],[-120.91982910878852,44.29021756692719],[-120.92076965836576,44.289536952708161],[-120.9219660508308,44.288797964428603],[-120.92285596866365,44.288152426154589],[-120.92331228677685,44.287607035153989],[-120.92379205361388,44.286751464365018],[-120.92395606532354,44.286542872435341],[-120.92436251256539,44.286145121843994],[-120.92531579666004,44.285433192099696],[-120.92584846079264,44.284920686909771],[-120.92596332477476,44.284767527533418],[-120.92626633370662,44.284461325267799],[-120.92677435884754,44.283452235882486],[-120.92676521130302,44.283005441226145],[-120.92670761492026,44.282522035485158],[-120.92659025811322,44.282331771999523],[-120.92649587302465,44.282178752503157],[-120.92624825421319,44.281441781730521],[-120.92606514342232,44.280991826255871],[-120.92607456854627,44.280724020976244],[-120.92611786105478,44.280681438762485],[-120.92613078421844,44.280668726025702],[-120.92630640575481,44.280495984439959],[-120.92663388030341,44.28037687383808],[-120.9272111260269,44.280226567778413],[-120.92786292563072,44.280077612562607],[-120.92859053226479,44.279894296053733],[-120.92904476628652,44.279706019721324],[-120.9293480069837,44.279568597928112],[-120.93013365197164,44.278810351826195],[-120.93041114605448,44.278363925769177],[-120.9311277177836,44.277763658802883],[-120.93210816333917,44.276850184050552],[-120.93240842073132,44.276401360776617],[-120.9329353904433,44.27579765138622],[-120.93326881722898,44.275304000171452],[-120.93287004878616,44.274956092916923],[-120.93248953321159,44.274615548192955],[-120.9321876157328,44.274470536988332],[-120.93136689961787,44.273956011058175],[-120.93099365680385,44.273656654688928],[-120.93045315397212,44.273124688662257],[-120.92993682660131,44.272395090117101],[-120.92944454174078,44.271404838911714],[-120.92908356632027,44.271002162853513],[-120.9279803183704,44.270261917369567],[-120.92735080237546,44.269768834598764],[-120.92690152705411,44.269495094988109],[-120.92458127748989,44.268291577458484],[-120.92382305537265,44.267652090255751],[-120.92347497886134,44.267240626420175],[-120.92331951013006,44.266985716040239],[-120.92313974466528,44.266820393072429],[-120.92298447356337,44.266470953467156],[-120.92287799355779,44.265847806650747],[-120.92283386741272,44.265077244432199],[-120.92289477588392,44.264637201775415],[-120.92304179057007,44.263753072354874],[-120.92312906908644,44.263498072226291],[-120.92324262512152,44.263275060074058],[-120.92334276571611,44.26294376813447],[-120.92367070559206,44.262391538700271],[-120.9239462835684,44.261658294939643],[-120.92398195477,44.261289819058277],[-120.92412013003376,44.260923204639369],[-120.92415653785392,44.260667278038255],[-120.9240882533159,44.260004312916195],[-120.92395818175433,44.259673337735649],[-120.92366057978217,44.259163758413173],[-120.92317265983561,44.258722743753751],[-120.92215872598452,44.258056088814179],[-120.92028652104976,44.256950658573757],[-120.91746541759552,44.255337240886284],[-120.91337230239391,44.25263816615513],[-120.91141174725264,44.251114815271016],[-120.90982429748315,44.249541305715368],[-120.90823050650606,44.248149361318816],[-120.90641834226992,44.247571058299663],[-120.90471640581075,44.247449005198966],[-120.90288494306735,44.247415403277543],[-120.90086240776472,44.247423688252688],[-120.89940987237449,44.247396991002027],[-120.89822288437213,44.247011754014679],[-120.89685616414268,44.246350639449233],[-120.89619870335592,44.245293739424511],[-120.8959379736329,44.243744455696394],[-120.89557846875451,44.241421113247718],[-120.89537766205085,44.239077979572599],[-120.89510888072796,44.237755675384648],[-120.89493076636664,44.23566279733641],[-120.89476399233756,44.233252149332102],[-120.89481254897359,44.231890262841183],[-120.89504403404253,44.230713450880565],[-120.89559765407405,44.229360870699544],[-120.8963940752521,44.228285312219526],[-120.89723572390979,44.22593865053971],[-120.89721461709388,44.224757184423709],[-120.89695715993344,44.223117108848896],[-120.89736658059891,44.221375739405858],[-120.89823890313028,44.219938156427624],[-120.89948669090771,44.218598319409949],[-120.9007279712892,44.21744005608776],[-120.90162686149509,44.216769147546515],[-120.89864006288839,44.217118957809774],[-120.89636486203908,44.217483830111725],[-120.89384119706361,44.218018397095221],[-120.89228017932302,44.218744987157727],[-120.89012695980782,44.22021599656712],[-120.88828623992545,44.221983272204284],[-120.88731246166587,44.223041480634251],[-120.88623979775815,44.22355239842075],[-120.88508616689727,44.223379407877779],[-120.88387913029437,44.223209109666271],[-120.88334698538806,44.223402621720062],[-120.88268955065242,44.223710023371893],[-120.88199694328017,44.223871502036957],[-120.88130953805171,44.2238878114605],[-120.88066875538652,44.223730660143339],[-120.88019260067522,44.223489403813829],[-120.87992248625241,44.223135757257289],[-120.87978287817582,44.222523057258378],[-120.87980684612589,44.221855283225459],[-120.8793913995615,44.221055335342292],[-120.87934658620526,44.220992206088042],[-120.87934357056083,44.220977493730324],[-120.87912011553222,44.220558865643348],[-120.87893074078887,44.220298088199051],[-120.87870062115915,44.220065136244941],[-120.87844551039827,44.219974643428955],[-120.87815119446341,44.219869130105408],[-120.87785585355081,44.219731674017133],[-120.87779935041775,44.219705375586827],[-120.87738741267286,44.219554795939835],[-120.87691640979972,44.219388824588172],[-120.87642452199456,44.219251046765521],[-120.87571211755005,44.219166335330137],[-120.87503686742571,44.219153769597064],[-120.87464542564234,44.219183974864571],[-120.87441862798256,44.219213724948801],[-120.87401730742602,44.21932059271559],[-120.87366051276483,44.219344193794669],[-120.87280511898499,44.219762493813121],[-120.87199083929906,44.219994915191521],[-120.87132819702974,44.220144627813333],[-120.8705127531272,44.220300491466517],[-120.87025752378869,44.22030473597264],[-120.86987460701735,44.2202480818015],[-120.86864967238077,44.220216232838339],[-120.86762848193881,44.220089141327023],[-120.86701548147042,44.21994715408885],[-120.86614634526335,44.21979137705646],[-120.86502309632365,44.219630842595045],[-120.86448637629762,44.219521778107662],[-120.8641296975191,44.219497105175094],[-120.86374561742949,44.219386387805919],[-120.86244329203286,44.219136951545622],[-120.8619956857813,44.218944013908207],[-120.86052312514676,44.218124172548407],[-120.86010159519125,44.217967726275461],[-120.85996066120124,44.217884058551313],[-120.85906639642076,44.217624218893114],[-120.85860659104763,44.217552580456307],[-120.85799480689812,44.217572624496825],[-120.85702608435697,44.217748024528888],[-120.85621145073482,44.217989332070097],[-120.85585464798883,44.218054659951171],[-120.85544672122165,44.218213562138388],[-120.85524307045181,44.218241250582039],[-120.8543776577616,44.218544612242198],[-120.853002466419,44.218923917542547],[-120.85279786792653,44.218956086531833],[-120.85254344797008,44.219045835388805],[-120.85198434731703,44.219359438983254],[-120.85160329634654,44.219617866218378],[-120.85115872550232,44.219987635821802],[-120.85091779105494,44.220244195238735],[-120.85056185967474,44.22043556678512],[-120.85020512699732,44.220541395193045],[-120.84979735114713,44.220587738839207],[-120.84862367078739,44.220588151506497],[-120.84750127973879,44.220684051822815],[-120.84671148812753,44.220799714234815],[-120.84553952444831,44.221074722820987],[-120.84528429241482,44.221078912549871],[-120.84472250310414,44.221014296828251],[-120.84219672798609,44.220993631421941],[-120.8416354453252,44.221086563890246],[-120.84106318165828,44.221372854636286],[-120.84065705331832,44.22171630023503],[-120.84009931361294,44.222268453883451],[-120.83970675881693,44.222882245132965],[-120.83968231565807,44.222994322631479],[-120.83942922251326,44.223453196449249],[-120.83910048403504,44.223883629656456],[-120.83798225128791,44.224740277205377],[-120.83709322907539,44.225533729324468],[-120.8369916125488,44.225594827240791],[-120.83668964745928,44.225656633198078],[-120.83673923266635,44.22599068757053],[-120.83672831184744,44.226395619804379],[-120.83673535194431,44.226438007672357],[-120.83667551246826,44.226926801030253],[-120.83668532476614,44.227144393832596],[-120.83671150436845,44.227400661358324],[-120.83678117141369,44.227926315663524],[-120.83679091454127,44.22808203769852],[-120.83679002610744,44.228107154407908],[-120.83675075894975,44.228376079352209],[-120.83663324942913,44.229019302297139],[-120.83657719006381,44.229124582296834],[-120.83645228291684,44.229620972035903],[-120.8364604818404,44.229802796206314],[-120.83647986838255,44.22983890375626],[-120.83659960213186,44.229969056823151],[-120.83673804419522,44.230073987535242],[-120.83680632873323,44.230152014729818],[-120.83685543603653,44.23026804217411],[-120.83698732399161,44.230551891214006],[-120.83713839277463,44.230797735680007],[-120.83737599177739,44.23110916478813],[-120.83742125518961,44.231155024442231],[-120.83823465632318,44.231820026284147],[-120.83889905479889,44.232132739878288],[-120.83929115594569,44.232200685921001],[-120.83983793620459,44.232295430619175],[-120.84038051144969,44.232389443969765],[-120.8411598143317,44.232433224257399],[-120.84177730008835,44.232536693982709],[-120.84228560460534,44.232654332299226],[-120.84300359297765,44.232816440379608],[-120.84347692069075,44.232991933381825],[-120.84377181514066,44.233146049626221],[-120.84422051284527,44.233546151640425],[-120.8443617558557,44.233728877657711],[-120.84447886652434,44.234208253265301],[-120.84445434880531,44.234365345715538],[-120.84418868104318,44.234760969418282],[-120.84360508333233,44.235375671794088],[-120.84323567542624,44.23566753954178],[-120.84265098177073,44.236076883491918],[-120.84219514066297,44.236582788963453],[-120.84177797921468,44.23711800955963],[-120.84146379703735,44.237555129617427],[-120.84144969169077,44.237940752262425],[-120.84143715390434,44.23828352968679],[-120.84143941137066,44.23840201828483],[-120.84144396133756,44.238640964148239],[-120.8412724909161,44.238980735167054],[-120.84107122427503,44.239591496592524],[-120.84090864358164,44.240231570244248],[-120.84083806833968,44.240530371526475],[-120.84076213554532,44.240701458191566],[-120.84070221072935,44.240898256699268],[-120.84066903684425,44.241536539272452],[-120.84068014002115,44.241611372742661],[-120.8406953547871,44.241713926639385],[-120.8407157016283,44.241761987997755],[-120.84087835149195,44.242146155032046],[-120.84100645125147,44.24244871456203],[-120.84135466340841,44.242712556255718],[-120.8417781741491,44.243092158885332],[-120.84188693138393,44.243380058918241],[-120.8421713739355,44.24375703226864],[-120.84241712604778,44.244104689155954],[-120.84274026622516,44.2445109768707],[-120.84324799851532,44.245306639354226],[-120.84336306372005,44.245966254050273],[-120.8432229660616,44.246535295466714],[-120.84313228652356,44.246645387124723],[-120.84312135402656,44.24668792064012],[-120.84288073219285,44.247038999699974],[-120.84226894534841,44.247710543938069],[-120.84208785397027,44.247921473157049],[-120.84205753403279,44.247956788396188],[-120.84198530589072,44.248179202295312],[-120.84190068369261,44.248439759694946],[-120.84183166972261,44.248695714420371],[-120.84181024759803,44.249281289851801],[-120.84189705809216,44.249625942550793],[-120.84210780914601,44.250387412491541],[-120.84219880309439,44.25061780637747],[-120.84226786108184,44.250890518140388],[-120.84235517463252,44.251235324846284],[-120.84236680242556,44.251278233391815],[-120.84237290468127,44.251422910597263],[-120.84225915910169,44.251771881135717],[-120.84133342454018,44.252681708748177],[-120.84048960914603,44.253962202517627],[-120.84006154843838,44.254449280972466],[-120.83943319935504,44.255018095553417],[-120.83897131617867,44.255680087452497],[-120.83806580808405,44.256675799604118],[-120.83758474407975,44.257454463408912],[-120.83671451102971,44.258554366625241],[-120.83661093527746,44.258795488859967],[-120.83662649319987,44.258926328043742],[-120.83673730128847,44.259085979427155],[-120.83706977406335,44.259371367981885],[-120.83745763067041,44.259833366028239],[-120.83804450363878,44.260911334270929],[-120.83833251429866,44.261299414495312],[-120.83945568777986,44.262401027164834],[-120.84062552784174,44.263854630397582],[-120.84116105490513,44.264733543670665],[-120.84177644129892,44.265420398955619],[-120.8420137169082,44.265762497119439],[-120.84215261980731,44.266416523188617],[-120.84130636997875,44.266799231698975],[-120.83930698156604,44.266948331861961],[-120.83710325427398,44.267150637138087],[-120.83643458610572,44.267225910185608],[-120.83455164271005,44.267723686367205],[-120.83250380186585,44.268242224229873],[-120.83247959137063,44.268244887348445],[-120.83128557225456,44.268376304381881],[-120.83064637601413,44.268449914954537],[-120.82945011649973,44.268527225479602],[-120.82865085484872,44.268626364974871],[-120.827912798113,44.268683788871549],[-120.82739075116878,44.268816777692152],[-120.82680590929127,44.269034321723467],[-120.82643760361803,44.269313154833014],[-120.82598346481772,44.269761855993565],[-120.82537504485892,44.270078990276978],[-120.82451190939797,44.27029122159599],[-120.82355149447658,44.270444425142799],[-120.82263293655583,44.270541248955738],[-120.82189063078879,44.270712887707617],[-120.82140936107029,44.270818044216675],[-120.82094427180665,44.271023551705518],[-120.82093573511651,44.271038315231891],[-120.82092518530179,44.271042073652538],[-120.82077864582446,44.271154374610795],[-120.82073693075762,44.271319827542946],[-120.82076730728895,44.271461082982697],[-120.82079696426973,44.271481309994392],[-120.82094091570075,44.271579493171451],[-120.82114962488396,44.271711360727025],[-120.82147575285798,44.272037298588181],[-120.82160812410666,44.272308381434456],[-120.82167076632638,44.272539770039884],[-120.8215960237998,44.272890339070614],[-120.82138583239637,44.273876144507234],[-120.8212649020911,44.274188231909683],[-120.82108792499699,44.274670788379765],[-120.8209758610636,44.275011660811167],[-120.82102018483806,44.275426978891282],[-120.82100381483863,44.275869722534445],[-120.8208922764197,44.276196313313307],[-120.82080008681368,44.276537564086702],[-120.82126609235887,44.276846592582629],[-120.82185032517862,44.277186458055915],[-120.82252604242693,44.277742446700685],[-120.82323151008079,44.278570550395905],[-120.82371567866274,44.279465892657569],[-120.82392868179301,44.280367274440692],[-120.82388435532363,44.280809229686966],[-120.82384575291925,44.281855064560872],[-120.8238089866713,44.282851098687168],[-120.82357765790923,44.283344274913162],[-120.82355126540618,44.283378799730649],[-120.82315752124073,44.284343156470634],[-120.82311081872741,44.284530122765595],[-120.82299407636803,44.284997477379093],[-120.82301537003354,44.285498108778881],[-120.82328924660074,44.285771429159595],[-120.82368697120121,44.286168346934438],[-120.8241870300822,44.286635224865364],[-120.82424737261479,44.286690523203156],[-120.82464891325859,44.287058497744141],[-120.82501560915082,44.287365618903173],[-120.82512330188203,44.287467750906096],[-120.82532318781251,44.287657318050876],[-120.82575849972113,44.287722776937287],[-120.82615562604359,44.287744631060349],[-120.82664047824348,44.287782969802386],[-120.82667934295591,44.28778972891616],[-120.82938910562059,44.28860159371731],[-120.82953102236749,44.288675122368581],[-120.82997015570929,44.288836930733147],[-120.83035733049505,44.288959385345592],[-120.83055256584733,44.288975883784744],[-120.83126422199521,44.288989403023074],[-120.83192250563876,44.28900190497189],[-120.83354106137159,44.289045416131557],[-120.83452100207403,44.289025640790946],[-120.83505709597432,44.288971863508394],[-120.83606139898724,44.288773498023424],[-120.83681188660989,44.288698979211475],[-120.83830500968131,44.288608338589952],[-120.83961684105026,44.288782660065721],[-120.84065135081291,44.288951728041347],[-120.84068066104399,44.288959081831358],[-120.84085379155208,44.28898109625402],[-120.84154500114578,44.289122795374837],[-120.84211638895528,44.289276515053842],[-120.84252975771643,44.289398663951765],[-120.84271319549404,44.289544175889361],[-120.84293580700462,44.289720763841565],[-120.84312784615112,44.289910189322157],[-120.8439582577829,44.290054501390884],[-120.8445567163235,44.290092730596818],[-120.84481064849474,44.290142054543672],[-120.84566042870239,44.290301012843273],[-120.84639618305607,44.290478480746152],[-120.84595924789176,44.290835457811603],[-120.84516914187013,44.291220729824595],[-120.84440132394901,44.291359127461106],[-120.84430785065047,44.29137597566784],[-120.8437556508554,44.291496699788631],[-120.84316451448269,44.291625933248433],[-120.84221668585677,44.291815960226451],[-120.84173964630489,44.29195631119795],[-120.8411148554484,44.292173172860885],[-120.84032993719752,44.292415587222074],[-120.83931999456125,44.292825242867437],[-120.83821690381656,44.29306162004157],[-120.83737545368652,44.293217189587565],[-120.83644921157688,44.29351406916966],[-120.83560302912196,44.293798165984008],[-120.83397816811411,44.294153238292317],[-120.83229573767299,44.294450028912237],[-120.83082834594458,44.294850922061329],[-120.82998474794275,44.295063565428329],[-120.82975201691053,44.29509668039428],[-120.8293766001735,44.295150092648072],[-120.8302078930526,44.295406562863107],[-120.83158436179951,44.296067410675157],[-120.83246116602584,44.296599512320398],[-120.83284786560282,44.296959373106645],[-120.83320561876641,44.297377060247882],[-120.83363598185612,44.297849719779627],[-120.83377420293392,44.298003361324305],[-120.83425219110671,44.298710498025876],[-120.83481070695652,44.299600660630446],[-120.83588125533173,44.300348877023644],[-120.83688078020565,44.300731776650096],[-120.83861002904275,44.300794855702222],[-120.83999831243227,44.300942447496965],[-120.84192970646282,44.301251939089724],[-120.84290819009784,44.301459270124397],[-120.84388131618051,44.302170105561792],[-120.84517125380935,44.302613083543378],[-120.8456787660123,44.3027261888437],[-120.84636018217273,44.302797556425482],[-120.8479496288971,44.302850015345463],[-120.84873026667564,44.302779188495677],[-120.85178704044971,44.302773686023087],[-120.85262947333663,44.302834537850643],[-120.85457432053687,44.302853070984973],[-120.85487428058664,44.302813689674736],[-120.85603867685791,44.302790531597878],[-120.85642831751913,44.302784339951266],[-120.85708032553212,44.302846086665838],[-120.85773252219136,44.302988861310055],[-120.85854564844045,44.303274196762857],[-120.85945135506273,44.303858357465678],[-120.86205924338428,44.305838332307985],[-120.86252814689459,44.306261243719995],[-120.86372585808648,44.307071406777801],[-120.86536840243069,44.308538085130657],[-120.86656255000584,44.309492200796711],[-120.86739149289217,44.310101874351908],[-120.8694476431527,44.311621228888605],[-120.87138196389445,44.313196795130992],[-120.87255008817415,44.314073836536075],[-120.87286297138759,44.314372260628602],[-120.87305513001003,44.314519884491773],[-120.87542367480053,44.316360051317851],[-120.87558827939824,44.31638111771278],[-120.87611532187375,44.316805053522152],[-120.8763210234974,44.317033952390695],[-120.8766552785298,44.3173057512033],[-120.87742459124753,44.317792704484368],[-120.87773330807471,44.317946987332611],[-120.87978366689664,44.31872780223155],[-120.88044968772974,44.319037258541584],[-120.8810133203834,44.319164753274762],[-120.88388364792193,44.320118252079318],[-120.88500998257463,44.320400193103808],[-120.88572919984223,44.320670090024372],[-120.88649649853714,44.320954376779881],[-120.88690655431148,44.321015979699254],[-120.8872139802596,44.321098190947694],[-120.88849598845944,44.321608051331985],[-120.8890597558604,44.321798528193931],[-120.88936672815929,44.32187172349974],[-120.8900321201717,44.321960537700406],[-120.89044144920899,44.321977100132273],[-120.89049187883244,44.321977044862024],[-120.89082697738287,44.322073673200791],[-120.89166533730828,44.322020289940241],[-120.89187546672797,44.322006908127626],[-120.89186252110642,44.322342908181831],[-120.89146837269909,44.322925177326155],[-120.8909569070106,44.323308762579117],[-120.89022288820208,44.323652503713397],[-120.88949270430147,44.323889119232689],[-120.88836267397971,44.324171931567783],[-120.88758145499118,44.324443321364733],[-120.88693238357084,44.325027130000819],[-120.8868613708493,44.32509100359966],[-120.88588038091466,44.326073287273033],[-120.88561467272835,44.326343994798329],[-120.88538411382248,44.326524635655616],[-120.88498740072501,44.326832396727738],[-120.88388247023063,44.327892292986078],[-120.882559240139,44.328961635598951],[-120.88198610780121,44.329378651642138],[-120.88132485702225,44.329978593490118],[-120.88128761017563,44.330076935283849],[-120.88041097213761,44.330888946631809],[-120.88011837018834,44.33122112903424],[-120.87897396143214,44.332262237730738],[-120.87840171752815,44.332674749737073],[-120.87801851329594,44.333018748912785],[-120.87702954362661,44.333747620775789],[-120.8768186066215,44.333901252532648],[-120.87622053525479,44.334268261671063],[-120.87590010439629,44.334392847290381],[-120.87537949565485,44.334459692077488],[-120.87380435100815,44.334290841247928],[-120.87132860306825,44.334681384113935],[-120.87027752208354,44.334913878259066],[-120.86905659483145,44.335246727300564],[-120.86682552102549,44.336087380762628],[-120.86607061189503,44.336496421324007],[-120.86573657066168,44.33680078257202],[-120.86548798975457,44.337169762134124],[-120.86526888526689,44.337741856539033],[-120.8649399904818,44.338595491179923],[-120.86480744945149,44.339115186336436],[-120.86431364284488,44.340213318686892],[-120.86377650240725,44.341036048684842],[-120.86290918439036,44.34194713026573],[-120.86253050137894,44.342205633683221],[-120.86213043397223,44.342405214680014],[-120.86114932905319,44.34277847944459],[-120.8595070658817,44.34313484809595],[-120.85858417358972,44.34324359533764],[-120.85816372790077,44.343334745223594],[-120.85742318103506,44.343581944568484],[-120.85653858931354,44.344038006028804],[-120.85561903246621,44.344592437284902],[-120.85511999586801,44.345010707332911],[-120.85484536381766,44.345338659702037],[-120.85455299632865,44.345873346877511],[-120.85408096039292,44.346539701099992],[-120.85368748033218,44.346986957259297],[-120.85329261327264,44.347321650189429],[-120.85229402264659,44.348041123379879],[-120.85057419174696,44.349012604543425],[-120.84937027858632,44.349791209215006],[-120.84787775019966,44.351041519519178],[-120.84706783363109,44.351530422999211],[-120.84567817492083,44.352260474056926],[-120.84449401391667,44.353052901702505],[-120.84387451234055,44.353522869178853],[-120.84013839571769,44.356729219949081]]]},"properties":{"huc12":"170703051002","name":"Town of Prineville-Crooked River","tohuc":"170703051006","areasqkm":69.219999999999999,"states":"OR"}},{"type":"Feature","geometry":{"type":"Polygon","coordinates":[[[-120.97436020264048,44.443675596695748],[-120.97451960599273,44.443714579399831],[-120.97500798228346,44.443835200314233],[-120.97575410409384,44.443802866473547],[-120.97581934603798,44.443800132436621],[-120.97591571640334,44.443783125993122],[-120.97656648923281,44.443669250612018],[-120.97717992448582,44.443486553652988],[-120.97756624407543,44.44303424945965],[-120.97789002744656,44.442459298633068],[-120.9783821586952,44.441574790477127],[-120.97860937137663,44.441166526561631],[-120.97968467004308,44.440316866788379],[-120.98122433572766,44.439691380080134],[-120.98183808898428,44.439638063547584],[-120.98264559177971,44.439569916806363],[-120.98405537005735,44.439565943410614],[-120.98500709198174,44.439564592648452],[-120.98711503011845,44.439106592029312],[-120.98915510951855,44.438633856839147],[-120.98998930934593,44.43850368052491],[-120.99146194543894,44.438274925049235],[-120.99216168273959,44.43812435708427],[-120.9933308993707,44.437874511335679],[-120.99434937151059,44.437723978257722],[-120.99539959550251,44.437570574484738],[-120.99733456752283,44.437323764096298],[-120.99739842516314,44.437315678454034],[-120.99750976954597,44.437306984110307],[-120.99956369827282,44.437148030369563],[-121.0007213356199,44.437102029415726],[-121.00125297567303,44.437081579190625],[-121.00303598778156,44.437234304349467],[-121.00478125178356,44.437465360149176],[-121.00491650303104,44.437483368390588],[-121.00495362680847,44.437494912493996],[-121.006151821294,44.43786942177794],[-121.00718337200611,44.438297052763005],[-121.00743163041803,44.438426506679718],[-121.00821063326273,44.438834061116445],[-121.00862435865506,44.439566432789327],[-121.00910635331401,44.440275821705363],[-121.01042806615108,44.44109652675894],[-121.01150232995833,44.441383025727355],[-121.01236732852519,44.441614891199634],[-121.01312127556,44.441926763745919],[-121.01376484300259,44.442193994796341],[-121.01534315600733,44.442414809689332],[-121.01743096559345,44.442535669947375],[-121.01955590165193,44.442550017697165],[-121.0206978391428,44.442554052459982],[-121.02151279256518,44.442558104539145],[-121.02288296502029,44.442506419023609],[-121.02458689753604,44.442443581566032],[-121.02540633265335,44.442156156544961],[-121.02635880377271,44.441929542765834],[-121.02754344896881,44.441828469862251],[-121.0285641372525,44.441558002732862],[-121.02922085872579,44.441110193726587],[-121.03010413082217,44.440931870622144],[-121.03143360240837,44.441227132144867],[-121.03151031134711,44.441244273378551],[-121.03158077340134,44.441248751417618],[-121.03255436301473,44.441311708813465],[-121.03394192236215,44.441178052620359],[-121.03445113597421,44.44115811306964],[-121.03569849076366,44.441110916551239],[-121.03762360107878,44.441069512216878],[-121.03819727689731,44.441057662244312],[-121.03937779163974,44.441055424500256],[-121.04026245342985,44.441029699737214],[-121.04103273812471,44.441009157246476],[-121.04229409854774,44.440619860000169],[-121.0428303056358,44.440284260979546],[-121.04312135709291,44.44010230898246],[-121.04317250896182,44.440064641908172],[-121.04360527953646,44.439747966989067],[-121.04428853185338,44.439493777646099],[-121.04507740808137,44.439454050038748],[-121.0460795254932,44.439405717526135],[-121.04711084713492,44.439331866631854],[-121.04719564091121,44.43932596840807],[-121.04797641253872,44.439182198697587],[-121.04896472104801,44.438884850003539],[-121.05120142549416,44.438584628897402],[-121.05222192782658,44.438500295219775],[-121.05265603419608,44.438464705888983],[-121.05438219372689,44.438300561870378],[-121.05461593985538,44.43826357287908],[-121.05617974686493,44.438016818013011],[-121.05658113749006,44.437913978964865],[-121.05750651542044,44.437678529368426],[-121.05865284118144,44.437290325987938],[-121.05907622975127,44.437147541612028],[-121.06028074388483,44.4364307576055],[-121.06097487300319,44.435844289091364],[-121.0612636921468,44.43559084606909],[-121.06146161705503,44.435418497104621],[-121.06238644880972,44.434975048362972],[-121.06292150515587,44.434610505214543],[-121.06318902883737,44.434327210410494],[-121.06330625988026,44.434203893751771],[-121.06344181745328,44.433674409416462],[-121.06339432801578,44.433069304520799],[-121.06317905574107,44.432748445917944],[-121.06299223311144,44.432469035782589],[-121.06278500255517,44.432109910247497],[-121.06242853218583,44.431680730368342],[-121.06233075865198,44.431570928501756],[-121.06210295937068,44.431313064481706],[-121.06202659089342,44.431083139662256],[-121.06204379812267,44.43056235511655],[-121.06214486667699,44.430046408553913],[-121.06219514448512,44.429663144670876],[-121.06221224571318,44.42953336534574],[-121.06226192344671,44.429290641368219],[-121.06235308358342,44.428845246630559],[-121.06229823424881,44.428348212044178],[-121.06226227199303,44.42802233718313],[-121.06227344434024,44.427684119625475],[-121.06221679208684,44.427356836129782],[-121.06221295448394,44.427342044565364],[-121.0621573514628,44.427125202764799],[-121.06215167770347,44.426773997416269],[-121.06197925596616,44.42638395096742],[-121.06187306431977,44.426224638408698],[-121.06181843507241,44.426141478865304],[-121.06177698231363,44.426027345846506],[-121.06172583763124,44.425885011255424],[-121.06176936909159,44.425584689359646],[-121.06186123081255,44.425356614029631],[-121.06233718160627,44.425243831213194],[-121.0632545699205,44.425041842424832],[-121.06344974149238,44.425021028712941],[-121.06413486859329,44.424948544099898],[-121.0643921604637,44.424914921201704],[-121.06504924755131,44.424830540209925],[-121.06549346984922,44.424656775044959],[-121.06621394835147,44.424288265596232],[-121.06693302458356,44.423962030641086],[-121.06743536338877,44.423559608281188],[-121.067505494863,44.423535942933476],[-121.06776131798794,44.423450317882462],[-121.06800126428853,44.423334920857464],[-121.06821443001388,44.423220620042621],[-121.06826617566919,44.423204807339829],[-121.06838063181617,44.423169836146904],[-121.06860697762336,44.42310935233872],[-121.06868525052903,44.423003487720202],[-121.0688222588812,44.422930772848105],[-121.06904754647297,44.422902425706511],[-121.06931344779709,44.42300339276791],[-121.06962313929634,44.423137254773479],[-121.07002182150089,44.423294058882369],[-121.07040555124755,44.423450609152724],[-121.07074761263974,44.423509985268822],[-121.07114876431302,44.423591794216541],[-121.07154885956754,44.423705741446788],[-121.07190127045013,44.423953410014647],[-121.07200659701888,44.424026451450921],[-121.07245843613205,44.424246325832371],[-121.0726056035318,44.424337712161964],[-121.07279557475651,44.424455675345847],[-121.07349536595608,44.424553236931203],[-121.07380967120265,44.424603947129846],[-121.07401753686781,44.424626743384472],[-121.07485136838591,44.424720044147648],[-121.0754858269115,44.424755678417547],[-121.07599616162105,44.42478583190632],[-121.07642370400075,44.424771555497443],[-121.07695839203764,44.424755538559651],[-121.07736291418986,44.424812062946053],[-121.07776423654303,44.424869987778997],[-121.07827270994331,44.424978616654144],[-121.0786849540137,44.425068183695771],[-121.07948931360393,44.425225758253319],[-121.07989717299743,44.425295106013159],[-121.0801941048264,44.425345950933959],[-121.08056613850806,44.425464062204178],[-121.08117897099152,44.425659283209633],[-121.08135974795931,44.425768380866167],[-121.08160889031346,44.425919634393921],[-121.08266569626146,44.426094497962836],[-121.08333994476428,44.426105812080273],[-121.08354668573868,44.426082445435831],[-121.08408483318776,44.426023161106052],[-121.08531758945554,44.425590679427742],[-121.08608079632427,44.425323882470529],[-121.08651631394707,44.42518859418427],[-121.08696681726542,44.425049646201636],[-121.08771940335257,44.424724644064526],[-121.08828487575592,44.424455020961396],[-121.08852262208241,44.424390731500836],[-121.08888021265092,44.424295105216196],[-121.08965734610153,44.424253716553487],[-121.09021358562039,44.424263018467599],[-121.09072043756157,44.424235235257981],[-121.09137486922921,44.423970453024594],[-121.09152335086422,44.42391049034935],[-121.09197021061577,44.423665876718331],[-121.09244856350456,44.42346680095352],[-121.09252827910456,44.423447706715187],[-121.09297563382783,44.423342289239066],[-121.09332493653956,44.423312942095691],[-121.09349221721851,44.423299719420172],[-121.09377893969425,44.423194894485313],[-121.09442149832877,44.422961539977329],[-121.09496322466592,44.422898061102636],[-121.09530565885896,44.422916377295699],[-121.09561980869699,44.422934535015266],[-121.09582587054507,44.422956378548108],[-121.09612389831865,44.422989928792269],[-121.09648139186912,44.422887113984274],[-121.09689689323075,44.422555628265435],[-121.09702584998305,44.422219369893703],[-121.09726024649181,44.421751920753735],[-121.09736670403953,44.42158703046443],[-121.09752677753495,44.421341304222501],[-121.09782734215089,44.420909672021303],[-121.0982773073784,44.420543548146682],[-121.09838461922394,44.420403611328439],[-121.09847120603753,44.420291552945791],[-121.09870159336519,44.419943370836776],[-121.09869661849515,44.419843066400418],[-121.09869146755531,44.419739261194337],[-121.09857427783491,44.419392120977371],[-121.09856838578496,44.419374576177532],[-121.09861136837469,44.419145849123069],[-121.09862953051311,44.419050438182119],[-121.09873050654093,44.418803364152637],[-121.09875766440858,44.418737227680325],[-121.09877641943508,44.418462284246971],[-121.09879000375882,44.418265363293024],[-121.098823955585,44.417877989548174],[-121.09882863221435,44.417824842393955],[-121.09883271595564,44.417807283008102],[-121.09889242966752,44.417551342185753],[-121.09913217654211,44.417348267485664],[-121.09942422243424,44.417227088213572],[-121.09994974496028,44.417096287386904],[-121.10029453094276,44.417043503970667],[-121.10048777652669,44.416997118252191],[-121.10086332621435,44.416836893370395],[-121.10107239741863,44.416732335960461],[-121.10129625399419,44.416650598260802],[-121.10122229749348,44.416419852854069],[-121.10114753969553,44.41615400859331],[-121.10113119215399,44.41592327662655],[-121.10113726835857,44.41573559649413],[-121.10114369670275,44.41570350119791],[-121.10115350450903,44.415654558724611],[-121.10127765347792,44.415146744460529],[-121.10160932136228,44.414504051671415],[-121.10193722261066,44.414050357235219],[-121.10246121171251,44.412897695942476],[-121.10264633742456,44.412270572076544],[-121.10273848391145,44.412165702983415],[-121.10275851095241,44.412106666992024],[-121.10300981914472,44.411766353348547],[-121.10337197135826,44.411427879393372],[-121.10365636989238,44.41120736002528],[-121.10408728005606,44.41102902203852],[-121.10412916310787,44.411010691212553],[-121.10434977496863,44.410914133110161],[-121.10457446428242,44.41082511742556],[-121.1046895905726,44.410694530725713],[-121.10473466623694,44.410443538419671],[-121.10470713107682,44.410151589170646],[-121.1044948483954,44.409856575565378],[-121.1042812910046,44.409601287222493],[-121.10412315337862,44.40934691863238],[-121.10404062515349,44.409040808153541],[-121.10406893286471,44.40871185190948],[-121.10427564509303,44.408174321644402],[-121.10429238250343,44.407850497620878],[-121.10453215542915,44.407012708998167],[-121.10462010498705,44.40625792946345],[-121.10445547523652,44.405692518525434],[-121.10413086811027,44.405146960910059],[-121.10371236098572,44.404811409128328],[-121.1031166818326,44.404517926811309],[-121.10262217723502,44.40415410247207],[-121.10140929349797,44.403481239942423],[-121.10120359995915,44.403288759757544],[-121.10084132557475,44.402720059176431],[-121.10026815730434,44.402192863271573],[-121.09997779754997,44.401812283715408],[-121.09987798394214,44.401737327629618],[-121.09905188242708,44.400994847723382],[-121.09835037993686,44.400400183234289],[-121.09812270013148,44.400012152663017],[-121.09813857695582,44.399522180796765],[-121.09832412397775,44.398929037888998],[-121.09848304403633,44.398587196380987],[-121.09849481555983,44.398570774331411],[-121.09853415817604,44.398418818486356],[-121.09862112497699,44.39825371413761],[-121.09868930980201,44.3981856321099],[-121.09871874759388,44.398129214203351],[-121.09894094048951,44.397885382959309],[-121.09924725252665,44.397617344053842],[-121.09947830101436,44.397467550691161],[-121.09983164973811,44.397217363636642],[-121.10028377541386,44.396857858518437],[-121.10058814349674,44.396649534733328],[-121.10147467647759,44.396109468022352],[-121.10192512769368,44.395801140582719],[-121.10241706131292,44.395314254240624],[-121.10263676946848,44.395116033213199],[-121.10266468102267,44.395066417515153],[-121.10303106969108,44.394680878011478],[-121.10368237252659,44.394196536410476],[-121.10438650708055,44.393825601865395],[-121.10484825101808,44.39345388506856],[-121.10505175266759,44.393184553625048],[-121.10539616315427,44.39281928000532],[-121.10566583650426,44.392479263042318],[-121.10609607562643,44.391744419312509],[-121.10623133585706,44.391561169116663],[-121.10638634554923,44.39133849504401],[-121.10652331347724,44.391102274344128],[-121.10675304503475,44.390854340182351],[-121.10692780059516,44.390592245392106],[-121.10716009324952,44.390264855706128],[-121.1074293201368,44.389938076592038],[-121.10775181262888,44.389678429248242],[-121.10783771851948,44.389623543142996],[-121.10803480440124,44.389497624140809],[-121.1081309861204,44.389379969822848],[-121.10815770561021,44.389313445727744],[-121.10821008457781,44.389183038895368],[-121.10833187726571,44.388879812437935],[-121.10840910273575,44.38866667197631],[-121.10863394655978,44.388210699780466],[-121.10871388763691,44.38789692290041],[-121.10917092440233,44.387130242555784],[-121.1092980818291,44.387055822960498],[-121.10991500883361,44.386903982298037],[-121.11124822639455,44.386474837145897],[-121.11151878728005,44.386309136088741],[-121.11181428988938,44.38614267382372],[-121.11192960662243,44.386040151814733],[-121.11203969246553,44.385948080994076],[-121.11213568823342,44.385924062104507],[-121.11231607533237,44.385890651731863],[-121.11249439001794,44.385848280626625],[-121.11252727015396,44.385840564063187],[-121.11281087996726,44.385774012834155],[-121.11309128638827,44.385672649593417],[-121.11319384165436,44.385631989847212],[-121.1135531794461,44.385520709687945],[-121.114038080155,44.385247046225039],[-121.11432389533232,44.38500515210427],[-121.11450222888253,44.384887729501429],[-121.11478245294552,44.384738725942952],[-121.11526452396127,44.384444564506353],[-121.11640139315729,44.383981663727006],[-121.1168703793126,44.383719310251628],[-121.11735123939937,44.383331110003041],[-121.11750317415832,44.383140545407144],[-121.11763010610797,44.382728577924432],[-121.11776683777906,44.382176018780427],[-121.11788886672389,44.381797837314878],[-121.11795505369571,44.381333417117709],[-121.11786980537188,44.381079931681548],[-121.11773793358647,44.380892671355397],[-121.11765594435049,44.380808500992195],[-121.1175881260381,44.380696419394624],[-121.1175602971289,44.38064523710792],[-121.11753193102722,44.380593065401186],[-121.11745249120997,44.380472256839873],[-121.11723030550088,44.380349097530846],[-121.11678074271862,44.380264863466486],[-121.11633726153084,44.380185575549895],[-121.11582028467812,44.380086611567357],[-121.1156398832061,44.379951138374267],[-121.11548389794353,44.379630570610566],[-121.11521153593593,44.379052309162631],[-121.11520715934385,44.379043018677059],[-121.11492235207628,44.378707074498308],[-121.11461221321603,44.378589386292681],[-121.11459381661733,44.378582405211418],[-121.11447736890536,44.378502234113562],[-121.11416002196326,44.378283747956765],[-121.11386969544658,44.378119956320226],[-121.11357596790822,44.378062105890443],[-121.11303879962284,44.37810622903946],[-121.11266951298934,44.378100124957136],[-121.11224568424501,44.378066619588488],[-121.11195025619584,44.378061736704616],[-121.11142899707414,44.378185611586581],[-121.11102065348871,44.378245106210805],[-121.11045255261482,44.378374075442515],[-121.11031346735768,44.378405649323085],[-121.11016924643208,44.378389868805506],[-121.11009609122861,44.37838186361661],[-121.10974277753915,44.378343204599794],[-121.1091398489817,44.378134476543707],[-121.10906482887572,44.378081651548754],[-121.10784388455561,44.377560705710309],[-121.10753731829521,44.377506110015069],[-121.10728189671723,44.377519883665407],[-121.10657103288345,44.377814200604249],[-121.10630504891432,44.377985345361985],[-121.10602689816302,44.378241819503899],[-121.10510990870078,44.37959954954961],[-121.10471792882655,44.379930655316947],[-121.10452119418608,44.380021921493878],[-121.10418397830651,44.380065840281254],[-121.10401721415886,44.379982045607626],[-121.10394910299568,44.37990549176552],[-121.10390499481693,44.379838387410828],[-121.10381424341367,44.379700311437631],[-121.10372266017046,44.379587827724208],[-121.10361835857942,44.379500740593819],[-121.10340727604722,44.379403344618169],[-121.10332538832088,44.379359305912892],[-121.10318567873463,44.37926309235646],[-121.10309327263461,44.379176201852481],[-121.10299893964832,44.379149028359087],[-121.10277486118889,44.379085556504741],[-121.10249020843156,44.379055219581936],[-121.10229467933019,44.379051969517427],[-121.10205355623657,44.379037133632025],[-121.10178682666579,44.378992206051137],[-121.10128979600559,44.378775366666339],[-121.10049285200802,44.378163423239023],[-121.10014466141065,44.377770507419093],[-121.09983047114845,44.377612232273187],[-121.09917231057408,44.377488745271812],[-121.09807545054416,44.377393960457027],[-121.09756462265953,44.377299924143244],[-121.09618188367195,44.376754716908742],[-121.09334699916293,44.376306801868935],[-121.09158397456949,44.375926244658054],[-121.08984476700915,44.375393009274319],[-121.08908442576613,44.374939148920163],[-121.08892136537239,44.374814881269344],[-121.08865635607536,44.374544861768598],[-121.08722934451731,44.373436122806055],[-121.085682647719,44.372077782376088],[-121.08461274523245,44.371159554040808],[-121.08415276738279,44.37056665023826],[-121.08324368489168,44.369601590902306],[-121.0822739203048,44.368694024142066],[-121.08125910969801,44.367749682641836],[-121.08047515533946,44.366606646150366],[-121.07994346767563,44.365449836555818],[-121.07966070048205,44.36469333989487],[-121.0796448685735,44.363977340016334],[-121.07963624205182,44.363328987783369],[-121.07953108436632,44.362854876297206],[-121.07957865824547,44.362390741935933],[-121.07959250577558,44.361966984675945],[-121.0795562614488,44.361807797224508],[-121.07955097755831,44.361542295666879],[-121.07953466594938,44.361512575201239],[-121.07952164397102,44.361181798811586],[-121.07946553250342,44.361078428358248],[-121.0793001697276,44.361041505478092],[-121.07908752053355,44.360995250048681],[-121.0789323051272,44.360984666419085],[-121.07890464240634,44.360974936337328],[-121.07868573734464,44.360891756596367],[-121.07837800417268,44.360701080436719],[-121.07827331540781,44.360513823020753],[-121.07829696984585,44.360355225065852],[-121.07845069943876,44.360172316561325],[-121.07860442633668,44.359989408128015],[-121.07875772024666,44.359819741932291],[-121.07894922848882,44.359610967765327],[-121.07919610888511,44.359403126068223],[-121.07951941794576,44.359117071894389],[-121.079657352461,44.358958663482426],[-121.08021917860262,44.357847007021718],[-121.08077977225567,44.356145873347913],[-121.08118526638505,44.353861441059514],[-121.08143201472896,44.35274604325982],[-121.08146757453946,44.352617715817296],[-121.08177941660553,44.351549729563722],[-121.08188335887041,44.351193732604514],[-121.08187700149314,44.350822634790674],[-121.08168263481176,44.350554373964897],[-121.08143809003523,44.350126275408265],[-121.08103350140769,44.350065317809644],[-121.08071614009252,44.349961347041869],[-121.08052948275289,44.349848953313575],[-121.08041868993564,44.349744663545117],[-121.08011975396528,44.349282128274666],[-121.08011435778538,44.34926108975435],[-121.08004873675219,44.348269527137916],[-121.08005070585929,44.348225436756742],[-121.08003631305178,44.347755947139802],[-121.08008057663911,44.347556279006227],[-121.08012390328359,44.347360814693452],[-121.08009564318306,44.34721868055383],[-121.08000842844709,44.346780045957026],[-121.07983148908221,44.346251838701193],[-121.07982560691372,44.346199336349976],[-121.07962329463365,44.344393944946276],[-121.07956859441933,44.343782040612254],[-121.07974114281912,44.343097061384107],[-121.07887231832746,44.343148624689341],[-121.07828905928147,44.343170967639246],[-121.07778114014172,44.34317313653289],[-121.07720208251634,44.343066914615591],[-121.07661315150764,44.342838806670066],[-121.07644700719752,44.34270647306149],[-121.07618481142397,44.342402604392582],[-121.07595335240617,44.342268507546166],[-121.0752871411302,44.342114062517737],[-121.07469090951324,44.342038913702879],[-121.07360254934252,44.342033575525583],[-121.073557185319,44.342043585651531],[-121.07348663882313,44.342039577361163],[-121.07247662342331,44.342322663882562],[-121.07207865448107,44.342616079005893],[-121.07155633894058,44.343057457168001],[-121.0711385118407,44.343500598720389],[-121.07088665298113,44.3438929484536],[-121.07056411198005,44.344338644424596],[-121.07051114192099,44.344411837300733],[-121.0700112716862,44.345078688669894],[-121.06995156426252,44.345147751126177],[-121.06955958887988,44.345997526888134],[-121.06923415171032,44.346558565404713],[-121.06706700291831,44.347294319946243],[-121.06441503336745,44.347938131882074],[-121.06265097121985,44.348025261448335],[-121.06214992688696,44.348048272553775],[-121.06055011719749,44.348219181168275],[-121.05901083599186,44.348409104597124],[-121.05822888667299,44.348674904631103],[-121.05755281459017,44.348987513786774],[-121.05696510978184,44.349544701554585],[-121.05636390778638,44.350011627278107],[-121.05574176695995,44.350257622292816],[-121.05505191292403,44.350416931697985],[-121.05410507424152,44.351067021790598],[-121.0537075167277,44.351753473940853],[-121.0534980098405,44.352776237722409],[-121.05364403098993,44.353363916360856],[-121.05410565185824,44.353893953106663],[-121.0551418190126,44.354267217298997],[-121.05592306225563,44.35458569954541],[-121.05682832511017,44.355227872497913],[-121.05745836931449,44.35572314999667],[-121.05761680787607,44.355891978927119],[-121.05767215038578,44.355969066442434],[-121.05768367846582,44.356005840293015],[-121.05769833358137,44.356052578177618],[-121.05764554677864,44.356190124769327],[-121.05745046234334,44.356369182912196],[-121.05725845463787,44.356574733375673],[-121.05720110978341,44.356652364660704],[-121.05689291308079,44.356936532888788],[-121.05670523076341,44.357190594917746],[-121.05648803699232,44.35743343506622],[-121.05630354010097,44.357591080068978],[-121.05613291140097,44.357781116357707],[-121.0559726178183,44.357983065728853],[-121.05591464953301,44.358056095126969],[-121.05582762344324,44.358115638461086],[-121.05579138630297,44.358140431145358],[-121.05561805008068,44.358273821143079],[-121.05543162720136,44.358367559160214],[-121.05533382402311,44.358407427284753],[-121.05519721811618,44.358453555659437],[-121.05508057816472,44.358501101502718],[-121.05480298167396,44.358691021799686],[-121.05441797362467,44.359038189519659],[-121.05402228640325,44.35925654644771],[-121.05362694952481,44.359464187635446],[-121.05321277317822,44.359789414939179],[-121.05286009819093,44.360062095270088],[-121.05266065153661,44.360219479508672],[-121.05261017340419,44.36039012270281],[-121.05264893750532,44.360573005479523],[-121.05266243379414,44.360590551858344],[-121.05267702692593,44.360627080678981],[-121.05283525258682,44.360812001864474],[-121.05308780853905,44.361065939834035],[-121.05313890291578,44.361117311998584],[-121.05316660606083,44.361130249443164],[-121.05363916661265,44.361350938917361],[-121.05397659269802,44.361538914254986],[-121.05434211269555,44.361780960554988],[-121.05477485362579,44.362249250516676],[-121.05486235133108,44.362484275558792],[-121.05490877716329,44.362545935686676],[-121.05516316118711,44.363130955792549],[-121.0556926641482,44.363698151670235],[-121.05594765543317,44.364149072379412],[-121.05609953719153,44.364662147157624],[-121.05623868173745,44.36494612562074],[-121.05629549928086,44.365062084815264],[-121.05651064848637,44.365333722073785],[-121.05660087976509,44.365454864986425],[-121.05670881054982,44.365553815807623],[-121.05676484745725,44.365610147592065],[-121.05677266100356,44.365665658592967],[-121.0567216932893,44.365747858627017],[-121.05664110722179,44.365850319197904],[-121.05662196861466,44.365867747116539],[-121.05655156315427,44.365931862007031],[-121.05647166250134,44.366013569104382],[-121.05644524843871,44.3660578631645],[-121.05637988701864,44.366124701388436],[-121.05631093682901,44.366402221319333],[-121.05619824497325,44.366646840037234],[-121.05609754562653,44.366934768587832],[-121.05608271803445,44.366977162371505],[-121.05590993337775,44.367231476907932],[-121.05579830333068,44.367443955620217],[-121.05561235386348,44.367644448621824],[-121.05539866172536,44.367780157709845],[-121.05494424175239,44.367965358138328],[-121.05467299904561,44.368061935104159],[-121.05403342641108,44.368352298866867],[-121.05370745204901,44.36856037274638],[-121.05363657048149,44.368582041367119],[-121.05362364282625,44.368585993900439],[-121.05334169399791,44.368699440804029],[-121.05326441193402,44.3687416689164],[-121.05317583355543,44.368796177100478],[-121.05316589908669,44.368802288574294],[-121.05306624088739,44.368897500848519],[-121.05296635631265,44.368999630976397],[-121.05285682562835,44.369101597175252],[-121.05279735176664,44.369149038695475],[-121.05272846086585,44.369189395872766],[-121.05262168172126,44.369208342789292],[-121.05253395943716,44.369234535181491],[-121.05239709840869,44.369287578143279],[-121.05232820840617,44.369327935225108],[-121.05224898687959,44.36938888562949],[-121.05222786209734,44.369443902441589],[-121.05224531456668,44.369499579338623],[-121.05226276973099,44.369555252971949],[-121.05226989337119,44.369631519175236],[-121.05225772389402,44.369707457138489],[-121.05221685234523,44.369775982629548],[-121.05218706061714,44.369816293782051],[-121.05201996678775,44.369914183464779],[-121.05201038715359,44.369919793943673],[-121.05184219378629,44.37003483464968],[-121.05171845175423,44.370161352259196],[-121.051562350609,44.37036234710822],[-121.05154269726719,44.370401501351616],[-121.05149970479603,44.370449045204403],[-121.05146870483387,44.370510817672148],[-121.05147204027854,44.370542296902293],[-121.05147605484954,44.370580164810228],[-121.05146388537239,44.370656102185691],[-121.05146291070031,44.370657096866019],[-121.05140471064968,44.370716599139307],[-121.05140394977666,44.370717378700803],[-121.05135434750159,44.370758066142955],[-121.05124641581851,44.3708116021742],[-121.05115867736471,44.37084121774803],[-121.05099055765929,44.370931412874903],[-121.0508668084407,44.371057927263436],[-121.05077471046282,44.371131389218412],[-121.05057841689515,44.371192351230874],[-121.05041377187325,44.371200259797753],[-121.05022017594635,44.371196953431308],[-121.05014493665144,44.371195667871817],[-121.05003775685825,44.37122242830899],[-121.04990383781232,44.371255865032282],[-121.04955854607837,44.371303561662138],[-121.04936903838436,44.371315827751118],[-121.04903438629661,44.371337485078264],[-121.04869051659573,44.371342327426163],[-121.04845140303341,44.37138526961423],[-121.04825454352709,44.371420627513011],[-121.04787724481956,44.371532086016643],[-121.04770832741016,44.371668544455673],[-121.04755505326312,44.371783832157938],[-121.0474814542919,44.371817237096288],[-121.04745871883037,44.371827556137461],[-121.0473729800264,44.371866470528857],[-121.04716067937869,44.371959310291523],[-121.04684133458339,44.372125351837497],[-121.04664969967875,44.372228937174249],[-121.04647611282653,44.3723227645931],[-121.04641528250872,44.372347853063928],[-121.04605185738244,44.372497729339599],[-121.04556714531975,44.372693093757604],[-121.04550819068427,44.372715464613947],[-121.04498417822624,44.373004422185339],[-121.04483796663396,44.373121927054669],[-121.04472041129924,44.373198957225966],[-121.04420525892485,44.373598545078671],[-121.04412441144757,44.373707915790263],[-121.04391563399241,44.373891238572483],[-121.04373671653725,44.374047386846172],[-121.04357639690345,44.374224616921495],[-121.04337038176777,44.374324918681531],[-121.04319468836619,44.374384208545045],[-121.04296158004152,44.374428667716494],[-121.04274730310017,44.374487297394609],[-121.04246435265031,44.374579356702995],[-121.04189498784683,44.374867248185474],[-121.04115130496244,44.37517291591228],[-121.0409477197696,44.375256774614634],[-121.04051016386944,44.375408050910202],[-121.04000921835124,44.375656038297308],[-121.03902575176134,44.376259585096655],[-121.03876386680489,44.376458493445952],[-121.03829996421572,44.376799129335105],[-121.03821231469516,44.376863485237607],[-121.03818303500678,44.376895161380602],[-121.03808948175816,44.376996367743352],[-121.03745822303159,44.377679254426461],[-121.0370559888884,44.378072719821958],[-121.03646028009089,44.378605571894077],[-121.03584894330238,44.379009524120811],[-121.03526324802534,44.37924241066515],[-121.0348217440295,44.379334855431679],[-121.03435630621955,44.379403496141386],[-121.03430104904982,44.379411645009249],[-121.03402596424854,44.379406908624389],[-121.03355249819488,44.379411798458619],[-121.03294098264165,44.379468790422266],[-121.03142155689874,44.379928768355903],[-121.03034574349762,44.380144294350686],[-121.02976006349193,44.380179208448347],[-121.02861174706423,44.380123381194245],[-121.02754246800852,44.380307485797509],[-121.02695543244505,44.380265834228176],[-121.02532381610632,44.380350172943267],[-121.02450882585302,44.380484627586362],[-121.02327606958525,44.380886434663068],[-121.02272358412594,44.381146958211886],[-121.02206341851185,44.381459631037572],[-121.02100992914386,44.382035571566689],[-121.02038872615859,44.382425436161384],[-121.01999544821878,44.382733719791624],[-121.01956670658818,44.383162927038505],[-121.01913237294495,44.383781095685556],[-121.01875519910323,44.384472277383296],[-121.01863071955432,44.384789719758295],[-121.01855238466489,44.385414060573325],[-121.01838477520255,44.385870300431819],[-121.01833678989505,44.386292603384199],[-121.0183078012608,44.386593698427042],[-121.01837651070197,44.387162071067181],[-121.01813133261314,44.388242663797904],[-121.01808063708837,44.388768453716203],[-121.01801427943666,44.389456021477734],[-121.01816396840739,44.389787223639217],[-121.01847233129834,44.390067163216543],[-121.01888821354565,44.390276941292925],[-121.01911557175418,44.390352907047891],[-121.01968750034948,44.390542883912659],[-121.02122099370978,44.390934078400662],[-121.02180369130868,44.391200755598526],[-121.02215713705051,44.39151747527827],[-121.02252715940423,44.392181090710217],[-121.02288075067311,44.392610349366386],[-121.02309317977993,44.392780578527955],[-121.02491965148359,44.393843006695434],[-121.02567499989023,44.394157663818511],[-121.02712888005843,44.394867004964468],[-121.0277449033578,44.395381804287695],[-121.02820451289818,44.396114470713336],[-121.02860179822248,44.397044121680636],[-121.02926293761033,44.398203396999897],[-121.02949399687783,44.399152685620038],[-121.02955180795794,44.39993243130656],[-121.02941894982237,44.400780909324261],[-121.0289582784733,44.402042362807364],[-121.02870559316365,44.402321592339938],[-121.02821139309496,44.402664174479213],[-121.02668621364265,44.403299543039076],[-121.02543929453608,44.403665117696953],[-121.02452289706363,44.403887844341156],[-121.02358034783661,44.404024587407712],[-121.0227875747169,44.403862318856298],[-121.02258303191995,44.403759747022221],[-121.02133194642713,44.402873804072229],[-121.02093274409802,44.402655322234523],[-121.02075472765311,44.402557706140513],[-121.02017281248679,44.40238106821095],[-121.01930469407094,44.402289492891192],[-121.01887109075804,44.402299977279689],[-121.01810674302887,44.402412756860507],[-121.01786286659889,44.402476046182336],[-121.01768661803848,44.402517638947948],[-121.01745605913258,44.40258860593039],[-121.01677829462378,44.403000818066189],[-121.01648177512153,44.403203332890811],[-121.01618788408979,44.403328018414399],[-121.0158083827132,44.403485825485646],[-121.0154174026639,44.403626126889385],[-121.01494168902539,44.403773608195472],[-121.01462395940098,44.403889220315442],[-121.01328234977865,44.403943758033037],[-121.01271252773269,44.403855087286026],[-121.0124979247029,44.403821692925241],[-121.01194457506429,44.403714608658085],[-121.00966883971736,44.403076284680012],[-121.0077283879738,44.402920914021259],[-121.00714077838691,44.402820633013363],[-121.00629602425329,44.402526800558164],[-121.00537445607803,44.402114583798856],[-121.00440366561511,44.401904063874824],[-121.00307640298621,44.401813346539271],[-121.00243822633361,44.401815689115892],[-121.00220937422679,44.401852198642302],[-121.00114765359585,44.402261260251372],[-121.00092323647158,44.402351863294527],[-121.00012155475919,44.402499885636601],[-120.99979705543082,44.402602239544557],[-120.99781821238696,44.402423534527344],[-120.99705848738824,44.402261672284979],[-120.99647553017618,44.402048887980712],[-120.99595006065076,44.401715569231442],[-120.99589504961938,44.401654155720699],[-120.99560071571823,44.401445582662532],[-120.99544922293039,44.401287173206761],[-120.99513831780719,44.400849077544066],[-120.99502803433471,44.400544295438308],[-120.99485365786335,44.399996110971848],[-120.99475632989387,44.399665597499208],[-120.99477849133193,44.399017031908784],[-120.99480817256723,44.398547809384553],[-120.99358333854195,44.399337788752447],[-120.99251747488094,44.400120321323705],[-120.99183385335645,44.400625974780034],[-120.99076790166055,44.401318449766755],[-120.99012710282565,44.401713006512352],[-120.98995168790184,44.401821012219884],[-120.98946422879098,44.402083975135305],[-120.98906037318871,44.402234073727406],[-120.98863757301538,44.402355254544148],[-120.98821281092151,44.402533565708417],[-120.98795135446144,44.402600418135485],[-120.98752854889821,44.402721591775425],[-120.98714509942593,44.402857751613489],[-120.9869200561759,44.403025286901176],[-120.98675282670092,44.403251007346277],[-120.98671879941627,44.403454082865686],[-120.98670268813167,44.40355025537815],[-120.9869099231795,44.404482881548169],[-120.987460292208,44.40529292959571],[-120.9875421709512,44.405360476465837],[-120.98787061118875,44.405818419367222],[-120.98806508836292,44.406235975728315],[-120.98818467838176,44.406823266911111],[-120.9880200486312,44.407779171231887],[-120.98770428182567,44.408930477975737],[-120.98747287041859,44.409475575487157],[-120.98727163432024,44.409737687091983],[-120.98726756944357,44.409748600736251],[-120.98686348746585,44.410484653224337],[-120.98668544856304,44.411024605212233],[-120.98666976128322,44.411481668923884],[-120.98665750736444,44.411838749067542],[-120.98664868231509,44.412095848116074],[-120.98643519499289,44.412506546901255],[-120.98603010061383,44.413271162267833],[-120.9858010904035,44.413552960719905],[-120.98525894006154,44.414243695849301],[-120.98511065066603,44.414416013571142],[-120.98501700848416,44.414524829344451],[-120.98482279361808,44.414750507341019],[-120.98402695634492,44.415279548400626],[-120.98335902299857,44.415567882656369],[-120.98199114124746,44.415915301595085],[-120.9815074595524,44.416063963343369],[-120.98100199910158,44.416156275523257],[-120.98044748883962,44.416387338299565],[-120.98006067158335,44.416677594575923],[-120.97987123485623,44.416935326820408],[-120.97966495831079,44.417431338159894],[-120.97945505257161,44.418237882003382],[-120.9791535797589,44.418876252261242],[-120.97877143643704,44.420580032510586],[-120.97857801029174,44.421089771197124],[-120.9780307593156,44.422092908970782],[-120.97765776982646,44.422549951616226],[-120.97752509584555,44.422616602808802],[-120.97738749550358,44.422779682886613],[-120.97705776798021,44.423088260781213],[-120.97661239583877,44.423280454470664],[-120.97624723786231,44.423459777749237],[-120.9758407358232,44.423681240203088],[-120.97535303057398,44.423944136921385],[-120.97511160564642,44.424176801041838],[-120.97510547554293,44.424182709134982],[-120.97509581865363,44.424208692163134],[-120.97497355794346,44.424537666454135],[-120.97490566147765,44.424719400672501],[-120.97488781374959,44.424767176918969],[-120.97481005018871,44.425427444881066],[-120.97477994315196,44.42559996444907],[-120.97471453052792,44.425745898769428],[-120.97458758600186,44.425925353057423],[-120.97444618488794,44.426173775006141],[-120.97441890754433,44.426210561226767],[-120.97437423522356,44.426299223743626],[-120.97433949916815,44.426727362806041],[-120.97411698737058,44.427395129180567],[-120.9739795622001,44.427932163945435],[-120.97383565478654,44.428190030051745],[-120.97354573610501,44.428535997955713],[-120.97319066980242,44.428835795974848],[-120.97237753277356,44.429348033808957],[-120.97135966340323,44.429672074297969],[-120.97008445904333,44.429951789043017],[-120.97007947519015,44.429953115009212],[-120.96887262364021,44.430246074534665],[-120.9680504271017,44.430374360175165],[-120.96708671715984,44.430557291864346],[-120.96652562134854,44.430633050721404],[-120.96604673575878,44.430638811261829],[-120.96544874613876,44.430628157469037],[-120.96473661568044,44.430458254614642],[-120.96418296151293,44.430319757295123],[-120.96384559112316,44.430270864904593],[-120.96334528610375,44.43031910939122],[-120.96290527510794,44.430354134682617],[-120.96214832680174,44.430326334481904],[-120.96147557758717,44.43017140763461],[-120.96098372032472,44.429976829719934],[-120.9605521561875,44.42976903700179],[-120.96010066562063,44.429560884947861],[-120.95989150907639,44.429557148225555],[-120.95988140841935,44.429556967323279],[-120.95986630953604,44.429585345237399],[-120.95975336255876,44.4297976399776],[-120.95972683890167,44.4298333975266],[-120.95952042850725,44.430221989151846],[-120.9590019290101,44.430928451528061],[-120.95886510840582,44.43138515182585],[-120.95887900713988,44.432362206029062],[-120.95853988234035,44.433058366363284],[-120.95785828202524,44.434004985372574],[-120.95728744667963,44.434476431507086],[-120.95685065075421,44.434977282491303],[-120.95637522637325,44.435391910980492],[-120.95631856962828,44.435507934615565],[-120.95488613673749,44.436814717945566],[-120.95460313059203,44.43727329840705],[-120.95452473641383,44.437899368382993],[-120.95517263283779,44.438196811247153],[-120.95649549911168,44.438682197045651],[-120.95691976982711,44.438941091981981],[-120.95718892125592,44.439106621533398],[-120.95849261658334,44.439467527539563],[-120.95989632494462,44.439843710380003],[-120.96048846383721,44.439866639871362],[-120.96097451438968,44.439886212349734],[-120.96162354628414,44.439656074967715],[-120.96228303636511,44.43963738560177],[-120.96267068635969,44.43962763203244],[-120.96346537468757,44.439658398069781],[-120.96374859732698,44.439669795507328],[-120.96402862016735,44.439752740180175],[-120.96418286179994,44.439798631294465],[-120.96510943538797,44.440323796891356],[-120.96597273613892,44.440726289191737],[-120.96619009160678,44.440714353846673],[-120.9663442236449,44.440707074882027],[-120.96654481026133,44.440738429774292],[-120.96678071773638,44.440776681988851],[-120.96724943529546,44.440804019277422],[-120.96789149895825,44.440843378459817],[-120.96845997532793,44.440869804325828],[-120.96873340363581,44.440883436712355],[-120.9699029903728,44.441219322190193],[-120.97037484305218,44.441677844994068],[-120.97053544475699,44.441833225566597],[-120.97091473143624,44.44220239274653],[-120.97147458667416,44.442599083883387],[-120.97203030337351,44.442854064612519],[-120.97257020972391,44.443103253491486],[-120.97312964904184,44.443314775045955],[-120.973569692377,44.443482279091675],[-120.97436020264048,44.443675596695748]]]},"properties":{"huc12":"170703051004","name":"Lone Pine Creek","tohuc":"170703051006","areasqkm":63.170000000000002,"states":"OR"}},{"type":"Feature","geometry":{"type":"Polygon","coordinates":[[[-121.08457961626308,44.337506957137791],[-121.08426022206045,44.337632609503061],[-121.08397128703417,44.337842141737397],[-121.08390193170432,44.338017934848118],[-121.08382657832335,44.338208927036931],[-121.08380029631309,44.338506236356146],[-121.08379215308504,44.338756211713729],[-121.08371882899829,44.338969360368985],[-121.08359690695298,44.339145966061096],[-121.08349118332889,44.339334752130668],[-121.08344486080293,44.339376374983907],[-121.0832797971661,44.339524695992466],[-121.08340694560975,44.339679682388066],[-121.08352503903529,44.339823631827912],[-121.08368392046634,44.34004067837855],[-121.08377791748272,44.34072112855614],[-121.08378441948875,44.341030899301948],[-121.0837762753624,44.341280874175354],[-121.08375115487377,44.341542473345832],[-121.08371255246939,44.341708565126304],[-121.08374114674319,44.341852355394671],[-121.08376959010003,44.341995362796915],[-121.08384127565971,44.342341958061134],[-121.08406176984114,44.343215090089785],[-121.08440807667139,44.343792583020779],[-121.08478640305161,44.344406341301422],[-121.08481955627549,44.344434848539812],[-121.08483672757215,44.344465144291163],[-121.08505637823552,44.344702903529893],[-121.08519813598062,44.34480431199038],[-121.08633191227712,44.345480528584133],[-121.08679391133616,44.345596302742472],[-121.08725665420026,44.345761604429462],[-121.08844000761897,44.346240563743791],[-121.08916139431801,44.346482211347038],[-121.08967372418579,44.346666339473536],[-121.0901869721318,44.346773956597282],[-121.09064967906328,44.346916735503839],[-121.09126461450282,44.347008038352058],[-121.09147009334427,44.347006973248291],[-121.0916753871328,44.347059918776004],[-121.09270128295017,44.347149078350789],[-121.09347087055242,44.347283465318817],[-121.09531922880964,44.347714936014093],[-121.09608906704182,44.347817800710082],[-121.09649846075784,44.347815621709998],[-121.09726637390035,44.347711377788031],[-121.09753403771906,44.347630308118781],[-121.09801848388042,44.347368287719313],[-121.09819668717491,44.347240714242815],[-121.09848738020423,44.346907942922911],[-121.09909711170333,44.346359909484889],[-121.09963198658981,44.34608972026745],[-121.10046237127212,44.345846950031159],[-121.10090963346892,44.345764358468585],[-121.10167763015478,44.345705100023594],[-121.10193346226286,44.345722856427862],[-121.10259978133666,44.345679909561234],[-121.10326577881358,44.345695474045861],[-121.10500595924935,44.345566808029233],[-121.10563145438506,44.345379118081318],[-121.10663887545033,44.344945674649615],[-121.10730316882315,44.344794632543298],[-121.10781613559647,44.344789627394192],[-121.10808549543442,44.344825599444619],[-121.10884287852518,44.345022702042307],[-121.1092539592773,44.34518706098541],[-121.10971620806799,44.345320751569986],[-121.11017819275399,44.345413925062161],[-121.11069188446776,44.345557467905103],[-121.11151336504901,44.345688092030002],[-121.11259013066429,44.345804921910243],[-121.11392236546831,44.34580442082585],[-121.11452893399928,44.345863952839345],[-121.11454101813651,44.34511279237536],[-121.11450731424534,44.344436499587353],[-121.11444114074827,44.34419691347199],[-121.1142990326602,44.344022319683774],[-121.11421355975756,44.343808911222652],[-121.11431219567406,44.343611794264831],[-121.11432196575109,44.343307211394333],[-121.11419830905898,44.343132923330096],[-121.11409481056182,44.342905967550131],[-121.11402250606291,44.342282036998164],[-121.11404501425068,44.341580172399915],[-121.11411735917378,44.341051376689272],[-121.11418715557642,44.34060203924642],[-121.11433298268972,44.340260298529955],[-121.11449082117674,44.340006909666656],[-121.11496670280019,44.339028939800443],[-121.11529825839514,44.338003574300288],[-121.11551094531843,44.337286846718719],[-121.11579661856194,44.336224711418829],[-121.11610115732471,44.335577021046554],[-121.11648155162673,44.334935081919788],[-121.11699846649573,44.334362915152845],[-121.11780589203602,44.333899066589751],[-121.11828287499402,44.333618830869696],[-121.11833702813428,44.333538919506665],[-121.11845958888175,44.33343815467336],[-121.11855522891679,44.333333732900215],[-121.11867059056557,44.333189885757534],[-121.11889090598228,44.332650275270858],[-121.11899374242107,44.332320725835764],[-121.11905883075329,44.33201705265661],[-121.11908490165945,44.33177898622948],[-121.11909336917932,44.331514130635433],[-121.11909929626356,44.331328732742932],[-121.11919874335879,44.331105124719386],[-121.11927973815975,44.330881211903197],[-121.11968945347263,44.33050409814696],[-121.11983128308295,44.330373555856951],[-121.12012901171757,44.33029895747007],[-121.12044307531731,44.330290877594997],[-121.12081163970534,44.330310193082674],[-121.12162214736537,44.33036327835098],[-121.12210056493285,44.330410897104144],[-121.1223541305915,44.330374804399682],[-121.12270193940488,44.330279427997553],[-121.12327706240936,44.330140329154368],[-121.12373817752614,44.329864313358577],[-121.12408635195384,44.329442390698439],[-121.12416643676143,44.328971049695582],[-121.12416770158936,44.328021259333468],[-121.12448997579081,44.326320489345981],[-121.12480151332797,44.325353879948722],[-121.12481035903855,44.32531451951894],[-121.12484188900672,44.324904293044796],[-121.12488975753325,44.324560584951293],[-121.12490368231846,44.32412357319658],[-121.12489747226491,44.323739225295306],[-121.12479733885684,44.323406336007331],[-121.124552160768,44.322991564752122],[-121.1243954200223,44.322697496161936],[-121.12427346743429,44.322470245989365],[-121.12415446940523,44.322150298120548],[-121.12409376844485,44.321738556574502],[-121.12411685784258,44.3215931880451],[-121.12412150033599,44.321447518379991],[-121.1241081190315,44.321288299278713],[-121.12410417632572,44.32127460688239],[-121.12405826792312,44.32111523370979],[-121.12395012064438,44.321033958880719],[-121.12387748736208,44.320990248412194],[-121.12376903465615,44.320924984711894],[-121.12360766129852,44.320776585810719],[-121.12357160561794,44.320721712898106],[-121.12350204816718,44.320615852634525],[-121.1234329066364,44.320468967780101],[-121.12332771930653,44.320294992951048],[-121.12303764611477,44.320131227495416],[-121.12279953417398,44.320074314698935],[-121.12275990319858,44.320063029566022],[-121.12230571139767,44.319933698664485],[-121.12211040957007,44.319691989846042],[-121.12189454979718,44.319516191932749],[-121.12154914757045,44.319351514231919],[-121.12145445076645,44.319119585679317],[-121.12145329643133,44.319116759048029],[-121.12142932398964,44.319058046325111],[-121.12152578059327,44.318927135996901],[-121.12182471746195,44.318812804769557],[-121.12199365463427,44.318739470035183],[-121.12203057988403,44.318723443354443],[-121.12223686451429,44.318620836758953],[-121.12233672034296,44.318485303689954],[-121.12238992126903,44.318451105443124],[-121.12252326629151,44.318320800485701],[-121.12264196518156,44.318071006678103],[-121.12275892672986,44.317785334380879],[-121.12278206643327,44.317728813941187],[-121.12290118573492,44.317465777450238],[-121.12318884784843,44.317126009418288],[-121.12347186028205,44.316931914872534],[-121.12401268111739,44.316755303986348],[-121.12407865878177,44.316741598962977],[-121.12440243406803,44.31661834809055],[-121.12557651687302,44.316074935017987],[-121.12567664668785,44.316031564722032],[-121.12603229689535,44.315777979900666],[-121.12605567465231,44.31576861639185],[-121.1263550067797,44.315641028794012],[-121.12671178257627,44.315448137060791],[-121.12703082194437,44.315281122471859],[-121.12729452598927,44.315113199841427],[-121.12735653669336,44.31504961104563],[-121.1274824688181,44.314983291120747],[-121.12794242331152,44.314743397621307],[-121.12858196540334,44.314274472277141],[-121.12920095583806,44.313774279656293],[-121.12982042507484,44.31325862538062],[-121.13067913902798,44.312669561904031],[-121.13087631743622,44.312564536868251],[-121.13126037327132,44.312679074389294],[-121.13171925697297,44.313150526369654],[-121.13201279227184,44.313402763727396],[-121.13224714296652,44.313483921215948],[-121.13275743186198,44.313693308329206],[-121.13295314152472,44.313634649956988],[-121.13330444478457,44.313423886462303],[-121.13363911843186,44.313058204067111],[-121.13416021406019,44.312247087476187],[-121.13425857149898,44.31186207490687],[-121.13428891479265,44.31158420478959],[-121.13420672613067,44.311459145837873],[-121.1338887225201,44.31129930054815],[-121.13383002120955,44.311112764652741],[-121.13381731364152,44.310834190336763],[-121.13395529307253,44.310558081130281],[-121.13433006032758,44.310285839025923],[-121.13464710094419,44.309796145502204],[-121.13474642946181,44.309380220602385],[-121.13457717877743,44.308604216277978],[-121.13455861419374,44.30783067531145],[-121.13374511694046,44.306317301425345],[-121.13308911501771,44.305950888184015],[-121.13226435648399,44.305473458935559],[-121.13109276740224,44.305067670271654],[-121.13045144844281,44.304917990539849],[-121.12955380689516,44.304702247601355],[-121.12820809376861,44.304355436318005],[-121.12780012028907,44.304317817480587],[-121.1272634882979,44.304262623813145],[-121.12683399028585,44.304224650051182],[-121.12649255412106,44.30412626042051],[-121.1262377092615,44.304013825120592],[-121.12594276809921,44.303807942506758],[-121.12569284421075,44.303540940701282],[-121.12566797794537,44.303494070950144],[-121.12559102646149,44.303120669943361],[-121.12552695861542,44.302814873872393],[-121.12554002550954,44.302404342865209],[-121.12564108058913,44.30212775490704],[-121.12581589543836,44.301852378150372],[-121.12602548407226,44.3016438218513],[-121.12628702227902,44.301542115670244],[-121.12656573447738,44.301480437660466],[-121.12693665155314,44.301420273620472],[-121.12726941987371,44.30139923207161],[-121.12774087280282,44.301658708835355],[-121.12817923539009,44.301798394670648],[-121.12849188414327,44.301830018173241],[-121.12868983061107,44.301812000962926],[-121.12875690062681,44.301794523781496],[-121.12890010106626,44.301757209965629],[-121.12927311840313,44.301630823703277],[-121.12971863517339,44.30154537260578],[-121.13038879993489,44.301357599626179],[-121.13063356839194,44.301202609044125],[-121.13078613736147,44.301046107866135],[-121.13100243012232,44.300625654663186],[-121.13109089980475,44.300163356852309],[-121.13130135261794,44.299345312635772],[-121.13141413879683,44.298697917134255],[-121.13147790930051,44.297850970300374],[-121.13150390744315,44.297612898315826],[-121.13152382129638,44.29749668352634],[-121.13154918792337,44.297348642651201],[-121.13161248681156,44.297097930172981],[-121.13184047833234,44.296889664959096],[-121.13214348187431,44.296642873186649],[-121.13257471632981,44.296424679105527],[-121.13292799408666,44.296337708194095],[-121.13335292775878,44.296318153271621],[-121.13350812160556,44.296292969885833],[-121.13387215489129,44.296233892274515],[-121.13426398384857,44.296094547471668],[-121.13469436939612,44.295902831130121],[-121.13499957920043,44.295760949691157],[-121.1354383936403,44.295689729796322],[-121.1359162587439,44.295558347484011],[-121.13617891445489,44.295423452987507],[-121.13631292962056,44.295270992257002],[-121.13629629731304,44.295116073694771],[-121.13607556328142,44.29452267450619],[-121.1360184843283,44.294369227678594],[-121.13594707724636,44.294196934672208],[-121.13589133498633,44.294062433125781],[-121.13586194570352,44.293942819568677],[-121.13589379277695,44.293677774517498],[-121.13614278331585,44.293087640061586],[-121.1362539642053,44.292643805754587],[-121.13635496718258,44.292496902328686],[-121.13652864206972,44.292058587610612],[-121.13684225202026,44.291505518038434],[-121.1371199176813,44.291172434320657],[-121.13773572897824,44.290178640763123],[-121.13809983862078,44.2897119208886],[-121.13813221390362,44.289485904282174],[-121.13811948747099,44.28920733022003],[-121.13802068536616,44.288927353011708],[-121.13783581208068,44.288645971994164],[-121.13765191706055,44.28833367715562],[-121.13746851252057,44.288005924974925],[-121.13730516107267,44.287724893864954],[-121.13726847657142,44.287523252951381],[-121.1374675153906,44.287356386546683],[-121.13780103290613,44.287021599626271],[-121.13841672113386,44.286614088632376],[-121.13926958256295,44.286194974493149],[-121.13981289262993,44.286033711891321],[-121.1400539788926,44.285898456618099],[-121.14029750048803,44.285685916397782],[-121.14045690384027,44.28541014356496],[-121.14066226590073,44.28504233297312],[-121.14084366899428,44.284751454920425],[-121.1411307067787,44.284524155560121],[-121.1413077189071,44.284372388723391],[-121.14146223901744,44.284251185004976],[-121.14153020195857,44.284144037085206],[-121.14154970168843,44.283995399199895],[-121.14152815020648,44.283956888852231],[-121.14147910848015,44.283757344357532],[-121.14157838399717,44.283533710668102],[-121.1416932138433,44.283400477331334],[-121.14176983384881,44.283311579696168],[-121.14205345534023,44.283090945027816],[-121.14213262296789,44.282919985532935],[-121.14208274491006,44.282746926440574],[-121.14201485203752,44.282560322328528],[-121.1418769786077,44.282253332322057],[-121.14194480859817,44.281856940531306],[-121.14200845333774,44.281746817684699],[-121.14221792069907,44.281384387663749],[-121.1423720177029,44.28126746548056],[-121.14257693689393,44.281111981331541],[-121.14292018855387,44.280864525148409],[-121.14330804695757,44.280711670973375],[-121.14391357344286,44.280435671559822],[-121.14449921032939,44.280159344780316],[-121.14490588394671,44.279880108431215],[-121.14523301983047,44.279599578684646],[-121.14572326461702,44.279193065173949],[-121.14599254180993,44.278854425572774],[-121.1461786835166,44.278628771731931],[-121.14684604104286,44.277995557820937],[-121.14796141175748,44.277155473454279],[-121.14872135235187,44.276474558670643],[-121.14902232659961,44.275993273144188],[-121.1491337563224,44.275661966697079],[-121.14916547224182,44.275000757431499],[-121.14908474244386,44.274663546003417],[-121.14907676630247,44.274630198901015],[-121.14894251308324,44.274107553311197],[-121.14958569155532,44.272540732294509],[-121.14977192039856,44.272021573692875],[-121.15021118489439,44.271249923653954],[-121.15037230582544,44.270806882763971],[-121.1503822591588,44.270514445773138],[-121.15031589342223,44.270333308967153],[-121.15017252499784,44.270110413443419],[-121.15004391499524,44.26999129015099],[-121.14972158958982,44.269756490012334],[-121.14936213411876,44.269557101842757],[-121.1486430363271,44.269239345289336],[-121.14838563126895,44.269082119536847],[-121.14795916417266,44.268598044751698],[-121.14786775969417,44.268416501929714],[-121.1477870631339,44.268068574485419],[-121.14792905354265,44.267013019373131],[-121.14784929302688,44.266710123680944],[-121.14765304706992,44.266351321678727],[-121.14714968328698,44.265847988058979],[-121.14668649396019,44.265511863389406],[-121.14632579252584,44.265303440503651],[-121.14590363105469,44.265157040598048],[-121.14576589057553,44.265064480071985],[-121.1452746046416,44.265031530229017],[-121.14493733396483,44.26497383836756],[-121.14436533799586,44.26482162282727],[-121.1443629655452,44.264820677815443],[-121.1442225660528,44.26475161535744],[-121.1438108385137,44.264398307469406],[-121.14382853442646,44.263835904185143],[-121.14386061236696,44.263762867460635],[-121.14384424955406,44.263684066540975],[-121.14403529516385,44.263301281137167],[-121.14418298628139,44.263032129174626],[-121.14434830503976,44.262834723437507],[-121.14451227632519,44.262680174804096],[-121.14459628317731,44.262538617127262],[-121.14462065536929,44.262396090255628],[-121.14462739722551,44.262181816158112],[-121.144635650048,44.26215690377623],[-121.14466523067199,44.26206760279787],[-121.14469332278755,44.261982796657783],[-121.14497835463395,44.26177304435074],[-121.14506566189642,44.261713074452487],[-121.14530358878426,44.261549649301649],[-121.14565094394843,44.261255154523681],[-121.14579502922841,44.261100278779431],[-121.14578368530302,44.260828543354279],[-121.14574597582401,44.260477661767126],[-121.1457499769203,44.260351419567058],[-121.14587924269304,44.259972358082031],[-121.14588281169966,44.259961935072624],[-121.14631146439704,44.25977533451934],[-121.14693656966392,44.259634792146592],[-121.14713275543377,44.259591305527309],[-121.14758280959447,44.259685421305875],[-121.14800540225696,44.259692273078947],[-121.14821942228014,44.259608927156236],[-121.14837865674909,44.25951953159376],[-121.14855722655622,44.259420126471589],[-121.14884113550849,44.259055603557201],[-121.14889421875526,44.258809241508793],[-121.14891139723842,44.258730286617805],[-121.14916035992954,44.258495577891836],[-121.14949504884821,44.258247976287315],[-121.14956250424122,44.258198496888632],[-121.14964833018175,44.25808934045007],[-121.14978241811099,44.25791964965935],[-121.14981610493413,44.257846842348506],[-121.14991194259852,44.257641465720624],[-121.14992421538194,44.257250031187503],[-121.15005629198322,44.256883044791536],[-121.15011346256453,44.256838315680831],[-121.15030412639031,44.256690977861503],[-121.15039355277854,44.256267291268422],[-121.15041616427256,44.25597055673714],[-121.15049036870826,44.255751182136379],[-121.15063474324579,44.254866718338441],[-121.15063255674637,44.254686620683067],[-121.1508496112786,44.253506232931045],[-121.15102232047683,44.252991350398389],[-121.15123502536642,44.252549142196365],[-121.15138268773786,44.25203385685392],[-121.1514911332573,44.251445910692176],[-121.15162949087905,44.250052672320379],[-121.15159011951677,44.249934996075261],[-121.1516137434121,44.249480721053082],[-121.15144246253519,44.249000782638717],[-121.15114423892885,44.248599817916073],[-121.15095035823603,44.248416615571351],[-121.15053851391595,44.248144355646978],[-121.15010216175824,44.247979734506636],[-121.1496287720614,44.24787303138131],[-121.14916696434352,44.247721499354824],[-121.14892245280464,44.247555479366994],[-121.14880641382615,44.247436560045116],[-121.14874101288018,44.247300452746806],[-121.14871156790178,44.247016376258294],[-121.14877208560584,44.246684241100034],[-121.14876830639348,44.246355566122624],[-121.14871212036572,44.245800960780301],[-121.14881884111978,44.245068935525467],[-121.14893374462774,44.244736962478825],[-121.14893487740333,44.244700827388918],[-121.14892948122343,44.242971373921975],[-121.14896263893887,44.241914281254623],[-121.14891646732993,44.241484764399587],[-121.14892677190451,44.241156209033939],[-121.14884265186468,44.240668908509328],[-121.1485910517199,44.240450446047149],[-121.14849064252901,44.240388615723283],[-121.14837650797892,44.240318335249192],[-121.14796370515641,44.240168718984336],[-121.14750802574541,44.240118450799521],[-121.14691842998339,44.240085933617024],[-121.14677370959448,44.240077952018716],[-121.14623899640476,44.240012104113099],[-121.14592645365279,44.239835523164615],[-121.14569698260672,44.239545951143519],[-121.14569333544668,44.239346130358747],[-121.14565190334915,44.239282561845961],[-121.14563619720474,44.238985203581223],[-121.14582467273448,44.238691158295502],[-121.14603976354948,44.238496581160369],[-121.14638258311977,44.238322083478387],[-121.14689160808564,44.238163784553734],[-121.1481120439593,44.237557860416921],[-121.14851987011512,44.237456435233753],[-121.1488758365296,44.237286642430952],[-121.14915521258297,44.237138116448143],[-121.14926882341526,44.23700941126134],[-121.14946840302025,44.236584996551741],[-121.14948993204436,44.236247727591454],[-121.14926354581296,44.235330238290757],[-121.14909261617733,44.234890816174044],[-121.14909057700163,44.234706219507444],[-121.14932714563676,44.234075329695514],[-121.1494754592868,44.233713104540989],[-121.14947385669232,44.233564527701432],[-121.14953595902458,44.233380968938583],[-121.14955069588679,44.232386359562383],[-121.1493372858197,44.231554609611123],[-121.14906365359427,44.230996483526233],[-121.14907369316586,44.230776066999887],[-121.14887119583287,44.2297464260296],[-121.14890267998692,44.229041577340311],[-121.14891543516566,44.228756799241935],[-121.14910305909252,44.227589429008262],[-121.14926430758433,44.227120785580908],[-121.14946811735598,44.226530513771102],[-121.15015831993824,44.225695233242384],[-121.15041057046328,44.225259647947013],[-121.15066896546487,44.224814810166365],[-121.15069756512857,44.223901450602725],[-121.1506407969925,44.223672200966874],[-121.15053676489607,44.223248793471967],[-121.15035670388558,44.22259717136064],[-121.15032003735064,44.222463834019827],[-121.15003379547355,44.221959522828072],[-121.14998423631764,44.221853517356585],[-121.14977938270361,44.221413450625143],[-121.14979426509292,44.220938284149092],[-121.1502486940491,44.220520273175502],[-121.15026036585957,44.220509593385074],[-121.15093622414336,44.220129861165269],[-121.15161766366001,44.219661377241792],[-121.15173818702841,44.219578767108707],[-121.15177510509164,44.21953438239013],[-121.15198898587596,44.219278732789952],[-121.15216157110665,44.219066700414032],[-121.15230260121638,44.218894655316234],[-121.15249965206384,44.218398164822389],[-121.15256159090268,44.218033020702144],[-121.15257333457839,44.217964232289567],[-121.15273568709971,44.21759788668674],[-121.15296322946286,44.217212738515151],[-121.15301241761453,44.217172009577418],[-121.15329966560472,44.216934582249046],[-121.15363504263291,44.216806214669184],[-121.15366085302766,44.216796366674885],[-121.15394165470737,44.21670977687765],[-121.1540270216088,44.216655986220943],[-121.15440753987833,44.216562090670855],[-121.15442288400169,44.216561379881774],[-121.15465058177338,44.216550839728342],[-121.15480370769841,44.216523827800103],[-121.15505528628361,44.216581489286526],[-121.15515588501903,44.216701027239793],[-121.15516576109725,44.216861974012915],[-121.15512960929695,44.217065056145131],[-121.15510271822896,44.217172895479251],[-121.15509912856105,44.217287776749721],[-121.15509027746056,44.217571231914896],[-121.15512020663088,44.217682744594001],[-121.15517150582349,44.217875999902859],[-121.15550579050031,44.218016201042985],[-121.15567990915518,44.21810744176156],[-121.15594938757074,44.218197322606095],[-121.15615385760415,44.218214128049688],[-121.15704849338884,44.218255571541953],[-121.15873260457786,44.218120676640375],[-121.1602115953532,44.217887918229557],[-121.16143631978403,44.217754585031201],[-121.16204771136978,44.217593363855478],[-121.16303826207401,44.217064606111322],[-121.16359928871503,44.216655288309603],[-121.16315186841474,44.215993816558871],[-121.16287092120794,44.215442613611401],[-121.16264156784118,44.215149504028886],[-121.16208649074228,44.214786837901471],[-121.16127984404132,44.214366520750254],[-121.16115255276556,44.214300732283903],[-121.16084181472898,44.214103230589963],[-121.16024969470104,44.213747071965891],[-121.15989647174143,44.213457782363207],[-121.15968477476159,44.213226037639814],[-121.15951704761994,44.213040961593812],[-121.15947026066499,44.212791723164365],[-121.15943966494474,44.212626735904813],[-121.15960172371695,44.212260868977971],[-121.15977237128155,44.21161463111649],[-121.15985339213367,44.211341372217049],[-121.15990760276611,44.211158987502628],[-121.16000669502681,44.210960128250264],[-121.16016481378817,44.210644108455675],[-121.1603584070201,44.210255588417056],[-121.16052220672732,44.209844079085983],[-121.16059319878759,44.209498599674198],[-121.16060538353611,44.209107157088781],[-121.16037455783061,44.208756816296066],[-121.16027601174559,44.208692398901007],[-121.15990156339245,44.208445866491701],[-121.15936556561188,44.208276892775707],[-121.15905771116741,44.208114375191762],[-121.15883869291797,44.207912774772709],[-121.15856461153489,44.207444692695248],[-121.15858396214442,44.206823783421079],[-121.15870814884258,44.206528681090155],[-121.15875605330173,44.206196334146114],[-121.15880317442996,44.205863975667718],[-121.15887684167313,44.205608572594564],[-121.15897719337187,44.205425624056282],[-121.15895802242537,44.204835604822343],[-121.1587887313168,44.204544775523104],[-121.15854370504329,44.20432474872549],[-121.1580302648578,44.204032868524834],[-121.15763224471162,44.203877896856483],[-121.15742737852119,44.203825073957546],[-121.15681411574472,44.203774665256667],[-121.15624998811933,44.203603502801982],[-121.15540032289607,44.20298206876646],[-121.15512919697025,44.2026715804802],[-121.15494918087552,44.202524621546175],[-121.1539972047279,44.201924032417331],[-121.15389353195761,44.201787308519798],[-121.15315978174532,44.201212748095678],[-121.15282552311966,44.200995766569491],[-121.15277304623571,44.200922892029773],[-121.15231142087585,44.20067684295055],[-121.15162933008061,44.20020213962993],[-121.1512833888647,44.200084001112231],[-121.15092378247668,44.1999026190446],[-121.15060024434563,44.200513451090373],[-121.15032435734884,44.200999439950351],[-121.15007031468481,44.201428079548648],[-121.1499009499144,44.201713836689642],[-121.14979442229811,44.201914064084065],[-121.14980723856227,44.202145074091206],[-121.1497576749148,44.202447199143641],[-121.14969032642128,44.202676910079539],[-121.14956465121473,44.202847975409298],[-121.14940069879391,44.202960719565475],[-121.1490541045028,44.203142629939563],[-121.14858363522892,44.203437930834149],[-121.14809221634431,44.203761741411341],[-121.14762264269079,44.204028203622833],[-121.14709248306127,44.204308104817109],[-121.14684382849231,44.204563724104197],[-121.14667579682177,44.204806224834265],[-121.14654829983182,44.205034958060885],[-121.14649690811272,44.205394752323862],[-121.14640995029492,44.205609717538451],[-121.14628516711541,44.205751943479797],[-121.14590162511666,44.205832266388697],[-121.14553676897413,44.205956169581547],[-121.14486220246771,44.206363541701748],[-121.14366150168254,44.20692103781456],[-121.14298510081632,44.207386069244663],[-121.14259474509612,44.207682649601914],[-121.14206271517419,44.208020197506087],[-121.14175615699864,44.208202734891024],[-121.14140678601494,44.20847112744557],[-121.14099773365875,44.208724122738268],[-121.1406296732256,44.208948930906487],[-121.1404028279551,44.209147189096768],[-121.1401978449837,44.209288103866506],[-121.14006577467063,44.209661005906518],[-121.13999429302849,44.210020471855188],[-121.13994603103986,44.210279335431252],[-121.1399729580405,44.210698102279622],[-121.13998347102429,44.211001200815268],[-121.1400135771627,44.21131904476028],[-121.14016395424296,44.211638847618417],[-121.14011569494926,44.211897713739603],[-121.14004829525182,44.212127417442055],[-121.13992121058855,44.212341725155355],[-121.13983512413657,44.212527847763717],[-121.13972853992642,44.212728063513254],[-121.13948117982979,44.212940410387439],[-121.13929440750582,44.213139318969873],[-121.13912768108739,44.213338555252108],[-121.1389819087713,44.213509281209838],[-121.13879558829989,44.213693771157303],[-121.13856826692231,44.213906441630186],[-121.13821657559026,44.214246910453099],[-121.13800929383004,44.214459908581482],[-121.13768127939393,44.214685363174141],[-121.13741294633034,44.214926212612916],[-121.13696146384834,44.215250625773173],[-121.13681658894922,44.21539251423966],[-121.13661202728764,44.215519001663225],[-121.13633046473488,44.215543259053248],[-121.13604935223808,44.215553095668007],[-121.13588716051521,44.21560814732927],[-121.13582110559575,44.215794596342185],[-121.13571358983266,44.216023642296172],[-121.13564525858226,44.216282178815725],[-121.13557738098108,44.216526297536227],[-121.13543067890865,44.216725853931479],[-121.13520424237161,44.216909684180578],[-121.13473496156887,44.217161671694093],[-121.13446569605405,44.217431349694451],[-121.13433539362543,44.217746574007528],[-121.13428300028481,44.218135194636481],[-121.1342060056818,44.218667665263006],[-121.1342338049466,44.219057598965918],[-121.1342766411109,44.219606452335221],[-121.1343062630574,44.219938714596822],[-121.13445845114127,44.220200852031709],[-121.13449035121531,44.220461024102086],[-121.13439922611289,44.220805738768568],[-121.13420876889963,44.221119979345225],[-121.13399962672844,44.221390638359644],[-121.13375357637547,44.221559718656962],[-121.13336535595073,44.221784175255756],[-121.13277345511172,44.222106276193394],[-121.13248593223702,44.222317951276047],[-121.13225490441057,44.222645950679805],[-121.13212503317334,44.222946752583901],[-121.13205074878753,44.223392716247211],[-121.13211635275272,44.22385539217165],[-121.13232686575304,44.224176187844996],[-121.1323400763776,44.224392779491495],[-121.13215096394231,44.22466376271187],[-121.13182378044785,44.224860361223421],[-121.13115620463097,44.225036963934926],[-121.1307100850912,44.225188340024864],[-121.13040476928572,44.225327593555825],[-121.13007712046391,44.225538604954934],[-121.12983104046654,44.225707674626797],[-121.12948516482766,44.225860685994903],[-121.12887451974191,44.22613918504031],[-121.12692820110124,44.226785256424535],[-121.1263603831967,44.226977894142429],[-121.12603454178524,44.227131223422596],[-121.12558839260106,44.227282575459327],[-121.12522244680211,44.227435244141255],[-121.12503786996068,44.227562039780238],[-121.12480723829125,44.227875604449132],[-121.12477986123466,44.228105956473911],[-121.12477162009023,44.228365473081475],[-121.12484541130095,44.228568635907294],[-121.12499254276808,44.228989379508057],[-121.12506359052388,44.229279046606706],[-121.12505718014603,44.229480891865393],[-121.12501112621634,44.229667663206321],[-121.1249669012566,44.229796761006924],[-121.12482150533459,44.229953050328724],[-121.12445508163189,44.23012013379099],[-121.12419120421212,44.23021677426182],[-121.12382661037766,44.230326187121214],[-121.12342328657802,44.230391684761948],[-121.12297848217183,44.230499775824711],[-121.12265536265571,44.230566589592819],[-121.12241290915718,44.230620303816636],[-121.12202504716021,44.230830303052691],[-121.12173927600031,44.230984278200303],[-121.12159157410299,44.231212649714692],[-121.12144340957329,44.231455438504135],[-121.12133489129036,44.231713304146908],[-121.12126326591778,44.232072751983289],[-121.1212349546133,44.232331939569974],[-121.1212361942884,44.232923386438188],[-121.12128579836005,44.23325597903866],[-121.12133677954905,44.233545318763838],[-121.12142006685065,44.234080417663016],[-121.12146233258476,44.234643690598226],[-121.12154837501932,44.235092282399023],[-121.12159568748866,44.235496962792439],[-121.12158651209636,44.235785313839955],[-121.12143512620807,44.2361290241926],[-121.12134802825305,44.236343966682881],[-121.12131971425362,44.236603152192266],[-121.12135339928014,44.236805657776387],[-121.12140529854737,44.237066161932624],[-121.12143852543309,44.237283084587624],[-121.1213938270612,44.237426600402642],[-121.12127029074334,44.237525543910159],[-121.12096488959786,44.23766476889687],[-121.12082038031305,44.237792216989533],[-121.12081074049172,44.238094984909054],[-121.12086034725837,44.238427576599072],[-121.12099338146372,44.238660567229736],[-121.12110728335017,44.238864390878476],[-121.12126175315484,44.239054458486521],[-121.12145679177608,44.239230768256462],[-121.12176986812733,44.239481143955061],[-121.12192021107161,44.239800968262401],[-121.12191470619551,44.239973979406038],[-121.12198253888094,44.240364569364154],[-121.1220326109749,44.240682743912387],[-121.12218204123083,44.241031403618784],[-121.12239118340202,44.241395468066173],[-121.12252514916034,44.241599622038748],[-121.12263952086568,44.241789026315658],[-121.12273429402647,44.241963686187759],[-121.12271102676229,44.242064279855207],[-121.12264673254077,44.242193047349851],[-121.12252135198162,44.242349660920375],[-121.12239367892188,44.242578364160593],[-121.12226233534587,44.242922403582654],[-121.12210359045875,44.243496797774554],[-121.12189935937721,44.243608837307598],[-121.1214549116022,44.243702501807327],[-121.12056509527898,44.243918662508797],[-121.12006047385464,44.244011330973549],[-121.11945281476892,44.244188851811359],[-121.11886612595515,44.244337863234009],[-121.11834052347906,44.244459030220071],[-121.11805467686069,44.244612994805678],[-121.11776698869602,44.244824629491944],[-121.11747975957046,44.245021846008981],[-121.11735343757688,44.245207288714909],[-121.11722941976203,44.245320644198451],[-121.11710493841647,44.245448418057414],[-121.11692212676455,44.245517527642846],[-121.11673885607357,44.245601055703531],[-121.11655604442166,44.245670165753175],[-121.11639098797137,44.245811693254474],[-121.11616668133988,44.245923394397209],[-121.11567841105034,44.246131714167682],[-121.11528903988369,44.246384938894323],[-121.11506426972151,44.246511053420932],[-121.11491742032538,44.246710579600645],[-121.11480838281619,44.246982855813961],[-121.11471617614217,44.247356385263643],[-121.11466823036051,44.247600818489637],[-121.11462212792181,44.247787583801077],[-121.11457878780261,44.24788784254855],[-121.11439596537093,44.247956948624505],[-121.11415297198489,44.248025062362998],[-121.11388991832025,44.248092843340402],[-121.11338571461252,44.248171063497658],[-121.11270098905858,44.2482462997149],[-121.11211655052462,44.248323189588078],[-121.11145326506151,44.248355496946679],[-121.11105303685636,44.248320026867447],[-121.11057488608851,44.248211142946786],[-121.11026181512715,44.247960735547359],[-121.11010274055833,44.247914827215496],[-121.10982378311989,44.247852510537328],[-121.1095215359594,44.24789078264557],[-121.10933686120161,44.248017550300048],[-121.1092688344801,44.248261650027757],[-121.10915976912314,44.248533919704933],[-121.10913370360684,44.24872101344527],[-121.10896677327086,44.248920199451163],[-121.10888192020573,44.24906304404842],[-121.10869631658996,44.249218645162919],[-121.10843094167861,44.249358500107988],[-121.10810539042302,44.249497358628211],[-121.10803828177971,44.249712620988809],[-121.10806822711972,44.250030468289879],[-121.10801886379652,44.250318150336128],[-121.10799233295293,44.250519661542924],[-121.10776521818785,44.250717849246811],[-121.10754133825613,44.250815114789631],[-121.10735757439001,44.250913042930264],[-121.1070954271255,44.250951974518358],[-121.10681322048067,44.250990570197679],[-121.10617088642498,44.25099434405611],[-121.10564890415948,44.251000111334982],[-121.10514698127423,44.251006209992056],[-121.10492633707415,44.251002547451897],[-121.10470291528323,44.251085390167702],[-121.10454105953025,44.251125979819278],[-121.10433862058771,44.251180318728274],[-121.10395704500112,44.25118840820717],[-121.10373640169936,44.25118474439148],[-121.10347517880126,44.25119483243143],[-121.10315146010882,44.251276005120978],[-121.1028669322173,44.251386679236347],[-121.10256419996657,44.251439350084098],[-121.10216070997859,44.251504769531621],[-121.10171802739312,44.251540686173648],[-121.1015132672039,44.251667108152127],[-121.10140786966824,44.251824030448006],[-121.10135893573974,44.252097291908356],[-121.10128715945024,44.252456723967008],[-121.10117155076475,44.252930827198945],[-121.10108017682902,44.253275508699353],[-121.10099483418207,44.253432765789896],[-121.10082971934126,44.253574268822831],[-121.10062680518993,44.253643018837813],[-121.09960378398146,44.253625998310476],[-121.09935935508759,44.253737330730381],[-121.09920546739122,44.254153095111967],[-121.09917704469562,44.254412271011496],[-121.09908705057214,44.254713699386166],[-121.09903996088495,44.254929291383462],[-121.09904980013225,44.255246805516734],[-121.09899852878742,44.255592150303762],[-121.09892673363328,44.255951581591319],[-121.09873178574188,44.256395512313112],[-121.09859469294807,44.256912530046229],[-121.0984170133714,44.257443296845132],[-121.09834381504878,44.25784597764693],[-121.09827433664977,44.258133320362852],[-121.0981222887031,44.258491412057772],[-121.09809246463564,44.258793840549195],[-121.09804443800563,44.259038266773601],[-121.09811352563749,44.259385618458381],[-121.09828245472497,44.2597490571981],[-121.09849290124995,44.260069911338832],[-121.09878638803981,44.260305596822562],[-121.09909854271956,44.260584869570707],[-121.0992698065285,44.260876220457661],[-121.0992231758804,44.261077393758903],[-121.09911728876293,44.261248731398425],[-121.09874874054456,44.261473395613031],[-121.09831721144162,44.261783559679515],[-121.09804431583476,44.262154065395542],[-121.09779380534641,44.262452817723791],[-121.09721950070715,44.262832723984765],[-121.09669322629122,44.26296820412383],[-121.09637083081721,44.263006105491513],[-121.09562852505017,44.262993728605245],[-121.09524733573916,44.262987371288872],[-121.0948073597776,44.262936755909479],[-121.09440518132998,44.262958895237986],[-121.09396287603691,44.262980361642356],[-121.09347765103617,44.263087663310479],[-121.09311046556212,44.263269056613993],[-121.0927442125393,44.263421615203001],[-121.09231916837443,44.263529915137006],[-121.0919524446344,44.263696888455975],[-121.09170469377062,44.263909121589755],[-121.09149380168127,44.264222947389221],[-121.09136642596386,44.264437194748041],[-121.09119799005146,44.264679603267879],[-121.09100949026718,44.26492167562796],[-121.09081911839387,44.265221418724032],[-121.09077199007911,44.265437006932693],[-121.0908625016322,44.265741444724895],[-121.09101320749583,44.266046889618224],[-121.09104446707107,44.266321485420029],[-121.09121523590827,44.266627265666244],[-121.09136267819248,44.267033629379867],[-121.09141213583878,44.267366230493579],[-121.09131927968278,44.267754152319469],[-121.09096091925809,44.268281886672959],[-121.09075327368014,44.268494790901194],[-121.09032071959949,44.268833756513303],[-121.09013360232244,44.269032577211242],[-121.08995860601354,44.269476824065002],[-121.08993200420302,44.269678328155081],[-121.08988159793579,44.269994834437625],[-121.08977333297776,44.270238249228647],[-121.08964873844448,44.270365988892763],[-121.0894191488208,44.270636223296599],[-121.08921149066644,44.270849124142742],[-121.08900523208732,44.271018772469752],[-121.08869584242203,44.271273243398859],[-121.08832906029149,44.271440202441937],[-121.08792541758994,44.271505568119593],[-121.08758571247871,44.271456606100685],[-121.08728473553604,44.271451565105401],[-121.08704207901822,44.271505199548983],[-121.08681762057147,44.271616839026692],[-121.08653436828763,44.271684219740308],[-121.08623245440212,44.27170800886892],[-121.08578867677029,44.271772694358056],[-121.08506398516936,44.271832669431561],[-121.08466033617957,44.271898025024356],[-121.08415401963431,44.272033782083334],[-121.08376902865297,44.272142720951429],[-121.08338450479562,44.272237242449229],[-121.08303870461521,44.272375687384901],[-121.08275403748482,44.272486309566389],[-121.08261029625957,44.272584869919804],[-121.08246514737428,44.272726682560389],[-121.0823381902718,44.272926499292517],[-121.08219257066931,44.273082729359629],[-121.08206654691642,44.27325371297637],[-121.08196012170808,44.273439448084297],[-121.08185322308756,44.273639602649126],[-121.08176639103391,44.273840092927948],[-121.08155306451013,44.274225983895903],[-121.08140650167658,44.274411046361962],[-121.08130194676065,44.274539115277939],[-121.08117732527792,44.274666844950985],[-121.0809299606897,44.274864638033478],[-121.08066393360147,44.275018841398271],[-121.0803969695704,44.275201877894297],[-121.08008846115236,44.275427490224772],[-121.07947848171825,44.275662458089762],[-121.07907198147578,44.275814294378982],[-121.07870561436692,44.275966806258907],[-121.07833736618588,44.2761769832289],[-121.07800924485026,44.276387835425382],[-121.0777408551928,44.276614116605423],[-121.07755038001324,44.276913835450188],[-121.07736366158818,44.277098216697439],[-121.07719842367817,44.277239682070423],[-121.0768549303714,44.277306024055513],[-121.07663184185546,44.277374390650451],[-121.07622391239336,44.277569470118031],[-121.07595974481774,44.277665994055759],[-121.07563208072459,44.277862421261901],[-121.07522367335878,44.278071912920225],[-121.07489553226021,44.278282754458132],[-121.07468779505413,44.278495627603512],[-121.07464342097403,44.278624702510989],[-121.0747138012816,44.278928812808168],[-121.07478418158915,44.279232923460782],[-121.07466850553004,44.279366220272919],[-121.0743878089532,44.279447741243082],[-121.07434137773112,44.279515051236409],[-121.07428818399156,44.279595869046872],[-121.07425838687358,44.279676565192638],[-121.07418666358465,44.279842096390738],[-121.07426760358841,44.279954920124901],[-121.07428180235981,44.279974712668249],[-121.07444088411515,44.280179867855836],[-121.07456760496071,44.280360656605204],[-121.0746110924036,44.280551952267714],[-121.07455554956957,44.280729668932757],[-121.0744680347963,44.280871113986422],[-121.0744413530357,44.281180328706256],[-121.07456652069413,44.281408731738033],[-121.07474217816312,44.281614166176894],[-121.07486138819456,44.281729773137464],[-121.07496715493781,44.281832341968553],[-121.07531006883123,44.281992953695635],[-121.07575473759181,44.28208381932523],[-121.07582630187892,44.282055423268346],[-121.07602831232506,44.282061456322232],[-121.07620684799622,44.282014946290687],[-121.0764865654094,44.281844098139345],[-121.07690474554718,44.28148651720349],[-121.07710891644157,44.281422431505604],[-121.07726249871075,44.281420515647788],[-121.07763483692129,44.281507810916494],[-121.0782905190438,44.281865462465582],[-121.07875259625627,44.282035291861547],[-121.07926664190626,44.282119124980156],[-121.07953667817563,44.282123666647408],[-121.07964946255785,44.282125564475159],[-121.07968662765779,44.282112986461556],[-121.07988415820562,44.282046139271237],[-121.08010577168788,44.281859303340795],[-121.08045955699286,44.281686598697675],[-121.08071353228327,44.281524126230075],[-121.08083378615707,44.281395135509797],[-121.08096866909528,44.281325942679281],[-121.08128000900311,44.281438363542847],[-121.0816333083195,44.281789694317055],[-121.0819669417177,44.282235974726092],[-121.08207595856565,44.282452188652933],[-121.08205047785263,44.282725693628706],[-121.08207083277864,44.28311907176731],[-121.08210930941891,44.283465111364045],[-121.08205262392782,44.283678541304681],[-121.08194080343789,44.284057788186153],[-121.08186521918988,44.28434236161246],[-121.08181008508933,44.28450817805745],[-121.08180427209112,44.284686733557173],[-121.08187183618026,44.28480771322679],[-121.08189827270076,44.284855053197468],[-121.08201555854087,44.284999419486645],[-121.08231378394386,44.285533415597278],[-121.08242878896148,44.28603894069844],[-121.08228410809845,44.28644568336],[-121.082260572238,44.287169205462831],[-121.0825079835386,44.287645480089594],[-121.08310165316044,44.288253464896783],[-121.08333469500974,44.288499782635562],[-121.08384642120964,44.288897807293338],[-121.08407510353493,44.289181273756881],[-121.08434550631688,44.289512043561345],[-121.08452944804941,44.289841363401855],[-121.0847088487982,44.290310422211491],[-121.08478155035245,44.29060741872793],[-121.08486128212211,44.290738007056795],[-121.08532872946337,44.291186491899275],[-121.08589399435591,44.291321864884637],[-121.08676992002987,44.291336540362551],[-121.08742380192852,44.291441915240625],[-121.08794323567359,44.291639460235842],[-121.08832720167716,44.291960634125765],[-121.08927336572491,44.293188240152062],[-121.08934158558422,44.293787399831636],[-121.08896875869016,44.294473604999837],[-121.08810698866844,44.295371948026649],[-121.08765062474116,44.295930850146931],[-121.08763633254499,44.29637125772372],[-121.08792762295397,44.296848253063359],[-121.08839820092399,44.29720235150824],[-121.08848356872372,44.297224387916032],[-121.08870885901047,44.297236690726884],[-121.0891031673179,44.297350479550005],[-121.08936372366608,44.297497760459407],[-121.08943464026784,44.297548697121584],[-121.08965516678865,44.297632553106311],[-121.0908174106965,44.29828147832761],[-121.09175557704324,44.29908402287851],[-121.09251957712441,44.299852175715458],[-121.09284658095582,44.300581552246719],[-121.09276102900142,44.301870583074312],[-121.09224251423291,44.302995008576048],[-121.09137862778037,44.303956289818757],[-121.09096704666663,44.304484479476663],[-121.09080608024583,44.30547010450357],[-121.09087635365387,44.30559243893353],[-121.09130372086209,44.305930066186072],[-121.09190683447247,44.306254889155753],[-121.09249008633195,44.306516428566312],[-121.09269238423897,44.306578490206952],[-121.09292185977662,44.306670173429296],[-121.09326094415196,44.306734164082179],[-121.09358477423548,44.306755105363848],[-121.09386636733096,44.306744270874319],[-121.09425556871601,44.306750768096926],[-121.09440541668857,44.306799872342509],[-121.09455325602812,44.306911083477807],[-121.09458695452939,44.307206808713431],[-121.09449600639506,44.307444433595116],[-121.09449242571034,44.307453790718078],[-121.094443651682,44.307623861760561],[-121.09447885575968,44.30787300770978],[-121.09458144336512,44.308045604500897],[-121.09472677371011,44.308234448252961],[-121.09483784141183,44.308307572412161],[-121.09489623909181,44.308346019224373],[-121.09519795355135,44.308382122268149],[-121.09554090786895,44.308481053095264],[-121.09585822067505,44.30870383262225],[-121.09600205083352,44.308939256213918],[-121.09609435183064,44.309116796353514],[-121.09615024500764,44.309175832718203],[-121.09650544785413,44.3095783499923],[-121.09656625930727,44.309647262701084],[-121.09693754648893,44.309963113991593],[-121.09724675918613,44.310146919041763],[-121.09769902050751,44.310523666781478],[-121.09793769479366,44.310837304055426],[-121.09811565105144,44.31125249805703],[-121.09821030922787,44.311395643716388],[-121.09847197140216,44.311980692922226],[-121.09847693998401,44.312457934259243],[-121.09840419351397,44.312866358640854],[-121.09815340544621,44.313424871187017],[-121.09798054263609,44.313685445993485],[-121.09770621241967,44.31389434324312],[-121.09749841592478,44.314164813867052],[-121.09735808560268,44.314400677698345],[-121.09724668282936,44.314768033820705],[-121.09722086524806,44.315016583821098],[-121.09719851696045,44.315231724514263],[-121.09718312432807,44.315707872456009],[-121.09713649637492,44.316123948549276],[-121.0971700727053,44.316624731741371],[-121.09720203655974,44.317007136997475],[-121.09733523695343,44.317354549678221],[-121.09742868599749,44.317761241263874],[-121.09755879079671,44.317979480092248],[-121.09767743039798,44.318310063895993],[-121.0980679873408,44.318933271310357],[-121.09811093040464,44.319375134307379],[-121.09816306053889,44.319484037443885],[-121.09827107396863,44.320071029870043],[-121.09832358409028,44.320143927834224],[-121.09843347499898,44.320915512124657],[-121.09855281259121,44.32139465512325],[-121.09878364458493,44.32271743304026],[-121.09894123513692,44.323080176103339],[-121.09894311351417,44.323264767820419],[-121.09911913569913,44.324222012207684],[-121.09916998753074,44.324445139421556],[-121.09911881500057,44.325113347004098],[-121.0990903105583,44.325482085209288],[-121.09908300366179,44.325708255011065],[-121.09912429113054,44.325970962794656],[-121.09921840402964,44.326139270777006],[-121.0994285936364,44.326309511306214],[-121.09955400204333,44.326475888506167],[-121.09955587143745,44.326478368406541],[-121.09968007700022,44.326742458240354],[-121.09970209380951,44.327088215720799],[-121.09970110656101,44.327343170561896],[-121.09970449051471,44.327675388469167],[-121.09985759308351,44.328299140938931],[-121.10006591149957,44.329252418032731],[-121.1001405444317,44.330316008483258],[-121.09999438314509,44.331128346163155],[-121.09979552848053,44.331678720220019],[-121.09953187024968,44.332196503361558],[-121.09855988143418,44.333625301342593],[-121.09785040729412,44.334401246585713],[-121.09731770453403,44.334874032062025],[-121.09721049150319,44.334953563152737],[-121.09717345486233,44.334990118234316],[-121.09674496116675,44.33541173947485],[-121.09650429621392,44.335669748690052],[-121.09616334244446,44.335949905859444],[-121.09592421001753,44.336160298660531],[-121.09570359186856,44.336311451037304],[-121.0955358099297,44.33636820222933],[-121.09520448610009,44.336350765536451],[-121.09491019082648,44.336214846794206],[-121.0947764963594,44.336149961771575],[-121.09468146448381,44.336103838329912],[-121.09446431473017,44.33614785494273],[-121.09412681947455,44.336320874234531],[-121.09345259971784,44.336643100278302],[-121.09338093392111,44.3366737855658],[-121.09252379740961,44.336999795353641],[-121.09129896068939,44.337393469110751],[-121.09080339877468,44.337513146406195],[-121.09021334038032,44.33776806171366],[-121.08952829592444,44.337911433739521],[-121.08910978430828,44.338023531676491],[-121.0885940749784,44.338062541124849],[-121.0883411498186,44.338031686301342],[-121.08712296871632,44.337883075602257],[-121.08646573430498,44.337681502223738],[-121.08585671067833,44.33752837381563],[-121.08542703390154,44.337473530065466],[-121.08504556431612,44.337467132620482],[-121.08457961626308,44.337506957137791]]]},"properties":{"huc12":"170703051005","name":"North Unit Main Canal","tohuc":"170703051006","areasqkm":46.340000000000003,"states":"OR"}},{"type":"Feature","geometry":{"type":"Polygon","coordinates":[[[-120.85025386599138,44.422042334533685],[-120.85016093527521,44.423323473399606],[-120.85004199024677,44.423676845503913],[-120.84966269458437,44.424299905973271],[-120.84933939181191,44.425023048303487],[-120.84912227349933,44.425334059921603],[-120.8490145214793,44.425598899491256],[-120.84897480785891,44.425650748799903],[-120.84893011218196,44.425806361245243],[-120.84891360653693,44.425863830884047],[-120.84887954152303,44.425982429958815],[-120.84888762815723,44.426061247814509],[-120.84889918318673,44.426173900746939],[-120.8489040242078,44.426221087518002],[-120.84914135910584,44.426547123822324],[-120.84960990778163,44.426913245383773],[-120.85001459971544,44.427151291619552],[-120.85020906790648,44.427265679052859],[-120.85048843946826,44.427430002900749],[-120.85145776477896,44.427949475873262],[-120.85167623325941,44.428105469673234],[-120.85191821783739,44.428338185872931],[-120.85204493329304,44.428495454597069],[-120.85239289032847,44.428978393453875],[-120.85266961994499,44.429591000675565],[-120.85296466261691,44.429703739180745],[-120.85303682428371,44.429712888834608],[-120.85329554267879,44.429745690425058],[-120.85438478948666,44.429956723407592],[-120.85524723414315,44.430461232399615],[-120.85601830845715,44.430737730813902],[-120.85703635928721,44.431078410666643],[-120.85757795536863,44.431267223153085],[-120.85821617424199,44.431541214716511],[-120.8588710038633,44.431815512902297],[-120.85960454566644,44.432210382228888],[-120.85974447713657,44.432475023220825],[-120.85994128993046,44.433002744145689],[-120.86022593729793,44.433401104589073],[-120.86075887990822,44.433827935671715],[-120.86111301914941,44.434144227017981],[-120.8615476133041,44.434533482098018],[-120.86164497810448,44.43467447169445],[-120.86184758682862,44.434967855277456],[-120.86194640779807,44.435247440764726],[-120.86198319111399,44.435351510285919],[-120.86188494057475,44.435766512638835],[-120.86190117942014,44.436541717727017],[-120.86220059868411,44.436243374216872],[-120.86245840798414,44.435892587347183],[-120.86267690431239,44.435586078310919],[-120.86293175276523,44.435316259638817],[-120.86331588765209,44.435075868850355],[-120.86370622899921,44.434880602964022],[-120.86399460976499,44.434746451620526],[-120.86417544242829,44.434632796600702],[-120.86423943751082,44.434557469487665],[-120.86436564452003,44.434240227830728],[-120.8645500938007,44.433811541476686],[-120.86474304024563,44.433365006044042],[-120.86486662147925,44.433119737919043],[-120.86502486420814,44.432785090086519],[-120.86537690767977,44.432368534738437],[-120.86578603998602,44.431872021481183],[-120.86639729143459,44.431496318461171],[-120.86691361431383,44.43120436462732],[-120.86731683301056,44.431085852483896],[-120.86748898166003,44.430994537003272],[-120.86755395051632,44.43089221674434],[-120.86805210407061,44.430251296261766],[-120.86821563338495,44.429938195161633],[-120.86872194543865,44.429343624781332],[-120.8693362826002,44.428675565686802],[-120.87045217882927,44.428122562152204],[-120.8708367170597,44.427978728952368],[-120.87145235228684,44.427854301905377],[-120.8718938221467,44.427876311035533],[-120.87193615435615,44.427878421622644],[-120.87218666664111,44.427943493103562],[-120.87243991878771,44.427933112104945],[-120.87269755291624,44.427802008055664],[-120.87290507003507,44.427618753398768],[-120.87326564480698,44.427411060072821],[-120.87348095211594,44.427189997304545],[-120.87419725884203,44.426650278619192],[-120.87476901136755,44.425967073494213],[-120.87502303965854,44.42565219932245],[-120.87509737614661,44.425572555251804],[-120.87532587611386,44.425333729526564],[-120.87579476435283,44.424890274191661],[-120.87613963118368,44.424694966574904],[-120.87637845189521,44.424563923908927],[-120.87656480111268,44.424461671945132],[-120.87669860607257,44.424388249969496],[-120.87725593524787,44.4241268038841],[-120.87753787509307,44.423905536227572],[-120.87757530878928,44.423844904338566],[-120.87769456283819,44.423651739254922],[-120.87772490523351,44.423395592410913],[-120.87767101979124,44.423137880943706],[-120.87747683546783,44.42268125285959],[-120.87733981723416,44.422391794352357],[-120.87737016052783,44.422135647762069],[-120.87758892096076,44.421913206174395],[-120.87795616662196,44.421663321272646],[-120.87818182072638,44.421590795284388],[-120.87831493308519,44.421511336872982],[-120.87844756664192,44.421476145244625],[-120.87919000176639,44.421338934197934],[-120.87939473680279,44.421280502861087],[-120.87963709777488,44.421211333833284],[-120.88036392467126,44.42092281696312],[-120.88109510839675,44.42051357147524],[-120.8815038993432,44.4202795492671],[-120.88180849559816,44.420013389562683],[-120.88237829338964,44.419404833174397],[-120.88275149937273,44.418988938929473],[-120.88318404986013,44.418679845994852],[-120.88333066749092,44.418624976185185],[-120.88356849556405,44.418535967745932],[-120.88391028566508,44.418406397907432],[-120.88421755800124,44.418275146734217],[-120.88431687124749,44.418232724648476],[-120.88453450339644,44.418040449561111],[-120.88473325205979,44.417787421460829],[-120.88495958888382,44.417353697611937],[-120.88514000203391,44.417024825980484],[-120.88521622318746,44.416663822440086],[-120.88533129378209,44.416394143553532],[-120.88555653016989,44.415990597552486],[-120.88577523670392,44.415768138360257],[-120.88602972762729,44.415570233665349],[-120.88607870197994,44.415532147180272],[-120.88629849278048,44.415279506051462],[-120.88630899049291,44.415239461047449],[-120.88635106578421,44.415078972120369],[-120.88635701352968,44.415018530632899],[-120.886400579126,44.414789764080425],[-120.88656135061241,44.414423622417246],[-120.88671529849591,44.41398533060643],[-120.88698993054626,44.413661806332698],[-120.88777092854922,44.413293628628224],[-120.88781317721535,44.413285937500561],[-120.88858580112324,44.413192640948786],[-120.88919331108863,44.412981461461108],[-120.88920450230044,44.412977572242688],[-120.88920942147493,44.412976959438907],[-120.88944736363412,44.412910478211217],[-120.89007513869402,44.412895064411813],[-120.89092575433487,44.412838747958638],[-120.89130039223255,44.41287717372181],[-120.8914657172791,44.412623643300243],[-120.89220920253413,44.412227733029482],[-120.89303205035122,44.412004336130792],[-120.89357112216669,44.411879232750444],[-120.89369825623729,44.411773250902343],[-120.89382245012193,44.411688697578633],[-120.89405639298151,44.41147469304881],[-120.8943887920945,44.41117062147552],[-120.8946555099872,44.41078292351505],[-120.89477268892782,44.410452870124374],[-120.89497191190164,44.41018473285952],[-120.89523428913488,44.409917757790929],[-120.89536424930533,44.409911698095506],[-120.89546640841438,44.409906935943205],[-120.89569690533651,44.409941385656033],[-120.89611362750861,44.410069871149695],[-120.89655464910915,44.410108197983519],[-120.8971252356214,44.410058307511733],[-120.89765263293147,44.410037817663749],[-120.89818381664041,44.409911692961813],[-120.89821142456407,44.409884619084458],[-120.89838031771893,44.409719000351124],[-120.89853275733107,44.409471847748492],[-120.89853687431003,44.409465171957692],[-120.89855893783172,44.409419233281085],[-120.89867346135233,44.409180774090366],[-120.89891584568063,44.408883222061021],[-120.89930289110897,44.408663834088529],[-120.89939582092683,44.40865227979851],[-120.89972609552419,44.408611217610847],[-120.90010935724857,44.408497462359492],[-120.90018848804532,44.408425741454167],[-120.90030530855812,44.40831985730842],[-120.90036088013824,44.408154744321415],[-120.90037602483559,44.408109748604495],[-120.90004783792297,44.407862102766387],[-120.89976121246525,44.407630320287517],[-120.89920037896202,44.407408593605716],[-120.89864171219526,44.407126501791247],[-120.89793947398483,44.406736057938112],[-120.89745045629698,44.406372188353146],[-120.89698257686609,44.405890597833555],[-120.89690961300377,44.405769283153113],[-120.89686006642427,44.405574810128726],[-120.89678043346927,44.405343772016352],[-120.89679336022624,44.405114435595635],[-120.89688991384791,44.404873137641857],[-120.89718769368649,44.404514001732636],[-120.89755824784287,44.404007659238104],[-120.89785863998229,44.403531533287847],[-120.89801999357702,44.403102364370582],[-120.89832116275917,44.402626251589744],[-120.89874702079771,44.40199938405808],[-120.8991946297442,44.401422429511165],[-120.89967279847836,44.400868541785911],[-120.90002876489287,44.400307904590051],[-120.90013885882082,44.39982156792275],[-120.90044380811368,44.399511172821384],[-120.90132846092067,44.398856298855939],[-120.90171417235082,44.398541239533884],[-120.90214113262221,44.398119555118527],[-120.90261221814033,44.397510761267753],[-120.90304395655073,44.396954932127073],[-120.90351310619944,44.39639978899109],[-120.90388900084019,44.396080042383183],[-120.90403261180971,44.396016803910491],[-120.90475140866577,44.395680509752182],[-120.90519168556294,44.395636166207908],[-120.90605037615987,44.395477176176648],[-120.90651812264011,44.395345958913303],[-120.90693653005168,44.395231310694449],[-120.90822295077622,44.394695709290581],[-120.90924205982162,44.394137724274209],[-120.90984586872806,44.393607074685391],[-120.91008496073083,44.393052274656959],[-120.91010112681269,44.392598238585308],[-120.91010226318151,44.391881812130535],[-120.91019200398007,44.390730149960199],[-120.91033055743453,44.390260880884668],[-120.9112214975502,44.386260026502121],[-120.9119300994261,44.385037244985412],[-120.91282372011453,44.383067004141928],[-120.91342682025021,44.381896817665584],[-120.91431176411132,44.380168014495233],[-120.91466939779897,44.379583942064095],[-120.91508538604747,44.378410326719568],[-120.91513993624311,44.377928101549536],[-120.91554923653433,44.376942281329185],[-120.91640739083704,44.375964653573156],[-120.91695390519463,44.375330329542912],[-120.9174284537182,44.374614150835775],[-120.91767951397549,44.373867049714491],[-120.91793532182906,44.372985803977009],[-120.91826022270439,44.372266894531414],[-120.91885264187133,44.371391784078959],[-120.9192513779748,44.370701063132543],[-120.91949004327783,44.37030272567776],[-120.91965770394413,44.369795710856458],[-120.91968145450191,44.369125000712977],[-120.91969950614755,44.368615259977069],[-120.91969250377993,44.367756067791525],[-120.91956380214916,44.36716311604944],[-120.91943320417485,44.36662382017979],[-120.91938120609295,44.36597857335029],[-120.91944330483192,44.365281714615087],[-120.91949875424112,44.364772656494878],[-120.9196701977131,44.364158327979453],[-120.91991168192946,44.363679503530335],[-120.92035819133807,44.36269434257359],[-120.92056416604956,44.362161179383932],[-120.92072894312381,44.361734647907682],[-120.9208610682341,44.361173291601808],[-120.9211773210282,44.360695826809575],[-120.92149831602867,44.360084217258304],[-120.9217426137685,44.359524902957851],[-120.92217862546472,44.358834846198796],[-120.92253794079858,44.358197086060152],[-120.92331995928768,44.357244863999242],[-120.92408963312818,44.356641406429596],[-120.92508554497803,44.35598836447933],[-120.92591955615914,44.355681366611158],[-120.92697696936833,44.355405266784821],[-120.92746969799659,44.3552262917664],[-120.92811766898069,44.354889054796772],[-120.92854317038807,44.354494089267753],[-120.92889766176884,44.35399044985607],[-120.92914753355504,44.353270144645897],[-120.92961891102564,44.352634394206234],[-120.92992559945689,44.352425187191891],[-120.93038279252919,44.352191863199536],[-120.93072969943404,44.351902845351816],[-120.93100182069315,44.351612474569635],[-120.93169750569356,44.350980778062805],[-120.93208933914239,44.350477804138762],[-120.93281955717899,44.349927263501279],[-120.93317209831729,44.349477267562072],[-120.93393874124202,44.348954225590454],[-120.93465761175992,44.348725619580051],[-120.93560081046891,44.348501064209181],[-120.93677021754283,44.34822689755029],[-120.93782274212019,44.348084836816184],[-120.93929311625534,44.347762386502524],[-120.9406783615426,44.347733688806329],[-120.94150654086091,44.347587548302194],[-120.9423356544271,44.347414571893083],[-120.94316758061846,44.347161102815477],[-120.94422664043952,44.346831180750925],[-120.94513707489516,44.346471725954224],[-120.94590263534995,44.345975429775294],[-120.94697852151458,44.345162558977847],[-120.94842075053357,44.344571026399507],[-120.94918906522302,44.343994220833963],[-120.95013868329303,44.343581738345101],[-120.95028731135342,44.343513047944597],[-120.9510892230345,44.343142420597104],[-120.9520294716761,44.342998214617609],[-120.95277624656168,44.343038451040826],[-120.95302860757947,44.343311434816577],[-120.95369993925259,44.343754664390531],[-120.95361600067243,44.343952247919113],[-120.95359270466216,44.344159552735967],[-120.95371244200469,44.344415580747281],[-120.95391857751464,44.344961662044994],[-120.95398503308272,44.345095536234375],[-120.95399371709655,44.345113030072071],[-120.95400697892511,44.345194049901707],[-120.95381291946751,44.345225190688502],[-120.95377622867807,44.345234967712642],[-120.95359387965854,44.345309100616987],[-120.95331025457388,44.345446938386061],[-120.95296542367566,44.345626551639569],[-120.95272060760793,44.345793666781823],[-120.95251211851193,44.346061477865632],[-120.95232601812778,44.346258226836319],[-120.95216081435377,44.346426766968435],[-120.95195480820125,44.346623162674014],[-120.95176472109387,44.346934177405736],[-120.9515970280882,44.347174132635203],[-120.95140693918418,44.347485145728378],[-120.95133577644403,44.347812585756309],[-120.95142335589601,44.34815716485442],[-120.95159254549493,44.348446039934089],[-120.95174033991874,44.348777408550127],[-120.9518876375742,44.349123057319744],[-120.95193939131434,44.349352658749225],[-120.95205135822967,44.349569046918148],[-120.95220114960834,44.349843281171843],[-120.95229072511692,44.350130728307128],[-120.9524121530888,44.350647419016248],[-120.95250372195898,44.35087773263318],[-120.95267292593095,44.351166606509324],[-120.95268636382929,44.351352643774426],[-120.95271523208925,44.351667585801351],[-120.95272518901585,44.351953604399206],[-120.95283616958099,44.352198556443938],[-120.95294914171116,44.352386378718528],[-120.95298447784117,44.352515640633428],[-120.95297751320277,44.352715602123013],[-120.95297204246268,44.352872717042068],[-120.95306660002781,44.353017332949868],[-120.95308103505613,44.35317480227139],[-120.9529526415475,44.353429757393599],[-120.9526256799369,44.353666857853128],[-120.95243955529824,44.353863608915269],[-120.95199115763093,44.35415569768135],[-120.9516059564438,44.354348876432745],[-120.95135861251686,44.354587403619604],[-120.95119238735836,44.354784508077373],[-120.95106348540331,44.355053742559114],[-120.95099529878166,44.355295481648184],[-120.95098633629006,44.355552577995205],[-120.95107591449357,44.355840024747955],[-120.95102863166859,44.356053557048313],[-120.95093456099036,44.356466335226884],[-120.95091762954387,44.356951958860314],[-120.95086536466233,44.357308321630029],[-120.95087232480915,44.357680037360858],[-120.95087625943009,44.357686685018393],[-120.95084069602632,44.358062205152187],[-120.95092709329539,44.358352258163329],[-120.95102956501816,44.358642600047098],[-120.95112159382577,44.358771193685392],[-120.95125569792464,44.358894973851768],[-120.95126184689276,44.358900650897894],[-120.95138723014686,44.358995220938191],[-120.95146318539908,44.359123526065659],[-120.95149716237808,44.359244729990465],[-120.95153094891424,44.359293049124858],[-120.95157932498888,44.359483350929914],[-120.95167055160097,44.359635010294362],[-120.95175971478281,44.359714946462198],[-120.95192011885824,44.359858749080018],[-120.9520748446828,44.360034625817136],[-120.95238751230055,44.360294116258004],[-120.95268611679258,44.360495652989442],[-120.95304621455907,44.36077907041161],[-120.95372501841867,44.361148983171176],[-120.95432226423364,44.361545143374251],[-120.95461619748617,44.36172033812651],[-120.95496064839703,44.36212668291558],[-120.95526826838123,44.362446616280586],[-120.9555753924954,44.362780831092643],[-120.95592383282444,44.363072908805556],[-120.95615529992706,44.363291431804022],[-120.95648929804128,44.363426038004881],[-120.95672374755065,44.363558861090048],[-120.95693679918996,44.363734177622185],[-120.95718619666566,44.364010188109937],[-120.95733852668333,44.364213000982254],[-120.95770788787702,44.36447686435767],[-120.95801751918914,44.364739657909809],[-120.95832665732618,44.365016732932119],[-120.95881648259946,44.365254162838653],[-120.95904846353845,44.365458396447231],[-120.95916197555606,44.365631929688888],[-120.95927002941002,44.365962575632949],[-120.95925415438229,44.366419634945586],[-120.95919795937141,44.366890266480688],[-120.95918952688584,44.367133078628626],[-120.95927866491485,44.367434802645697],[-120.95936631533374,44.367779376824991],[-120.9594166236846,44.368051822821137],[-120.95964068058444,44.36848458613175],[-120.95984731196444,44.368845578108626],[-120.96001560863793,44.36916300824376],[-120.96018440118152,44.369466155097946],[-120.96033129998497,44.369826077620452],[-120.96041945525707,44.370156367256605],[-120.96048373330892,44.370600565091188],[-120.96047692407907,44.370651175660257],[-120.96049672923614,44.370856532178898],[-120.96065295704383,44.37125995159176],[-120.96084648110548,44.371515486209951],[-120.96106570596741,44.371685952021345],[-120.96142525486326,44.371813908290108],[-120.96285836867706,44.371884482922233],[-120.96308949262324,44.371938119380289],[-120.96337206757732,44.372091703708442],[-120.96390057340842,44.372596283632113],[-120.96424776238428,44.372787029593191],[-120.96450382985097,44.372868116472709],[-120.96490693356334,44.372922505877234],[-120.96525927797062,44.373086819966503],[-120.96562576096211,44.373436356535194],[-120.96577540142383,44.373674978744575],[-120.96585235739927,44.37379769298402],[-120.96593299107751,44.374116999481089],[-120.96595749622014,44.37421403182929],[-120.96594414186512,44.374599677896818],[-120.96602863829908,44.374702225719552],[-120.96623098112187,44.374947794107833],[-120.96663730798949,44.375298036786546],[-120.96672029794873,44.375310198662035],[-120.9671924335974,44.375379382804759],[-120.96790835674287,44.375420711025704],[-120.96896035221255,44.375539470827334],[-120.96959415496801,44.37565078857974],[-120.97022697047495,44.37579066809419],[-120.97090109860349,44.375888400111485],[-120.97187197260973,44.376048570855552],[-120.97282589720321,44.376122678265283],[-120.97312725413327,44.376121480137272],[-120.97341805136716,44.376182096651462],[-120.97499925515048,44.376102095629825],[-120.97584817836533,44.375932269348361],[-120.97592920101404,44.375923721260989],[-120.97636415629147,44.375908350367453],[-120.97684616262853,44.375928434170419],[-120.97734503842831,44.375925732915704],[-120.97763487715977,44.375919325541538],[-120.97784471103374,44.375899962798094],[-120.97866876438997,44.375799152634379],[-120.97905825503254,44.375702187121476],[-120.97951166799407,44.375617891152181],[-120.9796770316682,44.375611932564688],[-120.9799354446361,44.375622292673008],[-120.98028122774852,44.375673420278396],[-120.98061323968766,44.375832673426409],[-120.98070854734604,44.375904486936165],[-120.98098966433442,44.376151799959736],[-120.98107900807764,44.376361101398885],[-120.98122471661335,44.378027524402945],[-120.98097676003535,44.379016784443706],[-120.98082125806644,44.379455178384141],[-120.98053119295949,44.379859683968483],[-120.9797777067604,44.380553091030542],[-120.97955959580943,44.38081052531976],[-120.9791042388936,44.38129332255145],[-120.97878386283234,44.381916497510019],[-120.97895893998967,44.38261990266821],[-120.97935900919302,44.383155784074894],[-120.97978440459916,44.383534903079905],[-120.98012964962074,44.383926892333555],[-120.98037727202545,44.384259988206729],[-120.98070850063364,44.384480224602193],[-120.98088775585533,44.384483395400366],[-120.98099176459556,44.384356606995311],[-120.98107929194528,44.38412948280429],[-120.98125581898343,44.38363238784089],[-120.98154174555182,44.382851386184704],[-120.98183531049511,44.382427817393051],[-120.98206519117296,44.382117457792347],[-120.98243841332572,44.38169529421419],[-120.98307005383626,44.381291989061566],[-120.98340271256241,44.38115909832765],[-120.98374125615196,44.381059743068576],[-120.98435264324613,44.380962496069237],[-120.98516757510895,44.380855330161367],[-120.98537244489263,44.380849910771509],[-120.98553741240971,44.380821037311946],[-120.98629912807512,44.380691555349017],[-120.98696272974517,44.380517461286381],[-120.98774533483416,44.380359752780194],[-120.98848614490628,44.380258471334024],[-120.98905620859902,44.380247737095537],[-120.98946252378856,44.380261375914984],[-120.9900604963406,44.380257612928844],[-120.9904012982948,44.380243272360552],[-120.99054673643759,44.380394046541845],[-120.99054200141772,44.380532444464812],[-120.99050470785872,44.380681807995643],[-120.99018850267532,44.380987825452152],[-120.98968474543031,44.381646177546791],[-120.98946701536499,44.381876445716429],[-120.98917644270993,44.382214334997691],[-120.98902195134569,44.382568912098876],[-120.98907378683252,44.382884246805844],[-120.98920195486401,44.383215219720306],[-120.98946808076691,44.383591496840992],[-120.98987314101001,44.383984510985528],[-120.99032390843304,44.384206823987057],[-120.99081207092475,44.384501251760845],[-120.99124195072082,44.384751780790197],[-120.99142522949666,44.384848079699097],[-120.9918409141146,44.385177540551602],[-120.99245831902284,44.385666866647398],[-120.99329525871183,44.386604783300768],[-120.99391690995641,44.387250410823732],[-120.99411614191339,44.387542414019833],[-120.99428242007248,44.387856916283475],[-120.99440202805761,44.388124439471753],[-120.99442552798546,44.388378732791729],[-120.99419516311566,44.388997849717015],[-120.99335976673235,44.390400355103161],[-120.99328218463116,44.39062672381133],[-120.99263708376438,44.39154718950553],[-120.99255058588399,44.391667209410294],[-120.99248809188632,44.391796652333589],[-120.99248386351627,44.392035154143421],[-120.99343897837748,44.393456380108674],[-120.99362268025983,44.393936758398816],[-120.99388950774697,44.394625661535741],[-120.99459050718062,44.396159453191522],[-120.99486981136879,44.397586809417426],[-120.9948351004662,44.397959818951549],[-120.99480817256723,44.398547809384553],[-120.99477849133193,44.399017031908784],[-120.99475632989387,44.399665597499208],[-120.99485365786335,44.399996110971848],[-120.99502803433471,44.400544295438308],[-120.99513831780719,44.400849077544066],[-120.99544922293039,44.401287173206761],[-120.99560071571823,44.401445582662532],[-120.99589504961938,44.401654155720699],[-120.99595006065076,44.401715569231442],[-120.99647553017618,44.402048887980712],[-120.99705848738824,44.402261672284979],[-120.99781821238696,44.402423534527344],[-120.99979705543082,44.402602239544557],[-121.00012155475919,44.402499885636601],[-121.00092323647158,44.402351863294527],[-121.00114765359585,44.402261260251372],[-121.00220937422679,44.401852198642302],[-121.00243822633361,44.401815689115892],[-121.00307640298621,44.401813346539271],[-121.00440366561511,44.401904063874824],[-121.00537445607803,44.402114583798856],[-121.00629602425329,44.402526800558164],[-121.00714077838691,44.402820633013363],[-121.0077283879738,44.402920914021259],[-121.00966883971736,44.403076284680012],[-121.01194457506429,44.403714608658085],[-121.0124979247029,44.403821692925241],[-121.01271252773269,44.403855087286026],[-121.01328234977865,44.403943758033037],[-121.01462395940098,44.403889220315442],[-121.01494168902539,44.403773608195472],[-121.0154174026639,44.403626126889385],[-121.0158083827132,44.403485825485646],[-121.01618788408979,44.403328018414399],[-121.01648177512153,44.403203332890811],[-121.01677829462378,44.403000818066189],[-121.01745605913258,44.40258860593039],[-121.01768661803848,44.402517638947948],[-121.01786286659889,44.402476046182336],[-121.01810674302887,44.402412756860507],[-121.01887109075804,44.402299977279689],[-121.01930469407094,44.402289492891192],[-121.02017281248679,44.40238106821095],[-121.02075472765311,44.402557706140513],[-121.02093274409802,44.402655322234523],[-121.02133194642713,44.402873804072229],[-121.02258303191995,44.403759747022221],[-121.0227875747169,44.403862318856298],[-121.02358034783661,44.404024587407712],[-121.02452289706363,44.403887844341156],[-121.02543929453608,44.403665117696953],[-121.02668621364265,44.403299543039076],[-121.02821139309496,44.402664174479213],[-121.02870559316365,44.402321592339938],[-121.0289582784733,44.402042362807364],[-121.02941894982237,44.400780909324261],[-121.02955180795794,44.39993243130656],[-121.02949399687783,44.399152685620038],[-121.02926293761033,44.398203396999897],[-121.02860179822248,44.397044121680636],[-121.02820451289818,44.396114470713336],[-121.0277449033578,44.395381804287695],[-121.02712888005843,44.394867004964468],[-121.02567499989023,44.394157663818511],[-121.02491965148359,44.393843006695434],[-121.02309317977993,44.392780578527955],[-121.02288075067311,44.392610349366386],[-121.02252715940423,44.392181090710217],[-121.02215713705051,44.39151747527827],[-121.02180369130868,44.391200755598526],[-121.02122099370978,44.390934078400662],[-121.01968750034948,44.390542883912659],[-121.01911557175418,44.390352907047891],[-121.01888821354565,44.390276941292925],[-121.01847233129834,44.390067163216543],[-121.01816396840739,44.389787223639217],[-121.01801427943666,44.389456021477734],[-121.01808063708837,44.388768453716203],[-121.01813133261314,44.388242663797904],[-121.01837651070197,44.387162071067181],[-121.0183078012608,44.386593698427042],[-121.01833678989505,44.386292603384199],[-121.01838477520255,44.385870300431819],[-121.01855238466489,44.385414060573325],[-121.01863071955432,44.384789719758295],[-121.01875519910323,44.384472277383296],[-121.01913237294495,44.383781095685556],[-121.01956670658818,44.383162927038505],[-121.01999544821878,44.382733719791624],[-121.02038872615859,44.382425436161384],[-121.02100992914386,44.382035571566689],[-121.02206341851185,44.381459631037572],[-121.02272358412594,44.381146958211886],[-121.02327606958525,44.380886434663068],[-121.02450882585302,44.380484627586362],[-121.02532381610632,44.380350172943267],[-121.02695543244505,44.380265834228176],[-121.02754246800852,44.380307485797509],[-121.02861174706423,44.380123381194245],[-121.02976006349193,44.380179208448347],[-121.03034574349762,44.380144294350686],[-121.03142155689874,44.379928768355903],[-121.03294098264165,44.379468790422266],[-121.03355249819488,44.379411798458619],[-121.03402596424854,44.379406908624389],[-121.03430104904982,44.379411645009249],[-121.03435630621955,44.379403496141386],[-121.0348217440295,44.379334855431679],[-121.03526324802534,44.37924241066515],[-121.03584894330238,44.379009524120811],[-121.03646028009089,44.378605571894077],[-121.0370559888884,44.378072719821958],[-121.03745822303159,44.377679254426461],[-121.03808948175816,44.376996367743352],[-121.03818303500678,44.376895161380602],[-121.03821231469516,44.376863485237607],[-121.03829996421572,44.376799129335105],[-121.03876386680489,44.376458493445952],[-121.03902575176134,44.376259585096655],[-121.04000921835124,44.375656038297308],[-121.04051016386944,44.375408050910202],[-121.0409477197696,44.375256774614634],[-121.04115130496244,44.37517291591228],[-121.04189498784683,44.374867248185474],[-121.04246435265031,44.374579356702995],[-121.04274730310017,44.374487297394609],[-121.04296158004152,44.374428667716494],[-121.04319468836619,44.374384208545045],[-121.04337038176777,44.374324918681531],[-121.04357639690345,44.374224616921495],[-121.04373671653725,44.374047386846172],[-121.04391563399241,44.373891238572483],[-121.04412441144757,44.373707915790263],[-121.04420525892485,44.373598545078671],[-121.04472041129924,44.373198957225966],[-121.04483796663396,44.373121927054669],[-121.04498417822624,44.373004422185339],[-121.04550819068427,44.372715464613947],[-121.04556714531975,44.372693093757604],[-121.04605185738244,44.372497729339599],[-121.04641528250872,44.372347853063928],[-121.04647611282653,44.3723227645931],[-121.04664969967875,44.372228937174249],[-121.04684133458339,44.372125351837497],[-121.04716067937869,44.371959310291523],[-121.0473729800264,44.371866470528857],[-121.04745871883037,44.371827556137461],[-121.0474814542919,44.371817237096288],[-121.04755505326312,44.371783832157938],[-121.04770832741016,44.371668544455673],[-121.04787724481956,44.371532086016643],[-121.04825454352709,44.371420627513011],[-121.04845140303341,44.37138526961423],[-121.04869051659573,44.371342327426163],[-121.04903438629661,44.371337485078264],[-121.04936903838436,44.371315827751118],[-121.04955854607837,44.371303561662138],[-121.04990383781232,44.371255865032282],[-121.05003775685825,44.37122242830899],[-121.05014493665144,44.371195667871817],[-121.05022017594635,44.371196953431308],[-121.05041377187325,44.371200259797753],[-121.05057841689515,44.371192351230874],[-121.05077471046282,44.371131389218412],[-121.0508668084407,44.371057927263436],[-121.05099055765929,44.370931412874903],[-121.05115867736471,44.37084121774803],[-121.05124641581851,44.3708116021742],[-121.05135434750159,44.370758066142955],[-121.05140394977666,44.370717378700803],[-121.05140471064968,44.370716599139307],[-121.05146291070031,44.370657096866019],[-121.05146388537239,44.370656102185691],[-121.05147605484954,44.370580164810228],[-121.05147204027854,44.370542296902293],[-121.05146870483387,44.370510817672148],[-121.05149970479603,44.370449045204403],[-121.05154269726719,44.370401501351616],[-121.051562350609,44.37036234710822],[-121.05171845175423,44.370161352259196],[-121.05184219378629,44.37003483464968],[-121.05201038715359,44.369919793943673],[-121.05201996678775,44.369914183464779],[-121.05218706061714,44.369816293782051],[-121.05221685234523,44.369775982629548],[-121.05225772389402,44.369707457138489],[-121.05226989337119,44.369631519175236],[-121.05226276973099,44.369555252971949],[-121.05224531456668,44.369499579338623],[-121.05222786209734,44.369443902441589],[-121.05224898687959,44.36938888562949],[-121.05232820840617,44.369327935225108],[-121.05239709840869,44.369287578143279],[-121.05253395943716,44.369234535181491],[-121.05262168172126,44.369208342789292],[-121.05272846086585,44.369189395872766],[-121.05279735176664,44.369149038695475],[-121.05285682562835,44.369101597175252],[-121.05296635631265,44.368999630976397],[-121.05306624088739,44.368897500848519],[-121.05316589908669,44.368802288574294],[-121.05317583355543,44.368796177100478],[-121.05326441193402,44.3687416689164],[-121.05334169399791,44.368699440804029],[-121.05362364282625,44.368585993900439],[-121.05363657048149,44.368582041367119],[-121.05370745204901,44.36856037274638],[-121.05403342641108,44.368352298866867],[-121.05467299904561,44.368061935104159],[-121.05494424175239,44.367965358138328],[-121.05539866172536,44.367780157709845],[-121.05561235386348,44.367644448621824],[-121.05579830333068,44.367443955620217],[-121.05590993337775,44.367231476907932],[-121.05608271803445,44.366977162371505],[-121.05609754562653,44.366934768587832],[-121.05619824497325,44.366646840037234],[-121.05631093682901,44.366402221319333],[-121.05637988701864,44.366124701388436],[-121.05644524843871,44.3660578631645],[-121.05647166250134,44.366013569104382],[-121.05655156315427,44.365931862007031],[-121.05662196861466,44.365867747116539],[-121.05664110722179,44.365850319197904],[-121.0567216932893,44.365747858627017],[-121.05677266100356,44.365665658592967],[-121.05676484745725,44.365610147592065],[-121.05670881054982,44.365553815807623],[-121.05660087976509,44.365454864986425],[-121.05651064848637,44.365333722073785],[-121.05629549928086,44.365062084815264],[-121.05623868173745,44.36494612562074],[-121.05609953719153,44.364662147157624],[-121.05594765543317,44.364149072379412],[-121.0556926641482,44.363698151670235],[-121.05516316118711,44.363130955792549],[-121.05490877716329,44.362545935686676],[-121.05486235133108,44.362484275558792],[-121.05477485362579,44.362249250516676],[-121.05434211269555,44.361780960554988],[-121.05397659269802,44.361538914254986],[-121.05363916661265,44.361350938917361],[-121.05316660606083,44.361130249443164],[-121.05313890291578,44.361117311998584],[-121.05308780853905,44.361065939834035],[-121.05283525258682,44.360812001864474],[-121.05267702692593,44.360627080678981],[-121.05266243379414,44.360590551858344],[-121.05264893750532,44.360573005479523],[-121.05261017340419,44.36039012270281],[-121.05266065153661,44.360219479508672],[-121.05286009819093,44.360062095270088],[-121.05321277317822,44.359789414939179],[-121.05362694952481,44.359464187635446],[-121.05402228640325,44.35925654644771],[-121.05441797362467,44.359038189519659],[-121.05480298167396,44.358691021799686],[-121.05508057816472,44.358501101502718],[-121.05519721811618,44.358453555659437],[-121.05533382402311,44.358407427284753],[-121.05543162720136,44.358367559160214],[-121.05561805008068,44.358273821143079],[-121.05579138630297,44.358140431145358],[-121.05582762344324,44.358115638461086],[-121.05591464953301,44.358056095126969],[-121.0559726178183,44.357983065728853],[-121.05613291140097,44.357781116357707],[-121.05630354010097,44.357591080068978],[-121.05648803699232,44.35743343506622],[-121.05670523076341,44.357190594917746],[-121.05689291308079,44.356936532888788],[-121.05720110978341,44.356652364660704],[-121.05725845463787,44.356574733375673],[-121.05745046234334,44.356369182912196],[-121.05764554677864,44.356190124769327],[-121.05769833358137,44.356052578177618],[-121.05768367846582,44.356005840293015],[-121.05767215038578,44.355969066442434],[-121.05761680787607,44.355891978927119],[-121.05745836931449,44.35572314999667],[-121.05682832511017,44.355227872497913],[-121.05592306225563,44.35458569954541],[-121.0551418190126,44.354267217298997],[-121.05410565185824,44.353893953106663],[-121.05364403098993,44.353363916360856],[-121.0534980098405,44.352776237722409],[-121.0537075167277,44.351753473940853],[-121.05410507424152,44.351067021790598],[-121.05505191292403,44.350416931697985],[-121.05574176695995,44.350257622292816],[-121.05636390778638,44.350011627278107],[-121.05696510978184,44.349544701554585],[-121.05755281459017,44.348987513786774],[-121.05822888667299,44.348674904631103],[-121.05901083599186,44.348409104597124],[-121.06055011719749,44.348219181168275],[-121.06214992688696,44.348048272553775],[-121.06265097121985,44.348025261448335],[-121.06441503336745,44.347938131882074],[-121.06706700291831,44.347294319946243],[-121.06923415171032,44.346558565404713],[-121.06955958887988,44.345997526888134],[-121.06995156426252,44.345147751126177],[-121.0700112716862,44.345078688669894],[-121.07051114192099,44.344411837300733],[-121.07056411198005,44.344338644424596],[-121.07088665298113,44.3438929484536],[-121.0711385118407,44.343500598720389],[-121.07155633894058,44.343057457168001],[-121.07207865448107,44.342616079005893],[-121.07247662342331,44.342322663882562],[-121.07348663882313,44.342039577361163],[-121.073557185319,44.342043585651531],[-121.07360254934252,44.342033575525583],[-121.07469090951324,44.342038913702879],[-121.0752871411302,44.342114062517737],[-121.07595335240617,44.342268507546166],[-121.07618481142397,44.342402604392582],[-121.07644700719752,44.34270647306149],[-121.07661315150764,44.342838806670066],[-121.07720208251634,44.343066914615591],[-121.07778114014172,44.34317313653289],[-121.07828905928147,44.343170967639246],[-121.07887231832746,44.343148624689341],[-121.07974114281912,44.343097061384107],[-121.07956859441933,44.343782040612254],[-121.07962329463365,44.344393944946276],[-121.07982560691372,44.346199336349976],[-121.07983148908221,44.346251838701193],[-121.08000842844709,44.346780045957026],[-121.08009564318306,44.34721868055383],[-121.08012390328359,44.347360814693452],[-121.08008057663911,44.347556279006227],[-121.08003631305178,44.347755947139802],[-121.08005070585929,44.348225436756742],[-121.08004873675219,44.348269527137916],[-121.08011435778538,44.34926108975435],[-121.08011975396528,44.349282128274666],[-121.08041868993564,44.349744663545117],[-121.08052948275289,44.349848953313575],[-121.08071614009252,44.349961347041869],[-121.08103350140769,44.350065317809644],[-121.08143809003523,44.350126275408265],[-121.0814013067193,44.349555918062684],[-121.08137909048399,44.3491050552716],[-121.08136674044547,44.348877994778874],[-121.08135600827276,44.348680675813107],[-121.08153934184584,44.348498923135317],[-121.08202858770576,44.348440231470576],[-121.08245069976958,44.348376403214758],[-121.08265950237757,44.348344829847633],[-121.08345607447264,44.348265453107103],[-121.08431103077291,44.348094303730946],[-121.08441997395902,44.34808382761998],[-121.08560903167979,44.348128782765208],[-121.08728147734651,44.348350365305741],[-121.08921273662973,44.348715799455981],[-121.09098637841156,44.349492701278564],[-121.09230042592432,44.350369935584112],[-121.09371749313219,44.350924767523807],[-121.09594609567279,44.351362572657045],[-121.09599742720475,44.351359965337885],[-121.09631611712821,44.351422017446573],[-121.09712345732856,44.35158122091029],[-121.0976003091325,44.351681915381171],[-121.09828060778875,44.351772745744938],[-121.09885488188526,44.351716060209391],[-121.09956134217752,44.351568824787783],[-121.10000941824798,44.351417283936968],[-121.10058796742695,44.351228164208223],[-121.10092615977524,44.3510482938321],[-121.1013008345038,44.350882278617185],[-121.10156006853188,44.350860087634082],[-121.10184414636743,44.350902741000979],[-121.10205623411446,44.350934584708341],[-121.10245242798567,44.351245912515843],[-121.1027730924061,44.351608983384807],[-121.1030426678397,44.351838707400056],[-121.10331309667285,44.352041945887379],[-121.10332748858202,44.352053212663023],[-121.10374536329262,44.3523803676648],[-121.1039307953302,44.352473585819233],[-121.10396066880499,44.352488602508672],[-121.10443328505235,44.352590077150232],[-121.10464288446603,44.352607265566085],[-121.10510044944084,44.352734106656747],[-121.10551811574227,44.352953032421702],[-121.10562127467627,44.353024941429958],[-121.10564576993744,44.353042016667061],[-121.10641659002823,44.353579313377402],[-121.10676430811175,44.353821684176353],[-121.10736826164695,44.353990691370711],[-121.10860400930463,44.354037667238401],[-121.1092865609356,44.353936495712318],[-121.10932765436824,44.353930405169088],[-121.10966668843795,44.353724021321632],[-121.10991684409176,44.353410169464425],[-121.10998285409546,44.353278301646384],[-121.11013391479365,44.352976521418491],[-121.11023764595444,44.352413068097938],[-121.11120008298356,44.349144541058472],[-121.11181774570828,44.3484930375906],[-121.11271599182213,44.348138762300401],[-121.11296649692056,44.347980849045037],[-121.11351553644245,44.347634301894225],[-121.11398689325179,44.3471424237162],[-121.11439799736011,44.346573022787915],[-121.11452893399928,44.345863952839345],[-121.11392236546831,44.34580442082585],[-121.11259013066429,44.345804921910243],[-121.11151336504901,44.345688092030002],[-121.11069188446776,44.345557467905103],[-121.11017819275399,44.345413925062161],[-121.10971620806799,44.345320751569986],[-121.1092539592773,44.34518706098541],[-121.10884287852518,44.345022702042307],[-121.10808549543442,44.344825599444619],[-121.10781613559647,44.344789627394192],[-121.10730316882315,44.344794632543298],[-121.10663887545033,44.344945674649615],[-121.10563145438506,44.345379118081318],[-121.10500595924935,44.345566808029233],[-121.10326577881358,44.345695474045861],[-121.10259978133666,44.345679909561234],[-121.10193346226286,44.345722856427862],[-121.10167763015478,44.345705100023594],[-121.10090963346892,44.345764358468585],[-121.10046237127212,44.345846950031159],[-121.09963198658981,44.34608972026745],[-121.09909711170333,44.346359909484889],[-121.09848738020423,44.346907942922911],[-121.09819668717491,44.347240714242815],[-121.09801848388042,44.347368287719313],[-121.09753403771906,44.347630308118781],[-121.09726637390035,44.347711377788031],[-121.09649846075784,44.347815621709998],[-121.09608906704182,44.347817800710082],[-121.09531922880964,44.347714936014093],[-121.09347087055242,44.347283465318817],[-121.09270128295017,44.347149078350789],[-121.0916753871328,44.347059918776004],[-121.09147009334427,44.347006973248291],[-121.09126461450282,44.347008038352058],[-121.09064967906328,44.346916735503839],[-121.0901869721318,44.346773956597282],[-121.08967372418579,44.346666339473536],[-121.08916139431801,44.346482211347038],[-121.08844000761897,44.346240563743791],[-121.08725665420026,44.345761604429462],[-121.08679391133616,44.345596302742472],[-121.08633191227712,44.345480528584133],[-121.08519813598062,44.34480431199038],[-121.08505637823552,44.344702903529893],[-121.08483672757215,44.344465144291163],[-121.08481955627549,44.344434848539812],[-121.08478640305161,44.344406341301422],[-121.08440807667139,44.343792583020779],[-121.08406176984114,44.343215090089785],[-121.08384127565971,44.342341958061134],[-121.08376959010003,44.341995362796915],[-121.08374114674319,44.341852355394671],[-121.08371255246939,44.341708565126304],[-121.08375115487377,44.341542473345832],[-121.0837762753624,44.341280874175354],[-121.08378441948875,44.341030899301948],[-121.08377791748272,44.34072112855614],[-121.08368392046634,44.34004067837855],[-121.08352503903529,44.339823631827912],[-121.08340694560975,44.339679682388066],[-121.0832797971661,44.339524695992466],[-121.08344486080293,44.339376374983907],[-121.08349118332889,44.339334752130668],[-121.08359690695298,44.339145966061096],[-121.08371882899829,44.338969360368985],[-121.08379215308504,44.338756211713729],[-121.08380029631309,44.338506236356146],[-121.08382657832335,44.338208927036931],[-121.08390193170432,44.338017934848118],[-121.08397128703417,44.337842141737397],[-121.08426022206045,44.337632609503061],[-121.08457961626308,44.337506957137791],[-121.08375825695441,44.337596088836591],[-121.08325912333818,44.337604759453022],[-121.08262087302374,44.337508799204954],[-121.08213118788763,44.337227794945278],[-121.08206718472029,44.337005086443298],[-121.08218937626016,44.336171745824807],[-121.08256993315725,44.335427989694665],[-121.08304377919826,44.334736946904563],[-121.08365796184958,44.33338335079123],[-121.08387994723439,44.333131344544718],[-121.08422673735824,44.332693893518773],[-121.08450285612038,44.332238207747039],[-121.08480548147162,44.331697722318744],[-121.08500981945267,44.33125788114274],[-121.0850744918649,44.330730452926048],[-121.08516345562074,44.330186382103797],[-121.08530876799942,44.329370475250833],[-121.08539828242253,44.328809364785585],[-121.0855590098915,44.328249450630004],[-121.08551929716941,44.328010100395716],[-121.08535922996219,44.327819879540677],[-121.0851042135244,44.327628066311156],[-121.0846802617109,44.327518661628332],[-121.08428171425363,44.327358538132351],[-121.08354640187108,44.32732914863027],[-121.08302417346719,44.327320382672148],[-121.08160158431524,44.327245344706142],[-121.08117153024602,44.327323363136649],[-121.08066581467367,44.327536498726666],[-121.08013635752667,44.327749233193821],[-121.07965325973656,44.327996842688101],[-121.07912435235853,44.328192532214139],[-121.07862140539387,44.328320460732812],[-121.0779986501198,44.328480466576458],[-121.07733231667295,44.32852039680062],[-121.0766930602454,44.328458484313934],[-121.07626967616717,44.328332010959443],[-121.07554383202772,44.328012900251466],[-121.07503665399808,44.327544033400166],[-121.07473754285625,44.327249159936891],[-121.07451132101656,44.326904369910181],[-121.07424208873938,44.326422462982244],[-121.07385138716781,44.32602375059556],[-121.073503699627,44.325762151594716],[-121.07301471338018,44.325464070117938],[-121.07107584626479,44.324476600343125],[-121.07021101298795,44.324052815074722],[-121.06976450088439,44.323908876405113],[-121.06933892671348,44.323850534791852],[-121.06893429766176,44.323877791132951],[-121.06852742911001,44.323973203650773],[-121.06812111841205,44.324051574751962],[-121.06778713467089,44.324097069517286],[-121.06724512087285,44.323968555325884],[-121.06668273418248,44.323737398862058],[-121.06621809407652,44.323422651891811],[-121.06556413402438,44.323087647082779],[-121.06479206527536,44.322733587163846],[-121.06349950905744,44.322319550869167],[-121.06127367512455,44.321986091825785],[-121.06009569542786,44.321699696937486],[-121.05910315315863,44.321416443371923],[-121.05793046723394,44.320970282025904],[-121.05711986075922,44.320796658949398],[-121.05652649386967,44.320786561004006],[-121.05559408302892,44.320930521473485],[-121.05506784903717,44.321134669830585],[-121.05423083927961,44.321759739291416],[-121.05361721178713,44.322361973716383],[-121.05296208033188,44.323096690661941],[-121.05257975914358,44.323436476174962],[-121.0520111174839,44.323799717992486],[-121.05133385064174,44.32408119018244],[-121.05043493438471,44.324332234064968],[-121.04909096129488,44.324575667272128],[-121.0439485249082,44.325648830416384],[-121.04576655873642,44.328224107438068],[-121.04604284189026,44.328772392657882],[-121.04670255026187,44.329176247710045],[-121.04740862877011,44.329786806597689],[-121.04786065113963,44.330244680145668],[-121.04790438651754,44.330297676153869],[-121.04820638664134,44.330709101236543],[-121.04891177614176,44.331503647706107],[-121.04922769745752,44.33188421269643],[-121.04939169030253,44.331958703043298],[-121.04946178225089,44.332032803257526],[-121.04971418908279,44.332275029900295],[-121.05001392635039,44.332518066455272],[-121.05003139588771,44.332705300235951],[-121.04988209678582,44.33292367174402],[-121.04956828291775,44.333105247174863],[-121.04915643141109,44.333387109720661],[-121.0489113485437,44.333637833624891],[-121.04873612496102,44.333923737796525],[-121.04853103868335,44.334396065778151],[-121.04839919744067,44.334801670286424],[-121.04831749836052,44.335123160625081],[-121.04835919007117,44.335293812000465],[-121.04870570171728,44.335554646288912],[-121.04912264307831,44.335833674448878],[-121.04914292973238,44.335935985576654],[-121.04909109244892,44.336071051052734],[-121.04899644056069,44.336167879772773],[-121.04875719943759,44.336163790765482],[-121.04804897126085,44.336262758925699],[-121.04784364513297,44.336225535773202],[-121.04765762200392,44.33599492877957],[-121.04749486434247,44.335499068209806],[-121.04723473918564,44.334787163737616],[-121.04722152317117,44.334741076491142],[-121.04720701987091,44.334722375443462],[-121.04709259247001,44.334570351542851],[-121.04683281675783,44.33429793298486],[-121.04666153138935,44.334059183795986],[-121.0463182554749,44.333603112179667],[-121.04594335257423,44.333200090802151],[-121.04572735895236,44.332963149153606],[-121.04560529946482,44.332866486062237],[-121.04443348131265,44.332153199600832],[-121.04250586110463,44.331372931575558],[-121.04209536246084,44.331293871776928],[-121.04183824037202,44.331199435030349],[-121.04122285128325,44.331058340595519],[-121.04004112112027,44.330668944385842],[-121.03968170427677,44.330586251118291],[-121.03891144922628,44.330293936304031],[-121.03808716949463,44.329811624759991],[-121.03805791046749,44.329787282115376],[-121.03781733804115,44.329673522111214],[-121.03727727628224,44.32929979028799],[-121.03700228939735,44.329037808128177],[-121.03669709666104,44.328786021614377],[-121.03622809523435,44.328520700752968],[-121.03577987184016,44.328302799304836],[-121.03505028621758,44.328098371937074],[-121.03438390605832,44.327983370987972],[-121.03356307585737,44.327892715824902],[-121.03289752663979,44.327917266819476],[-121.03223176092821,44.327901297267807],[-121.03202677346519,44.327866254333117],[-121.03161722254403,44.327877205734417],[-121.03095218356951,44.327933262071284],[-121.0298785917021,44.328157827465922],[-121.02936818782229,44.328324579846949],[-121.02834541454881,44.328599524598282],[-121.02696448297156,44.328778243554062],[-121.02635140794298,44.328920701289896],[-121.02593035948448,44.329133998151413],[-121.02563800187694,44.329390030087282],[-121.02517954846833,44.329643189799896],[-121.02488572031866,44.329732639967773],[-121.02441308430836,44.32980099051737],[-121.02395211202366,44.329802019306086],[-121.02297843707036,44.329780667921128],[-121.02236301474395,44.329688986745225],[-121.02189969516142,44.329689964771092],[-121.0218875849731,44.329687872489757],[-121.02188308351521,44.329688003578653],[-121.02152309444486,44.329735360702479],[-121.02057672019136,44.329901182626188],[-121.02010792897045,44.33007527869124],[-121.01927913969607,44.330296723841613],[-121.01864689282269,44.330446539334787],[-121.01775875275578,44.3306562251203],[-121.01679851300588,44.330789616625637],[-121.01564244052402,44.330973193869895],[-121.01449105904457,44.331017493212656],[-121.01430472330182,44.330962796306792],[-121.01419576394608,44.3309308106641],[-121.0141805312138,44.330926340884865],[-121.01405090970819,44.330784738797036],[-121.01399653378573,44.330754634533996],[-121.013831017398,44.330663003074235],[-121.01351544373026,44.330523407781165],[-121.01342050348283,44.330469669149828],[-121.01297291968913,44.330364739589626],[-121.01252096648993,44.330389258705381],[-121.01196196015999,44.330647286804883],[-121.0117197572914,44.33083213166239],[-121.01159330504211,44.330978481005296],[-121.01149212330007,44.331165780745899],[-121.01145533728921,44.331349699304873],[-121.01145924585902,44.33179091424843],[-121.01133279271137,44.331937259913701],[-121.01039889785382,44.332403182122377],[-121.01032000331398,44.332477710363833],[-121.01009141531182,44.332613074885082],[-121.00993672721656,44.332771163189143],[-121.00982681384995,44.332930033058901],[-121.00973255093226,44.333067737365951],[-121.00948794686691,44.333234977622304],[-121.00930775380407,44.333263994697013],[-121.00910973816599,44.33337845068904],[-121.00901692063756,44.333473304155326],[-121.00876137509206,44.333522442585583],[-121.00856843313872,44.333486921738668],[-121.00843483119809,44.33346315184744],[-121.00816871338,44.333383478016536],[-121.0078297844132,44.33324893517181],[-121.00770198648763,44.333053763709451],[-121.0075286888929,44.332879235691202],[-121.00749956551138,44.332857288490267],[-121.00716136417995,44.332701319579755],[-121.00698195085478,44.332627886545296],[-121.00677839081476,44.332544568900005],[-121.00627456799272,44.332428581339187],[-121.00596368353078,44.332348120890288],[-121.00553521588634,44.332212008454505],[-121.00522869094844,44.332002992003197],[-121.00493818566703,44.331762098211804],[-121.00484908536727,44.331707696940207],[-121.00463093848369,44.331574505435071],[-121.00432078704699,44.331472612723807],[-121.00369648846726,44.33138666659508],[-121.00362182858568,44.331379987681181],[-121.00265429900725,44.331293407837805],[-121.00234051388522,44.331298637755168],[-121.00183489083938,44.33123619550593],[-121.00143228569196,44.331218428288302],[-121.00097107445541,44.331167479717749],[-121.00091597988072,44.331157673359463],[-121.00070388674382,44.331119924551459],[-121.00045235217605,44.331051206699335],[-121.00018479885014,44.331014365142956],[-120.99975016247467,44.331060346722559],[-120.99920740846481,44.331211623410404],[-120.99876912403097,44.331364726546468],[-120.99845205826155,44.331466359845663],[-120.99814955418289,44.331578966168898],[-120.99790161557122,44.33168257821459],[-120.99707573773665,44.331859209066216],[-120.99620770915234,44.332096072926419],[-120.99447404689225,44.332659851343124],[-120.99416743841104,44.332708486688354],[-120.99304278360793,44.332814778134363],[-120.99232701766768,44.33281570791619],[-120.9918670002921,44.332857138774294],[-120.99115058756483,44.332831041282383],[-120.98823536492333,44.332869779170451],[-120.98782644012792,44.332930100527385],[-120.98711022413168,44.332967001923251],[-120.98608930857419,44.333111064868518],[-120.98557803871847,44.333138063740087],[-120.98496482984091,44.333280301414099],[-120.98404526760368,44.333394621795847],[-120.98312670249642,44.333616988680291],[-120.98292022652501,44.333651370851406],[-120.98191402267693,44.333903253422029],[-120.98135142308584,44.334050520365757],[-120.98099076477064,44.334115604972453],[-120.98041431675112,44.334170099749429],[-120.97997191982989,44.334211920316804],[-120.97967194271213,44.334249489150352],[-120.97907394770222,44.334267490620235],[-120.9785943757996,44.334316168325095],[-120.978152145965,44.33443696863656],[-120.97787108467217,44.334503449053329],[-120.97773282406848,44.334527307193312],[-120.97757061168437,44.334555296850915],[-120.97739494702884,44.33445214158634],[-120.97736447617442,44.334180052103918],[-120.97744847943329,44.333810538406318],[-120.97743677708006,44.333777493470421],[-120.97739589924306,44.333484173548257],[-120.97733967189281,44.332861974021718],[-120.97700131784777,44.332054719281238],[-120.97692205679532,44.331760720542079],[-120.97672289760189,44.331397075649321],[-120.97641537014415,44.330810938084625],[-120.97636295344732,44.330625448650267],[-120.97612928098064,44.330148655161196],[-120.9754289921144,44.328902843406638],[-120.97511658410974,44.328208578799547],[-120.97464998567644,44.327439558077245],[-120.97426213895083,44.326888002941566],[-120.97395162189981,44.326535909263569],[-120.97371323327793,44.326297563536258],[-120.9734629294021,44.326050157009519],[-120.97311461483723,44.325758133837105],[-120.97297926836831,44.325641394465521],[-120.97296478303437,44.325483924441016],[-120.97304880246287,44.32535678725214],[-120.97306639237443,44.325337652643086],[-120.97315222460321,44.325244285943583],[-120.97315665239925,44.325115736992117],[-120.97315862150634,44.325058602820491],[-120.97298692560777,44.324841173708634],[-120.97278943189089,44.324794792668676],[-120.97242586932236,44.324945547623187],[-120.97233207352861,44.325006248578276],[-120.97194045926868,44.325165602183851],[-120.97151720095459,44.325315295828631],[-120.97103375461815,44.325478210098247],[-120.97062132279986,44.325565351836836],[-120.97007081183753,44.32563872687976],[-120.9694063720393,44.325653930381797],[-120.96904742411641,44.325607036517304],[-120.9685875908955,44.325598861528185],[-120.96792284207685,44.325623051035542],[-120.96741082212783,44.325559926046409],[-120.96664343270311,44.325514762731643],[-120.96597867849452,44.325516433591105],[-120.96516070942774,44.325551386675073],[-120.96459827602499,44.325608889883135],[-120.96357537339411,44.325631176538259],[-120.96270664951376,44.325705718526137],[-120.96219543265862,44.325710105803154],[-120.96193958078761,44.325674033340952],[-120.96142773690839,44.325673904171026],[-120.96081388843035,44.325631439376792],[-120.96050034585346,44.325570703080871],[-120.95971811446361,44.325519208502996],[-120.95792711184065,44.325283261478596],[-120.95727115393537,44.325084593878927],[-120.95648268284752,44.324611645297836],[-120.9545660292725,44.323344191905754],[-120.95440288892871,44.32326159306551],[-120.95404317114958,44.323034579650944],[-120.9531697427921,44.322568788031376],[-120.95260527111196,44.32221205981017],[-120.95245079591737,44.322101254918636],[-120.95150938665248,44.321089551310472],[-120.95108200507119,44.320352646560586],[-120.95084669138254,44.319659699200592],[-120.95084527653593,44.319475112850817],[-120.95075394212608,44.319216889067967],[-120.95075300158996,44.319108837024345],[-120.95054495626175,44.318668460545794],[-120.9502050095037,44.317604513001683],[-120.94989390136128,44.317018238896949],[-120.94950572675057,44.316394568296033],[-120.94922172976339,44.316065363950933],[-120.94855223873834,44.315418634895479],[-120.94791973494679,44.31456549720285],[-120.947636066743,44.314272307456719],[-120.94737762323238,44.313907545003445],[-120.94728709011973,44.313761870397776],[-120.94713078146368,44.313322417947482],[-120.94699890877999,44.312878901143556],[-120.94697182277753,44.312621830403728],[-120.9468935112443,44.312440361901693],[-120.94662348395812,44.312183427439528],[-120.94589062217966,44.31164808081089],[-120.94569796768718,44.311554584979284],[-120.94533975728113,44.31144461101816],[-120.94421373973374,44.31128480875612],[-120.94385490320191,44.311192824199978],[-120.94311461684764,44.311064346665113],[-120.94285136735026,44.310967709194536],[-120.94216362974515,44.310712349574217],[-120.94119791386525,44.310437684173806],[-120.94096426924638,44.310422961402523],[-120.94056237286975,44.310397639435713],[-120.94012275264102,44.310446875619185],[-120.93978508940047,44.310426493608098],[-120.93937185987821,44.310290406155836],[-120.93913615811731,44.31020039988379],[-120.93888175073727,44.310103249959077],[-120.93842905732627,44.309930378311009],[-120.93817146631687,44.309897142506465],[-120.9377547405515,44.309861033323692],[-120.93737780027178,44.309825639566363],[-120.93699835818396,44.309861661348798],[-120.93692143814113,44.309875949078823],[-120.93671787360955,44.309913761696706],[-120.93644088976977,44.30986588010888],[-120.93599189651941,44.309614799396812],[-120.93567964212666,44.30943764902343],[-120.93562060843944,44.309386893664524],[-120.93509579378585,44.309099211424908],[-120.93443001639616,44.308934125225804],[-120.93248481346308,44.308651359648628],[-120.93125675448593,44.308543601847852],[-120.93088305083617,44.308541337178319],[-120.93047917816588,44.308840123670478],[-120.93032691642019,44.30891389053803],[-120.92943390209454,44.309194809322776],[-120.92865556669808,44.309378765269244],[-120.92758248507376,44.309476345792852],[-120.92650999993079,44.309645948793211],[-120.92579359708499,44.309628443731825],[-120.92517982765865,44.309500260395211],[-120.92395131413397,44.309360905294149],[-120.9232867692329,44.309317317264238],[-120.92297945826914,44.30934324201516],[-120.92273787883134,44.30948289735224],[-120.92258526674269,44.309610666112711],[-120.92124886914566,44.310396627662456],[-120.92075280327606,44.310774730106729],[-120.92020569782702,44.311088879633246],[-120.91723840523839,44.312695875340907],[-120.916549669605,44.31300292284449],[-120.91602671985392,44.313186950415883],[-120.91555573315047,44.313430440794853],[-120.91472841172323,44.31391050879467],[-120.91424467073939,44.314248293242457],[-120.91374955708402,44.314729916449991],[-120.91356098723114,44.315208132980153],[-120.91341281551492,44.315961678041155],[-120.91348001309144,44.316476073867051],[-120.91357240032684,44.316788364297174],[-120.91370745484328,44.317002400709129],[-120.91379211926217,44.317134488313961],[-120.91392117482916,44.317429442185215],[-120.91412792837998,44.31772131335677],[-120.91435994884485,44.31794161932519],[-120.91466926035672,44.318325391413573],[-120.91521002908978,44.318834925616109],[-120.91559537490561,44.319130051540704],[-120.91587905029594,44.319441327797414],[-120.91650752694007,44.320019977782728],[-120.91675365185317,44.320263045194338],[-120.91758950458066,44.320940000485209],[-120.91851643749477,44.321834682088692],[-120.91874846694277,44.322099995274307],[-120.91891654981727,44.322422663206041],[-120.91891802215603,44.322602748660884],[-120.91871634408655,44.323008711076042],[-120.91846301198989,44.323323700622836],[-120.91787246581032,44.323863979806937],[-120.91784108316588,44.323916396763536],[-120.91754636298914,44.324368365190828],[-120.91721272959093,44.324633830150816],[-120.91718706562156,44.324654249642208],[-120.91717761175151,44.324661772475622],[-120.91716243651145,44.324668642378171],[-120.91693480970665,44.3247716798952],[-120.91669504037415,44.324795889665694],[-120.91637872110476,44.324732950153987],[-120.91598433374556,44.324625707080578],[-120.91574861132344,44.324535652103556],[-120.91510215489889,44.324238008467141],[-120.91462970843308,44.324086460587395],[-120.91430985069975,44.324123494792872],[-120.91392928931111,44.324188002388617],[-120.91354873061739,44.324252509270778],[-120.91316512932983,44.324402711654209],[-120.91280142482749,44.324553276106947],[-120.91234228780094,44.324587757418165],[-120.91202343977402,44.324596220454637],[-120.91154491530698,44.324616051293447],[-120.91112658604884,44.324622692418664],[-120.91078885453631,44.324602218933826],[-120.91071191562887,44.324600812819448],[-120.91051030762794,44.32459712337554],[-120.90997919398758,44.324415897554644],[-120.90931134957444,44.324160705704493],[-120.90893636941865,44.324068087109126],[-120.90864434239116,44.324005126894306],[-120.9084558848277,44.323991722398844],[-120.9082005108604,44.324009554143053],[-120.90748542853805,44.324104494738805],[-120.90666857428052,44.324328111457213],[-120.90601808172543,44.324568272957428],[-120.90499816419624,44.325013227047315],[-120.90331443479123,44.325653062822205],[-120.90215198067759,44.326013928596701],[-120.90205655354325,44.326057104508024],[-120.9000577256793,44.326835007065682],[-120.89945755764472,44.327126580183716],[-120.89891968328351,44.327510936094527],[-120.89812188139484,44.328246585239484],[-120.89758043443375,44.328772567445775],[-120.89685402255903,44.329598847007944],[-120.89617031120304,44.33062242208765],[-120.89609221526548,44.330713937946243],[-120.8954948805173,44.331413903370162],[-120.89530822677096,44.331665489044468],[-120.89505830467914,44.331920361017964],[-120.89433193861849,44.33239313500961],[-120.89345191483017,44.332800050696498],[-120.89319709871668,44.332844869131321],[-120.89299274276935,44.332881614439273],[-120.89202301950499,44.333187832796902],[-120.89140992651006,44.33332056571075],[-120.89079705989064,44.333534325913973],[-120.89008287588356,44.333840744550869],[-120.88893688788909,44.334557816889685],[-120.88760078224453,44.335590967758165],[-120.88752005963309,44.335685843989424],[-120.88675900602608,44.336254757617269],[-120.88636535079385,44.336819151419483],[-120.88614581511483,44.337386767108164],[-120.88598052061097,44.33783033188481],[-120.88589689554284,44.338240702468042],[-120.88588984915776,44.338275278532755],[-120.8858136280042,44.339703068767122],[-120.88569743271886,44.340165407213483],[-120.88555572078782,44.340645139529208],[-120.88519203335349,44.341067162126848],[-120.88455533892113,44.341466263733558],[-120.88384805846702,44.341836254078459],[-120.88356585631375,44.341983876294684],[-120.88347931711087,44.342029441955347],[-120.88241566061052,44.342589476393307],[-120.88208417777906,44.342794727622831],[-120.88147877615967,44.343080598070308],[-120.88137591456804,44.343128207781952],[-120.87966112681039,44.343933669302281],[-120.87841179033742,44.344572192408997],[-120.87769794679186,44.344950560294286],[-120.87736680801521,44.345196491750137],[-120.8771258277537,44.345529624189034],[-120.87708861414475,44.345713492559199],[-120.87681084607576,44.346262011279237],[-120.87678589716536,44.346410095806718],[-120.87649595872089,44.347034912622952],[-120.87637069134946,44.347442218782405],[-120.87601437279538,44.347755200034911],[-120.87558058712446,44.347976709470203],[-120.87548330317247,44.348064929116987],[-120.87496423414342,44.348302856835893],[-120.87429281174049,44.348546949209229],[-120.87314604939824,44.348773188091243],[-120.87091457224872,44.348875670639785],[-120.87050527555078,44.349048099925682],[-120.86991060161249,44.34942413921349],[-120.86886413886666,44.350637180393498],[-120.86848605952315,44.351091403136181],[-120.86800089650617,44.351654021901417],[-120.86770639012846,44.351993913042044],[-120.86752928816853,44.352300266043542],[-120.86751417491219,44.352716831562148],[-120.867425908249,44.353171345223402],[-120.86742101602395,44.353248955323814],[-120.86726554369942,44.35401130233118],[-120.86705255673883,44.354543000684949],[-120.86676521262891,44.355005787975379],[-120.86636014160602,44.355362842146043],[-120.86509640963064,44.356149496576791],[-120.86454763511179,44.356683917495069],[-120.86392099013248,44.357504971830444],[-120.8632467299516,44.358815793805462],[-120.86274930313438,44.359576236653176],[-120.86192524259165,44.360087490854568],[-120.86056308670214,44.360449113894433],[-120.85937010693685,44.360579817225876],[-120.858699029487,44.360873341342426],[-120.85732236760228,44.361266165654484],[-120.8571770956478,44.361335463366487],[-120.85707280034499,44.361464048525669],[-120.85706363393585,44.361607925846357],[-120.85767594359982,44.362497193434479],[-120.85782808317464,44.362842155022491],[-120.85787084208384,44.363261592771977],[-120.8577131652936,44.363735790235168],[-120.85773987580026,44.363992875237692],[-120.85825461045809,44.364547201864049],[-120.85868315895088,44.36488384186746],[-120.8587696927639,44.364984494856174],[-120.8587813313367,44.3651602695086],[-120.85806541358113,44.365520472159069],[-120.85698892105368,44.365873903207408],[-120.85687903822979,44.365961871787228],[-120.85679925166289,44.366149436739398],[-120.85677297144926,44.366698119970529],[-120.85680013830009,44.367157777591622],[-120.8568241718272,44.367256123170627],[-120.85695719615109,44.367740102026232],[-120.85696788430634,44.367844205647522],[-120.85698148479975,44.367976704692616],[-120.85700619835153,44.36821742014623],[-120.85689970037966,44.368405979658498],[-120.85659453010122,44.368578899247453],[-120.8561911065886,44.36871424527385],[-120.85583919786426,44.368802915968381],[-120.85568769788988,44.368859621578068],[-120.85550083932765,44.368975210846209],[-120.85539694018189,44.369092359052424],[-120.85534238549467,44.369222343147072],[-120.85533543163606,44.369412772596739],[-120.85534203245676,44.36968682537097],[-120.85536609113672,44.369937386968743],[-120.85537486228714,44.370151930006728],[-120.85535262089904,44.370306340967588],[-120.85524872085493,44.370423487153516],[-120.85508018612786,44.3704917832031],[-120.854879771988,44.370523747262922],[-120.85456712053987,44.370446412406508],[-120.85451349021906,44.370410635240283],[-120.85435446146434,44.370359046473787],[-120.85399464217559,44.370209364433165],[-120.8538300214082,44.370170541410147],[-120.8537944732758,44.370229740441665],[-120.85375930243578,44.370288311393018],[-120.85376492499114,44.370314345334045],[-120.85378770447011,44.370419855175129],[-120.85400652239524,44.370793175911373],[-120.85429258191429,44.37114394109495],[-120.85443260591092,44.371341553010126],[-120.85452964731779,44.371661628046766],[-120.85452543062583,44.371698789527819],[-120.85459401070958,44.37198330151962],[-120.85451676996817,44.372279597706253],[-120.85438844473155,44.372610664600579],[-120.85414440121495,44.3729276479635],[-120.85395404730789,44.373138448709945],[-120.8538475295731,44.373327003937789],[-120.8539001564757,44.373485080053513],[-120.85390738072722,44.373506778957939],[-120.85404802545966,44.373747621937625],[-120.85428521393233,44.373926903170016],[-120.85430197649555,44.373944089179446],[-120.85558167872006,44.374841397981946],[-120.85634468975609,44.37607560902395],[-120.85686203581642,44.376658434222577],[-120.85696074539477,44.376844019432134],[-120.85732118362276,44.377537292702158],[-120.85737530262705,44.377620279943741],[-120.8575139602861,44.377735592527173],[-120.85766876426406,44.377799975009239],[-120.85770651326894,44.377831368779162],[-120.85800834540778,44.378235997942298],[-120.85841952856781,44.379396075996532],[-120.85917612293778,44.380057027634614],[-120.85948731372523,44.380331605865265],[-120.85955659359658,44.380767819890671],[-120.85919187399797,44.381093921497019],[-120.85846378676523,44.381346032294303],[-120.85726653551077,44.38220586551143],[-120.85667852527523,44.382559453321846],[-120.85532874367878,44.383569700237281],[-120.85531649964145,44.383573330758118],[-120.85460379965123,44.383988698734342],[-120.85402473214434,44.384382752808925],[-120.8537286707829,44.384758304681782],[-120.85367170771242,44.384864506883623],[-120.85353261796372,44.385123825700184],[-120.85328285756864,44.385595527978332],[-120.85328770487791,44.385917185897931],[-120.85330610147665,44.38632247048546],[-120.85319041733267,44.386760961226173],[-120.85291224053019,44.387101117334161],[-120.85243576242539,44.387413723051928],[-120.85242245747773,44.387419622020047],[-120.85235059854321,44.387471672090633],[-120.8510674171436,44.388043021928645],[-120.85096319640095,44.388081490942263],[-120.85054548698035,44.388235665893035],[-120.84970514537142,44.38850568067555],[-120.84878922400607,44.388571794842619],[-120.84814104371448,44.38858339931884],[-120.84749504543072,44.388535492082056],[-120.84691456487391,44.38851263810546],[-120.84654941767724,44.388505749363972],[-120.84611526100211,44.38856902034729],[-120.84564747050442,44.388643563198258],[-120.84521505925586,44.388659222833979],[-120.84467912795066,44.388780116570381],[-120.84422662049089,44.388890671556588],[-120.84388854851687,44.389051026917947],[-120.84365180740519,44.389165655789384],[-120.84352775365774,44.389377689658254],[-120.8435648693503,44.389723779366605],[-120.84363911421023,44.389963378340035],[-120.84367928956468,44.390226156391144],[-120.8436764284305,44.390304065328337],[-120.8436714212211,44.390440385658742],[-120.84349669440678,44.390675283456993],[-120.84335779599921,44.390782068702357],[-120.84304795627794,44.391102911770055],[-120.84264404228517,44.391278489920722],[-120.84194845789607,44.391391923033339],[-120.84185866948677,44.391406564496961],[-120.84179038315216,44.391398861504577],[-120.84147822038756,44.391363644052468],[-120.8410995221048,44.391273113862276],[-120.84068719179614,44.391193856260813],[-120.84048801373807,44.391190090767779],[-120.84035259720056,44.391258987825125],[-120.84032855648694,44.391461001515111],[-120.84032154962769,44.391651426690032],[-120.84030578599111,44.392079885561571],[-120.84028261843993,44.392258096450085],[-120.84029597908315,44.392437129717756],[-120.84032711738584,44.392854432391502],[-120.84057343094517,44.393326796429946],[-120.84062191661431,44.393419775478158],[-120.84065868645553,44.393454575104066],[-120.8409429484457,44.393723592062287],[-120.84124913741367,44.393979490808761],[-120.84190084808434,44.394325288849238],[-120.84226947804936,44.394426259678909],[-120.8423771483227,44.394455752263596],[-120.84306845673105,44.394645101530791],[-120.84408362486732,44.395045394793662],[-120.84460781249685,44.395245849139592],[-120.84505905063712,44.395623573366926],[-120.84539060174049,44.39609431809486],[-120.84550854514741,44.396501480259566],[-120.84582870022308,44.397291145790213],[-120.84614041383006,44.397841708605135],[-120.84650706660317,44.398843436495667],[-120.84660837410935,44.399290989772723],[-120.84751304856735,44.400752994937726],[-120.84797552193686,44.401261368042569],[-120.84817305428132,44.401418137753446],[-120.84869996290784,44.401689142990705],[-120.84952211632724,44.402042230596706],[-120.85008123404826,44.402291329071275],[-120.85065078839629,44.402405578380119],[-120.85170029373597,44.40238030319059],[-120.85185302440227,44.402324656916996],[-120.85248801113727,44.402431123754397],[-120.85270722701607,44.40257478940196],[-120.85309229255755,44.402883621536105],[-120.85362114783328,44.403510254969056],[-120.85378799732091,44.404013047603982],[-120.85384634559355,44.404671353156488],[-120.85407051118956,44.405517331456707],[-120.85414811485032,44.405734856011591],[-120.85446691616487,44.406096457107203],[-120.8549177006559,44.406433525676704],[-120.85533465369501,44.406643918920672],[-120.85541577515842,44.40669846947209],[-120.85548408844254,44.406717420936367],[-120.85607352610106,44.406954776741507],[-120.85680891843367,44.40729015194264],[-120.85720391305399,44.407392845292861],[-120.85808831253604,44.407742916323478],[-120.85888362339642,44.408258049648737],[-120.85925507766474,44.408550853505112],[-120.85935913940554,44.408886281160555],[-120.85919146616283,44.409383351586129],[-120.85910929187388,44.409622066637411],[-120.85899750192668,44.410097691251096],[-120.85878096931566,44.410503263357498],[-120.8585632131992,44.411005840594989],[-120.85852421823104,44.411276417681535],[-120.85844346328024,44.41166792916507],[-120.85826699014099,44.411950455319207],[-120.85811016315701,44.412149980977226],[-120.85767019078874,44.412368013466214],[-120.85739973770109,44.412493946782661],[-120.85699209749652,44.412736404261352],[-120.85675006800277,44.412993877312751],[-120.85650324869192,44.413382269025895],[-120.85628798809535,44.413956632626643],[-120.85626389887271,44.414020908535853],[-120.85623860590755,44.414114491874699],[-120.8561293941252,44.414518598160832],[-120.85612294871305,44.414534787943659],[-120.8560966909573,44.414958647966692],[-120.85611815440438,44.4152806167547],[-120.85607711307398,44.415494225574861],[-120.85590627506652,44.415622025136727],[-120.85564855919128,44.41569968466689],[-120.8553854156951,44.415778981581198],[-120.85486803639709,44.415840720336497],[-120.85436987385967,44.415831358692373],[-120.85346969816459,44.415909716056625],[-120.85278800352638,44.415920717096483],[-120.85220550625176,44.415945490442489],[-120.85159372389887,44.415862519679386],[-120.85100028963568,44.415732252860636],[-120.85057422318799,44.415569404010739],[-120.85029411321104,44.415504579908038],[-120.85007780787377,44.415512416398791],[-120.85001130379666,44.415546248108015],[-120.84980688766218,44.415650234645291],[-120.84972876836845,44.415755225819787],[-120.84968454161206,44.415814667499561],[-120.84974310907366,44.416030147974851],[-120.84989912757388,44.416307013656791],[-120.85007524318364,44.41648897686072],[-120.85025135969171,44.416670942706574],[-120.85035363917504,44.417053984431533],[-120.85035587867505,44.417899625800388],[-120.85037207619793,44.418364415426765],[-120.85040467066968,44.418609357291153],[-120.850437221124,44.418853945882894],[-120.85043637670765,44.419330325018791],[-120.85040231888027,44.41980607855875],[-120.85039711224488,44.419948101374835],[-120.85038268709805,44.420341652189734],[-120.85020571269888,44.420636065622688],[-120.85004972923295,44.421264351516456],[-120.85007598698868,44.421406620367563],[-120.8500903797962,44.421484606481457],[-120.85014678052127,44.42179021298513],[-120.85025386599138,44.422042334533685]]]},"properties":{"huc12":"170703051006","name":"McAllister Slough-Crooked River","tohuc":"170703051101","areasqkm":110.77,"states":"OR"}}]}