{
  "type": "FeatureCollection",
  "features": [
    {
      "type": "Feature",
      "geometry": {
        "type": "Polygon",
        "coordinates": [
          [
            [
              -120.93088305083617,
              44.30854133717832
            ],
            [
              -120.93125675448593,
              44.30854360184785
            ],
            [
              -120.93248481346308,
              44.30865135964863
            ],
            [
              -120.93443001639616,
              44.308934125225804
            ],
            [
              -120.93509579378585,
              44.30909921142491
            ],
            [
              -120.93562060843944,
              44.309386893664524
            ],
            [
              -120.93567964212666,
              44.30943764902343
            ],
            [
              -120.93599189651941,
              44.30961479939681
            ],
            [
              -120.93644088976977,
              44.30986588010888
            ],
            [
              -120.93671787360955,
              44.309913761696706
            ],
            [
              -120.93692143814113,
              44.30987594907882
            ],
            [
              -120.93699835818396,
              44.3098616613488
            ],
            [
              -120.93737780027178,
              44.30982563956636
            ],
            [
              -120.9377547405515,
              44.30986103332369
            ],
            [
              -120.93817146631687,
              44.309897142506465
            ],
            [
              -120.93842905732627,
              44.30993037831101
            ],
            [
              -120.93888175073727,
              44.31010324995908
            ],
            [
              -120.93913615811731,
              44.31020039988379
            ],
            [
              -120.93937185987821,
              44.310290406155836
            ],
            [
              -120.93978508940047,
              44.3104264936081
            ],
            [
              -120.94012275264102,
              44.310446875619185
            ],
            [
              -120.94056237286975,
              44.31039763943571
            ],
            [
              -120.94096426924638,
              44.31042296140252
            ],
            [
              -120.94119791386525,
              44.310437684173806
            ],
            [
              -120.94216362974515,
              44.31071234957422
            ],
            [
              -120.94285136735026,
              44.310967709194536
            ],
            [
              -120.94311461684764,
              44.31106434666511
            ],
            [
              -120.94385490320191,
              44.31119282419998
            ],
            [
              -120.94421373973374,
              44.31128480875612
            ],
            [
              -120.94533975728113,
              44.31144461101816
            ],
            [
              -120.94569796768718,
              44.311554584979284
            ],
            [
              -120.94589062217966,
              44.31164808081089
            ],
            [
              -120.94662348395812,
              44.31218342743953
            ],
            [
              -120.9468935112443,
              44.31244036190169
            ],
            [
              -120.94697182277753,
              44.31262183040373
            ],
            [
              -120.94699890877999,
              44.312878901143556
            ],
            [
              -120.94713078146368,
              44.31332241794748
            ],
            [
              -120.94728709011973,
              44.31376187039778
            ],
            [
              -120.94737762323238,
              44.313907545003445
            ],
            [
              -120.947636066743,
              44.31427230745672
            ],
            [
              -120.9479197349468,
              44.31456549720285
            ],
            [
              -120.94855223873834,
              44.31541863489548
            ],
            [
              -120.9492217297634,
              44.31606536395093
            ],
            [
              -120.94950572675057,
              44.31639456829603
            ],
            [
              -120.94989390136128,
              44.31701823889695
            ],
            [
              -120.9502050095037,
              44.31760451300168
            ],
            [
              -120.95054495626175,
              44.318668460545794
            ],
            [
              -120.95075300158996,
              44.319108837024345
            ],
            [
              -120.95075394212608,
              44.31921688906797
            ],
            [
              -120.95084527653593,
              44.31947511285082
            ],
            [
              -120.95084669138254,
              44.31965969920059
            ],
            [
              -120.95108200507119,
              44.320352646560586
            ],
            [
              -120.95150938665248,
              44.32108955131047
            ],
            [
              -120.95245079591737,
              44.322101254918636
            ],
            [
              -120.95260527111196,
              44.32221205981017
            ],
            [
              -120.9531697427921,
              44.322568788031376
            ],
            [
              -120.95404317114958,
              44.323034579650944
            ],
            [
              -120.95440288892871,
              44.32326159306551
            ],
            [
              -120.9545660292725,
              44.323344191905754
            ],
            [
              -120.95648268284752,
              44.324611645297836
            ],
            [
              -120.95727115393537,
              44.32508459387893
            ],
            [
              -120.95792711184065,
              44.325283261478596
            ],
            [
              -120.95971811446361,
              44.325519208502996
            ],
            [
              -120.96050034585346,
              44.32557070308087
            ],
            [
              -120.96081388843035,
              44.32563143937679
            ],
            [
              -120.96142773690839,
              44.325673904171026
            ],
            [
              -120.96193958078761,
              44.32567403334095
            ],
            [
              -120.96219543265862,
              44.325710105803154
            ],
            [
              -120.96270664951376,
              44.32570571852614
            ],
            [
              -120.96357537339411,
              44.32563117653826
            ],
            [
              -120.96459827602499,
              44.325608889883135
            ],
            [
              -120.96516070942774,
              44.32555138667507
            ],
            [
              -120.96597867849452,
              44.325516433591105
            ],
            [
              -120.96664343270311,
              44.32551476273164
            ],
            [
              -120.96741082212783,
              44.32555992604641
            ],
            [
              -120.96792284207685,
              44.32562305103554
            ],
            [
              -120.9685875908955,
              44.325598861528185
            ],
            [
              -120.96904742411641,
              44.325607036517304
            ],
            [
              -120.9694063720393,
              44.3256539303818
            ],
            [
              -120.97007081183753,
              44.32563872687976
            ],
            [
              -120.97062132279986,
              44.325565351836836
            ],
            [
              -120.97103375461815,
              44.32547821009825
            ],
            [
              -120.9715172009546,
              44.32531529582863
            ],
            [
              -120.97194045926868,
              44.32516560218385
            ],
            [
              -120.9723320735286,
              44.325006248578276
            ],
            [
              -120.97242586932236,
              44.32494554762319
            ],
            [
              -120.97278943189089,
              44.324794792668676
            ],
            [
              -120.97298692560777,
              44.324841173708634
            ],
            [
              -120.97315862150634,
              44.32505860282049
            ],
            [
              -120.97315665239925,
              44.32511573699212
            ],
            [
              -120.97315222460321,
              44.32524428594358
            ],
            [
              -120.97306639237443,
              44.325337652643086
            ],
            [
              -120.97304880246287,
              44.32535678725214
            ],
            [
              -120.97296478303437,
              44.325483924441016
            ],
            [
              -120.9729792683683,
              44.32564139446552
            ],
            [
              -120.97311461483723,
              44.325758133837105
            ],
            [
              -120.9734629294021,
              44.32605015700952
            ],
            [
              -120.97371323327793,
              44.32629756353626
            ],
            [
              -120.97395162189981,
              44.32653590926357
            ],
            [
              -120.97426213895083,
              44.326888002941566
            ],
            [
              -120.97464998567644,
              44.327439558077245
            ],
            [
              -120.97511658410974,
              44.32820857879955
            ],
            [
              -120.9754289921144,
              44.32890284340664
            ],
            [
              -120.97612928098064,
              44.330148655161196
            ],
            [
              -120.97636295344732,
              44.33062544865027
            ],
            [
              -120.97641537014415,
              44.330810938084625
            ],
            [
              -120.97672289760189,
              44.33139707564932
            ],
            [
              -120.97692205679532,
              44.33176072054208
            ],
            [
              -120.97700131784777,
              44.33205471928124
            ],
            [
              -120.9773396718928,
              44.33286197402172
            ],
            [
              -120.97739589924306,
              44.33348417354826
            ],
            [
              -120.97743677708006,
              44.33377749347042
            ],
            [
              -120.97744847943329,
              44.33381053840632
            ],
            [
              -120.97736447617442,
              44.33418005210392
            ],
            [
              -120.97739494702884,
              44.33445214158634
            ],
            [
              -120.97757061168437,
              44.334555296850915
            ],
            [
              -120.97773282406848,
              44.33452730719331
            ],
            [
              -120.97787108467217,
              44.33450344905333
            ],
            [
              -120.978152145965,
              44.33443696863656
            ],
            [
              -120.9785943757996,
              44.334316168325095
            ],
            [
              -120.97907394770222,
              44.334267490620235
            ],
            [
              -120.97967194271213,
              44.33424948915035
            ],
            [
              -120.9799719198299,
              44.334211920316804
            ],
            [
              -120.98041431675112,
              44.33417009974943
            ],
            [
              -120.98099076477064,
              44.33411560497245
            ],
            [
              -120.98135142308584,
              44.33405052036576
            ],
            [
              -120.98191402267693,
              44.33390325342203
            ],
            [
              -120.98292022652501,
              44.333651370851406
            ],
            [
              -120.98312670249642,
              44.33361698868029
            ],
            [
              -120.98404526760368,
              44.33339462179585
            ],
            [
              -120.9849648298409,
              44.3332803014141
            ],
            [
              -120.98557803871847,
              44.33313806374009
            ],
            [
              -120.9860893085742,
              44.33311106486852
            ],
            [
              -120.98711022413168,
              44.33296700192325
            ],
            [
              -120.98782644012792,
              44.332930100527385
            ],
            [
              -120.98823536492333,
              44.33286977917045
            ],
            [
              -120.99115058756483,
              44.33283104128238
            ],
            [
              -120.9918670002921,
              44.332857138774294
            ],
            [
              -120.99232701766768,
              44.33281570791619
            ],
            [
              -120.99304278360793,
              44.33281477813436
            ],
            [
              -120.99416743841104,
              44.332708486688354
            ],
            [
              -120.99447404689225,
              44.332659851343124
            ],
            [
              -120.99620770915234,
              44.33209607292642
            ],
            [
              -120.99707573773665,
              44.33185920906622
            ],
            [
              -120.99790161557122,
              44.33168257821459
            ],
            [
              -120.99814955418289,
              44.3315789661689
            ],
            [
              -120.99845205826155,
              44.33146635984566
            ],
            [
              -120.99876912403097,
              44.33136472654647
            ],
            [
              -120.99920740846481,
              44.331211623410404
            ],
            [
              -120.99975016247467,
              44.33106034672256
            ],
            [
              -121.00018479885014,
              44.331014365142956
            ],
            [
              -121.00045235217605,
              44.331051206699335
            ],
            [
              -121.00070388674382,
              44.33111992455146
            ],
            [
              -121.00091597988072,
              44.33115767335946
            ],
            [
              -121.0009710744554,
              44.33116747971775
            ],
            [
              -121.00143228569196,
              44.3312184282883
            ],
            [
              -121.00183489083938,
              44.33123619550593
            ],
            [
              -121.00234051388522,
              44.33129863775517
            ],
            [
              -121.00265429900725,
              44.331293407837805
            ],
            [
              -121.00362182858568,
              44.33137998768118
            ],
            [
              -121.00369648846726,
              44.33138666659508
            ],
            [
              -121.00432078704699,
              44.33147261272381
            ],
            [
              -121.00463093848369,
              44.33157450543507
            ],
            [
              -121.00484908536727,
              44.33170769694021
            ],
            [
              -121.00493818566703,
              44.331762098211804
            ],
            [
              -121.00522869094844,
              44.3320029920032
            ],
            [
              -121.00553521588634,
              44.332212008454505
            ],
            [
              -121.00596368353078,
              44.33234812089029
            ],
            [
              -121.00627456799272,
              44.33242858133919
            ],
            [
              -121.00677839081476,
              44.332544568900005
            ],
            [
              -121.00698195085478,
              44.332627886545296
            ],
            [
              -121.00716136417995,
              44.332701319579755
            ],
            [
              -121.00749956551138,
              44.33285728849027
            ],
            [
              -121.0075286888929,
              44.3328792356912
            ],
            [
              -121.00770198648763,
              44.33305376370945
            ],
            [
              -121.0078297844132,
              44.33324893517181
            ],
            [
              -121.00816871338,
              44.333383478016536
            ],
            [
              -121.00843483119809,
              44.33346315184744
            ],
            [
              -121.00856843313872,
              44.33348692173867
            ],
            [
              -121.00876137509206,
              44.33352244258558
            ],
            [
              -121.00901692063756,
              44.333473304155326
            ],
            [
              -121.00910973816599,
              44.33337845068904
            ],
            [
              -121.00930775380407,
              44.33326399469701
            ],
            [
              -121.00948794686691,
              44.333234977622304
            ],
            [
              -121.00973255093226,
              44.33306773736595
            ],
            [
              -121.00982681384995,
              44.3329300330589
            ],
            [
              -121.00993672721656,
              44.33277116318914
            ],
            [
              -121.01009141531182,
              44.33261307488508
            ],
            [
              -121.01032000331398,
              44.33247771036383
            ],
            [
              -121.01039889785382,
              44.33240318212238
            ],
            [
              -121.01133279271137,
              44.3319372599137
            ],
            [
              -121.01145924585902,
              44.33179091424843
            ],
            [
              -121.0114553372892,
              44.33134969930487
            ],
            [
              -121.01149212330007,
              44.3311657807459
            ],
            [
              -121.01159330504211,
              44.330978481005296
            ],
            [
              -121.0117197572914,
              44.33083213166239
            ],
            [
              -121.01196196016,
              44.33064728680488
            ],
            [
              -121.01252096648993,
              44.33038925870538
            ],
            [
              -121.01297291968913,
              44.330364739589626
            ],
            [
              -121.01342050348283,
              44.33046966914983
            ],
            [
              -121.01351544373026,
              44.330523407781165
            ],
            [
              -121.013831017398,
              44.330663003074235
            ],
            [
              -121.01399653378573,
              44.330754634533996
            ],
            [
              -121.01405090970819,
              44.330784738797036
            ],
            [
              -121.0141805312138,
              44.330926340884865
            ],
            [
              -121.01419576394608,
              44.3309308106641
            ],
            [
              -121.01430472330182,
              44.33096279630679
            ],
            [
              -121.01449105904457,
              44.331017493212656
            ],
            [
              -121.01564244052402,
              44.330973193869895
            ],
            [
              -121.01679851300588,
              44.33078961662564
            ],
            [
              -121.01775875275578,
              44.3306562251203
            ],
            [
              -121.01864689282269,
              44.33044653933479
            ],
            [
              -121.01927913969607,
              44.33029672384161
            ],
            [
              -121.02010792897045,
              44.33007527869124
            ],
            [
              -121.02057672019136,
              44.32990118262619
            ],
            [
              -121.02152309444486,
              44.32973536070248
            ],
            [
              -121.0218830835152,
              44.32968800357865
            ],
            [
              -121.0218875849731,
              44.32968787248976
            ],
            [
              -121.02189969516142,
              44.32968996477109
            ],
            [
              -121.02236301474395,
              44.329688986745225
            ],
            [
              -121.02297843707036,
              44.32978066792113
            ],
            [
              -121.02395211202366,
              44.329802019306086
            ],
            [
              -121.02441308430836,
              44.32980099051737
            ],
            [
              -121.02488572031866,
              44.32973263996777
            ],
            [
              -121.02517954846833,
              44.329643189799896
            ],
            [
              -121.02563800187694,
              44.32939003008728
            ],
            [
              -121.02593035948448,
              44.32913399815141
            ],
            [
              -121.02635140794298,
              44.328920701289896
            ],
            [
              -121.02696448297156,
              44.32877824355406
            ],
            [
              -121.02834541454881,
              44.32859952459828
            ],
            [
              -121.02936818782229,
              44.32832457984695
            ],
            [
              -121.0298785917021,
              44.32815782746592
            ],
            [
              -121.03095218356951,
              44.327933262071284
            ],
            [
              -121.03161722254403,
              44.32787720573442
            ],
            [
              -121.03202677346519,
              44.32786625433312
            ],
            [
              -121.03223176092821,
              44.32790129726781
            ],
            [
              -121.03289752663979,
              44.327917266819476
            ],
            [
              -121.03356307585737,
              44.3278927158249
            ],
            [
              -121.03438390605832,
              44.32798337098797
            ],
            [
              -121.03505028621758,
              44.328098371937074
            ],
            [
              -121.03577987184016,
              44.328302799304836
            ],
            [
              -121.03622809523435,
              44.32852070075297
            ],
            [
              -121.03669709666104,
              44.32878602161438
            ],
            [
              -121.03700228939735,
              44.32903780812818
            ],
            [
              -121.03727727628224,
              44.32929979028799
            ],
            [
              -121.03781733804115,
              44.329673522111214
            ],
            [
              -121.03805791046749,
              44.329787282115376
            ],
            [
              -121.03808716949463,
              44.32981162475999
            ],
            [
              -121.03891144922628,
              44.33029393630403
            ],
            [
              -121.03968170427677,
              44.33058625111829
            ],
            [
              -121.04004112112027,
              44.33066894438584
            ],
            [
              -121.04122285128325,
              44.33105834059552
            ],
            [
              -121.04183824037202,
              44.33119943503035
            ],
            [
              -121.04209536246084,
              44.33129387177693
            ],
            [
              -121.04250586110463,
              44.33137293157556
            ],
            [
              -121.04443348131265,
              44.33215319960083
            ],
            [
              -121.04560529946482,
              44.33286648606224
            ],
            [
              -121.04572735895236,
              44.332963149153606
            ],
            [
              -121.04594335257423,
              44.33320009080215
            ],
            [
              -121.0463182554749,
              44.33360311217967
            ],
            [
              -121.04666153138935,
              44.334059183795986
            ],
            [
              -121.04683281675783,
              44.33429793298486
            ],
            [
              -121.04709259247001,
              44.33457035154285
            ],
            [
              -121.04720701987091,
              44.33472237544346
            ],
            [
              -121.04722152317117,
              44.33474107649114
            ],
            [
              -121.04723473918564,
              44.334787163737616
            ],
            [
              -121.04749486434247,
              44.335499068209806
            ],
            [
              -121.04765762200392,
              44.33599492877957
            ],
            [
              -121.04784364513297,
              44.3362255357732
            ],
            [
              -121.04804897126085,
              44.3362627589257
            ],
            [
              -121.04875719943759,
              44.33616379076548
            ],
            [
              -121.04899644056069,
              44.33616787977277
            ],
            [
              -121.04909109244892,
              44.336071051052734
            ],
            [
              -121.04914292973238,
              44.335935985576654
            ],
            [
              -121.0491226430783,
              44.33583367444888
            ],
            [
              -121.04870570171728,
              44.33555464628891
            ],
            [
              -121.04835919007117,
              44.335293812000465
            ],
            [
              -121.04831749836052,
              44.33512316062508
            ],
            [
              -121.04839919744067,
              44.334801670286424
            ],
            [
              -121.04853103868335,
              44.33439606577815
            ],
            [
              -121.04873612496102,
              44.333923737796525
            ],
            [
              -121.0489113485437,
              44.33363783362489
            ],
            [
              -121.04915643141109,
              44.33338710972066
            ],
            [
              -121.04956828291775,
              44.33310524717486
            ],
            [
              -121.04988209678582,
              44.33292367174402
            ],
            [
              -121.05003139588771,
              44.33270530023595
            ],
            [
              -121.05001392635039,
              44.33251806645527
            ],
            [
              -121.04971418908279,
              44.332275029900295
            ],
            [
              -121.04946178225089,
              44.332032803257526
            ],
            [
              -121.04939169030253,
              44.3319587030433
            ],
            [
              -121.04922769745752,
              44.33188421269643
            ],
            [
              -121.04891177614176,
              44.33150364770611
            ],
            [
              -121.04820638664134,
              44.33070910123654
            ],
            [
              -121.04790438651754,
              44.33029767615387
            ],
            [
              -121.04786065113963,
              44.33024468014567
            ],
            [
              -121.04740862877011,
              44.32978680659769
            ],
            [
              -121.04670255026187,
              44.329176247710045
            ],
            [
              -121.04604284189026,
              44.32877239265788
            ],
            [
              -121.04576655873642,
              44.32822410743807
            ],
            [
              -121.0439485249082,
              44.325648830416384
            ],
            [
              -121.04204175639455,
              44.32353251150541
            ],
            [
              -121.04070862058035,
              44.32187897098109
            ],
            [
              -121.0405905361379,
              44.32163536270015
            ],
            [
              -121.04058005998506,
              44.32131810633869
            ],
            [
              -121.04080180731631,
              44.32097463688
            ],
            [
              -121.04098352212527,
              44.320570082667935
            ],
            [
              -121.04104213090932,
              44.32007282492524
            ],
            [
              -121.0409941339237,
              44.31961903411979
            ],
            [
              -121.04095840253497,
              44.319112609080044
            ],
            [
              -121.04076377624044,
              44.318641204998045
            ],
            [
              -121.04048206277074,
              44.318258899086295
            ],
            [
              -121.03932187959813,
              44.31741609917458
            ],
            [
              -121.03860432601041,
              44.316860218684916
            ],
            [
              -121.03803089273698,
              44.3163974021286
            ],
            [
              -121.03760510027548,
              44.31592202078997
            ],
            [
              -121.03720334762929,
              44.31535645855138
            ],
            [
              -121.0369712544009,
              44.314748513318094
            ],
            [
              -121.03694883514638,
              44.31415927003943
            ],
            [
              -121.03709455356355,
              44.313572917804414
            ],
            [
              -121.03722478412692,
              44.31282021046116
            ],
            [
              -121.03709014642877,
              44.3114967414577
            ],
            [
              -121.03684107504152,
              44.31076771330451
            ],
            [
              -121.03633579335543,
              44.31015507047171
            ],
            [
              -121.03508704438069,
              44.309137064397895
            ],
            [
              -121.03395486079717,
              44.308407931080694
            ],
            [
              -121.0329904968818,
              44.30800630445643
            ],
            [
              -121.03272687817682,
              44.30771488444612
            ],
            [
              -121.03257034853519,
              44.30736491341783
            ],
            [
              -121.03258849270732,
              44.30682166343919
            ],
            [
              -121.03310155739699,
              44.305939664620205
            ],
            [
              -121.03332781966087,
              44.30546039542109
            ],
            [
              -121.03353306404205,
              44.304980765519964
            ],
            [
              -121.033594233923,
              44.30440805713473
            ],
            [
              -121.03353078771113,
              44.30284422679503
            ],
            [
              -121.03341236460383,
              44.30103786516432
            ],
            [
              -121.03326843922396,
              44.30031063777816
            ],
            [
              -121.03293692045993,
              44.299534881948276
            ],
            [
              -121.03265096065387,
              44.29865421896015
            ],
            [
              -121.03241055890742,
              44.29766864537967
            ],
            [
              -121.03240818825334,
              44.297109943040184
            ],
            [
              -121.03257088572772,
              44.2966446786028
            ],
            [
              -121.03279657756138,
              44.29523681456018
            ],
            [
              -121.03304935000764,
              44.294591914804535
            ],
            [
              -121.03309403041322,
              44.29388303359581
            ],
            [
              -121.03299617333607,
              44.29303580512512
            ],
            [
              -121.03273427220994,
              44.29206496171562
            ],
            [
              -121.03264474610872,
              44.29016222303997
            ],
            [
              -121.03135170030899,
              44.290139941561286
            ],
            [
              -121.03089631554538,
              44.290192712726174
            ],
            [
              -121.03088369421563,
              44.29019445532416
            ],
            [
              -121.03040212984969,
              44.29031477805464
            ],
            [
              -121.03008012873609,
              44.29042356085665
            ],
            [
              -121.02969798990581,
              44.290545598055445
            ],
            [
              -121.02919414462588,
              44.29073699172959
            ],
            [
              -121.02874852005783,
              44.290972266819075
            ],
            [
              -121.02824466669307,
              44.29116365845979
            ],
            [
              -121.02786204187422,
              44.29129997158272
            ],
            [
              -121.02747989406078,
              44.291422000530375
            ],
            [
              -121.02713799616194,
              44.291530430840865
            ],
            [
              -121.02667773354634,
              44.291608231839625
            ],
            [
              -121.0261810469409,
              44.29158535483946
            ],
            [
              -121.02579259025924,
              44.29149471867224
            ],
            [
              -121.0256515475731,
              44.291568494475584
            ],
            [
              -121.02521965375416,
              44.291747962161786
            ],
            [
              -121.02488347812373,
              44.2918950944424
            ],
            [
              -121.02463847430808,
              44.292145768691725
            ],
            [
              -121.02446326599674,
              44.29243163844799
            ],
            [
              -121.02431341263431,
              44.2926669633326
            ],
            [
              -121.02411626297217,
              44.292901470670074
            ],
            [
              -121.0238245261005,
              44.29313434065422
            ],
            [
              -121.02341455027617,
              44.29336516114771
            ],
            [
              -121.0229111254078,
              44.29356037527145
            ],
            [
              -121.02214529635674,
              44.29381901864724
            ],
            [
              -121.02154962978005,
              44.29412022952941
            ],
            [
              -121.02113978870304,
              44.29448042764147
            ],
            [
              -121.02058080752589,
              44.294958182903045
            ],
            [
              -121.02021809027205,
              44.295317476361745
            ],
            [
              -121.0199336836531,
              44.29570249972118
            ],
            [
              -121.01996417247383,
              44.29614172660722
            ],
            [
              -121.02026107106516,
              44.29673180465428
            ],
            [
              -121.0209467129007,
              44.297198633980706
            ],
            [
              -121.0215182237794,
              44.29769597753377
            ],
            [
              -121.02191729585277,
              44.29861278066279
            ],
            [
              -121.0220090910984,
              44.29924804509149
            ],
            [
              -121.02192490637987,
              44.29973402952403
            ],
            [
              -121.02158981232103,
              44.30028065996161
            ],
            [
              -121.02098173551867,
              44.300871302677905
            ],
            [
              -121.0202165775091,
              44.30175980727542
            ],
            [
              -121.01992411569704,
              44.302086465641146
            ],
            [
              -121.01964501183319,
              44.302520005341755
            ],
            [
              -121.0187853025467,
              44.303819965572906
            ],
            [
              -121.01803492631514,
              44.30423570615351
            ],
            [
              -121.01803333809376,
              44.304236388882835
            ],
            [
              -121.01702211445988,
              44.304913379277174
            ],
            [
              -121.0161420394676,
              44.305515521105285
            ],
            [
              -121.01510255483491,
              44.306147382809925
            ],
            [
              -121.01427259415739,
              44.306604149386715
            ],
            [
              -121.01314206886387,
              44.30725065737447
            ],
            [
              -121.01238609702644,
              44.30752503041385
            ],
            [
              -121.01229597444386,
              44.30754257274411
            ],
            [
              -121.01205046757165,
              44.307590366873264
            ],
            [
              -121.01181595787516,
              44.30758628358778
            ],
            [
              -121.0116027490307,
              44.307605697833665
            ],
            [
              -121.00982227017126,
              44.307395957297366
            ],
            [
              -121.0090632772995,
              44.30709026385165
            ],
            [
              -121.0079821045494,
              44.30627525782992
            ],
            [
              -121.00739630416949,
              44.30586695986585
            ],
            [
              -121.00674766034722,
              44.30564441707125
            ],
            [
              -121.0056864867903,
              44.30557714730447
            ],
            [
              -121.00496506415865,
              44.30549955574148
            ],
            [
              -121.00401311046893,
              44.30554791531969
            ],
            [
              -121.00315986456091,
              44.305354271695855
            ],
            [
              -121.00265242601986,
              44.30497169343411
            ],
            [
              -121.00139433726108,
              44.3040397933578
            ],
            [
              -121.00111414823238,
              44.30362868911174
            ],
            [
              -121.00090510757083,
              44.303121341113794
            ],
            [
              -121.00094432352456,
              44.30255122664959
            ],
            [
              -121.00108462510059,
              44.302242878541165
            ],
            [
              -121.00108616391466,
              44.3022394988517
            ],
            [
              -121.00108716194295,
              44.30223856537077
            ],
            [
              -121.0014766750434,
              44.30187474004766
            ],
            [
              -121.00179198550475,
              44.30138003500286
            ],
            [
              -121.0019869837018,
              44.30091180652225
            ],
            [
              -121.00191273884187,
              44.3001673159285
            ],
            [
              -121.00176038995959,
              44.299378582703575
            ],
            [
              -121.001698768226,
              44.29884869734843
            ],
            [
              -121.00177031634347,
              44.29841466183773
            ],
            [
              -121.00177394104564,
              44.298392663809786
            ],
            [
              -121.00180404359081,
              44.29836464275297
            ],
            [
              -121.00212708675014,
              44.29806391462903
            ],
            [
              -121.0022260253989,
              44.29797181098456
            ],
            [
              -121.00287359663271,
              44.29765442025856
            ],
            [
              -121.0030394040746,
              44.2976023398908
            ],
            [
              -121.00408044908094,
              44.29727534153195
            ],
            [
              -121.00484539868134,
              44.297017160229615
            ],
            [
              -121.00520918942198,
              44.29685201047608
            ],
            [
              -121.00553368875036,
              44.296671881356794
            ],
            [
              -121.00576164433853,
              44.296404312157215
            ],
            [
              -121.00597019541829,
              44.29612211246715
            ],
            [
              -121.00606473861035,
              44.29568070578302
            ],
            [
              -121.00599727423419,
              44.29532222597352
            ],
            [
              -121.00597152312824,
              44.29490730507621
            ],
            [
              -121.00586138697949,
              44.29463382917019
            ],
            [
              -121.00541510125137,
              44.29429731617815
            ],
            [
              -121.00479080536658,
              44.29392910728938
            ],
            [
              -121.00457835200525,
              44.29385567394751
            ],
            [
              -121.00316227204588,
              44.293265752180474
            ],
            [
              -121.00126203069108,
              44.292598837653514
            ],
            [
              -121.00081310391606,
              44.29249095843752
            ],
            [
              -121.00060479627977,
              44.29238379468355
            ],
            [
              -120.99980254144225,
              44.29198385755974
            ],
            [
              -120.99913998990277,
              44.29157206896829
            ],
            [
              -120.99883442616223,
              44.29119511793444
            ],
            [
              -120.99862684077142,
              44.29086276035235
            ],
            [
              -120.9985689811823,
              44.2907484098194
            ],
            [
              -120.99852159325442,
              44.290637334608995
            ],
            [
              -120.99853140195903,
              44.290348605596215
            ],
            [
              -120.99825920074983,
              44.29000395111775
            ],
            [
              -120.99802851877477,
              44.28982996442658
            ],
            [
              -120.99779722504698,
              44.289709674140475
            ],
            [
              -120.99773297663954,
              44.28964655038511
            ],
            [
              -120.99732654736398,
              44.289310702006794
            ],
            [
              -120.99717796062609,
              44.28917355667923
            ],
            [
              -120.99696937720702,
              44.288778478372954
            ],
            [
              -120.99689386751918,
              44.28767228446124
            ],
            [
              -120.99703006918423,
              44.28699225101185
            ],
            [
              -120.99774353903067,
              44.28596487885634
            ],
            [
              -120.99815452815463,
              44.28553619883064
            ],
            [
              -120.99819334795129,
              44.28546702180963
            ],
            [
              -120.99842371731263,
              44.28512804859907
            ],
            [
              -120.99872819678663,
              44.28486448401679
            ],
            [
              -120.99873119715969,
              44.284861888532
            ],
            [
              -120.9989538005854,
              44.28475145170499
            ],
            [
              -120.99911675407961,
              44.284639970298905
            ],
            [
              -120.99928164434158,
              44.2844713529358
            ],
            [
              -120.9993063785546,
              44.28432886509889
            ],
            [
              -120.9993618423369,
              44.2841785505001
            ],
            [
              -120.99943295477142,
              44.284116700552886
            ],
            [
              -120.99975788439285,
              44.28392230263748
            ],
            [
              -121.00022344796692,
              44.28368748999062
            ],
            [
              -121.00038688026319,
              44.28356172208116
            ],
            [
              -121.00079521306886,
              44.28325444533956
            ],
            [
              -121.00110363884187,
              44.2829597075257
            ],
            [
              -121.00129421732774,
              44.28262003365092
            ],
            [
              -121.00132233639276,
              44.28237755956698
            ],
            [
              -121.0012355178138,
              44.28200444422786
            ],
            [
              -121.0011705193131,
              44.28157453974228
            ],
            [
              -121.000945977323,
              44.28115613760086
            ],
            [
              -121.00071783668187,
              44.280972548556036
            ],
            [
              -121.00065548731293,
              44.28092237634288
            ],
            [
              -121.00018363732849,
              44.28075690028178
            ],
            [
              -120.99986551334366,
              44.2807513275739
            ],
            [
              -120.99940773007823,
              44.28075760129172
            ],
            [
              -120.99883210491552,
              44.28071892868251
            ],
            [
              -120.9980377723205,
              44.28067642171116
            ],
            [
              -120.99772159228993,
              44.280613707569046
            ],
            [
              -120.99695191755116,
              44.28040661935457
            ],
            [
              -120.99673470491543,
              44.28037409550537
            ],
            [
              -120.99489891498732,
              44.27982195393528
            ],
            [
              -120.99400694809734,
              44.2794488384446
            ],
            [
              -120.99337025276667,
              44.27888522147903
            ],
            [
              -120.99128042466612,
              44.27815795386321
            ],
            [
              -120.99057043040153,
              44.2777555144525
            ],
            [
              -120.98963442809628,
              44.27734909494885
            ],
            [
              -120.98909641269958,
              44.277209642952734
            ],
            [
              -120.98846023479851,
              44.27729593149105
            ],
            [
              -120.9879078176112,
              44.27757867185447
            ],
            [
              -120.98757809008784,
              44.27796282039461
            ],
            [
              -120.98693303413683,
              44.278308914801556
            ],
            [
              -120.9865105268143,
              44.27837694000097
            ],
            [
              -120.98626556791442,
              44.278335356835186
            ],
            [
              -120.98620139676208,
              44.27832446179006
            ],
            [
              -120.98613157700328,
              44.27826771104951
            ],
            [
              -120.98594976697292,
              44.27811993492016
            ],
            [
              -120.98582133483673,
              44.277803240213885
            ],
            [
              -120.98574864496057,
              44.27760186945978
            ],
            [
              -120.98549848751017,
              44.27735448789302
            ],
            [
              -120.98516490082434,
              44.27721997350382
            ],
            [
              -120.98476874108908,
              44.2771701048772
            ],
            [
              -120.98447198712654,
              44.27712199141432
            ],
            [
              -120.984076806555,
              44.27704355507195
            ],
            [
              -120.98374371304428,
              44.27689475193618
            ],
            [
              -120.98373028772234,
              44.27688006127298
            ],
            [
              -120.98354366362038,
              44.27656746848144
            ],
            [
              -120.98347601958116,
              44.27590010193698
            ],
            [
              -120.98347562791572,
              44.275250168519925
            ],
            [
              -120.98345096826283,
              44.27464855248065
            ],
            [
              -120.98323123405616,
              44.27379977109172
            ],
            [
              -120.98264878978212,
              44.27297708355786
            ],
            [
              -120.98220982981515,
              44.27159636377534
            ],
            [
              -120.98182526014372,
              44.2709396461509
            ],
            [
              -120.9814295837021,
              44.27060769434583
            ],
            [
              -120.98065195348313,
              44.27020399843043
            ],
            [
              -120.97980653639284,
              44.26979909879756
            ],
            [
              -120.97638165277829,
              44.26911293728925
            ],
            [
              -120.97482625220316,
              44.26897164082682
            ],
            [
              -120.97164585766959,
              44.2690695805427
            ],
            [
              -120.96887989640076,
              44.269280413856116
            ],
            [
              -120.9668845072877,
              44.2694399020397
            ],
            [
              -120.96479647491937,
              44.269662697829574
            ],
            [
              -120.96384732936323,
              44.269645787432346
            ],
            [
              -120.96235694435681,
              44.269586720970125
            ],
            [
              -120.9611411114507,
              44.26943504612812
            ],
            [
              -120.95537006187598,
              44.26957563711695
            ],
            [
              -120.95304360585148,
              44.27015141064467
            ],
            [
              -120.95062106871913,
              44.27088789394429
            ],
            [
              -120.94597073034342,
              44.27260792798865
            ],
            [
              -120.94458533503754,
              44.273427914711654
            ],
            [
              -120.94333323444843,
              44.27431527926819
            ],
            [
              -120.94216243588413,
              44.275464061811114
            ],
            [
              -120.94173231444125,
              44.27612120483067
            ],
            [
              -120.94136542002134,
              44.27649588378617
            ],
            [
              -120.94108770764788,
              44.27683862690676
            ],
            [
              -120.94078331800544,
              44.27721428726309
            ],
            [
              -120.94078128960952,
              44.27721729149691
            ],
            [
              -120.94057353353882,
              44.27752492975701
            ],
            [
              -120.94044426417278,
              44.277808443383975
            ],
            [
              -120.94048547348815,
              44.27815363956691
            ],
            [
              -120.94049042949356,
              44.27819516304775
            ],
            [
              -120.94057985408514,
              44.27848262047272
            ],
            [
              -120.94069065588555,
              44.2787275841889
            ],
            [
              -120.94071993647223,
              44.27902824861348
            ],
            [
              -120.94065230680609,
              44.27925570172571
            ],
            [
              -120.9404202549002,
              44.279315064606884
            ],
            [
              -120.94039135519921,
              44.279322456905675
            ],
            [
              -120.94015327649608,
              44.279303869395044
            ],
            [
              -120.93981978682832,
              44.27916922247847
            ],
            [
              -120.93918348046819,
              44.27874041954429
            ],
            [
              -120.93910065939225,
              44.27868460499031
            ],
            [
              -120.93846006986483,
              44.27822998417029
            ],
            [
              -120.93811320607911,
              44.27790929475008
            ],
            [
              -120.93772158553098,
              44.277730715435645
            ],
            [
              -120.93715053997963,
              44.27756318769867
            ],
            [
              -120.93654073841192,
              44.27736637102022
            ],
            [
              -120.93625253191932,
              44.27707531989621
            ],
            [
              -120.93617951236145,
              44.276888201885676
            ],
            [
              -120.93618280917855,
              44.276794011383856
            ],
            [
              -120.93618601346915,
              44.276702520127245
            ],
            [
              -120.93613037361709,
              44.27658717791004
            ],
            [
              -120.93590331275092,
              44.276254353053055
            ],
            [
              -120.93573289425672,
              44.27600830748743
            ],
            [
              -120.93552521903436,
              44.275690124006836
            ],
            [
              -120.93513362094414,
              44.275511537304865
            ],
            [
              -120.93471764257708,
              44.275461138529174
            ],
            [
              -120.9342996618653,
              44.27546786754455
            ],
            [
              -120.9340814565912,
              44.275485238717394
            ],
            [
              -120.93386079801807,
              44.275502805413566
            ],
            [
              -120.93366350103223,
              44.275456358367876
            ],
            [
              -120.93326881722898,
              44.27530400017145
            ],
            [
              -120.9329353904433,
              44.27579765138622
            ],
            [
              -120.93240842073132,
              44.27640136077662
            ],
            [
              -120.93210816333917,
              44.27685018405055
            ],
            [
              -120.9311277177836,
              44.27776365880288
            ],
            [
              -120.93041114605448,
              44.27836392576918
            ],
            [
              -120.93013365197164,
              44.278810351826195
            ],
            [
              -120.9293480069837,
              44.27956859792811
            ],
            [
              -120.92904476628652,
              44.279706019721324
            ],
            [
              -120.92859053226479,
              44.27989429605373
            ],
            [
              -120.92786292563072,
              44.28007761256261
            ],
            [
              -120.9272111260269,
              44.28022656777841
            ],
            [
              -120.92663388030341,
              44.28037687383808
            ],
            [
              -120.92630640575481,
              44.28049598443996
            ],
            [
              -120.92613078421844,
              44.2806687260257
            ],
            [
              -120.92611786105478,
              44.280681438762485
            ],
            [
              -120.92607456854627,
              44.280724020976244
            ],
            [
              -120.92606514342232,
              44.28099182625587
            ],
            [
              -120.92624825421319,
              44.28144178173052
            ],
            [
              -120.92649587302465,
              44.28217875250316
            ],
            [
              -120.92659025811322,
              44.28233177199952
            ],
            [
              -120.92670761492026,
              44.28252203548516
            ],
            [
              -120.92676521130302,
              44.283005441226145
            ],
            [
              -120.92677435884754,
              44.283452235882486
            ],
            [
              -120.92626633370662,
              44.2844613252678
            ],
            [
              -120.92596332477476,
              44.28476752753342
            ],
            [
              -120.92584846079264,
              44.28492068690977
            ],
            [
              -120.92531579666004,
              44.285433192099696
            ],
            [
              -120.9243625125654,
              44.286145121843994
            ],
            [
              -120.92395606532354,
              44.28654287243534
            ],
            [
              -120.92379205361388,
              44.28675146436502
            ],
            [
              -120.92331228677685,
              44.28760703515399
            ],
            [
              -120.92285596866365,
              44.28815242615459
            ],
            [
              -120.9219660508308,
              44.2887979644286
            ],
            [
              -120.92076965836576,
              44.28953695270816
            ],
            [
              -120.91982910878852,
              44.29021756692719
            ],
            [
              -120.91978043896476,
              44.29026210473916
            ],
            [
              -120.91941290943595,
              44.29050013386412
            ],
            [
              -120.91871845602577,
              44.291148487174326
            ],
            [
              -120.91804505732924,
              44.291904412248314
            ],
            [
              -120.91737945511105,
              44.29314283523279
            ],
            [
              -120.9172673992625,
              44.293498093469275
            ],
            [
              -120.9170586739096,
              44.29447686875727
            ],
            [
              -120.9172011125777,
              44.2953727247325
            ],
            [
              -120.91725915452481,
              44.295527197684684
            ],
            [
              -120.91726112003866,
              44.295829175219126
            ],
            [
              -120.91749755662146,
              44.29674278951397
            ],
            [
              -120.91760474629609,
              44.297478487533326
            ],
            [
              -120.91758231356683,
              44.297847202021536
            ],
            [
              -120.91760825152232,
              44.29795571048061
            ],
            [
              -120.91752731601017,
              44.29909311709084
            ],
            [
              -120.91757089148797,
              44.29989967972041
            ],
            [
              -120.91776578009055,
              44.30034888023822
            ],
            [
              -120.91825460284399,
              44.300816940908625
            ],
            [
              -120.91885808386532,
              44.30125557856923
            ],
            [
              -120.91957729933631,
              44.30170082002711
            ],
            [
              -120.92014052056156,
              44.301882131436216
            ],
            [
              -120.92116686104502,
              44.302328453344536
            ],
            [
              -120.92198743881943,
              44.30276652104315
            ],
            [
              -120.92338621093822,
              44.30360672518125
            ],
            [
              -120.92406696324366,
              44.30405574176103
            ],
            [
              -120.92429898011525,
              44.304253522687056
            ],
            [
              -120.92590386259116,
              44.30525049036141
            ],
            [
              -120.926777505646,
              44.305964078874105
            ],
            [
              -120.92784380049834,
              44.306703662413234
            ],
            [
              -120.92842207748775,
              44.307038256780686
            ],
            [
              -120.92912795207847,
              44.30753271293817
            ],
            [
              -120.93088305083617,
              44.30854133717832
            ]
          ]
        ]
      },
      "properties": {
        "huc12": "170703050809",
        "name": "Houston Lake-Dry River",
        "tohuc": "170703051006",
        "areasqkm": 43.64,
        "states": "OR"
      }
    },
    {
      "type": "Feature",
      "geometry": {
        "type": "Polygon",
        "coordinates": [
          [
            [
              -120.68558820259877,
              44.2416691094083
            ],
            [
              -120.68585953962867,
              44.24148341485819
            ],
            [
              -120.68653124320426,
              44.24141139808274
            ],
            [
              -120.68731698161697,
              44.24132714586037
            ],
            [
              -120.6900203365987,
              44.241338997657564
            ],
            [
              -120.6910247492061,
              44.24145317276575
            ],
            [
              -120.69170274098867,
              44.241530236912844
            ],
            [
              -120.69366527691518,
              44.242184461743484
            ],
            [
              -120.69468378229273,
              44.24257662658592
            ],
            [
              -120.6970513083937,
              44.24355339610615
            ],
            [
              -120.69784683395142,
              44.243978974894695
            ],
            [
              -120.69835615715796,
              44.24425144072195
            ],
            [
              -120.70018257586104,
              44.24491071460065
            ],
            [
              -120.70137552238866,
              44.2453413042816
            ],
            [
              -120.70170713906904,
              44.245505192764796
            ],
            [
              -120.70247291062795,
              44.24577364244833
            ],
            [
              -120.70252409124294,
              44.245791582894896
            ],
            [
              -120.70339400628934,
              44.24609653232593
            ],
            [
              -120.70341213968169,
              44.246102766628034
            ],
            [
              -120.70413793441381,
              44.24631994683117
            ],
            [
              -120.70572055304369,
              44.24666685691098
            ],
            [
              -120.70587428443324,
              44.246719461200364
            ],
            [
              -120.70684398883296,
              44.246864978446766
            ],
            [
              -120.71036598571963,
              44.24702116902842
            ],
            [
              -120.71093959506284,
              44.247005656230385
            ],
            [
              -120.71189536030431,
              44.246885260253656
            ],
            [
              -120.71266068809548,
              44.24689158713606
            ],
            [
              -120.71378416341061,
              44.247008614389465
            ],
            [
              -120.71444737341521,
              44.247044395425235
            ],
            [
              -120.71536669849718,
              44.24719783394316
            ],
            [
              -120.7163369544625,
              44.24745131855591
            ],
            [
              -120.71679670503842,
              44.24762706649112
            ],
            [
              -120.71740933629924,
              44.24779686613189
            ],
            [
              -120.71839325564004,
              44.248284683533115
            ],
            [
              -120.71873855456055,
              44.24848514704054
            ],
            [
              -120.71936615085568,
              44.248997350338094
            ],
            [
              -120.71957057238005,
              44.24921750364087
            ],
            [
              -120.71980889272997,
              44.24969492239529
            ],
            [
              -120.72060485127568,
              44.24951724636707
            ],
            [
              -120.72124227244511,
              44.24934990460835
            ],
            [
              -120.72136977662157,
              44.249352449540474
            ],
            [
              -120.72213487085074,
              44.24918314729132
            ],
            [
              -120.72228757905914,
              44.249181691109854
            ],
            [
              -120.7231675705081,
              44.24903718212957
            ],
            [
              -120.72366427058826,
              44.24892554352572
            ],
            [
              -120.72432715270777,
              44.24884872200509
            ],
            [
              -120.72539870270457,
              44.24881154765015
            ],
            [
              -120.72667476136228,
              44.24880994538991
            ],
            [
              -120.72728733063936,
              44.24884014251789
            ],
            [
              -120.7290736701077,
              44.248902684653615
            ],
            [
              -120.73029839813177,
              44.24907557830116
            ],
            [
              -120.73162574789727,
              44.249083944120294
            ],
            [
              -120.7321865050437,
              44.24903655988876
            ],
            [
              -120.73269658103845,
              44.24894315226405
            ],
            [
              -120.73325722589546,
              44.248796725132856
            ],
            [
              -120.73377891081861,
              44.24856399664372
            ],
            [
              -120.73458183310441,
              44.24830533099257
            ],
            [
              -120.73606020583884,
              44.24794751574293
            ],
            [
              -120.736875833896,
              44.247806125939086
            ],
            [
              -120.7372326590999,
              44.247687153070814
            ],
            [
              -120.7377940899828,
              44.24762174932519
            ],
            [
              -120.73850722745256,
              44.24743780456064
            ],
            [
              -120.73906826936494,
              44.24725984822874
            ],
            [
              -120.73937371452786,
              44.247112840977685
            ],
            [
              -120.74072377999192,
              44.24660837547027
            ],
            [
              -120.74133667895073,
              44.246332775106765
            ],
            [
              -120.74151696454004,
              44.2462666471982
            ],
            [
              -120.74174439730872,
              44.246183224974175
            ],
            [
              -120.74242972293732,
              44.245885851392764
            ],
            [
              -120.74259570285571,
              44.245844116537405
            ],
            [
              -120.7427481038403,
              44.24574809569088
            ],
            [
              -120.7435635279799,
              44.245426593893185
            ],
            [
              -120.74368088748187,
              44.24535245512496
            ],
            [
              -120.74437160300215,
              44.245069740567665
            ],
            [
              -120.74475727041488,
              44.24486297371406
            ],
            [
              -120.74527196285186,
              44.24440149771616
            ],
            [
              -120.74601718455031,
              44.243630141526616
            ],
            [
              -120.7460208110491,
              44.24361709128566
            ],
            [
              -120.74603065029643,
              44.24360717248279
            ],
            [
              -120.7464232805509,
              44.24302071940515
            ],
            [
              -120.74728746254917,
              44.24228150971976
            ],
            [
              -120.74759331734386,
              44.24218400739682
            ],
            [
              -120.74856241178752,
              44.24205906515476
            ],
            [
              -120.74871580720712,
              44.24208009385139
            ],
            [
              -120.74964653819826,
              44.2420579228502
            ],
            [
              -120.75044985394615,
              44.242010725380936
            ],
            [
              -120.75133384649136,
              44.24202363117897
            ],
            [
              -120.75150689255781,
              44.24206304874058
            ],
            [
              -120.75206917773856,
              44.24209662282897
            ],
            [
              -120.7534985383911,
              44.242340813412554
            ],
            [
              -120.7540608289617,
              44.242374377045664
            ],
            [
              -120.75420789575014,
              44.24241778179537
            ],
            [
              -120.75446957319578,
              44.2424319289078
            ],
            [
              -120.75503095916291,
              44.24255099992739
            ],
            [
              -120.75646100253505,
              44.24273664670331
            ],
            [
              -120.75819823559841,
              44.2431398767545
            ],
            [
              -120.75850518274446,
              44.243136896520525
            ],
            [
              -120.75988370234516,
              44.24329898151544
            ],
            [
              -120.76019003863682,
              44.243291482363276
            ],
            [
              -120.76066223806593,
              44.243224215832846
            ],
            [
              -120.7612737015169,
              44.24309665208531
            ],
            [
              -120.76205082149278,
              44.242873296771464
            ],
            [
              -120.76279053202695,
              44.242604188375786
            ],
            [
              -120.76322349304446,
              44.242374085518186
            ],
            [
              -120.76387263363505,
              44.24209869442104
            ],
            [
              -120.76518469946431,
              44.24163820390461
            ],
            [
              -120.76533806793444,
              44.24161869641802
            ],
            [
              -120.76610253963112,
              44.241377059054855
            ],
            [
              -120.76661283840807,
              44.24127450070956
            ],
            [
              -120.76753175116333,
              44.241274453729666
            ],
            [
              -120.76834861081075,
              44.24134443251928
            ],
            [
              -120.76855288411308,
              44.241406943367615
            ],
            [
              -120.76931914705045,
              44.24155245123121
            ],
            [
              -120.76971579726583,
              44.24168173790866
            ],
            [
              -120.77012459180553,
              44.24188328256447
            ],
            [
              -120.77068836639302,
              44.242312930368286
            ],
            [
              -120.77249494041314,
              44.243950714874096
            ],
            [
              -120.77280207800204,
              44.24415026904411
            ],
            [
              -120.77321147620964,
              44.24431580248328
            ],
            [
              -120.77336515998843,
              44.24435030968694
            ],
            [
              -120.7737226185046,
              44.24435727586406
            ],
            [
              -120.77397757116202,
              44.24432173129879
            ],
            [
              -120.77474225306449,
              44.24411605195482
            ],
            [
              -120.77502205402098,
              44.24398195508601
            ],
            [
              -120.77536502989811,
              44.2437500537933
            ],
            [
              -120.77620390096494,
              44.242987620777896
            ],
            [
              -120.7764711389822,
              44.24281276122943
            ],
            [
              -120.77696706291798,
              44.24232274256026
            ],
            [
              -120.77717041005724,
              44.24222316292609
            ],
            [
              -120.77756434466552,
              44.24178067233013
            ],
            [
              -120.7781192025755,
              44.240972186130755
            ],
            [
              -120.77832491587723,
              44.24064307314759
            ],
            [
              -120.7792251607426,
              44.23955770032689
            ],
            [
              -120.77942794912977,
              44.23926454089732
            ],
            [
              -120.77978242703584,
              44.23860070119144
            ],
            [
              -120.78011222732272,
              44.238197469634635
            ],
            [
              -120.78065950973989,
              44.23777595711411
            ],
            [
              -120.7817537601639,
              44.23714898759073
            ],
            [
              -120.7826060484678,
              44.2365038061631
            ],
            [
              -120.78305108463934,
              44.23621984359039
            ],
            [
              -120.78358565499691,
              44.23596912576872
            ],
            [
              -120.78424780409117,
              44.23573888818938
            ],
            [
              -120.78501257043524,
              44.235506133784824
            ],
            [
              -120.7853698861193,
              44.235432031430186
            ],
            [
              -120.78577693163915,
              44.23530487622424
            ],
            [
              -120.78598083753054,
              44.23527281721774
            ],
            [
              -120.78675782725071,
              44.2350267816224
            ],
            [
              -120.78711476743896,
              44.23485813583845
            ],
            [
              -120.78772661087729,
              44.23465391148881
            ],
            [
              -120.7880697601293,
              44.23443547947141
            ],
            [
              -120.78875520792874,
              44.23372850305749
            ],
            [
              -120.78920069864782,
              44.23343101953416
            ],
            [
              -120.78959528183975,
              44.233218077805645
            ],
            [
              -120.79020659437373,
              44.23302733610875
            ],
            [
              -120.79139182167816,
              44.23276665895216
            ],
            [
              -120.79204172314179,
              44.23259015473922
            ],
            [
              -120.79290896659857,
              44.232440356621765
            ],
            [
              -120.79382592821302,
              44.23223749230117
            ],
            [
              -120.79446375003106,
              44.23206974415495
            ],
            [
              -120.7948328857476,
              44.23188780662283
            ],
            [
              -120.79492154407625,
              44.23177697931763
            ],
            [
              -120.794959150249,
              44.231629153253856
            ],
            [
              -120.79490671917911,
              44.23139856205582
            ],
            [
              -120.7944445988475,
              44.230822448290134
            ],
            [
              -120.7941632087713,
              44.23058293385104
            ],
            [
              -120.79400883688298,
              44.23039989167458
            ],
            [
              -120.79377740122136,
              44.230017293201726
            ],
            [
              -120.79368677378564,
              44.22974094696965
            ],
            [
              -120.79356074554114,
              44.22915488865819
            ],
            [
              -120.79342958072988,
              44.228432044022405
            ],
            [
              -120.79350774493938,
              44.22775115451518
            ],
            [
              -120.79390484251579,
              44.2270005999608
            ],
            [
              -120.79472198513253,
              44.22629606342598
            ],
            [
              -120.79626960450065,
              44.225795169793756
            ],
            [
              -120.79744445895842,
              44.22596913492289
            ],
            [
              -120.797775950773,
              44.22599803185823
            ],
            [
              -120.79800612070838,
              44.22607899534357
            ],
            [
              -120.79824952821775,
              44.22624574154805
            ],
            [
              -120.79882598881366,
              44.22675652144917
            ],
            [
              -120.79915976863727,
              44.22718609882399
            ],
            [
              -120.79954438591942,
              44.22749060912346
            ],
            [
              -120.80005602049118,
              44.22778856103895
            ],
            [
              -120.80077253921968,
              44.228153477936885
            ],
            [
              -120.80113029956978,
              44.22825489726836
            ],
            [
              -120.80138606610086,
              44.22836335465934
            ],
            [
              -120.8018965957448,
              44.22848121631355
            ],
            [
              -120.80225402102332,
              44.22852860680247
            ],
            [
              -120.80261172477957,
              44.228526483880344
            ],
            [
              -120.80322340113126,
              44.22840770246784
            ],
            [
              -120.80358065662816,
              44.228396565792934
            ],
            [
              -120.80460155062606,
              44.2285107203122
            ],
            [
              -120.80531623589306,
              44.228546959325826
            ],
            [
              -120.8060816921433,
              44.22854365521551
            ],
            [
              -120.80751242452327,
              44.228769189770894
            ],
            [
              -120.80812508812343,
              44.22896100607795
            ],
            [
              -120.8083172476442,
              44.229054724793535
            ],
            [
              -120.80899575685638,
              44.229517894340596
            ],
            [
              -120.80971397070583,
              44.230197893796515
            ],
            [
              -120.81071308415133,
              44.231027322528256
            ],
            [
              -120.8115838076815,
              44.23158419124015
            ],
            [
              -120.8123109705478,
              44.23151709026437
            ],
            [
              -120.81350955580048,
              44.23131495783172
            ],
            [
              -120.81399264011587,
              44.23113963876945
            ],
            [
              -120.81470557636301,
              44.230716627421295
            ],
            [
              -120.8157861849711,
              44.22995852550686
            ],
            [
              -120.8162425444068,
              44.229553107338134
            ],
            [
              -120.81661024910709,
              44.2291324887814
            ],
            [
              -120.81686412558281,
              44.228763710619965
            ],
            [
              -120.81716906499422,
              44.22843192107551
            ],
            [
              -120.81765687085473,
              44.2277254950075
            ],
            [
              -120.81814368946678,
              44.22710907768697
            ],
            [
              -120.81849831469653,
              44.22657566246225
            ],
            [
              -120.81863774939832,
              44.22646578751916
            ],
            [
              -120.81876413337564,
              44.22624312287546
            ],
            [
              -120.81928386715798,
              44.22558231244708
            ],
            [
              -120.81996882088403,
              44.224812114825
            ],
            [
              -120.82091877222899,
              44.223560799413264
            ],
            [
              -120.821133264766,
              44.223155248983495
            ],
            [
              -120.82161242973181,
              44.22198047952382
            ],
            [
              -120.82191557610591,
              44.22150459208789
            ],
            [
              -120.82214396198712,
              44.22125235663566
            ],
            [
              -120.82229678877314,
              44.221160738384924
            ],
            [
              -120.82275486309274,
              44.221002910254676
            ],
            [
              -120.82295865310144,
              44.22099329086117
            ],
            [
              -120.82331695513568,
              44.22105863729787
            ],
            [
              -120.82392901866126,
              44.221074798143384
            ],
            [
              -120.82423471714907,
              44.22101759749855
            ],
            [
              -120.82561208690623,
              44.220904272447704
            ],
            [
              -120.82617308569945,
              44.220883436400186
            ],
            [
              -120.82678533158303,
              44.22080955705312
            ],
            [
              -120.82724499771729,
              44.22086331430135
            ],
            [
              -120.82821553395699,
              44.22117436850228
            ],
            [
              -120.8291491835745,
              44.22163776743855
            ],
            [
              -120.82934091370053,
              44.22177278368089
            ],
            [
              -120.82973502797189,
              44.22212728305099
            ],
            [
              -120.8304880820813,
              44.222727576701566
            ],
            [
              -120.83052188029554,
              44.22274430488804
            ],
            [
              -120.83087847822566,
              44.22292079227677
            ],
            [
              -120.83094158667102,
              44.22294124907187
            ],
            [
              -120.83148735183366,
              44.22311815560107
            ],
            [
              -120.83204031519669,
              44.223214409725756
            ],
            [
              -120.83265548509652,
              44.22324038020352
            ],
            [
              -120.83318275574412,
              44.223170351558416
            ],
            [
              -120.8335335685238,
              44.22314270727706
            ],
            [
              -120.83410954043624,
              44.22315363314941
            ],
            [
              -120.83448657414077,
              44.22318798860575
            ],
            [
              -120.83557664380541,
              44.22344329677871
            ],
            [
              -120.83590966275597,
              44.22358014872915
            ],
            [
              -120.83619037370585,
              44.223756526749305
            ],
            [
              -120.83630605695149,
              44.22386675437479
            ],
            [
              -120.83644749848962,
              44.22408550693575
            ],
            [
              -120.83656498285741,
              44.22448837169452
            ],
            [
              -120.83668964745928,
              44.22565663319808
            ],
            [
              -120.8369916125488,
              44.22559482724079
            ],
            [
              -120.83709322907539,
              44.22553372932447
            ],
            [
              -120.83798225128791,
              44.22474027720538
            ],
            [
              -120.83910048403504,
              44.223883629656456
            ],
            [
              -120.83942922251326,
              44.22345319644925
            ],
            [
              -120.83968231565807,
              44.22299432263148
            ],
            [
              -120.83970675881693,
              44.222882245132965
            ],
            [
              -120.84009931361294,
              44.22226845388345
            ],
            [
              -120.84065705331832,
              44.22171630023503
            ],
            [
              -120.84106318165828,
              44.221372854636286
            ],
            [
              -120.8416354453252,
              44.221086563890246
            ],
            [
              -120.84219672798609,
              44.22099363142194
            ],
            [
              -120.84472250310414,
              44.22101429682825
            ],
            [
              -120.84528429241482,
              44.22107891254987
            ],
            [
              -120.84553952444831,
              44.22107472282099
            ],
            [
              -120.84671148812753,
              44.220799714234815
            ],
            [
              -120.8475012797388,
              44.220684051822815
            ],
            [
              -120.84862367078739,
              44.2205881515065
            ],
            [
              -120.84979735114713,
              44.22058773883921
            ],
            [
              -120.85020512699732,
              44.220541395193045
            ],
            [
              -120.85056185967474,
              44.22043556678512
            ],
            [
              -120.85091779105494,
              44.220244195238735
            ],
            [
              -120.85115872550232,
              44.2199876358218
            ],
            [
              -120.85160329634654,
              44.21961786621838
            ],
            [
              -120.85198434731703,
              44.219359438983254
            ],
            [
              -120.85254344797008,
              44.219045835388805
            ],
            [
              -120.85279786792653,
              44.21895608653183
            ],
            [
              -120.853002466419,
              44.21892391754255
            ],
            [
              -120.8543776577616,
              44.2185446122422
            ],
            [
              -120.8552430704518,
              44.21824125058204
            ],
            [
              -120.85544672122165,
              44.21821356213839
            ],
            [
              -120.85585464798883,
              44.21805465995117
            ],
            [
              -120.85621145073482,
              44.2179893320701
            ],
            [
              -120.85702608435697,
              44.21774802452889
            ],
            [
              -120.85799480689812,
              44.217572624496825
            ],
            [
              -120.85860659104763,
              44.21755258045631
            ],
            [
              -120.85906639642076,
              44.217624218893114
            ],
            [
              -120.85996066120124,
              44.21788405855131
            ],
            [
              -120.86010159519125,
              44.21796772627546
            ],
            [
              -120.86052312514676,
              44.21812417254841
            ],
            [
              -120.8619956857813,
              44.21894401390821
            ],
            [
              -120.86244329203286,
              44.21913695154562
            ],
            [
              -120.86374561742949,
              44.21938638780592
            ],
            [
              -120.8641296975191,
              44.219497105175094
            ],
            [
              -120.86448637629762,
              44.21952177810766
            ],
            [
              -120.86502309632365,
              44.219630842595045
            ],
            [
              -120.86614634526335,
              44.21979137705646
            ],
            [
              -120.86701548147042,
              44.21994715408885
            ],
            [
              -120.86762848193881,
              44.22008914132702
            ],
            [
              -120.86864967238077,
              44.22021623283834
            ],
            [
              -120.86987460701735,
              44.2202480818015
            ],
            [
              -120.8702575237887,
              44.22030473597264
            ],
            [
              -120.8705127531272,
              44.22030049146652
            ],
            [
              -120.87132819702974,
              44.22014462781333
            ],
            [
              -120.87199083929906,
              44.21999491519152
            ],
            [
              -120.87280511898499,
              44.21976249381312
            ],
            [
              -120.87366051276483,
              44.21934419379467
            ],
            [
              -120.87401730742602,
              44.21932059271559
            ],
            [
              -120.87435279854023,
              44.21903410399955
            ],
            [
              -120.87414213462296,
              44.218601030487186
            ],
            [
              -120.87406853295676,
              44.21844971664766
            ],
            [
              -120.87400352637125,
              44.21832642624879
            ],
            [
              -120.87348628810874,
              44.21774384808314
            ],
            [
              -120.87344199397872,
              44.217693959266384
            ],
            [
              -120.87291966855676,
              44.21721769209359
            ],
            [
              -120.8723460322641,
              44.216871917926554
            ],
            [
              -120.87192540601377,
              44.2166325463095
            ],
            [
              -120.8715431216564,
              44.21616951874562
            ],
            [
              -120.87139093986076,
              44.215980882517755
            ],
            [
              -120.87116189641277,
              44.215719352107534
            ],
            [
              -120.87099243103106,
              44.21545893052068
            ],
            [
              -120.87090085856761,
              44.215242839754616
            ],
            [
              -120.87089700569337,
              44.215207803624274
            ],
            [
              -120.87089203351826,
              44.215199366028315
            ],
            [
              -120.87083591396582,
              44.21502807130219
            ],
            [
              -120.87083882001576,
              44.21494747957165
            ],
            [
              -120.87085611258497,
              44.214813397356195
            ],
            [
              -120.87092578681674,
              44.214608607689094
            ],
            [
              -120.87100436245466,
              44.21450254584449
            ],
            [
              -120.87103345888669,
              44.21438660450656
            ],
            [
              -120.87111364610224,
              44.214235771743056
            ],
            [
              -120.8712180878304,
              44.214103312359875
            ],
            [
              -120.87136990401173,
              44.21390663350037
            ],
            [
              -120.87142997525311,
              44.21379489153821
            ],
            [
              -120.87159283801748,
              44.2136034939013
            ],
            [
              -120.87183341763037,
              44.21324414060642
            ],
            [
              -120.87242855959093,
              44.21248995700706
            ],
            [
              -120.87306292918333,
              44.21186254555489
            ],
            [
              -120.8733406190989,
              44.2114940848146
            ],
            [
              -120.87386042115321,
              44.21094106325059
            ],
            [
              -120.8752697538665,
              44.209864398121724
            ],
            [
              -120.8754598077362,
              44.20966986219099
            ],
            [
              -120.87554820106183,
              44.2094959454857
            ],
            [
              -120.87555989892348,
              44.20938812557613
            ],
            [
              -120.8755575794734,
              44.20897393665481
            ],
            [
              -120.87550503880908,
              44.20871636998446
            ],
            [
              -120.87525627374734,
              44.20780242841732
            ],
            [
              -120.87511407582774,
              44.207471169818504
            ],
            [
              -120.87484348619618,
              44.20703398667413
            ],
            [
              -120.87415098033355,
              44.20640889002551
            ],
            [
              -120.87372823046589,
              44.20614306256484
            ],
            [
              -120.87359059419134,
              44.20599353457399
            ],
            [
              -120.87338886851114,
              44.205767307454124
            ],
            [
              -120.87336310033719,
              44.205738406384846
            ],
            [
              -120.8732671800278,
              44.205607956334006
            ],
            [
              -120.87325622058133,
              44.20559304952302
            ],
            [
              -120.87314708605409,
              44.20551037200122
            ],
            [
              -120.87287709020892,
              44.20539781818297
            ],
            [
              -120.87250783232149,
              44.205274453449256
            ],
            [
              -120.87218410464592,
              44.20512769934661
            ],
            [
              -120.87179516197568,
              44.20485700486052
            ],
            [
              -120.87083123104826,
              44.20366863670708
            ],
            [
              -120.87045631557119,
              44.20293689747493
            ],
            [
              -120.8700037605007,
              44.20179856614675
            ],
            [
              -120.87000545741827,
              44.20175831791492
            ],
            [
              -120.8698464277652,
              44.20135392978571
            ],
            [
              -120.86986371584284,
              44.2012198443147
            ],
            [
              -120.8699946452955,
              44.20104308065055
            ],
            [
              -120.87022612227962,
              44.20084130790992
            ],
            [
              -120.87031581906072,
              44.20075858185896
            ],
            [
              -120.87048058894845,
              44.20052276148643
            ],
            [
              -120.8705807960184,
              44.20032830547312
            ],
            [
              -120.87064238361597,
              44.199964825498114
            ],
            [
              -120.8707125860571,
              44.19897128477957
            ],
            [
              -120.87066124554198,
              44.19889830211588
            ],
            [
              -120.87063374541619,
              44.19864120145847
            ],
            [
              -120.87058240579938,
              44.19856821902996
            ],
            [
              -120.87058150029758,
              44.19841964880433
            ],
            [
              -120.87042668014993,
              44.1980926498853
            ],
            [
              -120.87034835604034,
              44.19772656258291
            ],
            [
              -120.87019318824466,
              44.19743106883083
            ],
            [
              -120.86931970598827,
              44.19640642925434
            ],
            [
              -120.86899930477418,
              44.19611685546906
            ],
            [
              -120.8688835550532,
              44.19605167392774
            ],
            [
              -120.86798581199592,
              44.19520213232467
            ],
            [
              -120.86712811583399,
              44.194587414926694
            ],
            [
              -120.86680879259826,
              44.194441905601664
            ],
            [
              -120.86627084367689,
              44.19413475628411
            ],
            [
              -120.86509431296277,
              44.19362210637956
            ],
            [
              -120.86345919319442,
              44.193096368029266
            ],
            [
              -120.86202933307857,
              44.19279952552011
            ],
            [
              -120.8599354374064,
              44.19231016867933
            ],
            [
              -120.8594755978973,
              44.192180010299516
            ],
            [
              -120.85845367802335,
              44.19182774474413
            ],
            [
              -120.85830065989614,
              44.19182037493917
            ],
            [
              -120.85743176803086,
              44.19158350497432
            ],
            [
              -120.85686966251318,
              44.19138389688541
            ],
            [
              -120.85600156116534,
              44.19114703418383
            ],
            [
              -120.8553882022691,
              44.191045489744646
            ],
            [
              -120.85523538626288,
              44.19101111167152
            ],
            [
              -120.85462297419096,
              44.19090508012
            ],
            [
              -120.85411232596938,
              44.19079645646972
            ],
            [
              -120.85385725922592,
              44.19077815981149
            ],
            [
              -120.85242747187365,
              44.19050370668064
            ],
            [
              -120.8499792087882,
              44.19012904666428
            ],
            [
              -120.84936443684202,
              44.19004545146971
            ],
            [
              -120.84895605732399,
              44.18992072254517
            ],
            [
              -120.84813843051533,
              44.18963072977058
            ],
            [
              -120.84706445416897,
              44.18916484127133
            ],
            [
              -120.84558007440023,
              44.188308570904454
            ],
            [
              -120.84344311169669,
              44.18686376109967
            ],
            [
              -120.84317435732325,
              44.186728143702176
            ],
            [
              -120.84221354893978,
              44.18594923445085
            ],
            [
              -120.841433172571,
              44.1854123105494
            ],
            [
              -120.84075340032753,
              44.18473323039139
            ],
            [
              -120.83988244054042,
              44.18400101765318
            ],
            [
              -120.83920241227707,
              44.183308418929094
            ],
            [
              -120.83816612205355,
              44.182586569166794
            ],
            [
              -120.83793548140096,
              44.182393137516485
            ],
            [
              -120.83770480032422,
              44.18213668442895
            ],
            [
              -120.83690858216536,
              44.18148484063623
            ],
            [
              -120.83642315684037,
              44.18103643112748
            ],
            [
              -120.83558961907138,
              44.17993441786918
            ],
            [
              -120.83517131496606,
              44.178883148413476
            ],
            [
              -120.83495043630569,
              44.17786420111224
            ],
            [
              -120.83474888939021,
              44.17685991577406
            ],
            [
              -120.83432852634631,
              44.1758657729123
            ],
            [
              -120.83418702372275,
              44.17539144056367
            ],
            [
              -120.83376978861261,
              44.17485470850207
            ],
            [
              -120.83322930284889,
              44.174429977174306
            ],
            [
              -120.83256609643756,
              44.17410295854447
            ],
            [
              -120.83223658989974,
              44.17388231681422
            ],
            [
              -120.83194258657862,
              44.173776689997354
            ],
            [
              -120.83148930387279,
              44.17368232856655
            ],
            [
              -120.8306746325214,
              44.17369544005694
            ],
            [
              -120.83019031212419,
              44.17368623688627
            ],
            [
              -120.8301383266187,
              44.17367265763244
            ],
            [
              -120.83013219112529,
              44.17367105525965
            ],
            [
              -120.83011933174201,
              44.17366054480132
            ],
            [
              -120.82997505242591,
              44.17354262239476
            ],
            [
              -120.82980711957003,
              44.17336918278554
            ],
            [
              -120.8295520941491,
              44.173194086803214
            ],
            [
              -120.82769591785394,
              44.172266691825754
            ],
            [
              -120.82652334511695,
              44.1715583993774
            ],
            [
              -120.82500336870675,
              44.1707719623687
            ],
            [
              -120.82385099818217,
              44.17024977347384
            ],
            [
              -120.82212057075544,
              44.16978801152478
            ],
            [
              -120.81930496768568,
              44.16967710535962
            ],
            [
              -120.81810701664362,
              44.169854315557686
            ],
            [
              -120.81720828274459,
              44.1699943552139
            ],
            [
              -120.81638681114647,
              44.17019303443174
            ],
            [
              -120.81570476347036,
              44.170380084015555
            ],
            [
              -120.81496370815823,
              44.17055170572982
            ],
            [
              -120.81404142043245,
              44.170791314207285
            ],
            [
              -120.81330299718404,
              44.17089151531523
            ],
            [
              -120.81299832636891,
              44.170908318146516
            ],
            [
              -120.81272595807309,
              44.170923341335005
            ],
            [
              -120.81217034467998,
              44.170912697655076
            ],
            [
              -120.81199969981027,
              44.17087658619082
            ],
            [
              -120.81130515746688,
              44.1707296111113
            ],
            [
              -120.8112048929048,
              44.17070839391176
            ],
            [
              -120.81117082699257,
              44.170691510481994
            ],
            [
              -120.81108978817417,
              44.17066852586536
            ],
            [
              -120.81022001955316,
              44.170215204147105
            ],
            [
              -120.80988783334085,
              44.16993874287717
            ],
            [
              -120.80881317966478,
              44.16917087308835
            ],
            [
              -120.80834022026093,
              44.16889620917494
            ],
            [
              -120.80781666594368,
              44.168679091911926
            ],
            [
              -120.80654040696166,
              44.168289969105096
            ],
            [
              -120.80602915417388,
              44.16816310964647
            ],
            [
              -120.80551935935185,
              44.168081295244775
            ],
            [
              -120.80490729762293,
              44.16810104811401
            ],
            [
              -120.80465313638126,
              44.168145682292774
            ],
            [
              -120.80373956051709,
              44.16841172433987
            ],
            [
              -120.80327861158861,
              44.16855141624751
            ],
            [
              -120.8029227960911,
              44.168765152415695
            ],
            [
              -120.80223609065027,
              44.16908956396586
            ],
            [
              -120.80190554655832,
              44.16931728695989
            ],
            [
              -120.80123144178594,
              44.169659941345294
            ],
            [
              -120.80022800115569,
              44.170239337148885
            ],
            [
              -120.79974410027171,
              44.17049111128236
            ],
            [
              -120.79936342659364,
              44.17063683308495
            ],
            [
              -120.79885435042384,
              44.17076657576001
            ],
            [
              -120.79798707822098,
              44.17079488122325
            ],
            [
              -120.79752794119443,
              44.17075902226478
            ],
            [
              -120.79645627262002,
              44.17060781169198
            ],
            [
              -120.79579262872916,
              44.17043745432586
            ],
            [
              -120.79523110801473,
              44.17023305164139
            ],
            [
              -120.7950781563629,
              44.17022559923875
            ],
            [
              -120.79431230215897,
              44.16994522300674
            ],
            [
              -120.79426260556085,
              44.169918638813506
            ],
            [
              -120.79423682660713,
              44.169910232747085
            ],
            [
              -120.79364900142455,
              44.169698783635276
            ],
            [
              -120.79266548542732,
              44.168975921218426
            ],
            [
              -120.7923536631242,
              44.16881778830612
            ],
            [
              -120.79105781997069,
              44.1678335567814
            ],
            [
              -120.78932541355536,
              44.166370795401846
            ],
            [
              -120.78926321330675,
              44.16632215699307
            ],
            [
              -120.78863263460485,
              44.165720981763776
            ],
            [
              -120.78806858513292,
              44.165021320336635
            ],
            [
              -120.78778712858134,
              44.16481330057416
            ],
            [
              -120.78708438372111,
              44.16445757022073
            ],
            [
              -120.7866125534996,
              44.164281871685944
            ],
            [
              -120.7854895974107,
              44.164084549648734
            ],
            [
              -120.78314414111962,
              44.16405256850374
            ],
            [
              -120.78186946496913,
              44.16398281489154
            ],
            [
              -120.78064524449319,
              44.16386000464289
            ],
            [
              -120.78018572208939,
              44.16364850548782
            ],
            [
              -120.77993001484712,
              44.16346347411736
            ],
            [
              -120.77939235787824,
              44.162980359798134
            ],
            [
              -120.77933313464646,
              44.16287116916046
            ],
            [
              -120.77918666613604,
              44.162733273973735
            ],
            [
              -120.77886599812231,
              44.162258875311835
            ],
            [
              -120.77869902556552,
              44.161854988827955
            ],
            [
              -120.77868584907692,
              44.16170617977516
            ],
            [
              -120.77823446900284,
              44.16071605539816
            ],
            [
              -120.77813077107972,
              44.16031339826538
            ],
            [
              -120.77784856802816,
              44.15983524168711
            ],
            [
              -120.77742607058708,
              44.159471399211704
            ],
            [
              -120.77683858676433,
              44.159171866911464
            ],
            [
              -120.77611117147143,
              44.15891462454879
            ],
            [
              -120.77524204065429,
              44.15839352552315
            ],
            [
              -120.77490991552743,
              44.158121464063235
            ],
            [
              -120.7745622935636,
              44.1575339886677
            ],
            [
              -120.77448439795037,
              44.15713182862528
            ],
            [
              -120.77425275567627,
              44.15657812219691
            ],
            [
              -120.7739827724075,
              44.156212734772716
            ],
            [
              -120.77302298271357,
              44.155298214801405
            ],
            [
              -120.77281804735286,
              44.15497010465063
            ],
            [
              -120.77258646616417,
              44.154456911145395
            ],
            [
              -120.77246950102261,
              44.1540134741471
            ],
            [
              -120.7724183195093,
              44.15394045128686
            ],
            [
              -120.77230001587797,
              44.153096345218295
            ],
            [
              -120.77224033450541,
              44.15294543161212
            ],
            [
              -120.77219961836518,
              44.15277496587454
            ],
            [
              -120.77181524632309,
              44.15213743040229
            ],
            [
              -120.77100602505054,
              44.151421601316706
            ],
            [
              -120.76958346105145,
              44.15046977321991
            ],
            [
              -120.76856626990914,
              44.15011388161426
            ],
            [
              -120.76802589373987,
              44.15000531494619
            ],
            [
              -120.76758620703585,
              44.14997342156416
            ],
            [
              -120.76735389911012,
              44.14991620667187
            ],
            [
              -120.76674218772413,
              44.1498277234861
            ],
            [
              -120.76506016242323,
              44.149812841240255
            ],
            [
              -120.76363295682904,
              44.149879448107875
            ],
            [
              -120.76266487388838,
              44.14987399900281
            ],
            [
              -120.76159411081582,
              44.1499385554602
            ],
            [
              -120.76103421515371,
              44.14996809815666
            ],
            [
              -120.76042301580748,
              44.149969626404605
            ],
            [
              -120.76016762117891,
              44.14992410445218
            ],
            [
              -120.76001492914017,
              44.149952622307765
            ],
            [
              -120.75955618377911,
              44.14995262939793
            ],
            [
              -120.75941602503521,
              44.149918369811644
            ],
            [
              -120.75823044559122,
              44.149836593919034
            ],
            [
              -120.75731303841235,
              44.1497105507557
            ],
            [
              -120.75664947896311,
              44.14952646443472
            ],
            [
              -120.75634271956496,
              44.149475423385766
            ],
            [
              -120.75542464673448,
              44.149119772653755
            ],
            [
              -120.75481133814394,
              44.148806114243804
            ],
            [
              -120.7544025894183,
              44.14855949567833
            ],
            [
              -120.75405096725653,
              44.148228470668016
            ],
            [
              -120.75349901180323,
              44.14870829147796
            ],
            [
              -120.75319449280339,
              44.149030920869926
            ],
            [
              -120.75286405201771,
              44.14925400435894
            ],
            [
              -120.75226555664617,
              44.14943579817036
            ],
            [
              -120.75170561337337,
              44.149528317553916
            ],
            [
              -120.75147660855296,
              44.14963184913624
            ],
            [
              -120.7514009335751,
              44.149751904498615
            ],
            [
              -120.75133395159425,
              44.15046633839733
            ],
            [
              -120.75133709929102,
              44.150650965787875
            ],
            [
              -120.75133936933373,
              44.15081756972146
            ],
            [
              -120.75133048769051,
              44.1509074275335
            ],
            [
              -120.75116719912471,
              44.15135887311689
            ],
            [
              -120.7503820670748,
              44.15233826707163
            ],
            [
              -120.74941692432006,
              44.15313854542669
            ],
            [
              -120.74850308974108,
              44.15371924945581
            ],
            [
              -120.7482886349333,
              44.153809555945
            ],
            [
              -120.74807773565746,
              44.15392201751035
            ],
            [
              -120.74777185840487,
              44.15410510143812
            ],
            [
              -120.74691547198664,
              44.154612261544386
            ],
            [
              -120.7457026062159,
              44.15540060516638
            ],
            [
              -120.74523779273508,
              44.155678966874916
            ],
            [
              -120.74462248629132,
              44.15604744472098
            ],
            [
              -120.74369131063409,
              44.15660550834245
            ],
            [
              -120.74351778127405,
              44.15671860648618
            ],
            [
              -120.7432620866082,
              44.15688525580568
            ],
            [
              -120.74291579235438,
              44.157376262038305
            ],
            [
              -120.74247007885312,
              44.15808802318419
            ],
            [
              -120.74217650043511,
              44.158489536755575
            ],
            [
              -120.74199107378745,
              44.1587431339581
            ],
            [
              -120.74189405933,
              44.15887581382517
            ],
            [
              -120.74169391468473,
              44.15903366920477
            ],
            [
              -120.74138357550011,
              44.159376670110305
            ],
            [
              -120.74107861812244,
              44.15973747329136
            ],
            [
              -120.74107194363987,
              44.15974963731574
            ],
            [
              -120.74092213878646,
              44.16002260702971
            ],
            [
              -120.74085308888384,
              44.16040118068548
            ],
            [
              -120.7408345961654,
              44.16088556311528
            ],
            [
              -120.74086909596387,
              44.16114797686394
            ],
            [
              -120.7409192201601,
              44.16152920287022
            ],
            [
              -120.74125145488141,
              44.162361158223824
            ],
            [
              -120.74137833472875,
              44.1625842480332
            ],
            [
              -120.74157550505217,
              44.162930924672395
            ],
            [
              -120.74178045029434,
              44.16376036253486
            ],
            [
              -120.74176996785329,
              44.16380624885942
            ],
            [
              -120.74178012420592,
              44.16384115703394
            ],
            [
              -120.74186126453394,
              44.1650131726187
            ],
            [
              -120.74168568252347,
              44.16559941042485
            ],
            [
              -120.74144472022826,
              44.1659322634194
            ],
            [
              -120.74032771098652,
              44.16699505316538
            ],
            [
              -120.7395025922284,
              44.16772148901827
            ],
            [
              -120.73916002508471,
              44.167971299575406
            ],
            [
              -120.73888013699163,
              44.168258362679374
            ],
            [
              -120.73880469108416,
              44.168432430746314
            ],
            [
              -120.73880678505711,
              44.168909638106
            ],
            [
              -120.73888426115708,
              44.16927580066094
            ],
            [
              -120.73896156657717,
              44.16942138177713
            ],
            [
              -120.73896231756875,
              44.169565448324775
            ],
            [
              -120.73901346764106,
              44.16963848406519
            ],
            [
              -120.7390392322217,
              44.16982355985668
            ],
            [
              -120.73932327592128,
              44.170594449513835
            ],
            [
              -120.73931055937013,
              44.17070223474334
            ],
            [
              -120.73948977057434,
              44.17129098815675
            ],
            [
              -120.73960825117382,
              44.17172998480253
            ],
            [
              -120.73960680937778,
              44.171872848566245
            ],
            [
              -120.73966305020278,
              44.1724963464432
            ],
            [
              -120.73975067546884,
              44.17306143591605
            ],
            [
              -120.7397842329346,
              44.173612355682195
            ],
            [
              -120.739757038236,
              44.173847639441796
            ],
            [
              -120.73963789467986,
              44.17410730688962
            ],
            [
              -120.73944648884564,
              44.17435244441057
            ],
            [
              -120.73920251539764,
              44.17454413322047
            ],
            [
              -120.73888578110656,
              44.174734380135405
            ],
            [
              -120.73858773267169,
              44.174911895992416
            ],
            [
              -120.73848609189056,
              44.174998348791114
            ],
            [
              -120.73827110168686,
              44.17525526137584
            ],
            [
              -120.73818261493646,
              44.175402061529724
            ],
            [
              -120.7380820449471,
              44.1757421904336
            ],
            [
              -120.73800638524064,
              44.17583972613665
            ],
            [
              -120.73796906652879,
              44.17610007933901
            ],
            [
              -120.7378552625587,
              44.1763364071994
            ],
            [
              -120.73748741412794,
              44.17669375002602
            ],
            [
              -120.7368150305277,
              44.177531227329425
            ],
            [
              -120.73641090363418,
              44.178468550473085
            ],
            [
              -120.73627208697332,
              44.17870438243646
            ],
            [
              -120.73625987886861,
              44.1787986739838
            ],
            [
              -120.73591961141203,
              44.1794039369581
            ],
            [
              -120.73572558159886,
              44.17988219712184
            ],
            [
              -120.73567484205667,
              44.18000726618224
            ],
            [
              -120.73566074928651,
              44.18004200049007
            ],
            [
              -120.73539618196058,
              44.180770425414664
            ],
            [
              -120.73494617990215,
              44.18158688084084
            ],
            [
              -120.73470900759918,
              44.181926777585296
            ],
            [
              -120.73430063975921,
              44.182815744250114
            ],
            [
              -120.73408474854531,
              44.1831850923343
            ],
            [
              -120.73386845219119,
              44.18377286241956
            ],
            [
              -120.7338209286177,
              44.18387038032931
            ],
            [
              -120.73358404647054,
              44.18435042601099
            ],
            [
              -120.73355381187304,
              44.18466425621501
            ],
            [
              -120.73361253204823,
              44.185032257342506
            ],
            [
              -120.73384452646192,
              44.18515477421145
            ],
            [
              -120.73424678216469,
              44.18511035195557
            ],
            [
              -120.73490173305855,
              44.185123345597745
            ],
            [
              -120.73525391756567,
              44.18520002355258
            ],
            [
              -120.73549759007808,
              44.185253077014536
            ],
            [
              -120.73603837318417,
              44.18539481356907
            ],
            [
              -120.73630375079044,
              44.18559659346615
            ],
            [
              -120.73659599700692,
              44.18604782966801
            ],
            [
              -120.73660408992929,
              44.1860741901512
            ],
            [
              -120.73675788509921,
              44.18657508926939
            ],
            [
              -120.73673883991685,
              44.187072561102
            ],
            [
              -120.73665303284092,
              44.18741149349043
            ],
            [
              -120.73647525444956,
              44.18777480419315
            ],
            [
              -120.73629441280309,
              44.18798862464003
            ],
            [
              -120.73624530280482,
              44.18803197416192
            ],
            [
              -120.73587149045889,
              44.18832618876224
            ],
            [
              -120.73514285974542,
              44.18880958759209
            ],
            [
              -120.73469315592769,
              44.18914129895272
            ],
            [
              -120.73430003609135,
              44.18942172755642
            ],
            [
              -120.73399587821424,
              44.18975632436696
            ],
            [
              -120.7336968613955,
              44.19043165522741
            ],
            [
              -120.7336110318617,
              44.190770585047446
            ],
            [
              -120.73332517985345,
              44.19157718824859
            ],
            [
              -120.73326903155494,
              44.19177563565578
            ],
            [
              -120.7331348484043,
              44.192025131765014
            ],
            [
              -120.73283584236536,
              44.19297700373397
            ],
            [
              -120.73253077090162,
              44.19363672895928
            ],
            [
              -120.7322829481726,
              44.193925989028486
            ],
            [
              -120.73176579165678,
              44.19450408175232
            ],
            [
              -120.73087756535163,
              44.19526912462407
            ],
            [
              -120.72995519677748,
              44.19610361564536
            ],
            [
              -120.72957460664273,
              44.19656421252984
            ],
            [
              -120.72872461802596,
              44.197740227106
            ],
            [
              -120.72858582112802,
              44.19803457035243
            ],
            [
              -120.72818022369243,
              44.19865672120964
            ],
            [
              -120.72800348555013,
              44.19902233452861
            ],
            [
              -120.72782585897407,
              44.19928889417062
            ],
            [
              -120.7270008489121,
              44.200199800587264
            ],
            [
              -120.72687320190346,
              44.200264783049256
            ],
            [
              -120.72603195569106,
              44.20019402060106
            ],
            [
              -120.72488494990534,
              44.20020268961409
            ],
            [
              -120.72401817177591,
              44.20010439435592
            ],
            [
              -120.72310025974386,
              44.20013561533823
            ],
            [
              -120.7218774648943,
              44.20038582954259
            ],
            [
              -120.72101131558554,
              44.20061613584848
            ],
            [
              -120.72040056000704,
              44.20073449419246
            ],
            [
              -120.71999283805575,
              44.200780374288165
            ],
            [
              -120.71978884772273,
              44.20085732940345
            ],
            [
              -120.71902411641294,
              44.20101312045845
            ],
            [
              -120.71846441838024,
              44.20118650579495
            ],
            [
              -120.71796620284218,
              44.20142863982528
            ],
            [
              -120.7168353245108,
              44.20195072904682
            ],
            [
              -120.71637739392165,
              44.20208112150948
            ],
            [
              -120.71586752903102,
              44.202138450027086
            ],
            [
              -120.7149237994177,
              44.20196652033408
            ],
            [
              -120.7143000559968,
              44.201746474890975
            ],
            [
              -120.71398176492535,
              44.201607046449894
            ],
            [
              -120.71348134402326,
              44.20136120437486
            ],
            [
              -120.71299101569343,
              44.20132518239855
            ],
            [
              -120.71268253242823,
              44.20136042707062
            ],
            [
              -120.71240564560654,
              44.20139206276514
            ],
            [
              -120.71204067627625,
              44.20141095118066
            ],
            [
              -120.71138555560081,
              44.20139782202591
            ],
            [
              -120.71017239069108,
              44.20121628429131
            ],
            [
              -120.70913354026894,
              44.20104266205029
            ],
            [
              -120.70891633392147,
              44.2010223927795
            ],
            [
              -120.70642924205616,
              44.20061235360689
            ],
            [
              -120.70569004176507,
              44.20063352140549
            ],
            [
              -120.70334668124356,
              44.201095101688225
            ],
            [
              -120.70263281344347,
              44.20118878297463
            ],
            [
              -120.70248014835418,
              44.20117220837615
            ],
            [
              -120.70207257552325,
              44.20125403933306
            ],
            [
              -120.70161357144737,
              44.20141136269429
            ],
            [
              -120.70054523472439,
              44.202011072851455
            ],
            [
              -120.69980738909273,
              44.20237884846736
            ],
            [
              -120.69924774945048,
              44.202709695219255
            ],
            [
              -120.6981404869296,
              44.2032230703902
            ],
            [
              -120.69740232419264,
              44.203697400337944
            ],
            [
              -120.69707290029989,
              44.20386116846186
            ],
            [
              -120.69704731717889,
              44.203873886215135
            ],
            [
              -120.69682778239817,
              44.20390569443165
            ],
            [
              -120.69668425407366,
              44.20392649140885
            ],
            [
              -120.69657109778888,
              44.20394288620918
            ],
            [
              -120.69572988661076,
              44.204030722824506
            ],
            [
              -120.69505501467712,
              44.204056404894615
            ],
            [
              -120.69470437796724,
              44.20399069249098
            ],
            [
              -120.69458492089908,
              44.20396830622248
            ],
            [
              -120.69395104358347,
              44.20387689806002
            ],
            [
              -120.69348248592453,
              44.203749522711206
            ],
            [
              -120.69254748074925,
              44.20424910732086
            ],
            [
              -120.6915801164608,
              44.20460318865022
            ],
            [
              -120.68923665442969,
              44.205100488992045
            ],
            [
              -120.68882892080032,
              44.20524529326848
            ],
            [
              -120.68863832075492,
              44.205358476520416
            ],
            [
              -120.6883332286299,
              44.20569891941715
            ],
            [
              -120.68773552377586,
              44.20624051190926
            ],
            [
              -120.68614597823678,
              44.20759929888782
            ],
            [
              -120.68594641480148,
              44.20781913766278
            ],
            [
              -120.68590916346326,
              44.20785417883285
            ],
            [
              -120.6856679550297,
              44.207967203174036
            ],
            [
              -120.68548134350416,
              44.20808133098306
            ],
            [
              -120.68514862189596,
              44.20820559712464
            ],
            [
              -120.68472233625936,
              44.20839347267604
            ],
            [
              -120.68435597993029,
              44.20854386386451
            ],
            [
              -120.68429656086582,
              44.20856825419909
            ],
            [
              -120.68389052145908,
              44.2087041323506
            ],
            [
              -120.68352190856204,
              44.20881456458925
            ],
            [
              -120.68322660448035,
              44.20891338427111
            ],
            [
              -120.68272904920404,
              44.209060501123886
            ],
            [
              -120.68220736158597,
              44.20914033272389
            ],
            [
              -120.68167722261767,
              44.20930479852449
            ],
            [
              -120.68075941119695,
              44.209488735004015
            ],
            [
              -120.67994450089371,
              44.209562213879146
            ],
            [
              -120.67902617563661,
              44.209719118407605
            ],
            [
              -120.6787206361506,
              44.20982994731999
            ],
            [
              -120.6785684813044,
              44.2099393942078
            ],
            [
              -120.67826300919204,
              44.21020778013673
            ],
            [
              -120.67812395807088,
              44.21046154064678
            ],
            [
              -120.67808584524835,
              44.21069484674739
            ],
            [
              -120.67788418694178,
              44.21130745735034
            ],
            [
              -120.67765778543904,
              44.212410232967336
            ],
            [
              -120.67750570694966,
              44.21277626637303
            ],
            [
              -120.67744247453679,
              44.21303156882928
            ],
            [
              -120.67729144527966,
              44.213510162659745
            ],
            [
              -120.67725385707323,
              44.213729972934246
            ],
            [
              -120.67679692271574,
              44.21442742229121
            ],
            [
              -120.67666983266261,
              44.214694929514714
            ],
            [
              -120.67576823403614,
              44.21575695427785
            ],
            [
              -120.6751702372296,
              44.21628046686173
            ],
            [
              -120.67505579096407,
              44.216345660146104
            ],
            [
              -120.6749412108496,
              44.21647387356657
            ],
            [
              -120.67448321288683,
              44.21677965675706
            ],
            [
              -120.67377007092547,
              44.21710725050197
            ],
            [
              -120.6722419018799,
              44.2176072967499
            ],
            [
              -120.67163007910281,
              44.2178649172475
            ],
            [
              -120.67127360424188,
              44.218055717738146
            ],
            [
              -120.67050986197721,
              44.218395764696346
            ],
            [
              -120.67010281376241,
              44.21859903468114
            ],
            [
              -120.66933834925226,
              44.2189570644709
            ],
            [
              -120.66870166290474,
              44.219308695280525
            ],
            [
              -120.66818000133777,
              44.2196401628455
            ],
            [
              -120.66770950870772,
              44.22006270142205
            ],
            [
              -120.6674550716833,
              44.220363609874255
            ],
            [
              -120.66713830505286,
              44.22091533071104
            ],
            [
              -120.66667323375553,
              44.22197269310762
            ],
            [
              -120.66683511106805,
              44.22203452024964
            ],
            [
              -120.66758977495846,
              44.22283770389551
            ],
            [
              -120.66807559374558,
              44.22321674849838
            ],
            [
              -120.66834416486269,
              44.22337078154467
            ],
            [
              -120.66889286482139,
              44.223782620588295
            ],
            [
              -120.67006864544226,
              44.224504348131575
            ],
            [
              -120.67032390173026,
              44.224698620049246
            ],
            [
              -120.67057912208561,
              44.224834370216854
            ],
            [
              -120.67160045805464,
              44.22524682859507
            ],
            [
              -120.67292887501868,
              44.22594913365197
            ],
            [
              -120.67340140951937,
              44.226170331713305
            ],
            [
              -120.67384463378902,
              44.22644044931252
            ],
            [
              -120.67415492446455,
              44.226608821819426
            ],
            [
              -120.67481974155517,
              44.22705450669142
            ],
            [
              -120.67604527536808,
              44.22776818317326
            ],
            [
              -120.67737298176473,
              44.22827235384301
            ],
            [
              -120.67824085404217,
              44.22851057419231
            ],
            [
              -120.67926133751001,
              44.22868886724688
            ],
            [
              -120.67992506674082,
              44.228765373933705
            ],
            [
              -120.68109839226601,
              44.228798205059284
            ],
            [
              -120.68148176627984,
              44.228860007009395
            ],
            [
              -120.68176232631274,
              44.22896923700683
            ],
            [
              -120.68191561123955,
              44.22907138166314
            ],
            [
              -120.68233780954162,
              44.22944007228612
            ],
            [
              -120.68249104775606,
              44.22962324361043
            ],
            [
              -120.68265798707519,
              44.23013530474041
            ],
            [
              -120.68268632622744,
              44.23082911418553
            ],
            [
              -120.6827241390127,
              44.23094242077477
            ],
            [
              -120.68271296846217,
              44.23130681734461
            ],
            [
              -120.6827916815423,
              44.231893612463715
            ],
            [
              -120.68281979611574,
              44.23281249349958
            ],
            [
              -120.68301443319002,
              44.234094877014186
            ],
            [
              -120.68304364011486,
              44.23508580621315
            ],
            [
              -120.68300724756608,
              44.23563425334549
            ],
            [
              -120.68293099227655,
              44.236001831232045
            ],
            [
              -120.68290936353947,
              44.2369917281539
            ],
            [
              -120.68301265093253,
              44.23747098450328
            ],
            [
              -120.68308896551085,
              44.23758056987703
            ],
            [
              -120.683089421855,
              44.2376886155563
            ],
            [
              -120.68332094734814,
              44.23835053541891
            ],
            [
              -120.6833214036923,
              44.23845858161515
            ],
            [
              -120.6833725429848,
              44.2385316420471
            ],
            [
              -120.68355456052598,
              44.23959769361289
            ],
            [
              -120.68376063854373,
              44.24011054514725
            ],
            [
              -120.68378642648058,
              44.240291130214004
            ],
            [
              -120.68390137400603,
              44.24047352186886
            ],
            [
              -120.68455411055271,
              44.24101343469087
            ],
            [
              -120.68506566786937,
              44.24136141863078
            ],
            [
              -120.68558820259877,
              44.2416691094083
            ]
          ]
        ]
      },
      "properties": {
        "huc12": "170703050101",
        "name": "Dry Creek",
        "tohuc": "170703050102",
        "areasqkm": 95.95,
        "states": "OR"
      }
    },
    {
      "type": "Feature",
      "geometry": {
        "type": "Polygon",
        "coordinates": [
          [
            [
              -120.87401730742602,
              44.21932059271559
            ],
            [
              -120.87441862798256,
              44.2192137249488
            ],
            [
              -120.87464542564234,
              44.21918397486457
            ],
            [
              -120.8750368674257,
              44.219153769597064
            ],
            [
              -120.87571211755005,
              44.21916633533014
            ],
            [
              -120.87642452199456,
              44.21925104676552
            ],
            [
              -120.87691640979972,
              44.21938882458817
            ],
            [
              -120.87738741267286,
              44.219554795939835
            ],
            [
              -120.87779935041775,
              44.21970537558683
            ],
            [
              -120.87785585355081,
              44.21973167401713
            ],
            [
              -120.87815119446341,
              44.21986913010541
            ],
            [
              -120.87844551039827,
              44.219974643428955
            ],
            [
              -120.87870062115915,
              44.22006513624494
            ],
            [
              -120.87893074078887,
              44.22029808819905
            ],
            [
              -120.87912011553222,
              44.22055886564335
            ],
            [
              -120.87934357056083,
              44.220977493730324
            ],
            [
              -120.87934658620526,
              44.22099220608804
            ],
            [
              -120.8793913995615,
              44.22105533534229
            ],
            [
              -120.87980684612589,
              44.22185528322546
            ],
            [
              -120.87978287817582,
              44.22252305725838
            ],
            [
              -120.87992248625241,
              44.22313575725729
            ],
            [
              -120.88019260067522,
              44.22348940381383
            ],
            [
              -120.88066875538652,
              44.22373066014334
            ],
            [
              -120.88130953805171,
              44.2238878114605
            ],
            [
              -120.88199694328017,
              44.22387150203696
            ],
            [
              -120.88268955065242,
              44.22371002337189
            ],
            [
              -120.88334698538806,
              44.22340262172006
            ],
            [
              -120.88387913029437,
              44.22320910966627
            ],
            [
              -120.88508616689727,
              44.22337940787778
            ],
            [
              -120.88623979775815,
              44.22355239842075
            ],
            [
              -120.88731246166587,
              44.22304148063425
            ],
            [
              -120.88828623992545,
              44.221983272204284
            ],
            [
              -120.89012695980782,
              44.22021599656712
            ],
            [
              -120.89228017932302,
              44.21874498715773
            ],
            [
              -120.89384119706361,
              44.21801839709522
            ],
            [
              -120.89636486203908,
              44.217483830111725
            ],
            [
              -120.89864006288839,
              44.217118957809774
            ],
            [
              -120.90162686149509,
              44.216769147546515
            ],
            [
              -120.90260954116081,
              44.216690763957985
            ],
            [
              -120.90324809869905,
              44.21661673706354
            ],
            [
              -120.90376495966913,
              44.216611934734644
            ],
            [
              -120.90438162795884,
              44.216594669782744
            ],
            [
              -120.90484144501009,
              44.21651735343406
            ],
            [
              -120.90549935225955,
              44.216457960621064
            ],
            [
              -120.90609615790002,
              44.21644032155764
            ],
            [
              -120.90668248738763,
              44.21639500091609
            ],
            [
              -120.90674499665668,
              44.21639614693794
            ],
            [
              -120.90678406259175,
              44.21639842674884
            ],
            [
              -120.90732746608354,
              44.216462894948044
            ],
            [
              -120.90806076084998,
              44.21651920831171
            ],
            [
              -120.90855523400653,
              44.21658543403578
            ],
            [
              -120.9092075761928,
              44.21668313522423
            ],
            [
              -120.9094071728658,
              44.21672601231338
            ],
            [
              -120.91037122776075,
              44.21693311239282
            ],
            [
              -120.91102105107096,
              44.217102217079955
            ],
            [
              -120.91163317747859,
              44.21721346024137
            ],
            [
              -120.91205271946237,
              44.21724864197011
            ],
            [
              -120.91228704769918,
              44.21726829338205
            ],
            [
              -120.91270411033277,
              44.21727591817704
            ],
            [
              -120.91336403699499,
              44.21715934813272
            ],
            [
              -120.91366496632698,
              44.21707909282038
            ],
            [
              -120.9146914469476,
              44.21671195237606
            ],
            [
              -120.91524608926193,
              44.21657248660418
            ],
            [
              -120.91617343001116,
              44.21643956569881
            ],
            [
              -120.91700447854849,
              44.216324612595706
            ],
            [
              -120.91810714798335,
              44.216216879228355
            ],
            [
              -120.91872481519968,
              44.21617097059352
            ],
            [
              -120.91960166883334,
              44.21610119558083
            ],
            [
              -120.92042145519194,
              44.21595891221811
            ],
            [
              -120.92117763633686,
              44.21592980497083
            ],
            [
              -120.92171686715413,
              44.21585386620726
            ],
            [
              -120.92175836482869,
              44.21584519563437
            ],
            [
              -120.9217787772469,
              44.21584092956006
            ],
            [
              -120.9221573003582,
              44.21576183458106
            ],
            [
              -120.922500443322,
              44.21561086305109
            ],
            [
              -120.92273095641377,
              44.21527204391824
            ],
            [
              -120.9228194359777,
              44.215016391264065
            ],
            [
              -120.92291193280755,
              44.21464647326013
            ],
            [
              -120.92286440923407,
              44.21430259302607
            ],
            [
              -120.92265550242148,
              44.214027241181526
            ],
            [
              -120.92247007577382,
              44.213689365852964
            ],
            [
              -120.9223940522496,
              44.21355083811414
            ],
            [
              -120.92207956105179,
              44.212887670304205
            ],
            [
              -120.92206144832072,
              44.21227277234426
            ],
            [
              -120.92207685981774,
              44.21207358461066
            ],
            [
              -120.92209788668359,
              44.21180178881061
            ],
            [
              -120.92209511178768,
              44.21131580149626
            ],
            [
              -120.92211048555544,
              44.21117922431072
            ],
            [
              -120.92222112835404,
              44.2110296389202
            ],
            [
              -120.92275304149501,
              44.21083593874838
            ],
            [
              -120.92336678397189,
              44.210681179433806
            ],
            [
              -120.9242027624635,
              44.21053431259762
            ],
            [
              -120.92467485050149,
              44.21045735917698
            ],
            [
              -120.92536231142547,
              44.21021775608121
            ],
            [
              -120.92580877771495,
              44.210068307331454
            ],
            [
              -120.92613435861496,
              44.20997518168755
            ],
            [
              -120.93032562194787,
              44.20798090138179
            ],
            [
              -120.93122990923199,
              44.20753243007549
            ],
            [
              -120.93197272524213,
              44.207081029316996
            ],
            [
              -120.93265004059329,
              44.20619264241494
            ],
            [
              -120.93337277476525,
              44.205159808901236
            ],
            [
              -120.93417316020866,
              44.204215531604035
            ],
            [
              -120.93481613116988,
              44.203152192359305
            ],
            [
              -120.93561342281549,
              44.20229501047843
            ],
            [
              -120.93644700011033,
              44.20155468905496
            ],
            [
              -120.93703130210038,
              44.20101323058256
            ],
            [
              -120.93769529813085,
              44.200502264702564
            ],
            [
              -120.93843494218967,
              44.20013792153902
            ],
            [
              -120.9393329754028,
              44.1998635912107
            ],
            [
              -120.94039142886103,
              44.19962119765015
            ],
            [
              -120.94148618593488,
              44.19949566078567
            ],
            [
              -120.9422530112176,
              44.19950947237842
            ],
            [
              -120.94305514747751,
              44.199669180679
            ],
            [
              -120.943163986459,
              44.19970156627114
            ],
            [
              -120.94320483554993,
              44.19970672998331
            ],
            [
              -120.94395384454562,
              44.19987743362983
            ],
            [
              -120.94466016919229,
              44.20013311915437
            ],
            [
              -120.9449718863925,
              44.200310237821206
            ],
            [
              -120.94542209147018,
              44.20050413876078
            ],
            [
              -120.94583457808571,
              44.20064019071915
            ],
            [
              -120.94598139514248,
              44.20065530228888
            ],
            [
              -120.94617111933047,
              44.2006748285049
            ],
            [
              -120.94667146477407,
              44.2005694866823
            ],
            [
              -120.94761159393971,
              44.20038629709206
            ],
            [
              -120.94844996284829,
              44.200272731406095
            ],
            [
              -120.94904858398397,
              44.20019773009642
            ],
            [
              -120.94960551340897,
              44.20017914655262
            ],
            [
              -120.95009742457034,
              44.20031660899565
            ],
            [
              -120.95046682079834,
              44.200561098509645
            ],
            [
              -120.95096371671123,
              44.20103150796305
            ],
            [
              -120.95127754495236,
              44.20129861106514
            ],
            [
              -120.95163073018273,
              44.20159547387312
            ],
            [
              -120.9524642329174,
              44.20201715597855
            ],
            [
              -120.95326441983315,
              44.20223486531267
            ],
            [
              -120.95417765793077,
              44.202687015452
            ],
            [
              -120.954500888838,
              44.20282145692516
            ],
            [
              -120.95473442026913,
              44.2029580818258
            ],
            [
              -120.95563790715433,
              44.20326010804445
            ],
            [
              -120.95623111683877,
              44.20334218918357
            ],
            [
              -120.95644866544436,
              44.2033318778514
            ],
            [
              -120.95661405247468,
              44.2033240400271
            ],
            [
              -120.95666893684358,
              44.20332143901028
            ],
            [
              -120.95746564638088,
              44.203264230779446
            ],
            [
              -120.95809197605149,
              44.20334330841249
            ],
            [
              -120.9582569265006,
              44.20336413456716
            ],
            [
              -120.95838651207359,
              44.20340473138008
            ],
            [
              -120.95888590620125,
              44.203561180278875
            ],
            [
              -120.9594285604981,
              44.203956770815786
            ],
            [
              -120.96021196239275,
              44.204285198345595
            ],
            [
              -120.96084539594062,
              44.204353681398615
            ],
            [
              -120.9615393849218,
              44.20439465618032
            ],
            [
              -120.96185221154138,
              44.20434967916118
            ],
            [
              -120.96215838254307,
              44.20430565839529
            ],
            [
              -120.9629496590695,
              44.20418542169325
            ],
            [
              -120.96333680421085,
              44.20412658957353
            ],
            [
              -120.96361764631477,
              44.204117436230895
            ],
            [
              -120.96427485467493,
              44.20413842889918
            ],
            [
              -120.96483993631115,
              44.204148494739
            ],
            [
              -120.96556946983151,
              44.20407432779303
            ],
            [
              -120.96676767240184,
              44.203877757115166
            ],
            [
              -120.96773838021976,
              44.20383692042743
            ],
            [
              -120.96834631778324,
              44.2037750986488
            ],
            [
              -120.96879430132722,
              44.203666851617584
            ],
            [
              -120.96915171582594,
              44.20354972722101
            ],
            [
              -120.96954164394808,
              44.20336781295214
            ],
            [
              -120.96971057752714,
              44.20315291683374
            ],
            [
              -120.96998290539877,
              44.202867225275035
            ],
            [
              -120.97021387303809,
              44.20260985021218
            ],
            [
              -120.97046850769192,
              44.20225121035274
            ],
            [
              -120.97072064772419,
              44.20196515829468
            ],
            [
              -120.97105599959954,
              44.20160794997373
            ],
            [
              -120.97248035663591,
              44.20053526550643
            ],
            [
              -120.97447992111843,
              44.19932401834121
            ],
            [
              -120.97523768778981,
              44.1988840981693
            ],
            [
              -120.97597959829814,
              44.19824959913385
            ],
            [
              -120.97677256725056,
              44.19743790016096
            ],
            [
              -120.97735921833505,
              44.19673588040314
            ],
            [
              -120.97782786402891,
              44.196193679492005
            ],
            [
              -120.97797388068676,
              44.19587244154588
            ],
            [
              -120.97793775493761,
              44.195612745650216
            ],
            [
              -120.97770695797817,
              44.195122927832706
            ],
            [
              -120.97747561304644,
              44.1946492927193
            ],
            [
              -120.97689326489213,
              44.19466307324454
            ],
            [
              -120.97601824921153,
              44.19469044364069
            ],
            [
              -120.97518685572113,
              44.19460424320915
            ],
            [
              -120.97440251239207,
              44.194304488063764
            ],
            [
              -120.97401132303528,
              44.19412603871665
            ],
            [
              -120.97356253549911,
              44.193889397005485
            ],
            [
              -120.97311767090581,
              44.19353848586757
            ],
            [
              -120.97267868758264,
              44.19301616816731
            ],
            [
              -120.97252730708426,
              44.1928902552524
            ],
            [
              -120.97209927602104,
              44.192534233725425
            ],
            [
              -120.9715750192212,
              44.19218190458944
            ],
            [
              -120.97110836509238,
              44.191887769137026
            ],
            [
              -120.97081083049387,
              44.19129649422264
            ],
            [
              -120.9705595788954,
              44.19093047097648
            ],
            [
              -120.97041355055947,
              44.190717740735344
            ],
            [
              -120.97012353485987,
              44.190498500294424
            ],
            [
              -120.9700585264777,
              44.190449355541595
            ],
            [
              -120.9699488763175,
              44.19036646482122
            ],
            [
              -120.96944646474876,
              44.18995734601782
            ],
            [
              -120.96919940109616,
              44.189711662743996
            ],
            [
              -120.96903818943528,
              44.18912112736053
            ],
            [
              -120.9689590505537,
              44.1885337339583
            ],
            [
              -120.96890467283461,
              44.18780385578629
            ],
            [
              -120.96876598373453,
              44.18721540315469
            ],
            [
              -120.96855182177752,
              44.18651126794509
            ],
            [
              -120.96825139370549,
              44.18600568971657
            ],
            [
              -120.9678105445815,
              44.18554048888115
            ],
            [
              -120.96711067073687,
              44.185099261846595
            ],
            [
              -120.96646839327504,
              44.18471622342951
            ],
            [
              -120.96567666040445,
              44.184058964786914
            ],
            [
              -120.9655879499735,
              44.18399894015134
            ],
            [
              -120.96551524662263,
              44.18393955448845
            ],
            [
              -120.96523979441041,
              44.18373127548903
            ],
            [
              -120.96503635474464,
              44.18319016923903
            ],
            [
              -120.96494727690275,
              44.182258882636056
            ],
            [
              -120.96477750609384,
              44.181326157604744
            ],
            [
              -120.96448869683168,
              44.18033320777742
            ],
            [
              -120.9642412442086,
              44.17931193793271
            ],
            [
              -120.96402315032559,
              44.17861077621554
            ],
            [
              -120.96364668255967,
              44.177819630338384
            ],
            [
              -120.96323387255065,
              44.17691162507547
            ],
            [
              -120.96307314148845,
              44.175717579052865
            ],
            [
              -120.96270069907332,
              44.17481029072656
            ],
            [
              -120.96262033848296,
              44.17421326879132
            ],
            [
              -120.96279970419741,
              44.17369351038075
            ],
            [
              -120.96285904061689,
              44.173142555935975
            ],
            [
              -120.96300905657438,
              44.172302687106544
            ],
            [
              -120.96298870703826,
              44.17172126134413
            ],
            [
              -120.9629196616272,
              44.170209264646175
            ],
            [
              -120.96271960771176,
              44.168985464052575
            ],
            [
              -120.96258624292633,
              44.168169595770365
            ],
            [
              -120.9623672058123,
              44.16749746497306
            ],
            [
              -120.96203916083347,
              44.16647475365589
            ],
            [
              -120.96185547242587,
              44.16594851929289
            ],
            [
              -120.96171412521088,
              44.16536493404443
            ],
            [
              -120.96160311500131,
              44.165072422689704
            ],
            [
              -120.96106241364191,
              44.164365496325054
            ],
            [
              -120.96047338292023,
              44.16389013515732
            ],
            [
              -120.95979668740658,
              44.16361657565919
            ],
            [
              -120.95884666239976,
              44.16307664839811
            ],
            [
              -120.95793599078893,
              44.16256647362173
            ],
            [
              -120.9572320125418,
              44.16191471959205
            ],
            [
              -120.955503445526,
              44.16054735532541
            ],
            [
              -120.95304467394836,
              44.158602080271386
            ],
            [
              -120.95250922054684,
              44.1581738374853
            ],
            [
              -120.95077545587881,
              44.157138897927624
            ],
            [
              -120.94884943826526,
              44.15608247413933
            ],
            [
              -120.94610504285146,
              44.154354075075325
            ],
            [
              -120.94281079494046,
              44.15198998775028
            ],
            [
              -120.94115111433389,
              44.15087970809019
            ],
            [
              -120.93905729591684,
              44.14917636631095
            ],
            [
              -120.93709550559204,
              44.14817311755915
            ],
            [
              -120.93505012253848,
              44.14674517246996
            ],
            [
              -120.93350024839901,
              44.14549721578963
            ],
            [
              -120.9325132909559,
              44.144546617486405
            ],
            [
              -120.93162239485771,
              44.14348457724716
            ],
            [
              -120.93131808067375,
              44.14295610722955
            ],
            [
              -120.93110353872939,
              44.14216778303354
            ],
            [
              -120.93088900307325,
              44.141379462493326
            ],
            [
              -120.93091030123033,
              44.14076972669031
            ],
            [
              -120.93093565528089,
              44.14004385379021
            ],
            [
              -120.93096303772738,
              44.13925990931218
            ],
            [
              -120.93102870726962,
              44.13853476632726
            ],
            [
              -120.9308958311677,
              44.13771886635107
            ],
            [
              -120.93066508541226,
              44.13739510171425
            ],
            [
              -120.92995460156584,
              44.136946433078855
            ],
            [
              -120.92915842203458,
              44.13664147344614
            ],
            [
              -120.92831482762598,
              44.13653902281496
            ],
            [
              -120.92742787153864,
              44.13652293871182
            ],
            [
              -120.9263705059402,
              44.13676523519107
            ],
            [
              -120.92562753182659,
              44.1372456565543
            ],
            [
              -120.92467990981315,
              44.1378095170883
            ],
            [
              -120.92373633830336,
              44.13825722954279
            ],
            [
              -120.92328267022023,
              44.138539516997824
            ],
            [
              -120.92230487110147,
              44.13881227537534
            ],
            [
              -120.92093101914696,
              44.13887444572277
            ],
            [
              -120.91939997279754,
              44.13881752694004
            ],
            [
              -120.91839509755779,
              44.13871206362068
            ],
            [
              -120.91779135692332,
              44.138672011492076
            ],
            [
              -120.9170572285203,
              44.13832452185671
            ],
            [
              -120.9163055030192,
              44.13790406870638
            ],
            [
              -120.91593321421598,
              44.13759221773328
            ],
            [
              -120.91531675613206,
              44.13676747940061
            ],
            [
              -120.91444184914761,
              44.1358363398001
            ],
            [
              -120.9137376427284,
              44.135213364819585
            ],
            [
              -120.91290944095222,
              44.13467528012016
            ],
            [
              -120.91172354530121,
              44.13398538770579
            ],
            [
              -120.91077546065543,
              44.133416043899196
            ],
            [
              -120.91043209221446,
              44.13285775262989
            ],
            [
              -120.91029439215954,
              44.13218700554439
            ],
            [
              -120.91019803077731,
              44.13148796457426
            ],
            [
              -120.91010166759848,
              44.13078892306727
            ],
            [
              -120.9097159624565,
              44.13028796086257
            ],
            [
              -120.90908122455485,
              44.12998581353249
            ],
            [
              -120.90849295290958,
              44.12951019476093
            ],
            [
              -120.90806695653049,
              44.1290084898766
            ],
            [
              -120.90751183631244,
              44.1287368449023
            ],
            [
              -120.90675414509955,
              44.128490539689516
            ],
            [
              -120.90608221065693,
              44.12810053606619
            ],
            [
              -120.90512195743227,
              44.12787956302503
            ],
            [
              -120.90391266605803,
              44.127857385784736
            ],
            [
              -120.90298040882922,
              44.12798554734424
            ],
            [
              -120.90232436288903,
              44.12810208164491
            ],
            [
              -120.90077261486387,
              44.12828516119015
            ],
            [
              -120.89971739713727,
              44.12847734787026
            ],
            [
              -120.89908787665078,
              44.12860532625338
            ],
            [
              -120.89693257573906,
              44.129020342999176
            ],
            [
              -120.8951604287539,
              44.12924880803899
            ],
            [
              -120.89397190912399,
              44.12934395173524
            ],
            [
              -120.8916025378834,
              44.12931826226244
            ],
            [
              -120.89027160024666,
              44.129244179130055
            ],
            [
              -120.8893020359841,
              44.1292892959854
            ],
            [
              -120.88846379463628,
              44.129563105528504
            ],
            [
              -120.88764723592448,
              44.12983854831503
            ],
            [
              -120.88702497831709,
              44.13032094809861
            ],
            [
              -120.88616188058536,
              44.13076983664777
            ],
            [
              -120.88550239858918,
              44.13116438305967
            ],
            [
              -120.88501244306018,
              44.13132963512055
            ],
            [
              -120.8843674589744,
              44.1313176954185
            ],
            [
              -120.8842165797359,
              44.131024367297734
            ],
            [
              -120.88391482575051,
              44.13043771377804
            ],
            [
              -120.88349629347313,
              44.129732682736226
            ],
            [
              -120.88303435010961,
              44.12911400470025
            ],
            [
              -120.88252588299754,
              44.1286687827436
            ],
            [
              -120.88177452760235,
              44.12824811189495
            ],
            [
              -120.88069759849364,
              44.12790855514058
            ],
            [
              -120.87960986894028,
              44.127763867171204
            ],
            [
              -120.87880385914488,
              44.12747430897923
            ],
            [
              -120.8779784259764,
              44.12724740588984
            ],
            [
              -120.87726503518171,
              44.12694605224176
            ],
            [
              -120.87676739276881,
              44.12668471349523
            ],
            [
              -120.87641526036398,
              44.126439584250846
            ],
            [
              -120.87600686018467,
              44.12610787679802
            ],
            [
              -120.87580233984563,
              44.12595101987823
            ],
            [
              -120.8755346625522,
              44.125725462486514
            ],
            [
              -120.87526776948803,
              44.125499920999054
            ],
            [
              -120.87495282464099,
              44.125241974100014
            ],
            [
              -120.87487455802356,
              44.12500643330871
            ],
            [
              -120.87411379008078,
              44.12426301853364
            ],
            [
              -120.87349964605701,
              44.1237879230778
            ],
            [
              -120.87296163784683,
              44.123237713628434
            ],
            [
              -120.87214252971626,
              44.12261924485164
            ],
            [
              -120.87106952444873,
              44.12191501039983
            ],
            [
              -120.87039179317757,
              44.12151524260688
            ],
            [
              -120.86969002748098,
              44.121036671106836
            ],
            [
              -120.86886683830407,
              44.12044501149094
            ],
            [
              -120.86815147301243,
              44.11975824629686
            ],
            [
              -120.86759210286476,
              44.11911187517732
            ],
            [
              -120.86700657647098,
              44.11815406187205
            ],
            [
              -120.86680666359106,
              44.11750716694676
            ],
            [
              -120.86581658180738,
              44.11607728385583
            ],
            [
              -120.86418866473097,
              44.11445680877013
            ],
            [
              -120.86406568357194,
              44.11437355971751
            ],
            [
              -120.86367880612856,
              44.1139447148558
            ],
            [
              -120.86358886590398,
              44.11386710777152
            ],
            [
              -120.86344747197658,
              44.11369258787991
            ],
            [
              -120.86296987546925,
              44.11318341481653
            ],
            [
              -120.86257764047349,
              44.11282770864874
            ],
            [
              -120.86183472924193,
              44.112342400381515
            ],
            [
              -120.86011592511665,
              44.11118467264727
            ],
            [
              -120.85880665035297,
              44.11027823087432
            ],
            [
              -120.85791450379992,
              44.10966055137014
            ],
            [
              -120.85641369923452,
              44.10864978183696
            ],
            [
              -120.85578430181722,
              44.10822705597034
            ],
            [
              -120.85478323723093,
              44.107797343462956
            ],
            [
              -120.85412197567217,
              44.107570533150685
            ],
            [
              -120.85308839925908,
              44.10735458416618
            ],
            [
              -120.85195054461123,
              44.10727959045221
            ],
            [
              -120.85108331013761,
              44.10726327391285
            ],
            [
              -120.85015145265909,
              44.106977749869955
            ],
            [
              -120.84947645046977,
              44.106446937429126
            ],
            [
              -120.84818316122657,
              44.10518984604353
            ],
            [
              -120.8477202548691,
              44.10475761381532
            ],
            [
              -120.8470539528633,
              44.103792643749436
            ],
            [
              -120.84611514601774,
              44.10236908474097
            ],
            [
              -120.84466478005893,
              44.100157232243255
            ],
            [
              -120.84420688719904,
              44.099542989914305
            ],
            [
              -120.84395266577026,
              44.09910561806691
            ],
            [
              -120.84376000678623,
              44.09862615222185
            ],
            [
              -120.84375201806841,
              44.09802039996614
            ],
            [
              -120.8437693052477,
              44.09754489803547
            ],
            [
              -120.84381579665695,
              44.09709157527138
            ],
            [
              -120.8438275852484,
              44.096767368602436
            ],
            [
              -120.84372176460626,
              44.09637605625166
            ],
            [
              -120.8434146521702,
              44.095743027222724
            ],
            [
              -120.84264577513537,
              44.094603818926245
            ],
            [
              -120.84188882952412,
              44.09396228629919
            ],
            [
              -120.84105609215406,
              44.09293000318491
            ],
            [
              -120.84074587693699,
              44.09238342270151
            ],
            [
              -120.84024227150726,
              44.09137898264725
            ],
            [
              -120.83982392068957,
              44.09050592733038
            ],
            [
              -120.8396107783204,
              44.08976652211473
            ],
            [
              -120.83933294197945,
              44.08915566378976
            ],
            [
              -120.83897853324365,
              44.08817566970339
            ],
            [
              -120.83858706001925,
              44.08738963023326
            ],
            [
              -120.83807880311298,
              44.08651486483143
            ],
            [
              -120.83770710090964,
              44.086010370001354
            ],
            [
              -120.83711920026859,
              44.08567480601402
            ],
            [
              -120.83667965909166,
              44.08538530806675
            ],
            [
              -120.83642082122063,
              44.08507760508882
            ],
            [
              -120.83612014611187,
              44.08427164803427
            ],
            [
              -120.83583682196284,
              44.08299019074134
            ],
            [
              -120.83560401547214,
              44.08196923215592
            ],
            [
              -120.83500428312047,
              44.07949219873824
            ],
            [
              -120.83468550067052,
              44.078361465657004
            ],
            [
              -120.83441091802752,
              44.0776641434135
            ],
            [
              -120.83369845429422,
              44.07663408306592
            ],
            [
              -120.83318010032416,
              44.07604027391269
            ],
            [
              -120.83257102190026,
              44.07546637044938
            ],
            [
              -120.8321631364556,
              44.0751342000564
            ],
            [
              -120.83153831325974,
              44.07417067561894
            ],
            [
              -120.83096715002905,
              44.07338119791825
            ],
            [
              -120.83042992964138,
              44.072484216459955
            ],
            [
              -120.83014594073902,
              44.072046248863806
            ],
            [
              -120.82992033334699,
              44.07165264567213
            ],
            [
              -120.82939968867294,
              44.071123662130496
            ],
            [
              -120.82881593465524,
              44.07067999247493
            ],
            [
              -120.82855798970962,
              44.07035065704018
            ],
            [
              -120.82836316758237,
              44.069936007954404
            ],
            [
              -120.82817704653696,
              44.0692836090296
            ],
            [
              -120.82787188344506,
              44.06778542573936
            ],
            [
              -120.82759188935077,
              44.06723938424306
            ],
            [
              -120.82722434544893,
              44.066626787429605
            ],
            [
              -120.82696801028428,
              44.06625422350402
            ],
            [
              -120.82671325884948,
              44.06583843098247
            ],
            [
              -120.82642932923592,
              44.06540045164581
            ],
            [
              -120.82585831422728,
              44.064610950550076
            ],
            [
              -120.8251918505247,
              44.063971027835734
            ],
            [
              -120.82458534667245,
              44.06333224526422
            ],
            [
              -120.82374936548588,
              44.06240791085317
            ],
            [
              -120.82299619549379,
              44.06167980935229
            ],
            [
              -120.8223313793015,
              44.06099664453296
            ],
            [
              -120.82129279298407,
              44.059873771918625
            ],
            [
              -120.8205089203722,
              44.05916669448871
            ],
            [
              -120.82010676438246,
              44.05868318714266
            ],
            [
              -120.81974173037348,
              44.05800573001886
            ],
            [
              -120.8194310911516,
              44.057480710313044
            ],
            [
              -120.8189146236436,
              44.05684361432117
            ],
            [
              -120.81836264573242,
              44.05635723906135
            ],
            [
              -120.81763005794015,
              44.05588903948098
            ],
            [
              -120.81689589450284,
              44.055464061017936
            ],
            [
              -120.81563261438004,
              44.05474778733335
            ],
            [
              -120.81420705000787,
              44.0535525595544
            ],
            [
              -120.81360235895586,
              44.05287049406238
            ],
            [
              -120.8129857481583,
              44.05251262830551
            ],
            [
              -120.81233837994377,
              44.052175796802565
            ],
            [
              -120.811398504103,
              44.05163869923418
            ],
            [
              -120.81108637637273,
              44.051156884612574
            ],
            [
              -120.81063078769155,
              44.05049928983857
            ],
            [
              -120.81046850883209,
              44.05002034683311
            ],
            [
              -120.81012594168837,
              44.0487376835972
            ],
            [
              -120.80978896745565,
              44.047303723859116
            ],
            [
              -120.80970894463182,
              44.046220754180325
            ],
            [
              -120.80974400228409,
              44.0452697602758
            ],
            [
              -120.80968040246029,
              44.04455479224788
            ],
            [
              -120.80963720337658,
              44.04409976037683
            ],
            [
              -120.80951288103284,
              44.043405255981966
            ],
            [
              -120.80935142503019,
              44.04290469739397
            ],
            [
              -120.80905210727585,
              44.042077063349964
            ],
            [
              -120.8087700102255,
              44.04159581862583
            ],
            [
              -120.80765647566727,
              44.040082062247265
            ],
            [
              -120.80656417997733,
              44.038806621798265
            ],
            [
              -120.8060636135482,
              44.038559089455276
            ],
            [
              -120.80589341963278,
              44.03829627377459
            ],
            [
              -120.80558220189586,
              44.0377928318708
            ],
            [
              -120.80530414097608,
              44.03720351330304
            ],
            [
              -120.80520106109384,
              44.03674732776561
            ],
            [
              -120.80494179382812,
              44.03646117141873
            ],
            [
              -120.80439170956559,
              44.03593150597306
            ],
            [
              -120.80405055637013,
              44.03542748535341
            ],
            [
              -120.8037741196044,
              44.03479493438797
            ],
            [
              -120.8033526848703,
              44.034029821607746
            ],
            [
              -120.8032795817691,
              44.03357421096619
            ],
            [
              -120.80318371086706,
              44.032923502584026
            ],
            [
              -120.80308224974897,
              44.032424090287265
            ],
            [
              -120.80297839462067,
              44.03198951734463
            ],
            [
              -120.80266803118158,
              44.031464453662856
            ],
            [
              -120.8022458328795,
              44.03072095161077
            ],
            [
              -120.80177332263331,
              44.02971693293572
            ],
            [
              -120.80140786372124,
              44.02906103520524
            ],
            [
              -120.80116143966912,
              44.02842905571087
            ],
            [
              -120.80084871006757,
              44.02796882976207
            ],
            [
              -120.80065593609916,
              44.0276454392398
            ],
            [
              -120.79831060647055,
              44.02698360601805
            ],
            [
              -120.7970168312388,
              44.02677647263728
            ],
            [
              -120.7955794028167,
              44.0267767820245
            ],
            [
              -120.79449033207862,
              44.02681183125296
            ],
            [
              -120.7930948433022,
              44.02672882828552
            ],
            [
              -120.79205810751426,
              44.02640046462439
            ],
            [
              -120.79047061282898,
              44.02625765972902
            ],
            [
              -120.78977287607647,
              44.026216136233906
            ],
            [
              -120.78860617203323,
              44.02624962463434
            ],
            [
              -120.78751293580717,
              44.02639664860962
            ],
            [
              -120.78635469119897,
              44.02672459891409
            ],
            [
              -120.78544094824815,
              44.02726750421557
            ],
            [
              -120.78492375490141,
              44.02759384659474
            ],
            [
              -120.78421348665067,
              44.02788841391301
            ],
            [
              -120.78307617099196,
              44.02817469110005
            ],
            [
              -120.78232706677484,
              44.02846849015944
            ],
            [
              -120.78161573222386,
              44.028791049464495
            ],
            [
              -120.78060749189504,
              44.029397261203684
            ],
            [
              -120.78076133467565,
              44.02985932324569
            ],
            [
              -120.78077779181167,
              44.03023209872468
            ],
            [
              -120.78108462846497,
              44.03096106092786
            ],
            [
              -120.78147270875253,
              44.0319545092827
            ],
            [
              -120.78150481274415,
              44.03272195385067
            ],
            [
              -120.78138367402978,
              44.033353241094645
            ],
            [
              -120.78134866129325,
              44.03338715881479
            ],
            [
              -120.78123886560597,
              44.033895987515706
            ],
            [
              -120.78129581699837,
              44.0343163448968
            ],
            [
              -120.78139922296903,
              44.034465084177135
            ],
            [
              -120.78155434584892,
              44.03468821144918
            ],
            [
              -120.78192225356848,
              44.0350491000926
            ],
            [
              -120.78232987850168,
              44.0353190476389
            ],
            [
              -120.78269779610272,
              44.035679935023744
            ],
            [
              -120.78299263575536,
              44.03605250275474
            ],
            [
              -120.7832266891077,
              44.0365942124931
            ],
            [
              -120.78333614613013,
              44.03706799376283
            ],
            [
              -120.78337350077459,
              44.03752727272532
            ],
            [
              -120.78332996033109,
              44.03781603223704
            ],
            [
              -120.7832856509297,
              44.0381098642253
            ],
            [
              -120.78297727456403,
              44.038841277741945
            ],
            [
              -120.78303403281859,
              44.03976256459868
            ],
            [
              -120.78320811194764,
              44.04079567200135
            ],
            [
              -120.78323081417147,
              44.04161222689569
            ],
            [
              -120.78313398836028,
              44.04207991362635
            ],
            [
              -120.78529166711256,
              44.043639596069035
            ],
            [
              -120.78576430761449,
              44.04404039991015
            ],
            [
              -120.78584057997199,
              44.04414991743884
            ],
            [
              -120.78607057293924,
              44.04444698143266
            ],
            [
              -120.78626375474278,
              44.04481085837113
            ],
            [
              -120.78625257251412,
              44.045215791941736
            ],
            [
              -120.78611546534724,
              44.04583886780034
            ],
            [
              -120.78613066663847,
              44.04635235411646
            ],
            [
              -120.7859299713259,
              44.0469021698606
            ],
            [
              -120.78585542014048,
              44.04726986382211
            ],
            [
              -120.7856298217316,
              44.04785971050407
            ],
            [
              -120.78555470730248,
              44.048263405503256
            ],
            [
              -120.78540331602427,
              44.04855758276267
            ],
            [
              -120.78527808458547,
              44.04892429085455
            ],
            [
              -120.78502647815247,
              44.04943710670586
            ],
            [
              -120.78497628927755,
              44.04954867518494
            ],
            [
              -120.78483753190551,
              44.04983859444994
            ],
            [
              -120.78475006025135,
              44.05013400869461
            ],
            [
              -120.78471348264961,
              44.050466421400664
            ],
            [
              -120.78475356727422,
              44.050939874805636
            ],
            [
              -120.78493583634369,
              44.05178521925788
            ],
            [
              -120.78534666736415,
              44.052589976967305
            ],
            [
              -120.78541183654475,
              44.05295587437729
            ],
            [
              -120.78540077019876,
              44.05325277154274
            ],
            [
              -120.78532506647481,
              44.05339985893989
            ],
            [
              -120.78532571955004,
              44.053507911059086
            ],
            [
              -120.78517496697401,
              44.05391013947962
            ],
            [
              -120.78515015820082,
              44.054094226786106
            ],
            [
              -120.78501215361696,
              44.054510205733116
            ],
            [
              -120.7847977949289,
              44.05490219788317
            ],
            [
              -120.78478808234406,
              44.05545571225317
            ],
            [
              -120.78482729919612,
              44.055785095697146
            ],
            [
              -120.7850458934407,
              44.05622149283614
            ],
            [
              -120.78532666727267,
              44.056497033397065
            ],
            [
              -120.7857479582763,
              44.056770795407054
            ],
            [
              -120.78591413402745,
              44.05691806967505
            ],
            [
              -120.78601637218824,
              44.05706410278717
            ],
            [
              -120.78621251034738,
              44.058166310083884
            ],
            [
              -120.7861633347721,
              44.05860651846248
            ],
            [
              -120.78601322538981,
              44.059116801261595
            ],
            [
              -120.7855081826556,
              44.059854289473414
            ],
            [
              -120.78526856783334,
              44.060295310298564
            ],
            [
              -120.78516826284704,
              44.060662502161826
            ],
            [
              -120.78511985443299,
              44.06110272619484
            ],
            [
              -120.78515973064846,
              44.061540160876014
            ],
            [
              -120.78519942360761,
              44.06168948572317
            ],
            [
              -120.78542957018678,
              44.06213060648915
            ],
            [
              -120.78551886721758,
              44.06245645541165
            ],
            [
              -120.78573980516677,
              44.063081966783756
            ],
            [
              -120.78625731921207,
              44.06387004493759
            ],
            [
              -120.78672840652685,
              44.06447673240599
            ],
            [
              -120.78702243230585,
              44.064875476211
            ],
            [
              -120.78748925082641,
              44.065513395260716
            ],
            [
              -120.78801542822428,
              44.06602144586433
            ],
            [
              -120.78824257443043,
              44.06633327181466
            ],
            [
              -120.78825743526015,
              44.0663536719238
            ],
            [
              -120.78835857657799,
              44.066565255592785
            ],
            [
              -120.78841316270623,
              44.067051068064785
            ],
            [
              -120.7885119791841,
              44.0678128698434
            ],
            [
              -120.78886171398548,
              44.069155997234716
            ],
            [
              -120.78892215712935,
              44.069484705498134
            ],
            [
              -120.7891580789775,
              44.07095664428653
            ],
            [
              -120.7893118741474,
              44.07170640790903
            ],
            [
              -120.78936198756381,
              44.07189456276798
            ],
            [
              -120.78946180476494,
              44.07284159105272
            ],
            [
              -120.78941269925826,
              44.07319627218526
            ],
            [
              -120.78937838271607,
              44.07392937771907
            ],
            [
              -120.78935528882677,
              44.07429806620632
            ],
            [
              -120.78933360259748,
              44.075215983220396
            ],
            [
              -120.78987475221622,
              44.07657244546794
            ],
            [
              -120.79037538961225,
              44.077486959124194
            ],
            [
              -120.79055559165825,
              44.078035143484506
            ],
            [
              -120.7905968422961,
              44.078625656243
            ],
            [
              -120.79053570026292,
              44.07898910827856
            ],
            [
              -120.79038540582766,
              44.07950389142688
            ],
            [
              -120.7903482748637,
              44.07987230705813
            ],
            [
              -120.79037561239446,
              44.08016544384144
            ],
            [
              -120.79049153638859,
              44.080532318855504
            ],
            [
              -120.79085081938311,
              44.08115599044624
            ],
            [
              -120.7909669688544,
              44.0815588821903
            ],
            [
              -120.79092607574604,
              44.08353881646603
            ],
            [
              -120.7909574467124,
              44.08392433978258
            ],
            [
              -120.7909796413881,
              44.084197094156366
            ],
            [
              -120.79107016911088,
              44.08449145037182
            ],
            [
              -120.79142926076423,
              44.08507910339789
            ],
            [
              -120.79166236459731,
              44.085821877387
            ],
            [
              -120.79166418638071,
              44.0862135544558
            ],
            [
              -120.79161397504792,
              44.086325125260046
            ],
            [
              -120.79161479970132,
              44.0865547264857
            ],
            [
              -120.79151575505136,
              44.087097510661515
            ],
            [
              -120.79155980933122,
              44.08757103376873
            ],
            [
              -120.79157054958874,
              44.08782783463115
            ],
            [
              -120.79162192334152,
              44.08793686919629
            ],
            [
              -120.79172748437057,
              44.08870868898047
            ],
            [
              -120.79193375013621,
              44.089333901620584
            ],
            [
              -120.79228078370353,
              44.08995282972547
            ],
            [
              -120.79260052555416,
              44.090319138200016
            ],
            [
              -120.7927028355802,
              44.090465166983456
            ],
            [
              -120.7927290780646,
              44.090578215033936
            ],
            [
              -120.7928823216689,
              44.090761239867675
            ],
            [
              -120.79386610716074,
              44.091599538616606
            ],
            [
              -120.79435193582933,
              44.09207708780023
            ],
            [
              -120.79448044432229,
              44.092295646245276
            ],
            [
              -120.79458348467864,
              44.0925902421709
            ],
            [
              -120.79466340060296,
              44.09321301113779
            ],
            [
              -120.79458783072799,
              44.09354467357305
            ],
            [
              -120.79437410714885,
              44.09402222317936
            ],
            [
              -120.79436218111515,
              44.09417504933579
            ],
            [
              -120.79428683312405,
              44.09435366107495
            ],
            [
              -120.79382075122203,
              44.09521347905454
            ],
            [
              -120.79361788647806,
              44.09546165393817
            ],
            [
              -120.79349076139061,
              44.0955627358327
            ],
            [
              -120.79313569508805,
              44.095767455187726
            ],
            [
              -120.79262736362159,
              44.09591519435507
            ],
            [
              -120.79186406422637,
              44.09599047925412
            ],
            [
              -120.79145700343516,
              44.095955600630475
            ],
            [
              -120.79110076483116,
              44.096002735121345
            ],
            [
              -120.79054099762814,
              44.0960009158055
            ],
            [
              -120.78977774943687,
              44.09611670224247
            ],
            [
              -120.7893210728959,
              44.09626092320888
            ],
            [
              -120.78891449090673,
              44.09646463243437
            ],
            [
              -120.78866055693885,
              44.09665779097977
            ],
            [
              -120.78819207024682,
              44.09720242429515
            ],
            [
              -120.78782617295685,
              44.09778055216757
            ],
            [
              -120.78775270154641,
              44.09836884537593
            ],
            [
              -120.78781699846286,
              44.09855015459565
            ],
            [
              -120.78787158548943,
              44.09928497743541
            ],
            [
              -120.7881296570975,
              44.100091265354514
            ],
            [
              -120.78813053025996,
              44.10023533470457
            ],
            [
              -120.7884403268621,
              44.10107863408899
            ],
            [
              -120.78855671438694,
              44.10151754664661
            ],
            [
              -120.78873664693833,
              44.101885660681376
            ],
            [
              -120.78899507966916,
              44.10261992665173
            ],
            [
              -120.78931540991633,
              44.103139309927315
            ],
            [
              -120.78954636497926,
              44.10339586902245
            ],
            [
              -120.79001898032834,
              44.10393620351273
            ],
            [
              -120.7902509837252,
              44.104395354774
            ],
            [
              -120.79032848857128,
              44.10472547344978
            ],
            [
              -120.79031693623672,
              44.10490981619942
            ],
            [
              -120.79016607137127,
              44.10531204559402
            ],
            [
              -120.79002529458647,
              44.105516766026604
            ],
            [
              -120.789875674786,
              44.10566489624113
            ],
            [
              -120.78969522839823,
              44.10574983918314
            ],
            [
              -120.78955310144558,
              44.10590430503602
            ],
            [
              -120.78949126950624,
              44.10609962909539
            ],
            [
              -120.78944087132386,
              44.10635413187377
            ],
            [
              -120.78938196879068,
              44.1064709049334
            ],
            [
              -120.78926855738439,
              44.10658662378008
            ],
            [
              -120.7890859110225,
              44.106730476697386
            ],
            [
              -120.78893161549098,
              44.106845402940195
            ],
            [
              -120.78880274407864,
              44.10700995093358
            ],
            [
              -120.78860610196465,
              44.10716336145677
            ],
            [
              -120.78854163975817,
              44.10724386576521
            ],
            [
              -120.78798329907985,
              44.107648713541245
            ],
            [
              -120.78789058934925,
              44.10769976236627
            ],
            [
              -120.78761290841683,
              44.107831948708615
            ],
            [
              -120.78730797349701,
              44.10796360648648
            ],
            [
              -120.78698830710483,
              44.10812445543014
            ],
            [
              -120.78673751364718,
              44.1082669842621
            ],
            [
              -120.78636076920017,
              44.108495509566616
            ],
            [
              -120.78606578761368,
              44.108725616838726
            ],
            [
              -120.78592327528378,
              44.10888989579021
            ],
            [
              -120.78571042486709,
              44.10911176869137
            ],
            [
              -120.78559333306308,
              44.10932567304961
            ],
            [
              -120.78562541369848,
              44.10956211872514
            ],
            [
              -120.7857403630206,
              44.109770696356804
            ],
            [
              -120.78586857327286,
              44.10998935645739
            ],
            [
              -120.7860052797911,
              44.110345745339245
            ],
            [
              -120.78633021480243,
              44.11077456665318
            ],
            [
              -120.78667581196358,
              44.11138065777657
            ],
            [
              -120.78711901377531,
              44.11192967931316
            ],
            [
              -120.78727058112332,
              44.112113833838166
            ],
            [
              -120.78728188911613,
              44.11231605338601
            ],
            [
              -120.78734160192968,
              44.11254321053945
            ],
            [
              -120.78747129080892,
              44.112722591701825
            ],
            [
              -120.78765476092593,
              44.112922667890174
            ],
            [
              -120.78785104101887,
              44.11311372749576
            ],
            [
              -120.78789055162002,
              44.11318271374504
            ],
            [
              -120.78792520772537,
              44.11335042825449
            ],
            [
              -120.7879322397374,
              44.11352743352789
            ],
            [
              -120.78783207398997,
              44.113653233393556
            ],
            [
              -120.78762510574178,
              44.1137945338011
            ],
            [
              -120.78758067147454,
              44.11382487046165
            ],
            [
              -120.78753817128015,
              44.11385388688857
            ],
            [
              -120.78728325635196,
              44.11399874501147
            ],
            [
              -120.78720374197458,
              44.114068899522564
            ],
            [
              -120.78676000207201,
              44.11434390762772
            ],
            [
              -120.78628063049368,
              44.11469189308052
            ],
            [
              -120.78608188991517,
              44.1148672258721
            ],
            [
              -120.78560639366898,
              44.11518226610143
            ],
            [
              -120.78525649178098,
              44.11542113200779
            ],
            [
              -120.7849927661765,
              44.11554375476603
            ],
            [
              -120.78474486978565,
              44.115607730270156
            ],
            [
              -120.78453932806211,
              44.11563321932684
            ],
            [
              -120.78421222631434,
              44.115626873828454
            ],
            [
              -120.78400560122257,
              44.11561772286909
            ],
            [
              -120.78381734488174,
              44.115609384524575
            ],
            [
              -120.78359343261066,
              44.11565472268678
            ],
            [
              -120.78341879023795,
              44.1156900830626
            ],
            [
              -120.78316905679232,
              44.11580314867038
            ],
            [
              -120.78296057667951,
              44.11590718761879
            ],
            [
              -120.78278784053184,
              44.116149485479355
            ],
            [
              -120.78262432559058,
              44.11650987572645
            ],
            [
              -120.78253409970175,
              44.116734124288094
            ],
            [
              -120.78247456205969,
              44.116850261586755
            ],
            [
              -120.78229289665808,
              44.11725537182377
            ],
            [
              -120.78225641697269,
              44.117583283373484
            ],
            [
              -120.78211773595744,
              44.11794972314154
            ],
            [
              -120.78203078173289,
              44.11835318133672
            ],
            [
              -120.78172778897071,
              44.118977525283775
            ],
            [
              -120.781576872003,
              44.11942025554973
            ],
            [
              -120.78142604576512,
              44.11971443451026
            ],
            [
              -120.78128583671555,
              44.119891776698815
            ],
            [
              -120.78078112366305,
              44.12068776472936
            ],
            [
              -120.78018647847082,
              44.12142348283121
            ],
            [
              -120.77979446446064,
              44.12204609254063
            ],
            [
              -120.77962220442008,
              44.12270198316883
            ],
            [
              -120.77962727181658,
              44.12296631940204
            ],
            [
              -120.77957868373949,
              44.12389885101188
            ],
            [
              -120.77938235783246,
              44.12476955161422
            ],
            [
              -120.7793658315262,
              44.12482376016323
            ],
            [
              -120.77924237785332,
              44.1252286538792
            ],
            [
              -120.77910791802158,
              44.12554047277352
            ],
            [
              -120.77886882062893,
              44.12573234339318
            ],
            [
              -120.77861793015323,
              44.12587485297339
            ],
            [
              -120.77832688139108,
              44.125996930443286
            ],
            [
              -120.77809182821382,
              44.12608079052904
            ],
            [
              -120.77781625023748,
              44.12615403743071
            ],
            [
              -120.77755577563603,
              44.12618827276396
            ],
            [
              -120.77739072277899,
              44.12622436386254
            ],
            [
              -120.77737303854431,
              44.12633210634206
            ],
            [
              -120.7774511443633,
              44.1264318864455
            ],
            [
              -120.77774588609961,
              44.126575186814236
            ],
            [
              -120.77807795822585,
              44.12672645735886
            ],
            [
              -120.77830921332605,
              44.1268318002257
            ],
            [
              -120.77876128150965,
              44.12714520333232
            ],
            [
              -120.7791470378556,
              44.12740818429355
            ],
            [
              -120.77933416052252,
              44.127636455035656
            ],
            [
              -120.77966276066019,
              44.127981163359735
            ],
            [
              -120.77998347358965,
              44.12849157522688
            ],
            [
              -120.78018930906228,
              44.12904477075374
            ],
            [
              -120.7801908478764,
              44.129337406536784
            ],
            [
              -120.78010115199358,
              44.12956038842057
            ],
            [
              -120.77974660671386,
              44.129793001167094
            ],
            [
              -120.77973958188836,
              44.129797609400086
            ],
            [
              -120.77940540950098,
              44.1299778073413
            ],
            [
              -120.77922303173537,
              44.130111825306706
            ],
            [
              -120.77901596736743,
              44.130176579399055
            ],
            [
              -120.77863278379645,
              44.130208431250054
            ],
            [
              -120.77818548387042,
              44.130130947401504
            ],
            [
              -120.77773561116938,
              44.13012219200134
            ],
            [
              -120.7777309039973,
              44.130122099153745
            ],
            [
              -120.77648797969883,
              44.13051852875472
            ],
            [
              -120.77602305752185,
              44.13067841427621
            ],
            [
              -120.77569255565072,
              44.130760410783466
            ],
            [
              -120.77540553044273,
              44.13077447059527
            ],
            [
              -120.77502234238017,
              44.13080631116278
            ],
            [
              -120.77451940709365,
              44.130757205641125
            ],
            [
              -120.77415206351608,
              44.13073039359641
            ],
            [
              -120.77406726973977,
              44.1307325535706
            ],
            [
              -120.77393357167941,
              44.13073595988207
            ],
            [
              -120.77386282575753,
              44.13080336199564
            ],
            [
              -120.77385618451262,
              44.1309801028585
            ],
            [
              -120.773859484923,
              44.13125529531647
            ],
            [
              -120.77377655964247,
              44.13164672172313
            ],
            [
              -120.77379090933083,
              44.13199091211622
            ],
            [
              -120.77381704581403,
              44.132384463258035
            ],
            [
              -120.77383545678576,
              44.13262064903528
            ],
            [
              -120.77387219428763,
              44.13293642052015
            ],
            [
              -120.77387670383037,
              44.13297518963036
            ],
            [
              -120.77388406552411,
              44.13314237471923
            ],
            [
              -120.77376724950288,
              44.13334644491491
            ],
            [
              -120.77340722360162,
              44.133850380481334
            ],
            [
              -120.7733896489614,
              44.13386882697372
            ],
            [
              -120.77309343937794,
              44.134281613364045
            ],
            [
              -120.7726621689898,
              44.13475938061673
            ],
            [
              -120.77228209538637,
              44.135080588558104
            ],
            [
              -120.77198436944667,
              44.13527012009439
            ],
            [
              -120.77189746462949,
              44.13535870569119
            ],
            [
              -120.77133782858051,
              44.13572772559703
            ],
            [
              -120.77096834880922,
              44.13587772969596
            ],
            [
              -120.77072857947672,
              44.13596475869297
            ],
            [
              -120.77015868287059,
              44.13606157877687
            ],
            [
              -120.77010607842587,
              44.13607051639419
            ],
            [
              -120.76994860285825,
              44.136146049296386
            ],
            [
              -120.76980979877379,
              44.13620884523964
            ],
            [
              -120.76942164033277,
              44.13637158301223
            ],
            [
              -120.76919708666459,
              44.136537512271055
            ],
            [
              -120.76910124630523,
              44.13665975273313
            ],
            [
              -120.76891513244637,
              44.136770760291704
            ],
            [
              -120.76848361951312,
              44.137381664965446
            ],
            [
              -120.76830183553389,
              44.137641333044364
            ],
            [
              -120.7680108783999,
              44.137945314031825
            ],
            [
              -120.76772341840731,
              44.13815646241494
            ],
            [
              -120.76735235131291,
              44.138304043417314
            ],
            [
              -120.7669986827889,
              44.13856034541842
            ],
            [
              -120.76688717670933,
              44.138666549748166
            ],
            [
              -120.76675243390827,
              44.13881874860893
            ],
            [
              -120.76659620699888,
              44.138970528036324
            ],
            [
              -120.76637260734152,
              44.139198405965594
            ],
            [
              -120.76621812855369,
              44.1393037684917
            ],
            [
              -120.76607813240487,
              44.13941827617001
            ],
            [
              -120.76579042986714,
              44.13956343005179
            ],
            [
              -120.76520154736745,
              44.1397347301138
            ],
            [
              -120.76450232300482,
              44.13994376790208
            ],
            [
              -120.76341440031368,
              44.14032860563338
            ],
            [
              -120.76292194477325,
              44.14084301403938
            ],
            [
              -120.7625036846854,
              44.141319570408115
            ],
            [
              -120.7621930158191,
              44.141837535723695
            ],
            [
              -120.76216493987322,
              44.14209901435184
            ],
            [
              -120.76212647311444,
              44.142635415293675
            ],
            [
              -120.76216122264456,
              44.14316015189084
            ],
            [
              -120.76214835697306,
              44.143500536329825
            ],
            [
              -120.76209425503677,
              44.14366600914233
            ],
            [
              -120.76202492396145,
              44.14387805501316
            ],
            [
              -120.7619442821984,
              44.14408609766066
            ],
            [
              -120.7617363752107,
              44.144291644249556
            ],
            [
              -120.76153094128502,
              44.14443173233846
            ],
            [
              -120.76138301840214,
              44.144494339621325
            ],
            [
              -120.76116286737714,
              44.1445424268273
            ],
            [
              -120.76109422351301,
              44.14455299533249
            ],
            [
              -120.76055893360487,
              44.144635395443416
            ],
            [
              -120.76002475131952,
              44.144808338738606
            ],
            [
              -120.75962408653311,
              44.14499879887862
            ],
            [
              -120.75946891783913,
              44.145072562502946
            ],
            [
              -120.75919273260166,
              44.14515885082634
            ],
            [
              -120.75897731659656,
              44.14517230836668
            ],
            [
              -120.75855441042204,
              44.14519872837728
            ],
            [
              -120.75785559479284,
              44.14539463033071
            ],
            [
              -120.75735676929872,
              44.14559445664101
            ],
            [
              -120.75704372169356,
              44.14569311933095
            ],
            [
              -120.75685546086113,
              44.14585973854824
            ],
            [
              -120.75662934771762,
              44.14606491798493
            ],
            [
              -120.75627497132119,
              44.14629377926247
            ],
            [
              -120.75578389199976,
              44.14676887868336
            ],
            [
              -120.7554643837111,
              44.14703772763276
            ],
            [
              -120.75475262695191,
              44.1475739921696
            ],
            [
              -120.75444981924267,
              44.147906346753295
            ],
            [
              -120.75422239006727,
              44.148056278014415
            ],
            [
              -120.75405096725653,
              44.148228470668016
            ],
            [
              -120.7544025894183,
              44.14855949567833
            ],
            [
              -120.75481133814394,
              44.148806114243804
            ],
            [
              -120.75542464673448,
              44.149119772653755
            ],
            [
              -120.75634271956496,
              44.149475423385766
            ],
            [
              -120.75664947896311,
              44.14952646443472
            ],
            [
              -120.75731303841235,
              44.1497105507557
            ],
            [
              -120.75823044559122,
              44.149836593919034
            ],
            [
              -120.75941602503521,
              44.149918369811644
            ],
            [
              -120.75955618377911,
              44.14995262939793
            ],
            [
              -120.76001492914017,
              44.149952622307765
            ],
            [
              -120.76016762117891,
              44.14992410445218
            ],
            [
              -120.76042301580748,
              44.149969626404605
            ],
            [
              -120.76103421515371,
              44.14996809815666
            ],
            [
              -120.76159411081582,
              44.1499385554602
            ],
            [
              -120.76266487388838,
              44.14987399900281
            ],
            [
              -120.76363295682904,
              44.149879448107875
            ],
            [
              -120.76506016242323,
              44.149812841240255
            ],
            [
              -120.76674218772413,
              44.1498277234861
            ],
            [
              -120.76735389911012,
              44.14991620667187
            ],
            [
              -120.76758620703585,
              44.14997342156416
            ],
            [
              -120.76802589373987,
              44.15000531494619
            ],
            [
              -120.76856626990914,
              44.15011388161426
            ],
            [
              -120.76958346105145,
              44.15046977321991
            ],
            [
              -120.77100602505054,
              44.151421601316706
            ],
            [
              -120.77181524632309,
              44.15213743040229
            ],
            [
              -120.77219961836518,
              44.15277496587454
            ],
            [
              -120.77224033450541,
              44.15294543161212
            ],
            [
              -120.77230001587797,
              44.153096345218295
            ],
            [
              -120.7724183195093,
              44.15394045128686
            ],
            [
              -120.77246950102261,
              44.1540134741471
            ],
            [
              -120.77258646616417,
              44.154456911145395
            ],
            [
              -120.77281804735286,
              44.15497010465063
            ],
            [
              -120.77302298271357,
              44.155298214801405
            ],
            [
              -120.7739827724075,
              44.156212734772716
            ],
            [
              -120.77425275567627,
              44.15657812219691
            ],
            [
              -120.77448439795037,
              44.15713182862528
            ],
            [
              -120.7745622935636,
              44.1575339886677
            ],
            [
              -120.77490991552743,
              44.158121464063235
            ],
            [
              -120.77524204065429,
              44.15839352552315
            ],
            [
              -120.77611117147143,
              44.15891462454879
            ],
            [
              -120.77683858676433,
              44.159171866911464
            ],
            [
              -120.77742607058708,
              44.159471399211704
            ],
            [
              -120.77784856802816,
              44.15983524168711
            ],
            [
              -120.77813077107972,
              44.16031339826538
            ],
            [
              -120.77823446900284,
              44.16071605539816
            ],
            [
              -120.77868584907692,
              44.16170617977516
            ],
            [
              -120.77869902556552,
              44.161854988827955
            ],
            [
              -120.77886599812231,
              44.162258875311835
            ],
            [
              -120.77918666613604,
              44.162733273973735
            ],
            [
              -120.77933313464646,
              44.16287116916046
            ],
            [
              -120.77939235787824,
              44.162980359798134
            ],
            [
              -120.77993001484712,
              44.16346347411736
            ],
            [
              -120.78018572208939,
              44.16364850548782
            ],
            [
              -120.78064524449319,
              44.16386000464289
            ],
            [
              -120.78186946496913,
              44.16398281489154
            ],
            [
              -120.78314414111962,
              44.16405256850374
            ],
            [
              -120.7854895974107,
              44.164084549648734
            ],
            [
              -120.7866125534996,
              44.164281871685944
            ],
            [
              -120.78708438372111,
              44.16445757022073
            ],
            [
              -120.78778712858134,
              44.16481330057416
            ],
            [
              -120.78806858513292,
              44.165021320336635
            ],
            [
              -120.78863263460485,
              44.165720981763776
            ],
            [
              -120.78926321330675,
              44.16632215699307
            ],
            [
              -120.78932541355536,
              44.166370795401846
            ],
            [
              -120.79105781997069,
              44.1678335567814
            ],
            [
              -120.7923536631242,
              44.16881778830612
            ],
            [
              -120.79266548542732,
              44.168975921218426
            ],
            [
              -120.79364900142455,
              44.169698783635276
            ],
            [
              -120.79423682660713,
              44.169910232747085
            ],
            [
              -120.79426260556085,
              44.169918638813506
            ],
            [
              -120.79431230215897,
              44.16994522300674
            ],
            [
              -120.7950781563629,
              44.17022559923875
            ],
            [
              -120.79523110801473,
              44.17023305164139
            ],
            [
              -120.79579262872916,
              44.17043745432586
            ],
            [
              -120.79645627262002,
              44.17060781169198
            ],
            [
              -120.79752794119443,
              44.17075902226478
            ],
            [
              -120.79798707822098,
              44.17079488122325
            ],
            [
              -120.79885435042384,
              44.17076657576001
            ],
            [
              -120.79936342659364,
              44.17063683308495
            ],
            [
              -120.79974410027171,
              44.17049111128236
            ],
            [
              -120.80022800115569,
              44.170239337148885
            ],
            [
              -120.80123144178594,
              44.169659941345294
            ],
            [
              -120.80190554655832,
              44.16931728695989
            ],
            [
              -120.80223609065027,
              44.16908956396586
            ],
            [
              -120.8029227960911,
              44.168765152415695
            ],
            [
              -120.80327861158861,
              44.16855141624751
            ],
            [
              -120.80373956051709,
              44.16841172433987
            ],
            [
              -120.80465313638126,
              44.168145682292774
            ],
            [
              -120.80490729762293,
              44.16810104811401
            ],
            [
              -120.80551935935185,
              44.168081295244775
            ],
            [
              -120.80602915417388,
              44.16816310964647
            ],
            [
              -120.80654040696166,
              44.168289969105096
            ],
            [
              -120.80781666594368,
              44.168679091911926
            ],
            [
              -120.80834022026093,
              44.16889620917494
            ],
            [
              -120.80881317966478,
              44.16917087308835
            ],
            [
              -120.80988783334085,
              44.16993874287717
            ],
            [
              -120.81022001955316,
              44.170215204147105
            ],
            [
              -120.81108978817417,
              44.17066852586536
            ],
            [
              -120.81117082699257,
              44.170691510481994
            ],
            [
              -120.8112048929048,
              44.17070839391176
            ],
            [
              -120.81130515746688,
              44.1707296111113
            ],
            [
              -120.81199969981027,
              44.17087658619082
            ],
            [
              -120.81217034467998,
              44.170912697655076
            ],
            [
              -120.81272595807309,
              44.170923341335005
            ],
            [
              -120.81299832636891,
              44.170908318146516
            ],
            [
              -120.81330299718404,
              44.17089151531523
            ],
            [
              -120.81404142043245,
              44.170791314207285
            ],
            [
              -120.81496370815823,
              44.17055170572982
            ],
            [
              -120.81570476347036,
              44.170380084015555
            ],
            [
              -120.81638681114647,
              44.17019303443174
            ],
            [
              -120.81720828274459,
              44.1699943552139
            ],
            [
              -120.81810701664362,
              44.169854315557686
            ],
            [
              -120.81930496768568,
              44.16967710535962
            ],
            [
              -120.82212057075544,
              44.16978801152478
            ],
            [
              -120.82385099818217,
              44.17024977347384
            ],
            [
              -120.82500336870675,
              44.1707719623687
            ],
            [
              -120.82652334511695,
              44.1715583993774
            ],
            [
              -120.82769591785394,
              44.172266691825754
            ],
            [
              -120.8295520941491,
              44.173194086803214
            ],
            [
              -120.82980711957003,
              44.17336918278554
            ],
            [
              -120.82997505242591,
              44.17354262239476
            ],
            [
              -120.83011933174201,
              44.17366054480132
            ],
            [
              -120.83013219112529,
              44.17367105525965
            ],
            [
              -120.8301383266187,
              44.17367265763244
            ],
            [
              -120.83019031212419,
              44.17368623688627
            ],
            [
              -120.8306746325214,
              44.17369544005694
            ],
            [
              -120.83148930387279,
              44.17368232856655
            ],
            [
              -120.83194258657862,
              44.173776689997354
            ],
            [
              -120.83223658989974,
              44.17388231681422
            ],
            [
              -120.83256609643756,
              44.17410295854447
            ],
            [
              -120.83322930284889,
              44.174429977174306
            ],
            [
              -120.83376978861261,
              44.17485470850207
            ],
            [
              -120.83418702372275,
              44.17539144056367
            ],
            [
              -120.83432852634631,
              44.1758657729123
            ],
            [
              -120.83474888939021,
              44.17685991577406
            ],
            [
              -120.83495043630569,
              44.17786420111224
            ],
            [
              -120.83517131496606,
              44.178883148413476
            ],
            [
              -120.83558961907138,
              44.17993441786918
            ],
            [
              -120.83642315684037,
              44.18103643112748
            ],
            [
              -120.83690858216536,
              44.18148484063623
            ],
            [
              -120.83770480032422,
              44.18213668442895
            ],
            [
              -120.83793548140096,
              44.182393137516485
            ],
            [
              -120.83816612205355,
              44.182586569166794
            ],
            [
              -120.83920241227707,
              44.183308418929094
            ],
            [
              -120.83988244054042,
              44.18400101765318
            ],
            [
              -120.84075340032753,
              44.18473323039139
            ],
            [
              -120.841433172571,
              44.1854123105494
            ],
            [
              -120.84221354893978,
              44.18594923445085
            ],
            [
              -120.84317435732325,
              44.186728143702176
            ],
            [
              -120.84344311169669,
              44.18686376109967
            ],
            [
              -120.84558007440023,
              44.188308570904454
            ],
            [
              -120.84706445416897,
              44.18916484127133
            ],
            [
              -120.84813843051533,
              44.18963072977058
            ],
            [
              -120.84895605732399,
              44.18992072254517
            ],
            [
              -120.84936443684202,
              44.19004545146971
            ],
            [
              -120.8499792087882,
              44.19012904666428
            ],
            [
              -120.85242747187365,
              44.19050370668064
            ],
            [
              -120.85385725922592,
              44.19077815981149
            ],
            [
              -120.85411232596938,
              44.19079645646972
            ],
            [
              -120.85462297419096,
              44.19090508012
            ],
            [
              -120.85523538626288,
              44.19101111167152
            ],
            [
              -120.8553882022691,
              44.191045489744646
            ],
            [
              -120.85600156116534,
              44.19114703418383
            ],
            [
              -120.85686966251318,
              44.19138389688541
            ],
            [
              -120.85743176803086,
              44.19158350497432
            ],
            [
              -120.85830065989614,
              44.19182037493917
            ],
            [
              -120.85845367802335,
              44.19182774474413
            ],
            [
              -120.8594755978973,
              44.192180010299516
            ],
            [
              -120.8599354374064,
              44.19231016867933
            ],
            [
              -120.86202933307857,
              44.19279952552011
            ],
            [
              -120.86345919319442,
              44.193096368029266
            ],
            [
              -120.86509431296277,
              44.19362210637956
            ],
            [
              -120.86627084367689,
              44.19413475628411
            ],
            [
              -120.86680879259826,
              44.194441905601664
            ],
            [
              -120.86712811583399,
              44.194587414926694
            ],
            [
              -120.86798581199592,
              44.19520213232467
            ],
            [
              -120.8688835550532,
              44.19605167392774
            ],
            [
              -120.86899930477418,
              44.19611685546906
            ],
            [
              -120.86931970598827,
              44.19640642925434
            ],
            [
              -120.87019318824466,
              44.19743106883083
            ],
            [
              -120.87034835604034,
              44.19772656258291
            ],
            [
              -120.87042668014993,
              44.1980926498853
            ],
            [
              -120.87058150029758,
              44.19841964880433
            ],
            [
              -120.87058240579938,
              44.19856821902996
            ],
            [
              -120.87063374541619,
              44.19864120145847
            ],
            [
              -120.87066124554198,
              44.19889830211588
            ],
            [
              -120.8707125860571,
              44.19897128477957
            ],
            [
              -120.87064238361597,
              44.199964825498114
            ],
            [
              -120.8705807960184,
              44.20032830547312
            ],
            [
              -120.87048058894845,
              44.20052276148643
            ],
            [
              -120.87031581906072,
              44.20075858185896
            ],
            [
              -120.87022612227962,
              44.20084130790992
            ],
            [
              -120.8699946452955,
              44.20104308065055
            ],
            [
              -120.86986371584284,
              44.2012198443147
            ],
            [
              -120.8698464277652,
              44.20135392978571
            ],
            [
              -120.87000545741827,
              44.20175831791492
            ],
            [
              -120.8700037605007,
              44.20179856614675
            ],
            [
              -120.87045631557119,
              44.20293689747493
            ],
            [
              -120.87083123104826,
              44.20366863670708
            ],
            [
              -120.87179516197568,
              44.20485700486052
            ],
            [
              -120.87218410464592,
              44.20512769934661
            ],
            [
              -120.87250783232149,
              44.205274453449256
            ],
            [
              -120.87287709020892,
              44.20539781818297
            ],
            [
              -120.87314708605409,
              44.20551037200122
            ],
            [
              -120.87325622058133,
              44.20559304952302
            ],
            [
              -120.8732671800278,
              44.205607956334006
            ],
            [
              -120.87336310033719,
              44.205738406384846
            ],
            [
              -120.87338886851114,
              44.205767307454124
            ],
            [
              -120.87359059419134,
              44.20599353457399
            ],
            [
              -120.87372823046589,
              44.20614306256484
            ],
            [
              -120.87415098033355,
              44.20640889002551
            ],
            [
              -120.87484348619618,
              44.20703398667413
            ],
            [
              -120.87511407582774,
              44.207471169818504
            ],
            [
              -120.87525627374734,
              44.20780242841732
            ],
            [
              -120.87550503880908,
              44.20871636998446
            ],
            [
              -120.8755575794734,
              44.20897393665481
            ],
            [
              -120.87555989892348,
              44.20938812557613
            ],
            [
              -120.87554820106183,
              44.2094959454857
            ],
            [
              -120.8754598077362,
              44.20966986219099
            ],
            [
              -120.8752697538665,
              44.209864398121724
            ],
            [
              -120.87386042115321,
              44.21094106325059
            ],
            [
              -120.8733406190989,
              44.2114940848146
            ],
            [
              -120.87306292918333,
              44.21186254555489
            ],
            [
              -120.87242855959093,
              44.21248995700706
            ],
            [
              -120.87183341763037,
              44.21324414060642
            ],
            [
              -120.87159283801748,
              44.2136034939013
            ],
            [
              -120.87142997525311,
              44.21379489153821
            ],
            [
              -120.87136990401173,
              44.21390663350037
            ],
            [
              -120.8712180878304,
              44.214103312359875
            ],
            [
              -120.87111364610224,
              44.214235771743056
            ],
            [
              -120.87103345888669,
              44.21438660450656
            ],
            [
              -120.87100436245466,
              44.21450254584449
            ],
            [
              -120.87092578681674,
              44.214608607689094
            ],
            [
              -120.87085611258497,
              44.214813397356195
            ],
            [
              -120.87083882001576,
              44.21494747957165
            ],
            [
              -120.87083591396582,
              44.21502807130219
            ],
            [
              -120.87089203351826,
              44.215199366028315
            ],
            [
              -120.87089700569337,
              44.215207803624274
            ],
            [
              -120.87090085856761,
              44.215242839754616
            ],
            [
              -120.87099243103106,
              44.21545893052068
            ],
            [
              -120.87116189641277,
              44.215719352107534
            ],
            [
              -120.87139093986076,
              44.215980882517755
            ],
            [
              -120.8715431216564,
              44.21616951874562
            ],
            [
              -120.87192540601377,
              44.2166325463095
            ],
            [
              -120.8723460322641,
              44.216871917926554
            ],
            [
              -120.87291966855676,
              44.21721769209359
            ],
            [
              -120.87344199397872,
              44.217693959266384
            ],
            [
              -120.87348628810874,
              44.21774384808314
            ],
            [
              -120.87400352637125,
              44.21832642624879
            ],
            [
              -120.87406853295676,
              44.21844971664766
            ],
            [
              -120.87414213462296,
              44.218601030487186
            ],
            [
              -120.87435279854023,
              44.21903410399955
            ],
            [
              -120.87401730742602,
              44.21932059271559
            ]
          ]
        ]
      },
      "properties": {
        "huc12": "170703050102",
        "name": "Stearns Dam-Crooked River",
        "tohuc": "170703051002",
        "areasqkm": 146.22,
        "states": "OR"
      }
    },
    {
      "type": "Feature",
      "geometry": {
        "type": "Polygon",
        "coordinates": [
          [
            [
              -120.93326881722898,
              44.27530400017145
            ],
            [
              -120.93366350103223,
              44.275456358367876
            ],
            [
              -120.93386079801807,
              44.275502805413566
            ],
            [
              -120.9340814565912,
              44.275485238717394
            ],
            [
              -120.9342996618653,
              44.27546786754455
            ],
            [
              -120.93471764257708,
              44.275461138529174
            ],
            [
              -120.93513362094414,
              44.275511537304865
            ],
            [
              -120.93552521903436,
              44.275690124006836
            ],
            [
              -120.93573289425672,
              44.27600830748743
            ],
            [
              -120.93590331275092,
              44.276254353053055
            ],
            [
              -120.93613037361709,
              44.27658717791004
            ],
            [
              -120.93618601346915,
              44.276702520127245
            ],
            [
              -120.93618280917855,
              44.276794011383856
            ],
            [
              -120.93617951236145,
              44.276888201885676
            ],
            [
              -120.93625253191932,
              44.27707531989621
            ],
            [
              -120.93654073841192,
              44.27736637102022
            ],
            [
              -120.93715053997963,
              44.27756318769867
            ],
            [
              -120.93772158553098,
              44.277730715435645
            ],
            [
              -120.93811320607911,
              44.27790929475008
            ],
            [
              -120.93846006986483,
              44.27822998417029
            ],
            [
              -120.93910065939225,
              44.27868460499031
            ],
            [
              -120.93918348046819,
              44.27874041954429
            ],
            [
              -120.93981978682832,
              44.27916922247847
            ],
            [
              -120.94015327649608,
              44.279303869395044
            ],
            [
              -120.94039135519921,
              44.279322456905675
            ],
            [
              -120.9404202549002,
              44.279315064606884
            ],
            [
              -120.94065230680609,
              44.27925570172571
            ],
            [
              -120.94071993647223,
              44.27902824861348
            ],
            [
              -120.94069065588555,
              44.2787275841889
            ],
            [
              -120.94057985408514,
              44.27848262047272
            ],
            [
              -120.94049042949356,
              44.27819516304775
            ],
            [
              -120.94048547348815,
              44.27815363956691
            ],
            [
              -120.94044426417278,
              44.277808443383975
            ],
            [
              -120.94057353353882,
              44.27752492975701
            ],
            [
              -120.94078128960952,
              44.27721729149691
            ],
            [
              -120.94078331800544,
              44.27721428726309
            ],
            [
              -120.94108770764788,
              44.27683862690676
            ],
            [
              -120.94136542002134,
              44.27649588378617
            ],
            [
              -120.94173231444125,
              44.27612120483067
            ],
            [
              -120.94216243588413,
              44.275464061811114
            ],
            [
              -120.94333323444843,
              44.27431527926819
            ],
            [
              -120.94458533503754,
              44.273427914711654
            ],
            [
              -120.94597073034342,
              44.27260792798865
            ],
            [
              -120.95062106871913,
              44.27088789394429
            ],
            [
              -120.95304360585148,
              44.27015141064467
            ],
            [
              -120.95537006187598,
              44.26957563711695
            ],
            [
              -120.9611411114507,
              44.26943504612812
            ],
            [
              -120.96235694435681,
              44.269586720970125
            ],
            [
              -120.96384732936323,
              44.269645787432346
            ],
            [
              -120.96479647491937,
              44.269662697829574
            ],
            [
              -120.9668845072877,
              44.2694399020397
            ],
            [
              -120.96887989640076,
              44.269280413856116
            ],
            [
              -120.97164585766959,
              44.2690695805427
            ],
            [
              -120.97482625220316,
              44.26897164082682
            ],
            [
              -120.97638165277829,
              44.26911293728925
            ],
            [
              -120.97980653639284,
              44.26979909879756
            ],
            [
              -120.98065195348313,
              44.27020399843043
            ],
            [
              -120.9814295837021,
              44.27060769434583
            ],
            [
              -120.98182526014372,
              44.2709396461509
            ],
            [
              -120.98220982981515,
              44.27159636377534
            ],
            [
              -120.98264878978212,
              44.27297708355786
            ],
            [
              -120.98323123405616,
              44.27379977109172
            ],
            [
              -120.98345096826283,
              44.27464855248065
            ],
            [
              -120.98347562791572,
              44.275250168519925
            ],
            [
              -120.98347601958116,
              44.27590010193698
            ],
            [
              -120.98354366362038,
              44.27656746848144
            ],
            [
              -120.98373028772234,
              44.27688006127298
            ],
            [
              -120.98374371304428,
              44.27689475193618
            ],
            [
              -120.984076806555,
              44.27704355507195
            ],
            [
              -120.98447198712654,
              44.27712199141432
            ],
            [
              -120.98476874108908,
              44.2771701048772
            ],
            [
              -120.98516490082434,
              44.27721997350382
            ],
            [
              -120.98549848751017,
              44.27735448789302
            ],
            [
              -120.98574864496057,
              44.27760186945978
            ],
            [
              -120.98582133483673,
              44.277803240213885
            ],
            [
              -120.98594976697292,
              44.27811993492016
            ],
            [
              -120.98613157700328,
              44.27826771104951
            ],
            [
              -120.98620139676208,
              44.27832446179006
            ],
            [
              -120.98626556791442,
              44.278335356835186
            ],
            [
              -120.9865105268143,
              44.27837694000097
            ],
            [
              -120.98693303413683,
              44.278308914801556
            ],
            [
              -120.98757809008784,
              44.27796282039461
            ],
            [
              -120.9879078176112,
              44.27757867185447
            ],
            [
              -120.98846023479851,
              44.27729593149105
            ],
            [
              -120.98909641269958,
              44.277209642952734
            ],
            [
              -120.98963442809628,
              44.27734909494885
            ],
            [
              -120.99057043040153,
              44.2777555144525
            ],
            [
              -120.99128042466612,
              44.27815795386321
            ],
            [
              -120.99337025276667,
              44.27888522147903
            ],
            [
              -120.99400694809734,
              44.2794488384446
            ],
            [
              -120.99489891498732,
              44.27982195393528
            ],
            [
              -120.99673470491543,
              44.28037409550537
            ],
            [
              -120.99695191755116,
              44.28040661935457
            ],
            [
              -120.99772159228993,
              44.280613707569046
            ],
            [
              -120.9980377723205,
              44.28067642171116
            ],
            [
              -120.99883210491552,
              44.28071892868251
            ],
            [
              -120.99940773007823,
              44.28075760129172
            ],
            [
              -120.99986551334366,
              44.2807513275739
            ],
            [
              -121.00018363732849,
              44.28075690028178
            ],
            [
              -121.00065548731293,
              44.28092237634288
            ],
            [
              -121.00071783668187,
              44.280972548556036
            ],
            [
              -121.000945977323,
              44.28115613760086
            ],
            [
              -121.0011705193131,
              44.28157453974228
            ],
            [
              -121.0012355178138,
              44.28200444422786
            ],
            [
              -121.00132233639276,
              44.28237755956698
            ],
            [
              -121.00129421732774,
              44.28262003365092
            ],
            [
              -121.00110363884187,
              44.2829597075257
            ],
            [
              -121.00079521306886,
              44.28325444533956
            ],
            [
              -121.00038688026319,
              44.28356172208116
            ],
            [
              -121.00022344796692,
              44.28368748999062
            ],
            [
              -120.99975788439285,
              44.28392230263748
            ],
            [
              -120.99943295477142,
              44.284116700552886
            ],
            [
              -120.9993618423369,
              44.2841785505001
            ],
            [
              -120.9993063785546,
              44.28432886509889
            ],
            [
              -120.99928164434158,
              44.2844713529358
            ],
            [
              -120.99911675407961,
              44.284639970298905
            ],
            [
              -120.9989538005854,
              44.28475145170499
            ],
            [
              -120.99873119715969,
              44.284861888532
            ],
            [
              -120.99872819678663,
              44.28486448401679
            ],
            [
              -120.99842371731263,
              44.28512804859907
            ],
            [
              -120.99819334795129,
              44.28546702180963
            ],
            [
              -120.99815452815463,
              44.28553619883064
            ],
            [
              -120.99774353903067,
              44.28596487885634
            ],
            [
              -120.99703006918423,
              44.28699225101185
            ],
            [
              -120.99689386751918,
              44.28767228446124
            ],
            [
              -120.99696937720702,
              44.288778478372954
            ],
            [
              -120.99717796062609,
              44.28917355667923
            ],
            [
              -120.99732654736398,
              44.289310702006794
            ],
            [
              -120.99773297663954,
              44.28964655038511
            ],
            [
              -120.99779722504698,
              44.289709674140475
            ],
            [
              -120.99802851877477,
              44.28982996442658
            ],
            [
              -120.99825920074983,
              44.29000395111775
            ],
            [
              -120.99853140195903,
              44.290348605596215
            ],
            [
              -120.99852159325442,
              44.290637334608995
            ],
            [
              -120.9985689811823,
              44.2907484098194
            ],
            [
              -120.99862684077142,
              44.29086276035235
            ],
            [
              -120.99883442616223,
              44.29119511793444
            ],
            [
              -120.99913998990277,
              44.29157206896829
            ],
            [
              -120.99980254144225,
              44.29198385755974
            ],
            [
              -121.00060479627977,
              44.29238379468355
            ],
            [
              -121.00081310391606,
              44.29249095843752
            ],
            [
              -121.00126203069108,
              44.292598837653514
            ],
            [
              -121.00316227204588,
              44.293265752180474
            ],
            [
              -121.00457835200525,
              44.29385567394751
            ],
            [
              -121.00479080536658,
              44.29392910728938
            ],
            [
              -121.00541510125137,
              44.29429731617815
            ],
            [
              -121.00586138697949,
              44.29463382917019
            ],
            [
              -121.00597152312824,
              44.29490730507621
            ],
            [
              -121.00599727423419,
              44.29532222597352
            ],
            [
              -121.00606473861035,
              44.29568070578302
            ],
            [
              -121.00597019541829,
              44.29612211246715
            ],
            [
              -121.00576164433853,
              44.296404312157215
            ],
            [
              -121.00553368875036,
              44.296671881356794
            ],
            [
              -121.00520918942198,
              44.29685201047608
            ],
            [
              -121.00484539868134,
              44.297017160229615
            ],
            [
              -121.00408044908094,
              44.29727534153195
            ],
            [
              -121.0030394040746,
              44.2976023398908
            ],
            [
              -121.00287359663271,
              44.29765442025856
            ],
            [
              -121.0022260253989,
              44.29797181098456
            ],
            [
              -121.00212708675014,
              44.29806391462903
            ],
            [
              -121.00180404359081,
              44.29836464275297
            ],
            [
              -121.00177394104564,
              44.298392663809786
            ],
            [
              -121.00177031634347,
              44.29841466183773
            ],
            [
              -121.001698768226,
              44.29884869734843
            ],
            [
              -121.00176038995959,
              44.299378582703575
            ],
            [
              -121.00191273884187,
              44.3001673159285
            ],
            [
              -121.0019869837018,
              44.30091180652225
            ],
            [
              -121.00179198550475,
              44.30138003500286
            ],
            [
              -121.0014766750434,
              44.30187474004766
            ],
            [
              -121.00108716194295,
              44.30223856537077
            ],
            [
              -121.00108616391466,
              44.3022394988517
            ],
            [
              -121.00108462510059,
              44.302242878541165
            ],
            [
              -121.00094432352456,
              44.30255122664959
            ],
            [
              -121.00090510757083,
              44.303121341113794
            ],
            [
              -121.00111414823238,
              44.30362868911174
            ],
            [
              -121.00139433726108,
              44.3040397933578
            ],
            [
              -121.00265242601986,
              44.30497169343411
            ],
            [
              -121.00315986456091,
              44.305354271695855
            ],
            [
              -121.00401311046893,
              44.30554791531969
            ],
            [
              -121.00496506415865,
              44.30549955574148
            ],
            [
              -121.0056864867903,
              44.30557714730447
            ],
            [
              -121.00674766034722,
              44.30564441707125
            ],
            [
              -121.00739630416949,
              44.30586695986585
            ],
            [
              -121.0079821045494,
              44.30627525782992
            ],
            [
              -121.0090632772995,
              44.30709026385165
            ],
            [
              -121.00982227017126,
              44.307395957297366
            ],
            [
              -121.0116027490307,
              44.307605697833665
            ],
            [
              -121.01181595787516,
              44.30758628358778
            ],
            [
              -121.01205046757165,
              44.307590366873264
            ],
            [
              -121.01229597444386,
              44.30754257274411
            ],
            [
              -121.01238609702644,
              44.30752503041385
            ],
            [
              -121.01314206886387,
              44.30725065737447
            ],
            [
              -121.01427259415739,
              44.306604149386715
            ],
            [
              -121.01510255483491,
              44.306147382809925
            ],
            [
              -121.0161420394676,
              44.305515521105285
            ],
            [
              -121.01702211445988,
              44.304913379277174
            ],
            [
              -121.01803333809376,
              44.304236388882835
            ],
            [
              -121.01803492631514,
              44.30423570615351
            ],
            [
              -121.0187853025467,
              44.303819965572906
            ],
            [
              -121.01964501183319,
              44.302520005341755
            ],
            [
              -121.01992411569704,
              44.302086465641146
            ],
            [
              -121.0202165775091,
              44.30175980727542
            ],
            [
              -121.02098173551867,
              44.300871302677905
            ],
            [
              -121.02158981232103,
              44.30028065996161
            ],
            [
              -121.02192490637987,
              44.29973402952403
            ],
            [
              -121.0220090910984,
              44.29924804509149
            ],
            [
              -121.02191729585277,
              44.29861278066279
            ],
            [
              -121.0215182237794,
              44.29769597753377
            ],
            [
              -121.0209467129007,
              44.297198633980706
            ],
            [
              -121.02026107106516,
              44.29673180465428
            ],
            [
              -121.01996417247383,
              44.29614172660722
            ],
            [
              -121.0199336836531,
              44.29570249972118
            ],
            [
              -121.02021809027205,
              44.295317476361745
            ],
            [
              -121.02058080752589,
              44.294958182903045
            ],
            [
              -121.02113978870304,
              44.29448042764147
            ],
            [
              -121.02154962978005,
              44.29412022952941
            ],
            [
              -121.02214529635674,
              44.29381901864724
            ],
            [
              -121.0229111254078,
              44.29356037527145
            ],
            [
              -121.02341455027617,
              44.29336516114771
            ],
            [
              -121.0238245261005,
              44.29313434065422
            ],
            [
              -121.02411626297217,
              44.292901470670074
            ],
            [
              -121.02431341263431,
              44.2926669633326
            ],
            [
              -121.02446326599674,
              44.29243163844799
            ],
            [
              -121.02463847430808,
              44.292145768691725
            ],
            [
              -121.02488347812373,
              44.2918950944424
            ],
            [
              -121.02521965375416,
              44.291747962161786
            ],
            [
              -121.0256515475731,
              44.291568494475584
            ],
            [
              -121.02579259025924,
              44.29149471867224
            ],
            [
              -121.0261810469409,
              44.29158535483946
            ],
            [
              -121.02667773354634,
              44.291608231839625
            ],
            [
              -121.02713799616194,
              44.291530430840865
            ],
            [
              -121.02747989406078,
              44.291422000530375
            ],
            [
              -121.02786204187422,
              44.29129997158272
            ],
            [
              -121.02824466669307,
              44.29116365845979
            ],
            [
              -121.02874852005783,
              44.290972266819075
            ],
            [
              -121.02919414462588,
              44.29073699172959
            ],
            [
              -121.02969798990581,
              44.290545598055445
            ],
            [
              -121.03008012873609,
              44.29042356085665
            ],
            [
              -121.03040212984969,
              44.29031477805464
            ],
            [
              -121.03088369421563,
              44.29019445532416
            ],
            [
              -121.03089631554538,
              44.290192712726174
            ],
            [
              -121.03135170030899,
              44.290139941561286
            ],
            [
              -121.03264474610872,
              44.29016222303997
            ],
            [
              -121.0325682554606,
              44.288536494628396
            ],
            [
              -121.03258991294378,
              44.28788761219127
            ],
            [
              -121.03296765092749,
              44.28633137567277
            ],
            [
              -121.03362078722448,
              44.28439485374095
            ],
            [
              -121.03381092823076,
              44.28279008659592
            ],
            [
              -121.03485052605119,
              44.28123768567123
            ],
            [
              -121.03583096621692,
              44.28019762094384
            ],
            [
              -121.03766512749941,
              44.27876454861562
            ],
            [
              -121.04164396082719,
              44.27634905831803
            ],
            [
              -121.04571698341084,
              44.27425211710145
            ],
            [
              -121.0473737085601,
              44.273087635140385
            ],
            [
              -121.049047605006,
              44.27171958117271
            ],
            [
              -121.04941312949511,
              44.271469140726154
            ],
            [
              -121.05018118546977,
              44.27111988056081
            ],
            [
              -121.05095023048955,
              44.27074043309643
            ],
            [
              -121.05161674988767,
              44.2702837361773
            ],
            [
              -121.05201571595985,
              44.26965638304564
            ],
            [
              -121.052356153198,
              44.26889213930543
            ],
            [
              -121.05249262435765,
              44.26857738833541
            ],
            [
              -121.05268860980321,
              44.26836934362275
            ],
            [
              -121.05309784182245,
              44.26795014950399
            ],
            [
              -121.05320860948689,
              44.267923325841714
            ],
            [
              -121.05342030287348,
              44.2678736628913
            ],
            [
              -121.05354643262757,
              44.26779590572029
            ],
            [
              -121.05363609796765,
              44.267699768258126
            ],
            [
              -121.05367871134979,
              44.26753180022967
            ],
            [
              -121.05377365878374,
              44.26734969189197
            ],
            [
              -121.05379452664779,
              44.26733126076971
            ],
            [
              -121.05449621778422,
              44.266761904654125
            ],
            [
              -121.0546136599312,
              44.266386430292
            ],
            [
              -121.05473359220815,
              44.2659355026665
            ],
            [
              -121.05477648496635,
              44.26527187517172
            ],
            [
              -121.05515040421177,
              44.26476487641585
            ],
            [
              -121.05602372027984,
              44.26376810854277
            ],
            [
              -121.05633461731821,
              44.26326003469643
            ],
            [
              -121.05646658073178,
              44.263081091778105
            ],
            [
              -121.05650149465359,
              44.26299416349145
            ],
            [
              -121.05656191803456,
              44.262928216433586
            ],
            [
              -121.05663998702265,
              44.26282235294842
            ],
            [
              -121.0567017381136,
              44.26275909029466
            ],
            [
              -121.05683979300309,
              44.26264352835664
            ],
            [
              -121.05694661975834,
              44.26257031130571
            ],
            [
              -121.0570236287344,
              44.26249658850762
            ],
            [
              -121.05708608320622,
              44.262411897498964
            ],
            [
              -121.05722696150063,
              44.26221063097773
            ],
            [
              -121.05728941507414,
              44.26212594020042
            ],
            [
              -121.05741432491608,
              44.26195656020991
            ],
            [
              -121.05754162158175,
              44.2617023371599
            ],
            [
              -121.05793084542468,
              44.26104498209025
            ],
            [
              -121.05797767370211,
              44.260868856075746
            ],
            [
              -121.05810942062169,
              44.26077855273624
            ],
            [
              -121.0581874860165,
              44.2606726892403
            ],
            [
              -121.05841673967028,
              44.26050508070904
            ],
            [
              -121.05856898704295,
              44.260411196562224
            ],
            [
              -121.05872088137771,
              44.26032802536359
            ],
            [
              -121.05890435508796,
              44.26019179542377
            ],
            [
              -121.05899157162057,
              44.26008788924276
            ],
            [
              -121.05923047946871,
              44.259859150500205
            ],
            [
              -121.05951884136984,
              44.25939598173728
            ],
            [
              -121.05952202679586,
              44.259373706604336
            ],
            [
              -121.05962216739046,
              44.25922855035177
            ],
            [
              -121.05965656118777,
              44.259089785577764
            ],
            [
              -121.05960186815999,
              44.25893878813724
            ],
            [
              -121.05958812393617,
              44.258911496495045
            ],
            [
              -121.05960069316359,
              44.25882360792785
            ],
            [
              -121.05954663165147,
              44.258550907860574
            ],
            [
              -121.05955310221647,
              44.25835413366716
            ],
            [
              -121.05955334655823,
              44.25835360996106
            ],
            [
              -121.0596056536606,
              44.25826571155276
            ],
            [
              -121.05965737865465,
              44.258195560523774
            ],
            [
              -121.05969675540682,
              44.25812520160059
            ],
            [
              -121.05972719122697,
              44.25802786000514
            ],
            [
              -121.0597979515219,
              44.257936116925514
            ],
            [
              -121.0600993587576,
              44.25771475003081
            ],
            [
              -121.06052575848025,
              44.257525705212274
            ],
            [
              -121.06097017661088,
              44.25742755646459
            ],
            [
              -121.0613135746962,
              44.25720689988376
            ],
            [
              -121.061439222055,
              44.256899503983945
            ],
            [
              -121.06148259181859,
              44.25672684050827
            ],
            [
              -121.06147436504722,
              44.256663781041375
            ],
            [
              -121.06145725303939,
              44.25643264520102
            ],
            [
              -121.06147339127347,
              44.25631749675593
            ],
            [
              -121.06151247337822,
              44.256256010597994
            ],
            [
              -121.06156662562017,
              44.25621888853629
            ],
            [
              -121.06157566446858,
              44.25621268940641
            ],
            [
              -121.06165208055653,
              44.2561429573536
            ],
            [
              -121.06164206703605,
              44.25607175762606
            ],
            [
              -121.06159938538197,
              44.25586682582222
            ],
            [
              -121.06149992930358,
              44.25550999144144
            ],
            [
              -121.06149758829396,
              44.255506581396425
            ],
            [
              -121.06148730438059,
              44.25543571225219
            ],
            [
              -121.06130577013305,
              44.25520614600408
            ],
            [
              -121.06103826531616,
              44.25503551587877
            ],
            [
              -121.06068628113331,
              44.25487854874885
            ],
            [
              -121.06023427673013,
              44.25456889194194
            ],
            [
              -121.0600582051378,
              44.254173326149264
            ],
            [
              -121.06001356785133,
              44.253613901913326
            ],
            [
              -121.0601301260561,
              44.25294397574916
            ],
            [
              -121.06030949716045,
              44.25259974464147
            ],
            [
              -121.06064179027226,
              44.25207692052989
            ],
            [
              -121.06075668389876,
              44.25177688971606
            ],
            [
              -121.06076907705643,
              44.25139962287139
            ],
            [
              -121.06077375009255,
              44.25125742160904
            ],
            [
              -121.06078005985908,
              44.25123027696928
            ],
            [
              -121.06093579898325,
              44.25102925722202
            ],
            [
              -121.06104365520785,
              44.25092389672813
            ],
            [
              -121.0611082054492,
              44.25077492386655
            ],
            [
              -121.06109646896005,
              44.25067825281205
            ],
            [
              -121.06098004550257,
              44.250590521812036
            ],
            [
              -121.06087817744769,
              44.250513757160114
            ],
            [
              -121.06074755611716,
              44.25040434644555
            ],
            [
              -121.06061869548462,
              44.25024137052907
            ],
            [
              -121.060509579822,
              44.250093895853226
            ],
            [
              -121.06049018609332,
              44.25006768112579
            ],
            [
              -121.0603648486533,
              44.24979757352014
            ],
            [
              -121.06037294966055,
              44.24955116946624
            ],
            [
              -121.06037456662803,
              44.24954581129214
            ],
            [
              -121.06045663132252,
              44.249273892487494
            ],
            [
              -121.06044771195005,
              44.24909151524673
            ],
            [
              -121.06034760818638,
              44.24896118440453
            ],
            [
              -121.06026205443534,
              44.24884182070767
            ],
            [
              -121.06013425650974,
              44.24864670251568
            ],
            [
              -121.06003450488566,
              44.24850565929857
            ],
            [
              -121.06003978877617,
              44.24834496119899
            ],
            [
              -121.06015081156212,
              44.24814318321678
            ],
            [
              -121.06016888566566,
              44.2480470161909
            ],
            [
              -121.06015996898813,
              44.24786463900691
            ],
            [
              -121.06018086200503,
              44.24768276832783
            ],
            [
              -121.06020175322524,
              44.2475008964429
            ],
            [
              -121.0602861499462,
              44.24720349541752
            ],
            [
              -121.06031981700642,
              44.24708485401821
            ],
            [
              -121.06044162855893,
              44.246880117408914
            ],
            [
              -121.06054079897307,
              44.24671343481439
            ],
            [
              -121.06063374406226,
              44.246607823345485
            ],
            [
              -121.06075966361054,
              44.246406296162405
            ],
            [
              -121.06095799096404,
              44.2462703132508
            ],
            [
              -121.0614663592614,
              44.24577514440351
            ],
            [
              -121.0619764783753,
              44.24522640568369
            ],
            [
              -121.06238073821946,
              44.24483602111023
            ],
            [
              -121.06335248269322,
              44.24405244097448
            ],
            [
              -121.06407875982063,
              44.243362643506416
            ],
            [
              -121.06440898860393,
              44.24290016790108
            ],
            [
              -121.0645757302937,
              44.24229902713236
            ],
            [
              -121.06457453014447,
              44.24169503956574
            ],
            [
              -121.06455481481895,
              44.24101524439081
            ],
            [
              -121.06456322843988,
              44.240758702778535
            ],
            [
              -121.06463906780945,
              44.240367409440246
            ],
            [
              -121.06535948342965,
              44.23953406230109
            ],
            [
              -121.06623215989723,
              44.237578401585736
            ],
            [
              -121.06641886484758,
              44.23700779516389
            ],
            [
              -121.06656556512335,
              44.23637611263728
            ],
            [
              -121.06666632825046,
              44.23586444692449
            ],
            [
              -121.0669515523363,
              44.235491795781705
            ],
            [
              -121.06743123652835,
              44.234631711300295
            ],
            [
              -121.0677697855078,
              44.233912680562575
            ],
            [
              -121.06812339114971,
              44.23337509051229
            ],
            [
              -121.06841352722356,
              44.23285152717871
            ],
            [
              -121.06846883469896,
              44.232444785625816
            ],
            [
              -121.06860661470398,
              44.23208473630773
            ],
            [
              -121.06897625168047,
              44.23169840716198
            ],
            [
              -121.06957429160614,
              44.2313914327836
            ],
            [
              -121.07034318660727,
              44.230996749363115
            ],
            [
              -121.07064646054214,
              44.230848602720705
            ],
            [
              -121.07099914271595,
              44.23059738891211
            ],
            [
              -121.07129449171337,
              44.23022720576135
            ],
            [
              -121.07130079070014,
              44.23003436626207
            ],
            [
              -121.07114109180219,
              44.22990303797115
            ],
            [
              -121.07101012731523,
              44.22983701325187
            ],
            [
              -121.07092109798238,
              44.229792130973514
            ],
            [
              -121.07069005488457,
              44.22956312377616
            ],
            [
              -121.070619757222,
              44.229433304530396
            ],
            [
              -121.07061157716304,
              44.22923114112453
            ],
            [
              -121.07061150889106,
              44.229229499709525
            ],
            [
              -121.07063726179364,
              44.228897640053106
            ],
            [
              -121.07064601497775,
              44.228629806630046
            ],
            [
              -121.07049122537283,
              44.22834849094269
            ],
            [
              -121.0702612386938,
              44.22808734440005
            ],
            [
              -121.07023918864682,
              44.228063370258496
            ],
            [
              -121.07018820745785,
              44.22793540672876
            ],
            [
              -121.07017575950293,
              44.22786625782298
            ],
            [
              -121.07013695048602,
              44.227785105614615
            ],
            [
              -121.07001091146176,
              44.22753643361814
            ],
            [
              -121.06993552484312,
              44.227106390175265
            ],
            [
              -121.06987749098084,
              44.226601605708346
            ],
            [
              -121.06985609760233,
              44.22634398288397
            ],
            [
              -121.0700113884672,
              44.22615366179198
            ],
            [
              -121.07010393470439,
              44.22605875271239
            ],
            [
              -121.07028762131537,
              44.225911787757184
            ],
            [
              -121.07049935332954,
              44.225818891873494
            ],
            [
              -121.07050612393184,
              44.2258169400857
            ],
            [
              -121.0707100352131,
              44.225758136654164
            ],
            [
              -121.070906517427,
              44.22567570115836
            ],
            [
              -121.07101571124304,
              44.22552747739316
            ],
            [
              -121.07105005742963,
              44.22538870649195
            ],
            [
              -121.07105619292301,
              44.2252008491087
            ],
            [
              -121.0711194217426,
              44.22506112534936
            ],
            [
              -121.07113014583045,
              44.224804716958865
            ],
            [
              -121.07089531004551,
              44.22432808436374
            ],
            [
              -121.07081834598524,
              44.22422235031208
            ],
            [
              -121.07047157562432,
              44.22393183883461
            ],
            [
              -121.0704182848667,
              44.223737991838
            ],
            [
              -121.07039303861397,
              44.223598215037455
            ],
            [
              -121.07050222704012,
              44.22344999054757
            ],
            [
              -121.07062421106916,
              44.22336629906975
            ],
            [
              -121.0707182044923,
              44.223256440024
            ],
            [
              -121.07073095967104,
              44.2232269243791
            ],
            [
              -121.07056182037775,
              44.22282342718218
            ],
            [
              -121.07047711283973,
              44.22272475766211
            ],
            [
              -121.07031166292732,
              44.2224391636077
            ],
            [
              -121.07018388386636,
              44.222244056347336
            ],
            [
              -121.07001246285225,
              44.222016056254716
            ],
            [
              -121.06989517252057,
              44.22185895659302
            ],
            [
              -121.0697159532315,
              44.22161891126001
            ],
            [
              -121.06971256568455,
              44.22161437586214
            ],
            [
              -121.0696963582802,
              44.22158962397828
            ],
            [
              -121.06956332317652,
              44.221316532395186
            ],
            [
              -121.06955823062717,
              44.22129972526197
            ],
            [
              -121.06944667334362,
              44.22108463834059
            ],
            [
              -121.06936359265455,
              44.22089028883076
            ],
            [
              -121.06925386973082,
              44.22059901347424
            ],
            [
              -121.06924632567907,
              44.220373782385415
            ],
            [
              -121.06933991306367,
              44.22024673370441
            ],
            [
              -121.0694179021017,
              44.22014086034518
            ],
            [
              -121.06948134382199,
              44.22002401978555
            ],
            [
              -121.069487649097,
              44.21983118033661
            ],
            [
              -121.06949465056631,
              44.219616914686
            ],
            [
              -121.06952172399235,
              44.21949083006978
            ],
            [
              -121.0695803193017,
              44.219341192397735
            ],
            [
              -121.06962678376144,
              44.219222537305896
            ],
            [
              -121.06992106735696,
              44.21878182384152
            ],
            [
              -121.06992244267767,
              44.218779208055935
            ],
            [
              -121.06993457352725,
              44.21867137488272
            ],
            [
              -121.07013533531514,
              44.218274126206055
            ],
            [
              -121.0702595049453,
              44.21789809116846
            ],
            [
              -121.07064932257465,
              44.21726995380148
            ],
            [
              -121.07092840487888,
              44.21708560189122
            ],
            [
              -121.0711834329948,
              44.216990873915336
            ],
            [
              -121.07184733919371,
              44.21685803314518
            ],
            [
              -121.07205177598946,
              44.216874988982774
            ],
            [
              -121.07258869544154,
              44.21696507966451
            ],
            [
              -121.07279450216804,
              44.21703607692202
            ],
            [
              -121.07294747448115,
              44.21704765998574
            ],
            [
              -121.07328954575483,
              44.21716969438617
            ],
            [
              -121.07335995930008,
              44.217184611143765
            ],
            [
              -121.07358131227089,
              44.217252660714344
            ],
            [
              -121.07375797495466,
              44.217319955646396
            ],
            [
              -121.073859456734,
              44.21740742014349
            ],
            [
              -121.07389925569436,
              44.217558161730494
            ],
            [
              -121.07390723632736,
              44.217593309130805
            ],
            [
              -121.07393835666373,
              44.217730328552115
            ],
            [
              -121.07394836030274,
              44.217880568423375
            ],
            [
              -121.07398606349352,
              44.218095587860674
            ],
            [
              -121.07409685451414,
              44.21835471917804
            ],
            [
              -121.07416609845288,
              44.21851667478701
            ],
            [
              -121.07429388290373,
              44.218711776373084
            ],
            [
              -121.0745273451646,
              44.21886578193386
            ],
            [
              -121.074718560556,
              44.218944040948024
            ],
            [
              -121.0751339325602,
              44.21900463902976
            ],
            [
              -121.0753327432073,
              44.21893729129967
            ],
            [
              -121.07540522108104,
              44.218912739157496
            ],
            [
              -121.07551219605836,
              44.21885861573432
            ],
            [
              -121.0757537853776,
              44.21873638589784
            ],
            [
              -121.07606708091778,
              44.21827001675405
            ],
            [
              -121.07620987621704,
              44.218004443052145
            ],
            [
              -121.07621510261535,
              44.21797488807674
            ],
            [
              -121.07626468692409,
              44.21769450779962
            ],
            [
              -121.07636209125033,
              44.21744960524149
            ],
            [
              -121.07638222159756,
              44.217289157749505
            ],
            [
              -121.07652047770968,
              44.21716285439904
            ],
            [
              -121.0766271966671,
              44.21708961807127
            ],
            [
              -121.07673635634718,
              44.216941386852206
            ],
            [
              -121.07675320425032,
              44.216919514772634
            ],
            [
              -121.07679275347904,
              44.21681536861538
            ],
            [
              -121.07681596145437,
              44.21663119362279
            ],
            [
              -121.07701500027358,
              44.21604483996806
            ],
            [
              -121.0770131847784,
              44.21586024407054
            ],
            [
              -121.07716114718713,
              44.215232511190294
            ],
            [
              -121.07719426178346,
              44.21471988968546
            ],
            [
              -121.07726586918972,
              44.21454813836072
            ],
            [
              -121.07729534740577,
              44.214421057149856
            ],
            [
              -121.07737924107013,
              44.21413305020239
            ],
            [
              -121.07741899511471,
              44.214053527983026
            ],
            [
              -121.07747489278326,
              44.21394171354345
            ],
            [
              -121.07746418127182,
              44.213812902257835
            ],
            [
              -121.07745348772669,
              44.21379657781003
            ],
            [
              -121.07735059289743,
              44.21363948197131
            ],
            [
              -121.07737490400393,
              44.21335047256561
            ],
            [
              -121.07741462481086,
              44.21319450938759
            ],
            [
              -121.07745690491802,
              44.212779626097515
            ],
            [
              -121.07745577663404,
              44.21269407604356
            ],
            [
              -121.07768290936541,
              44.212373785062205
            ],
            [
              -121.07775815764352,
              44.21217698195293
            ],
            [
              -121.07806127796647,
              44.21185346617302
            ],
            [
              -121.07848982556096,
              44.21125746392175
            ],
            [
              -121.07909893991744,
              44.210786040215815
            ],
            [
              -121.0795546031588,
              44.21036605251738
            ],
            [
              -121.07975551945694,
              44.21000930337017
            ],
            [
              -121.0804723957149,
              44.20923064193401
            ],
            [
              -121.08060109465072,
              44.209134274157044
            ],
            [
              -121.0807496167099,
              44.20902306467081
            ],
            [
              -121.08119373839646,
              44.20865535435948
            ],
            [
              -121.08143657188238,
              44.20852008331073
            ],
            [
              -121.08166160255601,
              44.20846546868378
            ],
            [
              -121.08176703332933,
              44.20843988126029
            ],
            [
              -121.08205280898078,
              44.20835892700162
            ],
            [
              -121.0824314291101,
              44.20817233854096
            ],
            [
              -121.0828183883002,
              44.20772862731497
            ],
            [
              -121.08300005010852,
              44.207548307440995
            ],
            [
              -121.08333431053082,
              44.207341451891494
            ],
            [
              -121.08385379098824,
              44.20695402922753
            ],
            [
              -121.08412086820705,
              44.206823461452466
            ],
            [
              -121.08431683209304,
              44.20677920492219
            ],
            [
              -121.08445213634111,
              44.20672385201568
            ],
            [
              -121.08460778204051,
              44.20668206942315
            ],
            [
              -121.08494740091346,
              44.206676667421036
            ],
            [
              -121.08522461651856,
              44.20669241429766
            ],
            [
              -121.08551796945943,
              44.206686233774676
            ],
            [
              -121.0857507211529,
              44.20664574225342
            ],
            [
              -121.08598662772967,
              44.206597022444086
            ],
            [
              -121.08623906330766,
              44.206467334145145
            ],
            [
              -121.08642882432659,
              44.2063084556409
            ],
            [
              -121.08656475649707,
              44.206116026544386
            ],
            [
              -121.08656664026421,
              44.20610856837404
            ],
            [
              -121.08675716125789,
              44.20574730704767
            ],
            [
              -121.08681294394208,
              44.20540522428311
            ],
            [
              -121.0870474482487,
              44.20506613457326
            ],
            [
              -121.0870553767794,
              44.20503405072586
            ],
            [
              -121.0870761305574,
              44.204950075488775
            ],
            [
              -121.08711603911222,
              44.2047885835688
            ],
            [
              -121.08711363072894,
              44.20440264970138
            ],
            [
              -121.08700245972094,
              44.20415424342687
            ],
            [
              -121.08700731601337,
              44.204004255746234
            ],
            [
              -121.0870571994611,
              44.2038443035409
            ],
            [
              -121.087195400776,
              44.20371798552224
            ],
            [
              -121.08739178687013,
              44.20363552109938
            ],
            [
              -121.0876470530396,
              44.2035754803378
            ],
            [
              -121.08805090504862,
              44.20352864611862
            ],
            [
              -121.08824647906576,
              44.203488918111475
            ],
            [
              -121.088440902341,
              44.20344942190824
            ],
            [
              -121.08875712459238,
              44.20334752194217
            ],
            [
              -121.08902901408614,
              44.203234159664945
            ],
            [
              -121.08927353909974,
              44.2030453042661
            ],
            [
              -121.08951945021383,
              44.20281359456164
            ],
            [
              -121.0897701331787,
              44.20258627398148
            ],
            [
              -121.08980388288393,
              44.20257010806179
            ],
            [
              -121.09010817910158,
              44.202327608430636
            ],
            [
              -121.09076666935765,
              44.201726400992214
            ],
            [
              -121.09113289183776,
              44.20123734690127
            ],
            [
              -121.09140799999518,
              44.20063873076033
            ],
            [
              -121.09194551323367,
              44.199495301424044
            ],
            [
              -121.09210643384041,
              44.19894429312541
            ],
            [
              -121.09240556474518,
              44.19820652568828
            ],
            [
              -121.09260705327014,
              44.197876772337054
            ],
            [
              -121.09266929034965,
              44.19769324849202
            ],
            [
              -121.09297107936936,
              44.19721211420119
            ],
            [
              -121.09309595148207,
              44.1968810807182
            ],
            [
              -121.09399069865786,
              44.1956445712081
            ],
            [
              -121.09446485102438,
              44.19452258013632
            ],
            [
              -121.09476781953207,
              44.194149499822835
            ],
            [
              -121.09480491097013,
              44.19404207949121
            ],
            [
              -121.09517085048091,
              44.19353500009364
            ],
            [
              -121.09518220338946,
              44.19344965911146
            ],
            [
              -121.09575356335121,
              44.19307204857932
            ],
            [
              -121.09601968566088,
              44.19284690415091
            ],
            [
              -121.09613311862672,
              44.192700242757226
            ],
            [
              -121.09619505027906,
              44.19252571108156
            ],
            [
              -121.09621775340122,
              44.192233486447535
            ],
            [
              -121.09617757625014,
              44.192048249758884
            ],
            [
              -121.09580233648124,
              44.19153331445674
            ],
            [
              -121.09528782370731,
              44.19114209902418
            ],
            [
              -121.09472221386171,
              44.190880576194054
            ],
            [
              -121.0945688112556,
              44.19086001035666
            ],
            [
              -121.09441543919219,
              44.19078992710248
            ],
            [
              -121.0941593825053,
              44.190727135125755
            ],
            [
              -121.09390343990444,
              44.19070935824546
            ],
            [
              -121.09359735064946,
              44.19076727495257
            ],
            [
              -121.0927599043107,
              44.19132049364018
            ],
            [
              -121.0919617179431,
              44.19201391349305
            ],
            [
              -121.09158097150149,
              44.192228131427804
            ],
            [
              -121.0913378397749,
              44.19227358789083
            ],
            [
              -121.09103171997721,
              44.19225946930038
            ],
            [
              -121.09087733281753,
              44.19222087438983
            ],
            [
              -121.09062145309875,
              44.19210405637327
            ],
            [
              -121.0902858434069,
              44.19179233785323
            ],
            [
              -121.0900910230763,
              44.19145596070073
            ],
            [
              -121.0900766590149,
              44.1912711544083
            ],
            [
              -121.0901122287069,
              44.19116492815979
            ],
            [
              -121.09010012660339,
              44.19083915337353
            ],
            [
              -121.09007795618216,
              44.19014202825011
            ],
            [
              -121.0900699872273,
              44.18992750965743
            ],
            [
              -121.09003154741795,
              44.18973391916341
            ],
            [
              -121.08997856478251,
              44.18952936693907
            ],
            [
              -121.08999933742511,
              44.18934748796533
            ],
            [
              -121.0900485058139,
              44.189208958374905
            ],
            [
              -121.09008036007386,
              44.18911294303585
            ],
            [
              -121.09009802005404,
              44.18905971591172
            ],
            [
              -121.09009212890241,
              44.188780915889765
            ],
            [
              -121.08997154804182,
              44.18865327730459
            ],
            [
              -121.08987605353387,
              44.18855219685643
            ],
            [
              -121.08973408288804,
              44.18833543538182
            ],
            [
              -121.0896797159487,
              44.18817373753003
            ],
            [
              -121.08961115472962,
              44.1879903625379
            ],
            [
              -121.08952874328547,
              44.18777459935491
            ],
            [
              -121.08942970941527,
              44.18761215210976
            ],
            [
              -121.08931648126527,
              44.18742802944583
            ],
            [
              -121.08927769919784,
              44.18724515328337
            ],
            [
              -121.08931301646324,
              44.18707423461155
            ],
            [
              -121.0894096212889,
              44.18685074593985
            ],
            [
              -121.08955123889679,
              44.18661729065294
            ],
            [
              -121.08967727432777,
              44.186405012504665
            ],
            [
              -121.08975829517988,
              44.1862027013641
            ],
            [
              -121.08980815347479,
              44.186042746567765
            ],
            [
              -121.08983480918421,
              44.18567873528516
            ],
            [
              -121.08982822543152,
              44.18542136244225
            ],
            [
              -121.08978667475637,
              44.185324193662744
            ],
            [
              -121.08976170159146,
              44.18522204977321
            ],
            [
              -121.08972342437718,
              44.185115053784976
            ],
            [
              -121.0897079904223,
              44.18493692189184
            ],
            [
              -121.08970045984526,
              44.184692630376475
            ],
            [
              -121.08970941694697,
              44.18441531837287
            ],
            [
              -121.08976318830324,
              44.18418315082844
            ],
            [
              -121.08976820359747,
              44.18402785639373
            ],
            [
              -121.08983559880335,
              44.183851408988595
            ],
            [
              -121.08990334884376,
              44.183663869387914
            ],
            [
              -121.0898976077108,
              44.183364115287155
            ],
            [
              -121.0898710777655,
              44.18323049135224
            ],
            [
              -121.08987051721675,
              44.18321393940283
            ],
            [
              -121.0898813760519,
              44.18312898609838
            ],
            [
              -121.08987578224266,
              44.18250316942011
            ],
            [
              -121.08983562934608,
              44.18231793307276
            ],
            [
              -121.08940787496397,
              44.182358376893
            ],
            [
              -121.0889804403821,
              44.18250333111505
            ],
            [
              -121.08865556376131,
              44.18274506971812
            ],
            [
              -121.08817223779907,
              44.182984155168036
            ],
            [
              -121.08766065622795,
              44.183279805105215
            ],
            [
              -121.08713249624822,
              44.183270959670025
            ],
            [
              -121.0866325891825,
              44.183205543606064
            ],
            [
              -121.08619164843034,
              44.18295097962032
            ],
            [
              -121.08588275194012,
              44.18269862800947
            ],
            [
              -121.08535951921972,
              44.18253775022572
            ],
            [
              -121.08488664425751,
              44.182453766761554
            ],
            [
              -121.08440884562926,
              44.18252180556504
            ],
            [
              -121.08416686733948,
              44.182650839883365
            ],
            [
              -121.08378977165124,
              44.18287267664714
            ],
            [
              -121.08359506181338,
              44.18317362307605
            ],
            [
              -121.08332051330636,
              44.183492246537014
            ],
            [
              -121.0829446411235,
              44.183676070350806
            ],
            [
              -121.08220089895032,
              44.18379667873002
            ],
            [
              -121.08159043083268,
              44.1838814925719
            ],
            [
              -121.08092652643037,
              44.183984418250326
            ],
            [
              -121.0804984441632,
              44.18414834423486
            ],
            [
              -121.07991067467617,
              44.18434761222052
            ],
            [
              -121.07948752326158,
              44.18435950834347
            ],
            [
              -121.07928119371556,
              44.1842039309322
            ],
            [
              -121.07934141856884,
              44.18397678334801
            ],
            [
              -121.07934944052433,
              44.18372974231788
            ],
            [
              -121.07922480736349,
              44.183499484035615
            ],
            [
              -121.07881462851991,
              44.18311231623261
            ],
            [
              -121.0785825155286,
              44.18293728912106
            ],
            [
              -121.07824415609369,
              44.18277948868766
            ],
            [
              -121.07782286778499,
              44.18273437148227
            ],
            [
              -121.07742552047695,
              44.18276570796061
            ],
            [
              -121.07705210518638,
              44.1828735031544
            ],
            [
              -121.07660070355276,
              44.18294195633707
            ],
            [
              -121.07623099650768,
              44.18293572694033
            ],
            [
              -121.07594483997056,
              44.18279781359677
            ],
            [
              -121.07539708234458,
              44.18257943462848
            ],
            [
              -121.07215248072609,
              44.18205175856153
            ],
            [
              -121.07118614680527,
              44.182071080930356
            ],
            [
              -121.06928793204978,
              44.18194393609684
            ],
            [
              -121.06807755012075,
              44.18179037255574
            ],
            [
              -121.06720984672658,
              44.18166160821169
            ],
            [
              -121.06615667446391,
              44.1815487112089
            ],
            [
              -121.0648394397285,
              44.18143133154429
            ],
            [
              -121.06285768524484,
              44.18143575858747
            ],
            [
              -121.06196296951006,
              44.18132551081203
            ],
            [
              -121.0615165454414,
              44.18124187929603
            ],
            [
              -121.06101980403876,
              44.18108133897291
            ],
            [
              -121.06052181846941,
              44.18095880010965
            ],
            [
              -121.05970508548445,
              44.18088788563423
            ],
            [
              -121.05870350975673,
              44.180813825340294
            ],
            [
              -121.05605557543814,
              44.180753148668956
            ],
            [
              -121.05548255359312,
              44.180740011046225
            ],
            [
              -121.05490248536302,
              44.18076669601389
            ],
            [
              -121.05397426516309,
              44.18080938729865
            ],
            [
              -121.05231003997955,
              44.180800028048196
            ],
            [
              -121.0510940956823,
              44.180817309933936
            ],
            [
              -121.04971846147029,
              44.18086987966497
            ],
            [
              -121.04869376220886,
              44.18083942540612
            ],
            [
              -121.04821392889647,
              44.18082516105958
            ],
            [
              -121.04786349251087,
              44.18084912544325
            ],
            [
              -121.04710172743816,
              44.18090121391323
            ],
            [
              -121.04575437937778,
              44.180897179160226
            ],
            [
              -121.04533948078571,
              44.18087857793385
            ],
            [
              -121.04506844379314,
              44.18086642470856
            ],
            [
              -121.04427876986117,
              44.180776849595176
            ],
            [
              -121.04343377048748,
              44.18076237521713
            ],
            [
              -121.04190158507427,
              44.18075512836344
            ],
            [
              -121.04000349069301,
              44.18062749945698
            ],
            [
              -121.03915975704552,
              44.18057498813421
            ],
            [
              -121.03791930580906,
              44.18053466742589
            ],
            [
              -121.03728493172507,
              44.18054278078852
            ],
            [
              -121.0359023535359,
              44.18080421097882
            ],
            [
              -121.03521264053549,
              44.18088741342048
            ],
            [
              -121.03441056086946,
              44.18103495586598
            ],
            [
              -121.03436196111426,
              44.18104389698104
            ],
            [
              -121.03385582153713,
              44.18116827684126
            ],
            [
              -121.03326919740205,
              44.18132929686845
            ],
            [
              -121.03282948015533,
              44.18145144907713
            ],
            [
              -121.03249583058745,
              44.18154413664936
            ],
            [
              -121.03150993764797,
              44.18179333334835
            ],
            [
              -121.03110941389707,
              44.18191952443264
            ],
            [
              -121.03039010859453,
              44.18209725443908
            ],
            [
              -121.02985501362085,
              44.18229717227457
            ],
            [
              -121.0293991347838,
              44.18249845578672
            ],
            [
              -121.0291016945084,
              44.182702469378945
            ],
            [
              -121.02885009795692,
              44.183116423628185
            ],
            [
              -121.02849350002678,
              44.18350954953614
            ],
            [
              -121.02835296848203,
              44.18366537872573
            ],
            [
              -121.02827400746686,
              44.18375293378216
            ],
            [
              -121.02813310042637,
              44.18401669006712
            ],
            [
              -121.02786078782609,
              44.18425916198766
            ],
            [
              -121.02761487940694,
              44.184502090279565
            ],
            [
              -121.0273148861195,
              44.184782111288
            ],
            [
              -121.02709601878705,
              44.18500649032329
            ],
            [
              -121.02687587584688,
              44.18526887599763
            ],
            [
              -121.02638848321139,
              44.185621707040156
            ],
            [
              -121.02584826784056,
              44.18597362576562
            ],
            [
              -121.02539171347041,
              44.186193893728884
            ],
            [
              -121.0251464212956,
              44.18641781325753
            ],
            [
              -121.02492690088793,
              44.186661191938065
            ],
            [
              -121.02471055512648,
              44.18680955733656
            ],
            [
              -121.0244954768879,
              44.186919917890044
            ],
            [
              -121.02420117173283,
              44.18702890618988
            ],
            [
              -121.02375222429653,
              44.1870211376979
            ],
            [
              -121.02320018440162,
              44.186935528333265
            ],
            [
              -121.02269714850377,
              44.18696484637575
            ],
            [
              -121.02211425237714,
              44.1870117929608
            ],
            [
              -121.02160740313093,
              44.18715512149564
            ],
            [
              -121.02120745699675,
              44.18726227224206
            ],
            [
              -121.0207553268294,
              44.18734950374613
            ],
            [
              -121.0205318304783,
              44.187345628539504
            ],
            [
              -121.02033278716753,
              44.187342179759966
            ],
            [
              -121.01991152131673,
              44.187296848323584
            ],
            [
              -121.01949025277096,
              44.1872515174965
            ],
            [
              -121.01912244206949,
              44.187188096278675
            ],
            [
              -121.01878104004068,
              44.18712513298505
            ],
            [
              -121.01851759111733,
              44.18710154991428
            ],
            [
              -121.01751469935773,
              44.18706513015202
            ],
            [
              -121.01709350267718,
              44.18705781772528
            ],
            [
              -121.01706575281973,
              44.18705733525452
            ],
            [
              -121.01655952880094,
              44.18718163865673
            ],
            [
              -121.01605649020813,
              44.18721092694582
            ],
            [
              -121.01547741461643,
              44.187143823065995
            ],
            [
              -121.01495179417404,
              44.18705863515571
            ],
            [
              -121.01418849837205,
              44.186969310364304
            ],
            [
              -121.01352956344991,
              44.186919823199275
            ],
            [
              -121.01289831729976,
              44.18683278559437
            ],
            [
              -121.01229347802567,
              44.18674620650044
            ],
            [
              -121.01171441141713,
              44.186679085987606
            ],
            [
              -121.01124034079731,
              44.18663280326433
            ],
            [
              -121.01089830994782,
              44.186588818217494
            ],
            [
              -121.01055947889736,
              44.18644982221331
            ],
            [
              -121.01035205071175,
              44.18633212958228
            ],
            [
              -121.01018850792268,
              44.18610029102467
            ],
            [
              -121.01003441271547,
              44.185948686910315
            ],
            [
              -121.00984734215082,
              44.18583087410791
            ],
            [
              -121.0094371408494,
              44.18572062617738
            ],
            [
              -121.00889850381851,
              44.185642503385196
            ],
            [
              -121.00837384996332,
              44.185621900290826
            ],
            [
              -121.007881787885,
              44.18557895289066
            ],
            [
              -121.00743938647219,
              44.18547959097064
            ],
            [
              -121.00686932098279,
              44.18538945599544
            ],
            [
              -121.00656818503828,
              44.18534983428543
            ],
            [
              -121.00606060276678,
              44.18529515051007
            ],
            [
              -121.00566477989977,
              44.18523096255382
            ],
            [
              -121.0053644165064,
              44.185168438428754
            ],
            [
              -121.0047943555086,
              44.185078293315186
            ],
            [
              -121.00441367284738,
              44.185037274824055
            ],
            [
              -121.00416143040718,
              44.184964136405135
            ],
            [
              -121.0039437138166,
              44.18481141043206
            ],
            [
              -121.00380516126044,
              44.18467152577865
            ],
            [
              -121.00363749520423,
              44.18445094356375
            ],
            [
              -121.00353269594656,
              44.18425437183685
            ],
            [
              -121.00347485522204,
              44.184081531261505
            ],
            [
              -121.00341933394759,
              44.18383999783697
            ],
            [
              -121.00329747029278,
              44.18367749336685
            ],
            [
              -121.00311312431839,
              44.18347953018225
            ],
            [
              -121.00292684876274,
              44.18333880942578
            ],
            [
              -121.00285464667179,
              44.183119895845984
            ],
            [
              -121.00288331460744,
              44.1827423724513
            ],
            [
              -121.00291391751425,
              44.182307607109884
            ],
            [
              -121.00275206086296,
              44.18191529584227
            ],
            [
              -121.00264649534235,
              44.18174161866493
            ],
            [
              -121.00225766316488,
              44.18147134434923
            ],
            [
              -121.00203996274398,
              44.1813186177021
            ],
            [
              -121.0018560174182,
              44.18110920399382
            ],
            [
              -121.00163986838781,
              44.18091068137665
            ],
            [
              -121.00150635987195,
              44.18062196235599
            ],
            [
              -121.00135539619181,
              44.18037875845198
            ],
            [
              -121.00119007294188,
              44.18008948214499
            ],
            [
              -121.00108412923056,
              44.179927252731076
            ],
            [
              -121.00096498657271,
              44.17968460580057
            ],
            [
              -121.00087301705395,
              44.17957989968075
            ],
            [
              -121.00075101146531,
              44.179494165479774
            ],
            [
              -121.0006951227799,
              44.17949143520816
            ],
            [
              -121.0004275164534,
              44.179603117902644
            ],
            [
              -121.00031435927032,
              44.1796457997222
            ],
            [
              -121.00007775290594,
              44.17966845485764
            ],
            [
              -120.99976520296747,
              44.17973444370428
            ],
            [
              -120.99939062525691,
              44.1797993437241
            ],
            [
              -120.99913859032755,
              44.17991105418152
            ],
            [
              -120.99883360779702,
              44.180120094627306
            ],
            [
              -120.99850594280556,
              44.1803758117613
            ],
            [
              -120.99766906420204,
              44.18107924719532
            ],
            [
              -120.99651964554148,
              44.18164016496141
            ],
            [
              -120.99545484009587,
              44.182086340920314
            ],
            [
              -120.99451795744164,
              44.182331379562164
            ],
            [
              -120.99370999650546,
              44.18234624845252
            ],
            [
              -120.99322777726766,
              44.18227967565798
            ],
            [
              -120.99270620014235,
              44.1821833552736
            ],
            [
              -120.99230860849255,
              44.18206072593491
            ],
            [
              -120.99186980842572,
              44.18189307898854
            ],
            [
              -120.99117629824659,
              44.18184514912745
            ],
            [
              -120.99071234086021,
              44.18186080794185
            ],
            [
              -120.99037747407513,
              44.18197401743244
            ],
            [
              -120.99000992927493,
              44.182074742606815
            ],
            [
              -120.98964400323892,
              44.18212785235058
            ],
            [
              -120.98926218510718,
              44.182214608298054
            ],
            [
              -120.98906020700039,
              44.182260497015356
            ],
            [
              -120.98878613010888,
              44.182316454622246
            ],
            [
              -120.9885768711567,
              44.18235917828345
            ],
            [
              -120.98830495651008,
              44.182510364522685
            ],
            [
              -120.98803702499346,
              44.18265933561033
            ],
            [
              -120.98765050148624,
              44.18283117926954
            ],
            [
              -120.98721272999042,
              44.183049761515775
            ],
            [
              -120.98690890808324,
              44.18322305991793
            ],
            [
              -120.98677130863959,
              44.18337546919772
            ],
            [
              -120.98673174054626,
              44.18356533589096
            ],
            [
              -120.9865755729257,
              44.183776968480764
            ],
            [
              -120.98610795131128,
              44.18389973468244
            ],
            [
              -120.98550718410043,
              44.18404397264478
            ],
            [
              -120.9848741413197,
              44.18416381755652
            ],
            [
              -120.98440059890926,
              44.184313961388675
            ],
            [
              -120.98411614288295,
              44.18450179266788
            ],
            [
              -120.98386869115818,
              44.184768979716544
            ],
            [
              -120.98351905966305,
              44.18512011635162
            ],
            [
              -120.98324736600202,
              44.18551550410653
            ],
            [
              -120.98298868803111,
              44.18601890604227
            ],
            [
              -120.98297079538727,
              44.18605373021219
            ],
            [
              -120.98292643478192,
              44.18617305506362
            ],
            [
              -120.98281770898815,
              44.186465502994416
            ],
            [
              -120.98278811309278,
              44.186750828323945
            ],
            [
              -120.98270042314802,
              44.18699224997822
            ],
            [
              -120.98257449551485,
              44.18719011891526
            ],
            [
              -120.98240837725588,
              44.18740156779242
            ],
            [
              -120.98222191934224,
              44.18762695203276
            ],
            [
              -120.98209257541606,
              44.18792480549035
            ],
            [
              -120.98194482231479,
              44.1881330303807
            ],
            [
              -120.98184217092894,
              44.18827768955869
            ],
            [
              -120.98160820201822,
              44.188730909784645
            ],
            [
              -120.98159589330221,
              44.189091447100665
            ],
            [
              -120.98159308516863,
              44.18917370772259
            ],
            [
              -120.98158284347608,
              44.189473666100014
            ],
            [
              -120.98153860863486,
              44.190187500492776
            ],
            [
              -120.9814416444831,
              44.190700312961724
            ],
            [
              -120.98124736673492,
              44.19115423402836
            ],
            [
              -120.98107781601325,
              44.19146566800849
            ],
            [
              -120.98098767546439,
              44.191778504484446
            ],
            [
              -120.98098298176703,
              44.191783625736186
            ],
            [
              -120.98094370921942,
              44.191966274620434
            ],
            [
              -120.98092120642154,
              44.1922228878363
            ],
            [
              -120.98086122231678,
              44.19237010369572
            ],
            [
              -120.98070275950066,
              44.19258477377712
            ],
            [
              -120.98054564505577,
              44.19275992553738
            ],
            [
              -120.98036073134611,
              44.192944470169934
            ],
            [
              -120.98028438173348,
              44.19302460185613
            ],
            [
              -120.98003934108691,
              44.193383166485134
            ],
            [
              -120.9797364642074,
              44.19368544209653
            ],
            [
              -120.9794369021113,
              44.19389062977181
            ],
            [
              -120.9790051619043,
              44.194012522795944
            ],
            [
              -120.97863978384056,
              44.194167969334785
            ],
            [
              -120.97811309619962,
              44.19443389977986
            ],
            [
              -120.97747561304644,
              44.1946492927193
            ],
            [
              -120.97770695797817,
              44.195122927832706
            ],
            [
              -120.97793775493761,
              44.195612745650216
            ],
            [
              -120.97797388068676,
              44.19587244154588
            ],
            [
              -120.97782786402891,
              44.196193679492005
            ],
            [
              -120.97735921833505,
              44.19673588040314
            ],
            [
              -120.97677256725056,
              44.19743790016096
            ],
            [
              -120.97597959829814,
              44.19824959913385
            ],
            [
              -120.97523768778981,
              44.1988840981693
            ],
            [
              -120.97447992111843,
              44.19932401834121
            ],
            [
              -120.97248035663591,
              44.20053526550643
            ],
            [
              -120.97105599959954,
              44.20160794997373
            ],
            [
              -120.97072064772419,
              44.20196515829468
            ],
            [
              -120.97046850769192,
              44.20225121035274
            ],
            [
              -120.97021387303809,
              44.20260985021218
            ],
            [
              -120.96998290539877,
              44.202867225275035
            ],
            [
              -120.96971057752714,
              44.20315291683374
            ],
            [
              -120.96954164394808,
              44.20336781295214
            ],
            [
              -120.96915171582594,
              44.20354972722101
            ],
            [
              -120.96879430132722,
              44.203666851617584
            ],
            [
              -120.96834631778324,
              44.2037750986488
            ],
            [
              -120.96773838021976,
              44.20383692042743
            ],
            [
              -120.96676767240184,
              44.203877757115166
            ],
            [
              -120.96556946983151,
              44.20407432779303
            ],
            [
              -120.96483993631115,
              44.204148494739
            ],
            [
              -120.96427485467493,
              44.20413842889918
            ],
            [
              -120.96361764631477,
              44.204117436230895
            ],
            [
              -120.96333680421085,
              44.20412658957353
            ],
            [
              -120.9629496590695,
              44.20418542169325
            ],
            [
              -120.96215838254307,
              44.20430565839529
            ],
            [
              -120.96185221154138,
              44.20434967916118
            ],
            [
              -120.9615393849218,
              44.20439465618032
            ],
            [
              -120.96084539594062,
              44.204353681398615
            ],
            [
              -120.96021196239275,
              44.204285198345595
            ],
            [
              -120.9594285604981,
              44.203956770815786
            ],
            [
              -120.95888590620125,
              44.203561180278875
            ],
            [
              -120.95838651207359,
              44.20340473138008
            ],
            [
              -120.9582569265006,
              44.20336413456716
            ],
            [
              -120.95809197605149,
              44.20334330841249
            ],
            [
              -120.95746564638088,
              44.203264230779446
            ],
            [
              -120.95666893684358,
              44.20332143901028
            ],
            [
              -120.95661405247468,
              44.2033240400271
            ],
            [
              -120.95644866544436,
              44.2033318778514
            ],
            [
              -120.95623111683877,
              44.20334218918357
            ],
            [
              -120.95563790715433,
              44.20326010804445
            ],
            [
              -120.95473442026913,
              44.2029580818258
            ],
            [
              -120.954500888838,
              44.20282145692516
            ],
            [
              -120.95417765793077,
              44.202687015452
            ],
            [
              -120.95326441983315,
              44.20223486531267
            ],
            [
              -120.9524642329174,
              44.20201715597855
            ],
            [
              -120.95163073018273,
              44.20159547387312
            ],
            [
              -120.95127754495236,
              44.20129861106514
            ],
            [
              -120.95096371671123,
              44.20103150796305
            ],
            [
              -120.95046682079834,
              44.200561098509645
            ],
            [
              -120.95009742457034,
              44.20031660899565
            ],
            [
              -120.94960551340897,
              44.20017914655262
            ],
            [
              -120.94904858398397,
              44.20019773009642
            ],
            [
              -120.94844996284829,
              44.200272731406095
            ],
            [
              -120.94761159393971,
              44.20038629709206
            ],
            [
              -120.94667146477407,
              44.2005694866823
            ],
            [
              -120.94617111933047,
              44.2006748285049
            ],
            [
              -120.94598139514248,
              44.20065530228888
            ],
            [
              -120.94583457808571,
              44.20064019071915
            ],
            [
              -120.94542209147018,
              44.20050413876078
            ],
            [
              -120.9449718863925,
              44.200310237821206
            ],
            [
              -120.94466016919229,
              44.20013311915437
            ],
            [
              -120.94395384454562,
              44.19987743362983
            ],
            [
              -120.94320483554993,
              44.19970672998331
            ],
            [
              -120.943163986459,
              44.19970156627114
            ],
            [
              -120.94305514747751,
              44.199669180679
            ],
            [
              -120.9422530112176,
              44.19950947237842
            ],
            [
              -120.94148618593488,
              44.19949566078567
            ],
            [
              -120.94039142886103,
              44.19962119765015
            ],
            [
              -120.9393329754028,
              44.1998635912107
            ],
            [
              -120.93843494218967,
              44.20013792153902
            ],
            [
              -120.93769529813085,
              44.200502264702564
            ],
            [
              -120.93703130210038,
              44.20101323058256
            ],
            [
              -120.93644700011033,
              44.20155468905496
            ],
            [
              -120.93561342281549,
              44.20229501047843
            ],
            [
              -120.93481613116988,
              44.203152192359305
            ],
            [
              -120.93417316020866,
              44.204215531604035
            ],
            [
              -120.93337277476525,
              44.205159808901236
            ],
            [
              -120.93265004059329,
              44.20619264241494
            ],
            [
              -120.93197272524213,
              44.207081029316996
            ],
            [
              -120.93122990923199,
              44.20753243007549
            ],
            [
              -120.93032562194787,
              44.20798090138179
            ],
            [
              -120.92613435861496,
              44.20997518168755
            ],
            [
              -120.92580877771495,
              44.210068307331454
            ],
            [
              -120.92536231142547,
              44.21021775608121
            ],
            [
              -120.92467485050149,
              44.21045735917698
            ],
            [
              -120.9242027624635,
              44.21053431259762
            ],
            [
              -120.92336678397189,
              44.210681179433806
            ],
            [
              -120.92275304149501,
              44.21083593874838
            ],
            [
              -120.92222112835404,
              44.2110296389202
            ],
            [
              -120.92211048555544,
              44.21117922431072
            ],
            [
              -120.92209511178768,
              44.21131580149626
            ],
            [
              -120.92209788668359,
              44.21180178881061
            ],
            [
              -120.92207685981774,
              44.21207358461066
            ],
            [
              -120.92206144832072,
              44.21227277234426
            ],
            [
              -120.92207956105179,
              44.212887670304205
            ],
            [
              -120.9223940522496,
              44.21355083811414
            ],
            [
              -120.92247007577382,
              44.213689365852964
            ],
            [
              -120.92265550242148,
              44.214027241181526
            ],
            [
              -120.92286440923407,
              44.21430259302607
            ],
            [
              -120.92291193280755,
              44.21464647326013
            ],
            [
              -120.9228194359777,
              44.215016391264065
            ],
            [
              -120.92273095641377,
              44.21527204391824
            ],
            [
              -120.922500443322,
              44.21561086305109
            ],
            [
              -120.9221573003582,
              44.21576183458106
            ],
            [
              -120.9217787772469,
              44.21584092956006
            ],
            [
              -120.92175836482869,
              44.21584519563437
            ],
            [
              -120.92171686715413,
              44.21585386620726
            ],
            [
              -120.92117763633686,
              44.21592980497083
            ],
            [
              -120.92042145519194,
              44.21595891221811
            ],
            [
              -120.91960166883334,
              44.21610119558083
            ],
            [
              -120.91872481519968,
              44.21617097059352
            ],
            [
              -120.91810714798335,
              44.216216879228355
            ],
            [
              -120.91700447854849,
              44.216324612595706
            ],
            [
              -120.91617343001116,
              44.21643956569881
            ],
            [
              -120.91524608926193,
              44.21657248660418
            ],
            [
              -120.9146914469476,
              44.21671195237606
            ],
            [
              -120.91366496632698,
              44.21707909282038
            ],
            [
              -120.91336403699499,
              44.21715934813272
            ],
            [
              -120.91270411033277,
              44.21727591817704
            ],
            [
              -120.91228704769918,
              44.21726829338205
            ],
            [
              -120.91205271946237,
              44.21724864197011
            ],
            [
              -120.91163317747859,
              44.21721346024137
            ],
            [
              -120.91102105107096,
              44.217102217079955
            ],
            [
              -120.91037122776075,
              44.21693311239282
            ],
            [
              -120.9094071728658,
              44.21672601231338
            ],
            [
              -120.9092075761928,
              44.21668313522423
            ],
            [
              -120.90855523400653,
              44.21658543403578
            ],
            [
              -120.90806076084998,
              44.21651920831171
            ],
            [
              -120.90732746608354,
              44.216462894948044
            ],
            [
              -120.90678406259175,
              44.21639842674884
            ],
            [
              -120.90674499665668,
              44.21639614693794
            ],
            [
              -120.90668248738763,
              44.21639500091609
            ],
            [
              -120.90609615790002,
              44.21644032155764
            ],
            [
              -120.90549935225955,
              44.216457960621064
            ],
            [
              -120.90484144501009,
              44.21651735343406
            ],
            [
              -120.90438162795884,
              44.216594669782744
            ],
            [
              -120.90376495966913,
              44.216611934734644
            ],
            [
              -120.90324809869905,
              44.21661673706354
            ],
            [
              -120.90260954116081,
              44.216690763957985
            ],
            [
              -120.90162686149509,
              44.216769147546515
            ],
            [
              -120.9007279712892,
              44.21744005608776
            ],
            [
              -120.89948669090771,
              44.21859831940995
            ],
            [
              -120.89823890313028,
              44.219938156427624
            ],
            [
              -120.89736658059891,
              44.22137573940586
            ],
            [
              -120.89695715993344,
              44.223117108848896
            ],
            [
              -120.89721461709388,
              44.22475718442371
            ],
            [
              -120.89723572390979,
              44.22593865053971
            ],
            [
              -120.8963940752521,
              44.228285312219526
            ],
            [
              -120.89559765407405,
              44.229360870699544
            ],
            [
              -120.89504403404253,
              44.230713450880565
            ],
            [
              -120.89481254897359,
              44.23189026284118
            ],
            [
              -120.89476399233756,
              44.2332521493321
            ],
            [
              -120.89493076636664,
              44.23566279733641
            ],
            [
              -120.89510888072796,
              44.23775567538465
            ],
            [
              -120.89537766205085,
              44.2390779795726
            ],
            [
              -120.89557846875451,
              44.24142111324772
            ],
            [
              -120.8959379736329,
              44.243744455696394
            ],
            [
              -120.89619870335592,
              44.24529373942451
            ],
            [
              -120.89685616414268,
              44.24635063944923
            ],
            [
              -120.89822288437213,
              44.24701175401468
            ],
            [
              -120.89940987237449,
              44.24739699100203
            ],
            [
              -120.90086240776472,
              44.24742368825269
            ],
            [
              -120.90288494306735,
              44.24741540327754
            ],
            [
              -120.90471640581075,
              44.247449005198966
            ],
            [
              -120.90641834226992,
              44.24757105829966
            ],
            [
              -120.90823050650606,
              44.248149361318816
            ],
            [
              -120.90982429748315,
              44.24954130571537
            ],
            [
              -120.91141174725264,
              44.251114815271016
            ],
            [
              -120.91337230239391,
              44.25263816615513
            ],
            [
              -120.91746541759552,
              44.255337240886284
            ],
            [
              -120.92028652104976,
              44.25695065857376
            ],
            [
              -120.92215872598452,
              44.25805608881418
            ],
            [
              -120.92317265983561,
              44.25872274375375
            ],
            [
              -120.92366057978217,
              44.25916375841317
            ],
            [
              -120.92395818175433,
              44.25967333773565
            ],
            [
              -120.9240882533159,
              44.260004312916195
            ],
            [
              -120.92415653785392,
              44.260667278038255
            ],
            [
              -120.92412013003376,
              44.26092320463937
            ],
            [
              -120.92398195477,
              44.26128981905828
            ],
            [
              -120.9239462835684,
              44.26165829493964
            ],
            [
              -120.92367070559206,
              44.26239153870027
            ],
            [
              -120.92334276571611,
              44.26294376813447
            ],
            [
              -120.92324262512152,
              44.26327506007406
            ],
            [
              -120.92312906908644,
              44.26349807222629
            ],
            [
              -120.92304179057007,
              44.26375307235487
            ],
            [
              -120.92289477588392,
              44.264637201775415
            ],
            [
              -120.92283386741272,
              44.2650772444322
            ],
            [
              -120.92287799355779,
              44.26584780665075
            ],
            [
              -120.92298447356337,
              44.266470953467156
            ],
            [
              -120.92313974466528,
              44.26682039307243
            ],
            [
              -120.92331951013006,
              44.26698571604024
            ],
            [
              -120.92347497886134,
              44.267240626420175
            ],
            [
              -120.92382305537265,
              44.26765209025575
            ],
            [
              -120.92458127748989,
              44.268291577458484
            ],
            [
              -120.92690152705411,
              44.26949509498811
            ],
            [
              -120.92735080237546,
              44.269768834598764
            ],
            [
              -120.9279803183704,
              44.27026191736957
            ],
            [
              -120.92908356632027,
              44.27100216285351
            ],
            [
              -120.92944454174078,
              44.271404838911714
            ],
            [
              -120.9299368266013,
              44.2723950901171
            ],
            [
              -120.93045315397212,
              44.27312468866226
            ],
            [
              -120.93099365680385,
              44.27365665468893
            ],
            [
              -120.93136689961787,
              44.273956011058175
            ],
            [
              -120.9321876157328,
              44.27447053698833
            ],
            [
              -120.9324895332116,
              44.274615548192955
            ],
            [
              -120.93287004878616,
              44.27495609291692
            ],
            [
              -120.93326881722898,
              44.27530400017145
            ]
          ]
        ]
      },
      "properties": {
        "huc12": "170703050808",
        "name": "Powell Butte-Dry River",
        "tohuc": "170703050809",
        "areasqkm": 125.71,
        "states": "OR"
      }
    },
    {
      "type": "Feature",
      "geometry": {
        "type": "Polygon",
        "coordinates": [
          [
            [
              -120.80173097694913,
              44.291233198504834
            ],
            [
              -120.80048030737629,
              44.292407946443475
            ],
            [
              -120.80026997673397,
              44.292717962054944
            ],
            [
              -120.79994169370161,
              44.29298318633252
            ],
            [
              -120.79949677341274,
              44.293174700661496
            ],
            [
              -120.7989755133927,
              44.293278990730144
            ],
            [
              -120.79843970515665,
              44.29324007623998
            ],
            [
              -120.79833832219202,
              44.293205859424596
            ],
            [
              -120.79812529480722,
              44.29313396643239
            ],
            [
              -120.79776898254137,
              44.29308421997952
            ],
            [
              -120.79738851278087,
              44.2931483418229
            ],
            [
              -120.79692423110268,
              44.29332517999295
            ],
            [
              -120.79677671156335,
              44.29350097727448
            ],
            [
              -120.79657017091323,
              44.293747110330976
            ],
            [
              -120.79643536882337,
              44.29415897947603
            ],
            [
              -120.79642145841122,
              44.294192768153465
            ],
            [
              -120.79626061146632,
              44.29476114801966
            ],
            [
              -120.79631993530937,
              44.295318991839665
            ],
            [
              -120.79660600650652,
              44.29624594518193
            ],
            [
              -120.79664680169854,
              44.296336653743275
            ],
            [
              -120.79691265541193,
              44.296826518059085
            ],
            [
              -120.79707773432011,
              44.297201297072895
            ],
            [
              -120.79701154824662,
              44.29754510241841
            ],
            [
              -120.7969667842977,
              44.297777629302885
            ],
            [
              -120.79698548901855,
              44.29807133478666
            ],
            [
              -120.79694530108766,
              44.29861365762327
            ],
            [
              -120.79682396204899,
              44.2991972912088
            ],
            [
              -120.79662948038323,
              44.29949216806974
            ],
            [
              -120.7962285901197,
              44.29990519724951
            ],
            [
              -120.79491777564364,
              44.3006477662926
            ],
            [
              -120.7922627563124,
              44.301594706220754
            ],
            [
              -120.7877292097034,
              44.30273558207758
            ],
            [
              -120.7847953012057,
              44.303273821962755
            ],
            [
              -120.78264681760865,
              44.30353928464513
            ],
            [
              -120.77888114102306,
              44.304157207653404
            ],
            [
              -120.77731737174277,
              44.30451072329621
            ],
            [
              -120.77541130571167,
              44.30543345002492
            ],
            [
              -120.77354265630878,
              44.30677919721403
            ],
            [
              -120.77313386446404,
              44.30769266041123
            ],
            [
              -120.77256307133923,
              44.31006189816505
            ],
            [
              -120.77194868207538,
              44.313582074691965
            ],
            [
              -120.77195075898034,
              44.3177669512165
            ],
            [
              -120.77190614325343,
              44.31869611777648
            ],
            [
              -120.77178367054087,
              44.319320487602035
            ],
            [
              -120.77160764566094,
              44.320288910481004
            ],
            [
              -120.771030920062,
              44.32184977410791
            ],
            [
              -120.77071615757298,
              44.32280119394777
            ],
            [
              -120.77068572714272,
              44.3241297580936
            ],
            [
              -120.77074719346771,
              44.325660205086635
            ],
            [
              -120.77075192848758,
              44.32581502890982
            ],
            [
              -120.77063429410114,
              44.32781941107581
            ],
            [
              -120.77081175089562,
              44.32878269678934
            ],
            [
              -120.77134508966296,
              44.33164989063424
            ],
            [
              -120.77140756569433,
              44.33180363134019
            ],
            [
              -120.7717104578452,
              44.33218469494223
            ],
            [
              -120.77186920452895,
              44.33242896045107
            ],
            [
              -120.77202643036492,
              44.33271339134447
            ],
            [
              -120.77207579638304,
              44.33288853221353
            ],
            [
              -120.77216297698304,
              44.333051013571094
            ],
            [
              -120.77241296465189,
              44.33335065066527
            ],
            [
              -120.77279352514222,
              44.33365283714846
            ],
            [
              -120.77293464149021,
              44.33386996051531
            ],
            [
              -120.77317956625411,
              44.334303481335105
            ],
            [
              -120.77326322635653,
              44.33451160224011
            ],
            [
              -120.77344542715402,
              44.33480415111983
            ],
            [
              -120.77383530317384,
              44.335809963336175
            ],
            [
              -120.77434951501215,
              44.33635748436299
            ],
            [
              -120.77497499128324,
              44.336791990401366
            ],
            [
              -120.7757233400172,
              44.3368065626332
            ],
            [
              -120.77672735916248,
              44.33713324953196
            ],
            [
              -120.77750598201982,
              44.3377626852398
            ],
            [
              -120.77834821458245,
              44.33812460474074
            ],
            [
              -120.77897374295583,
              44.338559087404825
            ],
            [
              -120.77959783132977,
              44.339031935089686
            ],
            [
              -120.77963536204403,
              44.33945498378383
            ],
            [
              -120.77879441497062,
              44.340475242572964
            ],
            [
              -120.77847798431007,
              44.34070904559045
            ],
            [
              -120.77787691706189,
              44.341042889685916
            ],
            [
              -120.77736254981502,
              44.341205651051304
            ],
            [
              -120.77644289594966,
              44.34147570087899
            ],
            [
              -120.77552033603435,
              44.34182247203701
            ],
            [
              -120.77464831893015,
              44.34224700651079
            ],
            [
              -120.773635384904,
              44.34286075142011
            ],
            [
              -120.7733615550492,
              44.34302818282129
            ],
            [
              -120.77306535265224,
              44.34307999866837
            ],
            [
              -120.77266368354938,
              44.34309136417602
            ],
            [
              -120.77226056007405,
              44.3431410933055
            ],
            [
              -120.77174688722491,
              44.34328464556849
            ],
            [
              -120.77110561138463,
              44.343569857052834
            ],
            [
              -120.77122935251838,
              44.34384507339392
            ],
            [
              -120.77146663890743,
              44.3440743640014
            ],
            [
              -120.7718361761709,
              44.34435437372792
            ],
            [
              -120.77225162004032,
              44.34460318384016
            ],
            [
              -120.77245132451117,
              44.344855527526214
            ],
            [
              -120.77252800739878,
              44.34504608307797
            ],
            [
              -120.77257226020627,
              44.34590672547674
            ],
            [
              -120.77261484933389,
              44.34623102971882
            ],
            [
              -120.77273860394237,
              44.3465062444874
            ],
            [
              -120.77270411312703,
              44.346826515607816
            ],
            [
              -120.77262918644585,
              44.34744733805184
            ],
            [
              -120.7726210791504,
              44.347951344610905
            ],
            [
              -120.7723492830814,
              44.34868878655833
            ],
            [
              -120.77197111749962,
              44.349356629924124
            ],
            [
              -120.7715622169587,
              44.34992484369056
            ],
            [
              -120.77134310887774,
              44.350388719645174
            ],
            [
              -120.77131952720322,
              44.35061783434428
            ],
            [
              -120.77138057401498,
              44.350848602226485
            ],
            [
              -120.77163881091309,
              44.351380310646306
            ],
            [
              -120.77152003386959,
              44.35178312420169
            ],
            [
              -120.77113209192258,
              44.352563312055096
            ],
            [
              -120.7711234420447,
              44.3527510438755
            ],
            [
              -120.77115083616928,
              44.3528926179696
            ],
            [
              -120.7711654373859,
              44.352968081747484
            ],
            [
              -120.77125111869772,
              44.353170726654604
            ],
            [
              -120.77132017039696,
              44.353319454689114
            ],
            [
              -120.77155969987925,
              44.35340452014904
            ],
            [
              -120.7716855484607,
              44.35344616063325
            ],
            [
              -120.77170285719957,
              44.35345673342027
            ],
            [
              -120.77304998966426,
              44.353978162796274
            ],
            [
              -120.77391901627688,
              44.35416165331311
            ],
            [
              -120.77414511684398,
              44.35434161690562
            ],
            [
              -120.77437790267345,
              44.354697265876325
            ],
            [
              -120.77489501876508,
              44.35599475669172
            ],
            [
              -120.77539067410456,
              44.35692721063376
            ],
            [
              -120.77579921172608,
              44.35838013239797
            ],
            [
              -120.77593627128226,
              44.35867539589623
            ],
            [
              -120.77627878003547,
              44.35941036826937
            ],
            [
              -120.77628057576771,
              44.35941856487803
            ],
            [
              -120.77630472697412,
              44.35976738853682
            ],
            [
              -120.77638435453922,
              44.360130689848205
            ],
            [
              -120.77659613775735,
              44.36045637138044
            ],
            [
              -120.77682962427274,
              44.36070208491985
            ],
            [
              -120.77717356314388,
              44.36099014416537
            ],
            [
              -120.77736973094744,
              44.361235130369586
            ],
            [
              -120.77752300329782,
              44.36162666070619
            ],
            [
              -120.77752698013958,
              44.36201528486707
            ],
            [
              -120.77753148788568,
              44.362129237734486
            ],
            [
              -120.77726037004473,
              44.36279749310216
            ],
            [
              -120.777825001625,
              44.362592406323955
            ],
            [
              -120.77847521839733,
              44.36228094805123
            ],
            [
              -120.77941738673866,
              44.36194365020906
            ],
            [
              -120.77999709025275,
              44.361671326088064
            ],
            [
              -120.78032736125685,
              44.36146167414841
            ],
            [
              -120.78034582792414,
              44.36144088854898
            ],
            [
              -120.78037102566788,
              44.36142831018783
            ],
            [
              -120.78047072159643,
              44.3613003260926
            ],
            [
              -120.780695985832,
              44.3610111437937
            ],
            [
              -120.78083163413484,
              44.36083700406617
            ],
            [
              -120.78090234861571,
              44.36067910639955
            ],
            [
              -120.78098392552496,
              44.360496958051435
            ],
            [
              -120.78116467015339,
              44.36004392702545
            ],
            [
              -120.7813122516765,
              44.35988593023997
            ],
            [
              -120.7814003844907,
              44.35982603738738
            ],
            [
              -120.78142951775366,
              44.35980623708057
            ],
            [
              -120.78151476158592,
              44.359818141414515
            ],
            [
              -120.78151899175259,
              44.35982180487887
            ],
            [
              -120.78155991809861,
              44.359857252609785
            ],
            [
              -120.78161157122744,
              44.359901993200666
            ],
            [
              -120.78162730162639,
              44.359931287379624
            ],
            [
              -120.78169953246345,
              44.36001064575133
            ],
            [
              -120.78199004672803,
              44.36023066828343
            ],
            [
              -120.78240323492778,
              44.360367323891914
            ],
            [
              -120.78319249922797,
              44.360568446759856
            ],
            [
              -120.7835492076509,
              44.360618247766126
            ],
            [
              -120.78425294604786,
              44.36044611327693
            ],
            [
              -120.78436045103116,
              44.360388818280725
            ],
            [
              -120.78455563158619,
              44.36033736069953
            ],
            [
              -120.78523637401021,
              44.359963435108604
            ],
            [
              -120.78561724262268,
              44.35986728474018
            ],
            [
              -120.78642996462989,
              44.35988303556682
            ],
            [
              -120.78715385044204,
              44.360022284790325
            ],
            [
              -120.78745201745453,
              44.36013656394807
            ],
            [
              -120.78784800022166,
              44.36020140444027
            ],
            [
              -120.78832791348407,
              44.360153533709294
            ],
            [
              -120.78848290790489,
              44.36013364102791
            ],
            [
              -120.7890801986356,
              44.36010991469498
            ],
            [
              -120.78926451676226,
              44.360005446012146
            ],
            [
              -120.78944422473482,
              44.359752340957165
            ],
            [
              -120.78955085475906,
              44.35893964067388
            ],
            [
              -120.78977538417276,
              44.35874591956248
            ],
            [
              -120.7899556544907,
              44.35868638714523
            ],
            [
              -120.7904973359121,
              44.35858883002391
            ],
            [
              -120.79202012135416,
              44.35819963526989
            ],
            [
              -120.79259327974309,
              44.35799464222695
            ],
            [
              -120.79394290952425,
              44.35751654970753
            ],
            [
              -120.79487515417668,
              44.35731397763429
            ],
            [
              -120.79512949328476,
              44.357306183447015
            ],
            [
              -120.79520714455623,
              44.35732815746457
            ],
            [
              -120.79552028109458,
              44.3574771222287
            ],
            [
              -120.79577316583023,
              44.35763921687316
            ],
            [
              -120.79650647407139,
              44.35773912441242
            ],
            [
              -120.7968846899588,
              44.35774642334032
            ],
            [
              -120.79739018185069,
              44.357709507352375
            ],
            [
              -120.79768628273798,
              44.35761896686918
            ],
            [
              -120.79835227751995,
              44.35738885123574
            ],
            [
              -120.79887838934081,
              44.357170324205335
            ],
            [
              -120.79964283408805,
              44.3569706797939
            ],
            [
              -120.80004041585637,
              44.356992633383875
            ],
            [
              -120.80032745274248,
              44.35705003446802
            ],
            [
              -120.8021674746339,
              44.35720242078132
            ],
            [
              -120.80296976091246,
              44.35711882140625
            ],
            [
              -120.80354063129236,
              44.356931736237456
            ],
            [
              -120.80430115579169,
              44.35655922830213
            ],
            [
              -120.80494030891296,
              44.35607635111476
            ],
            [
              -120.80531983095084,
              44.35567851091105
            ],
            [
              -120.80566470137495,
              44.3554105459364
            ],
            [
              -120.80624987383246,
              44.35507067075738
            ],
            [
              -120.80668049653526,
              44.35492138770994
            ],
            [
              -120.80703169469223,
              44.35500915756031
            ],
            [
              -120.80835021312016,
              44.35578170205321
            ],
            [
              -120.80858454674689,
              44.35582421888077
            ],
            [
              -120.80862774852551,
              44.35584358633443
            ],
            [
              -120.80879823888498,
              44.35586735100633
            ],
            [
              -120.80899841317469,
              44.35586094657628
            ],
            [
              -120.80921515149991,
              44.355793381112896
            ],
            [
              -120.80938945700437,
              44.3557147531135
            ],
            [
              -120.8098790621904,
              44.35533194440043
            ],
            [
              -120.81014266292908,
              44.35522188228964
            ],
            [
              -120.81102404227514,
              44.354950678598165
            ],
            [
              -120.81188589224695,
              44.354782630583195
            ],
            [
              -120.81244744080912,
              44.35473936726866
            ],
            [
              -120.81434393439255,
              44.35483868817826
            ],
            [
              -120.81510703526011,
              44.35500633265857
            ],
            [
              -120.81565885686443,
              44.3550348906232
            ],
            [
              -120.81667128873234,
              44.3549507126409
            ],
            [
              -120.81811499368334,
              44.35476222415108
            ],
            [
              -120.81950923380151,
              44.35468080710515
            ],
            [
              -120.81980095809679,
              44.354807915408124
            ],
            [
              -120.82031481959213,
              44.35520484558417
            ],
            [
              -120.82071735017935,
              44.35541058961355
            ],
            [
              -120.8209469362098,
              44.35550049762246
            ],
            [
              -120.82134990158161,
              44.35565222895743
            ],
            [
              -120.82168633952013,
              44.35569465595593
            ],
            [
              -120.82224300394213,
              44.355592731935516
            ],
            [
              -120.8225131686706,
              44.35547634227733
            ],
            [
              -120.82288801407908,
              44.35515827145573
            ],
            [
              -120.82296685202505,
              44.35505227743953
            ],
            [
              -120.8231456886318,
              44.354850757954516
            ],
            [
              -120.8233226279967,
              44.35470043507564
            ],
            [
              -120.82359718548689,
              44.35461345160418
            ],
            [
              -120.82419768949137,
              44.35452018354089
            ],
            [
              -120.82424354399505,
              44.35451306084923
            ],
            [
              -120.82507542257571,
              44.35441620140638
            ],
            [
              -120.82547652035005,
              44.35438285463045
            ],
            [
              -120.82574690786069,
              44.354408497401
            ],
            [
              -120.82603005234668,
              44.35447536818528
            ],
            [
              -120.82635600964078,
              44.354543052070575
            ],
            [
              -120.82678110770456,
              44.35463311556715
            ],
            [
              -120.82770101130158,
              44.35483206460565
            ],
            [
              -120.82812858781729,
              44.3550655675693
            ],
            [
              -120.82876403269306,
              44.35573936054458
            ],
            [
              -120.82913133135486,
              44.35594440451194
            ],
            [
              -120.82977389537928,
              44.356064648988486
            ],
            [
              -120.8304888402594,
              44.35610950744758
            ],
            [
              -120.83080279606129,
              44.35612920495058
            ],
            [
              -120.8319733943013,
              44.356583565613484
            ],
            [
              -120.83351027520848,
              44.35690981666621
            ],
            [
              -120.83491825955053,
              44.35703103930072
            ],
            [
              -120.8356937158465,
              44.35709975047079
            ],
            [
              -120.83778037289412,
              44.357170773167
            ],
            [
              -120.83920410829633,
              44.35701315015601
            ],
            [
              -120.83990587309462,
              44.356846363742264
            ],
            [
              -120.84008894705457,
              44.3567541301178
            ],
            [
              -120.84013839571769,
              44.35672921994908
            ],
            [
              -120.84387451234055,
              44.35352286917885
            ],
            [
              -120.84449401391667,
              44.353052901702505
            ],
            [
              -120.84567817492083,
              44.352260474056926
            ],
            [
              -120.84706783363109,
              44.35153042299921
            ],
            [
              -120.84787775019966,
              44.35104151951918
            ],
            [
              -120.84937027858632,
              44.349791209215006
            ],
            [
              -120.85057419174696,
              44.349012604543425
            ],
            [
              -120.85229402264659,
              44.34804112337988
            ],
            [
              -120.85329261327264,
              44.34732165018943
            ],
            [
              -120.85368748033218,
              44.3469869572593
            ],
            [
              -120.85408096039292,
              44.34653970109999
            ],
            [
              -120.85455299632865,
              44.34587334687751
            ],
            [
              -120.85484536381766,
              44.34533865970204
            ],
            [
              -120.85511999586801,
              44.34501070733291
            ],
            [
              -120.85561903246621,
              44.3445924372849
            ],
            [
              -120.85653858931354,
              44.3440380060288
            ],
            [
              -120.85742318103506,
              44.343581944568484
            ],
            [
              -120.85816372790077,
              44.34333474522359
            ],
            [
              -120.85858417358972,
              44.34324359533764
            ],
            [
              -120.8595070658817,
              44.34313484809595
            ],
            [
              -120.86114932905319,
              44.34277847944459
            ],
            [
              -120.86213043397223,
              44.342405214680014
            ],
            [
              -120.86253050137894,
              44.34220563368322
            ],
            [
              -120.86290918439036,
              44.34194713026573
            ],
            [
              -120.86377650240725,
              44.34103604868484
            ],
            [
              -120.86431364284488,
              44.34021331868689
            ],
            [
              -120.86480744945149,
              44.339115186336436
            ],
            [
              -120.8649399904818,
              44.33859549117992
            ],
            [
              -120.86526888526689,
              44.33774185653903
            ],
            [
              -120.86548798975457,
              44.337169762134124
            ],
            [
              -120.86573657066168,
              44.33680078257202
            ],
            [
              -120.86607061189503,
              44.33649642132401
            ],
            [
              -120.86682552102549,
              44.33608738076263
            ],
            [
              -120.86905659483145,
              44.335246727300564
            ],
            [
              -120.87027752208354,
              44.334913878259066
            ],
            [
              -120.87132860306825,
              44.334681384113935
            ],
            [
              -120.87380435100815,
              44.33429084124793
            ],
            [
              -120.87537949565485,
              44.33445969207749
            ],
            [
              -120.8759001043963,
              44.33439284729038
            ],
            [
              -120.87622053525479,
              44.33426826167106
            ],
            [
              -120.8768186066215,
              44.33390125253265
            ],
            [
              -120.8770295436266,
              44.33374762077579
            ],
            [
              -120.87801851329594,
              44.333018748912785
            ],
            [
              -120.87840171752815,
              44.33267474973707
            ],
            [
              -120.87897396143214,
              44.33226223773074
            ],
            [
              -120.88011837018834,
              44.33122112903424
            ],
            [
              -120.88041097213761,
              44.33088894663181
            ],
            [
              -120.88128761017563,
              44.33007693528385
            ],
            [
              -120.88132485702225,
              44.32997859349012
            ],
            [
              -120.88198610780121,
              44.32937865164214
            ],
            [
              -120.882559240139,
              44.32896163559895
            ],
            [
              -120.88388247023063,
              44.32789229298608
            ],
            [
              -120.88498740072501,
              44.32683239672774
            ],
            [
              -120.88538411382248,
              44.326524635655616
            ],
            [
              -120.88561467272835,
              44.32634399479833
            ],
            [
              -120.88588038091466,
              44.32607328727303
            ],
            [
              -120.8868613708493,
              44.32509100359966
            ],
            [
              -120.88693238357084,
              44.32502713000082
            ],
            [
              -120.88758145499118,
              44.32444332136473
            ],
            [
              -120.88836267397971,
              44.32417193156778
            ],
            [
              -120.88949270430147,
              44.32388911923269
            ],
            [
              -120.89022288820208,
              44.3236525037134
            ],
            [
              -120.8909569070106,
              44.32330876257912
            ],
            [
              -120.8914683726991,
              44.322925177326155
            ],
            [
              -120.89186252110642,
              44.32234290818183
            ],
            [
              -120.89187546672797,
              44.322006908127626
            ],
            [
              -120.89166533730828,
              44.32202028994024
            ],
            [
              -120.89082697738287,
              44.32207367320079
            ],
            [
              -120.89049187883244,
              44.321977044862024
            ],
            [
              -120.89044144920899,
              44.32197710013227
            ],
            [
              -120.8900321201717,
              44.321960537700406
            ],
            [
              -120.88936672815929,
              44.32187172349974
            ],
            [
              -120.8890597558604,
              44.32179852819393
            ],
            [
              -120.88849598845944,
              44.321608051331985
            ],
            [
              -120.8872139802596,
              44.321098190947694
            ],
            [
              -120.88690655431148,
              44.321015979699254
            ],
            [
              -120.88649649853714,
              44.32095437677988
            ],
            [
              -120.88572919984223,
              44.32067009002437
            ],
            [
              -120.88500998257463,
              44.32040019310381
            ],
            [
              -120.88388364792193,
              44.32011825207932
            ],
            [
              -120.8810133203834,
              44.31916475327476
            ],
            [
              -120.88044968772974,
              44.319037258541584
            ],
            [
              -120.87978366689664,
              44.31872780223155
            ],
            [
              -120.87773330807471,
              44.31794698733261
            ],
            [
              -120.87742459124753,
              44.31779270448437
            ],
            [
              -120.8766552785298,
              44.3173057512033
            ],
            [
              -120.8763210234974,
              44.317033952390695
            ],
            [
              -120.87611532187375,
              44.31680505352215
            ],
            [
              -120.87558827939824,
              44.31638111771278
            ],
            [
              -120.87542367480053,
              44.31636005131785
            ],
            [
              -120.87305513001003,
              44.31451988449177
            ],
            [
              -120.87286297138759,
              44.3143722606286
            ],
            [
              -120.87255008817415,
              44.314073836536075
            ],
            [
              -120.87138196389445,
              44.31319679513099
            ],
            [
              -120.8694476431527,
              44.311621228888605
            ],
            [
              -120.86739149289217,
              44.31010187435191
            ],
            [
              -120.86656255000584,
              44.30949220079671
            ],
            [
              -120.86536840243069,
              44.30853808513066
            ],
            [
              -120.86372585808648,
              44.3070714067778
            ],
            [
              -120.86252814689459,
              44.306261243719995
            ],
            [
              -120.86205924338428,
              44.305838332307985
            ],
            [
              -120.85945135506273,
              44.30385835746568
            ],
            [
              -120.85854564844045,
              44.30327419676286
            ],
            [
              -120.85773252219136,
              44.302988861310055
            ],
            [
              -120.85708032553212,
              44.30284608666584
            ],
            [
              -120.85642831751913,
              44.302784339951266
            ],
            [
              -120.8560386768579,
              44.30279053159788
            ],
            [
              -120.85487428058664,
              44.302813689674736
            ],
            [
              -120.85457432053687,
              44.30285307098497
            ],
            [
              -120.85262947333663,
              44.30283453785064
            ],
            [
              -120.85178704044971,
              44.30277368602309
            ],
            [
              -120.84873026667564,
              44.30277918849568
            ],
            [
              -120.8479496288971,
              44.30285001534546
            ],
            [
              -120.84636018217273,
              44.30279755642548
            ],
            [
              -120.8456787660123,
              44.3027261888437
            ],
            [
              -120.84517125380935,
              44.30261308354338
            ],
            [
              -120.84388131618051,
              44.30217010556179
            ],
            [
              -120.84290819009784,
              44.3014592701244
            ],
            [
              -120.84192970646282,
              44.301251939089724
            ],
            [
              -120.83999831243227,
              44.300942447496965
            ],
            [
              -120.83861002904275,
              44.30079485570222
            ],
            [
              -120.83688078020565,
              44.300731776650096
            ],
            [
              -120.83588125533173,
              44.300348877023644
            ],
            [
              -120.83481070695652,
              44.299600660630446
            ],
            [
              -120.83425219110671,
              44.298710498025876
            ],
            [
              -120.83377420293392,
              44.298003361324305
            ],
            [
              -120.83363598185612,
              44.29784971977963
            ],
            [
              -120.83320561876641,
              44.29737706024788
            ],
            [
              -120.83284786560282,
              44.296959373106645
            ],
            [
              -120.83246116602584,
              44.2965995123204
            ],
            [
              -120.83158436179951,
              44.29606741067516
            ],
            [
              -120.8302078930526,
              44.29540656286311
            ],
            [
              -120.8293766001735,
              44.29515009264807
            ],
            [
              -120.82933654788823,
              44.29515579065527
            ],
            [
              -120.82879233860767,
              44.29504191720771
            ],
            [
              -120.82807996021432,
              44.295005867041965
            ],
            [
              -120.8268586969923,
              44.295194213932554
            ],
            [
              -120.82573687188233,
              44.295298911272134
            ],
            [
              -120.82491479571804,
              44.29530576918115
            ],
            [
              -120.82133216793962,
              44.294436237664954
            ],
            [
              -120.82066973138447,
              44.29419402389598
            ],
            [
              -120.81931348461292,
              44.293456906156926
            ],
            [
              -120.81850945290775,
              44.29310394251421
            ],
            [
              -120.81573974476586,
              44.292416310597915
            ],
            [
              -120.81334034554031,
              44.29154663405915
            ],
            [
              -120.8107542584324,
              44.291402573859344
            ],
            [
              -120.80957150598658,
              44.29127186612164
            ],
            [
              -120.80851870832139,
              44.291258526166416
            ],
            [
              -120.80823201279509,
              44.29126588223966
            ],
            [
              -120.80790181814778,
              44.291318483280484
            ],
            [
              -120.80765493415825,
              44.29133731969381
            ],
            [
              -120.8073424569833,
              44.29135489579683
            ],
            [
              -120.80705873757555,
              44.29135601849642
            ],
            [
              -120.80364001909878,
              44.29162163987443
            ],
            [
              -120.80291858928061,
              44.291598764808434
            ],
            [
              -120.80237692941881,
              44.29150281803632
            ],
            [
              -120.80199536191704,
              44.29137843776131
            ],
            [
              -120.80173097694913,
              44.291233198504834
            ]
          ]
        ]
      },
      "properties": {
        "huc12": "170703050404",
        "name": "Town of Prineville-Ochoco Creek",
        "tohuc": "170703051002",
        "areasqkm": 48.76,
        "states": "OR"
      }
    },
    {
      "type": "Feature",
      "geometry": {
        "type": "Polygon",
        "coordinates": [
          [
            [
              -120.80173097694913,
              44.291233198504834
            ],
            [
              -120.80199536191704,
              44.29137843776131
            ],
            [
              -120.80237692941881,
              44.29150281803632
            ],
            [
              -120.80291858928061,
              44.291598764808434
            ],
            [
              -120.80364001909878,
              44.29162163987443
            ],
            [
              -120.80705873757555,
              44.29135601849642
            ],
            [
              -120.8073424569833,
              44.29135489579683
            ],
            [
              -120.80765493415825,
              44.29133731969381
            ],
            [
              -120.80790181814778,
              44.291318483280484
            ],
            [
              -120.80823201279509,
              44.29126588223966
            ],
            [
              -120.80851870832139,
              44.291258526166416
            ],
            [
              -120.80957150598658,
              44.29127186612164
            ],
            [
              -120.8107542584324,
              44.291402573859344
            ],
            [
              -120.81334034554031,
              44.29154663405915
            ],
            [
              -120.81573974476586,
              44.292416310597915
            ],
            [
              -120.81850945290775,
              44.29310394251421
            ],
            [
              -120.81931348461292,
              44.293456906156926
            ],
            [
              -120.82066973138447,
              44.29419402389598
            ],
            [
              -120.82133216793962,
              44.294436237664954
            ],
            [
              -120.82491479571804,
              44.29530576918115
            ],
            [
              -120.82573687188233,
              44.295298911272134
            ],
            [
              -120.8268586969923,
              44.295194213932554
            ],
            [
              -120.82807996021432,
              44.295005867041965
            ],
            [
              -120.82879233860767,
              44.29504191720771
            ],
            [
              -120.82933654788823,
              44.29515579065527
            ],
            [
              -120.8293766001735,
              44.29515009264807
            ],
            [
              -120.82975201691053,
              44.29509668039428
            ],
            [
              -120.82998474794275,
              44.29506356542833
            ],
            [
              -120.83082834594458,
              44.29485092206133
            ],
            [
              -120.832295737673,
              44.29445002891224
            ],
            [
              -120.83397816811411,
              44.29415323829232
            ],
            [
              -120.83560302912196,
              44.29379816598401
            ],
            [
              -120.83644921157688,
              44.29351406916966
            ],
            [
              -120.83737545368652,
              44.293217189587565
            ],
            [
              -120.83821690381656,
              44.29306162004157
            ],
            [
              -120.83931999456125,
              44.29282524286744
            ],
            [
              -120.84032993719752,
              44.292415587222074
            ],
            [
              -120.8411148554484,
              44.292173172860885
            ],
            [
              -120.84173964630489,
              44.29195631119795
            ],
            [
              -120.84221668585677,
              44.29181596022645
            ],
            [
              -120.8431645144827,
              44.29162593324843
            ],
            [
              -120.8437556508554,
              44.29149669978863
            ],
            [
              -120.84430785065047,
              44.29137597566784
            ],
            [
              -120.84440132394901,
              44.29135912746111
            ],
            [
              -120.84516914187013,
              44.291220729824595
            ],
            [
              -120.84595924789176,
              44.2908354578116
            ],
            [
              -120.84639618305607,
              44.29047848074615
            ],
            [
              -120.84566042870239,
              44.29030101284327
            ],
            [
              -120.84481064849474,
              44.29014205454367
            ],
            [
              -120.8445567163235,
              44.29009273059682
            ],
            [
              -120.8439582577829,
              44.290054501390884
            ],
            [
              -120.84312784615112,
              44.28991018932216
            ],
            [
              -120.84293580700462,
              44.289720763841565
            ],
            [
              -120.84271319549404,
              44.28954417588936
            ],
            [
              -120.84252975771643,
              44.289398663951765
            ],
            [
              -120.84211638895528,
              44.28927651505384
            ],
            [
              -120.84154500114578,
              44.28912279537484
            ],
            [
              -120.84085379155208,
              44.28898109625402
            ],
            [
              -120.84068066104399,
              44.28895908183136
            ],
            [
              -120.8406513508129,
              44.28895172804135
            ],
            [
              -120.83961684105026,
              44.28878266006572
            ],
            [
              -120.8383050096813,
              44.28860833858995
            ],
            [
              -120.8368118866099,
              44.288698979211475
            ],
            [
              -120.83606139898724,
              44.288773498023424
            ],
            [
              -120.83505709597432,
              44.288971863508394
            ],
            [
              -120.83452100207403,
              44.289025640790946
            ],
            [
              -120.83354106137159,
              44.28904541613156
            ],
            [
              -120.83192250563876,
              44.28900190497189
            ],
            [
              -120.83126422199521,
              44.28898940302307
            ],
            [
              -120.83055256584733,
              44.288975883784744
            ],
            [
              -120.83035733049505,
              44.28895938534559
            ],
            [
              -120.82997015570929,
              44.28883693073315
            ],
            [
              -120.82953102236749,
              44.28867512236858
            ],
            [
              -120.82938910562059,
              44.28860159371731
            ],
            [
              -120.82667934295591,
              44.28778972891616
            ],
            [
              -120.82664047824348,
              44.287782969802386
            ],
            [
              -120.82615562604359,
              44.28774463106035
            ],
            [
              -120.82575849972113,
              44.28772277693729
            ],
            [
              -120.82532318781251,
              44.287657318050876
            ],
            [
              -120.82512330188203,
              44.287467750906096
            ],
            [
              -120.82501560915082,
              44.28736561890317
            ],
            [
              -120.82464891325859,
              44.28705849774414
            ],
            [
              -120.82424737261479,
              44.286690523203156
            ],
            [
              -120.8241870300822,
              44.286635224865364
            ],
            [
              -120.82368697120121,
              44.28616834693444
            ],
            [
              -120.82328924660074,
              44.285771429159595
            ],
            [
              -120.82301537003354,
              44.28549810877888
            ],
            [
              -120.82299407636803,
              44.28499747737909
            ],
            [
              -120.82311081872741,
              44.284530122765595
            ],
            [
              -120.82315752124073,
              44.284343156470634
            ],
            [
              -120.82355126540618,
              44.28337879973065
            ],
            [
              -120.82357765790923,
              44.28334427491316
            ],
            [
              -120.8238089866713,
              44.28285109868717
            ],
            [
              -120.82384575291925,
              44.28185506456087
            ],
            [
              -120.82388435532363,
              44.280809229686966
            ],
            [
              -120.823928681793,
              44.28036727444069
            ],
            [
              -120.82371567866274,
              44.27946589265757
            ],
            [
              -120.82323151008079,
              44.278570550395905
            ],
            [
              -120.82252604242693,
              44.277742446700685
            ],
            [
              -120.82185032517862,
              44.277186458055915
            ],
            [
              -120.82126609235887,
              44.27684659258263
            ],
            [
              -120.82080008681368,
              44.2765375640867
            ],
            [
              -120.8208922764197,
              44.27619631331331
            ],
            [
              -120.82100381483863,
              44.275869722534445
            ],
            [
              -120.82102018483806,
              44.27542697889128
            ],
            [
              -120.8209758610636,
              44.27501166081117
            ],
            [
              -120.82108792499699,
              44.274670788379765
            ],
            [
              -120.8212649020911,
              44.27418823190968
            ],
            [
              -120.82138583239637,
              44.273876144507234
            ],
            [
              -120.8215960237998,
              44.272890339070614
            ],
            [
              -120.82167076632638,
              44.272539770039884
            ],
            [
              -120.82160812410666,
              44.272308381434456
            ],
            [
              -120.82147575285798,
              44.27203729858818
            ],
            [
              -120.82114962488396,
              44.271711360727025
            ],
            [
              -120.82094091570075,
              44.27157949317145
            ],
            [
              -120.82079696426973,
              44.27148130999439
            ],
            [
              -120.82076730728895,
              44.2714610829827
            ],
            [
              -120.82073693075762,
              44.271319827542946
            ],
            [
              -120.82077864582446,
              44.271154374610795
            ],
            [
              -120.82092518530179,
              44.27104207365254
            ],
            [
              -120.8209357351165,
              44.27103831523189
            ],
            [
              -120.82094427180665,
              44.27102355170552
            ],
            [
              -120.8214093610703,
              44.270818044216675
            ],
            [
              -120.82189063078879,
              44.27071288770762
            ],
            [
              -120.82263293655583,
              44.27054124895574
            ],
            [
              -120.82355149447658,
              44.2704444251428
            ],
            [
              -120.82451190939797,
              44.27029122159599
            ],
            [
              -120.82537504485892,
              44.27007899027698
            ],
            [
              -120.82598346481772,
              44.269761855993565
            ],
            [
              -120.82643760361803,
              44.269313154833014
            ],
            [
              -120.82680590929127,
              44.26903432172347
            ],
            [
              -120.82739075116878,
              44.26881677769215
            ],
            [
              -120.827912798113,
              44.26868378887155
            ],
            [
              -120.82865085484872,
              44.26862636497487
            ],
            [
              -120.82945011649973,
              44.2685272254796
            ],
            [
              -120.83064637601413,
              44.26844991495454
            ],
            [
              -120.83128557225456,
              44.26837630438188
            ],
            [
              -120.83247959137063,
              44.268244887348445
            ],
            [
              -120.83250380186585,
              44.26824222422987
            ],
            [
              -120.83455164271005,
              44.267723686367205
            ],
            [
              -120.83643458610572,
              44.26722591018561
            ],
            [
              -120.83710325427398,
              44.26715063713809
            ],
            [
              -120.83930698156604,
              44.26694833186196
            ],
            [
              -120.84130636997875,
              44.266799231698975
            ],
            [
              -120.84215261980731,
              44.26641652318862
            ],
            [
              -120.8420137169082,
              44.26576249711944
            ],
            [
              -120.84177644129892,
              44.26542039895562
            ],
            [
              -120.84116105490513,
              44.264733543670665
            ],
            [
              -120.84062552784174,
              44.26385463039758
            ],
            [
              -120.83945568777986,
              44.262401027164834
            ],
            [
              -120.83833251429866,
              44.26129941449531
            ],
            [
              -120.83804450363878,
              44.26091133427093
            ],
            [
              -120.83745763067041,
              44.25983336602824
            ],
            [
              -120.83706977406335,
              44.259371367981885
            ],
            [
              -120.83673730128847,
              44.259085979427155
            ],
            [
              -120.83662649319987,
              44.25892632804374
            ],
            [
              -120.83661093527746,
              44.25879548885997
            ],
            [
              -120.83671451102971,
              44.25855436662524
            ],
            [
              -120.83758474407975,
              44.25745446340891
            ],
            [
              -120.83806580808405,
              44.25667579960412
            ],
            [
              -120.83897131617867,
              44.2556800874525
            ],
            [
              -120.83943319935504,
              44.25501809555342
            ],
            [
              -120.84006154843838,
              44.254449280972466
            ],
            [
              -120.84048960914603,
              44.25396220251763
            ],
            [
              -120.84133342454018,
              44.25268170874818
            ],
            [
              -120.84225915910169,
              44.25177188113572
            ],
            [
              -120.84237290468127,
              44.25142291059726
            ],
            [
              -120.84236680242556,
              44.251278233391815
            ],
            [
              -120.84235517463252,
              44.251235324846284
            ],
            [
              -120.84226786108184,
              44.25089051814039
            ],
            [
              -120.84219880309439,
              44.25061780637747
            ],
            [
              -120.84210780914601,
              44.25038741249154
            ],
            [
              -120.84189705809216,
              44.24962594255079
            ],
            [
              -120.84181024759803,
              44.2492812898518
            ],
            [
              -120.84183166972261,
              44.24869571442037
            ],
            [
              -120.84190068369261,
              44.248439759694946
            ],
            [
              -120.84198530589072,
              44.24817920229531
            ],
            [
              -120.84205753403279,
              44.24795678839619
            ],
            [
              -120.84208785397027,
              44.24792147315705
            ],
            [
              -120.84226894534841,
              44.24771054393807
            ],
            [
              -120.84288073219285,
              44.247038999699974
            ],
            [
              -120.84312135402656,
              44.24668792064012
            ],
            [
              -120.84313228652356,
              44.24664538712472
            ],
            [
              -120.8432229660616,
              44.246535295466714
            ],
            [
              -120.84336306372005,
              44.24596625405027
            ],
            [
              -120.84324799851532,
              44.245306639354226
            ],
            [
              -120.84274026622516,
              44.2445109768707
            ],
            [
              -120.84241712604778,
              44.244104689155954
            ],
            [
              -120.8421713739355,
              44.24375703226864
            ],
            [
              -120.84188693138393,
              44.24338005891824
            ],
            [
              -120.8417781741491,
              44.24309215888533
            ],
            [
              -120.84135466340841,
              44.24271255625572
            ],
            [
              -120.84100645125147,
              44.24244871456203
            ],
            [
              -120.84087835149195,
              44.242146155032046
            ],
            [
              -120.8407157016283,
              44.241761987997755
            ],
            [
              -120.8406953547871,
              44.241713926639385
            ],
            [
              -120.84068014002115,
              44.24161137274266
            ],
            [
              -120.84066903684425,
              44.24153653927245
            ],
            [
              -120.84070221072935,
              44.24089825669927
            ],
            [
              -120.84076213554532,
              44.240701458191566
            ],
            [
              -120.84083806833968,
              44.240530371526475
            ],
            [
              -120.84090864358164,
              44.24023157024425
            ],
            [
              -120.84107122427503,
              44.239591496592524
            ],
            [
              -120.8412724909161,
              44.238980735167054
            ],
            [
              -120.84144396133756,
              44.23864096414824
            ],
            [
              -120.84143941137066,
              44.23840201828483
            ],
            [
              -120.84143715390434,
              44.23828352968679
            ],
            [
              -120.84144969169077,
              44.237940752262425
            ],
            [
              -120.84146379703735,
              44.23755512961743
            ],
            [
              -120.84177797921468,
              44.23711800955963
            ],
            [
              -120.84219514066297,
              44.23658278896345
            ],
            [
              -120.84265098177073,
              44.23607688349192
            ],
            [
              -120.84323567542624,
              44.23566753954178
            ],
            [
              -120.84360508333233,
              44.23537567179409
            ],
            [
              -120.84418868104318,
              44.23476096941828
            ],
            [
              -120.84445434880531,
              44.23436534571554
            ],
            [
              -120.84447886652434,
              44.2342082532653
            ],
            [
              -120.8443617558557,
              44.23372887765771
            ],
            [
              -120.84422051284527,
              44.233546151640425
            ],
            [
              -120.84377181514066,
              44.23314604962622
            ],
            [
              -120.84347692069075,
              44.232991933381825
            ],
            [
              -120.84300359297765,
              44.23281644037961
            ],
            [
              -120.84228560460534,
              44.23265433229923
            ],
            [
              -120.84177730008835,
              44.23253669398271
            ],
            [
              -120.8411598143317,
              44.2324332242574
            ],
            [
              -120.8403805114497,
              44.232389443969765
            ],
            [
              -120.83983793620459,
              44.232295430619175
            ],
            [
              -120.83929115594569,
              44.232200685921
            ],
            [
              -120.83889905479889,
              44.23213273987829
            ],
            [
              -120.83823465632318,
              44.23182002628415
            ],
            [
              -120.83742125518961,
              44.23115502444223
            ],
            [
              -120.83737599177739,
              44.23110916478813
            ],
            [
              -120.83713839277463,
              44.23079773568001
            ],
            [
              -120.83698732399161,
              44.230551891214006
            ],
            [
              -120.83685543603653,
              44.23026804217411
            ],
            [
              -120.83680632873323,
              44.23015201472982
            ],
            [
              -120.83673804419522,
              44.23007398753524
            ],
            [
              -120.83659960213186,
              44.22996905682315
            ],
            [
              -120.83647986838255,
              44.22983890375626
            ],
            [
              -120.8364604818404,
              44.229802796206314
            ],
            [
              -120.83645228291684,
              44.2296209720359
            ],
            [
              -120.8365771900638,
              44.22912458229683
            ],
            [
              -120.83663324942913,
              44.22901930229714
            ],
            [
              -120.83675075894975,
              44.22837607935221
            ],
            [
              -120.83679002610744,
              44.22810715440791
            ],
            [
              -120.83679091454127,
              44.22808203769852
            ],
            [
              -120.83678117141369,
              44.227926315663524
            ],
            [
              -120.83671150436845,
              44.227400661358324
            ],
            [
              -120.83668532476614,
              44.227144393832596
            ],
            [
              -120.83667551246826,
              44.22692680103025
            ],
            [
              -120.83673535194431,
              44.22643800767236
            ],
            [
              -120.83672831184744,
              44.22639561980438
            ],
            [
              -120.83673923266635,
              44.22599068757053
            ],
            [
              -120.83668964745928,
              44.22565663319808
            ],
            [
              -120.83656498285741,
              44.22448837169452
            ],
            [
              -120.83644749848962,
              44.22408550693575
            ],
            [
              -120.83630605695149,
              44.22386675437479
            ],
            [
              -120.83619037370585,
              44.223756526749305
            ],
            [
              -120.83590966275597,
              44.22358014872915
            ],
            [
              -120.83557664380541,
              44.22344329677871
            ],
            [
              -120.83448657414077,
              44.22318798860575
            ],
            [
              -120.83410954043624,
              44.22315363314941
            ],
            [
              -120.8335335685238,
              44.22314270727706
            ],
            [
              -120.83318275574412,
              44.223170351558416
            ],
            [
              -120.83265548509652,
              44.22324038020352
            ],
            [
              -120.83204031519669,
              44.223214409725756
            ],
            [
              -120.83148735183366,
              44.22311815560107
            ],
            [
              -120.83094158667102,
              44.22294124907187
            ],
            [
              -120.83087847822566,
              44.22292079227677
            ],
            [
              -120.83052188029554,
              44.22274430488804
            ],
            [
              -120.8304880820813,
              44.222727576701566
            ],
            [
              -120.82973502797189,
              44.22212728305099
            ],
            [
              -120.82934091370053,
              44.22177278368089
            ],
            [
              -120.8291491835745,
              44.22163776743855
            ],
            [
              -120.82821553395699,
              44.22117436850228
            ],
            [
              -120.82724499771729,
              44.22086331430135
            ],
            [
              -120.82678533158303,
              44.22080955705312
            ],
            [
              -120.82617308569945,
              44.220883436400186
            ],
            [
              -120.82561208690623,
              44.220904272447704
            ],
            [
              -120.82423471714907,
              44.22101759749855
            ],
            [
              -120.82392901866126,
              44.221074798143384
            ],
            [
              -120.82331695513568,
              44.22105863729787
            ],
            [
              -120.82295865310144,
              44.22099329086117
            ],
            [
              -120.82275486309274,
              44.221002910254676
            ],
            [
              -120.82229678877314,
              44.221160738384924
            ],
            [
              -120.82214396198712,
              44.22125235663566
            ],
            [
              -120.82191557610591,
              44.22150459208789
            ],
            [
              -120.82161242973181,
              44.22198047952382
            ],
            [
              -120.821133264766,
              44.223155248983495
            ],
            [
              -120.82091877222899,
              44.223560799413264
            ],
            [
              -120.81996882088403,
              44.224812114825
            ],
            [
              -120.81928386715798,
              44.22558231244708
            ],
            [
              -120.81876413337564,
              44.22624312287546
            ],
            [
              -120.81863774939832,
              44.22646578751916
            ],
            [
              -120.81849831469653,
              44.22657566246225
            ],
            [
              -120.81814368946678,
              44.22710907768697
            ],
            [
              -120.81765687085473,
              44.2277254950075
            ],
            [
              -120.81716906499422,
              44.22843192107551
            ],
            [
              -120.81686412558281,
              44.228763710619965
            ],
            [
              -120.81661024910709,
              44.2291324887814
            ],
            [
              -120.8162425444068,
              44.229553107338134
            ],
            [
              -120.8157861849711,
              44.22995852550686
            ],
            [
              -120.81470557636301,
              44.230716627421295
            ],
            [
              -120.81399264011587,
              44.23113963876945
            ],
            [
              -120.81350955580048,
              44.23131495783172
            ],
            [
              -120.8123109705478,
              44.23151709026437
            ],
            [
              -120.8115838076815,
              44.23158419124015
            ],
            [
              -120.81071308415133,
              44.231027322528256
            ],
            [
              -120.80971397070583,
              44.230197893796515
            ],
            [
              -120.80899575685638,
              44.229517894340596
            ],
            [
              -120.8083172476442,
              44.229054724793535
            ],
            [
              -120.80812508812343,
              44.22896100607795
            ],
            [
              -120.80751242452327,
              44.228769189770894
            ],
            [
              -120.8060816921433,
              44.22854365521551
            ],
            [
              -120.80531623589306,
              44.228546959325826
            ],
            [
              -120.80460155062606,
              44.2285107203122
            ],
            [
              -120.80358065662816,
              44.228396565792934
            ],
            [
              -120.80322340113126,
              44.22840770246784
            ],
            [
              -120.80261172477957,
              44.228526483880344
            ],
            [
              -120.80225402102332,
              44.22852860680247
            ],
            [
              -120.8018965957448,
              44.22848121631355
            ],
            [
              -120.80138606610086,
              44.22836335465934
            ],
            [
              -120.80113029956978,
              44.22825489726836
            ],
            [
              -120.80077253921968,
              44.228153477936885
            ],
            [
              -120.80005602049118,
              44.22778856103895
            ],
            [
              -120.79954438591942,
              44.22749060912346
            ],
            [
              -120.79915976863727,
              44.22718609882399
            ],
            [
              -120.79882598881366,
              44.22675652144917
            ],
            [
              -120.79824952821775,
              44.22624574154805
            ],
            [
              -120.79800612070838,
              44.22607899534357
            ],
            [
              -120.797775950773,
              44.22599803185823
            ],
            [
              -120.79744445895842,
              44.22596913492289
            ],
            [
              -120.79626960450065,
              44.225795169793756
            ],
            [
              -120.79472198513253,
              44.22629606342598
            ],
            [
              -120.79390484251579,
              44.2270005999608
            ],
            [
              -120.79350774493938,
              44.22775115451518
            ],
            [
              -120.79342958072988,
              44.228432044022405
            ],
            [
              -120.79356074554114,
              44.22915488865819
            ],
            [
              -120.79368677378564,
              44.22974094696965
            ],
            [
              -120.79377740122136,
              44.230017293201726
            ],
            [
              -120.79400883688298,
              44.23039989167458
            ],
            [
              -120.7941632087713,
              44.23058293385104
            ],
            [
              -120.7944445988475,
              44.230822448290134
            ],
            [
              -120.79490671917911,
              44.23139856205582
            ],
            [
              -120.794959150249,
              44.231629153253856
            ],
            [
              -120.79492154407625,
              44.23177697931763
            ],
            [
              -120.7948328857476,
              44.23188780662283
            ],
            [
              -120.79446375003106,
              44.23206974415495
            ],
            [
              -120.79382592821302,
              44.23223749230117
            ],
            [
              -120.79290896659857,
              44.232440356621765
            ],
            [
              -120.79204172314179,
              44.23259015473922
            ],
            [
              -120.79139182167816,
              44.23276665895216
            ],
            [
              -120.79020659437373,
              44.23302733610875
            ],
            [
              -120.78959528183975,
              44.233218077805645
            ],
            [
              -120.78920069864782,
              44.23343101953416
            ],
            [
              -120.78875520792874,
              44.23372850305749
            ],
            [
              -120.7880697601293,
              44.23443547947141
            ],
            [
              -120.78772661087729,
              44.23465391148881
            ],
            [
              -120.78711476743896,
              44.23485813583845
            ],
            [
              -120.78675782725071,
              44.2350267816224
            ],
            [
              -120.78598083753054,
              44.23527281721774
            ],
            [
              -120.78577693163915,
              44.23530487622424
            ],
            [
              -120.7853698861193,
              44.235432031430186
            ],
            [
              -120.78501257043524,
              44.235506133784824
            ],
            [
              -120.78424780409117,
              44.23573888818938
            ],
            [
              -120.78358565499691,
              44.23596912576872
            ],
            [
              -120.78305108463934,
              44.23621984359039
            ],
            [
              -120.7826060484678,
              44.2365038061631
            ],
            [
              -120.7817537601639,
              44.23714898759073
            ],
            [
              -120.78065950973989,
              44.23777595711411
            ],
            [
              -120.78011222732272,
              44.238197469634635
            ],
            [
              -120.77978242703584,
              44.23860070119144
            ],
            [
              -120.77942794912977,
              44.23926454089732
            ],
            [
              -120.7792251607426,
              44.23955770032689
            ],
            [
              -120.77832491587723,
              44.24064307314759
            ],
            [
              -120.7781192025755,
              44.240972186130755
            ],
            [
              -120.77756434466552,
              44.24178067233013
            ],
            [
              -120.77717041005724,
              44.24222316292609
            ],
            [
              -120.77696706291798,
              44.24232274256026
            ],
            [
              -120.7764711389822,
              44.24281276122943
            ],
            [
              -120.77620390096494,
              44.242987620777896
            ],
            [
              -120.77536502989811,
              44.2437500537933
            ],
            [
              -120.77502205402098,
              44.24398195508601
            ],
            [
              -120.77474225306449,
              44.24411605195482
            ],
            [
              -120.77397757116202,
              44.24432173129879
            ],
            [
              -120.7737226185046,
              44.24435727586406
            ],
            [
              -120.77336515998843,
              44.24435030968694
            ],
            [
              -120.77321147620964,
              44.24431580248328
            ],
            [
              -120.77280207800204,
              44.24415026904411
            ],
            [
              -120.77249494041314,
              44.243950714874096
            ],
            [
              -120.77068836639302,
              44.242312930368286
            ],
            [
              -120.77012459180553,
              44.24188328256447
            ],
            [
              -120.76971579726583,
              44.24168173790866
            ],
            [
              -120.76931914705045,
              44.24155245123121
            ],
            [
              -120.76855288411308,
              44.241406943367615
            ],
            [
              -120.76834861081075,
              44.24134443251928
            ],
            [
              -120.76753175116333,
              44.241274453729666
            ],
            [
              -120.76661283840807,
              44.24127450070956
            ],
            [
              -120.76610253963112,
              44.241377059054855
            ],
            [
              -120.76533806793444,
              44.24161869641802
            ],
            [
              -120.76518469946431,
              44.24163820390461
            ],
            [
              -120.76387263363505,
              44.24209869442104
            ],
            [
              -120.76322349304446,
              44.242374085518186
            ],
            [
              -120.76279053202695,
              44.242604188375786
            ],
            [
              -120.76205082149278,
              44.242873296771464
            ],
            [
              -120.7612737015169,
              44.24309665208531
            ],
            [
              -120.76066223806593,
              44.243224215832846
            ],
            [
              -120.76019003863682,
              44.243291482363276
            ],
            [
              -120.75988370234516,
              44.24329898151544
            ],
            [
              -120.75850518274446,
              44.243136896520525
            ],
            [
              -120.75819823559841,
              44.2431398767545
            ],
            [
              -120.75646100253505,
              44.24273664670331
            ],
            [
              -120.75503095916291,
              44.24255099992739
            ],
            [
              -120.75446957319578,
              44.2424319289078
            ],
            [
              -120.75420789575014,
              44.24241778179537
            ],
            [
              -120.7540608289617,
              44.242374377045664
            ],
            [
              -120.7534985383911,
              44.242340813412554
            ],
            [
              -120.75206917773856,
              44.24209662282897
            ],
            [
              -120.75150689255781,
              44.24206304874058
            ],
            [
              -120.75133384649136,
              44.24202363117897
            ],
            [
              -120.75044985394615,
              44.242010725380936
            ],
            [
              -120.74964653819826,
              44.2420579228502
            ],
            [
              -120.74871580720712,
              44.24208009385139
            ],
            [
              -120.74856241178752,
              44.24205906515476
            ],
            [
              -120.74759331734386,
              44.24218400739682
            ],
            [
              -120.74728746254917,
              44.24228150971976
            ],
            [
              -120.7464232805509,
              44.24302071940515
            ],
            [
              -120.74603065029643,
              44.24360717248279
            ],
            [
              -120.7460208110491,
              44.24361709128566
            ],
            [
              -120.74601718455031,
              44.243630141526616
            ],
            [
              -120.74527196285186,
              44.24440149771616
            ],
            [
              -120.74475727041488,
              44.24486297371406
            ],
            [
              -120.74437160300215,
              44.245069740567665
            ],
            [
              -120.74368088748187,
              44.24535245512496
            ],
            [
              -120.7435635279799,
              44.245426593893185
            ],
            [
              -120.7427481038403,
              44.24574809569088
            ],
            [
              -120.74259570285571,
              44.245844116537405
            ],
            [
              -120.74242972293732,
              44.245885851392764
            ],
            [
              -120.74174439730872,
              44.246183224974175
            ],
            [
              -120.74151696454004,
              44.2462666471982
            ],
            [
              -120.74133667895073,
              44.246332775106765
            ],
            [
              -120.74072377999192,
              44.24660837547027
            ],
            [
              -120.73937371452786,
              44.247112840977685
            ],
            [
              -120.73906826936494,
              44.24725984822874
            ],
            [
              -120.73850722745256,
              44.24743780456064
            ],
            [
              -120.7377940899828,
              44.24762174932519
            ],
            [
              -120.7372326590999,
              44.247687153070814
            ],
            [
              -120.736875833896,
              44.247806125939086
            ],
            [
              -120.73606020583884,
              44.24794751574293
            ],
            [
              -120.73458183310441,
              44.24830533099257
            ],
            [
              -120.73377891081861,
              44.24856399664372
            ],
            [
              -120.73325722589546,
              44.248796725132856
            ],
            [
              -120.73269658103845,
              44.24894315226405
            ],
            [
              -120.7321865050437,
              44.24903655988876
            ],
            [
              -120.73162574789727,
              44.249083944120294
            ],
            [
              -120.73029839813177,
              44.24907557830116
            ],
            [
              -120.7290736701077,
              44.248902684653615
            ],
            [
              -120.72728733063936,
              44.24884014251789
            ],
            [
              -120.72667476136228,
              44.24880994538991
            ],
            [
              -120.72539870270457,
              44.24881154765015
            ],
            [
              -120.72432715270777,
              44.24884872200509
            ],
            [
              -120.72366427058826,
              44.24892554352572
            ],
            [
              -120.7231675705081,
              44.24903718212957
            ],
            [
              -120.72228757905914,
              44.249181691109854
            ],
            [
              -120.72213487085074,
              44.24918314729132
            ],
            [
              -120.72136977662157,
              44.249352449540474
            ],
            [
              -120.72124227244511,
              44.24934990460835
            ],
            [
              -120.72060485127568,
              44.24951724636707
            ],
            [
              -120.71980889272997,
              44.24969492239529
            ],
            [
              -120.72014160535501,
              44.25021293141703
            ],
            [
              -120.72031628006707,
              44.250484881914076
            ],
            [
              -120.72033854750634,
              44.25051954765062
            ],
            [
              -120.72045167594334,
              44.250666314099185
            ],
            [
              -120.72067422547012,
              44.25095503157095
            ],
            [
              -120.72082441300586,
              44.25114987121188
            ],
            [
              -120.72083085572307,
              44.251158229658024
            ],
            [
              -120.72097380553255,
              44.25157555654769
            ],
            [
              -120.72091809201862,
              44.251879853781816
            ],
            [
              -120.7208981952334,
              44.251988520504945
            ],
            [
              -120.72073151552736,
              44.25218528254124
            ],
            [
              -120.72024471577996,
              44.2524328221668
            ],
            [
              -120.72009568078276,
              44.25247996623367
            ],
            [
              -120.71996744807257,
              44.25252052854183
            ],
            [
              -120.71947973923008,
              44.25267480468326
            ],
            [
              -120.71851716475877,
              44.25288424778462
            ],
            [
              -120.71843695059377,
              44.25289899978099
            ],
            [
              -120.7174158571699,
              44.25323483752886
            ],
            [
              -120.71593368546012,
              44.2536238466962
            ],
            [
              -120.71520396778514,
              44.25396937280789
            ],
            [
              -120.71434505710096,
              44.254537385831355
            ],
            [
              -120.71408528767701,
              44.25509937749282
            ],
            [
              -120.71398901163474,
              44.2556646412785
            ],
            [
              -120.71423376482042,
              44.25688495179852
            ],
            [
              -120.71413969054893,
              44.25808047343479
            ],
            [
              -120.71399900269735,
              44.25851880683447
            ],
            [
              -120.71337040747558,
              44.259586588411295
            ],
            [
              -120.71313833850171,
              44.260319080840326
            ],
            [
              -120.71309941989036,
              44.26132256255591
            ],
            [
              -120.71296509211096,
              44.262734793820066
            ],
            [
              -120.7128126156679,
              44.26358926752831
            ],
            [
              -120.71287888169147,
              44.26388041439264
            ],
            [
              -120.71309267264425,
              44.26422659302323
            ],
            [
              -120.7137933900069,
              44.26491584924401
            ],
            [
              -120.71457060520419,
              44.26585421447782
            ],
            [
              -120.71556607777786,
              44.2666168798605
            ],
            [
              -120.71599402978931,
              44.267354685636676
            ],
            [
              -120.7160517052238,
              44.26817061331165
            ],
            [
              -120.71585853869165,
              44.2691750899227
            ],
            [
              -120.71522077616244,
              44.270679340889174
            ],
            [
              -120.71490897541888,
              44.27119753684949
            ],
            [
              -120.71476815551497,
              44.27163201407014
            ],
            [
              -120.71455072638526,
              44.27243138571982
            ],
            [
              -120.71453617457598,
              44.27248489641438
            ],
            [
              -120.71461395789979,
              44.27304384651409
            ],
            [
              -120.71508332224586,
              44.27362767760303
            ],
            [
              -120.71510092653047,
              44.27364957363235
            ],
            [
              -120.71522121184535,
              44.273799190278
            ],
            [
              -120.71523249648193,
              44.273808257531925
            ],
            [
              -120.71541024163564,
              44.27395109827471
            ],
            [
              -120.7162243596248,
              44.274605326527265
            ],
            [
              -120.71725681134714,
              44.275169072019764
            ],
            [
              -120.72020137386413,
              44.27567096355654
            ],
            [
              -120.72431237991293,
              44.27643619325299
            ],
            [
              -120.72511530399535,
              44.27667030166439
            ],
            [
              -120.7276509650731,
              44.27795869774536
            ],
            [
              -120.73049165719041,
              44.27899651057087
            ],
            [
              -120.73090585419826,
              44.27908126708218
            ],
            [
              -120.73153956173226,
              44.27932343255525
            ],
            [
              -120.73191168075388,
              44.27944336144092
            ],
            [
              -120.73311209856972,
              44.279633751332234
            ],
            [
              -120.73450832576133,
              44.279701971155475
            ],
            [
              -120.73645093435987,
              44.27968333810199
            ],
            [
              -120.73805478467152,
              44.27946592995984
            ],
            [
              -120.74034415015626,
              44.27946141316965
            ],
            [
              -120.74172286199644,
              44.27968803173864
            ],
            [
              -120.74337313903858,
              44.280069506477986
            ],
            [
              -120.74511605214944,
              44.280551114911624
            ],
            [
              -120.7474827473088,
              44.28144638840539
            ],
            [
              -120.74970695888426,
              44.28263583288318
            ],
            [
              -120.75036304524866,
              44.282869332010804
            ],
            [
              -120.75140478734768,
              44.28303389341695
            ],
            [
              -120.75178570806244,
              44.28306840040999
            ],
            [
              -120.75259280302272,
              44.28303926590312
            ],
            [
              -120.75416938407558,
              44.28289921388985
            ],
            [
              -120.75671511526768,
              44.282958235459965
            ],
            [
              -120.75763719548266,
              44.28309788024855
            ],
            [
              -120.75980402986433,
              44.28366706846346
            ],
            [
              -120.76174366593756,
              44.283867142531406
            ],
            [
              -120.76312140490231,
              44.28378609136491
            ],
            [
              -120.76378174478955,
              44.28368198058423
            ],
            [
              -120.76486329213714,
              44.28339704446631
            ],
            [
              -120.76576036145795,
              44.28324286180215
            ],
            [
              -120.76618904379974,
              44.28312575939026
            ],
            [
              -120.76680858490174,
              44.28305212732697
            ],
            [
              -120.76774188148133,
              44.2830989613043
            ],
            [
              -120.76819534474855,
              44.283207871942324
            ],
            [
              -120.76856874566606,
              44.28332950611806
            ],
            [
              -120.76907969123002,
              44.28349670422496
            ],
            [
              -120.76947405792792,
              44.28359016178368
            ],
            [
              -120.77016717823822,
              44.283675161189805
            ],
            [
              -120.77080389872171,
              44.283673301997936
            ],
            [
              -120.77115279719155,
              44.28364442181433
            ],
            [
              -120.77220094517685,
              44.28355764998637
            ],
            [
              -120.77313641567945,
              44.28354731411859
            ],
            [
              -120.77385751491755,
              44.28341845453094
            ],
            [
              -120.77473387986771,
              44.28339266174305
            ],
            [
              -120.77482926208629,
              44.28338314451206
            ],
            [
              -120.77532375770072,
              44.28344367430629
            ],
            [
              -120.77602578750201,
              44.28358338610925
            ],
            [
              -120.77771018255865,
              44.283989790786045
            ],
            [
              -120.77921412763428,
              44.28411356869663
            ],
            [
              -120.78079789520942,
              44.28413534184679
            ],
            [
              -120.78119807400722,
              44.284179126066505
            ],
            [
              -120.78174026028181,
              44.284383221553604
            ],
            [
              -120.78248418481299,
              44.28488832890261
            ],
            [
              -120.78312735789517,
              44.28526093204124
            ],
            [
              -120.78397083462445,
              44.28555639012996
            ],
            [
              -120.78495346757775,
              44.285692486045924
            ],
            [
              -120.7854743880346,
              44.28567107488086
            ],
            [
              -120.78599439131156,
              44.28552810185915
            ],
            [
              -120.78675397257983,
              44.28513768580339
            ],
            [
              -120.78751805620429,
              44.28458529639702
            ],
            [
              -120.78813316861195,
              44.28434962337468
            ],
            [
              -120.78877446062192,
              44.2842720089034
            ],
            [
              -120.7921207632087,
              44.284332227169635
            ],
            [
              -120.79254799207636,
              44.284511542690275
            ],
            [
              -120.79301615357825,
              44.2850202553384
            ],
            [
              -120.79407123655756,
              44.28577437829462
            ],
            [
              -120.79438374876679,
              44.28611519981648
            ],
            [
              -120.7944238630358,
              44.286218669647
            ],
            [
              -120.7944953725257,
              44.28643443291706
            ],
            [
              -120.79454218553177,
              44.28677834759829
            ],
            [
              -120.79466799458731,
              44.28713808015138
            ],
            [
              -120.79506948402715,
              44.28757459695876
            ],
            [
              -120.79618781648726,
              44.287996368622274
            ],
            [
              -120.79735446573326,
              44.28822310088408
            ],
            [
              -120.79741006965276,
              44.288238105089995
            ],
            [
              -120.7981523592501,
              44.28835144642803
            ],
            [
              -120.79933658403466,
              44.28860834244818
            ],
            [
              -120.79982290857328,
              44.28877976316803
            ],
            [
              -120.80030078715158,
              44.28919860357929
            ],
            [
              -120.80052431674038,
              44.28971608000889
            ],
            [
              -120.80054019176808,
              44.28987843915339
            ],
            [
              -120.80091457813745,
              44.29067791110089
            ],
            [
              -120.80117167058188,
              44.290925940029126
            ],
            [
              -120.80173097694913,
              44.291233198504834
            ]
          ]
        ]
      },
      "properties": {
        "huc12": "170703051001",
        "name": "Juniper Canyon",
        "tohuc": "170703051002",
        "areasqkm": 50.97,
        "states": "OR"
      }
    },
    {
      "type": "Feature",
      "geometry": {
        "type": "Polygon",
        "coordinates": [
          [
            [
              -120.69422773367414,
              44.441672684576204
            ],
            [
              -120.69533284652653,
              44.44141140944367
            ],
            [
              -120.69581359971377,
              44.44134908967502
            ],
            [
              -120.69604404992349,
              44.44133720961482
            ],
            [
              -120.69644536958174,
              44.441288082080185
            ],
            [
              -120.69704560319333,
              44.441243027198354
            ],
            [
              -120.69789879610073,
              44.44136027577275
            ],
            [
              -120.6980582210125,
              44.441401163600304
            ],
            [
              -120.69886654127485,
              44.441608455100905
            ],
            [
              -120.70001762092036,
              44.44176027885634
            ],
            [
              -120.7002653412414,
              44.441747556769336
            ],
            [
              -120.70036469042027,
              44.441755943239194
            ],
            [
              -120.70172029220143,
              44.441715716906195
            ],
            [
              -120.70181410865646,
              44.44171070913627
            ],
            [
              -120.70233323517768,
              44.441721157596284
            ],
            [
              -120.70273749771678,
              44.44158637674367
            ],
            [
              -120.70301268672259,
              44.44142497820845
            ],
            [
              -120.70304377471966,
              44.441406745420544
            ],
            [
              -120.70326975670915,
              44.441239792132336
            ],
            [
              -120.70351398977027,
              44.44111607958425
            ],
            [
              -120.70375374562802,
              44.44110660974761
            ],
            [
              -120.70413841770741,
              44.44147164085611
            ],
            [
              -120.70439107157603,
              44.44174807114296
            ],
            [
              -120.70444448270786,
              44.44180650575074
            ],
            [
              -120.70509333044771,
              44.44204821891326
            ],
            [
              -120.70578428941141,
              44.44223360830291
            ],
            [
              -120.70665185895663,
              44.44249399981889
            ],
            [
              -120.70728414445756,
              44.442649616804296
            ],
            [
              -120.70783225601974,
              44.44266062499814
            ],
            [
              -120.70797889161682,
              44.44270579294758
            ],
            [
              -120.70848255184382,
              44.442720402968895
            ],
            [
              -120.70898566320012,
              44.44282953099027
            ],
            [
              -120.70917433905421,
              44.44284333416037
            ],
            [
              -120.70952492186522,
              44.442994725643594
            ],
            [
              -120.710310555175,
              44.44331061334909
            ],
            [
              -120.7108426318094,
              44.44347849259332
            ],
            [
              -120.71202863076661,
              44.44375951821684
            ],
            [
              -120.71258343837094,
              44.44385638699982
            ],
            [
              -120.71302198870609,
              44.44386517336328
            ],
            [
              -120.7134616556472,
              44.44384539763019
            ],
            [
              -120.71376623842744,
              44.44370858092775
            ],
            [
              -120.71454044606514,
              44.443295330702774
            ],
            [
              -120.71488990508372,
              44.443030782324286
            ],
            [
              -120.71540829857966,
              44.44252665313746
            ],
            [
              -120.7156985047221,
              44.44224662723284
            ],
            [
              -120.71592779610512,
              44.441993962372244
            ],
            [
              -120.71602421138626,
              44.44190346692137
            ],
            [
              -120.71630051250638,
              44.44164412525292
            ],
            [
              -120.71635819422909,
              44.44160504688656
            ],
            [
              -120.71675129160752,
              44.441338723884904
            ],
            [
              -120.71728012622202,
              44.44107775639971
            ],
            [
              -120.71778346395382,
              44.44095919501068
            ],
            [
              -120.71824208265245,
              44.44084396210971
            ],
            [
              -120.71846842127314,
              44.44078709149215
            ],
            [
              -120.71871635449492,
              44.440778904992015
            ],
            [
              -120.71900772844721,
              44.440769285019115
            ],
            [
              -120.7195841225678,
              44.44082367546178
            ],
            [
              -120.71989875659776,
              44.44084670590556
            ],
            [
              -120.72009042474002,
              44.44086073274207
            ],
            [
              -120.72012120730987,
              44.44086298716932
            ],
            [
              -120.72081886770559,
              44.440876917154554
            ],
            [
              -120.72107380778661,
              44.440795426789904
            ],
            [
              -120.72132386193078,
              44.44071549613546
            ],
            [
              -120.72168765806128,
              44.44059413312122
            ],
            [
              -120.72201213852505,
              44.44045769042435
            ],
            [
              -120.7225780349332,
              44.44026889608634
            ],
            [
              -120.72292189205767,
              44.440147129357065
            ],
            [
              -120.72342243602895,
              44.440099944849635
            ],
            [
              -120.72346609864334,
              44.44010230898246
            ],
            [
              -120.72376077570092,
              44.4400595923069
            ],
            [
              -120.7248112323565,
              44.44008953265839
            ],
            [
              -120.72530240959429,
              44.44004080044889
            ],
            [
              -120.72622050488266,
              44.43975749412929
            ],
            [
              -120.72660285661367,
              44.43972009300781
            ],
            [
              -120.72682093702193,
              44.439625403854386
            ],
            [
              -120.7271056320001,
              44.43959506111529
            ],
            [
              -120.72719455982335,
              44.43963630935476
            ],
            [
              -120.72722798703336,
              44.439704143663555
            ],
            [
              -120.72730107126995,
              44.43987709892335
            ],
            [
              -120.72731325152687,
              44.44007742721703
            ],
            [
              -120.72744502809083,
              44.440280134342665
            ],
            [
              -120.72752254551334,
              44.44033884492891
            ],
            [
              -120.72787746539053,
              44.44044595128609
            ],
            [
              -120.72823515477371,
              44.44048165421669
            ],
            [
              -120.7287157633322,
              44.440434051159514
            ],
            [
              -120.7289782142273,
              44.44034037782485
            ],
            [
              -120.72901919087896,
              44.440325753097966
            ],
            [
              -120.72930212785414,
              44.44023133815413
            ],
            [
              -120.72964541814163,
              44.44012383118148
            ],
            [
              -120.73000476491654,
              44.44011668490924
            ],
            [
              -120.73030721868956,
              44.44016026740742
            ],
            [
              -120.73040977844721,
              44.44016044250445
            ],
            [
              -120.73069447971356,
              44.4402111160729
            ],
            [
              -120.73091457414472,
              44.4403059222909
            ],
            [
              -120.73127691410612,
              44.440580327495596
            ],
            [
              -120.73132203468622,
              44.44061449937949
            ],
            [
              -120.73182039844627,
              44.44113890467423
            ],
            [
              -120.73272722975929,
              44.44155126069643
            ],
            [
              -120.73293782091305,
              44.441647021655946
            ],
            [
              -120.73328866423546,
              44.441760714342095
            ],
            [
              -120.73444843777628,
              44.442136533518266
            ],
            [
              -120.73477011819132,
              44.44224077099157
            ],
            [
              -120.73548608176097,
              44.44229785055942
            ],
            [
              -120.73579593226204,
              44.44232627423673
            ],
            [
              -120.73587447645892,
              44.44234284818833
            ],
            [
              -120.7362523420034,
              44.44239768355025
            ],
            [
              -120.73656600495453,
              44.442403903424854
            ],
            [
              -120.73679894619254,
              44.44236117817037
            ],
            [
              -120.73703509082283,
              44.442235665780174
            ],
            [
              -120.73716463417502,
              44.442192428598396
            ],
            [
              -120.7373460004376,
              44.44217751893045
            ],
            [
              -120.73757164466055,
              44.44224742636505
            ],
            [
              -120.73764170067633,
              44.44226913120224
            ],
            [
              -120.73787413795944,
              44.44252919803426
            ],
            [
              -120.73827250305872,
              44.44290026691146
            ],
            [
              -120.73884320904692,
              44.44321316452432
            ],
            [
              -120.73900671500503,
              44.44322990625736
            ],
            [
              -120.7392589313941,
              44.4433699417127
            ],
            [
              -120.73950014431925,
              44.443428734492926
            ],
            [
              -120.74003747070813,
              44.443772473955306
            ],
            [
              -120.74038827989456,
              44.444126025783525
            ],
            [
              -120.74081267008594,
              44.44444686680764
            ],
            [
              -120.7409849364147,
              44.444594768494255
            ],
            [
              -120.74127300277013,
              44.44484209265774
            ],
            [
              -120.74152555872236,
              44.44513938986967
            ],
            [
              -120.74169285467266,
              44.445336317776025
            ],
            [
              -120.74188449856044,
              44.44554019374239
            ],
            [
              -120.74213980245914,
              44.44564528515394
            ],
            [
              -120.74244102913347,
              44.44559407823019
            ],
            [
              -120.74270458765129,
              44.44548495280769
            ],
            [
              -120.74296924570704,
              44.445347267744424
            ],
            [
              -120.74308771911998,
              44.44528312888788
            ],
            [
              -120.74327487232965,
              44.44518180910387
            ],
            [
              -120.74374437591459,
              44.444905255254554
            ],
            [
              -120.74433238525178,
              44.44465962383267
            ],
            [
              -120.74493427625508,
              44.44457147273358
            ],
            [
              -120.74509045735037,
              44.44466030685084
            ],
            [
              -120.74515920452075,
              44.44494749957611
            ],
            [
              -120.74514821273493,
              44.44523311707708
            ],
            [
              -120.74513941912662,
              44.445461577878014
            ],
            [
              -120.74513117349063,
              44.44567582548417
            ],
            [
              -120.74523044721099,
              44.446206581820874
            ],
            [
              -120.74530795565033,
              44.44632572769968
            ],
            [
              -120.74552222899841,
              44.44665511428005
            ],
            [
              -120.74553182659892,
              44.44666986824965
            ],
            [
              -120.74555808615132,
              44.44669719957409
            ],
            [
              -120.74604975566587,
              44.447208892219805
            ],
            [
              -120.7462170830572,
              44.447363295487186
            ],
            [
              -120.74649289549383,
              44.44761780779517
            ],
            [
              -120.7470318774778,
              44.448128656770926
            ],
            [
              -120.74775678916599,
              44.44893882550358
            ],
            [
              -120.74777788520214,
              44.44896240489408
            ],
            [
              -120.74777968452764,
              44.448964914239845
            ],
            [
              -120.74802408198046,
              44.44930586554316
            ],
            [
              -120.74807395644504,
              44.449347285202435
            ],
            [
              -120.74862344961613,
              44.44980360684197
            ],
            [
              -120.74938104111604,
              44.45005814827571
            ],
            [
              -120.74998241558806,
              44.450077281915966
            ],
            [
              -120.75077103579619,
              44.45020085364595
            ],
            [
              -120.75151013367936,
              44.45034594739529
            ],
            [
              -120.75247491531135,
              44.45064851922324
            ],
            [
              -120.75290199865195,
              44.450859484414494
            ],
            [
              -120.75340722913403,
              44.45126554519782
            ],
            [
              -120.75409958318139,
              44.45195436819775
            ],
            [
              -120.75480586740386,
              44.453305164976115
            ],
            [
              -120.75546569255644,
              44.453921317101205
            ],
            [
              -120.7560792895062,
              44.454144936638386
            ],
            [
              -120.7575244164903,
              44.45417331479517
            ],
            [
              -120.75863006294198,
              44.45430754785537
            ],
            [
              -120.75927635407653,
              44.45447777507678
            ],
            [
              -120.75941936047985,
              44.45457961159218
            ],
            [
              -120.75935659339432,
              44.455276094574
            ],
            [
              -120.75928102262104,
              44.45552669178505
            ],
            [
              -120.75852026006817,
              44.45681671143227
            ],
            [
              -120.75844800767156,
              44.45688555298979
            ],
            [
              -120.7582843831358,
              44.45751117619454
            ],
            [
              -120.75838652427859,
              44.45797051558478
            ],
            [
              -120.75836629781163,
              44.458498912865515
            ],
            [
              -120.75838245311371,
              44.458617885557025
            ],
            [
              -120.7583977226769,
              44.45873033338791
            ],
            [
              -120.75842856453554,
              44.45895747187016
            ],
            [
              -120.75851799361872,
              44.459140532714024
            ],
            [
              -120.75857660419942,
              44.45926050368422
            ],
            [
              -120.75857830830353,
              44.45934623592007
            ],
            [
              -120.75858342510737,
              44.45960363961055
            ],
            [
              -120.75850216889668,
              44.459933770076276
            ],
            [
              -120.75848890527153,
              44.45998765987897
            ],
            [
              -120.75845043222452,
              44.46005084520854
            ],
            [
              -120.75809156964154,
              44.460640195081396
            ],
            [
              -120.75804172751631,
              44.46072204950791
            ],
            [
              -120.75803346032076,
              44.460731587974
            ],
            [
              -120.75760328947055,
              44.46122793997793
            ],
            [
              -120.75723341713547,
              44.46150650796232
            ],
            [
              -120.75704246315385,
              44.46180288301924
            ],
            [
              -120.75691594442924,
              44.46216872470561
            ],
            [
              -120.75691242932155,
              44.462178887405024
            ],
            [
              -120.75688537116686,
              44.462257131988565
            ],
            [
              -120.75690665315426,
              44.46239441430622
            ],
            [
              -120.75694277980169,
              44.46262742543006
            ],
            [
              -120.7570919136136,
              44.463050568714216
            ],
            [
              -120.75766519956332,
              44.46408363621104
            ],
            [
              -120.75796468350599,
              44.464962784282385
            ],
            [
              -120.75803241288516,
              44.46536923744412
            ],
            [
              -120.75841923014146,
              44.466245594702535
            ],
            [
              -120.75868742306781,
              44.46747073286713
            ],
            [
              -120.75899773799789,
              44.46831407928318
            ],
            [
              -120.75895600406642,
              44.46891194370885
            ],
            [
              -120.75915727609741,
              44.46991519782466
            ],
            [
              -120.75955487134047,
              44.47063421656705
            ],
            [
              -120.75979845851292,
              44.47129169249187
            ],
            [
              -120.75993046055403,
              44.471456332275935
            ],
            [
              -120.76052441763673,
              44.471931619808956
            ],
            [
              -120.76122645103126,
              44.47235500398472
            ],
            [
              -120.76218225849357,
              44.47317047565608
            ],
            [
              -120.76365651874063,
              44.47471180939473
            ],
            [
              -120.76402867818643,
              44.47463807044526
            ],
            [
              -120.76469662680414,
              44.47459712575998
            ],
            [
              -120.76540668035756,
              44.47435894014343
            ],
            [
              -120.76619322455907,
              44.473825154481155
            ],
            [
              -120.76672852524699,
              44.473510151677054
            ],
            [
              -120.76686205891565,
              44.47345257633899
            ],
            [
              -120.76706298868854,
              44.47331332774623
            ],
            [
              -120.76738284013362,
              44.47309166044959
            ],
            [
              -120.76778463500065,
              44.472813201593866
            ],
            [
              -120.76844137983015,
              44.4723401231704
            ],
            [
              -120.7689385569157,
              44.471863922928115
            ],
            [
              -120.76949066148933,
              44.471517418618404
            ],
            [
              -120.76984178957771,
              44.47132870608253
            ],
            [
              -120.77058141567025,
              44.47103449354348
            ],
            [
              -120.77137150731882,
              44.4708697391047
            ],
            [
              -120.7724922571454,
              44.47078998230164
            ],
            [
              -120.772887950655,
              44.470716264038536
            ],
            [
              -120.77325610990283,
              44.47064767469369
            ],
            [
              -120.77423353622076,
              44.47048686096739
            ],
            [
              -120.77442101012899,
              44.47045601501049
            ],
            [
              -120.77514442252898,
              44.470327198123364
            ],
            [
              -120.77531080489264,
              44.4702428077057
            ],
            [
              -120.77538863403055,
              44.470203332431105
            ],
            [
              -120.77560718515602,
              44.469988463874714
            ],
            [
              -120.77561669921317,
              44.46997910962138
            ],
            [
              -120.77579632903236,
              44.46945381511753
            ],
            [
              -120.77587359043497,
              44.46927974928979
            ],
            [
              -120.77588232744945,
              44.469202855220686
            ],
            [
              -120.77597663707954,
              44.46881413052145
            ],
            [
              -120.77609790425299,
              44.46861307508619
            ],
            [
              -120.77617985665808,
              44.46854957720662
            ],
            [
              -120.77625472674544,
              44.46849316885058
            ],
            [
              -120.77628513381948,
              44.4684702608536
            ],
            [
              -120.77642385795383,
              44.46840786866586
            ],
            [
              -120.77651932461404,
              44.46828767801368
            ],
            [
              -120.77662985152995,
              44.46807013745817
            ],
            [
              -120.77670322682069,
              44.467933242875986
            ],
            [
              -120.77675235568357,
              44.467844119130675
            ],
            [
              -120.77684067085579,
              44.46778107173327
            ],
            [
              -120.77694945593838,
              44.46770341472954
            ],
            [
              -120.77710442251141,
              44.4675927888205
            ],
            [
              -120.77759498260662,
              44.467287921880455
            ],
            [
              -120.77800088906268,
              44.467110030008605
            ],
            [
              -120.77872533452523,
              44.466952626733615
            ],
            [
              -120.77928536223968,
              44.46692064803114
            ],
            [
              -120.78008686788226,
              44.46683619434903
            ],
            [
              -120.78097138953517,
              44.46666759754689
            ],
            [
              -120.78185212119594,
              44.46659896433765
            ],
            [
              -120.78286866195796,
              44.466633002398645
            ],
            [
              -120.7831496765384,
              44.466672175570196
            ],
            [
              -120.78322600998135,
              44.46668281702076
            ],
            [
              -120.7836890196451,
              44.46657747304941
            ],
            [
              -120.78399789367744,
              44.466326216781006
            ],
            [
              -120.78431486871703,
              44.465860744343004
            ],
            [
              -120.78475852058472,
              44.46521193461638
            ],
            [
              -120.7852226441594,
              44.46454922924422
            ],
            [
              -120.78527937636285,
              44.46443437113078
            ],
            [
              -120.78555792416952,
              44.464126980283055
            ],
            [
              -120.78584039312241,
              44.4635179157688
            ],
            [
              -120.78588085593773,
              44.462975614834775
            ],
            [
              -120.7859013788487,
              44.46243292674589
            ],
            [
              -120.78590425525425,
              44.461893590634006
            ],
            [
              -120.78592052643899,
              44.46178987485941
            ],
            [
              -120.7860813096035,
              44.46119430910139
            ],
            [
              -120.78626653952014,
              44.4608873019142
            ],
            [
              -120.78649458314322,
              44.46065314643443
            ],
            [
              -120.78752075294679,
              44.45998431428859
            ],
            [
              -120.78765101315456,
              44.45984279205086
            ],
            [
              -120.7893980028202,
              44.458850291736276
            ],
            [
              -120.78961531247397,
              44.45862942933125
            ],
            [
              -120.7896912461666,
              44.458428334969845
            ],
            [
              -120.78954879132884,
              44.45833105050232
            ],
            [
              -120.78776143496759,
              44.4576257452873
            ],
            [
              -120.78748612918079,
              44.45742685380906
            ],
            [
              -120.78724409160222,
              44.45717908985407
            ],
            [
              -120.78703420921921,
              44.45672488601424
            ],
            [
              -120.78707747298165,
              44.45664019765043
            ],
            [
              -120.78696656158675,
              44.45633195335974
            ],
            [
              -120.7869096757714,
              44.45579968793123
            ],
            [
              -120.78717706201066,
              44.45448145762512
            ],
            [
              -120.78718313552031,
              44.453509274111056
            ],
            [
              -120.78725748907634,
              44.45303806811556
            ],
            [
              -120.78765720883509,
              44.45193846643989
            ],
            [
              -120.78784889943522,
              44.451001386249295
            ],
            [
              -120.78803440333803,
              44.45074840014588
            ],
            [
              -120.78847053451015,
              44.45047325586573
            ],
            [
              -120.78854733148381,
              44.45035320399711
            ],
            [
              -120.78866409450443,
              44.44975678027017
            ],
            [
              -120.78870535592205,
              44.44910037450259
            ],
            [
              -120.78898431515714,
              44.44816047967178
            ],
            [
              -120.78893613222021,
              44.44704319964532
            ],
            [
              -120.78898992872934,
              44.44694971198427
            ],
            [
              -120.78979891105003,
              44.44665927124951
            ],
            [
              -120.79027984929021,
              44.446569544261116
            ],
            [
              -120.79071787860254,
              44.44655550853427
            ],
            [
              -120.79146291345141,
              44.44673196686267
            ],
            [
              -120.79220669335383,
              44.446795857866064
            ],
            [
              -120.79227847054166,
              44.44678963076333
            ],
            [
              -120.79235801456346,
              44.446794175073364
            ],
            [
              -120.79315815117353,
              44.446738185634494
            ],
            [
              -120.79379718571721,
              44.446721953464966
            ],
            [
              -120.79485702976748,
              44.446656678434394
            ],
            [
              -120.7955370086235,
              44.44661264352823
            ],
            [
              -120.79589801009513,
              44.44656244687557
            ],
            [
              -120.79641849756402,
              44.44651532719132
            ],
            [
              -120.79673039712226,
              44.44647116455751
            ],
            [
              -120.79704027906435,
              44.44642728535033
            ],
            [
              -120.7973840247977,
              44.446305291605256
            ],
            [
              -120.7980165375724,
              44.445931617519
            ],
            [
              -120.79842384450201,
              44.44571080373363
            ],
            [
              -120.7987067015271,
              44.445616215357056
            ],
            [
              -120.79907145077013,
              44.445466038278106
            ],
            [
              -120.79935591577956,
              44.44532860392804
            ],
            [
              -120.79977781224768,
              44.44509800249949
            ],
            [
              -120.7999873317113,
              44.44498347937484
            ],
            [
              -120.8004161685633,
              44.444720199497695
            ],
            [
              -120.80081049034547,
              44.44431333579265
            ],
            [
              -120.80104157207086,
              44.44400336729482
            ],
            [
              -120.80127426088227,
              44.443650554192416
            ],
            [
              -120.80150855228815,
              44.44325489699187
            ],
            [
              -120.80159876560057,
              44.44316338118537
            ],
            [
              -120.80202501710119,
              44.442834892690385
            ],
            [
              -120.8034331469703,
              44.44202021455045
            ],
            [
              -120.80390189147882,
              44.44158358744561
            ],
            [
              -120.80405354776002,
              44.44132992174861
            ],
            [
              -120.80414971600445,
              44.4409221435652
            ],
            [
              -120.80413657185521,
              44.440476253176534
            ],
            [
              -120.80390458372973,
              44.43998113967498
            ],
            [
              -120.80375832093348,
              44.43929411311457
            ],
            [
              -120.80390748528808,
              44.438540746332066
            ],
            [
              -120.80427770886445,
              44.43807071328856
            ],
            [
              -120.80459182187154,
              44.43750507243198
            ],
            [
              -120.80471089715572,
              44.437219270264855
            ],
            [
              -120.80490243234733,
              44.43621463584802
            ],
            [
              -120.8053155145459,
              44.435731920348886
            ],
            [
              -120.80534484094665,
              44.43567530132763
            ],
            [
              -120.8054681230413,
              44.43554206071724
            ],
            [
              -120.80563560494288,
              44.435330903579704
            ],
            [
              -120.80569364868663,
              44.434846098026846
            ],
            [
              -120.80562300876595,
              44.434601780320556
            ],
            [
              -120.80559063078817,
              44.434401073403166
            ],
            [
              -120.8055585106269,
              44.43434809008467
            ],
            [
              -120.80545912821037,
              44.4341841679885
            ],
            [
              -120.80531571397186,
              44.43375265627152
            ],
            [
              -120.8053845994828,
              44.43351102104469
            ],
            [
              -120.8054623208229,
              44.43340048045314
            ],
            [
              -120.8055531449897,
              44.43327130020833
            ],
            [
              -120.80575994974451,
              44.43307518990553
            ],
            [
              -120.80605342575456,
              44.432694951138075
            ],
            [
              -120.80626022332287,
              44.43249884082565
            ],
            [
              -120.80646862528224,
              44.43225988367428
            ],
            [
              -120.80655797172041,
              44.43200434930776
            ],
            [
              -120.80652933163252,
              44.43170367204358
            ],
            [
              -120.80650282953499,
              44.43134586645703
            ],
            [
              -120.80657758643463,
              44.43094713213284
            ],
            [
              -120.80663027352436,
              44.43060514160072
            ],
            [
              -120.80670502862738,
              44.43020640799646
            ],
            [
              -120.8067975766612,
              44.42986518292288
            ],
            [
              -120.80696877489311,
              44.42955405171749
            ],
            [
              -120.80713874692464,
              44.42885823005329
            ],
            [
              -120.80748783673565,
              44.428166249823235
            ],
            [
              -120.80773594962047,
              44.42747329334684
            ],
            [
              -120.80767732556502,
              44.42687798323155
            ],
            [
              -120.80748220340047,
              44.42631765242246
            ],
            [
              -120.80749237592276,
              44.42621982433748
            ],
            [
              -120.80729238219443,
              44.42570147985878
            ],
            [
              -120.80714309656723,
              44.42542706957857
            ],
            [
              -120.80681658860586,
              44.42509208579538
            ],
            [
              -120.80659400314647,
              44.424644763922345
            ],
            [
              -120.80652764549474,
              44.424286193372794
            ],
            [
              -120.80658032539792,
              44.42394420043575
            ],
            [
              -120.80670951661052,
              44.42368943166481
            ],
            [
              -120.80681146281887,
              44.42345744502135
            ],
            [
              -120.80695913507179,
              44.42325856486614
            ],
            [
              -120.80746838192152,
              44.422237516922884
            ],
            [
              -120.807628486858,
              44.42152486278135
            ],
            [
              -120.80787662399732,
              44.420809398114415
            ],
            [
              -120.80792901643964,
              44.42043678577826
            ],
            [
              -120.80866510316997,
              44.41884840297172
            ],
            [
              -120.80866257351416,
              44.41847473871534
            ],
            [
              -120.80845298667687,
              44.41813761249694
            ],
            [
              -120.8077387361945,
              44.41750271373274
            ],
            [
              -120.80730871356627,
              44.41690927318786
            ],
            [
              -120.80708507438304,
              44.415856151967304
            ],
            [
              -120.8070462995021,
              44.41479307311818
            ],
            [
              -120.80695815950138,
              44.41452579697133
            ],
            [
              -120.80703335657552,
              44.41438319375374
            ],
            [
              -120.80702237197622,
              44.41425694367286
            ],
            [
              -120.80721731088444,
              44.413977096718334
            ],
            [
              -120.80758869328753,
              44.41372314114541
            ],
            [
              -120.80793625686086,
              44.41339220471937
            ],
            [
              -120.80858856041954,
              44.4125944640312
            ],
            [
              -120.80947856179574,
              44.41127461001819
            ],
            [
              -120.8096215888603,
              44.41109623822636
            ],
            [
              -120.8097404647185,
              44.4108849767312
            ],
            [
              -120.81010156949638,
              44.41029164613886
            ],
            [
              -120.8104751294157,
              44.40989863859295
            ],
            [
              -120.81053468053254,
              44.40988238335535
            ],
            [
              -120.8107665366057,
              44.4098190930623
            ],
            [
              -120.81081756540542,
              44.4098051640164
            ],
            [
              -120.81115627248835,
              44.40981165623821
            ],
            [
              -120.81153340051597,
              44.40980660530639
            ],
            [
              -120.81159513004735,
              44.40980577813687
            ],
            [
              -120.81187619403514,
              44.40975399691557
            ],
            [
              -120.81192779236673,
              44.40971123944811
            ],
            [
              -120.8121255735445,
              44.40954733424991
            ],
            [
              -120.8124034871406,
              44.41004994087813
            ],
            [
              -120.81252538043984,
              44.41052390641023
            ],
            [
              -120.81267252538167,
              44.41085543852463
            ],
            [
              -120.81292184829721,
              44.41120086988351
            ],
            [
              -120.81344394285212,
              44.41155622301543
            ],
            [
              -120.81403925998417,
              44.41180398860985
            ],
            [
              -120.8140918707171,
              44.41182588314458
            ],
            [
              -120.81478071863991,
              44.41206774084661
            ],
            [
              -120.81517389327345,
              44.41221818343414
            ],
            [
              -120.81544964821792,
              44.412309212536435
            ],
            [
              -120.81594404501767,
              44.412418713699935
            ],
            [
              -120.81628383097726,
              44.41239663008985
            ],
            [
              -120.81666771792909,
              44.412261052647494
            ],
            [
              -120.81693099347761,
              44.412151752678966
            ],
            [
              -120.8172676110792,
              44.4120671312417
            ],
            [
              -120.81735366519185,
              44.412045500531725
            ],
            [
              -120.8176729911225,
              44.412037311930426
            ],
            [
              -120.8182056462719,
              44.41219040990124
            ],
            [
              -120.81857412621832,
              44.412468997436164
            ],
            [
              -120.81884245209535,
              44.41275996104441
            ],
            [
              -120.81897502366837,
              44.41294828727312
            ],
            [
              -120.81901527178637,
              44.41314174888274
            ],
            [
              -120.81902683310406,
              44.413163655750175
            ],
            [
              -120.81911371456509,
              44.41350831758457
            ],
            [
              -120.81913603949651,
              44.41398037564369
            ],
            [
              -120.81921920552554,
              44.41442501097699
            ],
            [
              -120.81940157969788,
              44.41477204015994
            ],
            [
              -120.82033914956328,
              44.415281539453254
            ],
            [
              -120.82169795294014,
              44.415622555781546
            ],
            [
              -120.82262652078809,
              44.41626871526766
            ],
            [
              -120.82271802318293,
              44.416321144554914
            ],
            [
              -120.82330891970547,
              44.416518206801086
            ],
            [
              -120.82388201251736,
              44.41665775766888
            ],
            [
              -120.82449761181192,
              44.4167266568209
            ],
            [
              -120.8252311805645,
              44.41684067774533
            ],
            [
              -120.82572087019216,
              44.41707867324333
            ],
            [
              -120.82614654946597,
              44.41742978348923
            ],
            [
              -120.82650874659527,
              44.41787972514536
            ],
            [
              -120.82655362193528,
              44.41793964909236
            ],
            [
              -120.82662992214055,
              44.41804800211436
            ],
            [
              -120.82665857480488,
              44.41807979584401
            ],
            [
              -120.82676933348613,
              44.41820269482091
            ],
            [
              -120.82677168258061,
              44.41820529916459
            ],
            [
              -120.82687167854647,
              44.4182641608946
            ],
            [
              -120.82688460889666,
              44.41826815627061
            ],
            [
              -120.82704004708522,
              44.41831618673808
            ],
            [
              -120.82728903403084,
              44.418337199172946
            ],
            [
              -120.82746411208645,
              44.41834053174995
            ],
            [
              -120.8276293877257,
              44.418343675048725
            ],
            [
              -120.82776886554657,
              44.41832387527926
            ],
            [
              -120.82798319189529,
              44.41829345090161
            ],
            [
              -120.82825788413274,
              44.41823358121343
            ],
            [
              -120.82840657238025,
              44.41820386257295
            ],
            [
              -120.82857735109893,
              44.4181908376448
            ],
            [
              -120.82886067614626,
              44.418204362396494
            ],
            [
              -120.82898932747139,
              44.41821576145184
            ],
            [
              -120.8292114727563,
              44.418235441916266
            ],
            [
              -120.82921455128277,
              44.4182362112206
            ],
            [
              -120.82945895502381,
              44.41829710749969
            ],
            [
              -120.82965794892722,
              44.41837320947315
            ],
            [
              -120.8297052371421,
              44.418391293534164
            ],
            [
              -120.8299968994536,
              44.41848634239438
            ],
            [
              -120.830102541331,
              44.418516168683176
            ],
            [
              -120.83011557768242,
              44.418519849007225
            ],
            [
              -120.83012049146703,
              44.41852123746976
            ],
            [
              -120.83027962442634,
              44.418516125694765
            ],
            [
              -120.8304623507383,
              44.41848705010001
            ],
            [
              -120.83052224590988,
              44.4184775207754
            ],
            [
              -120.83064507615194,
              44.41845797577411
            ],
            [
              -120.83067761402984,
              44.418461348124616
            ],
            [
              -120.83071018334877,
              44.41846472368299
            ],
            [
              -120.83100996014221,
              44.41856558612518
            ],
            [
              -120.83136019800014,
              44.41880090933196
            ],
            [
              -120.83182419221745,
              44.41919560223708
            ],
            [
              -120.83245856809805,
              44.41983648867566
            ],
            [
              -120.83330530481349,
              44.4206671945359
            ],
            [
              -120.83432930518565,
              44.42155842475402
            ],
            [
              -120.83474229036615,
              44.42193784545746
            ],
            [
              -120.83479751878984,
              44.421982191521394
            ],
            [
              -120.8348698915607,
              44.42204030778277
            ],
            [
              -120.8348825578062,
              44.42204515106927
            ],
            [
              -120.8350272081265,
              44.42210045779267
            ],
            [
              -120.83540584891708,
              44.42210763706396
            ],
            [
              -120.83582645360784,
              44.42205844460232
            ],
            [
              -120.8364096461785,
              44.42192658057665
            ],
            [
              -120.83696816562157,
              44.42192287031273
            ],
            [
              -120.837445392023,
              44.42196049518813
            ],
            [
              -120.83788118183531,
              44.42204020897946
            ],
            [
              -120.83835314410913,
              44.42222064727534
            ],
            [
              -120.83868561239245,
              44.422398444287715
            ],
            [
              -120.8391150915399,
              44.422649534771374
            ],
            [
              -120.83931122071587,
              44.42273899759734
            ],
            [
              -120.8398256813875,
              44.42284877563665
            ],
            [
              -120.84008370358825,
              44.422882239972125
            ],
            [
              -120.84047396229037,
              44.4229343367701
            ],
            [
              -120.84131914941199,
              44.4229676868572
            ],
            [
              -120.84202097709232,
              44.42318350923207
            ],
            [
              -120.84220040029898,
              44.423192577144434
            ],
            [
              -120.84249142121337,
              44.423261187590064
            ],
            [
              -120.84260151334468,
              44.42328714151578
            ],
            [
              -120.84323766070302,
              44.423342037745336
            ],
            [
              -120.84373693445646,
              44.423322883159045
            ],
            [
              -120.84421995319484,
              44.42320337985298
            ],
            [
              -120.84484667183598,
              44.42297224970092
            ],
            [
              -120.84539157192101,
              44.42279674227806
            ],
            [
              -120.84593227148379,
              44.422735484989246
            ],
            [
              -120.84649237465668,
              44.42268888629313
            ],
            [
              -120.84713009406677,
              44.422700913215365
            ],
            [
              -120.84749720498066,
              44.42269640167624
            ],
            [
              -120.84801249569564,
              44.42260331004425
            ],
            [
              -120.84910600770446,
              44.422479857655894
            ],
            [
              -120.85025386599138,
              44.422042334533685
            ],
            [
              -120.85014678052127,
              44.42179021298513
            ],
            [
              -120.8500903797962,
              44.42148460648146
            ],
            [
              -120.85007598698868,
              44.42140662036756
            ],
            [
              -120.85004972923295,
              44.421264351516456
            ],
            [
              -120.85020571269888,
              44.42063606562269
            ],
            [
              -120.85038268709805,
              44.420341652189734
            ],
            [
              -120.85039711224488,
              44.419948101374835
            ],
            [
              -120.85040231888027,
              44.41980607855875
            ],
            [
              -120.85043637670765,
              44.41933032501879
            ],
            [
              -120.850437221124,
              44.418853945882894
            ],
            [
              -120.85040467066968,
              44.41860935729115
            ],
            [
              -120.85037207619793,
              44.418364415426765
            ],
            [
              -120.85035587867505,
              44.41789962580039
            ],
            [
              -120.85035363917504,
              44.41705398443153
            ],
            [
              -120.85025135969171,
              44.416670942706574
            ],
            [
              -120.85007524318364,
              44.41648897686072
            ],
            [
              -120.84989912757388,
              44.41630701365679
            ],
            [
              -120.84974310907366,
              44.41603014797485
            ],
            [
              -120.84968454161206,
              44.41581466749956
            ],
            [
              -120.84972876836845,
              44.41575522581979
            ],
            [
              -120.84980688766218,
              44.41565023464529
            ],
            [
              -120.85001130379666,
              44.415546248108015
            ],
            [
              -120.85007780787377,
              44.41551241639879
            ],
            [
              -120.85029411321104,
              44.41550457990804
            ],
            [
              -120.85057422318799,
              44.41556940401074
            ],
            [
              -120.85100028963568,
              44.415732252860636
            ],
            [
              -120.85159372389887,
              44.415862519679386
            ],
            [
              -120.85220550625176,
              44.41594549044249
            ],
            [
              -120.85278800352638,
              44.41592071709648
            ],
            [
              -120.85346969816459,
              44.415909716056625
            ],
            [
              -120.85436987385967,
              44.41583135869237
            ],
            [
              -120.8548680363971,
              44.4158407203365
            ],
            [
              -120.8553854156951,
              44.4157789815812
            ],
            [
              -120.85564855919128,
              44.41569968466689
            ],
            [
              -120.85590627506652,
              44.41562202513673
            ],
            [
              -120.85607711307398,
              44.41549422557486
            ],
            [
              -120.85611815440438,
              44.4152806167547
            ],
            [
              -120.8560966909573,
              44.41495864796669
            ],
            [
              -120.85612294871305,
              44.41453478794366
            ],
            [
              -120.8561293941252,
              44.41451859816083
            ],
            [
              -120.85623860590755,
              44.4141144918747
            ],
            [
              -120.85626389887271,
              44.41402090853585
            ],
            [
              -120.85628798809535,
              44.41395663262664
            ],
            [
              -120.85650324869192,
              44.413382269025895
            ],
            [
              -120.85675006800277,
              44.41299387731275
            ],
            [
              -120.85699209749652,
              44.41273640426135
            ],
            [
              -120.85739973770109,
              44.41249394678266
            ],
            [
              -120.85767019078874,
              44.412368013466214
            ],
            [
              -120.85811016315701,
              44.412149980977226
            ],
            [
              -120.85826699014099,
              44.41195045531921
            ],
            [
              -120.85844346328024,
              44.41166792916507
            ],
            [
              -120.85852421823104,
              44.411276417681535
            ],
            [
              -120.8585632131992,
              44.41100584059499
            ],
            [
              -120.85878096931566,
              44.4105032633575
            ],
            [
              -120.85899750192668,
              44.410097691251096
            ],
            [
              -120.85910929187388,
              44.40962206663741
            ],
            [
              -120.85919146616283,
              44.40938335158613
            ],
            [
              -120.85935913940554,
              44.408886281160555
            ],
            [
              -120.85925507766474,
              44.40855085350511
            ],
            [
              -120.85888362339642,
              44.40825804964874
            ],
            [
              -120.85808831253604,
              44.40774291632348
            ],
            [
              -120.857203913054,
              44.40739284529286
            ],
            [
              -120.85680891843367,
              44.40729015194264
            ],
            [
              -120.85607352610106,
              44.40695477674151
            ],
            [
              -120.85548408844254,
              44.40671742093637
            ],
            [
              -120.85541577515842,
              44.40669846947209
            ],
            [
              -120.85533465369501,
              44.40664391892067
            ],
            [
              -120.8549177006559,
              44.406433525676704
            ],
            [
              -120.85446691616487,
              44.4060964571072
            ],
            [
              -120.85414811485032,
              44.40573485601159
            ],
            [
              -120.85407051118956,
              44.40551733145671
            ],
            [
              -120.85384634559355,
              44.40467135315649
            ],
            [
              -120.85378799732091,
              44.40401304760398
            ],
            [
              -120.85362114783328,
              44.403510254969056
            ],
            [
              -120.85309229255755,
              44.402883621536105
            ],
            [
              -120.85270722701607,
              44.40257478940196
            ],
            [
              -120.85248801113727,
              44.4024311237544
            ],
            [
              -120.85185302440227,
              44.402324656916996
            ],
            [
              -120.85170029373597,
              44.40238030319059
            ],
            [
              -120.8506507883963,
              44.40240557838012
            ],
            [
              -120.85008123404826,
              44.402291329071275
            ],
            [
              -120.84952211632724,
              44.402042230596706
            ],
            [
              -120.84869996290784,
              44.401689142990705
            ],
            [
              -120.84817305428132,
              44.401418137753446
            ],
            [
              -120.84797552193686,
              44.40126136804257
            ],
            [
              -120.84751304856735,
              44.400752994937726
            ],
            [
              -120.84660837410935,
              44.39929098977272
            ],
            [
              -120.84650706660317,
              44.39884343649567
            ],
            [
              -120.84614041383006,
              44.397841708605135
            ],
            [
              -120.84582870022308,
              44.39729114579021
            ],
            [
              -120.84550854514741,
              44.396501480259566
            ],
            [
              -120.84539060174049,
              44.39609431809486
            ],
            [
              -120.84505905063712,
              44.395623573366926
            ],
            [
              -120.84460781249685,
              44.39524584913959
            ],
            [
              -120.84408362486732,
              44.39504539479366
            ],
            [
              -120.84306845673105,
              44.39464510153079
            ],
            [
              -120.8423771483227,
              44.394455752263596
            ],
            [
              -120.84226947804936,
              44.39442625967891
            ],
            [
              -120.84190084808434,
              44.39432528884924
            ],
            [
              -120.84124913741367,
              44.39397949080876
            ],
            [
              -120.8409429484457,
              44.39372359206229
            ],
            [
              -120.84065868645553,
              44.393454575104066
            ],
            [
              -120.84062191661431,
              44.39341977547816
            ],
            [
              -120.84057343094517,
              44.393326796429946
            ],
            [
              -120.84032711738584,
              44.3928544323915
            ],
            [
              -120.84029597908315,
              44.392437129717756
            ],
            [
              -120.84028261843993,
              44.392258096450085
            ],
            [
              -120.8403057859911,
              44.39207988556157
            ],
            [
              -120.84032154962769,
              44.39165142669003
            ],
            [
              -120.84032855648694,
              44.39146100151511
            ],
            [
              -120.84035259720056,
              44.391258987825125
            ],
            [
              -120.84048801373807,
              44.39119009076778
            ],
            [
              -120.84068719179614,
              44.39119385626081
            ],
            [
              -120.8410995221048,
              44.391273113862276
            ],
            [
              -120.84147822038756,
              44.39136364405247
            ],
            [
              -120.84179038315216,
              44.39139886150458
            ],
            [
              -120.84185866948677,
              44.39140656449696
            ],
            [
              -120.84194845789607,
              44.39139192303334
            ],
            [
              -120.84264404228517,
              44.39127848992072
            ],
            [
              -120.84304795627794,
              44.391102911770055
            ],
            [
              -120.84335779599921,
              44.39078206870236
            ],
            [
              -120.84349669440678,
              44.39067528345699
            ],
            [
              -120.8436714212211,
              44.39044038565874
            ],
            [
              -120.8436764284305,
              44.39030406532834
            ],
            [
              -120.84367928956468,
              44.390226156391144
            ],
            [
              -120.84363911421023,
              44.389963378340035
            ],
            [
              -120.8435648693503,
              44.389723779366605
            ],
            [
              -120.84352775365774,
              44.389377689658254
            ],
            [
              -120.8436518074052,
              44.389165655789384
            ],
            [
              -120.84388854851687,
              44.38905102691795
            ],
            [
              -120.84422662049089,
              44.38889067155659
            ],
            [
              -120.84467912795066,
              44.38878011657038
            ],
            [
              -120.84521505925586,
              44.38865922283398
            ],
            [
              -120.84564747050442,
              44.38864356319826
            ],
            [
              -120.84611526100211,
              44.38856902034729
            ],
            [
              -120.84654941767724,
              44.38850574936397
            ],
            [
              -120.84691456487391,
              44.38851263810546
            ],
            [
              -120.84749504543072,
              44.388535492082056
            ],
            [
              -120.84814104371448,
              44.38858339931884
            ],
            [
              -120.84878922400607,
              44.38857179484262
            ],
            [
              -120.84970514537142,
              44.38850568067555
            ],
            [
              -120.85054548698035,
              44.388235665893035
            ],
            [
              -120.85096319640095,
              44.38808149094226
            ],
            [
              -120.8510674171436,
              44.388043021928645
            ],
            [
              -120.85235059854321,
              44.38747167209063
            ],
            [
              -120.85242245747773,
              44.38741962202005
            ],
            [
              -120.85243576242539,
              44.38741372305193
            ],
            [
              -120.85291224053019,
              44.38710111733416
            ],
            [
              -120.85319041733267,
              44.38676096122617
            ],
            [
              -120.85330610147665,
              44.38632247048546
            ],
            [
              -120.85328770487791,
              44.38591718589793
            ],
            [
              -120.85328285756864,
              44.38559552797833
            ],
            [
              -120.85353261796372,
              44.385123825700184
            ],
            [
              -120.85367170771242,
              44.38486450688362
            ],
            [
              -120.8537286707829,
              44.38475830468178
            ],
            [
              -120.85402473214434,
              44.384382752808925
            ],
            [
              -120.85460379965123,
              44.38398869873434
            ],
            [
              -120.85531649964145,
              44.38357333075812
            ],
            [
              -120.85532874367878,
              44.38356970023728
            ],
            [
              -120.85667852527523,
              44.382559453321846
            ],
            [
              -120.85726653551077,
              44.38220586551143
            ],
            [
              -120.85846378676523,
              44.3813460322943
            ],
            [
              -120.85919187399797,
              44.38109392149702
            ],
            [
              -120.85955659359658,
              44.38076781989067
            ],
            [
              -120.85948731372523,
              44.380331605865265
            ],
            [
              -120.85917612293778,
              44.380057027634614
            ],
            [
              -120.85841952856781,
              44.37939607599653
            ],
            [
              -120.85800834540778,
              44.3782359979423
            ],
            [
              -120.85770651326894,
              44.37783136877916
            ],
            [
              -120.85766876426406,
              44.37779997500924
            ],
            [
              -120.8575139602861,
              44.37773559252717
            ],
            [
              -120.85737530262705,
              44.37762027994374
            ],
            [
              -120.85732118362276,
              44.37753729270216
            ],
            [
              -120.85696074539477,
              44.376844019432134
            ],
            [
              -120.85686203581642,
              44.37665843422258
            ],
            [
              -120.85634468975609,
              44.37607560902395
            ],
            [
              -120.85558167872006,
              44.374841397981946
            ],
            [
              -120.85430197649555,
              44.373944089179446
            ],
            [
              -120.85428521393233,
              44.373926903170016
            ],
            [
              -120.85404802545966,
              44.373747621937625
            ],
            [
              -120.85390738072722,
              44.37350677895794
            ],
            [
              -120.8539001564757,
              44.37348508005351
            ],
            [
              -120.8538475295731,
              44.37332700393779
            ],
            [
              -120.8539540473079,
              44.373138448709945
            ],
            [
              -120.85414440121495,
              44.3729276479635
            ],
            [
              -120.85438844473155,
              44.37261066460058
            ],
            [
              -120.85451676996817,
              44.37227959770625
            ],
            [
              -120.85459401070958,
              44.37198330151962
            ],
            [
              -120.85452543062583,
              44.37169878952782
            ],
            [
              -120.85452964731779,
              44.371661628046766
            ],
            [
              -120.85443260591092,
              44.371341553010126
            ],
            [
              -120.8542925819143,
              44.37114394109495
            ],
            [
              -120.85400652239524,
              44.37079317591137
            ],
            [
              -120.85378770447011,
              44.37041985517513
            ],
            [
              -120.85376492499114,
              44.370314345334045
            ],
            [
              -120.85375930243578,
              44.37028831139302
            ],
            [
              -120.8537944732758,
              44.370229740441665
            ],
            [
              -120.8538300214082,
              44.37017054141015
            ],
            [
              -120.85399464217559,
              44.370209364433165
            ],
            [
              -120.85435446146434,
              44.37035904647379
            ],
            [
              -120.85451349021906,
              44.37041063524028
            ],
            [
              -120.85456712053987,
              44.37044641240651
            ],
            [
              -120.854879771988,
              44.37052374726292
            ],
            [
              -120.85508018612786,
              44.3704917832031
            ],
            [
              -120.85524872085493,
              44.370423487153516
            ],
            [
              -120.85535262089904,
              44.37030634096759
            ],
            [
              -120.85537486228714,
              44.37015193000673
            ],
            [
              -120.85536609113672,
              44.36993738696874
            ],
            [
              -120.85534203245676,
              44.36968682537097
            ],
            [
              -120.85533543163606,
              44.36941277259674
            ],
            [
              -120.85534238549467,
              44.36922234314707
            ],
            [
              -120.85539694018189,
              44.36909235905242
            ],
            [
              -120.85550083932765,
              44.36897521084621
            ],
            [
              -120.85568769788988,
              44.36885962157807
            ],
            [
              -120.85583919786426,
              44.36880291596838
            ],
            [
              -120.8561911065886,
              44.36871424527385
            ],
            [
              -120.85659453010122,
              44.36857889924745
            ],
            [
              -120.85689970037966,
              44.3684059796585
            ],
            [
              -120.85700619835153,
              44.36821742014623
            ],
            [
              -120.85698148479975,
              44.367976704692616
            ],
            [
              -120.85696788430634,
              44.36784420564752
            ],
            [
              -120.85695719615109,
              44.36774010202623
            ],
            [
              -120.8568241718272,
              44.36725612317063
            ],
            [
              -120.85680013830009,
              44.36715777759162
            ],
            [
              -120.85677297144926,
              44.36669811997053
            ],
            [
              -120.85679925166289,
              44.3661494367394
            ],
            [
              -120.85687903822979,
              44.36596187178723
            ],
            [
              -120.85698892105368,
              44.36587390320741
            ],
            [
              -120.85806541358113,
              44.36552047215907
            ],
            [
              -120.8587813313367,
              44.3651602695086
            ],
            [
              -120.8587696927639,
              44.364984494856174
            ],
            [
              -120.85868315895088,
              44.36488384186746
            ],
            [
              -120.85825461045809,
              44.36454720186405
            ],
            [
              -120.85773987580026,
              44.36399287523769
            ],
            [
              -120.8577131652936,
              44.36373579023517
            ],
            [
              -120.85787084208384,
              44.36326159277198
            ],
            [
              -120.85782808317464,
              44.36284215502249
            ],
            [
              -120.85767594359982,
              44.36249719343448
            ],
            [
              -120.85706363393585,
              44.36160792584636
            ],
            [
              -120.857072800345,
              44.36146404852567
            ],
            [
              -120.8571770956478,
              44.36133546336649
            ],
            [
              -120.85732236760228,
              44.361266165654484
            ],
            [
              -120.858699029487,
              44.360873341342426
            ],
            [
              -120.85937010693685,
              44.360579817225876
            ],
            [
              -120.86056308670214,
              44.36044911389443
            ],
            [
              -120.86192524259165,
              44.36008749085457
            ],
            [
              -120.86274930313438,
              44.359576236653176
            ],
            [
              -120.8632467299516,
              44.35881579380546
            ],
            [
              -120.86392099013248,
              44.357504971830444
            ],
            [
              -120.86454763511179,
              44.35668391749507
            ],
            [
              -120.86509640963064,
              44.35614949657679
            ],
            [
              -120.86636014160602,
              44.35536284214604
            ],
            [
              -120.8667652126289,
              44.35500578797538
            ],
            [
              -120.86705255673883,
              44.35454300068495
            ],
            [
              -120.86726554369942,
              44.35401130233118
            ],
            [
              -120.86742101602395,
              44.353248955323814
            ],
            [
              -120.867425908249,
              44.3531713452234
            ],
            [
              -120.86751417491219,
              44.35271683156215
            ],
            [
              -120.86752928816853,
              44.35230026604354
            ],
            [
              -120.86770639012846,
              44.351993913042044
            ],
            [
              -120.86800089650617,
              44.35165402190142
            ],
            [
              -120.86848605952315,
              44.35109140313618
            ],
            [
              -120.86886413886666,
              44.3506371803935
            ],
            [
              -120.86991060161249,
              44.34942413921349
            ],
            [
              -120.87050527555078,
              44.34904809992568
            ],
            [
              -120.87091457224872,
              44.348875670639785
            ],
            [
              -120.87314604939824,
              44.34877318809124
            ],
            [
              -120.87429281174049,
              44.34854694920923
            ],
            [
              -120.87496423414342,
              44.34830285683589
            ],
            [
              -120.87548330317247,
              44.34806492911699
            ],
            [
              -120.87558058712446,
              44.3479767094702
            ],
            [
              -120.87601437279538,
              44.34775520003491
            ],
            [
              -120.87637069134946,
              44.347442218782405
            ],
            [
              -120.8764959587209,
              44.34703491262295
            ],
            [
              -120.87678589716536,
              44.34641009580672
            ],
            [
              -120.87681084607576,
              44.34626201127924
            ],
            [
              -120.87708861414475,
              44.3457134925592
            ],
            [
              -120.8771258277537,
              44.345529624189034
            ],
            [
              -120.87736680801521,
              44.34519649175014
            ],
            [
              -120.87769794679186,
              44.344950560294286
            ],
            [
              -120.87841179033742,
              44.344572192409
            ],
            [
              -120.87966112681039,
              44.34393366930228
            ],
            [
              -120.88137591456804,
              44.34312820778195
            ],
            [
              -120.88147877615967,
              44.34308059807031
            ],
            [
              -120.88208417777906,
              44.34279472762283
            ],
            [
              -120.88241566061052,
              44.34258947639331
            ],
            [
              -120.88347931711087,
              44.34202944195535
            ],
            [
              -120.88356585631375,
              44.341983876294684
            ],
            [
              -120.88384805846702,
              44.34183625407846
            ],
            [
              -120.88455533892113,
              44.34146626373356
            ],
            [
              -120.88519203335349,
              44.34106716212685
            ],
            [
              -120.88555572078782,
              44.34064513952921
            ],
            [
              -120.88569743271886,
              44.34016540721348
            ],
            [
              -120.8858136280042,
              44.33970306876712
            ],
            [
              -120.88588984915776,
              44.338275278532755
            ],
            [
              -120.88589689554284,
              44.33824070246804
            ],
            [
              -120.88598052061097,
              44.33783033188481
            ],
            [
              -120.88614581511483,
              44.337386767108164
            ],
            [
              -120.88636535079385,
              44.33681915141948
            ],
            [
              -120.88675900602608,
              44.33625475761727
            ],
            [
              -120.88752005963309,
              44.335685843989424
            ],
            [
              -120.88760078224453,
              44.335590967758165
            ],
            [
              -120.88893688788909,
              44.334557816889685
            ],
            [
              -120.89008287588356,
              44.33384074455087
            ],
            [
              -120.89079705989064,
              44.33353432591397
            ],
            [
              -120.89140992651006,
              44.33332056571075
            ],
            [
              -120.89202301950499,
              44.3331878327969
            ],
            [
              -120.89299274276935,
              44.33288161443927
            ],
            [
              -120.89319709871668,
              44.33284486913132
            ],
            [
              -120.89345191483017,
              44.3328000506965
            ],
            [
              -120.89433193861849,
              44.33239313500961
            ],
            [
              -120.89505830467914,
              44.331920361017964
            ],
            [
              -120.89530822677096,
              44.33166548904447
            ],
            [
              -120.8954948805173,
              44.33141390337016
            ],
            [
              -120.89609221526548,
              44.33071393794624
            ],
            [
              -120.89617031120304,
              44.33062242208765
            ],
            [
              -120.89685402255903,
              44.329598847007944
            ],
            [
              -120.89758043443375,
              44.328772567445775
            ],
            [
              -120.89812188139484,
              44.328246585239484
            ],
            [
              -120.89891968328351,
              44.32751093609453
            ],
            [
              -120.89945755764472,
              44.327126580183716
            ],
            [
              -120.89844776502711,
              44.32678764952796
            ],
            [
              -120.89679480561553,
              44.326382046787806
            ],
            [
              -120.89584536271701,
              44.32625040092421
            ],
            [
              -120.89561876268657,
              44.32620789863208
            ],
            [
              -120.89530530724629,
              44.32619187527667
            ],
            [
              -120.8949746562548,
              44.32625750520072
            ],
            [
              -120.89468569787233,
              44.32635464252027
            ],
            [
              -120.89452130797196,
              44.32645808642987
            ],
            [
              -120.89404622584911,
              44.32668868529882
            ],
            [
              -120.89343717617132,
              44.32701688538575
            ],
            [
              -120.89302900955398,
              44.3272951958778
            ],
            [
              -120.89264978755342,
              44.327553762606136
            ],
            [
              -120.89210399184805,
              44.32789521430116
            ],
            [
              -120.89174878720492,
              44.32824728182688
            ],
            [
              -120.89159953122214,
              44.328428962986024
            ],
            [
              -120.89152123136702,
              44.32862220082054
            ],
            [
              -120.89150036080804,
              44.32880625073537
            ],
            [
              -120.89156200859274,
              44.329004827333414
            ],
            [
              -120.89156434780573,
              44.32901236438869
            ],
            [
              -120.89161517089124,
              44.32918749124883
            ],
            [
              -120.89159319899771,
              44.32940226189727
            ],
            [
              -120.89141246964064,
              44.32966533290922
            ],
            [
              -120.89104629117803,
              44.32992497773686
            ],
            [
              -120.89062858535068,
              44.330133597406366
            ],
            [
              -120.89022959592229,
              44.33040561505824
            ],
            [
              -120.88939022808714,
              44.33090818866845
            ],
            [
              -120.88814582785663,
              44.331599779066764
            ],
            [
              -120.88738937991205,
              44.331871625420995
            ],
            [
              -120.88675087627274,
              44.331970667652094
            ],
            [
              -120.8863634328907,
              44.33206143281686
            ],
            [
              -120.88477984767357,
              44.33232472129677
            ],
            [
              -120.88396233764588,
              44.332539156606366
            ],
            [
              -120.88321020341131,
              44.332853831529064
            ],
            [
              -120.88276415573678,
              44.333093148503515
            ],
            [
              -120.88247076327002,
              44.33329477749313
            ],
            [
              -120.88224234145623,
              44.3335426270221
            ],
            [
              -120.88179707441765,
              44.33391249645075
            ],
            [
              -120.8804901810878,
              44.335459273812795
            ],
            [
              -120.8801249386697,
              44.33593773259967
            ],
            [
              -120.87988711418983,
              44.33630601082042
            ],
            [
              -120.87948759924697,
              44.33703105871534
            ],
            [
              -120.87916914108885,
              44.337578960911756
            ],
            [
              -120.87879641660275,
              44.33825090470617
            ],
            [
              -120.87855708025822,
              44.33867521896649
            ],
            [
              -120.87813265503257,
              44.33939979746319
            ],
            [
              -120.8777783415182,
              44.340250732051004
            ],
            [
              -120.8776149074253,
              44.340640725743036
            ],
            [
              -120.8770424847566,
              44.341326817509334
            ],
            [
              -120.87655950823904,
              44.34160367559148
            ],
            [
              -120.87575312474446,
              44.34187451766516
            ],
            [
              -120.8755114923061,
              44.34198373752379
            ],
            [
              -120.87536433299117,
              44.34206675907689
            ],
            [
              -120.87525906121967,
              44.34215933318996
            ],
            [
              -120.87474574769665,
              44.342347848720614
            ],
            [
              -120.87380556822532,
              44.34276249723586
            ],
            [
              -120.87269402972369,
              44.34310192341233
            ],
            [
              -120.87217456543594,
              44.343308320893954
            ],
            [
              -120.87104925037106,
              44.343854542278365
            ],
            [
              -120.8701855022591,
              44.34449565652589
            ],
            [
              -120.86958606994473,
              44.34483109347732
            ],
            [
              -120.86724552743826,
              44.34580475616695
            ],
            [
              -120.86672530048082,
              44.34607413533027
            ],
            [
              -120.86481296690397,
              44.34674064080523
            ],
            [
              -120.86391342811446,
              44.347133457720744
            ],
            [
              -120.86279403204901,
              44.34781475126625
            ],
            [
              -120.86192501352127,
              44.348424196202465
            ],
            [
              -120.86054471884952,
              44.349141096620365
            ],
            [
              -120.85906391257899,
              44.349667037241346
            ],
            [
              -120.85824182743158,
              44.349890206404794
            ],
            [
              -120.85736176681236,
              44.350197809530286
            ],
            [
              -120.85696162843871,
              44.35039737295303
            ],
            [
              -120.85660187113373,
              44.35062920224468
            ],
            [
              -120.85570918379489,
              44.35156225865732
            ],
            [
              -120.8552552471155,
              44.35196787224361
            ],
            [
              -120.85286717923891,
              44.35349852866935
            ],
            [
              -120.85257679433174,
              44.353655123771524
            ],
            [
              -120.8505049397234,
              44.354426422668546
            ],
            [
              -120.8501699974798,
              44.354600179356844
            ],
            [
              -120.85000585820943,
              44.35479965649204
            ],
            [
              -120.84980509013332,
              44.35570067116584
            ],
            [
              -120.84964669379252,
              44.35602179512573
            ],
            [
              -120.84938756486733,
              44.35630951255469
            ],
            [
              -120.84899280560565,
              44.356531655723806
            ],
            [
              -120.84813032052494,
              44.35665495889844
            ],
            [
              -120.84700689012556,
              44.35666530373346
            ],
            [
              -120.84564315230286,
              44.35677013805736
            ],
            [
              -120.84485056872767,
              44.356719175720045
            ],
            [
              -120.84308379187127,
              44.356501275002636
            ],
            [
              -120.8418902030482,
              44.35647873224041
            ],
            [
              -120.84106747111376,
              44.35654421458268
            ],
            [
              -120.84013839571769,
              44.35672921994908
            ],
            [
              -120.84008894705457,
              44.3567541301178
            ],
            [
              -120.83990587309462,
              44.356846363742264
            ],
            [
              -120.83920410829633,
              44.35701315015601
            ],
            [
              -120.83778037289412,
              44.357170773167
            ],
            [
              -120.8356937158465,
              44.35709975047079
            ],
            [
              -120.83491825955053,
              44.35703103930072
            ],
            [
              -120.83351027520848,
              44.35690981666621
            ],
            [
              -120.8319733943013,
              44.356583565613484
            ],
            [
              -120.83080279606129,
              44.35612920495058
            ],
            [
              -120.8304888402594,
              44.35610950744758
            ],
            [
              -120.82977389537928,
              44.356064648988486
            ],
            [
              -120.82913133135486,
              44.35594440451194
            ],
            [
              -120.82876403269306,
              44.35573936054458
            ],
            [
              -120.82812858781729,
              44.3550655675693
            ],
            [
              -120.82770101130158,
              44.35483206460565
            ],
            [
              -120.82678110770456,
              44.35463311556715
            ],
            [
              -120.82635600964078,
              44.354543052070575
            ],
            [
              -120.82603005234668,
              44.35447536818528
            ],
            [
              -120.82574690786069,
              44.354408497401
            ],
            [
              -120.82547652035005,
              44.35438285463045
            ],
            [
              -120.82507542257571,
              44.35441620140638
            ],
            [
              -120.82424354399505,
              44.35451306084923
            ],
            [
              -120.82419768949137,
              44.35452018354089
            ],
            [
              -120.82359718548689,
              44.35461345160418
            ],
            [
              -120.8233226279967,
              44.35470043507564
            ],
            [
              -120.8231456886318,
              44.354850757954516
            ],
            [
              -120.82296685202505,
              44.35505227743953
            ],
            [
              -120.82288801407908,
              44.35515827145573
            ],
            [
              -120.8225131686706,
              44.35547634227733
            ],
            [
              -120.82224300394213,
              44.355592731935516
            ],
            [
              -120.82168633952013,
              44.35569465595593
            ],
            [
              -120.82134990158161,
              44.35565222895743
            ],
            [
              -120.8209469362098,
              44.35550049762246
            ],
            [
              -120.82071735017935,
              44.35541058961355
            ],
            [
              -120.82031481959213,
              44.35520484558417
            ],
            [
              -120.81980095809679,
              44.354807915408124
            ],
            [
              -120.81950923380151,
              44.35468080710515
            ],
            [
              -120.81811499368334,
              44.35476222415108
            ],
            [
              -120.81667128873234,
              44.3549507126409
            ],
            [
              -120.81565885686443,
              44.3550348906232
            ],
            [
              -120.81510703526011,
              44.35500633265857
            ],
            [
              -120.81434393439255,
              44.35483868817826
            ],
            [
              -120.81244744080912,
              44.35473936726866
            ],
            [
              -120.81188589224695,
              44.354782630583195
            ],
            [
              -120.81102404227514,
              44.354950678598165
            ],
            [
              -120.81014266292908,
              44.35522188228964
            ],
            [
              -120.8098790621904,
              44.35533194440043
            ],
            [
              -120.80938945700437,
              44.3557147531135
            ],
            [
              -120.80921515149991,
              44.355793381112896
            ],
            [
              -120.80899841317469,
              44.35586094657628
            ],
            [
              -120.80879823888498,
              44.35586735100633
            ],
            [
              -120.80862774852551,
              44.35584358633443
            ],
            [
              -120.80858454674689,
              44.35582421888077
            ],
            [
              -120.80835021312016,
              44.35578170205321
            ],
            [
              -120.80703169469223,
              44.35500915756031
            ],
            [
              -120.80668049653526,
              44.35492138770994
            ],
            [
              -120.80624987383246,
              44.35507067075738
            ],
            [
              -120.80566470137495,
              44.3554105459364
            ],
            [
              -120.80531983095084,
              44.35567851091105
            ],
            [
              -120.80494030891296,
              44.35607635111476
            ],
            [
              -120.80430115579169,
              44.35655922830213
            ],
            [
              -120.80354063129236,
              44.356931736237456
            ],
            [
              -120.80296976091246,
              44.35711882140625
            ],
            [
              -120.8021674746339,
              44.35720242078132
            ],
            [
              -120.80032745274248,
              44.35705003446802
            ],
            [
              -120.80004041585637,
              44.356992633383875
            ],
            [
              -120.79964283408805,
              44.3569706797939
            ],
            [
              -120.79887838934081,
              44.357170324205335
            ],
            [
              -120.79835227751995,
              44.35738885123574
            ],
            [
              -120.79768628273798,
              44.35761896686918
            ],
            [
              -120.79739018185069,
              44.357709507352375
            ],
            [
              -120.7968846899588,
              44.35774642334032
            ],
            [
              -120.79650647407139,
              44.35773912441242
            ],
            [
              -120.79577316583023,
              44.35763921687316
            ],
            [
              -120.79552028109458,
              44.3574771222287
            ],
            [
              -120.79520714455623,
              44.35732815746457
            ],
            [
              -120.79512949328476,
              44.357306183447015
            ],
            [
              -120.79487515417668,
              44.35731397763429
            ],
            [
              -120.79394290952425,
              44.35751654970753
            ],
            [
              -120.79259327974309,
              44.35799464222695
            ],
            [
              -120.79202012135416,
              44.35819963526989
            ],
            [
              -120.7904973359121,
              44.35858883002391
            ],
            [
              -120.7899556544907,
              44.35868638714523
            ],
            [
              -120.78977538417276,
              44.35874591956248
            ],
            [
              -120.78955085475906,
              44.35893964067388
            ],
            [
              -120.78944422473482,
              44.359752340957165
            ],
            [
              -120.78926451676226,
              44.360005446012146
            ],
            [
              -120.7890801986356,
              44.36010991469498
            ],
            [
              -120.78848290790489,
              44.36013364102791
            ],
            [
              -120.78832791348407,
              44.360153533709294
            ],
            [
              -120.78784800022166,
              44.36020140444027
            ],
            [
              -120.78745201745453,
              44.36013656394807
            ],
            [
              -120.78715385044204,
              44.360022284790325
            ],
            [
              -120.78642996462989,
              44.35988303556682
            ],
            [
              -120.78561724262268,
              44.35986728474018
            ],
            [
              -120.78523637401021,
              44.359963435108604
            ],
            [
              -120.78455563158619,
              44.36033736069953
            ],
            [
              -120.78436045103116,
              44.360388818280725
            ],
            [
              -120.78425294604786,
              44.36044611327693
            ],
            [
              -120.7835492076509,
              44.360618247766126
            ],
            [
              -120.78319249922797,
              44.360568446759856
            ],
            [
              -120.78240323492778,
              44.360367323891914
            ],
            [
              -120.78199004672803,
              44.36023066828343
            ],
            [
              -120.78169953246345,
              44.36001064575133
            ],
            [
              -120.78162730162639,
              44.359931287379624
            ],
            [
              -120.78161157122744,
              44.359901993200666
            ],
            [
              -120.78155991809861,
              44.359857252609785
            ],
            [
              -120.78151899175259,
              44.35982180487887
            ],
            [
              -120.78151476158592,
              44.359818141414515
            ],
            [
              -120.78142951775366,
              44.35980623708057
            ],
            [
              -120.7814003844907,
              44.35982603738738
            ],
            [
              -120.7813122516765,
              44.35988593023997
            ],
            [
              -120.78116467015339,
              44.36004392702545
            ],
            [
              -120.78098392552496,
              44.360496958051435
            ],
            [
              -120.78090234861571,
              44.36067910639955
            ],
            [
              -120.78083163413484,
              44.36083700406617
            ],
            [
              -120.780695985832,
              44.3610111437937
            ],
            [
              -120.78047072159643,
              44.3613003260926
            ],
            [
              -120.78037102566788,
              44.36142831018783
            ],
            [
              -120.78034582792414,
              44.36144088854898
            ],
            [
              -120.78032736125685,
              44.36146167414841
            ],
            [
              -120.77999709025275,
              44.361671326088064
            ],
            [
              -120.77941738673866,
              44.36194365020906
            ],
            [
              -120.77847521839733,
              44.36228094805123
            ],
            [
              -120.777825001625,
              44.362592406323955
            ],
            [
              -120.77726037004473,
              44.36279749310216
            ],
            [
              -120.77643205418248,
              44.36300644601374
            ],
            [
              -120.77583496647104,
              44.363053340155524
            ],
            [
              -120.77437515921855,
              44.36325216555621
            ],
            [
              -120.77254966039037,
              44.36340855091759
            ],
            [
              -120.77132549471166,
              44.36323110379308
            ],
            [
              -120.77126596605272,
              44.363209741461034
            ],
            [
              -120.77114645239072,
              44.36319219586663
            ],
            [
              -120.77060526504272,
              44.36315088984317
            ],
            [
              -120.77027661280277,
              44.36315471750888
            ],
            [
              -120.76994718172347,
              44.363179023180656
            ],
            [
              -120.76965784515023,
              44.36327583474311
            ],
            [
              -120.76945336613366,
              44.363394795783854
            ],
            [
              -120.76926238160934,
              44.363534514473706
            ],
            [
              -120.76906789904524,
              44.36376638234865
            ],
            [
              -120.76891817414192,
              44.36394789180164
            ],
            [
              -120.76861716935146,
              44.36435186614671
            ],
            [
              -120.76849443163587,
              44.36457488755267
            ],
            [
              -120.76813045224905,
              44.36500706581396
            ],
            [
              -120.76782986068362,
              44.36549454397689
            ],
            [
              -120.76764921936145,
              44.36618205756326
            ],
            [
              -120.76760406284876,
              44.36632130594348
            ],
            [
              -120.76757080092874,
              44.36642387468371
            ],
            [
              -120.76742221329253,
              44.366663931854895
            ],
            [
              -120.76715254533246,
              44.366944496395355
            ],
            [
              -120.76684848447339,
              44.367081468352005
            ],
            [
              -120.76646641750834,
              44.367174038277064
            ],
            [
              -120.76620595278833,
              44.367223047638454
            ],
            [
              -120.76569654514017,
              44.367388464285504
            ],
            [
              -120.76495056526359,
              44.36780150938483
            ],
            [
              -120.76432130528855,
              44.36838338817658
            ],
            [
              -120.76386371426261,
              44.36925671535341
            ],
            [
              -120.76374345320225,
              44.369407411226284
            ],
            [
              -120.76358847944272,
              44.36948090222204
            ],
            [
              -120.76339222270595,
              44.36942304261549
            ],
            [
              -120.76199396172855,
              44.36848636493529
            ],
            [
              -120.76195994612199,
              44.36845326762188
            ],
            [
              -120.76180351260012,
              44.36824036552784
            ],
            [
              -120.76163521233332,
              44.36795122711888
            ],
            [
              -120.76143110611761,
              44.367810631477674
            ],
            [
              -120.76134587935334,
              44.367751921907434
            ],
            [
              -120.76120810114496,
              44.367657014731336
            ],
            [
              -120.76101173301711,
              44.36758170408556
            ],
            [
              -120.76085671254515,
              44.36761376606005
            ],
            [
              -120.76056992628902,
              44.36767308262531
            ],
            [
              -120.76022411083726,
              44.367685353327694
            ],
            [
              -120.75997048049993,
              44.367718489605494
            ],
            [
              -120.75951148810213,
              44.36773806568764
            ],
            [
              -120.75925321527143,
              44.36771870537656
            ],
            [
              -120.75899766882762,
              44.367627938902395
            ],
            [
              -120.75877975999757,
              44.3675950761408
            ],
            [
              -120.75862714611227,
              44.367679756762634
            ],
            [
              -120.75855585850627,
              44.36771930966392
            ],
            [
              -120.7585907841062,
              44.367963249242024
            ],
            [
              -120.75860305239803,
              44.368048949100924
            ],
            [
              -120.758532428647,
              44.368333401762655
            ],
            [
              -120.75830307438196,
              44.36860044520759
            ],
            [
              -120.7580349892534,
              44.368838143140415
            ],
            [
              -120.75774971755679,
              44.369004045195744
            ],
            [
              -120.75726589752121,
              44.36915175246384
            ],
            [
              -120.75676183125572,
              44.369234243641245
            ],
            [
              -120.7564198857462,
              44.369392384103065
            ],
            [
              -120.75609369758507,
              44.36958606037917
            ],
            [
              -120.75576259743596,
              44.36990826667899
            ],
            [
              -120.75559895403559,
              44.37001938451021
            ],
            [
              -120.75523403231604,
              44.37018371252397
            ],
            [
              -120.75442345009581,
              44.37053936230053
            ],
            [
              -120.75401870156816,
              44.37070290287234
            ],
            [
              -120.75319092739004,
              44.37098674609733
            ],
            [
              -120.75298167472607,
              44.37107587954441
            ],
            [
              -120.75280608373242,
              44.37115067519774
            ],
            [
              -120.75263548198187,
              44.371299399975754
            ],
            [
              -120.75237321793635,
              44.37152803479349
            ],
            [
              -120.75214600705155,
              44.37173793966707
            ],
            [
              -120.75199570632809,
              44.37202081917788
            ],
            [
              -120.75179168545233,
              44.37214542859029
            ],
            [
              -120.75140901571771,
              44.37225222773239
            ],
            [
              -120.75086815625481,
              44.372327325608666
            ],
            [
              -120.75014044272126,
              44.372598824509865
            ],
            [
              -120.74959355915608,
              44.37283100902955
            ],
            [
              -120.74908813463789,
              44.373021130729995
            ],
            [
              -120.74862417186162,
              44.37316919451555
            ],
            [
              -120.74838195821324,
              44.373250169779986
            ],
            [
              -120.74800584797684,
              44.373185581955305
            ],
            [
              -120.74763521297206,
              44.37297818396232
            ],
            [
              -120.74676736674574,
              44.37274668195818
            ],
            [
              -120.74595432763324,
              44.37264488135134
            ],
            [
              -120.74540551538514,
              44.37252961653415
            ],
            [
              -120.74500303959513,
              44.37248708100715
            ],
            [
              -120.74443491536506,
              44.372511872746685
            ],
            [
              -120.74405305141926,
              44.372670883423034
            ],
            [
              -120.74382477333586,
              44.37293645975682
            ],
            [
              -120.74354399770729,
              44.373813194779636
            ],
            [
              -120.74332743006198,
              44.3742230482604
            ],
            [
              -120.74307672733417,
              44.374398151160605
            ],
            [
              -120.74229053796718,
              44.37458517413346
            ],
            [
              -120.74171243614926,
              44.37480781819157
            ],
            [
              -120.7414311987866,
              44.37483826904001
            ],
            [
              -120.74051599787009,
              44.375319822343734
            ],
            [
              -120.73933734353862,
              44.37563410261638
            ],
            [
              -120.73855137246225,
              44.37575358433389
            ],
            [
              -120.73646303287012,
              44.375752720083916
            ],
            [
              -120.73659951930112,
              44.376588192803545
            ],
            [
              -120.73657813041419,
              44.37677682809883
            ],
            [
              -120.73645958603436,
              44.37720661707191
            ],
            [
              -120.73603568003495,
              44.37778340201972
            ],
            [
              -120.735993223858,
              44.378030139524334
            ],
            [
              -120.73607154976425,
              44.37856286164641
            ],
            [
              -120.73594309247524,
              44.37912749591033
            ],
            [
              -120.73565026235387,
              44.379702375610265
            ],
            [
              -120.73517242509804,
              44.3803546107045
            ],
            [
              -120.7348689741951,
              44.381041815035154
            ],
            [
              -120.73472084469968,
              44.382299279536966
            ],
            [
              -120.7347799098279,
              44.383331280134264
            ],
            [
              -120.73455609816814,
              44.38403118417703
            ],
            [
              -120.73454424130472,
              44.38433847389155
            ],
            [
              -120.7344690100946,
              44.38450175187239
            ],
            [
              -120.73445068895438,
              44.38454151554182
            ],
            [
              -120.73432585277432,
              44.38474922759996
            ],
            [
              -120.73420065906471,
              44.384814028007995
            ],
            [
              -120.7341864099877,
              44.38483158702712
            ],
            [
              -120.73394302852944,
              44.38494109147674
            ],
            [
              -120.73347562430733,
              44.385174776167105
            ],
            [
              -120.733195168479,
              44.38521208250691
            ],
            [
              -120.73281789672092,
              44.38517600749304
            ],
            [
              -120.73196929959452,
              44.38495906646511
            ],
            [
              -120.73075116789956,
              44.38450610329208
            ],
            [
              -120.7298406364259,
              44.38434508257233
            ],
            [
              -120.72955887624379,
              44.3843056211486
            ],
            [
              -120.7287306340434,
              44.384282458647284
            ],
            [
              -120.72814026303533,
              44.384230200302504
            ],
            [
              -120.72803145459652,
              44.38418302201945
            ],
            [
              -120.72700403793135,
              44.38417157781169
            ],
            [
              -120.72646213732104,
              44.38525914119375
            ],
            [
              -120.72644159015556,
              44.385668361816336
            ],
            [
              -120.72667255060836,
              44.38616811716263
            ],
            [
              -120.72692563746493,
              44.38654227477974
            ],
            [
              -120.72728744652203,
              44.38686457780835
            ],
            [
              -120.7276489079311,
              44.38707433526494
            ],
            [
              -120.72810917413995,
              44.387448110901374
            ],
            [
              -120.72829527093086,
              44.38766788208075
            ],
            [
              -120.72835112458196,
              44.38782654217856
            ],
            [
              -120.72837326895203,
              44.388106071296704
            ],
            [
              -120.72825630650539,
              44.38879696505104
            ],
            [
              -120.728072689963,
              44.38919148297849
            ],
            [
              -120.72804700263748,
              44.389239399949375
            ],
            [
              -120.72785385407158,
              44.3894302374152
            ],
            [
              -120.72760596935883,
              44.389558506049084
            ],
            [
              -120.7273299215636,
              44.38967596614378
            ],
            [
              -120.72669611880815,
              44.38980679683787
            ],
            [
              -120.72637723484858,
              44.38992340202248
            ],
            [
              -120.7260837336857,
              44.390122484134366
            ],
            [
              -120.72569900231751,
              44.390463196515476
            ],
            [
              -120.72539408177072,
              44.39106305113444
            ],
            [
              -120.72534321915933,
              44.39116310836514
            ],
            [
              -120.72518733810135,
              44.391498131173435
            ],
            [
              -120.72505287377804,
              44.391649147255855
            ],
            [
              -120.72498673621357,
              44.3916826968463
            ],
            [
              -120.72491010542826,
              44.391750163785254
            ],
            [
              -120.72456488106795,
              44.3919147864359
            ],
            [
              -120.72402104009663,
              44.392061156591254
            ],
            [
              -120.72336212763233,
              44.39209089429307
            ],
            [
              -120.7228664336653,
              44.392098767300105
            ],
            [
              -120.72256435359145,
              44.392103566207055
            ],
            [
              -120.72202604983555,
              44.39210711788582
            ],
            [
              -120.7211834507603,
              44.392247510766595
            ],
            [
              -120.7203358579504,
              44.39251642671741
            ],
            [
              -120.71918839312558,
              44.392807928635904
            ],
            [
              -120.71917256750521,
              44.39281123314017
            ],
            [
              -120.71862572616084,
              44.39292531352608
            ],
            [
              -120.71854776317397,
              44.39293539776371
            ],
            [
              -120.71832425155148,
              44.392964303762255
            ],
            [
              -120.71807604883512,
              44.39299640511756
            ],
            [
              -120.71776430288881,
              44.39303672403543
            ],
            [
              -120.71748252743531,
              44.39309050736947
            ],
            [
              -120.71722210403783,
              44.39314021781791
            ],
            [
              -120.71692168045736,
              44.393177085158975
            ],
            [
              -120.71644423037542,
              44.39315324383171
            ],
            [
              -120.71603636559203,
              44.393133365567294
            ],
            [
              -120.71538994150684,
              44.39323075539028
            ],
            [
              -120.71512862967552,
              44.393351566508066
            ],
            [
              -120.71497544895328,
              44.393416022324345
            ],
            [
              -120.71425563340769,
              44.39374372431481
            ],
            [
              -120.71419001057787,
              44.39383694084156
            ],
            [
              -120.71381933874218,
              44.39400507644961
            ],
            [
              -120.71371023475767,
              44.39410642397719
            ],
            [
              -120.71361264268351,
              44.39415398452889
            ],
            [
              -120.71324160882678,
              44.394371626435024
            ],
            [
              -120.7129849538619,
              44.394655464690025
            ],
            [
              -120.71272486373937,
              44.394993895127776
            ],
            [
              -120.7124436703942,
              44.39555993579939
            ],
            [
              -120.71212208070901,
              44.396139456561514
            ],
            [
              -120.71162511652413,
              44.39661541866141
            ],
            [
              -120.71092339394669,
              44.3972301923362
            ],
            [
              -120.71047126467766,
              44.39757842174455
            ],
            [
              -120.7103772380169,
              44.3976242965495
            ],
            [
              -120.7100797869617,
              44.39780499760391
            ],
            [
              -120.70970010861697,
              44.39801255412339
            ],
            [
              -120.70916374522207,
              44.39820671981287
            ],
            [
              -120.70911998558962,
              44.39822051875953
            ],
            [
              -120.70906330998004,
              44.398238392751885
            ],
            [
              -120.70888882121925,
              44.39829342096861
            ],
            [
              -120.70787011731402,
              44.398395927291325
            ],
            [
              -120.70733774154067,
              44.39848769997328
            ],
            [
              -120.7072552537397,
              44.398503308837256
            ],
            [
              -120.70704470121352,
              44.39858056299287
            ],
            [
              -120.70667471838567,
              44.39883135973807
            ],
            [
              -120.70632437901811,
              44.399124451466555
            ],
            [
              -120.70549597961256,
              44.39940793291733
            ],
            [
              -120.70501681105348,
              44.39942688481801
            ],
            [
              -120.70491192825249,
              44.3994050004041
            ],
            [
              -120.7045620281611,
              44.39933199111085
            ],
            [
              -120.70375261824235,
              44.39912992051108
            ],
            [
              -120.70325409098889,
              44.399134184196036
            ],
            [
              -120.70256054847044,
              44.39921681926622
            ],
            [
              -120.70262465853732,
              44.39993615259313
            ],
            [
              -120.70281469623737,
              44.400683152112634
            ],
            [
              -120.70265065937491,
              44.40130869365372
            ],
            [
              -120.70244957599014,
              44.40186202783005
            ],
            [
              -120.7023940852584,
              44.401971070411456
            ],
            [
              -120.70234110621622,
              44.402196847551416
            ],
            [
              -120.70188163860963,
              44.40309460194789
            ],
            [
              -120.70181652781952,
              44.40326417679484
            ],
            [
              -120.7014195829567,
              44.40372781650912
            ],
            [
              -120.70059216451143,
              44.403990729138265
            ],
            [
              -120.70055204395422,
              44.40402765446267
            ],
            [
              -120.70028607795143,
              44.4040832978329
            ],
            [
              -120.7001284496702,
              44.40411627617313
            ],
            [
              -120.69948483731187,
              44.404260519130524
            ],
            [
              -120.69906258600919,
              44.40435205157507
            ],
            [
              -120.69895708067571,
              44.40440350578172
            ],
            [
              -120.69887095379953,
              44.40444550791176
            ],
            [
              -120.69869703816389,
              44.40453032328118
            ],
            [
              -120.69857862673469,
              44.404614861924244
            ],
            [
              -120.6982298657071,
              44.40502196287237
            ],
            [
              -120.69813175350842,
              44.40518203465485
            ],
            [
              -120.69805621417615,
              44.405527121523
            ],
            [
              -120.69816778673109,
              44.406024526612555
            ],
            [
              -120.69844305029709,
              44.4066512714367
            ],
            [
              -120.69899973807527,
              44.407271201305626
            ],
            [
              -120.69961690852324,
              44.40768729311949
            ],
            [
              -120.70006351315328,
              44.40796269664115
            ],
            [
              -120.70042161845642,
              44.408308037915724
            ],
            [
              -120.70090466055102,
              44.40874811199285
            ],
            [
              -120.70094996348911,
              44.40879324005583
            ],
            [
              -120.70103028455361,
              44.40883256304141
            ],
            [
              -120.70196128683597,
              44.40951301264849
            ],
            [
              -120.70231164776308,
              44.409686614905986
            ],
            [
              -120.70251948468217,
              44.409731311012365
            ],
            [
              -120.70300123499936,
              44.40999758361563
            ],
            [
              -120.70354984422822,
              44.41048126822136
            ],
            [
              -120.70396554501583,
              44.41075070871054
            ],
            [
              -120.704064330951,
              44.41087423335012
            ],
            [
              -120.70418575892289,
              44.41128180216932
            ],
            [
              -120.70420947803966,
              44.411718916842524
            ],
            [
              -120.7043307982137,
              44.4121895031961
            ],
            [
              -120.70437772530585,
              44.41303671259021
            ],
            [
              -120.70421536829299,
              44.41347458672249
            ],
            [
              -120.70384586157219,
              44.41407034646026
            ],
            [
              -120.70342622616366,
              44.41604703095821
            ],
            [
              -120.70344881699643,
              44.41623204149519
            ],
            [
              -120.70403328337815,
              44.41770675611227
            ],
            [
              -120.70432083589724,
              44.418644328645506
            ],
            [
              -120.70434178281302,
              44.41877322297698
            ],
            [
              -120.70434297128413,
              44.4187767300486
            ],
            [
              -120.70441826268139,
              44.4190446489103
            ],
            [
              -120.70444002077586,
              44.41921927383299
            ],
            [
              -120.70441731675537,
              44.4194339904386
            ],
            [
              -120.7043992803811,
              44.41989471229292
            ],
            [
              -120.70446229180837,
              44.420111151041816
            ],
            [
              -120.7045114179763,
              44.42031706420345
            ],
            [
              -120.70462541688084,
              44.421057091784256
            ],
            [
              -120.7046988604435,
              44.421924443469806
            ],
            [
              -120.70472621863549,
              44.42202853735668
            ],
            [
              -120.70492774219477,
              44.42350004616197
            ],
            [
              -120.70573338098596,
              44.425726427408776
            ],
            [
              -120.7057654104174,
              44.42587111554694
            ],
            [
              -120.7059548040254,
              44.42673018745578
            ],
            [
              -120.70594649101575,
              44.42732420512658
            ],
            [
              -120.7060725003956,
              44.428960748248784
            ],
            [
              -120.70604043592984,
              44.42915816498403
            ],
            [
              -120.7056397334142,
              44.43020794436567
            ],
            [
              -120.70547609091216,
              44.43045673364768
            ],
            [
              -120.70523659646416,
              44.430717504805656
            ],
            [
              -120.70448408134389,
              44.43130556496032
            ],
            [
              -120.70402023984022,
              44.43172739566614
            ],
            [
              -120.70390733598207,
              44.431846979050356
            ],
            [
              -120.70367747686377,
              44.43211389954549
            ],
            [
              -120.70351390712528,
              44.43245994749941
            ],
            [
              -120.70350348936292,
              44.43248198632711
            ],
            [
              -120.7035000613918,
              44.432499051867666
            ],
            [
              -120.7034291501799,
              44.43285207663978
            ],
            [
              -120.70327173120614,
              44.43330624547292
            ],
            [
              -120.7028849992898,
              44.434013054795294
            ],
            [
              -120.70271827826129,
              44.434195491444676
            ],
            [
              -120.70230342997488,
              44.43460160392397
            ],
            [
              -120.70144841258913,
              44.435041728364816
            ],
            [
              -120.701209140025,
              44.43512150770486
            ],
            [
              -120.70102052345975,
              44.4352061124547
            ],
            [
              -120.70049643644151,
              44.43539362104186
            ],
            [
              -120.70034253886367,
              44.435413028245975
            ],
            [
              -120.69977491858846,
              44.43564917137747
            ],
            [
              -120.69919371668448,
              44.435779725438564
            ],
            [
              -120.69898660290919,
              44.43584554436677
            ],
            [
              -120.69872072853454,
              44.435930031969974
            ],
            [
              -120.69844685556062,
              44.436037905857745
            ],
            [
              -120.69778874619021,
              44.4362971184694
            ],
            [
              -120.69677926977957,
              44.43660546657586
            ],
            [
              -120.69667596082698,
              44.4366163912411
            ],
            [
              -120.69643875348967,
              44.43664147139623
            ],
            [
              -120.6958424958215,
              44.43658656199979
            ],
            [
              -120.6953857581951,
              44.43653446838931
            ],
            [
              -120.69498769223482,
              44.436512138601834
            ],
            [
              -120.69456688721976,
              44.43656080897099
            ],
            [
              -120.69434314652688,
              44.43667062583633
            ],
            [
              -120.6940517447268,
              44.43697915798247
            ],
            [
              -120.6938881579203,
              44.43724513460939
            ],
            [
              -120.6937640610537,
              44.437662611537284
            ],
            [
              -120.6938034917048,
              44.438114242793624
            ],
            [
              -120.69390008125907,
              44.43856703149046
            ],
            [
              -120.6940027200685,
              44.438866246979295
            ],
            [
              -120.69416812147189,
              44.43925825231752
            ],
            [
              -120.69435036269356,
              44.439529123264045
            ],
            [
              -120.69450896474855,
              44.440061120720515
            ],
            [
              -120.69447974794224,
              44.44080370115596
            ],
            [
              -120.69422773367414,
              44.441672684576204
            ]
          ]
        ]
      },
      "properties": {
        "huc12": "170703050503",
        "name": "Lower McKay Creek",
        "tohuc": "170703051006",
        "areasqkm": 100.19,
        "states": "OR"
      }
    },
    {
      "type": "Feature",
      "geometry": {
        "type": "Polygon",
        "coordinates": [
          [
            [
              -120.85025386599138,
              44.422042334533685
            ],
            [
              -120.85016093527521,
              44.423323473399606
            ],
            [
              -120.85004199024677,
              44.42367684550391
            ],
            [
              -120.84966269458437,
              44.42429990597327
            ],
            [
              -120.84933939181191,
              44.42502304830349
            ],
            [
              -120.84912227349933,
              44.4253340599216
            ],
            [
              -120.8490145214793,
              44.425598899491256
            ],
            [
              -120.84897480785891,
              44.4256507487999
            ],
            [
              -120.84893011218196,
              44.42580636124524
            ],
            [
              -120.84891360653693,
              44.42586383088405
            ],
            [
              -120.84887954152303,
              44.425982429958815
            ],
            [
              -120.84888762815723,
              44.42606124781451
            ],
            [
              -120.84889918318673,
              44.42617390074694
            ],
            [
              -120.8489040242078,
              44.426221087518
            ],
            [
              -120.84914135910584,
              44.426547123822324
            ],
            [
              -120.84960990778163,
              44.42691324538377
            ],
            [
              -120.85001459971544,
              44.42715129161955
            ],
            [
              -120.85020906790648,
              44.42726567905286
            ],
            [
              -120.85048843946826,
              44.42743000290075
            ],
            [
              -120.85145776477896,
              44.42794947587326
            ],
            [
              -120.85167623325941,
              44.428105469673234
            ],
            [
              -120.8519182178374,
              44.42833818587293
            ],
            [
              -120.85204493329304,
              44.42849545459707
            ],
            [
              -120.85239289032847,
              44.428978393453875
            ],
            [
              -120.85266961994499,
              44.429591000675565
            ],
            [
              -120.85296466261691,
              44.429703739180745
            ],
            [
              -120.8530368242837,
              44.42971288883461
            ],
            [
              -120.8532955426788,
              44.42974569042506
            ],
            [
              -120.85438478948666,
              44.42995672340759
            ],
            [
              -120.85524723414315,
              44.430461232399615
            ],
            [
              -120.85601830845715,
              44.4307377308139
            ],
            [
              -120.8570363592872,
              44.43107841066664
            ],
            [
              -120.85757795536863,
              44.431267223153085
            ],
            [
              -120.85821617424199,
              44.43154121471651
            ],
            [
              -120.8588710038633,
              44.4318155129023
            ],
            [
              -120.85960454566644,
              44.43221038222889
            ],
            [
              -120.85974447713657,
              44.432475023220825
            ],
            [
              -120.85994128993046,
              44.43300274414569
            ],
            [
              -120.86022593729793,
              44.43340110458907
            ],
            [
              -120.86075887990822,
              44.433827935671715
            ],
            [
              -120.86111301914941,
              44.43414422701798
            ],
            [
              -120.8615476133041,
              44.43453348209802
            ],
            [
              -120.86164497810448,
              44.43467447169445
            ],
            [
              -120.86184758682862,
              44.434967855277456
            ],
            [
              -120.86194640779807,
              44.435247440764726
            ],
            [
              -120.86198319111399,
              44.43535151028592
            ],
            [
              -120.86188494057475,
              44.435766512638835
            ],
            [
              -120.86190117942014,
              44.43654171772702
            ],
            [
              -120.86220059868411,
              44.43624337421687
            ],
            [
              -120.86245840798414,
              44.43589258734718
            ],
            [
              -120.8626769043124,
              44.43558607831092
            ],
            [
              -120.86293175276523,
              44.43531625963882
            ],
            [
              -120.86331588765209,
              44.435075868850355
            ],
            [
              -120.8637062289992,
              44.43488060296402
            ],
            [
              -120.86399460976499,
              44.434746451620526
            ],
            [
              -120.86417544242829,
              44.4346327966007
            ],
            [
              -120.86423943751082,
              44.434557469487665
            ],
            [
              -120.86436564452003,
              44.43424022783073
            ],
            [
              -120.8645500938007,
              44.433811541476686
            ],
            [
              -120.86474304024563,
              44.43336500604404
            ],
            [
              -120.86486662147925,
              44.43311973791904
            ],
            [
              -120.86502486420814,
              44.43278509008652
            ],
            [
              -120.86537690767977,
              44.43236853473844
            ],
            [
              -120.86578603998602,
              44.43187202148118
            ],
            [
              -120.8663972914346,
              44.43149631846117
            ],
            [
              -120.86691361431383,
              44.43120436462732
            ],
            [
              -120.86731683301056,
              44.431085852483896
            ],
            [
              -120.86748898166003,
              44.43099453700327
            ],
            [
              -120.86755395051632,
              44.43089221674434
            ],
            [
              -120.86805210407061,
              44.430251296261766
            ],
            [
              -120.86821563338495,
              44.42993819516163
            ],
            [
              -120.86872194543865,
              44.42934362478133
            ],
            [
              -120.8693362826002,
              44.4286755656868
            ],
            [
              -120.87045217882927,
              44.428122562152204
            ],
            [
              -120.8708367170597,
              44.42797872895237
            ],
            [
              -120.87145235228684,
              44.42785430190538
            ],
            [
              -120.8718938221467,
              44.42787631103553
            ],
            [
              -120.87193615435615,
              44.427878421622644
            ],
            [
              -120.87218666664111,
              44.42794349310356
            ],
            [
              -120.8724399187877,
              44.427933112104945
            ],
            [
              -120.87269755291624,
              44.427802008055664
            ],
            [
              -120.87290507003507,
              44.42761875339877
            ],
            [
              -120.87326564480698,
              44.42741106007282
            ],
            [
              -120.87348095211594,
              44.427189997304545
            ],
            [
              -120.87419725884203,
              44.42665027861919
            ],
            [
              -120.87476901136755,
              44.42596707349421
            ],
            [
              -120.87502303965854,
              44.42565219932245
            ],
            [
              -120.87509737614661,
              44.425572555251804
            ],
            [
              -120.87532587611386,
              44.425333729526564
            ],
            [
              -120.87579476435283,
              44.42489027419166
            ],
            [
              -120.87613963118368,
              44.424694966574904
            ],
            [
              -120.8763784518952,
              44.42456392390893
            ],
            [
              -120.87656480111268,
              44.42446167194513
            ],
            [
              -120.87669860607257,
              44.424388249969496
            ],
            [
              -120.87725593524787,
              44.4241268038841
            ],
            [
              -120.87753787509307,
              44.42390553622757
            ],
            [
              -120.87757530878928,
              44.423844904338566
            ],
            [
              -120.87769456283819,
              44.42365173925492
            ],
            [
              -120.8777249052335,
              44.42339559241091
            ],
            [
              -120.87767101979124,
              44.423137880943706
            ],
            [
              -120.87747683546783,
              44.42268125285959
            ],
            [
              -120.87733981723416,
              44.42239179435236
            ],
            [
              -120.87737016052783,
              44.42213564776207
            ],
            [
              -120.87758892096076,
              44.421913206174395
            ],
            [
              -120.87795616662196,
              44.421663321272646
            ],
            [
              -120.87818182072638,
              44.42159079528439
            ],
            [
              -120.87831493308519,
              44.42151133687298
            ],
            [
              -120.87844756664192,
              44.421476145244625
            ],
            [
              -120.87919000176639,
              44.421338934197934
            ],
            [
              -120.8793947368028,
              44.42128050286109
            ],
            [
              -120.87963709777488,
              44.421211333833284
            ],
            [
              -120.88036392467126,
              44.42092281696312
            ],
            [
              -120.88109510839675,
              44.42051357147524
            ],
            [
              -120.8815038993432,
              44.4202795492671
            ],
            [
              -120.88180849559816,
              44.42001338956268
            ],
            [
              -120.88237829338964,
              44.4194048331744
            ],
            [
              -120.88275149937273,
              44.41898893892947
            ],
            [
              -120.88318404986013,
              44.41867984599485
            ],
            [
              -120.88333066749092,
              44.418624976185185
            ],
            [
              -120.88356849556405,
              44.41853596774593
            ],
            [
              -120.88391028566508,
              44.41840639790743
            ],
            [
              -120.88421755800124,
              44.41827514673422
            ],
            [
              -120.88431687124749,
              44.418232724648476
            ],
            [
              -120.88453450339644,
              44.41804044956111
            ],
            [
              -120.88473325205979,
              44.41778742146083
            ],
            [
              -120.88495958888382,
              44.41735369761194
            ],
            [
              -120.8851400020339,
              44.417024825980484
            ],
            [
              -120.88521622318746,
              44.416663822440086
            ],
            [
              -120.88533129378209,
              44.41639414355353
            ],
            [
              -120.8855565301699,
              44.41599059755249
            ],
            [
              -120.88577523670392,
              44.41576813836026
            ],
            [
              -120.88602972762729,
              44.41557023366535
            ],
            [
              -120.88607870197994,
              44.41553214718027
            ],
            [
              -120.88629849278048,
              44.41527950605146
            ],
            [
              -120.8863089904929,
              44.41523946104745
            ],
            [
              -120.88635106578421,
              44.41507897212037
            ],
            [
              -120.88635701352968,
              44.4150185306329
            ],
            [
              -120.886400579126,
              44.414789764080425
            ],
            [
              -120.88656135061241,
              44.414423622417246
            ],
            [
              -120.88671529849591,
              44.41398533060643
            ],
            [
              -120.88698993054626,
              44.4136618063327
            ],
            [
              -120.88777092854922,
              44.413293628628224
            ],
            [
              -120.88781317721535,
              44.41328593750056
            ],
            [
              -120.88858580112324,
              44.413192640948786
            ],
            [
              -120.88919331108863,
              44.41298146146111
            ],
            [
              -120.88920450230044,
              44.41297757224269
            ],
            [
              -120.88920942147493,
              44.41297695943891
            ],
            [
              -120.88944736363412,
              44.41291047821122
            ],
            [
              -120.89007513869402,
              44.41289506441181
            ],
            [
              -120.89092575433487,
              44.41283874795864
            ],
            [
              -120.89130039223255,
              44.41287717372181
            ],
            [
              -120.8914657172791,
              44.41262364330024
            ],
            [
              -120.89220920253413,
              44.41222773302948
            ],
            [
              -120.89303205035122,
              44.41200433613079
            ],
            [
              -120.89357112216669,
              44.411879232750444
            ],
            [
              -120.89369825623729,
              44.41177325090234
            ],
            [
              -120.89382245012193,
              44.41168869757863
            ],
            [
              -120.89405639298151,
              44.41147469304881
            ],
            [
              -120.8943887920945,
              44.41117062147552
            ],
            [
              -120.8946555099872,
              44.41078292351505
            ],
            [
              -120.89477268892782,
              44.410452870124374
            ],
            [
              -120.89497191190164,
              44.41018473285952
            ],
            [
              -120.89523428913488,
              44.40991775779093
            ],
            [
              -120.89536424930533,
              44.409911698095506
            ],
            [
              -120.89546640841438,
              44.409906935943205
            ],
            [
              -120.89569690533651,
              44.40994138565603
            ],
            [
              -120.89611362750861,
              44.410069871149695
            ],
            [
              -120.89655464910915,
              44.41010819798352
            ],
            [
              -120.8971252356214,
              44.41005830751173
            ],
            [
              -120.89765263293147,
              44.41003781766375
            ],
            [
              -120.89818381664041,
              44.40991169296181
            ],
            [
              -120.89821142456407,
              44.40988461908446
            ],
            [
              -120.89838031771893,
              44.409719000351124
            ],
            [
              -120.89853275733107,
              44.40947184774849
            ],
            [
              -120.89853687431003,
              44.40946517195769
            ],
            [
              -120.89855893783172,
              44.409419233281085
            ],
            [
              -120.89867346135233,
              44.409180774090366
            ],
            [
              -120.89891584568063,
              44.40888322206102
            ],
            [
              -120.89930289110897,
              44.40866383408853
            ],
            [
              -120.89939582092683,
              44.40865227979851
            ],
            [
              -120.89972609552419,
              44.40861121761085
            ],
            [
              -120.90010935724857,
              44.40849746235949
            ],
            [
              -120.90018848804532,
              44.40842574145417
            ],
            [
              -120.90030530855812,
              44.40831985730842
            ],
            [
              -120.90036088013824,
              44.408154744321415
            ],
            [
              -120.9003760248356,
              44.408109748604495
            ],
            [
              -120.90004783792297,
              44.40786210276639
            ],
            [
              -120.89976121246525,
              44.40763032028752
            ],
            [
              -120.89920037896202,
              44.407408593605716
            ],
            [
              -120.89864171219526,
              44.40712650179125
            ],
            [
              -120.89793947398483,
              44.40673605793811
            ],
            [
              -120.89745045629698,
              44.406372188353146
            ],
            [
              -120.8969825768661,
              44.405890597833555
            ],
            [
              -120.89690961300377,
              44.40576928315311
            ],
            [
              -120.89686006642427,
              44.405574810128726
            ],
            [
              -120.89678043346927,
              44.40534377201635
            ],
            [
              -120.89679336022624,
              44.405114435595635
            ],
            [
              -120.89688991384791,
              44.40487313764186
            ],
            [
              -120.89718769368649,
              44.404514001732636
            ],
            [
              -120.89755824784287,
              44.404007659238104
            ],
            [
              -120.89785863998229,
              44.40353153328785
            ],
            [
              -120.89801999357702,
              44.40310236437058
            ],
            [
              -120.89832116275917,
              44.402626251589744
            ],
            [
              -120.89874702079771,
              44.40199938405808
            ],
            [
              -120.8991946297442,
              44.401422429511165
            ],
            [
              -120.89967279847836,
              44.40086854178591
            ],
            [
              -120.90002876489287,
              44.40030790459005
            ],
            [
              -120.90013885882082,
              44.39982156792275
            ],
            [
              -120.90044380811368,
              44.399511172821384
            ],
            [
              -120.90132846092067,
              44.39885629885594
            ],
            [
              -120.90171417235082,
              44.398541239533884
            ],
            [
              -120.9021411326222,
              44.39811955511853
            ],
            [
              -120.90261221814033,
              44.39751076126775
            ],
            [
              -120.90304395655073,
              44.39695493212707
            ],
            [
              -120.90351310619944,
              44.39639978899109
            ],
            [
              -120.9038890008402,
              44.39608004238318
            ],
            [
              -120.90403261180971,
              44.39601680391049
            ],
            [
              -120.90475140866577,
              44.39568050975218
            ],
            [
              -120.90519168556294,
              44.39563616620791
            ],
            [
              -120.90605037615987,
              44.39547717617665
            ],
            [
              -120.90651812264011,
              44.3953459589133
            ],
            [
              -120.90693653005168,
              44.39523131069445
            ],
            [
              -120.90822295077622,
              44.39469570929058
            ],
            [
              -120.90924205982162,
              44.39413772427421
            ],
            [
              -120.90984586872806,
              44.39360707468539
            ],
            [
              -120.91008496073083,
              44.39305227465696
            ],
            [
              -120.91010112681269,
              44.39259823858531
            ],
            [
              -120.91010226318151,
              44.391881812130535
            ],
            [
              -120.91019200398007,
              44.3907301499602
            ],
            [
              -120.91033055743453,
              44.39026088088467
            ],
            [
              -120.9112214975502,
              44.38626002650212
            ],
            [
              -120.9119300994261,
              44.38503724498541
            ],
            [
              -120.91282372011453,
              44.38306700414193
            ],
            [
              -120.91342682025021,
              44.381896817665584
            ],
            [
              -120.91431176411132,
              44.38016801449523
            ],
            [
              -120.91466939779897,
              44.379583942064095
            ],
            [
              -120.91508538604747,
              44.37841032671957
            ],
            [
              -120.91513993624311,
              44.377928101549536
            ],
            [
              -120.91554923653433,
              44.376942281329185
            ],
            [
              -120.91640739083704,
              44.375964653573156
            ],
            [
              -120.91695390519463,
              44.37533032954291
            ],
            [
              -120.9174284537182,
              44.374614150835775
            ],
            [
              -120.91767951397549,
              44.37386704971449
            ],
            [
              -120.91793532182906,
              44.37298580397701
            ],
            [
              -120.91826022270439,
              44.372266894531414
            ],
            [
              -120.91885264187133,
              44.37139178407896
            ],
            [
              -120.9192513779748,
              44.37070106313254
            ],
            [
              -120.91949004327783,
              44.37030272567776
            ],
            [
              -120.91965770394413,
              44.36979571085646
            ],
            [
              -120.91968145450191,
              44.36912500071298
            ],
            [
              -120.91969950614755,
              44.36861525997707
            ],
            [
              -120.91969250377993,
              44.367756067791525
            ],
            [
              -120.91956380214916,
              44.36716311604944
            ],
            [
              -120.91943320417485,
              44.36662382017979
            ],
            [
              -120.91938120609295,
              44.36597857335029
            ],
            [
              -120.91944330483192,
              44.36528171461509
            ],
            [
              -120.91949875424112,
              44.36477265649488
            ],
            [
              -120.9196701977131,
              44.36415832797945
            ],
            [
              -120.91991168192946,
              44.363679503530335
            ],
            [
              -120.92035819133807,
              44.36269434257359
            ],
            [
              -120.92056416604956,
              44.36216117938393
            ],
            [
              -120.9207289431238,
              44.36173464790768
            ],
            [
              -120.9208610682341,
              44.36117329160181
            ],
            [
              -120.9211773210282,
              44.360695826809575
            ],
            [
              -120.92149831602867,
              44.360084217258304
            ],
            [
              -120.9217426137685,
              44.35952490295785
            ],
            [
              -120.92217862546472,
              44.358834846198796
            ],
            [
              -120.92253794079858,
              44.35819708606015
            ],
            [
              -120.92331995928768,
              44.35724486399924
            ],
            [
              -120.92408963312818,
              44.356641406429596
            ],
            [
              -120.92508554497803,
              44.35598836447933
            ],
            [
              -120.92591955615914,
              44.35568136661116
            ],
            [
              -120.92697696936833,
              44.35540526678482
            ],
            [
              -120.92746969799659,
              44.3552262917664
            ],
            [
              -120.92811766898069,
              44.35488905479677
            ],
            [
              -120.92854317038807,
              44.35449408926775
            ],
            [
              -120.92889766176884,
              44.35399044985607
            ],
            [
              -120.92914753355504,
              44.3532701446459
            ],
            [
              -120.92961891102564,
              44.352634394206234
            ],
            [
              -120.9299255994569,
              44.35242518719189
            ],
            [
              -120.93038279252919,
              44.352191863199536
            ],
            [
              -120.93072969943404,
              44.351902845351816
            ],
            [
              -120.93100182069315,
              44.351612474569635
            ],
            [
              -120.93169750569356,
              44.350980778062805
            ],
            [
              -120.9320893391424,
              44.35047780413876
            ],
            [
              -120.93281955717899,
              44.34992726350128
            ],
            [
              -120.93317209831729,
              44.34947726756207
            ],
            [
              -120.93393874124202,
              44.348954225590454
            ],
            [
              -120.93465761175992,
              44.34872561958005
            ],
            [
              -120.93560081046891,
              44.34850106420918
            ],
            [
              -120.93677021754283,
              44.34822689755029
            ],
            [
              -120.93782274212019,
              44.348084836816184
            ],
            [
              -120.93929311625534,
              44.347762386502524
            ],
            [
              -120.9406783615426,
              44.34773368880633
            ],
            [
              -120.94150654086091,
              44.347587548302194
            ],
            [
              -120.9423356544271,
              44.34741457189308
            ],
            [
              -120.94316758061846,
              44.34716110281548
            ],
            [
              -120.94422664043952,
              44.346831180750925
            ],
            [
              -120.94513707489516,
              44.346471725954224
            ],
            [
              -120.94590263534995,
              44.345975429775294
            ],
            [
              -120.94697852151458,
              44.34516255897785
            ],
            [
              -120.94842075053357,
              44.34457102639951
            ],
            [
              -120.94918906522302,
              44.34399422083396
            ],
            [
              -120.95013868329303,
              44.3435817383451
            ],
            [
              -120.95028731135342,
              44.3435130479446
            ],
            [
              -120.9510892230345,
              44.343142420597104
            ],
            [
              -120.9520294716761,
              44.34299821461761
            ],
            [
              -120.95277624656168,
              44.343038451040826
            ],
            [
              -120.95302860757947,
              44.34331143481658
            ],
            [
              -120.95369993925259,
              44.34375466439053
            ],
            [
              -120.95361600067243,
              44.34395224791911
            ],
            [
              -120.95359270466216,
              44.34415955273597
            ],
            [
              -120.95371244200469,
              44.34441558074728
            ],
            [
              -120.95391857751464,
              44.344961662044994
            ],
            [
              -120.95398503308272,
              44.345095536234375
            ],
            [
              -120.95399371709655,
              44.34511303007207
            ],
            [
              -120.95400697892511,
              44.34519404990171
            ],
            [
              -120.95381291946751,
              44.3452251906885
            ],
            [
              -120.95377622867807,
              44.34523496771264
            ],
            [
              -120.95359387965854,
              44.34530910061699
            ],
            [
              -120.95331025457388,
              44.34544693838606
            ],
            [
              -120.95296542367566,
              44.34562655163957
            ],
            [
              -120.95272060760793,
              44.34579366678182
            ],
            [
              -120.95251211851193,
              44.34606147786563
            ],
            [
              -120.95232601812778,
              44.34625822683632
            ],
            [
              -120.95216081435377,
              44.346426766968435
            ],
            [
              -120.95195480820125,
              44.346623162674014
            ],
            [
              -120.95176472109387,
              44.346934177405736
            ],
            [
              -120.9515970280882,
              44.3471741326352
            ],
            [
              -120.95140693918418,
              44.34748514572838
            ],
            [
              -120.95133577644403,
              44.34781258575631
            ],
            [
              -120.95142335589601,
              44.34815716485442
            ],
            [
              -120.95159254549493,
              44.34844603993409
            ],
            [
              -120.95174033991874,
              44.34877740855013
            ],
            [
              -120.9518876375742,
              44.349123057319744
            ],
            [
              -120.95193939131434,
              44.349352658749225
            ],
            [
              -120.95205135822967,
              44.34956904691815
            ],
            [
              -120.95220114960834,
              44.34984328117184
            ],
            [
              -120.95229072511692,
              44.35013072830713
            ],
            [
              -120.9524121530888,
              44.35064741901625
            ],
            [
              -120.95250372195898,
              44.35087773263318
            ],
            [
              -120.95267292593095,
              44.351166606509324
            ],
            [
              -120.95268636382929,
              44.351352643774426
            ],
            [
              -120.95271523208925,
              44.35166758580135
            ],
            [
              -120.95272518901585,
              44.351953604399206
            ],
            [
              -120.95283616958099,
              44.35219855644394
            ],
            [
              -120.95294914171116,
              44.35238637871853
            ],
            [
              -120.95298447784117,
              44.35251564063343
            ],
            [
              -120.95297751320277,
              44.35271560212301
            ],
            [
              -120.95297204246268,
              44.35287271704207
            ],
            [
              -120.95306660002781,
              44.35301733294987
            ],
            [
              -120.95308103505613,
              44.35317480227139
            ],
            [
              -120.9529526415475,
              44.3534297573936
            ],
            [
              -120.9526256799369,
              44.35366685785313
            ],
            [
              -120.95243955529824,
              44.35386360891527
            ],
            [
              -120.95199115763093,
              44.35415569768135
            ],
            [
              -120.9516059564438,
              44.354348876432745
            ],
            [
              -120.95135861251686,
              44.354587403619604
            ],
            [
              -120.95119238735836,
              44.35478450807737
            ],
            [
              -120.95106348540331,
              44.355053742559114
            ],
            [
              -120.95099529878166,
              44.355295481648184
            ],
            [
              -120.95098633629006,
              44.355552577995205
            ],
            [
              -120.95107591449357,
              44.355840024747955
            ],
            [
              -120.95102863166859,
              44.35605355704831
            ],
            [
              -120.95093456099036,
              44.356466335226884
            ],
            [
              -120.95091762954387,
              44.356951958860314
            ],
            [
              -120.95086536466233,
              44.35730832163003
            ],
            [
              -120.95087232480915,
              44.35768003736086
            ],
            [
              -120.95087625943009,
              44.35768668501839
            ],
            [
              -120.95084069602632,
              44.35806220515219
            ],
            [
              -120.95092709329539,
              44.35835225816333
            ],
            [
              -120.95102956501816,
              44.3586426000471
            ],
            [
              -120.95112159382577,
              44.35877119368539
            ],
            [
              -120.95125569792464,
              44.35889497385177
            ],
            [
              -120.95126184689276,
              44.358900650897894
            ],
            [
              -120.95138723014686,
              44.35899522093819
            ],
            [
              -120.95146318539908,
              44.35912352606566
            ],
            [
              -120.95149716237808,
              44.359244729990465
            ],
            [
              -120.95153094891424,
              44.35929304912486
            ],
            [
              -120.95157932498888,
              44.359483350929914
            ],
            [
              -120.95167055160097,
              44.35963501029436
            ],
            [
              -120.95175971478281,
              44.3597149464622
            ],
            [
              -120.95192011885824,
              44.35985874908002
            ],
            [
              -120.9520748446828,
              44.360034625817136
            ],
            [
              -120.95238751230055,
              44.360294116258004
            ],
            [
              -120.95268611679258,
              44.36049565298944
            ],
            [
              -120.95304621455907,
              44.36077907041161
            ],
            [
              -120.95372501841867,
              44.36114898317118
            ],
            [
              -120.95432226423364,
              44.36154514337425
            ],
            [
              -120.95461619748617,
              44.36172033812651
            ],
            [
              -120.95496064839703,
              44.36212668291558
            ],
            [
              -120.95526826838123,
              44.362446616280586
            ],
            [
              -120.9555753924954,
              44.36278083109264
            ],
            [
              -120.95592383282444,
              44.363072908805556
            ],
            [
              -120.95615529992706,
              44.36329143180402
            ],
            [
              -120.95648929804128,
              44.36342603800488
            ],
            [
              -120.95672374755065,
              44.36355886109005
            ],
            [
              -120.95693679918996,
              44.363734177622185
            ],
            [
              -120.95718619666566,
              44.36401018810994
            ],
            [
              -120.95733852668333,
              44.364213000982254
            ],
            [
              -120.95770788787702,
              44.36447686435767
            ],
            [
              -120.95801751918914,
              44.36473965790981
            ],
            [
              -120.95832665732618,
              44.36501673293212
            ],
            [
              -120.95881648259946,
              44.36525416283865
            ],
            [
              -120.95904846353845,
              44.36545839644723
            ],
            [
              -120.95916197555606,
              44.36563192968889
            ],
            [
              -120.95927002941002,
              44.36596257563295
            ],
            [
              -120.9592541543823,
              44.366419634945586
            ],
            [
              -120.95919795937141,
              44.36689026648069
            ],
            [
              -120.95918952688584,
              44.367133078628626
            ],
            [
              -120.95927866491485,
              44.3674348026457
            ],
            [
              -120.95936631533374,
              44.36777937682499
            ],
            [
              -120.9594166236846,
              44.36805182282114
            ],
            [
              -120.95964068058444,
              44.36848458613175
            ],
            [
              -120.95984731196444,
              44.368845578108626
            ],
            [
              -120.96001560863793,
              44.36916300824376
            ],
            [
              -120.96018440118152,
              44.369466155097946
            ],
            [
              -120.96033129998497,
              44.36982607762045
            ],
            [
              -120.96041945525707,
              44.370156367256605
            ],
            [
              -120.96048373330892,
              44.37060056509119
            ],
            [
              -120.96047692407907,
              44.37065117566026
            ],
            [
              -120.96049672923614,
              44.3708565321789
            ],
            [
              -120.96065295704383,
              44.37125995159176
            ],
            [
              -120.96084648110548,
              44.37151548620995
            ],
            [
              -120.96106570596741,
              44.371685952021345
            ],
            [
              -120.96142525486326,
              44.37181390829011
            ],
            [
              -120.96285836867706,
              44.37188448292223
            ],
            [
              -120.96308949262324,
              44.37193811938029
            ],
            [
              -120.96337206757732,
              44.37209170370844
            ],
            [
              -120.96390057340842,
              44.37259628363211
            ],
            [
              -120.96424776238428,
              44.37278702959319
            ],
            [
              -120.96450382985097,
              44.37286811647271
            ],
            [
              -120.96490693356334,
              44.372922505877234
            ],
            [
              -120.96525927797062,
              44.3730868199665
            ],
            [
              -120.96562576096211,
              44.373436356535194
            ],
            [
              -120.96577540142383,
              44.373674978744575
            ],
            [
              -120.96585235739927,
              44.37379769298402
            ],
            [
              -120.96593299107751,
              44.37411699948109
            ],
            [
              -120.96595749622014,
              44.37421403182929
            ],
            [
              -120.96594414186512,
              44.37459967789682
            ],
            [
              -120.96602863829908,
              44.37470222571955
            ],
            [
              -120.96623098112187,
              44.37494779410783
            ],
            [
              -120.96663730798949,
              44.375298036786546
            ],
            [
              -120.96672029794873,
              44.375310198662035
            ],
            [
              -120.9671924335974,
              44.37537938280476
            ],
            [
              -120.96790835674287,
              44.375420711025704
            ],
            [
              -120.96896035221255,
              44.375539470827334
            ],
            [
              -120.96959415496801,
              44.37565078857974
            ],
            [
              -120.97022697047495,
              44.37579066809419
            ],
            [
              -120.97090109860349,
              44.375888400111485
            ],
            [
              -120.97187197260973,
              44.37604857085555
            ],
            [
              -120.97282589720321,
              44.37612267826528
            ],
            [
              -120.97312725413327,
              44.37612148013727
            ],
            [
              -120.97341805136716,
              44.37618209665146
            ],
            [
              -120.97499925515048,
              44.376102095629825
            ],
            [
              -120.97584817836533,
              44.37593226934836
            ],
            [
              -120.97592920101404,
              44.37592372126099
            ],
            [
              -120.97636415629147,
              44.37590835036745
            ],
            [
              -120.97684616262853,
              44.37592843417042
            ],
            [
              -120.97734503842831,
              44.375925732915704
            ],
            [
              -120.97763487715977,
              44.37591932554154
            ],
            [
              -120.97784471103374,
              44.375899962798094
            ],
            [
              -120.97866876438997,
              44.37579915263438
            ],
            [
              -120.97905825503254,
              44.375702187121476
            ],
            [
              -120.97951166799407,
              44.37561789115218
            ],
            [
              -120.9796770316682,
              44.37561193256469
            ],
            [
              -120.9799354446361,
              44.37562229267301
            ],
            [
              -120.98028122774852,
              44.375673420278396
            ],
            [
              -120.98061323968766,
              44.37583267342641
            ],
            [
              -120.98070854734604,
              44.375904486936165
            ],
            [
              -120.98098966433442,
              44.376151799959736
            ],
            [
              -120.98107900807764,
              44.376361101398885
            ],
            [
              -120.98122471661335,
              44.378027524402945
            ],
            [
              -120.98097676003535,
              44.37901678444371
            ],
            [
              -120.98082125806644,
              44.37945517838414
            ],
            [
              -120.98053119295949,
              44.37985968396848
            ],
            [
              -120.9797777067604,
              44.38055309103054
            ],
            [
              -120.97955959580943,
              44.38081052531976
            ],
            [
              -120.9791042388936,
              44.38129332255145
            ],
            [
              -120.97878386283234,
              44.38191649751002
            ],
            [
              -120.97895893998967,
              44.38261990266821
            ],
            [
              -120.97935900919302,
              44.383155784074894
            ],
            [
              -120.97978440459916,
              44.383534903079905
            ],
            [
              -120.98012964962074,
              44.383926892333555
            ],
            [
              -120.98037727202545,
              44.38425998820673
            ],
            [
              -120.98070850063364,
              44.38448022460219
            ],
            [
              -120.98088775585533,
              44.384483395400366
            ],
            [
              -120.98099176459556,
              44.38435660699531
            ],
            [
              -120.98107929194528,
              44.38412948280429
            ],
            [
              -120.98125581898343,
              44.38363238784089
            ],
            [
              -120.98154174555182,
              44.382851386184704
            ],
            [
              -120.98183531049511,
              44.38242781739305
            ],
            [
              -120.98206519117296,
              44.38211745779235
            ],
            [
              -120.98243841332572,
              44.38169529421419
            ],
            [
              -120.98307005383626,
              44.381291989061566
            ],
            [
              -120.98340271256241,
              44.38115909832765
            ],
            [
              -120.98374125615196,
              44.381059743068576
            ],
            [
              -120.98435264324613,
              44.38096249606924
            ],
            [
              -120.98516757510895,
              44.38085533016137
            ],
            [
              -120.98537244489263,
              44.38084991077151
            ],
            [
              -120.98553741240971,
              44.38082103731195
            ],
            [
              -120.98629912807512,
              44.38069155534902
            ],
            [
              -120.98696272974517,
              44.38051746128638
            ],
            [
              -120.98774533483416,
              44.380359752780194
            ],
            [
              -120.98848614490628,
              44.380258471334024
            ],
            [
              -120.98905620859902,
              44.38024773709554
            ],
            [
              -120.98946252378856,
              44.38026137591498
            ],
            [
              -120.9900604963406,
              44.380257612928844
            ],
            [
              -120.9904012982948,
              44.38024327236055
            ],
            [
              -120.9905467364376,
              44.380394046541845
            ],
            [
              -120.99054200141772,
              44.38053244446481
            ],
            [
              -120.99050470785872,
              44.38068180799564
            ],
            [
              -120.99018850267532,
              44.38098782545215
            ],
            [
              -120.98968474543031,
              44.38164617754679
            ],
            [
              -120.989467015365,
              44.38187644571643
            ],
            [
              -120.98917644270993,
              44.38221433499769
            ],
            [
              -120.98902195134569,
              44.382568912098876
            ],
            [
              -120.98907378683252,
              44.382884246805844
            ],
            [
              -120.98920195486401,
              44.383215219720306
            ],
            [
              -120.98946808076691,
              44.38359149684099
            ],
            [
              -120.98987314101001,
              44.38398451098553
            ],
            [
              -120.99032390843304,
              44.38420682398706
            ],
            [
              -120.99081207092475,
              44.384501251760845
            ],
            [
              -120.99124195072082,
              44.3847517807902
            ],
            [
              -120.99142522949666,
              44.3848480796991
            ],
            [
              -120.9918409141146,
              44.3851775405516
            ],
            [
              -120.99245831902284,
              44.3856668666474
            ],
            [
              -120.99329525871183,
              44.38660478330077
            ],
            [
              -120.99391690995641,
              44.38725041082373
            ],
            [
              -120.9941161419134,
              44.38754241401983
            ],
            [
              -120.99428242007248,
              44.387856916283475
            ],
            [
              -120.9944020280576,
              44.38812443947175
            ],
            [
              -120.99442552798546,
              44.38837873279173
            ],
            [
              -120.99419516311566,
              44.388997849717015
            ],
            [
              -120.99335976673235,
              44.39040035510316
            ],
            [
              -120.99328218463116,
              44.39062672381133
            ],
            [
              -120.99263708376438,
              44.39154718950553
            ],
            [
              -120.99255058588399,
              44.39166720941029
            ],
            [
              -120.99248809188632,
              44.39179665233359
            ],
            [
              -120.99248386351627,
              44.39203515414342
            ],
            [
              -120.99343897837748,
              44.393456380108674
            ],
            [
              -120.99362268025983,
              44.393936758398816
            ],
            [
              -120.99388950774697,
              44.39462566153574
            ],
            [
              -120.99459050718062,
              44.39615945319152
            ],
            [
              -120.99486981136879,
              44.397586809417426
            ],
            [
              -120.9948351004662,
              44.39795981895155
            ],
            [
              -120.99480817256723,
              44.39854780938455
            ],
            [
              -120.99477849133193,
              44.399017031908784
            ],
            [
              -120.99475632989387,
              44.39966559749921
            ],
            [
              -120.99485365786335,
              44.39999611097185
            ],
            [
              -120.99502803433471,
              44.40054429543831
            ],
            [
              -120.99513831780719,
              44.400849077544066
            ],
            [
              -120.99544922293039,
              44.40128717320676
            ],
            [
              -120.99560071571823,
              44.40144558266253
            ],
            [
              -120.99589504961938,
              44.4016541557207
            ],
            [
              -120.99595006065076,
              44.40171556923144
            ],
            [
              -120.99647553017618,
              44.40204888798071
            ],
            [
              -120.99705848738824,
              44.40226167228498
            ],
            [
              -120.99781821238696,
              44.402423534527344
            ],
            [
              -120.99979705543082,
              44.40260223954456
            ],
            [
              -121.00012155475919,
              44.4024998856366
            ],
            [
              -121.00092323647158,
              44.40235186329453
            ],
            [
              -121.00114765359585,
              44.40226126025137
            ],
            [
              -121.0022093742268,
              44.4018521986423
            ],
            [
              -121.00243822633361,
              44.40181568911589
            ],
            [
              -121.00307640298621,
              44.40181334653927
            ],
            [
              -121.00440366561511,
              44.401904063874824
            ],
            [
              -121.00537445607803,
              44.402114583798856
            ],
            [
              -121.00629602425329,
              44.402526800558164
            ],
            [
              -121.00714077838691,
              44.40282063301336
            ],
            [
              -121.0077283879738,
              44.40292091402126
            ],
            [
              -121.00966883971736,
              44.40307628468001
            ],
            [
              -121.01194457506429,
              44.403714608658085
            ],
            [
              -121.0124979247029,
              44.40382169292524
            ],
            [
              -121.01271252773269,
              44.403855087286026
            ],
            [
              -121.01328234977865,
              44.40394375803304
            ],
            [
              -121.01462395940098,
              44.40388922031544
            ],
            [
              -121.01494168902539,
              44.40377360819547
            ],
            [
              -121.0154174026639,
              44.403626126889385
            ],
            [
              -121.0158083827132,
              44.403485825485646
            ],
            [
              -121.01618788408979,
              44.4033280184144
            ],
            [
              -121.01648177512153,
              44.40320333289081
            ],
            [
              -121.01677829462378,
              44.40300081806619
            ],
            [
              -121.01745605913258,
              44.40258860593039
            ],
            [
              -121.01768661803848,
              44.40251763894795
            ],
            [
              -121.01786286659889,
              44.402476046182336
            ],
            [
              -121.01810674302887,
              44.40241275686051
            ],
            [
              -121.01887109075804,
              44.40229997727969
            ],
            [
              -121.01930469407094,
              44.40228949289119
            ],
            [
              -121.02017281248679,
              44.40238106821095
            ],
            [
              -121.02075472765311,
              44.40255770614051
            ],
            [
              -121.02093274409802,
              44.40265532223452
            ],
            [
              -121.02133194642713,
              44.40287380407223
            ],
            [
              -121.02258303191995,
              44.40375974702222
            ],
            [
              -121.0227875747169,
              44.4038623188563
            ],
            [
              -121.02358034783661,
              44.40402458740771
            ],
            [
              -121.02452289706363,
              44.403887844341156
            ],
            [
              -121.02543929453608,
              44.40366511769695
            ],
            [
              -121.02668621364265,
              44.403299543039076
            ],
            [
              -121.02821139309496,
              44.40266417447921
            ],
            [
              -121.02870559316365,
              44.40232159233994
            ],
            [
              -121.0289582784733,
              44.402042362807364
            ],
            [
              -121.02941894982237,
              44.40078090932426
            ],
            [
              -121.02955180795794,
              44.39993243130656
            ],
            [
              -121.02949399687783,
              44.39915268562004
            ],
            [
              -121.02926293761033,
              44.3982033969999
            ],
            [
              -121.02860179822248,
              44.397044121680636
            ],
            [
              -121.02820451289818,
              44.396114470713336
            ],
            [
              -121.0277449033578,
              44.395381804287695
            ],
            [
              -121.02712888005843,
              44.39486700496447
            ],
            [
              -121.02567499989023,
              44.39415766381851
            ],
            [
              -121.02491965148359,
              44.393843006695434
            ],
            [
              -121.02309317977993,
              44.392780578527955
            ],
            [
              -121.02288075067311,
              44.392610349366386
            ],
            [
              -121.02252715940423,
              44.39218109071022
            ],
            [
              -121.02215713705051,
              44.39151747527827
            ],
            [
              -121.02180369130868,
              44.391200755598526
            ],
            [
              -121.02122099370978,
              44.39093407840066
            ],
            [
              -121.01968750034948,
              44.39054288391266
            ],
            [
              -121.01911557175418,
              44.39035290704789
            ],
            [
              -121.01888821354565,
              44.390276941292925
            ],
            [
              -121.01847233129834,
              44.39006716321654
            ],
            [
              -121.01816396840739,
              44.38978722363922
            ],
            [
              -121.01801427943666,
              44.389456021477734
            ],
            [
              -121.01808063708837,
              44.3887684537162
            ],
            [
              -121.01813133261314,
              44.388242663797904
            ],
            [
              -121.01837651070197,
              44.38716207106718
            ],
            [
              -121.0183078012608,
              44.38659369842704
            ],
            [
              -121.01833678989505,
              44.3862926033842
            ],
            [
              -121.01838477520255,
              44.38587030043182
            ],
            [
              -121.01855238466489,
              44.385414060573325
            ],
            [
              -121.01863071955432,
              44.384789719758295
            ],
            [
              -121.01875519910323,
              44.384472277383296
            ],
            [
              -121.01913237294495,
              44.383781095685556
            ],
            [
              -121.01956670658818,
              44.383162927038505
            ],
            [
              -121.01999544821878,
              44.382733719791624
            ],
            [
              -121.02038872615859,
              44.382425436161384
            ],
            [
              -121.02100992914386,
              44.38203557156669
            ],
            [
              -121.02206341851185,
              44.38145963103757
            ],
            [
              -121.02272358412594,
              44.381146958211886
            ],
            [
              -121.02327606958525,
              44.38088643466307
            ],
            [
              -121.02450882585302,
              44.38048462758636
            ],
            [
              -121.02532381610632,
              44.38035017294327
            ],
            [
              -121.02695543244505,
              44.380265834228176
            ],
            [
              -121.02754246800852,
              44.38030748579751
            ],
            [
              -121.02861174706423,
              44.380123381194245
            ],
            [
              -121.02976006349193,
              44.38017920844835
            ],
            [
              -121.03034574349762,
              44.380144294350686
            ],
            [
              -121.03142155689874,
              44.3799287683559
            ],
            [
              -121.03294098264165,
              44.379468790422266
            ],
            [
              -121.03355249819488,
              44.37941179845862
            ],
            [
              -121.03402596424854,
              44.37940690862439
            ],
            [
              -121.03430104904982,
              44.37941164500925
            ],
            [
              -121.03435630621955,
              44.379403496141386
            ],
            [
              -121.0348217440295,
              44.37933485543168
            ],
            [
              -121.03526324802534,
              44.37924241066515
            ],
            [
              -121.03584894330238,
              44.37900952412081
            ],
            [
              -121.03646028009089,
              44.37860557189408
            ],
            [
              -121.0370559888884,
              44.37807271982196
            ],
            [
              -121.03745822303159,
              44.37767925442646
            ],
            [
              -121.03808948175816,
              44.37699636774335
            ],
            [
              -121.03818303500678,
              44.3768951613806
            ],
            [
              -121.03821231469516,
              44.37686348523761
            ],
            [
              -121.03829996421572,
              44.376799129335105
            ],
            [
              -121.03876386680489,
              44.37645849344595
            ],
            [
              -121.03902575176134,
              44.376259585096655
            ],
            [
              -121.04000921835124,
              44.37565603829731
            ],
            [
              -121.04051016386944,
              44.3754080509102
            ],
            [
              -121.0409477197696,
              44.375256774614634
            ],
            [
              -121.04115130496244,
              44.37517291591228
            ],
            [
              -121.04189498784683,
              44.374867248185474
            ],
            [
              -121.04246435265031,
              44.374579356702995
            ],
            [
              -121.04274730310017,
              44.37448729739461
            ],
            [
              -121.04296158004152,
              44.374428667716494
            ],
            [
              -121.04319468836619,
              44.374384208545045
            ],
            [
              -121.04337038176777,
              44.37432491868153
            ],
            [
              -121.04357639690345,
              44.374224616921495
            ],
            [
              -121.04373671653725,
              44.37404738684617
            ],
            [
              -121.04391563399241,
              44.37389123857248
            ],
            [
              -121.04412441144757,
              44.37370791579026
            ],
            [
              -121.04420525892485,
              44.37359854507867
            ],
            [
              -121.04472041129924,
              44.373198957225966
            ],
            [
              -121.04483796663396,
              44.37312192705467
            ],
            [
              -121.04498417822624,
              44.37300442218534
            ],
            [
              -121.04550819068427,
              44.37271546461395
            ],
            [
              -121.04556714531975,
              44.372693093757604
            ],
            [
              -121.04605185738244,
              44.3724977293396
            ],
            [
              -121.04641528250872,
              44.37234785306393
            ],
            [
              -121.04647611282653,
              44.3723227645931
            ],
            [
              -121.04664969967875,
              44.37222893717425
            ],
            [
              -121.04684133458339,
              44.3721253518375
            ],
            [
              -121.04716067937869,
              44.37195931029152
            ],
            [
              -121.0473729800264,
              44.37186647052886
            ],
            [
              -121.04745871883037,
              44.37182755613746
            ],
            [
              -121.0474814542919,
              44.37181723709629
            ],
            [
              -121.04755505326312,
              44.37178383215794
            ],
            [
              -121.04770832741016,
              44.37166854445567
            ],
            [
              -121.04787724481956,
              44.37153208601664
            ],
            [
              -121.0482545435271,
              44.37142062751301
            ],
            [
              -121.04845140303341,
              44.37138526961423
            ],
            [
              -121.04869051659573,
              44.37134232742616
            ],
            [
              -121.04903438629661,
              44.371337485078264
            ],
            [
              -121.04936903838436,
              44.37131582775112
            ],
            [
              -121.04955854607837,
              44.37130356166214
            ],
            [
              -121.04990383781232,
              44.37125586503228
            ],
            [
              -121.05003775685825,
              44.37122242830899
            ],
            [
              -121.05014493665144,
              44.37119566787182
            ],
            [
              -121.05022017594635,
              44.37119695343131
            ],
            [
              -121.05041377187325,
              44.37120025979775
            ],
            [
              -121.05057841689515,
              44.371192351230874
            ],
            [
              -121.05077471046282,
              44.37113138921841
            ],
            [
              -121.0508668084407,
              44.371057927263436
            ],
            [
              -121.05099055765929,
              44.3709314128749
            ],
            [
              -121.05115867736471,
              44.37084121774803
            ],
            [
              -121.05124641581851,
              44.3708116021742
            ],
            [
              -121.05135434750159,
              44.370758066142955
            ],
            [
              -121.05140394977666,
              44.3707173787008
            ],
            [
              -121.05140471064968,
              44.37071659913931
            ],
            [
              -121.05146291070031,
              44.37065709686602
            ],
            [
              -121.05146388537239,
              44.37065610218569
            ],
            [
              -121.05147605484954,
              44.37058016481023
            ],
            [
              -121.05147204027854,
              44.37054229690229
            ],
            [
              -121.05146870483387,
              44.37051081767215
            ],
            [
              -121.05149970479603,
              44.3704490452044
            ],
            [
              -121.0515426972672,
              44.370401501351616
            ],
            [
              -121.051562350609,
              44.37036234710822
            ],
            [
              -121.05171845175423,
              44.370161352259196
            ],
            [
              -121.05184219378629,
              44.37003483464968
            ],
            [
              -121.05201038715359,
              44.36991979394367
            ],
            [
              -121.05201996678775,
              44.36991418346478
            ],
            [
              -121.05218706061714,
              44.36981629378205
            ],
            [
              -121.05221685234523,
              44.36977598262955
            ],
            [
              -121.05225772389402,
              44.36970745713849
            ],
            [
              -121.05226989337119,
              44.369631519175236
            ],
            [
              -121.05226276973099,
              44.36955525297195
            ],
            [
              -121.05224531456668,
              44.36949957933862
            ],
            [
              -121.05222786209734,
              44.36944390244159
            ],
            [
              -121.05224898687959,
              44.36938888562949
            ],
            [
              -121.05232820840617,
              44.36932793522511
            ],
            [
              -121.05239709840869,
              44.36928757814328
            ],
            [
              -121.05253395943716,
              44.36923453518149
            ],
            [
              -121.05262168172126,
              44.36920834278929
            ],
            [
              -121.05272846086585,
              44.369189395872766
            ],
            [
              -121.05279735176664,
              44.369149038695475
            ],
            [
              -121.05285682562835,
              44.36910159717525
            ],
            [
              -121.05296635631265,
              44.3689996309764
            ],
            [
              -121.05306624088739,
              44.36889750084852
            ],
            [
              -121.0531658990867,
              44.368802288574294
            ],
            [
              -121.05317583355543,
              44.36879617710048
            ],
            [
              -121.05326441193402,
              44.3687416689164
            ],
            [
              -121.05334169399791,
              44.36869944080403
            ],
            [
              -121.05362364282625,
              44.36858599390044
            ],
            [
              -121.05363657048149,
              44.36858204136712
            ],
            [
              -121.05370745204901,
              44.36856037274638
            ],
            [
              -121.05403342641108,
              44.36835229886687
            ],
            [
              -121.05467299904561,
              44.36806193510416
            ],
            [
              -121.0549442417524,
              44.36796535813833
            ],
            [
              -121.05539866172536,
              44.367780157709845
            ],
            [
              -121.05561235386348,
              44.367644448621824
            ],
            [
              -121.05579830333068,
              44.36744395562022
            ],
            [
              -121.05590993337775,
              44.36723147690793
            ],
            [
              -121.05608271803445,
              44.366977162371505
            ],
            [
              -121.05609754562653,
              44.36693476858783
            ],
            [
              -121.05619824497325,
              44.366646840037234
            ],
            [
              -121.05631093682901,
              44.36640222131933
            ],
            [
              -121.05637988701864,
              44.366124701388436
            ],
            [
              -121.0564452484387,
              44.3660578631645
            ],
            [
              -121.05647166250134,
              44.36601356910438
            ],
            [
              -121.05655156315427,
              44.36593186200703
            ],
            [
              -121.05662196861466,
              44.36586774711654
            ],
            [
              -121.0566411072218,
              44.365850319197904
            ],
            [
              -121.0567216932893,
              44.36574785862702
            ],
            [
              -121.05677266100356,
              44.36566565859297
            ],
            [
              -121.05676484745725,
              44.365610147592065
            ],
            [
              -121.05670881054982,
              44.36555381580762
            ],
            [
              -121.05660087976509,
              44.365454864986425
            ],
            [
              -121.05651064848637,
              44.365333722073785
            ],
            [
              -121.05629549928086,
              44.365062084815264
            ],
            [
              -121.05623868173745,
              44.36494612562074
            ],
            [
              -121.05609953719153,
              44.364662147157624
            ],
            [
              -121.05594765543317,
              44.36414907237941
            ],
            [
              -121.0556926641482,
              44.363698151670235
            ],
            [
              -121.05516316118711,
              44.36313095579255
            ],
            [
              -121.05490877716329,
              44.362545935686676
            ],
            [
              -121.05486235133108,
              44.36248427555879
            ],
            [
              -121.05477485362579,
              44.362249250516676
            ],
            [
              -121.05434211269555,
              44.36178096055499
            ],
            [
              -121.05397659269802,
              44.361538914254986
            ],
            [
              -121.05363916661265,
              44.36135093891736
            ],
            [
              -121.05316660606083,
              44.361130249443164
            ],
            [
              -121.05313890291578,
              44.36111731199858
            ],
            [
              -121.05308780853905,
              44.361065939834035
            ],
            [
              -121.05283525258682,
              44.360812001864474
            ],
            [
              -121.05267702692593,
              44.36062708067898
            ],
            [
              -121.05266243379414,
              44.360590551858344
            ],
            [
              -121.05264893750532,
              44.36057300547952
            ],
            [
              -121.05261017340419,
              44.36039012270281
            ],
            [
              -121.05266065153661,
              44.36021947950867
            ],
            [
              -121.05286009819093,
              44.36006209527009
            ],
            [
              -121.05321277317822,
              44.35978941493918
            ],
            [
              -121.05362694952481,
              44.359464187635446
            ],
            [
              -121.05402228640325,
              44.35925654644771
            ],
            [
              -121.05441797362467,
              44.35903818951966
            ],
            [
              -121.05480298167396,
              44.358691021799686
            ],
            [
              -121.05508057816472,
              44.35850110150272
            ],
            [
              -121.05519721811618,
              44.35845355565944
            ],
            [
              -121.05533382402311,
              44.35840742728475
            ],
            [
              -121.05543162720136,
              44.358367559160214
            ],
            [
              -121.05561805008068,
              44.35827382114308
            ],
            [
              -121.05579138630297,
              44.35814043114536
            ],
            [
              -121.05582762344324,
              44.358115638461086
            ],
            [
              -121.05591464953301,
              44.35805609512697
            ],
            [
              -121.0559726178183,
              44.35798306572885
            ],
            [
              -121.05613291140097,
              44.35778111635771
            ],
            [
              -121.05630354010097,
              44.35759108006898
            ],
            [
              -121.05648803699232,
              44.35743343506622
            ],
            [
              -121.05670523076341,
              44.357190594917746
            ],
            [
              -121.05689291308079,
              44.35693653288879
            ],
            [
              -121.0572011097834,
              44.356652364660704
            ],
            [
              -121.05725845463787,
              44.35657473337567
            ],
            [
              -121.05745046234334,
              44.356369182912196
            ],
            [
              -121.05764554677864,
              44.35619012476933
            ],
            [
              -121.05769833358137,
              44.35605257817762
            ],
            [
              -121.05768367846582,
              44.356005840293015
            ],
            [
              -121.05767215038578,
              44.355969066442434
            ],
            [
              -121.05761680787607,
              44.35589197892712
            ],
            [
              -121.05745836931449,
              44.35572314999667
            ],
            [
              -121.05682832511017,
              44.35522787249791
            ],
            [
              -121.05592306225563,
              44.35458569954541
            ],
            [
              -121.0551418190126,
              44.354267217299
            ],
            [
              -121.05410565185824,
              44.35389395310666
            ],
            [
              -121.05364403098993,
              44.353363916360856
            ],
            [
              -121.0534980098405,
              44.35277623772241
            ],
            [
              -121.0537075167277,
              44.35175347394085
            ],
            [
              -121.05410507424152,
              44.3510670217906
            ],
            [
              -121.05505191292403,
              44.350416931697985
            ],
            [
              -121.05574176695995,
              44.350257622292816
            ],
            [
              -121.05636390778638,
              44.35001162727811
            ],
            [
              -121.05696510978184,
              44.349544701554585
            ],
            [
              -121.05755281459017,
              44.348987513786774
            ],
            [
              -121.05822888667299,
              44.3486749046311
            ],
            [
              -121.05901083599186,
              44.348409104597124
            ],
            [
              -121.0605501171975,
              44.348219181168275
            ],
            [
              -121.06214992688696,
              44.348048272553775
            ],
            [
              -121.06265097121985,
              44.348025261448335
            ],
            [
              -121.06441503336745,
              44.347938131882074
            ],
            [
              -121.06706700291831,
              44.34729431994624
            ],
            [
              -121.06923415171032,
              44.34655856540471
            ],
            [
              -121.06955958887988,
              44.345997526888134
            ],
            [
              -121.06995156426252,
              44.34514775112618
            ],
            [
              -121.0700112716862,
              44.34507868866989
            ],
            [
              -121.07051114192099,
              44.34441183730073
            ],
            [
              -121.07056411198005,
              44.344338644424596
            ],
            [
              -121.07088665298113,
              44.3438929484536
            ],
            [
              -121.0711385118407,
              44.34350059872039
            ],
            [
              -121.07155633894058,
              44.343057457168
            ],
            [
              -121.07207865448107,
              44.34261607900589
            ],
            [
              -121.07247662342331,
              44.34232266388256
            ],
            [
              -121.07348663882313,
              44.34203957736116
            ],
            [
              -121.073557185319,
              44.34204358565153
            ],
            [
              -121.07360254934252,
              44.34203357552558
            ],
            [
              -121.07469090951324,
              44.34203891370288
            ],
            [
              -121.0752871411302,
              44.34211406251774
            ],
            [
              -121.07595335240617,
              44.342268507546166
            ],
            [
              -121.07618481142397,
              44.34240260439258
            ],
            [
              -121.07644700719752,
              44.34270647306149
            ],
            [
              -121.07661315150764,
              44.342838806670066
            ],
            [
              -121.07720208251634,
              44.34306691461559
            ],
            [
              -121.07778114014172,
              44.34317313653289
            ],
            [
              -121.07828905928147,
              44.343170967639246
            ],
            [
              -121.07887231832746,
              44.34314862468934
            ],
            [
              -121.07974114281912,
              44.34309706138411
            ],
            [
              -121.07956859441933,
              44.343782040612254
            ],
            [
              -121.07962329463365,
              44.344393944946276
            ],
            [
              -121.07982560691372,
              44.346199336349976
            ],
            [
              -121.07983148908221,
              44.34625183870119
            ],
            [
              -121.08000842844709,
              44.346780045957026
            ],
            [
              -121.08009564318306,
              44.34721868055383
            ],
            [
              -121.08012390328359,
              44.34736081469345
            ],
            [
              -121.0800805766391,
              44.34755627900623
            ],
            [
              -121.08003631305178,
              44.3477559471398
            ],
            [
              -121.08005070585929,
              44.34822543675674
            ],
            [
              -121.08004873675219,
              44.348269527137916
            ],
            [
              -121.08011435778538,
              44.34926108975435
            ],
            [
              -121.08011975396528,
              44.349282128274666
            ],
            [
              -121.08041868993564,
              44.34974466354512
            ],
            [
              -121.0805294827529,
              44.349848953313575
            ],
            [
              -121.08071614009252,
              44.34996134704187
            ],
            [
              -121.08103350140769,
              44.350065317809644
            ],
            [
              -121.08143809003523,
              44.350126275408265
            ],
            [
              -121.0814013067193,
              44.349555918062684
            ],
            [
              -121.08137909048399,
              44.3491050552716
            ],
            [
              -121.08136674044547,
              44.348877994778874
            ],
            [
              -121.08135600827276,
              44.34868067581311
            ],
            [
              -121.08153934184584,
              44.34849892313532
            ],
            [
              -121.08202858770576,
              44.348440231470576
            ],
            [
              -121.08245069976958,
              44.34837640321476
            ],
            [
              -121.08265950237757,
              44.34834482984763
            ],
            [
              -121.08345607447264,
              44.3482654531071
            ],
            [
              -121.08431103077291,
              44.348094303730946
            ],
            [
              -121.08441997395902,
              44.34808382761998
            ],
            [
              -121.0856090316798,
              44.34812878276521
            ],
            [
              -121.08728147734651,
              44.34835036530574
            ],
            [
              -121.08921273662973,
              44.34871579945598
            ],
            [
              -121.09098637841156,
              44.349492701278564
            ],
            [
              -121.09230042592432,
              44.35036993558411
            ],
            [
              -121.09371749313219,
              44.35092476752381
            ],
            [
              -121.09594609567279,
              44.351362572657045
            ],
            [
              -121.09599742720475,
              44.351359965337885
            ],
            [
              -121.09631611712821,
              44.35142201744657
            ],
            [
              -121.09712345732856,
              44.35158122091029
            ],
            [
              -121.0976003091325,
              44.35168191538117
            ],
            [
              -121.09828060778875,
              44.35177274574494
            ],
            [
              -121.09885488188526,
              44.35171606020939
            ],
            [
              -121.09956134217752,
              44.35156882478778
            ],
            [
              -121.10000941824798,
              44.35141728393697
            ],
            [
              -121.10058796742695,
              44.35122816420822
            ],
            [
              -121.10092615977524,
              44.3510482938321
            ],
            [
              -121.1013008345038,
              44.350882278617185
            ],
            [
              -121.10156006853188,
              44.35086008763408
            ],
            [
              -121.10184414636743,
              44.35090274100098
            ],
            [
              -121.10205623411446,
              44.35093458470834
            ],
            [
              -121.10245242798567,
              44.35124591251584
            ],
            [
              -121.1027730924061,
              44.35160898338481
            ],
            [
              -121.1030426678397,
              44.351838707400056
            ],
            [
              -121.10331309667285,
              44.35204194588738
            ],
            [
              -121.10332748858202,
              44.35205321266302
            ],
            [
              -121.10374536329262,
              44.3523803676648
            ],
            [
              -121.1039307953302,
              44.35247358581923
            ],
            [
              -121.10396066880499,
              44.35248860250867
            ],
            [
              -121.10443328505235,
              44.35259007715023
            ],
            [
              -121.10464288446603,
              44.352607265566085
            ],
            [
              -121.10510044944084,
              44.35273410665675
            ],
            [
              -121.10551811574227,
              44.3529530324217
            ],
            [
              -121.10562127467627,
              44.35302494142996
            ],
            [
              -121.10564576993744,
              44.35304201666706
            ],
            [
              -121.10641659002823,
              44.3535793133774
            ],
            [
              -121.10676430811175,
              44.35382168417635
            ],
            [
              -121.10736826164695,
              44.35399069137071
            ],
            [
              -121.10860400930463,
              44.3540376672384
            ],
            [
              -121.1092865609356,
              44.35393649571232
            ],
            [
              -121.10932765436824,
              44.35393040516909
            ],
            [
              -121.10966668843795,
              44.35372402132163
            ],
            [
              -121.10991684409176,
              44.353410169464425
            ],
            [
              -121.10998285409546,
              44.353278301646384
            ],
            [
              -121.11013391479365,
              44.35297652141849
            ],
            [
              -121.11023764595444,
              44.35241306809794
            ],
            [
              -121.11120008298356,
              44.34914454105847
            ],
            [
              -121.11181774570828,
              44.3484930375906
            ],
            [
              -121.11271599182213,
              44.3481387623004
            ],
            [
              -121.11296649692056,
              44.34798084904504
            ],
            [
              -121.11351553644245,
              44.347634301894225
            ],
            [
              -121.11398689325179,
              44.3471424237162
            ],
            [
              -121.11439799736011,
              44.346573022787915
            ],
            [
              -121.11452893399928,
              44.345863952839345
            ],
            [
              -121.11392236546831,
              44.34580442082585
            ],
            [
              -121.11259013066429,
              44.34580492191024
            ],
            [
              -121.111513365049,
              44.34568809203
            ],
            [
              -121.11069188446776,
              44.3455574679051
            ],
            [
              -121.11017819275399,
              44.34541392506216
            ],
            [
              -121.109716208068,
              44.345320751569986
            ],
            [
              -121.1092539592773,
              44.34518706098541
            ],
            [
              -121.10884287852518,
              44.34502270204231
            ],
            [
              -121.10808549543442,
              44.34482559944462
            ],
            [
              -121.10781613559647,
              44.34478962739419
            ],
            [
              -121.10730316882315,
              44.3447946325433
            ],
            [
              -121.10663887545033,
              44.344945674649615
            ],
            [
              -121.10563145438506,
              44.34537911808132
            ],
            [
              -121.10500595924935,
              44.34556680802923
            ],
            [
              -121.10326577881358,
              44.34569547404586
            ],
            [
              -121.10259978133666,
              44.345679909561234
            ],
            [
              -121.10193346226286,
              44.34572285642786
            ],
            [
              -121.10167763015478,
              44.345705100023594
            ],
            [
              -121.10090963346892,
              44.345764358468585
            ],
            [
              -121.10046237127212,
              44.34584695003116
            ],
            [
              -121.09963198658981,
              44.34608972026745
            ],
            [
              -121.09909711170333,
              44.34635990948489
            ],
            [
              -121.09848738020423,
              44.34690794292291
            ],
            [
              -121.0981966871749,
              44.347240714242815
            ],
            [
              -121.09801848388042,
              44.34736828771931
            ],
            [
              -121.09753403771906,
              44.34763030811878
            ],
            [
              -121.09726637390035,
              44.34771137778803
            ],
            [
              -121.09649846075784,
              44.34781562171
            ],
            [
              -121.09608906704182,
              44.34781780071008
            ],
            [
              -121.09531922880964,
              44.34771493601409
            ],
            [
              -121.09347087055242,
              44.34728346531882
            ],
            [
              -121.09270128295017,
              44.34714907835079
            ],
            [
              -121.0916753871328,
              44.347059918776004
            ],
            [
              -121.09147009334427,
              44.34700697324829
            ],
            [
              -121.09126461450282,
              44.34700803835206
            ],
            [
              -121.09064967906328,
              44.34691673550384
            ],
            [
              -121.0901869721318,
              44.34677395659728
            ],
            [
              -121.08967372418579,
              44.346666339473536
            ],
            [
              -121.08916139431801,
              44.34648221134704
            ],
            [
              -121.08844000761897,
              44.34624056374379
            ],
            [
              -121.08725665420026,
              44.34576160442946
            ],
            [
              -121.08679391133616,
              44.34559630274247
            ],
            [
              -121.08633191227712,
              44.34548052858413
            ],
            [
              -121.08519813598062,
              44.34480431199038
            ],
            [
              -121.08505637823552,
              44.34470290352989
            ],
            [
              -121.08483672757215,
              44.34446514429116
            ],
            [
              -121.08481955627549,
              44.34443484853981
            ],
            [
              -121.08478640305161,
              44.34440634130142
            ],
            [
              -121.0844080766714,
              44.34379258302078
            ],
            [
              -121.08406176984114,
              44.343215090089785
            ],
            [
              -121.08384127565971,
              44.342341958061134
            ],
            [
              -121.08376959010003,
              44.341995362796915
            ],
            [
              -121.0837411467432,
              44.34185235539467
            ],
            [
              -121.0837125524694,
              44.341708565126304
            ],
            [
              -121.08375115487377,
              44.34154247334583
            ],
            [
              -121.0837762753624,
              44.341280874175354
            ],
            [
              -121.08378441948875,
              44.34103089930195
            ],
            [
              -121.08377791748272,
              44.34072112855614
            ],
            [
              -121.08368392046634,
              44.34004067837855
            ],
            [
              -121.0835250390353,
              44.33982363182791
            ],
            [
              -121.08340694560975,
              44.339679682388066
            ],
            [
              -121.0832797971661,
              44.339524695992466
            ],
            [
              -121.08344486080293,
              44.33937637498391
            ],
            [
              -121.08349118332889,
              44.33933475213067
            ],
            [
              -121.08359690695298,
              44.339145966061096
            ],
            [
              -121.08371882899829,
              44.338969360368985
            ],
            [
              -121.08379215308504,
              44.33875621171373
            ],
            [
              -121.08380029631309,
              44.338506236356146
            ],
            [
              -121.08382657832335,
              44.33820892703693
            ],
            [
              -121.08390193170432,
              44.33801793484812
            ],
            [
              -121.08397128703417,
              44.3378421417374
            ],
            [
              -121.08426022206045,
              44.33763260950306
            ],
            [
              -121.08457961626308,
              44.33750695713779
            ],
            [
              -121.08375825695441,
              44.33759608883659
            ],
            [
              -121.08325912333818,
              44.33760475945302
            ],
            [
              -121.08262087302374,
              44.337508799204954
            ],
            [
              -121.08213118788763,
              44.33722779494528
            ],
            [
              -121.08206718472029,
              44.3370050864433
            ],
            [
              -121.08218937626016,
              44.33617174582481
            ],
            [
              -121.08256993315725,
              44.335427989694665
            ],
            [
              -121.08304377919826,
              44.33473694690456
            ],
            [
              -121.08365796184958,
              44.33338335079123
            ],
            [
              -121.0838799472344,
              44.33313134454472
            ],
            [
              -121.08422673735824,
              44.33269389351877
            ],
            [
              -121.08450285612038,
              44.33223820774704
            ],
            [
              -121.08480548147162,
              44.331697722318744
            ],
            [
              -121.08500981945267,
              44.33125788114274
            ],
            [
              -121.0850744918649,
              44.33073045292605
            ],
            [
              -121.08516345562074,
              44.3301863821038
            ],
            [
              -121.08530876799942,
              44.32937047525083
            ],
            [
              -121.08539828242253,
              44.328809364785585
            ],
            [
              -121.0855590098915,
              44.328249450630004
            ],
            [
              -121.08551929716941,
              44.328010100395716
            ],
            [
              -121.0853592299622,
              44.32781987954068
            ],
            [
              -121.0851042135244,
              44.327628066311156
            ],
            [
              -121.0846802617109,
              44.32751866162833
            ],
            [
              -121.08428171425363,
              44.32735853813235
            ],
            [
              -121.08354640187108,
              44.32732914863027
            ],
            [
              -121.0830241734672,
              44.32732038267215
            ],
            [
              -121.08160158431524,
              44.32724534470614
            ],
            [
              -121.08117153024602,
              44.32732336313665
            ],
            [
              -121.08066581467367,
              44.327536498726666
            ],
            [
              -121.08013635752667,
              44.32774923319382
            ],
            [
              -121.07965325973656,
              44.3279968426881
            ],
            [
              -121.07912435235853,
              44.32819253221414
            ],
            [
              -121.07862140539387,
              44.32832046073281
            ],
            [
              -121.0779986501198,
              44.32848046657646
            ],
            [
              -121.07733231667295,
              44.32852039680062
            ],
            [
              -121.0766930602454,
              44.328458484313934
            ],
            [
              -121.07626967616717,
              44.32833201095944
            ],
            [
              -121.07554383202772,
              44.328012900251466
            ],
            [
              -121.07503665399808,
              44.327544033400166
            ],
            [
              -121.07473754285625,
              44.32724915993689
            ],
            [
              -121.07451132101656,
              44.32690436991018
            ],
            [
              -121.07424208873938,
              44.326422462982244
            ],
            [
              -121.0738513871678,
              44.32602375059556
            ],
            [
              -121.073503699627,
              44.325762151594716
            ],
            [
              -121.07301471338018,
              44.32546407011794
            ],
            [
              -121.07107584626479,
              44.324476600343125
            ],
            [
              -121.07021101298795,
              44.32405281507472
            ],
            [
              -121.06976450088439,
              44.32390887640511
            ],
            [
              -121.06933892671348,
              44.32385053479185
            ],
            [
              -121.06893429766176,
              44.32387779113295
            ],
            [
              -121.06852742911,
              44.32397320365077
            ],
            [
              -121.06812111841205,
              44.32405157475196
            ],
            [
              -121.0677871346709,
              44.324097069517286
            ],
            [
              -121.06724512087285,
              44.323968555325884
            ],
            [
              -121.06668273418248,
              44.32373739886206
            ],
            [
              -121.06621809407652,
              44.32342265189181
            ],
            [
              -121.06556413402438,
              44.32308764708278
            ],
            [
              -121.06479206527536,
              44.322733587163846
            ],
            [
              -121.06349950905744,
              44.32231955086917
            ],
            [
              -121.06127367512455,
              44.321986091825785
            ],
            [
              -121.06009569542786,
              44.321699696937486
            ],
            [
              -121.05910315315863,
              44.32141644337192
            ],
            [
              -121.05793046723394,
              44.320970282025904
            ],
            [
              -121.05711986075922,
              44.3207966589494
            ],
            [
              -121.05652649386967,
              44.320786561004006
            ],
            [
              -121.05559408302892,
              44.320930521473485
            ],
            [
              -121.05506784903717,
              44.321134669830585
            ],
            [
              -121.05423083927961,
              44.321759739291416
            ],
            [
              -121.05361721178713,
              44.32236197371638
            ],
            [
              -121.05296208033188,
              44.32309669066194
            ],
            [
              -121.05257975914358,
              44.32343647617496
            ],
            [
              -121.0520111174839,
              44.323799717992486
            ],
            [
              -121.05133385064174,
              44.32408119018244
            ],
            [
              -121.05043493438471,
              44.32433223406497
            ],
            [
              -121.04909096129488,
              44.32457566727213
            ],
            [
              -121.0439485249082,
              44.325648830416384
            ],
            [
              -121.04576655873642,
              44.32822410743807
            ],
            [
              -121.04604284189026,
              44.32877239265788
            ],
            [
              -121.04670255026187,
              44.329176247710045
            ],
            [
              -121.04740862877011,
              44.32978680659769
            ],
            [
              -121.04786065113963,
              44.33024468014567
            ],
            [
              -121.04790438651754,
              44.33029767615387
            ],
            [
              -121.04820638664134,
              44.33070910123654
            ],
            [
              -121.04891177614176,
              44.33150364770611
            ],
            [
              -121.04922769745752,
              44.33188421269643
            ],
            [
              -121.04939169030253,
              44.3319587030433
            ],
            [
              -121.04946178225089,
              44.332032803257526
            ],
            [
              -121.04971418908279,
              44.332275029900295
            ],
            [
              -121.05001392635039,
              44.33251806645527
            ],
            [
              -121.05003139588771,
              44.33270530023595
            ],
            [
              -121.04988209678582,
              44.33292367174402
            ],
            [
              -121.04956828291775,
              44.33310524717486
            ],
            [
              -121.04915643141109,
              44.33338710972066
            ],
            [
              -121.0489113485437,
              44.33363783362489
            ],
            [
              -121.04873612496102,
              44.333923737796525
            ],
            [
              -121.04853103868335,
              44.33439606577815
            ],
            [
              -121.04839919744067,
              44.334801670286424
            ],
            [
              -121.04831749836052,
              44.33512316062508
            ],
            [
              -121.04835919007117,
              44.335293812000465
            ],
            [
              -121.04870570171728,
              44.33555464628891
            ],
            [
              -121.0491226430783,
              44.33583367444888
            ],
            [
              -121.04914292973238,
              44.335935985576654
            ],
            [
              -121.04909109244892,
              44.336071051052734
            ],
            [
              -121.04899644056069,
              44.33616787977277
            ],
            [
              -121.04875719943759,
              44.33616379076548
            ],
            [
              -121.04804897126085,
              44.3362627589257
            ],
            [
              -121.04784364513297,
              44.3362255357732
            ],
            [
              -121.04765762200392,
              44.33599492877957
            ],
            [
              -121.04749486434247,
              44.335499068209806
            ],
            [
              -121.04723473918564,
              44.334787163737616
            ],
            [
              -121.04722152317117,
              44.33474107649114
            ],
            [
              -121.04720701987091,
              44.33472237544346
            ],
            [
              -121.04709259247001,
              44.33457035154285
            ],
            [
              -121.04683281675783,
              44.33429793298486
            ],
            [
              -121.04666153138935,
              44.334059183795986
            ],
            [
              -121.0463182554749,
              44.33360311217967
            ],
            [
              -121.04594335257423,
              44.33320009080215
            ],
            [
              -121.04572735895236,
              44.332963149153606
            ],
            [
              -121.04560529946482,
              44.33286648606224
            ],
            [
              -121.04443348131265,
              44.33215319960083
            ],
            [
              -121.04250586110463,
              44.33137293157556
            ],
            [
              -121.04209536246084,
              44.33129387177693
            ],
            [
              -121.04183824037202,
              44.33119943503035
            ],
            [
              -121.04122285128325,
              44.33105834059552
            ],
            [
              -121.04004112112027,
              44.33066894438584
            ],
            [
              -121.03968170427677,
              44.33058625111829
            ],
            [
              -121.03891144922628,
              44.33029393630403
            ],
            [
              -121.03808716949463,
              44.32981162475999
            ],
            [
              -121.03805791046749,
              44.329787282115376
            ],
            [
              -121.03781733804115,
              44.329673522111214
            ],
            [
              -121.03727727628224,
              44.32929979028799
            ],
            [
              -121.03700228939735,
              44.32903780812818
            ],
            [
              -121.03669709666104,
              44.32878602161438
            ],
            [
              -121.03622809523435,
              44.32852070075297
            ],
            [
              -121.03577987184016,
              44.328302799304836
            ],
            [
              -121.03505028621758,
              44.328098371937074
            ],
            [
              -121.03438390605832,
              44.32798337098797
            ],
            [
              -121.03356307585737,
              44.3278927158249
            ],
            [
              -121.03289752663979,
              44.327917266819476
            ],
            [
              -121.03223176092821,
              44.32790129726781
            ],
            [
              -121.03202677346519,
              44.32786625433312
            ],
            [
              -121.03161722254403,
              44.32787720573442
            ],
            [
              -121.03095218356951,
              44.327933262071284
            ],
            [
              -121.0298785917021,
              44.32815782746592
            ],
            [
              -121.02936818782229,
              44.32832457984695
            ],
            [
              -121.02834541454881,
              44.32859952459828
            ],
            [
              -121.02696448297156,
              44.32877824355406
            ],
            [
              -121.02635140794298,
              44.328920701289896
            ],
            [
              -121.02593035948448,
              44.32913399815141
            ],
            [
              -121.02563800187694,
              44.32939003008728
            ],
            [
              -121.02517954846833,
              44.329643189799896
            ],
            [
              -121.02488572031866,
              44.32973263996777
            ],
            [
              -121.02441308430836,
              44.32980099051737
            ],
            [
              -121.02395211202366,
              44.329802019306086
            ],
            [
              -121.02297843707036,
              44.32978066792113
            ],
            [
              -121.02236301474395,
              44.329688986745225
            ],
            [
              -121.02189969516142,
              44.32968996477109
            ],
            [
              -121.0218875849731,
              44.32968787248976
            ],
            [
              -121.0218830835152,
              44.32968800357865
            ],
            [
              -121.02152309444486,
              44.32973536070248
            ],
            [
              -121.02057672019136,
              44.32990118262619
            ],
            [
              -121.02010792897045,
              44.33007527869124
            ],
            [
              -121.01927913969607,
              44.33029672384161
            ],
            [
              -121.01864689282269,
              44.33044653933479
            ],
            [
              -121.01775875275578,
              44.3306562251203
            ],
            [
              -121.01679851300588,
              44.33078961662564
            ],
            [
              -121.01564244052402,
              44.330973193869895
            ],
            [
              -121.01449105904457,
              44.331017493212656
            ],
            [
              -121.01430472330182,
              44.33096279630679
            ],
            [
              -121.01419576394608,
              44.3309308106641
            ],
            [
              -121.0141805312138,
              44.330926340884865
            ],
            [
              -121.01405090970819,
              44.330784738797036
            ],
            [
              -121.01399653378573,
              44.330754634533996
            ],
            [
              -121.013831017398,
              44.330663003074235
            ],
            [
              -121.01351544373026,
              44.330523407781165
            ],
            [
              -121.01342050348283,
              44.33046966914983
            ],
            [
              -121.01297291968913,
              44.330364739589626
            ],
            [
              -121.01252096648993,
              44.33038925870538
            ],
            [
              -121.01196196016,
              44.33064728680488
            ],
            [
              -121.0117197572914,
              44.33083213166239
            ],
            [
              -121.01159330504211,
              44.330978481005296
            ],
            [
              -121.01149212330007,
              44.3311657807459
            ],
            [
              -121.0114553372892,
              44.33134969930487
            ],
            [
              -121.01145924585902,
              44.33179091424843
            ],
            [
              -121.01133279271137,
              44.3319372599137
            ],
            [
              -121.01039889785382,
              44.33240318212238
            ],
            [
              -121.01032000331398,
              44.33247771036383
            ],
            [
              -121.01009141531182,
              44.33261307488508
            ],
            [
              -121.00993672721656,
              44.33277116318914
            ],
            [
              -121.00982681384995,
              44.3329300330589
            ],
            [
              -121.00973255093226,
              44.33306773736595
            ],
            [
              -121.00948794686691,
              44.333234977622304
            ],
            [
              -121.00930775380407,
              44.33326399469701
            ],
            [
              -121.00910973816599,
              44.33337845068904
            ],
            [
              -121.00901692063756,
              44.333473304155326
            ],
            [
              -121.00876137509206,
              44.33352244258558
            ],
            [
              -121.00856843313872,
              44.33348692173867
            ],
            [
              -121.00843483119809,
              44.33346315184744
            ],
            [
              -121.00816871338,
              44.333383478016536
            ],
            [
              -121.0078297844132,
              44.33324893517181
            ],
            [
              -121.00770198648763,
              44.33305376370945
            ],
            [
              -121.0075286888929,
              44.3328792356912
            ],
            [
              -121.00749956551138,
              44.33285728849027
            ],
            [
              -121.00716136417995,
              44.332701319579755
            ],
            [
              -121.00698195085478,
              44.332627886545296
            ],
            [
              -121.00677839081476,
              44.332544568900005
            ],
            [
              -121.00627456799272,
              44.33242858133919
            ],
            [
              -121.00596368353078,
              44.33234812089029
            ],
            [
              -121.00553521588634,
              44.332212008454505
            ],
            [
              -121.00522869094844,
              44.3320029920032
            ],
            [
              -121.00493818566703,
              44.331762098211804
            ],
            [
              -121.00484908536727,
              44.33170769694021
            ],
            [
              -121.00463093848369,
              44.33157450543507
            ],
            [
              -121.00432078704699,
              44.33147261272381
            ],
            [
              -121.00369648846726,
              44.33138666659508
            ],
            [
              -121.00362182858568,
              44.33137998768118
            ],
            [
              -121.00265429900725,
              44.331293407837805
            ],
            [
              -121.00234051388522,
              44.33129863775517
            ],
            [
              -121.00183489083938,
              44.33123619550593
            ],
            [
              -121.00143228569196,
              44.3312184282883
            ],
            [
              -121.0009710744554,
              44.33116747971775
            ],
            [
              -121.00091597988072,
              44.33115767335946
            ],
            [
              -121.00070388674382,
              44.33111992455146
            ],
            [
              -121.00045235217605,
              44.331051206699335
            ],
            [
              -121.00018479885014,
              44.331014365142956
            ],
            [
              -120.99975016247467,
              44.33106034672256
            ],
            [
              -120.99920740846481,
              44.331211623410404
            ],
            [
              -120.99876912403097,
              44.33136472654647
            ],
            [
              -120.99845205826155,
              44.33146635984566
            ],
            [
              -120.99814955418289,
              44.3315789661689
            ],
            [
              -120.99790161557122,
              44.33168257821459
            ],
            [
              -120.99707573773665,
              44.33185920906622
            ],
            [
              -120.99620770915234,
              44.33209607292642
            ],
            [
              -120.99447404689225,
              44.332659851343124
            ],
            [
              -120.99416743841104,
              44.332708486688354
            ],
            [
              -120.99304278360793,
              44.33281477813436
            ],
            [
              -120.99232701766768,
              44.33281570791619
            ],
            [
              -120.9918670002921,
              44.332857138774294
            ],
            [
              -120.99115058756483,
              44.33283104128238
            ],
            [
              -120.98823536492333,
              44.33286977917045
            ],
            [
              -120.98782644012792,
              44.332930100527385
            ],
            [
              -120.98711022413168,
              44.33296700192325
            ],
            [
              -120.9860893085742,
              44.33311106486852
            ],
            [
              -120.98557803871847,
              44.33313806374009
            ],
            [
              -120.9849648298409,
              44.3332803014141
            ],
            [
              -120.98404526760368,
              44.33339462179585
            ],
            [
              -120.98312670249642,
              44.33361698868029
            ],
            [
              -120.98292022652501,
              44.333651370851406
            ],
            [
              -120.98191402267693,
              44.33390325342203
            ],
            [
              -120.98135142308584,
              44.33405052036576
            ],
            [
              -120.98099076477064,
              44.33411560497245
            ],
            [
              -120.98041431675112,
              44.33417009974943
            ],
            [
              -120.9799719198299,
              44.334211920316804
            ],
            [
              -120.97967194271213,
              44.33424948915035
            ],
            [
              -120.97907394770222,
              44.334267490620235
            ],
            [
              -120.9785943757996,
              44.334316168325095
            ],
            [
              -120.978152145965,
              44.33443696863656
            ],
            [
              -120.97787108467217,
              44.33450344905333
            ],
            [
              -120.97773282406848,
              44.33452730719331
            ],
            [
              -120.97757061168437,
              44.334555296850915
            ],
            [
              -120.97739494702884,
              44.33445214158634
            ],
            [
              -120.97736447617442,
              44.33418005210392
            ],
            [
              -120.97744847943329,
              44.33381053840632
            ],
            [
              -120.97743677708006,
              44.33377749347042
            ],
            [
              -120.97739589924306,
              44.33348417354826
            ],
            [
              -120.9773396718928,
              44.33286197402172
            ],
            [
              -120.97700131784777,
              44.33205471928124
            ],
            [
              -120.97692205679532,
              44.33176072054208
            ],
            [
              -120.97672289760189,
              44.33139707564932
            ],
            [
              -120.97641537014415,
              44.330810938084625
            ],
            [
              -120.97636295344732,
              44.33062544865027
            ],
            [
              -120.97612928098064,
              44.330148655161196
            ],
            [
              -120.9754289921144,
              44.32890284340664
            ],
            [
              -120.97511658410974,
              44.32820857879955
            ],
            [
              -120.97464998567644,
              44.327439558077245
            ],
            [
              -120.97426213895083,
              44.326888002941566
            ],
            [
              -120.97395162189981,
              44.32653590926357
            ],
            [
              -120.97371323327793,
              44.32629756353626
            ],
            [
              -120.9734629294021,
              44.32605015700952
            ],
            [
              -120.97311461483723,
              44.325758133837105
            ],
            [
              -120.9729792683683,
              44.32564139446552
            ],
            [
              -120.97296478303437,
              44.325483924441016
            ],
            [
              -120.97304880246287,
              44.32535678725214
            ],
            [
              -120.97306639237443,
              44.325337652643086
            ],
            [
              -120.97315222460321,
              44.32524428594358
            ],
            [
              -120.97315665239925,
              44.32511573699212
            ],
            [
              -120.97315862150634,
              44.32505860282049
            ],
            [
              -120.97298692560777,
              44.324841173708634
            ],
            [
              -120.97278943189089,
              44.324794792668676
            ],
            [
              -120.97242586932236,
              44.32494554762319
            ],
            [
              -120.9723320735286,
              44.325006248578276
            ],
            [
              -120.97194045926868,
              44.32516560218385
            ],
            [
              -120.9715172009546,
              44.32531529582863
            ],
            [
              -120.97103375461815,
              44.32547821009825
            ],
            [
              -120.97062132279986,
              44.325565351836836
            ],
            [
              -120.97007081183753,
              44.32563872687976
            ],
            [
              -120.9694063720393,
              44.3256539303818
            ],
            [
              -120.96904742411641,
              44.325607036517304
            ],
            [
              -120.9685875908955,
              44.325598861528185
            ],
            [
              -120.96792284207685,
              44.32562305103554
            ],
            [
              -120.96741082212783,
              44.32555992604641
            ],
            [
              -120.96664343270311,
              44.32551476273164
            ],
            [
              -120.96597867849452,
              44.325516433591105
            ],
            [
              -120.96516070942774,
              44.32555138667507
            ],
            [
              -120.96459827602499,
              44.325608889883135
            ],
            [
              -120.96357537339411,
              44.32563117653826
            ],
            [
              -120.96270664951376,
              44.32570571852614
            ],
            [
              -120.96219543265862,
              44.325710105803154
            ],
            [
              -120.96193958078761,
              44.32567403334095
            ],
            [
              -120.96142773690839,
              44.325673904171026
            ],
            [
              -120.96081388843035,
              44.32563143937679
            ],
            [
              -120.96050034585346,
              44.32557070308087
            ],
            [
              -120.95971811446361,
              44.325519208502996
            ],
            [
              -120.95792711184065,
              44.325283261478596
            ],
            [
              -120.95727115393537,
              44.32508459387893
            ],
            [
              -120.95648268284752,
              44.324611645297836
            ],
            [
              -120.9545660292725,
              44.323344191905754
            ],
            [
              -120.95440288892871,
              44.32326159306551
            ],
            [
              -120.95404317114958,
              44.323034579650944
            ],
            [
              -120.9531697427921,
              44.322568788031376
            ],
            [
              -120.95260527111196,
              44.32221205981017
            ],
            [
              -120.95245079591737,
              44.322101254918636
            ],
            [
              -120.95150938665248,
              44.32108955131047
            ],
            [
              -120.95108200507119,
              44.320352646560586
            ],
            [
              -120.95084669138254,
              44.31965969920059
            ],
            [
              -120.95084527653593,
              44.31947511285082
            ],
            [
              -120.95075394212608,
              44.31921688906797
            ],
            [
              -120.95075300158996,
              44.319108837024345
            ],
            [
              -120.95054495626175,
              44.318668460545794
            ],
            [
              -120.9502050095037,
              44.31760451300168
            ],
            [
              -120.94989390136128,
              44.31701823889695
            ],
            [
              -120.94950572675057,
              44.31639456829603
            ],
            [
              -120.9492217297634,
              44.31606536395093
            ],
            [
              -120.94855223873834,
              44.31541863489548
            ],
            [
              -120.9479197349468,
              44.31456549720285
            ],
            [
              -120.947636066743,
              44.31427230745672
            ],
            [
              -120.94737762323238,
              44.313907545003445
            ],
            [
              -120.94728709011973,
              44.31376187039778
            ],
            [
              -120.94713078146368,
              44.31332241794748
            ],
            [
              -120.94699890877999,
              44.312878901143556
            ],
            [
              -120.94697182277753,
              44.31262183040373
            ],
            [
              -120.9468935112443,
              44.31244036190169
            ],
            [
              -120.94662348395812,
              44.31218342743953
            ],
            [
              -120.94589062217966,
              44.31164808081089
            ],
            [
              -120.94569796768718,
              44.311554584979284
            ],
            [
              -120.94533975728113,
              44.31144461101816
            ],
            [
              -120.94421373973374,
              44.31128480875612
            ],
            [
              -120.94385490320191,
              44.31119282419998
            ],
            [
              -120.94311461684764,
              44.31106434666511
            ],
            [
              -120.94285136735026,
              44.310967709194536
            ],
            [
              -120.94216362974515,
              44.31071234957422
            ],
            [
              -120.94119791386525,
              44.310437684173806
            ],
            [
              -120.94096426924638,
              44.31042296140252
            ],
            [
              -120.94056237286975,
              44.31039763943571
            ],
            [
              -120.94012275264102,
              44.310446875619185
            ],
            [
              -120.93978508940047,
              44.3104264936081
            ],
            [
              -120.93937185987821,
              44.310290406155836
            ],
            [
              -120.93913615811731,
              44.31020039988379
            ],
            [
              -120.93888175073727,
              44.31010324995908
            ],
            [
              -120.93842905732627,
              44.30993037831101
            ],
            [
              -120.93817146631687,
              44.309897142506465
            ],
            [
              -120.9377547405515,
              44.30986103332369
            ],
            [
              -120.93737780027178,
              44.30982563956636
            ],
            [
              -120.93699835818396,
              44.3098616613488
            ],
            [
              -120.93692143814113,
              44.30987594907882
            ],
            [
              -120.93671787360955,
              44.309913761696706
            ],
            [
              -120.93644088976977,
              44.30986588010888
            ],
            [
              -120.93599189651941,
              44.30961479939681
            ],
            [
              -120.93567964212666,
              44.30943764902343
            ],
            [
              -120.93562060843944,
              44.309386893664524
            ],
            [
              -120.93509579378585,
              44.30909921142491
            ],
            [
              -120.93443001639616,
              44.308934125225804
            ],
            [
              -120.93248481346308,
              44.30865135964863
            ],
            [
              -120.93125675448593,
              44.30854360184785
            ],
            [
              -120.93088305083617,
              44.30854133717832
            ],
            [
              -120.93047917816588,
              44.30884012367048
            ],
            [
              -120.93032691642019,
              44.30891389053803
            ],
            [
              -120.92943390209454,
              44.309194809322776
            ],
            [
              -120.92865556669808,
              44.309378765269244
            ],
            [
              -120.92758248507376,
              44.30947634579285
            ],
            [
              -120.92650999993079,
              44.30964594879321
            ],
            [
              -120.92579359708499,
              44.309628443731825
            ],
            [
              -120.92517982765865,
              44.30950026039521
            ],
            [
              -120.92395131413397,
              44.30936090529415
            ],
            [
              -120.9232867692329,
              44.30931731726424
            ],
            [
              -120.92297945826914,
              44.30934324201516
            ],
            [
              -120.92273787883134,
              44.30948289735224
            ],
            [
              -120.92258526674269,
              44.30961066611271
            ],
            [
              -120.92124886914566,
              44.310396627662456
            ],
            [
              -120.92075280327606,
              44.31077473010673
            ],
            [
              -120.92020569782702,
              44.311088879633246
            ],
            [
              -120.9172384052384,
              44.31269587534091
            ],
            [
              -120.916549669605,
              44.31300292284449
            ],
            [
              -120.91602671985392,
              44.31318695041588
            ],
            [
              -120.91555573315047,
              44.31343044079485
            ],
            [
              -120.91472841172323,
              44.31391050879467
            ],
            [
              -120.9142446707394,
              44.31424829324246
            ],
            [
              -120.91374955708402,
              44.31472991644999
            ],
            [
              -120.91356098723114,
              44.31520813298015
            ],
            [
              -120.91341281551492,
              44.315961678041155
            ],
            [
              -120.91348001309144,
              44.31647607386705
            ],
            [
              -120.91357240032684,
              44.316788364297174
            ],
            [
              -120.91370745484328,
              44.31700240070913
            ],
            [
              -120.91379211926217,
              44.31713448831396
            ],
            [
              -120.91392117482916,
              44.317429442185215
            ],
            [
              -120.91412792837998,
              44.31772131335677
            ],
            [
              -120.91435994884485,
              44.31794161932519
            ],
            [
              -120.91466926035672,
              44.31832539141357
            ],
            [
              -120.91521002908978,
              44.31883492561611
            ],
            [
              -120.9155953749056,
              44.319130051540704
            ],
            [
              -120.91587905029594,
              44.31944132779741
            ],
            [
              -120.91650752694007,
              44.32001997778273
            ],
            [
              -120.91675365185317,
              44.32026304519434
            ],
            [
              -120.91758950458066,
              44.32094000048521
            ],
            [
              -120.91851643749477,
              44.32183468208869
            ],
            [
              -120.91874846694277,
              44.32209999527431
            ],
            [
              -120.91891654981727,
              44.32242266320604
            ],
            [
              -120.91891802215603,
              44.322602748660884
            ],
            [
              -120.91871634408655,
              44.32300871107604
            ],
            [
              -120.91846301198989,
              44.323323700622836
            ],
            [
              -120.91787246581032,
              44.32386397980694
            ],
            [
              -120.91784108316588,
              44.323916396763536
            ],
            [
              -120.91754636298914,
              44.32436836519083
            ],
            [
              -120.91721272959093,
              44.324633830150816
            ],
            [
              -120.91718706562156,
              44.32465424964221
            ],
            [
              -120.91717761175151,
              44.32466177247562
            ],
            [
              -120.91716243651145,
              44.32466864237817
            ],
            [
              -120.91693480970665,
              44.3247716798952
            ],
            [
              -120.91669504037415,
              44.324795889665694
            ],
            [
              -120.91637872110476,
              44.32473295015399
            ],
            [
              -120.91598433374556,
              44.32462570708058
            ],
            [
              -120.91574861132344,
              44.324535652103556
            ],
            [
              -120.91510215489889,
              44.32423800846714
            ],
            [
              -120.91462970843308,
              44.324086460587395
            ],
            [
              -120.91430985069975,
              44.32412349479287
            ],
            [
              -120.91392928931111,
              44.32418800238862
            ],
            [
              -120.91354873061739,
              44.32425250927078
            ],
            [
              -120.91316512932983,
              44.32440271165421
            ],
            [
              -120.91280142482749,
              44.32455327610695
            ],
            [
              -120.91234228780094,
              44.324587757418165
            ],
            [
              -120.91202343977402,
              44.32459622045464
            ],
            [
              -120.91154491530698,
              44.32461605129345
            ],
            [
              -120.91112658604884,
              44.324622692418664
            ],
            [
              -120.9107888545363,
              44.324602218933826
            ],
            [
              -120.91071191562887,
              44.32460081281945
            ],
            [
              -120.91051030762794,
              44.32459712337554
            ],
            [
              -120.90997919398758,
              44.324415897554644
            ],
            [
              -120.90931134957444,
              44.32416070570449
            ],
            [
              -120.90893636941865,
              44.324068087109126
            ],
            [
              -120.90864434239116,
              44.324005126894306
            ],
            [
              -120.9084558848277,
              44.323991722398844
            ],
            [
              -120.9082005108604,
              44.32400955414305
            ],
            [
              -120.90748542853805,
              44.324104494738805
            ],
            [
              -120.90666857428052,
              44.32432811145721
            ],
            [
              -120.90601808172543,
              44.32456827295743
            ],
            [
              -120.90499816419624,
              44.325013227047315
            ],
            [
              -120.90331443479123,
              44.325653062822205
            ],
            [
              -120.90215198067759,
              44.3260139285967
            ],
            [
              -120.90205655354325,
              44.326057104508024
            ],
            [
              -120.9000577256793,
              44.32683500706568
            ],
            [
              -120.89945755764472,
              44.327126580183716
            ],
            [
              -120.89891968328351,
              44.32751093609453
            ],
            [
              -120.89812188139484,
              44.328246585239484
            ],
            [
              -120.89758043443375,
              44.328772567445775
            ],
            [
              -120.89685402255903,
              44.329598847007944
            ],
            [
              -120.89617031120304,
              44.33062242208765
            ],
            [
              -120.89609221526548,
              44.33071393794624
            ],
            [
              -120.8954948805173,
              44.33141390337016
            ],
            [
              -120.89530822677096,
              44.33166548904447
            ],
            [
              -120.89505830467914,
              44.331920361017964
            ],
            [
              -120.89433193861849,
              44.33239313500961
            ],
            [
              -120.89345191483017,
              44.3328000506965
            ],
            [
              -120.89319709871668,
              44.33284486913132
            ],
            [
              -120.89299274276935,
              44.33288161443927
            ],
            [
              -120.89202301950499,
              44.3331878327969
            ],
            [
              -120.89140992651006,
              44.33332056571075
            ],
            [
              -120.89079705989064,
              44.33353432591397
            ],
            [
              -120.89008287588356,
              44.33384074455087
            ],
            [
              -120.88893688788909,
              44.334557816889685
            ],
            [
              -120.88760078224453,
              44.335590967758165
            ],
            [
              -120.88752005963309,
              44.335685843989424
            ],
            [
              -120.88675900602608,
              44.33625475761727
            ],
            [
              -120.88636535079385,
              44.33681915141948
            ],
            [
              -120.88614581511483,
              44.337386767108164
            ],
            [
              -120.88598052061097,
              44.33783033188481
            ],
            [
              -120.88589689554284,
              44.33824070246804
            ],
            [
              -120.88588984915776,
              44.338275278532755
            ],
            [
              -120.8858136280042,
              44.33970306876712
            ],
            [
              -120.88569743271886,
              44.34016540721348
            ],
            [
              -120.88555572078782,
              44.34064513952921
            ],
            [
              -120.88519203335349,
              44.34106716212685
            ],
            [
              -120.88455533892113,
              44.34146626373356
            ],
            [
              -120.88384805846702,
              44.34183625407846
            ],
            [
              -120.88356585631375,
              44.341983876294684
            ],
            [
              -120.88347931711087,
              44.34202944195535
            ],
            [
              -120.88241566061052,
              44.34258947639331
            ],
            [
              -120.88208417777906,
              44.34279472762283
            ],
            [
              -120.88147877615967,
              44.34308059807031
            ],
            [
              -120.88137591456804,
              44.34312820778195
            ],
            [
              -120.87966112681039,
              44.34393366930228
            ],
            [
              -120.87841179033742,
              44.344572192409
            ],
            [
              -120.87769794679186,
              44.344950560294286
            ],
            [
              -120.87736680801521,
              44.34519649175014
            ],
            [
              -120.8771258277537,
              44.345529624189034
            ],
            [
              -120.87708861414475,
              44.3457134925592
            ],
            [
              -120.87681084607576,
              44.34626201127924
            ],
            [
              -120.87678589716536,
              44.34641009580672
            ],
            [
              -120.8764959587209,
              44.34703491262295
            ],
            [
              -120.87637069134946,
              44.347442218782405
            ],
            [
              -120.87601437279538,
              44.34775520003491
            ],
            [
              -120.87558058712446,
              44.3479767094702
            ],
            [
              -120.87548330317247,
              44.34806492911699
            ],
            [
              -120.87496423414342,
              44.34830285683589
            ],
            [
              -120.87429281174049,
              44.34854694920923
            ],
            [
              -120.87314604939824,
              44.34877318809124
            ],
            [
              -120.87091457224872,
              44.348875670639785
            ],
            [
              -120.87050527555078,
              44.34904809992568
            ],
            [
              -120.86991060161249,
              44.34942413921349
            ],
            [
              -120.86886413886666,
              44.3506371803935
            ],
            [
              -120.86848605952315,
              44.35109140313618
            ],
            [
              -120.86800089650617,
              44.35165402190142
            ],
            [
              -120.86770639012846,
              44.351993913042044
            ],
            [
              -120.86752928816853,
              44.35230026604354
            ],
            [
              -120.86751417491219,
              44.35271683156215
            ],
            [
              -120.867425908249,
              44.3531713452234
            ],
            [
              -120.86742101602395,
              44.353248955323814
            ],
            [
              -120.86726554369942,
              44.35401130233118
            ],
            [
              -120.86705255673883,
              44.35454300068495
            ],
            [
              -120.8667652126289,
              44.35500578797538
            ],
            [
              -120.86636014160602,
              44.35536284214604
            ],
            [
              -120.86509640963064,
              44.35614949657679
            ],
            [
              -120.86454763511179,
              44.35668391749507
            ],
            [
              -120.86392099013248,
              44.357504971830444
            ],
            [
              -120.8632467299516,
              44.35881579380546
            ],
            [
              -120.86274930313438,
              44.359576236653176
            ],
            [
              -120.86192524259165,
              44.36008749085457
            ],
            [
              -120.86056308670214,
              44.36044911389443
            ],
            [
              -120.85937010693685,
              44.360579817225876
            ],
            [
              -120.858699029487,
              44.360873341342426
            ],
            [
              -120.85732236760228,
              44.361266165654484
            ],
            [
              -120.8571770956478,
              44.36133546336649
            ],
            [
              -120.857072800345,
              44.36146404852567
            ],
            [
              -120.85706363393585,
              44.36160792584636
            ],
            [
              -120.85767594359982,
              44.36249719343448
            ],
            [
              -120.85782808317464,
              44.36284215502249
            ],
            [
              -120.85787084208384,
              44.36326159277198
            ],
            [
              -120.8577131652936,
              44.36373579023517
            ],
            [
              -120.85773987580026,
              44.36399287523769
            ],
            [
              -120.85825461045809,
              44.36454720186405
            ],
            [
              -120.85868315895088,
              44.36488384186746
            ],
            [
              -120.8587696927639,
              44.364984494856174
            ],
            [
              -120.8587813313367,
              44.3651602695086
            ],
            [
              -120.85806541358113,
              44.36552047215907
            ],
            [
              -120.85698892105368,
              44.36587390320741
            ],
            [
              -120.85687903822979,
              44.36596187178723
            ],
            [
              -120.85679925166289,
              44.3661494367394
            ],
            [
              -120.85677297144926,
              44.36669811997053
            ],
            [
              -120.85680013830009,
              44.36715777759162
            ],
            [
              -120.8568241718272,
              44.36725612317063
            ],
            [
              -120.85695719615109,
              44.36774010202623
            ],
            [
              -120.85696788430634,
              44.36784420564752
            ],
            [
              -120.85698148479975,
              44.367976704692616
            ],
            [
              -120.85700619835153,
              44.36821742014623
            ],
            [
              -120.85689970037966,
              44.3684059796585
            ],
            [
              -120.85659453010122,
              44.36857889924745
            ],
            [
              -120.8561911065886,
              44.36871424527385
            ],
            [
              -120.85583919786426,
              44.36880291596838
            ],
            [
              -120.85568769788988,
              44.36885962157807
            ],
            [
              -120.85550083932765,
              44.36897521084621
            ],
            [
              -120.85539694018189,
              44.36909235905242
            ],
            [
              -120.85534238549467,
              44.36922234314707
            ],
            [
              -120.85533543163606,
              44.36941277259674
            ],
            [
              -120.85534203245676,
              44.36968682537097
            ],
            [
              -120.85536609113672,
              44.36993738696874
            ],
            [
              -120.85537486228714,
              44.37015193000673
            ],
            [
              -120.85535262089904,
              44.37030634096759
            ],
            [
              -120.85524872085493,
              44.370423487153516
            ],
            [
              -120.85508018612786,
              44.3704917832031
            ],
            [
              -120.854879771988,
              44.37052374726292
            ],
            [
              -120.85456712053987,
              44.37044641240651
            ],
            [
              -120.85451349021906,
              44.37041063524028
            ],
            [
              -120.85435446146434,
              44.37035904647379
            ],
            [
              -120.85399464217559,
              44.370209364433165
            ],
            [
              -120.8538300214082,
              44.37017054141015
            ],
            [
              -120.8537944732758,
              44.370229740441665
            ],
            [
              -120.85375930243578,
              44.37028831139302
            ],
            [
              -120.85376492499114,
              44.370314345334045
            ],
            [
              -120.85378770447011,
              44.37041985517513
            ],
            [
              -120.85400652239524,
              44.37079317591137
            ],
            [
              -120.8542925819143,
              44.37114394109495
            ],
            [
              -120.85443260591092,
              44.371341553010126
            ],
            [
              -120.85452964731779,
              44.371661628046766
            ],
            [
              -120.85452543062583,
              44.37169878952782
            ],
            [
              -120.85459401070958,
              44.37198330151962
            ],
            [
              -120.85451676996817,
              44.37227959770625
            ],
            [
              -120.85438844473155,
              44.37261066460058
            ],
            [
              -120.85414440121495,
              44.3729276479635
            ],
            [
              -120.8539540473079,
              44.373138448709945
            ],
            [
              -120.8538475295731,
              44.37332700393779
            ],
            [
              -120.8539001564757,
              44.37348508005351
            ],
            [
              -120.85390738072722,
              44.37350677895794
            ],
            [
              -120.85404802545966,
              44.373747621937625
            ],
            [
              -120.85428521393233,
              44.373926903170016
            ],
            [
              -120.85430197649555,
              44.373944089179446
            ],
            [
              -120.85558167872006,
              44.374841397981946
            ],
            [
              -120.85634468975609,
              44.37607560902395
            ],
            [
              -120.85686203581642,
              44.37665843422258
            ],
            [
              -120.85696074539477,
              44.376844019432134
            ],
            [
              -120.85732118362276,
              44.37753729270216
            ],
            [
              -120.85737530262705,
              44.37762027994374
            ],
            [
              -120.8575139602861,
              44.37773559252717
            ],
            [
              -120.85766876426406,
              44.37779997500924
            ],
            [
              -120.85770651326894,
              44.37783136877916
            ],
            [
              -120.85800834540778,
              44.3782359979423
            ],
            [
              -120.85841952856781,
              44.37939607599653
            ],
            [
              -120.85917612293778,
              44.380057027634614
            ],
            [
              -120.85948731372523,
              44.380331605865265
            ],
            [
              -120.85955659359658,
              44.38076781989067
            ],
            [
              -120.85919187399797,
              44.38109392149702
            ],
            [
              -120.85846378676523,
              44.3813460322943
            ],
            [
              -120.85726653551077,
              44.38220586551143
            ],
            [
              -120.85667852527523,
              44.382559453321846
            ],
            [
              -120.85532874367878,
              44.38356970023728
            ],
            [
              -120.85531649964145,
              44.38357333075812
            ],
            [
              -120.85460379965123,
              44.38398869873434
            ],
            [
              -120.85402473214434,
              44.384382752808925
            ],
            [
              -120.8537286707829,
              44.38475830468178
            ],
            [
              -120.85367170771242,
              44.38486450688362
            ],
            [
              -120.85353261796372,
              44.385123825700184
            ],
            [
              -120.85328285756864,
              44.38559552797833
            ],
            [
              -120.85328770487791,
              44.38591718589793
            ],
            [
              -120.85330610147665,
              44.38632247048546
            ],
            [
              -120.85319041733267,
              44.38676096122617
            ],
            [
              -120.85291224053019,
              44.38710111733416
            ],
            [
              -120.85243576242539,
              44.38741372305193
            ],
            [
              -120.85242245747773,
              44.38741962202005
            ],
            [
              -120.85235059854321,
              44.38747167209063
            ],
            [
              -120.8510674171436,
              44.388043021928645
            ],
            [
              -120.85096319640095,
              44.38808149094226
            ],
            [
              -120.85054548698035,
              44.388235665893035
            ],
            [
              -120.84970514537142,
              44.38850568067555
            ],
            [
              -120.84878922400607,
              44.38857179484262
            ],
            [
              -120.84814104371448,
              44.38858339931884
            ],
            [
              -120.84749504543072,
              44.388535492082056
            ],
            [
              -120.84691456487391,
              44.38851263810546
            ],
            [
              -120.84654941767724,
              44.38850574936397
            ],
            [
              -120.84611526100211,
              44.38856902034729
            ],
            [
              -120.84564747050442,
              44.38864356319826
            ],
            [
              -120.84521505925586,
              44.38865922283398
            ],
            [
              -120.84467912795066,
              44.38878011657038
            ],
            [
              -120.84422662049089,
              44.38889067155659
            ],
            [
              -120.84388854851687,
              44.38905102691795
            ],
            [
              -120.8436518074052,
              44.389165655789384
            ],
            [
              -120.84352775365774,
              44.389377689658254
            ],
            [
              -120.8435648693503,
              44.389723779366605
            ],
            [
              -120.84363911421023,
              44.389963378340035
            ],
            [
              -120.84367928956468,
              44.390226156391144
            ],
            [
              -120.8436764284305,
              44.39030406532834
            ],
            [
              -120.8436714212211,
              44.39044038565874
            ],
            [
              -120.84349669440678,
              44.39067528345699
            ],
            [
              -120.84335779599921,
              44.39078206870236
            ],
            [
              -120.84304795627794,
              44.391102911770055
            ],
            [
              -120.84264404228517,
              44.39127848992072
            ],
            [
              -120.84194845789607,
              44.39139192303334
            ],
            [
              -120.84185866948677,
              44.39140656449696
            ],
            [
              -120.84179038315216,
              44.39139886150458
            ],
            [
              -120.84147822038756,
              44.39136364405247
            ],
            [
              -120.8410995221048,
              44.391273113862276
            ],
            [
              -120.84068719179614,
              44.39119385626081
            ],
            [
              -120.84048801373807,
              44.39119009076778
            ],
            [
              -120.84035259720056,
              44.391258987825125
            ],
            [
              -120.84032855648694,
              44.39146100151511
            ],
            [
              -120.84032154962769,
              44.39165142669003
            ],
            [
              -120.8403057859911,
              44.39207988556157
            ],
            [
              -120.84028261843993,
              44.392258096450085
            ],
            [
              -120.84029597908315,
              44.392437129717756
            ],
            [
              -120.84032711738584,
              44.3928544323915
            ],
            [
              -120.84057343094517,
              44.393326796429946
            ],
            [
              -120.84062191661431,
              44.39341977547816
            ],
            [
              -120.84065868645553,
              44.393454575104066
            ],
            [
              -120.8409429484457,
              44.39372359206229
            ],
            [
              -120.84124913741367,
              44.39397949080876
            ],
            [
              -120.84190084808434,
              44.39432528884924
            ],
            [
              -120.84226947804936,
              44.39442625967891
            ],
            [
              -120.8423771483227,
              44.394455752263596
            ],
            [
              -120.84306845673105,
              44.39464510153079
            ],
            [
              -120.84408362486732,
              44.39504539479366
            ],
            [
              -120.84460781249685,
              44.39524584913959
            ],
            [
              -120.84505905063712,
              44.395623573366926
            ],
            [
              -120.84539060174049,
              44.39609431809486
            ],
            [
              -120.84550854514741,
              44.396501480259566
            ],
            [
              -120.84582870022308,
              44.39729114579021
            ],
            [
              -120.84614041383006,
              44.397841708605135
            ],
            [
              -120.84650706660317,
              44.39884343649567
            ],
            [
              -120.84660837410935,
              44.39929098977272
            ],
            [
              -120.84751304856735,
              44.400752994937726
            ],
            [
              -120.84797552193686,
              44.40126136804257
            ],
            [
              -120.84817305428132,
              44.401418137753446
            ],
            [
              -120.84869996290784,
              44.401689142990705
            ],
            [
              -120.84952211632724,
              44.402042230596706
            ],
            [
              -120.85008123404826,
              44.402291329071275
            ],
            [
              -120.8506507883963,
              44.40240557838012
            ],
            [
              -120.85170029373597,
              44.40238030319059
            ],
            [
              -120.85185302440227,
              44.402324656916996
            ],
            [
              -120.85248801113727,
              44.4024311237544
            ],
            [
              -120.85270722701607,
              44.40257478940196
            ],
            [
              -120.85309229255755,
              44.402883621536105
            ],
            [
              -120.85362114783328,
              44.403510254969056
            ],
            [
              -120.85378799732091,
              44.40401304760398
            ],
            [
              -120.85384634559355,
              44.40467135315649
            ],
            [
              -120.85407051118956,
              44.40551733145671
            ],
            [
              -120.85414811485032,
              44.40573485601159
            ],
            [
              -120.85446691616487,
              44.4060964571072
            ],
            [
              -120.8549177006559,
              44.406433525676704
            ],
            [
              -120.85533465369501,
              44.40664391892067
            ],
            [
              -120.85541577515842,
              44.40669846947209
            ],
            [
              -120.85548408844254,
              44.40671742093637
            ],
            [
              -120.85607352610106,
              44.40695477674151
            ],
            [
              -120.85680891843367,
              44.40729015194264
            ],
            [
              -120.857203913054,
              44.40739284529286
            ],
            [
              -120.85808831253604,
              44.40774291632348
            ],
            [
              -120.85888362339642,
              44.40825804964874
            ],
            [
              -120.85925507766474,
              44.40855085350511
            ],
            [
              -120.85935913940554,
              44.408886281160555
            ],
            [
              -120.85919146616283,
              44.40938335158613
            ],
            [
              -120.85910929187388,
              44.40962206663741
            ],
            [
              -120.85899750192668,
              44.410097691251096
            ],
            [
              -120.85878096931566,
              44.4105032633575
            ],
            [
              -120.8585632131992,
              44.41100584059499
            ],
            [
              -120.85852421823104,
              44.411276417681535
            ],
            [
              -120.85844346328024,
              44.41166792916507
            ],
            [
              -120.85826699014099,
              44.41195045531921
            ],
            [
              -120.85811016315701,
              44.412149980977226
            ],
            [
              -120.85767019078874,
              44.412368013466214
            ],
            [
              -120.85739973770109,
              44.41249394678266
            ],
            [
              -120.85699209749652,
              44.41273640426135
            ],
            [
              -120.85675006800277,
              44.41299387731275
            ],
            [
              -120.85650324869192,
              44.413382269025895
            ],
            [
              -120.85628798809535,
              44.41395663262664
            ],
            [
              -120.85626389887271,
              44.41402090853585
            ],
            [
              -120.85623860590755,
              44.4141144918747
            ],
            [
              -120.8561293941252,
              44.41451859816083
            ],
            [
              -120.85612294871305,
              44.41453478794366
            ],
            [
              -120.8560966909573,
              44.41495864796669
            ],
            [
              -120.85611815440438,
              44.4152806167547
            ],
            [
              -120.85607711307398,
              44.41549422557486
            ],
            [
              -120.85590627506652,
              44.41562202513673
            ],
            [
              -120.85564855919128,
              44.41569968466689
            ],
            [
              -120.8553854156951,
              44.4157789815812
            ],
            [
              -120.8548680363971,
              44.4158407203365
            ],
            [
              -120.85436987385967,
              44.41583135869237
            ],
            [
              -120.85346969816459,
              44.415909716056625
            ],
            [
              -120.85278800352638,
              44.41592071709648
            ],
            [
              -120.85220550625176,
              44.41594549044249
            ],
            [
              -120.85159372389887,
              44.415862519679386
            ],
            [
              -120.85100028963568,
              44.415732252860636
            ],
            [
              -120.85057422318799,
              44.41556940401074
            ],
            [
              -120.85029411321104,
              44.41550457990804
            ],
            [
              -120.85007780787377,
              44.41551241639879
            ],
            [
              -120.85001130379666,
              44.415546248108015
            ],
            [
              -120.84980688766218,
              44.41565023464529
            ],
            [
              -120.84972876836845,
              44.41575522581979
            ],
            [
              -120.84968454161206,
              44.41581466749956
            ],
            [
              -120.84974310907366,
              44.41603014797485
            ],
            [
              -120.84989912757388,
              44.41630701365679
            ],
            [
              -120.85007524318364,
              44.41648897686072
            ],
            [
              -120.85025135969171,
              44.416670942706574
            ],
            [
              -120.85035363917504,
              44.41705398443153
            ],
            [
              -120.85035587867505,
              44.41789962580039
            ],
            [
              -120.85037207619793,
              44.418364415426765
            ],
            [
              -120.85040467066968,
              44.41860935729115
            ],
            [
              -120.850437221124,
              44.418853945882894
            ],
            [
              -120.85043637670765,
              44.41933032501879
            ],
            [
              -120.85040231888027,
              44.41980607855875
            ],
            [
              -120.85039711224488,
              44.419948101374835
            ],
            [
              -120.85038268709805,
              44.420341652189734
            ],
            [
              -120.85020571269888,
              44.42063606562269
            ],
            [
              -120.85004972923295,
              44.421264351516456
            ],
            [
              -120.85007598698868,
              44.42140662036756
            ],
            [
              -120.8500903797962,
              44.42148460648146
            ],
            [
              -120.85014678052127,
              44.42179021298513
            ],
            [
              -120.85025386599138,
              44.422042334533685
            ]
          ]
        ]
      },
      "properties": {
        "huc12": "170703051006",
        "name": "McAllister Slough-Crooked River",
        "tohuc": "170703051101",
        "areasqkm": 110.77,
        "states": "OR"
      }
    }
  ]
}