huc12_id,year_month,sui,availability_mm_month,streamflow_mm_month,total_consumption_mm_month,public_supply_consumption_mgd,name,tohuc,areasqkm,states,is_site,is_touching_site,network_direction,network_depth,same_site_huc10,same_site_huc8,scope_local,scope_hydro_near,date,year,month
170703051001,2009-10,0.146006256988672,11.6611439484596,11.7083696024699,0.0472256540103624,0.0026208617381206,Juniper Canyon,170703051002,50.97,OR,0,1,upstream,1.0,1,1,1,1,2009-10-01,2009,10
170703051001,2009-11,0.134531367977186,11.5186116155426,11.5233018065661,0.0046901910235403,0.0021050915353937,Juniper Canyon,170703051002,50.97,OR,0,1,upstream,1.0,1,1,1,1,2009-11-01,2009,11
170703051001,2009-12,0.096660306999711,12.3826188482094,12.3850773522405,0.002458504031094,0.0010678516902022,Juniper Canyon,170703051002,50.97,OR,0,1,upstream,1.0,1,1,1,1,2009-12-01,2009,12
170703051001,2010-01,0.0002112115700696,15.3051507568261,15.3083840646597,0.0032333078335253,0.0014043878681125,Juniper Canyon,170703051002,50.97,OR,0,1,upstream,1.0,1,1,1,1,2010-01-01,2010,1
170703051001,2010-02,0.0,16.848753948353,16.8525711686278,0.0038172202748302,0.0018356543130457,Juniper Canyon,170703051002,50.97,OR,0,1,upstream,1.0,1,1,1,1,2010-02-01,2010,2
170703051001,2010-03,0.0003782990845463,18.3160525127679,18.3229840808719,0.0069315681039522,0.003010727915001,Juniper Canyon,170703051002,50.97,OR,0,1,upstream,1.0,1,1,1,1,2010-03-01,2010,3
170703051001,2010-04,0.0004407585903859,17.7398110645244,17.7476334864426,0.007822421918171,0.0035109261186958,Juniper Canyon,170703051002,50.97,OR,0,1,upstream,1.0,1,1,1,1,2010-04-01,2010,4
170703051001,2010-05,0.0005098515869514,18.1408140744596,18.1500679153896,0.0092538409299388,0.0040194075555371,Juniper Canyon,170703051002,50.97,OR,0,1,upstream,1.0,1,1,1,1,2010-05-01,2010,5
170703051001,2010-06,0.0,18.440038814142,18.6580949758394,0.218056161697408,0.0049469261810202,Juniper Canyon,170703051002,50.97,OR,0,1,upstream,1.0,1,1,1,1,2010-06-01,2010,6
170703051001,2010-07,0.248467077152623,12.4815345403371,16.608100804217,4.12656626387993,0.0069518360318237,Juniper Canyon,170703051002,50.97,OR,0,1,upstream,1.0,1,1,1,1,2010-07-01,2010,7
170703051001,2010-08,0.227416637486937,10.8853758535273,14.0895809846581,3.20420513113082,0.0061211038313244,Juniper Canyon,170703051002,50.97,OR,0,1,upstream,1.0,1,1,1,1,2010-08-01,2010,8
170703051001,2010-09,0.0419228824367109,12.2301142212538,12.7652711843897,0.535156963135903,0.0040013122710351,Juniper Canyon,170703051002,50.97,OR,0,1,upstream,1.0,1,1,1,1,2010-09-01,2010,9
170703051001,2010-10,0.007089691636275,13.5580267753615,13.6548353473181,0.0968085719565947,0.0028458515119632,Juniper Canyon,170703051002,50.97,OR,0,1,upstream,1.0,1,1,1,1,2010-10-01,2010,10
170703051001,2010-11,0.0,16.6757043645364,16.6789788907404,0.003274526204027,0.0014697007776283,Juniper Canyon,170703051002,50.97,OR,0,1,upstream,1.0,1,1,1,1,2010-11-01,2010,11
170703051001,2010-12,0.0,21.2641402003689,21.2667020146708,0.0025618143019858,0.0011127245258746,Juniper Canyon,170703051002,50.97,OR,0,1,upstream,1.0,1,1,1,1,2010-12-01,2010,12
170703051001,2011-01,0.0,21.6089626891198,21.6110745589315,0.002111869811714,0.0009172910515515,Juniper Canyon,170703051002,50.97,OR,0,1,upstream,1.0,1,1,1,1,2011-01-01,2011,1
170703051001,2011-02,0.0,20.595251018497,20.5980653538116,0.0028143353145922,0.0013533792620385,Juniper Canyon,170703051002,50.97,OR,0,1,upstream,1.0,1,1,1,1,2011-02-01,2011,2
170703051001,2011-03,0.0,24.8208983629579,24.8257916113016,0.0048932483436476,0.0021253833421693,Juniper Canyon,170703051002,50.97,OR,0,1,upstream,1.0,1,1,1,1,2011-03-01,2011,3
170703051001,2011-04,0.0,24.7770195946519,24.7828293949904,0.0058098003384919,0.0026076041366979,Juniper Canyon,170703051002,50.97,OR,0,1,upstream,1.0,1,1,1,1,2011-04-01,2011,4
170703051001,2011-05,0.0,25.0611101343146,25.0689244366867,0.0078143023720999,0.0033941437110782,Juniper Canyon,170703051002,50.97,OR,0,1,upstream,1.0,1,1,1,1,2011-05-01,2011,5
170703051001,2011-06,0.0,22.8874888196834,23.6362501203489,0.748761300665542,0.0047397327617762,Juniper Canyon,170703051002,50.97,OR,0,1,upstream,1.0,1,1,1,1,2011-06-01,2011,6
170703051001,2011-07,0.0,17.976446939499,21.3242905838797,3.34784364438066,0.0051485191879906,Juniper Canyon,170703051002,50.97,OR,0,1,upstream,1.0,1,1,1,1,2011-07-01,2011,7
170703051001,2011-08,0.0,15.5765433764609,18.8211425863461,3.24459920988521,0.0053042795668431,Juniper Canyon,170703051002,50.97,OR,0,1,upstream,1.0,1,1,1,1,2011-08-01,2011,8
170703051001,2011-09,0.0,12.9128036949593,15.5092066516534,2.59640295669408,0.0049837183985999,Juniper Canyon,170703051002,50.97,OR,0,1,upstream,1.0,1,1,1,1,2011-09-01,2011,9
170703051001,2011-10,0.0,13.8979071007557,14.0295341850283,0.131627084272629,0.0021921589120231,Juniper Canyon,170703051002,50.97,OR,0,1,upstream,1.0,1,1,1,1,2011-10-01,2011,10
170703051001,2011-11,0.0999774198369879,11.9784936883108,11.9819863409876,0.0034926526767734,0.0015676021614139,Juniper Canyon,170703051002,50.97,OR,0,1,upstream,1.0,1,1,1,1,2011-11-01,2011,11
170703051001,2011-12,0.156597048387398,11.5610299936973,11.5635447217901,0.0025147280928659,0.0010922726220509,Juniper Canyon,170703051002,50.97,OR,0,1,upstream,1.0,1,1,1,1,2011-12-01,2011,12
170703051001,2012-01,0.092461449776525,13.8929486803054,13.8971113564762,0.0041626761708597,0.001808059180948,Juniper Canyon,170703051002,50.97,OR,0,1,upstream,1.0,1,1,1,1,2012-01-01,2012,1
170703051001,2012-02,0.0624423715771192,14.8840982624711,14.8887078070438,0.0046095445726622,0.0021402363181229,Juniper Canyon,170703051002,50.97,OR,0,1,upstream,1.0,1,1,1,1,2012-02-01,2012,2
170703051001,2012-03,0.165118529358634,15.2975198959767,15.304622741298,0.0071028453213161,0.0030851222067092,Juniper Canyon,170703051002,50.97,OR,0,1,upstream,1.0,1,1,1,1,2012-03-01,2012,3
170703051001,2012-04,0.103906433190618,15.903540193292,15.9137278055967,0.0101876123047194,0.0045724910394694,Juniper Canyon,170703051002,50.97,OR,0,1,upstream,1.0,1,1,1,1,2012-04-01,2012,4
170703051001,2012-05,0.0854684440725792,16.5988098508496,16.6119442014126,0.0131343505629892,0.0057049076474995,Juniper Canyon,170703051002,50.97,OR,0,1,upstream,1.0,1,1,1,1,2012-05-01,2012,5
170703051001,2012-06,0.0,20.0015668194875,20.200965833012,0.19939901352444,0.0059617158208817,Juniper Canyon,170703051002,50.97,OR,0,1,upstream,1.0,1,1,1,1,2012-06-01,2012,6
170703051001,2012-07,0.0253620092323854,16.1868859982881,19.7784505475503,3.59156454926217,0.0083197402507752,Juniper Canyon,170703051002,50.97,OR,0,1,upstream,1.0,1,1,1,1,2012-07-01,2012,7
170703051001,2012-08,0.0471917904677978,13.424668431051,16.7834588668568,3.35879043580573,0.008029260110811,Juniper Canyon,170703051002,50.97,OR,0,1,upstream,1.0,1,1,1,1,2012-08-01,2012,8
170703051001,2012-09,0.0810708337148296,11.7303800068753,13.8389032043618,2.10852319748642,0.0068687639974123,Juniper Canyon,170703051002,50.97,OR,0,1,upstream,1.0,1,1,1,1,2012-09-01,2012,9
170703051001,2012-10,0.0224551190447604,13.3482143940575,13.7990697013427,0.450855307285229,0.0037858878648431,Juniper Canyon,170703051002,50.97,OR,0,1,upstream,1.0,1,1,1,1,2012-10-01,2012,10
170703051001,2012-11,0.0,15.1202513185478,15.1249681293993,0.0047168108514355,0.0021170392735764,Juniper Canyon,170703051002,50.97,OR,0,1,upstream,1.0,1,1,1,1,2012-11-01,2012,11
170703051001,2012-12,0.0,19.0697713396331,19.0722081750649,0.0024368354317865,0.0010584399300008,Juniper Canyon,170703051002,50.97,OR,0,1,upstream,1.0,1,1,1,1,2012-12-01,2012,12
170703051001,2013-01,0.0,16.8630118016708,16.865655057496,0.0026432558252086,0.0011480986668669,Juniper Canyon,170703051002,50.97,OR,0,1,upstream,1.0,1,1,1,1,2013-01-01,2013,1
170703051001,2013-02,0.0686568901076933,14.7854403222455,14.7889117188364,0.0034713965908991,0.0016693519539318,Juniper Canyon,170703051002,50.97,OR,0,1,upstream,1.0,1,1,1,1,2013-02-01,2013,2
170703051001,2013-03,0.13211579773056,15.9022284222231,15.909351230179,0.0071228079558335,0.0030937929807819,Juniper Canyon,170703051002,50.97,OR,0,1,upstream,1.0,1,1,1,1,2013-03-01,2013,3
170703051001,2013-04,0.100519554789174,15.963649269824,15.9736273236567,0.009978053832776,0.0044784352188763,Juniper Canyon,170703051002,50.97,OR,0,1,upstream,1.0,1,1,1,1,2013-04-01,2013,4
170703051001,2013-05,0.17537225282068,14.9670496162194,14.9815435168867,0.0144939006673835,0.0062954284920987,Juniper Canyon,170703051002,50.97,OR,0,1,upstream,1.0,1,1,1,1,2013-05-01,2013,5
170703051001,2013-06,0.224341193090192,13.7052489711078,14.8793375800488,1.17408860894099,0.0070264626581401,Juniper Canyon,170703051002,50.97,OR,0,1,upstream,1.0,1,1,1,1,2013-06-01,2013,6
170703051001,2013-07,0.376715136650092,10.3515778402579,13.9276440398253,3.57606619956733,0.0095170291339077,Juniper Canyon,170703051002,50.97,OR,0,1,upstream,1.0,1,1,1,1,2013-07-01,2013,7
170703051001,2013-08,0.131074384399521,12.2427978306468,13.754077593608,1.51127976296122,0.0074070504523466,Juniper Canyon,170703051002,50.97,OR,0,1,upstream,1.0,1,1,1,1,2013-08-01,2013,8
170703051001,2013-09,0.0898420665238017,11.6184128414474,12.7264802156578,1.10806737421039,0.0050742490254554,Juniper Canyon,170703051002,50.97,OR,0,1,upstream,1.0,1,1,1,1,2013-09-01,2013,9
170703051001,2013-10,0.0,15.4339991527704,15.4411310275674,0.0071318747970089,0.0030977311649587,Juniper Canyon,170703051002,50.97,OR,0,1,upstream,1.0,1,1,1,1,2013-10-01,2013,10
170703051001,2013-11,0.0,14.2190520194091,14.2230299813845,0.003977961975333,0.0017854228197449,Juniper Canyon,170703051002,50.97,OR,0,1,upstream,1.0,1,1,1,1,2013-11-01,2013,11
170703051001,2013-12,0.0209811984297389,13.419997769401,13.4224669716391,0.0024692022380896,0.0010724984584311,Juniper Canyon,170703051002,50.97,OR,0,1,upstream,1.0,1,1,1,1,2013-12-01,2013,12
170703051001,2014-01,0.14791220890382,13.0440871629078,13.0486574205968,0.0045702576889599,0.0019850922903079,Juniper Canyon,170703051002,50.97,OR,0,1,upstream,1.0,1,1,1,1,2014-01-01,2014,1
170703051001,2014-02,0.029325828306321,15.409836488275,15.4134211228629,0.0035846345878909,0.0017238067148868,Juniper Canyon,170703051002,50.97,OR,0,1,upstream,1.0,1,1,1,1,2014-02-01,2014,2
170703051001,2014-03,0.0,21.4939192717083,21.5024551487672,0.0085358770588844,0.0037075598125548,Juniper Canyon,170703051002,50.97,OR,0,1,upstream,1.0,1,1,1,1,2014-03-01,2014,3
170703051001,2014-04,0.0,20.5467297387346,20.5578953474446,0.0111656087099788,0.0050114437269024,Juniper Canyon,170703051002,50.97,OR,0,1,upstream,1.0,1,1,1,1,2014-04-01,2014,4
170703051001,2014-05,0.0,19.1506621912763,19.7313835117972,0.580721320520875,0.0064827152393682,Juniper Canyon,170703051002,50.97,OR,0,1,upstream,1.0,1,1,1,1,2014-05-01,2014,5
170703051001,2014-06,0.176810586116865,14.54507544702,16.901127177608,2.35605173058807,0.0075392312666622,Juniper Canyon,170703051002,50.97,OR,0,1,upstream,1.0,1,1,1,1,2014-06-01,2014,6
170703051001,2014-07,0.216644318302601,13.0100501271866,16.0300854539044,3.02003532671787,0.0092849145034872,Juniper Canyon,170703051002,50.97,OR,0,1,upstream,1.0,1,1,1,1,2014-07-01,2014,7
170703051001,2014-08,0.120054976792394,12.3980566665304,13.7812354383196,1.38317877178925,0.0075056607445097,Juniper Canyon,170703051002,50.97,OR,0,1,upstream,1.0,1,1,1,1,2014-08-01,2014,8
170703051001,2014-09,0.198842231880646,10.2269961715239,11.5005026513714,1.27350647984744,0.0063154393618666,Juniper Canyon,170703051002,50.97,OR,0,1,upstream,1.0,1,1,1,1,2014-09-01,2014,9
170703051001,2014-10,0.235111024817402,10.4444330150973,10.7974489365045,0.353015921407269,0.0039297321314623,Juniper Canyon,170703051002,50.97,OR,0,1,upstream,1.0,1,1,1,1,2014-10-01,2014,10
170703051001,2014-11,0.121640899067426,11.6901722006636,11.7003042997686,0.0101320991049307,0.001742263131697,Juniper Canyon,170703051002,50.97,OR,0,1,upstream,1.0,1,1,1,1,2014-11-01,2014,11
170703051001,2014-12,0.0,19.031338118233,19.0340686447662,0.0027305265331712,0.0011860047153518,Juniper Canyon,170703051002,50.97,OR,0,1,upstream,1.0,1,1,1,1,2014-12-01,2014,12
170703051001,2015-01,0.0,19.9817032136255,19.9860057178137,0.0043025041881609,0.0018687935066697,Juniper Canyon,170703051002,50.97,OR,0,1,upstream,1.0,1,1,1,1,2015-01-01,2015,1
170703051001,2015-02,0.0,18.4694714919933,18.4753352386481,0.0058637466548491,0.0028198036955202,Juniper Canyon,170703051002,50.97,OR,0,1,upstream,1.0,1,1,1,1,2015-02-01,2015,2
170703051001,2015-03,0.0,18.607878916389,18.6174550511587,0.0095761347696775,0.0041593959456939,Juniper Canyon,170703051002,50.97,OR,0,1,upstream,1.0,1,1,1,1,2015-03-01,2015,3
170703051001,2015-04,0.0829072915507506,16.2762252626462,16.3241302460659,0.0479049834196523,0.0051413732151839,Juniper Canyon,170703051002,50.97,OR,0,1,upstream,1.0,1,1,1,1,2015-04-01,2015,4
170703051001,2015-05,0.078101923322429,16.7325127027649,16.940439146406,0.207926443641091,0.0063508600630989,Juniper Canyon,170703051002,50.97,OR,0,1,upstream,1.0,1,1,1,1,2015-05-01,2015,5
170703051001,2015-06,0.206994578890665,14.0117492832198,16.5055634430565,2.49381415983675,0.0098229396664118,Juniper Canyon,170703051002,50.97,OR,0,1,upstream,1.0,1,1,1,1,2015-06-01,2015,6
170703051001,2015-07,0.083505428092069,15.2212342367647,16.9911030202039,1.76986878343927,0.0090379403323709,Juniper Canyon,170703051002,50.97,OR,0,1,upstream,1.0,1,1,1,1,2015-07-01,2015,7
170703051001,2015-08,0.0325538141407572,13.6309113839624,15.3263297883155,1.69541840435309,0.0086705041160936,Juniper Canyon,170703051002,50.97,OR,0,1,upstream,1.0,1,1,1,1,2015-08-01,2015,8
170703051001,2015-09,0.0199741047067296,12.5102963211429,13.1982777278655,0.687981406722662,0.0061473824021187,Juniper Canyon,170703051002,50.97,OR,0,1,upstream,1.0,1,1,1,1,2015-09-01,2015,9
170703051001,2015-10,0.0990286445026022,12.302615511967,12.5971274720104,0.294511960043461,0.0043384254644271,Juniper Canyon,170703051002,50.97,OR,0,1,upstream,1.0,1,1,1,1,2015-10-01,2015,10
170703051001,2015-11,0.0536802164819163,12.5946679603771,12.6183931659189,0.0237252055417634,0.001934313091236,Juniper Canyon,170703051002,50.97,OR,0,1,upstream,1.0,1,1,1,1,2015-11-01,2015,11
170703051001,2015-12,0.0,16.5110381950664,16.5145971119577,0.0035589168912557,0.00154581622383,Juniper Canyon,170703051002,50.97,OR,0,1,upstream,1.0,1,1,1,1,2015-12-01,2015,12
170703051001,2016-01,0.0,16.3883702179974,16.3926614572401,0.0042912392427656,0.0018639005755098,Juniper Canyon,170703051002,50.97,OR,0,1,upstream,1.0,1,1,1,1,2016-01-01,2016,1
170703051001,2016-02,0.0,17.0253405512286,17.0332889083687,0.0079483571401111,0.0036904649369413,Juniper Canyon,170703051002,50.97,OR,0,1,upstream,1.0,1,1,1,1,2016-02-01,2016,2
170703051001,2016-03,0.0,21.6519375641011,21.6611522766268,0.0092147125256958,0.0040024121257646,Juniper Canyon,170703051002,50.97,OR,0,1,upstream,1.0,1,1,1,1,2016-03-01,2016,3
170703051001,2016-04,0.0,19.8201391382406,19.8352868077004,0.0151476694598035,0.0067987061935711,Juniper Canyon,170703051002,50.97,OR,0,1,upstream,1.0,1,1,1,1,2016-04-01,2016,4
170703051001,2016-05,0.0,20.7310713283898,20.8930334290288,0.161962100638963,0.0075423589996074,Juniper Canyon,170703051002,50.97,OR,0,1,upstream,1.0,1,1,1,1,2016-05-01,2016,5
170703051001,2016-06,0.0,18.9327028174517,20.2813584575155,1.34865564006382,0.009321326358419,Juniper Canyon,170703051002,50.97,OR,0,1,upstream,1.0,1,1,1,1,2016-06-01,2016,6
170703051001,2016-07,0.0,17.3138735111444,19.8615986397087,2.54772512856433,0.0094458907381688,Juniper Canyon,170703051002,50.97,OR,0,1,upstream,1.0,1,1,1,1,2016-07-01,2016,7
170703051001,2016-08,0.0,14.3820682263055,17.2281823596621,2.8461141333566,0.0099432113214315,Juniper Canyon,170703051002,50.97,OR,0,1,upstream,1.0,1,1,1,1,2016-08-01,2016,8
170703051001,2016-09,0.0,13.0772592577215,14.2113907979495,1.13413154022803,0.0069062903052578,Juniper Canyon,170703051002,50.97,OR,0,1,upstream,1.0,1,1,1,1,2016-09-01,2016,9
170703051001,2016-10,0.0,14.7707445234252,14.8560102992911,0.0852657758659158,0.003683975850082,Juniper Canyon,170703051002,50.97,OR,0,1,upstream,1.0,1,1,1,1,2016-10-01,2016,10
170703051001,2016-11,0.0,14.2088960116684,14.2160398973371,0.0071438856687115,0.0032063796923294,Juniper Canyon,170703051002,50.97,OR,0,1,upstream,1.0,1,1,1,1,2016-11-01,2016,11
170703051001,2016-12,0.0001848215993246,13.7050661769006,13.7075996373885,0.0025334604878844,0.0011004090413649,Juniper Canyon,170703051002,50.97,OR,0,1,upstream,1.0,1,1,1,1,2016-12-01,2016,12
170703051001,2017-01,0.211656195583354,12.068269733005,12.071074754682,0.0028050216770745,0.0012183616951748,Juniper Canyon,170703051002,50.97,OR,0,1,upstream,1.0,1,1,1,1,2017-01-01,2017,1
170703051001,2017-02,0.281470214514458,11.4069446052817,11.4138335225006,0.0068889172188937,0.0033127956194876,Juniper Canyon,170703051002,50.97,OR,0,1,upstream,1.0,1,1,1,1,2017-02-01,2017,2
170703051001,2017-03,0.104342396933166,16.4111200029055,16.4215502209769,0.0104302180714581,0.0045303671891187,Juniper Canyon,170703051002,50.97,OR,0,1,upstream,1.0,1,1,1,1,2017-03-01,2017,3
170703051001,2017-04,0.0,20.001729208889,20.0143442331914,0.0126150243023809,0.0056619827943988,Juniper Canyon,170703051002,50.97,OR,0,1,upstream,1.0,1,1,1,1,2017-04-01,2017,4
170703051001,2017-05,0.0162423563950118,17.8552680437141,18.9491402484246,1.09387220471048,0.0083335986973505,Juniper Canyon,170703051002,50.97,OR,0,1,upstream,1.0,1,1,1,1,2017-05-01,2017,5
170703051001,2017-06,0.277258969296093,12.770235674748,16.0824373667887,3.31220169204073,0.0101456114733164,Juniper Canyon,170703051002,50.97,OR,0,1,upstream,1.0,1,1,1,1,2017-06-01,2017,6
170703051001,2017-07,0.389875852846176,10.1330033390177,14.2183411868546,4.08533784783692,0.0113832657374227,Juniper Canyon,170703051002,50.97,OR,0,1,upstream,1.0,1,1,1,1,2017-07-01,2017,7
170703051001,2017-08,0.370612686927525,8.86780351825099,12.0738515326598,3.20604801440881,0.0108135605311507,Juniper Canyon,170703051002,50.97,OR,0,1,upstream,1.0,1,1,1,1,2017-08-01,2017,8
170703051001,2017-09,0.267643212191303,9.34873300010655,10.6620773069396,1.31334430683305,0.0075025926257271,Juniper Canyon,170703051002,50.97,OR,0,1,upstream,1.0,1,1,1,1,2017-09-01,2017,9
170703051001,2017-10,0.128812005479932,11.8959286217318,12.0055413633813,0.10961274164949,0.0045273250361817,Juniper Canyon,170703051002,50.97,OR,0,1,upstream,1.0,1,1,1,1,2017-10-01,2017,10
170703051001,2017-11,0.0005070724826482,13.3023548382635,13.3091035184265,0.0067486801629112,0.0030290001867132,Juniper Canyon,170703051002,50.97,OR,0,1,upstream,1.0,1,1,1,1,2017-11-01,2017,11
170703051001,2017-12,0.0722286296941327,12.7175184991841,12.7211678398632,0.0036493406790956,0.0015850918131551,Juniper Canyon,170703051002,50.97,OR,0,1,upstream,1.0,1,1,1,1,2017-12-01,2017,12
170703051001,2018-01,0.0854453805580352,14.0003533625263,14.0047569515176,0.0044035889913873,0.0019126997100413,Juniper Canyon,170703051002,50.97,OR,0,1,upstream,1.0,1,1,1,1,2018-01-01,2018,1
170703051001,2018-02,0.234733698869345,12.1489052807845,12.1541379138761,0.0052326330916354,0.0025163089399323,Juniper Canyon,170703051002,50.97,OR,0,1,upstream,1.0,1,1,1,1,2018-02-01,2018,2
170703051001,2018-03,0.237761021031863,13.9664926774532,13.9742279527485,0.007735275295263,0.0033598182853296,Juniper Canyon,170703051002,50.97,OR,0,1,upstream,1.0,1,1,1,1,2018-03-01,2018,3
170703051001,2018-04,0.194755643248792,14.2911817106467,14.3026344895296,0.0114527788829023,0.0051403338930396,Juniper Canyon,170703051002,50.97,OR,0,1,upstream,1.0,1,1,1,1,2018-04-01,2018,4
170703051001,2018-05,0.295382876828679,12.7888486399059,13.5539702625539,0.765121622647968,0.0071782212928729,Juniper Canyon,170703051002,50.97,OR,0,1,upstream,1.0,1,1,1,1,2018-05-01,2018,5
170703051001,2018-06,0.497403751611566,8.8804596231564,11.5630952703665,2.68263564721012,0.008386409989932,Juniper Canyon,170703051002,50.97,OR,0,1,upstream,1.0,1,1,1,1,2018-06-01,2018,6
170703051001,2018-07,0.674378686292981,5.40795160204775,10.201758999944,4.79380739789629,0.0097571486025079,Juniper Canyon,170703051002,50.97,OR,0,1,upstream,1.0,1,1,1,1,2018-07-01,2018,7
170703051001,2018-08,0.600622092789336,5.62706736712791,8.67034382530569,3.04327645817779,0.0086627043422619,Juniper Canyon,170703051002,50.97,OR,0,1,upstream,1.0,1,1,1,1,2018-08-01,2018,8
170703051001,2018-09,0.580126453298242,5.35979968679945,7.15312974375746,1.79333005695801,0.0062000905465092,Juniper Canyon,170703051002,50.97,OR,0,1,upstream,1.0,1,1,1,1,2018-09-01,2018,9
170703051001,2018-10,0.417529006629326,7.95354550906536,8.14209669337472,0.18855118430936,0.0036569325132802,Juniper Canyon,170703051002,50.97,OR,0,1,upstream,1.0,1,1,1,1,2018-10-01,2018,10
170703051001,2018-11,0.352563454916615,8.61680000012714,8.62242994356762,0.0056299434404745,0.0025268792298235,Juniper Canyon,170703051002,50.97,OR,0,1,upstream,1.0,1,1,1,1,2018-11-01,2018,11
170703051001,2018-12,0.062256643819589,12.8542104891421,12.8579745159307,0.0037640267886044,0.0016349057464791,Juniper Canyon,170703051002,50.97,OR,0,1,upstream,1.0,1,1,1,1,2018-12-01,2018,12
170703051001,2019-01,0.0462066043806715,14.6010356184766,14.6046119382877,0.0035763198111123,0.0015533751853563,Juniper Canyon,170703051002,50.97,OR,0,1,upstream,1.0,1,1,1,1,2019-01-01,2019,1
170703051001,2019-02,0.0001648019396659,15.8727793183663,15.8753956143565,0.0026162959902088,0.0012581445850265,Juniper Canyon,170703051002,50.97,OR,0,1,upstream,1.0,1,1,1,1,2019-02-01,2019,2
170703051001,2019-03,0.0,18.9183119339783,18.9233120334445,0.0050000994661564,0.0021717941474102,Juniper Canyon,170703051002,50.97,OR,0,1,upstream,1.0,1,1,1,1,2019-03-01,2019,3
170703051001,2019-04,0.0,26.4365661876352,26.445653740173,0.0090875525377167,0.0040787528330037,Juniper Canyon,170703051002,50.97,OR,0,1,upstream,1.0,1,1,1,1,2019-04-01,2019,4
170703051001,2019-05,0.0,26.9874960823859,27.2368958700164,0.249399787630579,0.0058553448573096,Juniper Canyon,170703051002,50.97,OR,0,1,upstream,1.0,1,1,1,1,2019-05-01,2019,5
170703051001,2019-06,0.0,22.4387207257203,25.1466603513069,2.70793962558668,0.0072785573694194,Juniper Canyon,170703051002,50.97,OR,0,1,upstream,1.0,1,1,1,1,2019-06-01,2019,6
170703051001,2019-07,0.0,17.6208736614416,22.1097977829903,4.4889241215487,0.0072730399427214,Juniper Canyon,170703051002,50.97,OR,0,1,upstream,1.0,1,1,1,1,2019-07-01,2019,7
170703051001,2019-08,0.0,17.7560771703102,19.5581376074806,1.80206043717046,0.0071650912100139,Juniper Canyon,170703051002,50.97,OR,0,1,upstream,1.0,1,1,1,1,2019-08-01,2019,8
170703051001,2019-09,0.0,17.0492163885181,17.6484297085846,0.599213320066565,0.0043177326921241,Juniper Canyon,170703051002,50.97,OR,0,1,upstream,1.0,1,1,1,1,2019-09-01,2019,9
170703051001,2019-10,0.0,18.2052123595513,18.2427504667898,0.0375381072384703,0.0032733739682243,Juniper Canyon,170703051002,50.97,OR,0,1,upstream,1.0,1,1,1,1,2019-10-01,2019,10
170703051001,2019-11,0.0,16.2977163335134,16.3022101057725,0.004493772259057,0.0020169331903645,Juniper Canyon,170703051002,50.97,OR,0,1,upstream,1.0,1,1,1,1,2019-11-01,2019,11
170703051001,2019-12,0.0,16.7283346781586,16.7310437160415,0.0027090378828959,0.0011766711160465,Juniper Canyon,170703051002,50.97,OR,0,1,upstream,1.0,1,1,1,1,2019-12-01,2019,12
170703051001,2020-01,0.0,16.4909852027201,16.494929678309,0.0039444755888632,0.0017132837169499,Juniper Canyon,170703051002,50.97,OR,0,1,upstream,1.0,1,1,1,1,2020-01-01,2020,1
170703051001,2020-02,0.0,18.0776370748189,18.0828874949472,0.0052504201282784,0.0024377982828476,Juniper Canyon,170703051002,50.97,OR,0,1,upstream,1.0,1,1,1,1,2020-02-01,2020,2
170703051001,2020-03,0.0226766915931265,17.9074794218042,17.9136947624829,0.0062153406786736,0.0026996343975694,Juniper Canyon,170703051002,50.97,OR,0,1,upstream,1.0,1,1,1,1,2020-03-01,2020,3
170703051001,2020-04,0.0607785417434338,16.6689582037397,16.6791445738664,0.0101863701267421,0.0045719335145558,Juniper Canyon,170703051002,50.97,OR,0,1,upstream,1.0,1,1,1,1,2020-04-01,2020,4
170703051001,2020-05,0.0286942551018392,17.6292652365097,17.7409613436673,0.111696107157643,0.0053597452380986,Juniper Canyon,170703051002,50.97,OR,0,1,upstream,1.0,1,1,1,1,2020-05-01,2020,5
170703051001,2020-06,0.118427014121177,15.5766648300005,17.6691721269935,2.09250729699296,0.0064845709466212,Juniper Canyon,170703051002,50.97,OR,0,1,upstream,1.0,1,1,1,1,2020-06-01,2020,6
170703051001,2020-07,0.268958479265523,12.1412112684263,16.2655200135017,4.12430874507538,0.0072412823127232,Juniper Canyon,170703051002,50.97,OR,0,1,upstream,1.0,1,1,1,1,2020-07-01,2020,7
170703051001,2020-08,0.217372387141214,11.0268951322035,13.8177071155749,2.79081198337143,0.0066747120313795,Juniper Canyon,170703051002,50.97,OR,0,1,upstream,1.0,1,1,1,1,2020-08-01,2020,8
170703051001,2020-09,0.253594812809899,9.52806462791679,11.4208762151323,1.89281158721552,0.0056677393830958,Juniper Canyon,170703051002,50.97,OR,0,1,upstream,1.0,1,1,1,1,2020-09-01,2020,9
170703051002,2009-10,0.105186722963017,4.1386904613677,4.16668876866631,0.0279983072986122,0.0324741149739006,Town of Prineville-Crooked River,170703051006,69.22,OR,1,0,site,0.0,1,1,1,1,2009-10-01,2009,10
170703051002,2009-11,0.128609339878917,3.7852091585918,3.78635350760596,0.0011443490141596,0.0260833998057386,Town of Prineville-Crooked River,170703051006,69.22,OR,1,0,site,0.0,1,1,1,1,2009-11-01,2009,11
170703051002,2009-12,0.288696641907124,3.79964930477684,3.80024914956997,0.0005998447931373,0.0132313498489123,Town of Prineville-Crooked River,170703051006,69.22,OR,1,0,site,0.0,1,1,1,1,2009-12-01,2009,12
170703051002,2010-01,0.0229839797746098,5.29812267182573,5.29891155923206,0.0007888874063335,0.017401243428332,Town of Prineville-Crooked River,170703051006,69.22,OR,1,0,site,0.0,1,1,1,1,2010-01-01,2010,1
170703051002,2010-02,0.0,6.18157985670345,6.18251121157501,0.0009313548715623,0.022744904222582,Town of Prineville-Crooked River,170703051006,69.22,OR,1,0,site,0.0,1,1,1,1,2010-02-01,2010,2
170703051002,2010-03,0.0523044943468398,7.82585213615263,7.82754335365029,0.0016912174976513,0.0373048005718094,Town of Prineville-Crooked River,170703051006,69.22,OR,1,0,site,0.0,1,1,1,1,2010-03-01,2010,3
170703051002,2010-04,0.0373973350770175,10.5644805922956,10.5667750718423,0.0022944795467246,0.0435025689394662,Town of Prineville-Crooked River,170703051006,69.22,OR,1,0,site,0.0,1,1,1,1,2010-04-01,2010,4
170703051002,2010-05,0.0,10.389042276138,10.4127967913917,0.0237545152536377,0.0498029717428274,Town of Prineville-Crooked River,170703051006,69.22,OR,1,0,site,0.0,1,1,1,1,2010-05-01,2010,5
170703051002,2010-06,0.0759972780437852,8.12852121994228,8.82009424912885,0.691573029186565,0.0612955072117035,Town of Prineville-Crooked River,170703051006,69.22,OR,1,0,site,0.0,1,1,1,1,2010-06-01,2010,6
170703051002,2010-07,0.321858031613286,4.63074261865594,6.82857400740495,2.197831388749,0.0861375933318162,Town of Prineville-Crooked River,170703051006,69.22,OR,1,0,site,0.0,1,1,1,1,2010-07-01,2010,7
170703051002,2010-08,0.315063041612011,3.66482836769112,5.35060683003055,1.68577846233942,0.0758443021600039,Town of Prineville-Crooked River,170703051006,69.22,OR,1,0,site,0.0,1,1,1,1,2010-08-01,2010,8
170703051002,2010-09,0.109001637396722,3.90545943357679,4.38323974262534,0.477780309048547,0.0495787598582952,Town of Prineville-Crooked River,170703051006,69.22,OR,1,0,site,0.0,1,1,1,1,2010-09-01,2010,9
170703051002,2010-10,0.0121745543501274,4.56889035324232,4.67590594055972,0.107015587317394,0.0352618788904201,Town of Prineville-Crooked River,170703051006,69.22,OR,1,0,site,0.0,1,1,1,1,2010-10-01,2010,10
170703051002,2010-11,0.0,5.18568188438436,5.18982571962093,0.0041438352365751,0.0182105111978007,Town of Prineville-Crooked River,170703051006,69.22,OR,1,0,site,0.0,1,1,1,1,2010-11-01,2010,11
170703051002,2010-12,0.0,6.22683030057577,6.22745535180635,0.0006250512305839,0.0137873523284149,Town of Prineville-Crooked River,170703051006,69.22,OR,1,0,site,0.0,1,1,1,1,2010-12-01,2010,12
170703051002,2011-01,0.0,7.38865724875163,7.38917251905191,0.0005152703002796,0.0113658094356307,Town of Prineville-Crooked River,170703051006,69.22,OR,1,0,site,0.0,1,1,1,1,2011-01-01,2011,1
170703051002,2011-02,0.0,9.32974944926753,9.33043611252423,0.0006866632566998,0.0167692149186958,Town of Prineville-Crooked River,170703051006,69.22,OR,1,0,site,0.0,1,1,1,1,2011-02-01,2011,2
170703051002,2011-03,0.0,13.0256230729863,13.026816965493,0.0011938925067203,0.0263348279740669,Town of Prineville-Crooked River,170703051006,69.22,OR,1,0,site,0.0,1,1,1,1,2011-03-01,2011,3
170703051002,2011-04,0.0,17.7468776701955,17.7482951901337,0.0014175199381963,0.0323098450062733,Town of Prineville-Crooked River,170703051006,69.22,OR,1,0,site,0.0,1,1,1,1,2011-04-01,2011,4
170703051002,2011-05,0.0,18.9252764257806,18.9271830195997,0.0019065938190953,0.0420555619200791,Town of Prineville-Crooked River,170703051006,69.22,OR,1,0,site,0.0,1,1,1,1,2011-05-01,2011,5
170703051002,2011-06,0.0,14.3321241391591,14.7642324034292,0.432108264270157,0.0587282512513839,Town of Prineville-Crooked River,170703051006,69.22,OR,1,0,site,0.0,1,1,1,1,2011-06-01,2011,6
170703051002,2011-07,0.0,9.41035939020334,11.2682445626159,1.85788517241257,0.0637933705636961,Town of Prineville-Crooked River,170703051006,69.22,OR,1,0,site,0.0,1,1,1,1,2011-07-01,2011,7
170703051002,2011-08,0.0,6.91876585707264,8.6665460905115,1.74778023343886,0.0657233390079156,Town of Prineville-Crooked River,170703051006,69.22,OR,1,0,site,0.0,1,1,1,1,2011-08-01,2011,8
170703051002,2011-09,0.0,5.7640795885812,6.69792665070606,0.933847062124858,0.0617513857826526,Town of Prineville-Crooked River,170703051006,69.22,OR,1,0,site,0.0,1,1,1,1,2011-09-01,2011,9
170703051002,2011-10,0.0,5.76999930400794,5.81586413820331,0.0458648341953697,0.027162219019287,Town of Prineville-Crooked River,170703051006,69.22,OR,1,0,site,0.0,1,1,1,1,2011-10-01,2011,10
170703051002,2011-11,0.0,4.87605582362597,4.87694402665486,0.0008882030288873,0.0194235705312702,Town of Prineville-Crooked River,170703051006,69.22,OR,1,0,site,0.0,1,1,1,1,2011-11-01,2011,11
170703051002,2011-12,0.142418120621663,4.58104176606973,4.5816553288435,0.0006135627737777,0.0135339404576005,Town of Prineville-Crooked River,170703051006,69.22,OR,1,0,site,0.0,1,1,1,1,2011-12-01,2011,12
170703051002,2012-01,0.0150558713182966,5.34111489537944,5.34213053724743,0.0010156418679923,0.0224029832889337,Town of Prineville-Crooked River,170703051006,69.22,OR,1,0,site,0.0,1,1,1,1,2012-01-01,2012,1
170703051002,2012-02,0.0672130088721968,5.7222452173907,5.72336988966118,0.0011246722704845,0.0265188656292426,Town of Prineville-Crooked River,170703051006,69.22,OR,1,0,site,0.0,1,1,1,1,2012-02-01,2012,2
170703051002,2012-03,0.161564825930363,6.92360537628186,6.92533838331726,0.0017330070354024,0.0382265923425072,Town of Prineville-Crooked River,170703051006,69.22,OR,1,0,site,0.0,1,1,1,1,2012-03-01,2012,3
170703051002,2012-04,0.000226484918553,10.9724274424424,10.9749130947408,0.002485652298389,0.0566560217859265,Town of Prineville-Crooked River,170703051006,69.22,OR,1,0,site,0.0,1,1,1,1,2012-04-01,2012,4
170703051002,2012-05,0.0007767244726816,10.1571100208294,10.1650054293113,0.0078954084818877,0.070687371319799,Town of Prineville-Crooked River,170703051006,69.22,OR,1,0,site,0.0,1,1,1,1,2012-05-01,2012,5
170703051002,2012-06,0.0426745030659307,8.4216641697178,8.79707497260756,0.375410802889763,0.0738693850931129,Town of Prineville-Crooked River,170703051006,69.22,OR,1,0,site,0.0,1,1,1,1,2012-06-01,2012,6
170703051002,2012-07,0.297381002821377,4.79788582124288,7.05496585632243,2.25708003507956,0.103086781544761,Town of Prineville-Crooked River,170703051006,69.22,OR,1,0,site,0.0,1,1,1,1,2012-07-01,2012,7
170703051002,2012-08,0.318868528306181,3.64446670459371,5.61384227972909,1.96937557513539,0.0994875510605183,Town of Prineville-Crooked River,170703051006,69.22,OR,1,0,site,0.0,1,1,1,1,2012-08-01,2012,8
170703051002,2012-09,0.235437404913631,3.35126115250734,4.46410650314016,1.11284535063282,0.0851082789054371,Town of Prineville-Crooked River,170703051006,69.22,OR,1,0,site,0.0,1,1,1,1,2012-09-01,2012,9
170703051002,2012-10,0.10115470413599,4.15733935526289,4.26032517421672,0.10298581895383,0.0469095168253221,Town of Prineville-Crooked River,170703051006,69.22,OR,1,0,site,0.0,1,1,1,1,2012-10-01,2012,10
170703051002,2012-11,0.0,4.90050388433762,4.90165472826289,0.0011508439252744,0.026231439749158,Town of Prineville-Crooked River,170703051006,69.22,OR,1,0,site,0.0,1,1,1,1,2012-11-01,2012,11
170703051002,2012-12,0.0,6.87770699817269,6.87830155609368,0.0005945579209968,0.0131147322576666,Town of Prineville-Crooked River,170703051006,69.22,OR,1,0,site,0.0,1,1,1,1,2012-12-01,2012,12
170703051002,2013-01,0.0,5.70343977203823,5.70408469400037,0.0006449219621477,0.0142256600441478,Town of Prineville-Crooked River,170703051006,69.22,OR,1,0,site,0.0,1,1,1,1,2013-01-01,2013,1
170703051002,2013-02,0.201857876632935,4.89625712158917,4.89710409972857,0.0008469781394008,0.0206843140541871,Town of Prineville-Crooked River,170703051006,69.22,OR,1,0,site,0.0,1,1,1,1,2013-02-01,2013,2
170703051002,2013-03,0.132482437560868,7.16376106952741,7.1654989472005,0.0017378776730834,0.0383340286525014,Town of Prineville-Crooked River,170703051006,69.22,OR,1,0,site,0.0,1,1,1,1,2013-03-01,2013,3
170703051002,2013-04,0.0393531175834735,10.543016049255,10.5454505718596,0.0024345226046146,0.0554906113838891,Town of Prineville-Crooked River,170703051006,69.22,OR,1,0,site,0.0,1,1,1,1,2013-04-01,2013,4
170703051002,2013-05,0.151976663171949,8.62016182303981,8.62369815681743,0.0035363337776227,0.0780042936599105,Town of Prineville-Crooked River,170703051006,69.22,OR,1,0,site,0.0,1,1,1,1,2013-05-01,2013,5
170703051002,2013-06,0.272909290513243,6.39627148324143,6.82857612833445,0.43230464509302,0.0870622638735173,Town of Prineville-Crooked River,170703051006,69.22,OR,1,0,site,0.0,1,1,1,1,2013-06-01,2013,6
170703051002,2013-07,0.482811155363003,3.53166230140799,5.73353761537342,2.20187531396542,0.117921939112326,Town of Prineville-Crooked River,170703051006,69.22,OR,1,0,site,0.0,1,1,1,1,2013-07-01,2013,7
170703051002,2013-08,0.331506299142552,3.57684696164026,4.91503156037805,1.3381845987378,0.0917779845111072,Town of Prineville-Crooked River,170703051006,69.22,OR,1,0,site,0.0,1,1,1,1,2013-08-01,2013,8
170703051002,2013-09,0.183206353768382,3.58020237168629,4.37098073025401,0.790778358567716,0.0628731168310341,Town of Prineville-Crooked River,170703051006,69.22,OR,1,0,site,0.0,1,1,1,1,2013-09-01,2013,9
170703051002,2013-10,0.0006466314016502,4.62220930365423,4.62520010327992,0.0029907996256966,0.0383828252158173,Town of Prineville-Crooked River,170703051006,69.22,OR,1,0,site,0.0,1,1,1,1,2013-10-01,2013,10
170703051002,2013-11,0.0247148955687031,4.23651328672554,4.23748386059811,0.0009705738725756,0.0221225046259024,Town of Prineville-Crooked River,170703051006,69.22,OR,1,0,site,0.0,1,1,1,1,2013-11-01,2013,11
170703051002,2013-12,0.245907981604468,4.02821831337428,4.02882076839855,0.0006024550242701,0.0132889262114986,Town of Prineville-Crooked River,170703051006,69.22,OR,1,0,site,0.0,1,1,1,1,2013-12-01,2013,12
170703051002,2014-01,0.207412324673705,4.29801215653267,4.29912724328597,0.0011150867533044,0.0245965341595963,Town of Prineville-Crooked River,170703051006,69.22,OR,1,0,site,0.0,1,1,1,1,2014-01-01,2014,1
170703051002,2014-02,0.0001425702382806,6.1336933833189,6.134567990139,0.0008746068201033,0.0213590425766454,Town of Prineville-Crooked River,170703051006,69.22,OR,1,0,site,0.0,1,1,1,1,2014-02-01,2014,2
170703051002,2014-03,0.0,12.0389974406864,12.0410800898681,0.0020826491817276,0.0459389833024372,Town of Prineville-Crooked River,170703051006,69.22,OR,1,0,site,0.0,1,1,1,1,2014-03-01,2014,3
170703051002,2014-04,0.0,11.4778753065985,11.4834358664145,0.0055605598159715,0.0620949199286509,Town of Prineville-Crooked River,170703051006,69.22,OR,1,0,site,0.0,1,1,1,1,2014-04-01,2014,4
170703051002,2014-05,0.0978969781693131,9.16988211470705,9.55207862277362,0.382196508066575,0.0803248935127973,Town of Prineville-Crooked River,170703051006,69.22,OR,1,0,site,0.0,1,1,1,1,2014-05-01,2014,5
170703051002,2014-06,0.342903062410487,5.78053102424578,7.24804919608167,1.46751817183589,0.0934157874134867,Town of Prineville-Crooked River,170703051006,69.22,OR,1,0,site,0.0,1,1,1,1,2014-06-01,2014,6
170703051002,2014-07,0.431979777943825,3.87876812401318,6.01925625457817,2.14048813056499,0.115045893769771,Town of Prineville-Crooked River,170703051006,69.22,OR,1,0,site,0.0,1,1,1,1,2014-07-01,2014,7
170703051002,2014-08,0.313796675975062,3.6716041923175,4.94065935772266,1.26905516540516,0.092999827662441,Town of Prineville-Crooked River,170703051006,69.22,OR,1,0,site,0.0,1,1,1,1,2014-08-01,2014,8
170703051002,2014-09,0.311808558773863,3.01650807571702,3.9832071667558,0.966699091038786,0.0782522408431287,Town of Prineville-Crooked River,170703051006,69.22,OR,1,0,site,0.0,1,1,1,1,2014-09-01,2014,9
170703051002,2014-10,0.281023498424991,3.32541018934057,3.62130866438647,0.295898475045899,0.0486918371914,Town of Prineville-Crooked River,170703051006,69.22,OR,1,0,site,0.0,1,1,1,1,2014-10-01,2014,10
170703051002,2014-11,0.104609320164062,3.88946216311497,3.89456706043812,0.0051048973231476,0.0215877291161836,Town of Prineville-Crooked River,170703051006,69.22,OR,1,0,site,0.0,1,1,1,1,2014-11-01,2014,11
170703051002,2014-12,0.0,8.77107756964122,8.77174378458443,0.0006662149432056,0.0146953396761559,Town of Prineville-Crooked River,170703051006,69.22,OR,1,0,site,0.0,1,1,1,1,2014-12-01,2014,12
170703051002,2015-01,0.0,8.99260881782637,8.99365857601349,0.0010497581871246,0.0231555195435799,Town of Prineville-Crooked River,170703051006,69.22,OR,1,0,site,0.0,1,1,1,1,2015-01-01,2015,1
170703051002,2015-02,0.0,11.3526909746002,11.3541216567771,0.0014306821769262,0.0349391301648053,Town of Prineville-Crooked River,170703051006,69.22,OR,1,0,site,0.0,1,1,1,1,2015-02-01,2015,2
170703051002,2015-03,0.0,11.0140044607346,11.0163409200233,0.0023364592887879,0.0515375153896134,Town of Prineville-Crooked River,170703051006,69.22,OR,1,0,site,0.0,1,1,1,1,2015-03-01,2015,3
170703051002,2015-04,0.166298247175046,9.14980428418691,9.15648322179278,0.0066789376058701,0.0637048274943883,Town of Prineville-Crooked River,170703051006,69.22,OR,1,0,site,0.0,1,1,1,1,2015-04-01,2015,4
170703051002,2015-05,0.202955422439859,8.10196245830195,8.40952365585771,0.307561197555766,0.0786911254693346,Town of Prineville-Crooked River,170703051006,69.22,OR,1,0,site,0.0,1,1,1,1,2015-05-01,2015,5
170703051002,2015-06,0.494279529156476,4.44886089719288,6.67557675047805,2.22671585328518,0.121712361804134,Town of Prineville-Crooked River,170703051006,69.22,OR,1,0,site,0.0,1,1,1,1,2015-06-01,2015,6
170703051002,2015-07,0.383156282092113,4.21216297873683,5.9172218570412,1.70505887830436,0.111985729430783,Town of Prineville-Crooked River,170703051006,69.22,OR,1,0,site,0.0,1,1,1,1,2015-07-01,2015,7
170703051002,2015-08,0.464307658185031,2.86627910291023,4.80422539031402,1.93794628740378,0.107432965063472,Town of Prineville-Crooked River,170703051006,69.22,OR,1,0,site,0.0,1,1,1,1,2015-08-01,2015,8
170703051002,2015-09,0.232684289681057,3.36332871661078,4.08554055488775,0.722211838276969,0.0761699100762523,Town of Prineville-Crooked River,170703051006,69.22,OR,1,0,site,0.0,1,1,1,1,2015-09-01,2015,9
170703051002,2015-10,0.255641840722387,3.44280543516807,3.70572883630654,0.262923401138476,0.0537558030201668,Town of Prineville-Crooked River,170703051006,69.22,OR,1,0,site,0.0,1,1,1,1,2015-10-01,2015,10
170703051002,2015-11,0.171465743325639,3.59904644391651,3.60681117260004,0.0077647286835339,0.0239673481460969,Town of Prineville-Crooked River,170703051006,69.22,OR,1,0,site,0.0,1,1,1,1,2015-11-01,2015,11
170703051002,2015-12,0.0,6.21807054394785,6.21893887596578,0.0008683320179378,0.0191536291483944,Town of Prineville-Crooked River,170703051006,69.22,OR,1,0,site,0.0,1,1,1,1,2015-12-01,2015,12
170703051002,2016-01,0.0001930769241982,5.42171225132442,5.4227592610032,0.0010470096787818,0.023094893068427,Town of Prineville-Crooked River,170703051006,69.22,OR,1,0,site,0.0,1,1,1,1,2016-01-01,2016,1
170703051002,2016-02,0.0,6.83608645637698,6.83802575791328,0.0019393015362963,0.0457271671092885,Town of Prineville-Crooked River,170703051006,69.22,OR,1,0,site,0.0,1,1,1,1,2016-02-01,2016,2
170703051002,2016-03,0.0,16.8913344483767,16.8935827250762,0.0022482766995245,0.0495923877458029,Town of Prineville-Crooked River,170703051006,69.22,OR,1,0,site,0.0,1,1,1,1,2016-03-01,2016,3
170703051002,2016-04,0.0,14.7948806712808,14.7985765166155,0.0036958453346871,0.0842402189297174,Town of Prineville-Crooked River,170703051006,69.22,OR,1,0,site,0.0,1,1,1,1,2016-04-01,2016,4
170703051002,2016-05,0.0,11.3969031811062,11.9437693119364,0.54686613083016,0.0934545419795112,Town of Prineville-Crooked River,170703051006,69.22,OR,1,0,site,0.0,1,1,1,1,2016-05-01,2016,5
170703051002,2016-06,0.143449701784556,7.53513719121062,9.04619794112868,1.51106074991805,0.115497059409786,Town of Prineville-Crooked River,170703051006,69.22,OR,1,0,site,0.0,1,1,1,1,2016-06-01,2016,6
170703051002,2016-07,0.181386977141208,5.58995961001674,7.5701469148345,1.98018730481775,0.117040489927623,Town of Prineville-Crooked River,170703051006,69.22,OR,1,0,site,0.0,1,1,1,1,2016-07-01,2016,7
170703051002,2016-08,0.259349374211308,3.96293029701138,6.07877162207906,2.11584132506769,0.123202602779613,Town of Prineville-Crooked River,170703051006,69.22,OR,1,0,site,0.0,1,1,1,1,2016-08-01,2016,8
170703051002,2016-09,0.0726177094560901,4.06493891251899,4.85088364521174,0.78594473269275,0.0855732533135859,Town of Prineville-Crooked River,170703051006,69.22,OR,1,0,site,0.0,1,1,1,1,2016-09-01,2016,9
170703051002,2016-10,0.0,4.85784836382254,4.9184278902837,0.06057952646116,0.0456467632674222,Town of Prineville-Crooked River,170703051006,69.22,OR,1,0,site,0.0,1,1,1,1,2016-10-01,2016,10
170703051002,2016-11,0.0031618210883424,4.33013707528845,4.3438716201822,0.0137345448937445,0.0397290483752699,Town of Prineville-Crooked River,170703051006,69.22,OR,1,0,site,0.0,1,1,1,1,2016-11-01,2016,11
170703051002,2016-12,0.232993557791282,4.09720474638498,4.09782287963311,0.0006181332481282,0.0136347557781621,Town of Prineville-Crooked River,170703051006,69.22,OR,1,0,site,0.0,1,1,1,1,2016-12-01,2016,12
170703051002,2017-01,0.334038265733809,3.61135016196574,3.61203455280926,0.000684390843517,0.0150962628792759,Town of Prineville-Crooked River,170703051006,69.22,OR,1,0,site,0.0,1,1,1,1,2017-01-01,2017,1
170703051002,2017-02,0.357929747799051,3.93882361657242,3.94050442777787,0.0016808112054502,0.0410476082227139,Town of Prineville-Crooked River,170703051006,69.22,OR,1,0,site,0.0,1,1,1,1,2017-02-01,2017,2
170703051002,2017-03,0.0,13.1844730252558,13.1870178703821,0.0025448451262725,0.0561340809526742,Town of Prineville-Crooked River,170703051006,69.22,OR,1,0,site,0.0,1,1,1,1,2017-03-01,2017,3
170703051002,2017-04,0.0,17.7531156064028,17.75619351742,0.0030779110171792,0.0701555055618476,Town of Prineville-Crooked River,170703051006,69.22,OR,1,0,site,0.0,1,1,1,1,2017-04-01,2017,4
170703051002,2017-05,0.0,13.9700380998972,14.5440685352319,0.574030435334637,0.10325849635936,Town of Prineville-Crooked River,170703051006,69.22,OR,1,0,site,0.0,1,1,1,1,2017-05-01,2017,5
170703051002,2017-06,0.0174399383496096,8.64365452742839,10.5692396914135,1.92558516398512,0.125710467161562,Town of Prineville-Crooked River,170703051006,69.22,OR,1,0,site,0.0,1,1,1,1,2017-06-01,2017,6
170703051002,2017-07,0.145063496889699,5.83799718312068,8.34722784238172,2.50923065926104,0.141045777027754,Town of Prineville-Crooked River,170703051006,69.22,OR,1,0,site,0.0,1,1,1,1,2017-07-01,2017,7
170703051002,2017-08,0.152179954659129,4.53635172523767,6.60254503609695,2.06619331085928,0.133986773456289,Town of Prineville-Crooked River,170703051006,69.22,OR,1,0,site,0.0,1,1,1,1,2017-08-01,2017,8
170703051002,2017-09,0.0002549582627406,4.38212219943539,5.40475586195769,1.02263366252231,0.0929618117531496,Town of Prineville-Crooked River,170703051006,69.22,OR,1,0,site,0.0,1,1,1,1,2017-09-01,2017,9
170703051002,2017-10,0.0,5.21371134009898,5.31859852604605,0.104887185947064,0.0560963867764395,Town of Prineville-Crooked River,170703051006,69.22,OR,1,0,site,0.0,1,1,1,1,2017-10-01,2017,10
170703051002,2017-11,0.0,5.53805288456753,5.53969947965343,0.0016465950859027,0.0375312054384936,Town of Prineville-Crooked River,170703051006,69.22,OR,1,0,site,0.0,1,1,1,1,2017-11-01,2017,11
170703051002,2017-12,0.0,5.58373296792157,5.58462336223334,0.0008903943117659,0.0196402782473758,Town of Prineville-Crooked River,170703051006,69.22,OR,1,0,site,0.0,1,1,1,1,2017-12-01,2017,12
170703051002,2018-01,0.0,6.78166049189142,6.7827349135292,0.0010744216377896,0.0236995448447308,Town of Prineville-Crooked River,170703051006,69.22,OR,1,0,site,0.0,1,1,1,1,2018-01-01,2018,1
170703051002,2018-02,0.0,6.35768144299006,6.35895814120764,0.0012766982175818,0.0311786404588488,Town of Prineville-Crooked River,170703051006,69.22,OR,1,0,site,0.0,1,1,1,1,2018-02-01,2018,2
170703051002,2018-03,0.0072420398380201,8.19796755062331,8.19985486280611,0.0018873121828002,0.0416302484416621,Town of Prineville-Crooked River,170703051006,69.22,OR,1,0,site,0.0,1,1,1,1,2018-03-01,2018,3
170703051002,2018-04,0.231634854124291,8.43274070101371,8.43553503842091,0.0027943374072097,0.0636919496434437,Town of Prineville-Crooked River,170703051006,69.22,OR,1,0,site,0.0,1,1,1,1,2018-04-01,2018,4
170703051002,2018-05,0.302753880620311,7.08751058906077,7.65219424072497,0.564683651664206,0.0889426482070038,Town of Prineville-Crooked River,170703051006,69.22,OR,1,0,site,0.0,1,1,1,1,2018-05-01,2018,5
170703051002,2018-06,0.456339834802957,4.7826192328586,6.05389086930257,1.27127163644397,0.103912861281502,Town of Prineville-Crooked River,170703051006,69.22,OR,1,0,site,0.0,1,1,1,1,2018-06-01,2018,6
170703051002,2018-07,0.563791248487829,2.97868374237858,5.01499761710092,2.03631387472235,0.12089716940295,Town of Prineville-Crooked River,170703051006,69.22,OR,1,0,site,0.0,1,1,1,1,2018-07-01,2018,7
170703051002,2018-08,0.52775646422086,2.52678948797764,4.09020205257128,1.56341256459364,0.10733632099084,Town of Prineville-Crooked River,170703051006,69.22,OR,1,0,site,0.0,1,1,1,1,2018-08-01,2018,8
170703051002,2018-09,0.45063653478041,2.40799177389688,3.31535682335586,0.907365049458983,0.0768229969278404,Town of Prineville-Crooked River,170703051006,69.22,OR,1,0,site,0.0,1,1,1,1,2018-09-01,2018,9
170703051002,2018-10,0.290502743395979,3.28156678452174,3.35071211527402,0.0691453307522877,0.0453116794223632,Town of Prineville-Crooked River,170703051006,69.22,OR,1,0,site,0.0,1,1,1,1,2018-10-01,2018,10
170703051002,2018-11,0.28620801971165,3.10062072588822,3.10199436295194,0.0013736370637242,0.031309612957032,Town of Prineville-Crooked River,170703051006,69.22,OR,1,0,site,0.0,1,1,1,1,2018-11-01,2018,11
170703051002,2018-12,0.238576162519023,4.06738351760649,4.06830189392063,0.0009183763141397,0.0202575040149683,Town of Prineville-Crooked River,170703051006,69.22,OR,1,0,site,0.0,1,1,1,1,2018-12-01,2018,12
170703051002,2019-01,0.12816922497405,4.72772840929957,4.72860098741624,0.0008725781166748,0.0192472894060564,Town of Prineville-Crooked River,170703051006,69.22,OR,1,0,site,0.0,1,1,1,1,2019-01-01,2019,1
170703051002,2019-02,0.0805624794250953,5.64035198265158,5.64099032674506,0.0006383440934747,0.0155891977488442,Town of Prineville-Crooked River,170703051006,69.22,OR,1,0,site,0.0,1,1,1,1,2019-02-01,2019,2
170703051002,2019-03,0.0001477351357279,8.25655069180925,8.25777065467772,0.0012199628684798,0.0269098868577548,Town of Prineville-Crooked River,170703051006,69.22,OR,1,0,site,0.0,1,1,1,1,2019-03-01,2019,3
170703051002,2019-04,0.0,23.8378333082641,23.8400505594881,0.0022172512239833,0.0505382968214372,Town of Prineville-Crooked River,170703051006,69.22,OR,1,0,site,0.0,1,1,1,1,2019-04-01,2019,4
170703051002,2019-05,0.0,17.7169961233691,18.0175251939975,0.300529070628427,0.072551382372602,Town of Prineville-Crooked River,170703051006,69.22,OR,1,0,site,0.0,1,1,1,1,2019-05-01,2019,5
170703051002,2019-06,0.0,11.7284752207062,13.147906848741,1.41943162803477,0.0901858749054625,Town of Prineville-Crooked River,170703051006,69.22,OR,1,0,site,0.0,1,1,1,1,2019-06-01,2019,6
170703051002,2019-07,0.0,8.33549813460472,10.2168119157798,1.88131378117508,0.0901175105402824,Town of Prineville-Crooked River,170703051006,69.22,OR,1,0,site,0.0,1,1,1,1,2019-07-01,2019,7
170703051002,2019-08,0.0,6.73629877945535,8.03324176281067,1.29694298335531,0.0887799582740788,Town of Prineville-Crooked River,170703051006,69.22,OR,1,0,site,0.0,1,1,1,1,2019-08-01,2019,8
170703051002,2019-09,0.0,6.23562863605702,6.71429616119689,0.478667525139866,0.0534994066383511,Town of Prineville-Crooked River,170703051006,69.22,OR,1,0,site,0.0,1,1,1,1,2019-09-01,2019,9
170703051002,2019-10,0.0,6.13673469244124,6.21971044496138,0.0829757525201466,0.0405591493250291,Town of Prineville-Crooked River,170703051006,69.22,OR,1,0,site,0.0,1,1,1,1,2019-10-01,2019,10
170703051002,2019-11,0.0,5.22673164637883,5.22782807162648,0.0010964252476498,0.0249910628118612,Town of Prineville-Crooked River,170703051006,69.22,OR,1,0,site,0.0,1,1,1,1,2019-11-01,2019,11
170703051002,2019-12,0.0001237355210232,5.34115171813141,5.34181269010783,0.0006609719764192,0.0145796905472643,Town of Prineville-Crooked River,170703051006,69.22,OR,1,0,site,0.0,1,1,1,1,2019-12-01,2019,12
170703051002,2020-01,0.0,5.43698179533279,5.43794419893828,0.0009624036054901,0.0212286560553326,Town of Prineville-Crooked River,170703051006,69.22,OR,1,0,site,0.0,1,1,1,1,2020-01-01,2020,1
170703051002,2020-02,0.024836885828074,5.98220442536336,5.98348546339946,0.0012810380360977,0.0302058443484087,Town of Prineville-Crooked River,170703051006,69.22,OR,1,0,site,0.0,1,1,1,1,2020-02-01,2020,2
170703051002,2020-03,0.134554024706125,7.14665437799071,7.14817084479187,0.0015164668011619,0.0334501574573833,Town of Prineville-Crooked River,170703051006,69.22,OR,1,0,site,0.0,1,1,1,1,2020-03-01,2020,3
170703051002,2020-04,0.310197427564827,7.57052328500463,7.57468650960967,0.0041632246050428,0.0566491137037935,Town of Prineville-Crooked River,170703051006,69.22,OR,1,0,site,0.0,1,1,1,1,2020-04-01,2020,4
170703051002,2020-05,0.295890452259444,7.15727737561267,7.24270800338638,0.0854306277737131,0.0664105933408162,Town of Prineville-Crooked River,170703051006,69.22,OR,1,0,site,0.0,1,1,1,1,2020-05-01,2020,5
170703051002,2020-06,0.453632967424869,4.80643174812455,5.93832044998758,1.13188870186303,0.0803478868854785,Town of Prineville-Crooked River,170703051006,69.22,OR,1,0,site,0.0,1,1,1,1,2020-06-01,2020,6
170703051002,2020-07,0.542503437841016,3.12404913283596,5.02833555925425,1.90428642641829,0.0897240136560859,Town of Prineville-Crooked River,170703051006,69.22,OR,1,0,site,0.0,1,1,1,1,2020-07-01,2020,7
170703051002,2020-08,0.523835017131438,2.54777160955791,4.16156182915436,1.61379021959646,0.0827038537638118,Town of Prineville-Crooked River,170703051006,69.22,OR,1,0,site,0.0,1,1,1,1,2020-08-01,2020,8
170703051002,2020-09,0.476521235000918,2.29453292716441,3.41175425789414,1.11722133072973,0.0702268332936724,Town of Prineville-Crooked River,170703051006,69.22,OR,1,0,site,0.0,1,1,1,1,2020-09-01,2020,9
170703051003,2009-10,1.0,-0.21429210564,0.678044007135022,0.892336112775022,0.0,Lytle Creek,170703051006,67.22,OR,0,0,,,1,1,0,0,2009-10-01,2009,10
170703051003,2009-11,0.0,0.274642125139472,0.274642125139472,0.0,0.0,Lytle Creek,170703051006,67.22,OR,0,0,,,1,1,0,0,2009-11-01,2009,11
170703051003,2009-12,0.580787080441443,0.222065911668782,0.222065911668782,0.0,0.0,Lytle Creek,170703051006,67.22,OR,0,0,,,1,1,0,0,2009-12-01,2009,12
170703051003,2010-01,0.52990604516998,0.443341396450597,0.443341396450597,0.0,0.0,Lytle Creek,170703051006,67.22,OR,0,0,,,1,1,0,0,2010-01-01,2010,1
170703051003,2010-02,0.0,0.882607343950055,0.882607343950055,0.0,0.0,Lytle Creek,170703051006,67.22,OR,0,0,,,1,1,0,0,2010-02-01,2010,2
170703051003,2010-03,0.0,0.609985626179972,0.609985626179972,0.0,0.0,Lytle Creek,170703051006,67.22,OR,0,0,,,1,1,0,0,2010-03-01,2010,3
170703051003,2010-04,0.0,0.629828682470817,0.629828682470817,0.0,0.0,Lytle Creek,170703051006,67.22,OR,0,0,,,1,1,0,0,2010-04-01,2010,4
170703051003,2010-05,1.0,-0.073877167871253,0.803656409387509,0.877533577258762,0.0,Lytle Creek,170703051006,67.22,OR,0,0,,,1,1,0,0,2010-05-01,2010,5
170703051003,2010-06,1.0,-15.0995420358245,0.712462426850266,15.8120044626748,0.0,Lytle Creek,170703051006,67.22,OR,0,0,,,1,1,0,0,2010-06-01,2010,6
170703051003,2010-07,1.0,-34.9730505432944,0.284524560723741,35.2575751040181,0.0,Lytle Creek,170703051006,67.22,OR,0,0,,,1,1,0,0,2010-07-01,2010,7
170703051003,2010-08,1.0,-29.2183627212975,0.145466418260688,29.3638291395582,0.0,Lytle Creek,170703051006,67.22,OR,0,0,,,1,1,0,0,2010-08-01,2010,8
170703051003,2010-09,1.0,-10.8242182790818,0.475625893414454,11.2998441724963,0.0,Lytle Creek,170703051006,67.22,OR,0,0,,,1,1,0,0,2010-09-01,2010,9
170703051003,2010-10,1.0,-2.49922736186708,4.38915653563009,6.88838389749717,0.0,Lytle Creek,170703051006,67.22,OR,0,0,,,1,1,0,0,2010-10-01,2010,10
170703051003,2010-11,0.0,2.38923967898592,2.38923967898592,0.0,0.0,Lytle Creek,170703051006,67.22,OR,0,0,,,1,1,0,0,2010-11-01,2010,11
170703051003,2010-12,0.0,4.86052956216046,4.86052956216046,0.0,0.0,Lytle Creek,170703051006,67.22,OR,0,0,,,1,1,0,0,2010-12-01,2010,12
170703051003,2011-01,0.0,4.83652269957059,4.83652269957059,0.0,0.0,Lytle Creek,170703051006,67.22,OR,0,0,,,1,1,0,0,2011-01-01,2011,1
170703051003,2011-02,0.0,3.45345355070355,3.45345355070355,0.0,0.0,Lytle Creek,170703051006,67.22,OR,0,0,,,1,1,0,0,2011-02-01,2011,2
170703051003,2011-03,0.0,3.89626170190276,3.89626170190276,0.0,0.0,Lytle Creek,170703051006,67.22,OR,0,0,,,1,1,0,0,2011-03-01,2011,3
170703051003,2011-04,0.0,1.9894786544193,1.9894786544193,0.0,0.0,Lytle Creek,170703051006,67.22,OR,0,0,,,1,1,0,0,2011-04-01,2011,4
170703051003,2011-05,0.0,2.1056778329854,2.1056778329854,0.0,0.0,Lytle Creek,170703051006,67.22,OR,0,0,,,1,1,0,0,2011-05-01,2011,5
170703051003,2011-06,1.0,-16.1600792265345,1.49919630594096,17.6592755324755,0.0,Lytle Creek,170703051006,67.22,OR,0,0,,,1,1,0,0,2011-06-01,2011,6
170703051003,2011-07,1.0,-26.703907528951,0.803114934211725,27.5070224631628,0.0,Lytle Creek,170703051006,67.22,OR,0,0,,,1,1,0,0,2011-07-01,2011,7
170703051003,2011-08,1.0,-26.6759804795227,0.382844258775435,27.0588247382981,0.0,Lytle Creek,170703051006,67.22,OR,0,0,,,1,1,0,0,2011-08-01,2011,8
170703051003,2011-09,1.0,-21.0927319495557,0.22219544959639,21.314927399152,0.0,Lytle Creek,170703051006,67.22,OR,0,0,,,1,1,0,0,2011-09-01,2011,9
170703051003,2011-10,1.0,-2.61330189979616,0.209566918726151,2.82286881852231,0.0,Lytle Creek,170703051006,67.22,OR,0,0,,,1,1,0,0,2011-10-01,2011,10
170703051003,2011-11,0.0602099707455785,0.234741541822875,0.234741541822875,0.0,0.0,Lytle Creek,170703051006,67.22,OR,0,0,,,1,1,0,0,2011-11-01,2011,11
170703051003,2011-12,0.490460560657405,0.269913771378909,0.269913771378909,0.0,0.0,Lytle Creek,170703051006,67.22,OR,0,0,,,1,1,0,0,2011-12-01,2011,12
170703051003,2012-01,0.50501166733042,0.466819061121164,0.466819061121164,0.0,0.0,Lytle Creek,170703051006,67.22,OR,0,0,,,1,1,0,0,2012-01-01,2012,1
170703051003,2012-02,0.62052801582167,0.334924760059094,0.334924760059094,0.0,0.0,Lytle Creek,170703051006,67.22,OR,0,0,,,1,1,0,0,2012-02-01,2012,2
170703051003,2012-03,0.166832368865486,0.429853590110034,0.429853590110034,0.0,0.0,Lytle Creek,170703051006,67.22,OR,0,0,,,1,1,0,0,2012-03-01,2012,3
170703051003,2012-04,0.412735153475179,0.369876244548155,0.369876244548155,0.0,0.0,Lytle Creek,170703051006,67.22,OR,0,0,,,1,1,0,0,2012-04-01,2012,4
170703051003,2012-05,0.545126973171334,0.365561623468354,0.365561623468354,0.0,0.0,Lytle Creek,170703051006,67.22,OR,0,0,,,1,1,0,0,2012-05-01,2012,5
170703051003,2012-06,1.0,-2.8874025690276,2.30721105566,5.19461362468759,0.0,Lytle Creek,170703051006,67.22,OR,0,0,,,1,1,0,0,2012-06-01,2012,6
170703051003,2012-07,1.0,-31.2346374558647,0.333101085160283,31.567738541025,0.0,Lytle Creek,170703051006,67.22,OR,0,0,,,1,1,0,0,2012-07-01,2012,7
170703051003,2012-08,1.0,-29.4296381314773,0.157224977578032,29.5868631090553,0.0,Lytle Creek,170703051006,67.22,OR,0,0,,,1,1,0,0,2012-08-01,2012,8
170703051003,2012-09,1.0,-21.3354684210638,0.101181139870497,21.4366495609342,0.0,Lytle Creek,170703051006,67.22,OR,0,0,,,1,1,0,0,2012-09-01,2012,9
170703051003,2012-10,1.0,-5.81341907187925,0.57371797532218,6.38713704720143,0.0,Lytle Creek,170703051006,67.22,OR,0,0,,,1,1,0,0,2012-10-01,2012,10
170703051003,2012-11,0.0,0.717012051522301,0.717012051522301,0.0,0.0,Lytle Creek,170703051006,67.22,OR,0,0,,,1,1,0,0,2012-11-01,2012,11
170703051003,2012-12,0.0,2.06969069313488,2.06969069313488,0.0,0.0,Lytle Creek,170703051006,67.22,OR,0,0,,,1,1,0,0,2012-12-01,2012,12
170703051003,2013-01,0.0,1.0505255192273,1.0505255192273,0.0,0.0,Lytle Creek,170703051006,67.22,OR,0,0,,,1,1,0,0,2013-01-01,2013,1
170703051003,2013-02,0.552199316189684,0.395232172156842,0.395232172156842,0.0,0.0,Lytle Creek,170703051006,67.22,OR,0,0,,,1,1,0,0,2013-02-01,2013,2
170703051003,2013-03,0.154277905249312,0.436330775559461,0.436330775559461,0.0,0.0,Lytle Creek,170703051006,67.22,OR,0,0,,,1,1,0,0,2013-03-01,2013,3
170703051003,2013-04,0.436544188634502,0.354880631302857,0.354880631302857,0.0,0.0,Lytle Creek,170703051006,67.22,OR,0,0,,,1,1,0,0,2013-04-01,2013,4
170703051003,2013-05,0.326051868400565,0.541622735554623,0.541622735554623,0.0,0.0,Lytle Creek,170703051006,67.22,OR,0,0,,,1,1,0,0,2013-05-01,2013,5
170703051003,2013-06,1.0,-20.2968358751272,0.31556628106141,20.6124021561886,0.0,Lytle Creek,170703051006,67.22,OR,0,0,,,1,1,0,0,2013-06-01,2013,6
170703051003,2013-07,1.0,-37.6436985978977,0.139209001386768,37.7829075992844,0.0,Lytle Creek,170703051006,67.22,OR,0,0,,,1,1,0,0,2013-07-01,2013,7
170703051003,2013-08,1.0,-24.6298639814534,0.485775551874494,25.1156395333279,0.0,Lytle Creek,170703051006,67.22,OR,0,0,,,1,1,0,0,2013-08-01,2013,8
170703051003,2013-09,1.0,-11.7862017038485,1.93470555826398,13.7209072621125,0.0,Lytle Creek,170703051006,67.22,OR,0,0,,,1,1,0,0,2013-09-01,2013,9
170703051003,2013-10,0.0115689979540413,0.56708063323948,0.56708063323948,0.0,0.0,Lytle Creek,170703051006,67.22,OR,0,0,,,1,1,0,0,2013-10-01,2013,10
170703051003,2013-11,0.0,0.2497808388211,0.2497808388211,0.0,0.0,Lytle Creek,170703051006,67.22,OR,0,0,,,1,1,0,0,2013-11-01,2013,11
170703051003,2013-12,0.546170501237183,0.240403042661652,0.240403042661652,0.0,0.0,Lytle Creek,170703051006,67.22,OR,0,0,,,1,1,0,0,2013-12-01,2013,12
170703051003,2014-01,0.594106937486784,0.382794110188645,0.382794110188645,0.0,0.0,Lytle Creek,170703051006,67.22,OR,0,0,,,1,1,0,0,2014-01-01,2014,1
170703051003,2014-02,0.0,2.76775469858151,2.76775469858151,0.0,0.0,Lytle Creek,170703051006,67.22,OR,0,0,,,1,1,0,0,2014-02-01,2014,2
170703051003,2014-03,0.0,3.11591609798417,3.11591609798417,0.0,0.0,Lytle Creek,170703051006,67.22,OR,0,0,,,1,1,0,0,2014-03-01,2014,3
170703051003,2014-04,0.0,2.12708541890729,2.12708541890729,0.0,0.0,Lytle Creek,170703051006,67.22,OR,0,0,,,1,1,0,0,2014-04-01,2014,4
170703051003,2014-05,1.0,-15.6516244842402,1.5479134542452,17.1995379384854,0.0,Lytle Creek,170703051006,67.22,OR,0,0,,,1,1,0,0,2014-05-01,2014,5
170703051003,2014-06,1.0,-21.929790487295,0.964517860994228,22.8943083482892,0.0,Lytle Creek,170703051006,67.22,OR,0,0,,,1,1,0,0,2014-06-01,2014,6
170703051003,2014-07,1.0,-35.6329700646626,0.60970083340345,36.2426708980661,0.0,Lytle Creek,170703051006,67.22,OR,0,0,,,1,1,0,0,2014-07-01,2014,7
170703051003,2014-08,1.0,-26.8748577985016,0.391987664634346,27.266845463136,0.0,Lytle Creek,170703051006,67.22,OR,0,0,,,1,1,0,0,2014-08-01,2014,8
170703051003,2014-09,1.0,-16.5731849835824,0.267350628497388,16.8405356120797,0.0,Lytle Creek,170703051006,67.22,OR,0,0,,,1,1,0,0,2014-09-01,2014,9
170703051003,2014-10,1.0,-7.91488256214212,0.600608859915011,8.51549142205713,0.0,Lytle Creek,170703051006,67.22,OR,0,0,,,1,1,0,0,2014-10-01,2014,10
170703051003,2014-11,1.0,-1.29743231725989,0.195216396664387,1.49264871392428,0.0,Lytle Creek,170703051006,67.22,OR,0,0,,,1,1,0,0,2014-11-01,2014,11
170703051003,2014-12,0.0,2.63977589073266,2.63977589073266,0.0,0.0,Lytle Creek,170703051006,67.22,OR,0,0,,,1,1,0,0,2014-12-01,2014,12
170703051003,2015-01,0.0,1.00659447440926,1.00659447440926,0.0,0.0,Lytle Creek,170703051006,67.22,OR,0,0,,,1,1,0,0,2015-01-01,2015,1
170703051003,2015-02,0.108446355215367,0.786891794412356,0.786891794412356,0.0,0.0,Lytle Creek,170703051006,67.22,OR,0,0,,,1,1,0,0,2015-02-01,2015,2
170703051003,2015-03,0.0193603927681448,0.505938349043532,0.505938349043532,0.0,0.0,Lytle Creek,170703051006,67.22,OR,0,0,,,1,1,0,0,2015-03-01,2015,3
170703051003,2015-04,0.326233236253496,0.424357633103087,0.424357633103087,0.0,0.0,Lytle Creek,170703051006,67.22,OR,0,0,,,1,1,0,0,2015-04-01,2015,4
170703051003,2015-05,1.0,-12.0520543775068,0.545852498123623,12.5979068756305,0.0,Lytle Creek,170703051006,67.22,OR,0,0,,,1,1,0,0,2015-05-01,2015,5
170703051003,2015-06,1.0,-32.1391879313517,0.234176748059218,32.3733646794109,0.0,Lytle Creek,170703051006,67.22,OR,0,0,,,1,1,0,0,2015-06-01,2015,6
170703051003,2015-07,1.0,-33.0649130970929,0.372882181602406,33.4377952786953,0.0,Lytle Creek,170703051006,67.22,OR,0,0,,,1,1,0,0,2015-07-01,2015,7
170703051003,2015-08,1.0,-30.4316999793295,0.118350060927852,30.5500500402574,0.0,Lytle Creek,170703051006,67.22,OR,0,0,,,1,1,0,0,2015-08-01,2015,8
170703051003,2015-09,1.0,-17.1777725655775,0.220607013476394,17.3983795790539,0.0,Lytle Creek,170703051006,67.22,OR,0,0,,,1,1,0,0,2015-09-01,2015,9
170703051003,2015-10,1.0,-9.66660851120592,0.149195742330677,9.8158042535366,0.0,Lytle Creek,170703051006,67.22,OR,0,0,,,1,1,0,0,2015-10-01,2015,10
170703051003,2015-11,1.0,-0.939412453552605,0.215627131840582,1.15503958539319,0.0,Lytle Creek,170703051006,67.22,OR,0,0,,,1,1,0,0,2015-11-01,2015,11
170703051003,2015-12,0.0,3.94818776987361,3.94818776987361,0.0,0.0,Lytle Creek,170703051006,67.22,OR,0,0,,,1,1,0,0,2015-12-01,2015,12
170703051003,2016-01,0.0,4.03620302509482,4.03620302509482,0.0,0.0,Lytle Creek,170703051006,67.22,OR,0,0,,,1,1,0,0,2016-01-01,2016,1
170703051003,2016-02,0.0,2.85888898745364,2.85888898745364,0.0,0.0,Lytle Creek,170703051006,67.22,OR,0,0,,,1,1,0,0,2016-02-01,2016,2
170703051003,2016-03,0.0,2.20315129287864,2.20315129287864,0.0,0.0,Lytle Creek,170703051006,67.22,OR,0,0,,,1,1,0,0,2016-03-01,2016,3
170703051003,2016-04,0.0,1.4442044090169,1.4442044090169,0.0,0.0,Lytle Creek,170703051006,67.22,OR,0,0,,,1,1,0,0,2016-04-01,2016,4
170703051003,2016-05,1.0,-10.0458753662991,1.31496284384237,11.3608382101415,0.0,Lytle Creek,170703051006,67.22,OR,0,0,,,1,1,0,0,2016-05-01,2016,5
170703051003,2016-06,1.0,-23.597732392401,0.816286859860246,24.4140192522612,0.0,Lytle Creek,170703051006,67.22,OR,0,0,,,1,1,0,0,2016-06-01,2016,6
170703051003,2016-07,1.0,-29.6460495526366,0.612900656580922,30.2589502092175,0.0,Lytle Creek,170703051006,67.22,OR,0,0,,,1,1,0,0,2016-07-01,2016,7
170703051003,2016-08,1.0,-32.139175023179,0.287408398665655,32.4265834218447,0.0,Lytle Creek,170703051006,67.22,OR,0,0,,,1,1,0,0,2016-08-01,2016,8
170703051003,2016-09,1.0,-17.2452937008529,0.202382931369633,17.4476766322226,0.0,Lytle Creek,170703051006,67.22,OR,0,0,,,1,1,0,0,2016-09-01,2016,9
170703051003,2016-10,1.0,-2.81054055760552,1.09600520914054,3.90654576674606,0.0,Lytle Creek,170703051006,67.22,OR,0,0,,,1,1,0,0,2016-10-01,2016,10
170703051003,2016-11,1.0,-2.74049543539008,0.22885461538201,2.96935005077209,0.0,Lytle Creek,170703051006,67.22,OR,0,0,,,1,1,0,0,2016-11-01,2016,11
170703051003,2016-12,0.630595707083664,0.195681233219649,0.195681233219649,0.0,0.0,Lytle Creek,170703051006,67.22,OR,0,0,,,1,1,0,0,2016-12-01,2016,12
170703051003,2017-01,0.0,2.00042640709261,2.00042640709261,0.0,0.0,Lytle Creek,170703051006,67.22,OR,0,0,,,1,1,0,0,2017-01-01,2017,1
170703051003,2017-02,0.0,8.33712545730502,8.33712545730502,0.0,0.0,Lytle Creek,170703051006,67.22,OR,0,0,,,1,1,0,0,2017-02-01,2017,2
170703051003,2017-03,0.0,6.61876767865651,6.61876767865651,0.0,0.0,Lytle Creek,170703051006,67.22,OR,0,0,,,1,1,0,0,2017-03-01,2017,3
170703051003,2017-04,0.0,4.22798685567001,4.22798685567001,0.0,0.0,Lytle Creek,170703051006,67.22,OR,0,0,,,1,1,0,0,2017-04-01,2017,4
170703051003,2017-05,1.0,-12.9717158516694,2.84206294451152,15.8137787961809,0.0,Lytle Creek,170703051006,67.22,OR,0,0,,,1,1,0,0,2017-05-01,2017,5
170703051003,2017-06,1.0,-25.3453866024074,1.73913747697372,27.0845240793811,0.0,Lytle Creek,170703051006,67.22,OR,0,0,,,1,1,0,0,2017-06-01,2017,6
170703051003,2017-07,1.0,-33.9174449228087,1.10292091559205,35.0203658384008,0.0,Lytle Creek,170703051006,67.22,OR,0,0,,,1,1,0,0,2017-07-01,2017,7
170703051003,2017-08,1.0,-31.1124597975729,0.689904334407186,31.8023641319801,0.0,Lytle Creek,170703051006,67.22,OR,0,0,,,1,1,0,0,2017-08-01,2017,8
170703051003,2017-09,1.0,-16.0349702226448,0.642489791481915,16.6774600141267,0.0,Lytle Creek,170703051006,67.22,OR,0,0,,,1,1,0,0,2017-09-01,2017,9
170703051003,2017-10,1.0,-2.45864549828954,0.614764696252858,3.0734101945424,0.0,Lytle Creek,170703051006,67.22,OR,0,0,,,1,1,0,0,2017-10-01,2017,10
170703051003,2017-11,0.0,0.372587518393953,0.372587518393953,0.0,0.0,Lytle Creek,170703051006,67.22,OR,0,0,,,1,1,0,0,2017-11-01,2017,11
170703051003,2017-12,0.568490896603257,0.228579459192434,0.228579459192434,0.0,0.0,Lytle Creek,170703051006,67.22,OR,0,0,,,1,1,0,0,2017-12-01,2017,12
170703051003,2018-01,0.616087462309363,0.362064474188364,0.362064474188364,0.0,0.0,Lytle Creek,170703051006,67.22,OR,0,0,,,1,1,0,0,2018-01-01,2018,1
170703051003,2018-02,0.829998753627159,0.150044348529332,0.150044348529332,0.0,0.0,Lytle Creek,170703051006,67.22,OR,0,0,,,1,1,0,0,2018-02-01,2018,2
170703051003,2018-03,0.541550752619919,0.236526297356545,0.236526297356545,0.0,0.0,Lytle Creek,170703051006,67.22,OR,0,0,,,1,1,0,0,2018-03-01,2018,3
170703051003,2018-04,0.614470414704813,0.242817590759988,0.242817590759988,0.0,0.0,Lytle Creek,170703051006,67.22,OR,0,0,,,1,1,0,0,2018-04-01,2018,4
170703051003,2018-05,1.0,-20.3303729116397,0.330260841645059,20.6606337532847,0.0,Lytle Creek,170703051006,67.22,OR,0,0,,,1,1,0,0,2018-05-01,2018,5
170703051003,2018-06,1.0,-25.5617895420845,0.149461898186294,25.7112514402708,0.0,Lytle Creek,170703051006,67.22,OR,0,0,,,1,1,0,0,2018-06-01,2018,6
170703051003,2018-07,1.0,-35.8510949683733,0.0739585188417957,35.9250534872151,0.0,Lytle Creek,170703051006,67.22,OR,0,0,,,1,1,0,0,2018-07-01,2018,7
170703051003,2018-08,1.0,-29.7805289019066,0.0769741280250064,29.8575030299316,0.0,Lytle Creek,170703051006,67.22,OR,0,0,,,1,1,0,0,2018-08-01,2018,8
170703051003,2018-09,1.0,-17.0895609491962,0.0283085987359493,17.1178695479322,0.0,Lytle Creek,170703051006,67.22,OR,0,0,,,1,1,0,0,2018-09-01,2018,9
170703051003,2018-10,1.0,-4.68604913283172,0.524955564936353,5.21100469776808,0.0,Lytle Creek,170703051006,67.22,OR,0,0,,,1,1,0,0,2018-10-01,2018,10
170703051003,2018-11,0.0,0.345806095469659,0.345806095469659,0.0,0.0,Lytle Creek,170703051006,67.22,OR,0,0,,,1,1,0,0,2018-11-01,2018,11
170703051003,2018-12,0.0,0.812219615576142,0.812219615576142,0.0,0.0,Lytle Creek,170703051006,67.22,OR,0,0,,,1,1,0,0,2018-12-01,2018,12
170703051003,2019-01,0.40199201591437,0.563975971248119,0.563975971248119,0.0,0.0,Lytle Creek,170703051006,67.22,OR,0,0,,,1,1,0,0,2019-01-01,2019,1
170703051003,2019-02,0.0,1.49869281340909,1.49869281340909,0.0,0.0,Lytle Creek,170703051006,67.22,OR,0,0,,,1,1,0,0,2019-02-01,2019,2
170703051003,2019-03,0.0,0.515926896397436,0.515926896397436,0.0,0.0,Lytle Creek,170703051006,67.22,OR,0,0,,,1,1,0,0,2019-03-01,2019,3
170703051003,2019-04,0.0,1.62184740369183,1.62184740369183,0.0,0.0,Lytle Creek,170703051006,67.22,OR,0,0,,,1,1,0,0,2019-04-01,2019,4
170703051003,2019-05,1.0,-8.74269726349192,1.09653812606996,9.83923538956189,0.0,Lytle Creek,170703051006,67.22,OR,0,0,,,1,1,0,0,2019-05-01,2019,5
170703051003,2019-06,1.0,-27.6502409774168,0.550308918387981,28.2005498958048,0.0,Lytle Creek,170703051006,67.22,OR,0,0,,,1,1,0,0,2019-06-01,2019,6
170703051003,2019-07,1.0,-32.0416304638317,0.339057818234608,32.3806882820664,0.0,Lytle Creek,170703051006,67.22,OR,0,0,,,1,1,0,0,2019-07-01,2019,7
170703051003,2019-08,1.0,-28.7638298232057,0.310523010607123,29.0743528338129,0.0,Lytle Creek,170703051006,67.22,OR,0,0,,,1,1,0,0,2019-08-01,2019,8
170703051003,2019-09,1.0,-11.7945812526079,0.520652130410569,12.3152333830184,0.0,Lytle Creek,170703051006,67.22,OR,0,0,,,1,1,0,0,2019-09-01,2019,9
170703051003,2019-10,1.0,-3.1287280389276,0.442455010925421,3.57118304985302,0.0,Lytle Creek,170703051006,67.22,OR,0,0,,,1,1,0,0,2019-10-01,2019,10
170703051003,2019-11,0.376119621213766,0.155833364337251,0.155833364337251,0.0,0.0,Lytle Creek,170703051006,67.22,OR,0,0,,,1,1,0,0,2019-11-01,2019,11
170703051003,2019-12,0.0,0.529721058937362,0.529721058937362,0.0,0.0,Lytle Creek,170703051006,67.22,OR,0,0,,,1,1,0,0,2019-12-01,2019,12
170703051003,2020-01,0.0,0.943091039345324,0.943091039345324,0.0,0.0,Lytle Creek,170703051006,67.22,OR,0,0,,,1,1,0,0,2020-01-01,2020,1
170703051003,2020-02,0.510740277761003,0.431824223947103,0.431824223947103,0.0,0.0,Lytle Creek,170703051006,67.22,OR,0,0,,,1,1,0,0,2020-02-01,2020,2
170703051003,2020-03,0.267395645351384,0.377970290981108,0.377970290981108,0.0,0.0,Lytle Creek,170703051006,67.22,OR,0,0,,,1,1,0,0,2020-03-01,2020,3
170703051003,2020-04,0.434008209219667,0.356477863876475,0.356477863876475,0.0,0.0,Lytle Creek,170703051006,67.22,OR,0,0,,,1,1,0,0,2020-04-01,2020,4
170703051003,2020-05,1.0,-5.45168757305357,0.786504121318347,6.23819169437191,0.0,Lytle Creek,170703051006,67.22,OR,0,0,,,1,1,0,0,2020-05-01,2020,5
170703051003,2020-06,1.0,-24.506859639189,0.365716814634235,24.8725764538233,0.0,Lytle Creek,170703051006,67.22,OR,0,0,,,1,1,0,0,2020-06-01,2020,6
170703051003,2020-07,1.0,-34.4860530522221,0.138399558703263,34.6244526109253,0.0,Lytle Creek,170703051006,67.22,OR,0,0,,,1,1,0,0,2020-07-01,2020,7
170703051003,2020-08,1.0,-29.7686938069747,0.0772350587602255,29.8459288657349,0.0,Lytle Creek,170703051006,67.22,OR,0,0,,,1,1,0,0,2020-08-01,2020,8
170703051003,2020-09,1.0,-20.7752978653359,0.158633254494514,20.9339311198304,0.0,Lytle Creek,170703051006,67.22,OR,0,0,,,1,1,0,0,2020-09-01,2020,9
170703051004,2009-10,0.752145350129607,0.0778586618415983,0.409528765557904,0.331670103716305,0.0,Lone Pine Creek,170703051006,63.17,OR,0,0,,,1,1,0,0,2009-10-01,2009,10
170703051004,2009-11,0.107110625877009,0.162484289940507,0.162484289940507,0.0,0.0,Lone Pine Creek,170703051006,63.17,OR,0,0,,,1,1,0,0,2009-11-01,2009,11
170703051004,2009-12,0.362874090952215,0.137549911585326,0.137549911585326,0.0,0.0,Lone Pine Creek,170703051006,63.17,OR,0,0,,,1,1,0,0,2009-12-01,2009,12
170703051004,2010-01,0.297826081786553,0.162515123684263,0.162515123684263,0.0,0.0,Lone Pine Creek,170703051006,63.17,OR,0,0,,,1,1,0,0,2010-01-01,2010,1
170703051004,2010-02,0.142449038888956,0.281555820539237,0.281555820539237,0.0,0.0,Lone Pine Creek,170703051006,63.17,OR,0,0,,,1,1,0,0,2010-02-01,2010,2
170703051004,2010-03,0.177646675982616,0.409781194625709,0.409781194625709,0.0,0.0,Lone Pine Creek,170703051006,63.17,OR,0,0,,,1,1,0,0,2010-03-01,2010,3
170703051004,2010-04,0.0,0.658586609850069,0.658586609850069,0.0,0.0,Lone Pine Creek,170703051006,63.17,OR,0,0,,,1,1,0,0,2010-04-01,2010,4
170703051004,2010-05,1.0,-0.951406922549758,0.41468445228863,1.36609137483839,0.0,Lone Pine Creek,170703051006,63.17,OR,0,0,,,1,1,0,0,2010-05-01,2010,5
170703051004,2010-06,1.0,-11.3180640156579,0.335329957588947,11.6533939732468,0.0,Lone Pine Creek,170703051006,63.17,OR,0,0,,,1,1,0,0,2010-06-01,2010,6
170703051004,2010-07,1.0,-23.6544436314927,0.19742118305697,23.8518648145496,0.0,Lone Pine Creek,170703051006,63.17,OR,0,0,,,1,1,0,0,2010-07-01,2010,7
170703051004,2010-08,1.0,-20.2254340192709,0.088481861824583,20.3139158810955,0.0,Lone Pine Creek,170703051006,63.17,OR,0,0,,,1,1,0,0,2010-08-01,2010,8
170703051004,2010-09,1.0,-6.36703706765207,0.289666041899928,6.656703109552,0.0,Lone Pine Creek,170703051006,63.17,OR,0,0,,,1,1,0,0,2010-09-01,2010,9
170703051004,2010-10,1.0,-1.92159618375408,2.20833172854147,4.12992791229555,0.0,Lone Pine Creek,170703051006,63.17,OR,0,0,,,1,1,0,0,2010-10-01,2010,10
170703051004,2010-11,0.0,2.62814538302832,2.62814538302832,0.0,0.0,Lone Pine Creek,170703051006,63.17,OR,0,0,,,1,1,0,0,2010-11-01,2010,11
170703051004,2010-12,0.0,2.06726196502583,2.06726196502583,0.0,0.0,Lone Pine Creek,170703051006,63.17,OR,0,0,,,1,1,0,0,2010-12-01,2010,12
170703051004,2011-01,0.0,1.51553287126584,1.51553287126584,0.0,0.0,Lone Pine Creek,170703051006,63.17,OR,0,0,,,1,1,0,0,2011-01-01,2011,1
170703051004,2011-02,0.0,2.18901188061975,2.18901188061975,0.0,0.0,Lone Pine Creek,170703051006,63.17,OR,0,0,,,1,1,0,0,2011-02-01,2011,2
170703051004,2011-03,0.0,2.23192413769952,2.23192413769952,0.0,0.0,Lone Pine Creek,170703051006,63.17,OR,0,0,,,1,1,0,0,2011-03-01,2011,3
170703051004,2011-04,0.0,1.63304771185026,1.63304771185026,0.0,0.0,Lone Pine Creek,170703051006,63.17,OR,0,0,,,1,1,0,0,2011-04-01,2011,4
170703051004,2011-05,0.0,1.34089783731361,1.34089783731361,0.0,0.0,Lone Pine Creek,170703051006,63.17,OR,0,0,,,1,1,0,0,2011-05-01,2011,5
170703051004,2011-06,1.0,-10.7301298467622,0.969895320084419,11.7000251668466,0.0,Lone Pine Creek,170703051006,63.17,OR,0,0,,,1,1,0,0,2011-06-01,2011,6
170703051004,2011-07,1.0,-15.6382210589363,0.619285240890314,16.2575062998267,0.0,Lone Pine Creek,170703051006,63.17,OR,0,0,,,1,1,0,0,2011-07-01,2011,7
170703051004,2011-08,1.0,-16.3931505299298,0.326386603137013,16.7195371330668,0.0,Lone Pine Creek,170703051006,63.17,OR,0,0,,,1,1,0,0,2011-08-01,2011,8
170703051004,2011-09,1.0,-13.2864129051861,0.189691038701861,13.4761039438879,0.0,Lone Pine Creek,170703051006,63.17,OR,0,0,,,1,1,0,0,2011-09-01,2011,9
170703051004,2011-10,1.0,-0.644994558607449,0.16617627021465,0.811170828822099,0.0,Lone Pine Creek,170703051006,63.17,OR,0,0,,,1,1,0,0,2011-10-01,2011,10
170703051004,2011-11,0.0,0.181975835584449,0.181975835584449,0.0,0.0,Lone Pine Creek,170703051006,63.17,OR,0,0,,,1,1,0,0,2011-11-01,2011,11
170703051004,2011-12,0.146905298466267,0.184175685062392,0.184175685062392,0.0,0.0,Lone Pine Creek,170703051006,63.17,OR,0,0,,,1,1,0,0,2011-12-01,2011,12
170703051004,2012-01,0.0,0.231445685276595,0.231445685276595,0.0,0.0,Lone Pine Creek,170703051006,63.17,OR,0,0,,,1,1,0,0,2012-01-01,2012,1
170703051004,2012-02,0.103070350516518,0.294484846823687,0.294484846823687,0.0,0.0,Lone Pine Creek,170703051006,63.17,OR,0,0,,,1,1,0,0,2012-02-01,2012,2
170703051004,2012-03,0.0,0.854506539792492,0.854506539792492,0.0,0.0,Lone Pine Creek,170703051006,63.17,OR,0,0,,,1,1,0,0,2012-03-01,2012,3
170703051004,2012-04,0.257967726602362,0.380731939083484,0.380731939083484,0.0,0.0,Lone Pine Creek,170703051006,63.17,OR,0,0,,,1,1,0,0,2012-04-01,2012,4
170703051004,2012-05,0.354093893658124,0.267793599341595,0.267793599341595,0.0,0.0,Lone Pine Creek,170703051006,63.17,OR,0,0,,,1,1,0,0,2012-05-01,2012,5
170703051004,2012-06,1.0,-1.59166189558871,1.42911865483871,3.02078055042742,0.0,Lone Pine Creek,170703051006,63.17,OR,0,0,,,1,1,0,0,2012-06-01,2012,6
170703051004,2012-07,1.0,-16.3218647920139,0.742154838162335,17.0640196301762,0.0,Lone Pine Creek,170703051006,63.17,OR,0,0,,,1,1,0,0,2012-07-01,2012,7
170703051004,2012-08,1.0,-16.7094409715888,0.461859766711663,17.1713007383005,0.0,Lone Pine Creek,170703051006,63.17,OR,0,0,,,1,1,0,0,2012-08-01,2012,8
170703051004,2012-09,1.0,-12.3560932545302,0.282578163685763,12.6386714182159,0.0,Lone Pine Creek,170703051006,63.17,OR,0,0,,,1,1,0,0,2012-09-01,2012,9
170703051004,2012-10,1.0,-3.32505554398458,0.366571147981073,3.69162669196565,0.0,Lone Pine Creek,170703051006,63.17,OR,0,0,,,1,1,0,0,2012-10-01,2012,10
170703051004,2012-11,0.0,0.441810160815125,0.441810160815125,0.0,0.0,Lone Pine Creek,170703051006,63.17,OR,0,0,,,1,1,0,0,2012-11-01,2012,11
170703051004,2012-12,0.0,0.461154997782579,0.461154997782579,0.0,0.0,Lone Pine Creek,170703051006,63.17,OR,0,0,,,1,1,0,0,2012-12-01,2012,12
170703051004,2013-01,0.0,0.306596984163168,0.306596984163168,0.0,0.0,Lone Pine Creek,170703051006,63.17,OR,0,0,,,1,1,0,0,2013-01-01,2013,1
170703051004,2013-02,0.2046336301198,0.261139035528334,0.261139035528334,0.0,0.0,Lone Pine Creek,170703051006,63.17,OR,0,0,,,1,1,0,0,2013-02-01,2013,2
170703051004,2013-03,0.18541566197233,0.405909884974594,0.405909884974594,0.0,0.0,Lone Pine Creek,170703051006,63.17,OR,0,0,,,1,1,0,0,2013-03-01,2013,3
170703051004,2013-04,0.491707491177059,0.260801584302605,0.260801584302605,0.0,0.0,Lone Pine Creek,170703051006,63.17,OR,0,0,,,1,1,0,0,2013-04-01,2013,4
170703051004,2013-05,0.400116702359275,0.248712476756004,0.248712476756004,0.0,0.0,Lone Pine Creek,170703051006,63.17,OR,0,0,,,1,1,0,0,2013-05-01,2013,5
170703051004,2013-06,1.0,-13.7663186657728,0.17885312682334,13.9451717925962,0.0,Lone Pine Creek,170703051006,63.17,OR,0,0,,,1,1,0,0,2013-06-01,2013,6
170703051004,2013-07,1.0,-24.3214696014177,0.087559985338639,24.4090295867564,0.0,Lone Pine Creek,170703051006,63.17,OR,0,0,,,1,1,0,0,2013-07-01,2013,7
170703051004,2013-08,1.0,-14.5967138469615,0.281669853539202,14.8783837005007,0.0,Lone Pine Creek,170703051006,63.17,OR,0,0,,,1,1,0,0,2013-08-01,2013,8
170703051004,2013-09,1.0,-8.39261027396556,0.513789503781784,8.90639977774735,0.0,Lone Pine Creek,170703051006,63.17,OR,0,0,,,1,1,0,0,2013-09-01,2013,9
170703051004,2013-10,0.446485857412382,0.17387557778241,0.17387557778241,0.0,0.0,Lone Pine Creek,170703051006,63.17,OR,0,0,,,1,1,0,0,2013-10-01,2013,10
170703051004,2013-11,0.417235583468255,0.106049041647248,0.106049041647248,0.0,0.0,Lone Pine Creek,170703051006,63.17,OR,0,0,,,1,1,0,0,2013-11-01,2013,11
170703051004,2013-12,0.535047934728224,0.100379084512714,0.100379084512714,0.0,0.0,Lone Pine Creek,170703051006,63.17,OR,0,0,,,1,1,0,0,2013-12-01,2013,12
170703051004,2014-01,0.220141543194898,0.180494874954005,0.180494874954005,0.0,0.0,Lone Pine Creek,170703051006,63.17,OR,0,0,,,1,1,0,0,2014-01-01,2014,1
170703051004,2014-02,0.0,3.33525349211783,3.33525349211783,0.0,0.0,Lone Pine Creek,170703051006,63.17,OR,0,0,,,1,1,0,0,2014-02-01,2014,2
170703051004,2014-03,0.0,3.98463986123667,3.98463986123667,0.0,0.0,Lone Pine Creek,170703051006,63.17,OR,0,0,,,1,1,0,0,2014-03-01,2014,3
170703051004,2014-04,0.0,2.92175264626694,2.92175264626694,0.0,0.0,Lone Pine Creek,170703051006,63.17,OR,0,0,,,1,1,0,0,2014-04-01,2014,4
170703051004,2014-05,1.0,-5.2810344994364,1.85362638964117,7.13466088907757,0.0,Lone Pine Creek,170703051006,63.17,OR,0,0,,,1,1,0,0,2014-05-01,2014,5
170703051004,2014-06,1.0,-16.2379599302389,1.17801336314725,17.4159732933861,0.0,Lone Pine Creek,170703051006,63.17,OR,0,0,,,1,1,0,0,2014-06-01,2014,6
170703051004,2014-07,1.0,-22.1469060709467,0.785478040441604,22.9323841113883,0.0,Lone Pine Creek,170703051006,63.17,OR,0,0,,,1,1,0,0,2014-07-01,2014,7
170703051004,2014-08,1.0,-15.9658423531959,0.541716553880568,16.5075589070765,0.0,Lone Pine Creek,170703051006,63.17,OR,0,0,,,1,1,0,0,2014-08-01,2014,8
170703051004,2014-09,1.0,-10.6398623370563,0.360346167107063,11.0002085041634,0.0,Lone Pine Creek,170703051006,63.17,OR,0,0,,,1,1,0,0,2014-09-01,2014,9
170703051004,2014-10,1.0,-4.76610944203729,0.402002967451549,5.16811240948884,0.0,Lone Pine Creek,170703051006,63.17,OR,0,0,,,1,1,0,0,2014-10-01,2014,10
170703051004,2014-11,0.0,0.284795820330202,0.367668812112107,0.082872991781906,0.0,Lone Pine Creek,170703051006,63.17,OR,0,0,,,1,1,0,0,2014-11-01,2014,11
170703051004,2014-12,0.0,0.846438129528347,0.846438129528347,0.0,0.0,Lone Pine Creek,170703051006,63.17,OR,0,0,,,1,1,0,0,2014-12-01,2014,12
170703051004,2015-01,0.0,0.579371092543029,0.579371092543029,0.0,0.0,Lone Pine Creek,170703051006,63.17,OR,0,0,,,1,1,0,0,2015-01-01,2015,1
170703051004,2015-02,0.0,0.891525012106896,0.891525012106896,0.0,0.0,Lone Pine Creek,170703051006,63.17,OR,0,0,,,1,1,0,0,2015-02-01,2015,2
170703051004,2015-03,0.0,0.498303080510254,0.498303080510254,0.0,0.0,Lone Pine Creek,170703051006,63.17,OR,0,0,,,1,1,0,0,2015-03-01,2015,3
170703051004,2015-04,0.0,0.513093503790851,0.513093503790851,0.0,0.0,Lone Pine Creek,170703051006,63.17,OR,0,0,,,1,1,0,0,2015-04-01,2015,4
170703051004,2015-05,1.0,-9.14452407237359,0.414601436202946,9.55912550857654,0.0,Lone Pine Creek,170703051006,63.17,OR,0,0,,,1,1,0,0,2015-05-01,2015,5
170703051004,2015-06,1.0,-21.0618156997551,0.208760837556882,21.270576537312,0.0,Lone Pine Creek,170703051006,63.17,OR,0,0,,,1,1,0,0,2015-06-01,2015,6
170703051004,2015-07,1.0,-23.8418603090284,0.200970859613337,24.0428311686418,0.0,Lone Pine Creek,170703051006,63.17,OR,0,0,,,1,1,0,0,2015-07-01,2015,7
170703051004,2015-08,1.0,-21.2990903189143,0.135062431555819,21.4341527504702,0.0,Lone Pine Creek,170703051006,63.17,OR,0,0,,,1,1,0,0,2015-08-01,2015,8
170703051004,2015-09,1.0,-12.6594944686591,0.0891042492306883,12.7485987178898,0.0,Lone Pine Creek,170703051006,63.17,OR,0,0,,,1,1,0,0,2015-09-01,2015,9
170703051004,2015-10,1.0,-5.99875901313899,0.0846376696094667,6.08339668274846,0.0,Lone Pine Creek,170703051006,63.17,OR,0,0,,,1,1,0,0,2015-10-01,2015,10
170703051004,2015-11,1.0,-0.341638122415422,0.134275104256099,0.475913226671521,0.0,Lone Pine Creek,170703051006,63.17,OR,0,0,,,1,1,0,0,2015-11-01,2015,11
170703051004,2015-12,0.0,0.749089902513982,0.749089902513982,0.0,0.0,Lone Pine Creek,170703051006,63.17,OR,0,0,,,1,1,0,0,2015-12-01,2015,12
170703051004,2016-01,0.0,0.237121895751581,0.237121895751581,0.0,0.0,Lone Pine Creek,170703051006,63.17,OR,0,0,,,1,1,0,0,2016-01-01,2016,1
170703051004,2016-02,0.0,0.32832546788176,0.32832546788176,0.0,0.0,Lone Pine Creek,170703051006,63.17,OR,0,0,,,1,1,0,0,2016-02-01,2016,2
170703051004,2016-03,0.0,0.549591519255252,0.549591519255252,0.0,0.0,Lone Pine Creek,170703051006,63.17,OR,0,0,,,1,1,0,0,2016-03-01,2016,3
170703051004,2016-04,0.234702731963378,0.392669056698476,0.392669056698476,0.0,0.0,Lone Pine Creek,170703051006,63.17,OR,0,0,,,1,1,0,0,2016-04-01,2016,4
170703051004,2016-05,1.0,-10.0720690411752,0.315766849940017,10.3878358911152,0.0,Lone Pine Creek,170703051006,63.17,OR,0,0,,,1,1,0,0,2016-05-01,2016,5
170703051004,2016-06,1.0,-19.5438262750019,0.251554951925464,19.7953812269273,0.0,Lone Pine Creek,170703051006,63.17,OR,0,0,,,1,1,0,0,2016-06-01,2016,6
170703051004,2016-07,1.0,-19.5468547157952,0.200663875779946,19.7475185915751,0.0,Lone Pine Creek,170703051006,63.17,OR,0,0,,,1,1,0,0,2016-07-01,2016,7
170703051004,2016-08,1.0,-22.8062341968632,0.0764763706688676,22.8827105675321,0.0,Lone Pine Creek,170703051006,63.17,OR,0,0,,,1,1,0,0,2016-08-01,2016,8
170703051004,2016-09,1.0,-10.9975417799428,0.0555306310402601,11.0530724109831,0.0,Lone Pine Creek,170703051006,63.17,OR,0,0,,,1,1,0,0,2016-09-01,2016,9
170703051004,2016-10,1.0,-1.28273043259416,0.384658478942959,1.66738891153712,0.0,Lone Pine Creek,170703051006,63.17,OR,0,0,,,1,1,0,0,2016-10-01,2016,10
170703051004,2016-11,0.452482593754102,0.0996349374986274,0.0996349374986274,0.0,0.0,Lone Pine Creek,170703051006,63.17,OR,0,0,,,1,1,0,0,2016-11-01,2016,11
170703051004,2016-12,0.564144631878286,0.0940973620720155,0.0940973620720155,0.0,0.0,Lone Pine Creek,170703051006,63.17,OR,0,0,,,1,1,0,0,2016-12-01,2016,12
170703051004,2017-01,0.546433604405135,0.104975985246889,0.104975985246889,0.0,0.0,Lone Pine Creek,170703051006,63.17,OR,0,0,,,1,1,0,0,2017-01-01,2017,1
170703051004,2017-02,0.0,4.3661988057434,4.3661988057434,0.0,0.0,Lone Pine Creek,170703051006,63.17,OR,0,0,,,1,1,0,0,2017-02-01,2017,2
170703051004,2017-03,0.0,4.22655795277805,4.22655795277805,0.0,0.0,Lone Pine Creek,170703051006,63.17,OR,0,0,,,1,1,0,0,2017-03-01,2017,3
170703051004,2017-04,0.0,2.83529809730024,2.83529809730024,0.0,0.0,Lone Pine Creek,170703051006,63.17,OR,0,0,,,1,1,0,0,2017-04-01,2017,4
170703051004,2017-05,1.0,-10.0413530487624,1.89874207722449,11.9400951259869,0.0,Lone Pine Creek,170703051006,63.17,OR,0,0,,,1,1,0,0,2017-05-01,2017,5
170703051004,2017-06,1.0,-17.880819885732,1.18668039063341,19.0675002763654,0.0,Lone Pine Creek,170703051006,63.17,OR,0,0,,,1,1,0,0,2017-06-01,2017,6
170703051004,2017-07,1.0,-23.5362017517257,0.770787155747829,24.3069889074735,0.0,Lone Pine Creek,170703051006,63.17,OR,0,0,,,1,1,0,0,2017-07-01,2017,7
170703051004,2017-08,1.0,-21.1483761533579,0.489040589960101,21.637416743318,0.0,Lone Pine Creek,170703051006,63.17,OR,0,0,,,1,1,0,0,2017-08-01,2017,8
170703051004,2017-09,1.0,-11.0704820461499,0.410080425439424,11.4805624715894,0.0,Lone Pine Creek,170703051006,63.17,OR,0,0,,,1,1,0,0,2017-09-01,2017,9
170703051004,2017-10,1.0,-2.05996784692732,0.314130325504532,2.37409817243185,0.0,Lone Pine Creek,170703051006,63.17,OR,0,0,,,1,1,0,0,2017-10-01,2017,10
170703051004,2017-11,0.0,0.249355728829981,0.249355728829981,0.0,0.0,Lone Pine Creek,170703051006,63.17,OR,0,0,,,1,1,0,0,2017-11-01,2017,11
170703051004,2017-12,0.276298911370825,0.156240735687428,0.156240735687428,0.0,0.0,Lone Pine Creek,170703051006,63.17,OR,0,0,,,1,1,0,0,2017-12-01,2017,12
170703051004,2018-01,0.311602646038438,0.159326597330229,0.159326597330229,0.0,0.0,Lone Pine Creek,170703051006,63.17,OR,0,0,,,1,1,0,0,2018-01-01,2018,1
170703051004,2018-02,0.59180211158322,0.134021762702786,0.134021762702786,0.0,0.0,Lone Pine Creek,170703051006,63.17,OR,0,0,,,1,1,0,0,2018-02-01,2018,2
170703051004,2018-03,0.361354446389298,0.318239046718389,0.318239046718389,0.0,0.0,Lone Pine Creek,170703051006,63.17,OR,0,0,,,1,1,0,0,2018-03-01,2018,3
170703051004,2018-04,0.556877843130427,0.227363100075568,0.227363100075568,0.0,0.0,Lone Pine Creek,170703051006,63.17,OR,0,0,,,1,1,0,0,2018-04-01,2018,4
170703051004,2018-05,1.0,-13.156916808439,0.124432734693159,13.2813495431322,0.0,Lone Pine Creek,170703051006,63.17,OR,0,0,,,1,1,0,0,2018-05-01,2018,5
170703051004,2018-06,1.0,-16.1193475423145,0.0957668995218044,16.2151144418363,0.0,Lone Pine Creek,170703051006,63.17,OR,0,0,,,1,1,0,0,2018-06-01,2018,6
170703051004,2018-07,1.0,-22.8764477224145,0.0470568250383544,22.9235045474529,0.0,Lone Pine Creek,170703051006,63.17,OR,0,0,,,1,1,0,0,2018-07-01,2018,7
170703051004,2018-08,1.0,-19.8433769616118,0.0299230680525763,19.8733000296644,0.0,Lone Pine Creek,170703051006,63.17,OR,0,0,,,1,1,0,0,2018-08-01,2018,8
170703051004,2018-09,1.0,-11.6188523755886,0.0169706316902193,11.6358230072788,0.0,Lone Pine Creek,170703051006,63.17,OR,0,0,,,1,1,0,0,2018-09-01,2018,9
170703051004,2018-10,1.0,-2.81642905258037,0.164936552916387,2.98136560549676,0.0,Lone Pine Creek,170703051006,63.17,OR,0,0,,,1,1,0,0,2018-10-01,2018,10
170703051004,2018-11,0.0,0.202692761894827,0.202692761894827,0.0,0.0,Lone Pine Creek,170703051006,63.17,OR,0,0,,,1,1,0,0,2018-11-01,2018,11
170703051004,2018-12,0.0,0.215891254196365,0.215891254196365,0.0,0.0,Lone Pine Creek,170703051006,63.17,OR,0,0,,,1,1,0,0,2018-12-01,2018,12
170703051004,2019-01,0.136094964509739,0.199947092952945,0.199947092952945,0.0,0.0,Lone Pine Creek,170703051006,63.17,OR,0,0,,,1,1,0,0,2019-01-01,2019,1
170703051004,2019-02,0.0,0.660468469188201,0.660468469188201,0.0,0.0,Lone Pine Creek,170703051006,63.17,OR,0,0,,,1,1,0,0,2019-02-01,2019,2
170703051004,2019-03,0.0300533516404682,0.483327402808151,0.483327402808151,0.0,0.0,Lone Pine Creek,170703051006,63.17,OR,0,0,,,1,1,0,0,2019-03-01,2019,3
170703051004,2019-04,0.0,0.910475750111558,0.910475750111558,0.0,0.0,Lone Pine Creek,170703051006,63.17,OR,0,0,,,1,1,0,0,2019-04-01,2019,4
170703051004,2019-05,1.0,-6.13703975549825,0.508552213920781,6.64559196941903,0.0,Lone Pine Creek,170703051006,63.17,OR,0,0,,,1,1,0,0,2019-05-01,2019,5
170703051004,2019-06,1.0,-17.9158056916613,0.289631426258617,18.2054371179199,0.0,Lone Pine Creek,170703051006,63.17,OR,0,0,,,1,1,0,0,2019-06-01,2019,6
170703051004,2019-07,1.0,-19.8913931143273,0.189183430800185,20.0805765451274,0.0,Lone Pine Creek,170703051006,63.17,OR,0,0,,,1,1,0,0,2019-07-01,2019,7
170703051004,2019-08,1.0,-16.5276020743804,0.324216411882426,16.8518184862628,0.0,Lone Pine Creek,170703051006,63.17,OR,0,0,,,1,1,0,0,2019-08-01,2019,8
170703051004,2019-09,1.0,-6.56316729580342,0.380375451252145,6.94354274705557,0.0,Lone Pine Creek,170703051006,63.17,OR,0,0,,,1,1,0,0,2019-09-01,2019,9
170703051004,2019-10,1.0,-1.92786279518061,0.202760706381212,2.13062350156182,0.0,Lone Pine Creek,170703051006,63.17,OR,0,0,,,1,1,0,0,2019-10-01,2019,10
170703051004,2019-11,0.46868576163587,0.0966863524842275,0.0966863524842275,0.0,0.0,Lone Pine Creek,170703051006,63.17,OR,0,0,,,1,1,0,0,2019-11-01,2019,11
170703051004,2019-12,0.0,0.282378022769643,0.282378022769643,0.0,0.0,Lone Pine Creek,170703051006,63.17,OR,0,0,,,1,1,0,0,2019-12-01,2019,12
170703051004,2020-01,0.0,0.272730431060405,0.272730431060405,0.0,0.0,Lone Pine Creek,170703051006,63.17,OR,0,0,,,1,1,0,0,2020-01-01,2020,1
170703051004,2020-02,0.143653053752634,0.281160511795783,0.281160511795783,0.0,0.0,Lone Pine Creek,170703051006,63.17,OR,0,0,,,1,1,0,0,2020-02-01,2020,2
170703051004,2020-03,0.236720533113185,0.380344509639924,0.380344509639924,0.0,0.0,Lone Pine Creek,170703051006,63.17,OR,0,0,,,1,1,0,0,2020-03-01,2020,3
170703051004,2020-04,0.359187821748121,0.328796565811104,0.328796565811104,0.0,0.0,Lone Pine Creek,170703051006,63.17,OR,0,0,,,1,1,0,0,2020-04-01,2020,4
170703051004,2020-05,1.0,-3.62360051989163,0.396893268672716,4.02049378856435,0.0,Lone Pine Creek,170703051006,63.17,OR,0,0,,,1,1,0,0,2020-05-01,2020,5
170703051004,2020-06,1.0,-15.3255259905887,0.23586726005879,15.5613932506475,0.0,Lone Pine Creek,170703051006,63.17,OR,0,0,,,1,1,0,0,2020-06-01,2020,6
170703051004,2020-07,1.0,-21.8287019986217,0.1265399735059,21.9552419721276,0.0,Lone Pine Creek,170703051006,63.17,OR,0,0,,,1,1,0,0,2020-07-01,2020,7
170703051004,2020-08,1.0,-19.0078678889684,0.0702281796432884,19.0780960686117,0.0,Lone Pine Creek,170703051006,63.17,OR,0,0,,,1,1,0,0,2020-08-01,2020,8
170703051004,2020-09,1.0,-13.0170201286605,0.0964826452099822,13.1135027738705,0.0,Lone Pine Creek,170703051006,63.17,OR,0,0,,,1,1,0,0,2020-09-01,2020,9
170703051005,2009-10,0.35656731300043,0.232127989631123,0.317754557229268,0.0856265675981457,0.0001728859427428,North Unit Main Canal,170703051006,46.34,OR,0,0,,,1,1,0,0,2009-10-01,2009,10
170703051005,2009-11,0.0,0.2405945252042,0.240926727433973,0.0003322022297728,0.000135557762811,North Unit Main Canal,170703051006,46.34,OR,0,0,,,1,1,0,0,2009-11-01,2009,11
170703051005,2009-12,0.519921691768738,0.137399170163924,0.137577118032348,0.0001779478684239,7.02706871976284e-05,North Unit Main Canal,170703051006,46.34,OR,0,0,,,1,1,0,0,2009-12-01,2009,12
170703051005,2010-01,0.241820919465053,0.312173165308759,0.312514948077255,0.000341782768496,0.0001349682366371,North Unit Main Canal,170703051006,46.34,OR,0,0,,,1,1,0,0,2010-01-01,2010,1
170703051005,2010-02,0.874108826202214,0.113044369911704,0.113468772785755,0.0004244028740504,0.0001855510384749,North Unit Main Canal,170703051006,46.34,OR,0,0,,,1,1,0,0,2010-02-01,2010,2
170703051005,2010-03,0.707348750709312,0.242763776751468,0.243517662630611,0.0007538858791429,0.0002977056104417,North Unit Main Canal,170703051006,46.34,OR,0,0,,,1,1,0,0,2010-03-01,2010,3
170703051005,2010-04,0.243848792292555,0.482750868136272,0.491108550938309,0.0083576828020376,0.0003399209598698,North Unit Main Canal,170703051006,46.34,OR,0,0,,,1,1,0,0,2010-04-01,2010,4
170703051005,2010-05,0.640556018204875,0.163062827646356,0.188628633037237,0.0255658053908809,0.0004023875040771,North Unit Main Canal,170703051006,46.34,OR,0,0,,,1,1,0,0,2010-05-01,2010,5
170703051005,2010-06,1.0,-2.86121030036761,0.111646509136626,2.97285680950423,0.0005308727308823,North Unit Main Canal,170703051006,46.34,OR,0,0,,,1,1,0,0,2010-06-01,2010,6
170703051005,2010-07,1.0,-5.01673672308513,0.0243454643869737,5.0410821874721,0.0007281219758562,North Unit Main Canal,170703051006,46.34,OR,0,0,,,1,1,0,0,2010-07-01,2010,7
170703051005,2010-08,1.0,-4.23367630179257,0.003917964358709,4.23759426615127,0.0006349232077937,North Unit Main Canal,170703051006,46.34,OR,0,0,,,1,1,0,0,2010-08-01,2010,8
170703051005,2010-09,1.0,-0.755974276963752,0.214902802155459,0.97087707911921,0.0003962162902143,North Unit Main Canal,170703051006,46.34,OR,0,0,,,1,1,0,0,2010-09-01,2010,9
170703051005,2010-10,1.0,-0.3102648221394,0.715936728695984,1.02620155083538,0.0002837520587548,North Unit Main Canal,170703051006,46.34,OR,0,0,,,1,1,0,0,2010-10-01,2010,10
170703051005,2010-11,0.0,0.830778012772292,0.831153884426326,0.0003758716540345,0.0001533774188085,North Unit Main Canal,170703051006,46.34,OR,0,0,,,1,1,0,0,2010-11-01,2010,11
170703051005,2010-12,0.0,0.790363828032363,0.790648131455179,0.0002843034228159,0.0001122699421513,North Unit Main Canal,170703051006,46.34,OR,0,0,,,1,1,0,0,2010-12-01,2010,12
170703051005,2011-01,0.0344190199422525,0.397568963118689,0.397806397430733,0.0002374343120439,9.37615742149105e-05,North Unit Main Canal,170703051006,46.34,OR,0,0,,,1,1,0,0,2011-01-01,2011,1
170703051005,2011-02,0.0,4.10761179430171,4.10793268636805,0.0003208920663369,0.0001402956006846,North Unit Main Canal,170703051006,46.34,OR,0,0,,,1,1,0,0,2011-02-01,2011,2
170703051005,2011-03,0.0,2.85583124109245,2.85637507333182,0.0005438322393765,0.0002147565212197,North Unit Main Canal,170703051006,46.34,OR,0,0,,,1,1,0,0,2011-03-01,2011,3
170703051005,2011-04,0.0,1.70221543219059,1.70286413898933,0.0006487067987339,0.0002647099702395,North Unit Main Canal,170703051006,46.34,OR,0,0,,,1,1,0,0,2011-04-01,2011,4
170703051005,2011-05,0.0,1.28703481764266,1.30366976954875,0.0166349519060847,0.000351049939208,North Unit Main Canal,170703051006,46.34,OR,0,0,,,1,1,0,0,2011-05-01,2011,5
170703051005,2011-06,1.0,-1.84583115720387,0.918427057017972,2.76425821422184,0.0005045563460794,North Unit Main Canal,170703051006,46.34,OR,0,0,,,1,1,0,0,2011-06-01,2011,6
170703051005,2011-07,1.0,-3.6609515502356,0.60903464163929,4.26998619187488,0.0005403261080443,North Unit Main Canal,170703051006,46.34,OR,0,0,,,1,1,0,0,2011-07-01,2011,7
170703051005,2011-08,1.0,-3.88627139129273,0.323552309928466,4.20982370122119,0.0005474716352813,North Unit Main Canal,170703051006,46.34,OR,0,0,,,1,1,0,0,2011-08-01,2011,8
170703051005,2011-09,1.0,-3.19231629873789,0.211299018737114,3.40361531747501,0.000506308959854,North Unit Main Canal,170703051006,46.34,OR,0,0,,,1,1,0,0,2011-09-01,2011,9
170703051005,2011-10,1.0,-0.0958113735537392,0.173900897414965,0.269712270968703,0.000226372219396,North Unit Main Canal,170703051006,46.34,OR,0,0,,,1,1,0,0,2011-10-01,2011,10
170703051005,2011-11,0.0246255260934261,0.219304575004532,0.219699255629137,0.0003946806246049,0.0001610499170452,North Unit Main Canal,170703051006,46.34,OR,0,0,,,1,1,0,0,2011-11-01,2011,11
170703051005,2011-12,0.324697983016269,0.193272503990937,0.193572754377591,0.0003002503866542,0.0001185673151828,North Unit Main Canal,170703051006,46.34,OR,0,0,,,1,1,0,0,2011-12-01,2011,12
170703051005,2012-01,0.0,2.6775212898243,2.6778995318307,0.0003782420064039,0.0001493657999526,North Unit Main Canal,170703051006,46.34,OR,0,0,,,1,1,0,0,2012-01-01,2012,1
170703051005,2012-02,0.0,2.13781841867511,2.13825458100571,0.000436162330602,0.0001841167334955,North Unit Main Canal,170703051006,46.34,OR,0,0,,,1,1,0,0,2012-02-01,2012,2
170703051005,2012-03,0.0,2.89457379075039,2.89522305471944,0.0006492639690567,0.0002563909626024,North Unit Main Canal,170703051006,46.34,OR,0,0,,,1,1,0,0,2012-03-01,2012,3
170703051005,2012-04,0.0,2.61835586959018,2.61927635269808,0.0009204831079045,0.000375610455409,North Unit Main Canal,170703051006,46.34,OR,0,0,,,1,1,0,0,2012-04-01,2012,4
170703051005,2012-05,0.0,1.78404018669752,1.79838507300618,0.0143448863086521,0.0004820029523128,North Unit Main Canal,170703051006,46.34,OR,0,0,,,1,1,0,0,2012-05-01,2012,5
170703051005,2012-06,0.0,2.81249653998284,3.55271580195526,0.740219261972421,0.0005210589237098,North Unit Main Canal,170703051006,46.34,OR,0,0,,,1,1,0,0,2012-06-01,2012,6
170703051005,2012-07,1.0,-3.09332649273244,2.10698757436526,5.20031406709771,0.0007189625952462,North Unit Main Canal,170703051006,46.34,OR,0,0,,,1,1,0,0,2012-07-01,2012,7
170703051005,2012-08,1.0,-3.58528996614219,1.41417271261811,4.99946267876029,0.0006897945740248,North Unit Main Canal,170703051006,46.34,OR,0,0,,,1,1,0,0,2012-08-01,2012,8
170703051005,2012-09,1.0,-2.55247893469574,0.913992262857522,3.46647119755326,0.0005821508979492,North Unit Main Canal,170703051006,46.34,OR,0,0,,,1,1,0,0,2012-09-01,2012,9
170703051005,2012-10,1.0,-0.373367322757889,0.763255510546765,1.13662283330465,0.0003227418720882,North Unit Main Canal,170703051006,46.34,OR,0,0,,,1,1,0,0,2012-10-01,2012,10
170703051005,2012-11,0.0,1.38470862179692,1.38514442066542,0.0004357988685026,0.0001778311954443,North Unit Main Canal,170703051006,46.34,OR,0,0,,,1,1,0,0,2012-11-01,2012,11
170703051005,2012-12,0.0,3.20393155362271,3.20416960196428,0.0002380483415793,9.40040512830493e-05,North Unit Main Canal,170703051006,46.34,OR,0,0,,,1,1,0,0,2012-12-01,2012,12
170703051005,2013-01,0.0,1.80594087728701,1.80615484676481,0.0002139694778002,8.44954332833897e-05,North Unit Main Canal,170703051006,46.34,OR,0,0,,,1,1,0,0,2013-01-01,2013,1
170703051005,2013-02,0.0,1.10167893994171,1.10197925085687,0.0003003109151574,0.0001312974194567,North Unit Main Canal,170703051006,46.34,OR,0,0,,,1,1,0,0,2013-02-01,2013,2
170703051005,2013-03,0.0,0.892927998690108,0.893513321590812,0.0005853229007034,0.0002311409674598,North Unit Main Canal,170703051006,46.34,OR,0,0,,,1,1,0,0,2013-03-01,2013,3
170703051005,2013-04,0.0012746913216383,0.637617853254403,0.638431656546462,0.0008138032920589,0.0003320789078242,North Unit Main Canal,170703051006,46.34,OR,0,0,,,1,1,0,0,2013-04-01,2013,4
170703051005,2013-05,0.0026075639290309,0.452470034653464,0.453652963758057,0.0011829291045934,0.0004671325474255,North Unit Main Canal,170703051006,46.34,OR,0,0,,,1,1,0,0,2013-05-01,2013,5
170703051005,2013-06,1.0,-2.65756307373114,0.310599188894459,2.96816226262559,0.0005372255279295,North Unit Main Canal,170703051006,46.34,OR,0,0,,,1,1,0,0,2013-06-01,2013,6
170703051005,2013-07,1.0,-5.2784410507784,0.165536704660355,5.44397775543876,0.0007164850921406,North Unit Main Canal,170703051006,46.34,OR,0,0,,,1,1,0,0,2013-07-01,2013,7
170703051005,2013-08,1.0,-3.07634420610196,0.229353724241069,3.30569793034303,0.0005529097976924,North Unit Main Canal,170703051006,46.34,OR,0,0,,,1,1,0,0,2013-08-01,2013,8
170703051005,2013-09,1.0,-1.29518636994117,0.703854205849172,1.99904057579034,0.0003759110248245,North Unit Main Canal,170703051006,46.34,OR,0,0,,,1,1,0,0,2013-09-01,2013,9
170703051005,2013-10,0.0,1.01106378693836,1.01165170807177,0.0005879211334087,0.0002321669960339,North Unit Main Canal,170703051006,46.34,OR,0,0,,,1,1,0,0,2013-10-01,2013,10
170703051005,2013-11,0.0,0.663217013906621,0.663549078574532,0.0003320646679111,0.0001355016295989,North Unit Main Canal,170703051006,46.34,OR,0,0,,,1,1,0,0,2013-11-01,2013,11
170703051005,2013-12,0.0,0.454834205509225,0.455048142462289,0.0002139369530646,8.44825894345614e-05,North Unit Main Canal,170703051006,46.34,OR,0,0,,,1,1,0,0,2013-12-01,2013,12
170703051005,2014-01,0.0009035688726356,0.411368637517211,0.41174067357345,0.000372036056239,0.0001469151025283,North Unit Main Canal,170703051006,46.34,OR,0,0,,,1,1,0,0,2014-01-01,2014,1
170703051005,2014-02,0.0,6.99696691466203,6.99724540517224,0.0002784905102019,0.0001217574303402,North Unit Main Canal,170703051006,46.34,OR,0,0,,,1,1,0,0,2014-02-01,2014,2
170703051005,2014-03,0.0,4.93741182086104,4.93810711975656,0.0006952988955207,0.0002745699154966,North Unit Main Canal,170703051006,46.34,OR,0,0,,,1,1,0,0,2014-03-01,2014,3
170703051005,2014-04,0.0,3.13777731145512,3.13870238712603,0.0009250756709113,0.0003774844872817,North Unit Main Canal,170703051006,46.34,OR,0,0,,,1,1,0,0,2014-04-01,2014,4
170703051005,2014-05,1.0,-0.322354211010643,2.04189799011245,2.36425220112309,0.0004967906244866,North Unit Main Canal,170703051006,46.34,OR,0,0,,,1,1,0,0,2014-05-01,2014,5
170703051005,2014-06,1.0,-2.21866005110717,1.47295558153435,3.69161563264152,0.0005941288518111,North Unit Main Canal,170703051006,46.34,OR,0,0,,,1,1,0,0,2014-06-01,2014,6
170703051005,2014-07,1.0,-4.00937791397065,0.955741402606039,4.96511931657669,0.0007267795710201,North Unit Main Canal,170703051006,46.34,OR,0,0,,,1,1,0,0,2014-07-01,2014,7
170703051005,2014-08,1.0,-2.71416669189523,0.708487121374195,3.42265381326942,0.0006031793254022,North Unit Main Canal,170703051006,46.34,OR,0,0,,,1,1,0,0,2014-08-01,2014,8
170703051005,2014-09,1.0,-1.98780318218335,0.435657100553398,2.42346028273675,0.0004807490652331,North Unit Main Canal,170703051006,46.34,OR,0,0,,,1,1,0,0,2014-09-01,2014,9
170703051005,2014-10,1.0,-0.703332855568158,0.449853004483523,1.15318586005168,0.0002957949402839,North Unit Main Canal,170703051006,46.34,OR,0,0,,,1,1,0,0,2014-10-01,2014,10
170703051005,2014-11,0.0,0.824916857140275,0.825228431637401,0.0003115744971263,0.0001271404523934,North Unit Main Canal,170703051006,46.34,OR,0,0,,,1,1,0,0,2014-11-01,2014,11
170703051005,2014-12,0.0,1.05307235057135,1.05329084464127,0.0002184940699224,8.6282171166402e-05,North Unit Main Canal,170703051006,46.34,OR,0,0,,,1,1,0,0,2014-12-01,2014,12
170703051005,2015-01,0.0,0.62018875697874,0.620518765468663,0.000330008489923,0.0001303186353021,North Unit Main Canal,170703051006,46.34,OR,0,0,,,1,1,0,0,2015-01-01,2015,1
170703051005,2015-02,0.0005543796268746,0.897455294185838,0.897953101090972,0.0004978069051337,0.0002176436444127,North Unit Main Canal,170703051006,46.34,OR,0,0,,,1,1,0,0,2015-02-01,2015,2
170703051005,2015-03,0.538982534353436,0.382429056359786,0.383211230610874,0.0007821742510874,0.0003088765413095,North Unit Main Canal,170703051006,46.34,OR,0,0,,,1,1,0,0,2015-03-01,2015,3
170703051005,2015-04,0.612600388751867,0.247328175554601,0.251070388665241,0.0037422131106399,0.0003771608322951,North Unit Main Canal,170703051006,46.34,OR,0,0,,,1,1,0,0,2015-04-01,2015,4
170703051005,2015-05,1.0,-0.517997339278219,0.472151952440296,0.990149291718515,0.0004756025499261,North Unit Main Canal,170703051006,46.34,OR,0,0,,,1,1,0,0,2015-05-01,2015,5
170703051005,2015-06,1.0,-4.78325567395953,0.111956722537836,4.89521239649737,0.0007513639824839,North Unit Main Canal,170703051006,46.34,OR,0,0,,,1,1,0,0,2015-06-01,2015,6
170703051005,2015-07,1.0,-4.38304239967992,0.267104701081201,4.65014710076112,0.0007028906649333,North Unit Main Canal,170703051006,46.34,OR,0,0,,,1,1,0,0,2015-07-01,2015,7
170703051005,2015-08,1.0,-4.2509096107421,0.182856082573722,4.43376569331582,0.0006639989164286,North Unit Main Canal,170703051006,46.34,OR,0,0,,,1,1,0,0,2015-08-01,2015,8
170703051005,2015-09,1.0,-2.17892522625463,0.0756233363478805,2.25454856260253,0.0004665778275934,North Unit Main Canal,170703051006,46.34,OR,0,0,,,1,1,0,0,2015-09-01,2015,9
170703051005,2015-10,1.0,-1.01458454860354,0.0581508617241217,1.07273541032766,0.0003325310094496,North Unit Main Canal,170703051006,46.34,OR,0,0,,,1,1,0,0,2015-10-01,2015,10
170703051005,2015-11,0.872152062074508,0.0287455110237397,0.10700932555248,0.0782638145287402,0.00014922217388,North Unit Main Canal,170703051006,46.34,OR,0,0,,,1,1,0,0,2015-11-01,2015,11
170703051005,2015-12,0.0,1.80333948657223,1.80367157101606,0.0003320844438301,0.0001311384186967,North Unit Main Canal,170703051006,46.34,OR,0,0,,,1,1,0,0,2015-12-01,2015,12
170703051005,2016-01,0.0,1.15476616325716,1.15506792086835,0.0003017576111952,0.0001191625103104,North Unit Main Canal,170703051006,46.34,OR,0,0,,,1,1,0,0,2016-01-01,2016,1
170703051005,2016-02,0.183668937762723,0.73302700885285,0.733621165506093,0.0005941566532431,0.0002508107062541,North Unit Main Canal,170703051006,46.34,OR,0,0,,,1,1,0,0,2016-02-01,2016,2
170703051005,2016-03,0.0008084887840812,0.828862017670199,0.829532685542489,0.0006706678722899,0.000264843252603,North Unit Main Canal,170703051006,46.34,OR,0,0,,,1,1,0,0,2016-03-01,2016,3
170703051005,2016-04,0.358132561110888,0.409788492293211,0.410906056335531,0.0011175640423203,0.0004560308986443,North Unit Main Canal,170703051006,46.34,OR,0,0,,,1,1,0,0,2016-04-01,2016,4
170703051005,2016-05,1.0,-1.56657108535795,0.381676542393614,1.94824762775157,0.0005156494932499,North Unit Main Canal,170703051006,46.34,OR,0,0,,,1,1,0,0,2016-05-01,2016,5
170703051005,2016-06,1.0,-3.26685979470698,0.459539052552123,3.72639884725911,0.0006486963066707,North Unit Main Canal,170703051006,46.34,OR,0,0,,,1,1,0,0,2016-06-01,2016,6
170703051005,2016-07,1.0,-3.91910657955682,0.359025577523937,4.27813215708075,0.0006631253761345,North Unit Main Canal,170703051006,46.34,OR,0,0,,,1,1,0,0,2016-07-01,2016,7
170703051005,2016-08,1.0,-4.60084554734327,0.171644598598114,4.77249014594139,0.0006805225318316,North Unit Main Canal,170703051006,46.34,OR,0,0,,,1,1,0,0,2016-08-01,2016,8
170703051005,2016-09,1.0,-2.36294223889328,0.115423899845288,2.47836613873856,0.0004640204297133,North Unit Main Canal,170703051006,46.34,OR,0,0,,,1,1,0,0,2016-09-01,2016,9
170703051005,2016-10,0.861950650825689,0.0498033726622582,0.504501898935678,0.45469852627342,0.000246381768364,North Unit Main Canal,170703051006,46.34,OR,0,0,,,1,1,0,0,2016-10-01,2016,10
170703051005,2016-11,0.603185263934623,0.0892203859916561,0.0897578861418065,0.0005375001501503,0.0002193312125412,North Unit Main Canal,170703051006,46.34,OR,0,0,,,1,1,0,0,2016-11-01,2016,11
170703051005,2016-12,0.612159794923924,0.111000479338443,0.111201110156136,0.0002006308176926,7.92280658214762e-05,North Unit Main Canal,170703051006,46.34,OR,0,0,,,1,1,0,0,2016-12-01,2016,12
170703051005,2017-01,0.0,0.887621587401928,0.887819020180615,0.0001974327786864,7.79651768605422e-05,North Unit Main Canal,170703051006,46.34,OR,0,0,,,1,1,0,0,2017-01-01,2017,1
170703051005,2017-02,0.0,2.68815752979532,2.68867832944279,0.0005207996474646,0.0002276961852359,North Unit Main Canal,170703051006,46.34,OR,0,0,,,1,1,0,0,2017-02-01,2017,2
170703051005,2017-03,0.0,2.30900713954317,2.30980669766789,0.0007995581247221,0.0003157413425419,North Unit Main Canal,170703051006,46.34,OR,0,0,,,1,1,0,0,2017-03-01,2017,3
170703051005,2017-04,0.0,1.46001598766963,1.46095369028304,0.0009377026134095,0.0003826370116262,North Unit Main Canal,170703051006,46.34,OR,0,0,,,1,1,0,0,2017-04-01,2017,4
170703051005,2017-05,1.0,-1.47744546549284,0.95092397393367,2.4283694394265,0.0005862543635704,North Unit Main Canal,170703051006,46.34,OR,0,0,,,1,1,0,0,2017-05-01,2017,5
170703051005,2017-06,1.0,-3.69949878796281,0.619895416608259,4.31939420457106,0.0007181696418912,North Unit Main Canal,170703051006,46.34,OR,0,0,,,1,1,0,0,2017-06-01,2017,6
170703051005,2017-07,1.0,-5.08493119262257,0.426599212310261,5.51153040493284,0.0008116748324913,North Unit Main Canal,170703051006,46.34,OR,0,0,,,1,1,0,0,2017-07-01,2017,7
170703051005,2017-08,1.0,-4.48026097652974,0.297191339509026,4.77745231603876,0.000770057680088,North Unit Main Canal,170703051006,46.34,OR,0,0,,,1,1,0,0,2017-08-01,2017,8
170703051005,2017-09,1.0,-2.14008336481108,0.296396208607809,2.43647957341888,0.0005393742076474,North Unit Main Canal,170703051006,46.34,OR,0,0,,,1,1,0,0,2017-09-01,2017,9
170703051005,2017-10,1.0,-0.24226936988357,0.246516827799458,0.488786197683028,0.0003283258153357,North Unit Main Canal,170703051006,46.34,OR,0,0,,,1,1,0,0,2017-10-01,2017,10
170703051005,2017-11,0.0022331552345742,0.224339307310859,0.224841413089449,0.0005021057785897,0.0002048882576334,North Unit Main Canal,170703051006,46.34,OR,0,0,,,1,1,0,0,2017-11-01,2017,11
170703051005,2017-12,0.685641171118476,0.0899699933978642,0.0902594120379676,0.0002894186401033,0.0001142899148384,North Unit Main Canal,170703051006,46.34,OR,0,0,,,1,1,0,0,2017-12-01,2017,12
170703051005,2018-01,0.712261591073849,0.118473606304206,0.11885307570838,0.0003794694041735,0.0001498504929444,North Unit Main Canal,170703051006,46.34,OR,0,0,,,1,1,0,0,2018-01-01,2018,1
170703051005,2018-02,0.866711401532387,0.119686910334062,0.12020839863441,0.0005214883003478,0.0002279972676871,North Unit Main Canal,170703051006,46.34,OR,0,0,,,1,1,0,0,2018-02-01,2018,2
170703051005,2018-03,0.710585427356897,0.240078847679765,0.240789920075775,0.0007110723960099,0.0002807987887543,North Unit Main Canal,170703051006,46.34,OR,0,0,,,1,1,0,0,2018-03-01,2018,3
170703051005,2018-04,0.626514569495282,0.238444922093096,0.239769977348764,0.0013250552556682,0.0004332604390206,North Unit Main Canal,170703051006,46.34,OR,0,0,,,1,1,0,0,2018-04-01,2018,4
170703051005,2018-05,1.0,-2.72580916364749,0.132104709797414,2.85791387344491,0.0006073160026481,North Unit Main Canal,170703051006,46.34,OR,0,0,,,1,1,0,0,2018-05-01,2018,5
170703051005,2018-06,1.0,-3.91500355894242,0.084072122331042,3.99907568127346,0.0007206478031196,North Unit Main Canal,170703051006,46.34,OR,0,0,,,1,1,0,0,2018-06-01,2018,6
170703051005,2018-07,1.0,-5.62082033449967,0.0028167280555935,5.62363706255527,0.000820010523093,North Unit Main Canal,170703051006,46.34,OR,0,0,,,1,1,0,0,2018-07-01,2018,7
170703051005,2018-08,1.0,-4.44252297285852,0.017608578732788,4.4601315515913,0.0007227391411472,North Unit Main Canal,170703051006,46.34,OR,0,0,,,1,1,0,0,2018-08-01,2018,8
170703051005,2018-09,1.0,-2.62191685784421,0.0025150976354303,2.62443195547963,0.0005253390291173,North Unit Main Canal,170703051006,46.34,OR,0,0,,,1,1,0,0,2018-09-01,2018,9
170703051005,2018-10,1.0,-0.848727937844084,0.0888607078239115,0.937588645667995,0.0003213769508575,North Unit Main Canal,170703051006,46.34,OR,0,0,,,1,1,0,0,2018-10-01,2018,10
170703051005,2018-11,0.295143292485974,0.15848097814303,0.158995861153227,0.0005148830101974,0.0002101021086447,North Unit Main Canal,170703051006,46.34,OR,0,0,,,1,1,0,0,2018-11-01,2018,11
170703051005,2018-12,0.0346228378444022,0.276292468751759,0.276662073830597,0.0003696050788379,0.0001459551222034,North Unit Main Canal,170703051006,46.34,OR,0,0,,,1,1,0,0,2018-12-01,2018,12
170703051005,2019-01,0.676955213693477,0.133010677908239,0.133404588472965,0.0003939105647262,0.0001555532320947,North Unit Main Canal,170703051006,46.34,OR,0,0,,,1,1,0,0,2019-01-01,2019,1
170703051005,2019-02,0.264182336330917,0.660729752929167,0.661039380061759,0.0003096271325918,0.0001353705158594,North Unit Main Canal,170703051006,46.34,OR,0,0,,,1,1,0,0,2019-02-01,2019,2
170703051005,2019-03,0.506770980775795,0.409149592904543,0.409712144604625,0.0005625517000821,0.0002221487388361,North Unit Main Canal,170703051006,46.34,OR,0,0,,,1,1,0,0,2019-03-01,2019,3
170703051005,2019-04,0.0,0.791231027701613,0.792192605864404,0.0009615781627909,0.0003923796195016,North Unit Main Canal,170703051006,46.34,OR,0,0,,,1,1,0,0,2019-04-01,2019,4
170703051005,2019-05,1.0,-0.5021245393237,0.418398072319603,0.920522611643304,0.0005778889263683,North Unit Main Canal,170703051006,46.34,OR,0,0,,,1,1,0,0,2019-05-01,2019,5
170703051005,2019-06,1.0,-3.79332476763361,0.155365289197943,3.94869005683155,0.0007333928889638,North Unit Main Canal,170703051006,46.34,OR,0,0,,,1,1,0,0,2019-06-01,2019,6
170703051005,2019-07,1.0,-4.19733519966769,0.106301822043326,4.30363702171103,0.0007278636909801,North Unit Main Canal,170703051006,46.34,OR,0,0,,,1,1,0,0,2019-07-01,2019,7
170703051005,2019-08,1.0,-3.00236731530399,0.205765925238402,3.2081332405424,0.0007051215233307,North Unit Main Canal,170703051006,46.34,OR,0,0,,,1,1,0,0,2019-08-01,2019,8
170703051005,2019-09,1.0,-0.603299811301014,0.527994804663512,1.13129461596453,0.0004419684583361,North Unit Main Canal,170703051006,46.34,OR,0,0,,,1,1,0,0,2019-09-01,2019,9
170703051005,2019-10,0.956236698540211,0.0157882671998734,0.360764994258487,0.344976727058615,0.0003264142520987,North Unit Main Canal,170703051006,46.34,OR,0,0,,,1,1,0,0,2019-10-01,2019,10
170703051005,2019-11,0.206086426475619,0.178504649742116,0.178986612151217,0.0004819624091014,0.000196668595456,North Unit Main Canal,170703051006,46.34,OR,0,0,,,1,1,0,0,2019-11-01,2019,11
170703051005,2019-12,0.001130079622585,0.285878149061151,0.286201579634247,0.0003234305730963,0.0001277210501788,North Unit Main Canal,170703051006,46.34,OR,0,0,,,1,1,0,0,2019-12-01,2019,12
170703051005,2020-01,0.287426076059536,0.293395667414123,0.293846047631916,0.0004503802177931,0.000177852804222,North Unit Main Canal,170703051006,46.34,OR,0,0,,,1,1,0,0,2020-01-01,2020,1
170703051005,2020-02,0.901180401540568,0.0887353648852115,0.0893203628472432,0.0005849979620317,0.0002469445578258,North Unit Main Canal,170703051006,46.34,OR,0,0,,,1,1,0,0,2020-02-01,2020,2
170703051005,2020-03,0.790944786036141,0.173418133066099,0.174077054040595,0.0006589209744957,0.000260204463795,North Unit Main Canal,170703051006,46.34,OR,0,0,,,1,1,0,0,2020-03-01,2020,3
170703051005,2020-04,0.710632747664153,0.184741214259073,0.19120902100488,0.006467806745807,0.0004369749995482,North Unit Main Canal,170703051006,46.34,OR,0,0,,,1,1,0,0,2020-04-01,2020,4
170703051005,2020-05,1.0,-0.751864125910927,0.286550598009465,1.03841472392039,0.0005165705525141,North Unit Main Canal,170703051006,46.34,OR,0,0,,,1,1,0,0,2020-05-01,2020,5
170703051005,2020-06,1.0,-3.59780466695118,0.0429635621157846,3.64076822906696,0.00065044128873,North Unit Main Canal,170703051006,46.34,OR,0,0,,,1,1,0,0,2020-06-01,2020,6
170703051005,2020-07,1.0,-5.12591042636046,0.0043847587440253,5.13029518510449,0.0007168704752887,North Unit Main Canal,170703051006,46.34,OR,0,0,,,1,1,0,0,2020-07-01,2020,7
170703051005,2020-08,1.0,-4.03867938908989,0.0079968756267745,4.04667626471666,0.0006703979810108,North Unit Main Canal,170703051006,46.34,OR,0,0,,,1,1,0,0,2020-08-01,2020,8
170703051005,2020-09,1.0,-2.71753826939743,0.0239743229505017,2.74151259234793,0.0005660243795983,North Unit Main Canal,170703051006,46.34,OR,0,0,,,1,1,0,0,2020-09-01,2020,9
170703051006,2009-10,0.122331048708091,5.38003717113177,5.44246965165318,0.0624324805214069,0.0,McAllister Slough-Crooked River,170703051101,110.77,OR,0,1,downstream,1.0,1,1,1,1,2009-10-01,2009,10
170703051006,2009-11,0.109254797021097,5.04274353268241,5.04359635184977,0.0008528191673625,0.0,McAllister Slough-Crooked River,170703051101,110.77,OR,0,1,downstream,1.0,1,1,1,1,2009-11-01,2009,11
170703051006,2009-12,0.242144696262352,5.08346973905003,5.0839167866656,0.0004470476155711,0.0,McAllister Slough-Crooked River,170703051101,110.77,OR,0,1,downstream,1.0,1,1,1,1,2009-12-01,2009,12
170703051006,2010-01,0.0489786012467266,6.55579093416418,6.55637934795544,0.0005884137912609,0.0,McAllister Slough-Crooked River,170703051101,110.77,OR,0,1,downstream,1.0,1,1,1,1,2010-01-01,2010,1
170703051006,2010-02,9.55727500909775e-05,7.26884428017054,7.26953905000944,0.0006947698389041,0.0,McAllister Slough-Crooked River,170703051101,110.77,OR,0,1,downstream,1.0,1,1,1,1,2010-02-01,2010,2
170703051006,2010-03,0.0814872000619985,8.91224094300793,8.91350247891235,0.0012615359044142,0.0,McAllister Slough-Crooked River,170703051101,110.77,OR,0,1,downstream,1.0,1,1,1,1,2010-03-01,2010,3
170703051006,2010-04,0.0753782495847769,11.3081006149645,11.3098984116944,0.0017977967298404,0.0,McAllister Slough-Crooked River,170703051101,110.77,OR,0,1,downstream,1.0,1,1,1,1,2010-04-01,2010,4
170703051006,2010-05,0.0062984428617693,11.2335477860129,11.3047501086387,0.0712023226258417,0.0,McAllister Slough-Crooked River,170703051101,110.77,OR,0,1,downstream,1.0,1,1,1,1,2010-05-01,2010,5
170703051006,2010-06,0.1469156002876,8.38541081073963,9.82952075265544,1.4441099419158,0.0,McAllister Slough-Crooked River,170703051101,110.77,OR,0,1,downstream,1.0,1,1,1,1,2010-06-01,2010,6
170703051006,2010-07,0.473983463663838,4.14839705059562,7.8864384749009,3.73804142430529,0.0,McAllister Slough-Crooked River,170703051101,110.77,OR,0,1,downstream,1.0,1,1,1,1,2010-07-01,2010,7
170703051006,2010-08,0.472690903752542,3.38906142296435,6.42708697248401,3.03802554951966,0.0,McAllister Slough-Crooked River,170703051101,110.77,OR,0,1,downstream,1.0,1,1,1,1,2010-08-01,2010,8
170703051006,2010-09,0.181939465825314,4.60624489465784,5.48518876506018,0.878943870402332,0.0,McAllister Slough-Crooked River,170703051101,110.77,OR,0,1,downstream,1.0,1,1,1,1,2010-09-01,2010,9
170703051006,2010-10,0.0756419581638639,5.66623738619524,6.13126443047204,0.465027044276798,0.0,McAllister Slough-Crooked River,170703051101,110.77,OR,0,1,downstream,1.0,1,1,1,1,2010-10-01,2010,10
170703051006,2010-11,0.0,6.56662603638038,6.56971507505303,0.0030890386726447,0.0,McAllister Slough-Crooked River,170703051101,110.77,OR,0,1,downstream,1.0,1,1,1,1,2010-11-01,2010,11
170703051006,2010-12,0.0,7.7578357374091,7.75830200928838,0.0004662718792808,0.0,McAllister Slough-Crooked River,170703051101,110.77,OR,0,1,downstream,1.0,1,1,1,1,2010-12-01,2010,12
170703051006,2011-01,0.0,9.14790334826797,9.14828774003678,0.0003843917688145,0.0,McAllister Slough-Crooked River,170703051101,110.77,OR,0,1,downstream,1.0,1,1,1,1,2011-01-01,2011,1
170703051006,2011-02,0.0,10.8514634913222,10.8519757621535,0.0005122708312235,0.0,McAllister Slough-Crooked River,170703051101,110.77,OR,0,1,downstream,1.0,1,1,1,1,2011-02-01,2011,2
170703051006,2011-03,0.0,14.6797747106292,14.680665326746,0.0008906161167893,0.0,McAllister Slough-Crooked River,170703051101,110.77,OR,0,1,downstream,1.0,1,1,1,1,2011-03-01,2011,3
170703051006,2011-04,0.0,18.2351835153747,18.2362409657184,0.0010574503436325,0.0,McAllister Slough-Crooked River,170703051101,110.77,OR,0,1,downstream,1.0,1,1,1,1,2011-04-01,2011,4
170703051006,2011-05,0.0,18.8151413292483,18.8167408923707,0.0015995631224543,0.0,McAllister Slough-Crooked River,170703051101,110.77,OR,0,1,downstream,1.0,1,1,1,1,2011-05-01,2011,5
170703051006,2011-06,0.0,13.9348402123322,15.2703893987705,1.33554918643829,0.0,McAllister Slough-Crooked River,170703051101,110.77,OR,0,1,downstream,1.0,1,1,1,1,2011-06-01,2011,6
170703051006,2011-07,0.0,8.98740848042058,12.032469984547,3.04506150412639,0.0,McAllister Slough-Crooked River,170703051101,110.77,OR,0,1,downstream,1.0,1,1,1,1,2011-07-01,2011,7
170703051006,2011-08,0.0,6.64165465554941,9.61117043754473,2.96951578199531,0.0,McAllister Slough-Crooked River,170703051101,110.77,OR,0,1,downstream,1.0,1,1,1,1,2011-08-01,2011,8
170703051006,2011-09,0.0061242619263555,5.59620572461016,7.65475143728559,2.05854571267543,0.0,McAllister Slough-Crooked River,170703051101,110.77,OR,0,1,downstream,1.0,1,1,1,1,2011-09-01,2011,9
170703051006,2011-10,0.0,6.56875228416463,6.83334561240013,0.264593328235499,0.0,McAllister Slough-Crooked River,170703051101,110.77,OR,0,1,downstream,1.0,1,1,1,1,2011-10-01,2011,10
170703051006,2011-11,0.0,5.89546965323446,5.91624923090567,0.0207795776712115,0.0,McAllister Slough-Crooked River,170703051101,110.77,OR,0,1,downstream,1.0,1,1,1,1,2011-11-01,2011,11
170703051006,2011-12,0.148306190473854,5.71291074471545,5.71336854042425,0.000457795708802,0.0,McAllister Slough-Crooked River,170703051101,110.77,OR,0,1,downstream,1.0,1,1,1,1,2011-12-01,2011,12
170703051006,2012-01,0.0307602285848608,6.68137784786398,6.6821351187752,0.0007572709112253,0.0,McAllister Slough-Crooked River,170703051101,110.77,OR,0,1,downstream,1.0,1,1,1,1,2012-01-01,2012,1
170703051006,2012-02,0.0031331292959373,7.24676264424389,7.24760128592733,0.0008386416834359,0.0,McAllister Slough-Crooked River,170703051101,110.77,OR,0,1,downstream,1.0,1,1,1,1,2012-02-01,2012,2
170703051006,2012-03,0.0576119024177537,9.14390064900865,9.14519281041199,0.0012921614033373,0.0,McAllister Slough-Crooked River,170703051101,110.77,OR,0,1,downstream,1.0,1,1,1,1,2012-03-01,2012,3
170703051006,2012-04,0.0,12.7958891594517,12.7977424590683,0.0018532996166273,0.0,McAllister Slough-Crooked River,170703051101,110.77,OR,0,1,downstream,1.0,1,1,1,1,2012-04-01,2012,4
170703051006,2012-05,0.0,11.3501970764127,11.4632069139296,0.113009837516931,0.0,McAllister Slough-Crooked River,170703051101,110.77,OR,0,1,downstream,1.0,1,1,1,1,2012-05-01,2012,5
170703051006,2012-06,0.0,9.9561816998297,10.7498195082299,0.79363780840018,0.0,McAllister Slough-Crooked River,170703051101,110.77,OR,0,1,downstream,1.0,1,1,1,1,2012-06-01,2012,6
170703051006,2012-07,0.349358869496841,5.13124124495314,8.81387733625929,3.68263609130616,0.0,McAllister Slough-Crooked River,170703051101,110.77,OR,0,1,downstream,1.0,1,1,1,1,2012-07-01,2012,7
170703051006,2012-08,0.408078452948513,3.8043312637872,7.18902990150484,3.38469863771765,0.0,McAllister Slough-Crooked River,170703051101,110.77,OR,0,1,downstream,1.0,1,1,1,1,2012-08-01,2012,8
170703051006,2012-09,0.344040329215628,3.69350525838562,5.87238192403344,2.17887666564782,0.0,McAllister Slough-Crooked River,170703051101,110.77,OR,0,1,downstream,1.0,1,1,1,1,2012-09-01,2012,9
170703051006,2012-10,0.158105846734678,5.16074065518523,5.64521266667075,0.48447201148552,0.0,McAllister Slough-Crooked River,170703051101,110.77,OR,0,1,downstream,1.0,1,1,1,1,2012-10-01,2012,10
170703051006,2012-11,0.0,6.22803435834798,6.22889246898451,0.0008581106365296,0.0,McAllister Slough-Crooked River,170703051101,110.77,OR,0,1,downstream,1.0,1,1,1,1,2012-11-01,2012,11
170703051006,2012-12,0.0,8.73525635381485,8.73569973482598,0.0004433810111323,0.0,McAllister Slough-Crooked River,170703051101,110.77,OR,0,1,downstream,1.0,1,1,1,1,2012-12-01,2012,12
170703051006,2013-01,0.0,7.48231577847685,7.4827965213193,0.0004807428424484,0.0,McAllister Slough-Crooked River,170703051101,110.77,OR,0,1,downstream,1.0,1,1,1,1,2013-01-01,2013,1
170703051006,2013-02,0.0798195415191815,6.6892877759819,6.68991922277221,0.0006314467903091,0.0,McAllister Slough-Crooked River,170703051101,110.77,OR,0,1,downstream,1.0,1,1,1,1,2013-02-01,2013,2
170703051006,2013-03,0.0866161365898458,8.86247536748122,8.86377086879245,0.0012955013112384,0.0,McAllister Slough-Crooked River,170703051101,110.77,OR,0,1,downstream,1.0,1,1,1,1,2013-03-01,2013,3
170703051006,2013-04,0.0879677562230309,11.1541312672889,11.1559460554356,0.0018147881467628,0.0,McAllister Slough-Crooked River,170703051101,110.77,OR,0,1,downstream,1.0,1,1,1,1,2013-04-01,2013,4
170703051006,2013-05,0.165751427805443,9.43097163714811,9.4336077619584,0.0026361248102832,0.0,McAllister Slough-Crooked River,170703051101,110.77,OR,0,1,downstream,1.0,1,1,1,1,2013-05-01,2013,5
170703051006,2013-06,0.367670708476944,6.2154938935378,7.70591809242534,1.49042419888754,0.0,McAllister Slough-Crooked River,170703051101,110.77,OR,0,1,downstream,1.0,1,1,1,1,2013-06-01,2013,6
170703051006,2013-07,0.643011393070615,2.81536868478918,6.71267647938305,3.89730779459387,0.0,McAllister Slough-Crooked River,170703051101,110.77,OR,0,1,downstream,1.0,1,1,1,1,2013-07-01,2013,7
170703051006,2013-08,0.44374948093072,3.57507046454764,5.9245263280315,2.34945586348386,0.0,McAllister Slough-Crooked River,170703051101,110.77,OR,0,1,downstream,1.0,1,1,1,1,2013-08-01,2013,8
170703051006,2013-09,0.251173276582768,4.21641080045971,5.63068954219254,1.41427874173283,0.0,McAllister Slough-Crooked River,170703051101,110.77,OR,0,1,downstream,1.0,1,1,1,1,2013-09-01,2013,9
170703051006,2013-10,0.0010932743339306,6.12321457500159,6.12991625511245,0.0067016801108588,0.0,McAllister Slough-Crooked River,170703051101,110.77,OR,0,1,downstream,1.0,1,1,1,1,2013-10-01,2013,10
170703051006,2013-11,0.0143077982083263,5.58026353571974,5.5809870731795,0.0007235374597603,0.0,McAllister Slough-Crooked River,170703051101,110.77,OR,0,1,downstream,1.0,1,1,1,1,2013-11-01,2013,11
170703051006,2013-12,0.209053651958759,5.30543469927561,5.30588384843122,0.000449149155611,0.0,McAllister Slough-Crooked River,170703051101,110.77,OR,0,1,downstream,1.0,1,1,1,1,2013-12-01,2013,12
170703051006,2014-01,0.208445883616825,5.4565158122498,5.45734703827327,0.0008312260234693,0.0,McAllister Slough-Crooked River,170703051101,110.77,OR,0,1,downstream,1.0,1,1,1,1,2014-01-01,2014,1
170703051006,2014-02,0.0,8.0942774136665,8.09492931819351,0.0006519045270097,0.0,McAllister Slough-Crooked River,170703051101,110.77,OR,0,1,downstream,1.0,1,1,1,1,2014-02-01,2014,2
170703051006,2014-03,0.0,13.2835520739188,13.2851045579758,0.0015524840569887,0.0,McAllister Slough-Crooked River,170703051101,110.77,OR,0,1,downstream,1.0,1,1,1,1,2014-03-01,2014,3
170703051006,2014-04,0.0003385875001796,12.2258337837814,12.2299747003424,0.0041409165610488,0.0,McAllister Slough-Crooked River,170703051101,110.77,OR,0,1,downstream,1.0,1,1,1,1,2014-04-01,2014,4
170703051006,2014-05,0.192451354466788,9.12913563832262,10.4052368837937,1.27610124547105,0.0,McAllister Slough-Crooked River,170703051101,110.77,OR,0,1,downstream,1.0,1,1,1,1,2014-05-01,2014,5
170703051006,2014-06,0.428263078380896,5.61989993611432,8.15341398132939,2.53351404521507,0.0,McAllister Slough-Crooked River,170703051101,110.77,OR,0,1,downstream,1.0,1,1,1,1,2014-06-01,2014,6
170703051006,2014-07,0.565984752067386,3.42283454998942,7.10484824228665,3.68201369229723,0.0,McAllister Slough-Crooked River,170703051101,110.77,OR,0,1,downstream,1.0,1,1,1,1,2014-07-01,2014,7
170703051006,2014-08,0.404704442486583,3.82601632247209,6.08523366409962,2.25921734162753,0.0,McAllister Slough-Crooked River,170703051101,110.77,OR,0,1,downstream,1.0,1,1,1,1,2014-08-01,2014,8
170703051006,2014-09,0.395354112921385,3.40457327310329,5.10424868442389,1.6996754113206,0.0,McAllister Slough-Crooked River,170703051101,110.77,OR,0,1,downstream,1.0,1,1,1,1,2014-09-01,2014,9
170703051006,2014-10,0.322798735822063,4.15118703726704,4.85328360612841,0.702096568861369,0.0,McAllister Slough-Crooked River,170703051101,110.77,OR,0,1,downstream,1.0,1,1,1,1,2014-10-01,2014,10
170703051006,2014-11,0.0689721106631459,5.27079444492004,5.32484094903518,0.0540465041151435,0.0,McAllister Slough-Crooked River,170703051101,110.77,OR,0,1,downstream,1.0,1,1,1,1,2014-11-01,2014,11
170703051006,2014-12,0.0,10.1205706259759,10.1210672299345,0.0004966039585745,0.0,McAllister Slough-Crooked River,170703051101,110.77,OR,0,1,downstream,1.0,1,1,1,1,2014-12-01,2014,12
170703051006,2015-01,0.0,10.488360782351,10.4891432203532,0.0007824380021588,0.0,McAllister Slough-Crooked River,170703051101,110.77,OR,0,1,downstream,1.0,1,1,1,1,2015-01-01,2015,1
170703051006,2015-02,0.0,12.0081796126102,12.0092461857132,0.0010665731029822,0.0,McAllister Slough-Crooked River,170703051101,110.77,OR,0,1,downstream,1.0,1,1,1,1,2015-02-01,2015,2
170703051006,2015-03,0.0,11.6435643457461,11.6453060387773,0.0017416930312032,0.0,McAllister Slough-Crooked River,170703051101,110.77,OR,0,1,downstream,1.0,1,1,1,1,2015-03-01,2015,3
170703051006,2015-04,0.196863224149977,9.82234244956037,9.83725717684267,0.0149147272823025,0.0,McAllister Slough-Crooked River,170703051101,110.77,OR,0,1,downstream,1.0,1,1,1,1,2015-04-01,2015,4
170703051006,2015-05,0.229430736672079,8.71109296331997,9.47574180872567,0.764648845405701,0.0,McAllister Slough-Crooked River,170703051101,110.77,OR,0,1,downstream,1.0,1,1,1,1,2015-05-01,2015,5
170703051006,2015-06,0.560184256423169,4.32317797883305,7.96566204699963,3.64248406816659,0.0,McAllister Slough-Crooked River,170703051101,110.77,OR,0,1,downstream,1.0,1,1,1,1,2015-06-01,2015,6
170703051006,2015-07,0.46969768435792,4.18219658540874,7.36676862333397,3.18457203792523,0.0,McAllister Slough-Crooked River,170703051101,110.77,OR,0,1,downstream,1.0,1,1,1,1,2015-07-01,2015,7
170703051006,2015-08,0.52078227500133,3.07997399732238,6.23303655888292,3.15306256156054,0.0,McAllister Slough-Crooked River,170703051101,110.77,OR,0,1,downstream,1.0,1,1,1,1,2015-08-01,2015,8
170703051006,2015-09,0.311360123990565,3.87751734818309,5.40960346105716,1.53208611287408,0.0,McAllister Slough-Crooked River,170703051101,110.77,OR,0,1,downstream,1.0,1,1,1,1,2015-09-01,2015,9
170703051006,2015-10,0.304794574950761,4.26155103565169,4.98359566128232,0.722044625630638,0.0,McAllister Slough-Crooked River,170703051101,110.77,OR,0,1,downstream,1.0,1,1,1,1,2015-10-01,2015,10
170703051006,2015-11,0.152840152398242,4.79599534003122,4.83890007747335,0.0429047374421275,0.0,McAllister Slough-Crooked River,170703051101,110.77,OR,0,1,downstream,1.0,1,1,1,1,2015-11-01,2015,11
170703051006,2015-12,0.0,7.55658821361401,7.55723568769783,0.0006474740838196,0.0,McAllister Slough-Crooked River,170703051101,110.77,OR,0,1,downstream,1.0,1,1,1,1,2015-12-01,2015,12
170703051006,2016-01,0.0001131902301095,6.89264078733984,6.89342105525532,0.0007802679154864,0.0,McAllister Slough-Crooked River,170703051101,110.77,OR,0,1,downstream,1.0,1,1,1,1,2016-01-01,2016,1
170703051006,2016-02,0.0,8.83902437692463,8.84046976795693,0.0014453910323004,0.0,McAllister Slough-Crooked River,170703051101,110.77,OR,0,1,downstream,1.0,1,1,1,1,2016-02-01,2016,2
170703051006,2016-03,0.0,17.8996213191619,17.9012969135812,0.0016755944193522,0.0,McAllister Slough-Crooked River,170703051101,110.77,OR,0,1,downstream,1.0,1,1,1,1,2016-03-01,2016,3
170703051006,2016-04,0.0,15.2775889500291,15.2803434545045,0.002754504475338,0.0,McAllister Slough-Crooked River,170703051101,110.77,OR,0,1,downstream,1.0,1,1,1,1,2016-04-01,2016,4
170703051006,2016-05,0.0,11.8748517558099,12.8416950909113,0.966843335101415,0.0,McAllister Slough-Crooked River,170703051101,110.77,OR,0,1,downstream,1.0,1,1,1,1,2016-05-01,2016,5
170703051006,2016-06,0.217897765086176,7.68769014878364,10.1461466260808,2.45845647729714,0.0,McAllister Slough-Crooked River,170703051101,110.77,OR,0,1,downstream,1.0,1,1,1,1,2016-06-01,2016,6
170703051006,2016-07,0.299453273918637,5.52481865403393,8.78681238971032,3.26199373567639,0.0,McAllister Slough-Crooked River,170703051101,110.77,OR,0,1,downstream,1.0,1,1,1,1,2016-07-01,2016,7
170703051006,2016-08,0.438275837991249,3.61025004377594,7.2479758338951,3.63772579011916,0.0,McAllister Slough-Crooked River,170703051101,110.77,OR,0,1,downstream,1.0,1,1,1,1,2016-08-01,2016,8
170703051006,2016-09,0.236771849775443,4.29750076377637,5.94205936015398,1.64455859637762,0.0,McAllister Slough-Crooked River,170703051101,110.77,OR,0,1,downstream,1.0,1,1,1,1,2016-09-01,2016,9
170703051006,2016-10,0.0188901220990654,6.01412138859633,6.27240326411945,0.258281875523125,0.0,McAllister Slough-Crooked River,170703051101,110.77,OR,0,1,downstream,1.0,1,1,1,1,2016-10-01,2016,10
170703051006,2016-11,0.0121371146770775,5.59255234771906,5.66126375513228,0.0687114074132224,0.0,McAllister Slough-Crooked River,170703051101,110.77,OR,0,1,downstream,1.0,1,1,1,1,2016-11-01,2016,11
170703051006,2016-12,0.199299938421387,5.37085973142365,5.37132048546733,0.0004607540436784,0.0,McAllister Slough-Crooked River,170703051101,110.77,OR,0,1,downstream,1.0,1,1,1,1,2016-12-01,2016,12
170703051006,2017-01,0.299118942764086,4.83146823717966,4.83197826978749,0.0005100326078286,0.0,McAllister Slough-Crooked River,170703051101,110.77,OR,0,1,downstream,1.0,1,1,1,1,2017-01-01,2017,1
170703051006,2017-02,0.225924435736315,5.62717254207295,5.62842530221488,0.001252760141928,0.0,McAllister Slough-Crooked River,170703051101,110.77,OR,0,1,downstream,1.0,1,1,1,1,2017-02-01,2017,2
170703051006,2017-03,0.0,16.1786417120025,16.1805385120859,0.0018968000834211,0.0,McAllister Slough-Crooked River,170703051101,110.77,OR,0,1,downstream,1.0,1,1,1,1,2017-03-01,2017,3
170703051006,2017-04,0.0,19.2891093832139,19.2914033737712,0.0022939905573249,0.0,McAllister Slough-Crooked River,170703051101,110.77,OR,0,1,downstream,1.0,1,1,1,1,2017-04-01,2017,4
170703051006,2017-05,0.0,14.1627238107455,15.6538537884998,1.49112997775427,0.0,McAllister Slough-Crooked River,170703051101,110.77,OR,0,1,downstream,1.0,1,1,1,1,2017-05-01,2017,5
170703051006,2017-06,0.143317796064096,8.42077550201857,11.6223243329206,3.20154883090207,0.0,McAllister Slough-Crooked River,170703051101,110.77,OR,0,1,downstream,1.0,1,1,1,1,2017-06-01,2017,6
170703051006,2017-07,0.317356478233604,5.38362613470036,9.47094082362116,4.0873146889208,0.0,McAllister Slough-Crooked River,170703051101,110.77,OR,0,1,downstream,1.0,1,1,1,1,2017-07-01,2017,7
170703051006,2017-08,0.349020685149264,4.18390067383373,7.73015634360358,3.54625566976985,0.0,McAllister Slough-Crooked River,170703051101,110.77,OR,0,1,downstream,1.0,1,1,1,1,2017-08-01,2017,8
170703051006,2017-09,0.155848022147846,4.75315771371327,6.53688372799491,1.78372601428164,0.0,McAllister Slough-Crooked River,170703051101,110.77,OR,0,1,downstream,1.0,1,1,1,1,2017-09-01,2017,9
170703051006,2017-10,0.0,6.25632804589484,6.53483160857208,0.27850356267724,0.0,McAllister Slough-Crooked River,170703051101,110.77,OR,0,1,downstream,1.0,1,1,1,1,2017-10-01,2017,10
170703051006,2017-11,0.0,6.71199428149223,6.71322150341592,0.0012272219236911,0.0,McAllister Slough-Crooked River,170703051101,110.77,OR,0,1,downstream,1.0,1,1,1,1,2017-11-01,2017,11
170703051006,2017-12,9.89456475062322e-05,6.70704120796748,6.7077049061727,0.0006636982052219,0.0,McAllister Slough-Crooked River,170703051101,110.77,OR,0,1,downstream,1.0,1,1,1,1,2017-12-01,2017,12
170703051006,2018-01,0.0,7.58554338488198,7.58634439081309,0.0008010059311125,0.0,McAllister Slough-Crooked River,170703051101,110.77,OR,0,1,downstream,1.0,1,1,1,1,2018-01-01,2018,1
170703051006,2018-02,0.0420564283631034,6.96380820171993,6.96476032254587,0.000952120825936,0.0,McAllister Slough-Crooked River,170703051101,110.77,OR,0,1,downstream,1.0,1,1,1,1,2018-02-01,2018,2
170703051006,2018-03,0.0983588670496647,8.74853678851556,8.74994402036623,0.0014072318506716,0.0,McAllister Slough-Crooked River,170703051101,110.77,OR,0,1,downstream,1.0,1,1,1,1,2018-03-01,2018,3
170703051006,2018-04,0.264493668927789,8.99522382095483,8.99730856340137,0.0020847424465446,0.0,McAllister Slough-Crooked River,170703051101,110.77,OR,0,1,downstream,1.0,1,1,1,1,2018-04-01,2018,4
170703051006,2018-05,0.377090653950756,7.04183449742226,8.50916839565181,1.46733389822954,0.0,McAllister Slough-Crooked River,170703051101,110.77,OR,0,1,downstream,1.0,1,1,1,1,2018-05-01,2018,5
170703051006,2018-06,0.527504996081005,4.64439944654777,7.13277013119078,2.488370684643,0.0,McAllister Slough-Crooked River,170703051101,110.77,OR,0,1,downstream,1.0,1,1,1,1,2018-06-01,2018,6
170703051006,2018-07,0.692317997420339,2.4265151831788,6.06558431726981,3.63906913409101,0.0,McAllister Slough-Crooked River,170703051101,110.77,OR,0,1,downstream,1.0,1,1,1,1,2018-07-01,2018,7
170703051006,2018-08,0.659292648810116,2.18975577826204,5.09866237689604,2.908906598634,0.0,McAllister Slough-Crooked River,170703051101,110.77,OR,0,1,downstream,1.0,1,1,1,1,2018-08-01,2018,8
170703051006,2018-09,0.548697641945778,2.54114346786274,4.26067504637339,1.71953157851065,0.0,McAllister Slough-Crooked River,170703051101,110.77,OR,0,1,downstream,1.0,1,1,1,1,2018-09-01,2018,9
170703051006,2018-10,0.355761913426977,3.94912551904652,4.31147530353087,0.36234978448435,0.0,McAllister Slough-Crooked River,170703051101,110.77,OR,0,1,downstream,1.0,1,1,1,1,2018-10-01,2018,10
170703051006,2018-11,0.287044236226198,4.03623062446528,4.03725483424862,0.001024209783339,0.0,McAllister Slough-Crooked River,170703051101,110.77,OR,0,1,downstream,1.0,1,1,1,1,2018-11-01,2018,11
170703051006,2018-12,0.248833626197878,5.03860237090445,5.03928724218978,0.0006848712853247,0.0,McAllister Slough-Crooked River,170703051101,110.77,OR,0,1,downstream,1.0,1,1,1,1,2018-12-01,2018,12
170703051006,2019-01,0.151081826076525,5.85195041431298,5.85260132156006,0.0006509072470794,0.0,McAllister Slough-Crooked River,170703051101,110.77,OR,0,1,downstream,1.0,1,1,1,1,2019-01-01,2019,1
170703051006,2019-02,0.0854360120254467,6.64845862431338,6.64893489783298,0.0004762735196047,0.0,McAllister Slough-Crooked River,170703051101,110.77,OR,0,1,downstream,1.0,1,1,1,1,2019-02-01,2019,2
170703051006,2019-03,9.37960862393838e-05,9.70199327683769,9.70290337119907,0.0009100943613778,0.0,McAllister Slough-Crooked River,170703051101,110.77,OR,0,1,downstream,1.0,1,1,1,1,2019-03-01,2019,3
170703051006,2019-04,0.0,23.1935733412311,23.1952271444907,0.0016538032596655,0.0,McAllister Slough-Crooked River,170703051101,110.77,OR,0,1,downstream,1.0,1,1,1,1,2019-04-01,2019,4
170703051006,2019-05,0.0,17.4117628097394,18.1026651691567,0.690902359417349,0.0,McAllister Slough-Crooked River,170703051101,110.77,OR,0,1,downstream,1.0,1,1,1,1,2019-05-01,2019,5
170703051006,2019-06,0.0,11.2530313768423,13.7756257638477,2.52259438700545,0.0,McAllister Slough-Crooked River,170703051101,110.77,OR,0,1,downstream,1.0,1,1,1,1,2019-06-01,2019,6
170703051006,2019-07,0.0114461812412147,7.7961688707695,11.0569036682988,3.26073479752926,0.0,McAllister Slough-Crooked River,170703051101,110.77,OR,0,1,downstream,1.0,1,1,1,1,2019-07-01,2019,7
170703051006,2019-08,0.0,6.62738544265886,8.98093631965594,2.35355087699708,0.0,McAllister Slough-Crooked River,170703051101,110.77,OR,0,1,downstream,1.0,1,1,1,1,2019-08-01,2019,8
170703051006,2019-09,0.0,6.92914986731922,7.78971435038286,0.860564483063637,0.0,McAllister Slough-Crooked River,170703051101,110.77,OR,0,1,downstream,1.0,1,1,1,1,2019-09-01,2019,9
170703051006,2019-10,0.0,7.44263009819366,7.66391215335906,0.221282055165407,0.0,McAllister Slough-Crooked River,170703051101,110.77,OR,0,1,downstream,1.0,1,1,1,1,2019-10-01,2019,10
170703051006,2019-11,0.0,6.56212208555488,6.56293991585249,0.0008178302976102,0.0,McAllister Slough-Crooked River,170703051101,110.77,OR,0,1,downstream,1.0,1,1,1,1,2019-11-01,2019,11
170703051006,2019-12,0.0,6.88024324055951,6.88073640946343,0.000493168903916,0.0,McAllister Slough-Crooked River,170703051101,110.77,OR,0,1,downstream,1.0,1,1,1,1,2019-12-01,2019,12
170703051006,2020-01,0.0,7.06072445317689,7.06144243714624,0.0007179839693461,0.0,McAllister Slough-Crooked River,170703051101,110.77,OR,0,1,downstream,1.0,1,1,1,1,2020-01-01,2020,1
170703051006,2020-02,0.0,7.54815190984032,7.54910754102087,0.0009556311805508,0.0,McAllister Slough-Crooked River,170703051101,110.77,OR,0,1,downstream,1.0,1,1,1,1,2020-02-01,2020,2
170703051006,2020-03,0.114518022302619,8.59174606653594,8.59287717432229,0.0011311077863488,0.0,McAllister Slough-Crooked River,170703051101,110.77,OR,0,1,downstream,1.0,1,1,1,1,2020-03-01,2020,3
170703051006,2020-04,0.288566985805425,8.70080776458802,8.76015690713921,0.0593491425511938,0.0,McAllister Slough-Crooked River,170703051101,110.77,OR,0,1,downstream,1.0,1,1,1,1,2020-04-01,2020,4
170703051006,2020-05,0.293651466316244,7.98509366289824,8.39032321377618,0.405229550877937,0.0,McAllister Slough-Crooked River,170703051101,110.77,OR,0,1,downstream,1.0,1,1,1,1,2020-05-01,2020,5
170703051006,2020-06,0.519247172755494,4.72556989229765,7.00634063780096,2.28077074550332,0.0,McAllister Slough-Crooked River,170703051101,110.77,OR,0,1,downstream,1.0,1,1,1,1,2020-06-01,2020,6
170703051006,2020-07,0.652695470625111,2.73899580296947,6.14211853506273,3.40312273209326,0.0,McAllister Slough-Crooked River,170703051101,110.77,OR,0,1,downstream,1.0,1,1,1,1,2020-07-01,2020,7
170703051006,2020-08,0.635243748936053,2.3443201493452,5.25426918818356,2.90994903883836,0.0,McAllister Slough-Crooked River,170703051101,110.77,OR,0,1,downstream,1.0,1,1,1,1,2020-08-01,2020,8
170703051006,2020-09,0.569953390870824,2.42145894467901,4.44886357895044,2.02740463427143,0.0,McAllister Slough-Crooked River,170703051101,110.77,OR,0,1,downstream,1.0,1,1,1,1,2020-09-01,2020,9
