huc12_id,year_month,sui,availability_mm_month,streamflow_mm_month,total_consumption_mm_month,public_supply_consumption_mgd,name,tohuc,areasqkm,states,is_site,is_touching_site,network_direction,network_depth,same_site_huc10,same_site_huc8,scope_local,scope_hydro_near,date,year,month
170703040802,2009-10,0.0809203146004409,3.66709539447602,3.68325186193862,0.0161564674625997,0.0,Lower Prineville Reservoir,170703050102,130.53,OR,0,0,upstream,2.0,0,0,0,1,2009-10-01,2009,10
170703040802,2009-11,0.104871289176534,3.3197051698864,3.3197051698864,0.0,0.0,Lower Prineville Reservoir,170703050102,130.53,OR,0,0,upstream,2.0,0,0,0,1,2009-11-01,2009,11
170703040802,2009-12,0.29152097052295,3.27700420214875,3.27700420214875,0.0,0.0,Lower Prineville Reservoir,170703050102,130.53,OR,0,0,upstream,2.0,0,0,0,1,2009-12-01,2009,12
170703040802,2010-01,0.0604974910364842,4.33824023175844,4.33824023175844,0.0,0.0,Lower Prineville Reservoir,170703050102,130.53,OR,0,0,upstream,2.0,0,0,0,1,2010-01-01,2010,1
170703040802,2010-02,0.0,5.34137963892043,5.34137963892043,0.0,0.0,Lower Prineville Reservoir,170703050102,130.53,OR,0,0,upstream,2.0,0,0,0,1,2010-02-01,2010,2
170703040802,2010-03,0.109749812704698,6.89270122788362,6.89270122788362,0.0,0.0,Lower Prineville Reservoir,170703050102,130.53,OR,0,0,upstream,2.0,0,0,0,1,2010-03-01,2010,3
170703040802,2010-04,0.0556261842885295,9.68490207638333,9.68536117510106,0.0004590987177285,0.0,Lower Prineville Reservoir,170703050102,130.53,OR,0,0,upstream,2.0,0,0,0,1,2010-04-01,2010,4
170703040802,2010-05,0.0,9.48480053773172,9.51027940860775,0.0254788708760265,0.0,Lower Prineville Reservoir,170703050102,130.53,OR,0,0,upstream,2.0,0,0,0,1,2010-05-01,2010,5
170703040802,2010-06,0.0715397449547703,7.30557013668052,7.97884937603917,0.673279239358642,0.0,Lower Prineville Reservoir,170703050102,130.53,OR,0,0,upstream,2.0,0,0,0,1,2010-06-01,2010,6
170703040802,2010-07,0.292516974537747,4.27786868158626,6.04660257225422,1.76873389066797,0.0,Lower Prineville Reservoir,170703050102,130.53,OR,0,0,upstream,2.0,0,0,0,1,2010-07-01,2010,7
170703040802,2010-08,0.281948934443044,3.3860001357993,4.71554224792208,1.32954211212279,0.0,Lower Prineville Reservoir,170703050102,130.53,OR,0,0,upstream,2.0,0,0,0,1,2010-08-01,2010,8
170703040802,2010-09,0.103120395249698,3.4044320969678,3.79586298867351,0.39143089170571,0.0,Lower Prineville Reservoir,170703050102,130.53,OR,0,0,upstream,2.0,0,0,0,1,2010-09-01,2010,9
170703040802,2010-10,0.0,4.0080055682023,4.05933313755991,0.0513275693576144,0.0,Lower Prineville Reservoir,170703050102,130.53,OR,0,0,upstream,2.0,0,0,0,1,2010-10-01,2010,10
170703040802,2010-11,0.0,4.42690920989233,4.42690920989233,0.0,0.0,Lower Prineville Reservoir,170703050102,130.53,OR,0,0,upstream,2.0,0,0,0,1,2010-11-01,2010,11
170703040802,2010-12,0.0,4.89022767131402,4.89022767131402,0.0,0.0,Lower Prineville Reservoir,170703050102,130.53,OR,0,0,upstream,2.0,0,0,0,1,2010-12-01,2010,12
170703040802,2011-01,0.0,5.9130568710168,5.9130568710168,0.0,0.0,Lower Prineville Reservoir,170703050102,130.53,OR,0,0,upstream,2.0,0,0,0,1,2011-01-01,2011,1
170703040802,2011-02,0.0,7.02611097456789,7.02611097456789,0.0,0.0,Lower Prineville Reservoir,170703050102,130.53,OR,0,0,upstream,2.0,0,0,0,1,2011-02-01,2011,2
170703040802,2011-03,0.0,11.1906955589492,11.1906955589492,0.0,0.0,Lower Prineville Reservoir,170703050102,130.53,OR,0,0,upstream,2.0,0,0,0,1,2011-03-01,2011,3
170703040802,2011-04,0.0,16.1345647095681,16.1345647095681,0.0,0.0,Lower Prineville Reservoir,170703050102,130.53,OR,0,0,upstream,2.0,0,0,0,1,2011-04-01,2011,4
170703040802,2011-05,0.0,18.1728415641413,18.1728415641413,0.0,0.0,Lower Prineville Reservoir,170703050102,130.53,OR,0,0,upstream,2.0,0,0,0,1,2011-05-01,2011,5
170703040802,2011-06,0.0,13.7262016580508,14.0702509257966,0.344049267745745,0.0,Lower Prineville Reservoir,170703050102,130.53,OR,0,0,upstream,2.0,0,0,0,1,2011-06-01,2011,6
170703040802,2011-07,0.0,9.03835351440916,10.5919590500443,1.55360553563519,0.0,Lower Prineville Reservoir,170703050102,130.53,OR,0,0,upstream,2.0,0,0,0,1,2011-07-01,2011,7
170703040802,2011-08,0.0,6.59233540982594,8.00311494887981,1.41077953905387,0.0,Lower Prineville Reservoir,170703050102,130.53,OR,0,0,upstream,2.0,0,0,0,1,2011-08-01,2011,8
170703040802,2011-09,0.0,5.49324161443069,6.09361959691449,0.600377982483807,0.0,Lower Prineville Reservoir,170703050102,130.53,OR,0,0,upstream,2.0,0,0,0,1,2011-09-01,2011,9
170703040802,2011-10,0.0,5.21474871262093,5.23517159040758,0.0204228777866522,0.0,Lower Prineville Reservoir,170703050102,130.53,OR,0,0,upstream,2.0,0,0,0,1,2011-10-01,2011,10
170703040802,2011-11,0.0,4.36287974006074,4.36292261413546,4.28740747209353e-05,0.0,Lower Prineville Reservoir,170703050102,130.53,OR,0,0,upstream,2.0,0,0,0,1,2011-11-01,2011,11
170703040802,2011-12,0.119397022813889,4.07314759731652,4.07314759731652,0.0,0.0,Lower Prineville Reservoir,170703050102,130.53,OR,0,0,upstream,2.0,0,0,0,1,2011-12-01,2011,12
170703040802,2012-01,0.0,4.65611662149759,4.65611662149759,0.0,0.0,Lower Prineville Reservoir,170703050102,130.53,OR,0,0,upstream,2.0,0,0,0,1,2012-01-01,2012,1
170703040802,2012-02,0.0552252250948263,4.95058164467217,4.95058164467217,0.0,0.0,Lower Prineville Reservoir,170703050102,130.53,OR,0,0,upstream,2.0,0,0,0,1,2012-02-01,2012,2
170703040802,2012-03,0.207574754250516,6.13529830415153,6.13529830415153,0.0,0.0,Lower Prineville Reservoir,170703050102,130.53,OR,0,0,upstream,2.0,0,0,0,1,2012-03-01,2012,3
170703040802,2012-04,0.0,10.4082100461353,10.4082100461353,0.0,0.0,Lower Prineville Reservoir,170703050102,130.53,OR,0,0,upstream,2.0,0,0,0,1,2012-04-01,2012,4
170703040802,2012-05,0.0005875798190301,9.39336374888046,9.39888634481803,0.0055225959375727,0.0,Lower Prineville Reservoir,170703050102,130.53,OR,0,0,upstream,2.0,0,0,0,1,2012-05-01,2012,5
170703040802,2012-06,0.0475232327216445,7.49454356188008,7.86847912657784,0.373935564697761,0.0,Lower Prineville Reservoir,170703050102,130.53,OR,0,0,upstream,2.0,0,0,0,1,2012-06-01,2012,6
170703040802,2012-07,0.299665962272346,4.23464159396122,6.12594540115107,1.89130380718985,0.0,Lower Prineville Reservoir,170703050102,130.53,OR,0,0,upstream,2.0,0,0,0,1,2012-07-01,2012,7
170703040802,2012-08,0.314813695964312,3.23102496437787,4.8257071099261,1.59468214554823,0.0,Lower Prineville Reservoir,170703050102,130.53,OR,0,0,upstream,2.0,0,0,0,1,2012-08-01,2012,8
170703040802,2012-09,0.223721153004587,2.94664814420003,3.80320639094474,0.856558246744704,0.0,Lower Prineville Reservoir,170703050102,130.53,OR,0,0,upstream,2.0,0,0,0,1,2012-09-01,2012,9
170703040802,2012-10,0.102628786071705,3.58047936213626,3.61993813559061,0.0394587734543539,0.0,Lower Prineville Reservoir,170703050102,130.53,OR,0,0,upstream,2.0,0,0,0,1,2012-10-01,2012,10
170703040802,2012-11,0.0,3.80255141067206,3.80255141067206,0.0,0.0,Lower Prineville Reservoir,170703050102,130.53,OR,0,0,upstream,2.0,0,0,0,1,2012-11-01,2012,11
170703040802,2012-12,0.0,5.90257737286802,5.90257737286802,0.0,0.0,Lower Prineville Reservoir,170703050102,130.53,OR,0,0,upstream,2.0,0,0,0,1,2012-12-01,2012,12
170703040802,2013-01,0.0,4.7884984343684,4.7884984343684,0.0,0.0,Lower Prineville Reservoir,170703050102,130.53,OR,0,0,upstream,2.0,0,0,0,1,2013-01-01,2013,1
170703040802,2013-02,0.23850737367411,3.99019059205992,3.99019059205992,0.0,0.0,Lower Prineville Reservoir,170703050102,130.53,OR,0,0,upstream,2.0,0,0,0,1,2013-02-01,2013,2
170703040802,2013-03,0.183931170895998,6.31835713227081,6.31835713227081,0.0,0.0,Lower Prineville Reservoir,170703050102,130.53,OR,0,0,upstream,2.0,0,0,0,1,2013-03-01,2013,3
170703040802,2013-04,0.0354205183614122,9.89211863897388,9.89211863897388,0.0,0.0,Lower Prineville Reservoir,170703050102,130.53,OR,0,0,upstream,2.0,0,0,0,1,2013-04-01,2013,4
170703040802,2013-05,0.148097733667392,8.00693257815308,8.00693257815308,0.0,0.0,Lower Prineville Reservoir,170703050102,130.53,OR,0,0,upstream,2.0,0,0,0,1,2013-05-01,2013,5
170703040802,2013-06,0.24179754518867,5.96590018940302,6.23663776467099,0.270737575267971,0.0,Lower Prineville Reservoir,170703050102,130.53,OR,0,0,upstream,2.0,0,0,0,1,2013-06-01,2013,6
170703040802,2013-07,0.440578696253173,3.38259829420938,5.16474924341214,1.78215094920276,0.0,Lower Prineville Reservoir,170703050102,130.53,OR,0,0,upstream,2.0,0,0,0,1,2013-07-01,2013,7
170703040802,2013-08,0.310872797214129,3.24960843892915,4.33431255774218,1.08470411881303,0.0,Lower Prineville Reservoir,170703050102,130.53,OR,0,0,upstream,2.0,0,0,0,1,2013-08-01,2013,8
170703040802,2013-09,0.170058588452544,3.15034388686043,3.7958192669279,0.645475380067464,0.0,Lower Prineville Reservoir,170703050102,130.53,OR,0,0,upstream,2.0,0,0,0,1,2013-09-01,2013,9
170703040802,2013-10,0.0002173742379237,3.98909726833465,3.98996458384541,0.0008673155107561,0.0,Lower Prineville Reservoir,170703050102,130.53,OR,0,0,upstream,2.0,0,0,0,1,2013-10-01,2013,10
170703040802,2013-11,0.0053125997210238,3.68893195492441,3.68893195492441,0.0,0.0,Lower Prineville Reservoir,170703050102,130.53,OR,0,0,upstream,2.0,0,0,0,1,2013-11-01,2013,11
170703040802,2013-12,0.244156843149462,3.49608259117121,3.49608259117121,0.0,0.0,Lower Prineville Reservoir,170703050102,130.53,OR,0,0,upstream,2.0,0,0,0,1,2013-12-01,2013,12
170703040802,2014-01,0.212780786329476,3.635057949687,3.635057949687,0.0,0.0,Lower Prineville Reservoir,170703050102,130.53,OR,0,0,upstream,2.0,0,0,0,1,2014-01-01,2014,1
170703040802,2014-02,0.0,5.23995959266488,5.23995959266488,0.0,0.0,Lower Prineville Reservoir,170703050102,130.53,OR,0,0,upstream,2.0,0,0,0,1,2014-02-01,2014,2
170703040802,2014-03,0.0,11.0435200926586,11.0435200926586,0.0,0.0,Lower Prineville Reservoir,170703050102,130.53,OR,0,0,upstream,2.0,0,0,0,1,2014-03-01,2014,3
170703040802,2014-04,0.0003290221618275,10.2519948858081,10.2553691295294,0.0033742437213372,0.0,Lower Prineville Reservoir,170703050102,130.53,OR,0,0,upstream,2.0,0,0,0,1,2014-04-01,2014,4
170703040802,2014-05,0.127113649893216,8.2041595965967,8.47326940989624,0.26910981329954,0.0,Lower Prineville Reservoir,170703050102,130.53,OR,0,0,upstream,2.0,0,0,0,1,2014-05-01,2014,5
170703040802,2014-06,0.342362639144714,5.17460584674755,6.36789431834663,1.19328847159908,0.0,Lower Prineville Reservoir,170703050102,130.53,OR,0,0,upstream,2.0,0,0,0,1,2014-06-01,2014,6
170703040802,2014-07,0.426489062744018,3.46779270842795,5.2126862744304,1.74489356600246,0.0,Lower Prineville Reservoir,170703050102,130.53,OR,0,0,upstream,2.0,0,0,0,1,2014-07-01,2014,7
170703040802,2014-08,0.315367152219512,3.2284151180241,4.23543678781028,1.00702166978619,0.0,Lower Prineville Reservoir,170703050102,130.53,OR,0,0,upstream,2.0,0,0,0,1,2014-08-01,2014,8
170703040802,2014-09,0.317452322662514,2.59085746641043,3.3785077275425,0.787650261132066,0.0,Lower Prineville Reservoir,170703050102,130.53,OR,0,0,upstream,2.0,0,0,0,1,2014-09-01,2014,9
170703040802,2014-10,0.289534022760945,2.83473408721095,3.0444508223208,0.209716735109855,0.0,Lower Prineville Reservoir,170703050102,130.53,OR,0,0,upstream,2.0,0,0,0,1,2014-10-01,2014,10
170703040802,2014-11,0.0920527292163473,3.36724452289317,3.36734541878846,0.0001008958952951,0.0,Lower Prineville Reservoir,170703050102,130.53,OR,0,0,upstream,2.0,0,0,0,1,2014-11-01,2014,11
170703040802,2014-12,0.0,8.1848926723489,8.1848926723489,0.0,0.0,Lower Prineville Reservoir,170703050102,130.53,OR,0,0,upstream,2.0,0,0,0,1,2014-12-01,2014,12
170703040802,2015-01,0.0,8.24118224751981,8.24118224751981,0.0,0.0,Lower Prineville Reservoir,170703050102,130.53,OR,0,0,upstream,2.0,0,0,0,1,2015-01-01,2015,1
170703040802,2015-02,0.0,10.8313121903044,10.8313121903044,0.0,0.0,Lower Prineville Reservoir,170703050102,130.53,OR,0,0,upstream,2.0,0,0,0,1,2015-02-01,2015,2
170703040802,2015-03,0.0,10.3522914909776,10.3522914909776,0.0,0.0,Lower Prineville Reservoir,170703050102,130.53,OR,0,0,upstream,2.0,0,0,0,1,2015-03-01,2015,3
170703040802,2015-04,0.167633827157568,8.53622235343283,8.53622235343284,0.0,0.0,Lower Prineville Reservoir,170703050102,130.53,OR,0,0,upstream,2.0,0,0,0,1,2015-04-01,2015,4
170703040802,2015-05,0.200361027829226,7.51571581632022,7.7847129604312,0.268997144110986,0.0,Lower Prineville Reservoir,170703050102,130.53,OR,0,0,upstream,2.0,0,0,0,1,2015-05-01,2015,5
170703040802,2015-06,0.47866173148777,4.10213928367471,5.99659357627688,1.89445429260217,0.0,Lower Prineville Reservoir,170703050102,130.53,OR,0,0,upstream,2.0,0,0,0,1,2015-06-01,2015,6
170703040802,2015-07,0.371299159665633,3.80150411834418,5.19235806865556,1.39085395031139,0.0,Lower Prineville Reservoir,170703050102,130.53,OR,0,0,upstream,2.0,0,0,0,1,2015-07-01,2015,7
170703040802,2015-08,0.470045465939928,2.49902299483813,4.11265537334484,1.61363237850671,0.0,Lower Prineville Reservoir,170703050102,130.53,OR,0,0,upstream,2.0,0,0,0,1,2015-08-01,2015,8
170703040802,2015-09,0.21785878136634,2.9689009037275,3.49340011002686,0.52449920629936,0.0,Lower Prineville Reservoir,170703050102,130.53,OR,0,0,upstream,2.0,0,0,0,1,2015-09-01,2015,9
170703040802,2015-10,0.255625102175175,2.9700294794246,3.12282779794113,0.152798318516531,0.0,Lower Prineville Reservoir,170703050102,130.53,OR,0,0,upstream,2.0,0,0,0,1,2015-10-01,2015,10
170703040802,2015-11,0.174038641499448,3.06318874457534,3.06318874457534,0.0,0.0,Lower Prineville Reservoir,170703050102,130.53,OR,0,0,upstream,2.0,0,0,0,1,2015-11-01,2015,11
170703040802,2015-12,0.0,4.8294918922472,4.8294918922472,0.0,0.0,Lower Prineville Reservoir,170703050102,130.53,OR,0,0,upstream,2.0,0,0,0,1,2015-12-01,2015,12
170703040802,2016-01,0.0572628682846683,4.35317640321366,4.35317640321366,0.0,0.0,Lower Prineville Reservoir,170703050102,130.53,OR,0,0,upstream,2.0,0,0,0,1,2016-01-01,2016,1
170703040802,2016-02,0.0,5.83258021419968,5.83258021419968,0.0,0.0,Lower Prineville Reservoir,170703050102,130.53,OR,0,0,upstream,2.0,0,0,0,1,2016-02-01,2016,2
170703040802,2016-03,0.0,16.1440843197677,16.1440843197677,0.0,0.0,Lower Prineville Reservoir,170703050102,130.53,OR,0,0,upstream,2.0,0,0,0,1,2016-03-01,2016,3
170703040802,2016-04,0.0,14.0387566575775,14.0387566575775,0.0,0.0,Lower Prineville Reservoir,170703050102,130.53,OR,0,0,upstream,2.0,0,0,0,1,2016-04-01,2016,4
170703040802,2016-05,0.0,10.8447519928883,11.3166981361825,0.471946143294167,0.0,Lower Prineville Reservoir,170703050102,130.53,OR,0,0,upstream,2.0,0,0,0,1,2016-05-01,2016,5
170703040802,2016-06,0.105909222017807,7.03513462381863,8.34054052943944,1.30540590562081,0.0,Lower Prineville Reservoir,170703050102,130.53,OR,0,0,upstream,2.0,0,0,0,1,2016-06-01,2016,6
170703040802,2016-07,0.150376226752226,5.13733729276833,6.82834195296718,1.69100466019886,0.0,Lower Prineville Reservoir,170703050102,130.53,OR,0,0,upstream,2.0,0,0,0,1,2016-07-01,2016,7
170703040802,2016-08,0.21730241402086,3.69084353403126,5.38727604292238,1.69643250889112,0.0,Lower Prineville Reservoir,170703050102,130.53,OR,0,0,upstream,2.0,0,0,0,1,2016-08-01,2016,8
170703040802,2016-09,0.0276339624455797,3.69096825339594,4.2469646051599,0.555996351763968,0.0,Lower Prineville Reservoir,170703050102,130.53,OR,0,0,upstream,2.0,0,0,0,1,2016-09-01,2016,9
170703040802,2016-10,0.0,4.25107061457957,4.27380627400904,0.0227356594294673,0.0,Lower Prineville Reservoir,170703050102,130.53,OR,0,0,upstream,2.0,0,0,0,1,2016-10-01,2016,10
170703040802,2016-11,0.0004954974589158,3.70679682629993,3.7086344452436,0.0018376189436659,0.0,Lower Prineville Reservoir,170703050102,130.53,OR,0,0,upstream,2.0,0,0,0,1,2016-11-01,2016,11
170703040802,2016-12,0.250701233954415,3.46581211699194,3.46581211699194,0.0,0.0,Lower Prineville Reservoir,170703050102,130.53,OR,0,0,upstream,2.0,0,0,0,1,2016-12-01,2016,12
170703040802,2017-01,0.349770112370624,3.00249699334765,3.00249699334765,0.0,0.0,Lower Prineville Reservoir,170703050102,130.53,OR,0,0,upstream,2.0,0,0,0,1,2017-01-01,2017,1
170703040802,2017-02,0.37027748930725,3.29972051062149,3.29972051062149,0.0,0.0,Lower Prineville Reservoir,170703050102,130.53,OR,0,0,upstream,2.0,0,0,0,1,2017-02-01,2017,2
170703040802,2017-03,0.0,13.1531141548809,13.1531141548809,0.0,0.0,Lower Prineville Reservoir,170703050102,130.53,OR,0,0,upstream,2.0,0,0,0,1,2017-03-01,2017,3
170703040802,2017-04,0.0,17.2835696966851,17.2835696966851,0.0,0.0,Lower Prineville Reservoir,170703050102,130.53,OR,0,0,upstream,2.0,0,0,0,1,2017-04-01,2017,4
170703040802,2017-05,0.0,13.7369361739483,14.2099359845958,0.47299981064755,0.0,Lower Prineville Reservoir,170703050102,130.53,OR,0,0,upstream,2.0,0,0,0,1,2017-05-01,2017,5
170703040802,2017-06,0.0,8.67113084136828,10.2606167302305,1.5894858888622,0.0,Lower Prineville Reservoir,170703050102,130.53,OR,0,0,upstream,2.0,0,0,0,1,2017-06-01,2017,6
170703040802,2017-07,0.0194671131793422,5.92889267562965,8.00287858141168,2.07398590578203,0.0,Lower Prineville Reservoir,170703050102,130.53,OR,0,0,upstream,2.0,0,0,0,1,2017-07-01,2017,7
170703040802,2017-08,0.0298048871649542,4.57499604330119,6.24883868214941,1.67384263884821,0.0,Lower Prineville Reservoir,170703050102,130.53,OR,0,0,upstream,2.0,0,0,0,1,2017-08-01,2017,8
170703040802,2017-09,0.0,4.1831593625543,5.04605420088847,0.862894838334173,0.0,Lower Prineville Reservoir,170703050102,130.53,OR,0,0,upstream,2.0,0,0,0,1,2017-09-01,2017,9
170703040802,2017-10,0.0,4.88447899699743,4.94361907369123,0.0591400766937988,0.0,Lower Prineville Reservoir,170703050102,130.53,OR,0,0,upstream,2.0,0,0,0,1,2017-10-01,2017,10
170703040802,2017-11,0.0,5.20947463940255,5.20947463940255,0.0,0.0,Lower Prineville Reservoir,170703050102,130.53,OR,0,0,upstream,2.0,0,0,0,1,2017-11-01,2017,11
170703040802,2017-12,0.0,5.26865028409298,5.26865028409298,0.0,0.0,Lower Prineville Reservoir,170703050102,130.53,OR,0,0,upstream,2.0,0,0,0,1,2017-12-01,2017,12
170703040802,2018-01,0.0,6.40264823287928,6.40264823287928,0.0,0.0,Lower Prineville Reservoir,170703050102,130.53,OR,0,0,upstream,2.0,0,0,0,1,2018-01-01,2018,1
170703040802,2018-02,0.0,5.95988802986379,5.95988802986379,0.0,0.0,Lower Prineville Reservoir,170703050102,130.53,OR,0,0,upstream,2.0,0,0,0,1,2018-02-01,2018,2
170703040802,2018-03,0.0,7.74243165151647,7.74243165151647,0.0,0.0,Lower Prineville Reservoir,170703050102,130.53,OR,0,0,upstream,2.0,0,0,0,1,2018-03-01,2018,3
170703040802,2018-04,0.233635235476904,7.85935354804925,7.85935354804925,0.0,0.0,Lower Prineville Reservoir,170703050102,130.53,OR,0,0,upstream,2.0,0,0,0,1,2018-04-01,2018,4
170703040802,2018-05,0.286269019584738,6.70827636569859,7.10776886535897,0.399492499660377,0.0,Lower Prineville Reservoir,170703050102,130.53,OR,0,0,upstream,2.0,0,0,0,1,2018-05-01,2018,5
170703040802,2018-06,0.415125417166615,4.60207344669041,5.59816303636024,0.996089589669831,0.0,Lower Prineville Reservoir,170703050102,130.53,OR,0,0,upstream,2.0,0,0,0,1,2018-06-01,2018,6
170703040802,2018-07,0.486902236771292,3.1024982549566,4.60206413702298,1.49956588206638,0.0,Lower Prineville Reservoir,170703050102,130.53,OR,0,0,upstream,2.0,0,0,0,1,2018-07-01,2018,7
170703040802,2018-08,0.451910520208417,2.58453909759885,3.72188949974298,1.13735040214413,0.0,Lower Prineville Reservoir,170703050102,130.53,OR,0,0,upstream,2.0,0,0,0,1,2018-08-01,2018,8
170703040802,2018-09,0.382045016077088,2.34567245213931,2.99872121572182,0.653048763582501,0.0,Lower Prineville Reservoir,170703050102,130.53,OR,0,0,upstream,2.0,0,0,0,1,2018-09-01,2018,9
170703040802,2018-10,0.250736605328177,2.98953440871236,3.01287263909352,0.02333823038116,0.0,Lower Prineville Reservoir,170703050102,130.53,OR,0,0,upstream,2.0,0,0,0,1,2018-10-01,2018,10
170703040802,2018-11,0.258115320027022,2.75137907854631,2.75137907854631,0.0,0.0,Lower Prineville Reservoir,170703050102,130.53,OR,0,0,upstream,2.0,0,0,0,1,2018-11-01,2018,11
170703040802,2018-12,0.288540657034464,3.29078936645022,3.29078936645022,0.0,0.0,Lower Prineville Reservoir,170703050102,130.53,OR,0,0,upstream,2.0,0,0,0,1,2018-12-01,2018,12
170703040802,2019-01,0.132737615465057,4.00466473711818,4.00466473711818,0.0,0.0,Lower Prineville Reservoir,170703050102,130.53,OR,0,0,upstream,2.0,0,0,0,1,2019-01-01,2019,1
170703040802,2019-02,0.0692835503842642,4.87691658821497,4.87691658821497,0.0,0.0,Lower Prineville Reservoir,170703050102,130.53,OR,0,0,upstream,2.0,0,0,0,1,2019-02-01,2019,2
170703040802,2019-03,0.0195419690642967,7.59112929170011,7.59112929170011,0.0,0.0,Lower Prineville Reservoir,170703050102,130.53,OR,0,0,upstream,2.0,0,0,0,1,2019-03-01,2019,3
170703040802,2019-04,0.0,22.984357870145,22.984357870145,0.0,0.0,Lower Prineville Reservoir,170703050102,130.53,OR,0,0,upstream,2.0,0,0,0,1,2019-04-01,2019,4
170703040802,2019-05,0.0,16.7642645991285,16.9803053017904,0.216040702661907,0.0,Lower Prineville Reservoir,170703050102,130.53,OR,0,0,upstream,2.0,0,0,0,1,2019-05-01,2019,5
170703040802,2019-06,0.0,11.1271582960761,12.3023490043135,1.17519070823736,0.0,Lower Prineville Reservoir,170703050102,130.53,OR,0,0,upstream,2.0,0,0,0,1,2019-06-01,2019,6
170703040802,2019-07,0.0,7.98901387542443,9.40438959236734,1.41537571694291,0.0,Lower Prineville Reservoir,170703050102,130.53,OR,0,0,upstream,2.0,0,0,0,1,2019-07-01,2019,7
170703040802,2019-08,0.0,6.21144366726201,7.24079452740573,1.02935086014371,0.0,Lower Prineville Reservoir,170703050102,130.53,OR,0,0,upstream,2.0,0,0,0,1,2019-08-01,2019,8
170703040802,2019-09,0.0,5.54439657890572,5.94643042379213,0.402033844886404,0.0,Lower Prineville Reservoir,170703050102,130.53,OR,0,0,upstream,2.0,0,0,0,1,2019-09-01,2019,9
170703040802,2019-10,0.0,5.39774145607379,5.45274991533488,0.0550084592610938,0.0,Lower Prineville Reservoir,170703050102,130.53,OR,0,0,upstream,2.0,0,0,0,1,2019-10-01,2019,10
170703040802,2019-11,0.0,4.51558254256493,4.51558254256493,0.0,0.0,Lower Prineville Reservoir,170703050102,130.53,OR,0,0,upstream,2.0,0,0,0,1,2019-11-01,2019,11
170703040802,2019-12,0.0,4.62540747969295,4.62540747969295,0.0,0.0,Lower Prineville Reservoir,170703050102,130.53,OR,0,0,upstream,2.0,0,0,0,1,2019-12-01,2019,12
170703040802,2020-01,0.0,4.61759302435978,4.61759302435978,0.0,0.0,Lower Prineville Reservoir,170703050102,130.53,OR,0,0,upstream,2.0,0,0,0,1,2020-01-01,2020,1
170703040802,2020-02,0.0464562074908108,4.99653094258458,4.99653094258458,0.0,0.0,Lower Prineville Reservoir,170703050102,130.53,OR,0,0,upstream,2.0,0,0,0,1,2020-02-01,2020,2
170703040802,2020-03,0.197712312061392,6.21165758871785,6.21165758871785,0.0,0.0,Lower Prineville Reservoir,170703050102,130.53,OR,0,0,upstream,2.0,0,0,0,1,2020-03-01,2020,3
170703040802,2020-04,0.361550574275605,6.54753453133976,6.5495187397901,0.0019842084503448,0.0,Lower Prineville Reservoir,170703050102,130.53,OR,0,0,upstream,2.0,0,0,0,1,2020-04-01,2020,4
170703040802,2020-05,0.342937634642514,6.17565449345231,6.23063889855554,0.0549844051032285,0.0,Lower Prineville Reservoir,170703050102,130.53,OR,0,0,upstream,2.0,0,0,0,1,2020-05-01,2020,5
170703040802,2020-06,0.479930764339165,4.09215392517257,4.97849059350636,0.886336668333786,0.0,Lower Prineville Reservoir,170703050102,130.53,OR,0,0,upstream,2.0,0,0,0,1,2020-06-01,2020,6
170703040802,2020-07,0.547819168806078,2.73415777702122,4.16626204886346,1.43210427184223,0.0,Lower Prineville Reservoir,170703050102,130.53,OR,0,0,upstream,2.0,0,0,0,1,2020-07-01,2020,7
170703040802,2020-08,0.537311428733861,2.18182750543618,3.43579670705813,1.25396920162194,0.0,Lower Prineville Reservoir,170703050102,130.53,OR,0,0,upstream,2.0,0,0,0,1,2020-08-01,2020,8
170703040802,2020-09,0.487116436138187,1.94683573756202,2.80693565251352,0.860099914951503,0.0,Lower Prineville Reservoir,170703050102,130.53,OR,0,0,upstream,2.0,0,0,0,1,2020-09-01,2020,9
170703050101,2009-10,0.1982507231529,0.395429712958596,0.397705798681226,0.0022760857226299,0.0,Dry Creek,170703050102,95.95,OR,0,1,upstream,2.0,0,1,1,1,2009-10-01,2009,10
170703050101,2009-11,0.209357607311346,0.315421135380593,0.315421135380593,0.0,0.0,Dry Creek,170703050102,95.95,OR,0,1,upstream,2.0,0,1,1,1,2009-11-01,2009,11
170703050101,2009-12,0.614657477570745,0.238352313455029,0.238352313455029,0.0,0.0,Dry Creek,170703050102,95.95,OR,0,1,upstream,2.0,0,1,1,1,2009-12-01,2009,12
170703050101,2010-01,0.0,0.868392645676572,0.868392645676572,0.0,0.0,Dry Creek,170703050102,95.95,OR,0,1,upstream,2.0,0,1,1,1,2010-01-01,2010,1
170703050101,2010-02,0.0,1.38526234214094,1.38526234214094,0.0,0.0,Dry Creek,170703050102,95.95,OR,0,1,upstream,2.0,0,1,1,1,2010-02-01,2010,2
170703050101,2010-03,0.0,1.26391529788988,1.26391529788988,0.0,0.0,Dry Creek,170703050102,95.95,OR,0,1,upstream,2.0,0,1,1,1,2010-03-01,2010,3
170703050101,2010-04,0.0,1.68382330148545,1.68382330148545,0.0,0.0,Dry Creek,170703050102,95.95,OR,0,1,upstream,2.0,0,1,1,1,2010-04-01,2010,4
170703050101,2010-05,0.0,1.49820624028482,1.49820624028482,0.0,0.0,Dry Creek,170703050102,95.95,OR,0,1,upstream,2.0,0,1,1,1,2010-05-01,2010,5
170703050101,2010-06,0.0526835094773827,1.10521876103304,1.14635710957633,0.0411383485432934,0.0,Dry Creek,170703050102,95.95,OR,0,1,upstream,2.0,0,1,1,1,2010-06-01,2010,6
170703050101,2010-07,0.111441598812721,0.69735416940511,0.78481523383642,0.0874610644313101,0.0,Dry Creek,170703050102,95.95,OR,0,1,upstream,2.0,0,1,1,1,2010-07-01,2010,7
170703050101,2010-08,0.134646450689787,0.463845741626921,0.536018765967574,0.0721730243406535,0.0,Dry Creek,170703050102,95.95,OR,0,1,upstream,2.0,0,1,1,1,2010-08-01,2010,8
170703050101,2010-09,0.0,0.58539426498233,0.609750626562163,0.0243563615798333,0.0,Dry Creek,170703050102,95.95,OR,0,1,upstream,2.0,0,1,1,1,2010-09-01,2010,9
170703050101,2010-10,0.0,1.68532435475328,1.70325861933719,0.0179342645839031,0.0,Dry Creek,170703050102,95.95,OR,0,1,upstream,2.0,0,1,1,1,2010-10-01,2010,10
170703050101,2010-11,0.0,1.67343393952955,1.67343393952955,0.0,0.0,Dry Creek,170703050102,95.95,OR,0,1,upstream,2.0,0,1,1,1,2010-11-01,2010,11
170703050101,2010-12,0.0,3.38686366454554,3.38686366454554,0.0,0.0,Dry Creek,170703050102,95.95,OR,0,1,upstream,2.0,0,1,1,1,2010-12-01,2010,12
170703050101,2011-01,0.0,2.59347825660202,2.59347825660202,0.0,0.0,Dry Creek,170703050102,95.95,OR,0,1,upstream,2.0,0,1,1,1,2011-01-01,2011,1
170703050101,2011-02,0.0,3.95863454100049,3.95863454100049,0.0,0.0,Dry Creek,170703050102,95.95,OR,0,1,upstream,2.0,0,1,1,1,2011-02-01,2011,2
170703050101,2011-03,0.0,5.52247818380643,5.52247818380643,0.0,0.0,Dry Creek,170703050102,95.95,OR,0,1,upstream,2.0,0,1,1,1,2011-03-01,2011,3
170703050101,2011-04,0.0,3.40397854228161,3.40397854228161,0.0,0.0,Dry Creek,170703050102,95.95,OR,0,1,upstream,2.0,0,1,1,1,2011-04-01,2011,4
170703050101,2011-05,0.0,3.03831520285843,3.03831520285843,0.0,0.0,Dry Creek,170703050102,95.95,OR,0,1,upstream,2.0,0,1,1,1,2011-05-01,2011,5
170703050101,2011-06,0.0,2.01796072144777,2.06664600975476,0.0486852883069932,0.0,Dry Creek,170703050102,95.95,OR,0,1,upstream,2.0,0,1,1,1,2011-06-01,2011,6
170703050101,2011-07,0.0,1.40808843085491,1.48592763126097,0.0778392004060605,0.0,Dry Creek,170703050102,95.95,OR,0,1,upstream,2.0,0,1,1,1,2011-07-01,2011,7
170703050101,2011-08,0.0,0.881511073431103,0.957790362595124,0.0762792891640208,0.0,Dry Creek,170703050102,95.95,OR,0,1,upstream,2.0,0,1,1,1,2011-08-01,2011,8
170703050101,2011-09,0.0,0.59932129621182,0.66653328845256,0.06721199224074,0.0,Dry Creek,170703050102,95.95,OR,0,1,upstream,2.0,0,1,1,1,2011-09-01,2011,9
170703050101,2011-10,0.0,0.568690820229493,0.574891010928505,0.0062001906990119,0.0,Dry Creek,170703050102,95.95,OR,0,1,upstream,2.0,0,1,1,1,2011-10-01,2011,10
170703050101,2011-11,0.0,0.483170031607093,0.483170031607093,0.0,0.0,Dry Creek,170703050102,95.95,OR,0,1,upstream,2.0,0,1,1,1,2011-11-01,2011,11
170703050101,2011-12,0.268221482985923,0.452639125750825,0.452639125750825,0.0,0.0,Dry Creek,170703050102,95.95,OR,0,1,upstream,2.0,0,1,1,1,2011-12-01,2011,12
170703050101,2012-01,0.333224237531552,0.48649953341113,0.48649953341113,0.0,0.0,Dry Creek,170703050102,95.95,OR,0,1,upstream,2.0,0,1,1,1,2012-01-01,2012,1
170703050101,2012-02,0.567639660377624,0.562264023432827,0.562264023432827,0.0,0.0,Dry Creek,170703050102,95.95,OR,0,1,upstream,2.0,0,1,1,1,2012-02-01,2012,2
170703050101,2012-03,0.499836812033655,0.632163904712038,0.632163904712038,0.0,0.0,Dry Creek,170703050102,95.95,OR,0,1,upstream,2.0,0,1,1,1,2012-03-01,2012,3
170703050101,2012-04,0.568272224851223,0.599097220283639,0.599097220283639,0.0,0.0,Dry Creek,170703050102,95.95,OR,0,1,upstream,2.0,0,1,1,1,2012-04-01,2012,4
170703050101,2012-05,0.718788478689617,0.421312856067203,0.421312856067203,0.0,0.0,Dry Creek,170703050102,95.95,OR,0,1,upstream,2.0,0,1,1,1,2012-05-01,2012,5
170703050101,2012-06,0.0,1.26209880151592,1.28024785606265,0.0181490545467327,0.0,Dry Creek,170703050102,95.95,OR,0,1,upstream,2.0,0,1,1,1,2012-06-01,2012,6
170703050101,2012-07,0.370317800477222,0.4941841826611,0.577523450055213,0.0833392673941126,0.0,Dry Creek,170703050102,95.95,OR,0,1,upstream,2.0,0,1,1,1,2012-07-01,2012,7
170703050101,2012-08,0.416532530813147,0.31274951281576,0.396089269413458,0.0833397565976978,0.0,Dry Creek,170703050102,95.95,OR,0,1,upstream,2.0,0,1,1,1,2012-08-01,2012,8
170703050101,2012-09,0.612930547138165,0.206642129083095,0.269379565499135,0.0627374364160396,0.0,Dry Creek,170703050102,95.95,OR,0,1,upstream,2.0,0,1,1,1,2012-09-01,2012,9
170703050101,2012-10,0.236056112986717,0.376783766049779,0.394767232284263,0.0179834662344846,0.0,Dry Creek,170703050102,95.95,OR,0,1,upstream,2.0,0,1,1,1,2012-10-01,2012,10
170703050101,2012-11,0.0,0.916148722079745,0.916148722079745,0.0,0.0,Dry Creek,170703050102,95.95,OR,0,1,upstream,2.0,0,1,1,1,2012-11-01,2012,11
170703050101,2012-12,0.0,1.06144902619343,1.06144902619343,0.0,0.0,Dry Creek,170703050102,95.95,OR,0,1,upstream,2.0,0,1,1,1,2012-12-01,2012,12
170703050101,2013-01,0.0,0.781976184858324,0.781976184858324,0.0,0.0,Dry Creek,170703050102,95.95,OR,0,1,upstream,2.0,0,1,1,1,2013-01-01,2013,1
170703050101,2013-02,0.517252475678571,0.627790156618601,0.627790156618601,0.0,0.0,Dry Creek,170703050102,95.95,OR,0,1,upstream,2.0,0,1,1,1,2013-02-01,2013,2
170703050101,2013-03,0.506177108489852,0.624150307027892,0.624150307027892,0.0,0.0,Dry Creek,170703050102,95.95,OR,0,1,upstream,2.0,0,1,1,1,2013-03-01,2013,3
170703050101,2013-04,0.637250343998795,0.503378107869657,0.503378107869657,0.0,0.0,Dry Creek,170703050102,95.95,OR,0,1,upstream,2.0,0,1,1,1,2013-04-01,2013,4
170703050101,2013-05,0.659573536140864,0.510029052511852,0.510029052511852,0.0,0.0,Dry Creek,170703050102,95.95,OR,0,1,upstream,2.0,0,1,1,1,2013-05-01,2013,5
170703050101,2013-06,0.723191931578134,0.322947476884295,0.378439129630798,0.0554916527465034,0.0,Dry Creek,170703050102,95.95,OR,0,1,upstream,2.0,0,1,1,1,2013-06-01,2013,6
170703050101,2013-07,0.857453472387729,0.111872686400594,0.208036181178949,0.0961634947783543,0.0,Dry Creek,170703050102,95.95,OR,0,1,upstream,2.0,0,1,1,1,2013-07-01,2013,7
170703050101,2013-08,0.381193489863475,0.331691901936082,0.39286085421177,0.0611689522756884,0.0,Dry Creek,170703050102,95.95,OR,0,1,upstream,2.0,0,1,1,1,2013-08-01,2013,8
170703050101,2013-09,0.0643897451620095,0.49948786612389,0.533863180251675,0.0343753141277853,0.0,Dry Creek,170703050102,95.95,OR,0,1,upstream,2.0,0,1,1,1,2013-09-01,2013,9
170703050101,2013-10,0.479007083151351,0.256958235588421,0.256958235588421,0.0,0.0,Dry Creek,170703050102,95.95,OR,0,1,upstream,2.0,0,1,1,1,2013-10-01,2013,10
170703050101,2013-11,0.408552421231352,0.235953787121016,0.235953787121016,0.0,0.0,Dry Creek,170703050102,95.95,OR,0,1,upstream,2.0,0,1,1,1,2013-11-01,2013,11
170703050101,2013-12,0.668110952390733,0.205288847463177,0.205288847463177,0.0,0.0,Dry Creek,170703050102,95.95,OR,0,1,upstream,2.0,0,1,1,1,2013-12-01,2013,12
170703050101,2014-01,0.443019858875166,0.406389365104313,0.406389365104313,0.0,0.0,Dry Creek,170703050102,95.95,OR,0,1,upstream,2.0,0,1,1,1,2014-01-01,2014,1
170703050101,2014-02,0.0,2.87615989385108,2.87615989385108,0.0,0.0,Dry Creek,170703050102,95.95,OR,0,1,upstream,2.0,0,1,1,1,2014-02-01,2014,2
170703050101,2014-03,0.0,4.16450076131031,4.16450076131031,0.0,0.0,Dry Creek,170703050102,95.95,OR,0,1,upstream,2.0,0,1,1,1,2014-03-01,2014,3
170703050101,2014-04,0.0,3.38171853973629,3.38171853973629,0.0,0.0,Dry Creek,170703050102,95.95,OR,0,1,upstream,2.0,0,1,1,1,2014-04-01,2014,4
170703050101,2014-05,0.0,2.3804329128909,2.4316097229477,0.0511768100568004,0.0,Dry Creek,170703050102,95.95,OR,0,1,upstream,2.0,0,1,1,1,2014-05-01,2014,5
170703050101,2014-06,0.0,1.75512040362701,1.82679435864533,0.0716739550183116,0.0,Dry Creek,170703050102,95.95,OR,0,1,upstream,2.0,0,1,1,1,2014-06-01,2014,6
170703050101,2014-07,0.0,1.22746393881622,1.31979235877866,0.0923284199624429,0.0,Dry Creek,170703050102,95.95,OR,0,1,upstream,2.0,0,1,1,1,2014-07-01,2014,7
170703050101,2014-08,0.0,0.98139760316773,1.04406091340504,0.0626633102373111,0.0,Dry Creek,170703050102,95.95,OR,0,1,upstream,2.0,0,1,1,1,2014-08-01,2014,8
170703050101,2014-09,0.0,0.69607113037303,0.737340463176261,0.0412693328032309,0.0,Dry Creek,170703050102,95.95,OR,0,1,upstream,2.0,0,1,1,1,2014-09-01,2014,9
170703050101,2014-10,0.0,0.660101793240196,0.682579450511023,0.0224776572708265,0.0,Dry Creek,170703050102,95.95,OR,0,1,upstream,2.0,0,1,1,1,2014-10-01,2014,10
170703050101,2014-11,0.0,0.797023206940795,0.798370025046311,0.0013468181055164,0.0,Dry Creek,170703050102,95.95,OR,0,1,upstream,2.0,0,1,1,1,2014-11-01,2014,11
170703050101,2014-12,0.0,1.59348071895089,1.59348071895089,0.0,0.0,Dry Creek,170703050102,95.95,OR,0,1,upstream,2.0,0,1,1,1,2014-12-01,2014,12
170703050101,2015-01,0.0,1.11837211860513,1.11837211860513,0.0,0.0,Dry Creek,170703050102,95.95,OR,0,1,upstream,2.0,0,1,1,1,2015-01-01,2015,1
170703050101,2015-02,0.0,1.30045235861344,1.30045235861344,0.0,0.0,Dry Creek,170703050102,95.95,OR,0,1,upstream,2.0,0,1,1,1,2015-02-01,2015,2
170703050101,2015-03,0.226383904832836,0.977785217375616,0.977785217375616,0.0,0.0,Dry Creek,170703050102,95.95,OR,0,1,upstream,2.0,0,1,1,1,2015-03-01,2015,3
170703050101,2015-04,0.464670967258387,0.742861946610012,0.750216844772113,0.0073548981621011,0.0,Dry Creek,170703050102,95.95,OR,0,1,upstream,2.0,0,1,1,1,2015-04-01,2015,4
170703050101,2015-05,0.439714485016328,0.839423254889732,0.878428532985666,0.0390052780959333,0.0,Dry Creek,170703050102,95.95,OR,0,1,upstream,2.0,0,1,1,1,2015-05-01,2015,5
170703050101,2015-06,0.668846808207158,0.38635104952465,0.471229276044671,0.0848782265200208,0.0,Dry Creek,170703050102,95.95,OR,0,1,upstream,2.0,0,1,1,1,2015-06-01,2015,6
170703050101,2015-07,0.522558562672629,0.374703313279277,0.451297759622974,0.0765944463436967,0.0,Dry Creek,170703050102,95.95,OR,0,1,upstream,2.0,0,1,1,1,2015-07-01,2015,7
170703050101,2015-08,0.65591002957982,0.184438681326444,0.256211280302521,0.0717725989760771,0.0,Dry Creek,170703050102,95.95,OR,0,1,upstream,2.0,0,1,1,1,2015-08-01,2015,8
170703050101,2015-09,0.67938530706532,0.171164379605523,0.212277684081406,0.0411133044758833,0.0,Dry Creek,170703050102,95.95,OR,0,1,upstream,2.0,0,1,1,1,2015-09-01,2015,9
170703050101,2015-10,0.45541087218356,0.268596091959925,0.288718478569803,0.0201223866098781,0.0,Dry Creek,170703050102,95.95,OR,0,1,upstream,2.0,0,1,1,1,2015-10-01,2015,10
170703050101,2015-11,0.282859972562377,0.286097891756128,0.290015574515186,0.0039176827590578,0.0,Dry Creek,170703050102,95.95,OR,0,1,upstream,2.0,0,1,1,1,2015-11-01,2015,11
170703050101,2015-12,0.0,1.7628828814655,1.7628828814655,0.0,0.0,Dry Creek,170703050102,95.95,OR,0,1,upstream,2.0,0,1,1,1,2015-12-01,2015,12
170703050101,2016-01,0.0,2.60051321429163,2.60051321429163,0.0,0.0,Dry Creek,170703050102,95.95,OR,0,1,upstream,2.0,0,1,1,1,2016-01-01,2016,1
170703050101,2016-02,0.0,1.96748442872717,1.96748442872717,0.0,0.0,Dry Creek,170703050102,95.95,OR,0,1,upstream,2.0,0,1,1,1,2016-02-01,2016,2
170703050101,2016-03,0.0,1.90349347007572,1.90349347007572,0.0,0.0,Dry Creek,170703050102,95.95,OR,0,1,upstream,2.0,0,1,1,1,2016-03-01,2016,3
170703050101,2016-04,0.0,1.38767356368764,1.38767356368764,0.0,0.0,Dry Creek,170703050102,95.95,OR,0,1,upstream,2.0,0,1,1,1,2016-04-01,2016,4
170703050101,2016-05,0.0,1.52721053020413,1.56160924720021,0.0343987169960709,0.0,Dry Creek,170703050102,95.95,OR,0,1,upstream,2.0,0,1,1,1,2016-05-01,2016,5
170703050101,2016-06,0.0084467660851669,1.15682905095538,1.22740341045062,0.0705743594952475,0.0,Dry Creek,170703050102,95.95,OR,0,1,upstream,2.0,0,1,1,1,2016-06-01,2016,6
170703050101,2016-07,0.0,0.84565421370306,0.92539083913468,0.0797366254316196,0.0,Dry Creek,170703050102,95.95,OR,0,1,upstream,2.0,0,1,1,1,2016-07-01,2016,7
170703050101,2016-08,0.0225935973442026,0.523908173800367,0.618678441228249,0.0947702674278822,0.0,Dry Creek,170703050102,95.95,OR,0,1,upstream,2.0,0,1,1,1,2016-08-01,2016,8
170703050101,2016-09,0.231329675591007,0.410364783954072,0.457394808533447,0.0470300245793747,0.0,Dry Creek,170703050102,95.95,OR,0,1,upstream,2.0,0,1,1,1,2016-09-01,2016,9
170703050101,2016-10,0.0,0.665974531013281,0.672604529867206,0.0066299988539244,0.0,Dry Creek,170703050102,95.95,OR,0,1,upstream,2.0,0,1,1,1,2016-10-01,2016,10
170703050101,2016-11,0.085377794765979,0.364881996066736,0.364881996066736,0.0,0.0,Dry Creek,170703050102,95.95,OR,0,1,upstream,2.0,0,1,1,1,2016-11-01,2016,11
170703050101,2016-12,0.487091740887608,0.317257668265964,0.317257668265964,0.0,0.0,Dry Creek,170703050102,95.95,OR,0,1,upstream,2.0,0,1,1,1,2016-12-01,2016,12
170703050101,2017-01,0.0,0.72962990077815,0.72962990077815,0.0,0.0,Dry Creek,170703050102,95.95,OR,0,1,upstream,2.0,0,1,1,1,2017-01-01,2017,1
170703050101,2017-02,0.0,2.88318719311397,2.88318719311397,0.0,0.0,Dry Creek,170703050102,95.95,OR,0,1,upstream,2.0,0,1,1,1,2017-02-01,2017,2
170703050101,2017-03,0.0,2.94315084378522,2.94315084378522,0.0,0.0,Dry Creek,170703050102,95.95,OR,0,1,upstream,2.0,0,1,1,1,2017-03-01,2017,3
170703050101,2017-04,0.0,2.21487006911409,2.21487006911409,0.0,0.0,Dry Creek,170703050102,95.95,OR,0,1,upstream,2.0,0,1,1,1,2017-04-01,2017,4
170703050101,2017-05,0.0,1.61623950723787,1.66013227159247,0.0438927643545972,0.0,Dry Creek,170703050102,95.95,OR,0,1,upstream,2.0,0,1,1,1,2017-05-01,2017,5
170703050101,2017-06,0.0703781414540835,1.08457472134211,1.16668375573544,0.0821090343933299,0.0,Dry Creek,170703050102,95.95,OR,0,1,upstream,2.0,0,1,1,1,2017-06-01,2017,6
170703050101,2017-07,0.0595802337449147,0.738055758757876,0.842484127966582,0.104428369208706,0.0,Dry Creek,170703050102,95.95,OR,0,1,upstream,2.0,0,1,1,1,2017-07-01,2017,7
170703050101,2017-08,0.0071293029139083,0.532197325817452,0.624328083071295,0.0921307572538426,0.0,Dry Creek,170703050102,95.95,OR,0,1,upstream,2.0,0,1,1,1,2017-08-01,2017,8
170703050101,2017-09,0.0,0.562808811412841,0.608666167656208,0.0458573562433664,0.0,Dry Creek,170703050102,95.95,OR,0,1,upstream,2.0,0,1,1,1,2017-09-01,2017,9
170703050101,2017-10,0.0186457299825281,0.484012456898926,0.493208693013898,0.0091962361149727,0.0,Dry Creek,170703050102,95.95,OR,0,1,upstream,2.0,0,1,1,1,2017-10-01,2017,10
170703050101,2017-11,0.0,0.398942857475645,0.398942857475645,0.0,0.0,Dry Creek,170703050102,95.95,OR,0,1,upstream,2.0,0,1,1,1,2017-11-01,2017,11
170703050101,2017-12,0.53987975971821,0.284605817824798,0.284605817824798,0.0,0.0,Dry Creek,170703050102,95.95,OR,0,1,upstream,2.0,0,1,1,1,2017-12-01,2017,12
170703050101,2018-01,0.473600251048103,0.384076996597416,0.384076996597416,0.0,0.0,Dry Creek,170703050102,95.95,OR,0,1,upstream,2.0,0,1,1,1,2018-01-01,2018,1
170703050101,2018-02,0.843054500052868,0.204100145580014,0.204100145580014,0.0,0.0,Dry Creek,170703050102,95.95,OR,0,1,upstream,2.0,0,1,1,1,2018-02-01,2018,2
170703050101,2018-03,0.610736246873236,0.491996412490949,0.491996412490949,0.0,0.0,Dry Creek,170703050102,95.95,OR,0,1,upstream,2.0,0,1,1,1,2018-03-01,2018,3
170703050101,2018-04,0.714941475384895,0.395568178712184,0.395568178712184,0.0,0.0,Dry Creek,170703050102,95.95,OR,0,1,upstream,2.0,0,1,1,1,2018-04-01,2018,4
170703050101,2018-05,0.876242162835,0.185414763924756,0.2421107565997,0.0566959926749443,0.0,Dry Creek,170703050102,95.95,OR,0,1,upstream,2.0,0,1,1,1,2018-05-01,2018,5
170703050101,2018-06,0.904094688503853,0.111891169011301,0.184644883136335,0.0727537141250339,0.0,Dry Creek,170703050102,95.95,OR,0,1,upstream,2.0,0,1,1,1,2018-06-01,2018,6
170703050101,2018-07,0.987360079558659,0.0099200021168448,0.121119780590822,0.111199778473977,0.0,Dry Creek,170703050102,95.95,OR,0,1,upstream,2.0,0,1,1,1,2018-07-01,2018,7
170703050101,2018-08,1.0,-0.0158329219391794,0.0745445174352146,0.0903774393743939,0.0,Dry Creek,170703050102,95.95,OR,0,1,upstream,2.0,0,1,1,1,2018-08-01,2018,8
170703050101,2018-09,1.0,-0.0121208711098063,0.0389756306552171,0.0510965017650235,0.0,Dry Creek,170703050102,95.95,OR,0,1,upstream,2.0,0,1,1,1,2018-09-01,2018,9
170703050101,2018-10,0.458510572164959,0.267067292983364,0.2784065661219,0.0113392731385356,0.0,Dry Creek,170703050102,95.95,OR,0,1,upstream,2.0,0,1,1,1,2018-10-01,2018,10
170703050101,2018-11,0.191418619154216,0.32257776657622,0.32257776657622,0.0,0.0,Dry Creek,170703050102,95.95,OR,0,1,upstream,2.0,0,1,1,1,2018-11-01,2018,11
170703050101,2018-12,0.0,0.618546616533316,0.618546616533316,0.0,0.0,Dry Creek,170703050102,95.95,OR,0,1,upstream,2.0,0,1,1,1,2018-12-01,2018,12
170703050101,2019-01,0.458341416876795,0.395210298259817,0.395210298259817,0.0,0.0,Dry Creek,170703050102,95.95,OR,0,1,upstream,2.0,0,1,1,1,2019-01-01,2019,1
170703050101,2019-02,0.16006142667587,1.09230009876977,1.09230009876977,0.0,0.0,Dry Creek,170703050102,95.95,OR,0,1,upstream,2.0,0,1,1,1,2019-02-01,2019,2
170703050101,2019-03,0.0,2.91897546257315,2.91897546257315,0.0,0.0,Dry Creek,170703050102,95.95,OR,0,1,upstream,2.0,0,1,1,1,2019-03-01,2019,3
170703050101,2019-04,0.0,4.2231970912881,4.2231970912881,0.0,0.0,Dry Creek,170703050102,95.95,OR,0,1,upstream,2.0,0,1,1,1,2019-04-01,2019,4
170703050101,2019-05,0.0,3.29442591833573,3.33371259856396,0.0392866802282303,0.0,Dry Creek,170703050102,95.95,OR,0,1,upstream,2.0,0,1,1,1,2019-05-01,2019,5
170703050101,2019-06,0.0,2.39677542941388,2.47538276821549,0.078607338801605,0.0,Dry Creek,170703050102,95.95,OR,0,1,upstream,2.0,0,1,1,1,2019-06-01,2019,6
170703050101,2019-07,0.0,1.6993892086675,1.79850642908266,0.0991172204151683,0.0,Dry Creek,170703050102,95.95,OR,0,1,upstream,2.0,0,1,1,1,2019-07-01,2019,7
170703050101,2019-08,0.0,1.28213185931238,1.35292259000269,0.0707907306903106,0.0,Dry Creek,170703050102,95.95,OR,0,1,upstream,2.0,0,1,1,1,2019-08-01,2019,8
170703050101,2019-09,0.0,1.30109884682227,1.32855783222401,0.0274589854017405,0.0,Dry Creek,170703050102,95.95,OR,0,1,upstream,2.0,0,1,1,1,2019-09-01,2019,9
170703050101,2019-10,0.0,0.880758627853352,0.887557244176015,0.0067986163226624,0.0,Dry Creek,170703050102,95.95,OR,0,1,upstream,2.0,0,1,1,1,2019-10-01,2019,10
170703050101,2019-11,0.0,0.643981038098486,0.643981038098486,0.0,0.0,Dry Creek,170703050102,95.95,OR,0,1,upstream,2.0,0,1,1,1,2019-11-01,2019,11
170703050101,2019-12,0.0,0.783232215560086,0.783232215560086,0.0,0.0,Dry Creek,170703050102,95.95,OR,0,1,upstream,2.0,0,1,1,1,2019-12-01,2019,12
170703050101,2020-01,0.092406759148303,0.662207166269544,0.662207166269544,0.0,0.0,Dry Creek,170703050102,95.95,OR,0,1,upstream,2.0,0,1,1,1,2020-01-01,2020,1
170703050101,2020-02,0.476308331990719,0.681036064848876,0.681036064848876,0.0,0.0,Dry Creek,170703050102,95.95,OR,0,1,upstream,2.0,0,1,1,1,2020-02-01,2020,2
170703050101,2020-03,0.45857659592527,0.684313323045667,0.684313323045667,0.0,0.0,Dry Creek,170703050102,95.95,OR,0,1,upstream,2.0,0,1,1,1,2020-03-01,2020,3
170703050101,2020-04,0.577582835092368,0.586177132590203,0.586177132590203,0.0,0.0,Dry Creek,170703050102,95.95,OR,0,1,upstream,2.0,0,1,1,1,2020-04-01,2020,4
170703050101,2020-05,0.62219815579818,0.56602508057428,0.588248070688741,0.0222229901144607,0.0,Dry Creek,170703050102,95.95,OR,0,1,upstream,2.0,0,1,1,1,2020-05-01,2020,5
170703050101,2020-06,0.695522938944847,0.355228441127114,0.421975816208,0.0667473750808859,0.0,Dry Creek,170703050102,95.95,OR,0,1,upstream,2.0,0,1,1,1,2020-06-01,2020,6
170703050101,2020-07,0.847862385197159,0.119399917736807,0.217260753274373,0.0978608355375664,0.0,Dry Creek,170703050102,95.95,OR,0,1,upstream,2.0,0,1,1,1,2020-07-01,2020,7
170703050101,2020-08,0.884835608199049,0.061730275176552,0.143029906062888,0.0812996308863356,0.0,Dry Creek,170703050102,95.95,OR,0,1,upstream,2.0,0,1,1,1,2020-08-01,2020,8
170703050101,2020-09,0.884066889518687,0.0618924190580224,0.124368443226006,0.0624760241679833,0.0,Dry Creek,170703050102,95.95,OR,0,1,upstream,2.0,0,1,1,1,2020-09-01,2020,9
170703050102,2009-10,0.0790042627606855,3.60033623846804,3.61671621711414,0.0163799786461002,0.0,Stearns Dam-Crooked River,170703051002,146.22,OR,0,1,upstream,1.0,0,1,1,1,2009-10-01,2009,10
170703050102,2009-11,0.101882171428178,3.26150927589868,3.26150927589868,0.0,0.0,Stearns Dam-Crooked River,170703051002,146.22,OR,0,1,upstream,1.0,0,1,1,1,2009-11-01,2009,11
170703050102,2009-12,0.293427192525633,3.21862443484435,3.21862443484435,0.0,0.0,Stearns Dam-Crooked River,170703051002,146.22,OR,0,1,upstream,1.0,0,1,1,1,2009-12-01,2009,12
170703050102,2010-01,0.0594398242313137,4.27776504922236,4.27776504922236,0.0,0.0,Stearns Dam-Crooked River,170703051002,146.22,OR,0,1,upstream,1.0,0,1,1,1,2010-01-01,2010,1
170703050102,2010-02,0.0,5.24413729102815,5.24413729102815,0.0,0.0,Stearns Dam-Crooked River,170703051002,146.22,OR,0,1,upstream,1.0,0,1,1,1,2010-02-01,2010,2
170703050102,2010-03,0.104909316429981,6.74663969760393,6.74663969760394,0.0,0.0,Stearns Dam-Crooked River,170703051002,146.22,OR,0,1,upstream,1.0,0,1,1,1,2010-03-01,2010,3
170703050102,2010-04,0.0563161474503682,9.47644732148921,9.47689000983577,0.000442688346558,0.0,Stearns Dam-Crooked River,170703051002,146.22,OR,0,1,upstream,1.0,0,1,1,1,2010-04-01,2010,4
170703050102,2010-05,0.0,9.25698254187642,9.28155067675617,0.0245681348797509,0.0,Stearns Dam-Crooked River,170703051002,146.22,OR,0,1,upstream,1.0,0,1,1,1,2010-05-01,2010,5
170703050102,2010-06,0.0747320376682731,7.12925468944528,7.79139966583629,0.662144976391017,0.0,Stearns Dam-Crooked River,170703051002,146.22,OR,0,1,upstream,1.0,0,1,1,1,2010-06-01,2010,6
170703050102,2010-07,0.292686007439869,4.18142395252791,5.91169409415075,1.73027014162284,0.0,Stearns Dam-Crooked River,170703051002,146.22,OR,0,1,upstream,1.0,0,1,1,1,2010-07-01,2010,7
170703050102,2010-08,0.282458959033438,3.31031156447076,4.61341076743375,1.30309920296299,0.0,Stearns Dam-Crooked River,170703051002,146.22,OR,0,1,upstream,1.0,0,1,1,1,2010-08-01,2010,8
170703050102,2010-09,0.103291398674299,3.34601240260342,3.73143783572127,0.38542543311785,0.0,Stearns Dam-Crooked River,170703051002,146.22,OR,0,1,upstream,1.0,0,1,1,1,2010-09-01,2010,9
170703050102,2010-10,0.0,3.9654134815906,4.02073285337453,0.0553193717839394,0.0,Stearns Dam-Crooked River,170703051002,146.22,OR,0,1,upstream,1.0,0,1,1,1,2010-10-01,2010,10
170703050102,2010-11,0.0,4.36384103739248,4.36443234621696,0.0005913088244771,0.0,Stearns Dam-Crooked River,170703051002,146.22,OR,0,1,upstream,1.0,0,1,1,1,2010-11-01,2010,11
170703050102,2010-12,0.0,4.87331220814455,4.87331220814455,0.0,0.0,Stearns Dam-Crooked River,170703051002,146.22,OR,0,1,upstream,1.0,0,1,1,1,2010-12-01,2010,12
170703050102,2011-01,0.0,5.8338871703385,5.8338871703385,0.0,0.0,Stearns Dam-Crooked River,170703051002,146.22,OR,0,1,upstream,1.0,0,1,1,1,2011-01-01,2011,1
170703050102,2011-02,0.0,7.0350351312237,7.0350351312237,0.0,0.0,Stearns Dam-Crooked River,170703051002,146.22,OR,0,1,upstream,1.0,0,1,1,1,2011-02-01,2011,2
170703050102,2011-03,0.0,11.0174978294277,11.0174978294277,0.0,0.0,Stearns Dam-Crooked River,170703051002,146.22,OR,0,1,upstream,1.0,0,1,1,1,2011-03-01,2011,3
170703050102,2011-04,0.0,15.7327633344592,15.7327633344592,0.0,0.0,Stearns Dam-Crooked River,170703051002,146.22,OR,0,1,upstream,1.0,0,1,1,1,2011-04-01,2011,4
170703050102,2011-05,0.0,17.7042624467111,17.7042624467111,0.0,0.0,Stearns Dam-Crooked River,170703051002,146.22,OR,0,1,upstream,1.0,0,1,1,1,2011-05-01,2011,5
170703050102,2011-06,0.0,13.3738388632936,13.7119598567179,0.338120993424249,0.0,Stearns Dam-Crooked River,170703051002,146.22,OR,0,1,upstream,1.0,0,1,1,1,2011-06-01,2011,6
170703050102,2011-07,0.0,8.81170618684768,10.331467245984,1.51976105913635,0.0,Stearns Dam-Crooked River,170703051002,146.22,OR,0,1,upstream,1.0,0,1,1,1,2011-07-01,2011,7
170703050102,2011-08,0.0,6.42814195333571,7.80958557096861,1.38144361763289,0.0,Stearns Dam-Crooked River,170703051002,146.22,OR,0,1,upstream,1.0,0,1,1,1,2011-08-01,2011,8
170703050102,2011-09,0.0,5.35261039720197,5.94939374205597,0.596783344853998,0.0,Stearns Dam-Crooked River,170703051002,146.22,OR,0,1,upstream,1.0,0,1,1,1,2011-09-01,2011,9
170703050102,2011-10,0.0,5.09409607112088,5.11623911394747,0.0221430428265861,0.0,Stearns Dam-Crooked River,170703051002,146.22,OR,0,1,upstream,1.0,0,1,1,1,2011-10-01,2011,10
170703050102,2011-11,0.0,4.269009669744,4.26905101129542,4.13415514256386e-05,0.0,Stearns Dam-Crooked River,170703051002,146.22,OR,0,1,upstream,1.0,0,1,1,1,2011-11-01,2011,11
170703050102,2011-12,0.124312283733367,3.98898719431837,3.98898719431837,0.0,0.0,Stearns Dam-Crooked River,170703051002,146.22,OR,0,1,upstream,1.0,0,1,1,1,2011-12-01,2011,12
170703050102,2012-01,0.0,4.55693971716795,4.55693971716795,0.0,0.0,Stearns Dam-Crooked River,170703051002,146.22,OR,0,1,upstream,1.0,0,1,1,1,2012-01-01,2012,1
170703050102,2012-02,0.0586974472749325,4.85821636081588,4.85821636081588,0.0,0.0,Stearns Dam-Crooked River,170703051002,146.22,OR,0,1,upstream,1.0,0,1,1,1,2012-02-01,2012,2
170703050102,2012-03,0.201687320712601,6.0171869867972,6.0171869867972,0.0,0.0,Stearns Dam-Crooked River,170703051002,146.22,OR,0,1,upstream,1.0,0,1,1,1,2012-03-01,2012,3
170703050102,2012-04,0.0,10.136346437966,10.136346437966,0.0,0.0,Stearns Dam-Crooked River,170703051002,146.22,OR,0,1,upstream,1.0,0,1,1,1,2012-04-01,2012,4
170703050102,2012-05,0.0005821865351467,9.14155776984569,9.14688296194469,0.0053251920990076,0.0,Stearns Dam-Crooked River,170703051002,146.22,OR,0,1,upstream,1.0,0,1,1,1,2012-05-01,2012,5
170703050102,2012-06,0.0473526515968548,7.34021478369937,7.70507029280378,0.364855509104414,0.0,Stearns Dam-Crooked River,170703051002,146.22,OR,0,1,upstream,1.0,0,1,1,1,2012-06-01,2012,6
170703050102,2012-07,0.298223306183582,4.14868913624715,5.99630026447589,1.84761112822873,0.0,Stearns Dam-Crooked River,170703051002,146.22,OR,0,1,upstream,1.0,0,1,1,1,2012-07-01,2012,7
170703050102,2012-08,0.313849878569303,3.16549235828435,4.72738906841631,1.56189671013196,0.0,Stearns Dam-Crooked River,170703051002,146.22,OR,0,1,upstream,1.0,0,1,1,1,2012-08-01,2012,8
170703050102,2012-09,0.226811017523935,2.88510662337402,3.72815827459357,0.843051651219551,0.0,Stearns Dam-Crooked River,170703051002,146.22,OR,0,1,upstream,1.0,0,1,1,1,2012-09-01,2012,9
170703050102,2012-10,0.100890611721614,3.51477860545664,3.55781985428431,0.0430412488276701,0.0,Stearns Dam-Crooked River,170703051002,146.22,OR,0,1,upstream,1.0,0,1,1,1,2012-10-01,2012,10
170703050102,2012-11,0.0,3.75758231596167,3.75758231596167,0.0,0.0,Stearns Dam-Crooked River,170703051002,146.22,OR,0,1,upstream,1.0,0,1,1,1,2012-11-01,2012,11
170703050102,2012-12,0.0,5.79973407015214,5.79973407015213,0.0,0.0,Stearns Dam-Crooked River,170703051002,146.22,OR,0,1,upstream,1.0,0,1,1,1,2012-12-01,2012,12
170703050102,2013-01,0.0,4.70226436265393,4.70226436265393,0.0,0.0,Stearns Dam-Crooked River,170703051002,146.22,OR,0,1,upstream,1.0,0,1,1,1,2013-01-01,2013,1
170703050102,2013-02,0.239058197692978,3.92734504213806,3.92734504213806,0.0,0.0,Stearns Dam-Crooked River,170703051002,146.22,OR,0,1,upstream,1.0,0,1,1,1,2013-02-01,2013,2
170703050102,2013-03,0.180899363998363,6.17387374108334,6.17387374108334,0.0,0.0,Stearns Dam-Crooked River,170703051002,146.22,OR,0,1,upstream,1.0,0,1,1,1,2013-03-01,2013,3
170703050102,2013-04,0.0429132771715761,9.61103857661196,9.61103857661196,0.0,0.0,Stearns Dam-Crooked River,170703051002,146.22,OR,0,1,upstream,1.0,0,1,1,1,2013-04-01,2013,4
170703050102,2013-05,0.148159970070937,7.7916810560606,7.7916810560606,0.0,0.0,Stearns Dam-Crooked River,170703051002,146.22,OR,0,1,upstream,1.0,0,1,1,1,2013-05-01,2013,5
170703050102,2013-06,0.247285390568342,5.79971897609127,6.07631516032314,0.276596184231872,0.0,Stearns Dam-Crooked River,170703051002,146.22,OR,0,1,upstream,1.0,0,1,1,1,2013-06-01,2013,6
170703050102,2013-07,0.443807395140897,3.28804053735588,5.03419637445886,1.74615583710297,0.0,Stearns Dam-Crooked River,170703051002,146.22,OR,0,1,upstream,1.0,0,1,1,1,2013-07-01,2013,7
170703050102,2013-08,0.312274432058324,3.17276054018162,4.23661519297417,1.06385465279255,0.0,Stearns Dam-Crooked River,170703051002,146.22,OR,0,1,upstream,1.0,0,1,1,1,2013-08-01,2013,8
170703050102,2013-09,0.166849053706267,3.10885096386741,3.74182497251247,0.63297400864506,0.0,Stearns Dam-Crooked River,170703051002,146.22,OR,0,1,upstream,1.0,0,1,1,1,2013-09-01,2013,9
170703050102,2013-10,0.0002139359063785,3.9083416477706,3.90917796130094,0.0008363135303459,0.0,Stearns Dam-Crooked River,170703051002,146.22,OR,0,1,upstream,1.0,0,1,1,1,2013-10-01,2013,10
170703050102,2013-11,0.0052084217166588,3.61257939319211,3.61257939319211,0.0,0.0,Stearns Dam-Crooked River,170703051002,146.22,OR,0,1,upstream,1.0,0,1,1,1,2013-11-01,2013,11
170703050102,2013-12,0.248114791747309,3.42503430344358,3.42503430344358,0.0,0.0,Stearns Dam-Crooked River,170703051002,146.22,OR,0,1,upstream,1.0,0,1,1,1,2013-12-01,2013,12
170703050102,2014-01,0.215542438244455,3.56779420044395,3.56779420044395,0.0,0.0,Stearns Dam-Crooked River,170703051002,146.22,OR,0,1,upstream,1.0,0,1,1,1,2014-01-01,2014,1
170703050102,2014-02,0.0,5.16116348218897,5.16116348218897,0.0,0.0,Stearns Dam-Crooked River,170703051002,146.22,OR,0,1,upstream,1.0,0,1,1,1,2014-02-01,2014,2
170703050102,2014-03,0.0,10.8222020251576,10.8222020251576,0.0,0.0,Stearns Dam-Crooked River,170703051002,146.22,OR,0,1,upstream,1.0,0,1,1,1,2014-03-01,2014,3
170703050102,2014-04,0.0003240032969189,10.0387188948067,10.041972527013,0.0032536322063222,0.0,Stearns Dam-Crooked River,170703051002,146.22,OR,0,1,upstream,1.0,0,1,1,1,2014-04-01,2014,4
170703050102,2014-05,0.123043240933927,8.0214208378637,8.2897867208495,0.268365882985793,0.0,Stearns Dam-Crooked River,170703051002,146.22,OR,0,1,upstream,1.0,0,1,1,1,2014-05-01,2014,5
170703050102,2014-06,0.34182591930167,5.07127755668214,6.24002907830319,1.16875152162105,0.0,Stearns Dam-Crooked River,170703051002,146.22,OR,0,1,upstream,1.0,0,1,1,1,2014-06-01,2014,6
170703050102,2014-07,0.424089546222861,3.40460642835399,5.11067971511561,1.70607328676163,0.0,Stearns Dam-Crooked River,170703051002,146.22,OR,0,1,upstream,1.0,0,1,1,1,2014-07-01,2014,7
170703050102,2014-08,0.31249406497236,3.17174728333112,4.15928460837355,0.987537325042428,0.0,Stearns Dam-Crooked River,170703051002,146.22,OR,0,1,upstream,1.0,0,1,1,1,2014-08-01,2014,8
170703050102,2014-09,0.316877978440679,2.54902735766085,3.31937526510933,0.770347907448475,0.0,Stearns Dam-Crooked River,170703051002,146.22,OR,0,1,upstream,1.0,0,1,1,1,2014-09-01,2014,9
170703050102,2014-10,0.285934829627327,2.79140782695346,2.99984985545745,0.208442028503997,0.0,Stearns Dam-Crooked River,170703051002,146.22,OR,0,1,upstream,1.0,0,1,1,1,2014-10-01,2014,10
170703050102,2014-11,0.0880438159177955,3.31176317736289,3.31247734085434,0.0007141634914491,0.0,Stearns Dam-Crooked River,170703051002,146.22,OR,0,1,upstream,1.0,0,1,1,1,2014-11-01,2014,11
170703050102,2014-12,0.0,7.99756233623219,7.99756233623219,0.0,0.0,Stearns Dam-Crooked River,170703051002,146.22,OR,0,1,upstream,1.0,0,1,1,1,2014-12-01,2014,12
170703050102,2015-01,0.0,8.03862765824712,8.03862765824712,0.0,0.0,Stearns Dam-Crooked River,170703051002,146.22,OR,0,1,upstream,1.0,0,1,1,1,2015-01-01,2015,1
170703050102,2015-02,0.0,10.5624969204082,10.5624969204082,0.0,0.0,Stearns Dam-Crooked River,170703051002,146.22,OR,0,1,upstream,1.0,0,1,1,1,2015-02-01,2015,2
170703050102,2015-03,0.0,10.0763496689914,10.0763496689914,0.0,0.0,Stearns Dam-Crooked River,170703051002,146.22,OR,0,1,upstream,1.0,0,1,1,1,2015-03-01,2015,3
170703050102,2015-04,0.172112346233708,8.31362507457438,8.3142356726536,0.0006105980792196,0.0,Stearns Dam-Crooked River,170703051002,146.22,OR,0,1,upstream,1.0,0,1,1,1,2015-04-01,2015,4
170703050102,2015-05,0.198029801512008,7.33552754453722,7.60121552800175,0.265687983464534,0.0,Stearns Dam-Crooked River,170703051002,146.22,OR,0,1,upstream,1.0,0,1,1,1,2015-05-01,2015,5
170703050102,2015-06,0.479934112102059,4.00714422314305,5.85632010431027,1.84917588116722,0.0,Stearns Dam-Crooked River,170703051002,146.22,OR,0,1,upstream,1.0,0,1,1,1,2015-06-01,2015,6
170703050102,2015-07,0.370615786149013,3.72072693997459,5.0838626581181,1.36313571814351,0.0,Stearns Dam-Crooked River,170703051002,146.22,OR,0,1,upstream,1.0,0,1,1,1,2015-07-01,2015,7
170703050102,2015-08,0.468197995812489,2.45342109226151,4.02949694102972,1.5760758487682,0.0,Stearns Dam-Crooked River,170703051002,146.22,OR,0,1,upstream,1.0,0,1,1,1,2015-08-01,2015,8
170703050102,2015-09,0.221035758427406,2.9066566436779,3.42388727852508,0.517230634847178,0.0,Stearns Dam-Crooked River,170703051002,146.22,OR,0,1,upstream,1.0,0,1,1,1,2015-09-01,2015,9
170703050102,2015-10,0.254232158532697,2.91533921011096,3.06926251977833,0.153923309667376,0.0,Stearns Dam-Crooked River,170703051002,146.22,OR,0,1,upstream,1.0,0,1,1,1,2015-10-01,2015,10
170703050102,2015-11,0.170632607967922,3.01184249570234,3.01304709005951,0.0012045943571739,0.0,Stearns Dam-Crooked River,170703051002,146.22,OR,0,1,upstream,1.0,0,1,1,1,2015-11-01,2015,11
170703050102,2015-12,0.0,4.78536820385883,4.78536820385883,0.0,0.0,Stearns Dam-Crooked River,170703051002,146.22,OR,0,1,upstream,1.0,0,1,1,1,2015-12-01,2015,12
170703050102,2016-01,0.0500789117782365,4.32033944813084,4.32033944813084,0.0,0.0,Stearns Dam-Crooked River,170703051002,146.22,OR,0,1,upstream,1.0,0,1,1,1,2016-01-01,2016,1
170703050102,2016-02,0.0,5.73445955423817,5.73445955423817,0.0,0.0,Stearns Dam-Crooked River,170703051002,146.22,OR,0,1,upstream,1.0,0,1,1,1,2016-02-01,2016,2
170703050102,2016-03,0.0,15.6903143592216,15.6903143592215,0.0,0.0,Stearns Dam-Crooked River,170703051002,146.22,OR,0,1,upstream,1.0,0,1,1,1,2016-03-01,2016,3
170703050102,2016-04,0.0,13.6374141719682,13.6374141719682,0.0,0.0,Stearns Dam-Crooked River,170703051002,146.22,OR,0,1,upstream,1.0,0,1,1,1,2016-04-01,2016,4
170703050102,2016-05,0.0,10.5532672834973,11.018491645782,0.46522436228467,0.0,Stearns Dam-Crooked River,170703051002,146.22,OR,0,1,upstream,1.0,0,1,1,1,2016-05-01,2016,5
170703050102,2016-06,0.109725117325428,6.85963055092521,8.13660730181237,1.27697675088716,0.0,Stearns Dam-Crooked River,170703051002,146.22,OR,0,1,upstream,1.0,0,1,1,1,2016-06-01,2016,6
170703050102,2016-07,0.151526141261532,5.0159178997455,6.6679123512629,1.65199445151741,0.0,Stearns Dam-Crooked River,170703051002,146.22,OR,0,1,upstream,1.0,0,1,1,1,2016-07-01,2016,7
170703050102,2016-08,0.219210684378259,3.60210183578657,5.26294919078588,1.66084735499931,0.0,Stearns Dam-Crooked River,170703051002,146.22,OR,0,1,upstream,1.0,0,1,1,1,2016-08-01,2016,8
170703050102,2016-09,0.0345196060607046,3.60263007159216,4.15152170531024,0.548891633718082,0.0,Stearns Dam-Crooked River,170703051002,146.22,OR,0,1,upstream,1.0,0,1,1,1,2016-09-01,2016,9
170703050102,2016-10,0.0,4.17213988201746,4.19758298654707,0.0254431045295999,0.0,Stearns Dam-Crooked River,170703051002,146.22,OR,0,1,upstream,1.0,0,1,1,1,2016-10-01,2016,10
170703050102,2016-11,0.0009998783854127,3.62786269197118,3.63149374407264,0.0036310521014601,0.0,Stearns Dam-Crooked River,170703051002,146.22,OR,0,1,upstream,1.0,0,1,1,1,2016-11-01,2016,11
170703050102,2016-12,0.254594218825401,3.39551881389073,3.39551881389073,0.0,0.0,Stearns Dam-Crooked River,170703051002,146.22,OR,0,1,upstream,1.0,0,1,1,1,2016-12-01,2016,12
170703050102,2017-01,0.350926499807059,2.95205347306203,2.95205347306203,0.0,0.0,Stearns Dam-Crooked River,170703051002,146.22,OR,0,1,upstream,1.0,0,1,1,1,2017-01-01,2017,1
170703050102,2017-02,0.36260317154414,3.28970923468945,3.28970923468945,0.0,0.0,Stearns Dam-Crooked River,170703051002,146.22,OR,0,1,upstream,1.0,0,1,1,1,2017-02-01,2017,2
170703050102,2017-03,0.0,12.8395825958179,12.8395825958179,0.0,0.0,Stearns Dam-Crooked River,170703051002,146.22,OR,0,1,upstream,1.0,0,1,1,1,2017-03-01,2017,3
170703050102,2017-04,0.0,16.8068615661174,16.8068615661174,0.0,0.0,Stearns Dam-Crooked River,170703051002,146.22,OR,0,1,upstream,1.0,0,1,1,1,2017-04-01,2017,4
170703050102,2017-05,0.0,13.359671515129,13.8214274133255,0.461755898196458,0.0,Stearns Dam-Crooked River,170703051002,146.22,OR,0,1,upstream,1.0,0,1,1,1,2017-05-01,2017,5
170703050102,2017-06,0.0,8.43485849260534,9.98992653209165,1.55506803948632,0.0,Stearns Dam-Crooked River,170703051002,146.22,OR,0,1,upstream,1.0,0,1,1,1,2017-06-01,2017,6
170703050102,2017-07,0.0239993309260212,5.76981739125181,7.79752747650345,2.02771008525163,0.0,Stearns Dam-Crooked River,170703051002,146.22,OR,0,1,upstream,1.0,0,1,1,1,2017-07-01,2017,7
170703050102,2017-08,0.034483388388869,4.45432473214294,6.09288518145291,1.63856044930996,0.0,Stearns Dam-Crooked River,170703051002,146.22,OR,0,1,upstream,1.0,0,1,1,1,2017-08-01,2017,8
170703050102,2017-09,0.0,4.08700441299393,4.93225704737676,0.845252634382832,0.0,Stearns Dam-Crooked River,170703051002,146.22,OR,0,1,upstream,1.0,0,1,1,1,2017-09-01,2017,9
170703050102,2017-10,0.0,4.76974608025969,4.82926453061708,0.0595184503573896,0.0,Stearns Dam-Crooked River,170703051002,146.22,OR,0,1,upstream,1.0,0,1,1,1,2017-10-01,2017,10
170703050102,2017-11,0.0,5.08163495585902,5.08163495585902,0.0,0.0,Stearns Dam-Crooked River,170703051002,146.22,OR,0,1,upstream,1.0,0,1,1,1,2017-11-01,2017,11
170703050102,2017-12,0.0,5.13457277989777,5.13457277989777,0.0,0.0,Stearns Dam-Crooked River,170703051002,146.22,OR,0,1,upstream,1.0,0,1,1,1,2017-12-01,2017,12
170703050102,2018-01,0.0,6.22988204634019,6.22988204634018,0.0,0.0,Stearns Dam-Crooked River,170703051002,146.22,OR,0,1,upstream,1.0,0,1,1,1,2018-01-01,2018,1
170703050102,2018-02,0.0,5.79127341248075,5.79127341248075,0.0,0.0,Stearns Dam-Crooked River,170703051002,146.22,OR,0,1,upstream,1.0,0,1,1,1,2018-02-01,2018,2
170703050102,2018-03,0.0,7.53738120778483,7.53738120778483,0.0,0.0,Stearns Dam-Crooked River,170703051002,146.22,OR,0,1,upstream,1.0,0,1,1,1,2018-03-01,2018,3
170703050102,2018-04,0.238323297837857,7.64873651757813,7.64873651757813,0.0,0.0,Stearns Dam-Crooked River,170703051002,146.22,OR,0,1,upstream,1.0,0,1,1,1,2018-04-01,2018,4
170703050102,2018-05,0.287725608624861,6.51509049469879,6.91377254478253,0.398682050083738,0.0,Stearns Dam-Crooked River,170703051002,146.22,OR,0,1,upstream,1.0,0,1,1,1,2018-05-01,2018,5
170703050102,2018-06,0.419804502085787,4.4704470949973,5.45303799147432,0.982590896477018,0.0,Stearns Dam-Crooked River,170703051002,146.22,OR,0,1,upstream,1.0,0,1,1,1,2018-06-01,2018,6
170703050102,2018-07,0.490686652825782,3.01090470656197,4.4862002564604,1.47529554989842,0.0,Stearns Dam-Crooked River,170703051002,146.22,OR,0,1,upstream,1.0,0,1,1,1,2018-07-01,2018,7
170703050102,2018-08,0.455952109868301,2.50991639433319,3.63099465041139,1.12107825607819,0.0,Stearns Dam-Crooked River,170703051002,146.22,OR,0,1,upstream,1.0,0,1,1,1,2018-08-01,2018,8
170703050102,2018-09,0.388382995516289,2.28221083150103,2.9263419750841,0.64413114358307,0.0,Stearns Dam-Crooked River,170703051002,146.22,OR,0,1,upstream,1.0,0,1,1,1,2018-09-01,2018,9
170703050102,2018-10,0.251626143849234,2.92552658527838,2.9522722413227,0.0267456560443284,0.0,Stearns Dam-Crooked River,170703051002,146.22,OR,0,1,upstream,1.0,0,1,1,1,2018-10-01,2018,10
170703050102,2018-11,0.256691549742311,2.69931998702713,2.69931998702713,0.0,0.0,Stearns Dam-Crooked River,170703051002,146.22,OR,0,1,upstream,1.0,0,1,1,1,2018-11-01,2018,11
170703050102,2018-12,0.287519577275511,3.2455351715647,3.2455351715647,0.0,0.0,Stearns Dam-Crooked River,170703051002,146.22,OR,0,1,upstream,1.0,0,1,1,1,2018-12-01,2018,12
170703050102,2019-01,0.137100348034987,3.92455694729507,3.92455694729507,0.0,0.0,Stearns Dam-Crooked River,170703051002,146.22,OR,0,1,upstream,1.0,0,1,1,1,2019-01-01,2019,1
170703050102,2019-02,0.0646842467228084,4.82731751013031,4.82731751013031,0.0,0.0,Stearns Dam-Crooked River,170703051002,146.22,OR,0,1,upstream,1.0,0,1,1,1,2019-02-01,2019,2
170703050102,2019-03,0.0124788351652504,7.44332347011523,7.44332347011523,0.0,0.0,Stearns Dam-Crooked River,170703051002,146.22,OR,0,1,upstream,1.0,0,1,1,1,2019-03-01,2019,3
170703050102,2019-04,0.0,22.3694973374322,22.3694973374322,0.0,0.0,Stearns Dam-Crooked River,170703051002,146.22,OR,0,1,upstream,1.0,0,1,1,1,2019-04-01,2019,4
170703050102,2019-05,0.0,16.3314786684055,16.5484439409987,0.216965272593219,0.0,Stearns Dam-Crooked River,170703051002,146.22,OR,0,1,upstream,1.0,0,1,1,1,2019-05-01,2019,5
170703050102,2019-06,0.0,10.850195858592,12.0046853907983,1.15448953220628,0.0,Stearns Dam-Crooked River,170703051002,146.22,OR,0,1,upstream,1.0,0,1,1,1,2019-06-01,2019,6
170703050102,2019-07,0.0,7.79576696472197,9.18657470177576,1.3908077370538,0.0,Stearns Dam-Crooked River,170703051002,146.22,OR,0,1,upstream,1.0,0,1,1,1,2019-07-01,2019,7
170703050102,2019-08,0.0,6.06895689260649,7.08123305064889,1.0122761580424,0.0,Stearns Dam-Crooked River,170703051002,146.22,OR,0,1,upstream,1.0,0,1,1,1,2019-08-01,2019,8
170703050102,2019-09,0.0,5.45839197169213,5.85377321845873,0.395381246766597,0.0,Stearns Dam-Crooked River,170703051002,146.22,OR,0,1,upstream,1.0,0,1,1,1,2019-09-01,2019,9
170703050102,2019-10,0.0,5.30224764129871,5.35755510494101,0.0553074636422972,0.0,Stearns Dam-Crooked River,170703051002,146.22,OR,0,1,upstream,1.0,0,1,1,1,2019-10-01,2019,10
170703050102,2019-11,0.0,4.43837787306423,4.43837787306423,0.0,0.0,Stearns Dam-Crooked River,170703051002,146.22,OR,0,1,upstream,1.0,0,1,1,1,2019-11-01,2019,11
170703050102,2019-12,0.0,4.55526224728244,4.55526224728244,0.0,0.0,Stearns Dam-Crooked River,170703051002,146.22,OR,0,1,upstream,1.0,0,1,1,1,2019-12-01,2019,12
170703050102,2020-01,0.0,4.5481035232289,4.5481035232289,0.0,0.0,Stearns Dam-Crooked River,170703051002,146.22,OR,0,1,upstream,1.0,0,1,1,1,2020-01-01,2020,1
170703050102,2020-02,0.047265823962202,4.91721683759968,4.91721683759968,0.0,0.0,Stearns Dam-Crooked River,170703051002,146.22,OR,0,1,upstream,1.0,0,1,1,1,2020-02-01,2020,2
170703050102,2020-03,0.192382323493238,6.08732229797692,6.08732229797692,0.0,0.0,Stearns Dam-Crooked River,170703051002,146.22,OR,0,1,upstream,1.0,0,1,1,1,2020-03-01,2020,3
170703050102,2020-04,0.361460990018612,6.41219119565919,6.41410447906468,0.0019132834054856,0.0,Stearns Dam-Crooked River,170703051002,146.22,OR,0,1,upstream,1.0,0,1,1,1,2020-04-01,2020,4
170703050102,2020-05,0.33994618018532,6.03743503842941,6.09615550518594,0.0587204667565358,0.0,Stearns Dam-Crooked River,170703051002,146.22,OR,0,1,upstream,1.0,0,1,1,1,2020-05-01,2020,5
170703050102,2020-06,0.480467644218736,4.00303332068058,4.87589693723925,0.872863616558669,0.0,Stearns Dam-Crooked River,170703051002,146.22,OR,0,1,upstream,1.0,0,1,1,1,2020-06-01,2020,6
170703050102,2020-07,0.547599910488276,2.67445093735973,4.08202952758226,1.40757859022254,0.0,Stearns Dam-Crooked River,170703051002,146.22,OR,0,1,upstream,1.0,0,1,1,1,2020-07-01,2020,7
170703050102,2020-08,0.537099901210377,2.13554830000219,3.36778387706728,1.23223557706508,0.0,Stearns Dam-Crooked River,170703051002,146.22,OR,0,1,upstream,1.0,0,1,1,1,2020-08-01,2020,8
170703050102,2020-09,0.4889124447702,1.90709144095076,2.75310941054071,0.846017969589952,0.0,Stearns Dam-Crooked River,170703051002,146.22,OR,0,1,upstream,1.0,0,1,1,1,2020-09-01,2020,9
170703050403,2009-10,0.12664657082298,8.4856124256509,8.51080627514259,0.0251938494916859,0.0,Ochoco Reservoir-Ochoco Creek,170703050404,119.48,OR,0,0,upstream,2.0,0,1,0,1,2009-10-01,2009,10
170703050403,2009-11,0.153360965709653,7.88169018928929,7.88169018928929,0.0,0.0,Ochoco Reservoir-Ochoco Creek,170703050404,119.48,OR,0,0,upstream,2.0,0,1,0,1,2009-11-01,2009,11
170703050403,2009-12,0.197970294439711,8.30383891893948,8.30383891893948,0.0,0.0,Ochoco Reservoir-Ochoco Creek,170703050404,119.48,OR,0,0,upstream,2.0,0,1,0,1,2009-12-01,2009,12
170703050403,2010-01,0.0,13.2293182347205,13.2293182347205,0.0,0.0,Ochoco Reservoir-Ochoco Creek,170703050404,119.48,OR,0,0,upstream,2.0,0,1,0,1,2010-01-01,2010,1
170703050403,2010-02,0.0,13.5551661341772,13.5551661341772,0.0,0.0,Ochoco Reservoir-Ochoco Creek,170703050404,119.48,OR,0,0,upstream,2.0,0,1,0,1,2010-02-01,2010,2
170703050403,2010-03,0.0,16.5674892443735,16.5674892443735,0.0,0.0,Ochoco Reservoir-Ochoco Creek,170703050404,119.48,OR,0,0,upstream,2.0,0,1,0,1,2010-03-01,2010,3
170703050403,2010-04,0.0,19.8792743314511,19.8792743314511,0.0,0.0,Ochoco Reservoir-Ochoco Creek,170703050404,119.48,OR,0,0,upstream,2.0,0,1,0,1,2010-04-01,2010,4
170703050403,2010-05,0.0,20.1327618271552,20.1327618271552,0.0,0.0,Ochoco Reservoir-Ochoco Creek,170703050404,119.48,OR,0,0,upstream,2.0,0,1,0,1,2010-05-01,2010,5
170703050403,2010-06,0.0,17.3543083199117,17.3874844917109,0.0331761717992298,0.0,Ochoco Reservoir-Ochoco Creek,170703050404,119.48,OR,0,0,upstream,2.0,0,1,0,1,2010-06-01,2010,6
170703050403,2010-07,0.0588780754758724,12.4928577983409,14.3116316351651,1.81877383682423,0.0,Ochoco Reservoir-Ochoco Creek,170703050404,119.48,OR,0,0,upstream,2.0,0,1,0,1,2010-07-01,2010,7
170703050403,2010-08,0.111926778080351,9.88553750313899,11.3130009307533,1.4274634276143,0.0,Ochoco Reservoir-Ochoco Creek,170703050404,119.48,OR,0,0,upstream,2.0,0,1,0,1,2010-08-01,2010,8
170703050403,2010-09,0.0163911500657365,9.24484214584388,9.51161133037199,0.266769184528114,0.0,Ochoco Reservoir-Ochoco Creek,170703050404,119.48,OR,0,0,upstream,2.0,0,1,0,1,2010-09-01,2010,9
170703050403,2010-10,0.0001985586255959,9.714197311969,9.71612653269946,0.0019292207304495,0.0,Ochoco Reservoir-Ochoco Creek,170703050404,119.48,OR,0,0,upstream,2.0,0,1,0,1,2010-10-01,2010,10
170703050403,2010-11,0.0,11.542386861444,11.542386861444,0.0,0.0,Ochoco Reservoir-Ochoco Creek,170703050404,119.48,OR,0,0,upstream,2.0,0,1,0,1,2010-11-01,2010,11
170703050403,2010-12,0.0,16.4258659606708,16.4258659606708,0.0,0.0,Ochoco Reservoir-Ochoco Creek,170703050404,119.48,OR,0,0,upstream,2.0,0,1,0,1,2010-12-01,2010,12
170703050403,2011-01,0.0,19.4926901044248,19.4926901044248,0.0,0.0,Ochoco Reservoir-Ochoco Creek,170703050404,119.48,OR,0,0,upstream,2.0,0,1,0,1,2011-01-01,2011,1
170703050403,2011-02,0.0,27.3774004730516,27.3774004730516,0.0,0.0,Ochoco Reservoir-Ochoco Creek,170703050404,119.48,OR,0,0,upstream,2.0,0,1,0,1,2011-02-01,2011,2
170703050403,2011-03,0.0,29.550598975633,29.550598975633,0.0,0.0,Ochoco Reservoir-Ochoco Creek,170703050404,119.48,OR,0,0,upstream,2.0,0,1,0,1,2011-03-01,2011,3
170703050403,2011-04,0.0,35.4370474741428,35.4370474741428,0.0,0.0,Ochoco Reservoir-Ochoco Creek,170703050404,119.48,OR,0,0,upstream,2.0,0,1,0,1,2011-04-01,2011,4
170703050403,2011-05,0.0,30.2927806589718,30.2927806589718,0.0,0.0,Ochoco Reservoir-Ochoco Creek,170703050404,119.48,OR,0,0,upstream,2.0,0,1,0,1,2011-05-01,2011,5
170703050403,2011-06,0.0,23.7466350834563,24.0705001129092,0.323865029452934,0.0,Ochoco Reservoir-Ochoco Creek,170703050404,119.48,OR,0,0,upstream,2.0,0,1,0,1,2011-06-01,2011,6
170703050403,2011-07,0.0,17.832282544666,19.2503406202925,1.41805807562657,0.0,Ochoco Reservoir-Ochoco Creek,170703050404,119.48,OR,0,0,upstream,2.0,0,1,0,1,2011-07-01,2011,7
170703050403,2011-08,0.0,14.3289952182068,15.8000053484783,1.47101013027151,0.0,Ochoco Reservoir-Ochoco Creek,170703050404,119.48,OR,0,0,upstream,2.0,0,1,0,1,2011-08-01,2011,8
170703050403,2011-09,0.0,11.7957766901912,12.8678493040189,1.07207261382769,0.0,Ochoco Reservoir-Ochoco Creek,170703050404,119.48,OR,0,0,upstream,2.0,0,1,0,1,2011-09-01,2011,9
170703050403,2011-10,0.0,11.494743685324,11.5378633999237,0.0431197145997406,0.0,Ochoco Reservoir-Ochoco Creek,170703050404,119.48,OR,0,0,upstream,2.0,0,1,0,1,2011-10-01,2011,10
170703050403,2011-11,0.0,9.81683796049023,9.81683796049023,0.0,0.0,Ochoco Reservoir-Ochoco Creek,170703050404,119.48,OR,0,0,upstream,2.0,0,1,0,1,2011-11-01,2011,11
170703050403,2011-12,0.0958102678191909,9.36155585776377,9.36155585776377,0.0,0.0,Ochoco Reservoir-Ochoco Creek,170703050404,119.48,OR,0,0,upstream,2.0,0,1,0,1,2011-12-01,2011,12
170703050403,2012-01,0.0569048471067432,11.6395631253076,11.6395631253076,0.0,0.0,Ochoco Reservoir-Ochoco Creek,170703050404,119.48,OR,0,0,upstream,2.0,0,1,0,1,2012-01-01,2012,1
170703050403,2012-02,0.0703152449736877,12.6020313067935,12.6020313067935,0.0,0.0,Ochoco Reservoir-Ochoco Creek,170703050404,119.48,OR,0,0,upstream,2.0,0,1,0,1,2012-02-01,2012,2
170703050403,2012-03,0.137500866645853,14.2894451151263,14.2894451151263,0.0,0.0,Ochoco Reservoir-Ochoco Creek,170703050404,119.48,OR,0,0,upstream,2.0,0,1,0,1,2012-03-01,2012,3
170703050403,2012-04,0.0665582438030915,18.5561447438698,18.5561447438698,0.0,0.0,Ochoco Reservoir-Ochoco Creek,170703050404,119.48,OR,0,0,upstream,2.0,0,1,0,1,2012-04-01,2012,4
170703050403,2012-05,0.0445861772250459,19.0802276049105,19.0802276049105,0.0,0.0,Ochoco Reservoir-Ochoco Creek,170703050404,119.48,OR,0,0,upstream,2.0,0,1,0,1,2012-05-01,2012,5
170703050403,2012-06,0.0,17.4469343683248,17.5854455656522,0.138511197327382,0.0,Ochoco Reservoir-Ochoco Creek,170703050404,119.48,OR,0,0,upstream,2.0,0,1,0,1,2012-06-01,2012,6
170703050403,2012-07,0.0,13.7796891313671,15.4324274743351,1.65273834296798,0.0,Ochoco Reservoir-Ochoco Creek,170703050404,119.48,OR,0,0,upstream,2.0,0,1,0,1,2012-07-01,2012,7
170703050403,2012-08,0.0067756550769485,11.0560213599773,12.6159406109611,1.55991925098385,0.0,Ochoco Reservoir-Ochoco Creek,170703050404,119.48,OR,0,0,upstream,2.0,0,1,0,1,2012-08-01,2012,8
170703050403,2012-09,0.0176556897940265,9.23295686220092,10.2740281833735,1.04107132117254,0.0,Ochoco Reservoir-Ochoco Creek,170703050404,119.48,OR,0,0,upstream,2.0,0,1,0,1,2012-09-01,2012,9
170703050403,2012-10,0.0233003179335816,9.48973769540465,9.72682194032207,0.23708424491742,0.0,Ochoco Reservoir-Ochoco Creek,170703050404,119.48,OR,0,0,upstream,2.0,0,1,0,1,2012-10-01,2012,10
170703050403,2012-11,0.0,13.7655286075554,13.7655286075554,0.0,0.0,Ochoco Reservoir-Ochoco Creek,170703050404,119.48,OR,0,0,upstream,2.0,0,1,0,1,2012-11-01,2012,11
170703050403,2012-12,0.0,15.2638532031244,15.2638532031244,0.0,0.0,Ochoco Reservoir-Ochoco Creek,170703050404,119.48,OR,0,0,upstream,2.0,0,1,0,1,2012-12-01,2012,12
170703050403,2013-01,0.0,13.4728237275924,13.4728237275924,0.0,0.0,Ochoco Reservoir-Ochoco Creek,170703050404,119.48,OR,0,0,upstream,2.0,0,1,0,1,2013-01-01,2013,1
170703050403,2013-02,0.0805347242257956,12.4635045677264,12.4635045677264,0.0,0.0,Ochoco Reservoir-Ochoco Creek,170703050404,119.48,OR,0,0,upstream,2.0,0,1,0,1,2013-02-01,2013,2
170703050403,2013-03,0.0773560799242741,15.2858932222412,15.2858932222412,0.0,0.0,Ochoco Reservoir-Ochoco Creek,170703050404,119.48,OR,0,0,upstream,2.0,0,1,0,1,2013-03-01,2013,3
170703050403,2013-04,0.0476407747957706,18.9322102999231,18.9322102999231,0.0,0.0,Ochoco Reservoir-Ochoco Creek,170703050404,119.48,OR,0,0,upstream,2.0,0,1,0,1,2013-04-01,2013,4
170703050403,2013-05,0.205908470343389,15.8585178106101,15.8585178106101,0.0,0.0,Ochoco Reservoir-Ochoco Creek,170703050404,119.48,OR,0,0,upstream,2.0,0,1,0,1,2013-05-01,2013,5
170703050403,2013-06,0.209550648197377,12.6319407922819,13.0972583368108,0.46531754452884,0.0,Ochoco Reservoir-Ochoco Creek,170703050404,119.48,OR,0,0,upstream,2.0,0,1,0,1,2013-06-01,2013,6
170703050403,2013-07,0.267286701581705,9.72635192695308,11.4605240814266,1.73417215447354,0.0,Ochoco Reservoir-Ochoco Creek,170703050404,119.48,OR,0,0,upstream,2.0,0,1,0,1,2013-07-01,2013,7
170703050403,2013-08,0.172140393934218,9.21527299900685,10.2747669737038,1.05949397469699,0.0,Ochoco Reservoir-Ochoco Creek,170703050404,119.48,OR,0,0,upstream,2.0,0,1,0,1,2013-08-01,2013,8
170703050403,2013-09,0.0820991453090811,8.62725920747851,9.19198309262895,0.56472388515044,0.0,Ochoco Reservoir-Ochoco Creek,170703050404,119.48,OR,0,0,upstream,2.0,0,1,0,1,2013-09-01,2013,9
170703050403,2013-10,0.0,10.1380404846087,10.1380404846087,0.0,0.0,Ochoco Reservoir-Ochoco Creek,170703050404,119.48,OR,0,0,upstream,2.0,0,1,0,1,2013-10-01,2013,10
170703050403,2013-11,0.027514029651362,9.05324798559873,9.05324798559873,0.0,0.0,Ochoco Reservoir-Ochoco Creek,170703050404,119.48,OR,0,0,upstream,2.0,0,1,0,1,2013-11-01,2013,11
170703050403,2013-12,0.159200680070161,8.70524129897881,8.70524129897881,0.0,0.0,Ochoco Reservoir-Ochoco Creek,170703050404,119.48,OR,0,0,upstream,2.0,0,1,0,1,2013-12-01,2013,12
170703050403,2014-01,0.187906599157311,10.0227557884862,10.0227557884862,0.0,0.0,Ochoco Reservoir-Ochoco Creek,170703050404,119.48,OR,0,0,upstream,2.0,0,1,0,1,2014-01-01,2014,1
170703050403,2014-02,0.0,13.7188349960383,13.7188349960383,0.0,0.0,Ochoco Reservoir-Ochoco Creek,170703050404,119.48,OR,0,0,upstream,2.0,0,1,0,1,2014-02-01,2014,2
170703050403,2014-03,0.0,22.2355355470741,22.2355355470741,0.0,0.0,Ochoco Reservoir-Ochoco Creek,170703050404,119.48,OR,0,0,upstream,2.0,0,1,0,1,2014-03-01,2014,3
170703050403,2014-04,0.0,23.5466341639735,23.5466341639735,0.0,0.0,Ochoco Reservoir-Ochoco Creek,170703050404,119.48,OR,0,0,upstream,2.0,0,1,0,1,2014-04-01,2014,4
170703050403,2014-05,0.0094516430980139,19.7818868147273,19.9706421972135,0.188755382486198,0.0,Ochoco Reservoir-Ochoco Creek,170703050404,119.48,OR,0,0,upstream,2.0,0,1,0,1,2014-05-01,2014,5
170703050403,2014-06,0.108501643987413,14.2467754877477,15.4190350285321,1.17225954078442,0.0,Ochoco Reservoir-Ochoco Creek,170703050404,119.48,OR,0,0,upstream,2.0,0,1,0,1,2014-06-01,2014,6
170703050403,2014-07,0.1291680719007,11.5597981095813,13.2744307329338,1.71463262335246,0.0,Ochoco Reservoir-Ochoco Creek,170703050404,119.48,OR,0,0,upstream,2.0,0,1,0,1,2014-07-01,2014,7
170703050403,2014-08,0.0827308793166426,10.2105300206958,11.1314441862919,0.920914165596057,0.0,Ochoco Reservoir-Ochoco Creek,170703050404,119.48,OR,0,0,upstream,2.0,0,1,0,1,2014-08-01,2014,8
170703050403,2014-09,0.0975277018873305,8.48224773252719,9.23204714775844,0.749799415231248,0.0,Ochoco Reservoir-Ochoco Creek,170703050404,119.48,OR,0,0,upstream,2.0,0,1,0,1,2014-09-01,2014,9
170703050403,2014-10,0.151132912929793,8.24770002741814,8.48254057476599,0.234840547347853,0.0,Ochoco Reservoir-Ochoco Creek,170703050404,119.48,OR,0,0,upstream,2.0,0,1,0,1,2014-10-01,2014,10
170703050403,2014-11,0.09978052862277,8.38049119919016,8.38049119919016,0.0,0.0,Ochoco Reservoir-Ochoco Creek,170703050404,119.48,OR,0,0,upstream,2.0,0,1,0,1,2014-11-01,2014,11
170703050403,2014-12,0.0,15.1391342985217,15.1391342985217,0.0,0.0,Ochoco Reservoir-Ochoco Creek,170703050404,119.48,OR,0,0,upstream,2.0,0,1,0,1,2014-12-01,2014,12
170703050403,2015-01,0.0,16.8691914405539,16.8691914405539,0.0,0.0,Ochoco Reservoir-Ochoco Creek,170703050404,119.48,OR,0,0,upstream,2.0,0,1,0,1,2015-01-01,2015,1
170703050403,2015-02,0.0,18.3631670382697,18.3631670382697,0.0,0.0,Ochoco Reservoir-Ochoco Creek,170703050404,119.48,OR,0,0,upstream,2.0,0,1,0,1,2015-02-01,2015,2
170703050403,2015-03,0.0,19.2754986469697,19.2754986469697,0.0,0.0,Ochoco Reservoir-Ochoco Creek,170703050404,119.48,OR,0,0,upstream,2.0,0,1,0,1,2015-03-01,2015,3
170703050403,2015-04,0.172672679912136,16.4466667579309,16.4466667579309,0.0,0.0,Ochoco Reservoir-Ochoco Creek,170703050404,119.48,OR,0,0,upstream,2.0,0,1,0,1,2015-04-01,2015,4
170703050403,2015-05,0.24272432108982,15.1232816281671,15.1642268545847,0.0409452264175688,0.0,Ochoco Reservoir-Ochoco Creek,170703050404,119.48,OR,0,0,upstream,2.0,0,1,0,1,2015-05-01,2015,5
170703050403,2015-06,0.270788786169227,11.6533119511982,13.3138062405806,1.66049428938244,0.0,Ochoco Reservoir-Ochoco Creek,170703050404,119.48,OR,0,0,upstream,2.0,0,1,0,1,2015-06-01,2015,6
170703050403,2015-07,0.156438806262871,11.1977946352544,12.4611553529067,1.26336071765225,0.0,Ochoco Reservoir-Ochoco Creek,170703050404,119.48,OR,0,0,upstream,2.0,0,1,0,1,2015-07-01,2015,7
170703050403,2015-08,0.15625486618178,9.39210186455289,10.8600813227917,1.46797945823884,0.0,Ochoco Reservoir-Ochoco Creek,170703050404,119.48,OR,0,0,upstream,2.0,0,1,0,1,2015-08-01,2015,8
170703050403,2015-09,0.082258235292171,8.62576393648664,9.2400389080319,0.614274971545255,0.0,Ochoco Reservoir-Ochoco Creek,170703050404,119.48,OR,0,0,upstream,2.0,0,1,0,1,2015-09-01,2015,9
170703050403,2015-10,0.140034186995526,8.35553665294722,8.6308712694151,0.275334616467877,0.0,Ochoco Reservoir-Ochoco Creek,170703050404,119.48,OR,0,0,upstream,2.0,0,1,0,1,2015-10-01,2015,10
170703050403,2015-11,0.123366097989636,8.16092401275227,8.16092401275227,0.0,0.0,Ochoco Reservoir-Ochoco Creek,170703050404,119.48,OR,0,0,upstream,2.0,0,1,0,1,2015-11-01,2015,11
170703050403,2015-12,0.0,17.3167202261182,17.3167202261182,0.0,0.0,Ochoco Reservoir-Ochoco Creek,170703050404,119.48,OR,0,0,upstream,2.0,0,1,0,1,2015-12-01,2015,12
170703050403,2016-01,0.0,13.8111653491711,13.8111653491711,0.0,0.0,Ochoco Reservoir-Ochoco Creek,170703050404,119.48,OR,0,0,upstream,2.0,0,1,0,1,2016-01-01,2016,1
170703050403,2016-02,0.0,15.5569572091171,15.5569572091171,0.0,0.0,Ochoco Reservoir-Ochoco Creek,170703050404,119.48,OR,0,0,upstream,2.0,0,1,0,1,2016-02-01,2016,2
170703050403,2016-03,0.0,28.1223565853534,28.1223565853534,0.0,0.0,Ochoco Reservoir-Ochoco Creek,170703050404,119.48,OR,0,0,upstream,2.0,0,1,0,1,2016-03-01,2016,3
170703050403,2016-04,0.0,25.4803809120201,25.4803809120201,0.0,0.0,Ochoco Reservoir-Ochoco Creek,170703050404,119.48,OR,0,0,upstream,2.0,0,1,0,1,2016-04-01,2016,4
170703050403,2016-05,0.0059874883234881,19.8510682102451,20.0297951474648,0.17872693721972,0.0,Ochoco Reservoir-Ochoco Creek,170703050404,119.48,OR,0,0,upstream,2.0,0,1,0,1,2016-05-01,2016,5
170703050403,2016-06,0.0250580997731018,15.5802624564062,16.5418785479191,0.961616091512886,0.0,Ochoco Reservoir-Ochoco Creek,170703050404,119.48,OR,0,0,upstream,2.0,0,1,0,1,2016-06-01,2016,6
170703050403,2016-07,0.0,13.3759770750948,14.7960130056607,1.42003593056586,0.0,Ochoco Reservoir-Ochoco Creek,170703050404,119.48,OR,0,0,upstream,2.0,0,1,0,1,2016-07-01,2016,7
170703050403,2016-08,0.0335066017340193,10.7584673192173,12.5664252390834,1.80795791986606,0.0,Ochoco Reservoir-Ochoco Creek,170703050404,119.48,OR,0,0,upstream,2.0,0,1,0,1,2016-08-01,2016,8
170703050403,2016-09,0.0,9.69318153312316,10.403752803275,0.710571270151799,0.0,Ochoco Reservoir-Ochoco Creek,170703050404,119.48,OR,0,0,upstream,2.0,0,1,0,1,2016-09-01,2016,9
170703050403,2016-10,0.0,10.4637408574506,10.5016098759437,0.0378690184930637,0.0,Ochoco Reservoir-Ochoco Creek,170703050404,119.48,OR,0,0,upstream,2.0,0,1,0,1,2016-10-01,2016,10
170703050403,2016-11,0.0,9.87561302143695,9.87561302143695,0.0,0.0,Ochoco Reservoir-Ochoco Creek,170703050404,119.48,OR,0,0,upstream,2.0,0,1,0,1,2016-11-01,2016,11
170703050403,2016-12,0.0820521393642991,9.50400105863783,9.50400105863783,0.0,0.0,Ochoco Reservoir-Ochoco Creek,170703050404,119.48,OR,0,0,upstream,2.0,0,1,0,1,2016-12-01,2016,12
170703050403,2017-01,0.299242212631493,8.64866548895284,8.64866548895284,0.0,0.0,Ochoco Reservoir-Ochoco Creek,170703050404,119.48,OR,0,0,upstream,2.0,0,1,0,1,2017-01-01,2017,1
170703050403,2017-02,0.352693676018184,8.77434476127708,8.77434476127708,0.0,0.0,Ochoco Reservoir-Ochoco Creek,170703050404,119.48,OR,0,0,upstream,2.0,0,1,0,1,2017-02-01,2017,2
170703050403,2017-03,0.0,16.8023138337662,16.8023138337662,0.0,0.0,Ochoco Reservoir-Ochoco Creek,170703050404,119.48,OR,0,0,upstream,2.0,0,1,0,1,2017-03-01,2017,3
170703050403,2017-04,0.0,27.1290142414517,27.1290142414517,0.0,0.0,Ochoco Reservoir-Ochoco Creek,170703050404,119.48,OR,0,0,upstream,2.0,0,1,0,1,2017-04-01,2017,4
170703050403,2017-05,0.0,21.1660784591453,21.6153603180468,0.449281858901487,0.0,Ochoco Reservoir-Ochoco Creek,170703050404,119.48,OR,0,0,upstream,2.0,0,1,0,1,2017-05-01,2017,5
170703050403,2017-06,0.0909172036588192,14.5277873053799,15.9807086481566,1.4529213427767,0.0,Ochoco Reservoir-Ochoco Creek,170703050404,119.48,OR,0,0,upstream,2.0,0,1,0,1,2017-06-01,2017,6
170703050403,2017-07,0.147953478207208,11.3104325347756,13.2740540238537,1.96362148907808,0.0,Ochoco Reservoir-Ochoco Creek,170703050404,119.48,OR,0,0,upstream,2.0,0,1,0,1,2017-07-01,2017,7
170703050403,2017-08,0.153096715799891,9.42725663926081,11.0532462524063,1.62598961314548,0.0,Ochoco Reservoir-Ochoco Creek,170703050404,119.48,OR,0,0,upstream,2.0,0,1,0,1,2017-08-01,2017,8
170703050403,2017-09,0.0644367543514763,8.7932662704814,9.39890094163114,0.605634671149746,0.0,Ochoco Reservoir-Ochoco Creek,170703050404,119.48,OR,0,0,upstream,2.0,0,1,0,1,2017-09-01,2017,9
170703050403,2017-10,0.0456613089083152,9.27247547769759,9.36854058989222,0.0960651121946336,0.0,Ochoco Reservoir-Ochoco Creek,170703050404,119.48,OR,0,0,upstream,2.0,0,1,0,1,2017-10-01,2017,10
170703050403,2017-11,0.0,9.30938672807087,9.30938672807087,0.0,0.0,Ochoco Reservoir-Ochoco Creek,170703050404,119.48,OR,0,0,upstream,2.0,0,1,0,1,2017-11-01,2017,11
170703050403,2017-12,0.0970109259395537,9.34912480744345,9.34912480744345,0.0,0.0,Ochoco Reservoir-Ochoco Creek,170703050404,119.48,OR,0,0,upstream,2.0,0,1,0,1,2017-12-01,2017,12
170703050403,2018-01,0.0697173171663829,11.4814332127608,11.4814332127608,0.0,0.0,Ochoco Reservoir-Ochoco Creek,170703050404,119.48,OR,0,0,upstream,2.0,0,1,0,1,2018-01-01,2018,1
170703050403,2018-02,0.169932203310764,11.2517068867531,11.2517068867531,0.0,0.0,Ochoco Reservoir-Ochoco Creek,170703050404,119.48,OR,0,0,upstream,2.0,0,1,0,1,2018-02-01,2018,2
170703050403,2018-03,0.153940689725022,14.0170785230827,14.0170785230827,0.0,0.0,Ochoco Reservoir-Ochoco Creek,170703050404,119.48,OR,0,0,upstream,2.0,0,1,0,1,2018-03-01,2018,3
170703050403,2018-04,0.229816554445248,15.3106879997251,15.3106879997251,0.0,0.0,Ochoco Reservoir-Ochoco Creek,170703050404,119.48,OR,0,0,upstream,2.0,0,1,0,1,2018-04-01,2018,4
170703050403,2018-05,0.311795513103022,13.7438855663364,14.05835816906,0.314472602723532,0.0,Ochoco Reservoir-Ochoco Creek,170703050404,119.48,OR,0,0,upstream,2.0,0,1,0,1,2018-05-01,2018,5
170703050403,2018-06,0.359760111739738,10.2314871192156,11.1919901369671,0.960503017751512,0.0,Ochoco Reservoir-Ochoco Creek,170703050404,119.48,OR,0,0,upstream,2.0,0,1,0,1,2018-06-01,2018,6
170703050403,2018-07,0.441643269189734,7.41186774740822,9.48615912548517,2.07429137807695,0.0,Ochoco Reservoir-Ochoco Creek,170703050404,119.48,OR,0,0,upstream,2.0,0,1,0,1,2018-07-01,2018,7
170703050403,2018-08,0.424211388287862,6.40935879437615,7.92866201229118,1.51930321791503,0.0,Ochoco Reservoir-Ochoco Creek,170703050404,119.48,OR,0,0,upstream,2.0,0,1,0,1,2018-08-01,2018,8
170703050403,2018-09,0.39650284127366,5.67221001342471,6.56224342759097,0.890033414166258,0.0,Ochoco Reservoir-Ochoco Creek,170703050404,119.48,OR,0,0,upstream,2.0,0,1,0,1,2018-09-01,2018,9
170703050403,2018-10,0.332804825887314,6.4825527336853,6.55942458029111,0.0768718466058011,0.0,Ochoco Reservoir-Ochoco Creek,170703050404,119.48,OR,0,0,upstream,2.0,0,1,0,1,2018-10-01,2018,10
170703050403,2018-11,0.328705993151894,6.24933551798527,6.24933551798527,0.0,0.0,Ochoco Reservoir-Ochoco Creek,170703050404,119.48,OR,0,0,upstream,2.0,0,1,0,1,2018-11-01,2018,11
170703050403,2018-12,0.0,10.3535303759585,10.3535303759585,0.0,0.0,Ochoco Reservoir-Ochoco Creek,170703050404,119.48,OR,0,0,upstream,2.0,0,1,0,1,2018-12-01,2018,12
170703050403,2019-01,0.114166112269249,10.9328517097635,10.9328517097635,0.0,0.0,Ochoco Reservoir-Ochoco Creek,170703050404,119.48,OR,0,0,upstream,2.0,0,1,0,1,2019-01-01,2019,1
170703050403,2019-02,0.130099058084046,11.791651787948,11.791651787948,0.0,0.0,Ochoco Reservoir-Ochoco Creek,170703050404,119.48,OR,0,0,upstream,2.0,0,1,0,1,2019-02-01,2019,2
170703050403,2019-03,0.116800744794926,14.6323941612487,14.6323941612487,0.0,0.0,Ochoco Reservoir-Ochoco Creek,170703050404,119.48,OR,0,0,upstream,2.0,0,1,0,1,2019-03-01,2019,3
170703050403,2019-04,0.0,37.6372593051716,37.6372593051716,0.0,0.0,Ochoco Reservoir-Ochoco Creek,170703050404,119.48,OR,0,0,upstream,2.0,0,1,0,1,2019-04-01,2019,4
170703050403,2019-05,0.0,30.5964590457942,30.8206176923853,0.224158646591055,0.0,Ochoco Reservoir-Ochoco Creek,170703050404,119.48,OR,0,0,upstream,2.0,0,1,0,1,2019-05-01,2019,5
170703050403,2019-06,0.0,21.7274982121451,22.7329164013145,1.00541818916936,0.0,Ochoco Reservoir-Ochoco Creek,170703050404,119.48,OR,0,0,upstream,2.0,0,1,0,1,2019-06-01,2019,6
170703050403,2019-07,0.0,16.7725545298516,18.6760717421875,1.90351721233589,0.0,Ochoco Reservoir-Ochoco Creek,170703050404,119.48,OR,0,0,upstream,2.0,0,1,0,1,2019-07-01,2019,7
170703050403,2019-08,0.0,14.7781746322162,15.7078760939603,0.929701461744093,0.0,Ochoco Reservoir-Ochoco Creek,170703050404,119.48,OR,0,0,upstream,2.0,0,1,0,1,2019-08-01,2019,8
170703050403,2019-09,0.0,13.1963501131281,13.4567514475327,0.260401334404595,0.0,Ochoco Reservoir-Ochoco Creek,170703050404,119.48,OR,0,0,upstream,2.0,0,1,0,1,2019-09-01,2019,9
170703050403,2019-10,0.0,12.9617877190622,12.9634119009438,0.0016241818815587,0.0,Ochoco Reservoir-Ochoco Creek,170703050404,119.48,OR,0,0,upstream,2.0,0,1,0,1,2019-10-01,2019,10
170703050403,2019-11,0.0,11.3827988705818,11.3827988705818,0.0,0.0,Ochoco Reservoir-Ochoco Creek,170703050404,119.48,OR,0,0,upstream,2.0,0,1,0,1,2019-11-01,2019,11
170703050403,2019-12,0.0,11.4210655726818,11.4210655726818,0.0,0.0,Ochoco Reservoir-Ochoco Creek,170703050404,119.48,OR,0,0,upstream,2.0,0,1,0,1,2019-12-01,2019,12
170703050403,2020-01,0.0,12.3418756735197,12.3418756735197,0.0,0.0,Ochoco Reservoir-Ochoco Creek,170703050404,119.48,OR,0,0,upstream,2.0,0,1,0,1,2020-01-01,2020,1
170703050403,2020-02,0.0,14.3075124862546,14.3075124862546,0.0,0.0,Ochoco Reservoir-Ochoco Creek,170703050404,119.48,OR,0,0,upstream,2.0,0,1,0,1,2020-02-01,2020,2
170703050403,2020-03,0.0537274814438525,15.6773597734252,15.6773597734252,0.0,0.0,Ochoco Reservoir-Ochoco Creek,170703050404,119.48,OR,0,0,upstream,2.0,0,1,0,1,2020-03-01,2020,3
170703050403,2020-04,0.140543659127835,17.0853683761029,17.0853683761029,0.0,0.0,Ochoco Reservoir-Ochoco Creek,170703050404,119.48,OR,0,0,upstream,2.0,0,1,0,1,2020-04-01,2020,4
170703050403,2020-05,0.172939551826081,16.5169282859484,16.5169282859484,0.0,0.0,Ochoco Reservoir-Ochoco Creek,170703050404,119.48,OR,0,0,upstream,2.0,0,1,0,1,2020-05-01,2020,5
170703050403,2020-06,0.152841050692212,13.5382003475662,14.3287416352483,0.790541287682091,0.0,Ochoco Reservoir-Ochoco Creek,170703050404,119.48,OR,0,0,upstream,2.0,0,1,0,1,2020-06-01,2020,6
170703050403,2020-07,0.1958531896852,10.6745911326335,12.4468744897585,1.77228335712501,0.0,Ochoco Reservoir-Ochoco Creek,170703050404,119.48,OR,0,0,upstream,2.0,0,1,0,1,2020-07-01,2020,7
170703050403,2020-08,0.189636149695413,9.0205199702541,10.3830418173537,1.36252184709963,0.0,Ochoco Reservoir-Ochoco Creek,170703050404,119.48,OR,0,0,upstream,2.0,0,1,0,1,2020-08-01,2020,8
170703050403,2020-09,0.192233623171178,7.5921161597944,8.56573991701534,0.973623757220947,0.0,Ochoco Reservoir-Ochoco Creek,170703050404,119.48,OR,0,0,upstream,2.0,0,1,0,1,2020-09-01,2020,9
170703050404,2009-10,0.131606460193708,8.16643034156447,8.2404187170924,0.0739883755279249,0.062409270138997,Town of Prineville-Ochoco Creek,170703051002,48.76,OR,0,1,upstream,1.0,0,1,1,1,2009-10-01,2009,10
170703050404,2009-11,0.153496059643894,7.63363353548563,7.64012666697259,0.0064931314869663,0.0501274921865646,Town of Prineville-Ochoco Creek,170703051002,48.76,OR,0,1,upstream,1.0,0,1,1,1,2009-11-01,2009,11
170703050404,2009-12,0.203452335046339,8.0454047104824,8.04880827973043,0.0034035692480348,0.0254282183729413,Town of Prineville-Ochoco Creek,170703051002,48.76,OR,0,1,upstream,1.0,0,1,1,1,2009-12-01,2009,12
170703050404,2010-01,0.0,12.8655044258854,12.8699806386442,0.0044762127588295,0.03344198610943,Town of Prineville-Ochoco Creek,170703051002,48.76,OR,0,1,upstream,1.0,0,1,1,1,2010-01-01,2010,1
170703050404,2010-02,0.0004007235653017,13.1823226928839,13.1876072778901,0.0052845850061939,0.0437115183294009,Town of Prineville-Ochoco Creek,170703051002,48.76,OR,0,1,upstream,1.0,0,1,1,1,2010-02-01,2010,2
170703050404,2010-03,0.0005972043067807,16.0587889294031,16.0683850381509,0.0095961087477948,0.0716929584759617,Town of Prineville-Ochoco Creek,170703051002,48.76,OR,0,1,upstream,1.0,0,1,1,1,2010-03-01,2010,3
170703050404,2010-04,0.0005644561974629,19.1747384160928,19.1855678287556,0.0108294126627859,0.0836039282014457,Town of Prineville-Ochoco Creek,170703051002,48.76,OR,0,1,upstream,1.0,0,1,1,1,2010-04-01,2010,4
170703050404,2010-05,0.0,19.3912498559868,19.4040609346009,0.0128110786140666,0.0957121424162287,Town of Prineville-Ochoco Creek,170703051002,48.76,OR,0,1,upstream,1.0,0,1,1,1,2010-05-01,2010,5
170703050404,2010-06,0.0,16.4323002198949,16.7942279094176,0.361927689522677,0.117798679685544,Town of Prineville-Ochoco Creek,170703051002,48.76,OR,0,1,upstream,1.0,0,1,1,1,2010-06-01,2010,6
170703050404,2010-07,0.26932995619378,9.39671912404001,13.8192771901181,4.42255806607806,0.165540595507802,Town of Prineville-Ochoco Creek,170703051002,48.76,OR,0,1,upstream,1.0,0,1,1,1,2010-07-01,2010,7
170703050404,2010-08,0.310869419173208,7.43681948301609,10.916747253372,3.47992777035592,0.145758784983412,Town of Prineville-Ochoco Creek,170703051002,48.76,OR,0,1,upstream,1.0,0,1,1,1,2010-08-01,2010,8
170703050404,2010-09,0.0777186061192899,8.40437412990817,9.20181195130962,0.797437821401447,0.0952812484540248,Town of Prineville-Ochoco Creek,170703051002,48.76,OR,0,1,upstream,1.0,0,1,1,1,2010-09-01,2010,9
170703050404,2010-10,0.0209229027565907,9.20730584366505,9.42875271632508,0.221446872660022,0.0677668391286259,Town of Prineville-Ochoco Creek,170703051002,48.76,OR,0,1,upstream,1.0,0,1,1,1,2010-10-01,2010,10
170703050404,2010-11,0.0,11.1988995493132,11.2034719161174,0.0045723668041543,0.0349972497672739,Town of Prineville-Ochoco Creek,170703051002,48.76,OR,0,1,upstream,1.0,0,1,1,1,2010-11-01,2010,11
170703050404,2010-12,0.0,16.0568138465422,16.0603604392128,0.003546592670639,0.0264967527723889,Town of Prineville-Ochoco Creek,170703051002,48.76,OR,0,1,upstream,1.0,0,1,1,1,2010-12-01,2010,12
170703050404,2011-01,0.0,18.9954969161023,18.9984206026434,0.0029236865411216,0.0218429931650709,Town of Prineville-Ochoco Creek,170703051002,48.76,OR,0,1,upstream,1.0,0,1,1,1,2011-01-01,2011,1
170703050404,2011-02,0.0,26.5738152878226,26.577711472254,0.0038961844313682,0.032227343677292,Town of Prineville-Ochoco Creek,170703051002,48.76,OR,0,1,upstream,1.0,0,1,1,1,2011-02-01,2011,2
170703050404,2011-03,0.0,28.5685027074994,28.5752769528839,0.0067742453845091,0.0506106908354073,Town of Prineville-Ochoco Creek,170703051002,48.76,OR,0,1,upstream,1.0,0,1,1,1,2011-03-01,2011,3
170703050404,2011-04,0.0,34.0874672862904,34.0955104123212,0.0080431260307975,0.0620935735051205,Town of Prineville-Ochoco Creek,170703051002,48.76,OR,0,1,upstream,1.0,0,1,1,1,2011-04-01,2011,4
170703050404,2011-05,0.0,29.231419983087,29.2422381549964,0.0108181719094799,0.0808230471200512,Town of Prineville-Ochoco Creek,170703051002,48.76,OR,0,1,upstream,1.0,0,1,1,1,2011-05-01,2011,5
170703050404,2011-06,0.0,22.6036842342301,23.3586342799353,0.754950045705103,0.112864886389798,Town of Prineville-Ochoco Creek,170703051002,48.76,OR,0,1,upstream,1.0,0,1,1,1,2011-06-01,2011,6
170703050404,2011-07,0.0,15.3577010488606,18.6758898091824,3.31818876032182,0.122599113164027,Town of Prineville-Ochoco Creek,170703051002,48.76,OR,0,1,upstream,1.0,0,1,1,1,2011-07-01,2011,7
170703050404,2011-08,0.0,11.8545954455216,15.2998418996338,3.44524645411211,0.126308157185453,Town of Prineville-Ochoco Creek,170703051002,48.76,OR,0,1,upstream,1.0,0,1,1,1,2011-08-01,2011,8
170703050404,2011-09,0.0,9.91061085322232,12.4421245367562,2.53151368353383,0.118674794366662,Town of Prineville-Ochoco Creek,170703051002,48.76,OR,0,1,upstream,1.0,0,1,1,1,2011-09-01,2011,9
170703050404,2011-10,0.0,11.0410256082239,11.151635307253,0.11060969902912,0.0522007840925515,Town of Prineville-Ochoco Creek,170703051002,48.76,OR,0,1,upstream,1.0,0,1,1,1,2011-10-01,2011,10
170703050404,2011-11,0.0,9.49041729178117,9.49525254325702,0.0048352514758507,0.0373285264686706,Town of Prineville-Ochoco Creek,170703051002,48.76,OR,0,1,upstream,1.0,0,1,1,1,2011-11-01,2011,11
170703050404,2011-12,0.103096591620545,9.05903215100577,9.06251355721695,0.0034814062111742,0.0260097418125892,Town of Prineville-Ochoco Creek,170703051002,48.76,OR,0,1,upstream,1.0,0,1,1,1,2011-12-01,2011,12
170703050404,2012-01,0.061585785060188,11.2580986815898,11.2638615180243,0.005762836434464,0.0430544092463241,Town of Prineville-Ochoco Creek,170703051002,48.76,OR,0,1,upstream,1.0,0,1,1,1,2012-01-01,2012,1
170703050404,2012-02,0.0749513271826718,12.1991786100483,12.2055600940551,0.0063814840067506,0.0509643773253037,Town of Prineville-Ochoco Creek,170703051002,48.76,OR,0,1,upstream,1.0,0,1,1,1,2012-02-01,2012,2
170703050404,2012-03,0.138510700385694,13.8427417724496,13.8525749985104,0.0098332260608176,0.0734644725472651,Town of Prineville-Ochoco Creek,170703051002,48.76,OR,0,1,upstream,1.0,0,1,1,1,2012-03-01,2012,3
170703050404,2012-04,0.0678860185684012,17.8831360148873,17.8972398127712,0.0141037978838754,0.108882442877367,Town of Prineville-Ochoco Creek,170703051002,48.76,OR,0,1,upstream,1.0,0,1,1,1,2012-04-01,2012,4
170703050404,2012-05,0.0506274089791053,18.3611143654884,18.3792976473149,0.0181832818265523,0.135848113356083,Town of Prineville-Ochoco Creek,170703051002,48.76,OR,0,1,upstream,1.0,0,1,1,1,2012-05-01,2012,5
170703050404,2012-06,0.0,16.8049396133172,17.0859160642591,0.280976450941904,0.141963357984747,Town of Prineville-Ochoco Creek,170703051002,48.76,OR,0,1,upstream,1.0,0,1,1,1,2012-06-01,2012,6
170703050404,2012-07,0.153556294329884,10.8856163242448,14.9743262012761,4.08870987703127,0.198113814721584,Town of Prineville-Ochoco Creek,170703051002,48.76,OR,0,1,upstream,1.0,0,1,1,1,2012-07-01,2012,7
170703050404,2012-08,0.221807957043544,8.39793488723621,12.2045577508236,3.80662286358741,0.191196756388689,Town of Prineville-Ochoco Creek,170703051002,48.76,OR,0,1,upstream,1.0,0,1,1,1,2012-08-01,2012,8
170703050404,2012-09,0.167448355332601,7.58670352744881,9.92297520414591,2.33627167669711,0.163562442688382,Town of Prineville-Ochoco Creek,170703051002,48.76,OR,0,1,upstream,1.0,0,1,1,1,2012-09-01,2012,9
170703050404,2012-10,0.0392717017098704,9.03475252350015,9.40406620641849,0.369313682918339,0.0901514547815778,Town of Prineville-Ochoco Creek,170703051002,48.76,OR,0,1,upstream,1.0,0,1,1,1,2012-10-01,2012,10
170703050404,2012-11,0.0,13.3817386687271,13.3882686528799,0.0065299841528421,0.050411997702039,Town of Prineville-Ochoco Creek,170703051002,48.76,OR,0,1,upstream,1.0,0,1,1,1,2012-11-01,2012,11
170703050404,2012-12,0.0,14.8587208572247,14.8620944283204,0.0033735710957769,0.0252041008331448,Town of Prineville-Ochoco Creek,170703051002,48.76,OR,0,1,upstream,1.0,0,1,1,1,2012-12-01,2012,12
170703050404,2013-01,0.0,13.1224159181463,13.1260752590006,0.0036593408542695,0.0273390995047683,Town of Prineville-Ochoco Creek,170703051002,48.76,OR,0,1,upstream,1.0,0,1,1,1,2013-01-01,2013,1
170703050404,2013-02,0.0816447971468449,12.1109077568345,12.1157135812444,0.0048058244099194,0.0397514434030027,Town of Prineville-Ochoco Creek,170703051002,48.76,OR,0,1,upstream,1.0,0,1,1,1,2013-02-01,2013,2
170703050404,2013-03,0.0801186099355806,14.7810083649845,14.7908692274487,0.009860862464132,0.0736709453548703,Town of Prineville-Ochoco Creek,170703051002,48.76,OR,0,1,upstream,1.0,0,1,1,1,2013-03-01,2013,3
170703050404,2013-04,0.0519826427940506,18.1882513095123,18.202064993261,0.0138136837487142,0.106642738649492,Town of Prineville-Ochoco Creek,170703051002,48.76,OR,0,1,upstream,1.0,0,1,1,1,2013-04-01,2013,4
170703050404,2013-05,0.210836395190177,15.2626306447426,15.2826960967296,0.0200654519869242,0.149909890968101,Town of Prineville-Ochoco Creek,170703051002,48.76,OR,0,1,upstream,1.0,0,1,1,1,2013-05-01,2013,5
170703050404,2013-06,0.238213865479964,11.7861657504415,12.6471160336975,0.860950283256018,0.167317642046962,Town of Prineville-Ochoco Creek,170703051002,48.76,OR,0,1,upstream,1.0,0,1,1,1,2013-06-01,2013,6
170703050404,2013-07,0.468001091694045,6.84172610882727,11.0709610352918,4.22923492646451,0.22662425625118,Town of Prineville-Ochoco Creek,170703051002,48.76,OR,0,1,upstream,1.0,0,1,1,1,2013-07-01,2013,7
170703050404,2013-08,0.313795107797461,7.40524663054453,9.9705758169009,2.56532918635637,0.176380388896503,Town of Prineville-Ochoco Creek,170703051002,48.76,OR,0,1,upstream,1.0,0,1,1,1,2013-08-01,2013,8
170703050404,2013-09,0.180176330746501,7.47071867943558,8.93657708685347,1.4658584074179,0.120830554918659,Town of Prineville-Ochoco Creek,170703051002,48.76,OR,0,1,upstream,1.0,0,1,1,1,2013-09-01,2013,9
170703050404,2013-10,0.0,9.82523753519835,9.8355013450529,0.0102638098545506,0.073764723365581,Town of Prineville-Ochoco Creek,170703051002,48.76,OR,0,1,upstream,1.0,0,1,1,1,2013-10-01,2013,10
170703050404,2013-11,0.0274157223100916,8.77060531476851,8.77611243164847,0.005507116879963,0.042515380895177,Town of Prineville-Ochoco Creek,170703051002,48.76,OR,0,1,upstream,1.0,0,1,1,1,2013-11-01,2013,11
170703050404,2013-12,0.166374764421677,8.41990089505693,8.42331927497352,0.0034183799165871,0.0255388695413921,Town of Prineville-Ochoco Creek,170703051002,48.76,OR,0,1,upstream,1.0,0,1,1,1,2013-12-01,2013,12
170703050404,2014-01,0.190788303250007,9.70806387123247,9.71439096621747,0.0063270949850004,0.0472700101629569,Town of Prineville-Ochoco Creek,170703051002,48.76,OR,0,1,upstream,1.0,0,1,1,1,2014-01-01,2014,1
170703050404,2014-02,0.0,13.4287247440505,13.4336873358928,0.0049625918422261,0.0410481473982442,Town of Prineville-Ochoco Creek,170703051002,48.76,OR,0,1,upstream,1.0,0,1,1,1,2014-02-01,2014,2
170703050404,2014-03,0.0,21.5996077997771,21.6114249244574,0.0118171246803675,0.0882862680364619,Town of Prineville-Ochoco Creek,170703051002,48.76,OR,0,1,upstream,1.0,0,1,1,1,2014-03-01,2014,3
170703050404,2014-04,0.0,22.775895549999,22.7913532925775,0.0154577425785067,0.119335003746865,Town of Prineville-Ochoco Creek,170703051002,48.76,OR,0,1,upstream,1.0,0,1,1,1,2014-04-01,2014,4
170703050404,2014-05,0.0390889664967355,18.5842708627605,19.3402617045685,0.755990841807975,0.154369656637457,Town of Prineville-Ochoco Creek,170703051002,48.76,OR,0,1,upstream,1.0,0,1,1,1,2014-05-01,2014,5
170703050404,2014-06,0.214841318950156,12.14777998169,14.9436053375846,2.79582535589465,0.179527944537394,Town of Prineville-Ochoco Creek,170703051002,48.76,OR,0,1,upstream,1.0,0,1,1,1,2014-06-01,2014,6
170703050404,2014-07,0.324786930838926,8.68351948129175,12.8604138129031,4.17689433161132,0.221097026614288,Town of Prineville-Ochoco Creek,170703051002,48.76,OR,0,1,upstream,1.0,0,1,1,1,2014-07-01,2014,7
170703050404,2014-08,0.234090912222652,8.26538218543126,10.79159696279,2.5262147773587,0.178728546478639,Town of Prineville-Ochoco Creek,170703051002,48.76,OR,0,1,upstream,1.0,0,1,1,1,2014-08-01,2014,8
170703050404,2014-09,0.223706392663397,7.07404698175739,8.94560654010909,1.8715595583517,0.150386399804449,Town of Prineville-Ochoco Creek,170703051002,48.76,OR,0,1,upstream,1.0,0,1,1,1,2014-09-01,2014,9
170703050404,2014-10,0.193346908837818,7.58581907490129,8.22898690714855,0.643167832247267,0.0935767463804458,Town of Prineville-Ochoco Creek,170703051002,48.76,OR,0,1,upstream,1.0,0,1,1,1,2014-10-01,2014,10
170703050404,2014-11,0.0944578253454976,8.16603063812227,8.17170795543925,0.005677317316977,0.0414876408235357,Town of Prineville-Ochoco Creek,170703051002,48.76,OR,0,1,upstream,1.0,0,1,1,1,2014-11-01,2014,11
170703050404,2014-12,0.0,14.7122696628802,14.71604982188,0.0037801589998243,0.0282417372843149,Town of Prineville-Ochoco Creek,170703051002,48.76,OR,0,1,upstream,1.0,0,1,1,1,2014-12-01,2014,12
170703050404,2015-01,0.0,16.3484523056575,16.3544087209243,0.0059564152668274,0.0445006453775735,Town of Prineville-Ochoco Creek,170703051002,48.76,OR,0,1,upstream,1.0,0,1,1,1,2015-01-01,2015,1
170703050404,2015-02,0.0,17.7586516652881,17.7667694749562,0.0081178096681134,0.0671465754995755,Town of Prineville-Ochoco Creek,170703051002,48.76,OR,0,1,upstream,1.0,0,1,1,1,2015-02-01,2015,2
170703050404,2015-03,0.0,18.5991982484692,18.6124555128076,0.0132572643383493,0.0990456159568363,Town of Prineville-Ochoco Creek,170703051002,48.76,OR,0,1,upstream,1.0,0,1,1,1,2015-03-01,2015,3
170703050404,2015-04,0.172797859163389,15.8703427811126,15.8868445412812,0.0165017601685424,0.122428949686568,Town of Prineville-Ochoco Creek,170703051002,48.76,OR,0,1,upstream,1.0,0,1,1,1,2015-04-01,2015,4
170703050404,2015-05,0.255708079026725,14.3948005362191,14.6921643031198,0.297363766900712,0.151229855252542,Town of Prineville-Ochoco Creek,170703051002,48.76,OR,0,1,upstream,1.0,0,1,1,1,2015-05-01,2015,5
170703050404,2015-06,0.418426944664745,8.99795377673903,12.8966368807767,3.89868310403771,0.233908750806432,Town of Prineville-Ochoco Creek,170703051002,48.76,OR,0,1,upstream,1.0,0,1,1,1,2015-06-01,2015,6
170703050404,2015-07,0.304376690588167,8.94600361693729,12.091306969462,3.14530335252473,0.215215954164582,Town of Prineville-Ochoco Creek,170703051002,48.76,OR,0,1,upstream,1.0,0,1,1,1,2015-07-01,2015,7
170703050404,2015-08,0.360899010173521,6.89692030072749,10.513349670249,3.61642936952153,0.20646637926448,Town of Prineville-Ochoco Creek,170703051002,48.76,OR,0,1,upstream,1.0,0,1,1,1,2015-08-01,2015,8
170703050404,2015-09,0.19982437717261,7.29167404708968,8.95210126062754,1.66042721353786,0.146384543450452,Town of Prineville-Ochoco Creek,170703051002,48.76,OR,0,1,upstream,1.0,0,1,1,1,2015-09-01,2015,9
170703050404,2015-10,0.190405383698647,7.61348137205789,8.35232899849398,0.738847626436087,0.10330875637167,Town of Prineville-Ochoco Creek,170703051002,48.76,OR,0,1,upstream,1.0,0,1,1,1,2015-10-01,2015,10
170703050404,2015-11,0.124228294669247,7.89756543416668,7.9038771891955,0.0063117550288256,0.046060830485059,Town of Prineville-Ochoco Creek,170703051002,48.76,OR,0,1,upstream,1.0,0,1,1,1,2015-11-01,2015,11
170703050404,2015-12,0.0,16.9350016920166,16.9399286801095,0.0049269880928359,0.0368097488299535,Town of Prineville-Ochoco Creek,170703051002,48.76,OR,0,1,upstream,1.0,0,1,1,1,2015-12-01,2015,12
170703050404,2016-01,0.0,13.5696314391947,13.5755722591966,0.0059408200018845,0.0443841324543289,Town of Prineville-Ochoco Creek,170703051002,48.76,OR,0,1,upstream,1.0,0,1,1,1,2016-01-01,2016,1
170703050404,2016-02,0.0,15.1824953738316,15.1934991320489,0.0110037582173258,0.0878791963109152,Town of Prineville-Ochoco Creek,170703051002,48.76,OR,0,1,upstream,1.0,0,1,1,1,2016-02-01,2016,2
170703050404,2016-03,0.0,27.071281458735,27.0840383677274,0.0127569089923284,0.0953074387447714,Town of Prineville-Ochoco Creek,170703051002,48.76,OR,0,1,upstream,1.0,0,1,1,1,2016-03-01,2016,3
170703050404,2016-04,0.0,24.5045912469637,24.5255617807927,0.0209705338289968,0.161894191234413,Town of Prineville-Ochoco Creek,170703051002,48.76,OR,0,1,upstream,1.0,0,1,1,1,2016-04-01,2016,4
170703050404,2016-05,0.0344429222977477,18.6741265734599,19.3774825810991,0.703356007639172,0.179602423678153,Town of Prineville-Ochoco Creek,170703051002,48.76,OR,0,1,upstream,1.0,0,1,1,1,2016-05-01,2016,5
170703050404,2016-06,0.121748952560595,13.5880819386946,16.029823571569,2.44174163287437,0.221964083909853,Town of Prineville-Ochoco Creek,170703051002,48.76,OR,0,1,upstream,1.0,0,1,1,1,2016-06-01,2016,6
170703050404,2016-07,0.151307995030591,10.914530383609,14.3444084713317,3.42987808772274,0.224930273202645,Town of Prineville-Ochoco Creek,170703051002,48.76,OR,0,1,upstream,1.0,0,1,1,1,2016-07-01,2016,7
170703050404,2016-08,0.274928838129803,7.82467574824501,12.1619552633379,4.33727951509284,0.236772719591588,Town of Prineville-Ochoco Creek,170703051002,48.76,OR,0,1,upstream,1.0,0,1,1,1,2016-08-01,2016,8
170703050404,2016-09,0.108089896723753,8.1276129475384,10.0549501090003,1.92733716146195,0.164456037893953,Town of Prineville-Ochoco Creek,170703051002,48.76,OR,0,1,upstream,1.0,0,1,1,1,2016-09-01,2016,9
170703050404,2016-10,0.0,10.0178015579747,10.1890215961505,0.171220038175783,0.0877246749300775,Town of Prineville-Ochoco Creek,170703051002,48.76,OR,0,1,upstream,1.0,0,1,1,1,2016-10-01,2016,10
170703050404,2016-11,0.0,9.56318126999738,9.57318633358925,0.0100050635918756,0.0763519164235956,Town of Prineville-Ochoco Creek,170703051002,48.76,OR,0,1,upstream,1.0,0,1,1,1,2016-11-01,2016,11
170703050404,2016-12,0.0869646019115226,9.22197078193123,9.22547812139402,0.0035073394627859,0.026203490297502,Town of Prineville-Ochoco Creek,170703051002,48.76,OR,0,1,upstream,1.0,0,1,1,1,2016-12-01,2016,12
170703050404,2017-01,0.296664777489409,8.43787020188099,8.44175349245095,0.0038832905699622,0.0290122378663512,Town of Prineville-Ochoco Creek,170703051002,48.76,OR,0,1,upstream,1.0,0,1,1,1,2017-01-01,2017,1
170703050404,2017-02,0.342243632476761,8.67423265942801,8.68376972200832,0.0095370625803081,0.0788859456890493,Town of Prineville-Ochoco Creek,170703051002,48.76,OR,0,1,upstream,1.0,0,1,1,1,2017-02-01,2017,2
170703050404,2017-03,0.0,16.4986312136142,16.5130708765268,0.0144396629126183,0.10787936869089,Town of Prineville-Ochoco Creek,170703051002,48.76,OR,0,1,upstream,1.0,0,1,1,1,2017-03-01,2017,3
170703050404,2017-04,0.0,26.1823198516497,26.1997841747648,0.017464323115097,0.134825965291621,Town of Prineville-Ochoco Creek,170703051002,48.76,OR,0,1,upstream,1.0,0,1,1,1,2017-04-01,2017,4
170703050404,2017-05,0.0,19.8734195766154,20.8981468459051,1.02472726928974,0.198443818980661,Town of Prineville-Ochoco Creek,170703051002,48.76,OR,0,1,upstream,1.0,0,1,1,1,2017-05-01,2017,5
170703050404,2017-06,0.231607273605983,11.8883812980129,15.4717514750611,3.58337017704825,0.241592373208347,Town of Prineville-Ochoco Creek,170703051002,48.76,OR,0,1,upstream,1.0,0,1,1,1,2017-06-01,2017,6
170703050404,2017-07,0.368026141780077,8.12744533564515,12.8518607826656,4.72441544702041,0.271064015372379,Town of Prineville-Ochoco Creek,170703051002,48.76,OR,0,1,upstream,1.0,0,1,1,1,2017-07-01,2017,7
170703050404,2017-08,0.382764791881509,6.66095359725854,10.6985672335126,4.03761363625401,0.257497910148027,Town of Prineville-Ochoco Creek,170703051002,48.76,OR,0,1,upstream,1.0,0,1,1,1,2017-08-01,2017,8
170703050404,2017-09,0.18616658318785,7.41613195245212,9.11259208487861,1.69646013242649,0.178655486900126,Town of Prineville-Ochoco Creek,170703051002,48.76,OR,0,1,upstream,1.0,0,1,1,1,2017-09-01,2017,9
170703050404,2017-10,0.0678063705209232,8.76641060882278,9.07971350437665,0.313302895553865,0.107806927424078,Town of Prineville-Ochoco Creek,170703051002,48.76,OR,0,1,upstream,1.0,0,1,1,1,2017-10-01,2017,10
170703050404,2017-11,0.0010360487463512,9.00849287933982,9.01783579681191,0.0093429174720878,0.0721280669461089,Town of Prineville-Ochoco Creek,170703051002,48.76,OR,0,1,upstream,1.0,0,1,1,1,2017-11-01,2017,11
170703050404,2017-12,0.104506261287397,9.04479400371476,9.0498461750978,0.0050521713830361,0.0377449988007574,Town of Prineville-Ochoco Creek,170703051002,48.76,OR,0,1,upstream,1.0,0,1,1,1,2017-12-01,2017,12
170703050404,2018-01,0.0737559307744938,11.1120941782056,11.1181905359429,0.0060963577372703,0.0455461618453591,Town of Prineville-Ochoco Creek,170703051002,48.76,OR,0,1,upstream,1.0,0,1,1,1,2018-01-01,2018,1
170703050404,2018-02,0.176134561031981,10.8648138589367,10.872057950812,0.0072440918752588,0.0599196066321382,Town of Prineville-Ochoco Creek,170703051002,48.76,OR,0,1,upstream,1.0,0,1,1,1,2018-02-01,2018,2
170703050404,2018-03,0.158392930027987,13.5232664511403,13.5339752174417,0.0107087663014017,0.0800056729194112,Town of Prineville-Ochoco Creek,170703051002,48.76,OR,0,1,upstream,1.0,0,1,1,1,2018-03-01,2018,3
170703050404,2018-04,0.231808186461322,14.738196144141,14.7540514470071,0.0158553028660449,0.122404200828005,Town of Prineville-Ochoco Creek,170703051002,48.76,OR,0,1,upstream,1.0,0,1,1,1,2018-04-01,2018,4
170703050404,2018-05,0.358877212389954,12.3994824971407,13.5675228079787,1.16804031083793,0.170931394536537,Town of Prineville-Ochoco Creek,170703051002,48.76,OR,0,1,upstream,1.0,0,1,1,1,2018-05-01,2018,5
170703050404,2018-06,0.458329252764864,8.38059518253266,10.8144654204389,2.43387023790628,0.199701387885257,Town of Prineville-Ochoco Creek,170703051002,48.76,OR,0,1,upstream,1.0,0,1,1,1,2018-06-01,2018,6
170703050404,2018-07,0.662634009664705,4.33866624211175,9.16689749471736,4.82823125260561,0.23234210109722,Town of Prineville-Ochoco Creek,170703051002,48.76,OR,0,1,upstream,1.0,0,1,1,1,2018-07-01,2018,7
170703050404,2018-08,0.63536548864698,3.93498868524566,7.6693427212698,3.73435403602415,0.206280647150114,Town of Prineville-Ochoco Creek,170703051002,48.76,OR,0,1,upstream,1.0,0,1,1,1,2018-08-01,2018,8
170703050404,2018-09,0.545419335015527,4.14240816967637,6.34283582849089,2.20042765881452,0.14763965613875,Town of Prineville-Ochoco Creek,170703051002,48.76,OR,0,1,upstream,1.0,0,1,1,1,2018-09-01,2018,9
170703050404,2018-10,0.344743216231502,6.1620781767638,6.36352867991799,0.20145050315419,0.087080705472486,Town of Prineville-Ochoco Creek,170703051002,48.76,OR,0,1,upstream,1.0,0,1,1,1,2018-10-01,2018,10
170703050404,2018-11,0.326666091794098,6.07201462062645,6.07980875157755,0.0077941309511081,0.0601713116601724,Town of Prineville-Ochoco Creek,170703051002,48.76,OR,0,1,upstream,1.0,0,1,1,1,2018-11-01,2018,11
170703050404,2018-12,0.0005159174832957,10.0951321550856,10.1003430986775,0.0052109435918932,0.038931193088035,Town of Prineville-Ochoco Creek,170703051002,48.76,OR,0,1,upstream,1.0,0,1,1,1,2018-12-01,2018,12
170703050404,2019-01,0.111563138708888,10.6585233871578,10.663474467968,0.0049510808102367,0.0369897466012988,Town of Prineville-Ochoco Creek,170703051002,48.76,OR,0,1,upstream,1.0,0,1,1,1,2019-01-01,2019,1
170703050404,2019-02,0.128644011635062,11.4911005737945,11.4947225912749,0.0036220174803085,0.0299595679309441,Town of Prineville-Ochoco Creek,170703051002,48.76,OR,0,1,upstream,1.0,0,1,1,1,2019-02-01,2019,2
170703050404,2019-03,0.104068396045156,14.3961739801945,14.40309615098,0.0069221707855211,0.0517158481352061,Town of Prineville-Ochoco Creek,170703051002,48.76,OR,0,1,upstream,1.0,0,1,1,1,2019-03-01,2019,3
170703050404,2019-04,0.0,36.5567780875385,36.5693589554021,0.0125808678635801,0.0971253018359024,Town of Prineville-Ochoco Creek,170703051002,48.76,OR,0,1,upstream,1.0,0,1,1,1,2019-04-01,2019,4
170703050404,2019-05,0.0,29.4382706499331,30.0164703546725,0.578199704739357,0.139430399414686,Town of Prineville-Ochoco Creek,170703051002,48.76,OR,0,1,upstream,1.0,0,1,1,1,2019-05-01,2019,5
170703050404,2019-06,0.0,19.7098494175992,22.1714567825151,2.46160736491587,0.173320647359301,Town of Prineville-Ochoco Creek,170703051002,48.76,OR,0,1,upstream,1.0,0,1,1,1,2019-06-01,2019,6
170703050404,2019-07,0.0,13.82816490036,18.1793150007125,4.35115010035255,0.173189263636054,Town of Prineville-Ochoco Creek,170703051002,48.76,OR,0,1,upstream,1.0,0,1,1,1,2019-07-01,2019,7
170703050404,2019-08,0.0,12.6883155936919,15.2642047080806,2.57588911438876,0.170618734438456,Town of Prineville-Ochoco Creek,170703051002,48.76,OR,0,1,upstream,1.0,0,1,1,1,2019-08-01,2019,8
170703050404,2019-09,0.0,12.3223261976849,13.0870934495438,0.764767251858975,0.102816009731207,Town of Prineville-Ochoco Creek,170703051002,48.76,OR,0,1,upstream,1.0,0,1,1,1,2019-09-01,2019,9
170703050404,2019-10,0.0,12.4132110124264,12.596036134211,0.182825121784514,0.0779472176183409,Town of Prineville-Ochoco Creek,170703051002,48.76,OR,0,1,upstream,1.0,0,1,1,1,2019-10-01,2019,10
170703050404,2019-11,0.0,11.0343775138669,11.0405987219166,0.0062212080497554,0.0480282215955567,Town of Prineville-Ochoco Creek,170703051002,48.76,OR,0,1,upstream,1.0,0,1,1,1,2019-11-01,2019,11
170703050404,2019-12,0.0,11.0904086179551,11.0941590279253,0.0037504099701975,0.0280194809508585,Town of Prineville-Ochoco Creek,170703051002,48.76,OR,0,1,upstream,1.0,0,1,1,1,2019-12-01,2019,12
170703050404,2020-01,0.0004551792602798,11.9914788687227,11.9969396268277,0.0054607581049621,0.0407975685098701,Town of Prineville-Ochoco Creek,170703051002,48.76,OR,0,1,upstream,1.0,0,1,1,1,2020-01-01,2020,1
170703050404,2020-02,0.0,13.8726190224103,13.8798877387768,0.0072687163664803,0.0580500716103089,Town of Prineville-Ochoco Creek,170703051002,48.76,OR,0,1,upstream,1.0,0,1,1,1,2020-02-01,2020,2
170703050404,2020-03,0.0558769548962979,15.1705326121178,15.1791371708789,0.0086045587611176,0.0642850440921213,Town of Prineville-Ochoco Creek,170703051002,48.76,OR,0,1,upstream,1.0,0,1,1,1,2020-03-01,2020,3
170703050404,2020-04,0.141471449624716,16.4713577361482,16.4854598143527,0.0141020782044645,0.108869166815361,Town of Prineville-Ochoco Creek,170703051002,48.76,OR,0,1,upstream,1.0,0,1,1,1,2020-04-01,2020,4
170703050404,2020-05,0.177014053933814,15.9167635761019,15.9615121677505,0.0447485916485946,0.127628933482225,Town of Prineville-Ochoco Creek,170703051002,48.76,OR,0,1,upstream,1.0,0,1,1,1,2020-05-01,2020,5
170703050404,2020-06,0.246602840705745,11.6563736106177,13.8637825147104,2.2074089040927,0.154413845666418,Town of Prineville-Ochoco Creek,170703051002,48.76,OR,0,1,upstream,1.0,0,1,1,1,2020-06-01,2020,6
170703050404,2020-07,0.401984083169755,7.69073215713958,12.0350076757092,4.34427551856961,0.172433035071721,Town of Prineville-Ochoco Creek,170703051002,48.76,OR,0,1,upstream,1.0,0,1,1,1,2020-07-01,2020,7
170703050404,2020-08,0.389997966444622,6.58289609261192,10.0277545625784,3.4448584699665,0.158941580247225,Town of Prineville-Ochoco Creek,170703051002,48.76,OR,0,1,upstream,1.0,0,1,1,1,2020-08-01,2020,8
170703050404,2020-09,0.355483416349419,5.87321671874728,8.27502915085429,2.401812432107,0.134963044059971,Town of Prineville-Ochoco Creek,170703051002,48.76,OR,0,1,upstream,1.0,0,1,1,1,2020-09-01,2020,9
170703051001,2009-10,0.146006256988672,11.6611439484596,11.7083696024699,0.0472256540103624,0.0026208617381206,Juniper Canyon,170703051002,50.97,OR,0,1,upstream,1.0,1,1,1,1,2009-10-01,2009,10
170703051001,2009-11,0.134531367977186,11.5186116155426,11.5233018065661,0.0046901910235403,0.0021050915353937,Juniper Canyon,170703051002,50.97,OR,0,1,upstream,1.0,1,1,1,1,2009-11-01,2009,11
170703051001,2009-12,0.096660306999711,12.3826188482094,12.3850773522405,0.002458504031094,0.0010678516902022,Juniper Canyon,170703051002,50.97,OR,0,1,upstream,1.0,1,1,1,1,2009-12-01,2009,12
170703051001,2010-01,0.0002112115700696,15.3051507568261,15.3083840646597,0.0032333078335253,0.0014043878681125,Juniper Canyon,170703051002,50.97,OR,0,1,upstream,1.0,1,1,1,1,2010-01-01,2010,1
170703051001,2010-02,0.0,16.848753948353,16.8525711686278,0.0038172202748302,0.0018356543130457,Juniper Canyon,170703051002,50.97,OR,0,1,upstream,1.0,1,1,1,1,2010-02-01,2010,2
170703051001,2010-03,0.0003782990845463,18.3160525127679,18.3229840808719,0.0069315681039522,0.003010727915001,Juniper Canyon,170703051002,50.97,OR,0,1,upstream,1.0,1,1,1,1,2010-03-01,2010,3
170703051001,2010-04,0.0004407585903859,17.7398110645244,17.7476334864426,0.007822421918171,0.0035109261186958,Juniper Canyon,170703051002,50.97,OR,0,1,upstream,1.0,1,1,1,1,2010-04-01,2010,4
170703051001,2010-05,0.0005098515869514,18.1408140744596,18.1500679153896,0.0092538409299388,0.0040194075555371,Juniper Canyon,170703051002,50.97,OR,0,1,upstream,1.0,1,1,1,1,2010-05-01,2010,5
170703051001,2010-06,0.0,18.440038814142,18.6580949758394,0.218056161697408,0.0049469261810202,Juniper Canyon,170703051002,50.97,OR,0,1,upstream,1.0,1,1,1,1,2010-06-01,2010,6
170703051001,2010-07,0.248467077152623,12.4815345403371,16.608100804217,4.12656626387993,0.0069518360318237,Juniper Canyon,170703051002,50.97,OR,0,1,upstream,1.0,1,1,1,1,2010-07-01,2010,7
170703051001,2010-08,0.227416637486937,10.8853758535273,14.0895809846581,3.20420513113082,0.0061211038313244,Juniper Canyon,170703051002,50.97,OR,0,1,upstream,1.0,1,1,1,1,2010-08-01,2010,8
170703051001,2010-09,0.0419228824367109,12.2301142212538,12.7652711843897,0.535156963135903,0.0040013122710351,Juniper Canyon,170703051002,50.97,OR,0,1,upstream,1.0,1,1,1,1,2010-09-01,2010,9
170703051001,2010-10,0.007089691636275,13.5580267753615,13.6548353473181,0.0968085719565947,0.0028458515119632,Juniper Canyon,170703051002,50.97,OR,0,1,upstream,1.0,1,1,1,1,2010-10-01,2010,10
170703051001,2010-11,0.0,16.6757043645364,16.6789788907404,0.003274526204027,0.0014697007776283,Juniper Canyon,170703051002,50.97,OR,0,1,upstream,1.0,1,1,1,1,2010-11-01,2010,11
170703051001,2010-12,0.0,21.2641402003689,21.2667020146708,0.0025618143019858,0.0011127245258746,Juniper Canyon,170703051002,50.97,OR,0,1,upstream,1.0,1,1,1,1,2010-12-01,2010,12
170703051001,2011-01,0.0,21.6089626891198,21.6110745589315,0.002111869811714,0.0009172910515515,Juniper Canyon,170703051002,50.97,OR,0,1,upstream,1.0,1,1,1,1,2011-01-01,2011,1
170703051001,2011-02,0.0,20.595251018497,20.5980653538116,0.0028143353145922,0.0013533792620385,Juniper Canyon,170703051002,50.97,OR,0,1,upstream,1.0,1,1,1,1,2011-02-01,2011,2
170703051001,2011-03,0.0,24.8208983629579,24.8257916113016,0.0048932483436476,0.0021253833421693,Juniper Canyon,170703051002,50.97,OR,0,1,upstream,1.0,1,1,1,1,2011-03-01,2011,3
170703051001,2011-04,0.0,24.7770195946519,24.7828293949904,0.0058098003384919,0.0026076041366979,Juniper Canyon,170703051002,50.97,OR,0,1,upstream,1.0,1,1,1,1,2011-04-01,2011,4
170703051001,2011-05,0.0,25.0611101343146,25.0689244366867,0.0078143023720999,0.0033941437110782,Juniper Canyon,170703051002,50.97,OR,0,1,upstream,1.0,1,1,1,1,2011-05-01,2011,5
170703051001,2011-06,0.0,22.8874888196834,23.6362501203489,0.748761300665542,0.0047397327617762,Juniper Canyon,170703051002,50.97,OR,0,1,upstream,1.0,1,1,1,1,2011-06-01,2011,6
170703051001,2011-07,0.0,17.976446939499,21.3242905838797,3.34784364438066,0.0051485191879906,Juniper Canyon,170703051002,50.97,OR,0,1,upstream,1.0,1,1,1,1,2011-07-01,2011,7
170703051001,2011-08,0.0,15.5765433764609,18.8211425863461,3.24459920988521,0.0053042795668431,Juniper Canyon,170703051002,50.97,OR,0,1,upstream,1.0,1,1,1,1,2011-08-01,2011,8
170703051001,2011-09,0.0,12.9128036949593,15.5092066516534,2.59640295669408,0.0049837183985999,Juniper Canyon,170703051002,50.97,OR,0,1,upstream,1.0,1,1,1,1,2011-09-01,2011,9
170703051001,2011-10,0.0,13.8979071007557,14.0295341850283,0.131627084272629,0.0021921589120231,Juniper Canyon,170703051002,50.97,OR,0,1,upstream,1.0,1,1,1,1,2011-10-01,2011,10
170703051001,2011-11,0.0999774198369879,11.9784936883108,11.9819863409876,0.0034926526767734,0.0015676021614139,Juniper Canyon,170703051002,50.97,OR,0,1,upstream,1.0,1,1,1,1,2011-11-01,2011,11
170703051001,2011-12,0.156597048387398,11.5610299936973,11.5635447217901,0.0025147280928659,0.0010922726220509,Juniper Canyon,170703051002,50.97,OR,0,1,upstream,1.0,1,1,1,1,2011-12-01,2011,12
170703051001,2012-01,0.092461449776525,13.8929486803054,13.8971113564762,0.0041626761708597,0.001808059180948,Juniper Canyon,170703051002,50.97,OR,0,1,upstream,1.0,1,1,1,1,2012-01-01,2012,1
170703051001,2012-02,0.0624423715771192,14.8840982624711,14.8887078070438,0.0046095445726622,0.0021402363181229,Juniper Canyon,170703051002,50.97,OR,0,1,upstream,1.0,1,1,1,1,2012-02-01,2012,2
170703051001,2012-03,0.165118529358634,15.2975198959767,15.304622741298,0.0071028453213161,0.0030851222067092,Juniper Canyon,170703051002,50.97,OR,0,1,upstream,1.0,1,1,1,1,2012-03-01,2012,3
170703051001,2012-04,0.103906433190618,15.903540193292,15.9137278055967,0.0101876123047194,0.0045724910394694,Juniper Canyon,170703051002,50.97,OR,0,1,upstream,1.0,1,1,1,1,2012-04-01,2012,4
170703051001,2012-05,0.0854684440725792,16.5988098508496,16.6119442014126,0.0131343505629892,0.0057049076474995,Juniper Canyon,170703051002,50.97,OR,0,1,upstream,1.0,1,1,1,1,2012-05-01,2012,5
170703051001,2012-06,0.0,20.0015668194875,20.200965833012,0.19939901352444,0.0059617158208817,Juniper Canyon,170703051002,50.97,OR,0,1,upstream,1.0,1,1,1,1,2012-06-01,2012,6
170703051001,2012-07,0.0253620092323854,16.1868859982881,19.7784505475503,3.59156454926217,0.0083197402507752,Juniper Canyon,170703051002,50.97,OR,0,1,upstream,1.0,1,1,1,1,2012-07-01,2012,7
170703051001,2012-08,0.0471917904677978,13.424668431051,16.7834588668568,3.35879043580573,0.008029260110811,Juniper Canyon,170703051002,50.97,OR,0,1,upstream,1.0,1,1,1,1,2012-08-01,2012,8
170703051001,2012-09,0.0810708337148296,11.7303800068753,13.8389032043618,2.10852319748642,0.0068687639974123,Juniper Canyon,170703051002,50.97,OR,0,1,upstream,1.0,1,1,1,1,2012-09-01,2012,9
170703051001,2012-10,0.0224551190447604,13.3482143940575,13.7990697013427,0.450855307285229,0.0037858878648431,Juniper Canyon,170703051002,50.97,OR,0,1,upstream,1.0,1,1,1,1,2012-10-01,2012,10
170703051001,2012-11,0.0,15.1202513185478,15.1249681293993,0.0047168108514355,0.0021170392735764,Juniper Canyon,170703051002,50.97,OR,0,1,upstream,1.0,1,1,1,1,2012-11-01,2012,11
170703051001,2012-12,0.0,19.0697713396331,19.0722081750649,0.0024368354317865,0.0010584399300008,Juniper Canyon,170703051002,50.97,OR,0,1,upstream,1.0,1,1,1,1,2012-12-01,2012,12
170703051001,2013-01,0.0,16.8630118016708,16.865655057496,0.0026432558252086,0.0011480986668669,Juniper Canyon,170703051002,50.97,OR,0,1,upstream,1.0,1,1,1,1,2013-01-01,2013,1
170703051001,2013-02,0.0686568901076933,14.7854403222455,14.7889117188364,0.0034713965908991,0.0016693519539318,Juniper Canyon,170703051002,50.97,OR,0,1,upstream,1.0,1,1,1,1,2013-02-01,2013,2
170703051001,2013-03,0.13211579773056,15.9022284222231,15.909351230179,0.0071228079558335,0.0030937929807819,Juniper Canyon,170703051002,50.97,OR,0,1,upstream,1.0,1,1,1,1,2013-03-01,2013,3
170703051001,2013-04,0.100519554789174,15.963649269824,15.9736273236567,0.009978053832776,0.0044784352188763,Juniper Canyon,170703051002,50.97,OR,0,1,upstream,1.0,1,1,1,1,2013-04-01,2013,4
170703051001,2013-05,0.17537225282068,14.9670496162194,14.9815435168867,0.0144939006673835,0.0062954284920987,Juniper Canyon,170703051002,50.97,OR,0,1,upstream,1.0,1,1,1,1,2013-05-01,2013,5
170703051001,2013-06,0.224341193090192,13.7052489711078,14.8793375800488,1.17408860894099,0.0070264626581401,Juniper Canyon,170703051002,50.97,OR,0,1,upstream,1.0,1,1,1,1,2013-06-01,2013,6
170703051001,2013-07,0.376715136650092,10.3515778402579,13.9276440398253,3.57606619956733,0.0095170291339077,Juniper Canyon,170703051002,50.97,OR,0,1,upstream,1.0,1,1,1,1,2013-07-01,2013,7
170703051001,2013-08,0.131074384399521,12.2427978306468,13.754077593608,1.51127976296122,0.0074070504523466,Juniper Canyon,170703051002,50.97,OR,0,1,upstream,1.0,1,1,1,1,2013-08-01,2013,8
170703051001,2013-09,0.0898420665238017,11.6184128414474,12.7264802156578,1.10806737421039,0.0050742490254554,Juniper Canyon,170703051002,50.97,OR,0,1,upstream,1.0,1,1,1,1,2013-09-01,2013,9
170703051001,2013-10,0.0,15.4339991527704,15.4411310275674,0.0071318747970089,0.0030977311649587,Juniper Canyon,170703051002,50.97,OR,0,1,upstream,1.0,1,1,1,1,2013-10-01,2013,10
170703051001,2013-11,0.0,14.2190520194091,14.2230299813845,0.003977961975333,0.0017854228197449,Juniper Canyon,170703051002,50.97,OR,0,1,upstream,1.0,1,1,1,1,2013-11-01,2013,11
170703051001,2013-12,0.0209811984297389,13.419997769401,13.4224669716391,0.0024692022380896,0.0010724984584311,Juniper Canyon,170703051002,50.97,OR,0,1,upstream,1.0,1,1,1,1,2013-12-01,2013,12
170703051001,2014-01,0.14791220890382,13.0440871629078,13.0486574205968,0.0045702576889599,0.0019850922903079,Juniper Canyon,170703051002,50.97,OR,0,1,upstream,1.0,1,1,1,1,2014-01-01,2014,1
170703051001,2014-02,0.029325828306321,15.409836488275,15.4134211228629,0.0035846345878909,0.0017238067148868,Juniper Canyon,170703051002,50.97,OR,0,1,upstream,1.0,1,1,1,1,2014-02-01,2014,2
170703051001,2014-03,0.0,21.4939192717083,21.5024551487672,0.0085358770588844,0.0037075598125548,Juniper Canyon,170703051002,50.97,OR,0,1,upstream,1.0,1,1,1,1,2014-03-01,2014,3
170703051001,2014-04,0.0,20.5467297387346,20.5578953474446,0.0111656087099788,0.0050114437269024,Juniper Canyon,170703051002,50.97,OR,0,1,upstream,1.0,1,1,1,1,2014-04-01,2014,4
170703051001,2014-05,0.0,19.1506621912763,19.7313835117972,0.580721320520875,0.0064827152393682,Juniper Canyon,170703051002,50.97,OR,0,1,upstream,1.0,1,1,1,1,2014-05-01,2014,5
170703051001,2014-06,0.176810586116865,14.54507544702,16.901127177608,2.35605173058807,0.0075392312666622,Juniper Canyon,170703051002,50.97,OR,0,1,upstream,1.0,1,1,1,1,2014-06-01,2014,6
170703051001,2014-07,0.216644318302601,13.0100501271866,16.0300854539044,3.02003532671787,0.0092849145034872,Juniper Canyon,170703051002,50.97,OR,0,1,upstream,1.0,1,1,1,1,2014-07-01,2014,7
170703051001,2014-08,0.120054976792394,12.3980566665304,13.7812354383196,1.38317877178925,0.0075056607445097,Juniper Canyon,170703051002,50.97,OR,0,1,upstream,1.0,1,1,1,1,2014-08-01,2014,8
170703051001,2014-09,0.198842231880646,10.2269961715239,11.5005026513714,1.27350647984744,0.0063154393618666,Juniper Canyon,170703051002,50.97,OR,0,1,upstream,1.0,1,1,1,1,2014-09-01,2014,9
170703051001,2014-10,0.235111024817402,10.4444330150973,10.7974489365045,0.353015921407269,0.0039297321314623,Juniper Canyon,170703051002,50.97,OR,0,1,upstream,1.0,1,1,1,1,2014-10-01,2014,10
170703051001,2014-11,0.121640899067426,11.6901722006636,11.7003042997686,0.0101320991049307,0.001742263131697,Juniper Canyon,170703051002,50.97,OR,0,1,upstream,1.0,1,1,1,1,2014-11-01,2014,11
170703051001,2014-12,0.0,19.031338118233,19.0340686447662,0.0027305265331712,0.0011860047153518,Juniper Canyon,170703051002,50.97,OR,0,1,upstream,1.0,1,1,1,1,2014-12-01,2014,12
170703051001,2015-01,0.0,19.9817032136255,19.9860057178137,0.0043025041881609,0.0018687935066697,Juniper Canyon,170703051002,50.97,OR,0,1,upstream,1.0,1,1,1,1,2015-01-01,2015,1
170703051001,2015-02,0.0,18.4694714919933,18.4753352386481,0.0058637466548491,0.0028198036955202,Juniper Canyon,170703051002,50.97,OR,0,1,upstream,1.0,1,1,1,1,2015-02-01,2015,2
170703051001,2015-03,0.0,18.607878916389,18.6174550511587,0.0095761347696775,0.0041593959456939,Juniper Canyon,170703051002,50.97,OR,0,1,upstream,1.0,1,1,1,1,2015-03-01,2015,3
170703051001,2015-04,0.0829072915507506,16.2762252626462,16.3241302460659,0.0479049834196523,0.0051413732151839,Juniper Canyon,170703051002,50.97,OR,0,1,upstream,1.0,1,1,1,1,2015-04-01,2015,4
170703051001,2015-05,0.078101923322429,16.7325127027649,16.940439146406,0.207926443641091,0.0063508600630989,Juniper Canyon,170703051002,50.97,OR,0,1,upstream,1.0,1,1,1,1,2015-05-01,2015,5
170703051001,2015-06,0.206994578890665,14.0117492832198,16.5055634430565,2.49381415983675,0.0098229396664118,Juniper Canyon,170703051002,50.97,OR,0,1,upstream,1.0,1,1,1,1,2015-06-01,2015,6
170703051001,2015-07,0.083505428092069,15.2212342367647,16.9911030202039,1.76986878343927,0.0090379403323709,Juniper Canyon,170703051002,50.97,OR,0,1,upstream,1.0,1,1,1,1,2015-07-01,2015,7
170703051001,2015-08,0.0325538141407572,13.6309113839624,15.3263297883155,1.69541840435309,0.0086705041160936,Juniper Canyon,170703051002,50.97,OR,0,1,upstream,1.0,1,1,1,1,2015-08-01,2015,8
170703051001,2015-09,0.0199741047067296,12.5102963211429,13.1982777278655,0.687981406722662,0.0061473824021187,Juniper Canyon,170703051002,50.97,OR,0,1,upstream,1.0,1,1,1,1,2015-09-01,2015,9
170703051001,2015-10,0.0990286445026022,12.302615511967,12.5971274720104,0.294511960043461,0.0043384254644271,Juniper Canyon,170703051002,50.97,OR,0,1,upstream,1.0,1,1,1,1,2015-10-01,2015,10
170703051001,2015-11,0.0536802164819163,12.5946679603771,12.6183931659189,0.0237252055417634,0.001934313091236,Juniper Canyon,170703051002,50.97,OR,0,1,upstream,1.0,1,1,1,1,2015-11-01,2015,11
170703051001,2015-12,0.0,16.5110381950664,16.5145971119577,0.0035589168912557,0.00154581622383,Juniper Canyon,170703051002,50.97,OR,0,1,upstream,1.0,1,1,1,1,2015-12-01,2015,12
170703051001,2016-01,0.0,16.3883702179974,16.3926614572401,0.0042912392427656,0.0018639005755098,Juniper Canyon,170703051002,50.97,OR,0,1,upstream,1.0,1,1,1,1,2016-01-01,2016,1
170703051001,2016-02,0.0,17.0253405512286,17.0332889083687,0.0079483571401111,0.0036904649369413,Juniper Canyon,170703051002,50.97,OR,0,1,upstream,1.0,1,1,1,1,2016-02-01,2016,2
170703051001,2016-03,0.0,21.6519375641011,21.6611522766268,0.0092147125256958,0.0040024121257646,Juniper Canyon,170703051002,50.97,OR,0,1,upstream,1.0,1,1,1,1,2016-03-01,2016,3
170703051001,2016-04,0.0,19.8201391382406,19.8352868077004,0.0151476694598035,0.0067987061935711,Juniper Canyon,170703051002,50.97,OR,0,1,upstream,1.0,1,1,1,1,2016-04-01,2016,4
170703051001,2016-05,0.0,20.7310713283898,20.8930334290288,0.161962100638963,0.0075423589996074,Juniper Canyon,170703051002,50.97,OR,0,1,upstream,1.0,1,1,1,1,2016-05-01,2016,5
170703051001,2016-06,0.0,18.9327028174517,20.2813584575155,1.34865564006382,0.009321326358419,Juniper Canyon,170703051002,50.97,OR,0,1,upstream,1.0,1,1,1,1,2016-06-01,2016,6
170703051001,2016-07,0.0,17.3138735111444,19.8615986397087,2.54772512856433,0.0094458907381688,Juniper Canyon,170703051002,50.97,OR,0,1,upstream,1.0,1,1,1,1,2016-07-01,2016,7
170703051001,2016-08,0.0,14.3820682263055,17.2281823596621,2.8461141333566,0.0099432113214315,Juniper Canyon,170703051002,50.97,OR,0,1,upstream,1.0,1,1,1,1,2016-08-01,2016,8
170703051001,2016-09,0.0,13.0772592577215,14.2113907979495,1.13413154022803,0.0069062903052578,Juniper Canyon,170703051002,50.97,OR,0,1,upstream,1.0,1,1,1,1,2016-09-01,2016,9
170703051001,2016-10,0.0,14.7707445234252,14.8560102992911,0.0852657758659158,0.003683975850082,Juniper Canyon,170703051002,50.97,OR,0,1,upstream,1.0,1,1,1,1,2016-10-01,2016,10
170703051001,2016-11,0.0,14.2088960116684,14.2160398973371,0.0071438856687115,0.0032063796923294,Juniper Canyon,170703051002,50.97,OR,0,1,upstream,1.0,1,1,1,1,2016-11-01,2016,11
170703051001,2016-12,0.0001848215993246,13.7050661769006,13.7075996373885,0.0025334604878844,0.0011004090413649,Juniper Canyon,170703051002,50.97,OR,0,1,upstream,1.0,1,1,1,1,2016-12-01,2016,12
170703051001,2017-01,0.211656195583354,12.068269733005,12.071074754682,0.0028050216770745,0.0012183616951748,Juniper Canyon,170703051002,50.97,OR,0,1,upstream,1.0,1,1,1,1,2017-01-01,2017,1
170703051001,2017-02,0.281470214514458,11.4069446052817,11.4138335225006,0.0068889172188937,0.0033127956194876,Juniper Canyon,170703051002,50.97,OR,0,1,upstream,1.0,1,1,1,1,2017-02-01,2017,2
170703051001,2017-03,0.104342396933166,16.4111200029055,16.4215502209769,0.0104302180714581,0.0045303671891187,Juniper Canyon,170703051002,50.97,OR,0,1,upstream,1.0,1,1,1,1,2017-03-01,2017,3
170703051001,2017-04,0.0,20.001729208889,20.0143442331914,0.0126150243023809,0.0056619827943988,Juniper Canyon,170703051002,50.97,OR,0,1,upstream,1.0,1,1,1,1,2017-04-01,2017,4
170703051001,2017-05,0.0162423563950118,17.8552680437141,18.9491402484246,1.09387220471048,0.0083335986973505,Juniper Canyon,170703051002,50.97,OR,0,1,upstream,1.0,1,1,1,1,2017-05-01,2017,5
170703051001,2017-06,0.277258969296093,12.770235674748,16.0824373667887,3.31220169204073,0.0101456114733164,Juniper Canyon,170703051002,50.97,OR,0,1,upstream,1.0,1,1,1,1,2017-06-01,2017,6
170703051001,2017-07,0.389875852846176,10.1330033390177,14.2183411868546,4.08533784783692,0.0113832657374227,Juniper Canyon,170703051002,50.97,OR,0,1,upstream,1.0,1,1,1,1,2017-07-01,2017,7
170703051001,2017-08,0.370612686927525,8.86780351825099,12.0738515326598,3.20604801440881,0.0108135605311507,Juniper Canyon,170703051002,50.97,OR,0,1,upstream,1.0,1,1,1,1,2017-08-01,2017,8
170703051001,2017-09,0.267643212191303,9.34873300010655,10.6620773069396,1.31334430683305,0.0075025926257271,Juniper Canyon,170703051002,50.97,OR,0,1,upstream,1.0,1,1,1,1,2017-09-01,2017,9
170703051001,2017-10,0.128812005479932,11.8959286217318,12.0055413633813,0.10961274164949,0.0045273250361817,Juniper Canyon,170703051002,50.97,OR,0,1,upstream,1.0,1,1,1,1,2017-10-01,2017,10
170703051001,2017-11,0.0005070724826482,13.3023548382635,13.3091035184265,0.0067486801629112,0.0030290001867132,Juniper Canyon,170703051002,50.97,OR,0,1,upstream,1.0,1,1,1,1,2017-11-01,2017,11
170703051001,2017-12,0.0722286296941327,12.7175184991841,12.7211678398632,0.0036493406790956,0.0015850918131551,Juniper Canyon,170703051002,50.97,OR,0,1,upstream,1.0,1,1,1,1,2017-12-01,2017,12
170703051001,2018-01,0.0854453805580352,14.0003533625263,14.0047569515176,0.0044035889913873,0.0019126997100413,Juniper Canyon,170703051002,50.97,OR,0,1,upstream,1.0,1,1,1,1,2018-01-01,2018,1
170703051001,2018-02,0.234733698869345,12.1489052807845,12.1541379138761,0.0052326330916354,0.0025163089399323,Juniper Canyon,170703051002,50.97,OR,0,1,upstream,1.0,1,1,1,1,2018-02-01,2018,2
170703051001,2018-03,0.237761021031863,13.9664926774532,13.9742279527485,0.007735275295263,0.0033598182853296,Juniper Canyon,170703051002,50.97,OR,0,1,upstream,1.0,1,1,1,1,2018-03-01,2018,3
170703051001,2018-04,0.194755643248792,14.2911817106467,14.3026344895296,0.0114527788829023,0.0051403338930396,Juniper Canyon,170703051002,50.97,OR,0,1,upstream,1.0,1,1,1,1,2018-04-01,2018,4
170703051001,2018-05,0.295382876828679,12.7888486399059,13.5539702625539,0.765121622647968,0.0071782212928729,Juniper Canyon,170703051002,50.97,OR,0,1,upstream,1.0,1,1,1,1,2018-05-01,2018,5
170703051001,2018-06,0.497403751611566,8.8804596231564,11.5630952703665,2.68263564721012,0.008386409989932,Juniper Canyon,170703051002,50.97,OR,0,1,upstream,1.0,1,1,1,1,2018-06-01,2018,6
170703051001,2018-07,0.674378686292981,5.40795160204775,10.201758999944,4.79380739789629,0.0097571486025079,Juniper Canyon,170703051002,50.97,OR,0,1,upstream,1.0,1,1,1,1,2018-07-01,2018,7
170703051001,2018-08,0.600622092789336,5.62706736712791,8.67034382530569,3.04327645817779,0.0086627043422619,Juniper Canyon,170703051002,50.97,OR,0,1,upstream,1.0,1,1,1,1,2018-08-01,2018,8
170703051001,2018-09,0.580126453298242,5.35979968679945,7.15312974375746,1.79333005695801,0.0062000905465092,Juniper Canyon,170703051002,50.97,OR,0,1,upstream,1.0,1,1,1,1,2018-09-01,2018,9
170703051001,2018-10,0.417529006629326,7.95354550906536,8.14209669337472,0.18855118430936,0.0036569325132802,Juniper Canyon,170703051002,50.97,OR,0,1,upstream,1.0,1,1,1,1,2018-10-01,2018,10
170703051001,2018-11,0.352563454916615,8.61680000012714,8.62242994356762,0.0056299434404745,0.0025268792298235,Juniper Canyon,170703051002,50.97,OR,0,1,upstream,1.0,1,1,1,1,2018-11-01,2018,11
170703051001,2018-12,0.062256643819589,12.8542104891421,12.8579745159307,0.0037640267886044,0.0016349057464791,Juniper Canyon,170703051002,50.97,OR,0,1,upstream,1.0,1,1,1,1,2018-12-01,2018,12
170703051001,2019-01,0.0462066043806715,14.6010356184766,14.6046119382877,0.0035763198111123,0.0015533751853563,Juniper Canyon,170703051002,50.97,OR,0,1,upstream,1.0,1,1,1,1,2019-01-01,2019,1
170703051001,2019-02,0.0001648019396659,15.8727793183663,15.8753956143565,0.0026162959902088,0.0012581445850265,Juniper Canyon,170703051002,50.97,OR,0,1,upstream,1.0,1,1,1,1,2019-02-01,2019,2
170703051001,2019-03,0.0,18.9183119339783,18.9233120334445,0.0050000994661564,0.0021717941474102,Juniper Canyon,170703051002,50.97,OR,0,1,upstream,1.0,1,1,1,1,2019-03-01,2019,3
170703051001,2019-04,0.0,26.4365661876352,26.445653740173,0.0090875525377167,0.0040787528330037,Juniper Canyon,170703051002,50.97,OR,0,1,upstream,1.0,1,1,1,1,2019-04-01,2019,4
170703051001,2019-05,0.0,26.9874960823859,27.2368958700164,0.249399787630579,0.0058553448573096,Juniper Canyon,170703051002,50.97,OR,0,1,upstream,1.0,1,1,1,1,2019-05-01,2019,5
170703051001,2019-06,0.0,22.4387207257203,25.1466603513069,2.70793962558668,0.0072785573694194,Juniper Canyon,170703051002,50.97,OR,0,1,upstream,1.0,1,1,1,1,2019-06-01,2019,6
170703051001,2019-07,0.0,17.6208736614416,22.1097977829903,4.4889241215487,0.0072730399427214,Juniper Canyon,170703051002,50.97,OR,0,1,upstream,1.0,1,1,1,1,2019-07-01,2019,7
170703051001,2019-08,0.0,17.7560771703102,19.5581376074806,1.80206043717046,0.0071650912100139,Juniper Canyon,170703051002,50.97,OR,0,1,upstream,1.0,1,1,1,1,2019-08-01,2019,8
170703051001,2019-09,0.0,17.0492163885181,17.6484297085846,0.599213320066565,0.0043177326921241,Juniper Canyon,170703051002,50.97,OR,0,1,upstream,1.0,1,1,1,1,2019-09-01,2019,9
170703051001,2019-10,0.0,18.2052123595513,18.2427504667898,0.0375381072384703,0.0032733739682243,Juniper Canyon,170703051002,50.97,OR,0,1,upstream,1.0,1,1,1,1,2019-10-01,2019,10
170703051001,2019-11,0.0,16.2977163335134,16.3022101057725,0.004493772259057,0.0020169331903645,Juniper Canyon,170703051002,50.97,OR,0,1,upstream,1.0,1,1,1,1,2019-11-01,2019,11
170703051001,2019-12,0.0,16.7283346781586,16.7310437160415,0.0027090378828959,0.0011766711160465,Juniper Canyon,170703051002,50.97,OR,0,1,upstream,1.0,1,1,1,1,2019-12-01,2019,12
170703051001,2020-01,0.0,16.4909852027201,16.494929678309,0.0039444755888632,0.0017132837169499,Juniper Canyon,170703051002,50.97,OR,0,1,upstream,1.0,1,1,1,1,2020-01-01,2020,1
170703051001,2020-02,0.0,18.0776370748189,18.0828874949472,0.0052504201282784,0.0024377982828476,Juniper Canyon,170703051002,50.97,OR,0,1,upstream,1.0,1,1,1,1,2020-02-01,2020,2
170703051001,2020-03,0.0226766915931265,17.9074794218042,17.9136947624829,0.0062153406786736,0.0026996343975694,Juniper Canyon,170703051002,50.97,OR,0,1,upstream,1.0,1,1,1,1,2020-03-01,2020,3
170703051001,2020-04,0.0607785417434338,16.6689582037397,16.6791445738664,0.0101863701267421,0.0045719335145558,Juniper Canyon,170703051002,50.97,OR,0,1,upstream,1.0,1,1,1,1,2020-04-01,2020,4
170703051001,2020-05,0.0286942551018392,17.6292652365097,17.7409613436673,0.111696107157643,0.0053597452380986,Juniper Canyon,170703051002,50.97,OR,0,1,upstream,1.0,1,1,1,1,2020-05-01,2020,5
170703051001,2020-06,0.118427014121177,15.5766648300005,17.6691721269935,2.09250729699296,0.0064845709466212,Juniper Canyon,170703051002,50.97,OR,0,1,upstream,1.0,1,1,1,1,2020-06-01,2020,6
170703051001,2020-07,0.268958479265523,12.1412112684263,16.2655200135017,4.12430874507538,0.0072412823127232,Juniper Canyon,170703051002,50.97,OR,0,1,upstream,1.0,1,1,1,1,2020-07-01,2020,7
170703051001,2020-08,0.217372387141214,11.0268951322035,13.8177071155749,2.79081198337143,0.0066747120313795,Juniper Canyon,170703051002,50.97,OR,0,1,upstream,1.0,1,1,1,1,2020-08-01,2020,8
170703051001,2020-09,0.253594812809899,9.52806462791679,11.4208762151323,1.89281158721552,0.0056677393830958,Juniper Canyon,170703051002,50.97,OR,0,1,upstream,1.0,1,1,1,1,2020-09-01,2020,9
170703051002,2009-10,0.105186722963017,4.1386904613677,4.16668876866631,0.0279983072986122,0.0324741149739006,Town of Prineville-Crooked River,170703051006,69.22,OR,1,0,site,0.0,1,1,1,1,2009-10-01,2009,10
170703051002,2009-11,0.128609339878917,3.7852091585918,3.78635350760596,0.0011443490141596,0.0260833998057386,Town of Prineville-Crooked River,170703051006,69.22,OR,1,0,site,0.0,1,1,1,1,2009-11-01,2009,11
170703051002,2009-12,0.288696641907124,3.79964930477684,3.80024914956997,0.0005998447931373,0.0132313498489123,Town of Prineville-Crooked River,170703051006,69.22,OR,1,0,site,0.0,1,1,1,1,2009-12-01,2009,12
170703051002,2010-01,0.0229839797746098,5.29812267182573,5.29891155923206,0.0007888874063335,0.017401243428332,Town of Prineville-Crooked River,170703051006,69.22,OR,1,0,site,0.0,1,1,1,1,2010-01-01,2010,1
170703051002,2010-02,0.0,6.18157985670345,6.18251121157501,0.0009313548715623,0.022744904222582,Town of Prineville-Crooked River,170703051006,69.22,OR,1,0,site,0.0,1,1,1,1,2010-02-01,2010,2
170703051002,2010-03,0.0523044943468398,7.82585213615263,7.82754335365029,0.0016912174976513,0.0373048005718094,Town of Prineville-Crooked River,170703051006,69.22,OR,1,0,site,0.0,1,1,1,1,2010-03-01,2010,3
170703051002,2010-04,0.0373973350770175,10.5644805922956,10.5667750718423,0.0022944795467246,0.0435025689394662,Town of Prineville-Crooked River,170703051006,69.22,OR,1,0,site,0.0,1,1,1,1,2010-04-01,2010,4
170703051002,2010-05,0.0,10.389042276138,10.4127967913917,0.0237545152536377,0.0498029717428274,Town of Prineville-Crooked River,170703051006,69.22,OR,1,0,site,0.0,1,1,1,1,2010-05-01,2010,5
170703051002,2010-06,0.0759972780437852,8.12852121994228,8.82009424912885,0.691573029186565,0.0612955072117035,Town of Prineville-Crooked River,170703051006,69.22,OR,1,0,site,0.0,1,1,1,1,2010-06-01,2010,6
170703051002,2010-07,0.321858031613286,4.63074261865594,6.82857400740495,2.197831388749,0.0861375933318162,Town of Prineville-Crooked River,170703051006,69.22,OR,1,0,site,0.0,1,1,1,1,2010-07-01,2010,7
170703051002,2010-08,0.315063041612011,3.66482836769112,5.35060683003055,1.68577846233942,0.0758443021600039,Town of Prineville-Crooked River,170703051006,69.22,OR,1,0,site,0.0,1,1,1,1,2010-08-01,2010,8
170703051002,2010-09,0.109001637396722,3.90545943357679,4.38323974262534,0.477780309048547,0.0495787598582952,Town of Prineville-Crooked River,170703051006,69.22,OR,1,0,site,0.0,1,1,1,1,2010-09-01,2010,9
170703051002,2010-10,0.0121745543501274,4.56889035324232,4.67590594055972,0.107015587317394,0.0352618788904201,Town of Prineville-Crooked River,170703051006,69.22,OR,1,0,site,0.0,1,1,1,1,2010-10-01,2010,10
170703051002,2010-11,0.0,5.18568188438436,5.18982571962093,0.0041438352365751,0.0182105111978007,Town of Prineville-Crooked River,170703051006,69.22,OR,1,0,site,0.0,1,1,1,1,2010-11-01,2010,11
170703051002,2010-12,0.0,6.22683030057577,6.22745535180635,0.0006250512305839,0.0137873523284149,Town of Prineville-Crooked River,170703051006,69.22,OR,1,0,site,0.0,1,1,1,1,2010-12-01,2010,12
170703051002,2011-01,0.0,7.38865724875163,7.38917251905191,0.0005152703002796,0.0113658094356307,Town of Prineville-Crooked River,170703051006,69.22,OR,1,0,site,0.0,1,1,1,1,2011-01-01,2011,1
170703051002,2011-02,0.0,9.32974944926753,9.33043611252423,0.0006866632566998,0.0167692149186958,Town of Prineville-Crooked River,170703051006,69.22,OR,1,0,site,0.0,1,1,1,1,2011-02-01,2011,2
170703051002,2011-03,0.0,13.0256230729863,13.026816965493,0.0011938925067203,0.0263348279740669,Town of Prineville-Crooked River,170703051006,69.22,OR,1,0,site,0.0,1,1,1,1,2011-03-01,2011,3
170703051002,2011-04,0.0,17.7468776701955,17.7482951901337,0.0014175199381963,0.0323098450062733,Town of Prineville-Crooked River,170703051006,69.22,OR,1,0,site,0.0,1,1,1,1,2011-04-01,2011,4
170703051002,2011-05,0.0,18.9252764257806,18.9271830195997,0.0019065938190953,0.0420555619200791,Town of Prineville-Crooked River,170703051006,69.22,OR,1,0,site,0.0,1,1,1,1,2011-05-01,2011,5
170703051002,2011-06,0.0,14.3321241391591,14.7642324034292,0.432108264270157,0.0587282512513839,Town of Prineville-Crooked River,170703051006,69.22,OR,1,0,site,0.0,1,1,1,1,2011-06-01,2011,6
170703051002,2011-07,0.0,9.41035939020334,11.2682445626159,1.85788517241257,0.0637933705636961,Town of Prineville-Crooked River,170703051006,69.22,OR,1,0,site,0.0,1,1,1,1,2011-07-01,2011,7
170703051002,2011-08,0.0,6.91876585707264,8.6665460905115,1.74778023343886,0.0657233390079156,Town of Prineville-Crooked River,170703051006,69.22,OR,1,0,site,0.0,1,1,1,1,2011-08-01,2011,8
170703051002,2011-09,0.0,5.7640795885812,6.69792665070606,0.933847062124858,0.0617513857826526,Town of Prineville-Crooked River,170703051006,69.22,OR,1,0,site,0.0,1,1,1,1,2011-09-01,2011,9
170703051002,2011-10,0.0,5.76999930400794,5.81586413820331,0.0458648341953697,0.027162219019287,Town of Prineville-Crooked River,170703051006,69.22,OR,1,0,site,0.0,1,1,1,1,2011-10-01,2011,10
170703051002,2011-11,0.0,4.87605582362597,4.87694402665486,0.0008882030288873,0.0194235705312702,Town of Prineville-Crooked River,170703051006,69.22,OR,1,0,site,0.0,1,1,1,1,2011-11-01,2011,11
170703051002,2011-12,0.142418120621663,4.58104176606973,4.5816553288435,0.0006135627737777,0.0135339404576005,Town of Prineville-Crooked River,170703051006,69.22,OR,1,0,site,0.0,1,1,1,1,2011-12-01,2011,12
170703051002,2012-01,0.0150558713182966,5.34111489537944,5.34213053724743,0.0010156418679923,0.0224029832889337,Town of Prineville-Crooked River,170703051006,69.22,OR,1,0,site,0.0,1,1,1,1,2012-01-01,2012,1
170703051002,2012-02,0.0672130088721968,5.7222452173907,5.72336988966118,0.0011246722704845,0.0265188656292426,Town of Prineville-Crooked River,170703051006,69.22,OR,1,0,site,0.0,1,1,1,1,2012-02-01,2012,2
170703051002,2012-03,0.161564825930363,6.92360537628186,6.92533838331726,0.0017330070354024,0.0382265923425072,Town of Prineville-Crooked River,170703051006,69.22,OR,1,0,site,0.0,1,1,1,1,2012-03-01,2012,3
170703051002,2012-04,0.000226484918553,10.9724274424424,10.9749130947408,0.002485652298389,0.0566560217859265,Town of Prineville-Crooked River,170703051006,69.22,OR,1,0,site,0.0,1,1,1,1,2012-04-01,2012,4
170703051002,2012-05,0.0007767244726816,10.1571100208294,10.1650054293113,0.0078954084818877,0.070687371319799,Town of Prineville-Crooked River,170703051006,69.22,OR,1,0,site,0.0,1,1,1,1,2012-05-01,2012,5
170703051002,2012-06,0.0426745030659307,8.4216641697178,8.79707497260756,0.375410802889763,0.0738693850931129,Town of Prineville-Crooked River,170703051006,69.22,OR,1,0,site,0.0,1,1,1,1,2012-06-01,2012,6
170703051002,2012-07,0.297381002821377,4.79788582124288,7.05496585632243,2.25708003507956,0.103086781544761,Town of Prineville-Crooked River,170703051006,69.22,OR,1,0,site,0.0,1,1,1,1,2012-07-01,2012,7
170703051002,2012-08,0.318868528306181,3.64446670459371,5.61384227972909,1.96937557513539,0.0994875510605183,Town of Prineville-Crooked River,170703051006,69.22,OR,1,0,site,0.0,1,1,1,1,2012-08-01,2012,8
170703051002,2012-09,0.235437404913631,3.35126115250734,4.46410650314016,1.11284535063282,0.0851082789054371,Town of Prineville-Crooked River,170703051006,69.22,OR,1,0,site,0.0,1,1,1,1,2012-09-01,2012,9
170703051002,2012-10,0.10115470413599,4.15733935526289,4.26032517421672,0.10298581895383,0.0469095168253221,Town of Prineville-Crooked River,170703051006,69.22,OR,1,0,site,0.0,1,1,1,1,2012-10-01,2012,10
170703051002,2012-11,0.0,4.90050388433762,4.90165472826289,0.0011508439252744,0.026231439749158,Town of Prineville-Crooked River,170703051006,69.22,OR,1,0,site,0.0,1,1,1,1,2012-11-01,2012,11
170703051002,2012-12,0.0,6.87770699817269,6.87830155609368,0.0005945579209968,0.0131147322576666,Town of Prineville-Crooked River,170703051006,69.22,OR,1,0,site,0.0,1,1,1,1,2012-12-01,2012,12
170703051002,2013-01,0.0,5.70343977203823,5.70408469400037,0.0006449219621477,0.0142256600441478,Town of Prineville-Crooked River,170703051006,69.22,OR,1,0,site,0.0,1,1,1,1,2013-01-01,2013,1
170703051002,2013-02,0.201857876632935,4.89625712158917,4.89710409972857,0.0008469781394008,0.0206843140541871,Town of Prineville-Crooked River,170703051006,69.22,OR,1,0,site,0.0,1,1,1,1,2013-02-01,2013,2
170703051002,2013-03,0.132482437560868,7.16376106952741,7.1654989472005,0.0017378776730834,0.0383340286525014,Town of Prineville-Crooked River,170703051006,69.22,OR,1,0,site,0.0,1,1,1,1,2013-03-01,2013,3
170703051002,2013-04,0.0393531175834735,10.543016049255,10.5454505718596,0.0024345226046146,0.0554906113838891,Town of Prineville-Crooked River,170703051006,69.22,OR,1,0,site,0.0,1,1,1,1,2013-04-01,2013,4
170703051002,2013-05,0.151976663171949,8.62016182303981,8.62369815681743,0.0035363337776227,0.0780042936599105,Town of Prineville-Crooked River,170703051006,69.22,OR,1,0,site,0.0,1,1,1,1,2013-05-01,2013,5
170703051002,2013-06,0.272909290513243,6.39627148324143,6.82857612833445,0.43230464509302,0.0870622638735173,Town of Prineville-Crooked River,170703051006,69.22,OR,1,0,site,0.0,1,1,1,1,2013-06-01,2013,6
170703051002,2013-07,0.482811155363003,3.53166230140799,5.73353761537342,2.20187531396542,0.117921939112326,Town of Prineville-Crooked River,170703051006,69.22,OR,1,0,site,0.0,1,1,1,1,2013-07-01,2013,7
170703051002,2013-08,0.331506299142552,3.57684696164026,4.91503156037805,1.3381845987378,0.0917779845111072,Town of Prineville-Crooked River,170703051006,69.22,OR,1,0,site,0.0,1,1,1,1,2013-08-01,2013,8
170703051002,2013-09,0.183206353768382,3.58020237168629,4.37098073025401,0.790778358567716,0.0628731168310341,Town of Prineville-Crooked River,170703051006,69.22,OR,1,0,site,0.0,1,1,1,1,2013-09-01,2013,9
170703051002,2013-10,0.0006466314016502,4.62220930365423,4.62520010327992,0.0029907996256966,0.0383828252158173,Town of Prineville-Crooked River,170703051006,69.22,OR,1,0,site,0.0,1,1,1,1,2013-10-01,2013,10
170703051002,2013-11,0.0247148955687031,4.23651328672554,4.23748386059811,0.0009705738725756,0.0221225046259024,Town of Prineville-Crooked River,170703051006,69.22,OR,1,0,site,0.0,1,1,1,1,2013-11-01,2013,11
170703051002,2013-12,0.245907981604468,4.02821831337428,4.02882076839855,0.0006024550242701,0.0132889262114986,Town of Prineville-Crooked River,170703051006,69.22,OR,1,0,site,0.0,1,1,1,1,2013-12-01,2013,12
170703051002,2014-01,0.207412324673705,4.29801215653267,4.29912724328597,0.0011150867533044,0.0245965341595963,Town of Prineville-Crooked River,170703051006,69.22,OR,1,0,site,0.0,1,1,1,1,2014-01-01,2014,1
170703051002,2014-02,0.0001425702382806,6.1336933833189,6.134567990139,0.0008746068201033,0.0213590425766454,Town of Prineville-Crooked River,170703051006,69.22,OR,1,0,site,0.0,1,1,1,1,2014-02-01,2014,2
170703051002,2014-03,0.0,12.0389974406864,12.0410800898681,0.0020826491817276,0.0459389833024372,Town of Prineville-Crooked River,170703051006,69.22,OR,1,0,site,0.0,1,1,1,1,2014-03-01,2014,3
170703051002,2014-04,0.0,11.4778753065985,11.4834358664145,0.0055605598159715,0.0620949199286509,Town of Prineville-Crooked River,170703051006,69.22,OR,1,0,site,0.0,1,1,1,1,2014-04-01,2014,4
170703051002,2014-05,0.0978969781693131,9.16988211470705,9.55207862277362,0.382196508066575,0.0803248935127973,Town of Prineville-Crooked River,170703051006,69.22,OR,1,0,site,0.0,1,1,1,1,2014-05-01,2014,5
170703051002,2014-06,0.342903062410487,5.78053102424578,7.24804919608167,1.46751817183589,0.0934157874134867,Town of Prineville-Crooked River,170703051006,69.22,OR,1,0,site,0.0,1,1,1,1,2014-06-01,2014,6
170703051002,2014-07,0.431979777943825,3.87876812401318,6.01925625457817,2.14048813056499,0.115045893769771,Town of Prineville-Crooked River,170703051006,69.22,OR,1,0,site,0.0,1,1,1,1,2014-07-01,2014,7
170703051002,2014-08,0.313796675975062,3.6716041923175,4.94065935772266,1.26905516540516,0.092999827662441,Town of Prineville-Crooked River,170703051006,69.22,OR,1,0,site,0.0,1,1,1,1,2014-08-01,2014,8
170703051002,2014-09,0.311808558773863,3.01650807571702,3.9832071667558,0.966699091038786,0.0782522408431287,Town of Prineville-Crooked River,170703051006,69.22,OR,1,0,site,0.0,1,1,1,1,2014-09-01,2014,9
170703051002,2014-10,0.281023498424991,3.32541018934057,3.62130866438647,0.295898475045899,0.0486918371914,Town of Prineville-Crooked River,170703051006,69.22,OR,1,0,site,0.0,1,1,1,1,2014-10-01,2014,10
170703051002,2014-11,0.104609320164062,3.88946216311497,3.89456706043812,0.0051048973231476,0.0215877291161836,Town of Prineville-Crooked River,170703051006,69.22,OR,1,0,site,0.0,1,1,1,1,2014-11-01,2014,11
170703051002,2014-12,0.0,8.77107756964122,8.77174378458443,0.0006662149432056,0.0146953396761559,Town of Prineville-Crooked River,170703051006,69.22,OR,1,0,site,0.0,1,1,1,1,2014-12-01,2014,12
170703051002,2015-01,0.0,8.99260881782637,8.99365857601349,0.0010497581871246,0.0231555195435799,Town of Prineville-Crooked River,170703051006,69.22,OR,1,0,site,0.0,1,1,1,1,2015-01-01,2015,1
170703051002,2015-02,0.0,11.3526909746002,11.3541216567771,0.0014306821769262,0.0349391301648053,Town of Prineville-Crooked River,170703051006,69.22,OR,1,0,site,0.0,1,1,1,1,2015-02-01,2015,2
170703051002,2015-03,0.0,11.0140044607346,11.0163409200233,0.0023364592887879,0.0515375153896134,Town of Prineville-Crooked River,170703051006,69.22,OR,1,0,site,0.0,1,1,1,1,2015-03-01,2015,3
170703051002,2015-04,0.166298247175046,9.14980428418691,9.15648322179278,0.0066789376058701,0.0637048274943883,Town of Prineville-Crooked River,170703051006,69.22,OR,1,0,site,0.0,1,1,1,1,2015-04-01,2015,4
170703051002,2015-05,0.202955422439859,8.10196245830195,8.40952365585771,0.307561197555766,0.0786911254693346,Town of Prineville-Crooked River,170703051006,69.22,OR,1,0,site,0.0,1,1,1,1,2015-05-01,2015,5
170703051002,2015-06,0.494279529156476,4.44886089719288,6.67557675047805,2.22671585328518,0.121712361804134,Town of Prineville-Crooked River,170703051006,69.22,OR,1,0,site,0.0,1,1,1,1,2015-06-01,2015,6
170703051002,2015-07,0.383156282092113,4.21216297873683,5.9172218570412,1.70505887830436,0.111985729430783,Town of Prineville-Crooked River,170703051006,69.22,OR,1,0,site,0.0,1,1,1,1,2015-07-01,2015,7
170703051002,2015-08,0.464307658185031,2.86627910291023,4.80422539031402,1.93794628740378,0.107432965063472,Town of Prineville-Crooked River,170703051006,69.22,OR,1,0,site,0.0,1,1,1,1,2015-08-01,2015,8
170703051002,2015-09,0.232684289681057,3.36332871661078,4.08554055488775,0.722211838276969,0.0761699100762523,Town of Prineville-Crooked River,170703051006,69.22,OR,1,0,site,0.0,1,1,1,1,2015-09-01,2015,9
170703051002,2015-10,0.255641840722387,3.44280543516807,3.70572883630654,0.262923401138476,0.0537558030201668,Town of Prineville-Crooked River,170703051006,69.22,OR,1,0,site,0.0,1,1,1,1,2015-10-01,2015,10
170703051002,2015-11,0.171465743325639,3.59904644391651,3.60681117260004,0.0077647286835339,0.0239673481460969,Town of Prineville-Crooked River,170703051006,69.22,OR,1,0,site,0.0,1,1,1,1,2015-11-01,2015,11
170703051002,2015-12,0.0,6.21807054394785,6.21893887596578,0.0008683320179378,0.0191536291483944,Town of Prineville-Crooked River,170703051006,69.22,OR,1,0,site,0.0,1,1,1,1,2015-12-01,2015,12
170703051002,2016-01,0.0001930769241982,5.42171225132442,5.4227592610032,0.0010470096787818,0.023094893068427,Town of Prineville-Crooked River,170703051006,69.22,OR,1,0,site,0.0,1,1,1,1,2016-01-01,2016,1
170703051002,2016-02,0.0,6.83608645637698,6.83802575791328,0.0019393015362963,0.0457271671092885,Town of Prineville-Crooked River,170703051006,69.22,OR,1,0,site,0.0,1,1,1,1,2016-02-01,2016,2
170703051002,2016-03,0.0,16.8913344483767,16.8935827250762,0.0022482766995245,0.0495923877458029,Town of Prineville-Crooked River,170703051006,69.22,OR,1,0,site,0.0,1,1,1,1,2016-03-01,2016,3
170703051002,2016-04,0.0,14.7948806712808,14.7985765166155,0.0036958453346871,0.0842402189297174,Town of Prineville-Crooked River,170703051006,69.22,OR,1,0,site,0.0,1,1,1,1,2016-04-01,2016,4
170703051002,2016-05,0.0,11.3969031811062,11.9437693119364,0.54686613083016,0.0934545419795112,Town of Prineville-Crooked River,170703051006,69.22,OR,1,0,site,0.0,1,1,1,1,2016-05-01,2016,5
170703051002,2016-06,0.143449701784556,7.53513719121062,9.04619794112868,1.51106074991805,0.115497059409786,Town of Prineville-Crooked River,170703051006,69.22,OR,1,0,site,0.0,1,1,1,1,2016-06-01,2016,6
170703051002,2016-07,0.181386977141208,5.58995961001674,7.5701469148345,1.98018730481775,0.117040489927623,Town of Prineville-Crooked River,170703051006,69.22,OR,1,0,site,0.0,1,1,1,1,2016-07-01,2016,7
170703051002,2016-08,0.259349374211308,3.96293029701138,6.07877162207906,2.11584132506769,0.123202602779613,Town of Prineville-Crooked River,170703051006,69.22,OR,1,0,site,0.0,1,1,1,1,2016-08-01,2016,8
170703051002,2016-09,0.0726177094560901,4.06493891251899,4.85088364521174,0.78594473269275,0.0855732533135859,Town of Prineville-Crooked River,170703051006,69.22,OR,1,0,site,0.0,1,1,1,1,2016-09-01,2016,9
170703051002,2016-10,0.0,4.85784836382254,4.9184278902837,0.06057952646116,0.0456467632674222,Town of Prineville-Crooked River,170703051006,69.22,OR,1,0,site,0.0,1,1,1,1,2016-10-01,2016,10
170703051002,2016-11,0.0031618210883424,4.33013707528845,4.3438716201822,0.0137345448937445,0.0397290483752699,Town of Prineville-Crooked River,170703051006,69.22,OR,1,0,site,0.0,1,1,1,1,2016-11-01,2016,11
170703051002,2016-12,0.232993557791282,4.09720474638498,4.09782287963311,0.0006181332481282,0.0136347557781621,Town of Prineville-Crooked River,170703051006,69.22,OR,1,0,site,0.0,1,1,1,1,2016-12-01,2016,12
170703051002,2017-01,0.334038265733809,3.61135016196574,3.61203455280926,0.000684390843517,0.0150962628792759,Town of Prineville-Crooked River,170703051006,69.22,OR,1,0,site,0.0,1,1,1,1,2017-01-01,2017,1
170703051002,2017-02,0.357929747799051,3.93882361657242,3.94050442777787,0.0016808112054502,0.0410476082227139,Town of Prineville-Crooked River,170703051006,69.22,OR,1,0,site,0.0,1,1,1,1,2017-02-01,2017,2
170703051002,2017-03,0.0,13.1844730252558,13.1870178703821,0.0025448451262725,0.0561340809526742,Town of Prineville-Crooked River,170703051006,69.22,OR,1,0,site,0.0,1,1,1,1,2017-03-01,2017,3
170703051002,2017-04,0.0,17.7531156064028,17.75619351742,0.0030779110171792,0.0701555055618476,Town of Prineville-Crooked River,170703051006,69.22,OR,1,0,site,0.0,1,1,1,1,2017-04-01,2017,4
170703051002,2017-05,0.0,13.9700380998972,14.5440685352319,0.574030435334637,0.10325849635936,Town of Prineville-Crooked River,170703051006,69.22,OR,1,0,site,0.0,1,1,1,1,2017-05-01,2017,5
170703051002,2017-06,0.0174399383496096,8.64365452742839,10.5692396914135,1.92558516398512,0.125710467161562,Town of Prineville-Crooked River,170703051006,69.22,OR,1,0,site,0.0,1,1,1,1,2017-06-01,2017,6
170703051002,2017-07,0.145063496889699,5.83799718312068,8.34722784238172,2.50923065926104,0.141045777027754,Town of Prineville-Crooked River,170703051006,69.22,OR,1,0,site,0.0,1,1,1,1,2017-07-01,2017,7
170703051002,2017-08,0.152179954659129,4.53635172523767,6.60254503609695,2.06619331085928,0.133986773456289,Town of Prineville-Crooked River,170703051006,69.22,OR,1,0,site,0.0,1,1,1,1,2017-08-01,2017,8
170703051002,2017-09,0.0002549582627406,4.38212219943539,5.40475586195769,1.02263366252231,0.0929618117531496,Town of Prineville-Crooked River,170703051006,69.22,OR,1,0,site,0.0,1,1,1,1,2017-09-01,2017,9
170703051002,2017-10,0.0,5.21371134009898,5.31859852604605,0.104887185947064,0.0560963867764395,Town of Prineville-Crooked River,170703051006,69.22,OR,1,0,site,0.0,1,1,1,1,2017-10-01,2017,10
170703051002,2017-11,0.0,5.53805288456753,5.53969947965343,0.0016465950859027,0.0375312054384936,Town of Prineville-Crooked River,170703051006,69.22,OR,1,0,site,0.0,1,1,1,1,2017-11-01,2017,11
170703051002,2017-12,0.0,5.58373296792157,5.58462336223334,0.0008903943117659,0.0196402782473758,Town of Prineville-Crooked River,170703051006,69.22,OR,1,0,site,0.0,1,1,1,1,2017-12-01,2017,12
170703051002,2018-01,0.0,6.78166049189142,6.7827349135292,0.0010744216377896,0.0236995448447308,Town of Prineville-Crooked River,170703051006,69.22,OR,1,0,site,0.0,1,1,1,1,2018-01-01,2018,1
170703051002,2018-02,0.0,6.35768144299006,6.35895814120764,0.0012766982175818,0.0311786404588488,Town of Prineville-Crooked River,170703051006,69.22,OR,1,0,site,0.0,1,1,1,1,2018-02-01,2018,2
170703051002,2018-03,0.0072420398380201,8.19796755062331,8.19985486280611,0.0018873121828002,0.0416302484416621,Town of Prineville-Crooked River,170703051006,69.22,OR,1,0,site,0.0,1,1,1,1,2018-03-01,2018,3
170703051002,2018-04,0.231634854124291,8.43274070101371,8.43553503842091,0.0027943374072097,0.0636919496434437,Town of Prineville-Crooked River,170703051006,69.22,OR,1,0,site,0.0,1,1,1,1,2018-04-01,2018,4
170703051002,2018-05,0.302753880620311,7.08751058906077,7.65219424072497,0.564683651664206,0.0889426482070038,Town of Prineville-Crooked River,170703051006,69.22,OR,1,0,site,0.0,1,1,1,1,2018-05-01,2018,5
170703051002,2018-06,0.456339834802957,4.7826192328586,6.05389086930257,1.27127163644397,0.103912861281502,Town of Prineville-Crooked River,170703051006,69.22,OR,1,0,site,0.0,1,1,1,1,2018-06-01,2018,6
170703051002,2018-07,0.563791248487829,2.97868374237858,5.01499761710092,2.03631387472235,0.12089716940295,Town of Prineville-Crooked River,170703051006,69.22,OR,1,0,site,0.0,1,1,1,1,2018-07-01,2018,7
170703051002,2018-08,0.52775646422086,2.52678948797764,4.09020205257128,1.56341256459364,0.10733632099084,Town of Prineville-Crooked River,170703051006,69.22,OR,1,0,site,0.0,1,1,1,1,2018-08-01,2018,8
170703051002,2018-09,0.45063653478041,2.40799177389688,3.31535682335586,0.907365049458983,0.0768229969278404,Town of Prineville-Crooked River,170703051006,69.22,OR,1,0,site,0.0,1,1,1,1,2018-09-01,2018,9
170703051002,2018-10,0.290502743395979,3.28156678452174,3.35071211527402,0.0691453307522877,0.0453116794223632,Town of Prineville-Crooked River,170703051006,69.22,OR,1,0,site,0.0,1,1,1,1,2018-10-01,2018,10
170703051002,2018-11,0.28620801971165,3.10062072588822,3.10199436295194,0.0013736370637242,0.031309612957032,Town of Prineville-Crooked River,170703051006,69.22,OR,1,0,site,0.0,1,1,1,1,2018-11-01,2018,11
170703051002,2018-12,0.238576162519023,4.06738351760649,4.06830189392063,0.0009183763141397,0.0202575040149683,Town of Prineville-Crooked River,170703051006,69.22,OR,1,0,site,0.0,1,1,1,1,2018-12-01,2018,12
170703051002,2019-01,0.12816922497405,4.72772840929957,4.72860098741624,0.0008725781166748,0.0192472894060564,Town of Prineville-Crooked River,170703051006,69.22,OR,1,0,site,0.0,1,1,1,1,2019-01-01,2019,1
170703051002,2019-02,0.0805624794250953,5.64035198265158,5.64099032674506,0.0006383440934747,0.0155891977488442,Town of Prineville-Crooked River,170703051006,69.22,OR,1,0,site,0.0,1,1,1,1,2019-02-01,2019,2
170703051002,2019-03,0.0001477351357279,8.25655069180925,8.25777065467772,0.0012199628684798,0.0269098868577548,Town of Prineville-Crooked River,170703051006,69.22,OR,1,0,site,0.0,1,1,1,1,2019-03-01,2019,3
170703051002,2019-04,0.0,23.8378333082641,23.8400505594881,0.0022172512239833,0.0505382968214372,Town of Prineville-Crooked River,170703051006,69.22,OR,1,0,site,0.0,1,1,1,1,2019-04-01,2019,4
170703051002,2019-05,0.0,17.7169961233691,18.0175251939975,0.300529070628427,0.072551382372602,Town of Prineville-Crooked River,170703051006,69.22,OR,1,0,site,0.0,1,1,1,1,2019-05-01,2019,5
170703051002,2019-06,0.0,11.7284752207062,13.147906848741,1.41943162803477,0.0901858749054625,Town of Prineville-Crooked River,170703051006,69.22,OR,1,0,site,0.0,1,1,1,1,2019-06-01,2019,6
170703051002,2019-07,0.0,8.33549813460472,10.2168119157798,1.88131378117508,0.0901175105402824,Town of Prineville-Crooked River,170703051006,69.22,OR,1,0,site,0.0,1,1,1,1,2019-07-01,2019,7
170703051002,2019-08,0.0,6.73629877945535,8.03324176281067,1.29694298335531,0.0887799582740788,Town of Prineville-Crooked River,170703051006,69.22,OR,1,0,site,0.0,1,1,1,1,2019-08-01,2019,8
170703051002,2019-09,0.0,6.23562863605702,6.71429616119689,0.478667525139866,0.0534994066383511,Town of Prineville-Crooked River,170703051006,69.22,OR,1,0,site,0.0,1,1,1,1,2019-09-01,2019,9
170703051002,2019-10,0.0,6.13673469244124,6.21971044496138,0.0829757525201466,0.0405591493250291,Town of Prineville-Crooked River,170703051006,69.22,OR,1,0,site,0.0,1,1,1,1,2019-10-01,2019,10
170703051002,2019-11,0.0,5.22673164637883,5.22782807162648,0.0010964252476498,0.0249910628118612,Town of Prineville-Crooked River,170703051006,69.22,OR,1,0,site,0.0,1,1,1,1,2019-11-01,2019,11
170703051002,2019-12,0.0001237355210232,5.34115171813141,5.34181269010783,0.0006609719764192,0.0145796905472643,Town of Prineville-Crooked River,170703051006,69.22,OR,1,0,site,0.0,1,1,1,1,2019-12-01,2019,12
170703051002,2020-01,0.0,5.43698179533279,5.43794419893828,0.0009624036054901,0.0212286560553326,Town of Prineville-Crooked River,170703051006,69.22,OR,1,0,site,0.0,1,1,1,1,2020-01-01,2020,1
170703051002,2020-02,0.024836885828074,5.98220442536336,5.98348546339946,0.0012810380360977,0.0302058443484087,Town of Prineville-Crooked River,170703051006,69.22,OR,1,0,site,0.0,1,1,1,1,2020-02-01,2020,2
170703051002,2020-03,0.134554024706125,7.14665437799071,7.14817084479187,0.0015164668011619,0.0334501574573833,Town of Prineville-Crooked River,170703051006,69.22,OR,1,0,site,0.0,1,1,1,1,2020-03-01,2020,3
170703051002,2020-04,0.310197427564827,7.57052328500463,7.57468650960967,0.0041632246050428,0.0566491137037935,Town of Prineville-Crooked River,170703051006,69.22,OR,1,0,site,0.0,1,1,1,1,2020-04-01,2020,4
170703051002,2020-05,0.295890452259444,7.15727737561267,7.24270800338638,0.0854306277737131,0.0664105933408162,Town of Prineville-Crooked River,170703051006,69.22,OR,1,0,site,0.0,1,1,1,1,2020-05-01,2020,5
170703051002,2020-06,0.453632967424869,4.80643174812455,5.93832044998758,1.13188870186303,0.0803478868854785,Town of Prineville-Crooked River,170703051006,69.22,OR,1,0,site,0.0,1,1,1,1,2020-06-01,2020,6
170703051002,2020-07,0.542503437841016,3.12404913283596,5.02833555925425,1.90428642641829,0.0897240136560859,Town of Prineville-Crooked River,170703051006,69.22,OR,1,0,site,0.0,1,1,1,1,2020-07-01,2020,7
170703051002,2020-08,0.523835017131438,2.54777160955791,4.16156182915436,1.61379021959646,0.0827038537638118,Town of Prineville-Crooked River,170703051006,69.22,OR,1,0,site,0.0,1,1,1,1,2020-08-01,2020,8
170703051002,2020-09,0.476521235000918,2.29453292716441,3.41175425789414,1.11722133072973,0.0702268332936724,Town of Prineville-Crooked River,170703051006,69.22,OR,1,0,site,0.0,1,1,1,1,2020-09-01,2020,9
170703051006,2009-10,0.122331048708091,5.38003717113177,5.44246965165318,0.0624324805214069,0.0,McAllister Slough-Crooked River,170703051101,110.77,OR,0,1,downstream,1.0,1,1,1,1,2009-10-01,2009,10
170703051006,2009-11,0.109254797021097,5.04274353268241,5.04359635184977,0.0008528191673625,0.0,McAllister Slough-Crooked River,170703051101,110.77,OR,0,1,downstream,1.0,1,1,1,1,2009-11-01,2009,11
170703051006,2009-12,0.242144696262352,5.08346973905003,5.0839167866656,0.0004470476155711,0.0,McAllister Slough-Crooked River,170703051101,110.77,OR,0,1,downstream,1.0,1,1,1,1,2009-12-01,2009,12
170703051006,2010-01,0.0489786012467266,6.55579093416418,6.55637934795544,0.0005884137912609,0.0,McAllister Slough-Crooked River,170703051101,110.77,OR,0,1,downstream,1.0,1,1,1,1,2010-01-01,2010,1
170703051006,2010-02,9.55727500909775e-05,7.26884428017054,7.26953905000944,0.0006947698389041,0.0,McAllister Slough-Crooked River,170703051101,110.77,OR,0,1,downstream,1.0,1,1,1,1,2010-02-01,2010,2
170703051006,2010-03,0.0814872000619985,8.91224094300793,8.91350247891235,0.0012615359044142,0.0,McAllister Slough-Crooked River,170703051101,110.77,OR,0,1,downstream,1.0,1,1,1,1,2010-03-01,2010,3
170703051006,2010-04,0.0753782495847769,11.3081006149645,11.3098984116944,0.0017977967298404,0.0,McAllister Slough-Crooked River,170703051101,110.77,OR,0,1,downstream,1.0,1,1,1,1,2010-04-01,2010,4
170703051006,2010-05,0.0062984428617693,11.2335477860129,11.3047501086387,0.0712023226258417,0.0,McAllister Slough-Crooked River,170703051101,110.77,OR,0,1,downstream,1.0,1,1,1,1,2010-05-01,2010,5
170703051006,2010-06,0.1469156002876,8.38541081073963,9.82952075265544,1.4441099419158,0.0,McAllister Slough-Crooked River,170703051101,110.77,OR,0,1,downstream,1.0,1,1,1,1,2010-06-01,2010,6
170703051006,2010-07,0.473983463663838,4.14839705059562,7.8864384749009,3.73804142430529,0.0,McAllister Slough-Crooked River,170703051101,110.77,OR,0,1,downstream,1.0,1,1,1,1,2010-07-01,2010,7
170703051006,2010-08,0.472690903752542,3.38906142296435,6.42708697248401,3.03802554951966,0.0,McAllister Slough-Crooked River,170703051101,110.77,OR,0,1,downstream,1.0,1,1,1,1,2010-08-01,2010,8
170703051006,2010-09,0.181939465825314,4.60624489465784,5.48518876506018,0.878943870402332,0.0,McAllister Slough-Crooked River,170703051101,110.77,OR,0,1,downstream,1.0,1,1,1,1,2010-09-01,2010,9
170703051006,2010-10,0.0756419581638639,5.66623738619524,6.13126443047204,0.465027044276798,0.0,McAllister Slough-Crooked River,170703051101,110.77,OR,0,1,downstream,1.0,1,1,1,1,2010-10-01,2010,10
170703051006,2010-11,0.0,6.56662603638038,6.56971507505303,0.0030890386726447,0.0,McAllister Slough-Crooked River,170703051101,110.77,OR,0,1,downstream,1.0,1,1,1,1,2010-11-01,2010,11
170703051006,2010-12,0.0,7.7578357374091,7.75830200928838,0.0004662718792808,0.0,McAllister Slough-Crooked River,170703051101,110.77,OR,0,1,downstream,1.0,1,1,1,1,2010-12-01,2010,12
170703051006,2011-01,0.0,9.14790334826797,9.14828774003678,0.0003843917688145,0.0,McAllister Slough-Crooked River,170703051101,110.77,OR,0,1,downstream,1.0,1,1,1,1,2011-01-01,2011,1
170703051006,2011-02,0.0,10.8514634913222,10.8519757621535,0.0005122708312235,0.0,McAllister Slough-Crooked River,170703051101,110.77,OR,0,1,downstream,1.0,1,1,1,1,2011-02-01,2011,2
170703051006,2011-03,0.0,14.6797747106292,14.680665326746,0.0008906161167893,0.0,McAllister Slough-Crooked River,170703051101,110.77,OR,0,1,downstream,1.0,1,1,1,1,2011-03-01,2011,3
170703051006,2011-04,0.0,18.2351835153747,18.2362409657184,0.0010574503436325,0.0,McAllister Slough-Crooked River,170703051101,110.77,OR,0,1,downstream,1.0,1,1,1,1,2011-04-01,2011,4
170703051006,2011-05,0.0,18.8151413292483,18.8167408923707,0.0015995631224543,0.0,McAllister Slough-Crooked River,170703051101,110.77,OR,0,1,downstream,1.0,1,1,1,1,2011-05-01,2011,5
170703051006,2011-06,0.0,13.9348402123322,15.2703893987705,1.33554918643829,0.0,McAllister Slough-Crooked River,170703051101,110.77,OR,0,1,downstream,1.0,1,1,1,1,2011-06-01,2011,6
170703051006,2011-07,0.0,8.98740848042058,12.032469984547,3.04506150412639,0.0,McAllister Slough-Crooked River,170703051101,110.77,OR,0,1,downstream,1.0,1,1,1,1,2011-07-01,2011,7
170703051006,2011-08,0.0,6.64165465554941,9.61117043754473,2.96951578199531,0.0,McAllister Slough-Crooked River,170703051101,110.77,OR,0,1,downstream,1.0,1,1,1,1,2011-08-01,2011,8
170703051006,2011-09,0.0061242619263555,5.59620572461016,7.65475143728559,2.05854571267543,0.0,McAllister Slough-Crooked River,170703051101,110.77,OR,0,1,downstream,1.0,1,1,1,1,2011-09-01,2011,9
170703051006,2011-10,0.0,6.56875228416463,6.83334561240013,0.264593328235499,0.0,McAllister Slough-Crooked River,170703051101,110.77,OR,0,1,downstream,1.0,1,1,1,1,2011-10-01,2011,10
170703051006,2011-11,0.0,5.89546965323446,5.91624923090567,0.0207795776712115,0.0,McAllister Slough-Crooked River,170703051101,110.77,OR,0,1,downstream,1.0,1,1,1,1,2011-11-01,2011,11
170703051006,2011-12,0.148306190473854,5.71291074471545,5.71336854042425,0.000457795708802,0.0,McAllister Slough-Crooked River,170703051101,110.77,OR,0,1,downstream,1.0,1,1,1,1,2011-12-01,2011,12
170703051006,2012-01,0.0307602285848608,6.68137784786398,6.6821351187752,0.0007572709112253,0.0,McAllister Slough-Crooked River,170703051101,110.77,OR,0,1,downstream,1.0,1,1,1,1,2012-01-01,2012,1
170703051006,2012-02,0.0031331292959373,7.24676264424389,7.24760128592733,0.0008386416834359,0.0,McAllister Slough-Crooked River,170703051101,110.77,OR,0,1,downstream,1.0,1,1,1,1,2012-02-01,2012,2
170703051006,2012-03,0.0576119024177537,9.14390064900865,9.14519281041199,0.0012921614033373,0.0,McAllister Slough-Crooked River,170703051101,110.77,OR,0,1,downstream,1.0,1,1,1,1,2012-03-01,2012,3
170703051006,2012-04,0.0,12.7958891594517,12.7977424590683,0.0018532996166273,0.0,McAllister Slough-Crooked River,170703051101,110.77,OR,0,1,downstream,1.0,1,1,1,1,2012-04-01,2012,4
170703051006,2012-05,0.0,11.3501970764127,11.4632069139296,0.113009837516931,0.0,McAllister Slough-Crooked River,170703051101,110.77,OR,0,1,downstream,1.0,1,1,1,1,2012-05-01,2012,5
170703051006,2012-06,0.0,9.9561816998297,10.7498195082299,0.79363780840018,0.0,McAllister Slough-Crooked River,170703051101,110.77,OR,0,1,downstream,1.0,1,1,1,1,2012-06-01,2012,6
170703051006,2012-07,0.349358869496841,5.13124124495314,8.81387733625929,3.68263609130616,0.0,McAllister Slough-Crooked River,170703051101,110.77,OR,0,1,downstream,1.0,1,1,1,1,2012-07-01,2012,7
170703051006,2012-08,0.408078452948513,3.8043312637872,7.18902990150484,3.38469863771765,0.0,McAllister Slough-Crooked River,170703051101,110.77,OR,0,1,downstream,1.0,1,1,1,1,2012-08-01,2012,8
170703051006,2012-09,0.344040329215628,3.69350525838562,5.87238192403344,2.17887666564782,0.0,McAllister Slough-Crooked River,170703051101,110.77,OR,0,1,downstream,1.0,1,1,1,1,2012-09-01,2012,9
170703051006,2012-10,0.158105846734678,5.16074065518523,5.64521266667075,0.48447201148552,0.0,McAllister Slough-Crooked River,170703051101,110.77,OR,0,1,downstream,1.0,1,1,1,1,2012-10-01,2012,10
170703051006,2012-11,0.0,6.22803435834798,6.22889246898451,0.0008581106365296,0.0,McAllister Slough-Crooked River,170703051101,110.77,OR,0,1,downstream,1.0,1,1,1,1,2012-11-01,2012,11
170703051006,2012-12,0.0,8.73525635381485,8.73569973482598,0.0004433810111323,0.0,McAllister Slough-Crooked River,170703051101,110.77,OR,0,1,downstream,1.0,1,1,1,1,2012-12-01,2012,12
170703051006,2013-01,0.0,7.48231577847685,7.4827965213193,0.0004807428424484,0.0,McAllister Slough-Crooked River,170703051101,110.77,OR,0,1,downstream,1.0,1,1,1,1,2013-01-01,2013,1
170703051006,2013-02,0.0798195415191815,6.6892877759819,6.68991922277221,0.0006314467903091,0.0,McAllister Slough-Crooked River,170703051101,110.77,OR,0,1,downstream,1.0,1,1,1,1,2013-02-01,2013,2
170703051006,2013-03,0.0866161365898458,8.86247536748122,8.86377086879245,0.0012955013112384,0.0,McAllister Slough-Crooked River,170703051101,110.77,OR,0,1,downstream,1.0,1,1,1,1,2013-03-01,2013,3
170703051006,2013-04,0.0879677562230309,11.1541312672889,11.1559460554356,0.0018147881467628,0.0,McAllister Slough-Crooked River,170703051101,110.77,OR,0,1,downstream,1.0,1,1,1,1,2013-04-01,2013,4
170703051006,2013-05,0.165751427805443,9.43097163714811,9.4336077619584,0.0026361248102832,0.0,McAllister Slough-Crooked River,170703051101,110.77,OR,0,1,downstream,1.0,1,1,1,1,2013-05-01,2013,5
170703051006,2013-06,0.367670708476944,6.2154938935378,7.70591809242534,1.49042419888754,0.0,McAllister Slough-Crooked River,170703051101,110.77,OR,0,1,downstream,1.0,1,1,1,1,2013-06-01,2013,6
170703051006,2013-07,0.643011393070615,2.81536868478918,6.71267647938305,3.89730779459387,0.0,McAllister Slough-Crooked River,170703051101,110.77,OR,0,1,downstream,1.0,1,1,1,1,2013-07-01,2013,7
170703051006,2013-08,0.44374948093072,3.57507046454764,5.9245263280315,2.34945586348386,0.0,McAllister Slough-Crooked River,170703051101,110.77,OR,0,1,downstream,1.0,1,1,1,1,2013-08-01,2013,8
170703051006,2013-09,0.251173276582768,4.21641080045971,5.63068954219254,1.41427874173283,0.0,McAllister Slough-Crooked River,170703051101,110.77,OR,0,1,downstream,1.0,1,1,1,1,2013-09-01,2013,9
170703051006,2013-10,0.0010932743339306,6.12321457500159,6.12991625511245,0.0067016801108588,0.0,McAllister Slough-Crooked River,170703051101,110.77,OR,0,1,downstream,1.0,1,1,1,1,2013-10-01,2013,10
170703051006,2013-11,0.0143077982083263,5.58026353571974,5.5809870731795,0.0007235374597603,0.0,McAllister Slough-Crooked River,170703051101,110.77,OR,0,1,downstream,1.0,1,1,1,1,2013-11-01,2013,11
170703051006,2013-12,0.209053651958759,5.30543469927561,5.30588384843122,0.000449149155611,0.0,McAllister Slough-Crooked River,170703051101,110.77,OR,0,1,downstream,1.0,1,1,1,1,2013-12-01,2013,12
170703051006,2014-01,0.208445883616825,5.4565158122498,5.45734703827327,0.0008312260234693,0.0,McAllister Slough-Crooked River,170703051101,110.77,OR,0,1,downstream,1.0,1,1,1,1,2014-01-01,2014,1
170703051006,2014-02,0.0,8.0942774136665,8.09492931819351,0.0006519045270097,0.0,McAllister Slough-Crooked River,170703051101,110.77,OR,0,1,downstream,1.0,1,1,1,1,2014-02-01,2014,2
170703051006,2014-03,0.0,13.2835520739188,13.2851045579758,0.0015524840569887,0.0,McAllister Slough-Crooked River,170703051101,110.77,OR,0,1,downstream,1.0,1,1,1,1,2014-03-01,2014,3
170703051006,2014-04,0.0003385875001796,12.2258337837814,12.2299747003424,0.0041409165610488,0.0,McAllister Slough-Crooked River,170703051101,110.77,OR,0,1,downstream,1.0,1,1,1,1,2014-04-01,2014,4
170703051006,2014-05,0.192451354466788,9.12913563832262,10.4052368837937,1.27610124547105,0.0,McAllister Slough-Crooked River,170703051101,110.77,OR,0,1,downstream,1.0,1,1,1,1,2014-05-01,2014,5
170703051006,2014-06,0.428263078380896,5.61989993611432,8.15341398132939,2.53351404521507,0.0,McAllister Slough-Crooked River,170703051101,110.77,OR,0,1,downstream,1.0,1,1,1,1,2014-06-01,2014,6
170703051006,2014-07,0.565984752067386,3.42283454998942,7.10484824228665,3.68201369229723,0.0,McAllister Slough-Crooked River,170703051101,110.77,OR,0,1,downstream,1.0,1,1,1,1,2014-07-01,2014,7
170703051006,2014-08,0.404704442486583,3.82601632247209,6.08523366409962,2.25921734162753,0.0,McAllister Slough-Crooked River,170703051101,110.77,OR,0,1,downstream,1.0,1,1,1,1,2014-08-01,2014,8
170703051006,2014-09,0.395354112921385,3.40457327310329,5.10424868442389,1.6996754113206,0.0,McAllister Slough-Crooked River,170703051101,110.77,OR,0,1,downstream,1.0,1,1,1,1,2014-09-01,2014,9
170703051006,2014-10,0.322798735822063,4.15118703726704,4.85328360612841,0.702096568861369,0.0,McAllister Slough-Crooked River,170703051101,110.77,OR,0,1,downstream,1.0,1,1,1,1,2014-10-01,2014,10
170703051006,2014-11,0.0689721106631459,5.27079444492004,5.32484094903518,0.0540465041151435,0.0,McAllister Slough-Crooked River,170703051101,110.77,OR,0,1,downstream,1.0,1,1,1,1,2014-11-01,2014,11
170703051006,2014-12,0.0,10.1205706259759,10.1210672299345,0.0004966039585745,0.0,McAllister Slough-Crooked River,170703051101,110.77,OR,0,1,downstream,1.0,1,1,1,1,2014-12-01,2014,12
170703051006,2015-01,0.0,10.488360782351,10.4891432203532,0.0007824380021588,0.0,McAllister Slough-Crooked River,170703051101,110.77,OR,0,1,downstream,1.0,1,1,1,1,2015-01-01,2015,1
170703051006,2015-02,0.0,12.0081796126102,12.0092461857132,0.0010665731029822,0.0,McAllister Slough-Crooked River,170703051101,110.77,OR,0,1,downstream,1.0,1,1,1,1,2015-02-01,2015,2
170703051006,2015-03,0.0,11.6435643457461,11.6453060387773,0.0017416930312032,0.0,McAllister Slough-Crooked River,170703051101,110.77,OR,0,1,downstream,1.0,1,1,1,1,2015-03-01,2015,3
170703051006,2015-04,0.196863224149977,9.82234244956037,9.83725717684267,0.0149147272823025,0.0,McAllister Slough-Crooked River,170703051101,110.77,OR,0,1,downstream,1.0,1,1,1,1,2015-04-01,2015,4
170703051006,2015-05,0.229430736672079,8.71109296331997,9.47574180872567,0.764648845405701,0.0,McAllister Slough-Crooked River,170703051101,110.77,OR,0,1,downstream,1.0,1,1,1,1,2015-05-01,2015,5
170703051006,2015-06,0.560184256423169,4.32317797883305,7.96566204699963,3.64248406816659,0.0,McAllister Slough-Crooked River,170703051101,110.77,OR,0,1,downstream,1.0,1,1,1,1,2015-06-01,2015,6
170703051006,2015-07,0.46969768435792,4.18219658540874,7.36676862333397,3.18457203792523,0.0,McAllister Slough-Crooked River,170703051101,110.77,OR,0,1,downstream,1.0,1,1,1,1,2015-07-01,2015,7
170703051006,2015-08,0.52078227500133,3.07997399732238,6.23303655888292,3.15306256156054,0.0,McAllister Slough-Crooked River,170703051101,110.77,OR,0,1,downstream,1.0,1,1,1,1,2015-08-01,2015,8
170703051006,2015-09,0.311360123990565,3.87751734818309,5.40960346105716,1.53208611287408,0.0,McAllister Slough-Crooked River,170703051101,110.77,OR,0,1,downstream,1.0,1,1,1,1,2015-09-01,2015,9
170703051006,2015-10,0.304794574950761,4.26155103565169,4.98359566128232,0.722044625630638,0.0,McAllister Slough-Crooked River,170703051101,110.77,OR,0,1,downstream,1.0,1,1,1,1,2015-10-01,2015,10
170703051006,2015-11,0.152840152398242,4.79599534003122,4.83890007747335,0.0429047374421275,0.0,McAllister Slough-Crooked River,170703051101,110.77,OR,0,1,downstream,1.0,1,1,1,1,2015-11-01,2015,11
170703051006,2015-12,0.0,7.55658821361401,7.55723568769783,0.0006474740838196,0.0,McAllister Slough-Crooked River,170703051101,110.77,OR,0,1,downstream,1.0,1,1,1,1,2015-12-01,2015,12
170703051006,2016-01,0.0001131902301095,6.89264078733984,6.89342105525532,0.0007802679154864,0.0,McAllister Slough-Crooked River,170703051101,110.77,OR,0,1,downstream,1.0,1,1,1,1,2016-01-01,2016,1
170703051006,2016-02,0.0,8.83902437692463,8.84046976795693,0.0014453910323004,0.0,McAllister Slough-Crooked River,170703051101,110.77,OR,0,1,downstream,1.0,1,1,1,1,2016-02-01,2016,2
170703051006,2016-03,0.0,17.8996213191619,17.9012969135812,0.0016755944193522,0.0,McAllister Slough-Crooked River,170703051101,110.77,OR,0,1,downstream,1.0,1,1,1,1,2016-03-01,2016,3
170703051006,2016-04,0.0,15.2775889500291,15.2803434545045,0.002754504475338,0.0,McAllister Slough-Crooked River,170703051101,110.77,OR,0,1,downstream,1.0,1,1,1,1,2016-04-01,2016,4
170703051006,2016-05,0.0,11.8748517558099,12.8416950909113,0.966843335101415,0.0,McAllister Slough-Crooked River,170703051101,110.77,OR,0,1,downstream,1.0,1,1,1,1,2016-05-01,2016,5
170703051006,2016-06,0.217897765086176,7.68769014878364,10.1461466260808,2.45845647729714,0.0,McAllister Slough-Crooked River,170703051101,110.77,OR,0,1,downstream,1.0,1,1,1,1,2016-06-01,2016,6
170703051006,2016-07,0.299453273918637,5.52481865403393,8.78681238971032,3.26199373567639,0.0,McAllister Slough-Crooked River,170703051101,110.77,OR,0,1,downstream,1.0,1,1,1,1,2016-07-01,2016,7
170703051006,2016-08,0.438275837991249,3.61025004377594,7.2479758338951,3.63772579011916,0.0,McAllister Slough-Crooked River,170703051101,110.77,OR,0,1,downstream,1.0,1,1,1,1,2016-08-01,2016,8
170703051006,2016-09,0.236771849775443,4.29750076377637,5.94205936015398,1.64455859637762,0.0,McAllister Slough-Crooked River,170703051101,110.77,OR,0,1,downstream,1.0,1,1,1,1,2016-09-01,2016,9
170703051006,2016-10,0.0188901220990654,6.01412138859633,6.27240326411945,0.258281875523125,0.0,McAllister Slough-Crooked River,170703051101,110.77,OR,0,1,downstream,1.0,1,1,1,1,2016-10-01,2016,10
170703051006,2016-11,0.0121371146770775,5.59255234771906,5.66126375513228,0.0687114074132224,0.0,McAllister Slough-Crooked River,170703051101,110.77,OR,0,1,downstream,1.0,1,1,1,1,2016-11-01,2016,11
170703051006,2016-12,0.199299938421387,5.37085973142365,5.37132048546733,0.0004607540436784,0.0,McAllister Slough-Crooked River,170703051101,110.77,OR,0,1,downstream,1.0,1,1,1,1,2016-12-01,2016,12
170703051006,2017-01,0.299118942764086,4.83146823717966,4.83197826978749,0.0005100326078286,0.0,McAllister Slough-Crooked River,170703051101,110.77,OR,0,1,downstream,1.0,1,1,1,1,2017-01-01,2017,1
170703051006,2017-02,0.225924435736315,5.62717254207295,5.62842530221488,0.001252760141928,0.0,McAllister Slough-Crooked River,170703051101,110.77,OR,0,1,downstream,1.0,1,1,1,1,2017-02-01,2017,2
170703051006,2017-03,0.0,16.1786417120025,16.1805385120859,0.0018968000834211,0.0,McAllister Slough-Crooked River,170703051101,110.77,OR,0,1,downstream,1.0,1,1,1,1,2017-03-01,2017,3
170703051006,2017-04,0.0,19.2891093832139,19.2914033737712,0.0022939905573249,0.0,McAllister Slough-Crooked River,170703051101,110.77,OR,0,1,downstream,1.0,1,1,1,1,2017-04-01,2017,4
170703051006,2017-05,0.0,14.1627238107455,15.6538537884998,1.49112997775427,0.0,McAllister Slough-Crooked River,170703051101,110.77,OR,0,1,downstream,1.0,1,1,1,1,2017-05-01,2017,5
170703051006,2017-06,0.143317796064096,8.42077550201857,11.6223243329206,3.20154883090207,0.0,McAllister Slough-Crooked River,170703051101,110.77,OR,0,1,downstream,1.0,1,1,1,1,2017-06-01,2017,6
170703051006,2017-07,0.317356478233604,5.38362613470036,9.47094082362116,4.0873146889208,0.0,McAllister Slough-Crooked River,170703051101,110.77,OR,0,1,downstream,1.0,1,1,1,1,2017-07-01,2017,7
170703051006,2017-08,0.349020685149264,4.18390067383373,7.73015634360358,3.54625566976985,0.0,McAllister Slough-Crooked River,170703051101,110.77,OR,0,1,downstream,1.0,1,1,1,1,2017-08-01,2017,8
170703051006,2017-09,0.155848022147846,4.75315771371327,6.53688372799491,1.78372601428164,0.0,McAllister Slough-Crooked River,170703051101,110.77,OR,0,1,downstream,1.0,1,1,1,1,2017-09-01,2017,9
170703051006,2017-10,0.0,6.25632804589484,6.53483160857208,0.27850356267724,0.0,McAllister Slough-Crooked River,170703051101,110.77,OR,0,1,downstream,1.0,1,1,1,1,2017-10-01,2017,10
170703051006,2017-11,0.0,6.71199428149223,6.71322150341592,0.0012272219236911,0.0,McAllister Slough-Crooked River,170703051101,110.77,OR,0,1,downstream,1.0,1,1,1,1,2017-11-01,2017,11
170703051006,2017-12,9.89456475062322e-05,6.70704120796748,6.7077049061727,0.0006636982052219,0.0,McAllister Slough-Crooked River,170703051101,110.77,OR,0,1,downstream,1.0,1,1,1,1,2017-12-01,2017,12
170703051006,2018-01,0.0,7.58554338488198,7.58634439081309,0.0008010059311125,0.0,McAllister Slough-Crooked River,170703051101,110.77,OR,0,1,downstream,1.0,1,1,1,1,2018-01-01,2018,1
170703051006,2018-02,0.0420564283631034,6.96380820171993,6.96476032254587,0.000952120825936,0.0,McAllister Slough-Crooked River,170703051101,110.77,OR,0,1,downstream,1.0,1,1,1,1,2018-02-01,2018,2
170703051006,2018-03,0.0983588670496647,8.74853678851556,8.74994402036623,0.0014072318506716,0.0,McAllister Slough-Crooked River,170703051101,110.77,OR,0,1,downstream,1.0,1,1,1,1,2018-03-01,2018,3
170703051006,2018-04,0.264493668927789,8.99522382095483,8.99730856340137,0.0020847424465446,0.0,McAllister Slough-Crooked River,170703051101,110.77,OR,0,1,downstream,1.0,1,1,1,1,2018-04-01,2018,4
170703051006,2018-05,0.377090653950756,7.04183449742226,8.50916839565181,1.46733389822954,0.0,McAllister Slough-Crooked River,170703051101,110.77,OR,0,1,downstream,1.0,1,1,1,1,2018-05-01,2018,5
170703051006,2018-06,0.527504996081005,4.64439944654777,7.13277013119078,2.488370684643,0.0,McAllister Slough-Crooked River,170703051101,110.77,OR,0,1,downstream,1.0,1,1,1,1,2018-06-01,2018,6
170703051006,2018-07,0.692317997420339,2.4265151831788,6.06558431726981,3.63906913409101,0.0,McAllister Slough-Crooked River,170703051101,110.77,OR,0,1,downstream,1.0,1,1,1,1,2018-07-01,2018,7
170703051006,2018-08,0.659292648810116,2.18975577826204,5.09866237689604,2.908906598634,0.0,McAllister Slough-Crooked River,170703051101,110.77,OR,0,1,downstream,1.0,1,1,1,1,2018-08-01,2018,8
170703051006,2018-09,0.548697641945778,2.54114346786274,4.26067504637339,1.71953157851065,0.0,McAllister Slough-Crooked River,170703051101,110.77,OR,0,1,downstream,1.0,1,1,1,1,2018-09-01,2018,9
170703051006,2018-10,0.355761913426977,3.94912551904652,4.31147530353087,0.36234978448435,0.0,McAllister Slough-Crooked River,170703051101,110.77,OR,0,1,downstream,1.0,1,1,1,1,2018-10-01,2018,10
170703051006,2018-11,0.287044236226198,4.03623062446528,4.03725483424862,0.001024209783339,0.0,McAllister Slough-Crooked River,170703051101,110.77,OR,0,1,downstream,1.0,1,1,1,1,2018-11-01,2018,11
170703051006,2018-12,0.248833626197878,5.03860237090445,5.03928724218978,0.0006848712853247,0.0,McAllister Slough-Crooked River,170703051101,110.77,OR,0,1,downstream,1.0,1,1,1,1,2018-12-01,2018,12
170703051006,2019-01,0.151081826076525,5.85195041431298,5.85260132156006,0.0006509072470794,0.0,McAllister Slough-Crooked River,170703051101,110.77,OR,0,1,downstream,1.0,1,1,1,1,2019-01-01,2019,1
170703051006,2019-02,0.0854360120254467,6.64845862431338,6.64893489783298,0.0004762735196047,0.0,McAllister Slough-Crooked River,170703051101,110.77,OR,0,1,downstream,1.0,1,1,1,1,2019-02-01,2019,2
170703051006,2019-03,9.37960862393838e-05,9.70199327683769,9.70290337119907,0.0009100943613778,0.0,McAllister Slough-Crooked River,170703051101,110.77,OR,0,1,downstream,1.0,1,1,1,1,2019-03-01,2019,3
170703051006,2019-04,0.0,23.1935733412311,23.1952271444907,0.0016538032596655,0.0,McAllister Slough-Crooked River,170703051101,110.77,OR,0,1,downstream,1.0,1,1,1,1,2019-04-01,2019,4
170703051006,2019-05,0.0,17.4117628097394,18.1026651691567,0.690902359417349,0.0,McAllister Slough-Crooked River,170703051101,110.77,OR,0,1,downstream,1.0,1,1,1,1,2019-05-01,2019,5
170703051006,2019-06,0.0,11.2530313768423,13.7756257638477,2.52259438700545,0.0,McAllister Slough-Crooked River,170703051101,110.77,OR,0,1,downstream,1.0,1,1,1,1,2019-06-01,2019,6
170703051006,2019-07,0.0114461812412147,7.7961688707695,11.0569036682988,3.26073479752926,0.0,McAllister Slough-Crooked River,170703051101,110.77,OR,0,1,downstream,1.0,1,1,1,1,2019-07-01,2019,7
170703051006,2019-08,0.0,6.62738544265886,8.98093631965594,2.35355087699708,0.0,McAllister Slough-Crooked River,170703051101,110.77,OR,0,1,downstream,1.0,1,1,1,1,2019-08-01,2019,8
170703051006,2019-09,0.0,6.92914986731922,7.78971435038286,0.860564483063637,0.0,McAllister Slough-Crooked River,170703051101,110.77,OR,0,1,downstream,1.0,1,1,1,1,2019-09-01,2019,9
170703051006,2019-10,0.0,7.44263009819366,7.66391215335906,0.221282055165407,0.0,McAllister Slough-Crooked River,170703051101,110.77,OR,0,1,downstream,1.0,1,1,1,1,2019-10-01,2019,10
170703051006,2019-11,0.0,6.56212208555488,6.56293991585249,0.0008178302976102,0.0,McAllister Slough-Crooked River,170703051101,110.77,OR,0,1,downstream,1.0,1,1,1,1,2019-11-01,2019,11
170703051006,2019-12,0.0,6.88024324055951,6.88073640946343,0.000493168903916,0.0,McAllister Slough-Crooked River,170703051101,110.77,OR,0,1,downstream,1.0,1,1,1,1,2019-12-01,2019,12
170703051006,2020-01,0.0,7.06072445317689,7.06144243714624,0.0007179839693461,0.0,McAllister Slough-Crooked River,170703051101,110.77,OR,0,1,downstream,1.0,1,1,1,1,2020-01-01,2020,1
170703051006,2020-02,0.0,7.54815190984032,7.54910754102087,0.0009556311805508,0.0,McAllister Slough-Crooked River,170703051101,110.77,OR,0,1,downstream,1.0,1,1,1,1,2020-02-01,2020,2
170703051006,2020-03,0.114518022302619,8.59174606653594,8.59287717432229,0.0011311077863488,0.0,McAllister Slough-Crooked River,170703051101,110.77,OR,0,1,downstream,1.0,1,1,1,1,2020-03-01,2020,3
170703051006,2020-04,0.288566985805425,8.70080776458802,8.76015690713921,0.0593491425511938,0.0,McAllister Slough-Crooked River,170703051101,110.77,OR,0,1,downstream,1.0,1,1,1,1,2020-04-01,2020,4
170703051006,2020-05,0.293651466316244,7.98509366289824,8.39032321377618,0.405229550877937,0.0,McAllister Slough-Crooked River,170703051101,110.77,OR,0,1,downstream,1.0,1,1,1,1,2020-05-01,2020,5
170703051006,2020-06,0.519247172755494,4.72556989229765,7.00634063780096,2.28077074550332,0.0,McAllister Slough-Crooked River,170703051101,110.77,OR,0,1,downstream,1.0,1,1,1,1,2020-06-01,2020,6
170703051006,2020-07,0.652695470625111,2.73899580296947,6.14211853506273,3.40312273209326,0.0,McAllister Slough-Crooked River,170703051101,110.77,OR,0,1,downstream,1.0,1,1,1,1,2020-07-01,2020,7
170703051006,2020-08,0.635243748936053,2.3443201493452,5.25426918818356,2.90994903883836,0.0,McAllister Slough-Crooked River,170703051101,110.77,OR,0,1,downstream,1.0,1,1,1,1,2020-08-01,2020,8
170703051006,2020-09,0.569953390870824,2.42145894467901,4.44886357895044,2.02740463427143,0.0,McAllister Slough-Crooked River,170703051101,110.77,OR,0,1,downstream,1.0,1,1,1,1,2020-09-01,2020,9
170703051101,2009-10,0.122851939168441,5.29543464237133,5.36563734945994,0.0702027070886063,0.0255221327553791,Osborne Canyon-Crooked River,170703051102,171.54,OR,0,0,downstream,2.0,0,1,0,1,2009-10-01,2009,10
170703051101,2009-11,0.108441838486941,4.96871053588591,4.96976053774829,0.0010500018623816,0.0197250655164789,Osborne Canyon-Crooked River,170703051102,171.54,OR,0,0,downstream,2.0,0,1,0,1,2009-11-01,2009,11
170703051101,2009-12,0.241405501256145,5.00902976111259,5.00958346417609,0.000553703063501,0.0103042370818107,Osborne Canyon-Crooked River,170703051102,171.54,OR,0,0,downstream,2.0,0,1,0,1,2009-12-01,2009,12
170703051101,2010-01,0.0488568028719086,6.46101580006557,6.46179347589134,0.0007776758257694,0.0179855603013686,Osborne Canyon-Crooked River,170703051102,171.54,OR,0,0,downstream,2.0,0,1,0,1,2010-01-01,2010,1
170703051101,2010-02,0.0001300088208381,7.15860913312937,7.15953993647425,0.000930803344885,0.0247702822186915,Osborne Canyon-Crooked River,170703051102,171.54,OR,0,0,downstream,2.0,0,1,0,1,2010-02-01,2010,2
170703051101,2010-03,0.0815789560771773,8.77895072918564,8.78063238968318,0.0016816604975335,0.0398591794201995,Osborne Canyon-Crooked River,170703051102,171.54,OR,0,0,downstream,2.0,0,1,0,1,2010-03-01,2010,3
170703051101,2010-04,0.0784290408845295,11.1202195808078,11.1420160754449,0.0217964946371386,0.0453371791346842,Osborne Canyon-Crooked River,170703051102,171.54,OR,0,0,downstream,2.0,0,1,0,1,2010-04-01,2010,4
170703051101,2010-05,0.0162312620302252,10.9559615882783,11.1367246847956,0.180763096517394,0.0537228290739219,Osborne Canyon-Crooked River,170703051102,171.54,OR,0,0,downstream,2.0,0,1,0,1,2010-05-01,2010,5
170703051101,2010-06,0.173580212597341,8.00097173902209,9.68148616596925,1.68051442694716,0.0700827001456667,Osborne Canyon-Crooked River,170703051102,171.54,OR,0,0,downstream,2.0,0,1,0,1,2010-06-01,2010,6
170703051101,2010-07,0.531848660119798,3.63522988844605,7.76507419454634,4.12984430610028,0.0967833033356944,Osborne Canyon-Crooked River,170703051102,171.54,OR,0,0,downstream,2.0,0,1,0,1,2010-07-01,2010,7
170703051101,2010-08,0.532944556812173,2.95478815871685,6.32641841951209,3.37163026079524,0.0845208324775421,Osborne Canyon-Crooked River,170703051102,171.54,OR,0,0,downstream,2.0,0,1,0,1,2010-08-01,2010,8
170703051101,2010-09,0.204703240481022,4.41464411330651,5.40370250950162,0.98905839619511,0.0526752113987846,Osborne Canyon-Crooked River,170703051102,171.54,OR,0,0,downstream,2.0,0,1,0,1,2010-09-01,2010,9
170703051101,2010-10,0.0866547362921107,5.51396094440357,6.04981972834277,0.535858783939206,0.0373654825826851,Osborne Canyon-Crooked River,170703051102,171.54,OR,0,0,downstream,2.0,0,1,0,1,2010-10-01,2010,10
170703051101,2010-11,0.0,6.47206466320769,6.47531968099122,0.0032550177835251,0.0201853790248014,Osborne Canyon-Crooked River,170703051102,171.54,OR,0,0,downstream,2.0,0,1,0,1,2010-11-01,2010,11
170703051101,2010-12,0.0,7.65154925631842,7.65217305932963,0.0006238030112118,0.0149358352981544,Osborne Canyon-Crooked River,170703051102,171.54,OR,0,0,downstream,2.0,0,1,0,1,2010-12-01,2010,12
170703051101,2011-01,0.0,9.01534132827358,9.01586896397957,0.0005276357059949,0.0135233626212959,Osborne Canyon-Crooked River,170703051102,171.54,OR,0,0,downstream,2.0,0,1,0,1,2011-01-01,2011,1
170703051101,2011-02,0.0,10.7010091738363,10.7017167026789,0.0007075288425533,0.0203900295762558,Osborne Canyon-Crooked River,170703051102,171.54,OR,0,0,downstream,2.0,0,1,0,1,2011-02-01,2011,2
170703051101,2011-03,0.0,14.4694807572108,14.4707023045959,0.0012215473850548,0.0312462902711035,Osborne Canyon-Crooked River,170703051102,171.54,OR,0,0,downstream,2.0,0,1,0,1,2011-03-01,2011,3
170703051101,2011-04,0.0,17.9627656554218,17.9642148300751,0.0014491746533196,0.0382240747923869,Osborne Canyon-Crooked River,170703051102,171.54,OR,0,0,downstream,2.0,0,1,0,1,2011-04-01,2011,4
170703051101,2011-05,0.0,18.4641486319825,18.5387471025037,0.0745984705211856,0.0506393647559536,Osborne Canyon-Crooked River,170703051102,171.54,OR,0,0,downstream,2.0,0,1,0,1,2011-05-01,2011,5
170703051101,2011-06,0.0,13.4303897168529,15.0443500683479,1.61396035149504,0.0725996140991158,Osborne Canyon-Crooked River,170703051102,171.54,OR,0,0,downstream,2.0,0,1,0,1,2011-06-01,2011,6
170703051101,2011-07,0.0,8.49292081326744,11.8540731943265,3.3611523810591,0.0774734052191954,Osborne Canyon-Crooked River,170703051102,171.54,OR,0,0,downstream,2.0,0,1,0,1,2011-07-01,2011,7
170703051101,2011-08,0.0210978841197492,6.19294437680417,9.4646710661306,3.27172668932642,0.0788582431114215,Osborne Canyon-Crooked River,170703051102,171.54,OR,0,0,downstream,2.0,0,1,0,1,2011-08-01,2011,8
170703051101,2011-09,0.058667563104276,5.22527930796506,7.53676963229225,2.31149032432719,0.0734847704245414,Osborne Canyon-Crooked River,170703051102,171.54,OR,0,0,downstream,2.0,0,1,0,1,2011-09-01,2011,9
170703051101,2011-10,0.0,6.42968123423708,6.72799322171533,0.298311987478252,0.0321843823991269,Osborne Canyon-Crooked River,170703051102,171.54,OR,0,0,downstream,2.0,0,1,0,1,2011-10-01,2011,10
170703051101,2011-11,0.0,5.80555317591833,5.82685366861973,0.0213004927014077,0.0230819667635917,Osborne Canyon-Crooked River,170703051102,171.54,OR,0,0,downstream,2.0,0,1,0,1,2011-11-01,2011,11
170703051101,2011-12,0.147907565253441,5.62640036532294,5.6270406250358,0.0006402597128581,0.0171795004578793,Osborne Canyon-Crooked River,170703051102,171.54,OR,0,0,downstream,2.0,0,1,0,1,2011-12-01,2011,12
170703051101,2012-01,0.0308782908377915,6.58314194328442,6.58412536627873,0.0009834229943071,0.0215704003533832,Osborne Canyon-Crooked River,170703051102,171.54,OR,0,0,downstream,2.0,0,1,0,1,2012-01-01,2012,1
170703051101,2012-02,0.0028066565765035,7.13944556662681,7.14054712911357,0.0011015624867553,0.0267416407570535,Osborne Canyon-Crooked River,170703051102,171.54,OR,0,0,downstream,2.0,0,1,0,1,2012-02-01,2012,2
170703051101,2012-03,0.056750635742991,9.01627826250442,9.01796147584681,0.0016832133423886,0.0372733033982673,Osborne Canyon-Crooked River,170703051102,171.54,OR,0,0,downstream,2.0,0,1,0,1,2012-03-01,2012,3
170703051101,2012-04,0.0,12.6047933202212,12.6072040989914,0.0024107787701781,0.0549245382388788,Osborne Canyon-Crooked River,170703051102,171.54,OR,0,0,downstream,2.0,0,1,0,1,2012-04-01,2012,4
170703051101,2012-05,0.0010235451862299,11.1253257438542,11.2917276548108,0.166401910956604,0.0705318412613648,Osborne Canyon-Crooked River,170703051102,171.54,OR,0,0,downstream,2.0,0,1,0,1,2012-05-01,2012,5
170703051101,2012-06,0.0,9.68810184175046,10.6569942808728,0.968892439122387,0.0755459817245287,Osborne Canyon-Crooked River,170703051102,171.54,OR,0,0,downstream,2.0,0,1,0,1,2012-06-01,2012,6
170703051101,2012-07,0.394847103581823,4.69905713973176,8.70458895843684,4.00553181870508,0.104574205389221,Osborne Canyon-Crooked River,170703051102,171.54,OR,0,0,downstream,2.0,0,1,0,1,2012-07-01,2012,7
170703051101,2012-08,0.460837090115013,3.41097016421412,7.09599826230987,3.68502809809575,0.101073407805464,Osborne Canyon-Crooked River,170703051102,171.54,OR,0,0,downstream,2.0,0,1,0,1,2012-08-01,2012,8
170703051101,2012-09,0.383231822329779,3.42364277514908,5.793591691135,2.36994891598592,0.0858088633182776,Osborne Canyon-Crooked River,170703051102,171.54,OR,0,0,downstream,2.0,0,1,0,1,2012-09-01,2012,9
170703051101,2012-10,0.164252516672403,5.0454950231458,5.56940710904357,0.523912085897771,0.0469844822210795,Osborne Canyon-Crooked River,170703051102,171.54,OR,0,0,downstream,2.0,0,1,0,1,2012-10-01,2012,10
170703051101,2012-11,0.0,6.14523889207468,6.14635688957857,0.0011179975038939,0.0255959841447662,Osborne Canyon-Crooked River,170703051102,171.54,OR,0,0,downstream,2.0,0,1,0,1,2012-11-01,2012,11
170703051101,2012-12,0.0,8.61696388489958,8.61754820624899,0.0005843213494173,0.0134011520705288,Osborne Canyon-Crooked River,170703051102,171.54,OR,0,0,downstream,2.0,0,1,0,1,2012-12-01,2012,12
170703051101,2013-01,0.0,7.37467837019792,7.37528509337489,0.0006067231769682,0.0121021091472639,Osborne Canyon-Crooked River,170703051102,171.54,OR,0,0,downstream,2.0,0,1,0,1,2013-01-01,2013,1
170703051101,2013-02,0.0791871263220586,6.59259654311685,6.59341024811199,0.000813704995139,0.0192805867101829,Osborne Canyon-Crooked River,170703051102,171.54,OR,0,0,downstream,2.0,0,1,0,1,2013-02-01,2013,2
170703051101,2013-03,0.0862024631553254,8.73475581324411,8.73640276356008,0.0016469503159719,0.0336947066155859,Osborne Canyon-Crooked River,170703051102,171.54,OR,0,0,downstream,2.0,0,1,0,1,2013-03-01,2013,3
170703051101,2013-04,0.0894567157242274,10.9871531419512,10.9894528022687,0.0022996603175012,0.0480775132961832,Osborne Canyon-Crooked River,170703051102,171.54,OR,0,0,downstream,2.0,0,1,0,1,2013-04-01,2013,4
170703051101,2013-05,0.169074847509197,9.25378465696192,9.29408153793377,0.0402968809718528,0.0677212419960188,Osborne Canyon-Crooked River,170703051102,171.54,OR,0,0,downstream,2.0,0,1,0,1,2013-05-01,2013,5
170703051101,2013-06,0.398923796987779,5.81931094415615,7.59128881524046,1.77197787108431,0.0775126798513083,Osborne Canyon-Crooked River,170703051102,171.54,OR,0,0,downstream,2.0,0,1,0,1,2013-06-01,2013,6
170703051101,2013-07,0.705295596160286,2.28840156127493,6.60998042467028,4.32157886339535,0.103530515919274,Osborne Canyon-Crooked River,170703051102,171.54,OR,0,0,downstream,2.0,0,1,0,1,2013-07-01,2013,7
170703051101,2013-08,0.490017580651887,3.22636217139125,5.83855869883411,2.61219652744287,0.0798862230661212,Osborne Canyon-Crooked River,170703051102,171.54,OR,0,0,downstream,2.0,0,1,0,1,2013-08-01,2013,8
170703051101,2013-09,0.280435521351315,3.99425881193356,5.55093939522228,1.55668058328871,0.0541361564167317,Osborne Canyon-Crooked River,170703051102,171.54,OR,0,0,downstream,2.0,0,1,0,1,2013-09-01,2013,9
170703051101,2013-10,0.001495714006992,6.0280748743729,6.0371046563691,0.009029781996208,0.0334347245077198,Osborne Canyon-Crooked River,170703051102,171.54,OR,0,0,downstream,2.0,0,1,0,1,2013-10-01,2013,10
170703051101,2013-11,0.0140189415263727,5.49493536698458,5.49585639205157,0.0009210250669934,0.0195582904854623,Osborne Canyon-Crooked River,170703051102,171.54,OR,0,0,downstream,2.0,0,1,0,1,2013-11-01,2013,11
170703051101,2013-12,0.20881923755822,5.22419816127454,5.22477509518833,0.000576933913797,0.0122191988157833,Osborne Canyon-Crooked River,170703051102,171.54,OR,0,0,downstream,2.0,0,1,0,1,2013-12-01,2013,12
170703051101,2014-01,0.208733332372709,5.37499133363057,5.37603710063505,0.0010457670044872,0.0206278758480978,Osborne Canyon-Crooked River,170703051102,171.54,OR,0,0,downstream,2.0,0,1,0,1,2014-01-01,2014,1
170703051101,2014-02,0.0,8.00133323771409,8.00214780360015,0.0008145658860592,0.0173504835017313,Osborne Canyon-Crooked River,170703051102,171.54,OR,0,0,downstream,2.0,0,1,0,1,2014-02-01,2014,2
170703051101,2014-03,0.0,13.1121314349679,13.1140940713674,0.0019626363995256,0.0393821491977274,Osborne Canyon-Crooked River,170703051102,171.54,OR,0,0,downstream,2.0,0,1,0,1,2014-03-01,2014,3
170703051101,2014-04,0.0003849409360815,12.0619457928037,12.0665907175298,0.0046449247261195,0.0533804567667393,Osborne Canyon-Crooked River,170703051102,171.54,OR,0,0,downstream,2.0,0,1,0,1,2014-04-01,2014,4
170703051101,2014-05,0.212195662912308,8.77356000763358,10.2608502643496,1.48729025671605,0.0703450577739868,Osborne Canyon-Crooked River,170703051102,171.54,OR,0,0,downstream,2.0,0,1,0,1,2014-05-01,2014,5
170703051101,2014-06,0.462279293451383,5.20593558160565,8.03854783745784,2.83261225585219,0.0833362559017634,Osborne Canyon-Crooked River,170703051102,171.54,OR,0,0,downstream,2.0,0,1,0,1,2014-06-01,2014,6
170703051101,2014-07,0.625420023735758,2.90864130748324,7.00164216189693,4.09300085441368,0.101994707931613,Osborne Canyon-Crooked River,170703051102,171.54,OR,0,0,downstream,2.0,0,1,0,1,2014-07-01,2014,7
170703051101,2014-08,0.454986194970326,3.4479853750281,5.99522617884479,2.54724080381668,0.0849135295066976,Osborne Canyon-Crooked River,170703051102,171.54,OR,0,0,downstream,2.0,0,1,0,1,2014-08-01,2014,8
170703051101,2014-09,0.437292384181931,3.12355587263612,5.02789528036174,1.90433940772562,0.0676346768302422,Osborne Canyon-Crooked River,170703051102,171.54,OR,0,0,downstream,2.0,0,1,0,1,2014-09-01,2014,9
170703051101,2014-10,0.340428639397406,3.98190133230163,4.78241795198854,0.800516619686908,0.0414375873422873,Osborne Canyon-Crooked River,170703051102,171.54,OR,0,0,downstream,2.0,0,1,0,1,2014-10-01,2014,10
170703051101,2014-11,0.0653432052613136,5.20890196952949,5.26402729626582,0.0551253267363296,0.0182349046361215,Osborne Canyon-Crooked River,170703051102,171.54,OR,0,0,downstream,2.0,0,1,0,1,2014-11-01,2014,11
170703051101,2014-12,0.0,9.99198807715628,9.99261102695233,0.0006229497960556,0.0121583676832812,Osborne Canyon-Crooked River,170703051102,171.54,OR,0,0,downstream,2.0,0,1,0,1,2014-12-01,2014,12
170703051101,2015-01,0.0,10.3439587270296,10.3449314081186,0.0009726810890787,0.0183579574557952,Osborne Canyon-Crooked River,170703051102,171.54,OR,0,0,downstream,2.0,0,1,0,1,2015-01-01,2015,1
170703051101,2015-02,0.0,11.8395314674065,11.8408915603756,0.0013600929690881,0.0311310059824382,Osborne Canyon-Crooked River,170703051102,171.54,OR,0,0,downstream,2.0,0,1,0,1,2015-02-01,2015,2
170703051101,2015-03,0.0,11.4740782578404,11.4762793968188,0.0022011389784039,0.0441190779310191,Osborne Canyon-Crooked River,170703051102,171.54,OR,0,0,downstream,2.0,0,1,0,1,2015-03-01,2015,3
170703051101,2015-04,0.200161026614035,9.65132953177768,9.69527993672205,0.0439504049443752,0.0531967191696221,Osborne Canyon-Crooked River,170703051102,171.54,OR,0,0,downstream,2.0,0,1,0,1,2015-04-01,2015,4
170703051101,2015-05,0.24760946929621,8.3791661958954,9.34136940095692,0.962203205061512,0.067495009956835,Osborne Canyon-Crooked River,170703051102,171.54,OR,0,0,downstream,2.0,0,1,0,1,2015-05-01,2015,5
170703051101,2015-06,0.60369958500895,3.83677698530373,7.84814667109145,4.01136968578773,0.105753735426068,Osborne Canyon-Crooked River,170703051102,171.54,OR,0,0,downstream,2.0,0,1,0,1,2015-06-01,2015,6
170703051101,2015-07,0.52469827946144,3.69075312477745,7.25876151776132,3.56800839298388,0.0986597104297664,Osborne Canyon-Crooked River,170703051102,171.54,OR,0,0,downstream,2.0,0,1,0,1,2015-07-01,2015,7
170703051101,2015-08,0.582875909361662,2.63890153023661,6.13774746310207,3.49884593286545,0.0929114159759505,Osborne Canyon-Crooked River,170703051102,171.54,OR,0,0,downstream,2.0,0,1,0,1,2015-08-01,2015,8
170703051101,2015-09,0.352412642124111,3.59471817668118,5.32643027994544,1.73171210326426,0.0657344868077215,Osborne Canyon-Crooked River,170703051102,171.54,OR,0,0,downstream,2.0,0,1,0,1,2015-09-01,2015,9
170703051101,2015-10,0.323819657146096,4.08217149638856,4.90673200082293,0.824560504434368,0.0465806252547068,Osborne Canyon-Crooked River,170703051102,171.54,OR,0,0,downstream,2.0,0,1,0,1,2015-10-01,2015,10
170703051101,2015-11,0.153243113303487,4.71903017198872,4.7661103423928,0.0470801704040814,0.0207417513505764,Osborne Canyon-Crooked River,170703051102,171.54,OR,0,0,downstream,2.0,0,1,0,1,2015-11-01,2015,11
170703051101,2015-12,0.0,7.45048980313932,7.4513264446826,0.0008366415432721,0.0180633375574199,Osborne Canyon-Crooked River,170703051102,171.54,OR,0,0,downstream,2.0,0,1,0,1,2015-12-01,2015,12
170703051101,2016-01,0.0001398274137411,6.79194509558808,6.79289492851775,0.0009498329296708,0.0164837258331316,Osborne Canyon-Crooked River,170703051102,171.54,OR,0,0,downstream,2.0,0,1,0,1,2016-01-01,2016,1
170703051101,2016-02,0.0,8.70530481567564,8.70708788272872,0.0017830670530858,0.0349205013173981,Osborne Canyon-Crooked River,170703051102,171.54,OR,0,0,downstream,2.0,0,1,0,1,2016-02-01,2016,2
170703051101,2016-03,0.0,17.6236134054233,17.6256733453067,0.0020599398833997,0.0372269727582104,Osborne Canyon-Crooked River,170703051102,171.54,OR,0,0,downstream,2.0,0,1,0,1,2016-03-01,2016,3
170703051101,2016-04,0.0,15.0406341294381,15.0440226968634,0.003388567425321,0.0634465305396036,Osborne Canyon-Crooked River,170703051102,171.54,OR,0,0,downstream,2.0,0,1,0,1,2016-04-01,2016,4
170703051101,2016-05,0.0,11.4652336032031,12.6448565011342,1.17962289793113,0.0715202638592214,Osborne Canyon-Crooked River,170703051102,171.54,OR,0,0,downstream,2.0,0,1,0,1,2016-05-01,2016,5
170703051101,2016-06,0.25647699959397,7.19840764251093,9.99291595290483,2.79450831039391,0.0898231807349966,Osborne Canyon-Crooked River,170703051102,171.54,OR,0,0,downstream,2.0,0,1,0,1,2016-06-01,2016,6
170703051101,2016-07,0.350306550811185,5.04491783666187,8.65372485936626,3.6088070227044,0.0913101650002229,Osborne Canyon-Crooked River,170703051102,171.54,OR,0,0,downstream,2.0,0,1,0,1,2016-07-01,2016,7
170703051101,2016-08,0.508482995944672,3.10954222795903,7.13431249856001,4.02477027060099,0.0942961003667545,Osborne Canyon-Crooked River,170703051102,171.54,OR,0,0,downstream,2.0,0,1,0,1,2016-08-01,2016,8
170703051101,2016-09,0.281598134799334,3.98780521514354,5.84851411840397,1.86070890326044,0.0640844178566675,Osborne Canyon-Crooked River,170703051102,171.54,OR,0,0,downstream,2.0,0,1,0,1,2016-09-01,2016,9
170703051101,2016-10,0.0261353398872073,5.87932287424026,6.17997617731884,0.300653303078581,0.0335746376559326,Osborne Canyon-Crooked River,170703051102,171.54,OR,0,0,downstream,2.0,0,1,0,1,2016-10-01,2016,10
170703051101,2016-11,0.0130697082622487,5.5002255045483,5.57306382283971,0.0728383182914081,0.0303176874348514,Osborne Canyon-Crooked River,170703051102,171.54,OR,0,0,downstream,2.0,0,1,0,1,2016-11-01,2016,11
170703051101,2016-12,0.199042497143436,5.2887543685571,5.28933308180802,0.0005787132509163,0.0113470960935065,Osborne Canyon-Crooked River,170703051102,171.54,OR,0,0,downstream,2.0,0,1,0,1,2016-12-01,2016,12
170703051101,2017-01,0.299051111419404,4.76147215038928,4.76208659873323,0.0006144483439508,0.0101936483917051,Osborne Canyon-Crooked River,170703051102,171.54,OR,0,0,downstream,2.0,0,1,0,1,2017-01-01,2017,1
170703051101,2017-02,0.220304308116485,5.58226244433695,5.5837946839681,0.001532239631152,0.0300257716149439,Osborne Canyon-Crooked River,170703051102,171.54,OR,0,0,downstream,2.0,0,1,0,1,2017-02-01,2017,2
170703051101,2017-03,0.0,15.9611552098046,15.9634844626038,0.0023292527992684,0.0419033271914838,Osborne Canyon-Crooked River,170703051102,171.54,OR,0,0,downstream,2.0,0,1,0,1,2017-03-01,2017,3
170703051101,2017-04,0.0,19.0083524274195,19.0111530162421,0.0028005888226055,0.0508327855155628,Osborne Canyon-Crooked River,170703051102,171.54,OR,0,0,downstream,2.0,0,1,0,1,2017-04-01,2017,4
170703051101,2017-05,0.0,13.6715946849472,15.4232902126274,1.75169552768022,0.0779916597202089,Osborne Canyon-Crooked River,170703051102,171.54,OR,0,0,downstream,2.0,0,1,0,1,2017-05-01,2017,5
170703051101,2017-06,0.182930469188476,7.91044735918676,11.4486892104533,3.53824185126651,0.0954731935276883,Osborne Canyon-Crooked River,170703051102,171.54,OR,0,0,downstream,2.0,0,1,0,1,2017-06-01,2017,6
170703051101,2017-07,0.379096786437622,4.82135952094412,9.32670609815239,4.50534657720827,0.107950960508439,Osborne Canyon-Crooked River,170703051102,171.54,OR,0,0,downstream,2.0,0,1,0,1,2017-07-01,2017,7
170703051101,2017-08,0.413286550573921,3.71179477342462,7.61085006025369,3.89905528682907,0.102681186006248,Osborne Canyon-Crooked River,170703051102,171.54,OR,0,0,downstream,2.0,0,1,0,1,2017-08-01,2017,8
170703051101,2017-09,0.197061818355721,4.45706118441737,6.43746698106522,1.98040579664785,0.0713012743773597,Osborne Canyon-Crooked River,170703051102,171.54,OR,0,0,downstream,2.0,0,1,0,1,2017-09-01,2017,9
170703051101,2017-10,0.0,6.10413652272227,6.43382043560344,0.32968391288117,0.0434149444096922,Osborne Canyon-Crooked River,170703051102,171.54,OR,0,0,downstream,2.0,0,1,0,1,2017-10-01,2017,10
170703051101,2017-11,0.0,6.60836954550584,6.60987013517335,0.0015005896675069,0.0274140205614655,Osborne Canyon-Crooked River,170703051102,171.54,OR,0,0,downstream,2.0,0,1,0,1,2017-11-01,2017,11
170703051101,2017-12,0.0001240752662375,6.60222064977367,6.60303992371018,0.0008192739365126,0.0150475001803342,Osborne Canyon-Crooked River,170703051102,171.54,OR,0,0,downstream,2.0,0,1,0,1,2017-12-01,2017,12
170703051101,2018-01,0.0,7.46656527873485,7.46756605051992,0.0010007717850664,0.0192467696289237,Osborne Canyon-Crooked River,170703051102,171.54,OR,0,0,downstream,2.0,0,1,0,1,2018-01-01,2018,1
170703051101,2018-02,0.042550201321523,6.85490007080779,6.85612810160336,0.0012280307955684,0.0291816127421807,Osborne Canyon-Crooked River,170703051102,171.54,OR,0,0,downstream,2.0,0,1,0,1,2018-02-01,2018,2
170703051101,2018-03,0.0988725947010316,8.61364528195994,8.6154254313563,0.0017801493963578,0.035800620419401,Osborne Canyon-Crooked River,170703051102,171.54,OR,0,0,downstream,2.0,0,1,0,1,2018-03-01,2018,3
170703051101,2018-04,0.267078310947429,8.84386604979805,8.85809315249177,0.0142271026937231,0.0548793303198141,Osborne Canyon-Crooked River,170703051102,171.54,OR,0,0,downstream,2.0,0,1,0,1,2018-04-01,2018,4
170703051101,2018-05,0.40183408602889,6.66160909972541,8.37629381385032,1.71468471412491,0.0775685859665732,Osborne Canyon-Crooked River,170703051102,171.54,OR,0,0,downstream,2.0,0,1,0,1,2018-05-01,2018,5
170703051101,2018-06,0.563503825633057,4.22593167363205,7.0211174761974,2.79518580256535,0.0916269221936664,Osborne Canyon-Crooked River,170703051102,171.54,OR,0,0,downstream,2.0,0,1,0,1,2018-06-01,2018,6
170703051101,2018-07,0.751902728797322,1.92649371835328,5.96914012323237,4.04264640487909,0.105192508657267,Osborne Canyon-Crooked River,170703051102,171.54,OR,0,0,downstream,2.0,0,1,0,1,2018-07-01,2018,7
170703051101,2018-08,0.717240499843709,1.78885491008079,5.01731778061412,3.22846287053333,0.0928777945842769,Osborne Canyon-Crooked River,170703051102,171.54,OR,0,0,downstream,2.0,0,1,0,1,2018-08-01,2018,8
170703051101,2018-09,0.58769082797158,2.28870322602404,4.19257056666129,1.90386734063724,0.0671405003883324,Osborne Canyon-Crooked River,170703051102,171.54,OR,0,0,downstream,2.0,0,1,0,1,2018-09-01,2018,9
170703051101,2018-10,0.364702480463209,3.8353576133753,4.24469104637872,0.40933343300342,0.0403807947150914,Osborne Canyon-Crooked River,170703051102,171.54,OR,0,0,downstream,2.0,0,1,0,1,2018-10-01,2018,10
170703051101,2018-11,0.286564774925771,3.97602004280069,3.97730901096176,0.0012889681610723,0.0263023758362908,Osborne Canyon-Crooked River,170703051102,171.54,OR,0,0,downstream,2.0,0,1,0,1,2018-11-01,2018,11
170703051101,2018-12,0.248311325592902,4.96343032731085,4.96430815413516,0.0008778268243137,0.018460770244631,Osborne Canyon-Crooked River,170703051102,171.54,OR,0,0,downstream,2.0,0,1,0,1,2018-12-01,2018,12
170703051101,2019-01,0.151711397530081,5.76233534563732,5.76320193898054,0.0008665933432143,0.0204679001041155,Osborne Canyon-Crooked River,170703051102,171.54,OR,0,0,downstream,2.0,0,1,0,1,2019-01-01,2019,1
170703051101,2019-02,0.0847598614253771,6.55269832358925,6.55333838006754,0.0006400564782946,0.017178598553427,Osborne Canyon-Crooked River,170703051102,171.54,OR,0,0,downstream,2.0,0,1,0,1,2019-02-01,2019,2
170703051101,2019-03,0.0001274370262603,9.55752486715522,9.55874300493855,0.0012181377833364,0.0292037526006578,Osborne Canyon-Crooked River,170703051102,171.54,OR,0,0,downstream,2.0,0,1,0,1,2019-03-01,2019,3
170703051101,2019-04,0.0,22.8391263610421,22.8413084784538,0.0021821174116787,0.0518962242706751,Osborne Canyon-Crooked River,170703051102,171.54,OR,0,0,downstream,2.0,0,1,0,1,2019-04-01,2019,4
170703051101,2019-05,0.0,16.9908662003826,17.8270629579009,0.836196757518254,0.0767390704532735,Osborne Canyon-Crooked River,170703051102,171.54,OR,0,0,downstream,2.0,0,1,0,1,2019-05-01,2019,5
170703051101,2019-06,0.0,10.7317498646091,13.5621460192405,2.83039615463137,0.0974761675433766,Osborne Canyon-Crooked River,170703051102,171.54,OR,0,0,downstream,2.0,0,1,0,1,2019-06-01,2019,6
170703051101,2019-07,0.0587777291237657,7.30866076691336,10.8848132753477,3.57615250843431,0.0963551225488746,Osborne Canyon-Crooked River,170703051102,171.54,OR,0,0,downstream,2.0,0,1,0,1,2019-07-01,2019,7
170703051101,2019-08,0.015627077063278,6.22755499133583,8.84170620796028,2.61415121662445,0.093844696005265,Osborne Canyon-Crooked River,170703051102,171.54,OR,0,0,downstream,2.0,0,1,0,1,2019-08-01,2019,8
170703051101,2019-09,0.0,6.70773268973654,7.67506734474564,0.967334655009102,0.0580608279173508,Osborne Canyon-Crooked River,170703051102,171.54,OR,0,0,downstream,2.0,0,1,0,1,2019-09-01,2019,9
170703051101,2019-10,0.0,7.29122875425041,7.54486177410029,0.253633019849882,0.0426204470785664,Osborne Canyon-Crooked River,170703051102,171.54,OR,0,0,downstream,2.0,0,1,0,1,2019-10-01,2019,10
170703051101,2019-11,0.0,6.45985250961072,6.46093673492279,0.0010842253120714,0.0261436598559053,Osborne Canyon-Crooked River,170703051102,171.54,OR,0,0,downstream,2.0,0,1,0,1,2019-11-01,2019,11
170703051101,2019-12,0.0,6.78066472473711,6.78133240794378,0.000667683206665,0.0165118790870043,Osborne Canyon-Crooked River,170703051102,171.54,OR,0,0,downstream,2.0,0,1,0,1,2019-12-01,2019,12
170703051101,2020-01,0.0,6.95985461682863,6.96080212777857,0.0009475109499435,0.0218183485752762,Osborne Canyon-Crooked River,170703051102,171.54,OR,0,0,downstream,2.0,0,1,0,1,2020-01-01,2020,1
170703051101,2020-02,0.0,7.43538082124269,7.4366349861383,0.0012541648956024,0.0303691298039567,Osborne Canyon-Crooked River,170703051102,171.54,OR,0,0,downstream,2.0,0,1,0,1,2020-02-01,2020,2
170703051101,2020-03,0.114604601756515,8.4632670695647,8.46473425187583,0.0014671823111324,0.0320632318343722,Osborne Canyon-Crooked River,170703051102,171.54,OR,0,0,downstream,2.0,0,1,0,1,2020-03-01,2020,3
170703051101,2020-04,0.291243934504615,8.55226936089959,8.62838946055822,0.0761200996586344,0.0536924191652546,Osborne Canyon-Crooked River,170703051102,171.54,OR,0,0,downstream,2.0,0,1,0,1,2020-04-01,2020,4
170703051101,2020-05,0.306994452952927,7.71781198249946,8.2715284666301,0.553716484130647,0.0630869926905871,Osborne Canyon-Crooked River,170703051102,171.54,OR,0,0,downstream,2.0,0,1,0,1,2020-05-01,2020,5
170703051101,2020-06,0.550780349354416,4.34911383320676,6.90088405814089,2.55177022493413,0.0788985676343065,Osborne Canyon-Crooked River,170703051102,171.54,OR,0,0,downstream,2.0,0,1,0,1,2020-06-01,2020,6
170703051101,2020-07,0.704140032084128,2.29737460206284,6.04736293263888,3.74998833057604,0.0875472879561834,Osborne Canyon-Crooked River,170703051102,171.54,OR,0,0,downstream,2.0,0,1,0,1,2020-07-01,2020,7
170703051101,2020-08,0.687068478814552,1.97973573967356,5.172010706652,3.19227496697844,0.0818068625647565,Osborne Canyon-Crooked River,170703051102,171.54,OR,0,0,downstream,2.0,0,1,0,1,2020-08-01,2020,8
170703051101,2020-09,0.610715307540408,2.16089573533094,4.37960163757972,2.21870590224878,0.0687182918458296,Osborne Canyon-Crooked River,170703051102,171.54,OR,0,0,downstream,2.0,0,1,0,1,2020-09-01,2020,9
