A_diag_relative_error_L,A_diag_relative_error_N,A_diag_signed_relative_error_L,A_vs_Ak_max_abs_error_L,A_vs_Ak_max_abs_error_N,B_Q_pseudo_true_diag_mean,B_Q_pseudo_true_relative_error_median,B_Q_relative_error_median,SS_error,SS_obs,SS_true,absolute_S_identifiable,absolute_pumping_scale_known,beta_q_hat_mean_L,block,blocks_per_node,burn_in_fine_steps,cadence,cadence_over_tau_relax,cell_id,clip_fraction,condition_number_L,condition_number_N,confounding_rho,corr_placebo_qobs,corr_placebo_rproxy,cross_product,cumulative_drawdown_error_multi_node_withdrawal_B0,cumulative_drawdown_error_multi_node_withdrawal_L,cumulative_drawdown_error_multi_node_withdrawal_N,cumulative_drawdown_error_multi_node_withdrawal_S,cumulative_drawdown_error_new_node_pumping_B0,cumulative_drawdown_error_new_node_pumping_L,cumulative_drawdown_error_new_node_pumping_N,cumulative_drawdown_error_new_node_pumping_S,cumulative_drawdown_error_persistent_step_B0,cumulative_drawdown_error_persistent_step_L,cumulative_drawdown_error_persistent_step_N,cumulative_drawdown_error_persistent_step_S,cumulative_drawdown_error_pulse_B0,cumulative_drawdown_error_pulse_L,cumulative_drawdown_error_pulse_N,cumulative_drawdown_error_pulse_S,d_phys_median,d_phys_n_pairs,direct_parameter_recovery_is_primary,edge_f1,edge_false_negative,edge_false_negative_rate,edge_false_positive,edge_false_positive_rate,edge_precision,edge_recall,edge_true_positive,elapsed_s,estimability_reason_B0,estimability_reason_L,estimability_reason_N,estimability_reason_S,estimability_status_B0,estimability_status_L,estimability_status_N,estimability_status_S,estimable_B0,estimable_L,estimable_N,estimable_S,false_edge_any,false_edge_count,frac_nodes_fitted_B0,frac_nodes_fitted_L,frac_nodes_fitted_N,frac_nodes_fitted_S,gamma,has_placebo,identification_regime,masked_node_anchor_instant_L,masked_node_anchor_instant_N,masked_node_anchor_instant_S,masked_node_carry_forward_steps_L,masked_node_carry_forward_steps_N,masked_node_carry_forward_steps_S,masked_node_horizon,masked_node_index,masked_node_nmpe_L,masked_node_nmpe_N,masked_node_nmpe_S,masked_node_reason,masked_node_status,masked_node_status_L,masked_node_status_N,masked_node_status_S,masked_node_steps_completed_L,masked_node_steps_completed_N,masked_node_steps_completed_S,masked_node_used_fallback_index,masked_node_warm_forward_steps_L,masked_node_warm_forward_steps_N,masked_node_warm_forward_steps_S,max_abs_protected_prediction_B0,max_abs_protected_prediction_L,max_abs_protected_prediction_N,max_abs_protected_prediction_S,max_vif_L,max_vif_N,mcar_fraction,mean_diagonal_transition,median_admissible_train_rows_B0,median_admissible_train_rows_L,median_admissible_train_rows_N,median_admissible_train_rows_S,memory,min_diagonal_A,n_cols_L,n_cols_N,n_cols_design_B0,n_cols_design_L,n_cols_design_N,n_cols_design_S,n_nodes,n_nodes_fitted_B0,n_nodes_fitted_L,n_nodes_fitted_N,n_nodes_fitted_S,n_rows_L,n_rows_N,n_transitions,n_true_strong_edges,neighbour_flux_share,nire_multi_node_withdrawal_h13_B0,nire_multi_node_withdrawal_h13_L,nire_multi_node_withdrawal_h13_N,nire_multi_node_withdrawal_h13_S,nire_multi_node_withdrawal_h26_B0,nire_multi_node_withdrawal_h26_L,nire_multi_node_withdrawal_h26_N,nire_multi_node_withdrawal_h26_S,nire_multi_node_withdrawal_h4_B0,nire_multi_node_withdrawal_h4_L,nire_multi_node_withdrawal_h4_N,nire_multi_node_withdrawal_h4_S,nire_multi_node_withdrawal_h52_B0,nire_multi_node_withdrawal_h52_L,nire_multi_node_withdrawal_h52_N,nire_multi_node_withdrawal_h52_S,nire_new_node_pumping_h13_B0,nire_new_node_pumping_h13_L,nire_new_node_pumping_h13_N,nire_new_node_pumping_h13_S,nire_new_node_pumping_h26_B0,nire_new_node_pumping_h26_L,nire_new_node_pumping_h26_N,nire_new_node_pumping_h26_S,nire_new_node_pumping_h4_B0,nire_new_node_pumping_h4_L,nire_new_node_pumping_h4_N,nire_new_node_pumping_h4_S,nire_new_node_pumping_h52_B0,nire_new_node_pumping_h52_L,nire_new_node_pumping_h52_N,nire_new_node_pumping_h52_S,nire_persistent_step_h13_B0,nire_persistent_step_h13_L,nire_persistent_step_h13_N,nire_persistent_step_h13_S,nire_persistent_step_h26_B0,nire_persistent_step_h26_L,nire_persistent_step_h26_N,nire_persistent_step_h26_S,nire_persistent_step_h4_B0,nire_persistent_step_h4_L,nire_persistent_step_h4_N,nire_persistent_step_h4_S,nire_persistent_step_h52_B0,nire_persistent_step_h52_L,nire_persistent_step_h52_N,nire_persistent_step_h52_S,nire_pulse_h13_B0,nire_pulse_h13_L,nire_pulse_h13_N,nire_pulse_h13_S,nire_pulse_h26_B0,nire_pulse_h26_L,nire_pulse_h26_N,nire_pulse_h26_S,nire_pulse_h4_B0,nire_pulse_h4_L,nire_pulse_h4_N,nire_pulse_h4_S,nire_pulse_h52_B0,nire_pulse_h52_L,nire_pulse_h52_N,nire_pulse_h52_S,nire_recomb_hatA_trueB,nire_recomb_trueA_hatB,null_mode,observed_node_fraction,observed_node_nmpe_L,observed_node_nmpe_N,observed_node_nmpe_S,pairing_group,partial_reliability_q,physical_parameter_identifiable,placebo_coef_L,placebo_coef_abs_L,placebo_coef_sign_L,placebo_false_effect_L,placebo_relative_to_true_L,placebo_step_response_L,predicted_edge_count,process_noise_sd,pumping_excitation_fraction_L,pumping_excitation_fraction_N,pumping_quality,rank_L,rank_N,rank_deficiency_L,rank_deficiency_N,rank_deficiency_max_L,rank_deficiency_max_N,realized_head_sd,realized_head_sd_detrended,realized_local_persistence_mean_A_ii,realized_observation_noise_sd,realized_snr_head,realized_snr_head_detrended,recharge_lag,recharge_quality,recharge_sigma,relative_shape_error_multi_node_withdrawal_B0,relative_shape_error_multi_node_withdrawal_L,relative_shape_error_multi_node_withdrawal_N,relative_shape_error_multi_node_withdrawal_S,relative_shape_error_new_node_pumping_B0,relative_shape_error_new_node_pumping_L,relative_shape_error_new_node_pumping_N,relative_shape_error_new_node_pumping_S,relative_shape_error_persistent_step_B0,relative_shape_error_persistent_step_L,relative_shape_error_persistent_step_N,relative_shape_error_persistent_step_S,relative_shape_error_pulse_B0,relative_shape_error_pulse_L,relative_shape_error_pulse_N,relative_shape_error_pulse_S,rho_A,rmse_improvement_vs_B0_L,rmse_improvement_vs_B0_N,rmse_improvement_vs_B0_S,rmse_test_B0,rmse_test_L,rmse_test_N,rmse_test_S,rng_mode,s8_real_pumping_present_L,scenario,seasonal_variance_share,seed,selected_bandwidth,selected_lambda,sign_correct_fraction_L,smallest_singular_value_L,smallest_singular_value_N,smoke,snr_head,source_pool,spectral_radius,storage_relative_error_median,strong_coupling_weight_error,strong_edge_undirected_f1,sum_qtrue2_Mtt,system_seed_mode,tau_relax_realized,theory_reliability_q,topology,true_edges_outside_candidate_set,true_real_pumping_step_response,unconditional_reliability_q,variance_form_reliability_q,variant,vif_placebo,vulnerability_spearman_L,vulnerability_spearman_N,vulnerability_spearman_S,vulnerability_topk_overlap_L,vulnerability_topk_overlap_N,vulnerability_topk_overlap_S
0.1504875263817513,,-0.1504875263817513,0.12320876580337392,,1.204639203114369,0.09515333477967025,nan,0.0,12.515168966916209,12.515168966916209,False,True,-1.3192646404970256,A,0,160,4,0.2,A_PEXACT,0.0,9.894296691487238,,0.3,,,12.515168966916209,,,,,,,,,1.0,0.2638399924128858,,,1.0,0.30211773792040825,,,,,False,,,,,,,,,0.029235542053356767,ESTIMATED,ESTIMATED,model_not_applicable,model_not_applicable,ESTIMATED,ESTIMATED,NOT_ESTIMABLE,NOT_ESTIMABLE,1.0,1.0,0.0,0.0,,,1.0,1.0,nan,nan,NONE,False,,,,,,,,,,,,,model_not_applicable,NOT_ESTIMABLE,,,,,,,,,,,18.315413559248388,18.952667219674108,nan,nan,17.691082813720048,,0.1,0.951229424500714,70.0,70.0,0.0,0.0,MED,0.951229424500714,6.0,,4.0,6.0,,,1,1.0,1.0,0.0,0.0,70.0,,129,,0.0,,,,,,,,,,,,,,,,,,,,,,,,,,,,,,,,,1.0,0.07164942628543307,,,1.0,0.15932663734405883,,,1.0,0.09492658744303414,,,1.0,0.29458299626711415,,,1.0,0.163370558471151,,,1.0,0.243771500280651,,,1.0,0.09492658744303414,,,1.0,0.29122321991906996,,,0.2243645695770018,0.09663390678071522,,1.0,,,,block_A_k4,1.0,False,,,,,,,,0.05,0.13823191390117778,,P-EXACT,6.0,,0.0,,0.0,,4.642716231487332,1.4559492387934538,0.951229424500714,0.4627998190383824,10.031802175580122,3.145958963032145,0,R-NOISE,0.2,,,,,,,,,nan,0.09033644747556405,,,nan,0.23436475952872216,,,0.951229424500714,0.2589332464201176,nan,nan,1.044254523824424,0.7738623098816719,nan,nan,named_substreams,,S1,0.9016559277504426,6102701586134898939,nan,nan,1.0,1.4684085038413384,,True,10.0,V3_SMOKE,0.951229424500714,nan,,,1158.6889626478248,orthogonal_v3,20.0,1.0,single,,,1.0,1.0,,,,,,,,
0.22302455562679163,,-0.22302455562679163,0.1825970623832054,,1.204457136929259,0.5743240544859713,nan,0.0,6.080757241710359,6.080757241710359,False,True,-1.8962058432650357,A,0,160,4,0.2,A_PEXACT,0.0,13.355936344924514,,0.3,,,6.080757241710359,,,,,,,,,1.0,0.09928654748939665,,,1.0,0.15545393962685478,,,,,False,,,,,,,,,0.03034183313138783,ESTIMATED,ESTIMATED,model_not_applicable,model_not_applicable,ESTIMATED,ESTIMATED,NOT_ESTIMABLE,NOT_ESTIMABLE,1.0,1.0,0.0,0.0,,,1.0,1.0,nan,nan,NONE,False,,,,,,,,,,,,,model_not_applicable,NOT_ESTIMABLE,,,,,,,,,,,17.047787458345134,18.057418254980124,nan,nan,38.91281199290155,,0.1,0.951229424500714,64.0,64.0,0.0,0.0,MED,0.951229424500714,6.0,,4.0,6.0,,,1,1.0,1.0,0.0,0.0,64.0,,129,,0.0,,,,,,,,,,,,,,,,,,,,,,,,,,,,,,,,,1.0,0.29852644887915564,,,1.0,0.18348516418931174,,,1.0,0.5737602064992253,,,1.0,0.3091036551628855,,,1.0,0.3983961409122521,,,1.0,0.4194940818190259,,,1.0,0.5737602064992253,,,1.0,0.4494967021751539,,,0.3087726274186901,0.5761592104430469,,1.0,,,,block_A_k4,1.0,False,,,,,,,,0.05,0.06210091250159716,,P-EXACT,6.0,,0.0,,0.0,,4.862253792305693,1.4855026393100426,0.951229424500714,0.45785127970577655,10.619723058173529,3.2445090909534056,0,R-NOISE,0.2,,,,,,,,,nan,0.13181721174273503,,,nan,0.33186282175936815,,,0.951229424500714,0.17597609655768787,nan,nan,0.8405465379120917,0.6926304391952431,nan,nan,named_substreams,,S1,0.9066591808119671,690142011409778331,nan,nan,1.0,1.0517940402943182,,True,10.0,V3_SMOKE,0.951229424500714,nan,,,1068.6176827559327,orthogonal_v3,20.0,1.0,single,,,1.0,1.0,,,,,,,,
0.1810471788356263,,-0.1810471788356263,0.1482288930707364,,1.204557082569592,0.043476777069912445,nan,0.0,12.013655603540693,12.013655603540693,False,True,-1.1521868228227297,A,0,160,4,0.2,A_PEXACT,0.0,9.849674770907384,,0.3,,,12.013655603540693,,,,,,,,,1.0,0.4006401719009447,,,1.0,0.4348632728597943,,,,,False,,,,,,,,,0.028172801015898585,ESTIMATED,ESTIMATED,model_not_applicable,model_not_applicable,ESTIMATED,ESTIMATED,NOT_ESTIMABLE,NOT_ESTIMABLE,1.0,1.0,0.0,0.0,,,1.0,1.0,nan,nan,NONE,False,,,,,,,,,,,,,model_not_applicable,NOT_ESTIMABLE,,,,,,,,,,,16.032125182817218,16.20593395996451,nan,nan,21.410678837376114,,0.1,0.951229424500714,80.0,80.0,0.0,0.0,MED,0.951229424500714,6.0,,4.0,6.0,,,1,1.0,1.0,0.0,0.0,80.0,,129,,0.0,,,,,,,,,,,,,,,,,,,,,,,,,,,,,,,,,1.0,0.19955058606531276,,,1.0,0.29279494990399113,,,1.0,0.0437400144865266,,,1.0,0.4116409379593576,,,1.0,0.2563829362660137,,,1.0,0.3390061158491858,,,1.0,0.0437400144865266,,,1.0,0.3816043669253821,,,0.26163957101692265,0.042380606855680174,,1.0,,,,block_A_k4,1.0,False,,,,,,,,0.05,0.11607851232620915,,P-EXACT,6.0,,0.0,,0.0,,4.618113965216148,1.2154385313649618,0.951229424500714,0.5117519146407317,9.024126404017913,2.375054194410281,0,R-NOISE,0.2,,,,,,,,,nan,0.10808915087068897,,,nan,0.27677926985880874,,,0.951229424500714,-0.028572576767390556,nan,nan,0.9860338103645276,1.0142073371064106,nan,nan,named_substreams,,S1,0.9307313525245402,15680241294498261983,nan,nan,1.0,1.572170664005987,,True,10.0,V3_SMOKE,0.951229424500714,nan,,,1255.9277809486307,orthogonal_v3,20.0,1.0,single,,,1.0,1.0,,,,,,,,
0.14123951910123797,,-0.14123951910123797,0.11563713783812857,,1.204639203114369,0.03482700588489402,nan,0.7137948808904931,12.821022555586794,12.515168966916209,False,True,-1.246593179730407,A,0,160,4,0.2,A_S025,0.0,9.718592004095472,,0.3,,,12.311198320806255,,,,,,,,,1.0,0.28896584576627715,,,1.0,0.3246628554429786,,,,,False,,,,,,,,,0.028029949869960546,ESTIMATED,ESTIMATED,model_not_applicable,model_not_applicable,ESTIMATED,ESTIMATED,NOT_ESTIMABLE,NOT_ESTIMABLE,1.0,1.0,0.0,0.0,,,1.0,1.0,nan,nan,NONE,False,,,,,,,,,,,,,model_not_applicable,NOT_ESTIMABLE,,,,,,,,,,,18.315413559248388,18.898208116737365,nan,nan,17.38111074417601,,0.1,0.951229424500714,70.0,70.0,0.0,0.0,MED,0.951229424500714,6.0,,4.0,6.0,,,1,1.0,1.0,0.0,0.0,70.0,,129,,0.0,,,,,,,,,,,,,,,,,,,,,,,,,,,,,,,,,1.0,0.10431561679526324,,,1.0,0.18824192699900974,,,1.0,0.03461274888542944,,,1.0,0.3083523362286771,,,1.0,0.17074277022550466,,,1.0,0.24882526836518268,,,1.0,0.03461274888542944,,,1.0,0.2939985371311506,,,0.2125581397053488,0.036298336756116156,,1.0,,,,block_A_k4,0.9602352907055467,False,,,,,,,,0.05,0.13977549202542464,,P-MULTNOISE,6.0,,0.0,,0.0,,4.642716231487332,1.4559492387934538,0.951229424500714,0.4627998190383824,10.031802175580122,3.145958963032145,0,R-NOISE,0.2,,,,,,,,,nan,0.084888685195246,,,nan,0.22114983962042317,,,0.951229424500714,0.21938037545941658,nan,nan,1.044254523824424,0.8151655743126276,nan,nan,named_substreams,,S1,0.9016559277504426,6102701586134898939,nan,nan,1.0,1.4913656857319395,,True,10.0,V3_SMOKE,0.951229424500714,nan,,,1158.6889626478248,orthogonal_v3,20.0,0.9452847312099572,single,,,0.987044565569322,0.9460430242986236,,,,,,,,
0.2745759130610099,,-0.2745759130610099,0.22480374407751513,,1.204457136929259,0.4124246051676095,nan,0.6162118725127095,6.559504231487741,6.080757241710359,False,True,-1.701204896068618,A,0,160,4,0.2,A_S025,0.0,12.599014044374755,,0.3,,,6.0120248003426955,,,,,,,,,1.0,0.27134147965767635,,,1.0,0.31993592498352313,,,,,False,,,,,,,,,0.029949778923764825,ESTIMATED,ESTIMATED,model_not_applicable,model_not_applicable,ESTIMATED,ESTIMATED,NOT_ESTIMABLE,NOT_ESTIMABLE,1.0,1.0,0.0,0.0,,,1.0,1.0,nan,nan,NONE,False,,,,,,,,,,,,,model_not_applicable,NOT_ESTIMABLE,,,,,,,,,,,17.047787458345134,17.885077128919097,nan,nan,34.62677773715214,,0.1,0.951229424500714,64.0,64.0,0.0,0.0,MED,0.951229424500714,6.0,,4.0,6.0,,,1,1.0,1.0,0.0,0.0,64.0,,129,,0.0,,,,,,,,,,,,,,,,,,,,,,,,,,,,,,,,,1.0,0.14649845840701772,,,1.0,0.16744775706118883,,,1.0,0.4119187418621578,,,1.0,0.37385567953958493,,,1.0,0.33008015421984815,,,1.0,0.4041498893307365,,,1.0,0.4119187418621578,,,1.0,0.4460817511534502,,,0.3608442785663731,0.4140749270156528,,1.0,,,,block_A_k4,0.9165364619300087,False,,,,,,,,0.05,0.06574284643214935,,P-MULTNOISE,6.0,,0.0,,0.0,,4.862253792305693,1.4855026393100426,0.951229424500714,0.45785127970577655,10.619723058173529,3.2445090909534056,0,R-NOISE,0.2,,,,,,,,,nan,0.15985273966154742,,,nan,0.3945190112361768,,,0.951229424500714,0.11987643131589543,nan,nan,0.8405465379120917,0.7397848185922591,nan,nan,named_substreams,,S1,0.9066591808119671,690142011409778331,nan,nan,1.0,1.1166387586012332,,True,10.0,V3_SMOKE,0.951229424500714,nan,,,1068.6176827559327,orthogonal_v3,20.0,0.901006155636123,single,,,0.9813799276114495,0.9079864544687843,,,,,,,,
0.1836383020025883,,-0.1836383020025883,0.150350325292541,,1.204557082569592,0.1450255501843832,nan,1.0336523342047133,13.277961293778855,12.013655603540693,False,True,-1.0298655289414413,A,0,160,4,0.2,A_S025,0.0,9.620260595556035,,0.3,,,12.12898228155742,,,,,,,,,1.0,0.46736415766224637,,,1.0,0.49797941298739,,,,,False,,,,,,,,,0.030864028027281165,ESTIMATED,ESTIMATED,model_not_applicable,model_not_applicable,ESTIMATED,ESTIMATED,NOT_ESTIMABLE,NOT_ESTIMABLE,1.0,1.0,0.0,0.0,,,1.0,1.0,nan,nan,NONE,False,,,,,,,,,,,,,model_not_applicable,NOT_ESTIMABLE,,,,,,,,,,,16.032125182817218,16.192167052405324,nan,nan,20.358998483137007,,0.1,0.951229424500714,80.0,80.0,0.0,0.0,MED,0.951229424500714,6.0,,4.0,6.0,,,1,1.0,1.0,0.0,0.0,80.0,,129,,0.0,,,,,,,,,,,,,,,,,,,,,,,,,,,,,,,,,1.0,0.28382418779529456,,,1.0,0.3677335384965055,,,1.0,0.14526084114234986,,,1.0,0.4699660370861421,,,1.0,0.32247742839683674,,,1.0,0.39501544249905035,,,1.0,0.14526084114234986,,,1.0,0.43197874922100765,,,0.264681543237942,0.14398797568373475,,1.0,,,,block_A_k4,0.9134672118106137,False,,,,,,,,0.05,0.12403071110053754,,P-MULTNOISE,6.0,,0.0,,0.0,,4.618113965216148,1.2154385313649618,0.951229424500714,0.5117519146407317,9.024126404017913,2.375054194410281,0,R-NOISE,0.2,,,,,,,,,nan,0.10957626431034609,,,nan,0.2802861717037761,,,0.951229424500714,0.0033690838460799233,nan,nan,0.9860338103645276,0.9827117797823399,nan,nan,named_substreams,,S1,0.9307313525245402,15680241294498261983,nan,nan,1.0,1.6081689342001588,,True,10.0,V3_SMOKE,0.951229424500714,nan,,,1255.9277809486307,orthogonal_v3,20.0,0.9386507494201825,single,,,0.9667655798522341,0.9207765817181034,,,,,,,,
0.12894986788787594,,-0.12894986788787594,0.10557522244514694,,1.204639203114369,0.12082501359731185,nan,2.873221888969086,14.584749449861743,12.515168966916209,False,True,-1.0590886550182204,A,0,160,4,0.2,A_S050,0.0,9.490585940785916,,0.3,,,12.113348263904431,,,,,,,,,1.0,0.37772880345574444,,,1.0,0.4073656104265409,,,,,False,,,,,,,,,0.028267591958865523,ESTIMATED,ESTIMATED,model_not_applicable,model_not_applicable,ESTIMATED,ESTIMATED,NOT_ESTIMABLE,NOT_ESTIMABLE,1.0,1.0,0.0,0.0,,,1.0,1.0,nan,nan,NONE,False,,,,,,,,,,,,,model_not_applicable,NOT_ESTIMABLE,,,,,,,,,,,18.315413559248388,18.861641507007082,nan,nan,16.549027070109954,,0.1,0.951229424500714,70.0,70.0,0.0,0.0,MED,0.951229424500714,6.0,,4.0,6.0,,,1,1.0,1.0,0.0,0.0,70.0,,129,,0.0,,,,,,,,,,,,,,,,,,,,,,,,,,,,,,,,,1.0,0.2236509547894153,,,1.0,0.29062895004921196,,,1.0,0.12100704343758441,,,1.0,0.3791711881813119,,,1.0,0.2523878151239768,,,1.0,0.31363853656582125,,,1.0,0.12100704343758441,,,1.0,0.34912786345115554,,,0.196473703698944,0.11970308164044594,,1.0,,,,block_A_k4,0.8305489446731127,False,,,,,,,,0.05,0.15428020477241755,,P-MULTNOISE,6.0,,0.0,,0.0,,4.642716231487332,1.4559492387934538,0.951229424500714,0.4627998190383824,10.031802175580122,3.145958963032145,0,R-NOISE,0.2,,,,,,,,,nan,0.07759711584621315,,,nan,0.20332068733242398,,,0.951229424500714,0.16726371947946905,nan,nan,1.044254523824424,0.8695886280862891,nan,nan,named_substreams,,S1,0.9016559277504426,6102701586134898939,nan,nan,1.0,1.5216057902016273,,True,10.0,V3_SMOKE,0.951229424500714,nan,,,1158.6889626478248,orthogonal_v3,20.0,0.8118553760110429,single,,,0.9577223666822016,0.8132863977866652,,,,,,,,
0.3175107600629166,,-0.3175107600629166,0.25995582369667414,,1.204457136929259,0.08203670224005508,nan,2.476438739129898,8.296123076524555,6.080757241710359,False,True,-1.3032668284324338,A,0,160,4,0.2,A_S050,0.0,11.565836378936869,,0.3,,,5.950220789552508,,,,,,,,,1.0,0.4846574128166258,,,1.0,0.5202192521297645,,,,,False,,,,,,,,,0.028223921079188585,ESTIMATED,ESTIMATED,model_not_applicable,model_not_applicable,ESTIMATED,ESTIMATED,NOT_ESTIMABLE,NOT_ESTIMABLE,1.0,1.0,0.0,0.0,,,1.0,1.0,nan,nan,NONE,False,,,,,,,,,,,,,model_not_applicable,NOT_ESTIMABLE,,,,,,,,,,,17.047787458345134,17.629974614635664,nan,nan,29.18868952030449,,0.1,0.951229424500714,64.0,64.0,0.0,0.0,MED,0.951229424500714,6.0,,4.0,6.0,,,1,1.0,1.0,0.0,0.0,64.0,,129,,0.0,,,,,,,,,,,,,,,,,,,,,,,,,,,,,,,,,1.0,0.2161649094050093,,,1.0,0.3556153814201764,,,1.0,0.0816491681650945,,,1.0,0.513137101229521,,,1.0,0.34783651954806266,,,1.0,0.4506613965051705,,,1.0,0.0816491681650945,,,1.0,0.492009410515191,,,0.3998525053760153,0.08334302575537209,,1.0,,,,block_A_k4,0.7172290881737012,False,,,,,,,,0.05,0.08053448490754295,,P-MULTNOISE,6.0,,0.0,,0.0,,4.862253792305693,1.4855026393100426,0.951229424500714,0.45785127970577655,10.619723058173529,3.2445090909534056,0,R-NOISE,0.2,,,,,,,,,nan,0.18223422731497615,,,nan,0.442664783466745,,,0.951229424500714,0.09944861617658551,nan,nan,0.8405465379120917,0.7569553478847143,nan,nan,named_substreams,,S1,0.9066591808119671,690142011409778331,nan,nan,1.0,1.2166863284407872,,True,10.0,V3_SMOKE,0.951229424500714,nan,,,1068.6176827559327,orthogonal_v3,20.0,0.6944957418823534,single,,,0.9505312138741091,0.7106016100747607,,,,,,,,
0.1853399763364617,,-0.1853399763364617,0.15174353840140664,,1.204557082569592,0.32554347268873796,nan,4.182230881422131,16.66741320507594,12.013655603540693,False,True,-0.8124213868580721,A,0,160,4,0.2,A_S050,0.0,9.32323379536656,,0.3,,,12.249418963597254,,,,,,,,,1.0,0.5814133313932767,,,1.0,0.6055756932548383,,,,,False,,,,,,,,,0.030323622981086373,ESTIMATED,ESTIMATED,model_not_applicable,model_not_applicable,ESTIMATED,ESTIMATED,NOT_ESTIMABLE,NOT_ESTIMABLE,1.0,1.0,0.0,0.0,,,1.0,1.0,nan,nan,NONE,False,,,,,,,,,,,,,model_not_applicable,NOT_ESTIMABLE,,,,,,,,,,,16.032125182817218,16.153292513976645,nan,nan,18.81343975928058,,0.1,0.951229424500714,80.0,80.0,0.0,0.0,MED,0.951229424500714,6.0,,4.0,6.0,,,1,1.0,1.0,0.0,0.0,80.0,,129,,0.0,,,,,,,,,,,,,,,,,,,,,,,,,,,,,,,,,1.0,0.43431873660191267,,,1.0,0.5002919202328528,,,1.0,0.3257290846943975,,,1.0,0.5762088698512801,,,1.0,0.454940274968597,,,1.0,0.5086579942741148,,,1.0,0.3257290846943975,,,1.0,0.5357167263008903,,,0.2666695130515415,0.32471440325632545,,1.0,,,,block_A_k4,0.7349322185080756,False,,,,,,,,0.05,0.14753266578885324,,P-MULTNOISE,6.0,,0.0,,0.0,,4.618113965216148,1.2154385313649618,0.951229424500714,0.5117519146407317,9.024126404017913,2.375054194410281,0,R-NOISE,0.2,,,,,,,,,nan,0.11055132459682512,,,nan,0.28258162847971163,,,0.951229424500714,0.03485554351946696,nan,nan,0.9860338103645276,0.951665065975701,nan,nan,named_substreams,,S1,0.9307313525245402,15680241294498261983,nan,nan,1.0,1.6548211713998746,,True,10.0,V3_SMOKE,0.951229424500714,nan,,,1255.9277809486307,orthogonal_v3,20.0,0.7925932642926076,single,,,0.9161009466370114,0.7417720304902636,,,,,,,,
0.10892606886979189,,-0.10892606886979189,0.08918112239558884,,1.204639203114369,0.4730003102874047,nan,11.649092277392139,22.60791359362969,12.515168966916209,False,True,-0.6348444862569005,A,0,160,4,0.2,A_S100,0.0,9.134555167302459,,0.3,,,11.736995141576882,,,,,,,,,1.0,0.6080239581531082,,,1.0,0.6248446066419284,,,,,False,,,,,,,,,0.028512534918263555,ESTIMATED,ESTIMATED,model_not_applicable,model_not_applicable,ESTIMATED,ESTIMATED,NOT_ESTIMABLE,NOT_ESTIMABLE,1.0,1.0,0.0,0.0,,,1.0,1.0,nan,nan,NONE,False,,,,,,,,,,,,,model_not_applicable,NOT_ESTIMABLE,,,,,,,,,,,18.315413559248388,18.84783254922379,nan,nan,14.642879470522608,,0.1,0.951229424500714,70.0,70.0,0.0,0.0,MED,0.951229424500714,6.0,,4.0,6.0,,,1,1.0,1.0,0.0,0.0,70.0,,129,,0.0,,,,,,,,,,,,,,,,,,,,,,,,,,,,,,,,,1.0,0.5243481914387991,,,1.0,0.5586527449409092,,,1.0,0.4731094235706824,,,1.0,0.6001410514606084,,,1.0,0.531154920145354,,,1.0,0.5587107357819509,,,1.0,0.4731094235706824,,,1.0,0.5746876808725092,,,0.1692680294278982,0.47231447289241374,,1.0,,,,block_A_k4,0.5191542816619777,False,,,,,,,,0.05,0.21504840670021036,,P-MULTNOISE,6.0,,0.0,,0.0,,4.642716231487332,1.4559492387934538,0.951229424500714,0.4627998190383824,10.031802175580122,3.145958963032145,0,R-NOISE,0.2,,,,,,,,,nan,0.06559429035009269,,,nan,0.17363039864694457,,,0.951229424500714,0.077254369916257,nan,nan,1.044254523824424,0.9635812985541672,nan,nan,named_substreams,,S1,0.9016559277504426,6102701586134898939,nan,nan,1.0,1.5645961738612584,,True,10.0,V3_SMOKE,0.951229424500714,nan,,,1158.6889626478248,orthogonal_v3,20.0,0.5180079588516051,single,,,0.8612002372733377,0.5179206117821638,,,,,,,,
0.35194566400749583,,-0.35194566400749583,0.28814873853538747,,1.204457136929259,0.458052525331886,nan,9.998915530151766,15.614071340041708,6.080757241710359,False,True,-0.6527525037047986,A,0,160,4,0.2,A_S100,0.0,10.363705638662093,,0.3,,,5.847956525800147,,,,,,,,,1.0,0.7569988537836551,,,1.0,0.7740727297078068,,,,,False,,,,,,,,,0.02841862291097641,ESTIMATED,ESTIMATED,model_not_applicable,model_not_applicable,ESTIMATED,ESTIMATED,NOT_ESTIMABLE,NOT_ESTIMABLE,1.0,1.0,0.0,0.0,,,1.0,1.0,nan,nan,NONE,False,,,,,,,,,,,,,model_not_applicable,NOT_ESTIMABLE,,,,,,,,,,,17.047787458345134,17.425347761822284,nan,nan,22.209648965376275,,0.1,0.951229424500714,64.0,64.0,0.0,0.0,MED,0.951229424500714,6.0,,4.0,6.0,,,1,1.0,1.0,0.0,0.0,64.0,,129,,0.0,,,,,,,,,,,,,,,,,,,,,,,,,,,,,,,,,1.0,0.6108545824599191,,,1.0,0.6846552546558291,,,1.0,0.4582466251372234,,,1.0,0.7541376719165301,,,1.0,0.6360259008827582,,,1.0,0.6876617433901003,,,1.0,0.4582466251372234,,,1.0,0.7073643375532299,,,0.4285712558037231,0.4574294013907109,,1.0,,,,block_A_k4,0.3745311775797565,False,,,,,,,,0.05,0.13735431748422536,,P-MULTNOISE,6.0,,0.0,,0.0,,4.862253792305693,1.4855026393100426,0.951229424500714,0.45785127970577655,10.619723058173529,3.2445090909534056,0,R-NOISE,0.2,,,,,,,,,nan,0.19953674899724522,,,nan,0.4787801392325086,,,0.951229424500714,0.053679621498399,nan,nan,0.8405465379120917,0.7954263179051809,nan,nan,named_substreams,,S1,0.9066591808119671,690142011409778331,nan,nan,1.0,1.354088817434671,,True,10.0,V3_SMOKE,0.951229424500714,nan,,,1068.6176827559327,orthogonal_v3,20.0,0.3615077741575469,single,,,0.8613622608057963,0.3781642405280222,,,,,,,,
0.18623322622341817,,-0.18623322622341817,0.15247486955404133,,1.204557082569592,0.6314768424832646,nan,17.140560711692828,30.13302766788889,12.013655603540693,False,True,-0.44390717947769304,A,0,160,4,0.2,A_S100,0.0,8.929485216805643,,0.3,,,12.503061279868385,,,,,,,,,1.0,0.7717377422941216,,,1.0,0.7849429206008158,,,,,False,,,,,,,,,0.031578205060213804,ESTIMATED,ESTIMATED,model_not_applicable,model_not_applicable,ESTIMATED,ESTIMATED,NOT_ESTIMABLE,NOT_ESTIMABLE,1.0,1.0,0.0,0.0,,,1.0,1.0,nan,nan,NONE,False,,,,,,,,,,,,,model_not_applicable,NOT_ESTIMABLE,,,,,,,,,,,16.032125182817218,16.077318639647558,nan,nan,16.426098639142932,,0.1,0.951229424500714,80.0,80.0,0.0,0.0,MED,0.951229424500714,6.0,,4.0,6.0,,,1,1.0,1.0,0.0,0.0,80.0,,129,,0.0,,,,,,,,,,,,,,,,,,,,,,,,,,,,,,,,,1.0,0.6905418266728802,,,1.0,0.7262663559379181,,,1.0,0.6315782609137027,,,1.0,0.7647665118889341,,,1.0,0.6975193607173384,,,1.0,0.7242211893616953,,,1.0,0.6315782609137027,,,1.0,0.737351619967721,,,0.2677099527406255,0.6310216061667367,,1.0,,,,block_A_k4,0.41492880893585776,False,,,,,,,,0.05,0.22777548609226236,,P-MULTNOISE,6.0,,0.0,,0.0,,4.618113965216148,1.2154385313649618,0.951229424500714,0.5117519146407317,9.024126404017913,2.375054194410281,0,R-NOISE,0.2,,,,,,,,,nan,0.11106265592079109,,,nan,0.2837841442153055,,,0.951229424500714,0.061671965595769374,nan,nan,0.9860338103645276,0.9252231671354612,nan,nan,named_substreams,,S1,0.9307313525245402,15680241294498261983,nan,nan,1.0,1.7108856560728016,,True,10.0,V3_SMOKE,0.951229424500714,nan,,,1255.9277809486307,orthogonal_v3,20.0,0.4876475496907302,single,,,0.7823256256437408,0.41207266467537923,,,,,,,,
0.0957069414096769,,-0.0957069414096769,0.07835821621513506,,1.204639203114369,0.8259276229658263,nan,48.02869585911422,57.648540555470525,12.515168966916209,False,True,-0.20969440955467086,A,0,160,4,0.2,A_S200,0.0,8.80608726385831,,0.3,,,11.067506831636244,,,,,,,,,1.0,0.8660978659145417,,,1.0,0.8713767301857677,,,,,False,,,,,,,,,0.028266411973163486,ESTIMATED,ESTIMATED,model_not_applicable,model_not_applicable,ESTIMATED,ESTIMATED,NOT_ESTIMABLE,NOT_ESTIMABLE,1.0,1.0,0.0,0.0,,,1.0,1.0,nan,nan,NONE,False,,,,,,,,,,,,,model_not_applicable,NOT_ESTIMABLE,,,,,,,,,,,18.315413559248388,18.89165016413429,nan,nan,13.743814213474618,,0.1,0.951229424500714,70.0,70.0,0.0,0.0,MED,0.951229424500714,6.0,,4.0,6.0,,,1,1.0,1.0,0.0,0.0,70.0,,129,,0.0,,,,,,,,,,,,,,,,,,,,,,,,,,,,,,,,,1.0,0.8408454844042058,,,1.0,0.8509240880573036,,,1.0,0.8259636639900564,,,1.0,0.8626564466031091,,,1.0,0.842257722807034,,,1.0,0.8498652428739275,,,1.0,0.8259636639900564,,,1.0,0.8542019355440745,,,0.15060345465995353,0.8257004458938231,,1.0,,,,block_A_k4,0.19198242878303012,False,,,,,,,,0.05,0.3915587492677158,,P-MULTNOISE,6.0,,0.0,,0.0,,4.642716231487332,1.4559492387934538,0.951229424500714,0.4627998190383824,10.031802175580122,3.145958963032145,0,R-NOISE,0.2,,,,,,,,,nan,0.05759103546695886,,,nan,0.15360757511903317,,,0.951229424500714,0.001214777211318352,nan,nan,1.044254523824424,1.042985987226066,nan,nan,named_substreams,,S1,0.9016559277504426,6102701586134898939,nan,nan,1.0,1.5818891822263426,,True,10.0,V3_SMOKE,0.951229424500714,nan,,,1158.6889626478248,orthogonal_v3,20.0,0.2092761938168597,single,,,0.6149460437028897,0.20671242252006672,,,,,,,,
0.3515005018111887,,-0.3515005018111887,0.2877842705551631,,1.204457136929259,0.8334645835138464,nan,40.74864523380131,46.13196008847278,6.080757241710359,False,True,-0.2005847709382343,A,0,160,4,0.2,A_S200,0.0,9.930401833239905,,0.3,,,5.73203604819091,,,,,,,,,1.0,0.925271249779026,,,1.0,0.9305208710579492,,,,,False,,,,,,,,,0.028113850858062506,ESTIMATED,ESTIMATED,model_not_applicable,model_not_applicable,ESTIMATED,ESTIMATED,NOT_ESTIMABLE,NOT_ESTIMABLE,1.0,1.0,0.0,0.0,,,1.0,1.0,nan,nan,NONE,False,,,,,,,,,,,,,model_not_applicable,NOT_ESTIMABLE,,,,,,,,,,,17.047787458345134,17.5107106337067,nan,nan,18.68316267739707,,0.1,0.951229424500714,64.0,64.0,0.0,0.0,MED,0.951229424500714,6.0,,4.0,6.0,,,1,1.0,1.0,0.0,0.0,64.0,,129,,0.0,,,,,,,,,,,,,,,,,,,,,,,,,,,,,,,,,1.0,0.8798437645881584,,,1.0,0.9023204949162692,,,1.0,0.8335242285780504,,,1.0,0.9223038076366732,,,1.0,0.8838734073503565,,,1.0,0.898556217179179,,,1.0,0.8335242285780504,,,1.0,0.904181757397273,,,0.4282136400442256,0.8332724378935853,,1.0,,,,block_A_k4,0.12425303492845087,False,,,,,,,,0.05,0.30334170239473934,,P-MULTNOISE,6.0,,0.0,,0.0,,4.862253792305693,1.4855026393100426,0.951229424500714,0.45785127970577655,10.619723058173529,3.2445090909534056,0,R-NOISE,0.2,,,,,,,,,nan,0.199316761511094,,,nan,0.47832683850418617,,,0.951229424500714,0.0012089383283901967,nan,nan,0.8405465379120917,0.8395303689856141,nan,nan,named_substreams,,S1,0.9066591808119671,690142011409778331,nan,nan,1.0,1.3941216265925465,,True,10.0,V3_SMOKE,0.951229424500714,nan,,,1068.6176827559327,orthogonal_v3,20.0,0.1223692522266004,single,,,0.6438577033832888,0.12984913153419259,,,,,,,,
0.18550505371621542,,-0.18550505371621542,0.15187869232884854,,1.204557082569592,0.8707689297655716,nan,72.38165879963447,86.45026929283831,12.013655603540693,False,True,-0.15566620093892908,A,0,160,4,0.2,A_S200,0.0,8.595468264719077,,0.3,,,13.041133048372279,,,,,,,,,1.0,0.9198250024840582,,,1.0,0.9244548887911774,,,,,False,,,,,,,,,0.028123581083491445,ESTIMATED,ESTIMATED,model_not_applicable,model_not_applicable,ESTIMATED,ESTIMATED,NOT_ESTIMABLE,NOT_ESTIMABLE,1.0,1.0,0.0,0.0,,,1.0,1.0,nan,nan,NONE,False,,,,,,,,,,,,,model_not_applicable,NOT_ESTIMABLE,,,,,,,,,,,16.032125182817218,16.01025926021807,nan,nan,14.755194604023346,,0.1,0.951229424500714,80.0,80.0,0.0,0.0,MED,0.951229424500714,6.0,,4.0,6.0,,,1,1.0,1.0,0.0,0.0,80.0,,129,,0.0,,,,,,,,,,,,,,,,,,,,,,,,,,,,,,,,,1.0,0.8913234265314973,,,1.0,0.9037403983979939,,,1.0,0.8708044944567984,,,1.0,0.9166702553434191,,,1.0,0.8931587779557444,,,1.0,0.9020154938993317,,,1.0,0.8708044944567984,,,1.0,0.9062957952160091,,,0.2668619520796815,0.8706090623425355,,1.0,,,,block_A_k4,0.15085127154661887,False,,,,,,,,0.05,0.4235826966099984,,P-MULTNOISE,6.0,,0.0,,0.0,,4.618113965216148,1.2154385313649618,0.951229424500714,0.5117519146407317,9.024126404017913,2.375054194410281,0,R-NOISE,0.2,,,,,,,,,nan,0.11064584740010144,,,nan,0.28280398561778325,,,0.951229424500714,0.06362105531541506,nan,nan,0.9860338103645276,0.9233012987724566,nan,nan,named_substreams,,S1,0.9307313525245402,15680241294498261983,nan,nan,1.0,1.7299577051558577,,True,10.0,V3_SMOKE,0.951229424500714,nan,,,1255.9277809486307,orthogonal_v3,20.0,0.18988205725267038,single,,,0.507101861423788,0.14234979380666551,,,,,,,,
0.08400571393950884,,-0.08400571393950884,0.0799087069254506,,,,0.1248582593280161,0.0,7.312952106798813,7.312952106798813,False,True,-1.1347993031418993,A_prime,0,160,1,0.05,A1_PEXACT_K1,0.0,7.92633649998846,,0.3,,,7.312952106798813,,,,,,,,,1.0,0.6131111108542849,,,1.0,0.6419791543447478,,,,,True,,,,,,,,,0.01889329799450934,ESTIMATED,ESTIMATED,model_not_applicable,model_not_applicable,ESTIMATED,ESTIMATED,NOT_ESTIMABLE,NOT_ESTIMABLE,1.0,1.0,0.0,0.0,,,1.0,1.0,nan,nan,MED,False,,,,,,,,,,,,,model_not_applicable,NOT_ESTIMABLE,,,,,,,,,,,19.868761468040308,19.959733284743308,nan,nan,12.269658452554406,,0.1,0.951229424500714,296.0,296.0,0.0,0.0,MED,0.951229424500714,6.0,,4.0,6.0,,,1,1.0,1.0,0.0,0.0,296.0,,519,,0.0,,,,,,,,,,,,,,,,,,,,,,,,,,,,,,,,,1.0,0.36463570702722653,,,1.0,0.48754897009470594,,,1.0,0.20444981064464118,,,1.0,0.6198728511797741,,,1.0,0.42824188796942225,,,1.0,0.5324930062009466,,,1.0,0.2332073464611417,,,1.0,0.5709220482348104,,,0.4166165318268353,0.1248582593280161,,1.0,,,,block_A_k1,1.0,False,,,,,,,,0.05,0.23031326634991603,,P-EXACT,6.0,,0.0,,0.0,,4.642716231487332,1.4559492387934538,0.951229424500714,0.4627998190383824,10.031802175580122,3.145958963032145,0,R-NOISE,0.2,,,,,,,,,nan,0.1406385261804361,,,nan,0.4182784923211669,,,0.951229424500714,0.04262890229453287,nan,nan,0.7249037792813207,0.6940019269013996,nan,nan,named_substreams,,S1,0.9016559277504426,6102701586134898939,nan,nan,1.0,3.696262012435611,,True,10.0,V3_SMOKE,0.951229424500714,nan,,,322.031771757794,orthogonal_v3,20.0,1.0,single,,,1.0,1.0,,,,,,,,
0.07439661154269685,,-0.07439661154269685,0.0707682459825627,,,,0.2026416830414724,0.0,9.37757962829479,9.37757962829479,False,True,-1.0339372702576677,A_prime,0,160,1,0.05,A1_PEXACT_K1,0.0,9.394030101136094,,0.3,,,9.37757962829479,,,,,,,,,1.0,0.6216596062761054,,,1.0,0.6490539616304245,,,,,True,,,,,,,,,0.016470544040203094,ESTIMATED,ESTIMATED,model_not_applicable,model_not_applicable,ESTIMATED,ESTIMATED,NOT_ESTIMABLE,NOT_ESTIMABLE,1.0,1.0,0.0,0.0,,,1.0,1.0,nan,nan,MED,False,,,,,,,,,,,,,model_not_applicable,NOT_ESTIMABLE,,,,,,,,,,,17.72367631395752,18.00630455297261,nan,nan,17.49104188137025,,0.1,0.951229424500714,289.0,289.0,0.0,0.0,MED,0.951229424500714,6.0,,4.0,6.0,,,1,1.0,1.0,0.0,0.0,289.0,,519,,0.0,,,,,,,,,,,,,,,,,,,,,,,,,,,,,,,,,1.0,0.3998467606129695,,,1.0,0.5069006844558599,,,1.0,0.26662840085029216,,,1.0,0.6243363419011766,,,1.0,0.4479259503662871,,,1.0,0.5398641072743944,,,1.0,0.28708163967236555,,,1.0,0.5758022302333679,,,0.3849379830182983,0.20264168304147223,,1.0,,,,block_A_k1,1.0,False,,,,,,,,0.05,0.2716828133302223,,P-EXACT,6.0,,0.0,,0.0,,4.862253792305693,1.4855026393100426,0.951229424500714,0.45785127970577655,10.619723058173529,3.2445090909534056,0,R-NOISE,0.2,,,,,,,,,nan,0.12758680691906246,,,nan,0.38239761925823257,,,0.951229424500714,0.06166704116245525,nan,nan,0.690386148228813,0.6478120772079978,nan,nan,named_substreams,,S1,0.9066591808119671,690142011409778331,nan,nan,1.0,3.0620089128492785,,True,10.0,V3_SMOKE,0.951229424500714,nan,,,326.9245307145311,orthogonal_v3,20.0,1.0,single,,,1.0,1.0,,,,,,,,
0.15219463581314116,,-0.15219463581314116,0.14477201583663002,,,,0.23776358504580367,0.0,8.025396484930717,8.025396484930717,False,True,-0.9883945792086392,A_prime,0,160,1,0.05,A1_PEXACT_K1,0.0,9.117076718376481,,0.3,,,8.025396484930717,,,,,,,,,1.0,0.7745018449484221,,,1.0,0.7925170871646258,,,,,True,,,,,,,,,0.016679546097293496,ESTIMATED,ESTIMATED,model_not_applicable,model_not_applicable,ESTIMATED,ESTIMATED,NOT_ESTIMABLE,NOT_ESTIMABLE,1.0,1.0,0.0,0.0,,,1.0,1.0,nan,nan,MED,False,,,,,,,,,,,,,model_not_applicable,NOT_ESTIMABLE,,,,,,,,,,,16.733812739312597,17.05098651277009,nan,nan,16.829081512334024,,0.1,0.951229424500714,303.0,303.0,0.0,0.0,MED,0.951229424500714,6.0,,4.0,6.0,,,1,1.0,1.0,0.0,0.0,303.0,,519,,0.0,,,,,,,,,,,,,,,,,,,,,,,,,,,,,,,,,1.0,0.5585527476850315,,,1.0,0.6764114285954884,,,1.0,0.35837951743252616,,,1.0,0.7803899473471001,,,1.0,0.622502630626567,,,1.0,0.7060874151271178,,,1.0,0.3982932563948334,,,1.0,0.72979118858622,,,0.5781689850990249,0.23776358504580286,,1.0,,,,block_A_k1,1.0,False,,,,,,,,0.05,0.2737417052212676,,P-EXACT,6.0,,0.0,,0.0,,4.618113965216148,1.2154385313649618,0.951229424500714,0.5117519146407317,9.024126404017913,2.375054194410281,0,R-NOISE,0.2,,,,,,,,,nan,0.21482415776176517,,,nan,0.6111134177338023,,,0.951229424500714,-0.009781355813837767,nan,nan,0.6011932312281211,0.6070737161356342,nan,nan,named_substreams,,S1,0.9307313525245402,15680241294498261983,nan,nan,1.0,3.2627294770245285,,True,10.0,V3_SMOKE,0.951229424500714,nan,,,315.6842593477137,orthogonal_v3,20.0,1.0,single,,,1.0,1.0,,,,,,,,
0.08306281708455952,,-0.08306281708455952,0.07901179569275363,,,,0.39830624098345185,3.116069655463763,9.857624616507316,7.312952106798813,False,True,-0.7802183654415964,A_prime,0,160,1,0.05,A1_S100_K1,0.0,7.832685747138914,,0.3,,,7.027253533921184,,,,,,,,,1.0,0.7321976151890985,,,1.0,0.7521296386143408,,,,,True,,,,,,,,,0.01662264601327479,ESTIMATED,ESTIMATED,model_not_applicable,model_not_applicable,ESTIMATED,ESTIMATED,NOT_ESTIMABLE,NOT_ESTIMABLE,1.0,1.0,0.0,0.0,,,1.0,1.0,nan,nan,MED,False,,,,,,,,,,,,,model_not_applicable,NOT_ESTIMABLE,,,,,,,,,,,19.868761468040308,19.97680905329018,nan,nan,11.445038147052534,,0.1,0.951229424500714,296.0,296.0,0.0,0.0,MED,0.951229424500714,6.0,,4.0,6.0,,,1,1.0,1.0,0.0,0.0,296.0,,519,,0.0,,,,,,,,,,,,,,,,,,,,,,,,,,,,,,,,,1.0,0.5598557999253592,,,1.0,0.6440232729610021,,,1.0,0.45156832066538244,,,1.0,0.7303842736467857,,,1.0,0.5913001266446886,,,1.0,0.6593841035962449,,,1.0,0.4663096315147416,,,1.0,0.6846578338269246,,,0.41363331161289013,0.3983062409834517,,1.0,,,,block_A_k1,0.7128749376552168,False,,,,,,,,0.05,0.2901196692251353,,P-MULTNOISE,6.0,,0.0,,0.0,,4.642716231487332,1.4559492387934538,0.951229424500714,0.4627998190383824,10.031802175580122,3.145958963032145,0,R-NOISE,0.2,,,,,,,,,nan,0.1393896520664198,,,nan,0.4148738790353606,,,0.951229424500714,0.052526558530417544,nan,nan,0.7249037792813207,0.6868270784899795,nan,nan,named_substreams,,S1,0.9016559277504426,6102701586134898939,nan,nan,1.0,3.7036881792885183,,True,10.0,V3_SMOKE,0.951229424500714,nan,,,322.031771757794,orthogonal_v3,20.0,0.6932085829062707,single,,,0.9344986369094626,0.7012117026412522,,,,,,,,
0.07099716813048132,,-0.07099716813048132,0.06753459538193818,,,,0.42645569028566876,2.540409751510654,11.857594865170405,9.37757962829479,False,True,-0.7437168777769175,A_prime,0,160,1,0.05,A1_S100_K1,0.0,9.333524146125095,,0.3,,,9.347382370977272,,,,,,,,,1.0,0.7206585040132829,,,1.0,0.7406167358921745,,,,,True,,,,,,,,,0.016374083003029227,ESTIMATED,ESTIMATED,model_not_applicable,model_not_applicable,ESTIMATED,ESTIMATED,NOT_ESTIMABLE,NOT_ESTIMABLE,1.0,1.0,0.0,0.0,,,1.0,1.0,nan,nan,MED,False,,,,,,,,,,,,,model_not_applicable,NOT_ESTIMABLE,,,,,,,,,,,17.72367631395752,18.11894348511229,nan,nan,17.307853651996467,,0.1,0.951229424500714,289.0,289.0,0.0,0.0,MED,0.951229424500714,6.0,,4.0,6.0,,,1,1.0,1.0,0.0,0.0,289.0,,519,,0.0,,,,,,,,,,,,,,,,,,,,,,,,,,,,,,,,,1.0,0.5618866575111228,,,1.0,0.6372035290944975,,,1.0,0.47006434777304207,,,1.0,0.7174445262766184,,,1.0,0.5879333103867361,,,1.0,0.6499637849264694,,,1.0,0.48182920379353883,,,1.0,0.6746552775768051,,,0.3730189796556995,0.4264556902856687,,1.0,,,,block_A_k1,0.7883034019347009,False,,,,,,,,0.05,0.318151618371311,,P-MULTNOISE,6.0,,0.0,,0.0,,4.862253792305693,1.4855026393100426,0.951229424500714,0.45785127970577655,10.619723058173529,3.2445090909534056,0,R-NOISE,0.2,,,,,,,,,nan,0.12279420929538029,,,nan,0.36905379759631257,,,0.951229424500714,0.050261972804406696,nan,nan,0.690386148228813,0.6556859784219973,nan,nan,named_substreams,,S1,0.9066591808119671,690142011409778331,nan,nan,1.0,3.058666419360209,,True,10.0,V3_SMOKE,0.951229424500714,nan,,,326.9245307145311,orthogonal_v3,20.0,0.7405363994018397,single,,,0.926117570225707,0.7868424219428087,,,,,,,,
0.1528158650479081,,-0.1528158650479081,0.14536294736410038,,,,0.4503182594517774,3.1941424532552425,11.567861796553965,8.025396484930717,False,True,-0.712774202319474,A_prime,0,160,1,0.05,A1_S100_K1,0.0,8.881346651292606,,0.3,,,8.19955791411472,,,,,,,,,1.0,0.8378763230465972,,,1.0,0.85083044451804,,,,,True,,,,,,,,,0.017011010088026524,ESTIMATED,ESTIMATED,model_not_applicable,model_not_applicable,ESTIMATED,ESTIMATED,NOT_ESTIMABLE,NOT_ESTIMABLE,1.0,1.0,0.0,0.0,,,1.0,1.0,nan,nan,MED,False,,,,,,,,,,,,,model_not_applicable,NOT_ESTIMABLE,,,,,,,,,,,16.733812739312597,16.97979328617607,nan,nan,15.842499218276652,,0.1,0.951229424500714,303.0,303.0,0.0,0.0,MED,0.951229424500714,6.0,,4.0,6.0,,,1,1.0,1.0,0.0,0.0,303.0,,519,,0.0,,,,,,,,,,,,,,,,,,,,,,,,,,,,,,,,,1.0,0.6809678679776126,,,1.0,0.7662571059815019,,,1.0,0.5367582554293583,,,1.0,0.8393933696959226,,,1.0,0.7181293738751267,,,1.0,0.7777878470159187,,,1.0,0.560825137886629,,,1.0,0.7948707418287086,,,0.5792627472305951,0.4503182594517769,,1.0,,,,block_A_k1,0.7088222575893279,False,,,,,,,,0.05,0.3535518336584348,,P-MULTNOISE,6.0,,0.0,,0.0,,4.618113965216148,1.2154385313649618,0.951229424500714,0.5117519146407317,9.024126404017913,2.375054194410281,0,R-NOISE,0.2,,,,,,,,,nan,0.21537216245171625,,,nan,0.6124835800085161,,,0.951229424500714,-0.014867500496979824,nan,nan,0.6011932312281211,0.6101314718921861,nan,nan,named_substreams,,S1,0.9307313525245402,15680241294498261983,nan,nan,1.0,3.3097127475407553,,True,10.0,V3_SMOKE,0.951229424500714,nan,,,315.6842593477137,orthogonal_v3,20.0,0.7166763699637454,single,,,0.8960361508106516,0.7153053729878414,,,,,,,,
0.04379605659784088,0.04962589174258784,-0.04379605659784088,0.048627621344179195,0.05232911331697576,,,0.01944291231461749,0.0,10.344958353723351,10.344958353723351,True,True,-1.3092867127270993,B,0,160,1,0.05,B_GNONE,0.0,10.647895913776699,24.023241418951756,0.0,,,10.344958353723351,1.0,0.26496862254276543,0.25811907409372387,0.2666678501800742,1.0,0.35205190163828554,0.36760652801457777,0.35743531790336236,1.0,0.26130935983550924,0.2634812542204713,0.26547825561669436,1.0,0.28640385173452426,0.288645558515862,0.29067796596258677,nan,0.0,True,0.0,0.0,nan,1.0,0.1,0.0,nan,0.0,0.10467484407126904,ESTIMATED,ESTIMATED,ESTIMATED,ESTIMATED,ESTIMATED,ESTIMATED,ESTIMATED,ESTIMATED,1.0,1.0,1.0,1.0,1.0,1.0,1.0,1.0,1.0,1.0,NONE,False,FAVOURABLE,440.0,440.0,440.0,0.0,0.0,0.0,12.0,2.0,0.2400278634396465,0.2519426256387445,0.21396896451702752,,EVALUATED,OK,OK,OK,12.0,12.0,12.0,0.0,0.0,0.0,0.0,19.22834792970368,19.228317267381062,19.218534457127387,19.241603651570017,19.692915322373086,70.59535673645286,0.0,0.9439650346703956,363.0,363.0,363.0,363.0,MED,0.9408795951514491,6.0,8.8,4.0,6.0,9.0,8.0,5,5.0,5.0,5.0,5.0,363.0,363.0,519,0.0,0.0,1.0,0.0805249957582453,0.07780664119848493,0.07947841441710264,1.0,0.16149996749441625,0.15643732690659062,0.16350198016673884,1.0,0.06682238352611553,0.06672269817049094,0.036523318939359485,1.0,0.27957707347644745,0.27273796511605747,0.27934076839343913,1.0,0.11929747028828472,0.13046038777561478,0.12082993395193134,1.0,0.2289584756391974,0.2434566288742735,0.23273701096216812,1.0,0.02963750836724451,0.028245040316224844,0.03210174966229051,1.0,0.36505783984669005,0.38019736085839645,0.37089836463531545,1.0,0.1075368212046749,0.10880577259938763,0.1103736385123305,1.0,0.17487085821898057,0.17660047931559136,0.17836634697774018,1.0,0.036677534041578363,0.037341858105015294,0.038669035276045524,1.0,0.2648522512375029,0.26700030520574286,0.26888363966077306,1.0,0.143612030499147,0.14510362860574116,0.14658411663185636,1.0,0.2076205132399353,0.20945996343993067,0.21106839440432373,1.0,0.05139438982629286,0.05215058173922857,0.053356395126264354,1.0,0.23647713813469784,0.23837858550722085,0.24000162894552296,0.17050557636889369,0.0054570116028404714,,1.0,0.3895024435654599,0.38984886917456196,0.39207193505351773,block_B_gamma,1.0,True,,,,,,,1.0,0.02,0.26912087648623395,0.2653044649761804,P-EXACT,6.0,8.8,0.0,0.0,0.0,0.0,5.165045705439869,1.3458682486580527,0.9439650346703956,0.26388343720907115,19.573209141381906,5.1002376765000985,0,R-EXACT,0.0,nan,0.06347811628708694,0.06175359076224976,0.06294956157104534,nan,0.08809425896983031,0.09245058224980449,0.09041952749144919,nan,0.05001173627147404,0.05045715271324964,0.05070899734788625,nan,0.1537356125650224,0.15507744516046185,0.1558322868055115,0.951229424500714,0.19903125695341928,0.19849611985572735,0.1982967061842027,0.4534468527603998,0.3631967556939254,0.3634394119266691,0.3635298354284194,named_substreams,,S5,0.9321020351461046,6102701586134898939,0.5,1.0,1.0,3.0133821426601557,1.7026339549341887,True,20.0,V3_SMOKE,0.951229424500714,0.019072095239225303,nan,0.0,392.04298373368044,orthogonal_v3,20.0,1.0,path5,0.0,,1.0,1.0,,,0.7,0.7,0.6,0.5,0.5,0.5
0.03880275813501716,0.044169180570415335,-0.03880275813501716,0.054101932214292936,0.0785438403633234,,,0.0836632080027413,0.0,10.919643068709922,10.919643068709922,True,True,-1.2052432965988835,B,0,160,1,0.05,B_GNONE,0.0,11.315926948885338,25.68784041322748,0.0,,,10.919643068709922,1.0,0.37704001454030533,0.38715645522099434,0.39055546202081876,1.0,0.34668987117534006,0.34668987117534006,0.34665874604456165,1.0,0.34668987117534006,0.34668987117534006,0.34665874604456165,1.0,0.3710408478523443,0.3710408478523443,0.37085806233731994,0.09034431167563411,2.0,True,0.0,0.0,nan,2.0,0.2,0.0,nan,0.0,0.13701299694366753,ESTIMATED,ESTIMATED,ESTIMATED,ESTIMATED,ESTIMATED,ESTIMATED,ESTIMATED,ESTIMATED,1.0,1.0,1.0,1.0,1.0,2.0,1.0,1.0,1.0,1.0,NONE,False,FAVOURABLE,440.0,440.0,440.0,0.0,0.0,0.0,12.0,2.0,2.4645793067102204,2.6065785103903503,2.3059779506167972,,EVALUATED,OK,OK,OK,12.0,12.0,12.0,0.0,0.0,0.0,0.0,20.435396723631186,20.71402787592239,20.71402787592239,20.69681150608832,22.734962497501087,73.74466841820617,0.0,0.9439650346703956,363.0,363.0,363.0,363.0,MED,0.9408795951514491,6.0,8.8,4.0,6.0,9.0,8.0,5,5.0,5.0,5.0,5.0,363.0,363.0,519,0.0,0.0,1.0,0.2112826348525234,0.21887354752688706,0.22876394161705657,1.0,0.28483574555702695,0.2942751808649995,0.3003309408109869,1.0,0.1316280705346976,0.13550631541528868,0.15139402552008296,1.0,0.3749492203291752,0.38517019979481953,0.3873858096876678,1.0,0.18951878650233367,0.18951878650233367,0.19091254631651583,1.0,0.2586197649312484,0.2586197649312484,0.2592912062959921,1.0,0.11567056164750461,0.11567056164750461,0.11796872076172049,1.0,0.34447198903758264,0.34447198903758264,0.344252810540244,1.0,0.18951878650233367,0.18951878650233367,0.19091254631651583,1.0,0.2586197649312484,0.2586197649312484,0.2592912062959921,1.0,0.11567056164750461,0.11567056164750461,0.11796872076172049,1.0,0.34447198903758264,0.34447198903758264,0.344252810540244,1.0,0.21840518565413156,0.21840518565413156,0.21920631078407243,1.0,0.28046349022965195,0.28046349022965195,0.2805623615192075,1.0,0.1263477659150317,0.1263477659150317,0.1284117543147768,1.0,0.3068451478933932,0.3068451478933932,0.3067131147125333,0.19276917595183035,0.08366320800274105,,1.0,1.1266202203814077,1.1576951714824644,1.1071808494642599,block_B_gamma,1.0,True,,,,,,,2.0,0.02,0.26698623257089676,0.262148662058579,P-EXACT,6.0,8.8,0.0,0.0,0.0,0.0,5.191948848395546,1.3208279173635606,0.9439650346703956,0.25684699184590537,20.21417035520681,5.142469872319889,0,R-EXACT,0.0,nan,0.06309355082262717,0.06573897077982563,0.06253427881988341,nan,0.05717990165786699,0.05717990165786699,0.056647182646209375,nan,0.05717990165786699,0.05717990165786699,0.056647182646209375,nan,0.17521658619585095,0.17521658619585095,0.17362587605144147,0.951229424500714,0.2635600108901509,0.26050791790242356,0.26387597561069653,0.47165367186814483,0.34734462497419694,0.34878415583874156,0.3471955990535708,named_substreams,,S5,0.9352810192187456,690142011409778331,0.5,1.0,1.0,2.8244510920057238,1.5977780915151227,True,20.0,V3_SMOKE,0.951229424500714,0.07871246223871878,nan,0.0,401.16139700509785,orthogonal_v3,20.0,1.0,path5,0.0,,1.0,1.0,,,-0.39999999999999997,0.0,-0.39999999999999997,0.5,0.5,0.5
0.03662153379124537,0.04410046126386768,-0.03662153379124537,0.04149807250085891,0.04232062988638485,,,0.061740757307454736,0.0,10.498016148264835,10.498016148264835,True,True,-1.3050977039480205,B,0,160,1,0.05,B_GNONE,0.0,10.316974504766385,25.77871457158576,0.0,,,10.498016148264835,1.0,0.284013431157915,0.3090525266630874,0.2767387599156733,1.0,0.19393869147075077,0.24420370713243825,0.19030301032126093,1.0,0.3734210720144942,0.3734210720144942,0.3622369869329199,1.0,0.40140327449611035,0.40140327449611035,0.39005300125032777,0.14392087157606856,1.0,True,0.0,0.0,nan,1.0,0.1,0.0,nan,0.0,0.13249231199733913,ESTIMATED,ESTIMATED,ESTIMATED,ESTIMATED,ESTIMATED,ESTIMATED,ESTIMATED,ESTIMATED,1.0,1.0,1.0,1.0,1.0,1.0,1.0,1.0,1.0,1.0,NONE,False,FAVOURABLE,440.0,440.0,440.0,0.0,0.0,0.0,12.0,2.0,0.21596118698908645,0.21596118698907876,0.31099945913442373,,EVALUATED,OK,OK,OK,12.0,12.0,12.0,0.0,0.0,0.0,0.0,19.956515199034584,20.112607301540116,20.112607301540116,20.141391762806023,18.610658133965934,85.28067326905985,0.0,0.9439650346703956,363.0,363.0,363.0,363.0,MED,0.9408795951514491,6.0,8.8,4.0,6.0,9.0,8.0,5,5.0,5.0,5.0,5.0,363.0,363.0,519,0.0,0.0,1.0,0.10923131409421531,0.11054142229886572,0.11290093928704173,1.0,0.17788115093193518,0.19791405397356576,0.17318632566744455,1.0,0.09532132382370918,0.09147516013117067,0.10354536247750878,1.0,0.30171971543451004,0.32444527517236865,0.2954232156677555,1.0,0.045610559478562414,0.048230775887863224,0.04647735956883609,1.0,0.09076207702250336,0.13082788310576457,0.08820635035107507,1.0,0.122806142334294,0.11511381494921698,0.12410167565319628,1.0,0.22682654893068277,0.2722776684064001,0.22365089615033748,1.0,0.17285206870986822,0.17285206870986822,0.16640927296050737,1.0,0.265000224841367,0.265000224841367,0.25587423000992193,1.0,0.06783650531312437,0.06783650531312437,0.06542000178934242,1.0,0.37661288193833725,0.37661288193833725,0.3653503433590722,1.0,0.22250164256247135,0.22250164256247135,0.21431697514836467,1.0,0.3046648950058507,0.3046648950058507,0.29465093869316045,1.0,0.08913079855356418,0.08913079855356418,0.08573077022521622,1.0,0.3362179593638451,0.3362179593638451,0.3260589645275825,0.25080221719405627,0.019610272520973204,,1.0,0.32443187542061147,0.3244318754206124,0.3420279954952291,block_B_gamma,1.0,True,,,,,,,1.0,0.02,0.2696586038397092,0.26321567308145155,P-EXACT,6.0,8.8,0.0,0.0,0.0,0.0,5.1036235651904125,1.523547136378551,0.9439650346703956,0.2585271487972303,19.741151321764352,5.8931804395271055,0,R-EXACT,0.0,nan,0.06939874670766497,0.07524964665184583,0.06750314821724246,nan,0.06215754828437233,0.07385934817273404,0.061495512993892415,nan,0.0766399451309576,0.0766399451309576,0.07351078344059254,nan,0.23266661234255975,0.23266661234255975,0.2235172458563584,0.951229424500714,0.1955286582127015,0.19468409138204223,0.19020524543678397,0.4531289649665598,0.36452926644933814,0.36491196414315985,0.3669414589705794,named_substreams,,S5,0.9108842385393455,15680241294498261983,4.0,1.0,1.0,3.0861827289812376,1.6112776202367811,True,20.0,V3_SMOKE,0.951229424500714,0.0658035162331851,nan,0.0,402.34184115626476,orthogonal_v3,20.0,1.0,path5,0.0,,1.0,1.0,,,0.19999999999999998,0.19999999999999998,0.09999999999999999,0.0,0.0,0.0
0.054666730490178714,0.06536696246530739,-0.054666730490178714,0.051293659162738536,0.06305007635716986,,,0.033167240894342497,0.0,10.331381262656123,10.331381262656123,True,True,-1.310843714897515,B,0,160,1,0.05000000000000081,B_GLOW,0.0,10.734916343144207,25.748600305687045,0.0,,,10.331381262656123,1.0,0.29357499617266636,0.24135012592475394,0.293667039152335,1.0,0.3239172581391023,0.3118741531888855,0.31637877167517314,1.0,0.25573655790680033,0.20990572330073223,0.2818769539150359,1.0,0.2844695036952824,0.23911325011355183,0.3091557569950998,0.10843177038399199,1.0,True,0.0,0.0,nan,4.0,0.4,0.0,nan,0.0,0.1508718349505216,ESTIMATED,ESTIMATED,ESTIMATED,ESTIMATED,ESTIMATED,ESTIMATED,ESTIMATED,ESTIMATED,1.0,1.0,1.0,1.0,1.0,4.0,1.0,1.0,1.0,1.0,LOW,False,FAVOURABLE,440.0,440.0,440.0,0.0,0.0,0.0,12.0,2.0,0.2022754472207592,0.18470023452716158,0.18341107913629612,,EVALUATED,OK,OK,OK,12.0,12.0,12.0,0.0,0.0,0.0,0.0,19.397701911612167,19.43759954685476,19.44043667401487,19.424385038436956,19.852868469874373,85.8122016843012,0.0,0.9251383981545956,363.0,363.0,363.0,363.0,MED,0.9029346418676228,6.0,8.8,4.0,6.0,9.0,8.0,5,5.0,5.0,5.0,5.0,363.0,363.0,519,0.0,0.18704575392050632,1.0,0.3995551985442501,0.6238825115916001,0.49462069368913203,1.0,0.45628787037789004,0.4764176898975963,0.5081438737262435,1.0,0.3722734170481905,0.8711764796775823,0.7063597153570869,1.0,0.5281691474793674,0.4107931899970649,0.5544662502085188,1.0,0.5358617881622575,0.766485931444645,0.22012320552238296,1.0,0.5816420072478153,0.5686726737205237,0.39529673593078535,1.0,0.5184570054850697,1.0418918285770153,1.357402047714502,1.0,0.6506939720496756,0.45240049371476465,0.5829950367690491,1.0,0.539492738822483,0.2757955295041815,1.2193147583767374,1.0,0.5659841855085768,0.19354061637613718,0.8967457950688026,1.0,0.514369840430821,0.38385471675362093,3.313545497257782,1.0,0.607673237668246,0.2241741439667936,0.7541892104473351,1.0,0.5529208704902797,0.25054168274724975,0.9565273961420337,1.0,0.5814089235288988,0.21727670727753085,0.7892982732738049,1.0,0.5190607495348407,0.3751964896185944,2.2601863253920587,1.0,0.5998090465524247,0.2627766913061363,0.7577395367162716,0.5625707773869558,0.5050304038655349,,1.0,0.3291774647277194,0.3264924259135927,0.330879103685391,block_B_gamma,1.0,True,,,,,,,4.0,0.02,0.2687539454429989,0.2649836352108228,P-EXACT,6.0,8.8,0.0,0.0,0.0,0.0,4.814050860317435,1.2465055661355386,0.9251383981545956,0.24444230493735603,19.694016801024464,5.099385584892862,0,R-EXACT,0.0,nan,0.0696154129740012,0.07757528044996102,0.702809425630376,nan,0.06626545393244367,0.08791881550040274,0.22862532047966538,nan,0.03631553409496301,0.05806454449362003,0.9996102095698148,nan,0.1134206393328828,0.16728999849823928,0.9082542221216711,0.9512294245007132,0.2205810959327711,0.22096327896886958,0.21982135312734474,0.4279839705691919,0.3335787972993807,0.3334152290861071,0.33390395504185844,named_substreams,,S5,0.9329548918404181,6102701586134898939,0.5,1.0,1.0,2.9836053643429645,1.5820453906687308,True,20.0,V3_SMOKE,0.9512294245007132,0.03210248987921062,nan,0.0,392.05272114185135,orthogonal_v3,19.999999999999677,1.0,path5,0.0,,1.0,1.0,,,0.8999999999999998,0.8999999999999998,0.8999999999999998,1.0,1.0,1.0
0.04138482145694326,0.054396244581534615,-0.04138482145694326,0.06479177912269485,0.0904950231013174,,,0.08752833650923784,0.0,10.904525601358833,10.904525601358833,True,True,-1.2157096399787246,B,0,160,1,0.05000000000000081,B_GLOW,0.0,11.251172464053138,26.907817112988045,0.0,,,10.904525601358833,1.0,0.40056003228597586,0.36375636557917346,0.4262964043686329,1.0,0.36014945665329656,0.3264556194141518,0.35098899820666724,1.0,0.36014945665329656,0.3264556194141518,0.35098899820666724,1.0,0.3897824422948067,0.35628054314420465,0.3810175892123151,0.013056167411885694,1.0,True,0.0,0.0,nan,3.0,0.3,0.0,nan,0.0,0.1979000149294734,ESTIMATED,ESTIMATED,ESTIMATED,ESTIMATED,ESTIMATED,ESTIMATED,ESTIMATED,ESTIMATED,1.0,1.0,1.0,1.0,1.0,3.0,1.0,1.0,1.0,1.0,LOW,False,FAVOURABLE,440.0,440.0,440.0,0.0,0.0,0.0,12.0,2.0,0.6466707756860831,0.6430565209685021,0.6036979284711178,,EVALUATED,OK,OK,OK,12.0,12.0,12.0,0.0,0.0,0.0,0.0,22.199328897462777,22.369907780572888,22.369907780572895,22.355703671806616,21.296876698783798,87.66794261639431,0.0,0.9251383981545956,363.0,363.0,363.0,363.0,MED,0.9029346418676228,6.0,8.8,4.0,6.0,9.0,8.0,5,5.0,5.0,5.0,5.0,363.0,363.0,519,0.0,0.1883399780387067,1.0,0.48196160783289815,0.31044171015628563,0.8419169765991099,1.0,0.5340817208469599,0.2811997976753648,0.7349885684264094,1.0,0.4204091085054225,0.3445439286088703,1.7043736217062715,1.0,0.5939991947690367,0.33235314117488923,0.7053707612604331,1.0,0.5859280071425345,0.17397264868729345,0.36257248074917936,1.0,0.6165714212585834,0.26997321865209056,0.501257693598163,1.0,0.5560457578433146,0.07059374051708353,0.6494409629175398,1.0,0.6605623863081194,0.3959173125476682,0.6141621421258887,1.0,0.5859280071425345,0.17397264868729345,0.36257248074917936,1.0,0.6165714212585834,0.26997321865209056,0.501257693598163,1.0,0.5560457578433146,0.07059374051708353,0.6494409629175398,1.0,0.6605623863081194,0.3959173125476682,0.6141621421258887,1.0,0.5981876444238466,0.21967746744807146,0.5153330230225281,1.0,0.6289950891701461,0.326474877211834,0.5860934865909819,1.0,0.5600130745200087,0.08419511434711505,0.5377608958208729,1.0,0.6472884019068732,0.39233966746872834,0.6156318124917194,0.5807434012159055,0.5446538955044125,,1.0,0.3636673488783648,0.36903561567366877,0.3585329253367229,block_B_gamma,1.0,True,,,,,,,3.0,0.02,0.26659371440963414,0.26134836762861996,P-EXACT,6.0,8.8,0.0,0.0,0.0,0.0,4.8348765067620505,1.2067740010068444,0.9251383981545956,0.2364497563599878,20.447796526383783,5.103722751016781,0,R-EXACT,0.0,nan,0.07127984251967039,0.07146898767684864,0.704989007733002,nan,0.047647171722375675,0.061639867134776795,0.21408847973708645,nan,0.047647171722375675,0.061639867134776795,0.21408847973708645,nan,0.1482601378123122,0.17920254895679774,0.592149071119694,0.9512294245007132,0.29139527175010205,0.2932217281641962,0.2932853159384502,0.4486287037840877,0.31790042073002744,0.3170810199564542,0.31705249265571417,named_substreams,,S5,0.9377009938194574,690142011409778331,0.5,1.0,1.0,2.838542658420888,1.5186919278969406,True,20.0,V3_SMOKE,0.9512294245007132,0.08344557170242599,nan,0.0,401.1671137395269,orthogonal_v3,19.999999999999677,1.0,path5,0.0,,1.0,1.0,,,0.49999999999999994,0.6,0.49999999999999994,1.0,1.0,1.0
0.05557038297497878,0.058309006543481846,-0.05557038297497878,0.05349490270722168,0.05914189001172665,,,0.057639682720504994,0.0,10.474590194327401,10.474590194327401,True,True,-1.302114734111162,B,0,160,1,0.05000000000000081,B_GLOW,0.0,10.593996792083264,25.07864817619633,0.0,,,10.474590194327401,1.0,0.36374632795584916,0.3341325922605012,0.334811628388352,1.0,0.3516524201618138,0.3014539983127525,0.3245189920781463,1.0,0.3693072020507911,0.3526328492976094,0.3546100749222015,1.0,0.40382437742967964,0.3877830362086728,0.3892107423274851,0.1114343734229259,1.0,True,0.0,0.0,nan,3.0,0.3,0.0,nan,0.0,0.1896081620361656,ESTIMATED,ESTIMATED,ESTIMATED,ESTIMATED,ESTIMATED,ESTIMATED,ESTIMATED,ESTIMATED,1.0,1.0,1.0,1.0,1.0,3.0,1.0,1.0,1.0,1.0,LOW,False,FAVOURABLE,440.0,440.0,440.0,0.0,0.0,0.0,12.0,2.0,0.1855766216581808,0.1855766216581818,0.22034262788595324,,EVALUATED,OK,OK,OK,12.0,12.0,12.0,0.0,0.0,0.0,0.0,21.14899925039643,21.29884654769882,21.307848787740436,21.31867416489189,19.086059414828593,78.29409733482662,0.0,0.9251383981545956,363.0,363.0,363.0,363.0,MED,0.9029346418676228,6.0,8.8,4.0,6.0,9.0,8.0,5,5.0,5.0,5.0,5.0,363.0,363.0,519,0.0,0.1904094951020871,1.0,0.41910103652766656,0.40870162876883437,0.8317458718635241,1.0,0.4852895316355184,0.4705186799677837,0.41747737220650344,1.0,0.38439962771835184,0.38039142970772843,3.788651790932945,1.0,0.5678055154907756,0.5496687643736119,0.4747454654428626,1.0,0.6890788695162433,0.43396939761545905,0.7322451612867952,1.0,0.7168012141479303,0.42325847485384377,0.5352941820400865,1.0,0.6989731348540529,0.5255914371941474,2.5537147853273665,1.0,0.7482736288875126,0.5390445071453662,0.6557361876625132,1.0,0.5701220763861687,0.26783515169913,0.40745635187057694,1.0,0.6109726126333757,0.3686373063965302,0.5274864927721616,1.0,0.5282270381803599,0.15443687195793226,0.35394229940138355,1.0,0.6688874470763492,0.4953552126019897,0.6326116059461804,1.0,0.5912173262216827,0.3185525386579069,0.5260125675333311,1.0,0.6326552979092164,0.42659820040470064,0.5979645676099368,1.0,0.5360336225203437,0.17042071276435164,0.4139162379206505,1.0,0.6554159192682972,0.486796662321269,0.6287383090842216,0.6031256210303726,0.5111948583865994,,1.0,0.24528355465366555,0.24528355465366594,0.26040908993701567,block_B_gamma,1.0,True,,,,,,,3.0,0.02,0.26906165861599635,0.26351393376093396,P-EXACT,6.0,8.8,0.0,0.0,0.0,0.0,4.723293643095991,1.360992972116187,0.9251383981545956,0.23891940665453942,19.76940136104364,5.696452168425509,0,R-EXACT,0.0,nan,0.08387295571863299,0.07696336142177125,0.1765172030647212,nan,0.0777425503611627,0.08984502228563897,0.8040199739542766,nan,0.06220230040422431,0.07995291473229324,0.22532021995516277,nan,0.19248299766049903,0.2333535139550377,0.6226357417191364,0.9512294245007132,0.22309095932246092,0.2257398473051372,0.21832020087540038,0.42866440042661996,0.3330332481080578,0.3318977641291666,0.3350783024173472,named_substreams,,S5,0.9169725168900236,15680241294498261983,4.0,1.0,1.0,3.0047575459767257,1.6277499407184937,True,20.0,V3_SMOKE,0.9512294245007132,0.06116522699820952,nan,0.0,402.3658249164782,orthogonal_v3,19.999999999999677,1.0,path5,0.0,,1.0,1.0,,,0.9999999999999999,0.9999999999999999,0.9999999999999999,1.0,1.0,1.0
0.03311907954774548,0.06527652400964873,-0.03311907954774548,0.038534325193759766,0.06422278393020664,,,0.0362612861113433,0.0,10.323688276303383,10.323688276303383,True,True,-1.310278695225587,B,0,160,1,0.05000000000000035,B_GMED,0.0,10.419423385429337,26.039008519530803,0.0,,,10.323688276303383,1.0,0.34228241545457505,0.20181337698445534,0.34309189139636953,1.0,0.3459071055736496,0.28062828187656735,0.33672070591238323,1.0,0.29167717434652896,0.19653899781963755,0.32288846405213784,1.0,0.3219990612673117,0.22220573878045385,0.3517933774602048,0.08198308350535873,4.0,True,0.888888888888889,0.0,0.0,1.0,0.16666666666666666,0.8,1.0,4.0,0.19238327001221478,ESTIMATED,ESTIMATED,ESTIMATED,ESTIMATED,ESTIMATED,ESTIMATED,ESTIMATED,ESTIMATED,1.0,1.0,1.0,1.0,1.0,1.0,1.0,1.0,1.0,1.0,MED,False,FAVOURABLE,440.0,440.0,440.0,0.0,0.0,0.0,12.0,2.0,0.16321377995953382,0.11761242064592228,0.14859747853067334,,EVALUATED,OK,OK,OK,12.0,12.0,12.0,0.0,0.0,0.0,0.0,19.01101561288985,19.053605049127462,19.059798244621415,19.034047754385405,19.143262963058127,90.90685526532427,0.0,0.914713035474256,363.0,363.0,363.0,363.0,MED,0.8894171437473338,6.0,8.8,4.0,6.0,9.0,8.0,5,5.0,5.0,5.0,5.0,363.0,363.0,519,4.0,0.5538124151943539,1.0,0.5498208643825739,0.2931848389322244,0.4920502178320964,1.0,0.595608806918996,0.16290190672596933,0.5239752695551393,1.0,0.5323959126616025,0.534431945978622,5.792517596246462,1.0,0.6579687684306083,0.27393828947548754,0.6450497963228621,1.0,0.6827939866843313,3.944011583168141,0.5980291484740827,1.0,0.708307048696482,1.8364998476150154,0.6572215947788084,1.0,0.6800308249993505,20.08256825653555,1.140395259025341,1.0,0.7496009792811815,0.9207535058992029,0.7271327171594276,1.0,0.6852796099996611,0.466979330941052,0.8980538557713524,1.0,0.6995988782249686,0.2675758555537707,0.8038548209051669,1.0,0.6729287699955876,0.7327893174572021,1.9359519011970387,1.0,0.7238430415187,0.23927682973273753,0.772314186154334,1.0,0.6922219826387689,0.4049497698952364,0.803024662249166,1.0,0.7082163601555024,0.26494162144847394,0.7670540427085918,1.0,0.6751135773571594,0.7191235440801448,1.2961873714033672,1.0,0.7192243168858212,0.2931190741585514,0.765550355519805,0.6982178815007635,0.6728124839678302,,1.0,0.23174032956068646,0.2222377436516775,0.23275110017394127,block_B_gamma,1.0,True,,,,,,,5.0,0.02,0.2685519125535681,0.26505838505404083,P-EXACT,6.0,8.8,0.0,0.0,0.0,0.0,4.584600305981991,1.2339226221231134,0.914713035474256,0.2327877419695418,19.694337284227984,5.300634009691804,0,R-EXACT,0.0,nan,0.07393972584437122,0.08001553300039821,0.6600684882051193,nan,0.05465062189840946,0.13326097928358493,0.7834946863716495,nan,0.028804796418727647,0.06750875674642916,1.3082865815873939,nan,0.08983643903736196,0.17900657773133552,1.1377502717310786,0.9512294245007137,0.22948635519006066,0.2369791331328709,0.22870830410278642,0.4137446924144307,0.31879593097301023,0.3156958338677326,0.31911784548079725,named_substreams,,S5,0.9275609252071337,6102701586134898939,0.5,1.0,1.0,3.065016713872658,1.5647489680283053,True,20.0,V3_SMOKE,0.9512294245007137,0.034992416099434584,0.00750103348956382,0.888888888888889,392.0602145680224,orthogonal_v3,19.99999999999986,1.0,path5,0.0,,1.0,1.0,,,0.8999999999999998,0.8999999999999998,0.8999999999999998,1.0,1.0,1.0
0.0335464164934923,0.05528816196658278,-0.0335464164934923,0.042893788755647644,0.0878310363592153,,,0.07985481184384785,0.0,10.89260077143182,10.89260077143182,True,True,-1.2170102481119573,B,0,160,1,0.05000000000000035,B_GMED,0.0,10.856344053212926,27.47004597868554,0.0,,,10.89260077143182,1.0,0.46931565338993464,0.3608546056409693,0.4893921457307996,1.0,0.4247724028036106,0.30918721683774086,0.416774636339412,1.0,0.4247724028036106,0.30918721683774086,0.416774636339412,1.0,0.45630946203849915,0.3402021422154283,0.44864702844251647,0.06234265835012083,4.0,True,1.0,0.0,0.0,0.0,0.0,1.0,1.0,4.0,0.14448401192203164,ESTIMATED,ESTIMATED,ESTIMATED,ESTIMATED,ESTIMATED,ESTIMATED,ESTIMATED,ESTIMATED,1.0,1.0,1.0,1.0,0.0,0.0,1.0,1.0,1.0,1.0,MED,False,FAVOURABLE,440.0,440.0,440.0,0.0,0.0,0.0,12.0,2.0,0.3705339997096476,0.37945012096286485,0.34144648142167117,,EVALUATED,OK,OK,OK,12.0,12.0,12.0,0.0,0.0,0.0,0.0,21.952404338569202,22.106511947793123,22.148722694872458,22.094944609465742,19.924150474852798,91.98630485378574,0.0,0.914713035474256,363.0,363.0,363.0,363.0,MED,0.8894171437473338,6.0,8.8,4.0,6.0,9.0,8.0,5,5.0,5.0,5.0,5.0,363.0,363.0,519,4.0,0.5570361847264041,1.0,0.6199207533800385,2.184405226527118,0.9929305042513545,1.0,0.6650621195333366,1.094661184613465,0.8001179837237531,1.0,0.5677130843396974,10.96870611122408,5.927808066045711,1.0,0.7186014885677331,0.684535019578473,0.7679531920654369,1.0,0.7249937669798049,0.2109622181525126,0.8924383563958661,1.0,0.745128513538779,0.18757950117975108,0.7791748044951919,1.0,0.7059592201374775,0.3157276874452158,4.555878160811748,1.0,0.7739858497843132,0.31987789024290353,0.7743298563851377,1.0,0.7249937669798049,0.2109622181525126,0.8924383563958661,1.0,0.745128513538779,0.18757950117975108,0.7791748044951919,1.0,0.7059592201374775,0.3157276874452158,4.555878160811748,1.0,0.7739858497843132,0.31987789024290353,0.7743298563851377,1.0,0.7324852948401043,0.2177682954956602,0.783585937746811,1.0,0.7523683669056052,0.24257027068123663,0.7571905073496055,1.0,0.7083284971468374,0.3091139162404896,2.412513525514195,1.0,0.7638541592033725,0.35025374906652673,0.7616870069377487,0.7190505293137516,0.7022787503401172,,1.0,0.2344362936886864,0.24074367488164053,0.23179811269532083,block_B_gamma,1.0,True,,,,,,,4.0,0.02,0.26629252463838826,0.2611614778812596,P-EXACT,6.0,8.8,0.0,0.0,0.0,0.0,4.605137614571819,1.1873171819450103,0.914713035474256,0.22521394294306912,20.447835308917497,5.271952377500656,0,R-EXACT,0.0,nan,0.08373288598915948,0.10762073935480848,1.0173362986449839,nan,0.047869228313628644,0.06479039410761762,0.782622612463725,nan,0.047869228313628644,0.06479039410761762,0.782622612463725,nan,0.14809711966842276,0.17516892219704014,0.9306920340645405,0.9512294245007137,0.2981739240297153,0.31723484780433264,0.3026779684707722,0.4394971299363194,0.3084505461034094,0.3000733248105301,0.3064710314984592,named_substreams,,S5,0.933526540744303,690142011409778331,0.5,1.0,1.0,2.9383179860908646,1.4865944672462184,True,20.0,V3_SMOKE,0.9512294245007137,0.08055870638807007,0.009366835264264654,1.0,401.1582106207505,orthogonal_v3,19.99999999999986,1.0,path5,0.0,,1.0,1.0,,,0.49999999999999994,0.6,0.49999999999999994,1.0,1.0,1.0
0.047579138034267644,0.05895951685135998,-0.047579138034267644,0.05380887771155951,0.058722061603717846,,,0.04929272386015585,0.0,10.482249596385152,10.482249596385152,True,True,-1.2903899286854874,B,0,160,1,0.05000000000000035,B_GMED,0.0,10.638269149580532,24.08270719180022,0.0,,,10.482249596385152,1.0,0.44025331143665436,0.3297245398831434,0.42771892717874416,1.0,0.47330882093308657,0.2892925554308008,0.4625994928376851,1.0,0.4156012344739922,0.35578635703772354,0.39426458668254144,1.0,0.45080827131705553,0.3925071986235522,0.431066723513522,0.12215468684626606,4.0,True,0.888888888888889,0.0,0.0,1.0,0.16666666666666666,0.8,1.0,4.0,0.19803278613835573,ESTIMATED,ESTIMATED,ESTIMATED,ESTIMATED,ESTIMATED,ESTIMATED,ESTIMATED,ESTIMATED,1.0,1.0,1.0,1.0,1.0,1.0,1.0,1.0,1.0,1.0,MED,False,FAVOURABLE,440.0,440.0,440.0,0.0,0.0,0.0,12.0,2.0,0.14432661376859593,0.13644245459838733,0.16148686839844414,,EVALUATED,OK,OK,OK,12.0,12.0,12.0,0.0,0.0,0.0,0.0,20.528213839262385,20.69864482756006,20.711968218276624,20.702618507229516,19.476900229093125,73.31093811285855,0.0,0.914713035474256,363.0,363.0,363.0,363.0,MED,0.8894171437473338,6.0,8.8,4.0,6.0,9.0,8.0,5,5.0,5.0,5.0,5.0,363.0,363.0,519,4.0,0.5638361241439618,1.0,0.579656524181851,2.6227783387805683,3.2688496768773767,1.0,0.6366755961021201,1.198559108514477,1.3255714540138042,1.0,0.5372626687354882,15.588922376295715,50.447371513199705,1.0,0.7064403236619866,0.7239214911837812,0.8922318664428452,1.0,0.7649433794028173,2.613528423579783,2.2831629644419045,1.0,0.784714716866862,1.1533384902401498,1.2054008205205173,1.0,0.7734451210131195,15.586552625471423,28.783601110984176,1.0,0.8097268498793214,0.7267507625315999,0.9266564590721704,1.0,0.7104220476663389,0.17146679679663612,2.8994770589174372,1.0,0.7360042328286373,0.31878988855395274,0.9152512228832682,1.0,0.6850111246080672,0.06177143724864564,52.17134907463538,1.0,0.7726424957538542,0.4920403192083404,0.7480075358693637,1.0,0.7230397894284794,0.24262486164324573,1.8287856491755055,1.0,0.7488460498094328,0.4059034280393204,1.0054807583519743,1.0,0.6894644151601838,0.06663404741671984,24.495040238835276,1.0,0.7628228800439029,0.5028616334616055,0.8874032469284104,0.729916480415901,0.6787679478861994,,1.0,0.17335921735297802,0.17069884455051604,0.18580067253611926,block_B_gamma,1.0,True,,,,,,,5.0,0.02,0.26924088989262623,0.2636788576718974,P-EXACT,6.0,8.8,0.0,0.0,0.0,0.0,4.48660533911786,1.2952291597495318,0.914713035474256,0.22619778617701675,19.834877321066063,5.726091230335551,0,R-EXACT,0.0,nan,0.09917207571952052,0.13675075400991105,0.6232315545755238,nan,0.07527115543822059,0.14575899876260856,1.082913393253431,nan,0.05829861309871696,0.08689007595496277,0.3324318683460002,nan,0.1795392538829903,0.23796574278022797,0.8293116554434272,0.9512294245007137,0.23074798957620823,0.24653883213790606,0.2265999334468941,0.4143222897697238,0.31871825436874884,0.312175756321193,0.3204368864823396,named_substreams,,S5,0.9166592338159776,15680241294498261983,4.0,1.0,1.0,2.9992905757315813,1.6969562147266775,True,20.0,V3_SMOKE,0.9512294245007137,0.05184847649457264,0.007437581002267935,0.888888888888889,402.34638179214033,orthogonal_v3,19.99999999999986,1.0,path5,0.0,,1.0,1.0,,,0.9999999999999999,0.9999999999999999,0.9999999999999999,1.0,1.0,1.0
0.008543337672970166,0.06794181912516291,0.008543337672970166,0.05091819992729822,0.06659717865093295,,,0.033447774624252594,0.0,10.301046136518357,10.301046136518357,True,True,-1.300062298758707,B,0,160,1,0.05,B_GHIGH,0.0,9.898861876428956,25.72583883674222,0.0,,,10.301046136518357,1.0,0.39883398247525953,0.17418410041458895,0.402867770073023,1.0,0.36832561873577785,0.20026657597576691,0.3551421517308604,1.0,0.34432380964225867,0.16877532492567404,0.3836759881394514,1.0,0.3774032636508001,0.19714114164884286,0.41558588354415804,0.0388805068663595,4.0,True,0.888888888888889,0.0,0.0,1.0,0.16666666666666666,0.8,1.0,4.0,0.2624373978469521,ESTIMATED,ESTIMATED,ESTIMATED,ESTIMATED,ESTIMATED,ESTIMATED,ESTIMATED,ESTIMATED,1.0,1.0,1.0,1.0,1.0,1.0,1.0,1.0,1.0,1.0,HIGH,False,FAVOURABLE,440.0,440.0,440.0,0.0,0.0,0.0,12.0,2.0,0.17042536360048527,0.05636753719818371,0.15854448540284302,,EVALUATED,OK,OK,OK,12.0,12.0,12.0,0.0,0.0,0.0,0.0,17.744267039868188,17.824786554545057,17.82611107690318,17.792733421422554,18.13187912504585,92.8512698388547,0.0,0.8730444847143335,363.0,363.0,363.0,363.0,MED,0.8353898092705564,6.0,8.8,4.0,6.0,9.0,8.0,5,5.0,5.0,5.0,5.0,363.0,363.0,519,4.0,1.6944714341987888,1.0,0.6371769180400184,0.2696895079390932,0.5090865845086332,1.0,0.6727197014990671,0.14256439991045783,0.6365145049167433,1.0,0.6303604217793355,0.5533986025226453,11.172690610690301,1.0,0.7270493689856251,0.23654509464492612,0.7197357623215859,1.0,0.8061560273059077,1.843599006108835,0.7577902747523443,1.0,0.8067201504511543,0.7387064863788277,0.7835653072679665,1.0,0.7631193974853637,8.502650296976714,10.641520133914483,1.0,0.8257886307261094,0.3366914966275155,0.8136050960380304,1.0,0.8018360334907795,0.4398615135312163,0.725450122809191,1.0,0.8037867509221119,0.19188077409146667,0.8129493124150541,1.0,0.7522441126934932,0.5114854352580104,10.215445961033753,1.0,0.8164571017500947,0.22622735183961398,0.8340518177663101,1.0,0.8030123132078177,0.381657341600275,0.810142195698304,1.0,0.8097504921541614,0.21224556210295192,0.8274061950076584,1.0,0.752967567942451,0.5045390870772634,3.9394662989573894,1.0,0.8160236363708956,0.2882948491250025,0.8337900634005422,0.8039317512043638,0.813546689777365,,1.0,0.14453154096123275,0.1213910616051161,0.14474375024966654,block_B_gamma,1.0,True,,,,,,,5.0,0.02,0.26796852576385827,0.2651177723599489,P-EXACT,6.0,8.8,0.0,0.0,0.0,0.0,3.915913192757955,1.1411197852140589,0.8730444847143335,0.19876478797213165,19.701242019320826,5.741056033395878,0,R-EXACT,0.0,nan,0.07500085497308678,0.06703651907825146,0.3018136785629583,nan,0.030065399136598208,0.11729439394183512,0.6764902562795244,nan,0.014917031575286694,0.06609922954833604,0.7486842400037739,nan,0.048085589736175965,0.15763661316145336,1.096990113752168,0.951229424500714,0.25995008321259605,0.29357338573927527,0.26019489882301616,0.37437168984370556,0.2770537379163941,0.26446612533135505,0.276962085882621,named_substreams,,S5,0.9150826644074301,6102701586134898939,0.5,1.0,1.0,3.222846074766527,1.5815055405240905,True,20.0,V3_SMOKE,0.951229424500714,0.03460524299268956,0.010642266406201226,0.888888888888889,392.065496051013,orthogonal_v3,20.0,1.0,path5,0.0,,1.0,1.0,,,0.9999999999999999,0.9999999999999999,0.9999999999999999,1.0,1.0,1.0
0.014554861657006174,0.05753187580667784,0.014554861657006174,0.05091819992729822,0.08678685397492225,,,0.06896957553218788,0.0,10.875167704077835,10.875167704077835,True,True,-1.2149415181697605,B,0,160,1,0.05,B_GHIGH,0.0,10.316652398972815,27.275586661570504,0.0,,,10.875167704077835,1.0,0.5473662147551546,0.28307358023221335,0.5534850479447583,1.0,0.5101345755767422,0.25213331652632864,0.4964405711296491,1.0,0.5101345755767422,0.25213331652632864,0.4964405711296491,1.0,0.54167038987623,0.2759465909076754,0.5286612874504115,0.045155079811840776,4.0,True,1.0,0.0,0.0,0.0,0.0,1.0,1.0,4.0,0.22102942597121,ESTIMATED,ESTIMATED,ESTIMATED,ESTIMATED,ESTIMATED,ESTIMATED,ESTIMATED,ESTIMATED,1.0,1.0,1.0,1.0,0.0,0.0,1.0,1.0,1.0,1.0,HIGH,False,FAVOURABLE,440.0,440.0,440.0,0.0,0.0,0.0,12.0,2.0,0.1664278216244449,0.17597890100059513,0.1513378475169759,,EVALUATED,OK,OK,OK,12.0,12.0,12.0,0.0,0.0,0.0,0.0,20.585633883003773,20.73561223078766,20.85778437808825,20.731639890897455,18.82787222579541,94.67096713064909,0.0,0.8730444847143335,363.0,363.0,363.0,363.0,MED,0.8353898092705564,6.0,8.8,4.0,6.0,9.0,8.0,5,5.0,5.0,5.0,5.0,363.0,363.0,519,4.0,1.7034533154904201,1.0,0.7011614180803899,0.6658414259309335,0.7042444288518572,1.0,0.7414539287591808,0.3607700589401135,0.7546791526450871,1.0,0.656249374331886,4.026993813823834,7.901321951304462,1.0,0.7884017049976604,0.28760533954094997,0.797150807518671,1.0,0.8329081593336287,0.996001070142077,0.8034123593081673,1.0,0.8436038475861072,0.45839853815881426,0.8356674964186267,1.0,0.7813640945334781,0.784052963902315,6.155522725763762,1.0,0.8592663928296856,0.2862306182304313,0.8533224796805557,1.0,0.8329081593336287,0.996001070142077,0.8034123593081673,1.0,0.8436038475861072,0.45839853815881426,0.8356674964186267,1.0,0.7813640945334781,0.784052963902315,6.155522725763762,1.0,0.8592663928296856,0.2862306182304313,0.8533224796805557,1.0,0.835680246246611,0.8133718835644629,0.8262760832970528,1.0,0.8459117864050129,0.38345623071748774,0.8396862908338637,1.0,0.7820899015405294,0.7080385621931908,2.5473394439669566,1.0,0.8514191590786219,0.32034215730204624,0.8455743475689751,0.8238848000719402,0.8345816119482556,,1.0,0.13602113172954333,0.1404876119394676,0.13582446208000923,block_B_gamma,1.0,True,,,,,,,4.0,0.02,0.2658527574272646,0.2602517658345495,P-EXACT,6.0,8.8,0.0,0.0,0.0,0.0,3.934491337638744,1.0920542854751283,0.8730444847143335,0.19298165569359374,20.387903313907334,5.658850223614183,0,R-EXACT,0.0,nan,0.0961070535673624,0.07481816119263826,0.9356122683942665,nan,0.04357019851559049,0.07487757229914904,0.9765389243304661,nan,0.04357019851559049,0.07487757229914904,0.9765389243304661,nan,0.1305187001885816,0.16936203236621653,1.1009218406512125,0.951229424500714,0.3178579199727328,0.3876373046423153,0.3303980428151002,0.409996429085668,0.2796758169402495,0.2510665184019255,0.2745344113545833,named_substreams,,S5,0.9229608880413505,690142011409778331,0.5,1.0,1.0,3.090244587461241,1.4997594514632901,True,20.0,V3_SMOKE,0.951229424500714,0.06451968055110585,0.012958574008661777,1.0,401.1375994205288,orthogonal_v3,20.0,1.0,path5,0.0,,1.0,1.0,,,0.49999999999999994,0.6,0.49999999999999994,1.0,1.0,1.0
0.01104124809044373,0.06006125849768305,-0.007392232990749269,0.05091819992729822,0.06329491050598779,,,0.03949532214717015,0.0,10.489254968398118,10.489254968398118,True,True,-1.262673760048712,B,0,160,1,0.05,B_GHIGH,0.0,10.439735208351811,22.90657972403642,0.0,,,10.489254968398118,1.0,0.5159130980917702,0.2645916706629844,0.505174561485383,1.0,0.5961390698556485,0.20771296807102352,0.5747114291489996,1.0,0.451820696834812,0.3100319757081958,0.4496216684949959,1.0,0.48648068118950893,0.34421268624506873,0.48549111537681533,0.061313378677274474,4.0,True,1.0,0.0,0.0,0.0,0.0,1.0,1.0,4.0,0.19732079887762666,ESTIMATED,ESTIMATED,ESTIMATED,ESTIMATED,ESTIMATED,ESTIMATED,ESTIMATED,ESTIMATED,1.0,1.0,1.0,1.0,0.0,0.0,1.0,1.0,1.0,1.0,HIGH,False,FAVOURABLE,440.0,440.0,440.0,0.0,0.0,0.0,12.0,2.0,0.12100486578691236,0.07383186883072237,0.15829774442527286,,EVALUATED,OK,OK,OK,12.0,12.0,12.0,0.0,0.0,0.0,0.0,18.950390949194386,19.11465865117485,19.109815222622544,19.090419705432076,19.69556295239417,70.538388030456,0.0,0.8730444847143335,363.0,363.0,363.0,363.0,MED,0.8353898092705564,6.0,8.8,4.0,6.0,9.0,8.0,5,5.0,5.0,5.0,5.0,363.0,363.0,519,4.0,1.7264012759048326,1.0,0.6761289993458999,0.49441014201959843,2.733041647755784,1.0,0.7245471316554213,0.25551681566619966,0.8622494398180617,1.0,0.6262540262374309,3.282231703156883,236.45471065365686,1.0,0.7802311070373149,0.3127734943901631,0.7652949558250086,1.0,0.8084918261752275,0.49312083257395845,1.9264573216421823,1.0,0.8186762432462548,0.2263620494004766,0.814428533091492,1.0,0.8186333765903671,3.3034946018372167,133.16118119124118,1.0,0.8453450935957137,0.2872148566396295,0.8201913086682417,1.0,0.8150915973075282,0.6835575569786398,12.792568277347865,1.0,0.8263579349331357,0.3093533332975752,1.6671677758729153,1.0,0.7589068503799119,2.657130647223905,208.1869682223653,1.0,0.8445668868586648,0.3572556909912402,0.8632510136502225,1.0,0.8194789334471055,0.5587494260730909,4.811259231697188,1.0,0.8317594485859914,0.32222612519379745,1.14701775645701,1.0,0.7598107558722174,2.0171415971482625,73.91504521067016,1.0,0.8385734769275469,0.4143694017631267,0.900574092267498,0.8219189943732118,0.8183315794665736,,1.0,0.10650675567104229,0.09394906708570196,0.11670964579121752,block_B_gamma,1.0,True,,,,,,,4.0,0.02,0.2693970421939354,0.26376329679027677,P-EXACT,6.0,8.8,0.0,0.0,0.0,0.0,3.816077105868287,1.1332419050946814,0.8730444847143335,0.19108077157327621,19.971015787974704,5.930695672641778,0,R-EXACT,0.0,nan,0.11157818969950965,0.09353455854611062,0.6140914265601791,nan,0.07016166138147766,0.09929317046099555,0.6196694027087258,nan,0.0406695577132895,0.09939603728322705,0.6941500847743628,nan,0.12208736142102578,0.23098936580597926,1.0255608155139797,0.951229424500714,0.2503471666028433,0.3131965844901603,0.25109613866096936,0.37641274971220284,0.28217888434856764,0.25852156214379135,0.2818969617167108,named_substreams,,S5,0.9118117004731757,15680241294498261983,4.0,1.0,1.0,3.072365683673287,1.7975292342734932,True,20.0,V3_SMOKE,0.951229424500714,0.03799470888006421,0.008948714595188456,1.0,402.31241820608864,orthogonal_v3,20.0,1.0,path5,0.0,,1.0,1.0,,,0.7999999999999999,0.8999999999999998,0.7999999999999999,1.0,1.0,1.0
0.08313773709068993,0.26226767675726215,-0.08313773709068993,0.12268776876100818,0.24129495949061142,1.0992108413190456,0.46291643036299807,nan,11.430536112948893,20.75624343064206,10.267909581021302,False,True,-0.5665966767609592,C,0,160,4,0.2000000000000014,C_REAL_GMED,0.0,10.018039458265681,23.88355593684279,0.3,,,9.796808449357233,1.0,0.5360219795301591,0.4935602896196744,0.4891810419321009,1.0,0.7014502317475222,0.6255924584498971,0.6608010986544344,1.0,0.5173133993842546,0.47602006471274055,0.5591409807298959,1.0,0.5219129983621208,0.4703584758874971,0.5702798215792939,nan,0.0,False,0.7272727272727273,0.0,0.0,3.0,0.5,0.5714285714285714,1.0,4.0,0.20178696396760643,ESTIMATED,ESTIMATED,ESTIMATED,ESTIMATED,ESTIMATED,ESTIMATED,ESTIMATED,ESTIMATED,1.0,1.0,1.0,1.0,1.0,3.0,1.0,1.0,1.0,1.0,MED,False,REALISTIC,108.0,108.0,108.0,0.0,3.0,0.0,12.0,2.0,0.11265789147433321,0.1967045475134238,0.12981768784391282,,EVALUATED,OK,OK,OK,12.0,12.0,12.0,0.0,0.0,0.0,0.0,17.302245414722194,18.020284461644035,17.01966624647947,17.945212526097354,17.364147797538486,69.42729502075967,0.1,0.914713035474256,74.0,74.0,57.0,74.0,MED,0.8894171437473338,6.0,8.8,4.0,6.0,9.0,8.0,5,5.0,5.0,5.0,5.0,73.0,55.2,129,4.0,0.6321067891224336,1.0,0.7232681902702154,1.5586163810765612,0.8146223007175847,1.0,0.7341286389558057,1.0259528023314357,0.4870372451877183,1.0,0.7070562301757408,0.7305933065856445,14.875522607900978,1.0,0.7461218677627324,0.7110121423415571,0.6286284388624516,1.0,0.8618984896550419,0.617707866798805,0.718479365287923,1.0,0.8699211889327719,0.6727122779169399,0.5793707090721142,1.0,0.8505216319343938,0.8654689236892517,15.967604587197018,1.0,0.8795632021131913,0.6112556620264348,0.7744276016334518,1.0,0.816937656448152,2.257217688350107,0.8158549561807501,1.0,0.813949451261899,1.5606533113782304,0.6476930923897596,1.0,0.8212328024334488,0.8312627499370077,14.652698634585553,1.0,0.8110067396464574,1.0595394541676546,0.7728352354265396,1.0,0.8167676853453184,1.9725157127074704,0.8969097003039703,1.0,0.8150808567673297,1.3189363544077615,0.8219729402554149,1.0,0.8212328024334488,0.8312627499370077,14.652698634585553,1.0,0.8142859703876709,1.064816390965314,0.8175680110259199,0.6808505538993957,0.822897085670884,,1.0,0.11426287737821127,0.14598661009709735,0.11178874954850745,block_C_real,0.4677189823483907,False,,,,,,,7.0,0.05,0.180329845455225,0.16074862280862875,P-MULTNOISE,6.0,8.8,0.0,0.0,0.0,0.0,3.9633707122746564,1.2403334552890335,0.914713035474256,0.4033636562072269,9.82580024571794,3.0749757351758427,0,R-NOISE,0.2,nan,0.035884394245087485,0.09056534391602584,0.27288458822408035,nan,0.05322487518736589,0.05130476130179736,0.3675436436492159,nan,0.015399231778115635,0.07506548987237686,0.3287351259175411,nan,0.033730040063329865,0.18042068707645223,0.7145961477079528,0.9512294245007137,0.1919222596525122,0.0794583859482424,0.16265977029216527,0.8170338637052172,0.6602268783702893,0.7521136716301444,0.6841353231140064,named_substreams,,S5,0.9020628358709356,6102701586134898939,0.5,1.0,1.0,1.4987634517877635,0.6797358177696583,True,10.0,V3_SMOKE,0.9512294245007137,nan,0.09206892586193482,0.7272727272727273,1149.5398731958726,orthogonal_v3,19.99999999999986,0.46093186105116163,path5,0.0,,0.8927289342033605,0.4664492308740839,,,0.7,0.7999999999999999,0.7,0.5,1.0,0.5
0.06788733987076576,0.11644198811640968,0.010567415419044175,0.1069311032955218,0.21502769852180342,1.0993853180183362,0.5054641964890344,nan,9.69034612886908,23.06807088278679,11.93077526087281,False,True,-0.6140812745741054,C,0,160,4,0.2000000000000014,C_REAL_GMED,0.0,9.91666799816145,24.600201049542527,0.3,,,12.654250007395262,1.0,0.5772059968357697,0.421098743167199,0.5442784328741013,1.0,0.580662903210241,0.43270449927913235,0.5252613044834274,1.0,0.580662903210241,0.43270449927913235,0.5252613044834274,1.0,0.588460220554919,0.4357356952512089,0.5344167701726641,nan,0.0,False,0.8,0.0,0.0,2.0,0.3333333333333333,0.6666666666666666,1.0,4.0,0.18338357913307846,ESTIMATED,ESTIMATED,ESTIMATED,ESTIMATED,ESTIMATED,ESTIMATED,ESTIMATED,ESTIMATED,1.0,1.0,1.0,1.0,1.0,2.0,1.0,1.0,1.0,1.0,MED,False,REALISTIC,108.0,108.0,108.0,0.0,5.0,0.0,12.0,2.0,0.35598739412863384,0.22565961032356688,0.32430942100560606,,EVALUATED,OK,OK,OK,12.0,12.0,12.0,0.0,0.0,0.0,0.0,18.8235213757851,19.377251753348954,19.719741980027145,19.23522522176861,16.194408647574225,68.23568681768938,0.1,0.914713035474256,72.0,72.0,56.0,72.0,MED,0.8894171437473338,6.0,8.8,4.0,6.0,9.0,8.0,5,5.0,5.0,5.0,5.0,72.2,56.4,129,4.0,0.6362358698362428,1.0,0.7401281723787849,0.547223376942482,0.614067885285883,1.0,0.7515655812854338,0.5131777901619505,0.4628010102648036,1.0,0.7235961371024002,0.7222967702530383,10.865318584711991,1.0,0.7646165199081089,0.5812739474275237,0.6062579283311569,1.0,0.834537785170432,1.6630450798567942,0.594497024700524,1.0,0.8342014907213088,1.4130136858925126,0.526005919021051,1.0,0.8354297106069013,0.8328884483114077,10.301385626212436,1.0,0.8344309403036853,1.3116971337530539,0.6903888746225452,1.0,0.834537785170432,1.6630450798567942,0.594497024700524,1.0,0.8342014907213088,1.4130136858925126,0.526005919021051,1.0,0.8354297106069013,0.8328884483114077,10.301385626212436,1.0,0.8344309403036853,1.3116971337530539,0.6903888746225452,1.0,0.8345334556463836,1.6063388744791876,0.7182374368765788,1.0,0.8346471908612457,1.3498421854551304,0.7176440563093571,1.0,0.8354297106069013,0.8328884483114077,10.301385626212436,1.0,0.8349737013166103,1.3501845755706838,0.7419743354332428,0.6689854170632046,0.8369615710891906,,1.0,0.16859276407728563,0.22324076239773183,0.17690795613728186,block_C_real,0.5526838429535215,False,,,,,,,6.0,0.05,0.19728609972653702,0.1908713558174675,P-MULTNOISE,6.0,8.8,0.0,0.0,0.0,0.0,3.985334134701612,1.1924924987341996,0.914713035474256,0.38971758825237635,10.226210606950483,3.059888839202084,0,R-NOISE,0.2,nan,0.03988515824968647,0.04113516863024959,0.23111851734058553,nan,0.003422951380326729,0.054030197131929004,0.277438227287752,nan,0.003422951380326729,0.054030197131929004,0.277438227287752,nan,0.005353954433503304,0.12446765146166983,0.6183087237309653,0.9512294245007137,0.3002883819468327,0.34271473774138084,0.28795194430714577,1.005697609746449,0.7036983017878906,0.6610302171750612,0.7161050276349099,named_substreams,,S5,0.910467268626151,690142011409778331,0.5,0.3,1.0,1.4657829165157312,0.6805394198344465,True,10.0,V3_SMOKE,0.9512294245007137,nan,0.10257876559855623,0.8,1169.5548060963624,orthogonal_v3,19.99999999999986,0.5028747023586301,path5,0.0,,0.8975671422675255,0.5540275153240961,,,0.39999999999999997,0.49999999999999994,0.39999999999999997,0.5,0.5,0.5
0.08084343263083285,0.09215549274182931,-0.08084343263083285,0.120816035825278,0.1368555979774414,1.1013424514248455,0.5376701195304926,nan,12.45906313854793,21.69419035959807,10.560977101725076,False,True,-0.5589358801994446,C,0,160,4,0.2000000000000014,C_REAL_GMED,0.0,9.859629564778272,22.261599868770965,0.3,,,9.898052161387605,1.0,0.6460762354903067,0.5911918998693061,0.6252363297398151,1.0,0.6159775918306244,0.5770859890421183,0.56217572768268,1.0,0.6663359506843413,0.5943211940753987,0.6911452639826398,1.0,0.6796762817142583,0.6056544525747212,0.6943173392601705,nan,0.0,False,0.75,1.0,0.25,1.0,0.16666666666666666,0.75,0.75,3.0,0.12992130708880723,ESTIMATED,ESTIMATED,ESTIMATED,ESTIMATED,ESTIMATED,ESTIMATED,ESTIMATED,ESTIMATED,1.0,1.0,1.0,1.0,1.0,1.0,1.0,1.0,1.0,1.0,MED,False,REALISTIC,108.0,108.0,108.0,0.0,7.0,0.0,12.0,2.0,0.1520509291128491,0.22223599200894423,0.15339014410197588,,EVALUATED,OK,OK,OK,12.0,12.0,12.0,0.0,0.0,0.0,0.0,18.110458809053906,18.776838359418857,18.969542850706144,18.713620836472487,17.353140354791744,57.78317472777669,0.1,0.914713035474256,75.0,75.0,56.0,75.0,MED,0.8894171437473338,6.0,8.8,4.0,6.0,9.0,8.0,5,5.0,5.0,5.0,5.0,75.2,57.4,129,4.0,0.6464612306122809,1.0,0.7563399400287365,4.672695192376744,2.2786310597066235,1.0,0.7770641838918764,3.051499035172883,1.0533173243848928,1.0,0.7220051537594876,0.6989266584643133,39.5418602181377,1.0,0.7987905690066569,1.9408780690901775,0.811067541488584,1.0,0.8410559717776394,4.813699461794878,1.3951124615016313,1.0,0.8479287069233055,3.168745020912634,0.7810133329519415,1.0,0.8289662081085287,0.8122132612915595,22.30419476127734,1.0,0.8534883761910552,2.0786153007421877,0.7509393845018307,1.0,0.8535368725933806,0.7404233887465743,4.015185694945147,1.0,0.859053502185207,0.73121011698884,1.7806296216656712,1.0,0.8462077296731478,0.836834919930884,81.89573037139975,1.0,0.8661022167319047,0.7274447726320709,1.1224970875552163,1.0,0.8542006882809382,0.7289042537496423,2.9172204418896057,1.0,0.8585197751857677,0.7218372359611567,1.7331758205073153,1.0,0.8462077296731478,0.836834919930884,81.89573037139975,1.0,0.8612384422551216,0.7199467482072496,1.4217124373668641,0.6966171506123793,0.847639110969911,,1.0,0.1422789802361082,0.12214717214333122,0.14014895117915477,block_C_real,0.4593240672736788,False,,,,,,,4.0,0.05,0.19377997437724143,0.18351783785294287,P-MULTNOISE,6.0,8.8,0.0,0.0,0.0,0.0,3.875770652526068,1.301513473896581,0.914713035474256,0.39150473022832155,9.899677713384863,3.324387608644094,0,R-NOISE,0.2,nan,0.08122944562945515,0.14530638006145682,0.284277516472505,nan,0.04666652184798394,0.1515853360871876,0.31508507280047016,nan,0.03351194353152953,0.11965176308220005,0.8663131197889414,nan,0.09264596621315377,0.2244302788030337,1.025254643495904,0.9512294245007137,0.1672084166964426,0.21719536159781205,0.16229185689562475,0.9264283346163484,0.7715217196024267,0.7252123974848919,0.7760765599107401,named_substreams,,S5,0.88723321542032,15680241294498261983,4.0,1.0,1.0,1.5095239682642807,0.7407254128088158,True,10.0,V3_SMOKE,0.9512294245007137,nan,0.0379569345096544,0.75,1225.0180259501012,orthogonal_v3,19.99999999999986,0.45794227805910176,path5,0.0,,0.9269735413777658,0.45919970754783074,,,0.7999999999999999,0.7999999999999999,0.7999999999999999,1.0,1.0,1.0
0.12961387591566767,0.20733483502867944,0.12961387591566767,0.15712741725818102,0.1552059965806979,1.0348589917975577,0.4703700100071652,nan,11.438684500098745,20.680874682409122,10.231835319575369,False,True,-0.5367239920927013,C,0,160,4,0.2,C_REAL_GHIGH,0.0,9.526910257936132,23.576623344918524,0.3,,,9.737012750942874,1.0,0.5688357524644578,0.4855931233197567,0.5209754636119033,1.0,0.7229762088913972,0.6109888388857734,0.6270786582022522,1.0,0.5549849170478246,0.4688882194419419,0.5834170466622827,1.0,0.5609976888028196,0.464481970713205,0.5966854347756542,nan,0.0,False,0.923076923076923,0.0,0.0,1.0,0.25,0.8571428571428571,1.0,6.0,0.18658481212332845,ESTIMATED,ESTIMATED,ESTIMATED,ESTIMATED,ESTIMATED,ESTIMATED,ESTIMATED,ESTIMATED,1.0,1.0,1.0,1.0,1.0,1.0,1.0,1.0,1.0,1.0,HIGH,False,REALISTIC,108.0,108.0,108.0,0.0,3.0,0.0,12.0,2.0,0.12435362958453097,0.20233327585155153,0.1348750474352658,,EVALUATED,OK,OK,OK,12.0,12.0,12.0,0.0,0.0,0.0,0.0,16.16731710811726,16.84084999126366,15.969861575680845,16.757480057251918,15.93478393465235,74.82228824948237,0.1,0.8730444847143335,74.0,74.0,57.0,74.0,MED,0.8353898092705564,6.0,8.8,4.0,6.0,9.0,8.0,5,5.0,5.0,5.0,5.0,73.0,55.2,129,6.0,1.9135646481253326,1.0,0.7764975602797434,0.7042841261451087,0.47337233587877864,1.0,0.7829896093723436,0.6195218332852072,0.5879033319574685,1.0,0.7706883614671197,0.79411245187019,17.38344329036988,1.0,0.7921531145249728,0.5351869324982604,0.7036011724961172,1.0,0.9128429654699968,0.6771362059054182,0.6036109423426187,1.0,0.9152713503386607,0.5603973231606328,0.7412964345191553,1.0,0.8886446980219707,0.9013529333803723,9.570923612000456,1.0,0.9186270087960267,0.523344243865956,0.8268537256813824,1.0,0.8853215415389719,2.3541673179078164,0.6261470732632395,1.0,0.8799460147437598,1.6848331172656301,0.7703239454311841,1.0,0.8679230207967746,0.8763493660354059,33.719042825490355,1.0,0.8758100057154341,1.1676606730499022,0.8455237812845071,1.0,0.8860956922097353,2.34906076974783,0.8217875677007107,1.0,0.8838091821991438,1.4993409622209835,0.8527537746802674,1.0,0.8679230207967746,0.8763493660354059,33.719042825490355,1.0,0.8830002252469065,1.127848538113398,0.8625685319556963,0.8288481079178442,0.8994206557208626,,1.0,0.1293091465224682,0.15845098474929192,0.12266177350651261,block_C_real,0.46641270665463497,False,,,,,,,7.0,0.05,0.17967692811871883,0.1605981860002596,P-MULTNOISE,6.0,8.8,0.0,0.0,0.0,0.0,3.394157578465429,1.1491536174796304,0.8730444847143335,0.345459639690406,9.825048105495638,3.326448260379936,0,R-NOISE,0.2,nan,0.025170298635482275,0.05624748753760124,0.3067826252877291,nan,0.02512084646263188,0.10415782061857903,0.4275599705967069,nan,0.04530436281139671,0.07344315424472089,0.4339353819651306,nan,0.10893638391100925,0.17665144257539558,0.8734013337092066,0.951229424500714,0.1918960122421789,0.10889119423194438,0.14248800391552352,0.7519273336724636,0.6076354768448236,0.6700490683332273,0.6447867088079524,named_substreams,,S5,0.8853716147222395,6102701586134898939,0.5,1.0,1.0,1.5392424213044236,0.6808422260670237,True,10.0,V3_SMOKE,0.951229424500714,nan,0.06159496209247269,0.923076923076923,1149.6322950990623,orthogonal_v3,20.0,0.4598180310965823,path5,0.0,,0.8927289342033605,0.46516722242586434,,,0.8999999999999998,0.8999999999999998,0.8999999999999998,0.5,1.0,0.5
0.08041796305718665,0.11043426604474745,0.08041796305718665,0.19778876385456634,0.175511191928026,1.0351274577180154,0.4894161121941593,nan,9.65998603420578,23.062591057974263,11.87471950636268,False,True,-0.5628982681023162,C,0,160,4,0.2,C_REAL_GHIGH,0.0,9.122324620754707,23.292875896075536,0.3,,,12.63866226506558,1.0,0.6635045709272457,0.5293457621237813,0.6028418228819687,1.0,0.6808817428404466,0.4077347325388847,0.618145621971921,1.0,0.6808817428404466,0.4077347325388847,0.618145621971921,1.0,0.6906500743627272,0.3924040656952193,0.6312237341132345,nan,0.0,False,0.8333333333333334,1.0,0.16666666666666666,1.0,0.25,0.8333333333333334,0.8333333333333334,5.0,0.19965902203693986,ESTIMATED,ESTIMATED,ESTIMATED,ESTIMATED,ESTIMATED,ESTIMATED,ESTIMATED,ESTIMATED,1.0,1.0,1.0,1.0,1.0,1.0,1.0,1.0,1.0,1.0,HIGH,False,REALISTIC,108.0,108.0,108.0,0.0,5.0,0.0,12.0,2.0,0.45876616129169945,0.18899974287219468,0.4004745428273062,,EVALUATED,OK,OK,OK,12.0,12.0,12.0,0.0,0.0,0.0,0.0,17.04563042331614,18.310162534730956,18.615325027850087,18.218095123909848,15.14755716039962,65.61629049294515,0.1,0.8730444847143335,72.0,72.0,56.0,72.0,MED,0.8353898092705564,6.0,8.8,4.0,6.0,9.0,8.0,5,5.0,5.0,5.0,5.0,72.2,56.4,129,6.0,1.9214512370551422,1.0,0.8118704808201553,0.7135714776096835,0.7142443676090297,1.0,0.8212088072569405,0.660182735420735,0.70946137757031,1.0,0.8013836857015025,0.7945111126497164,21.154564575950193,1.0,0.8329296227640108,0.6010139398961918,0.7433676127702524,1.0,0.9107301000209247,0.49441223990548344,0.8059829895710389,1.0,0.9091786944504114,0.3984496948960557,0.8066351883380249,1.0,0.8931044096577317,0.883977047692966,15.652616033856651,1.0,0.9085235096895108,0.3287419149165075,0.8434335559746385,1.0,0.9107301000209247,0.49441223990548344,0.8059829895710389,1.0,0.9091786944504114,0.3984496948960557,0.8066351883380249,1.0,0.8931044096577317,0.883977047692966,15.652616033856651,1.0,0.9085235096895108,0.3287419149165075,0.8434335559746385,1.0,0.910949766620454,0.4573512645395691,0.8480801208029212,1.0,0.9104614640194484,0.3744574170835248,0.8497541020859163,1.0,0.8931044096577317,0.883977047692966,15.652616033856651,1.0,0.9105116133982133,0.33059087640530044,0.8561498824716447,0.8124877292737146,0.9185887135477596,,1.0,0.1761857555299735,0.18477938048423811,0.1811959049681048,block_C_real,0.5525530368845247,False,,,,,,,6.0,0.05,0.19720421890051404,0.19122471614462294,P-MULTNOISE,6.0,8.8,0.0,0.0,0.0,0.0,3.4158825780520616,1.0964200479276993,0.8730444847143335,0.33531282827940556,10.187151489491225,3.2698422352457306,0,R-NOISE,0.2,nan,0.04349811353867559,0.10519673076742045,0.5512272713547874,nan,0.01878491551955377,0.06014749368338993,0.6518218501131536,nan,0.01878491551955377,0.06014749368338993,0.6518218501131536,nan,0.044463935992019345,0.11647004837975683,0.9125596523618317,0.951229424500714,0.2923937341642474,0.402050807183442,0.30004884556195677,0.988750574482631,0.6996461018526097,0.5912226079087972,0.6920771060603961,named_substreams,,S5,0.8969737080253568,690142011409778331,0.5,1.0,1.0,1.5699296772505262,0.7073870152114858,True,10.0,V3_SMOKE,0.951229424500714,nan,0.07224913867354789,0.8333333333333334,1169.5048290374384,orthogonal_v3,20.0,0.5016415904490709,path5,0.0,,0.8975671422675255,0.5535202620898441,,,0.3,0.3,0.39999999999999997,0.5,0.5,0.5
0.05394248370872642,0.08595399332571257,0.02170557163017652,0.13856283232159045,0.134736331572485,1.038010867526975,0.5439811849811768,nan,12.428391128324694,21.716791715724476,10.601585990358377,False,True,-0.5025872010677916,C,0,160,4,0.2,C_REAL_GHIGH,0.0,9.51796847236758,19.97872977746491,0.3,,,9.944993288879077,1.0,0.7155249333295226,0.5640249212863113,0.6939407492975104,1.0,0.7190654170974465,0.5173551120436567,0.6709710134447935,1.0,0.712703131788168,0.6012212335102906,0.7122478621900804,1.0,0.7258888165200651,0.6032063363544379,0.7270497657204185,nan,0.0,False,0.8333333333333334,1.0,0.16666666666666666,1.0,0.25,0.8333333333333334,0.8333333333333334,5.0,0.1871860979590565,ESTIMATED,ESTIMATED,ESTIMATED,ESTIMATED,ESTIMATED,ESTIMATED,ESTIMATED,ESTIMATED,1.0,1.0,1.0,1.0,1.0,1.0,1.0,1.0,1.0,1.0,HIGH,False,REALISTIC,108.0,108.0,108.0,0.0,7.0,0.0,12.0,2.0,0.16177500674237255,0.16678801589544606,0.15201508908002262,,EVALUATED,OK,OK,OK,12.0,12.0,12.0,0.0,0.0,0.0,0.0,16.470126450458395,17.087958967016107,17.25357857526413,16.92625319715337,16.69105065837033,51.32212930004464,0.1,0.8730444847143335,75.0,75.0,56.0,75.0,MED,0.8353898092705564,6.0,8.8,4.0,6.0,9.0,8.0,5,5.0,5.0,5.0,5.0,75.2,57.4,129,6.0,1.9536636068023348,1.0,0.8247584339065224,1.3145277719469914,2.833780050069611,1.0,0.8420651542655193,1.0316787436489676,1.285746669052041,1.0,0.7969180818732442,0.7766139177323721,346.9328778529997,1.0,0.85981712052304,0.7464127916107705,0.9390874132405207,1.0,0.8710988398288911,1.406093350210331,1.9905543784160151,1.0,0.8757113100237192,1.1082457699280355,1.1226579990962673,1.0,0.8692341974398066,0.8521158793477059,195.07202123901638,1.0,0.8817802169366032,0.8154676239365806,0.9077912910951852,1.0,0.9123039691461144,0.6472786031735132,9.68872687816847,1.0,0.9136949528385575,0.658580828245342,2.2919941108901782,1.0,0.8899427049150568,0.8839418784078066,230.36322127895025,1.0,0.9160306091905976,0.5507107086542812,1.1124207082221331,1.0,0.9124012699167752,0.7215390250802514,5.072040135500133,1.0,0.9136147551163653,0.6592951896658932,1.6936615359908067,1.0,0.8899427049150568,0.8839418784078066,230.36322127895025,1.0,0.9144832494262758,0.5627330642044959,1.1846438746397552,0.8052296289232025,0.9161816657079569,,1.0,0.14864497280577446,0.14007472287743108,0.1483657344779108,block_C_real,0.4611819093745466,False,,,,,,,6.0,0.05,0.19394810060796205,0.1837295743294168,P-MULTNOISE,6.0,8.8,0.0,0.0,0.0,0.0,3.3030375001846615,1.13658076980546,0.8730444847143335,0.33123291217175704,9.971948374719204,3.4313642396021895,0,R-NOISE,0.2,nan,0.09496687045407406,0.0927967832149867,0.6064215482141,nan,0.036272530264654074,0.10414347812904703,0.607667808291928,nan,0.013668430961864958,0.07967201712850255,1.0143138539753171,nan,0.047188567795991045,0.17687844586867568,1.17472593301011,0.951229424500714,0.13911448931452575,0.25042433793314667,0.1325299295045601,0.8536278462812525,0.7348758443811776,0.639858658034972,0.7404966079904687,named_substreams,,S5,0.8815940303022923,15680241294498261983,4.0,1.0,1.0,1.5444416834662624,0.8108996779286048,True,10.0,V3_SMOKE,0.951229424500714,nan,0.050222300438959665,0.8333333333333334,1224.8060992195512,orthogonal_v3,20.0,0.45899301259068254,path5,0.0,,0.9269735413777658,0.46089075272918995,,,0.8999999999999998,0.8999999999999998,0.8999999999999998,1.0,1.0,1.0
0.1912151051912076,,-0.1912151051912076,0.15655368707308293,,1.204639203114369,0.16689470421556082,nan,0.0,12.667428081028808,12.667428081028808,False,True,-1.4056871066046104,D,0,160,4,0.2,D_PE_RE_R0,0.0,14.147622081193136,,0.0,-0.0230886145137085,0.9631922749754321,12.667428081028808,,,,,,,,,1.0,0.28509986979794033,,,1.0,0.3269529699333968,,,,,False,,,,,,,,,0.029872327810153365,ESTIMATED,ESTIMATED,model_not_applicable,model_not_applicable,ESTIMATED,ESTIMATED,NOT_ESTIMABLE,NOT_ESTIMABLE,1.0,1.0,0.0,0.0,,,1.0,1.0,nan,nan,MED,True,,,,,,,,,,,,,model_not_applicable,NOT_ESTIMABLE,,,,,,,,,,,19.07243470232173,20.8476336564528,nan,nan,35.88060992869156,,0.1,0.951229424500714,70.0,70.0,0.0,0.0,MED,0.951229424500714,7.0,,4.0,7.0,,,1,1.0,1.0,0.0,0.0,70.0,,129,,0.0,,,,,,,,,,,,,,,,,,,,,,,,,,,,,,,,,1.0,0.07310276644717159,,,1.0,0.1693727381038296,,,1.0,0.16665310310098388,,,1.0,0.33061229737114584,,,1.0,0.20247556559836322,,,1.0,0.28973194386020457,,,1.0,0.16665310310098388,,,1.0,0.3386705680288424,,,0.273473927493088,0.16845139126432393,,1.0,,,,block_D,1.0,False,0.05631039954844101,0.05631039954844101,1.0,0.0,0.032860322612379964,0.30526787421338747,,0.05,0.13620953307092756,,P-EXACT,7.0,,0.0,,0.0,,5.36565403377796,1.4559344524839033,0.951229424500714,0.5371383094428899,9.989334105294256,2.7105392166013482,0,R-EXACT,0.0,,,,,,,,,nan,0.11390812121969306,,,nan,0.29046024329326137,,,0.951229424500714,0.30557098668420113,nan,nan,1.100988193356049,0.7645581447845851,nan,nan,named_substreams,1.0,S8,0.9263727953093923,6102701586134898939,nan,nan,1.0,1.0845185103294037,,True,10.0,V3_SMOKE,0.951229424500714,nan,,,1136.020455131798,orthogonal_v3,20.0,1.0,single,,9.28986236119238,1.0,1.0,,16.3279279205282,,,,,,
0.3116432631848778,,-0.3116432631848778,0.2551519235590347,,1.204457136929259,0.5037075300846007,nan,0.0,5.930859018243806,5.930859018243806,False,True,-1.8111512664646656,D,0,160,4,0.2,D_PE_RE_R0,0.0,14.889708314528319,,0.0,-0.05419067503384789,0.9471182611699405,5.930859018243806,,,,,,,,,1.0,0.27619238764223625,,,1.0,0.32595003544826406,,,,,False,,,,,,,,,0.059269811026751995,ESTIMATED,ESTIMATED,model_not_applicable,model_not_applicable,ESTIMATED,ESTIMATED,NOT_ESTIMABLE,NOT_ESTIMABLE,1.0,1.0,0.0,0.0,,,1.0,1.0,nan,nan,MED,True,,,,,,,,,,,,,model_not_applicable,NOT_ESTIMABLE,,,,,,,,,,,18.053225566775396,19.25708233926772,nan,nan,44.34730869420173,,0.1,0.951229424500714,64.0,64.0,0.0,0.0,MED,0.951229424500714,7.0,,4.0,7.0,,,1,1.0,1.0,0.0,0.0,64.0,,129,,0.0,,,,,,,,,,,,,,,,,,,,,,,,,,,,,,,,,1.0,0.18205251680357712,,,1.0,0.18193570887687846,,,1.0,0.5031689735777142,,,1.0,0.3982147572005076,,,1.0,0.3906525359550771,,,1.0,0.45963248830183917,,,1.0,0.5031689735777142,,,1.0,0.497305425105,,,0.3947383321471359,0.5054618491249826,,1.0,,,,block_D,1.0,False,0.28042744627140204,0.28042744627140204,1.0,0.0,0.13390341669712078,1.2439443108096417,,0.05,0.06066463507620149,,P-EXACT,7.0,,0.0,,0.0,,5.606891211828571,1.4855014913703364,0.951229424500714,0.5335381989721452,10.508884317243224,2.784245803266077,0,R-EXACT,0.0,,,,,,,,,nan,0.17922830229765363,,,nan,0.436293561365962,,,0.951229424500714,0.25952004787795935,nan,nan,0.8887097579226804,0.6580717589969767,nan,nan,named_substreams,1.0,S8,0.9298056874999399,690142011409778331,nan,nan,1.0,0.9712104392945561,,True,10.0,V3_SMOKE,0.951229424500714,nan,,,1066.0267909693616,orthogonal_v3,20.0,1.0,single,,9.289862361192382,1.0,1.0,,10.825950081295357,,,,,,
0.24924796666062726,,-0.24924796666062726,0.20406697544721109,,1.204557082569592,0.12013198967552927,nan,0.0,11.89417954889932,11.89417954889932,False,True,-1.059851243562756,D,0,160,4,0.2,D_PE_RE_R0,0.0,11.56081478811154,,0.0,-0.013107975632137435,0.9395563680555279,11.89417954889932,,,,,,,,,1.0,0.5228848414247337,,,1.0,0.553807202643088,,,,,False,,,,,,,,,0.03117791097611189,ESTIMATED,ESTIMATED,model_not_applicable,model_not_applicable,ESTIMATED,ESTIMATED,NOT_ESTIMABLE,NOT_ESTIMABLE,1.0,1.0,0.0,0.0,,,1.0,1.0,nan,nan,MED,True,,,,,,,,,,,,,model_not_applicable,NOT_ESTIMABLE,,,,,,,,,,,17.296372890152384,17.212706631005318,nan,nan,26.40345433761271,,0.1,0.951229424500714,80.0,80.0,0.0,0.0,MED,0.951229424500714,7.0,,4.0,7.0,,,1,1.0,1.0,0.0,0.0,80.0,,129,,0.0,,,,,,,,,,,,,,,,,,,,,,,,,,,,,,,,,1.0,0.309000582668404,,,1.0,0.41264440159232174,,,1.0,0.12037413139927063,,,1.0,0.5299942723954997,,,1.0,0.36626016910077247,,,1.0,0.4506214422729942,,,1.0,0.12037413139927063,,,1.0,0.4882421575011601,,,0.33601613927788754,0.11906938929088502,,1.0,,,,block_D,1.0,False,0.09705892595513216,0.09705892595513216,1.0,0.0,0.05130266202697012,0.47659466899332337,,0.05,0.10983147605303006,,P-EXACT,7.0,,0.0,,0.0,,5.387574515374566,1.2154424546240428,0.951229424500714,0.5862813679038978,9.189400875276814,2.0731384641636366,0,R-EXACT,0.0,,,,,,,,,nan,0.14623441968283632,,,nan,0.3644127992217867,,,0.951229424500714,0.14606399830554606,nan,nan,1.0631476658445809,0.9078600669821127,nan,nan,named_substreams,1.0,S8,0.9491041673274374,15680241294498261983,nan,nan,1.0,1.3724057393283753,,True,10.0,V3_SMOKE,0.951229424500714,nan,,,1224.387137485759,orthogonal_v3,20.0,1.0,single,,9.289862361192382,1.0,1.0,,8.935005736534666,,,,,,
0.15499686411882013,,-0.15499686411882013,0.12690069928472725,,1.204639203114369,0.14145331112683662,nan,0.0,12.653015295181586,12.653015295181586,False,True,-1.3750394071080903,D,0,160,4,0.2,D_PE_RE_R3,0.0,14.949121309611142,,0.3,0.267691066353829,0.9631922749754321,12.653015295181586,,,,,,,,,1.0,0.24078890985998247,,,1.0,0.28089540425142506,,,,,False,,,,,,,,,0.03006620006635785,ESTIMATED,ESTIMATED,model_not_applicable,model_not_applicable,ESTIMATED,ESTIMATED,NOT_ESTIMABLE,NOT_ESTIMABLE,1.0,1.0,0.0,0.0,,,1.0,1.0,nan,nan,MED,True,,,,,,,,,,,,,model_not_applicable,NOT_ESTIMABLE,,,,,,,,,,,18.315413559248388,19.883668312760637,nan,nan,35.86287707653502,,0.1,0.951229424500714,70.0,70.0,0.0,0.0,MED,0.951229424500714,7.0,,4.0,7.0,,,1,1.0,1.0,0.0,0.0,70.0,,129,,0.0,,,,,,,,,,,,,,,,,,,,,,,,,,,,,,,,,1.0,0.05789042823286496,,,1.0,0.1368611548023704,,,1.0,0.14121697755602705,,,1.0,0.2821907264993896,,,1.0,0.16437598634920467,,,1.0,0.2418895965986071,,,1.0,0.14121697755602705,,,1.0,0.28982585670929795,,,0.23003081034514325,0.14298095184359777,,1.0,,,,block_D,1.0,False,0.06454483288305156,0.06454483288305156,1.0,0.0,0.04014709875077313,0.3729610215958809,,0.05,0.13975444722300084,,P-EXACT,7.0,,0.0,,0.0,,4.642716231487332,1.4559492387934538,0.951229424500714,0.4627998190383824,10.031802175580122,3.145958963032145,0,R-EXACT,0.0,,,,,,,,,nan,0.09298031766099607,,,nan,0.24074491784397586,,,0.951229424500714,0.35827476473159137,nan,nan,1.044254523824424,0.6701244799813286,nan,nan,named_substreams,1.0,S8,0.9016559277504426,6102701586134898939,nan,nan,1.0,1.0748179134069997,,True,10.0,V3_SMOKE,0.951229424500714,nan,,,1144.0756273177346,orthogonal_v3,20.0,1.0,single,,9.28986236119238,1.0,1.0,,16.33214392156972,,,,,,
0.251713564600754,,-0.251713564600754,0.20608563630551857,,1.204457136929259,0.43852965471313726,nan,0.0,5.935555069046901,5.935555069046901,False,True,-1.7326473093036208,D,0,160,4,0.2,D_PE_RE_R3,0.0,15.064799926757026,,0.3,0.18753806547041438,0.9471182611699405,5.935555069046901,,,,,,,,,1.0,0.22384952292062482,,,1.0,0.27430994939050585,,,,,False,,,,,,,,,0.029449024004861712,ESTIMATED,ESTIMATED,model_not_applicable,model_not_applicable,ESTIMATED,ESTIMATED,NOT_ESTIMABLE,NOT_ESTIMABLE,1.0,1.0,0.0,0.0,,,1.0,1.0,nan,nan,MED,True,,,,,,,,,,,,,model_not_applicable,NOT_ESTIMABLE,,,,,,,,,,,17.047787458345134,18.214096986306025,nan,nan,44.09994139175144,,0.1,0.951229424500714,64.0,64.0,0.0,0.0,MED,0.951229424500714,7.0,,4.0,7.0,,,1,1.0,1.0,0.0,0.0,64.0,,129,,0.0,,,,,,,,,,,,,,,,,,,,,,,,,,,,,,,,,1.0,0.17463562996521004,,,1.0,0.14729998340865205,,,1.0,0.4380144418207386,,,1.0,0.3436933207759434,,,1.0,0.3279551272271077,,,1.0,0.3891329598023653,,,1.0,0.4380144418207386,,,1.0,0.4297861466965194,,,0.3384956532157506,0.4402096427114452,,1.0,,,,block_D,1.0,False,0.2401079506235925,0.2401079506235925,1.0,0.0,0.12639367105288413,1.1741798074071195,,0.05,0.06061800715590208,,P-EXACT,7.0,,0.0,,0.0,,4.862253792305693,1.4855026393100426,0.951229424500714,0.45785127970577655,10.619723058173529,3.2445090909534056,0,R-EXACT,0.0,,,,,,,,,nan,0.1475734694416349,,,nan,0.36740057221697214,,,0.951229424500714,0.31999752391384684,nan,nan,0.8405465379120917,0.571573727045866,nan,nan,named_substreams,1.0,S8,0.9066591808119671,690142011409778331,nan,nan,1.0,1.002050551476151,,True,10.0,V3_SMOKE,0.951229424500714,nan,,,1049.6927358763828,orthogonal_v3,20.0,1.0,single,,9.289862361192382,1.0,1.0,,10.924347344294924,,,,,,
0.19808693555101778,,-0.19808693555101778,0.16217986591859446,,1.204557082569592,0.10315836842377342,nan,0.0,11.894987535082116,11.894987535082116,False,True,-1.0802969392584123,D,0,160,4,0.2,D_PE_RE_R3,0.0,12.11513300687711,,0.3,0.24285153797977685,0.9395563680555279,11.894987535082116,,,,,,,,,1.0,0.4587938613912433,,,1.0,0.4909714021080926,,,,,False,,,,,,,,,0.0309415680821985,ESTIMATED,ESTIMATED,model_not_applicable,model_not_applicable,ESTIMATED,ESTIMATED,NOT_ESTIMABLE,NOT_ESTIMABLE,1.0,1.0,0.0,0.0,,,1.0,1.0,nan,nan,MED,True,,,,,,,,,,,,,model_not_applicable,NOT_ESTIMABLE,,,,,,,,,,,16.032125182817218,15.999355207160765,nan,nan,25.160951279581226,,0.1,0.951229424500714,80.0,80.0,0.0,0.0,MED,0.951229424500714,7.0,,4.0,7.0,,,1,1.0,1.0,0.0,0.0,80.0,,129,,0.0,,,,,,,,,,,,,,,,,,,,,,,,,,,,,,,,,1.0,0.26014924256267163,,,1.0,0.35271123042452485,,,1.0,0.10340518132757827,,,1.0,0.4651128028962026,,,1.0,0.3090706527784629,,,1.0,0.38879340834392,,,1.0,0.10340518132757827,,,1.0,0.428224284708283,,,0.28131765931711494,0.10208035180686616,,1.0,,,,block_D,1.0,False,0.07197690890401892,0.07197690890401892,1.0,0.0,0.04150439210795676,0.38557009006787746,,0.05,0.11493191604427634,,P-EXACT,7.0,,0.0,,0.0,,4.618113965216148,1.2154385313649618,0.951229424500714,0.5117519146407317,9.024126404017913,2.375054194410281,0,R-EXACT,0.0,,,,,,,,,nan,0.11781523759307048,,,nan,0.2995837329748265,,,0.951229424500714,0.17449355484674967,nan,nan,0.9860338103645276,0.8139772655949353,nan,nan,named_substreams,1.0,S8,0.9307313525245402,15680241294498261983,nan,nan,1.0,1.3726275913928547,,True,10.0,V3_SMOKE,0.951229424500714,nan,,,1238.2834136458555,orthogonal_v3,20.0,1.0,single,,9.289862361192377,1.0,1.0,,8.937871885726743,,,,,,
0.16045382198655303,,-0.16045382198655303,0.131368478509291,,1.204639203114369,0.17214102079096708,nan,0.0,12.158366282387474,12.158366282387474,False,True,-1.4120070252232935,D,0,160,4,0.2,D_PE_RN_R0,0.0,10.501752136872677,,0.0,-0.0230886145137085,0.9482179917615057,12.158366282387474,,,,,,,,,1.0,0.2302121063817717,,,1.0,0.27162202273081,,,,,False,,,,,,,,,0.02943436405621469,ESTIMATED,ESTIMATED,model_not_applicable,model_not_applicable,ESTIMATED,ESTIMATED,NOT_ESTIMABLE,NOT_ESTIMABLE,1.0,1.0,0.0,0.0,,,1.0,1.0,nan,nan,MED,True,,,,,,,,,,,,,model_not_applicable,NOT_ESTIMABLE,,,,,,,,,,,19.07243470232173,19.98578126454826,nan,nan,18.229923091263807,,0.1,0.951229424500714,70.0,70.0,0.0,0.0,MED,0.951229424500714,7.0,,4.0,7.0,,,1,1.0,1.0,0.0,0.0,70.0,,129,,0.0,,,,,,,,,,,,,,,,,,,,,,,,,,,,,,,,,1.0,0.06058248091555981,,,1.0,0.12730087222295508,,,1.0,0.17189833344647798,,,1.0,0.27951320539347696,,,1.0,0.17201333291245605,,,1.0,0.24698662911163335,,,1.0,0.17189833344647798,,,1.0,0.29485122220728854,,,0.23680962657339968,0.17370385370372363,,1.0,,,,block_D,1.0,False,0.37160425004952014,0.37160425004952014,1.0,1.0,0.22890572794036732,2.1265027062545614,,0.05,0.13073572501347497,,P-EXACT,7.0,,0.0,,0.0,,5.36565403377796,1.4559344524839033,0.951229424500714,0.5371383094428899,9.989334105294256,2.7105392166013482,0,R-NOISE,0.2,,,,,,,,,nan,0.09616869730001816,,,nan,0.24840986084737823,,,0.951229424500714,0.1914420316167882,nan,nan,1.100988193356049,0.8902127768338698,nan,nan,named_substreams,1.0,S8,0.9263727953093923,6102701586134898939,nan,nan,1.0,1.4507827493573722,,True,10.0,V3_SMOKE,0.951229424500714,nan,,,1134.5540213071527,orthogonal_v3,20.0,1.0,single,,9.28986236119238,1.0,1.0,,14.168874979348658,,,,,,
0.3282799469048624,,-0.3282799469048624,0.2687728881498179,,1.204457136929259,0.6032979369341891,nan,0.0,6.046164507374546,6.046164507374546,False,True,-1.9311036427643409,D,0,160,4,0.2,D_PE_RN_R0,0.0,14.736487483694281,,0.0,-0.05419067503384789,0.9410314595954148,6.046164507374546,,,,,,,,,1.0,0.2509280400999015,,,1.0,0.3029497611577277,,,,,False,,,,,,,,,0.02953560510650277,ESTIMATED,ESTIMATED,model_not_applicable,model_not_applicable,ESTIMATED,ESTIMATED,NOT_ESTIMABLE,NOT_ESTIMABLE,1.0,1.0,0.0,0.0,,,1.0,1.0,nan,nan,MED,True,,,,,,,,,,,,,model_not_applicable,NOT_ESTIMABLE,,,,,,,,,,,18.053225566775396,19.109431094568695,nan,nan,42.943817787716014,,0.1,0.951229424500714,64.0,64.0,0.0,0.0,MED,0.951229424500714,7.0,,4.0,7.0,,,1,1.0,1.0,0.0,0.0,64.0,,129,,0.0,,,,,,,,,,,,,,,,,,,,,,,,,,,,,,,,,1.0,0.2334524632797181,,,1.0,0.18704312249614508,,,1.0,0.6027237118810199,,,1.0,0.40288928624556297,,,1.0,0.44588284467007033,,,1.0,0.5032235086564509,,,1.0,0.6027237118810199,,,1.0,0.5365109523284594,,,0.4090685003637614,0.6051663266121948,,1.0,,,,block_D,1.0,False,0.4382378226551335,0.4382378226551335,1.0,1.0,0.20384122084552014,1.8936568851923017,,0.05,0.0618440536728814,,P-EXACT,7.0,,0.0,,0.0,,5.606891211828571,1.4855014913703364,0.951229424500714,0.5335381989721452,10.508884317243224,2.784245803266077,0,R-NOISE,0.2,,,,,,,,,nan,0.18770762748221428,,,nan,0.4541915629803811,,,0.951229424500714,0.08849634508657922,nan,nan,0.8887097579226804,0.8100621925037446,nan,nan,named_substreams,1.0,S8,0.9298056874999399,690142011409778331,nan,nan,1.0,0.9761148300047622,,True,10.0,V3_SMOKE,0.951229424500714,nan,,,1063.7634140516566,orthogonal_v3,20.0,1.0,single,,9.289862361192382,1.0,1.0,,10.30614294011935,,,,,,
0.2589561906000934,,-0.2589561906000934,0.2120153969442199,,1.204557082569592,0.10375170767047523,nan,0.0,11.899462713330507,11.899462713330507,False,True,-1.0795822282664311,D,0,160,4,0.2,D_PE_RN_R0,0.0,10.856205306312411,,0.0,-0.013107975632137435,0.9168627440067649,11.899462713330507,,,,,,,,,1.0,0.5232982821901802,,,1.0,0.554561995945428,,,,,False,,,,,,,,,0.031030148966237903,ESTIMATED,ESTIMATED,model_not_applicable,model_not_applicable,ESTIMATED,ESTIMATED,NOT_ESTIMABLE,NOT_ESTIMABLE,1.0,1.0,0.0,0.0,,,1.0,1.0,nan,nan,MED,True,,,,,,,,,,,,,model_not_applicable,NOT_ESTIMABLE,,,,,,,,,,,17.296372890152384,17.567397174064848,nan,nan,24.60796337575248,,0.1,0.951229424500714,80.0,80.0,0.0,0.0,MED,0.951229424500714,7.0,,4.0,7.0,,,1,1.0,1.0,0.0,0.0,80.0,,129,,0.0,,,,,,,,,,,,,,,,,,,,,,,,,,,,,,,,,1.0,0.30317725316538624,,,1.0,0.41084691145271257,,,1.0,0.10399835728593845,,,1.0,0.5319845150267845,,,1.0,0.36585891336207216,,,1.0,0.4527400617052127,,,1.0,0.10399835728593845,,,1.0,0.4908007788943326,,,0.3457000831577942,0.10267419835145644,,1.0,,,,block_D,1.0,False,0.4672812273941198,0.4672812273941198,1.0,1.0,0.2430364361849526,2.2577750409129256,,0.05,0.10988026106972168,,P-EXACT,7.0,,0.0,,0.0,,5.387574515374566,1.2154424546240428,0.951229424500714,0.5862813679038978,9.189400875276814,2.0731384641636366,0,R-NOISE,0.2,,,,,,,,,nan,0.1514903095593766,,,nan,0.37610556555451546,,,0.951229424500714,0.012837787411747237,nan,nan,1.0631476658445809,1.0494992021231728,nan,nan,named_substreams,1.0,S8,0.9491041673274374,15680241294498261983,nan,nan,1.0,1.4466295387859687,,True,10.0,V3_SMOKE,0.951229424500714,nan,,,1225.3184663460438,orthogonal_v3,20.0,1.0,single,,9.289862361192382,1.0,1.0,,7.298270255576387,,,,,,
0.12446382636478522,,-0.12446382636478522,0.10190236229060778,,1.204639203114369,0.14745220107115015,nan,0.0,12.142320947174918,12.142320947174918,False,True,-1.3822659051101789,D,0,160,4,0.2,D_PE_RN_R3,0.0,11.097986388151297,,0.3,0.267691066353829,0.9482179917615057,12.142320947174918,,,,,,,,,1.0,0.17888233563852696,,,1.0,0.21716914168254417,,,,,False,,,,,,,,,0.030131490901112556,ESTIMATED,ESTIMATED,model_not_applicable,model_not_applicable,ESTIMATED,ESTIMATED,NOT_ESTIMABLE,NOT_ESTIMABLE,1.0,1.0,0.0,0.0,,,1.0,1.0,nan,nan,MED,True,,,,,,,,,,,,,model_not_applicable,NOT_ESTIMABLE,,,,,,,,,,,18.315413559248388,19.04798833324047,nan,nan,18.207513706104987,,0.1,0.951229424500714,70.0,70.0,0.0,0.0,MED,0.951229424500714,7.0,,4.0,7.0,,,1,1.0,1.0,0.0,0.0,70.0,,129,,0.0,,,,,,,,,,,,,,,,,,,,,,,,,,,,,,,,,1.0,0.05157645829991673,,,1.0,0.09299113881515195,,,1.0,0.147214625452972,,,1.0,0.22441150638261673,,,1.0,0.13505847746647304,,,1.0,0.19606161171309663,,,1.0,0.147214625452972,,,1.0,0.24058838033316482,,,0.19048776199055617,0.148986558792823,,1.0,,,,block_D,1.0,False,0.3724670748131172,0.3724670748131172,1.0,1.0,0.24475824314492217,2.2737703905835853,,0.05,0.13411375173338766,,P-EXACT,7.0,,0.0,,0.0,,4.642716231487332,1.4559492387934538,0.951229424500714,0.4627998190383824,10.031802175580122,3.145958963032145,0,R-NOISE,0.2,,,,,,,,,nan,0.0749210401672992,,,nan,0.19673736549665857,,,0.951229424500714,0.2321518330761847,nan,nan,1.044254523824424,0.8018289219204856,nan,nan,named_substreams,1.0,S8,0.9016559277504426,6102701586134898939,nan,nan,1.0,1.437855102689305,,True,10.0,V3_SMOKE,0.951229424500714,nan,,,1142.3905299812827,orthogonal_v3,20.0,1.0,single,,9.28986236119238,1.0,1.0,,14.169642707080824,,,,,,
0.2729772933523564,,-0.2729772933523564,0.22349490495956392,,1.204457136929259,0.5390730370753283,nan,0.0,6.047304521330565,6.047304521330565,False,True,-1.8537475037607691,D,0,160,4,0.2,D_PE_RN_R3,0.0,14.832663255356339,,0.3,0.18753806547041438,0.9410314595954148,6.047304521330565,,,,,,,,,1.0,0.20355410468315574,,,1.0,0.25658484920720326,,,,,False,,,,,,,,,0.03137987293303013,ESTIMATED,ESTIMATED,model_not_applicable,model_not_applicable,ESTIMATED,ESTIMATED,NOT_ESTIMABLE,NOT_ESTIMABLE,1.0,1.0,0.0,0.0,,,1.0,1.0,nan,nan,MED,True,,,,,,,,,,,,,model_not_applicable,NOT_ESTIMABLE,,,,,,,,,,,17.047787458345134,18.057251011370965,nan,nan,42.59644942822506,,0.1,0.951229424500714,64.0,64.0,0.0,0.0,MED,0.951229424500714,7.0,,4.0,7.0,,,1,1.0,1.0,0.0,0.0,64.0,,129,,0.0,,,,,,,,,,,,,,,,,,,,,,,,,,,,,,,,,1.0,0.2291638962340725,,,1.0,0.16220737381832798,,,1.0,0.5385218143261508,,,1.0,0.3561594315063957,,,1.0,0.3885267497253134,,,1.0,0.4390778384238594,,,1.0,0.5385218143261508,,,1.0,0.47508373298083073,,,0.3593185655472929,0.5408678079948656,,1.0,,,,block_D,1.0,False,0.4017304230484004,0.4017304230484004,1.0,1.0,0.20417125044269224,1.89672281472515,,0.05,0.06175927010762085,,P-EXACT,7.0,,0.0,,0.0,,4.862253792305693,1.4855026393100426,0.951229424500714,0.45785127970577655,10.619723058173529,3.2445090909534056,0,R-NOISE,0.2,,,,,,,,,nan,0.15900222491521143,,,nan,0.39265689119776404,,,0.951229424500714,0.1340277247671947,nan,nan,0.8405465379120917,0.7278899978747915,nan,nan,named_substreams,1.0,S8,0.9066591808119671,690142011409778331,nan,nan,1.0,1.0126217448663204,,True,10.0,V3_SMOKE,0.951229424500714,nan,,,1047.5997230433152,orthogonal_v3,20.0,1.0,single,,9.289862361192382,1.0,1.0,,10.359332648337077,,,,,,
0.20782732838815177,,-0.20782732838815177,0.17015462508141654,,1.204557082569592,0.08687300951217207,nan,0.0,11.90031759605343,11.90031759605343,False,True,-1.0999135836775695,D,0,160,4,0.2,D_PE_RN_R3,0.0,10.703516865805105,,0.3,0.24285153797977685,0.9168627440067649,11.90031759605343,,,,,,,,,1.0,0.4604439372800546,,,1.0,0.4931744515532683,,,,,False,,,,,,,,,0.03187173814512789,ESTIMATED,ESTIMATED,model_not_applicable,model_not_applicable,ESTIMATED,ESTIMATED,NOT_ESTIMABLE,NOT_ESTIMABLE,1.0,1.0,0.0,0.0,,,1.0,1.0,nan,nan,MED,True,,,,,,,,,,,,,model_not_applicable,NOT_ESTIMABLE,,,,,,,,,,,16.032125182817218,16.369655161960033,nan,nan,23.289974870808948,,0.1,0.951229424500714,80.0,80.0,0.0,0.0,MED,0.951229424500714,7.0,,4.0,7.0,,,1,1.0,1.0,0.0,0.0,80.0,,129,,0.0,,,,,,,,,,,,,,,,,,,,,,,,,,,,,,,,,1.0,0.2542902771394569,,,1.0,0.35138702008654477,,,1.0,0.0871243041846426,,,1.0,0.4685258706413351,,,1.0,0.3087684878531103,,,1.0,0.3917769872332766,,,1.0,0.0871243041846426,,,1.0,0.43202035429194274,,,0.2922271054770597,0.08578230964352612,,1.0,,,,block_D,1.0,False,0.43815457867272717,0.43815457867272717,1.0,1.0,0.24844179256729226,2.3079900577180523,,0.05,0.11498341623445263,,P-EXACT,7.0,,0.0,,0.0,,4.618113965216148,1.2154385313649618,0.951229424500714,0.5117519146407317,9.024126404017913,2.375054194410281,0,R-NOISE,0.2,,,,,,,,,nan,0.12331753126588908,,,nan,0.3123463055774177,,,0.951229424500714,0.025251502345929766,nan,nan,0.9860338103645276,0.9611349752889417,nan,nan,named_substreams,1.0,S8,0.9307313525245402,15680241294498261983,nan,nan,1.0,1.5390814135824058,,True,10.0,V3_SMOKE,0.951229424500714,nan,,,1239.2191817707105,orthogonal_v3,20.0,1.0,single,,9.289862361192377,1.0,1.0,,7.303338756431454,,,,,,
0.15765825923458202,,-0.15765825923458202,0.12907966531209303,,1.204639203114369,0.44202031536851766,nan,11.500682035093222,22.03370016215294,12.667428081028808,False,True,-0.6721642026484758,D,0,160,4,0.2,D_PM_RE_R0,0.0,13.824046266982675,,0.0,-0.0782918757739984,0.9631922749754321,11.600223104044261,,,,,,,,,1.0,0.6311686373533154,,,1.0,0.6508285833281393,,,,,False,,,,,,,,,0.029244642006233335,ESTIMATED,ESTIMATED,model_not_applicable,model_not_applicable,ESTIMATED,ESTIMATED,NOT_ESTIMABLE,NOT_ESTIMABLE,1.0,1.0,0.0,0.0,,,1.0,1.0,nan,nan,MED,True,,,,,,,,,,,,,model_not_applicable,NOT_ESTIMABLE,,,,,,,,,,,19.07243470232173,20.780478833221824,nan,nan,34.91943672620699,,0.1,0.951229424500714,70.0,70.0,0.0,0.0,MED,0.951229424500714,7.0,,4.0,7.0,,,1,1.0,1.0,0.0,0.0,70.0,,129,,0.0,,,,,,,,,,,,,,,,,,,,,,,,,,,,,,,,,1.0,0.5190905589464204,,,1.0,0.5675799695544179,,,1.0,0.4421358429420264,,,1.0,0.6235427632611593,,,1.0,0.5306502777600173,,,1.0,0.5692502175636119,,,1.0,0.4421358429420264,,,1.0,0.5896254895572429,,,0.2333475143569535,0.4412944971745567,,1.0,,,,block_D,0.5264763983658924,False,-0.05967747121483702,0.05967747121483702,-1.0,0.0,0.036944072568864054,0.3432053492266501,,0.05,0.19700332097866038,,P-MULTNOISE,7.0,,0.0,,0.0,,5.36565403377796,1.4559344524839033,0.951229424500714,0.5371383094428899,9.989334105294256,2.7105392166013482,0,R-EXACT,0.0,,,,,,,,,nan,0.09453683709959097,,,nan,0.24449083684230713,,,0.951229424500714,0.24269035901269187,nan,nan,1.100988193356049,0.8337889734417345,nan,nan,named_substreams,1.0,S8,0.9263727953093923,6102701586134898939,nan,nan,1.0,1.1035075317544247,,True,10.0,V3_SMOKE,0.951229424500714,nan,,,1136.020455131798,orthogonal_v3,20.0,0.5259549977536416,single,,9.28986236119238,0.8315091933719616,0.5241381316190974,,16.20312929025941,,,,,,
0.4468241600974702,,-0.4468241600974702,0.3658286810900386,,1.204457136929259,0.4341576871259548,nan,9.733254973392263,15.360710869251786,5.930859018243806,False,True,-0.6815328121177024,D,0,160,4,0.2,D_PM_RE_R0,0.0,12.243982522349716,,0.0,-0.0016335009837910152,0.9471182611699405,5.779157457051665,,,,,,,,,1.0,0.7818438174836032,,,1.0,0.797557543043805,,,,,False,,,,,,,,,0.034394882852211595,ESTIMATED,ESTIMATED,model_not_applicable,model_not_applicable,ESTIMATED,ESTIMATED,NOT_ESTIMABLE,NOT_ESTIMABLE,1.0,1.0,0.0,0.0,,,1.0,1.0,nan,nan,MED,True,,,,,,,,,,,,,model_not_applicable,NOT_ESTIMABLE,,,,,,,,,,,18.053225566775396,18.585340384315415,nan,nan,27.462435875619796,,0.1,0.951229424500714,64.0,64.0,0.0,0.0,MED,0.951229424500714,7.0,,4.0,7.0,,,1,1.0,1.0,0.0,0.0,64.0,,129,,0.0,,,,,,,,,,,,,,,,,,,,,,,,,,,,,,,,,1.0,0.6279594567140846,,,1.0,0.7101086025287615,,,1.0,0.43436034492567527,,,1.0,0.7819675488552015,,,1.0,0.6612929187785974,,,1.0,0.7146755830849226,,,1.0,0.43436034492567527,,,1.0,0.7330702537510034,,,0.4974706160521352,0.43350736583691035,,1.0,,,,block_D,0.3762298181537978,False,0.37845225019480017,0.37845225019480017,1.0,0.0,0.1476394366695654,1.3715500457442418,,0.05,0.137883674453782,,P-MULTNOISE,7.0,,0.0,,0.0,,5.606891211828571,1.4855014913703364,0.951229424500714,0.5335381989721452,10.508884317243224,2.784245803266077,0,R-EXACT,0.0,,,,,,,,,nan,0.2442371950852834,,,nan,0.5679354576614206,,,0.951229424500714,0.09260654307564986,nan,nan,0.8887097579226804,0.8064094194438634,nan,nan,named_substreams,1.0,S8,0.9298056874999399,690142011409778331,nan,nan,1.0,1.186672460135505,,True,10.0,V3_SMOKE,0.951229424500714,nan,,,1066.0267909693616,orthogonal_v3,20.0,0.3563231765010149,single,,9.289862361192382,0.8775735898407969,0.37862716151137676,,10.925702352785951,,,,,,
0.25862580728791523,,-0.25862580728791523,0.21174490196623585,,1.204557082569592,0.6863337901226786,nan,17.783853336641847,30.39196132327723,11.89417954889932,False,True,-0.3778288546704876,D,0,160,4,0.2,D_PM_RE_R0,0.0,11.309732159962776,,0.0,-0.0033825430802230214,0.9395563680555279,12.251143767767353,,,,,,,,,1.0,0.8330565444601337,,,1.0,0.8440010586863499,,,,,False,,,,,,,,,0.030988730024546385,ESTIMATED,ESTIMATED,model_not_applicable,model_not_applicable,ESTIMATED,ESTIMATED,NOT_ESTIMABLE,NOT_ESTIMABLE,1.0,1.0,0.0,0.0,,,1.0,1.0,nan,nan,MED,True,,,,,,,,,,,,,model_not_applicable,NOT_ESTIMABLE,,,,,,,,,,,17.296372890152384,17.074385085549252,nan,nan,24.555243308779765,,0.1,0.951229424500714,80.0,80.0,0.0,0.0,MED,0.951229424500714,7.0,,4.0,7.0,,,1,1.0,1.0,0.0,0.0,80.0,,129,,0.0,,,,,,,,,,,,,,,,,,,,,,,,,,,,,,,,,1.0,0.7537284969922668,,,1.0,0.7907396112071947,,,1.0,0.6864201117934837,,,1.0,0.8273691552149565,,,1.0,0.7612757643235877,,,1.0,0.7875549773432203,,,1.0,0.6864201117934837,,,1.0,0.7989728217593844,,,0.34537399026042825,0.6859461572425022,,1.0,,,,block_D,0.4031047433054013,False,0.16325429171365302,0.16325429171365302,1.0,0.0,0.08495626387941894,0.7892319981609419,,0.05,0.2199074795725029,,P-MULTNOISE,7.0,,0.0,,0.0,,5.387574515374566,1.2154424546240428,0.951229424500714,0.5862813679038978,9.189400875276814,2.0731384641636366,0,R-EXACT,0.0,,,,,,,,,nan,0.1513121769421435,,,nan,0.3757107896448368,,,0.951229424500714,0.2271669018639335,nan,nan,1.0631476658445809,0.821635704370795,nan,nan,named_substreams,1.0,S8,0.9491041673274374,15680241294498261983,nan,nan,1.0,1.3970601824349838,,True,10.0,V3_SMOKE,0.951229424500714,nan,,,1224.387137485759,orthogonal_v3,20.0,0.4915056884296188,single,,9.289862361192382,0.7835901046857998,0.40077385164884166,,8.881790442731532,,,,,,
0.12132080468126408,,-0.12132080468126408,0.09932907378071809,,1.204639203114369,0.46422979827773647,nan,11.859492726706433,22.181173479723153,12.653015295181586,False,True,-0.6454097888551322,D,0,160,4,0.2,D_PM_RE_R3,0.0,14.406698530700345,,0.3,0.19484170470318876,0.9631922749754321,11.487348024099155,,,,,,,,,1.0,0.6136246007521144,,,1.0,0.6313624859746546,,,,,False,,,,,,,,,0.029847297118976712,ESTIMATED,ESTIMATED,model_not_applicable,model_not_applicable,ESTIMATED,ESTIMATED,NOT_ESTIMABLE,NOT_ESTIMABLE,1.0,1.0,0.0,0.0,,,1.0,1.0,nan,nan,MED,True,,,,,,,,,,,,,model_not_applicable,NOT_ESTIMABLE,,,,,,,,,,,18.315413559248388,19.807966273677657,nan,nan,34.96896671369659,,0.1,0.951229424500714,70.0,70.0,0.0,0.0,MED,0.951229424500714,7.0,,4.0,7.0,,,1,1.0,1.0,0.0,0.0,70.0,,129,,0.0,,,,,,,,,,,,,,,,,,,,,,,,,,,,,,,,,1.0,0.5220648533362556,,,1.0,0.5601429991346694,,,1.0,0.4643407274621999,,,1.0,0.6056670044978417,,,1.0,0.5300001478032351,,,1.0,0.5605418589808702,,,1.0,0.4643407274621999,,,1.0,0.5778389082469673,,,0.18625672772028842,0.4635326340393146,,1.0,,,,block_D,0.51788729909174,False,-0.03093563998563494,0.03093563998563494,-1.0,0.0,0.020445092913472514,0.18993209912794937,,0.05,0.2109892182575948,,P-MULTNOISE,7.0,,0.0,,0.0,,4.642716231487332,1.4559492387934538,0.951229424500714,0.4627998190383824,10.031802175580122,3.145958963032145,0,R-EXACT,0.0,,,,,,,,,nan,0.07304159866543408,,,nan,0.19210123937128012,,,0.951229424500714,0.27404645346937995,nan,nan,1.044254523824424,0.7580802750509845,nan,nan,named_substreams,1.0,S8,0.9016559277504426,6102701586134898939,nan,nan,1.0,1.1012723863170704,,True,10.0,V3_SMOKE,0.951229424500714,nan,,,1144.0756273177346,orthogonal_v3,20.0,0.5239090746071446,single,,9.28986236119238,0.8612002372733377,0.5161860746310943,,16.292522619880167,,,,,,
0.3833909232001075,,-0.3833909232001075,0.31389393927488674,,1.204457136929259,0.4619484893068019,nan,9.756445045439573,15.46020622674775,5.935555069046901,False,True,-0.6480599820899919,D,0,160,4,0.2,D_PM_RE_R3,0.0,11.743085764798682,,0.3,0.2219189230781293,0.9471182611699405,5.81965812517754,,,,,,,,,1.0,0.7710620125925193,,,1.0,0.7873324052283565,,,,,False,,,,,,,,,0.029480805154889822,ESTIMATED,ESTIMATED,model_not_applicable,model_not_applicable,ESTIMATED,ESTIMATED,NOT_ESTIMABLE,NOT_ESTIMABLE,1.0,1.0,0.0,0.0,,,1.0,1.0,nan,nan,MED,True,,,,,,,,,,,,,model_not_applicable,NOT_ESTIMABLE,,,,,,,,,,,17.047787458345134,17.555707660371525,nan,nan,24.723661991277464,,0.1,0.951229424500714,64.0,64.0,0.0,0.0,MED,0.951229424500714,7.0,,4.0,7.0,,,1,1.0,1.0,0.0,0.0,64.0,,129,,0.0,,,,,,,,,,,,,,,,,,,,,,,,,,,,,,,,,1.0,0.6247340564228604,,,1.0,0.7000427159573924,,,1.0,0.462141193763172,,,1.0,0.7689897153017153,,,1.0,0.6514495889788053,,,1.0,0.7028250402147979,,,1.0,0.462141193763172,,,1.0,0.721707249614305,,,0.4529770232040968,0.46132980459300466,,1.0,,,,block_D,0.3764282338685063,False,0.33884284299842043,0.33884284299842043,1.0,0.0,0.14488424082704104,1.3459546555890614,,0.05,0.13600079237466706,,P-MULTNOISE,7.0,,0.0,,0.0,,4.862253792305693,1.4855026393100426,0.951229424500714,0.45785127970577655,10.619723058173529,3.2445090909534056,0,R-EXACT,0.0,,,,,,,,,nan,0.21483193885399846,,,nan,0.5099367459040651,,,0.951229424500714,0.11234294351002239,nan,nan,0.8405465379120917,0.7461170656858886,nan,nan,named_substreams,1.0,S8,0.9066591808119671,690142011409778331,nan,nan,1.0,1.288450370611411,,True,10.0,V3_SMOKE,0.951229424500714,nan,,,1049.6927358763828,orthogonal_v3,20.0,0.36005482430366975,single,,9.289862361192382,0.8613622608057963,0.3782535703378781,,11.03044164801927,,,,,,
0.20673132397234262,,-0.20673132397234262,0.16925729256068434,,1.204557082569592,0.6745914467000905,nan,17.524143068410048,30.353969656083567,11.894987535082116,False,True,-0.3919731776061305,D,0,160,4,0.2,D_PM_RE_R3,0.0,11.728990785810476,,0.3,0.2246484753746356,0.9395563680555279,12.362407061377823,,,,,,,,,1.0,0.8072671415047535,,,1.0,0.8189334477930169,,,,,False,,,,,,,,,0.029399862978607416,ESTIMATED,ESTIMATED,model_not_applicable,model_not_applicable,ESTIMATED,ESTIMATED,NOT_ESTIMABLE,NOT_ESTIMABLE,1.0,1.0,0.0,0.0,,,1.0,1.0,nan,nan,MED,True,,,,,,,,,,,,,model_not_applicable,NOT_ESTIMABLE,,,,,,,,,,,16.032125182817218,15.855308450246945,nan,nan,24.559956689926295,,0.1,0.951229424500714,80.0,80.0,0.0,0.0,MED,0.951229424500714,7.0,,4.0,7.0,,,1,1.0,1.0,0.0,0.0,80.0,,129,,0.0,,,,,,,,,,,,,,,,,,,,,,,,,,,,,,,,,1.0,0.7318797377392704,,,1.0,0.7655955430595307,,,1.0,0.674680999891128,,,1.0,0.8008792531586022,,,1.0,0.7383327815327222,,,1.0,0.763030435832675,,,1.0,0.674680999891128,,,1.0,0.7747102485577952,,,0.2910116114702217,0.6741893360015467,,1.0,,,,block_D,0.4072748046284002,False,0.14089547518350642,0.14089547518350642,1.0,0.0,0.08004121503449918,0.7435718708930993,,0.05,0.22944558606740229,,P-MULTNOISE,7.0,,0.0,,0.0,,4.618113965216148,1.2154385313649618,0.951229424500714,0.5117519146407317,9.024126404017913,2.375054194410281,0,R-EXACT,0.0,,,,,,,,,nan,0.12270051704168353,,,nan,0.31092015419103236,,,0.951229424500714,0.2514484431018734,nan,nan,0.9860338103645276,0.7380971439025593,nan,nan,named_substreams,1.0,S8,0.9307313525245402,15680241294498261983,nan,nan,1.0,1.4050362604049127,,True,10.0,V3_SMOKE,0.951229424500714,nan,,,1238.2834136458555,orthogonal_v3,20.0,0.4887023631178512,single,,9.289862361192377,0.7823256256437408,0.40432831599959435,,8.884149834581834,,,,,,
0.12591105689122117,,-0.12591105689122117,0.10308725442939415,,1.204639203114369,0.428191343594476,nan,11.244689931570166,22.04255222433213,12.158366282387474,False,True,-0.6888231241862484,D,0,160,4,0.2,D_PM_RN_R0,0.0,9.885212234407447,,0.0,-0.0782918757739984,0.9482179917615057,11.478114287574716,,,,,,,,,1.0,0.5922630649262969,,,1.0,0.6114077439578576,,,,,False,,,,,,,,,0.030974599067121744,ESTIMATED,ESTIMATED,model_not_applicable,model_not_applicable,ESTIMATED,ESTIMATED,NOT_ESTIMABLE,NOT_ESTIMABLE,1.0,1.0,0.0,0.0,,,1.0,1.0,nan,nan,MED,True,,,,,,,,,,,,,model_not_applicable,NOT_ESTIMABLE,,,,,,,,,,,19.07243470232173,19.849694467465966,nan,nan,17.00746084954785,,0.1,0.951229424500714,70.0,70.0,0.0,0.0,MED,0.951229424500714,7.0,,4.0,7.0,,,1,1.0,1.0,0.0,0.0,70.0,,129,,0.0,,,,,,,,,,,,,,,,,,,,,,,,,,,,,,,,,1.0,0.4921893100971433,,,1.0,0.5341096172817751,,,1.0,0.42830973440404374,,,1.0,0.5843831848908236,,,1.0,0.5015073428524793,,,1.0,0.5354418220334074,,,1.0,0.42830973440404374,,,1.0,0.5545726699584522,,,0.19242565935736386,0.42744770683998184,,1.0,,,,block_D,0.520725284928864,False,0.23263005710933657,0.23263005710933657,1.0,0.0,0.15246656128404784,1.4163933690131074,,0.05,0.19708246726976192,,P-MULTNOISE,7.0,,0.0,,0.0,,5.36565403377796,1.4559344524839033,0.951229424500714,0.5371383094428899,9.989334105294256,2.7105392166013482,0,R-NOISE,0.2,,,,,,,,,nan,0.07578519539729073,,,nan,0.1988655535201971,,,0.951229424500714,0.04680415472386901,nan,nan,1.100988193356049,1.0494573716050595,nan,nan,named_substreams,1.0,S8,0.9263727953093923,6102701586134898939,nan,nan,1.0,1.5332842939899478,,True,10.0,V3_SMOKE,0.951229424500714,nan,,,1134.5540213071527,orthogonal_v3,20.0,0.5160416462907765,single,,9.28986236119238,0.8315091933719616,0.519520449433275,,13.937824319596585,,,,,,
0.4777529332595076,,-0.4777529332595076,0.3911510188327715,,1.204457136929259,0.40254106250595056,nan,9.747248466314298,15.408917789651365,6.046164507374546,False,True,-0.7196136812868799,D,0,160,4,0.2,D_PM_RN_R0,0.0,12.181303090001219,,0.0,-0.0016335009837910152,0.9410314595954148,5.853916915355807,,,,,,,,,1.0,0.7797792044851243,,,1.0,0.7956982783608321,,,,,False,,,,,,,,,0.029286072123795748,ESTIMATED,ESTIMATED,model_not_applicable,model_not_applicable,ESTIMATED,ESTIMATED,NOT_ESTIMABLE,NOT_ESTIMABLE,1.0,1.0,0.0,0.0,,,1.0,1.0,nan,nan,MED,True,,,,,,,,,,,,,model_not_applicable,NOT_ESTIMABLE,,,,,,,,,,,18.053225566775396,18.35091188069801,nan,nan,27.021148116932146,,0.1,0.951229424500714,64.0,64.0,0.0,0.0,MED,0.951229424500714,7.0,,4.0,7.0,,,1,1.0,1.0,0.0,0.0,64.0,,129,,0.0,,,,,,,,,,,,,,,,,,,,,,,,,,,,,,,,,1.0,0.6184251702448548,,,1.0,0.7060581606913803,,,1.0,0.40275504387662764,,,1.0,0.7814141508274784,,,1.0,0.6575111930907834,,,1.0,0.7130884304636793,,,1.0,0.40275504387662764,,,1.0,0.731732210267636,,,0.5171000097420991,0.40185484420569295,,1.0,,,,block_D,0.3799044809809615,False,0.5975661968503679,0.5975661968503679,1.0,1.0,0.22337248749165306,2.075099664074624,,0.05,0.13831639839314439,,P-MULTNOISE,7.0,,0.0,,0.0,,5.606891211828571,1.4855014913703364,0.951229424500714,0.5335381989721452,10.508884317243224,2.784245803266077,0,R-NOISE,0.2,,,,,,,,,nan,0.25788924319675904,,,nan,0.5940728931220705,,,0.951229424500714,-0.07121591082150935,nan,nan,0.8887097579226804,0.9520000327891072,nan,nan,named_substreams,1.0,S8,0.9298056874999399,690142011409778331,nan,nan,1.0,1.1865076188617052,,True,10.0,V3_SMOKE,0.951229424500714,nan,,,1063.7634140516566,orthogonal_v3,20.0,0.3612418630958385,single,,9.289862361192382,0.8775735898407969,0.3828282409538204,,10.311206682319735,,,,,,
0.26823769388336005,,-0.26823769388336005,0.21961444911702455,,1.204557082569592,0.6661795832498074,nan,17.412998786259195,30.075802320465343,11.899462713330507,False,True,-0.40210574730277726,D,0,160,4,0.2,D_PM_RN_R0,0.0,10.173416187061065,,0.0,-0.0033825430802230214,0.9168627440067649,12.281133123768333,,,,,,,,,1.0,0.8256452320397072,,,1.0,0.8371980410389425,,,,,False,,,,,,,,,0.029378962935879827,ESTIMATED,ESTIMATED,model_not_applicable,model_not_applicable,ESTIMATED,ESTIMATED,NOT_ESTIMABLE,NOT_ESTIMABLE,1.0,1.0,0.0,0.0,,,1.0,1.0,nan,nan,MED,True,,,,,,,,,,,,,model_not_applicable,NOT_ESTIMABLE,,,,,,,,,,,17.296372890152384,17.469816595960573,nan,nan,20.376317720930857,,0.1,0.951229424500714,80.0,80.0,0.0,0.0,MED,0.951229424500714,7.0,,4.0,7.0,,,1,1.0,1.0,0.0,0.0,80.0,,129,,0.0,,,,,,,,,,,,,,,,,,,,,,,,,,,,,,,,,1.0,0.7402691952801138,,,1.0,0.7804383205189035,,,1.0,0.6662714514052392,,,1.0,0.8199399624146583,,,1.0,0.7488283331143457,,,1.0,0.7773126992005527,,,1.0,0.6662714514052392,,,1.0,0.7895181896540262,,,0.3547628894716841,0.6657671033096807,,1.0,,,,block_D,0.4083393351542123,False,0.5222475178840603,0.5222475178840603,1.0,1.0,0.26749485633398434,2.484990397669645,,0.05,0.21761984407861013,,P-MULTNOISE,7.0,,0.0,,0.0,,5.387574515374566,1.2154424546240428,0.951229424500714,0.5862813679038978,9.189400875276814,2.0731384641636366,0,R-NOISE,0.2,,,,,,,,,nan,0.15647342933307673,,,nan,0.38710611307348886,,,0.951229424500714,0.11541210316054162,nan,nan,1.0631476658445809,0.940447557759237,nan,nan,named_substreams,1.0,S8,0.9491041673274374,15680241294498261983,nan,nan,1.0,1.5377797194148022,,True,10.0,V3_SMOKE,0.951229424500714,nan,,,1225.3184663460438,orthogonal_v3,20.0,0.4914266420064356,single,,9.289862361192382,0.7835901046857998,0.4059523528413698,,7.254296699995805,,,,,,
0.08986653010401537,,-0.08986653010401537,0.07357649186856563,,1.204639203114369,0.4516606461926193,nan,11.646782418724124,22.17406240281605,12.142320947174918,False,True,-0.6605510822067711,D,0,160,4,0.2,D_PM_RN_R3,0.0,10.19238576935507,,0.3,0.19484170470318876,0.9482179917615057,11.334800465633423,,,,,,,,,1.0,0.5717864585223826,,,1.0,0.5879644895595971,,,,,False,,,,,,,,,0.03110997099429369,ESTIMATED,ESTIMATED,model_not_applicable,model_not_applicable,ESTIMATED,ESTIMATED,NOT_ESTIMABLE,NOT_ESTIMABLE,1.0,1.0,0.0,0.0,,,1.0,1.0,nan,nan,MED,True,,,,,,,,,,,,,model_not_applicable,NOT_ESTIMABLE,,,,,,,,,,,18.315413559248388,18.90855342855605,nan,nan,17.042576246800074,,0.1,0.951229424500714,70.0,70.0,0.0,0.0,MED,0.951229424500714,7.0,,4.0,7.0,,,1,1.0,1.0,0.0,0.0,70.0,,129,,0.0,,,,,,,,,,,,,,,,,,,,,,,,,,,,,,,,,1.0,0.4961387221601405,,,1.0,0.5265015476245006,,,1.0,0.4517741777722621,,,1.0,0.5641365647651749,,,1.0,0.5019519696071448,,,1.0,0.5266159108274389,,,1.0,0.4517741777722621,,,1.0,0.5415089891179323,,,0.1421730433427858,0.450947260310456,,1.0,,,,block_D,0.5111738327296279,False,0.254508612536327,0.254508612536327,1.0,0.0,0.1781972777006217,1.6554281829779516,,0.05,0.21092157708618967,,P-MULTNOISE,7.0,,0.0,,0.0,,4.642716231487332,1.4559492387934538,0.951229424500714,0.4627998190383824,10.031802175580122,3.145958963032145,0,R-NOISE,0.2,,,,,,,,,nan,0.05403590633327836,,,nan,0.14465766088854287,,,0.951229424500714,0.06615681520726391,nan,nan,1.044254523824424,0.9751699702624222,nan,nan,named_substreams,1.0,S8,0.9016559277504426,6102701586134898939,nan,nan,1.0,1.5464796486448316,,True,10.0,V3_SMOKE,0.951229424500714,nan,,,1142.3905299812827,orthogonal_v3,20.0,0.5139925121144765,single,,9.28986236119238,0.8612002372733377,0.51041524181952,,14.016484766995898,,,,,,
0.4196079655560187,,-0.4196079655560187,0.3435459456371991,,1.204457136929259,0.42654772182970263,nan,9.76342439818632,15.522641644760947,6.047304521330565,False,True,-0.6906986891305573,D,0,160,4,0.2,D_PM_RN_R3,0.0,11.677388937771205,,0.3,0.2219189230781293,0.9410314595954148,5.903260883952591,,,,,,,,,1.0,0.7696103842833147,,,1.0,0.7861302164245173,,,,,False,,,,,,,,,0.029334632912650704,ESTIMATED,ESTIMATED,model_not_applicable,model_not_applicable,ESTIMATED,ESTIMATED,NOT_ESTIMABLE,NOT_ESTIMABLE,1.0,1.0,0.0,0.0,,,1.0,1.0,nan,nan,MED,True,,,,,,,,,,,,,model_not_applicable,NOT_ESTIMABLE,,,,,,,,,,,17.047787458345134,17.361568563762745,nan,nan,24.244138807386445,,0.1,0.951229424500714,64.0,64.0,0.0,0.0,MED,0.951229424500714,7.0,,4.0,7.0,,,1,1.0,1.0,0.0,0.0,64.0,,129,,0.0,,,,,,,,,,,,,,,,,,,,,,,,,,,,,,,,,1.0,0.6134795193967937,,,1.0,0.6956871487260762,,,1.0,0.42675310515699155,,,1.0,0.7692054555553455,,,1.0,0.6461143736326551,,,1.0,0.7008235832668498,,,1.0,0.42675310515699155,,,1.0,0.720148278946472,,,0.4791127466532589,0.4258887503178017,,1.0,,,,block_D,0.3803000171652486,False,0.5576611871426236,0.5576611871426236,1.0,1.0,0.22612878668554579,2.100705304212153,,0.05,0.1365500260781205,,P-MULTNOISE,7.0,,0.0,,0.0,,4.862253792305693,1.4855026393100426,0.951229424500714,0.45785127970577655,10.619723058173529,3.2445090909534056,0,R-NOISE,0.2,,,,,,,,,nan,0.23185550246055536,,,nan,0.5438070483739417,,,0.951229424500714,-0.057296544511219905,nan,nan,0.8405465379120917,0.8887069500353236,nan,nan,named_substreams,1.0,S8,0.9066591808119671,690142011409778331,nan,nan,1.0,1.2891838989395277,,True,10.0,V3_SMOKE,0.951229424500714,nan,,,1047.5997230433152,orthogonal_v3,20.0,0.36482606017459185,single,,9.289862361192382,0.8613622608057963,0.38248107042463586,,10.363023422881854,,,,,,
0.21612138842622033,,-0.21612138842622033,0.1769452271024584,,1.204557082569592,0.6500838050448119,nan,17.140333653902424,30.02960839534446,11.90031759605343,False,True,-0.42149403093907395,D,0,160,4,0.2,D_PM_RN_R3,0.0,9.672386410483172,,0.3,0.2246484753746356,0.9168627440067649,12.394796168747735,,,,,,,,,1.0,0.796858494749367,,,1.0,0.8093750568224736,,,,,False,,,,,,,,,0.029431293020024896,ESTIMATED,ESTIMATED,model_not_applicable,model_not_applicable,ESTIMATED,ESTIMATED,NOT_ESTIMABLE,NOT_ESTIMABLE,1.0,1.0,0.0,0.0,,,1.0,1.0,nan,nan,MED,True,,,,,,,,,,,,,model_not_applicable,NOT_ESTIMABLE,,,,,,,,,,,16.032125182817218,16.26828860653243,nan,nan,17.849232825540263,,0.1,0.951229424500714,80.0,80.0,0.0,0.0,MED,0.951229424500714,7.0,,4.0,7.0,,,1,1.0,1.0,0.0,0.0,80.0,,129,,0.0,,,,,,,,,,,,,,,,,,,,,,,,,,,,,,,,,1.0,0.7142360865020395,,,1.0,0.751531893167046,,,1.0,0.6501801027958579,,,1.0,0.7903278381948671,,,1.0,0.7217290072111119,,,1.0,0.7490613261593708,,,1.0,0.6501801027958579,,,1.0,0.761802411355404,,,0.30132780024613126,0.649651489447542,,1.0,,,,block_D,0.4127525076440664,False,0.49329356637692795,0.49329356637692795,1.0,1.0,0.27575476526832066,2.561723814785611,,0.05,0.22699374005151718,,P-MULTNOISE,7.0,,0.0,,0.0,,4.618113965216148,1.2154385313649618,0.951229424500714,0.5117519146407317,9.024126404017913,2.375054194410281,0,R-NOISE,0.2,,,,,,,,,nan,0.1279692982133304,,,nan,0.3230573855150247,,,0.951229424500714,0.13052110583087873,nan,nan,0.9860338103645276,0.8573355870491145,nan,nan,named_substreams,1.0,S8,0.9307313525245402,15680241294498261983,nan,nan,1.0,1.6886218049864603,,True,10.0,V3_SMOKE,0.951229424500714,nan,,,1239.2191817707105,orthogonal_v3,20.0,0.4886255476732479,single,,9.289862361192377,0.7823256256437408,0.40978136108678076,,7.259353096424834,,,,,,
