issue_type,root_cause_class,root_cause_id,severity,year,month,plant_name,camd_facility_id,camd_unit_id,eia_plant_id,eia_generator_id,eia_boiler_id,mapping_cardinality,match_method,match_type,source_a,value_a,source_b,value_b,difference,ratio,reason_flagged,agent_interpretation,confidence,recommended_action,needs_manual_review
epa_eia_crosswalk_generator_cardinality,structural_relationship,combined_cycle_or_shared_generator_cardinality,low,,,Carty Generating Station|Coyote Springs|Hermiston|Hermiston Power Plant|Klamath Cogeneration Project|Port Westward,7350|7350|54761|54761|55103|55103|55328|55328|56227|58503,CTG1|CTG2|1|2|CT1|CT2|CTG-1|CTG-2|PWEU1|CTEU1,7350|7931|54761|55103|55328|56227|58503,,,many_to_many|one_to_many,exact|modified_fuzzy|official_manual,many_to_many|exact|one_to_many|exact|one_to_many|official_manual,n CAMD units with generator cardinality != one_to_one,10,defensible unique CAMD-unit to EIA-plant map,n_plants=7,,,Combined-cycle CT+ST (or shared ST) generator links in the published EPA/EIA crosswalk,Expected generator cardinality. CAMPD emissions stay on the CAMD unit and are not copied onto each EIA generator ID.,high,Keep the unique unit→plant map. Do not explode CEMS across generator IDs.,False
epa_eia_crosswalk_plant_id_differs,structural_relationship,plant_id_differ_7350_CTG2,medium,2011-2024,,Coyote Springs,7350,CTG2,7931.0,1|2,,one_to_many,official_manual,one_to_many|official_manual,CAMD Facility ID,7350,EIA_PLANT_ID in published crosswalk,7931.0,,,CAMD facility ID differs from EIA plant ID; MATCH_TYPE_GEN=Manual Match,Official EPA/EIA manual plant assignment is used as published. No new mapping was created. CEMS remain on the CAMD unit and join to the crosswalk EIA plant.,high,Preserve official provenance. Do not recode CAMD Facility ID.,False
epa_eia_crosswalk_modified_fuzzy_provenance,structural_relationship,epa_eia_modified_boiler_or_generator_ids,low,,,Coyote Springs|Hermiston|Hermiston Power Plant|Klamath Cogeneration Project|Port Westward,,CTG1|1|CT1|CT2|CTG-1|CTG-2|PWEU1,,,,many_to_many|one_to_many,modified_fuzzy,,n units with MATCH_TYPE_BOILER/GEN ID modification,7,published EPA/EIA crosswalk,"6_1_EnviroAssoc (boilers and generators) match on plant, boiler, and gen IDs Step 2d: Modify IDs; remove leading letters",,,EPA/EIA boiler or generator match required ID modification in the published crosswalk,Official fuzzy/modified-ID provenance is retained. Native CAMD and EIA IDs are not recoded.,high,Keep native IDs. Do not treat CAMD unit ID as equal to EIA boiler ID.,False
campd_eia923_generation_outlier,unresolved_source_conflict,extreme_R_55544_2011_5,high,2011,5.0,Klamath Generation Peakers,55544,GT1|GT2|GT3|GT4,55544,GT1|GT2|GT3|GT4,,one_to_one,exact,one_to_one|exact,CAMPD plant-month gross generation MWh (Gross Load MW × Operating Time),6716.92,EIA-923 plant-month net generation MWh,644.412,6072.508,10.423331657386887,residual extreme ratio after CAMPD energy fix: R=10.423331657386887 (threshold R> 5.0 or R< 0.05); n_reporting_units=4.0; n_hours=536.0; CAMPD name=Klamath Generation Peakers; EIA-923 name=Klamath Expansion Project,CAMPD is unit-level gross generation; EIA-923 is plant-level net generation. Inequality is expected. This residual ratio remains outside the QC extreme band. Values were not rescaled or forced equal.,high,Inspect EIA-923 fuel-row coverage for this plant-month. Do not multiply posted CAMPD mass by Operating Time.,True
campd_eia923_generation_outlier,unresolved_source_conflict,extreme_R_55544_2011_6,high,2011,6.0,Klamath Generation Peakers,55544,GT1|GT2|GT3|GT4,55544,GT1|GT2|GT3|GT4,,one_to_one,exact,one_to_one|exact,CAMPD plant-month gross generation MWh (Gross Load MW × Operating Time),3259.36,EIA-923 plant-month net generation MWh,406.845,2852.5150000000003,8.011306517224003,residual extreme ratio after CAMPD energy fix: R=8.011306517224003 (threshold R> 5.0 or R< 0.05); n_reporting_units=4.0; n_hours=245.0; CAMPD name=Klamath Generation Peakers; EIA-923 name=Klamath Expansion Project,CAMPD is unit-level gross generation; EIA-923 is plant-level net generation. Inequality is expected. This residual ratio remains outside the QC extreme band. Values were not rescaled or forced equal.,high,Inspect EIA-923 fuel-row coverage for this plant-month. Do not multiply posted CAMPD mass by Operating Time.,True
campd_eia923_generation_outlier,unresolved_source_conflict,extreme_R_55544_2012_5,high,2012,5.0,Klamath Generation Peakers,55544,GT1|GT2|GT3|GT4,55544,GT1|GT2|GT3|GT4,,one_to_one,exact,one_to_one|exact,CAMPD plant-month gross generation MWh (Gross Load MW × Operating Time),2385.86,EIA-923 plant-month net generation MWh,291.22,2094.6400000000003,8.192637868278275,residual extreme ratio after CAMPD energy fix: R=8.192637868278275 (threshold R> 5.0 or R< 0.05); n_reporting_units=4.0; n_hours=239.0; CAMPD name=Klamath Generation Peakers; EIA-923 name=Klamath Expansion Project,CAMPD is unit-level gross generation; EIA-923 is plant-level net generation. Inequality is expected. This residual ratio remains outside the QC extreme band. Values were not rescaled or forced equal.,high,Inspect EIA-923 fuel-row coverage for this plant-month. Do not multiply posted CAMPD mass by Operating Time.,True
campd_eia923_generation_outlier,unresolved_source_conflict,extreme_R_55544_2012_6,high,2012,6.0,Klamath Generation Peakers,55544,GT1|GT2|GT3|GT4,55544,GT1|GT2|GT3|GT4,,one_to_one,exact,one_to_one|exact,CAMPD plant-month gross generation MWh (Gross Load MW × Operating Time),1980.63,EIA-923 plant-month net generation MWh,230.848,1749.7820000000002,8.579801427779316,residual extreme ratio after CAMPD energy fix: R=8.579801427779316 (threshold R> 5.0 or R< 0.05); n_reporting_units=4.0; n_hours=221.0; CAMPD name=Klamath Generation Peakers; EIA-923 name=Klamath Expansion Project,CAMPD is unit-level gross generation; EIA-923 is plant-level net generation. Inequality is expected. This residual ratio remains outside the QC extreme band. Values were not rescaled or forced equal.,high,Inspect EIA-923 fuel-row coverage for this plant-month. Do not multiply posted CAMPD mass by Operating Time.,True
campd_eia923_generation_outlier,unresolved_source_conflict,extreme_R_55544_2013_5,high,2013,5.0,Klamath Generation Peakers,55544,GT1|GT2|GT3|GT4,55544,GT1|GT2|GT3|GT4,,one_to_one,exact,one_to_one|exact,CAMPD plant-month gross generation MWh (Gross Load MW × Operating Time),9300.5,EIA-923 plant-month net generation MWh,1307.982,7992.518,7.110571858022511,residual extreme ratio after CAMPD energy fix: R=7.110571858022511 (threshold R> 5.0 or R< 0.05); n_reporting_units=4.0; n_hours=785.0; CAMPD name=Klamath Generation Peakers; EIA-923 name=Klamath Expansion Project,CAMPD is unit-level gross generation; EIA-923 is plant-level net generation. Inequality is expected. This residual ratio remains outside the QC extreme band. Values were not rescaled or forced equal.,high,Inspect EIA-923 fuel-row coverage for this plant-month. Do not multiply posted CAMPD mass by Operating Time.,True
campd_eia923_generation_outlier,unresolved_source_conflict,extreme_R_55544_2014_5,high,2014,5.0,Klamath Generation Peakers,55544,GT1|GT2|GT3|GT4,55544,GT1|GT2|GT3|GT4,,one_to_one,exact,one_to_one|exact,CAMPD plant-month gross generation MWh (Gross Load MW × Operating Time),7945.47,EIA-923 plant-month net generation MWh,1008.715,6936.755,7.876823483342669,residual extreme ratio after CAMPD energy fix: R=7.876823483342669 (threshold R> 5.0 or R< 0.05); n_reporting_units=4.0; n_hours=587.0; CAMPD name=Klamath Generation Peakers; EIA-923 name=Klamath Expansion Project,CAMPD is unit-level gross generation; EIA-923 is plant-level net generation. Inequality is expected. This residual ratio remains outside the QC extreme band. Values were not rescaled or forced equal.,high,Inspect EIA-923 fuel-row coverage for this plant-month. Do not multiply posted CAMPD mass by Operating Time.,True
campd_eia923_generation_outlier,unresolved_source_conflict,extreme_R_55544_2016_5,high,2016,5.0,Klamath Generation Peakers,55544,GT1|GT2|GT3|GT4,55544,GT1|GT2|GT3|GT4,,one_to_one,exact,one_to_one|exact,CAMPD plant-month gross generation MWh (Gross Load MW × Operating Time),10433.21,EIA-923 plant-month net generation MWh,1512.689,8920.520999999999,6.897128226621598,residual extreme ratio after CAMPD energy fix: R=6.897128226621598 (threshold R> 5.0 or R< 0.05); n_reporting_units=4.0; n_hours=782.0; CAMPD name=Klamath Generation Peakers; EIA-923 name=Klamath Expansion Project,CAMPD is unit-level gross generation; EIA-923 is plant-level net generation. Inequality is expected. This residual ratio remains outside the QC extreme band. Values were not rescaled or forced equal.,high,Inspect EIA-923 fuel-row coverage for this plant-month. Do not multiply posted CAMPD mass by Operating Time.,True
campd_eia923_generation_outlier,unresolved_source_conflict,extreme_R_55544_2017_4,high,2017,4.0,Klamath Generation Peakers,55544,GT1|GT2|GT3|GT4,55544,GT1|GT2|GT3|GT4,,one_to_one,exact,one_to_one|exact,CAMPD plant-month gross generation MWh (Gross Load MW × Operating Time),5140.709999999999,EIA-923 plant-month net generation MWh,965.886,4174.823999999999,5.322274057186872,residual extreme ratio after CAMPD energy fix: R=5.322274057186872 (threshold R> 5.0 or R< 0.05); n_reporting_units=4.0; n_hours=427.0; CAMPD name=Klamath Generation Peakers; EIA-923 name=Klamath Expansion Project,CAMPD is unit-level gross generation; EIA-923 is plant-level net generation. Inequality is expected. This residual ratio remains outside the QC extreme band. Values were not rescaled or forced equal.,high,Inspect EIA-923 fuel-row coverage for this plant-month. Do not multiply posted CAMPD mass by Operating Time.,True
campd_eia923_generation_outlier,unresolved_source_conflict,extreme_R_55544_2017_5,high,2017,5.0,Klamath Generation Peakers,55544,GT1|GT2|GT3|GT4,55544,GT1|GT2|GT3|GT4,,one_to_one,exact,one_to_one|exact,CAMPD plant-month gross generation MWh (Gross Load MW × Operating Time),7232.79,EIA-923 plant-month net generation MWh,816.418,6416.372,8.85917507943235,residual extreme ratio after CAMPD energy fix: R=8.85917507943235 (threshold R> 5.0 or R< 0.05); n_reporting_units=4.0; n_hours=567.0; CAMPD name=Klamath Generation Peakers; EIA-923 name=Klamath Expansion Project,CAMPD is unit-level gross generation; EIA-923 is plant-level net generation. Inequality is expected. This residual ratio remains outside the QC extreme band. Values were not rescaled or forced equal.,high,Inspect EIA-923 fuel-row coverage for this plant-month. Do not multiply posted CAMPD mass by Operating Time.,True
campd_eia923_generation_outlier,unresolved_source_conflict,extreme_R_55544_2018_5,high,2018,5.0,Klamath Generation Peakers,55544,GT1|GT2|GT3|GT4,55544,GT1|GT2|GT3|GT4,,one_to_one,exact,one_to_one|exact,CAMPD plant-month gross generation MWh (Gross Load MW × Operating Time),3617.77,EIA-923 plant-month net generation MWh,665.399,2952.371,5.436993443031925,residual extreme ratio after CAMPD energy fix: R=5.436993443031925 (threshold R> 5.0 or R< 0.05); n_reporting_units=4.0; n_hours=301.0; CAMPD name=Klamath Generation Peakers; EIA-923 name=Klamath Expansion Project,CAMPD is unit-level gross generation; EIA-923 is plant-level net generation. Inequality is expected. This residual ratio remains outside the QC extreme band. Values were not rescaled or forced equal.,high,Inspect EIA-923 fuel-row coverage for this plant-month. Do not multiply posted CAMPD mass by Operating Time.,True
cooling_schedule8_units_not_comparable,coverage_limitation,sched8_2011_2012_flow_rate_units,low,2011,1.0,Boardman,,,6106,,,,,,EIA-923 Schedule 8 native rates,2011-2012 Schedule 8 flow rates are not converted; units are not defensibly the same as 2013+ gpm / million-gallon volumes,standardized million-gallon cooling product,water_m3 left missing,,,2011-2012 Schedule 8 flow-rate units are not converted,Documented coverage limitation. Native rates are retained; m3 was not invented.,high,Keep water m3 missing. Do not apply an unreviewed cfs/gpm conversion.,False
cooling_schedule8_units_not_comparable,coverage_limitation,sched8_2011_2012_flow_rate_units,low,2011,1.0,Coyote Springs,,,7931,,,,,,EIA-923 Schedule 8 native rates,2011-2012 Schedule 8 flow rates are not converted; units are not defensibly the same as 2013+ gpm / million-gallon volumes,standardized million-gallon cooling product,water_m3 left missing,,,2011-2012 Schedule 8 flow-rate units are not converted,Documented coverage limitation. Native rates are retained; m3 was not invented.,high,Keep water m3 missing. Do not apply an unreviewed cfs/gpm conversion.,False
cooling_schedule8_units_not_comparable,coverage_limitation,sched8_2011_2012_flow_rate_units,low,2011,1.0,Beaver,,,8073,,,,,,EIA-923 Schedule 8 native rates,2011-2012 Schedule 8 flow rates are not converted; units are not defensibly the same as 2013+ gpm / million-gallon volumes,standardized million-gallon cooling product,water_m3 left missing,,,2011-2012 Schedule 8 flow-rate units are not converted,Documented coverage limitation. Native rates are retained; m3 was not invented.,high,Keep water m3 missing. Do not apply an unreviewed cfs/gpm conversion.,False
cooling_schedule8_units_not_comparable,coverage_limitation,sched8_2011_2012_flow_rate_units,low,2011,1.0,Hermiston,,,54761,,,,,,EIA-923 Schedule 8 native rates,2011-2012 Schedule 8 flow rates are not converted; units are not defensibly the same as 2013+ gpm / million-gallon volumes,standardized million-gallon cooling product,water_m3 left missing,,,2011-2012 Schedule 8 flow-rate units are not converted,Documented coverage limitation. Native rates are retained; m3 was not invented.,high,Keep water m3 missing. Do not apply an unreviewed cfs/gpm conversion.,False
cooling_schedule8_units_not_comparable,coverage_limitation,sched8_2011_2012_flow_rate_units,low,2011,1.0,Klamath Cogeneration Project,,,55103,,,,,,EIA-923 Schedule 8 native rates,2011-2012 Schedule 8 flow rates are not converted; units are not defensibly the same as 2013+ gpm / million-gallon volumes,standardized million-gallon cooling product,water_m3 left missing,,,2011-2012 Schedule 8 flow-rate units are not converted,Documented coverage limitation. Native rates are retained; m3 was not invented.,high,Keep water m3 missing. Do not apply an unreviewed cfs/gpm conversion.,False
cooling_schedule8_units_not_comparable,coverage_limitation,sched8_2011_2012_flow_rate_units,low,2011,1.0,Hermiston Power Plant,,,55328,,,,,,EIA-923 Schedule 8 native rates,2011-2012 Schedule 8 flow rates are not converted; units are not defensibly the same as 2013+ gpm / million-gallon volumes,standardized million-gallon cooling product,water_m3 left missing,,,2011-2012 Schedule 8 flow-rate units are not converted,Documented coverage limitation. Native rates are retained; m3 was not invented.,high,Keep water m3 missing. Do not apply an unreviewed cfs/gpm conversion.,False
cooling_schedule8_units_not_comparable,coverage_limitation,sched8_2011_2012_flow_rate_units,low,2011,1.0,Port Westward,,,56227,,,,,,EIA-923 Schedule 8 native rates,2011-2012 Schedule 8 flow rates are not converted; units are not defensibly the same as 2013+ gpm / million-gallon volumes,standardized million-gallon cooling product,water_m3 left missing,,,2011-2012 Schedule 8 flow-rate units are not converted,Documented coverage limitation. Native rates are retained; m3 was not invented.,high,Keep water m3 missing. Do not apply an unreviewed cfs/gpm conversion.,False
cooling_schedule8_units_not_comparable,coverage_limitation,sched8_2011_2012_flow_rate_units,low,2011,2.0,Boardman,,,6106,,,,,,EIA-923 Schedule 8 native rates,2011-2012 Schedule 8 flow rates are not converted; units are not defensibly the same as 2013+ gpm / million-gallon volumes,standardized million-gallon cooling product,water_m3 left missing,,,2011-2012 Schedule 8 flow-rate units are not converted,Documented coverage limitation. Native rates are retained; m3 was not invented.,high,Keep water m3 missing. Do not apply an unreviewed cfs/gpm conversion.,False
cooling_schedule8_units_not_comparable,coverage_limitation,sched8_2011_2012_flow_rate_units,low,2011,2.0,Coyote Springs,,,7931,,,,,,EIA-923 Schedule 8 native rates,2011-2012 Schedule 8 flow rates are not converted; units are not defensibly the same as 2013+ gpm / million-gallon volumes,standardized million-gallon cooling product,water_m3 left missing,,,2011-2012 Schedule 8 flow-rate units are not converted,Documented coverage limitation. Native rates are retained; m3 was not invented.,high,Keep water m3 missing. Do not apply an unreviewed cfs/gpm conversion.,False
cooling_schedule8_units_not_comparable,coverage_limitation,sched8_2011_2012_flow_rate_units,low,2011,2.0,Beaver,,,8073,,,,,,EIA-923 Schedule 8 native rates,2011-2012 Schedule 8 flow rates are not converted; units are not defensibly the same as 2013+ gpm / million-gallon volumes,standardized million-gallon cooling product,water_m3 left missing,,,2011-2012 Schedule 8 flow-rate units are not converted,Documented coverage limitation. Native rates are retained; m3 was not invented.,high,Keep water m3 missing. Do not apply an unreviewed cfs/gpm conversion.,False
cooling_schedule8_units_not_comparable,coverage_limitation,sched8_2011_2012_flow_rate_units,low,2011,2.0,Hermiston,,,54761,,,,,,EIA-923 Schedule 8 native rates,2011-2012 Schedule 8 flow rates are not converted; units are not defensibly the same as 2013+ gpm / million-gallon volumes,standardized million-gallon cooling product,water_m3 left missing,,,2011-2012 Schedule 8 flow-rate units are not converted,Documented coverage limitation. Native rates are retained; m3 was not invented.,high,Keep water m3 missing. Do not apply an unreviewed cfs/gpm conversion.,False
cooling_schedule8_units_not_comparable,coverage_limitation,sched8_2011_2012_flow_rate_units,low,2011,2.0,Klamath Cogeneration Project,,,55103,,,,,,EIA-923 Schedule 8 native rates,2011-2012 Schedule 8 flow rates are not converted; units are not defensibly the same as 2013+ gpm / million-gallon volumes,standardized million-gallon cooling product,water_m3 left missing,,,2011-2012 Schedule 8 flow-rate units are not converted,Documented coverage limitation. Native rates are retained; m3 was not invented.,high,Keep water m3 missing. Do not apply an unreviewed cfs/gpm conversion.,False
cooling_schedule8_units_not_comparable,coverage_limitation,sched8_2011_2012_flow_rate_units,low,2011,2.0,Hermiston Power Plant,,,55328,,,,,,EIA-923 Schedule 8 native rates,2011-2012 Schedule 8 flow rates are not converted; units are not defensibly the same as 2013+ gpm / million-gallon volumes,standardized million-gallon cooling product,water_m3 left missing,,,2011-2012 Schedule 8 flow-rate units are not converted,Documented coverage limitation. Native rates are retained; m3 was not invented.,high,Keep water m3 missing. Do not apply an unreviewed cfs/gpm conversion.,False
cooling_schedule8_units_not_comparable,coverage_limitation,sched8_2011_2012_flow_rate_units,low,2011,2.0,Port Westward,,,56227,,,,,,EIA-923 Schedule 8 native rates,2011-2012 Schedule 8 flow rates are not converted; units are not defensibly the same as 2013+ gpm / million-gallon volumes,standardized million-gallon cooling product,water_m3 left missing,,,2011-2012 Schedule 8 flow-rate units are not converted,Documented coverage limitation. Native rates are retained; m3 was not invented.,high,Keep water m3 missing. Do not apply an unreviewed cfs/gpm conversion.,False
cooling_schedule8_units_not_comparable,coverage_limitation,sched8_2011_2012_flow_rate_units,low,2011,3.0,Boardman,,,6106,,,,,,EIA-923 Schedule 8 native rates,2011-2012 Schedule 8 flow rates are not converted; units are not defensibly the same as 2013+ gpm / million-gallon volumes,standardized million-gallon cooling product,water_m3 left missing,,,2011-2012 Schedule 8 flow-rate units are not converted,Documented coverage limitation. Native rates are retained; m3 was not invented.,high,Keep water m3 missing. Do not apply an unreviewed cfs/gpm conversion.,False
cooling_schedule8_units_not_comparable,coverage_limitation,sched8_2011_2012_flow_rate_units,low,2011,3.0,Coyote Springs,,,7931,,,,,,EIA-923 Schedule 8 native rates,2011-2012 Schedule 8 flow rates are not converted; units are not defensibly the same as 2013+ gpm / million-gallon volumes,standardized million-gallon cooling product,water_m3 left missing,,,2011-2012 Schedule 8 flow-rate units are not converted,Documented coverage limitation. Native rates are retained; m3 was not invented.,high,Keep water m3 missing. Do not apply an unreviewed cfs/gpm conversion.,False
cooling_schedule8_units_not_comparable,coverage_limitation,sched8_2011_2012_flow_rate_units,low,2011,3.0,Beaver,,,8073,,,,,,EIA-923 Schedule 8 native rates,2011-2012 Schedule 8 flow rates are not converted; units are not defensibly the same as 2013+ gpm / million-gallon volumes,standardized million-gallon cooling product,water_m3 left missing,,,2011-2012 Schedule 8 flow-rate units are not converted,Documented coverage limitation. Native rates are retained; m3 was not invented.,high,Keep water m3 missing. Do not apply an unreviewed cfs/gpm conversion.,False
cooling_schedule8_units_not_comparable,coverage_limitation,sched8_2011_2012_flow_rate_units,low,2011,3.0,Hermiston,,,54761,,,,,,EIA-923 Schedule 8 native rates,2011-2012 Schedule 8 flow rates are not converted; units are not defensibly the same as 2013+ gpm / million-gallon volumes,standardized million-gallon cooling product,water_m3 left missing,,,2011-2012 Schedule 8 flow-rate units are not converted,Documented coverage limitation. Native rates are retained; m3 was not invented.,high,Keep water m3 missing. Do not apply an unreviewed cfs/gpm conversion.,False
cooling_schedule8_units_not_comparable,coverage_limitation,sched8_2011_2012_flow_rate_units,low,2011,3.0,Klamath Cogeneration Project,,,55103,,,,,,EIA-923 Schedule 8 native rates,2011-2012 Schedule 8 flow rates are not converted; units are not defensibly the same as 2013+ gpm / million-gallon volumes,standardized million-gallon cooling product,water_m3 left missing,,,2011-2012 Schedule 8 flow-rate units are not converted,Documented coverage limitation. Native rates are retained; m3 was not invented.,high,Keep water m3 missing. Do not apply an unreviewed cfs/gpm conversion.,False
cooling_schedule8_units_not_comparable,coverage_limitation,sched8_2011_2012_flow_rate_units,low,2011,3.0,Hermiston Power Plant,,,55328,,,,,,EIA-923 Schedule 8 native rates,2011-2012 Schedule 8 flow rates are not converted; units are not defensibly the same as 2013+ gpm / million-gallon volumes,standardized million-gallon cooling product,water_m3 left missing,,,2011-2012 Schedule 8 flow-rate units are not converted,Documented coverage limitation. Native rates are retained; m3 was not invented.,high,Keep water m3 missing. Do not apply an unreviewed cfs/gpm conversion.,False
cooling_schedule8_units_not_comparable,coverage_limitation,sched8_2011_2012_flow_rate_units,low,2011,3.0,Port Westward,,,56227,,,,,,EIA-923 Schedule 8 native rates,2011-2012 Schedule 8 flow rates are not converted; units are not defensibly the same as 2013+ gpm / million-gallon volumes,standardized million-gallon cooling product,water_m3 left missing,,,2011-2012 Schedule 8 flow-rate units are not converted,Documented coverage limitation. Native rates are retained; m3 was not invented.,high,Keep water m3 missing. Do not apply an unreviewed cfs/gpm conversion.,False
cooling_schedule8_units_not_comparable,coverage_limitation,sched8_2011_2012_flow_rate_units,low,2011,4.0,Boardman,,,6106,,,,,,EIA-923 Schedule 8 native rates,2011-2012 Schedule 8 flow rates are not converted; units are not defensibly the same as 2013+ gpm / million-gallon volumes,standardized million-gallon cooling product,water_m3 left missing,,,2011-2012 Schedule 8 flow-rate units are not converted,Documented coverage limitation. Native rates are retained; m3 was not invented.,high,Keep water m3 missing. Do not apply an unreviewed cfs/gpm conversion.,False
cooling_schedule8_units_not_comparable,coverage_limitation,sched8_2011_2012_flow_rate_units,low,2011,4.0,Coyote Springs,,,7931,,,,,,EIA-923 Schedule 8 native rates,2011-2012 Schedule 8 flow rates are not converted; units are not defensibly the same as 2013+ gpm / million-gallon volumes,standardized million-gallon cooling product,water_m3 left missing,,,2011-2012 Schedule 8 flow-rate units are not converted,Documented coverage limitation. Native rates are retained; m3 was not invented.,high,Keep water m3 missing. Do not apply an unreviewed cfs/gpm conversion.,False
cooling_schedule8_units_not_comparable,coverage_limitation,sched8_2011_2012_flow_rate_units,low,2011,4.0,Beaver,,,8073,,,,,,EIA-923 Schedule 8 native rates,2011-2012 Schedule 8 flow rates are not converted; units are not defensibly the same as 2013+ gpm / million-gallon volumes,standardized million-gallon cooling product,water_m3 left missing,,,2011-2012 Schedule 8 flow-rate units are not converted,Documented coverage limitation. Native rates are retained; m3 was not invented.,high,Keep water m3 missing. Do not apply an unreviewed cfs/gpm conversion.,False
cooling_schedule8_units_not_comparable,coverage_limitation,sched8_2011_2012_flow_rate_units,low,2011,4.0,Hermiston,,,54761,,,,,,EIA-923 Schedule 8 native rates,2011-2012 Schedule 8 flow rates are not converted; units are not defensibly the same as 2013+ gpm / million-gallon volumes,standardized million-gallon cooling product,water_m3 left missing,,,2011-2012 Schedule 8 flow-rate units are not converted,Documented coverage limitation. Native rates are retained; m3 was not invented.,high,Keep water m3 missing. Do not apply an unreviewed cfs/gpm conversion.,False
cooling_schedule8_units_not_comparable,coverage_limitation,sched8_2011_2012_flow_rate_units,low,2011,4.0,Klamath Cogeneration Project,,,55103,,,,,,EIA-923 Schedule 8 native rates,2011-2012 Schedule 8 flow rates are not converted; units are not defensibly the same as 2013+ gpm / million-gallon volumes,standardized million-gallon cooling product,water_m3 left missing,,,2011-2012 Schedule 8 flow-rate units are not converted,Documented coverage limitation. Native rates are retained; m3 was not invented.,high,Keep water m3 missing. Do not apply an unreviewed cfs/gpm conversion.,False
cooling_schedule8_units_not_comparable,coverage_limitation,sched8_2011_2012_flow_rate_units,low,2011,4.0,Hermiston Power Plant,,,55328,,,,,,EIA-923 Schedule 8 native rates,2011-2012 Schedule 8 flow rates are not converted; units are not defensibly the same as 2013+ gpm / million-gallon volumes,standardized million-gallon cooling product,water_m3 left missing,,,2011-2012 Schedule 8 flow-rate units are not converted,Documented coverage limitation. Native rates are retained; m3 was not invented.,high,Keep water m3 missing. Do not apply an unreviewed cfs/gpm conversion.,False
cooling_schedule8_units_not_comparable,coverage_limitation,sched8_2011_2012_flow_rate_units,low,2011,4.0,Port Westward,,,56227,,,,,,EIA-923 Schedule 8 native rates,2011-2012 Schedule 8 flow rates are not converted; units are not defensibly the same as 2013+ gpm / million-gallon volumes,standardized million-gallon cooling product,water_m3 left missing,,,2011-2012 Schedule 8 flow-rate units are not converted,Documented coverage limitation. Native rates are retained; m3 was not invented.,high,Keep water m3 missing. Do not apply an unreviewed cfs/gpm conversion.,False
cooling_schedule8_units_not_comparable,coverage_limitation,sched8_2011_2012_flow_rate_units,low,2011,5.0,Boardman,,,6106,,,,,,EIA-923 Schedule 8 native rates,2011-2012 Schedule 8 flow rates are not converted; units are not defensibly the same as 2013+ gpm / million-gallon volumes,standardized million-gallon cooling product,water_m3 left missing,,,2011-2012 Schedule 8 flow-rate units are not converted,Documented coverage limitation. Native rates are retained; m3 was not invented.,high,Keep water m3 missing. Do not apply an unreviewed cfs/gpm conversion.,False
cooling_schedule8_units_not_comparable,coverage_limitation,sched8_2011_2012_flow_rate_units,low,2011,5.0,Coyote Springs,,,7931,,,,,,EIA-923 Schedule 8 native rates,2011-2012 Schedule 8 flow rates are not converted; units are not defensibly the same as 2013+ gpm / million-gallon volumes,standardized million-gallon cooling product,water_m3 left missing,,,2011-2012 Schedule 8 flow-rate units are not converted,Documented coverage limitation. Native rates are retained; m3 was not invented.,high,Keep water m3 missing. Do not apply an unreviewed cfs/gpm conversion.,False
cooling_schedule8_units_not_comparable,coverage_limitation,sched8_2011_2012_flow_rate_units,low,2011,5.0,Beaver,,,8073,,,,,,EIA-923 Schedule 8 native rates,2011-2012 Schedule 8 flow rates are not converted; units are not defensibly the same as 2013+ gpm / million-gallon volumes,standardized million-gallon cooling product,water_m3 left missing,,,2011-2012 Schedule 8 flow-rate units are not converted,Documented coverage limitation. Native rates are retained; m3 was not invented.,high,Keep water m3 missing. Do not apply an unreviewed cfs/gpm conversion.,False
cooling_schedule8_units_not_comparable,coverage_limitation,sched8_2011_2012_flow_rate_units,low,2011,5.0,Hermiston,,,54761,,,,,,EIA-923 Schedule 8 native rates,2011-2012 Schedule 8 flow rates are not converted; units are not defensibly the same as 2013+ gpm / million-gallon volumes,standardized million-gallon cooling product,water_m3 left missing,,,2011-2012 Schedule 8 flow-rate units are not converted,Documented coverage limitation. Native rates are retained; m3 was not invented.,high,Keep water m3 missing. Do not apply an unreviewed cfs/gpm conversion.,False
cooling_schedule8_units_not_comparable,coverage_limitation,sched8_2011_2012_flow_rate_units,low,2011,5.0,Klamath Cogeneration Project,,,55103,,,,,,EIA-923 Schedule 8 native rates,2011-2012 Schedule 8 flow rates are not converted; units are not defensibly the same as 2013+ gpm / million-gallon volumes,standardized million-gallon cooling product,water_m3 left missing,,,2011-2012 Schedule 8 flow-rate units are not converted,Documented coverage limitation. Native rates are retained; m3 was not invented.,high,Keep water m3 missing. Do not apply an unreviewed cfs/gpm conversion.,False
cooling_schedule8_units_not_comparable,coverage_limitation,sched8_2011_2012_flow_rate_units,low,2011,5.0,Hermiston Power Plant,,,55328,,,,,,EIA-923 Schedule 8 native rates,2011-2012 Schedule 8 flow rates are not converted; units are not defensibly the same as 2013+ gpm / million-gallon volumes,standardized million-gallon cooling product,water_m3 left missing,,,2011-2012 Schedule 8 flow-rate units are not converted,Documented coverage limitation. Native rates are retained; m3 was not invented.,high,Keep water m3 missing. Do not apply an unreviewed cfs/gpm conversion.,False
cooling_schedule8_units_not_comparable,coverage_limitation,sched8_2011_2012_flow_rate_units,low,2011,5.0,Port Westward,,,56227,,,,,,EIA-923 Schedule 8 native rates,2011-2012 Schedule 8 flow rates are not converted; units are not defensibly the same as 2013+ gpm / million-gallon volumes,standardized million-gallon cooling product,water_m3 left missing,,,2011-2012 Schedule 8 flow-rate units are not converted,Documented coverage limitation. Native rates are retained; m3 was not invented.,high,Keep water m3 missing. Do not apply an unreviewed cfs/gpm conversion.,False
cooling_schedule8_units_not_comparable,coverage_limitation,sched8_2011_2012_flow_rate_units,low,2011,6.0,Boardman,,,6106,,,,,,EIA-923 Schedule 8 native rates,2011-2012 Schedule 8 flow rates are not converted; units are not defensibly the same as 2013+ gpm / million-gallon volumes,standardized million-gallon cooling product,water_m3 left missing,,,2011-2012 Schedule 8 flow-rate units are not converted,Documented coverage limitation. Native rates are retained; m3 was not invented.,high,Keep water m3 missing. Do not apply an unreviewed cfs/gpm conversion.,False
cooling_schedule8_units_not_comparable,coverage_limitation,sched8_2011_2012_flow_rate_units,low,2011,6.0,Coyote Springs,,,7931,,,,,,EIA-923 Schedule 8 native rates,2011-2012 Schedule 8 flow rates are not converted; units are not defensibly the same as 2013+ gpm / million-gallon volumes,standardized million-gallon cooling product,water_m3 left missing,,,2011-2012 Schedule 8 flow-rate units are not converted,Documented coverage limitation. Native rates are retained; m3 was not invented.,high,Keep water m3 missing. Do not apply an unreviewed cfs/gpm conversion.,False
cooling_schedule8_units_not_comparable,coverage_limitation,sched8_2011_2012_flow_rate_units,low,2011,6.0,Beaver,,,8073,,,,,,EIA-923 Schedule 8 native rates,2011-2012 Schedule 8 flow rates are not converted; units are not defensibly the same as 2013+ gpm / million-gallon volumes,standardized million-gallon cooling product,water_m3 left missing,,,2011-2012 Schedule 8 flow-rate units are not converted,Documented coverage limitation. Native rates are retained; m3 was not invented.,high,Keep water m3 missing. Do not apply an unreviewed cfs/gpm conversion.,False
cooling_schedule8_units_not_comparable,coverage_limitation,sched8_2011_2012_flow_rate_units,low,2011,6.0,Hermiston,,,54761,,,,,,EIA-923 Schedule 8 native rates,2011-2012 Schedule 8 flow rates are not converted; units are not defensibly the same as 2013+ gpm / million-gallon volumes,standardized million-gallon cooling product,water_m3 left missing,,,2011-2012 Schedule 8 flow-rate units are not converted,Documented coverage limitation. Native rates are retained; m3 was not invented.,high,Keep water m3 missing. Do not apply an unreviewed cfs/gpm conversion.,False
cooling_schedule8_units_not_comparable,coverage_limitation,sched8_2011_2012_flow_rate_units,low,2011,6.0,Klamath Cogeneration Project,,,55103,,,,,,EIA-923 Schedule 8 native rates,2011-2012 Schedule 8 flow rates are not converted; units are not defensibly the same as 2013+ gpm / million-gallon volumes,standardized million-gallon cooling product,water_m3 left missing,,,2011-2012 Schedule 8 flow-rate units are not converted,Documented coverage limitation. Native rates are retained; m3 was not invented.,high,Keep water m3 missing. Do not apply an unreviewed cfs/gpm conversion.,False
cooling_schedule8_units_not_comparable,coverage_limitation,sched8_2011_2012_flow_rate_units,low,2011,6.0,Hermiston Power Plant,,,55328,,,,,,EIA-923 Schedule 8 native rates,2011-2012 Schedule 8 flow rates are not converted; units are not defensibly the same as 2013+ gpm / million-gallon volumes,standardized million-gallon cooling product,water_m3 left missing,,,2011-2012 Schedule 8 flow-rate units are not converted,Documented coverage limitation. Native rates are retained; m3 was not invented.,high,Keep water m3 missing. Do not apply an unreviewed cfs/gpm conversion.,False
cooling_schedule8_units_not_comparable,coverage_limitation,sched8_2011_2012_flow_rate_units,low,2011,6.0,Port Westward,,,56227,,,,,,EIA-923 Schedule 8 native rates,2011-2012 Schedule 8 flow rates are not converted; units are not defensibly the same as 2013+ gpm / million-gallon volumes,standardized million-gallon cooling product,water_m3 left missing,,,2011-2012 Schedule 8 flow-rate units are not converted,Documented coverage limitation. Native rates are retained; m3 was not invented.,high,Keep water m3 missing. Do not apply an unreviewed cfs/gpm conversion.,False
cooling_schedule8_units_not_comparable,coverage_limitation,sched8_2011_2012_flow_rate_units,low,2011,7.0,Boardman,,,6106,,,,,,EIA-923 Schedule 8 native rates,2011-2012 Schedule 8 flow rates are not converted; units are not defensibly the same as 2013+ gpm / million-gallon volumes,standardized million-gallon cooling product,water_m3 left missing,,,2011-2012 Schedule 8 flow-rate units are not converted,Documented coverage limitation. Native rates are retained; m3 was not invented.,high,Keep water m3 missing. Do not apply an unreviewed cfs/gpm conversion.,False
cooling_schedule8_units_not_comparable,coverage_limitation,sched8_2011_2012_flow_rate_units,low,2011,7.0,Coyote Springs,,,7931,,,,,,EIA-923 Schedule 8 native rates,2011-2012 Schedule 8 flow rates are not converted; units are not defensibly the same as 2013+ gpm / million-gallon volumes,standardized million-gallon cooling product,water_m3 left missing,,,2011-2012 Schedule 8 flow-rate units are not converted,Documented coverage limitation. Native rates are retained; m3 was not invented.,high,Keep water m3 missing. Do not apply an unreviewed cfs/gpm conversion.,False
cooling_schedule8_units_not_comparable,coverage_limitation,sched8_2011_2012_flow_rate_units,low,2011,7.0,Beaver,,,8073,,,,,,EIA-923 Schedule 8 native rates,2011-2012 Schedule 8 flow rates are not converted; units are not defensibly the same as 2013+ gpm / million-gallon volumes,standardized million-gallon cooling product,water_m3 left missing,,,2011-2012 Schedule 8 flow-rate units are not converted,Documented coverage limitation. Native rates are retained; m3 was not invented.,high,Keep water m3 missing. Do not apply an unreviewed cfs/gpm conversion.,False
cooling_schedule8_units_not_comparable,coverage_limitation,sched8_2011_2012_flow_rate_units,low,2011,7.0,Hermiston,,,54761,,,,,,EIA-923 Schedule 8 native rates,2011-2012 Schedule 8 flow rates are not converted; units are not defensibly the same as 2013+ gpm / million-gallon volumes,standardized million-gallon cooling product,water_m3 left missing,,,2011-2012 Schedule 8 flow-rate units are not converted,Documented coverage limitation. Native rates are retained; m3 was not invented.,high,Keep water m3 missing. Do not apply an unreviewed cfs/gpm conversion.,False
cooling_schedule8_units_not_comparable,coverage_limitation,sched8_2011_2012_flow_rate_units,low,2011,7.0,Klamath Cogeneration Project,,,55103,,,,,,EIA-923 Schedule 8 native rates,2011-2012 Schedule 8 flow rates are not converted; units are not defensibly the same as 2013+ gpm / million-gallon volumes,standardized million-gallon cooling product,water_m3 left missing,,,2011-2012 Schedule 8 flow-rate units are not converted,Documented coverage limitation. Native rates are retained; m3 was not invented.,high,Keep water m3 missing. Do not apply an unreviewed cfs/gpm conversion.,False
cooling_schedule8_units_not_comparable,coverage_limitation,sched8_2011_2012_flow_rate_units,low,2011,7.0,Hermiston Power Plant,,,55328,,,,,,EIA-923 Schedule 8 native rates,2011-2012 Schedule 8 flow rates are not converted; units are not defensibly the same as 2013+ gpm / million-gallon volumes,standardized million-gallon cooling product,water_m3 left missing,,,2011-2012 Schedule 8 flow-rate units are not converted,Documented coverage limitation. Native rates are retained; m3 was not invented.,high,Keep water m3 missing. Do not apply an unreviewed cfs/gpm conversion.,False
cooling_schedule8_units_not_comparable,coverage_limitation,sched8_2011_2012_flow_rate_units,low,2011,7.0,Port Westward,,,56227,,,,,,EIA-923 Schedule 8 native rates,2011-2012 Schedule 8 flow rates are not converted; units are not defensibly the same as 2013+ gpm / million-gallon volumes,standardized million-gallon cooling product,water_m3 left missing,,,2011-2012 Schedule 8 flow-rate units are not converted,Documented coverage limitation. Native rates are retained; m3 was not invented.,high,Keep water m3 missing. Do not apply an unreviewed cfs/gpm conversion.,False
cooling_schedule8_units_not_comparable,coverage_limitation,sched8_2011_2012_flow_rate_units,low,2011,8.0,Boardman,,,6106,,,,,,EIA-923 Schedule 8 native rates,2011-2012 Schedule 8 flow rates are not converted; units are not defensibly the same as 2013+ gpm / million-gallon volumes,standardized million-gallon cooling product,water_m3 left missing,,,2011-2012 Schedule 8 flow-rate units are not converted,Documented coverage limitation. Native rates are retained; m3 was not invented.,high,Keep water m3 missing. Do not apply an unreviewed cfs/gpm conversion.,False
cooling_schedule8_units_not_comparable,coverage_limitation,sched8_2011_2012_flow_rate_units,low,2011,8.0,Coyote Springs,,,7931,,,,,,EIA-923 Schedule 8 native rates,2011-2012 Schedule 8 flow rates are not converted; units are not defensibly the same as 2013+ gpm / million-gallon volumes,standardized million-gallon cooling product,water_m3 left missing,,,2011-2012 Schedule 8 flow-rate units are not converted,Documented coverage limitation. Native rates are retained; m3 was not invented.,high,Keep water m3 missing. Do not apply an unreviewed cfs/gpm conversion.,False
cooling_schedule8_units_not_comparable,coverage_limitation,sched8_2011_2012_flow_rate_units,low,2011,8.0,Beaver,,,8073,,,,,,EIA-923 Schedule 8 native rates,2011-2012 Schedule 8 flow rates are not converted; units are not defensibly the same as 2013+ gpm / million-gallon volumes,standardized million-gallon cooling product,water_m3 left missing,,,2011-2012 Schedule 8 flow-rate units are not converted,Documented coverage limitation. Native rates are retained; m3 was not invented.,high,Keep water m3 missing. Do not apply an unreviewed cfs/gpm conversion.,False
cooling_schedule8_units_not_comparable,coverage_limitation,sched8_2011_2012_flow_rate_units,low,2011,8.0,Hermiston,,,54761,,,,,,EIA-923 Schedule 8 native rates,2011-2012 Schedule 8 flow rates are not converted; units are not defensibly the same as 2013+ gpm / million-gallon volumes,standardized million-gallon cooling product,water_m3 left missing,,,2011-2012 Schedule 8 flow-rate units are not converted,Documented coverage limitation. Native rates are retained; m3 was not invented.,high,Keep water m3 missing. Do not apply an unreviewed cfs/gpm conversion.,False
cooling_schedule8_units_not_comparable,coverage_limitation,sched8_2011_2012_flow_rate_units,low,2011,8.0,Klamath Cogeneration Project,,,55103,,,,,,EIA-923 Schedule 8 native rates,2011-2012 Schedule 8 flow rates are not converted; units are not defensibly the same as 2013+ gpm / million-gallon volumes,standardized million-gallon cooling product,water_m3 left missing,,,2011-2012 Schedule 8 flow-rate units are not converted,Documented coverage limitation. Native rates are retained; m3 was not invented.,high,Keep water m3 missing. Do not apply an unreviewed cfs/gpm conversion.,False
cooling_schedule8_units_not_comparable,coverage_limitation,sched8_2011_2012_flow_rate_units,low,2011,8.0,Hermiston Power Plant,,,55328,,,,,,EIA-923 Schedule 8 native rates,2011-2012 Schedule 8 flow rates are not converted; units are not defensibly the same as 2013+ gpm / million-gallon volumes,standardized million-gallon cooling product,water_m3 left missing,,,2011-2012 Schedule 8 flow-rate units are not converted,Documented coverage limitation. Native rates are retained; m3 was not invented.,high,Keep water m3 missing. Do not apply an unreviewed cfs/gpm conversion.,False
cooling_schedule8_units_not_comparable,coverage_limitation,sched8_2011_2012_flow_rate_units,low,2011,8.0,Port Westward,,,56227,,,,,,EIA-923 Schedule 8 native rates,2011-2012 Schedule 8 flow rates are not converted; units are not defensibly the same as 2013+ gpm / million-gallon volumes,standardized million-gallon cooling product,water_m3 left missing,,,2011-2012 Schedule 8 flow-rate units are not converted,Documented coverage limitation. Native rates are retained; m3 was not invented.,high,Keep water m3 missing. Do not apply an unreviewed cfs/gpm conversion.,False
cooling_schedule8_units_not_comparable,coverage_limitation,sched8_2011_2012_flow_rate_units,low,2011,9.0,Boardman,,,6106,,,,,,EIA-923 Schedule 8 native rates,2011-2012 Schedule 8 flow rates are not converted; units are not defensibly the same as 2013+ gpm / million-gallon volumes,standardized million-gallon cooling product,water_m3 left missing,,,2011-2012 Schedule 8 flow-rate units are not converted,Documented coverage limitation. Native rates are retained; m3 was not invented.,high,Keep water m3 missing. Do not apply an unreviewed cfs/gpm conversion.,False
cooling_schedule8_units_not_comparable,coverage_limitation,sched8_2011_2012_flow_rate_units,low,2011,9.0,Coyote Springs,,,7931,,,,,,EIA-923 Schedule 8 native rates,2011-2012 Schedule 8 flow rates are not converted; units are not defensibly the same as 2013+ gpm / million-gallon volumes,standardized million-gallon cooling product,water_m3 left missing,,,2011-2012 Schedule 8 flow-rate units are not converted,Documented coverage limitation. Native rates are retained; m3 was not invented.,high,Keep water m3 missing. Do not apply an unreviewed cfs/gpm conversion.,False
cooling_schedule8_units_not_comparable,coverage_limitation,sched8_2011_2012_flow_rate_units,low,2011,9.0,Beaver,,,8073,,,,,,EIA-923 Schedule 8 native rates,2011-2012 Schedule 8 flow rates are not converted; units are not defensibly the same as 2013+ gpm / million-gallon volumes,standardized million-gallon cooling product,water_m3 left missing,,,2011-2012 Schedule 8 flow-rate units are not converted,Documented coverage limitation. Native rates are retained; m3 was not invented.,high,Keep water m3 missing. Do not apply an unreviewed cfs/gpm conversion.,False
cooling_schedule8_units_not_comparable,coverage_limitation,sched8_2011_2012_flow_rate_units,low,2011,9.0,Hermiston,,,54761,,,,,,EIA-923 Schedule 8 native rates,2011-2012 Schedule 8 flow rates are not converted; units are not defensibly the same as 2013+ gpm / million-gallon volumes,standardized million-gallon cooling product,water_m3 left missing,,,2011-2012 Schedule 8 flow-rate units are not converted,Documented coverage limitation. Native rates are retained; m3 was not invented.,high,Keep water m3 missing. Do not apply an unreviewed cfs/gpm conversion.,False
cooling_schedule8_units_not_comparable,coverage_limitation,sched8_2011_2012_flow_rate_units,low,2011,9.0,Klamath Cogeneration Project,,,55103,,,,,,EIA-923 Schedule 8 native rates,2011-2012 Schedule 8 flow rates are not converted; units are not defensibly the same as 2013+ gpm / million-gallon volumes,standardized million-gallon cooling product,water_m3 left missing,,,2011-2012 Schedule 8 flow-rate units are not converted,Documented coverage limitation. Native rates are retained; m3 was not invented.,high,Keep water m3 missing. Do not apply an unreviewed cfs/gpm conversion.,False
cooling_schedule8_units_not_comparable,coverage_limitation,sched8_2011_2012_flow_rate_units,low,2011,9.0,Hermiston Power Plant,,,55328,,,,,,EIA-923 Schedule 8 native rates,2011-2012 Schedule 8 flow rates are not converted; units are not defensibly the same as 2013+ gpm / million-gallon volumes,standardized million-gallon cooling product,water_m3 left missing,,,2011-2012 Schedule 8 flow-rate units are not converted,Documented coverage limitation. Native rates are retained; m3 was not invented.,high,Keep water m3 missing. Do not apply an unreviewed cfs/gpm conversion.,False
cooling_schedule8_units_not_comparable,coverage_limitation,sched8_2011_2012_flow_rate_units,low,2011,9.0,Port Westward,,,56227,,,,,,EIA-923 Schedule 8 native rates,2011-2012 Schedule 8 flow rates are not converted; units are not defensibly the same as 2013+ gpm / million-gallon volumes,standardized million-gallon cooling product,water_m3 left missing,,,2011-2012 Schedule 8 flow-rate units are not converted,Documented coverage limitation. Native rates are retained; m3 was not invented.,high,Keep water m3 missing. Do not apply an unreviewed cfs/gpm conversion.,False
cooling_schedule8_units_not_comparable,coverage_limitation,sched8_2011_2012_flow_rate_units,low,2011,10.0,Boardman,,,6106,,,,,,EIA-923 Schedule 8 native rates,2011-2012 Schedule 8 flow rates are not converted; units are not defensibly the same as 2013+ gpm / million-gallon volumes,standardized million-gallon cooling product,water_m3 left missing,,,2011-2012 Schedule 8 flow-rate units are not converted,Documented coverage limitation. Native rates are retained; m3 was not invented.,high,Keep water m3 missing. Do not apply an unreviewed cfs/gpm conversion.,False
cooling_schedule8_units_not_comparable,coverage_limitation,sched8_2011_2012_flow_rate_units,low,2011,10.0,Coyote Springs,,,7931,,,,,,EIA-923 Schedule 8 native rates,2011-2012 Schedule 8 flow rates are not converted; units are not defensibly the same as 2013+ gpm / million-gallon volumes,standardized million-gallon cooling product,water_m3 left missing,,,2011-2012 Schedule 8 flow-rate units are not converted,Documented coverage limitation. Native rates are retained; m3 was not invented.,high,Keep water m3 missing. Do not apply an unreviewed cfs/gpm conversion.,False
cooling_schedule8_units_not_comparable,coverage_limitation,sched8_2011_2012_flow_rate_units,low,2011,10.0,Beaver,,,8073,,,,,,EIA-923 Schedule 8 native rates,2011-2012 Schedule 8 flow rates are not converted; units are not defensibly the same as 2013+ gpm / million-gallon volumes,standardized million-gallon cooling product,water_m3 left missing,,,2011-2012 Schedule 8 flow-rate units are not converted,Documented coverage limitation. Native rates are retained; m3 was not invented.,high,Keep water m3 missing. Do not apply an unreviewed cfs/gpm conversion.,False
cooling_schedule8_units_not_comparable,coverage_limitation,sched8_2011_2012_flow_rate_units,low,2011,10.0,Hermiston,,,54761,,,,,,EIA-923 Schedule 8 native rates,2011-2012 Schedule 8 flow rates are not converted; units are not defensibly the same as 2013+ gpm / million-gallon volumes,standardized million-gallon cooling product,water_m3 left missing,,,2011-2012 Schedule 8 flow-rate units are not converted,Documented coverage limitation. Native rates are retained; m3 was not invented.,high,Keep water m3 missing. Do not apply an unreviewed cfs/gpm conversion.,False
cooling_schedule8_units_not_comparable,coverage_limitation,sched8_2011_2012_flow_rate_units,low,2011,10.0,Klamath Cogeneration Project,,,55103,,,,,,EIA-923 Schedule 8 native rates,2011-2012 Schedule 8 flow rates are not converted; units are not defensibly the same as 2013+ gpm / million-gallon volumes,standardized million-gallon cooling product,water_m3 left missing,,,2011-2012 Schedule 8 flow-rate units are not converted,Documented coverage limitation. Native rates are retained; m3 was not invented.,high,Keep water m3 missing. Do not apply an unreviewed cfs/gpm conversion.,False
cooling_schedule8_units_not_comparable,coverage_limitation,sched8_2011_2012_flow_rate_units,low,2011,10.0,Hermiston Power Plant,,,55328,,,,,,EIA-923 Schedule 8 native rates,2011-2012 Schedule 8 flow rates are not converted; units are not defensibly the same as 2013+ gpm / million-gallon volumes,standardized million-gallon cooling product,water_m3 left missing,,,2011-2012 Schedule 8 flow-rate units are not converted,Documented coverage limitation. Native rates are retained; m3 was not invented.,high,Keep water m3 missing. Do not apply an unreviewed cfs/gpm conversion.,False
cooling_schedule8_units_not_comparable,coverage_limitation,sched8_2011_2012_flow_rate_units,low,2011,10.0,Port Westward,,,56227,,,,,,EIA-923 Schedule 8 native rates,2011-2012 Schedule 8 flow rates are not converted; units are not defensibly the same as 2013+ gpm / million-gallon volumes,standardized million-gallon cooling product,water_m3 left missing,,,2011-2012 Schedule 8 flow-rate units are not converted,Documented coverage limitation. Native rates are retained; m3 was not invented.,high,Keep water m3 missing. Do not apply an unreviewed cfs/gpm conversion.,False
cooling_schedule8_units_not_comparable,coverage_limitation,sched8_2011_2012_flow_rate_units,low,2011,11.0,Boardman,,,6106,,,,,,EIA-923 Schedule 8 native rates,2011-2012 Schedule 8 flow rates are not converted; units are not defensibly the same as 2013+ gpm / million-gallon volumes,standardized million-gallon cooling product,water_m3 left missing,,,2011-2012 Schedule 8 flow-rate units are not converted,Documented coverage limitation. Native rates are retained; m3 was not invented.,high,Keep water m3 missing. Do not apply an unreviewed cfs/gpm conversion.,False
cooling_schedule8_units_not_comparable,coverage_limitation,sched8_2011_2012_flow_rate_units,low,2011,11.0,Coyote Springs,,,7931,,,,,,EIA-923 Schedule 8 native rates,2011-2012 Schedule 8 flow rates are not converted; units are not defensibly the same as 2013+ gpm / million-gallon volumes,standardized million-gallon cooling product,water_m3 left missing,,,2011-2012 Schedule 8 flow-rate units are not converted,Documented coverage limitation. Native rates are retained; m3 was not invented.,high,Keep water m3 missing. Do not apply an unreviewed cfs/gpm conversion.,False
cooling_schedule8_units_not_comparable,coverage_limitation,sched8_2011_2012_flow_rate_units,low,2011,11.0,Beaver,,,8073,,,,,,EIA-923 Schedule 8 native rates,2011-2012 Schedule 8 flow rates are not converted; units are not defensibly the same as 2013+ gpm / million-gallon volumes,standardized million-gallon cooling product,water_m3 left missing,,,2011-2012 Schedule 8 flow-rate units are not converted,Documented coverage limitation. Native rates are retained; m3 was not invented.,high,Keep water m3 missing. Do not apply an unreviewed cfs/gpm conversion.,False
cooling_schedule8_units_not_comparable,coverage_limitation,sched8_2011_2012_flow_rate_units,low,2011,11.0,Hermiston,,,54761,,,,,,EIA-923 Schedule 8 native rates,2011-2012 Schedule 8 flow rates are not converted; units are not defensibly the same as 2013+ gpm / million-gallon volumes,standardized million-gallon cooling product,water_m3 left missing,,,2011-2012 Schedule 8 flow-rate units are not converted,Documented coverage limitation. Native rates are retained; m3 was not invented.,high,Keep water m3 missing. Do not apply an unreviewed cfs/gpm conversion.,False
cooling_schedule8_units_not_comparable,coverage_limitation,sched8_2011_2012_flow_rate_units,low,2011,11.0,Klamath Cogeneration Project,,,55103,,,,,,EIA-923 Schedule 8 native rates,2011-2012 Schedule 8 flow rates are not converted; units are not defensibly the same as 2013+ gpm / million-gallon volumes,standardized million-gallon cooling product,water_m3 left missing,,,2011-2012 Schedule 8 flow-rate units are not converted,Documented coverage limitation. Native rates are retained; m3 was not invented.,high,Keep water m3 missing. Do not apply an unreviewed cfs/gpm conversion.,False
cooling_schedule8_units_not_comparable,coverage_limitation,sched8_2011_2012_flow_rate_units,low,2011,11.0,Hermiston Power Plant,,,55328,,,,,,EIA-923 Schedule 8 native rates,2011-2012 Schedule 8 flow rates are not converted; units are not defensibly the same as 2013+ gpm / million-gallon volumes,standardized million-gallon cooling product,water_m3 left missing,,,2011-2012 Schedule 8 flow-rate units are not converted,Documented coverage limitation. Native rates are retained; m3 was not invented.,high,Keep water m3 missing. Do not apply an unreviewed cfs/gpm conversion.,False
cooling_schedule8_units_not_comparable,coverage_limitation,sched8_2011_2012_flow_rate_units,low,2011,11.0,Port Westward,,,56227,,,,,,EIA-923 Schedule 8 native rates,2011-2012 Schedule 8 flow rates are not converted; units are not defensibly the same as 2013+ gpm / million-gallon volumes,standardized million-gallon cooling product,water_m3 left missing,,,2011-2012 Schedule 8 flow-rate units are not converted,Documented coverage limitation. Native rates are retained; m3 was not invented.,high,Keep water m3 missing. Do not apply an unreviewed cfs/gpm conversion.,False
cooling_schedule8_units_not_comparable,coverage_limitation,sched8_2011_2012_flow_rate_units,low,2011,12.0,Boardman,,,6106,,,,,,EIA-923 Schedule 8 native rates,2011-2012 Schedule 8 flow rates are not converted; units are not defensibly the same as 2013+ gpm / million-gallon volumes,standardized million-gallon cooling product,water_m3 left missing,,,2011-2012 Schedule 8 flow-rate units are not converted,Documented coverage limitation. Native rates are retained; m3 was not invented.,high,Keep water m3 missing. Do not apply an unreviewed cfs/gpm conversion.,False
cooling_schedule8_units_not_comparable,coverage_limitation,sched8_2011_2012_flow_rate_units,low,2011,12.0,Coyote Springs,,,7931,,,,,,EIA-923 Schedule 8 native rates,2011-2012 Schedule 8 flow rates are not converted; units are not defensibly the same as 2013+ gpm / million-gallon volumes,standardized million-gallon cooling product,water_m3 left missing,,,2011-2012 Schedule 8 flow-rate units are not converted,Documented coverage limitation. Native rates are retained; m3 was not invented.,high,Keep water m3 missing. Do not apply an unreviewed cfs/gpm conversion.,False
cooling_schedule8_units_not_comparable,coverage_limitation,sched8_2011_2012_flow_rate_units,low,2011,12.0,Beaver,,,8073,,,,,,EIA-923 Schedule 8 native rates,2011-2012 Schedule 8 flow rates are not converted; units are not defensibly the same as 2013+ gpm / million-gallon volumes,standardized million-gallon cooling product,water_m3 left missing,,,2011-2012 Schedule 8 flow-rate units are not converted,Documented coverage limitation. Native rates are retained; m3 was not invented.,high,Keep water m3 missing. Do not apply an unreviewed cfs/gpm conversion.,False
cooling_schedule8_units_not_comparable,coverage_limitation,sched8_2011_2012_flow_rate_units,low,2011,12.0,Hermiston,,,54761,,,,,,EIA-923 Schedule 8 native rates,2011-2012 Schedule 8 flow rates are not converted; units are not defensibly the same as 2013+ gpm / million-gallon volumes,standardized million-gallon cooling product,water_m3 left missing,,,2011-2012 Schedule 8 flow-rate units are not converted,Documented coverage limitation. Native rates are retained; m3 was not invented.,high,Keep water m3 missing. Do not apply an unreviewed cfs/gpm conversion.,False
cooling_schedule8_units_not_comparable,coverage_limitation,sched8_2011_2012_flow_rate_units,low,2011,12.0,Klamath Cogeneration Project,,,55103,,,,,,EIA-923 Schedule 8 native rates,2011-2012 Schedule 8 flow rates are not converted; units are not defensibly the same as 2013+ gpm / million-gallon volumes,standardized million-gallon cooling product,water_m3 left missing,,,2011-2012 Schedule 8 flow-rate units are not converted,Documented coverage limitation. Native rates are retained; m3 was not invented.,high,Keep water m3 missing. Do not apply an unreviewed cfs/gpm conversion.,False
cooling_schedule8_units_not_comparable,coverage_limitation,sched8_2011_2012_flow_rate_units,low,2011,12.0,Hermiston Power Plant,,,55328,,,,,,EIA-923 Schedule 8 native rates,2011-2012 Schedule 8 flow rates are not converted; units are not defensibly the same as 2013+ gpm / million-gallon volumes,standardized million-gallon cooling product,water_m3 left missing,,,2011-2012 Schedule 8 flow-rate units are not converted,Documented coverage limitation. Native rates are retained; m3 was not invented.,high,Keep water m3 missing. Do not apply an unreviewed cfs/gpm conversion.,False
cooling_schedule8_units_not_comparable,coverage_limitation,sched8_2011_2012_flow_rate_units,low,2011,12.0,Port Westward,,,56227,,,,,,EIA-923 Schedule 8 native rates,2011-2012 Schedule 8 flow rates are not converted; units are not defensibly the same as 2013+ gpm / million-gallon volumes,standardized million-gallon cooling product,water_m3 left missing,,,2011-2012 Schedule 8 flow-rate units are not converted,Documented coverage limitation. Native rates are retained; m3 was not invented.,high,Keep water m3 missing. Do not apply an unreviewed cfs/gpm conversion.,False
cooling_schedule8_units_not_comparable,coverage_limitation,sched8_2011_2012_flow_rate_units,low,2012,1.0,Boardman,,,6106,,,,,,EIA-923 Schedule 8 native rates,2011-2012 Schedule 8 flow rates are not converted; units are not defensibly the same as 2013+ gpm / million-gallon volumes,standardized million-gallon cooling product,water_m3 left missing,,,2011-2012 Schedule 8 flow-rate units are not converted,Documented coverage limitation. Native rates are retained; m3 was not invented.,high,Keep water m3 missing. Do not apply an unreviewed cfs/gpm conversion.,False
cooling_schedule8_units_not_comparable,coverage_limitation,sched8_2011_2012_flow_rate_units,low,2012,1.0,Coyote Springs,,,7931,,,,,,EIA-923 Schedule 8 native rates,2011-2012 Schedule 8 flow rates are not converted; units are not defensibly the same as 2013+ gpm / million-gallon volumes,standardized million-gallon cooling product,water_m3 left missing,,,2011-2012 Schedule 8 flow-rate units are not converted,Documented coverage limitation. Native rates are retained; m3 was not invented.,high,Keep water m3 missing. Do not apply an unreviewed cfs/gpm conversion.,False
cooling_schedule8_units_not_comparable,coverage_limitation,sched8_2011_2012_flow_rate_units,low,2012,1.0,Beaver,,,8073,,,,,,EIA-923 Schedule 8 native rates,2011-2012 Schedule 8 flow rates are not converted; units are not defensibly the same as 2013+ gpm / million-gallon volumes,standardized million-gallon cooling product,water_m3 left missing,,,2011-2012 Schedule 8 flow-rate units are not converted,Documented coverage limitation. Native rates are retained; m3 was not invented.,high,Keep water m3 missing. Do not apply an unreviewed cfs/gpm conversion.,False
cooling_schedule8_units_not_comparable,coverage_limitation,sched8_2011_2012_flow_rate_units,low,2012,1.0,Hermiston,,,54761,,,,,,EIA-923 Schedule 8 native rates,2011-2012 Schedule 8 flow rates are not converted; units are not defensibly the same as 2013+ gpm / million-gallon volumes,standardized million-gallon cooling product,water_m3 left missing,,,2011-2012 Schedule 8 flow-rate units are not converted,Documented coverage limitation. Native rates are retained; m3 was not invented.,high,Keep water m3 missing. Do not apply an unreviewed cfs/gpm conversion.,False
cooling_schedule8_units_not_comparable,coverage_limitation,sched8_2011_2012_flow_rate_units,low,2012,1.0,Klamath Cogeneration Project,,,55103,,,,,,EIA-923 Schedule 8 native rates,2011-2012 Schedule 8 flow rates are not converted; units are not defensibly the same as 2013+ gpm / million-gallon volumes,standardized million-gallon cooling product,water_m3 left missing,,,2011-2012 Schedule 8 flow-rate units are not converted,Documented coverage limitation. Native rates are retained; m3 was not invented.,high,Keep water m3 missing. Do not apply an unreviewed cfs/gpm conversion.,False
cooling_schedule8_units_not_comparable,coverage_limitation,sched8_2011_2012_flow_rate_units,low,2012,1.0,Hermiston Power Plant,,,55328,,,,,,EIA-923 Schedule 8 native rates,2011-2012 Schedule 8 flow rates are not converted; units are not defensibly the same as 2013+ gpm / million-gallon volumes,standardized million-gallon cooling product,water_m3 left missing,,,2011-2012 Schedule 8 flow-rate units are not converted,Documented coverage limitation. Native rates are retained; m3 was not invented.,high,Keep water m3 missing. Do not apply an unreviewed cfs/gpm conversion.,False
cooling_schedule8_units_not_comparable,coverage_limitation,sched8_2011_2012_flow_rate_units,low,2012,1.0,Port Westward,,,56227,,,,,,EIA-923 Schedule 8 native rates,2011-2012 Schedule 8 flow rates are not converted; units are not defensibly the same as 2013+ gpm / million-gallon volumes,standardized million-gallon cooling product,water_m3 left missing,,,2011-2012 Schedule 8 flow-rate units are not converted,Documented coverage limitation. Native rates are retained; m3 was not invented.,high,Keep water m3 missing. Do not apply an unreviewed cfs/gpm conversion.,False
cooling_schedule8_units_not_comparable,coverage_limitation,sched8_2011_2012_flow_rate_units,low,2012,2.0,Boardman,,,6106,,,,,,EIA-923 Schedule 8 native rates,2011-2012 Schedule 8 flow rates are not converted; units are not defensibly the same as 2013+ gpm / million-gallon volumes,standardized million-gallon cooling product,water_m3 left missing,,,2011-2012 Schedule 8 flow-rate units are not converted,Documented coverage limitation. Native rates are retained; m3 was not invented.,high,Keep water m3 missing. Do not apply an unreviewed cfs/gpm conversion.,False
cooling_schedule8_units_not_comparable,coverage_limitation,sched8_2011_2012_flow_rate_units,low,2012,2.0,Coyote Springs,,,7931,,,,,,EIA-923 Schedule 8 native rates,2011-2012 Schedule 8 flow rates are not converted; units are not defensibly the same as 2013+ gpm / million-gallon volumes,standardized million-gallon cooling product,water_m3 left missing,,,2011-2012 Schedule 8 flow-rate units are not converted,Documented coverage limitation. Native rates are retained; m3 was not invented.,high,Keep water m3 missing. Do not apply an unreviewed cfs/gpm conversion.,False
cooling_schedule8_units_not_comparable,coverage_limitation,sched8_2011_2012_flow_rate_units,low,2012,2.0,Beaver,,,8073,,,,,,EIA-923 Schedule 8 native rates,2011-2012 Schedule 8 flow rates are not converted; units are not defensibly the same as 2013+ gpm / million-gallon volumes,standardized million-gallon cooling product,water_m3 left missing,,,2011-2012 Schedule 8 flow-rate units are not converted,Documented coverage limitation. Native rates are retained; m3 was not invented.,high,Keep water m3 missing. Do not apply an unreviewed cfs/gpm conversion.,False
cooling_schedule8_units_not_comparable,coverage_limitation,sched8_2011_2012_flow_rate_units,low,2012,2.0,Hermiston,,,54761,,,,,,EIA-923 Schedule 8 native rates,2011-2012 Schedule 8 flow rates are not converted; units are not defensibly the same as 2013+ gpm / million-gallon volumes,standardized million-gallon cooling product,water_m3 left missing,,,2011-2012 Schedule 8 flow-rate units are not converted,Documented coverage limitation. Native rates are retained; m3 was not invented.,high,Keep water m3 missing. Do not apply an unreviewed cfs/gpm conversion.,False
cooling_schedule8_units_not_comparable,coverage_limitation,sched8_2011_2012_flow_rate_units,low,2012,2.0,Klamath Cogeneration Project,,,55103,,,,,,EIA-923 Schedule 8 native rates,2011-2012 Schedule 8 flow rates are not converted; units are not defensibly the same as 2013+ gpm / million-gallon volumes,standardized million-gallon cooling product,water_m3 left missing,,,2011-2012 Schedule 8 flow-rate units are not converted,Documented coverage limitation. Native rates are retained; m3 was not invented.,high,Keep water m3 missing. Do not apply an unreviewed cfs/gpm conversion.,False
cooling_schedule8_units_not_comparable,coverage_limitation,sched8_2011_2012_flow_rate_units,low,2012,2.0,Hermiston Power Plant,,,55328,,,,,,EIA-923 Schedule 8 native rates,2011-2012 Schedule 8 flow rates are not converted; units are not defensibly the same as 2013+ gpm / million-gallon volumes,standardized million-gallon cooling product,water_m3 left missing,,,2011-2012 Schedule 8 flow-rate units are not converted,Documented coverage limitation. Native rates are retained; m3 was not invented.,high,Keep water m3 missing. Do not apply an unreviewed cfs/gpm conversion.,False
cooling_schedule8_units_not_comparable,coverage_limitation,sched8_2011_2012_flow_rate_units,low,2012,2.0,Port Westward,,,56227,,,,,,EIA-923 Schedule 8 native rates,2011-2012 Schedule 8 flow rates are not converted; units are not defensibly the same as 2013+ gpm / million-gallon volumes,standardized million-gallon cooling product,water_m3 left missing,,,2011-2012 Schedule 8 flow-rate units are not converted,Documented coverage limitation. Native rates are retained; m3 was not invented.,high,Keep water m3 missing. Do not apply an unreviewed cfs/gpm conversion.,False
cooling_schedule8_units_not_comparable,coverage_limitation,sched8_2011_2012_flow_rate_units,low,2012,3.0,Boardman,,,6106,,,,,,EIA-923 Schedule 8 native rates,2011-2012 Schedule 8 flow rates are not converted; units are not defensibly the same as 2013+ gpm / million-gallon volumes,standardized million-gallon cooling product,water_m3 left missing,,,2011-2012 Schedule 8 flow-rate units are not converted,Documented coverage limitation. Native rates are retained; m3 was not invented.,high,Keep water m3 missing. Do not apply an unreviewed cfs/gpm conversion.,False
cooling_schedule8_units_not_comparable,coverage_limitation,sched8_2011_2012_flow_rate_units,low,2012,3.0,Coyote Springs,,,7931,,,,,,EIA-923 Schedule 8 native rates,2011-2012 Schedule 8 flow rates are not converted; units are not defensibly the same as 2013+ gpm / million-gallon volumes,standardized million-gallon cooling product,water_m3 left missing,,,2011-2012 Schedule 8 flow-rate units are not converted,Documented coverage limitation. Native rates are retained; m3 was not invented.,high,Keep water m3 missing. Do not apply an unreviewed cfs/gpm conversion.,False
cooling_schedule8_units_not_comparable,coverage_limitation,sched8_2011_2012_flow_rate_units,low,2012,3.0,Beaver,,,8073,,,,,,EIA-923 Schedule 8 native rates,2011-2012 Schedule 8 flow rates are not converted; units are not defensibly the same as 2013+ gpm / million-gallon volumes,standardized million-gallon cooling product,water_m3 left missing,,,2011-2012 Schedule 8 flow-rate units are not converted,Documented coverage limitation. Native rates are retained; m3 was not invented.,high,Keep water m3 missing. Do not apply an unreviewed cfs/gpm conversion.,False
cooling_schedule8_units_not_comparable,coverage_limitation,sched8_2011_2012_flow_rate_units,low,2012,3.0,Hermiston,,,54761,,,,,,EIA-923 Schedule 8 native rates,2011-2012 Schedule 8 flow rates are not converted; units are not defensibly the same as 2013+ gpm / million-gallon volumes,standardized million-gallon cooling product,water_m3 left missing,,,2011-2012 Schedule 8 flow-rate units are not converted,Documented coverage limitation. Native rates are retained; m3 was not invented.,high,Keep water m3 missing. Do not apply an unreviewed cfs/gpm conversion.,False
cooling_schedule8_units_not_comparable,coverage_limitation,sched8_2011_2012_flow_rate_units,low,2012,3.0,Klamath Cogeneration Project,,,55103,,,,,,EIA-923 Schedule 8 native rates,2011-2012 Schedule 8 flow rates are not converted; units are not defensibly the same as 2013+ gpm / million-gallon volumes,standardized million-gallon cooling product,water_m3 left missing,,,2011-2012 Schedule 8 flow-rate units are not converted,Documented coverage limitation. Native rates are retained; m3 was not invented.,high,Keep water m3 missing. Do not apply an unreviewed cfs/gpm conversion.,False
cooling_schedule8_units_not_comparable,coverage_limitation,sched8_2011_2012_flow_rate_units,low,2012,3.0,Hermiston Power Plant,,,55328,,,,,,EIA-923 Schedule 8 native rates,2011-2012 Schedule 8 flow rates are not converted; units are not defensibly the same as 2013+ gpm / million-gallon volumes,standardized million-gallon cooling product,water_m3 left missing,,,2011-2012 Schedule 8 flow-rate units are not converted,Documented coverage limitation. Native rates are retained; m3 was not invented.,high,Keep water m3 missing. Do not apply an unreviewed cfs/gpm conversion.,False
cooling_schedule8_units_not_comparable,coverage_limitation,sched8_2011_2012_flow_rate_units,low,2012,3.0,Port Westward,,,56227,,,,,,EIA-923 Schedule 8 native rates,2011-2012 Schedule 8 flow rates are not converted; units are not defensibly the same as 2013+ gpm / million-gallon volumes,standardized million-gallon cooling product,water_m3 left missing,,,2011-2012 Schedule 8 flow-rate units are not converted,Documented coverage limitation. Native rates are retained; m3 was not invented.,high,Keep water m3 missing. Do not apply an unreviewed cfs/gpm conversion.,False
cooling_schedule8_units_not_comparable,coverage_limitation,sched8_2011_2012_flow_rate_units,low,2012,4.0,Boardman,,,6106,,,,,,EIA-923 Schedule 8 native rates,2011-2012 Schedule 8 flow rates are not converted; units are not defensibly the same as 2013+ gpm / million-gallon volumes,standardized million-gallon cooling product,water_m3 left missing,,,2011-2012 Schedule 8 flow-rate units are not converted,Documented coverage limitation. Native rates are retained; m3 was not invented.,high,Keep water m3 missing. Do not apply an unreviewed cfs/gpm conversion.,False
cooling_schedule8_units_not_comparable,coverage_limitation,sched8_2011_2012_flow_rate_units,low,2012,4.0,Coyote Springs,,,7931,,,,,,EIA-923 Schedule 8 native rates,2011-2012 Schedule 8 flow rates are not converted; units are not defensibly the same as 2013+ gpm / million-gallon volumes,standardized million-gallon cooling product,water_m3 left missing,,,2011-2012 Schedule 8 flow-rate units are not converted,Documented coverage limitation. Native rates are retained; m3 was not invented.,high,Keep water m3 missing. Do not apply an unreviewed cfs/gpm conversion.,False
cooling_schedule8_units_not_comparable,coverage_limitation,sched8_2011_2012_flow_rate_units,low,2012,4.0,Beaver,,,8073,,,,,,EIA-923 Schedule 8 native rates,2011-2012 Schedule 8 flow rates are not converted; units are not defensibly the same as 2013+ gpm / million-gallon volumes,standardized million-gallon cooling product,water_m3 left missing,,,2011-2012 Schedule 8 flow-rate units are not converted,Documented coverage limitation. Native rates are retained; m3 was not invented.,high,Keep water m3 missing. Do not apply an unreviewed cfs/gpm conversion.,False
cooling_schedule8_units_not_comparable,coverage_limitation,sched8_2011_2012_flow_rate_units,low,2012,4.0,Hermiston,,,54761,,,,,,EIA-923 Schedule 8 native rates,2011-2012 Schedule 8 flow rates are not converted; units are not defensibly the same as 2013+ gpm / million-gallon volumes,standardized million-gallon cooling product,water_m3 left missing,,,2011-2012 Schedule 8 flow-rate units are not converted,Documented coverage limitation. Native rates are retained; m3 was not invented.,high,Keep water m3 missing. Do not apply an unreviewed cfs/gpm conversion.,False
cooling_schedule8_units_not_comparable,coverage_limitation,sched8_2011_2012_flow_rate_units,low,2012,4.0,Klamath Cogeneration Project,,,55103,,,,,,EIA-923 Schedule 8 native rates,2011-2012 Schedule 8 flow rates are not converted; units are not defensibly the same as 2013+ gpm / million-gallon volumes,standardized million-gallon cooling product,water_m3 left missing,,,2011-2012 Schedule 8 flow-rate units are not converted,Documented coverage limitation. Native rates are retained; m3 was not invented.,high,Keep water m3 missing. Do not apply an unreviewed cfs/gpm conversion.,False
cooling_schedule8_units_not_comparable,coverage_limitation,sched8_2011_2012_flow_rate_units,low,2012,4.0,Hermiston Power Plant,,,55328,,,,,,EIA-923 Schedule 8 native rates,2011-2012 Schedule 8 flow rates are not converted; units are not defensibly the same as 2013+ gpm / million-gallon volumes,standardized million-gallon cooling product,water_m3 left missing,,,2011-2012 Schedule 8 flow-rate units are not converted,Documented coverage limitation. Native rates are retained; m3 was not invented.,high,Keep water m3 missing. Do not apply an unreviewed cfs/gpm conversion.,False
cooling_schedule8_units_not_comparable,coverage_limitation,sched8_2011_2012_flow_rate_units,low,2012,4.0,Port Westward,,,56227,,,,,,EIA-923 Schedule 8 native rates,2011-2012 Schedule 8 flow rates are not converted; units are not defensibly the same as 2013+ gpm / million-gallon volumes,standardized million-gallon cooling product,water_m3 left missing,,,2011-2012 Schedule 8 flow-rate units are not converted,Documented coverage limitation. Native rates are retained; m3 was not invented.,high,Keep water m3 missing. Do not apply an unreviewed cfs/gpm conversion.,False
cooling_schedule8_units_not_comparable,coverage_limitation,sched8_2011_2012_flow_rate_units,low,2012,5.0,Boardman,,,6106,,,,,,EIA-923 Schedule 8 native rates,2011-2012 Schedule 8 flow rates are not converted; units are not defensibly the same as 2013+ gpm / million-gallon volumes,standardized million-gallon cooling product,water_m3 left missing,,,2011-2012 Schedule 8 flow-rate units are not converted,Documented coverage limitation. Native rates are retained; m3 was not invented.,high,Keep water m3 missing. Do not apply an unreviewed cfs/gpm conversion.,False
cooling_schedule8_units_not_comparable,coverage_limitation,sched8_2011_2012_flow_rate_units,low,2012,5.0,Coyote Springs,,,7931,,,,,,EIA-923 Schedule 8 native rates,2011-2012 Schedule 8 flow rates are not converted; units are not defensibly the same as 2013+ gpm / million-gallon volumes,standardized million-gallon cooling product,water_m3 left missing,,,2011-2012 Schedule 8 flow-rate units are not converted,Documented coverage limitation. Native rates are retained; m3 was not invented.,high,Keep water m3 missing. Do not apply an unreviewed cfs/gpm conversion.,False
cooling_schedule8_units_not_comparable,coverage_limitation,sched8_2011_2012_flow_rate_units,low,2012,5.0,Beaver,,,8073,,,,,,EIA-923 Schedule 8 native rates,2011-2012 Schedule 8 flow rates are not converted; units are not defensibly the same as 2013+ gpm / million-gallon volumes,standardized million-gallon cooling product,water_m3 left missing,,,2011-2012 Schedule 8 flow-rate units are not converted,Documented coverage limitation. Native rates are retained; m3 was not invented.,high,Keep water m3 missing. Do not apply an unreviewed cfs/gpm conversion.,False
cooling_schedule8_units_not_comparable,coverage_limitation,sched8_2011_2012_flow_rate_units,low,2012,5.0,Hermiston,,,54761,,,,,,EIA-923 Schedule 8 native rates,2011-2012 Schedule 8 flow rates are not converted; units are not defensibly the same as 2013+ gpm / million-gallon volumes,standardized million-gallon cooling product,water_m3 left missing,,,2011-2012 Schedule 8 flow-rate units are not converted,Documented coverage limitation. Native rates are retained; m3 was not invented.,high,Keep water m3 missing. Do not apply an unreviewed cfs/gpm conversion.,False
cooling_schedule8_units_not_comparable,coverage_limitation,sched8_2011_2012_flow_rate_units,low,2012,5.0,Klamath Cogeneration Project,,,55103,,,,,,EIA-923 Schedule 8 native rates,2011-2012 Schedule 8 flow rates are not converted; units are not defensibly the same as 2013+ gpm / million-gallon volumes,standardized million-gallon cooling product,water_m3 left missing,,,2011-2012 Schedule 8 flow-rate units are not converted,Documented coverage limitation. Native rates are retained; m3 was not invented.,high,Keep water m3 missing. Do not apply an unreviewed cfs/gpm conversion.,False
cooling_schedule8_units_not_comparable,coverage_limitation,sched8_2011_2012_flow_rate_units,low,2012,5.0,Hermiston Power Plant,,,55328,,,,,,EIA-923 Schedule 8 native rates,2011-2012 Schedule 8 flow rates are not converted; units are not defensibly the same as 2013+ gpm / million-gallon volumes,standardized million-gallon cooling product,water_m3 left missing,,,2011-2012 Schedule 8 flow-rate units are not converted,Documented coverage limitation. Native rates are retained; m3 was not invented.,high,Keep water m3 missing. Do not apply an unreviewed cfs/gpm conversion.,False
cooling_schedule8_units_not_comparable,coverage_limitation,sched8_2011_2012_flow_rate_units,low,2012,5.0,Port Westward,,,56227,,,,,,EIA-923 Schedule 8 native rates,2011-2012 Schedule 8 flow rates are not converted; units are not defensibly the same as 2013+ gpm / million-gallon volumes,standardized million-gallon cooling product,water_m3 left missing,,,2011-2012 Schedule 8 flow-rate units are not converted,Documented coverage limitation. Native rates are retained; m3 was not invented.,high,Keep water m3 missing. Do not apply an unreviewed cfs/gpm conversion.,False
cooling_schedule8_units_not_comparable,coverage_limitation,sched8_2011_2012_flow_rate_units,low,2012,6.0,Boardman,,,6106,,,,,,EIA-923 Schedule 8 native rates,2011-2012 Schedule 8 flow rates are not converted; units are not defensibly the same as 2013+ gpm / million-gallon volumes,standardized million-gallon cooling product,water_m3 left missing,,,2011-2012 Schedule 8 flow-rate units are not converted,Documented coverage limitation. Native rates are retained; m3 was not invented.,high,Keep water m3 missing. Do not apply an unreviewed cfs/gpm conversion.,False
cooling_schedule8_units_not_comparable,coverage_limitation,sched8_2011_2012_flow_rate_units,low,2012,6.0,Coyote Springs,,,7931,,,,,,EIA-923 Schedule 8 native rates,2011-2012 Schedule 8 flow rates are not converted; units are not defensibly the same as 2013+ gpm / million-gallon volumes,standardized million-gallon cooling product,water_m3 left missing,,,2011-2012 Schedule 8 flow-rate units are not converted,Documented coverage limitation. Native rates are retained; m3 was not invented.,high,Keep water m3 missing. Do not apply an unreviewed cfs/gpm conversion.,False
cooling_schedule8_units_not_comparable,coverage_limitation,sched8_2011_2012_flow_rate_units,low,2012,6.0,Beaver,,,8073,,,,,,EIA-923 Schedule 8 native rates,2011-2012 Schedule 8 flow rates are not converted; units are not defensibly the same as 2013+ gpm / million-gallon volumes,standardized million-gallon cooling product,water_m3 left missing,,,2011-2012 Schedule 8 flow-rate units are not converted,Documented coverage limitation. Native rates are retained; m3 was not invented.,high,Keep water m3 missing. Do not apply an unreviewed cfs/gpm conversion.,False
cooling_schedule8_units_not_comparable,coverage_limitation,sched8_2011_2012_flow_rate_units,low,2012,6.0,Hermiston,,,54761,,,,,,EIA-923 Schedule 8 native rates,2011-2012 Schedule 8 flow rates are not converted; units are not defensibly the same as 2013+ gpm / million-gallon volumes,standardized million-gallon cooling product,water_m3 left missing,,,2011-2012 Schedule 8 flow-rate units are not converted,Documented coverage limitation. Native rates are retained; m3 was not invented.,high,Keep water m3 missing. Do not apply an unreviewed cfs/gpm conversion.,False
cooling_schedule8_units_not_comparable,coverage_limitation,sched8_2011_2012_flow_rate_units,low,2012,6.0,Klamath Cogeneration Project,,,55103,,,,,,EIA-923 Schedule 8 native rates,2011-2012 Schedule 8 flow rates are not converted; units are not defensibly the same as 2013+ gpm / million-gallon volumes,standardized million-gallon cooling product,water_m3 left missing,,,2011-2012 Schedule 8 flow-rate units are not converted,Documented coverage limitation. Native rates are retained; m3 was not invented.,high,Keep water m3 missing. Do not apply an unreviewed cfs/gpm conversion.,False
cooling_schedule8_units_not_comparable,coverage_limitation,sched8_2011_2012_flow_rate_units,low,2012,6.0,Hermiston Power Plant,,,55328,,,,,,EIA-923 Schedule 8 native rates,2011-2012 Schedule 8 flow rates are not converted; units are not defensibly the same as 2013+ gpm / million-gallon volumes,standardized million-gallon cooling product,water_m3 left missing,,,2011-2012 Schedule 8 flow-rate units are not converted,Documented coverage limitation. Native rates are retained; m3 was not invented.,high,Keep water m3 missing. Do not apply an unreviewed cfs/gpm conversion.,False
cooling_schedule8_units_not_comparable,coverage_limitation,sched8_2011_2012_flow_rate_units,low,2012,6.0,Port Westward,,,56227,,,,,,EIA-923 Schedule 8 native rates,2011-2012 Schedule 8 flow rates are not converted; units are not defensibly the same as 2013+ gpm / million-gallon volumes,standardized million-gallon cooling product,water_m3 left missing,,,2011-2012 Schedule 8 flow-rate units are not converted,Documented coverage limitation. Native rates are retained; m3 was not invented.,high,Keep water m3 missing. Do not apply an unreviewed cfs/gpm conversion.,False
cooling_schedule8_units_not_comparable,coverage_limitation,sched8_2011_2012_flow_rate_units,low,2012,7.0,Boardman,,,6106,,,,,,EIA-923 Schedule 8 native rates,2011-2012 Schedule 8 flow rates are not converted; units are not defensibly the same as 2013+ gpm / million-gallon volumes,standardized million-gallon cooling product,water_m3 left missing,,,2011-2012 Schedule 8 flow-rate units are not converted,Documented coverage limitation. Native rates are retained; m3 was not invented.,high,Keep water m3 missing. Do not apply an unreviewed cfs/gpm conversion.,False
cooling_schedule8_units_not_comparable,coverage_limitation,sched8_2011_2012_flow_rate_units,low,2012,7.0,Coyote Springs,,,7931,,,,,,EIA-923 Schedule 8 native rates,2011-2012 Schedule 8 flow rates are not converted; units are not defensibly the same as 2013+ gpm / million-gallon volumes,standardized million-gallon cooling product,water_m3 left missing,,,2011-2012 Schedule 8 flow-rate units are not converted,Documented coverage limitation. Native rates are retained; m3 was not invented.,high,Keep water m3 missing. Do not apply an unreviewed cfs/gpm conversion.,False
cooling_schedule8_units_not_comparable,coverage_limitation,sched8_2011_2012_flow_rate_units,low,2012,7.0,Beaver,,,8073,,,,,,EIA-923 Schedule 8 native rates,2011-2012 Schedule 8 flow rates are not converted; units are not defensibly the same as 2013+ gpm / million-gallon volumes,standardized million-gallon cooling product,water_m3 left missing,,,2011-2012 Schedule 8 flow-rate units are not converted,Documented coverage limitation. Native rates are retained; m3 was not invented.,high,Keep water m3 missing. Do not apply an unreviewed cfs/gpm conversion.,False
cooling_schedule8_units_not_comparable,coverage_limitation,sched8_2011_2012_flow_rate_units,low,2012,7.0,Hermiston,,,54761,,,,,,EIA-923 Schedule 8 native rates,2011-2012 Schedule 8 flow rates are not converted; units are not defensibly the same as 2013+ gpm / million-gallon volumes,standardized million-gallon cooling product,water_m3 left missing,,,2011-2012 Schedule 8 flow-rate units are not converted,Documented coverage limitation. Native rates are retained; m3 was not invented.,high,Keep water m3 missing. Do not apply an unreviewed cfs/gpm conversion.,False
cooling_schedule8_units_not_comparable,coverage_limitation,sched8_2011_2012_flow_rate_units,low,2012,7.0,Klamath Cogeneration Project,,,55103,,,,,,EIA-923 Schedule 8 native rates,2011-2012 Schedule 8 flow rates are not converted; units are not defensibly the same as 2013+ gpm / million-gallon volumes,standardized million-gallon cooling product,water_m3 left missing,,,2011-2012 Schedule 8 flow-rate units are not converted,Documented coverage limitation. Native rates are retained; m3 was not invented.,high,Keep water m3 missing. Do not apply an unreviewed cfs/gpm conversion.,False
cooling_schedule8_units_not_comparable,coverage_limitation,sched8_2011_2012_flow_rate_units,low,2012,7.0,Hermiston Power Plant,,,55328,,,,,,EIA-923 Schedule 8 native rates,2011-2012 Schedule 8 flow rates are not converted; units are not defensibly the same as 2013+ gpm / million-gallon volumes,standardized million-gallon cooling product,water_m3 left missing,,,2011-2012 Schedule 8 flow-rate units are not converted,Documented coverage limitation. Native rates are retained; m3 was not invented.,high,Keep water m3 missing. Do not apply an unreviewed cfs/gpm conversion.,False
cooling_schedule8_units_not_comparable,coverage_limitation,sched8_2011_2012_flow_rate_units,low,2012,7.0,Port Westward,,,56227,,,,,,EIA-923 Schedule 8 native rates,2011-2012 Schedule 8 flow rates are not converted; units are not defensibly the same as 2013+ gpm / million-gallon volumes,standardized million-gallon cooling product,water_m3 left missing,,,2011-2012 Schedule 8 flow-rate units are not converted,Documented coverage limitation. Native rates are retained; m3 was not invented.,high,Keep water m3 missing. Do not apply an unreviewed cfs/gpm conversion.,False
cooling_schedule8_units_not_comparable,coverage_limitation,sched8_2011_2012_flow_rate_units,low,2012,8.0,Boardman,,,6106,,,,,,EIA-923 Schedule 8 native rates,2011-2012 Schedule 8 flow rates are not converted; units are not defensibly the same as 2013+ gpm / million-gallon volumes,standardized million-gallon cooling product,water_m3 left missing,,,2011-2012 Schedule 8 flow-rate units are not converted,Documented coverage limitation. Native rates are retained; m3 was not invented.,high,Keep water m3 missing. Do not apply an unreviewed cfs/gpm conversion.,False
cooling_schedule8_units_not_comparable,coverage_limitation,sched8_2011_2012_flow_rate_units,low,2012,8.0,Coyote Springs,,,7931,,,,,,EIA-923 Schedule 8 native rates,2011-2012 Schedule 8 flow rates are not converted; units are not defensibly the same as 2013+ gpm / million-gallon volumes,standardized million-gallon cooling product,water_m3 left missing,,,2011-2012 Schedule 8 flow-rate units are not converted,Documented coverage limitation. Native rates are retained; m3 was not invented.,high,Keep water m3 missing. Do not apply an unreviewed cfs/gpm conversion.,False
cooling_schedule8_units_not_comparable,coverage_limitation,sched8_2011_2012_flow_rate_units,low,2012,8.0,Beaver,,,8073,,,,,,EIA-923 Schedule 8 native rates,2011-2012 Schedule 8 flow rates are not converted; units are not defensibly the same as 2013+ gpm / million-gallon volumes,standardized million-gallon cooling product,water_m3 left missing,,,2011-2012 Schedule 8 flow-rate units are not converted,Documented coverage limitation. Native rates are retained; m3 was not invented.,high,Keep water m3 missing. Do not apply an unreviewed cfs/gpm conversion.,False
cooling_schedule8_units_not_comparable,coverage_limitation,sched8_2011_2012_flow_rate_units,low,2012,8.0,Hermiston,,,54761,,,,,,EIA-923 Schedule 8 native rates,2011-2012 Schedule 8 flow rates are not converted; units are not defensibly the same as 2013+ gpm / million-gallon volumes,standardized million-gallon cooling product,water_m3 left missing,,,2011-2012 Schedule 8 flow-rate units are not converted,Documented coverage limitation. Native rates are retained; m3 was not invented.,high,Keep water m3 missing. Do not apply an unreviewed cfs/gpm conversion.,False
cooling_schedule8_units_not_comparable,coverage_limitation,sched8_2011_2012_flow_rate_units,low,2012,8.0,Klamath Cogeneration Project,,,55103,,,,,,EIA-923 Schedule 8 native rates,2011-2012 Schedule 8 flow rates are not converted; units are not defensibly the same as 2013+ gpm / million-gallon volumes,standardized million-gallon cooling product,water_m3 left missing,,,2011-2012 Schedule 8 flow-rate units are not converted,Documented coverage limitation. Native rates are retained; m3 was not invented.,high,Keep water m3 missing. Do not apply an unreviewed cfs/gpm conversion.,False
cooling_schedule8_units_not_comparable,coverage_limitation,sched8_2011_2012_flow_rate_units,low,2012,8.0,Hermiston Power Plant,,,55328,,,,,,EIA-923 Schedule 8 native rates,2011-2012 Schedule 8 flow rates are not converted; units are not defensibly the same as 2013+ gpm / million-gallon volumes,standardized million-gallon cooling product,water_m3 left missing,,,2011-2012 Schedule 8 flow-rate units are not converted,Documented coverage limitation. Native rates are retained; m3 was not invented.,high,Keep water m3 missing. Do not apply an unreviewed cfs/gpm conversion.,False
cooling_schedule8_units_not_comparable,coverage_limitation,sched8_2011_2012_flow_rate_units,low,2012,8.0,Port Westward,,,56227,,,,,,EIA-923 Schedule 8 native rates,2011-2012 Schedule 8 flow rates are not converted; units are not defensibly the same as 2013+ gpm / million-gallon volumes,standardized million-gallon cooling product,water_m3 left missing,,,2011-2012 Schedule 8 flow-rate units are not converted,Documented coverage limitation. Native rates are retained; m3 was not invented.,high,Keep water m3 missing. Do not apply an unreviewed cfs/gpm conversion.,False
cooling_schedule8_units_not_comparable,coverage_limitation,sched8_2011_2012_flow_rate_units,low,2012,9.0,Boardman,,,6106,,,,,,EIA-923 Schedule 8 native rates,2011-2012 Schedule 8 flow rates are not converted; units are not defensibly the same as 2013+ gpm / million-gallon volumes,standardized million-gallon cooling product,water_m3 left missing,,,2011-2012 Schedule 8 flow-rate units are not converted,Documented coverage limitation. Native rates are retained; m3 was not invented.,high,Keep water m3 missing. Do not apply an unreviewed cfs/gpm conversion.,False
cooling_schedule8_units_not_comparable,coverage_limitation,sched8_2011_2012_flow_rate_units,low,2012,9.0,Coyote Springs,,,7931,,,,,,EIA-923 Schedule 8 native rates,2011-2012 Schedule 8 flow rates are not converted; units are not defensibly the same as 2013+ gpm / million-gallon volumes,standardized million-gallon cooling product,water_m3 left missing,,,2011-2012 Schedule 8 flow-rate units are not converted,Documented coverage limitation. Native rates are retained; m3 was not invented.,high,Keep water m3 missing. Do not apply an unreviewed cfs/gpm conversion.,False
cooling_schedule8_units_not_comparable,coverage_limitation,sched8_2011_2012_flow_rate_units,low,2012,9.0,Beaver,,,8073,,,,,,EIA-923 Schedule 8 native rates,2011-2012 Schedule 8 flow rates are not converted; units are not defensibly the same as 2013+ gpm / million-gallon volumes,standardized million-gallon cooling product,water_m3 left missing,,,2011-2012 Schedule 8 flow-rate units are not converted,Documented coverage limitation. Native rates are retained; m3 was not invented.,high,Keep water m3 missing. Do not apply an unreviewed cfs/gpm conversion.,False
cooling_schedule8_units_not_comparable,coverage_limitation,sched8_2011_2012_flow_rate_units,low,2012,9.0,Hermiston,,,54761,,,,,,EIA-923 Schedule 8 native rates,2011-2012 Schedule 8 flow rates are not converted; units are not defensibly the same as 2013+ gpm / million-gallon volumes,standardized million-gallon cooling product,water_m3 left missing,,,2011-2012 Schedule 8 flow-rate units are not converted,Documented coverage limitation. Native rates are retained; m3 was not invented.,high,Keep water m3 missing. Do not apply an unreviewed cfs/gpm conversion.,False
cooling_schedule8_units_not_comparable,coverage_limitation,sched8_2011_2012_flow_rate_units,low,2012,9.0,Klamath Cogeneration Project,,,55103,,,,,,EIA-923 Schedule 8 native rates,2011-2012 Schedule 8 flow rates are not converted; units are not defensibly the same as 2013+ gpm / million-gallon volumes,standardized million-gallon cooling product,water_m3 left missing,,,2011-2012 Schedule 8 flow-rate units are not converted,Documented coverage limitation. Native rates are retained; m3 was not invented.,high,Keep water m3 missing. Do not apply an unreviewed cfs/gpm conversion.,False
cooling_schedule8_units_not_comparable,coverage_limitation,sched8_2011_2012_flow_rate_units,low,2012,9.0,Hermiston Power Plant,,,55328,,,,,,EIA-923 Schedule 8 native rates,2011-2012 Schedule 8 flow rates are not converted; units are not defensibly the same as 2013+ gpm / million-gallon volumes,standardized million-gallon cooling product,water_m3 left missing,,,2011-2012 Schedule 8 flow-rate units are not converted,Documented coverage limitation. Native rates are retained; m3 was not invented.,high,Keep water m3 missing. Do not apply an unreviewed cfs/gpm conversion.,False
cooling_schedule8_units_not_comparable,coverage_limitation,sched8_2011_2012_flow_rate_units,low,2012,9.0,Port Westward,,,56227,,,,,,EIA-923 Schedule 8 native rates,2011-2012 Schedule 8 flow rates are not converted; units are not defensibly the same as 2013+ gpm / million-gallon volumes,standardized million-gallon cooling product,water_m3 left missing,,,2011-2012 Schedule 8 flow-rate units are not converted,Documented coverage limitation. Native rates are retained; m3 was not invented.,high,Keep water m3 missing. Do not apply an unreviewed cfs/gpm conversion.,False
cooling_schedule8_units_not_comparable,coverage_limitation,sched8_2011_2012_flow_rate_units,low,2012,10.0,Boardman,,,6106,,,,,,EIA-923 Schedule 8 native rates,2011-2012 Schedule 8 flow rates are not converted; units are not defensibly the same as 2013+ gpm / million-gallon volumes,standardized million-gallon cooling product,water_m3 left missing,,,2011-2012 Schedule 8 flow-rate units are not converted,Documented coverage limitation. Native rates are retained; m3 was not invented.,high,Keep water m3 missing. Do not apply an unreviewed cfs/gpm conversion.,False
cooling_schedule8_units_not_comparable,coverage_limitation,sched8_2011_2012_flow_rate_units,low,2012,10.0,Coyote Springs,,,7931,,,,,,EIA-923 Schedule 8 native rates,2011-2012 Schedule 8 flow rates are not converted; units are not defensibly the same as 2013+ gpm / million-gallon volumes,standardized million-gallon cooling product,water_m3 left missing,,,2011-2012 Schedule 8 flow-rate units are not converted,Documented coverage limitation. Native rates are retained; m3 was not invented.,high,Keep water m3 missing. Do not apply an unreviewed cfs/gpm conversion.,False
cooling_schedule8_units_not_comparable,coverage_limitation,sched8_2011_2012_flow_rate_units,low,2012,10.0,Beaver,,,8073,,,,,,EIA-923 Schedule 8 native rates,2011-2012 Schedule 8 flow rates are not converted; units are not defensibly the same as 2013+ gpm / million-gallon volumes,standardized million-gallon cooling product,water_m3 left missing,,,2011-2012 Schedule 8 flow-rate units are not converted,Documented coverage limitation. Native rates are retained; m3 was not invented.,high,Keep water m3 missing. Do not apply an unreviewed cfs/gpm conversion.,False
cooling_schedule8_units_not_comparable,coverage_limitation,sched8_2011_2012_flow_rate_units,low,2012,10.0,Hermiston,,,54761,,,,,,EIA-923 Schedule 8 native rates,2011-2012 Schedule 8 flow rates are not converted; units are not defensibly the same as 2013+ gpm / million-gallon volumes,standardized million-gallon cooling product,water_m3 left missing,,,2011-2012 Schedule 8 flow-rate units are not converted,Documented coverage limitation. Native rates are retained; m3 was not invented.,high,Keep water m3 missing. Do not apply an unreviewed cfs/gpm conversion.,False
cooling_schedule8_units_not_comparable,coverage_limitation,sched8_2011_2012_flow_rate_units,low,2012,10.0,Klamath Cogeneration Project,,,55103,,,,,,EIA-923 Schedule 8 native rates,2011-2012 Schedule 8 flow rates are not converted; units are not defensibly the same as 2013+ gpm / million-gallon volumes,standardized million-gallon cooling product,water_m3 left missing,,,2011-2012 Schedule 8 flow-rate units are not converted,Documented coverage limitation. Native rates are retained; m3 was not invented.,high,Keep water m3 missing. Do not apply an unreviewed cfs/gpm conversion.,False
cooling_schedule8_units_not_comparable,coverage_limitation,sched8_2011_2012_flow_rate_units,low,2012,10.0,Hermiston Power Plant,,,55328,,,,,,EIA-923 Schedule 8 native rates,2011-2012 Schedule 8 flow rates are not converted; units are not defensibly the same as 2013+ gpm / million-gallon volumes,standardized million-gallon cooling product,water_m3 left missing,,,2011-2012 Schedule 8 flow-rate units are not converted,Documented coverage limitation. Native rates are retained; m3 was not invented.,high,Keep water m3 missing. Do not apply an unreviewed cfs/gpm conversion.,False
cooling_schedule8_units_not_comparable,coverage_limitation,sched8_2011_2012_flow_rate_units,low,2012,10.0,Port Westward,,,56227,,,,,,EIA-923 Schedule 8 native rates,2011-2012 Schedule 8 flow rates are not converted; units are not defensibly the same as 2013+ gpm / million-gallon volumes,standardized million-gallon cooling product,water_m3 left missing,,,2011-2012 Schedule 8 flow-rate units are not converted,Documented coverage limitation. Native rates are retained; m3 was not invented.,high,Keep water m3 missing. Do not apply an unreviewed cfs/gpm conversion.,False
cooling_schedule8_units_not_comparable,coverage_limitation,sched8_2011_2012_flow_rate_units,low,2012,11.0,Boardman,,,6106,,,,,,EIA-923 Schedule 8 native rates,2011-2012 Schedule 8 flow rates are not converted; units are not defensibly the same as 2013+ gpm / million-gallon volumes,standardized million-gallon cooling product,water_m3 left missing,,,2011-2012 Schedule 8 flow-rate units are not converted,Documented coverage limitation. Native rates are retained; m3 was not invented.,high,Keep water m3 missing. Do not apply an unreviewed cfs/gpm conversion.,False
cooling_schedule8_units_not_comparable,coverage_limitation,sched8_2011_2012_flow_rate_units,low,2012,11.0,Coyote Springs,,,7931,,,,,,EIA-923 Schedule 8 native rates,2011-2012 Schedule 8 flow rates are not converted; units are not defensibly the same as 2013+ gpm / million-gallon volumes,standardized million-gallon cooling product,water_m3 left missing,,,2011-2012 Schedule 8 flow-rate units are not converted,Documented coverage limitation. Native rates are retained; m3 was not invented.,high,Keep water m3 missing. Do not apply an unreviewed cfs/gpm conversion.,False
cooling_schedule8_units_not_comparable,coverage_limitation,sched8_2011_2012_flow_rate_units,low,2012,11.0,Beaver,,,8073,,,,,,EIA-923 Schedule 8 native rates,2011-2012 Schedule 8 flow rates are not converted; units are not defensibly the same as 2013+ gpm / million-gallon volumes,standardized million-gallon cooling product,water_m3 left missing,,,2011-2012 Schedule 8 flow-rate units are not converted,Documented coverage limitation. Native rates are retained; m3 was not invented.,high,Keep water m3 missing. Do not apply an unreviewed cfs/gpm conversion.,False
cooling_schedule8_units_not_comparable,coverage_limitation,sched8_2011_2012_flow_rate_units,low,2012,11.0,Hermiston,,,54761,,,,,,EIA-923 Schedule 8 native rates,2011-2012 Schedule 8 flow rates are not converted; units are not defensibly the same as 2013+ gpm / million-gallon volumes,standardized million-gallon cooling product,water_m3 left missing,,,2011-2012 Schedule 8 flow-rate units are not converted,Documented coverage limitation. Native rates are retained; m3 was not invented.,high,Keep water m3 missing. Do not apply an unreviewed cfs/gpm conversion.,False
cooling_schedule8_units_not_comparable,coverage_limitation,sched8_2011_2012_flow_rate_units,low,2012,11.0,Klamath Cogeneration Project,,,55103,,,,,,EIA-923 Schedule 8 native rates,2011-2012 Schedule 8 flow rates are not converted; units are not defensibly the same as 2013+ gpm / million-gallon volumes,standardized million-gallon cooling product,water_m3 left missing,,,2011-2012 Schedule 8 flow-rate units are not converted,Documented coverage limitation. Native rates are retained; m3 was not invented.,high,Keep water m3 missing. Do not apply an unreviewed cfs/gpm conversion.,False
cooling_schedule8_units_not_comparable,coverage_limitation,sched8_2011_2012_flow_rate_units,low,2012,11.0,Hermiston Power Plant,,,55328,,,,,,EIA-923 Schedule 8 native rates,2011-2012 Schedule 8 flow rates are not converted; units are not defensibly the same as 2013+ gpm / million-gallon volumes,standardized million-gallon cooling product,water_m3 left missing,,,2011-2012 Schedule 8 flow-rate units are not converted,Documented coverage limitation. Native rates are retained; m3 was not invented.,high,Keep water m3 missing. Do not apply an unreviewed cfs/gpm conversion.,False
cooling_schedule8_units_not_comparable,coverage_limitation,sched8_2011_2012_flow_rate_units,low,2012,11.0,Port Westward,,,56227,,,,,,EIA-923 Schedule 8 native rates,2011-2012 Schedule 8 flow rates are not converted; units are not defensibly the same as 2013+ gpm / million-gallon volumes,standardized million-gallon cooling product,water_m3 left missing,,,2011-2012 Schedule 8 flow-rate units are not converted,Documented coverage limitation. Native rates are retained; m3 was not invented.,high,Keep water m3 missing. Do not apply an unreviewed cfs/gpm conversion.,False
cooling_schedule8_units_not_comparable,coverage_limitation,sched8_2011_2012_flow_rate_units,low,2012,12.0,Boardman,,,6106,,,,,,EIA-923 Schedule 8 native rates,2011-2012 Schedule 8 flow rates are not converted; units are not defensibly the same as 2013+ gpm / million-gallon volumes,standardized million-gallon cooling product,water_m3 left missing,,,2011-2012 Schedule 8 flow-rate units are not converted,Documented coverage limitation. Native rates are retained; m3 was not invented.,high,Keep water m3 missing. Do not apply an unreviewed cfs/gpm conversion.,False
cooling_schedule8_units_not_comparable,coverage_limitation,sched8_2011_2012_flow_rate_units,low,2012,12.0,Coyote Springs,,,7931,,,,,,EIA-923 Schedule 8 native rates,2011-2012 Schedule 8 flow rates are not converted; units are not defensibly the same as 2013+ gpm / million-gallon volumes,standardized million-gallon cooling product,water_m3 left missing,,,2011-2012 Schedule 8 flow-rate units are not converted,Documented coverage limitation. Native rates are retained; m3 was not invented.,high,Keep water m3 missing. Do not apply an unreviewed cfs/gpm conversion.,False
cooling_schedule8_units_not_comparable,coverage_limitation,sched8_2011_2012_flow_rate_units,low,2012,12.0,Beaver,,,8073,,,,,,EIA-923 Schedule 8 native rates,2011-2012 Schedule 8 flow rates are not converted; units are not defensibly the same as 2013+ gpm / million-gallon volumes,standardized million-gallon cooling product,water_m3 left missing,,,2011-2012 Schedule 8 flow-rate units are not converted,Documented coverage limitation. Native rates are retained; m3 was not invented.,high,Keep water m3 missing. Do not apply an unreviewed cfs/gpm conversion.,False
cooling_schedule8_units_not_comparable,coverage_limitation,sched8_2011_2012_flow_rate_units,low,2012,12.0,Hermiston,,,54761,,,,,,EIA-923 Schedule 8 native rates,2011-2012 Schedule 8 flow rates are not converted; units are not defensibly the same as 2013+ gpm / million-gallon volumes,standardized million-gallon cooling product,water_m3 left missing,,,2011-2012 Schedule 8 flow-rate units are not converted,Documented coverage limitation. Native rates are retained; m3 was not invented.,high,Keep water m3 missing. Do not apply an unreviewed cfs/gpm conversion.,False
cooling_schedule8_units_not_comparable,coverage_limitation,sched8_2011_2012_flow_rate_units,low,2012,12.0,Klamath Cogeneration Project,,,55103,,,,,,EIA-923 Schedule 8 native rates,2011-2012 Schedule 8 flow rates are not converted; units are not defensibly the same as 2013+ gpm / million-gallon volumes,standardized million-gallon cooling product,water_m3 left missing,,,2011-2012 Schedule 8 flow-rate units are not converted,Documented coverage limitation. Native rates are retained; m3 was not invented.,high,Keep water m3 missing. Do not apply an unreviewed cfs/gpm conversion.,False
cooling_schedule8_units_not_comparable,coverage_limitation,sched8_2011_2012_flow_rate_units,low,2012,12.0,Hermiston Power Plant,,,55328,,,,,,EIA-923 Schedule 8 native rates,2011-2012 Schedule 8 flow rates are not converted; units are not defensibly the same as 2013+ gpm / million-gallon volumes,standardized million-gallon cooling product,water_m3 left missing,,,2011-2012 Schedule 8 flow-rate units are not converted,Documented coverage limitation. Native rates are retained; m3 was not invented.,high,Keep water m3 missing. Do not apply an unreviewed cfs/gpm conversion.,False
cooling_schedule8_units_not_comparable,coverage_limitation,sched8_2011_2012_flow_rate_units,low,2012,12.0,Port Westward,,,56227,,,,,,EIA-923 Schedule 8 native rates,2011-2012 Schedule 8 flow rates are not converted; units are not defensibly the same as 2013+ gpm / million-gallon volumes,standardized million-gallon cooling product,water_m3 left missing,,,2011-2012 Schedule 8 flow-rate units are not converted,Documented coverage limitation. Native rates are retained; m3 was not invented.,high,Keep water m3 missing. Do not apply an unreviewed cfs/gpm conversion.,False
cooling_schedule8_generation_left_missing,expected_missingness,sched8_2013_generation_left_nan,low,2013,1.0,Boardman,,,6106,,,,,,Schedule 8 water_withdrawal_m3,36770218.17141658,cooling-associated generation_mwh,NaN by design (Schedule 8 has no cooling-associated generation fields),,,2013 Schedule 8 generation_mwh left missing deliberately,Expected missingness. Intensity is not computed. EIA-923 plant generation is not substituted.,high,Do not divide 2013 Schedule 8 water by EIA-923 plant generation.,False
cooling_schedule8_generation_left_missing,expected_missingness,sched8_2013_generation_left_nan,low,2013,1.0,Coyote Springs,,,7931,,,,,,Schedule 8 water_withdrawal_m3,76453.961801448,cooling-associated generation_mwh,NaN by design (Schedule 8 has no cooling-associated generation fields),,,2013 Schedule 8 generation_mwh left missing deliberately,Expected missingness. Intensity is not computed. EIA-923 plant generation is not substituted.,high,Do not divide 2013 Schedule 8 water by EIA-923 plant generation.,False
cooling_schedule8_generation_left_missing,expected_missingness,sched8_2013_generation_left_nan,low,2013,1.0,Beaver,,,8073,,,,,,Schedule 8 water_withdrawal_m3,242.266354176,cooling-associated generation_mwh,NaN by design (Schedule 8 has no cooling-associated generation fields),,,2013 Schedule 8 generation_mwh left missing deliberately,Expected missingness. Intensity is not computed. EIA-923 plant generation is not substituted.,high,Do not divide 2013 Schedule 8 water by EIA-923 plant generation.,False
cooling_schedule8_generation_left_missing,expected_missingness,sched8_2013_generation_left_nan,low,2013,1.0,Hermiston,,,54761,,,,,,Schedule 8 water_withdrawal_m3,183936.943996344,cooling-associated generation_mwh,NaN by design (Schedule 8 has no cooling-associated generation fields),,,2013 Schedule 8 generation_mwh left missing deliberately,Expected missingness. Intensity is not computed. EIA-923 plant generation is not substituted.,high,Do not divide 2013 Schedule 8 water by EIA-923 plant generation.,False
cooling_schedule8_generation_left_missing,expected_missingness,sched8_2013_generation_left_nan,low,2013,1.0,Klamath Cogeneration Project,,,55103,,,,,,Schedule 8 water_withdrawal_m3,284303.35203732003,cooling-associated generation_mwh,NaN by design (Schedule 8 has no cooling-associated generation fields),,,2013 Schedule 8 generation_mwh left missing deliberately,Expected missingness. Intensity is not computed. EIA-923 plant generation is not substituted.,high,Do not divide 2013 Schedule 8 water by EIA-923 plant generation.,False
cooling_schedule8_generation_left_missing,expected_missingness,sched8_2013_generation_left_nan,low,2013,1.0,Hermiston Power Plant,,,55328,,,,,,Schedule 8 water_withdrawal_m3,271875.845150448,cooling-associated generation_mwh,NaN by design (Schedule 8 has no cooling-associated generation fields),,,2013 Schedule 8 generation_mwh left missing deliberately,Expected missingness. Intensity is not computed. EIA-923 plant generation is not substituted.,high,Do not divide 2013 Schedule 8 water by EIA-923 plant generation.,False
cooling_schedule8_generation_left_missing,expected_missingness,sched8_2013_generation_left_nan,low,2013,1.0,Port Westward,,,56227,,,,,,Schedule 8 water_withdrawal_m3,135949.278810576,cooling-associated generation_mwh,NaN by design (Schedule 8 has no cooling-associated generation fields),,,2013 Schedule 8 generation_mwh left missing deliberately,Expected missingness. Intensity is not computed. EIA-923 plant generation is not substituted.,high,Do not divide 2013 Schedule 8 water by EIA-923 plant generation.,False
cooling_schedule8_generation_left_missing,expected_missingness,sched8_2013_generation_left_nan,low,2013,2.0,Boardman,,,6106,,,,,,Schedule 8 water_withdrawal_m3,33211809.961279485,cooling-associated generation_mwh,NaN by design (Schedule 8 has no cooling-associated generation fields),,,2013 Schedule 8 generation_mwh left missing deliberately,Expected missingness. Intensity is not computed. EIA-923 plant generation is not substituted.,high,Do not divide 2013 Schedule 8 water by EIA-923 plant generation.,False
cooling_schedule8_generation_left_missing,expected_missingness,sched8_2013_generation_left_nan,low,2013,2.0,Coyote Springs,,,7931,,,,,,Schedule 8 water_withdrawal_m3,82548.474773688,cooling-associated generation_mwh,NaN by design (Schedule 8 has no cooling-associated generation fields),,,2013 Schedule 8 generation_mwh left missing deliberately,Expected missingness. Intensity is not computed. EIA-923 plant generation is not substituted.,high,Do not divide 2013 Schedule 8 water by EIA-923 plant generation.,False
cooling_schedule8_generation_left_missing,expected_missingness,sched8_2013_generation_left_nan,low,2013,2.0,Hermiston,,,54761,,,,,,Schedule 8 water_withdrawal_m3,175453.8361884,cooling-associated generation_mwh,NaN by design (Schedule 8 has no cooling-associated generation fields),,,2013 Schedule 8 generation_mwh left missing deliberately,Expected missingness. Intensity is not computed. EIA-923 plant generation is not substituted.,high,Do not divide 2013 Schedule 8 water by EIA-923 plant generation.,False
cooling_schedule8_generation_left_missing,expected_missingness,sched8_2013_generation_left_nan,low,2013,2.0,Klamath Cogeneration Project,,,55103,,,,,,Schedule 8 water_withdrawal_m3,290431.933715616,cooling-associated generation_mwh,NaN by design (Schedule 8 has no cooling-associated generation fields),,,2013 Schedule 8 generation_mwh left missing deliberately,Expected missingness. Intensity is not computed. EIA-923 plant generation is not substituted.,high,Do not divide 2013 Schedule 8 water by EIA-923 plant generation.,False
cooling_schedule8_generation_left_missing,expected_missingness,sched8_2013_generation_left_nan,low,2013,2.0,Hermiston Power Plant,,,55328,,,,,,Schedule 8 water_withdrawal_m3,251570.896341072,cooling-associated generation_mwh,NaN by design (Schedule 8 has no cooling-associated generation fields),,,2013 Schedule 8 generation_mwh left missing deliberately,Expected missingness. Intensity is not computed. EIA-923 plant generation is not substituted.,high,Do not divide 2013 Schedule 8 water by EIA-923 plant generation.,False
cooling_schedule8_generation_left_missing,expected_missingness,sched8_2013_generation_left_nan,low,2013,2.0,Port Westward,,,56227,,,,,,Schedule 8 water_withdrawal_m3,147721.909458816,cooling-associated generation_mwh,NaN by design (Schedule 8 has no cooling-associated generation fields),,,2013 Schedule 8 generation_mwh left missing deliberately,Expected missingness. Intensity is not computed. EIA-923 plant generation is not substituted.,high,Do not divide 2013 Schedule 8 water by EIA-923 plant generation.,False
cooling_schedule8_generation_left_missing,expected_missingness,sched8_2013_generation_left_nan,low,2013,3.0,Boardman,,,6106,,,,,,Schedule 8 water_withdrawal_m3,36720795.83516467,cooling-associated generation_mwh,NaN by design (Schedule 8 has no cooling-associated generation fields),,,2013 Schedule 8 generation_mwh left missing deliberately,Expected missingness. Intensity is not computed. EIA-923 plant generation is not substituted.,high,Do not divide 2013 Schedule 8 water by EIA-923 plant generation.,False
cooling_schedule8_generation_left_missing,expected_missingness,sched8_2013_generation_left_nan,low,2013,3.0,Coyote Springs,,,7931,,,,,,Schedule 8 water_withdrawal_m3,105628.130420736,cooling-associated generation_mwh,NaN by design (Schedule 8 has no cooling-associated generation fields),,,2013 Schedule 8 generation_mwh left missing deliberately,Expected missingness. Intensity is not computed. EIA-923 plant generation is not substituted.,high,Do not divide 2013 Schedule 8 water by EIA-923 plant generation.,False
cooling_schedule8_generation_left_missing,expected_missingness,sched8_2013_generation_left_nan,low,2013,3.0,Beaver,,,8073,,,,,,Schedule 8 water_withdrawal_m3,541.313885112,cooling-associated generation_mwh,NaN by design (Schedule 8 has no cooling-associated generation fields),,,2013 Schedule 8 generation_mwh left missing deliberately,Expected missingness. Intensity is not computed. EIA-923 plant generation is not substituted.,high,Do not divide 2013 Schedule 8 water by EIA-923 plant generation.,False
cooling_schedule8_generation_left_missing,expected_missingness,sched8_2013_generation_left_nan,low,2013,3.0,Hermiston,,,54761,,,,,,Schedule 8 water_withdrawal_m3,217812.59405136,cooling-associated generation_mwh,NaN by design (Schedule 8 has no cooling-associated generation fields),,,2013 Schedule 8 generation_mwh left missing deliberately,Expected missingness. Intensity is not computed. EIA-923 plant generation is not substituted.,high,Do not divide 2013 Schedule 8 water by EIA-923 plant generation.,False
cooling_schedule8_generation_left_missing,expected_missingness,sched8_2013_generation_left_nan,low,2013,3.0,Klamath Cogeneration Project,,,55103,,,,,,Schedule 8 water_withdrawal_m3,301844.950244376,cooling-associated generation_mwh,NaN by design (Schedule 8 has no cooling-associated generation fields),,,2013 Schedule 8 generation_mwh left missing deliberately,Expected missingness. Intensity is not computed. EIA-923 plant generation is not substituted.,high,Do not divide 2013 Schedule 8 water by EIA-923 plant generation.,False
cooling_schedule8_generation_left_missing,expected_missingness,sched8_2013_generation_left_nan,low,2013,3.0,Hermiston Power Plant,,,55328,,,,,,Schedule 8 water_withdrawal_m3,315177.170547624,cooling-associated generation_mwh,NaN by design (Schedule 8 has no cooling-associated generation fields),,,2013 Schedule 8 generation_mwh left missing deliberately,Expected missingness. Intensity is not computed. EIA-923 plant generation is not substituted.,high,Do not divide 2013 Schedule 8 water by EIA-923 plant generation.,False
cooling_schedule8_generation_left_missing,expected_missingness,sched8_2013_generation_left_nan,low,2013,3.0,Port Westward,,,56227,,,,,,Schedule 8 water_withdrawal_m3,136024.987046256,cooling-associated generation_mwh,NaN by design (Schedule 8 has no cooling-associated generation fields),,,2013 Schedule 8 generation_mwh left missing deliberately,Expected missingness. Intensity is not computed. EIA-923 plant generation is not substituted.,high,Do not divide 2013 Schedule 8 water by EIA-923 plant generation.,False
cooling_schedule8_generation_left_missing,expected_missingness,sched8_2013_generation_left_nan,low,2013,4.0,Boardman,,,6106,,,,,,Schedule 8 water_withdrawal_m3,23723175.650328,cooling-associated generation_mwh,NaN by design (Schedule 8 has no cooling-associated generation fields),,,2013 Schedule 8 generation_mwh left missing deliberately,Expected missingness. Intensity is not computed. EIA-923 plant generation is not substituted.,high,Do not divide 2013 Schedule 8 water by EIA-923 plant generation.,False
cooling_schedule8_generation_left_missing,expected_missingness,sched8_2013_generation_left_nan,low,2013,4.0,Coyote Springs,,,7931,,,,,,Schedule 8 water_withdrawal_m3,36211.249125744005,cooling-associated generation_mwh,NaN by design (Schedule 8 has no cooling-associated generation fields),,,2013 Schedule 8 generation_mwh left missing deliberately,Expected missingness. Intensity is not computed. EIA-923 plant generation is not substituted.,high,Do not divide 2013 Schedule 8 water by EIA-923 plant generation.,False
cooling_schedule8_generation_left_missing,expected_missingness,sched8_2013_generation_left_nan,low,2013,4.0,Hermiston,,,54761,,,,,,Schedule 8 water_withdrawal_m3,173765.542532736,cooling-associated generation_mwh,NaN by design (Schedule 8 has no cooling-associated generation fields),,,2013 Schedule 8 generation_mwh left missing deliberately,Expected missingness. Intensity is not computed. EIA-923 plant generation is not substituted.,high,Do not divide 2013 Schedule 8 water by EIA-923 plant generation.,False
cooling_schedule8_generation_left_missing,expected_missingness,sched8_2013_generation_left_nan,low,2013,4.0,Klamath Cogeneration Project,,,55103,,,,,,Schedule 8 water_withdrawal_m3,175359.2008938,cooling-associated generation_mwh,NaN by design (Schedule 8 has no cooling-associated generation fields),,,2013 Schedule 8 generation_mwh left missing deliberately,Expected missingness. Intensity is not computed. EIA-923 plant generation is not substituted.,high,Do not divide 2013 Schedule 8 water by EIA-923 plant generation.,False
cooling_schedule8_generation_left_missing,expected_missingness,sched8_2013_generation_left_nan,low,2013,4.0,Hermiston Power Plant,,,55328,,,,,,Schedule 8 water_withdrawal_m3,231508.213885872,cooling-associated generation_mwh,NaN by design (Schedule 8 has no cooling-associated generation fields),,,2013 Schedule 8 generation_mwh left missing deliberately,Expected missingness. Intensity is not computed. EIA-923 plant generation is not substituted.,high,Do not divide 2013 Schedule 8 water by EIA-923 plant generation.,False
cooling_schedule8_generation_left_missing,expected_missingness,sched8_2013_generation_left_nan,low,2013,4.0,Port Westward,,,56227,,,,,,Schedule 8 water_withdrawal_m3,36328.596891048,cooling-associated generation_mwh,NaN by design (Schedule 8 has no cooling-associated generation fields),,,2013 Schedule 8 generation_mwh left missing deliberately,Expected missingness. Intensity is not computed. EIA-923 plant generation is not substituted.,high,Do not divide 2013 Schedule 8 water by EIA-923 plant generation.,False
cooling_schedule8_generation_left_missing,expected_missingness,sched8_2013_generation_left_nan,low,2013,5.0,Boardman,,,6106,,,,,,Schedule 8 water_withdrawal_m3,12256682.609295432,cooling-associated generation_mwh,NaN by design (Schedule 8 has no cooling-associated generation fields),,,2013 Schedule 8 generation_mwh left missing deliberately,Expected missingness. Intensity is not computed. EIA-923 plant generation is not substituted.,high,Do not divide 2013 Schedule 8 water by EIA-923 plant generation.,False
cooling_schedule8_generation_left_missing,expected_missingness,sched8_2013_generation_left_nan,low,2013,5.0,Coyote Springs,,,7931,,,,,,Schedule 8 water_withdrawal_m3,60324.322189824,cooling-associated generation_mwh,NaN by design (Schedule 8 has no cooling-associated generation fields),,,2013 Schedule 8 generation_mwh left missing deliberately,Expected missingness. Intensity is not computed. EIA-923 plant generation is not substituted.,high,Do not divide 2013 Schedule 8 water by EIA-923 plant generation.,False
cooling_schedule8_generation_left_missing,expected_missingness,sched8_2013_generation_left_nan,low,2013,5.0,Beaver,,,8073,,,,,,Schedule 8 water_withdrawal_m3,431.536943376,cooling-associated generation_mwh,NaN by design (Schedule 8 has no cooling-associated generation fields),,,2013 Schedule 8 generation_mwh left missing deliberately,Expected missingness. Intensity is not computed. EIA-923 plant generation is not substituted.,high,Do not divide 2013 Schedule 8 water by EIA-923 plant generation.,False
cooling_schedule8_generation_left_missing,expected_missingness,sched8_2013_generation_left_nan,low,2013,5.0,Hermiston,,,54761,,,,,,Schedule 8 water_withdrawal_m3,148441.137697776,cooling-associated generation_mwh,NaN by design (Schedule 8 has no cooling-associated generation fields),,,2013 Schedule 8 generation_mwh left missing deliberately,Expected missingness. Intensity is not computed. EIA-923 plant generation is not substituted.,high,Do not divide 2013 Schedule 8 water by EIA-923 plant generation.,False
cooling_schedule8_generation_left_missing,expected_missingness,sched8_2013_generation_left_nan,low,2013,5.0,Hermiston Power Plant,,,55328,,,,,,Schedule 8 water_withdrawal_m3,115837.386002184,cooling-associated generation_mwh,NaN by design (Schedule 8 has no cooling-associated generation fields),,,2013 Schedule 8 generation_mwh left missing deliberately,Expected missingness. Intensity is not computed. EIA-923 plant generation is not substituted.,high,Do not divide 2013 Schedule 8 water by EIA-923 plant generation.,False
cooling_schedule8_generation_left_missing,expected_missingness,sched8_2013_generation_left_nan,low,2013,5.0,Port Westward,,,56227,,,,,,Schedule 8 water_withdrawal_m3,69564.512354568,cooling-associated generation_mwh,NaN by design (Schedule 8 has no cooling-associated generation fields),,,2013 Schedule 8 generation_mwh left missing deliberately,Expected missingness. Intensity is not computed. EIA-923 plant generation is not substituted.,high,Do not divide 2013 Schedule 8 water by EIA-923 plant generation.,False
cooling_schedule8_generation_left_missing,expected_missingness,sched8_2013_generation_left_nan,low,2013,6.0,Boardman,,,6106,,,,,,Schedule 8 water_withdrawal_m3,35584082.10137088,cooling-associated generation_mwh,NaN by design (Schedule 8 has no cooling-associated generation fields),,,2013 Schedule 8 generation_mwh left missing deliberately,Expected missingness. Intensity is not computed. EIA-923 plant generation is not substituted.,high,Do not divide 2013 Schedule 8 water by EIA-923 plant generation.,False
cooling_schedule8_generation_left_missing,expected_missingness,sched8_2013_generation_left_nan,low,2013,6.0,Coyote Springs,,,7931,,,,,,Schedule 8 water_withdrawal_m3,25195.700834304,cooling-associated generation_mwh,NaN by design (Schedule 8 has no cooling-associated generation fields),,,2013 Schedule 8 generation_mwh left missing deliberately,Expected missingness. Intensity is not computed. EIA-923 plant generation is not substituted.,high,Do not divide 2013 Schedule 8 water by EIA-923 plant generation.,False
cooling_schedule8_generation_left_missing,expected_missingness,sched8_2013_generation_left_nan,low,2013,6.0,Beaver,,,8073,,,,,,Schedule 8 water_withdrawal_m3,624.59294436,cooling-associated generation_mwh,NaN by design (Schedule 8 has no cooling-associated generation fields),,,2013 Schedule 8 generation_mwh left missing deliberately,Expected missingness. Intensity is not computed. EIA-923 plant generation is not substituted.,high,Do not divide 2013 Schedule 8 water by EIA-923 plant generation.,False
cooling_schedule8_generation_left_missing,expected_missingness,sched8_2013_generation_left_nan,low,2013,6.0,Hermiston,,,54761,,,,,,Schedule 8 water_withdrawal_m3,132784.67455915202,cooling-associated generation_mwh,NaN by design (Schedule 8 has no cooling-associated generation fields),,,2013 Schedule 8 generation_mwh left missing deliberately,Expected missingness. Intensity is not computed. EIA-923 plant generation is not substituted.,high,Do not divide 2013 Schedule 8 water by EIA-923 plant generation.,False
cooling_schedule8_generation_left_missing,expected_missingness,sched8_2013_generation_left_nan,low,2013,6.0,Klamath Cogeneration Project,,,55103,,,,,,Schedule 8 water_withdrawal_m3,197995.96336212,cooling-associated generation_mwh,NaN by design (Schedule 8 has no cooling-associated generation fields),,,2013 Schedule 8 generation_mwh left missing deliberately,Expected missingness. Intensity is not computed. EIA-923 plant generation is not substituted.,high,Do not divide 2013 Schedule 8 water by EIA-923 plant generation.,False
cooling_schedule8_generation_left_missing,expected_missingness,sched8_2013_generation_left_nan,low,2013,6.0,Hermiston Power Plant,,,55328,,,,,,Schedule 8 water_withdrawal_m3,199396.5657222,cooling-associated generation_mwh,NaN by design (Schedule 8 has no cooling-associated generation fields),,,2013 Schedule 8 generation_mwh left missing deliberately,Expected missingness. Intensity is not computed. EIA-923 plant generation is not substituted.,high,Do not divide 2013 Schedule 8 water by EIA-923 plant generation.,False
cooling_schedule8_generation_left_missing,expected_missingness,sched8_2013_generation_left_nan,low,2013,6.0,Port Westward,,,56227,,,,,,Schedule 8 water_withdrawal_m3,73183.36602007199,cooling-associated generation_mwh,NaN by design (Schedule 8 has no cooling-associated generation fields),,,2013 Schedule 8 generation_mwh left missing deliberately,Expected missingness. Intensity is not computed. EIA-923 plant generation is not substituted.,high,Do not divide 2013 Schedule 8 water by EIA-923 plant generation.,False
cooling_schedule8_generation_left_missing,expected_missingness,sched8_2013_generation_left_nan,low,2013,7.0,Boardman,,,6106,,,,,,Schedule 8 water_withdrawal_m3,1186075.5034571518,cooling-associated generation_mwh,NaN by design (Schedule 8 has no cooling-associated generation fields),,,2013 Schedule 8 generation_mwh left missing deliberately,Expected missingness. Intensity is not computed. EIA-923 plant generation is not substituted.,high,Do not divide 2013 Schedule 8 water by EIA-923 plant generation.,False
cooling_schedule8_generation_left_missing,expected_missingness,sched8_2013_generation_left_nan,low,2013,7.0,Coyote Springs,,,7931,,,,,,Schedule 8 water_withdrawal_m3,113225.451871224,cooling-associated generation_mwh,NaN by design (Schedule 8 has no cooling-associated generation fields),,,2013 Schedule 8 generation_mwh left missing deliberately,Expected missingness. Intensity is not computed. EIA-923 plant generation is not substituted.,high,Do not divide 2013 Schedule 8 water by EIA-923 plant generation.,False
cooling_schedule8_generation_left_missing,expected_missingness,sched8_2013_generation_left_nan,low,2013,7.0,Beaver,,,8073,,,,,,Schedule 8 water_withdrawal_m3,1714.791538152,cooling-associated generation_mwh,NaN by design (Schedule 8 has no cooling-associated generation fields),,,2013 Schedule 8 generation_mwh left missing deliberately,Expected missingness. Intensity is not computed. EIA-923 plant generation is not substituted.,high,Do not divide 2013 Schedule 8 water by EIA-923 plant generation.,False
cooling_schedule8_generation_left_missing,expected_missingness,sched8_2013_generation_left_nan,low,2013,7.0,Hermiston,,,54761,,,,,,Schedule 8 water_withdrawal_m3,200782.026435144,cooling-associated generation_mwh,NaN by design (Schedule 8 has no cooling-associated generation fields),,,2013 Schedule 8 generation_mwh left missing deliberately,Expected missingness. Intensity is not computed. EIA-923 plant generation is not substituted.,high,Do not divide 2013 Schedule 8 water by EIA-923 plant generation.,False
cooling_schedule8_generation_left_missing,expected_missingness,sched8_2013_generation_left_nan,low,2013,7.0,Klamath Cogeneration Project,,,55103,,,,,,Schedule 8 water_withdrawal_m3,324254.588005656,cooling-associated generation_mwh,NaN by design (Schedule 8 has no cooling-associated generation fields),,,2013 Schedule 8 generation_mwh left missing deliberately,Expected missingness. Intensity is not computed. EIA-923 plant generation is not substituted.,high,Do not divide 2013 Schedule 8 water by EIA-923 plant generation.,False
cooling_schedule8_generation_left_missing,expected_missingness,sched8_2013_generation_left_nan,low,2013,7.0,Hermiston Power Plant,,,55328,,,,,,Schedule 8 water_withdrawal_m3,304816.498494816,cooling-associated generation_mwh,NaN by design (Schedule 8 has no cooling-associated generation fields),,,2013 Schedule 8 generation_mwh left missing deliberately,Expected missingness. Intensity is not computed. EIA-923 plant generation is not substituted.,high,Do not divide 2013 Schedule 8 water by EIA-923 plant generation.,False
cooling_schedule8_generation_left_missing,expected_missingness,sched8_2013_generation_left_nan,low,2013,7.0,Port Westward,,,56227,,,,,,Schedule 8 water_withdrawal_m3,184273.84564512,cooling-associated generation_mwh,NaN by design (Schedule 8 has no cooling-associated generation fields),,,2013 Schedule 8 generation_mwh left missing deliberately,Expected missingness. Intensity is not computed. EIA-923 plant generation is not substituted.,high,Do not divide 2013 Schedule 8 water by EIA-923 plant generation.,False
cooling_schedule8_generation_left_missing,expected_missingness,sched8_2013_generation_left_nan,low,2013,8.0,Boardman,,,6106,,,,,,Schedule 8 water_withdrawal_m3,36236240.41434197,cooling-associated generation_mwh,NaN by design (Schedule 8 has no cooling-associated generation fields),,,2013 Schedule 8 generation_mwh left missing deliberately,Expected missingness. Intensity is not computed. EIA-923 plant generation is not substituted.,high,Do not divide 2013 Schedule 8 water by EIA-923 plant generation.,False
cooling_schedule8_generation_left_missing,expected_missingness,sched8_2013_generation_left_nan,low,2013,8.0,Coyote Springs,,,7931,,,,,,Schedule 8 water_withdrawal_m3,138277.307057736,cooling-associated generation_mwh,NaN by design (Schedule 8 has no cooling-associated generation fields),,,2013 Schedule 8 generation_mwh left missing deliberately,Expected missingness. Intensity is not computed. EIA-923 plant generation is not substituted.,high,Do not divide 2013 Schedule 8 water by EIA-923 plant generation.,False
cooling_schedule8_generation_left_missing,expected_missingness,sched8_2013_generation_left_nan,low,2013,8.0,Beaver,,,8073,,,,,,Schedule 8 water_withdrawal_m3,2646.002837016,cooling-associated generation_mwh,NaN by design (Schedule 8 has no cooling-associated generation fields),,,2013 Schedule 8 generation_mwh left missing deliberately,Expected missingness. Intensity is not computed. EIA-923 plant generation is not substituted.,high,Do not divide 2013 Schedule 8 water by EIA-923 plant generation.,False
cooling_schedule8_generation_left_missing,expected_missingness,sched8_2013_generation_left_nan,low,2013,8.0,Hermiston,,,54761,,,,,,Schedule 8 water_withdrawal_m3,219417.608647776,cooling-associated generation_mwh,NaN by design (Schedule 8 has no cooling-associated generation fields),,,2013 Schedule 8 generation_mwh left missing deliberately,Expected missingness. Intensity is not computed. EIA-923 plant generation is not substituted.,high,Do not divide 2013 Schedule 8 water by EIA-923 plant generation.,False
cooling_schedule8_generation_left_missing,expected_missingness,sched8_2013_generation_left_nan,low,2013,8.0,Klamath Cogeneration Project,,,55103,,,,,,Schedule 8 water_withdrawal_m3,364061.9783262,cooling-associated generation_mwh,NaN by design (Schedule 8 has no cooling-associated generation fields),,,2013 Schedule 8 generation_mwh left missing deliberately,Expected missingness. Intensity is not computed. EIA-923 plant generation is not substituted.,high,Do not divide 2013 Schedule 8 water by EIA-923 plant generation.,False
cooling_schedule8_generation_left_missing,expected_missingness,sched8_2013_generation_left_nan,low,2013,8.0,Hermiston Power Plant,,,55328,,,,,,Schedule 8 water_withdrawal_m3,404448.536649696,cooling-associated generation_mwh,NaN by design (Schedule 8 has no cooling-associated generation fields),,,2013 Schedule 8 generation_mwh left missing deliberately,Expected missingness. Intensity is not computed. EIA-923 plant generation is not substituted.,high,Do not divide 2013 Schedule 8 water by EIA-923 plant generation.,False
cooling_schedule8_generation_left_missing,expected_missingness,sched8_2013_generation_left_nan,low,2013,8.0,Port Westward,,,56227,,,,,,Schedule 8 water_withdrawal_m3,212191.25755212,cooling-associated generation_mwh,NaN by design (Schedule 8 has no cooling-associated generation fields),,,2013 Schedule 8 generation_mwh left missing deliberately,Expected missingness. Intensity is not computed. EIA-923 plant generation is not substituted.,high,Do not divide 2013 Schedule 8 water by EIA-923 plant generation.,False
cooling_schedule8_generation_left_missing,expected_missingness,sched8_2013_generation_left_nan,low,2013,9.0,Boardman,,,6106,,,,,,Schedule 8 water_withdrawal_m3,36409907.53616832,cooling-associated generation_mwh,NaN by design (Schedule 8 has no cooling-associated generation fields),,,2013 Schedule 8 generation_mwh left missing deliberately,Expected missingness. Intensity is not computed. EIA-923 plant generation is not substituted.,high,Do not divide 2013 Schedule 8 water by EIA-923 plant generation.,False
cooling_schedule8_generation_left_missing,expected_missingness,sched8_2013_generation_left_nan,low,2013,9.0,Coyote Springs,,,7931,,,,,,Schedule 8 water_withdrawal_m3,119414.600138064,cooling-associated generation_mwh,NaN by design (Schedule 8 has no cooling-associated generation fields),,,2013 Schedule 8 generation_mwh left missing deliberately,Expected missingness. Intensity is not computed. EIA-923 plant generation is not substituted.,high,Do not divide 2013 Schedule 8 water by EIA-923 plant generation.,False
cooling_schedule8_generation_left_missing,expected_missingness,sched8_2013_generation_left_nan,low,2013,9.0,Beaver,,,8073,,,,,,Schedule 8 water_withdrawal_m3,1506.593890032,cooling-associated generation_mwh,NaN by design (Schedule 8 has no cooling-associated generation fields),,,2013 Schedule 8 generation_mwh left missing deliberately,Expected missingness. Intensity is not computed. EIA-923 plant generation is not substituted.,high,Do not divide 2013 Schedule 8 water by EIA-923 plant generation.,False
cooling_schedule8_generation_left_missing,expected_missingness,sched8_2013_generation_left_nan,low,2013,9.0,Hermiston,,,54761,,,,,,Schedule 8 water_withdrawal_m3,213432.872617272,cooling-associated generation_mwh,NaN by design (Schedule 8 has no cooling-associated generation fields),,,2013 Schedule 8 generation_mwh left missing deliberately,Expected missingness. Intensity is not computed. EIA-923 plant generation is not substituted.,high,Do not divide 2013 Schedule 8 water by EIA-923 plant generation.,False
cooling_schedule8_generation_left_missing,expected_missingness,sched8_2013_generation_left_nan,low,2013,9.0,Klamath Cogeneration Project,,,55103,,,,,,Schedule 8 water_withdrawal_m3,337480.816778952,cooling-associated generation_mwh,NaN by design (Schedule 8 has no cooling-associated generation fields),,,2013 Schedule 8 generation_mwh left missing deliberately,Expected missingness. Intensity is not computed. EIA-923 plant generation is not substituted.,high,Do not divide 2013 Schedule 8 water by EIA-923 plant generation.,False
cooling_schedule8_generation_left_missing,expected_missingness,sched8_2013_generation_left_nan,low,2013,9.0,Hermiston Power Plant,,,55328,,,,,,Schedule 8 water_withdrawal_m3,282425.787792456,cooling-associated generation_mwh,NaN by design (Schedule 8 has no cooling-associated generation fields),,,2013 Schedule 8 generation_mwh left missing deliberately,Expected missingness. Intensity is not computed. EIA-923 plant generation is not substituted.,high,Do not divide 2013 Schedule 8 water by EIA-923 plant generation.,False
cooling_schedule8_generation_left_missing,expected_missingness,sched8_2013_generation_left_nan,low,2013,9.0,Port Westward,,,56227,,,,,,Schedule 8 water_withdrawal_m3,193642.73981052,cooling-associated generation_mwh,NaN by design (Schedule 8 has no cooling-associated generation fields),,,2013 Schedule 8 generation_mwh left missing deliberately,Expected missingness. Intensity is not computed. EIA-923 plant generation is not substituted.,high,Do not divide 2013 Schedule 8 water by EIA-923 plant generation.,False
cooling_schedule8_generation_left_missing,expected_missingness,sched8_2013_generation_left_nan,low,2013,10.0,Boardman,,,6106,,,,,,Schedule 8 water_withdrawal_m3,36999863.96270472,cooling-associated generation_mwh,NaN by design (Schedule 8 has no cooling-associated generation fields),,,2013 Schedule 8 generation_mwh left missing deliberately,Expected missingness. Intensity is not computed. EIA-923 plant generation is not substituted.,high,Do not divide 2013 Schedule 8 water by EIA-923 plant generation.,False
cooling_schedule8_generation_left_missing,expected_missingness,sched8_2013_generation_left_nan,low,2013,10.0,Coyote Springs,,,7931,,,,,,Schedule 8 water_withdrawal_m3,101600.45228256,cooling-associated generation_mwh,NaN by design (Schedule 8 has no cooling-associated generation fields),,,2013 Schedule 8 generation_mwh left missing deliberately,Expected missingness. Intensity is not computed. EIA-923 plant generation is not substituted.,high,Do not divide 2013 Schedule 8 water by EIA-923 plant generation.,False
cooling_schedule8_generation_left_missing,expected_missingness,sched8_2013_generation_left_nan,low,2013,10.0,Beaver,,,8073,,,,,,Schedule 8 water_withdrawal_m3,590.5242383039999,cooling-associated generation_mwh,NaN by design (Schedule 8 has no cooling-associated generation fields),,,2013 Schedule 8 generation_mwh left missing deliberately,Expected missingness. Intensity is not computed. EIA-923 plant generation is not substituted.,high,Do not divide 2013 Schedule 8 water by EIA-923 plant generation.,False
cooling_schedule8_generation_left_missing,expected_missingness,sched8_2013_generation_left_nan,low,2013,10.0,Hermiston,,,54761,,,,,,Schedule 8 water_withdrawal_m3,185757.727064448,cooling-associated generation_mwh,NaN by design (Schedule 8 has no cooling-associated generation fields),,,2013 Schedule 8 generation_mwh left missing deliberately,Expected missingness. Intensity is not computed. EIA-923 plant generation is not substituted.,high,Do not divide 2013 Schedule 8 water by EIA-923 plant generation.,False
cooling_schedule8_generation_left_missing,expected_missingness,sched8_2013_generation_left_nan,low,2013,10.0,Klamath Cogeneration Project,,,55103,,,,,,Schedule 8 water_withdrawal_m3,340066.253027424,cooling-associated generation_mwh,NaN by design (Schedule 8 has no cooling-associated generation fields),,,2013 Schedule 8 generation_mwh left missing deliberately,Expected missingness. Intensity is not computed. EIA-923 plant generation is not substituted.,high,Do not divide 2013 Schedule 8 water by EIA-923 plant generation.,False
cooling_schedule8_generation_left_missing,expected_missingness,sched8_2013_generation_left_nan,low,2013,10.0,Hermiston Power Plant,,,55328,,,,,,Schedule 8 water_withdrawal_m3,255848.411656992,cooling-associated generation_mwh,NaN by design (Schedule 8 has no cooling-associated generation fields),,,2013 Schedule 8 generation_mwh left missing deliberately,Expected missingness. Intensity is not computed. EIA-923 plant generation is not substituted.,high,Do not divide 2013 Schedule 8 water by EIA-923 plant generation.,False
cooling_schedule8_generation_left_missing,expected_missingness,sched8_2013_generation_left_nan,low,2013,10.0,Port Westward,,,56227,,,,,,Schedule 8 water_withdrawal_m3,178220.972202504,cooling-associated generation_mwh,NaN by design (Schedule 8 has no cooling-associated generation fields),,,2013 Schedule 8 generation_mwh left missing deliberately,Expected missingness. Intensity is not computed. EIA-923 plant generation is not substituted.,high,Do not divide 2013 Schedule 8 water by EIA-923 plant generation.,False
cooling_schedule8_generation_left_missing,expected_missingness,sched8_2013_generation_left_nan,low,2013,11.0,Boardman,,,6106,,,,,,Schedule 8 water_withdrawal_m3,35753660.97847051,cooling-associated generation_mwh,NaN by design (Schedule 8 has no cooling-associated generation fields),,,2013 Schedule 8 generation_mwh left missing deliberately,Expected missingness. Intensity is not computed. EIA-923 plant generation is not substituted.,high,Do not divide 2013 Schedule 8 water by EIA-923 plant generation.,False
cooling_schedule8_generation_left_missing,expected_missingness,sched8_2013_generation_left_nan,low,2013,11.0,Coyote Springs,,,7931,,,,,,Schedule 8 water_withdrawal_m3,107838.810902592,cooling-associated generation_mwh,NaN by design (Schedule 8 has no cooling-associated generation fields),,,2013 Schedule 8 generation_mwh left missing deliberately,Expected missingness. Intensity is not computed. EIA-923 plant generation is not substituted.,high,Do not divide 2013 Schedule 8 water by EIA-923 plant generation.,False
cooling_schedule8_generation_left_missing,expected_missingness,sched8_2013_generation_left_nan,low,2013,11.0,Beaver,,,8073,,,,,,Schedule 8 water_withdrawal_m3,1222.688006232,cooling-associated generation_mwh,NaN by design (Schedule 8 has no cooling-associated generation fields),,,2013 Schedule 8 generation_mwh left missing deliberately,Expected missingness. Intensity is not computed. EIA-923 plant generation is not substituted.,high,Do not divide 2013 Schedule 8 water by EIA-923 plant generation.,False
cooling_schedule8_generation_left_missing,expected_missingness,sched8_2013_generation_left_nan,low,2013,11.0,Hermiston,,,54761,,,,,,Schedule 8 water_withdrawal_m3,205214.743634208,cooling-associated generation_mwh,NaN by design (Schedule 8 has no cooling-associated generation fields),,,2013 Schedule 8 generation_mwh left missing deliberately,Expected missingness. Intensity is not computed. EIA-923 plant generation is not substituted.,high,Do not divide 2013 Schedule 8 water by EIA-923 plant generation.,False
cooling_schedule8_generation_left_missing,expected_missingness,sched8_2013_generation_left_nan,low,2013,11.0,Klamath Cogeneration Project,,,55103,,,,,,Schedule 8 water_withdrawal_m3,304142.695197264,cooling-associated generation_mwh,NaN by design (Schedule 8 has no cooling-associated generation fields),,,2013 Schedule 8 generation_mwh left missing deliberately,Expected missingness. Intensity is not computed. EIA-923 plant generation is not substituted.,high,Do not divide 2013 Schedule 8 water by EIA-923 plant generation.,False
cooling_schedule8_generation_left_missing,expected_missingness,sched8_2013_generation_left_nan,low,2013,11.0,Hermiston Power Plant,,,55328,,,,,,Schedule 8 water_withdrawal_m3,330231.753212592,cooling-associated generation_mwh,NaN by design (Schedule 8 has no cooling-associated generation fields),,,2013 Schedule 8 generation_mwh left missing deliberately,Expected missingness. Intensity is not computed. EIA-923 plant generation is not substituted.,high,Do not divide 2013 Schedule 8 water by EIA-923 plant generation.,False
cooling_schedule8_generation_left_missing,expected_missingness,sched8_2013_generation_left_nan,low,2013,11.0,Port Westward,,,56227,,,,,,Schedule 8 water_withdrawal_m3,173776.898768088,cooling-associated generation_mwh,NaN by design (Schedule 8 has no cooling-associated generation fields),,,2013 Schedule 8 generation_mwh left missing deliberately,Expected missingness. Intensity is not computed. EIA-923 plant generation is not substituted.,high,Do not divide 2013 Schedule 8 water by EIA-923 plant generation.,False
cooling_schedule8_generation_left_missing,expected_missingness,sched8_2013_generation_left_nan,low,2013,12.0,Boardman,,,6106,,,,,,Schedule 8 water_withdrawal_m3,35021267.077325754,cooling-associated generation_mwh,NaN by design (Schedule 8 has no cooling-associated generation fields),,,2013 Schedule 8 generation_mwh left missing deliberately,Expected missingness. Intensity is not computed. EIA-923 plant generation is not substituted.,high,Do not divide 2013 Schedule 8 water by EIA-923 plant generation.,False
cooling_schedule8_generation_left_missing,expected_missingness,sched8_2013_generation_left_nan,low,2013,12.0,Coyote Springs,,,7931,,,,,,Schedule 8 water_withdrawal_m3,113959.82175732,cooling-associated generation_mwh,NaN by design (Schedule 8 has no cooling-associated generation fields),,,2013 Schedule 8 generation_mwh left missing deliberately,Expected missingness. Intensity is not computed. EIA-923 plant generation is not substituted.,high,Do not divide 2013 Schedule 8 water by EIA-923 plant generation.,False
cooling_schedule8_generation_left_missing,expected_missingness,sched8_2013_generation_left_nan,low,2013,12.0,Beaver,,,8073,,,,,,Schedule 8 water_withdrawal_m3,2471.873894952,cooling-associated generation_mwh,NaN by design (Schedule 8 has no cooling-associated generation fields),,,2013 Schedule 8 generation_mwh left missing deliberately,Expected missingness. Intensity is not computed. EIA-923 plant generation is not substituted.,high,Do not divide 2013 Schedule 8 water by EIA-923 plant generation.,False
cooling_schedule8_generation_left_missing,expected_missingness,sched8_2013_generation_left_nan,low,2013,12.0,Hermiston,,,54761,,,,,,Schedule 8 water_withdrawal_m3,194316.543108072,cooling-associated generation_mwh,NaN by design (Schedule 8 has no cooling-associated generation fields),,,2013 Schedule 8 generation_mwh left missing deliberately,Expected missingness. Intensity is not computed. EIA-923 plant generation is not substituted.,high,Do not divide 2013 Schedule 8 water by EIA-923 plant generation.,False
cooling_schedule8_generation_left_missing,expected_missingness,sched8_2013_generation_left_nan,low,2013,12.0,Klamath Cogeneration Project,,,55103,,,,,,Schedule 8 water_withdrawal_m3,336454.970185488,cooling-associated generation_mwh,NaN by design (Schedule 8 has no cooling-associated generation fields),,,2013 Schedule 8 generation_mwh left missing deliberately,Expected missingness. Intensity is not computed. EIA-923 plant generation is not substituted.,high,Do not divide 2013 Schedule 8 water by EIA-923 plant generation.,False
cooling_schedule8_generation_left_missing,expected_missingness,sched8_2013_generation_left_nan,low,2013,12.0,Hermiston Power Plant,,,55328,,,,,,Schedule 8 water_withdrawal_m3,307746.407215632,cooling-associated generation_mwh,NaN by design (Schedule 8 has no cooling-associated generation fields),,,2013 Schedule 8 generation_mwh left missing deliberately,Expected missingness. Intensity is not computed. EIA-923 plant generation is not substituted.,high,Do not divide 2013 Schedule 8 water by EIA-923 plant generation.,False
cooling_schedule8_generation_left_missing,expected_missingness,sched8_2013_generation_left_nan,low,2013,12.0,Port Westward,,,56227,,,,,,Schedule 8 water_withdrawal_m3,176733.305371392,cooling-associated generation_mwh,NaN by design (Schedule 8 has no cooling-associated generation fields),,,2013 Schedule 8 generation_mwh left missing deliberately,Expected missingness. Intensity is not computed. EIA-923 plant generation is not substituted.,high,Do not divide 2013 Schedule 8 water by EIA-923 plant generation.,False
cooling_associated_generation_missing_or_zero,coverage_limitation,cool_gen_boundary_55103_2014_1,medium,2014,1.0,Klamath Cogeneration Plant,,,55103,,,,,,cooling-associated generation_mwh,0.0,EIA-923 plant net generation / cooling summary generation,eia923=333002.0; summary=0.0,,,cooling_gen_zero_eia923_positive,Cooling-associated generation is missing/zero while EIA-923 plant generation is positive. Official cooling summary also lacks positive cooling-associated generation. Boundaries are not demonstrably compatible; plant generation is not used as the intensity denominator.,high,Leave cooling intensity missing. Do not substitute EIA-923 plant generation.,False
cooling_associated_generation_missing_or_zero,coverage_limitation,cool_gen_boundary_55103_2014_2,medium,2014,2.0,Klamath Cogeneration Plant,,,55103,,,,,,cooling-associated generation_mwh,0.0,EIA-923 plant net generation / cooling summary generation,eia923=248174.0; summary=0.0,,,cooling_gen_zero_eia923_positive,Cooling-associated generation is missing/zero while EIA-923 plant generation is positive. Official cooling summary also lacks positive cooling-associated generation. Boundaries are not demonstrably compatible; plant generation is not used as the intensity denominator.,high,Leave cooling intensity missing. Do not substitute EIA-923 plant generation.,False
cooling_associated_generation_missing_or_zero,coverage_limitation,cool_gen_boundary_55103_2014_3,medium,2014,3.0,Klamath Cogeneration Plant,,,55103,,,,,,cooling-associated generation_mwh,0.0,EIA-923 plant net generation / cooling summary generation,eia923=37542.0; summary=0.0,,,cooling_gen_zero_eia923_positive,Cooling-associated generation is missing/zero while EIA-923 plant generation is positive. Official cooling summary also lacks positive cooling-associated generation. Boundaries are not demonstrably compatible; plant generation is not used as the intensity denominator.,high,Leave cooling intensity missing. Do not substitute EIA-923 plant generation.,False
cooling_associated_generation_missing_or_zero,coverage_limitation,cool_gen_boundary_8073_2014_4,medium,2014,4.0,Beaver,,,8073,,,,,,cooling-associated generation_mwh,0.0,EIA-923 plant net generation / cooling summary generation,eia923=814.9999999999999; summary=0.0,,,cooling_gen_zero_eia923_positive,Cooling-associated generation is missing/zero while EIA-923 plant generation is positive. Official cooling summary also lacks positive cooling-associated generation. Boundaries are not demonstrably compatible; plant generation is not used as the intensity denominator.,high,Leave cooling intensity missing. Do not substitute EIA-923 plant generation.,False
cooling_associated_generation_missing_or_zero,coverage_limitation,cool_gen_boundary_55103_2014_4,medium,2014,4.0,Klamath Cogeneration Plant,,,55103,,,,,,cooling-associated generation_mwh,0.0,EIA-923 plant net generation / cooling summary generation,eia923=31432.0; summary=0.0,,,cooling_gen_zero_eia923_positive,Cooling-associated generation is missing/zero while EIA-923 plant generation is positive. Official cooling summary also lacks positive cooling-associated generation. Boundaries are not demonstrably compatible; plant generation is not used as the intensity denominator.,high,Leave cooling intensity missing. Do not substitute EIA-923 plant generation.,False
cooling_water_with_zero_generation_expected,expected_missingness,cooling_and_plant_generation_both_zero_or_missing,low,2014,4.0,Port Westward,,,56227,,,,,,cooling-associated generation_mwh,0.0,EIA-923 plant generation_mwh,-748.0,,,cooling water present; cooling-associated and EIA-923 plant generation are zero/missing,Expected missing intensity: both cooling-associated and plant generation are non-positive. No zero-division.,high,Keep intensity missing.,False
cooling_associated_generation_missing_or_zero,coverage_limitation,cool_gen_boundary_55103_2014_5,medium,2014,5.0,Klamath Cogeneration Plant,,,55103,,,,,,cooling-associated generation_mwh,0.0,EIA-923 plant net generation / cooling summary generation,eia923=9043.0; summary=0.0,,,cooling_gen_zero_eia923_positive,Cooling-associated generation is missing/zero while EIA-923 plant generation is positive. Official cooling summary also lacks positive cooling-associated generation. Boundaries are not demonstrably compatible; plant generation is not used as the intensity denominator.,high,Leave cooling intensity missing. Do not substitute EIA-923 plant generation.,False
cooling_water_with_zero_generation_expected,expected_missingness,cooling_and_plant_generation_both_zero_or_missing,low,2014,5.0,Port Westward,,,56227,,,,,,cooling-associated generation_mwh,0.0,EIA-923 plant generation_mwh,-602.0,,,cooling water present; cooling-associated and EIA-923 plant generation are zero/missing,Expected missing intensity: both cooling-associated and plant generation are non-positive. No zero-division.,high,Keep intensity missing.,False
cooling_associated_generation_missing_or_zero,coverage_limitation,cool_gen_boundary_55103_2014_6,medium,2014,6.0,Klamath Cogeneration Plant,,,55103,,,,,,cooling-associated generation_mwh,,EIA-923 plant net generation / cooling summary generation,eia923=113272.0; summary=nan,,,cooling_gen_missing_eia923_positive,Cooling-associated generation is missing/zero while EIA-923 plant generation is positive. Official cooling summary also lacks positive cooling-associated generation. Boundaries are not demonstrably compatible; plant generation is not used as the intensity denominator.,high,Leave cooling intensity missing. Do not substitute EIA-923 plant generation.,False
cooling_associated_generation_missing_or_zero,coverage_limitation,cool_gen_boundary_55103_2014_7,medium,2014,7.0,Klamath Cogeneration Plant,,,55103,,,,,,cooling-associated generation_mwh,,EIA-923 plant net generation / cooling summary generation,eia923=176881.0; summary=nan,,,cooling_gen_missing_eia923_positive,Cooling-associated generation is missing/zero while EIA-923 plant generation is positive. Official cooling summary also lacks positive cooling-associated generation. Boundaries are not demonstrably compatible; plant generation is not used as the intensity denominator.,high,Leave cooling intensity missing. Do not substitute EIA-923 plant generation.,False
cooling_associated_generation_missing_or_zero,coverage_limitation,cool_gen_boundary_55103_2014_8,medium,2014,8.0,Klamath Cogeneration Plant,,,55103,,,,,,cooling-associated generation_mwh,,EIA-923 plant net generation / cooling summary generation,eia923=273634.0; summary=nan,,,cooling_gen_missing_eia923_positive,Cooling-associated generation is missing/zero while EIA-923 plant generation is positive. Official cooling summary also lacks positive cooling-associated generation. Boundaries are not demonstrably compatible; plant generation is not used as the intensity denominator.,high,Leave cooling intensity missing. Do not substitute EIA-923 plant generation.,False
cooling_associated_generation_missing_or_zero,coverage_limitation,cool_gen_boundary_55103_2014_9,medium,2014,9.0,Klamath Cogeneration Plant,,,55103,,,,,,cooling-associated generation_mwh,,EIA-923 plant net generation / cooling summary generation,eia923=287599.0; summary=nan,,,cooling_gen_missing_eia923_positive,Cooling-associated generation is missing/zero while EIA-923 plant generation is positive. Official cooling summary also lacks positive cooling-associated generation. Boundaries are not demonstrably compatible; plant generation is not used as the intensity denominator.,high,Leave cooling intensity missing. Do not substitute EIA-923 plant generation.,False
cooling_associated_generation_missing_or_zero,coverage_limitation,cool_gen_boundary_55103_2014_10,medium,2014,10.0,Klamath Cogeneration Plant,,,55103,,,,,,cooling-associated generation_mwh,,EIA-923 plant net generation / cooling summary generation,eia923=299966.0; summary=nan,,,cooling_gen_missing_eia923_positive,Cooling-associated generation is missing/zero while EIA-923 plant generation is positive. Official cooling summary also lacks positive cooling-associated generation. Boundaries are not demonstrably compatible; plant generation is not used as the intensity denominator.,high,Leave cooling intensity missing. Do not substitute EIA-923 plant generation.,False
cooling_associated_generation_missing_or_zero,coverage_limitation,cool_gen_boundary_55103_2014_11,medium,2014,11.0,Klamath Cogeneration Plant,,,55103,,,,,,cooling-associated generation_mwh,,EIA-923 plant net generation / cooling summary generation,eia923=218475.0; summary=nan,,,cooling_gen_missing_eia923_positive,Cooling-associated generation is missing/zero while EIA-923 plant generation is positive. Official cooling summary also lacks positive cooling-associated generation. Boundaries are not demonstrably compatible; plant generation is not used as the intensity denominator.,high,Leave cooling intensity missing. Do not substitute EIA-923 plant generation.,False
cooling_associated_generation_missing_or_zero,coverage_limitation,cool_gen_boundary_55103_2014_12,medium,2014,12.0,Klamath Cogeneration Plant,,,55103,,,,,,cooling-associated generation_mwh,,EIA-923 plant net generation / cooling summary generation,eia923=155887.0; summary=nan,,,cooling_gen_missing_eia923_positive,Cooling-associated generation is missing/zero while EIA-923 plant generation is positive. Official cooling summary also lacks positive cooling-associated generation. Boundaries are not demonstrably compatible; plant generation is not used as the intensity denominator.,high,Leave cooling intensity missing. Do not substitute EIA-923 plant generation.,False
cooling_associated_generation_missing_or_zero,coverage_limitation,cool_gen_boundary_55103_2015_1,medium,2015,1.0,Klamath Cogeneration Plant,,,55103,,,,,,cooling-associated generation_mwh,,EIA-923 plant net generation / cooling summary generation,eia923=106798.0; summary=nan,,,cooling_gen_missing_eia923_positive,Cooling-associated generation is missing/zero while EIA-923 plant generation is positive. Official cooling summary also lacks positive cooling-associated generation. Boundaries are not demonstrably compatible; plant generation is not used as the intensity denominator.,high,Leave cooling intensity missing. Do not substitute EIA-923 plant generation.,False
cooling_water_with_zero_generation_expected,expected_missingness,cooling_and_plant_generation_both_zero_or_missing,low,2015,2.0,Boardman,,,6106,,,,,,cooling-associated generation_mwh,0.0,EIA-923 plant generation_mwh,0.0,,,cooling water present; cooling-associated and EIA-923 plant generation are zero/missing,Expected missing intensity: both cooling-associated and plant generation are non-positive. No zero-division.,high,Keep intensity missing.,False
cooling_associated_generation_missing_or_zero,coverage_limitation,cool_gen_boundary_55103_2015_2,medium,2015,2.0,Klamath Cogeneration Plant,,,55103,,,,,,cooling-associated generation_mwh,,EIA-923 plant net generation / cooling summary generation,eia923=75772.0; summary=nan,,,cooling_gen_missing_eia923_positive,Cooling-associated generation is missing/zero while EIA-923 plant generation is positive. Official cooling summary also lacks positive cooling-associated generation. Boundaries are not demonstrably compatible; plant generation is not used as the intensity denominator.,high,Leave cooling intensity missing. Do not substitute EIA-923 plant generation.,False
cooling_water_without_generation_expected,expected_missingness,cooling_generation_and_eia923_both_missing,low,2015,2.0,Hermiston Power Partnership,,,55328,,,,,,cooling water_withdrawal_m3,114069.598699056,cooling-associated generation / EIA-923 plant generation,both missing or non-positive,,,expected_missingness_cooling_and_plant_gen,Water is present without a compatible generation denominator. Intensity left missing.,high,Do not invent a generation denominator.,False
cooling_water_with_zero_generation_expected,expected_missingness,cooling_and_plant_generation_both_zero_or_missing,low,2015,3.0,Boardman,,,6106,,,,,,cooling-associated generation_mwh,0.0,EIA-923 plant generation_mwh,0.0,,,cooling water present; cooling-associated and EIA-923 plant generation are zero/missing,Expected missing intensity: both cooling-associated and plant generation are non-positive. No zero-division.,high,Keep intensity missing.,False
cooling_associated_generation_missing_or_zero,coverage_limitation,cool_gen_boundary_55103_2015_3,medium,2015,3.0,Klamath Cogeneration Plant,,,55103,,,,,,cooling-associated generation_mwh,,EIA-923 plant net generation / cooling summary generation,eia923=132755.0; summary=nan,,,cooling_gen_missing_eia923_positive,Cooling-associated generation is missing/zero while EIA-923 plant generation is positive. Official cooling summary also lacks positive cooling-associated generation. Boundaries are not demonstrably compatible; plant generation is not used as the intensity denominator.,high,Leave cooling intensity missing. Do not substitute EIA-923 plant generation.,False
cooling_water_without_generation_expected,expected_missingness,cooling_generation_and_eia923_both_missing,low,2015,3.0,Hermiston Power Partnership,,,55328,,,,,,cooling water_withdrawal_m3,227548.673159808,cooling-associated generation / EIA-923 plant generation,both missing or non-positive,,,expected_missingness_cooling_and_plant_gen,Water is present without a compatible generation denominator. Intensity left missing.,high,Do not invent a generation denominator.,False
cooling_water_with_zero_generation_expected,expected_missingness,cooling_and_plant_generation_both_zero_or_missing,low,2015,4.0,Boardman,,,6106,,,,,,cooling-associated generation_mwh,0.0,EIA-923 plant generation_mwh,0.0,,,cooling water present; cooling-associated and EIA-923 plant generation are zero/missing,Expected missing intensity: both cooling-associated and plant generation are non-positive. No zero-division.,high,Keep intensity missing.,False
cooling_associated_generation_missing_or_zero,coverage_limitation,cool_gen_boundary_55103_2015_4,medium,2015,4.0,Klamath Cogeneration Plant,,,55103,,,,,,cooling-associated generation_mwh,,EIA-923 plant net generation / cooling summary generation,eia923=221396.0; summary=nan,,,cooling_gen_missing_eia923_positive,Cooling-associated generation is missing/zero while EIA-923 plant generation is positive. Official cooling summary also lacks positive cooling-associated generation. Boundaries are not demonstrably compatible; plant generation is not used as the intensity denominator.,high,Leave cooling intensity missing. Do not substitute EIA-923 plant generation.,False
cooling_water_without_generation_expected,expected_missingness,cooling_generation_and_eia923_both_missing,low,2015,4.0,Hermiston Power Partnership,,,55328,,,,,,cooling water_withdrawal_m3,313806.851481816,cooling-associated generation / EIA-923 plant generation,both missing or non-positive,,,expected_missingness_cooling_and_plant_gen,Water is present without a compatible generation denominator. Intensity left missing.,high,Do not invent a generation denominator.,False
cooling_water_with_zero_generation_expected,expected_missingness,cooling_and_plant_generation_both_zero_or_missing,low,2015,5.0,Boardman,,,6106,,,,,,cooling-associated generation_mwh,0.0,EIA-923 plant generation_mwh,0.0,,,cooling water present; cooling-associated and EIA-923 plant generation are zero/missing,Expected missing intensity: both cooling-associated and plant generation are non-positive. No zero-division.,high,Keep intensity missing.,False
cooling_associated_generation_missing_or_zero,coverage_limitation,cool_gen_boundary_55103_2015_5,medium,2015,5.0,Klamath Cogeneration Plant,,,55103,,,,,,cooling-associated generation_mwh,,EIA-923 plant net generation / cooling summary generation,eia923=23050.0; summary=nan,,,cooling_gen_missing_eia923_positive,Cooling-associated generation is missing/zero while EIA-923 plant generation is positive. Official cooling summary also lacks positive cooling-associated generation. Boundaries are not demonstrably compatible; plant generation is not used as the intensity denominator.,high,Leave cooling intensity missing. Do not substitute EIA-923 plant generation.,False
cooling_water_without_generation_expected,expected_missingness,cooling_generation_and_eia923_both_missing,low,2015,5.0,Hermiston Power Partnership,,,55328,,,,,,cooling water_withdrawal_m3,194721.58216896,cooling-associated generation / EIA-923 plant generation,both missing or non-positive,,,expected_missingness_cooling_and_plant_gen,Water is present without a compatible generation denominator. Intensity left missing.,high,Do not invent a generation denominator.,False
cooling_associated_generation_missing_or_zero,coverage_limitation,cool_gen_boundary_55103_2015_6,medium,2015,6.0,Klamath Cogeneration Plant,,,55103,,,,,,cooling-associated generation_mwh,,EIA-923 plant net generation / cooling summary generation,eia923=316439.0; summary=nan,,,cooling_gen_missing_eia923_positive,Cooling-associated generation is missing/zero while EIA-923 plant generation is positive. Official cooling summary also lacks positive cooling-associated generation. Boundaries are not demonstrably compatible; plant generation is not used as the intensity denominator.,high,Leave cooling intensity missing. Do not substitute EIA-923 plant generation.,False
cooling_water_without_generation_expected,expected_missingness,cooling_generation_and_eia923_both_missing,low,2015,6.0,Hermiston Power Partnership,,,55328,,,,,,cooling water_withdrawal_m3,405145.052417952,cooling-associated generation / EIA-923 plant generation,both missing or non-positive,,,expected_missingness_cooling_and_plant_gen,Water is present without a compatible generation denominator. Intensity left missing.,high,Do not invent a generation denominator.,False
cooling_associated_generation_missing_or_zero,coverage_limitation,cool_gen_boundary_55103_2015_7,medium,2015,7.0,Klamath Cogeneration Plant,,,55103,,,,,,cooling-associated generation_mwh,,EIA-923 plant net generation / cooling summary generation,eia923=293753.0; summary=nan,,,cooling_gen_missing_eia923_positive,Cooling-associated generation is missing/zero while EIA-923 plant generation is positive. Official cooling summary also lacks positive cooling-associated generation. Boundaries are not demonstrably compatible; plant generation is not used as the intensity denominator.,high,Leave cooling intensity missing. Do not substitute EIA-923 plant generation.,False
cooling_water_without_generation_expected,expected_missingness,cooling_generation_and_eia923_both_missing,low,2015,7.0,Hermiston Power Partnership,,,55328,,,,,,cooling water_withdrawal_m3,425264.516049912,cooling-associated generation / EIA-923 plant generation,both missing or non-positive,,,expected_missingness_cooling_and_plant_gen,Water is present without a compatible generation denominator. Intensity left missing.,high,Do not invent a generation denominator.,False
cooling_water_without_generation_expected,expected_missingness,cooling_generation_and_eia923_both_missing,low,2015,8.0,Beaver,,,8073,,,,,,cooling water_withdrawal_m3,113380.653754368,cooling-associated generation / EIA-923 plant generation,both missing or non-positive,,,expected_missingness_cooling_and_plant_gen,Water is present without a compatible generation denominator. Intensity left missing.,high,Do not invent a generation denominator.,False
cooling_associated_generation_missing_or_zero,coverage_limitation,cool_gen_boundary_55103_2015_8,medium,2015,8.0,Klamath Cogeneration Plant,,,55103,,,,,,cooling-associated generation_mwh,,EIA-923 plant net generation / cooling summary generation,eia923=301561.0; summary=nan,,,cooling_gen_missing_eia923_positive,Cooling-associated generation is missing/zero while EIA-923 plant generation is positive. Official cooling summary also lacks positive cooling-associated generation. Boundaries are not demonstrably compatible; plant generation is not used as the intensity denominator.,high,Leave cooling intensity missing. Do not substitute EIA-923 plant generation.,False
cooling_water_without_generation_expected,expected_missingness,cooling_generation_and_eia923_both_missing,low,2015,8.0,Hermiston Power Partnership,,,55328,,,,,,cooling water_withdrawal_m3,411667.316921784,cooling-associated generation / EIA-923 plant generation,both missing or non-positive,,,expected_missingness_cooling_and_plant_gen,Water is present without a compatible generation denominator. Intensity left missing.,high,Do not invent a generation denominator.,False
cooling_associated_generation_missing_or_zero,coverage_limitation,cool_gen_boundary_55103_2015_9,medium,2015,9.0,Klamath Cogeneration Plant,,,55103,,,,,,cooling-associated generation_mwh,,EIA-923 plant net generation / cooling summary generation,eia923=284844.0; summary=nan,,,cooling_gen_missing_eia923_positive,Cooling-associated generation is missing/zero while EIA-923 plant generation is positive. Official cooling summary also lacks positive cooling-associated generation. Boundaries are not demonstrably compatible; plant generation is not used as the intensity denominator.,high,Leave cooling intensity missing. Do not substitute EIA-923 plant generation.,False
cooling_water_without_generation_expected,expected_missingness,cooling_generation_and_eia923_both_missing,low,2015,9.0,Hermiston Power Partnership,,,55328,,,,,,cooling water_withdrawal_m3,370300.336946232,cooling-associated generation / EIA-923 plant generation,both missing or non-positive,,,expected_missingness_cooling_and_plant_gen,Water is present without a compatible generation denominator. Intensity left missing.,high,Do not invent a generation denominator.,False
cooling_water_without_generation_expected,expected_missingness,cooling_generation_and_eia923_both_missing,low,2015,10.0,Beaver,,,8073,,,,,,cooling water_withdrawal_m3,0.0,cooling-associated generation / EIA-923 plant generation,both missing or non-positive,,,expected_missingness_cooling_and_plant_gen,Water is present without a compatible generation denominator. Intensity left missing.,high,Do not invent a generation denominator.,False
cooling_associated_generation_missing_or_zero,coverage_limitation,cool_gen_boundary_55103_2015_10,medium,2015,10.0,Klamath Cogeneration Plant,,,55103,,,,,,cooling-associated generation_mwh,,EIA-923 plant net generation / cooling summary generation,eia923=335326.0; summary=nan,,,cooling_gen_missing_eia923_positive,Cooling-associated generation is missing/zero while EIA-923 plant generation is positive. Official cooling summary also lacks positive cooling-associated generation. Boundaries are not demonstrably compatible; plant generation is not used as the intensity denominator.,high,Leave cooling intensity missing. Do not substitute EIA-923 plant generation.,False
cooling_water_without_generation_expected,expected_missingness,cooling_generation_and_eia923_both_missing,low,2015,10.0,Hermiston Power Partnership,,,55328,,,,,,cooling water_withdrawal_m3,320283.69104424,cooling-associated generation / EIA-923 plant generation,both missing or non-positive,,,expected_missingness_cooling_and_plant_gen,Water is present without a compatible generation denominator. Intensity left missing.,high,Do not invent a generation denominator.,False
cooling_associated_generation_missing_or_zero,coverage_limitation,cool_gen_boundary_55103_2015_11,medium,2015,11.0,Klamath Cogeneration Plant,,,55103,,,,,,cooling-associated generation_mwh,,EIA-923 plant net generation / cooling summary generation,eia923=325950.0; summary=nan,,,cooling_gen_missing_eia923_positive,Cooling-associated generation is missing/zero while EIA-923 plant generation is positive. Official cooling summary also lacks positive cooling-associated generation. Boundaries are not demonstrably compatible; plant generation is not used as the intensity denominator.,high,Leave cooling intensity missing. Do not substitute EIA-923 plant generation.,False
cooling_water_without_generation_expected,expected_missingness,cooling_generation_and_eia923_both_missing,low,2015,11.0,Hermiston Power Partnership,,,55328,,,,,,cooling water_withdrawal_m3,305346.456144576,cooling-associated generation / EIA-923 plant generation,both missing or non-positive,,,expected_missingness_cooling_and_plant_gen,Water is present without a compatible generation denominator. Intensity left missing.,high,Do not invent a generation denominator.,False
cooling_water_without_generation_expected,expected_missingness,cooling_generation_and_eia923_both_missing,low,2015,12.0,Hermiston Power Partnership,,,55328,,,,,,cooling water_withdrawal_m3,295633.089506832,cooling-associated generation / EIA-923 plant generation,both missing or non-positive,,,expected_missingness_cooling_and_plant_gen,Water is present without a compatible generation denominator. Intensity left missing.,high,Do not invent a generation denominator.,False
cooling_water_with_zero_generation_expected,expected_missingness,cooling_and_plant_generation_both_zero_or_missing,low,2016,2.0,Boardman,,,6106,,,,,,cooling-associated generation_mwh,0.0,EIA-923 plant generation_mwh,0.0,,,cooling water present; cooling-associated and EIA-923 plant generation are zero/missing,Expected missing intensity: both cooling-associated and plant generation are non-positive. No zero-division.,high,Keep intensity missing.,False
cooling_water_with_zero_generation_expected,expected_missingness,cooling_and_plant_generation_both_zero_or_missing,low,2016,3.0,Boardman,,,6106,,,,,,cooling-associated generation_mwh,0.0,EIA-923 plant generation_mwh,0.0,,,cooling water present; cooling-associated and EIA-923 plant generation are zero/missing,Expected missing intensity: both cooling-associated and plant generation are non-positive. No zero-division.,high,Keep intensity missing.,False
cooling_water_with_zero_generation_expected,expected_missingness,cooling_and_plant_generation_both_zero_or_missing,low,2016,4.0,Boardman,,,6106,,,,,,cooling-associated generation_mwh,0.0,EIA-923 plant generation_mwh,0.0,,,cooling water present; cooling-associated and EIA-923 plant generation are zero/missing,Expected missing intensity: both cooling-associated and plant generation are non-positive. No zero-division.,high,Keep intensity missing.,False
cooling_water_with_zero_generation_expected,expected_missingness,cooling_and_plant_generation_both_zero_or_missing,low,2016,4.0,Port Westward,,,56227,,,,,,cooling-associated generation_mwh,0.0,EIA-923 plant generation_mwh,-859.0,,,cooling water present; cooling-associated and EIA-923 plant generation are zero/missing,Expected missing intensity: both cooling-associated and plant generation are non-positive. No zero-division.,high,Keep intensity missing.,False
cooling_water_with_zero_generation_expected,expected_missingness,cooling_and_plant_generation_both_zero_or_missing,low,2016,5.0,Boardman,,,6106,,,,,,cooling-associated generation_mwh,0.0,EIA-923 plant generation_mwh,0.0,,,cooling water present; cooling-associated and EIA-923 plant generation are zero/missing,Expected missing intensity: both cooling-associated and plant generation are non-positive. No zero-division.,high,Keep intensity missing.,False
cooling_water_with_zero_generation_expected,expected_missingness,cooling_and_plant_generation_both_zero_or_missing,low,2016,11.0,Boardman,,,6106,,,,,,cooling-associated generation_mwh,0.0,EIA-923 plant generation_mwh,0.0,,,cooling water present; cooling-associated and EIA-923 plant generation are zero/missing,Expected missing intensity: both cooling-associated and plant generation are non-positive. No zero-division.,high,Keep intensity missing.,False
cooling_water_with_zero_generation_expected,expected_missingness,cooling_and_plant_generation_both_zero_or_missing,low,2017,3.0,Boardman,,,6106,,,,,,cooling-associated generation_mwh,0.0,EIA-923 plant generation_mwh,0.0,,,cooling water present; cooling-associated and EIA-923 plant generation are zero/missing,Expected missing intensity: both cooling-associated and plant generation are non-positive. No zero-division.,high,Keep intensity missing.,False
cooling_water_with_zero_generation_expected,expected_missingness,cooling_and_plant_generation_both_zero_or_missing,low,2017,3.0,Port Westward,,,56227,,,,,,cooling-associated generation_mwh,0.0,EIA-923 plant generation_mwh,-957.0,,,cooling water present; cooling-associated and EIA-923 plant generation are zero/missing,Expected missing intensity: both cooling-associated and plant generation are non-positive. No zero-division.,high,Keep intensity missing.,False
cooling_water_with_zero_generation_expected,expected_missingness,cooling_and_plant_generation_both_zero_or_missing,low,2017,4.0,Boardman,,,6106,,,,,,cooling-associated generation_mwh,0.0,EIA-923 plant generation_mwh,0.0,,,cooling water present; cooling-associated and EIA-923 plant generation are zero/missing,Expected missing intensity: both cooling-associated and plant generation are non-positive. No zero-division.,high,Keep intensity missing.,False
cooling_water_with_zero_generation_expected,expected_missingness,cooling_and_plant_generation_both_zero_or_missing,low,2017,4.0,Port Westward,,,56227,,,,,,cooling-associated generation_mwh,0.0,EIA-923 plant generation_mwh,-849.0,,,cooling water present; cooling-associated and EIA-923 plant generation are zero/missing,Expected missing intensity: both cooling-associated and plant generation are non-positive. No zero-division.,high,Keep intensity missing.,False
cooling_water_with_zero_generation_expected,expected_missingness,cooling_and_plant_generation_both_zero_or_missing,low,2017,5.0,Boardman,,,6106,,,,,,cooling-associated generation_mwh,0.0,EIA-923 plant generation_mwh,0.0,,,cooling water present; cooling-associated and EIA-923 plant generation are zero/missing,Expected missing intensity: both cooling-associated and plant generation are non-positive. No zero-division.,high,Keep intensity missing.,False
cooling_water_with_zero_generation_expected,expected_missingness,cooling_and_plant_generation_both_zero_or_missing,low,2017,5.0,Klamath Cogeneration Plant,,,55103,,,,,,cooling-associated generation_mwh,0.0,EIA-923 plant generation_mwh,0.0,,,cooling water present; cooling-associated and EIA-923 plant generation are zero/missing,Expected missing intensity: both cooling-associated and plant generation are non-positive. No zero-division.,high,Keep intensity missing.,False
cooling_negative_consumption_source_anomaly,source_anomaly,neg_consumption_55328_2017_5,high,2017,5.0,Hermiston Power Partnership,,,55328,,,,,,cooling-detail Water Consumption Volume (Million Gallons),-1.122,official cooling summary consumption million gal / modeled m3,summary=-1.122; modeled_m3=missing; reported_m3=-4247.232021648,,,reported cooling consumption is negative; intensity left missing,Official detail and summary both report negative consumption. The raw million-gallon value is preserved. Modeled consumption m3 and intensity are missing; the value was not clipped to zero.,high,Do not use this intensity. Do not clip the official negative to zero.,False
cooling_water_with_zero_generation_expected,expected_missingness,cooling_and_plant_generation_both_zero_or_missing,low,2017,5.0,Hermiston Power Partnership,,,55328,,,,,,cooling-associated generation_mwh,0.0,EIA-923 plant generation_mwh,0.0,,,cooling water present; cooling-associated and EIA-923 plant generation are zero/missing,Expected missing intensity: both cooling-associated and plant generation are non-positive. No zero-division.,high,Keep intensity missing.,False
cooling_water_with_zero_generation_expected,expected_missingness,cooling_and_plant_generation_both_zero_or_missing,low,2017,6.0,Boardman,,,6106,,,,,,cooling-associated generation_mwh,0.0,EIA-923 plant generation_mwh,0.0,,,cooling water present; cooling-associated and EIA-923 plant generation are zero/missing,Expected missing intensity: both cooling-associated and plant generation are non-positive. No zero-division.,high,Keep intensity missing.,False
cooling_negative_consumption_source_anomaly,source_anomaly,neg_consumption_58503_2017_8,high,2017,8.0,Carty Generating Station,,,58503,,,,,,cooling-detail Water Consumption Volume (Million Gallons),-1.734,official cooling summary consumption million gal / modeled m3,summary=-1.734; modeled_m3=missing; reported_m3=-6563.904033456,,,reported cooling consumption is negative; intensity left missing,Official detail and summary both report negative consumption. The raw million-gallon value is preserved. Modeled consumption m3 and intensity are missing; the value was not clipped to zero.,high,Do not use this intensity. Do not clip the official negative to zero.,False
cooling_water_with_zero_generation_expected,expected_missingness,cooling_and_plant_generation_both_zero_or_missing,low,2017,11.0,Boardman,,,6106,,,,,,cooling-associated generation_mwh,0.0,EIA-923 plant generation_mwh,0.0,,,cooling water present; cooling-associated and EIA-923 plant generation are zero/missing,Expected missing intensity: both cooling-associated and plant generation are non-positive. No zero-division.,high,Keep intensity missing.,False
cooling_water_with_zero_generation_expected,expected_missingness,cooling_and_plant_generation_both_zero_or_missing,low,2018,1.0,Boardman,,,6106,,,,,,cooling-associated generation_mwh,0.0,EIA-923 plant generation_mwh,0.0,,,cooling water present; cooling-associated and EIA-923 plant generation are zero/missing,Expected missing intensity: both cooling-associated and plant generation are non-positive. No zero-division.,high,Keep intensity missing.,False
cooling_water_with_zero_generation_expected,expected_missingness,cooling_and_plant_generation_both_zero_or_missing,low,2018,2.0,Boardman,,,6106,,,,,,cooling-associated generation_mwh,0.0,EIA-923 plant generation_mwh,0.0,,,cooling water present; cooling-associated and EIA-923 plant generation are zero/missing,Expected missing intensity: both cooling-associated and plant generation are non-positive. No zero-division.,high,Keep intensity missing.,False
cooling_water_with_zero_generation_expected,expected_missingness,cooling_and_plant_generation_both_zero_or_missing,low,2018,3.0,Boardman,,,6106,,,,,,cooling-associated generation_mwh,0.0,EIA-923 plant generation_mwh,0.0,,,cooling water present; cooling-associated and EIA-923 plant generation are zero/missing,Expected missing intensity: both cooling-associated and plant generation are non-positive. No zero-division.,high,Keep intensity missing.,False
cooling_water_with_zero_generation_expected,expected_missingness,cooling_and_plant_generation_both_zero_or_missing,low,2018,4.0,Boardman,,,6106,,,,,,cooling-associated generation_mwh,0.0,EIA-923 plant generation_mwh,0.0,,,cooling water present; cooling-associated and EIA-923 plant generation are zero/missing,Expected missing intensity: both cooling-associated and plant generation are non-positive. No zero-division.,high,Keep intensity missing.,False
cooling_water_with_zero_generation_expected,expected_missingness,cooling_and_plant_generation_both_zero_or_missing,low,2018,5.0,Boardman,,,6106,,,,,,cooling-associated generation_mwh,0.0,EIA-923 plant generation_mwh,0.0,,,cooling water present; cooling-associated and EIA-923 plant generation are zero/missing,Expected missing intensity: both cooling-associated and plant generation are non-positive. No zero-division.,high,Keep intensity missing.,False
cooling_water_without_generation_expected,expected_missingness,cooling_generation_and_eia923_both_missing,low,2018,8.0,Boardman,,,6106,,,,,,cooling water_withdrawal_m3,22240611.55430083,cooling-associated generation / EIA-923 plant generation,both missing or non-positive,,,expected_missingness_cooling_and_plant_gen,Water is present without a compatible generation denominator. Intensity left missing.,high,Do not invent a generation denominator.,False
cooling_associated_generation_missing_or_zero,coverage_limitation,cool_gen_boundary_8073_2018_11,medium,2018,11.0,Beaver,,,8073,,,,,,cooling-associated generation_mwh,0.0,EIA-923 plant net generation / cooling summary generation,eia923=402.979; summary=0.0,,,cooling_gen_zero_eia923_positive,Cooling-associated generation is missing/zero while EIA-923 plant generation is positive. Official cooling summary also lacks positive cooling-associated generation. Boundaries are not demonstrably compatible; plant generation is not used as the intensity denominator.,high,Leave cooling intensity missing. Do not substitute EIA-923 plant generation.,False
cooling_associated_generation_missing_or_zero,coverage_limitation,cool_gen_boundary_8073_2018_12,medium,2018,12.0,Beaver,,,8073,,,,,,cooling-associated generation_mwh,0.0,EIA-923 plant net generation / cooling summary generation,eia923=427.762; summary=0.0,,,cooling_gen_zero_eia923_positive,Cooling-associated generation is missing/zero while EIA-923 plant generation is positive. Official cooling summary also lacks positive cooling-associated generation. Boundaries are not demonstrably compatible; plant generation is not used as the intensity denominator.,high,Leave cooling intensity missing. Do not substitute EIA-923 plant generation.,False
cooling_water_with_zero_generation_expected,expected_missingness,cooling_and_plant_generation_both_zero_or_missing,low,2019,4.0,Boardman,,,6106,,,,,,cooling-associated generation_mwh,0.0,EIA-923 plant generation_mwh,0.0,,,cooling water present; cooling-associated and EIA-923 plant generation are zero/missing,Expected missing intensity: both cooling-associated and plant generation are non-positive. No zero-division.,high,Keep intensity missing.,False
cooling_water_with_zero_generation_expected,expected_missingness,cooling_and_plant_generation_both_zero_or_missing,low,2019,5.0,Boardman,,,6106,,,,,,cooling-associated generation_mwh,0.0,EIA-923 plant generation_mwh,0.0,,,cooling water present; cooling-associated and EIA-923 plant generation are zero/missing,Expected missing intensity: both cooling-associated and plant generation are non-positive. No zero-division.,high,Keep intensity missing.,False
cooling_water_with_zero_generation_expected,expected_missingness,cooling_and_plant_generation_both_zero_or_missing,low,2019,6.0,Boardman,,,6106,,,,,,cooling-associated generation_mwh,0.0,EIA-923 plant generation_mwh,0.0,,,cooling water present; cooling-associated and EIA-923 plant generation are zero/missing,Expected missing intensity: both cooling-associated and plant generation are non-positive. No zero-division.,high,Keep intensity missing.,False
cooling_water_with_zero_generation_expected,expected_missingness,cooling_and_plant_generation_both_zero_or_missing,low,2020,4.0,Boardman,,,6106,,,,,,cooling-associated generation_mwh,0.0,EIA-923 plant generation_mwh,0.0,,,cooling water present; cooling-associated and EIA-923 plant generation are zero/missing,Expected missing intensity: both cooling-associated and plant generation are non-positive. No zero-division.,high,Keep intensity missing.,False
cooling_water_with_zero_generation_expected,expected_missingness,cooling_and_plant_generation_both_zero_or_missing,low,2020,5.0,Boardman,,,6106,,,,,,cooling-associated generation_mwh,0.0,EIA-923 plant generation_mwh,0.0,,,cooling water present; cooling-associated and EIA-923 plant generation are zero/missing,Expected missing intensity: both cooling-associated and plant generation are non-positive. No zero-division.,high,Keep intensity missing.,False
cooling_water_with_zero_generation_expected,expected_missingness,cooling_and_plant_generation_both_zero_or_missing,low,2020,5.0,Coyote Springs II,,,7931,,,,,,cooling-associated generation_mwh,0.0,EIA-923 plant generation_mwh,0.0,,,cooling water present; cooling-associated and EIA-923 plant generation are zero/missing,Expected missing intensity: both cooling-associated and plant generation are non-positive. No zero-division.,high,Keep intensity missing.,False
cooling_water_with_zero_generation_expected,expected_missingness,cooling_and_plant_generation_both_zero_or_missing,low,2020,6.0,Boardman,,,6106,,,,,,cooling-associated generation_mwh,0.0,EIA-923 plant generation_mwh,0.0,,,cooling water present; cooling-associated and EIA-923 plant generation are zero/missing,Expected missing intensity: both cooling-associated and plant generation are non-positive. No zero-division.,high,Keep intensity missing.,False
cooling_water_with_zero_generation_expected,expected_missingness,cooling_and_plant_generation_both_zero_or_missing,low,2020,11.0,Boardman,,,6106,,,,,,cooling-associated generation_mwh,0.0,EIA-923 plant generation_mwh,0.0,,,cooling water present; cooling-associated and EIA-923 plant generation are zero/missing,Expected missing intensity: both cooling-associated and plant generation are non-positive. No zero-division.,high,Keep intensity missing.,False
cooling_water_with_zero_generation_expected,expected_missingness,cooling_and_plant_generation_both_zero_or_missing,low,2020,12.0,Boardman,,,6106,,,,,,cooling-associated generation_mwh,0.0,EIA-923 plant generation_mwh,0.0,,,cooling water present; cooling-associated and EIA-923 plant generation are zero/missing,Expected missing intensity: both cooling-associated and plant generation are non-positive. No zero-division.,high,Keep intensity missing.,False
cooling_water_with_zero_generation_expected,expected_missingness,cooling_and_plant_generation_both_zero_or_missing,low,2021,3.0,Coyote Springs II,,,7931,,,,,,cooling-associated generation_mwh,0.0,EIA-923 plant generation_mwh,0.0,,,cooling water present; cooling-associated and EIA-923 plant generation are zero/missing,Expected missing intensity: both cooling-associated and plant generation are non-positive. No zero-division.,high,Keep intensity missing.,False
cooling_water_with_zero_generation_expected,expected_missingness,cooling_and_plant_generation_both_zero_or_missing,low,2021,4.0,Coyote Springs II,,,7931,,,,,,cooling-associated generation_mwh,0.0,EIA-923 plant generation_mwh,0.0,,,cooling water present; cooling-associated and EIA-923 plant generation are zero/missing,Expected missing intensity: both cooling-associated and plant generation are non-positive. No zero-division.,high,Keep intensity missing.,False
cooling_water_with_zero_generation_expected,expected_missingness,cooling_and_plant_generation_both_zero_or_missing,low,2021,5.0,Coyote Springs II,,,7931,,,,,,cooling-associated generation_mwh,0.0,EIA-923 plant generation_mwh,0.0,,,cooling water present; cooling-associated and EIA-923 plant generation are zero/missing,Expected missing intensity: both cooling-associated and plant generation are non-positive. No zero-division.,high,Keep intensity missing.,False
cooling_water_with_zero_generation_expected,expected_missingness,cooling_and_plant_generation_both_zero_or_missing,low,2022,6.0,Carty Generating Station,,,58503,,,,,,cooling-associated generation_mwh,0.0,EIA-923 plant generation_mwh,0.0,,,cooling water present; cooling-associated and EIA-923 plant generation are zero/missing,Expected missing intensity: both cooling-associated and plant generation are non-positive. No zero-division.,high,Keep intensity missing.,False
cooling_water_with_zero_generation_expected,expected_missingness,cooling_and_plant_generation_both_zero_or_missing,low,2024,5.0,Port Westward,,,56227,,,,,,cooling-associated generation_mwh,0.0,EIA-923 plant generation_mwh,-723.0,,,cooling water present; cooling-associated and EIA-923 plant generation are zero/missing,Expected missing intensity: both cooling-associated and plant generation are non-positive. No zero-division.,high,Keep intensity missing.,False
cooling_repeated_system_generator_links,structural_relationship,cooling_detail_repeat_generator_links,low,2014-2024,,Coyote Springs II,,,7931,,,,,,max n_generator_rows,2.0,max n_cooling_systems after unique cooling_id collapse,1,1.0,,cooling-detail repeats generator/boiler links on a cooling system; water is collapsed to unique cooling_id,Structural/expected. Existing aggregation sums unique cooling-system water and hard-fails if those values conflict.,high,Keep unique cooling-system water. Do not sum water across generator rows.,False
cooling_repeated_system_generator_links,structural_relationship,cooling_detail_repeat_generator_links,low,2014-2024,,Beaver,,,8073,,,,,,max n_generator_rows,42.0,max n_cooling_systems after unique cooling_id collapse,1,41.0,,cooling-detail repeats generator/boiler links on a cooling system; water is collapsed to unique cooling_id,Structural/expected. Existing aggregation sums unique cooling-system water and hard-fails if those values conflict.,high,Keep unique cooling-system water. Do not sum water across generator rows.,False
cooling_repeated_system_generator_links,structural_relationship,cooling_detail_repeat_generator_links,low,2014-2024,,Hermiston Generating Plant,,,54761,,,,,,max n_generator_rows,8.0,max n_cooling_systems after unique cooling_id collapse,3,5.0,,cooling-detail repeats generator/boiler links on a cooling system; water is collapsed to unique cooling_id,Structural/expected. Existing aggregation sums unique cooling-system water and hard-fails if those values conflict.,high,Keep unique cooling-system water. Do not sum water across generator rows.,False
cooling_repeated_system_generator_links,structural_relationship,cooling_detail_repeat_generator_links,low,2014-2024,,Klamath Cogeneration Plant,,,55103,,,,,,max n_generator_rows,6.0,max n_cooling_systems after unique cooling_id collapse,1,5.0,,cooling-detail repeats generator/boiler links on a cooling system; water is collapsed to unique cooling_id,Structural/expected. Existing aggregation sums unique cooling-system water and hard-fails if those values conflict.,high,Keep unique cooling-system water. Do not sum water across generator rows.,False
cooling_repeated_system_generator_links,structural_relationship,cooling_detail_repeat_generator_links,low,2014-2024,,Hermiston Power Partnership,,,55328,,,,,,max n_generator_rows,6.0,max n_cooling_systems after unique cooling_id collapse,1,5.0,,cooling-detail repeats generator/boiler links on a cooling system; water is collapsed to unique cooling_id,Structural/expected. Existing aggregation sums unique cooling-system water and hard-fails if those values conflict.,high,Keep unique cooling-system water. Do not sum water across generator rows.,False
cooling_repeated_system_generator_links,structural_relationship,cooling_detail_repeat_generator_links,low,2014-2024,,Port Westward,,,56227,,,,,,max n_generator_rows,2.0,max n_cooling_systems after unique cooling_id collapse,1,1.0,,cooling-detail repeats generator/boiler links on a cooling system; water is collapsed to unique cooling_id,Structural/expected. Existing aggregation sums unique cooling-system water and hard-fails if those values conflict.,high,Keep unique cooling-system water. Do not sum water across generator rows.,False
cooling_repeated_system_generator_links,structural_relationship,cooling_detail_repeat_generator_links,low,2016-2024,,Carty Generating Station,,,58503,,,,,,max n_generator_rows,2.0,max n_cooling_systems after unique cooling_id collapse,1,1.0,,cooling-detail repeats generator/boiler links on a cooling system; water is collapsed to unique cooling_id,Structural/expected. Existing aggregation sums unique cooling-system water and hard-fails if those values conflict.,high,Keep unique cooling-system water. Do not sum water across generator rows.,False
