timestamp_utc,t_db_C,t_wb_C,esif_cooling_kw,esif_hvac_kw,overhead_kw,overhead_per_it,it_provenance,evidence_class
2012-06-21 17:00:00+00:00,23.3,12.621742248535156,13.616455909636336,19.48945560740139,33.105911517037725,0.02354133642589845,SCENARIO: ESIF training-window mean IT; not Forest City IT,SCENARIO_INPUT + TRANSFERRED_MODEL_OUTPUT
2012-06-21 18:00:00+00:00,25.0,13.072975158691387,13.128478496219635,19.48945560740139,32.617934103621025,0.023194339773908664,SCENARIO: ESIF training-window mean IT; not Forest City IT,SCENARIO_INPUT + TRANSFERRED_MODEL_OUTPUT
2012-06-21 19:00:00+00:00,27.2,13.879365539550843,12.865983126119856,19.48945560740139,32.35543873352125,0.02300768151456488,SCENARIO: ESIF training-window mean IT; not Forest City IT,SCENARIO_INPUT + TRANSFERRED_MODEL_OUTPUT
2012-06-21 20:00:00+00:00,28.3,14.44743804931638,13.022099672902678,19.48945560740139,32.511555280304066,0.023118694683544456,SCENARIO: ESIF training-window mean IT; not Forest City IT,SCENARIO_INPUT + TRANSFERRED_MODEL_OUTPUT
2012-06-21 21:00:00+00:00,30.0,15.040234374999924,12.799316501567521,19.48945560740139,32.288772108968914,0.0229602754361623,SCENARIO: ESIF training-window mean IT; not Forest City IT,SCENARIO_INPUT + TRANSFERRED_MODEL_OUTPUT
2012-06-21 22:00:00+00:00,29.4,15.040948486328071,13.239249748389135,19.48945560740139,32.728705355790524,0.0232731082836444,SCENARIO: ESIF training-window mean IT; not Forest City IT,SCENARIO_INPUT + TRANSFERRED_MODEL_OUTPUT
2012-06-21 23:00:00+00:00,27.8,14.260092163085877,13.068015019881258,19.48945560740139,32.55747062728265,0.02315134470225119,SCENARIO: ESIF training-window mean IT; not Forest City IT,SCENARIO_INPUT + TRANSFERRED_MODEL_OUTPUT
2012-06-22 00:00:00+00:00,26.1,13.465823364257801,12.977398431140692,19.48945560740139,32.46685403854208,0.023086908004889415,SCENARIO: ESIF training-window mean IT; not Forest City IT,SCENARIO_INPUT + TRANSFERRED_MODEL_OUTPUT
2012-06-22 01:00:00+00:00,26.233333333333334,13.992880757649688,13.748902282790864,19.48945560740139,33.238357890192255,0.023635517932642836,SCENARIO: ESIF training-window mean IT; not Forest City IT,SCENARIO_INPUT + TRANSFERRED_MODEL_OUTPUT
2012-06-22 02:00:00+00:00,22.8,14.332656860351584,16.752909387680912,19.48945560740139,36.2423649950823,0.025771642227109433,SCENARIO: ESIF training-window mean IT; not Forest City IT,SCENARIO_INPUT + TRANSFERRED_MODEL_OUTPUT
2012-06-22 03:00:00+00:00,21.1,13.205966186523463,16.083680528455297,19.48945560740139,35.573136135856686,0.02529575918994121,SCENARIO: ESIF training-window mean IT; not Forest City IT,SCENARIO_INPUT + TRANSFERRED_MODEL_OUTPUT
2012-06-22 04:00:00+00:00,19.4,12.290655517578147,15.814373380689418,19.48945560740139,35.30382898809081,0.02510425713254602,SCENARIO: ESIF training-window mean IT; not Forest City IT,SCENARIO_INPUT + TRANSFERRED_MODEL_OUTPUT
2012-06-22 05:00:00+00:00,18.3,12.148617552232471,16.34915754221615,19.48945560740139,35.838613149617544,0.025484537671121854,SCENARIO: ESIF training-window mean IT; not Forest City IT,SCENARIO_INPUT + TRANSFERRED_MODEL_OUTPUT
2012-06-22 06:00:00+00:00,16.7,11.525082397071317,16.491357047197283,19.48945560740139,35.98081265459867,0.025585654548228053,SCENARIO: ESIF training-window mean IT; not Forest City IT,SCENARIO_INPUT + TRANSFERRED_MODEL_OUTPUT
2012-06-22 07:00:00+00:00,15.0,10.847607421804323,16.63800185634752,19.48945560740139,36.12745746374891,0.025689932443900575,SCENARIO: ESIF training-window mean IT; not Forest City IT,SCENARIO_INPUT + TRANSFERRED_MODEL_OUTPUT
2012-06-22 08:00:00+00:00,14.4,10.60491943355869,16.689203305401577,19.48945560740139,36.178658912802966,0.02572634136552337,SCENARIO: ESIF training-window mean IT; not Forest City IT,SCENARIO_INPUT + TRANSFERRED_MODEL_OUTPUT
2012-06-22 09:00:00+00:00,12.2,9.390246582027544,16.456724121899438,19.48945560740139,35.94617972930082,0.025561027365090982,SCENARIO: ESIF training-window mean IT; not Forest City IT,SCENARIO_INPUT + TRANSFERRED_MODEL_OUTPUT
2012-06-22 10:00:00+00:00,13.3,10.413342285152552,17.14672951028412,19.48945560740139,36.636185117685514,0.026051684418145905,SCENARIO: ESIF training-window mean IT; not Forest City IT,SCENARIO_INPUT + TRANSFERRED_MODEL_OUTPUT
2012-06-22 11:00:00+00:00,13.9,10.657373046865661,17.09707032962803,19.48945560740139,36.58652593702942,0.026016372190664782,SCENARIO: ESIF training-window mean IT; not Forest City IT,SCENARIO_INPUT + TRANSFERRED_MODEL_OUTPUT
2012-06-22 12:00:00+00:00,14.4,10.858917236309608,17.055003109951148,19.48945560740139,36.54445871735254,0.02598645854305517,SCENARIO: ESIF training-window mean IT; not Forest City IT,SCENARIO_INPUT + TRANSFERRED_MODEL_OUTPUT
2012-06-22 13:00:00+00:00,15.6,11.645184326132256,17.41254267392155,19.48945560740139,36.90199828132294,0.026240701932688605,SCENARIO: ESIF training-window mean IT; not Forest City IT,SCENARIO_INPUT + TRANSFERRED_MODEL_OUTPUT
2012-06-22 14:00:00+00:00,16.7,12.330426025311638,17.716992445563392,19.48945560740139,37.20644805296478,0.026457193615611156,SCENARIO: ESIF training-window mean IT; not Forest City IT,SCENARIO_INPUT + TRANSFERRED_MODEL_OUTPUT
2012-06-22 15:00:00+00:00,16.1,11.841259765554366,17.372191346160026,19.48945560740139,36.86164695356142,0.026212008441449833,SCENARIO: ESIF training-window mean IT; not Forest City IT,SCENARIO_INPUT + TRANSFERRED_MODEL_OUTPUT
2012-06-22 16:00:00+00:00,15.0,11.10161743160111,17.00803146774701,19.48945560740139,36.4974870751484,0.02595305740165976,SCENARIO: ESIF training-window mean IT; not Forest City IT,SCENARIO_INPUT + TRANSFERRED_MODEL_OUTPUT
2012-06-22 17:00:00+00:00,17.2,11.201144407702614,15.672251631727825,19.48945560740139,35.161707239129214,0.02500319554709413,SCENARIO: ESIF training-window mean IT; not Forest City IT,SCENARIO_INPUT + TRANSFERRED_MODEL_OUTPUT
2012-06-22 18:00:00+00:00,16.7,10.501980590820356,14.998230643213297,19.48945560740139,34.487686250614686,0.02452390486692146,SCENARIO: ESIF training-window mean IT; not Forest City IT,SCENARIO_INPUT + TRANSFERRED_MODEL_OUTPUT
2012-06-22 19:00:00+00:00,17.2,10.705090332031244,14.95035238938373,19.48945560740139,34.43980799678512,0.024489859041591858,SCENARIO: ESIF training-window mean IT; not Forest City IT,SCENARIO_INPUT + TRANSFERRED_MODEL_OUTPUT
2012-06-22 20:00:00+00:00,16.1,11.288137817160823,16.544128084414375,19.48945560740139,36.033583691815764,0.025623179590848668,SCENARIO: ESIF training-window mean IT; not Forest City IT,SCENARIO_INPUT + TRANSFERRED_MODEL_OUTPUT
2012-06-22 21:00:00+00:00,14.4,12.100610351562164,18.906700697309557,19.48945560740139,38.39615630471094,0.027303185189913832,SCENARIO: ESIF training-window mean IT; not Forest City IT,SCENARIO_INPUT + TRANSFERRED_MODEL_OUTPUT
2012-06-22 22:00:00+00:00,13.65,11.924761962890678,19.13669283354632,19.48945560740139,38.62614844094771,0.02746673067186422,SCENARIO: ESIF training-window mean IT; not Forest City IT,SCENARIO_INPUT + TRANSFERRED_MODEL_OUTPUT
2012-06-22 23:00:00+00:00,13.15,11.27468872070309,18.493030356739613,19.48945560740139,37.982485964141006,0.027009027675121918,SCENARIO: ESIF training-window mean IT; not Forest City IT,SCENARIO_INPUT + TRANSFERRED_MODEL_OUTPUT
2012-06-23 00:00:00+00:00,13.3,11.67347412109376,18.988352704244633,19.48945560740139,38.47780831164602,0.027361247248229893,SCENARIO: ESIF training-window mean IT; not Forest City IT,SCENARIO_INPUT + TRANSFERRED_MODEL_OUTPUT
2012-06-23 01:00:00+00:00,12.8,10.801586914062351,18.03292523476262,19.48945560740139,37.52238084216401,0.026681850776151317,SCENARIO: ESIF training-window mean IT; not Forest City IT,SCENARIO_INPUT + TRANSFERRED_MODEL_OUTPUT
2012-06-23 02:00:00+00:00,12.35,10.482421874999837,17.871653527490036,19.48945560740139,37.36110913489142,0.026567171815720665,SCENARIO: ESIF training-window mean IT; not Forest City IT,SCENARIO_INPUT + TRANSFERRED_MODEL_OUTPUT
2012-06-23 03:00:00+00:00,10.5,9.03337402343736,17.090829726056622,19.48945560740139,36.58028533345801,0.02601193454972867,SCENARIO: ESIF training-window mean IT; not Forest City IT,SCENARIO_INPUT + TRANSFERRED_MODEL_OUTPUT
2012-06-23 04:00:00+00:00,10.0,9.035864257812662,17.418563792932115,19.48945560740139,36.9080194003335,0.026244983499991624,SCENARIO: ESIF training-window mean IT; not Forest City IT,SCENARIO_INPUT + TRANSFERRED_MODEL_OUTPUT
2012-06-23 05:00:00+00:00,10.0,9.035864257812662,17.418563792932115,19.48945560740139,36.9080194003335,0.026244983499991624,SCENARIO: ESIF training-window mean IT; not Forest City IT,SCENARIO_INPUT + TRANSFERRED_MODEL_OUTPUT
2012-06-23 06:00:00+00:00,8.3,8.02216796874998,17.206425135052243,19.48945560740139,36.69588074245363,0.026094133476982338,SCENARIO: ESIF training-window mean IT; not Forest City IT,SCENARIO_INPUT + TRANSFERRED_MODEL_OUTPUT
2012-06-23 07:00:00+00:00,9.2,8.608605957031195,17.375889193124955,19.48945560740139,36.865344800526344,0.026214637949458035,SCENARIO: ESIF training-window mean IT; not Forest City IT,SCENARIO_INPUT + TRANSFERRED_MODEL_OUTPUT
2012-06-23 08:00:00+00:00,8.966666666666667,8.279239908854112,17.10328992988744,19.48945560740139,36.59274553728883,0.026020794896321624,SCENARIO: ESIF training-window mean IT; not Forest City IT,SCENARIO_INPUT + TRANSFERRED_MODEL_OUTPUT
2012-06-23 09:00:00+00:00,8.95,8.500390625000009,17.39711658664705,19.48945560740139,36.88657219404844,0.026229732571217395,SCENARIO: ESIF training-window mean IT; not Forest City IT,SCENARIO_INPUT + TRANSFERRED_MODEL_OUTPUT
2012-06-23 10:00:00+00:00,8.9,8.561621093750045,17.508254052763277,19.48945560740139,36.997709660164666,0.0263087614926237,SCENARIO: ESIF training-window mean IT; not Forest City IT,SCENARIO_INPUT + TRANSFERRED_MODEL_OUTPUT
2012-06-23 11:00:00+00:00,8.9,8.28581542968744,17.15454614390298,19.48945560740139,36.64400175130437,0.02605724276084989,SCENARIO: ESIF training-window mean IT; not Forest City IT,SCENARIO_INPUT + TRANSFERRED_MODEL_OUTPUT
2012-06-23 12:00:00+00:00,8.9,8.561621093750045,17.508254052763277,19.48945560740139,36.997709660164666,0.0263087614926237,SCENARIO: ESIF training-window mean IT; not Forest City IT,SCENARIO_INPUT + TRANSFERRED_MODEL_OUTPUT
2012-06-23 13:00:00+00:00,8.066666666666666,7.236735026041657,16.391133881681387,19.48945560740139,35.88058948908278,0.025514386694574065,SCENARIO: ESIF training-window mean IT; not Forest City IT,SCENARIO_INPUT + TRANSFERRED_MODEL_OUTPUT
2012-06-23 14:00:00+00:00,6.540000000000001,5.446228027343738,15.32121963614617,19.48945560740139,34.81067524354756,0.024753579634842645,SCENARIO: ESIF training-window mean IT; not Forest City IT,SCENARIO_INPUT + TRANSFERRED_MODEL_OUTPUT
2012-06-23 15:00:00+00:00,6.7,5.5238891601562266,15.303859952460007,19.48945560740139,34.7933155598614,0.0247412353091565,SCENARIO: ESIF training-window mean IT; not Forest City IT,SCENARIO_INPUT + TRANSFERRED_MODEL_OUTPUT
2012-06-23 16:00:00+00:00,7.8,6.048120117187344,15.1818796441014,19.48945560740139,34.67133525150279,0.024654496133437776,SCENARIO: ESIF training-window mean IT; not Forest City IT,SCENARIO_INPUT + TRANSFERRED_MODEL_OUTPUT
2012-06-23 17:00:00+00:00,9.2,6.986950683592856,15.365549305366766,19.48945560740139,34.85500491276815,0.02478510209137533,SCENARIO: ESIF training-window mean IT; not Forest City IT,SCENARIO_INPUT + TRANSFERRED_MODEL_OUTPUT
2012-06-23 18:00:00+00:00,11.425,7.876054382286396,15.001174381525585,19.48945560740139,34.490629988926976,0.024525998134582245,SCENARIO: ESIF training-window mean IT; not Forest City IT,SCENARIO_INPUT + TRANSFERRED_MODEL_OUTPUT
2012-06-23 19:00:00+00:00,12.8,8.326477050539395,14.665861807614375,19.48945560740139,34.155317415015766,0.024287560171434328,SCENARIO: ESIF training-window mean IT; not Forest City IT,SCENARIO_INPUT + TRANSFERRED_MODEL_OUTPUT
2012-06-23 20:00:00+00:00,13.3,9.610461425746331,16.029945080970457,19.48945560740139,35.519400688371846,0.025257548363255895,SCENARIO: ESIF training-window mean IT; not Forest City IT,SCENARIO_INPUT + TRANSFERRED_MODEL_OUTPUT
2012-06-23 21:00:00+00:00,13.9,8.591467284169223,14.278151184395766,19.48945560740139,33.76760679179716,0.02401186239424469,SCENARIO: ESIF training-window mean IT; not Forest City IT,SCENARIO_INPUT + TRANSFERRED_MODEL_OUTPUT
2012-06-23 22:00:00+00:00,15.0,8.81829528808594,13.840099662139693,19.48945560740139,33.32955526954108,0.023700367625342163,SCENARIO: ESIF training-window mean IT; not Forest City IT,SCENARIO_INPUT + TRANSFERRED_MODEL_OUTPUT
2012-06-23 23:00:00+00:00,11.05,7.594699096647072,14.898476431384719,19.48945560740139,34.387932038786104,0.024452970482307147,SCENARIO: ESIF training-window mean IT; not Forest City IT,SCENARIO_INPUT + TRANSFERRED_MODEL_OUTPUT
2012-06-24 00:00:00+00:00,11.4,8.423429361971557,15.709254984571805,19.48945560740139,35.198710591973196,0.025029508321407504,SCENARIO: ESIF training-window mean IT; not Forest City IT,SCENARIO_INPUT + TRANSFERRED_MODEL_OUTPUT
2012-06-24 01:00:00+00:00,12.2,9.145526123038788,16.128765888873172,19.48945560740139,35.61822149627456,0.025327819012155552,SCENARIO: ESIF training-window mean IT; not Forest City IT,SCENARIO_INPUT + TRANSFERRED_MODEL_OUTPUT
2012-06-24 02:00:00+00:00,10.6,7.911096191402539,15.582826053838314,19.48945560740139,35.0722816612397,0.024939605767574115,SCENARIO: ESIF training-window mean IT; not Forest City IT,SCENARIO_INPUT + TRANSFERRED_MODEL_OUTPUT
2012-06-24 03:00:00+00:00,9.4,7.081030273436173,15.348297591427874,19.48945560740139,34.83775319882926,0.02477283454207225,SCENARIO: ESIF training-window mean IT; not Forest City IT,SCENARIO_INPUT + TRANSFERRED_MODEL_OUTPUT
2012-06-24 04:00:00+00:00,9.4,7.082104492186174,15.349576713402044,19.48945560740139,34.83903232080343,0.02477374411499575,SCENARIO: ESIF training-window mean IT; not Forest City IT,SCENARIO_INPUT + TRANSFERRED_MODEL_OUTPUT
2012-06-24 05:00:00+00:00,8.9,7.144860839843632,15.746550151250105,19.48945560740139,35.236005758651494,0.025056028602094594,SCENARIO: ESIF training-window mean IT; not Forest City IT,SCENARIO_INPUT + TRANSFERRED_MODEL_OUTPUT
2012-06-24 06:00:00+00:00,8.3,6.57386474609358,15.460443604067654,19.48945560740139,34.949899211469045,0.024852580632465125,SCENARIO: ESIF training-window mean IT; not Forest City IT,SCENARIO_INPUT + TRANSFERRED_MODEL_OUTPUT
2012-06-24 07:00:00+00:00,8.3,6.57386474609358,15.460443604067654,19.48945560740139,34.949899211469045,0.024852580632465125,SCENARIO: ESIF training-window mean IT; not Forest City IT,SCENARIO_INPUT + TRANSFERRED_MODEL_OUTPUT
2012-06-24 08:00:00+00:00,8.3,6.57386474609358,15.460443604067654,19.48945560740139,34.949899211469045,0.024852580632465125,SCENARIO: ESIF training-window mean IT; not Forest City IT,SCENARIO_INPUT + TRANSFERRED_MODEL_OUTPUT
2012-06-24 09:00:00+00:00,7.8,6.340185546874924,15.511945880843873,19.48945560740139,35.001401488245264,0.02488920347016179,SCENARIO: ESIF training-window mean IT; not Forest City IT,SCENARIO_INPUT + TRANSFERRED_MODEL_OUTPUT
2012-06-24 10:00:00+00:00,7.9,6.38734130859368,15.50191164073433,19.48945560740139,34.99136724813572,0.024882068206054184,SCENARIO: ESIF training-window mean IT; not Forest City IT,SCENARIO_INPUT + TRANSFERRED_MODEL_OUTPUT
2012-06-24 11:00:00+00:00,7.6,6.64682617187503,15.992372843317794,19.48945560740139,35.481828450719185,0.02523083105971934,SCENARIO: ESIF training-window mean IT; not Forest City IT,SCENARIO_INPUT + TRANSFERRED_MODEL_OUTPUT
2012-06-24 12:00:00+00:00,7.8,6.340869140624923,15.512725254378555,19.48945560740139,35.00218086177995,0.02488975767615524,SCENARIO: ESIF training-window mean IT; not Forest City IT,SCENARIO_INPUT + TRANSFERRED_MODEL_OUTPUT
2012-06-24 13:00:00+00:00,8.633333333333333,7.157124837239505,15.93257101745634,19.48945560740139,35.42202662485773,0.025188306482174842,SCENARIO: ESIF training-window mean IT; not Forest City IT,SCENARIO_INPUT + TRANSFERRED_MODEL_OUTPUT
2012-06-24 14:00:00+00:00,10.0,7.645581054686232,15.643474630236735,19.48945560740139,35.13293023763812,0.024982732462334123,SCENARIO: ESIF training-window mean IT; not Forest City IT,SCENARIO_INPUT + TRANSFERRED_MODEL_OUTPUT
2012-06-24 15:00:00+00:00,11.35,8.344314575186731,15.640690979444281,19.48945560740139,35.13014658684567,0.024980753031568,SCENARIO: ESIF training-window mean IT; not Forest City IT,SCENARIO_INPUT + TRANSFERRED_MODEL_OUTPUT
2012-06-24 16:00:00+00:00,12.6,8.67172444653942,15.242251374455195,19.48945560740139,34.73170698185658,0.024697425965293965,SCENARIO: ESIF training-window mean IT; not Forest City IT,SCENARIO_INPUT + TRANSFERRED_MODEL_OUTPUT
2012-06-24 17:00:00+00:00,14.4,9.296954345103408,14.875309601162405,19.48945560740139,34.364765208563796,0.02443649674335257,SCENARIO: ESIF training-window mean IT; not Forest City IT,SCENARIO_INPUT + TRANSFERRED_MODEL_OUTPUT
2012-06-24 18:00:00+00:00,14.4,9.035925291982327,14.527305036499776,19.48945560740139,34.016760643901165,0.024189033611873616,SCENARIO: ESIF training-window mean IT; not Forest City IT,SCENARIO_INPUT + TRANSFERRED_MODEL_OUTPUT
2012-06-24 19:00:00+00:00,16.1,9.55136108398438,14.079921265909363,19.48945560740139,33.56937687331075,0.023870902759335826,SCENARIO: ESIF training-window mean IT; not Forest City IT,SCENARIO_INPUT + TRANSFERRED_MODEL_OUTPUT
2012-06-24 20:00:00+00:00,17.2,9.355303955078126,13.071150594299338,19.48945560740139,32.56060620170073,0.023153574382960222,SCENARIO: ESIF training-window mean IT; not Forest City IT,SCENARIO_INPUT + TRANSFERRED_MODEL_OUTPUT
2012-06-24 21:00:00+00:00,19.4,10.100315856933566,12.590535055986269,19.48945560740139,32.07999066338766,0.022811812698702732,SCENARIO: ESIF training-window mean IT; not Forest City IT,SCENARIO_INPUT + TRANSFERRED_MODEL_OUTPUT
2012-06-24 22:00:00+00:00,18.9,9.512928771971552,12.124997830973257,19.48945560740139,31.614453438374646,0.022480773076755747,SCENARIO: ESIF training-window mean IT; not Forest City IT,SCENARIO_INPUT + TRANSFERRED_MODEL_OUTPUT
2012-06-24 23:00:00+00:00,19.4,10.495382690429695,13.147780733568432,19.48945560740139,32.63723634096982,0.023208065433235902,SCENARIO: ESIF training-window mean IT; not Forest City IT,SCENARIO_INPUT + TRANSFERRED_MODEL_OUTPUT
2012-06-25 00:00:00+00:00,18.9,10.477770996093703,13.465974701507488,19.48945560740139,32.95543030890887,0.023434330499041135,SCENARIO: ESIF training-window mean IT; not Forest City IT,SCENARIO_INPUT + TRANSFERRED_MODEL_OUTPUT
2012-06-25 01:00:00+00:00,17.2,9.77278137207032,13.639074352865084,19.48945560740139,33.12852996026648,0.02355742021145452,SCENARIO: ESIF training-window mean IT; not Forest City IT,SCENARIO_INPUT + TRANSFERRED_MODEL_OUTPUT
2012-06-25 02:00:00+00:00,15.6,9.093777465820336,13.80127024523052,19.48945560740139,33.29072585263191,0.023672756352164866,SCENARIO: ESIF training-window mean IT; not Forest City IT,SCENARIO_INPUT + TRANSFERRED_MODEL_OUTPUT
2012-06-25 03:00:00+00:00,12.8,8.337756347415006,14.680256383070953,19.48945560740139,34.169711990472344,0.02429779603349047,SCENARIO: ESIF training-window mean IT; not Forest City IT,SCENARIO_INPUT + TRANSFERRED_MODEL_OUTPUT
2012-06-25 04:00:00+00:00,11.7,8.123040771445304,15.130797471333363,19.48945560740139,34.62025307873475,0.024618172028183054,SCENARIO: ESIF training-window mean IT; not Forest City IT,SCENARIO_INPUT + TRANSFERRED_MODEL_OUTPUT
2012-06-25 05:00:00+00:00,10.6,7.631494140615728,15.23671385585938,19.48945560740139,34.72616946326077,0.024693488282195836,SCENARIO: ESIF training-window mean IT; not Forest City IT,SCENARIO_INPUT + TRANSFERRED_MODEL_OUTPUT
2012-06-25 06:00:00+00:00,10.0,7.647192382811234,15.645455499572599,19.48945560740139,35.13491110697399,0.024984141041929565,SCENARIO: ESIF training-window mean IT; not Forest City IT,SCENARIO_INPUT + TRANSFERRED_MODEL_OUTPUT
2012-06-25 07:00:00+00:00,10.0,7.6461181640612335,15.644134900303516,19.48945560740139,35.13359050770491,0.024983201974849018,SCENARIO: ESIF training-window mean IT; not Forest City IT,SCENARIO_INPUT + TRANSFERRED_MODEL_OUTPUT
2012-06-25 08:00:00+00:00,9.4,7.374291992187118,15.700425335129445,19.48945560740139,35.189880942530834,0.025023229631635183,SCENARIO: ESIF training-window mean IT; not Forest City IT,SCENARIO_INPUT + TRANSFERRED_MODEL_OUTPUT
2012-06-25 09:00:00+00:00,9.4,7.374291992187118,15.700425335129445,19.48945560740139,35.189880942530834,0.025023229631635183,SCENARIO: ESIF training-window mean IT; not Forest City IT,SCENARIO_INPUT + TRANSFERRED_MODEL_OUTPUT
2012-06-25 10:00:00+00:00,9.4,7.373364257812117,15.699302112274685,19.48945560740139,35.188757719676076,0.02502243091726988,SCENARIO: ESIF training-window mean IT; not Forest City IT,SCENARIO_INPUT + TRANSFERRED_MODEL_OUTPUT
2012-06-25 11:00:00+00:00,7.2,6.05837402343748,15.575712340091618,19.48945560740139,35.06516794749301,0.02493454726530445,SCENARIO: ESIF training-window mean IT; not Forest City IT,SCENARIO_INPUT + TRANSFERRED_MODEL_OUTPUT
2012-06-25 12:00:00+00:00,6.1,5.236303710937492,15.374404214924786,19.48945560740139,34.86385982232618,0.024791398743404355,SCENARIO: ESIF training-window mean IT; not Forest City IT,SCENARIO_INPUT + TRANSFERRED_MODEL_OUTPUT
2012-06-25 13:00:00+00:00,9.4,7.374291992187118,15.700425335129445,19.48945560740139,35.189880942530834,0.025023229631635183,SCENARIO: ESIF training-window mean IT; not Forest City IT,SCENARIO_INPUT + TRANSFERRED_MODEL_OUTPUT
2012-06-25 14:00:00+00:00,11.7,8.11976928707027,15.126669522852321,19.48945560740139,34.61612513025371,0.02461523667858874,SCENARIO: ESIF training-window mean IT; not Forest City IT,SCENARIO_INPUT + TRANSFERRED_MODEL_OUTPUT
2012-06-25 15:00:00+00:00,12.8,8.604357910023198,15.02302280819315,19.48945560740139,34.51247841559454,0.024541534367810355,SCENARIO: ESIF training-window mean IT; not Forest City IT,SCENARIO_INPUT + TRANSFERRED_MODEL_OUTPUT
2012-06-25 16:00:00+00:00,15.0,9.077041625976616,14.181193084252522,19.48945560740139,33.67064869165391,0.02394291630123307,SCENARIO: ESIF training-window mean IT; not Forest City IT,SCENARIO_INPUT + TRANSFERRED_MODEL_OUTPUT
2012-06-25 17:00:00+00:00,16.1,8.876394653320297,13.177866573287819,19.48945560740139,32.66732218068921,0.02322945922189885,SCENARIO: ESIF training-window mean IT; not Forest City IT,SCENARIO_INPUT + TRANSFERRED_MODEL_OUTPUT
2012-06-25 18:00:00+00:00,17.8,8.616564941406239,11.687646514975977,19.48945560740139,31.177102122377367,0.02216977621865979,SCENARIO: ESIF training-window mean IT; not Forest City IT,SCENARIO_INPUT + TRANSFERRED_MODEL_OUTPUT
2012-06-25 19:00:00+00:00,18.9,9.091978454589874,11.559873700223978,19.48945560740139,31.049329307625367,0.022078918040155545,SCENARIO: ESIF training-window mean IT; not Forest City IT,SCENARIO_INPUT + TRANSFERRED_MODEL_OUTPUT
2012-06-25 20:00:00+00:00,18.9,9.307246398925766,11.847357377573164,19.48945560740139,31.336812984974554,0.022283345275513455,SCENARIO: ESIF training-window mean IT; not Forest City IT,SCENARIO_INPUT + TRANSFERRED_MODEL_OUTPUT
2012-06-25 21:00:00+00:00,15.6,9.801507566775072,14.758416159131132,19.48945560740139,34.24787176653252,0.024353374795677958,SCENARIO: ESIF training-window mean IT; not Forest City IT,SCENARIO_INPUT + TRANSFERRED_MODEL_OUTPUT
2012-06-25 22:00:00+00:00,13.3,8.339239501355825,14.351790513880193,19.48945560740139,33.841246121281586,0.024064226704729796,SCENARIO: ESIF training-window mean IT; not Forest City IT,SCENARIO_INPUT + TRANSFERRED_MODEL_OUTPUT
2012-06-25 23:00:00+00:00,13.9,8.603063963858876,14.293160901621874,19.48945560740139,33.78261650902326,0.024022535678461486,SCENARIO: ESIF training-window mean IT; not Forest City IT,SCENARIO_INPUT + TRANSFERRED_MODEL_OUTPUT
2012-06-26 00:00:00+00:00,13.3,8.340386962293463,14.353255500538623,19.48945560740139,33.84271110794001,0.024065268444473698,SCENARIO: ESIF training-window mean IT; not Forest City IT,SCENARIO_INPUT + TRANSFERRED_MODEL_OUTPUT
2012-06-26 01:00:00+00:00,12.2,7.852175903101713,14.463464835146798,19.48945560740139,33.95292044254819,0.0241436373793375,SCENARIO: ESIF training-window mean IT; not Forest City IT,SCENARIO_INPUT + TRANSFERRED_MODEL_OUTPUT
2012-06-26 02:00:00+00:00,11.1,7.853790283184777,15.185747646324767,19.48945560740139,34.67520325372615,0.024657246637425242,SCENARIO: ESIF training-window mean IT; not Forest City IT,SCENARIO_INPUT + TRANSFERRED_MODEL_OUTPUT
2012-06-26 03:00:00+00:00,9.4,6.5717834472577055,14.750792410474922,19.48945560740139,34.24024801787631,0.024347953611855547,SCENARIO: ESIF training-window mean IT; not Forest City IT,SCENARIO_INPUT + TRANSFERRED_MODEL_OUTPUT
2012-06-26 04:00:00+00:00,8.9,6.068212890615832,14.499481572999086,19.48945560740139,33.98893718040048,0.02416924857999294,SCENARIO: ESIF training-window mean IT; not Forest City IT,SCENARIO_INPUT + TRANSFERRED_MODEL_OUTPUT
2012-06-26 05:00:00+00:00,8.9,6.068212890615832,14.499481572999086,19.48945560740139,33.98893718040048,0.02416924857999294,SCENARIO: ESIF training-window mean IT; not Forest City IT,SCENARIO_INPUT + TRANSFERRED_MODEL_OUTPUT
2012-06-26 06:00:00+00:00,8.9,6.338049316402591,14.80459211387118,19.48945560740139,34.29404772127257,0.024386210130381343,SCENARIO: ESIF training-window mean IT; not Forest City IT,SCENARIO_INPUT + TRANSFERRED_MODEL_OUTPUT
2012-06-26 07:00:00+00:00,7.8,6.639038085937571,15.85571561465788,19.48945560740139,35.34517122205927,0.025133655248889955,SCENARIO: ESIF training-window mean IT; not Forest City IT,SCENARIO_INPUT + TRANSFERRED_MODEL_OUTPUT
2012-06-26 08:00:00+00:00,7.8,6.89313964843748,16.152808648440157,19.48945560740139,35.642264255841546,0.02534491561713144,SCENARIO: ESIF training-window mean IT; not Forest City IT,SCENARIO_INPUT + TRANSFERRED_MODEL_OUTPUT
2012-06-26 09:00:00+00:00,7.2,6.3589843749999915,15.915733658730824,19.48945560740139,35.40518926613221,0.025176333577393864,SCENARIO: ESIF training-window mean IT; not Forest City IT,SCENARIO_INPUT + TRANSFERRED_MODEL_OUTPUT
2012-06-26 10:00:00+00:00,7.2,6.3589843749999915,15.915733658730824,19.48945560740139,35.40518926613221,0.025176333577393864,SCENARIO: ESIF training-window mean IT; not Forest City IT,SCENARIO_INPUT + TRANSFERRED_MODEL_OUTPUT
2012-06-26 11:00:00+00:00,6.7,5.526696777343728,15.306904556191588,19.48945560740139,34.79636016359298,0.024743400301372218,SCENARIO: ESIF training-window mean IT; not Forest City IT,SCENARIO_INPUT + TRANSFERRED_MODEL_OUTPUT
2012-06-26 12:00:00+00:00,5.6,4.74958496093745,15.179435741484335,19.48945560740139,34.66889134888572,0.02465275829475386,SCENARIO: ESIF training-window mean IT; not Forest City IT,SCENARIO_INPUT + TRANSFERRED_MODEL_OUTPUT
2012-06-26 13:00:00+00:00,7.2,5.767529296874885,15.252613936780708,19.48945560740139,34.7420695441821,0.024704794696579727,SCENARIO: ESIF training-window mean IT; not Forest City IT,SCENARIO_INPUT + TRANSFERRED_MODEL_OUTPUT
2012-06-26 14:00:00+00:00,10.0,6.371435546806156,14.132651167876148,19.48945560740139,33.62210677527754,0.023908398551024446,SCENARIO: ESIF training-window mean IT; not Forest City IT,SCENARIO_INPUT + TRANSFERRED_MODEL_OUTPUT
2012-06-26 15:00:00+00:00,10.6,6.404357909918064,13.780842183546616,19.48945560740139,33.27029779094801,0.02365823012858144,SCENARIO: ESIF training-window mean IT; not Forest City IT,SCENARIO_INPUT + TRANSFERRED_MODEL_OUTPUT
2012-06-26 16:00:00+00:00,12.2,7.148425291993387,13.605341126926813,19.48945560740139,33.0947967343282,0.02353343279699728,SCENARIO: ESIF training-window mean IT; not Forest City IT,SCENARIO_INPUT + TRANSFERRED_MODEL_OUTPUT
2012-06-26 17:00:00+00:00,12.8,7.227981567382707,13.305617052419223,19.48945560740139,32.79507265982061,0.023320301517730346,SCENARIO: ESIF training-window mean IT; not Forest City IT,SCENARIO_INPUT + TRANSFERRED_MODEL_OUTPUT
2012-06-26 18:00:00+00:00,13.9,7.921102905273413,13.426109385709843,19.48945560740139,32.91556499311123,0.023405982606839647,SCENARIO: ESIF training-window mean IT; not Forest City IT,SCENARIO_INPUT + TRANSFERRED_MODEL_OUTPUT
2012-06-26 19:00:00+00:00,14.4,7.7309234619140685,12.857293972037308,19.48945560740139,32.34674957943869,0.023001502729866303,SCENARIO: ESIF training-window mean IT; not Forest City IT,SCENARIO_INPUT + TRANSFERRED_MODEL_OUTPUT
2012-06-26 20:00:00+00:00,15.0,7.999520874023391,12.790888203659826,19.48945560740139,32.280343811061215,0.022954282144105057,SCENARIO: ESIF training-window mean IT; not Forest City IT,SCENARIO_INPUT + TRANSFERRED_MODEL_OUTPUT
2012-06-26 21:00:00+00:00,17.2,9.179904174804733,12.836094750088744,19.48945560740139,32.32555035749013,0.022986428140676952,SCENARIO: ESIF training-window mean IT; not Forest City IT,SCENARIO_INPUT + TRANSFERRED_MODEL_OUTPUT
2012-06-26 22:00:00+00:00,17.8,9.435055541992138,12.770995283097033,19.48945560740139,32.26045089049842,0.02294013645489117,SCENARIO: ESIF training-window mean IT; not Forest City IT,SCENARIO_INPUT + TRANSFERRED_MODEL_OUTPUT
2012-06-26 23:00:00+00:00,16.1,8.702685546874953,12.950750699957199,19.48945560740139,32.44020630735859,0.023067959026413027,SCENARIO: ESIF training-window mean IT; not Forest City IT,SCENARIO_INPUT + TRANSFERRED_MODEL_OUTPUT
2012-06-27 00:00:00+00:00,15.6,8.671405029296896,13.246354179207472,19.48945560740139,32.73580978660886,0.023278160184901458,SCENARIO: ESIF training-window mean IT; not Forest City IT,SCENARIO_INPUT + TRANSFERRED_MODEL_OUTPUT
2012-06-27 01:00:00+00:00,14.4,8.143255615234349,13.372380450007187,19.48945560740139,32.861836057408574,0.02336777641062811,SCENARIO: ESIF training-window mean IT; not Forest City IT,SCENARIO_INPUT + TRANSFERRED_MODEL_OUTPUT
2012-06-27 02:00:00+00:00,13.9,8.35964965663127,13.980034746473486,19.48945560740139,33.469490353874875,0.023799874291890007,SCENARIO: ESIF training-window mean IT; not Forest City IT,SCENARIO_INPUT + TRANSFERRED_MODEL_OUTPUT
2012-06-27 03:00:00+00:00,11.7,7.374645995854061,14.205526908152661,19.48945560740139,33.69498251555405,0.023960219879618674,SCENARIO: ESIF training-window mean IT; not Forest City IT,SCENARIO_INPUT + TRANSFERRED_MODEL_OUTPUT
2012-06-27 04:00:00+00:00,10.0,6.8565490722474145,14.69479954952764,19.48945560740139,34.18425515692903,0.024308137557362375,SCENARIO: ESIF training-window mean IT; not Forest City IT,SCENARIO_INPUT + TRANSFERRED_MODEL_OUTPUT
2012-06-27 05:00:00+00:00,6.1,4.4866577148436075,14.595483681318392,19.48945560740139,34.08493928871978,0.024237514875224752,SCENARIO: ESIF training-window mean IT; not Forest City IT,SCENARIO_INPUT + TRANSFERRED_MODEL_OUTPUT
2012-06-27 06:00:00+00:00,4.4,3.3539794921875106,14.558537819703657,19.48945560740139,34.04799342710505,0.02421124298244302,SCENARIO: ESIF training-window mean IT; not Forest City IT,SCENARIO_INPUT + TRANSFERRED_MODEL_OUTPUT
2012-06-27 07:00:00+00:00,5.0,3.6618652343749876,14.474735544273052,19.48945560740139,33.96419115167444,0.024151651886207763,SCENARIO: ESIF training-window mean IT; not Forest City IT,SCENARIO_INPUT + TRANSFERRED_MODEL_OUTPUT
2012-06-27 08:00:00+00:00,2.8,2.290014648437493,14.594476095185131,19.48945560740139,34.08393170258652,0.024236798389163674,SCENARIO: ESIF training-window mean IT; not Forest City IT,SCENARIO_INPUT + TRANSFERRED_MODEL_OUTPUT
2012-06-27 09:00:00+00:00,2.8,2.290014648437493,14.594476095185131,19.48945560740139,34.08393170258652,0.024236798389163674,SCENARIO: ESIF training-window mean IT; not Forest City IT,SCENARIO_INPUT + TRANSFERRED_MODEL_OUTPUT
2012-06-27 10:00:00+00:00,1.7,1.2088134765625291,14.37749367190904,19.48945560740139,33.86694927931043,0.02408250400514648,SCENARIO: ESIF training-window mean IT; not Forest City IT,SCENARIO_INPUT + TRANSFERRED_MODEL_OUTPUT
2012-06-27 11:00:00+00:00,1.7,1.2088134765625291,14.37749367190904,19.48945560740139,33.86694927931043,0.02408250400514648,SCENARIO: ESIF training-window mean IT; not Forest City IT,SCENARIO_INPUT + TRANSFERRED_MODEL_OUTPUT
2012-06-27 12:00:00+00:00,1.7,1.2088134765625291,14.37749367190904,19.48945560740139,33.86694927931043,0.02408250400514648,SCENARIO: ESIF training-window mean IT; not Forest City IT,SCENARIO_INPUT + TRANSFERRED_MODEL_OUTPUT
2012-06-27 13:00:00+00:00,5.0,3.6618652343749876,14.474735544273052,19.48945560740139,33.96419115167444,0.024151651886207763,SCENARIO: ESIF training-window mean IT; not Forest City IT,SCENARIO_INPUT + TRANSFERRED_MODEL_OUTPUT
2012-06-27 14:00:00+00:00,8.3,6.058911132811234,14.874188105811088,19.48945560740139,34.363643713212475,0.024435699257400495,SCENARIO: ESIF training-window mean IT; not Forest City IT,SCENARIO_INPUT + TRANSFERRED_MODEL_OUTPUT
2012-06-27 15:00:00+00:00,11.1,7.360693359305692,14.580883004764939,19.48945560740139,34.070338612166324,0.024227132456404663,SCENARIO: ESIF training-window mean IT; not Forest City IT,SCENARIO_INPUT + TRANSFERRED_MODEL_OUTPUT
2012-06-27 16:00:00+00:00,13.9,8.609777831047627,14.301854937876548,19.48945560740139,33.79131054527794,0.02402871793483177,SCENARIO: ESIF training-window mean IT; not Forest City IT,SCENARIO_INPUT + TRANSFERRED_MODEL_OUTPUT
2012-06-27 17:00:00+00:00,16.1,9.556573486328132,14.08700847334461,19.48945560740139,33.576464080746,0.02387594241318941,SCENARIO: ESIF training-window mean IT; not Forest City IT,SCENARIO_INPUT + TRANSFERRED_MODEL_OUTPUT
2012-06-27 18:00:00+00:00,20.6,11.174699401855538,13.302753033379524,19.48945560740139,32.79220864078091,0.02331826493777667,SCENARIO: ESIF training-window mean IT; not Forest City IT,SCENARIO_INPUT + TRANSFERRED_MODEL_OUTPUT
2012-06-27 19:00:00+00:00,21.1,11.59743041992187,13.583593418003428,19.48945560740139,33.07304902540481,0.023517968183313573,SCENARIO: ESIF training-window mean IT; not Forest City IT,SCENARIO_INPUT + TRANSFERRED_MODEL_OUTPUT
2012-06-27 20:00:00+00:00,22.2,11.624075317382822,12.856754914364526,19.48945560740139,32.34621052176591,0.023001119410469666,SCENARIO: ESIF training-window mean IT; not Forest City IT,SCENARIO_INPUT + TRANSFERRED_MODEL_OUTPUT
2012-06-27 21:00:00+00:00,24.4,12.271231079101579,12.293547149657424,19.48945560740139,31.783002757058814,0.022600627085712966,SCENARIO: ESIF training-window mean IT; not Forest City IT,SCENARIO_INPUT + TRANSFERRED_MODEL_OUTPUT
2012-06-27 22:00:00+00:00,25.0,12.70253601074215,12.540415895188632,19.48945560740139,32.02987150259002,0.022776173383195174,SCENARIO: ESIF training-window mean IT; not Forest City IT,SCENARIO_INPUT + TRANSFERRED_MODEL_OUTPUT
2012-06-27 23:00:00+00:00,25.6,13.311302185058622,13.08424737948356,19.48945560740139,32.57370298688495,0.02316288739722237,SCENARIO: ESIF training-window mean IT; not Forest City IT,SCENARIO_INPUT + TRANSFERRED_MODEL_OUTPUT
2012-06-28 00:00:00+00:00,25.6,13.490936279296847,13.375712963303798,19.48945560740139,32.86516857070519,0.023370146132924353,SCENARIO: ESIF training-window mean IT; not Forest City IT,SCENARIO_INPUT + TRANSFERRED_MODEL_OUTPUT
2012-06-28 01:00:00+00:00,25.0,13.084565734863261,13.147029514539689,19.48945560740139,32.63648512194108,0.023207531247675838,SCENARIO: ESIF training-window mean IT; not Forest City IT,SCENARIO_INPUT + TRANSFERRED_MODEL_OUTPUT
2012-06-28 02:00:00+00:00,22.8,12.43792724609374,13.680661903763742,19.48945560740139,33.17011751116513,0.02358699277061304,SCENARIO: ESIF training-window mean IT; not Forest City IT,SCENARIO_INPUT + TRANSFERRED_MODEL_OUTPUT
2012-06-28 03:00:00+00:00,20.0,11.346398925781234,13.97106542405695,19.48945560740139,33.46052103145834,0.02379349628183548,SCENARIO: ESIF training-window mean IT; not Forest City IT,SCENARIO_INPUT + TRANSFERRED_MODEL_OUTPUT
2012-06-28 04:00:00+00:00,18.3,10.664077758789027,14.142757464518414,19.48945560740139,33.63221307191981,0.023915585053929014,SCENARIO: ESIF training-window mean IT; not Forest City IT,SCENARIO_INPUT + TRANSFERRED_MODEL_OUTPUT
2012-06-28 05:00:00+00:00,17.2,10.465203857421843,14.607281023075183,19.48945560740139,34.09673663047657,0.02424590386614817,SCENARIO: ESIF training-window mean IT; not Forest City IT,SCENARIO_INPUT + TRANSFERRED_MODEL_OUTPUT
2012-06-28 06:00:00+00:00,15.6,9.801507566775072,14.758416159131132,19.48945560740139,34.24787176653252,0.024353374795677958,SCENARIO: ESIF training-window mean IT; not Forest City IT,SCENARIO_INPUT + TRANSFERRED_MODEL_OUTPUT
2012-06-28 07:00:00+00:00,14.4,9.294085692759321,14.871459805831474,19.48945560740139,34.36091541323286,0.02443375918613383,SCENARIO: ESIF training-window mean IT; not Forest City IT,SCENARIO_INPUT + TRANSFERRED_MODEL_OUTPUT
2012-06-28 08:00:00+00:00,10.0,7.0772949218657955,14.955922625213075,19.48945560740139,34.445378232614466,0.02449381998964075,SCENARIO: ESIF training-window mean IT; not Forest City IT,SCENARIO_INPUT + TRANSFERRED_MODEL_OUTPUT
2012-06-28 09:00:00+00:00,8.9,6.568426513670289,15.069022167078948,19.48945560740139,34.55847777448034,0.024574244126680723,SCENARIO: ESIF training-window mean IT; not Forest City IT,SCENARIO_INPUT + TRANSFERRED_MODEL_OUTPUT
2012-06-28 10:00:00+00:00,7.8,6.051440429687344,15.185599210366139,19.48945560740139,34.67505481776753,0.02465714108585818,SCENARIO: ESIF training-window mean IT; not Forest City IT,SCENARIO_INPUT + TRANSFERRED_MODEL_OUTPUT
2012-06-28 11:00:00+00:00,6.7,5.526696777343728,15.306904556191588,19.48945560740139,34.79636016359298,0.024743400301372218,SCENARIO: ESIF training-window mean IT; not Forest City IT,SCENARIO_INPUT + TRANSFERRED_MODEL_OUTPUT
2012-06-28 12:00:00+00:00,7.8,6.341552734374924,15.513504659843157,19.48945560740139,35.002960267244546,0.02489031190485379,SCENARIO: ESIF training-window mean IT; not Forest City IT,SCENARIO_INPUT + TRANSFERRED_MODEL_OUTPUT
2012-06-28 13:00:00+00:00,11.7,8.641259765615702,15.793917291491733,19.48945560740139,35.28337289889312,0.025089710978832263,SCENARIO: ESIF training-window mean IT; not Forest City IT,SCENARIO_INPUT + TRANSFERRED_MODEL_OUTPUT
2012-06-28 14:00:00+00:00,15.0,10.326943969505745,15.8933042312043,19.48945560740139,35.38275983860569,0.025160384199320696,SCENARIO: ESIF training-window mean IT; not Forest City IT,SCENARIO_INPUT + TRANSFERRED_MODEL_OUTPUT
2012-06-28 15:00:00+00:00,18.3,11.387237548828105,15.198744263772454,19.48945560740139,34.68819987117384,0.024666488423248818,SCENARIO: ESIF training-window mean IT; not Forest City IT,SCENARIO_INPUT + TRANSFERRED_MODEL_OUTPUT
2012-06-28 16:00:00+00:00,20.6,12.074151611328134,14.652968252743777,19.48945560740139,34.142423860145165,0.024278391672546192,SCENARIO: ESIF training-window mean IT; not Forest City IT,SCENARIO_INPUT + TRANSFERRED_MODEL_OUTPUT
2012-06-28 17:00:00+00:00,22.8,12.913726806640664,14.429091508178757,19.48945560740139,33.91854711558015,0.024119194794398686,SCENARIO: ESIF training-window mean IT; not Forest City IT,SCENARIO_INPUT + TRANSFERRED_MODEL_OUTPUT
2012-06-28 18:00:00+00:00,24.4,13.274661254882776,13.878595034269097,19.48945560740139,33.368050641670486,0.02372774136207411,SCENARIO: ESIF training-window mean IT; not Forest City IT,SCENARIO_INPUT + TRANSFERRED_MODEL_OUTPUT
2012-06-28 19:00:00+00:00,25.6,13.491583251953099,13.376766694621988,19.48945560740139,32.866222302023374,0.023370895432439975,SCENARIO: ESIF training-window mean IT; not Forest City IT,SCENARIO_INPUT + TRANSFERRED_MODEL_OUTPUT
2012-06-28 20:00:00+00:00,28.3,13.923176574707018,12.143367214662657,19.48945560740139,31.632822822064046,0.022493835391658206,SCENARIO: ESIF training-window mean IT; not Forest City IT,SCENARIO_INPUT + TRANSFERRED_MODEL_OUTPUT
2012-06-28 21:00:00+00:00,26.7,14.538217163085864,14.331125687156227,19.48945560740139,33.82058129455761,0.02404953211950922,SCENARIO: ESIF training-window mean IT; not Forest City IT,SCENARIO_INPUT + TRANSFERRED_MODEL_OUTPUT
2012-06-28 22:00:00+00:00,24.4,14.649496459961068,16.16203283516178,19.48945560740139,35.65148844256317,0.02535147485905889,SCENARIO: ESIF training-window mean IT; not Forest City IT,SCENARIO_INPUT + TRANSFERRED_MODEL_OUTPUT
2012-06-28 23:00:00+00:00,22.2,13.635498046874982,16.014382077523997,19.48945560740139,35.50383768492539,0.025246481641841446,SCENARIO: ESIF training-window mean IT; not Forest City IT,SCENARIO_INPUT + TRANSFERRED_MODEL_OUTPUT
2012-06-29 00:00:00+00:00,21.1,13.231130981445338,16.12419778116605,19.48945560740139,35.61365338856744,0.0253245706690218,SCENARIO: ESIF training-window mean IT; not Forest City IT,SCENARIO_INPUT + TRANSFERRED_MODEL_OUTPUT
2012-06-29 01:00:00+00:00,20.0,12.321084594726555,15.448157770356318,19.48945560740139,34.93761337775771,0.024843844279003827,SCENARIO: ESIF training-window mean IT; not Forest City IT,SCENARIO_INPUT + TRANSFERRED_MODEL_OUTPUT
2012-06-29 02:00:00+00:00,18.9,11.629296874999923,15.14967212887531,19.48945560740139,34.6391277362767,0.02463159363909052,SCENARIO: ESIF training-window mean IT; not Forest City IT,SCENARIO_INPUT + TRANSFERRED_MODEL_OUTPUT
2012-06-29 03:00:00+00:00,18.3,11.660656738281226,15.607311082241193,19.48945560740139,35.09676668964258,0.024957016866215313,SCENARIO: ESIF training-window mean IT; not Forest City IT,SCENARIO_INPUT + TRANSFERRED_MODEL_OUTPUT
2012-06-29 04:00:00+00:00,17.2,11.742388915412537,16.47909665813014,19.48945560740139,35.96855226553153,0.02557693628824015,SCENARIO: ESIF training-window mean IT; not Forest City IT,SCENARIO_INPUT + TRANSFERRED_MODEL_OUTPUT
2012-06-29 05:00:00+00:00,16.7,11.545181274025955,16.521405903710445,19.48945560740139,36.010861511111834,0.025607022038442777,SCENARIO: ESIF training-window mean IT; not Forest City IT,SCENARIO_INPUT + TRANSFERRED_MODEL_OUTPUT
2012-06-29 06:00:00+00:00,15.6,11.107287597522276,16.614199357946553,19.48945560740139,36.10365496534794,0.025673006686627718,SCENARIO: ESIF training-window mean IT; not Forest City IT,SCENARIO_INPUT + TRANSFERRED_MODEL_OUTPUT
2012-06-29 07:00:00+00:00,16.1,11.305868530052265,16.570347917802458,19.48945560740139,36.05980352520385,0.025641824294786276,SCENARIO: ESIF training-window mean IT; not Forest City IT,SCENARIO_INPUT + TRANSFERRED_MODEL_OUTPUT
2012-06-29 08:00:00+00:00,15.0,10.864306640554606,16.662193088470012,19.48945560740139,36.1516486958714,0.02570713462646726,SCENARIO: ESIF training-window mean IT; not Forest City IT,SCENARIO_INPUT + TRANSFERRED_MODEL_OUTPUT
2012-06-29 09:00:00+00:00,13.9,10.116937255820051,16.331482487489595,19.48945560740139,35.820938094890984,0.025471969087730032,SCENARIO: ESIF training-window mean IT; not Forest City IT,SCENARIO_INPUT + TRANSFERRED_MODEL_OUTPUT
2012-06-29 10:00:00+00:00,11.7,9.190447998045329,16.516693085353875,19.48945560740139,36.00614869275526,0.025603670792778113,SCENARIO: ESIF training-window mean IT; not Forest City IT,SCENARIO_INPUT + TRANSFERRED_MODEL_OUTPUT
2012-06-29 11:00:00+00:00,12.2,9.404284667965062,16.47566114033726,19.48945560740139,35.96511674773865,0.025574493320309248,SCENARIO: ESIF training-window mean IT; not Forest City IT,SCENARIO_INPUT + TRANSFERRED_MODEL_OUTPUT
2012-06-29 12:00:00+00:00,12.8,9.962780761715027,16.84494727745927,19.48945560740139,36.33440288486066,0.025837089599736133,SCENARIO: ESIF training-window mean IT; not Forest City IT,SCENARIO_INPUT + TRANSFERRED_MODEL_OUTPUT
2012-06-29 15:00:00+00:00,17.2,11.461169432601562,16.057378394894243,19.48945560740139,35.54683400229563,0.025277055963039842,SCENARIO: ESIF training-window mean IT; not Forest City IT,SCENARIO_INPUT + TRANSFERRED_MODEL_OUTPUT
2012-06-29 16:00:00+00:00,20.0,12.549609374999969,15.803870723348474,19.48945560740139,35.29332633074986,0.02509678878086805,SCENARIO: ESIF training-window mean IT; not Forest City IT,SCENARIO_INPUT + TRANSFERRED_MODEL_OUTPUT
2012-06-29 17:00:00+00:00,21.7,12.511581420898484,14.565111356741063,19.48945560740139,34.05456696414245,0.024215917369578562,SCENARIO: ESIF training-window mean IT; not Forest City IT,SCENARIO_INPUT + TRANSFERRED_MODEL_OUTPUT
2012-06-29 18:00:00+00:00,23.3,13.319769287109363,14.728514548635825,19.48945560740139,34.21797015603721,0.024332112010873378,SCENARIO: ESIF training-window mean IT; not Forest City IT,SCENARIO_INPUT + TRANSFERRED_MODEL_OUTPUT
2012-06-29 19:00:00+00:00,23.3,13.11553192138678,14.39968923403455,19.48945560740139,33.889144841435936,0.024098287083491553,SCENARIO: ESIF training-window mean IT; not Forest City IT,SCENARIO_INPUT + TRANSFERRED_MODEL_OUTPUT
2012-06-29 20:00:00+00:00,24.4,13.722300720214804,14.607891114241143,19.48945560740139,34.09734672164253,0.024246337696866918,SCENARIO: ESIF training-window mean IT; not Forest City IT,SCENARIO_INPUT + TRANSFERRED_MODEL_OUTPUT
2012-06-29 21:00:00+00:00,24.4,13.967597961425756,15.013337482168073,19.48945560740139,34.502793089569465,0.024534647213586145,SCENARIO: ESIF training-window mean IT; not Forest City IT,SCENARIO_INPUT + TRANSFERRED_MODEL_OUTPUT
2012-06-29 22:00:00+00:00,24.4,14.436605834960952,15.799995712803728,19.48945560740139,35.28945132020512,0.02509403329332194,SCENARIO: ESIF training-window mean IT; not Forest City IT,SCENARIO_INPUT + TRANSFERRED_MODEL_OUTPUT
2012-06-29 23:00:00+00:00,24.4,14.656375122070443,16.173782183619412,19.48945560740139,35.663237791020805,0.02535982972234921,SCENARIO: ESIF training-window mean IT; not Forest City IT,SCENARIO_INPUT + TRANSFERRED_MODEL_OUTPUT
2012-06-30 00:00:00+00:00,24.4,14.655392456054816,16.172103507327748,19.48945560740139,35.66155911472914,0.025358636029696707,SCENARIO: ESIF training-window mean IT; not Forest City IT,SCENARIO_INPUT + TRANSFERRED_MODEL_OUTPUT
2012-06-30 01:00:00+00:00,23.3,14.263287353515665,16.28459062051055,19.48945560740139,35.77404622791194,0.02543862467382909,SCENARIO: ESIF training-window mean IT; not Forest City IT,SCENARIO_INPUT + TRANSFERRED_MODEL_OUTPUT
2012-06-30 02:00:00+00:00,21.7,14.499258422851534,17.804385411802116,19.48945560740139,37.293841019203505,0.026519338022008912,SCENARIO: ESIF training-window mean IT; not Forest City IT,SCENARIO_INPUT + TRANSFERRED_MODEL_OUTPUT
2012-06-30 03:00:00+00:00,20.0,13.888854979474988,17.96022156753488,19.48945560740139,37.44967717493627,0.026630151807261002,SCENARIO: ESIF training-window mean IT; not Forest City IT,SCENARIO_INPUT + TRANSFERRED_MODEL_OUTPUT
2012-06-30 04:00:00+00:00,18.3,13.263717651145821,18.105514464392897,19.48945560740139,37.594970071794286,0.02673346836942446,SCENARIO: ESIF training-window mean IT; not Forest City IT,SCENARIO_INPUT + TRANSFERRED_MODEL_OUTPUT
2012-06-30 05:00:00+00:00,17.2,12.852490234304504,18.196577524907784,19.48945560740139,37.68603313230918,0.026798222549125863,SCENARIO: ESIF training-window mean IT; not Forest City IT,SCENARIO_INPUT + TRANSFERRED_MODEL_OUTPUT
2012-06-30 06:00:00+00:00,15.0,12.009582519527513,18.36675589193258,19.48945560740139,37.856211499333966,0.02691923496071522,SCENARIO: ESIF training-window mean IT; not Forest City IT,SCENARIO_INPUT + TRANSFERRED_MODEL_OUTPUT
2012-06-30 07:00:00+00:00,14.4,11.775952148436204,18.412376733687015,19.48945560740139,37.90183234108841,0.026951675559223474,SCENARIO: ESIF training-window mean IT; not Forest City IT,SCENARIO_INPUT + TRANSFERRED_MODEL_OUTPUT
2012-06-30 08:00:00+00:00,11.1,9.835375976562567,17.784023500120654,19.48945560740139,37.27347910752204,0.02650485883713823,SCENARIO: ESIF training-window mean IT; not Forest City IT,SCENARIO_INPUT + TRANSFERRED_MODEL_OUTPUT
2012-06-30 09:00:00+00:00,10.0,9.040014648437662,17.424060662348836,19.48945560740139,36.913516269750225,0.02624889227779893,SCENARIO: ESIF training-window mean IT; not Forest City IT,SCENARIO_INPUT + TRANSFERRED_MODEL_OUTPUT
2012-06-30 10:00:00+00:00,11.1,10.112622070312447,18.16894690371828,19.48945560740139,37.65840251111967,0.02677857464579766,SCENARIO: ESIF training-window mean IT; not Forest City IT,SCENARIO_INPUT + TRANSFERRED_MODEL_OUTPUT
2012-06-30 11:00:00+00:00,11.7,10.360485839843795,18.12528019051788,19.48945560740139,37.614735797919266,0.02674752361173884,SCENARIO: ESIF training-window mean IT; not Forest City IT,SCENARIO_INPUT + TRANSFERRED_MODEL_OUTPUT
2012-06-30 12:00:00+00:00,12.8,11.141259765624927,18.527670352960044,19.48945560740139,38.01712596036143,0.027033659886332814,SCENARIO: ESIF training-window mean IT; not Forest City IT,SCENARIO_INPUT + TRANSFERRED_MODEL_OUTPUT
2012-06-30 13:00:00+00:00,13.3,12.320703125000017,19.976423063756698,19.48945560740139,39.46587867115809,0.02806385580603266,SCENARIO: ESIF training-window mean IT; not Forest City IT,SCENARIO_INPUT + TRANSFERRED_MODEL_OUTPUT
2012-06-30 14:00:00+00:00,13.9,12.5494384765625,19.934632208916245,19.48945560740139,39.42408781631764,0.02803413867914375,SCENARIO: ESIF training-window mean IT; not Forest City IT,SCENARIO_INPUT + TRANSFERRED_MODEL_OUTPUT
2012-06-30 15:00:00+00:00,15.0,13.258544921875005,20.32780153449285,19.48945560740139,39.81725714189424,0.028313718093864862,SCENARIO: ESIF training-window mean IT; not Forest City IT,SCENARIO_INPUT + TRANSFERRED_MODEL_OUTPUT
2012-06-30 16:00:00+00:00,16.7,14.232507324218222,20.78766666581037,19.48945560740139,40.27712227321176,0.02864072433748737,SCENARIO: ESIF training-window mean IT; not Forest City IT,SCENARIO_INPUT + TRANSFERRED_MODEL_OUTPUT
2012-06-30 17:00:00+00:00,20.6,15.59503173814739,20.47006109194779,19.48945560740139,39.95951669934918,0.028414877673782264,SCENARIO: ESIF training-window mean IT; not Forest City IT,SCENARIO_INPUT + TRANSFERRED_MODEL_OUTPUT
2012-06-30 18:00:00+00:00,21.1,15.432931518167095,19.836784400062797,19.48945560740139,39.326240007464186,0.027964559921719395,SCENARIO: ESIF training-window mean IT; not Forest City IT,SCENARIO_INPUT + TRANSFERRED_MODEL_OUTPUT
2012-06-30 19:00:00+00:00,21.7,15.36790771385146,19.30477075017094,19.48945560740139,38.79422635757233,0.02758624947076477,SCENARIO: ESIF training-window mean IT; not Forest City IT,SCENARIO_INPUT + TRANSFERRED_MODEL_OUTPUT
2012-06-30 20:00:00+00:00,21.1,15.161602782600465,19.361385939534543,19.48945560740139,38.85084154693593,0.027626508057782943,SCENARIO: ESIF training-window mean IT; not Forest City IT,SCENARIO_INPUT + TRANSFERRED_MODEL_OUTPUT
2012-06-30 21:00:00+00:00,21.1,15.764321899193401,20.42424142277033,19.48945560740139,39.91369703017172,0.028382295690758633,SCENARIO: ESIF training-window mean IT; not Forest City IT,SCENARIO_INPUT + TRANSFERRED_MODEL_OUTPUT
2012-06-30 22:00:00+00:00,21.1,15.764321899193401,20.42424142277033,19.48945560740139,39.91369703017172,0.028382295690758633,SCENARIO: ESIF training-window mean IT; not Forest City IT,SCENARIO_INPUT + TRANSFERRED_MODEL_OUTPUT
2012-06-30 23:00:00+00:00,18.15,15.428356933592724,21.85990464335549,19.48945560740139,41.34936025075688,0.029403183783590348,SCENARIO: ESIF training-window mean IT; not Forest City IT,SCENARIO_INPUT + TRANSFERRED_MODEL_OUTPUT
2012-07-01 00:00:00+00:00,17.325,15.420822143554757,22.408090560882563,19.48945560740139,41.89754616828395,0.029792994198621605,SCENARIO: ESIF training-window mean IT; not Forest City IT,SCENARIO_INPUT + TRANSFERRED_MODEL_OUTPUT
2012-07-01 01:00:00+00:00,18.3,14.174597167933747,19.60325784480294,19.48945560740139,39.09271345220433,0.027798501144001578,SCENARIO: ESIF training-window mean IT; not Forest City IT,SCENARIO_INPUT + TRANSFERRED_MODEL_OUTPUT
2012-07-01 02:00:00+00:00,17.8,13.662799072226111,19.09567483846651,19.48945560740139,38.585130445867904,0.027437563119078592,SCENARIO: ESIF training-window mean IT; not Forest City IT,SCENARIO_INPUT + TRANSFERRED_MODEL_OUTPUT
2012-07-01 03:00:00+00:00,16.7,13.257763671865611,19.183182383771467,19.48945560740139,38.672637991172856,0.027499789001690773,SCENARIO: ESIF training-window mean IT; not Forest City IT,SCENARIO_INPUT + TRANSFERRED_MODEL_OUTPUT
2012-07-01 04:00:00+00:00,15.6,12.846551513670246,19.266991118408853,19.48945560740139,38.75644672581024,0.027559384691013877,SCENARIO: ESIF training-window mean IT; not Forest City IT,SCENARIO_INPUT + TRANSFERRED_MODEL_OUTPUT
2012-07-01 05:00:00+00:00,15.6,12.567468261715035,18.827400347623133,19.48945560740139,38.31685595502452,0.027246795375372748,SCENARIO: ESIF training-window mean IT; not Forest City IT,SCENARIO_INPUT + TRANSFERRED_MODEL_OUTPUT
2012-07-01 06:00:00+00:00,14.4,12.107104492187165,18.91666213538581,19.48945560740139,38.4061177427872,0.027310268685105266,SCENARIO: ESIF training-window mean IT; not Forest City IT,SCENARIO_INPUT + TRANSFERRED_MODEL_OUTPUT
2012-07-01 07:00:00+00:00,13.3,11.678747558593761,18.996287563376,19.48945560740139,38.48574317077739,0.027366889660105715,SCENARIO: ESIF training-window mean IT; not Forest City IT,SCENARIO_INPUT + TRANSFERRED_MODEL_OUTPUT
2012-07-01 08:00:00+00:00,10.6,9.904785156250014,18.20560277038364,19.48945560740139,37.69505837778503,0.02680464032559953,SCENARIO: ESIF training-window mean IT; not Forest City IT,SCENARIO_INPUT + TRANSFERRED_MODEL_OUTPUT
2012-07-01 09:00:00+00:00,12.2,11.24414062499992,19.07411043128846,19.48945560740139,38.56356603868985,0.027422228849730883,SCENARIO: ESIF training-window mean IT; not Forest City IT,SCENARIO_INPUT + TRANSFERRED_MODEL_OUTPUT
2012-07-01 10:00:00+00:00,9.4,9.115332028977637,17.911944879359027,19.48945560740139,37.401400486760416,0.026595822658604544,SCENARIO: ESIF training-window mean IT; not Forest City IT,SCENARIO_INPUT + TRANSFERRED_MODEL_OUTPUT
2012-07-01 11:00:00+00:00,7.8,7.4727539062500155,16.84699721165534,19.48945560740139,36.33645281905673,0.025838547290775265,SCENARIO: ESIF training-window mean IT; not Forest City IT,SCENARIO_INPUT + TRANSFERRED_MODEL_OUTPUT
2012-07-01 12:00:00+00:00,10.0,9.653417968749935,18.249407364254242,19.48945560740139,37.738862971655635,0.02683578940544822,SCENARIO: ESIF training-window mean IT; not Forest City IT,SCENARIO_INPUT + TRANSFERRED_MODEL_OUTPUT
2012-07-01 13:00:00+00:00,11.4,10.691308593749948,18.79337572211896,19.48945560740139,38.28283132952035,0.0272226007491246,SCENARIO: ESIF training-window mean IT; not Forest City IT,SCENARIO_INPUT + TRANSFERRED_MODEL_OUTPUT
2012-07-01 14:00:00+00:00,14.4,12.108959960937165,18.919508789837785,19.48945560740139,38.408964397239174,0.027312292917246035,SCENARIO: ESIF training-window mean IT; not Forest City IT,SCENARIO_INPUT + TRANSFERRED_MODEL_OUTPUT
2012-07-01 15:00:00+00:00,16.1,12.759515380851386,18.79304523988491,19.48945560740139,38.2825008472863,0.027222365745975675,SCENARIO: ESIF training-window mean IT; not Forest City IT,SCENARIO_INPUT + TRANSFERRED_MODEL_OUTPUT
2012-07-01 16:00:00+00:00,17.8,13.395361328054516,18.659404994466065,19.48945560740139,38.148860601867455,0.027127335286662523,SCENARIO: ESIF training-window mean IT; not Forest City IT,SCENARIO_INPUT + TRANSFERRED_MODEL_OUTPUT
2012-07-01 17:00:00+00:00,18.9,13.484982299416107,18.05360408436041,19.48945560740139,37.5430596917618,0.026696555332920025,SCENARIO: ESIF training-window mean IT; not Forest City IT,SCENARIO_INPUT + TRANSFERRED_MODEL_OUTPUT
2012-07-01 18:00:00+00:00,20.6,13.561361694335991,17.006762726914488,19.48945560740139,36.49621833431588,0.025952155210679145,SCENARIO: ESIF training-window mean IT; not Forest City IT,SCENARIO_INPUT + TRANSFERRED_MODEL_OUTPUT
2012-07-01 19:00:00+00:00,23.3,14.536865234375018,16.747158506125825,19.48945560740139,36.23661411352721,0.025767552823397828,SCENARIO: ESIF training-window mean IT; not Forest City IT,SCENARIO_INPUT + TRANSFERRED_MODEL_OUTPUT
2012-07-01 20:00:00+00:00,22.8,14.081326293945402,16.331273307108823,19.48945560740139,35.82072891451021,0.025471820341313102,SCENARIO: ESIF training-window mean IT; not Forest City IT,SCENARIO_INPUT + TRANSFERRED_MODEL_OUTPUT
2012-07-01 21:00:00+00:00,24.4,14.652444458007942,16.167067874333902,19.48945560740139,35.65652348173529,0.02535505523324697,SCENARIO: ESIF training-window mean IT; not Forest City IT,SCENARIO_INPUT + TRANSFERRED_MODEL_OUTPUT
2012-07-01 22:00:00+00:00,25.0,14.644989013671871,15.728332624525132,19.48945560740139,35.21778823192652,0.02504307427140777,SCENARIO: ESIF training-window mean IT; not Forest City IT,SCENARIO_INPUT + TRANSFERRED_MODEL_OUTPUT
2012-07-01 23:00:00+00:00,25.0,14.387521362304739,15.290960194372484,19.48945560740139,34.78041580177387,0.02473206239921276,SCENARIO: ESIF training-window mean IT; not Forest City IT,SCENARIO_INPUT + TRANSFERRED_MODEL_OUTPUT
2012-07-02 00:00:00+00:00,23.9,13.989726257324214,15.403953998079867,19.48945560740139,34.89340960548125,0.024812411346733763,SCENARIO: ESIF training-window mean IT; not Forest City IT,SCENARIO_INPUT + TRANSFERRED_MODEL_OUTPUT
2012-07-02 01:00:00+00:00,23.3,13.557986450195285,15.115648781367888,19.48945560740139,34.60510438876928,0.02460739992161516,SCENARIO: ESIF training-window mean IT; not Forest City IT,SCENARIO_INPUT + TRANSFERRED_MODEL_OUTPUT
2012-07-02 02:00:00+00:00,21.7,13.181338500976619,15.626443630198732,19.48945560740139,35.11589923760012,0.024970621860837535,SCENARIO: ESIF training-window mean IT; not Forest City IT,SCENARIO_INPUT + TRANSFERRED_MODEL_OUTPUT
2012-07-02 03:00:00+00:00,18.9,12.927404784161467,17.15633216531225,19.48945560740139,36.64578777271364,0.026058512785716532,SCENARIO: ESIF training-window mean IT; not Forest City IT,SCENARIO_INPUT + TRANSFERRED_MODEL_OUTPUT
2012-07-02 04:00:00+00:00,17.2,12.536853027209446,17.69967583578087,19.48945560740139,37.18913144318226,0.026444879919417155,SCENARIO: ESIF training-window mean IT; not Forest City IT,SCENARIO_INPUT + TRANSFERRED_MODEL_OUTPUT
2012-07-02 05:00:00+00:00,14.4,11.183721923820098,17.529199606600148,19.48945560740139,37.01865521400154,0.02632365570054324,SCENARIO: ESIF training-window mean IT; not Forest City IT,SCENARIO_INPUT + TRANSFERRED_MODEL_OUTPUT
2012-07-02 06:00:00+00:00,13.9,10.982824707027515,17.567736701487785,19.48945560740139,37.05719230888917,0.026351059105979138,SCENARIO: ESIF training-window mean IT; not Forest City IT,SCENARIO_INPUT + TRANSFERRED_MODEL_OUTPUT
2012-07-02 07:00:00+00:00,11.1,9.508251953125006,17.33660489696448,19.48945560740139,36.82606050436587,0.02618670321545464,SCENARIO: ESIF training-window mean IT; not Forest City IT,SCENARIO_INPUT + TRANSFERRED_MODEL_OUTPUT
2012-07-02 08:00:00+00:00,10.6,9.295861816406314,17.375732190602918,19.48945560740139,36.86518779800431,0.026214526306279472,SCENARIO: ESIF training-window mean IT; not Forest City IT,SCENARIO_INPUT + TRANSFERRED_MODEL_OUTPUT
2012-07-02 09:00:00+00:00,8.3,7.697631835937543,16.802725375811548,19.48945560740139,36.29218098321294,0.025807065959072478,SCENARIO: ESIF training-window mean IT; not Forest City IT,SCENARIO_INPUT + TRANSFERRED_MODEL_OUTPUT
2012-07-02 10:00:00+00:00,7.8,7.2056884765624805,16.524288335247295,19.48945560740139,36.01374394264869,0.025609071711368978,SCENARIO: ESIF training-window mean IT; not Forest City IT,SCENARIO_INPUT + TRANSFERRED_MODEL_OUTPUT
2012-07-02 11:00:00+00:00,7.8,7.2056884765624805,16.524288335247295,19.48945560740139,36.01374394264869,0.025609071711368978,SCENARIO: ESIF training-window mean IT; not Forest City IT,SCENARIO_INPUT + TRANSFERRED_MODEL_OUTPUT
2012-07-02 12:00:00+00:00,7.8,7.20622558593748,16.524932461317277,19.48945560740139,36.01438806871867,0.025609529744022943,SCENARIO: ESIF training-window mean IT; not Forest City IT,SCENARIO_INPUT + TRANSFERRED_MODEL_OUTPUT
2012-07-02 13:00:00+00:00,11.1,9.507568359375007,17.335677578415424,19.48945560740139,36.82513318581681,0.02618604380700047,SCENARIO: ESIF training-window mean IT; not Forest City IT,SCENARIO_INPUT + TRANSFERRED_MODEL_OUTPUT
2012-07-02 14:00:00+00:00,15.0,11.42094116209078,17.47946173426511,19.48945560740139,36.9689173416665,0.026288287516068237,SCENARIO: ESIF training-window mean IT; not Forest City IT,SCENARIO_INPUT + TRANSFERRED_MODEL_OUTPUT
2012-07-02 15:00:00+00:00,18.9,13.174429320631052,17.551231222237234,19.48945560740139,37.040686829638624,0.026339322197913406,SCENARIO: ESIF training-window mean IT; not Forest City IT,SCENARIO_INPUT + TRANSFERRED_MODEL_OUTPUT
2012-07-02 16:00:00+00:00,19.4,13.111471556141773,17.106927046299976,19.48945560740139,36.59638265370137,0.026023381219342626,SCENARIO: ESIF training-window mean IT; not Forest City IT,SCENARIO_INPUT + TRANSFERRED_MODEL_OUTPUT
2012-07-02 17:00:00+00:00,22.2,12.683926391601629,14.486104130325685,19.48945560740139,33.975559737727075,0.024159735992540676,SCENARIO: ESIF training-window mean IT; not Forest City IT,SCENARIO_INPUT + TRANSFERRED_MODEL_OUTPUT
2012-07-02 18:00:00+00:00,23.9,12.274974060058588,12.653170810466285,19.48945560740139,32.142626417867675,0.02285635245915443,SCENARIO: ESIF training-window mean IT; not Forest City IT,SCENARIO_INPUT + TRANSFERRED_MODEL_OUTPUT
2012-07-02 19:00:00+00:00,26.1,12.745452880771545,11.823104279287621,19.48945560740139,31.31255988668901,0.022266099100436337,SCENARIO: ESIF training-window mean IT; not Forest City IT,SCENARIO_INPUT + TRANSFERRED_MODEL_OUTPUT
2012-07-02 20:00:00+00:00,27.2,13.315646362067746,11.943755245642917,19.48945560740139,31.433210853044308,0.02235189299218942,SCENARIO: ESIF training-window mean IT; not Forest City IT,SCENARIO_INPUT + TRANSFERRED_MODEL_OUTPUT
2012-07-02 21:00:00+00:00,27.8,13.535546874754653,11.867812739627517,19.48945560740139,31.357268347028906,0.02229789091216168,SCENARIO: ESIF training-window mean IT; not Forest City IT,SCENARIO_INPUT + TRANSFERRED_MODEL_OUTPUT
2012-07-02 22:00:00+00:00,27.8,13.894261169433506,12.457536176370915,19.48945560740139,31.946991783772305,0.02271723830924116,SCENARIO: ESIF training-window mean IT; not Forest City IT,SCENARIO_INPUT + TRANSFERRED_MODEL_OUTPUT
2012-07-02 23:00:00+00:00,27.8,14.275802612304629,13.094436548966637,19.48945560740139,32.58389215636802,0.02317013283030999,SCENARIO: ESIF training-window mean IT; not Forest City IT,SCENARIO_INPUT + TRANSFERRED_MODEL_OUTPUT
2012-07-03 00:00:00+00:00,26.1,14.308923339843666,14.373383627131663,19.48945560740139,33.862839234533055,0.024079581386725904,SCENARIO: ESIF training-window mean IT; not Forest City IT,SCENARIO_INPUT + TRANSFERRED_MODEL_OUTPUT
2012-07-03 01:00:00+00:00,23.9,13.760723876953111,15.024967308261155,19.48945560740139,34.51442291566254,0.024542917085524,SCENARIO: ESIF training-window mean IT; not Forest City IT,SCENARIO_INPUT + TRANSFERRED_MODEL_OUTPUT
2012-07-03 02:00:00+00:00,19.4,11.810379028320261,15.079422110174416,19.48945560740139,34.5688777175758,0.02458163943911894,SCENARIO: ESIF training-window mean IT; not Forest City IT,SCENARIO_INPUT + TRANSFERRED_MODEL_OUTPUT
2012-07-03 03:00:00+00:00,17.2,10.458502197265592,14.597753165471083,19.48945560740139,34.08720877287247,0.02423912868639936,SCENARIO: ESIF training-window mean IT; not Forest City IT,SCENARIO_INPUT + TRANSFERRED_MODEL_OUTPUT
2012-07-03 04:00:00+00:00,15.0,9.812615966195356,15.175854589184617,19.48945560740139,34.665310196586006,0.024650211767344804,SCENARIO: ESIF training-window mean IT; not Forest City IT,SCENARIO_INPUT + TRANSFERRED_MODEL_OUTPUT
2012-07-03 05:00:00+00:00,13.9,9.076541137309164,14.913834454557167,19.48945560740139,34.40329006195856,0.02446389144396541,SCENARIO: ESIF training-window mean IT; not Forest City IT,SCENARIO_INPUT + TRANSFERRED_MODEL_OUTPUT
2012-07-03 06:00:00+00:00,13.3,9.09235229480159,15.332652605068791,19.48945560740139,34.822108212470184,0.024761709523295223,SCENARIO: ESIF training-window mean IT; not Forest City IT,SCENARIO_INPUT + TRANSFERRED_MODEL_OUTPUT
2012-07-03 07:00:00+00:00,11.1,8.134149169913883,15.537062375905009,19.48945560740139,35.0265179833064,0.024907063599455295,SCENARIO: ESIF training-window mean IT; not Forest City IT,SCENARIO_INPUT + TRANSFERRED_MODEL_OUTPUT
2012-07-03 08:00:00+00:00,8.3,6.286682128905736,15.131262150140126,19.48945560740139,34.62071775754151,0.024618502457390976,SCENARIO: ESIF training-window mean IT; not Forest City IT,SCENARIO_INPUT + TRANSFERRED_MODEL_OUTPUT
2012-07-03 09:00:00+00:00,10.6,7.912927246090042,15.585110274904439,19.48945560740139,35.074565882305826,0.02494123005804445,SCENARIO: ESIF training-window mean IT; not Forest City IT,SCENARIO_INPUT + TRANSFERRED_MODEL_OUTPUT
2012-07-03 10:00:00+00:00,6.7,5.526135253906228,15.306295592356168,19.48945560740139,34.79575119975756,0.024742967272288776,SCENARIO: ESIF training-window mean IT; not Forest City IT,SCENARIO_INPUT + TRANSFERRED_MODEL_OUTPUT
2012-07-03 11:00:00+00:00,5.6,4.464880371093729,14.888559106597889,19.48945560740139,34.37801471399928,0.024445918355706392,SCENARIO: ESIF training-window mean IT; not Forest City IT,SCENARIO_INPUT + TRANSFERRED_MODEL_OUTPUT
2012-07-03 12:00:00+00:00,3.9,3.370678710937515,14.885711852822595,19.48945560740139,34.375167460223985,0.02444389369739183,SCENARIO: ESIF training-window mean IT; not Forest City IT,SCENARIO_INPUT + TRANSFERRED_MODEL_OUTPUT
2012-07-03 13:00:00+00:00,11.1,8.138177490226393,15.542149359749068,19.48945560740139,35.03160496715046,0.024910680911064565,SCENARIO: ESIF training-window mean IT; not Forest City IT,SCENARIO_INPUT + TRANSFERRED_MODEL_OUTPUT
2012-07-03 14:00:00+00:00,13.3,8.342681884168739,14.356185743752919,19.48945560740139,33.845641351154306,0.024067352115883317,SCENARIO: ESIF training-window mean IT; not Forest City IT,SCENARIO_INPUT + TRANSFERRED_MODEL_OUTPUT
2012-07-03 15:00:00+00:00,15.0,8.839004516601568,13.867231272831475,19.48945560740139,33.356686880232864,0.023719660686484522,SCENARIO: ESIF training-window mean IT; not Forest City IT,SCENARIO_INPUT + TRANSFERRED_MODEL_OUTPUT
2012-07-03 16:00:00+00:00,16.7,8.963336181640667,12.887377817011558,19.48945560740139,32.37683342441295,0.023022895100082697,SCENARIO: ESIF training-window mean IT; not Forest City IT,SCENARIO_INPUT + TRANSFERRED_MODEL_OUTPUT
2012-07-03 17:00:00+00:00,17.2,9.363543701171876,13.0822444954923,19.48945560740139,32.571700102893686,0.02316146316318984,SCENARIO: ESIF training-window mean IT; not Forest City IT,SCENARIO_INPUT + TRANSFERRED_MODEL_OUTPUT
2012-07-03 18:00:00+00:00,17.8,10.035366821289074,13.594661795413971,19.48945560740139,33.08411740281536,0.023525838813795275,SCENARIO: ESIF training-window mean IT; not Forest City IT,SCENARIO_INPUT + TRANSFERRED_MODEL_OUTPUT
2012-07-03 19:00:00+00:00,18.9,10.304129028320322,13.219946376488204,19.48945560740139,32.70940198388959,0.02325938181754664,SCENARIO: ESIF training-window mean IT; not Forest City IT,SCENARIO_INPUT + TRANSFERRED_MODEL_OUTPUT
2012-07-03 20:00:00+00:00,18.9,9.697158813464934,12.3761349832873,19.48945560740139,31.86559059068869,0.022659354602554374,SCENARIO: ESIF training-window mean IT; not Forest City IT,SCENARIO_INPUT + TRANSFERRED_MODEL_OUTPUT
2012-07-03 21:00:00+00:00,20.0,10.361058044433566,12.54380677380633,19.48945560740139,32.03326238120772,0.022778584608582446,SCENARIO: ESIF training-window mean IT; not Forest City IT,SCENARIO_INPUT + TRANSFERRED_MODEL_OUTPUT
2012-07-03 22:00:00+00:00,20.0,10.363291931152315,12.546967511678314,19.48945560740139,32.0364231190797,0.02278083218281281,SCENARIO: ESIF training-window mean IT; not Forest City IT,SCENARIO_INPUT + TRANSFERRED_MODEL_OUTPUT
2012-07-03 23:00:00+00:00,20.0,10.36217498779294,12.545387100120305,19.48945560740139,32.03484270752169,0.022779708365389468,SCENARIO: ESIF training-window mean IT; not Forest City IT,SCENARIO_INPUT + TRANSFERRED_MODEL_OUTPUT
2012-07-04 00:00:00+00:00,19.45,10.274906158447193,12.801096892495266,19.48945560740139,32.290552499896656,0.02296154145724068,SCENARIO: ESIF training-window mean IT; not Forest City IT,SCENARIO_INPUT + TRANSFERRED_MODEL_OUTPUT
2012-07-04 01:00:00+00:00,17.8,9.438003540039013,12.774979965985782,19.48945560740139,32.264435573387175,0.022942969929522626,SCENARIO: ESIF training-window mean IT; not Forest City IT,SCENARIO_INPUT + TRANSFERRED_MODEL_OUTPUT
2012-07-04 02:00:00+00:00,16.7,8.965167236328167,12.889793687153219,19.48945560740139,32.37924929455461,0.02302461300510811,SCENARIO: ESIF training-window mean IT; not Forest City IT,SCENARIO_INPUT + TRANSFERRED_MODEL_OUTPUT
2012-07-04 03:00:00+00:00,13.9,8.157931518554697,13.723613849730402,19.48945560740139,33.213069457131795,0.02361753553967795,SCENARIO: ESIF training-window mean IT; not Forest City IT,SCENARIO_INPUT + TRANSFERRED_MODEL_OUTPUT
2012-07-04 04:00:00+00:00,11.7,7.165530395126623,13.953829596849651,19.48945560740139,33.44328520425104,0.02378124002945418,SCENARIO: ESIF training-window mean IT; not Forest City IT,SCENARIO_INPUT + TRANSFERRED_MODEL_OUTPUT
2012-07-04 05:00:00+00:00,10.0,6.374951171806222,14.136667221567317,19.48945560740139,33.626122828968704,0.023911254333170772,SCENARIO: ESIF training-window mean IT; not Forest City IT,SCENARIO_INPUT + TRANSFERRED_MODEL_OUTPUT
2012-07-04 06:00:00+00:00,9.4,6.091540527309629,14.203552536400926,19.48945560740139,33.69300814380232,0.023958815920400892,SCENARIO: ESIF training-window mean IT; not Forest City IT,SCENARIO_INPUT + TRANSFERRED_MODEL_OUTPUT
2012-07-04 07:00:00+00:00,8.3,5.565106201164064,14.329027821903917,19.48945560740139,33.8184834293053,0.02404804034509741,SCENARIO: ESIF training-window mean IT; not Forest City IT,SCENARIO_INPUT + TRANSFERRED_MODEL_OUTPUT
2012-07-04 08:00:00+00:00,7.8,5.545880126951552,14.627922114261553,19.48945560740139,34.11737772166294,0.024260581573226733,SCENARIO: ESIF training-window mean IT; not Forest City IT,SCENARIO_INPUT + TRANSFERRED_MODEL_OUTPUT
2012-07-04 09:00:00+00:00,5.6,4.235888671875022,14.658621962865436,19.48945560740139,34.14807757026682,0.02428241197846527,SCENARIO: ESIF training-window mean IT; not Forest City IT,SCENARIO_INPUT + TRANSFERRED_MODEL_OUTPUT
2012-07-04 10:00:00+00:00,3.9,2.8700927734374657,14.425130343735983,19.48945560740139,33.91458595113737,0.024116378043537206,SCENARIO: ESIF training-window mean IT; not Forest City IT,SCENARIO_INPUT + TRANSFERRED_MODEL_OUTPUT
2012-07-04 11:00:00+00:00,0.0,-0.2915039062500318,14.305419811456588,19.48945560740139,33.79487541885798,0.024031252886579597,SCENARIO: ESIF training-window mean IT; not Forest City IT,SCENARIO_INPUT + TRANSFERRED_MODEL_OUTPUT
2012-07-04 12:00:00+00:00,2.2,1.7002197265625378,14.466814496700703,19.48945560740139,33.95627010410209,0.024146019295615887,SCENARIO: ESIF training-window mean IT; not Forest City IT,SCENARIO_INPUT + TRANSFERRED_MODEL_OUTPUT
2012-07-04 13:00:00+00:00,6.1,4.485852050781107,14.594667211252647,19.48945560740139,34.08412281865404,0.024236934290198738,SCENARIO: ESIF training-window mean IT; not Forest City IT,SCENARIO_INPUT + TRANSFERRED_MODEL_OUTPUT
2012-07-04 14:00:00+00:00,8.9,6.071630859365843,14.503315242233391,19.48945560740139,33.99277084963478,0.024171974670079418,SCENARIO: ESIF training-window mean IT; not Forest City IT,SCENARIO_INPUT + TRANSFERRED_MODEL_OUTPUT
2012-07-04 15:00:00+00:00,11.1,6.886929321072111,14.015382738119802,19.48945560740139,33.50483834552119,0.023825009952718967,SCENARIO: ESIF training-window mean IT; not Forest City IT,SCENARIO_INPUT + TRANSFERRED_MODEL_OUTPUT
2012-07-04 16:00:00+00:00,13.9,8.154544067382822,13.719331512348393,19.48945560740139,33.208787119749786,0.023614490405429126,SCENARIO: ESIF training-window mean IT; not Forest City IT,SCENARIO_INPUT + TRANSFERRED_MODEL_OUTPUT
2012-07-04 17:00:00+00:00,16.7,9.565301513671884,13.693945351501753,19.48945560740139,33.18340095890314,0.023596438519053933,SCENARIO: ESIF training-window mean IT; not Forest City IT,SCENARIO_INPUT + TRANSFERRED_MODEL_OUTPUT
2012-07-04 18:00:00+00:00,18.9,10.714727783203134,13.80503595911426,19.48945560740139,33.294491566515646,0.023675434119770664,SCENARIO: ESIF training-window mean IT; not Forest City IT,SCENARIO_INPUT + TRANSFERRED_MODEL_OUTPUT
2012-07-04 19:00:00+00:00,20.0,10.524465942382786,12.775913240847348,19.48945560740139,32.26536884824874,0.02294363357346074,SCENARIO: ESIF training-window mean IT; not Forest City IT,SCENARIO_INPUT + TRANSFERRED_MODEL_OUTPUT
2012-07-04 20:00:00+00:00,21.7,11.422029113769485,12.904037542609672,19.48945560740139,32.39349315001106,0.023034741691434407,SCENARIO: ESIF training-window mean IT; not Forest City IT,SCENARIO_INPUT + TRANSFERRED_MODEL_OUTPUT
2012-07-04 21:00:00+00:00,23.3,11.6743774413316,12.160420667611731,19.48945560740139,31.64987627501312,0.02250596195923182,SCENARIO: ESIF training-window mean IT; not Forest City IT,SCENARIO_INPUT + TRANSFERRED_MODEL_OUTPUT
2012-07-04 22:00:00+00:00,23.9,11.557072448728373,11.561187004296205,19.48945560740139,31.050642611697594,0.022079851919682706,SCENARIO: ESIF training-window mean IT; not Forest City IT,SCENARIO_INPUT + TRANSFERRED_MODEL_OUTPUT
2012-07-04 23:00:00+00:00,23.9,11.9080841063683,12.090703089226906,19.48945560740139,31.580158696628295,0.022456386373109944,SCENARIO: ESIF training-window mean IT; not Forest City IT,SCENARIO_INPUT + TRANSFERRED_MODEL_OUTPUT
2012-07-05 00:00:00+00:00,23.3,11.13057098388673,11.352331218318817,19.48945560740139,30.841786825720206,0.021931336319390028,SCENARIO: ESIF training-window mean IT; not Forest City IT,SCENARIO_INPUT + TRANSFERRED_MODEL_OUTPUT
2012-07-05 01:00:00+00:00,22.8,11.274855041489214,11.916278257510854,19.48945560740139,31.405733864912243,0.022332354336041728,SCENARIO: ESIF training-window mean IT; not Forest City IT,SCENARIO_INPUT + TRANSFERRED_MODEL_OUTPUT
2012-07-05 02:00:00+00:00,21.7,11.032580566406203,12.329983307119404,19.48945560740139,31.819438914520795,0.02262653653214032,SCENARIO: ESIF training-window mean IT; not Forest City IT,SCENARIO_INPUT + TRANSFERRED_MODEL_OUTPUT
2012-07-05 03:00:00+00:00,18.3,9.813204956054701,12.946035236786686,19.48945560740139,32.435490844188074,0.02306460590004332,SCENARIO: ESIF training-window mean IT; not Forest City IT,SCENARIO_INPUT + TRANSFERRED_MODEL_OUTPUT
2012-07-05 04:00:00+00:00,16.7,8.951434326171917,12.871680245136293,19.48945560740139,32.361135852537686,0.023011732688185498,SCENARIO: ESIF training-window mean IT; not Forest City IT,SCENARIO_INPUT + TRANSFERRED_MODEL_OUTPUT
2012-07-05 05:00:00+00:00,15.6,8.253976440429717,12.70990988744352,19.48945560740139,32.19936549484491,0.022896699141617127,SCENARIO: ESIF training-window mean IT; not Forest City IT,SCENARIO_INPUT + TRANSFERRED_MODEL_OUTPUT
2012-07-05 06:00:00+00:00,13.9,7.910391235351538,13.412743958524349,19.48945560740139,32.90219956592574,0.02339647856350021,SCENARIO: ESIF training-window mean IT; not Forest City IT,SCENARIO_INPUT + TRANSFERRED_MODEL_OUTPUT
2012-07-05 07:00:00+00:00,12.8,7.863003539390198,14.081896849694122,19.48945560740139,33.571352457095514,0.02387230758042014,SCENARIO: ESIF training-window mean IT; not Forest City IT,SCENARIO_INPUT + TRANSFERRED_MODEL_OUTPUT
2012-07-05 08:00:00+00:00,7.8,5.3192260742150985,14.383572805318398,19.48945560740139,33.87302841271979,0.02408682682600263,SCENARIO: ESIF training-window mean IT; not Forest City IT,SCENARIO_INPUT + TRANSFERRED_MODEL_OUTPUT
2012-07-05 09:00:00+00:00,7.2,5.026586914061232,14.455621979925313,19.48945560740139,33.9450775873267,0.024138060390671484,SCENARIO: ESIF training-window mean IT; not Forest City IT,SCENARIO_INPUT + TRANSFERRED_MODEL_OUTPUT
2012-07-05 10:00:00+00:00,6.7,5.0078857421873355,14.753447546958185,19.48945560740139,34.242903154359574,0.02434984165717268,SCENARIO: ESIF training-window mean IT; not Forest City IT,SCENARIO_INPUT + TRANSFERRED_MODEL_OUTPUT
2012-07-05 11:00:00+00:00,5.6,4.234521484375023,14.65725989043333,19.48945560740139,34.14671549783472,0.024281443420165826,SCENARIO: ESIF training-window mean IT; not Forest City IT,SCENARIO_INPUT + TRANSFERRED_MODEL_OUTPUT
2012-07-05 12:00:00+00:00,5.0,3.6598144531249877,14.472772919555528,19.48945560740139,33.96222852695692,0.024150256280207633,SCENARIO: ESIF training-window mean IT; not Forest City IT,SCENARIO_INPUT + TRANSFERRED_MODEL_OUTPUT
2012-07-05 13:00:00+00:00,9.4,6.3056945800600435,14.445635631999838,19.48945560740139,33.93509123940123,0.02413095918229489,SCENARIO: ESIF training-window mean IT; not Forest City IT,SCENARIO_INPUT + TRANSFERRED_MODEL_OUTPUT
2012-07-05 14:00:00+00:00,12.8,8.339807128665115,14.682874512558737,19.48945560740139,34.17233011996012,0.02429965776344304,SCENARIO: ESIF training-window mean IT; not Forest City IT,SCENARIO_INPUT + TRANSFERRED_MODEL_OUTPUT
2012-07-05 15:00:00+00:00,16.1,9.310546875000014,13.75451474094061,19.48945560740139,33.243970348342,0.023639508904630166,SCENARIO: ESIF training-window mean IT; not Forest City IT,SCENARIO_INPUT + TRANSFERRED_MODEL_OUTPUT
2012-07-05 16:00:00+00:00,19.4,10.687191772460917,13.42217514566282,19.48945560740139,32.91163075306421,0.023403185001690502,SCENARIO: ESIF training-window mean IT; not Forest City IT,SCENARIO_INPUT + TRANSFERRED_MODEL_OUTPUT
2012-07-05 17:00:00+00:00,21.1,11.18852386474613,12.97622884805554,19.48945560740139,32.46568445545693,0.023086076324152535,SCENARIO: ESIF training-window mean IT; not Forest City IT,SCENARIO_INPUT + TRANSFERRED_MODEL_OUTPUT
2012-07-05 18:00:00+00:00,22.8,11.482768249438873,12.224898468994635,19.48945560740139,31.714354076396024,0.02255181158380947,SCENARIO: ESIF training-window mean IT; not Forest City IT,SCENARIO_INPUT + TRANSFERRED_MODEL_OUTPUT
2012-07-05 19:00:00+00:00,25.0,12.340650939859572,11.974986781003352,19.48945560740139,31.46444238840474,0.022374101475427795,SCENARIO: ESIF training-window mean IT; not Forest City IT,SCENARIO_INPUT + TRANSFERRED_MODEL_OUTPUT
2012-07-05 20:00:00+00:00,25.0,11.994683837888088,11.44279537714937,19.48945560740139,30.93225098455076,0.021995664625119354,SCENARIO: ESIF training-window mean IT; not Forest City IT,SCENARIO_INPUT + TRANSFERRED_MODEL_OUTPUT
2012-07-05 21:00:00+00:00,27.2,13.52898559570312,12.29021814473596,19.48945560740139,31.77967375213735,0.022598259858192908,SCENARIO: ESIF training-window mean IT; not Forest City IT,SCENARIO_INPUT + TRANSFERRED_MODEL_OUTPUT
2012-07-05 22:00:00+00:00,27.8,13.554296874754977,11.898419815816393,19.48945560740139,31.387875423217782,0.022319655347712852,SCENARIO: ESIF training-window mean IT; not Forest City IT,SCENARIO_INPUT + TRANSFERRED_MODEL_OUTPUT
2012-07-05 23:00:00+00:00,27.8,13.395536804099807,11.640022867890092,19.48945560740139,31.12947847529148,0.02213591144205335,SCENARIO: ESIF training-window mean IT; not Forest City IT,SCENARIO_INPUT + TRANSFERRED_MODEL_OUTPUT
2012-07-06 00:00:00+00:00,27.2,13.330142211677366,11.967198029179041,19.48945560740139,31.45665363658043,0.02236856295923441,SCENARIO: ESIF training-window mean IT; not Forest City IT,SCENARIO_INPUT + TRANSFERRED_MODEL_OUTPUT
2012-07-06 01:00:00+00:00,27.2,12.984309387184762,11.411829689983914,19.48945560740139,30.901285297385304,0.02197364518430601,SCENARIO: ESIF training-window mean IT; not Forest City IT,SCENARIO_INPUT + TRANSFERRED_MODEL_OUTPUT
2012-07-06 02:00:00+00:00,25.6,12.376893615703974,11.60368525506201,19.48945560740139,31.0931408624634,0.022110072069889873,SCENARIO: ESIF training-window mean IT; not Forest City IT,SCENARIO_INPUT + TRANSFERRED_MODEL_OUTPUT
2012-07-06 03:00:00+00:00,22.8,11.280815124497034,11.925084106270665,19.48945560740139,31.414539713672056,0.022338616101348012,SCENARIO: ESIF training-window mean IT; not Forest City IT,SCENARIO_INPUT + TRANSFERRED_MODEL_OUTPUT
2012-07-06 04:00:00+00:00,21.1,10.973146057128874,12.66091356060122,19.48945560740139,32.15036916800261,0.022861858263931757,SCENARIO: ESIF training-window mean IT; not Forest City IT,SCENARIO_INPUT + TRANSFERRED_MODEL_OUTPUT
2012-07-06 05:00:00+00:00,18.9,10.293319702148448,13.2046990686421,19.48945560740139,32.69415467604349,0.02324853958462973,SCENARIO: ESIF training-window mean IT; not Forest City IT,SCENARIO_INPUT + TRANSFERRED_MODEL_OUTPUT
2012-07-06 06:00:00+00:00,17.8,10.265036010742229,13.916295429963998,19.48945560740139,33.40575103736539,0.023754549797721215,SCENARIO: ESIF training-window mean IT; not Forest City IT,SCENARIO_INPUT + TRANSFERRED_MODEL_OUTPUT
2012-07-06 07:00:00+00:00,16.1,9.76119079589847,14.366689693657264,19.48945560740139,33.85614530105865,0.024074821386692303,SCENARIO: ESIF training-window mean IT; not Forest City IT,SCENARIO_INPUT + TRANSFERRED_MODEL_OUTPUT
2012-07-06 08:00:00+00:00,10.6,7.130181884726811,14.629526968943471,19.48945560740139,34.11898257634486,0.024261722771950784,SCENARIO: ESIF training-window mean IT; not Forest City IT,SCENARIO_INPUT + TRANSFERRED_MODEL_OUTPUT
2012-07-06 09:00:00+00:00,11.1,8.381188964840007,15.851076512685497,19.48945560740139,35.340532120086884,0.02513035642232873,SCENARIO: ESIF training-window mean IT; not Forest City IT,SCENARIO_INPUT + TRANSFERRED_MODEL_OUTPUT
2012-07-06 10:00:00+00:00,10.0,7.893371582030725,15.950177365146306,19.48945560740139,35.4396329725477,0.025200826208568346,SCENARIO: ESIF training-window mean IT; not Forest City IT,SCENARIO_INPUT + TRANSFERRED_MODEL_OUTPUT
2012-07-06 11:00:00+00:00,10.0,7.893371582030725,15.950177365146306,19.48945560740139,35.4396329725477,0.025200826208568346,SCENARIO: ESIF training-window mean IT; not Forest City IT,SCENARIO_INPUT + TRANSFERRED_MODEL_OUTPUT
2012-07-06 12:00:00+00:00,8.9,7.148889160156132,15.751364834507143,19.48945560740139,35.24082044190853,0.025059452283036885,SCENARIO: ESIF training-window mean IT; not Forest City IT,SCENARIO_INPUT + TRANSFERRED_MODEL_OUTPUT
2012-07-06 13:00:00+00:00,12.8,9.121624755820147,15.701919118430208,19.48945560740139,35.191374725831594,0.025024291848430285,SCENARIO: ESIF training-window mean IT; not Forest City IT,SCENARIO_INPUT + TRANSFERRED_MODEL_OUTPUT
2012-07-06 14:00:00+00:00,16.7,11.026477049789595,15.754752217223448,19.48945560740139,35.24420782462484,0.025061861022517954,SCENARIO: ESIF training-window mean IT; not Forest City IT,SCENARIO_INPUT + TRANSFERRED_MODEL_OUTPUT
2012-07-06 15:00:00+00:00,19.4,12.093856811523416,15.5113128554209,19.48945560740139,35.00076846282229,0.024888753331084947,SCENARIO: ESIF training-window mean IT; not Forest City IT,SCENARIO_INPUT + TRANSFERRED_MODEL_OUTPUT
2012-07-06 16:00:00+00:00,21.7,12.510598754882857,14.56357669061757,19.48945560740139,34.05303229801896,0.024214826081350598,SCENARIO: ESIF training-window mean IT; not Forest City IT,SCENARIO_INPUT + TRANSFERRED_MODEL_OUTPUT
2012-07-06 17:00:00+00:00,23.9,13.104655456542941,13.959047210487192,19.48945560740139,33.44850281788858,0.023784950230815605,SCENARIO: ESIF training-window mean IT; not Forest City IT,SCENARIO_INPUT + TRANSFERRED_MODEL_OUTPUT
2012-07-06 18:00:00+00:00,26.1,13.69408721923822,13.35055760189687,19.48945560740139,32.84001320929826,0.023352258366097854,SCENARIO: ESIF training-window mean IT; not Forest City IT,SCENARIO_INPUT + TRANSFERRED_MODEL_OUTPUT
2012-07-06 19:00:00+00:00,27.8,14.526556396484345,13.518432153291037,19.48945560740139,33.00788776069243,0.023471632553686162,SCENARIO: ESIF training-window mean IT; not Forest City IT,SCENARIO_INPUT + TRANSFERRED_MODEL_OUTPUT
2012-07-06 20:00:00+00:00,30.0,14.91770782470698,12.587300996121746,19.48945560740139,32.07675660352314,0.022809512985817525,SCENARIO: ESIF training-window mean IT; not Forest City IT,SCENARIO_INPUT + TRANSFERRED_MODEL_OUTPUT
2012-07-06 21:00:00+00:00,30.0,14.715211486816347,12.239157217638784,19.48945560740139,31.728612825040173,0.022561950860556814,SCENARIO: ESIF training-window mean IT; not Forest City IT,SCENARIO_INPUT + TRANSFERRED_MODEL_OUTPUT
2012-07-06 22:00:00+00:00,30.0,14.55183105403006,11.960306074664166,19.48945560740139,31.449761682065557,0.022363662148097308,SCENARIO: ESIF training-window mean IT; not Forest City IT,SCENARIO_INPUT + TRANSFERRED_MODEL_OUTPUT
2012-07-06 23:00:00+00:00,31.1,15.098965454101439,12.093077370411303,19.48945560740139,31.58253297781269,0.022458074704576145,SCENARIO: ESIF training-window mean IT; not Forest City IT,SCENARIO_INPUT + TRANSFERRED_MODEL_OUTPUT
2012-07-07 00:00:00+00:00,30.6,14.924244689941247,12.15836867432782,19.48945560740139,31.647824281729207,0.022504502803992566,SCENARIO: ESIF training-window mean IT; not Forest City IT,SCENARIO_INPUT + TRANSFERRED_MODEL_OUTPUT
2012-07-07 01:00:00+00:00,30.0,14.551000975905023,11.958893987592766,19.48945560740139,31.448349594994156,0.022362658024806716,SCENARIO: ESIF training-window mean IT; not Forest City IT,SCENARIO_INPUT + TRANSFERRED_MODEL_OUTPUT
2012-07-07 02:00:00+00:00,28.3,14.311029052734376,12.791652409737326,19.48945560740139,32.28110801713871,0.02295482556464673,SCENARIO: ESIF training-window mean IT; not Forest City IT,SCENARIO_INPUT + TRANSFERRED_MODEL_OUTPUT
2012-07-07 03:00:00+00:00,25.0,13.286453247070312,13.471628152788263,19.48945560740139,32.96108376018965,0.023438350620900633,SCENARIO: ESIF training-window mean IT; not Forest City IT,SCENARIO_INPUT + TRANSFERRED_MODEL_OUTPUT
2012-07-07 04:00:00+00:00,22.2,13.644287109374979,16.028786178496638,19.48945560740139,35.51824178589803,0.025256724277412285,SCENARIO: ESIF training-window mean IT; not Forest City IT,SCENARIO_INPUT + TRANSFERRED_MODEL_OUTPUT
2012-07-07 05:00:00+00:00,20.0,12.825872802734377,16.238656190385562,19.48945560740139,35.72811179778695,0.025405961085256765,SCENARIO: ESIF training-window mean IT; not Forest City IT,SCENARIO_INPUT + TRANSFERRED_MODEL_OUTPUT
2012-07-07 06:00:00+00:00,19.4,12.320440673828147,15.860471655030874,19.48945560740139,35.34992726243226,0.025137037229368518,SCENARIO: ESIF training-window mean IT; not Forest City IT,SCENARIO_INPUT + TRANSFERRED_MODEL_OUTPUT
2012-07-07 07:00:00+00:00,18.3,11.89331359632765,15.958989834659244,19.48945560740139,35.44844544206063,0.02520709268183673,SCENARIO: ESIF training-window mean IT; not Forest City IT,SCENARIO_INPUT + TRANSFERRED_MODEL_OUTPUT
2012-07-07 08:00:00+00:00,13.3,10.42799072265257,17.167514204734033,19.48945560740139,36.65696981213542,0.026066464240302532,SCENARIO: ESIF training-window mean IT; not Forest City IT,SCENARIO_INPUT + TRANSFERRED_MODEL_OUTPUT
2012-07-07 09:00:00+00:00,10.6,8.71613769531233,16.609197888424465,19.48945560740139,36.09865349582586,0.02566945018353664,SCENARIO: ESIF training-window mean IT; not Forest City IT,SCENARIO_INPUT + TRANSFERRED_MODEL_OUTPUT
2012-07-07 10:00:00+00:00,11.7,9.191546630857829,16.518159628755086,19.48945560740139,36.007615236156475,0.025604713639508777,SCENARIO: ESIF training-window mean IT; not Forest City IT,SCENARIO_INPUT + TRANSFERRED_MODEL_OUTPUT
2012-07-07 11:00:00+00:00,11.1,8.933386230468273,16.568056524493393,19.48945560740139,36.05751213189478,0.025640194904194058,SCENARIO: ESIF training-window mean IT; not Forest City IT,SCENARIO_INPUT + TRANSFERRED_MODEL_OUTPUT
2012-07-07 12:00:00+00:00,10.0,8.197326660156133,16.33212731801698,19.48945560740139,35.82158292541837,0.02547242762131776,SCENARIO: ESIF training-window mean IT; not Forest City IT,SCENARIO_INPUT + TRANSFERRED_MODEL_OUTPUT
2012-07-07 13:00:00+00:00,15.0,10.86870117180468,16.66856236911345,19.48945560740139,36.15801797651484,0.02571166376859165,SCENARIO: ESIF training-window mean IT; not Forest City IT,SCENARIO_INPUT + TRANSFERRED_MODEL_OUTPUT
2012-07-07 14:00:00+00:00,17.8,11.981213377913381,16.433755496849315,19.48945560740139,35.923211104250704,0.02554469456817443,SCENARIO: ESIF training-window mean IT; not Forest City IT,SCENARIO_INPUT + TRANSFERRED_MODEL_OUTPUT
2012-07-07 15:00:00+00:00,21.1,12.970315551757864,15.70636468538633,19.48945560740139,35.195820292787715,0.025027453053862253,SCENARIO: ESIF training-window mean IT; not Forest City IT,SCENARIO_INPUT + TRANSFERRED_MODEL_OUTPUT
2012-07-07 16:00:00+00:00,23.9,14.26545104980465,15.865018273598801,19.48945560740139,35.35447388100019,0.025140270291755362,SCENARIO: ESIF training-window mean IT; not Forest City IT,SCENARIO_INPUT + TRANSFERRED_MODEL_OUTPUT
2012-07-07 17:00:00+00:00,26.1,14.791319274902385,15.193968604348928,19.48945560740139,34.68342421175032,0.024663092491827725,SCENARIO: ESIF training-window mean IT; not Forest City IT,SCENARIO_INPUT + TRANSFERRED_MODEL_OUTPUT
2012-07-07 18:00:00+00:00,28.3,15.555195617675794,14.940614632225259,19.48945560740139,34.430070239626644,0.024482934604027787,SCENARIO: ESIF training-window mean IT; not Forest City IT,SCENARIO_INPUT + TRANSFERRED_MODEL_OUTPUT
2012-07-07 19:00:00+00:00,29.4,15.314144897460995,13.715685753661516,19.48945560740139,33.20514136106291,0.02361189793695922,SCENARIO: ESIF training-window mean IT; not Forest City IT,SCENARIO_INPUT + TRANSFERRED_MODEL_OUTPUT
2012-07-07 20:00:00+00:00,31.1,14.763050841976789,11.512923761575204,19.48945560740139,31.00237936897659,0.022045532331976588,SCENARIO: ESIF training-window mean IT; not Forest City IT,SCENARIO_INPUT + TRANSFERRED_MODEL_OUTPUT
2012-07-07 21:00:00+00:00,32.8,15.53635864179438,11.600899084894115,19.48945560740139,31.090354692295506,0.022108090847616974,SCENARIO: ESIF training-window mean IT; not Forest City IT,SCENARIO_INPUT + TRANSFERRED_MODEL_OUTPUT
2012-07-07 22:00:00+00:00,33.9,15.905601500614143,11.437285179671255,19.48945560740139,30.926740787072646,0.021991746369839214,SCENARIO: ESIF training-window mean IT; not Forest City IT,SCENARIO_INPUT + TRANSFERRED_MODEL_OUTPUT
2012-07-07 23:00:00+00:00,33.3,15.519148254019507,11.197808495642818,19.48945560740139,30.687264103044207,0.021821456505384924,SCENARIO: ESIF training-window mean IT; not Forest City IT,SCENARIO_INPUT + TRANSFERRED_MODEL_OUTPUT
2012-07-08 00:00:00+00:00,33.9,15.723869323332536,11.11244431339359,19.48945560740139,30.601899920794978,0.02176075475029153,SCENARIO: ESIF training-window mean IT; not Forest City IT,SCENARIO_INPUT + TRANSFERRED_MODEL_OUTPUT
2012-07-08 01:00:00+00:00,33.3,15.516300963980386,11.192776833052328,19.48945560740139,30.682232440453717,0.021817878532255766,SCENARIO: ESIF training-window mean IT; not Forest City IT,SCENARIO_INPUT + TRANSFERRED_MODEL_OUTPUT
2012-07-08 02:00:00+00:00,31.1,15.096420288085813,12.08865266072599,19.48945560740139,31.57810826812738,0.022454928330574775,SCENARIO: ESIF training-window mean IT; not Forest City IT,SCENARIO_INPUT + TRANSFERRED_MODEL_OUTPUT
2012-07-08 03:00:00+00:00,27.8,14.744424438476585,13.89030986720207,19.48945560740139,33.37976547460346,0.023736071681663903,SCENARIO: ESIF training-window mean IT; not Forest City IT,SCENARIO_INPUT + TRANSFERRED_MODEL_OUTPUT
2012-07-08 04:00:00+00:00,26.1,14.336389160156166,14.419677783530421,19.48945560740139,33.909133390931814,0.024112500773638884,SCENARIO: ESIF training-window mean IT; not Forest City IT,SCENARIO_INPUT + TRANSFERRED_MODEL_OUTPUT
2012-07-08 05:00:00+00:00,24.4,16.54900512695314,19.529380268055696,19.48945560740139,39.018835875457086,0.027745967417883148,SCENARIO: ESIF training-window mean IT; not Forest City IT,SCENARIO_INPUT + TRANSFERRED_MODEL_OUTPUT
2012-07-08 06:00:00+00:00,22.8,16.01552123865102,19.687313099166143,19.48945560740139,39.17676870656753,0.027858272131437167,SCENARIO: ESIF training-window mean IT; not Forest City IT,SCENARIO_INPUT + TRANSFERRED_MODEL_OUTPUT
2012-07-08 07:00:00+00:00,21.7,15.37401122947742,19.315495528930008,19.48945560740139,38.8049511363314,0.02759387577112296,SCENARIO: ESIF training-window mean IT; not Forest City IT,SCENARIO_INPUT + TRANSFERRED_MODEL_OUTPUT
2012-07-08 08:00:00+00:00,16.7,12.662579345663577,18.235397590738675,19.48945560740139,37.72485319814007,0.026825827172829705,SCENARIO: ESIF training-window mean IT; not Forest City IT,SCENARIO_INPUT + TRANSFERRED_MODEL_OUTPUT
2012-07-08 09:00:00+00:00,15.0,12.009582519527513,18.36675589193258,19.48945560740139,37.856211499333966,0.02691923496071522,SCENARIO: ESIF training-window mean IT; not Forest City IT,SCENARIO_INPUT + TRANSFERRED_MODEL_OUTPUT
2012-07-08 10:00:00+00:00,15.0,11.68696289061562,17.877520015405885,19.48945560740139,37.366975622807274,0.026571343426147236,SCENARIO: ESIF training-window mean IT; not Forest City IT,SCENARIO_INPUT + TRANSFERRED_MODEL_OUTPUT
2012-07-08 11:00:00+00:00,14.4,11.450476074215036,17.924036740894906,19.48945560740139,37.413492348296295,0.02660442108007634,SCENARIO: ESIF training-window mean IT; not Forest City IT,SCENARIO_INPUT + TRANSFERRED_MODEL_OUTPUT
2012-07-08 12:00:00+00:00,12.8,10.220135498045359,17.204319362285396,19.48945560740139,36.693774969686785,0.026092636079603163,SCENARIO: ESIF training-window mean IT; not Forest City IT,SCENARIO_INPUT + TRANSFERRED_MODEL_OUTPUT
2012-07-08 13:00:00+00:00,17.2,12.5387573240845,17.702653323256254,19.48945560740139,37.19210893065764,0.02644699718582517,SCENARIO: ESIF training-window mean IT; not Forest City IT,SCENARIO_INPUT + TRANSFERRED_MODEL_OUTPUT
2012-07-08 14:00:00+00:00,21.7,14.501400756835908,17.80802236425167,19.48945560740139,37.29747797165306,0.02652192422843721,SCENARIO: ESIF training-window mean IT; not Forest City IT,SCENARIO_INPUT + TRANSFERRED_MODEL_OUTPUT
2012-07-08 15:00:00+00:00,24.4,15.162786865234313,17.047657664761473,19.48945560740139,36.53711327216286,0.02598123525849709,SCENARIO: ESIF training-window mean IT; not Forest City IT,SCENARIO_INPUT + TRANSFERRED_MODEL_OUTPUT
2012-07-08 16:00:00+00:00,26.7,15.949006652832058,16.797815332864673,19.48945560740139,36.28727094026606,0.02580357446865336,SCENARIO: ESIF training-window mean IT; not Forest City IT,SCENARIO_INPUT + TRANSFERRED_MODEL_OUTPUT
2012-07-08 17:00:00+00:00,27.2,16.115469360351536,16.738074608861897,19.48945560740139,36.22753021626329,0.025761093340128858,SCENARIO: ESIF training-window mean IT; not Forest City IT,SCENARIO_INPUT + TRANSFERRED_MODEL_OUTPUT
2012-07-08 18:00:00+00:00,30.0,17.037301635742253,16.399585597249704,19.48945560740139,35.88904120465109,0.025520396638733654,SCENARIO: ESIF training-window mean IT; not Forest City IT,SCENARIO_INPUT + TRANSFERRED_MODEL_OUTPUT
2012-07-08 19:00:00+00:00,31.7,16.92040863037107,14.930106152922031,19.48945560740139,34.41956176032342,0.024475462112401192,SCENARIO: ESIF training-window mean IT; not Forest City IT,SCENARIO_INPUT + TRANSFERRED_MODEL_OUTPUT
2012-07-08 20:00:00+00:00,33.3,17.631893920898527,15.084106126211589,19.48945560740139,34.573561733612976,0.024584970203695496,SCENARIO: ESIF training-window mean IT; not Forest City IT,SCENARIO_INPUT + TRANSFERRED_MODEL_OUTPUT
2012-07-08 21:00:00+00:00,32.8,18.17879028320312,16.512455160796673,19.48945560740139,36.00191076819806,0.025600657240117064,SCENARIO: ESIF training-window mean IT; not Forest City IT,SCENARIO_INPUT + TRANSFERRED_MODEL_OUTPUT
2012-07-08 22:00:00+00:00,33.3,18.075492858886648,15.938827751893069,19.48945560740139,35.428283359294454,0.025192755593634184,SCENARIO: ESIF training-window mean IT; not Forest City IT,SCENARIO_INPUT + TRANSFERRED_MODEL_OUTPUT
2012-07-08 23:00:00+00:00,32.2,17.987271118164053,16.586238878712756,19.48945560740139,36.075694486114145,0.0256531242240067,SCENARIO: ESIF training-window mean IT; not Forest City IT,SCENARIO_INPUT + TRANSFERRED_MODEL_OUTPUT
2012-07-09 00:00:00+00:00,32.2,17.730474853515698,16.091355735566268,19.48945560740139,35.58081134296766,0.025301216965439847,SCENARIO: ESIF training-window mean IT; not Forest City IT,SCENARIO_INPUT + TRANSFERRED_MODEL_OUTPUT
2012-07-09 01:00:00+00:00,27.9,17.109839630126984,18.064252249069323,19.48945560740139,37.55370785647071,0.02670412715366877,SCENARIO: ESIF training-window mean IT; not Forest City IT,SCENARIO_INPUT + TRANSFERRED_MODEL_OUTPUT
2012-07-09 02:00:00+00:00,28.3,18.678173828124986,20.800666155977826,19.48945560740139,40.29012176337922,0.02864996816607792,SCENARIO: ESIF training-window mean IT; not Forest City IT,SCENARIO_INPUT + TRANSFERRED_MODEL_OUTPUT
2012-07-09 03:00:00+00:00,26.1,17.677734374999986,20.436142897908226,19.48945560740139,39.925598505309615,0.028390758730057263,SCENARIO: ESIF training-window mean IT; not Forest City IT,SCENARIO_INPUT + TRANSFERRED_MODEL_OUTPUT
2012-07-09 04:00:00+00:00,24.4,17.134933469391296,20.61783567958671,19.48945560740139,40.1072912869881,0.028519958945476473,SCENARIO: ESIF training-window mean IT; not Forest City IT,SCENARIO_INPUT + TRANSFERRED_MODEL_OUTPUT
2012-07-09 05:00:00+00:00,23.3,15.91866455078118,19.161664175390015,19.48945560740139,38.651119782791405,0.027484487583920424,SCENARIO: ESIF training-window mean IT; not Forest City IT,SCENARIO_INPUT + TRANSFERRED_MODEL_OUTPUT
2012-07-09 06:00:00+00:00,18.9,13.798367309348997,18.567238472961897,19.48945560740139,38.056694080363286,0.027061796445092857,SCENARIO: ESIF training-window mean IT; not Forest City IT,SCENARIO_INPUT + TRANSFERRED_MODEL_OUTPUT
2012-07-09 07:00:00+00:00,17.2,13.171276855433794,18.70534685102062,19.48945560740139,38.19480245842201,0.027160004156106716,SCENARIO: ESIF training-window mean IT; not Forest City IT,SCENARIO_INPUT + TRANSFERRED_MODEL_OUTPUT
2012-07-09 08:00:00+00:00,16.1,12.432330322247086,18.280171619479535,19.48945560740139,37.76962722688093,0.026857665609695852,SCENARIO: ESIF training-window mean IT; not Forest City IT,SCENARIO_INPUT + TRANSFERRED_MODEL_OUTPUT
2012-07-09 10:00:00+00:00,13.9,11.914440917968603,18.955044758364153,19.48945560740139,38.44450036576554,0.027337562246860136,SCENARIO: ESIF training-window mean IT; not Forest City IT,SCENARIO_INPUT + TRANSFERRED_MODEL_OUTPUT
2012-07-09 11:00:00+00:00,13.9,12.20024414062493,19.3925332903228,19.48945560740139,38.881988897724185,0.027648656678077067,SCENARIO: ESIF training-window mean IT; not Forest City IT,SCENARIO_INPUT + TRANSFERRED_MODEL_OUTPUT
2012-07-09 12:00:00+00:00,15.0,12.965295410156092,19.85778384095741,19.48945560740139,39.3472394483588,0.027979492448274402,SCENARIO: ESIF training-window mean IT; not Forest City IT,SCENARIO_INPUT + TRANSFERRED_MODEL_OUTPUT
2012-07-09 13:00:00+00:00,14.4,12.392687988281113,19.357571718185365,19.48945560740139,38.84702732558675,0.027623795796924706,SCENARIO: ESIF training-window mean IT; not Forest City IT,SCENARIO_INPUT + TRANSFERRED_MODEL_OUTPUT
2012-07-09 14:00:00+00:00,19.4,14.847705078054712,19.992681699786665,19.48945560740139,39.482137307188054,0.028075417185951492,SCENARIO: ESIF training-window mean IT; not Forest City IT,SCENARIO_INPUT + TRANSFERRED_MODEL_OUTPUT
2012-07-09 15:00:00+00:00,22.8,15.440011596679646,18.66202665886181,19.48945560740139,38.1514822662632,0.02712919953025854,SCENARIO: ESIF training-window mean IT; not Forest City IT,SCENARIO_INPUT + TRANSFERRED_MODEL_OUTPUT
2012-07-09 16:00:00+00:00,25.0,16.488211059570276,18.99178595954349,19.48945560740139,38.481241566944874,0.027363688607320236,SCENARIO: ESIF training-window mean IT; not Forest City IT,SCENARIO_INPUT + TRANSFERRED_MODEL_OUTPUT
2012-07-09 17:00:00+00:00,26.7,17.04347534179685,18.805110874499565,19.48945560740139,38.29456648190096,0.027230945517703435,SCENARIO: ESIF training-window mean IT; not Forest City IT,SCENARIO_INPUT + TRANSFERRED_MODEL_OUTPUT
2012-07-09 18:00:00+00:00,29.4,17.384075927734404,17.49120540302533,19.48945560740139,36.980661010426715,0.02629663834057329,SCENARIO: ESIF training-window mean IT; not Forest City IT,SCENARIO_INPUT + TRANSFERRED_MODEL_OUTPUT
2012-07-09 19:00:00+00:00,31.7,17.583177185058616,16.17986377865829,19.48945560740139,35.66931938605968,0.025364154293649493,SCENARIO: ESIF training-window mean IT; not Forest City IT,SCENARIO_INPUT + TRANSFERRED_MODEL_OUTPUT
2012-07-09 20:00:00+00:00,32.2,17.083660888671822,14.864820574624996,19.48945560740139,34.35427618202638,0.024429038084424832,SCENARIO: ESIF training-window mean IT; not Forest City IT,SCENARIO_INPUT + TRANSFERRED_MODEL_OUTPUT
2012-07-09 21:00:00+00:00,33.9,17.822265625000043,15.000671194517636,19.48945560740139,34.490126801919025,0.02452564032251496,SCENARIO: ESIF training-window mean IT; not Forest City IT,SCENARIO_INPUT + TRANSFERRED_MODEL_OUTPUT
2012-07-09 22:00:00+00:00,33.9,17.21003417968738,13.835150683463855,19.48945560740139,33.32460629086525,0.023696848448052258,SCENARIO: ESIF training-window mean IT; not Forest City IT,SCENARIO_INPUT + TRANSFERRED_MODEL_OUTPUT
2012-07-09 23:00:00+00:00,32.8,18.183660888671866,16.521948793671427,19.48945560740139,36.01140440107282,0.025607408082947463,SCENARIO: ESIF training-window mean IT; not Forest City IT,SCENARIO_INPUT + TRANSFERRED_MODEL_OUTPUT
2012-07-10 00:00:00+00:00,32.8,17.273037719726545,14.775169037207808,19.48945560740139,34.2646246446092,0.024365287626977053,SCENARIO: ESIF training-window mean IT; not Forest City IT,SCENARIO_INPUT + TRANSFERRED_MODEL_OUTPUT
2012-07-10 01:00:00+00:00,29.4,17.106564331054685,16.968035005354228,19.48945560740139,36.45749061275562,0.02592461625221279,SCENARIO: ESIF training-window mean IT; not Forest City IT,SCENARIO_INPUT + TRANSFERRED_MODEL_OUTPUT
2012-07-10 02:00:00+00:00,27.566666666666666,18.401632690429658,20.785564630082813,19.48945560740139,40.2750202374842,0.028639229597485535,SCENARIO: ESIF training-window mean IT; not Forest City IT,SCENARIO_INPUT + TRANSFERRED_MODEL_OUTPUT
2012-07-10 03:00:00+00:00,25.0,17.657022092443512,21.181459197480166,19.48945560740139,40.670914804881555,0.02892074690884216,SCENARIO: ESIF training-window mean IT; not Forest City IT,SCENARIO_INPUT + TRANSFERRED_MODEL_OUTPUT
2012-07-10 04:00:00+00:00,23.3,17.11604614197975,21.359433213520802,19.48945560740139,40.84888882092219,0.02904730274116004,SCENARIO: ESIF training-window mean IT; not Forest City IT,SCENARIO_INPUT + TRANSFERRED_MODEL_OUTPUT
2012-07-10 05:00:00+00:00,21.7,15.973178100199302,20.380710180515795,19.48945560740139,39.87016578791719,0.028351340988954882,SCENARIO: ESIF training-window mean IT; not Forest City IT,SCENARIO_INPUT + TRANSFERRED_MODEL_OUTPUT
2012-07-10 06:00:00+00:00,19.4,14.849462890554738,19.995707694260304,19.48945560740139,39.48516330166169,0.028077568945279737,SCENARIO: ESIF training-window mean IT; not Forest City IT,SCENARIO_INPUT + TRANSFERRED_MODEL_OUTPUT
2012-07-10 07:00:00+00:00,16.1,12.761529541007643,18.796225156834705,19.48945560740139,38.28568076423609,0.02722462695828765,SCENARIO: ESIF training-window mean IT; not Forest City IT,SCENARIO_INPUT + TRANSFERRED_MODEL_OUTPUT
2012-07-10 08:00:00+00:00,15.6,12.850396728514,19.27308497716156,19.48945560740139,38.76254058456295,0.027563717982938357,SCENARIO: ESIF training-window mean IT; not Forest City IT,SCENARIO_INPUT + TRANSFERRED_MODEL_OUTPUT
2012-07-10 09:00:00+00:00,13.9,11.916052246093603,18.95749562740032,19.48945560740139,38.44695123480171,0.02733930503930633,SCENARIO: ESIF training-window mean IT; not Forest City IT,SCENARIO_INPUT + TRANSFERRED_MODEL_OUTPUT
2012-07-10 10:00:00+00:00,12.2,10.567236328124944,18.091216544583425,19.48945560740139,37.580672151984814,0.026723301238389507,SCENARIO: ESIF training-window mean IT; not Forest City IT,SCENARIO_INPUT + TRANSFERRED_MODEL_OUTPUT
2012-07-10 11:00:00+00:00,11.7,10.699340820312543,18.608611574968318,19.48945560740139,38.098067182369704,0.02709121651144007,SCENARIO: ESIF training-window mean IT; not Forest City IT,SCENARIO_INPUT + TRANSFERRED_MODEL_OUTPUT
2012-07-10 12:00:00+00:00,11.7,10.700170898437541,18.60980520370165,19.48945560740139,38.099260811103036,0.027092065290835993,SCENARIO: ESIF training-window mean IT; not Forest City IT,SCENARIO_INPUT + TRANSFERRED_MODEL_OUTPUT
2012-07-10 13:00:00+00:00,15.6,12.8514953613265,19.27482626522446,19.48945560740139,38.764281872625844,0.027564956198297023,SCENARIO: ESIF training-window mean IT; not Forest City IT,SCENARIO_INPUT + TRANSFERRED_MODEL_OUTPUT
2012-07-10 14:00:00+00:00,18.3,13.85317382805458,19.068274099747892,19.48945560740139,38.55772970714928,0.027418078683250226,SCENARIO: ESIF training-window mean IT; not Forest City IT,SCENARIO_INPUT + TRANSFERRED_MODEL_OUTPUT
2012-07-10 15:00:00+00:00,21.7,14.809585568987629,18.33448246996649,19.48945560740139,37.82393807736788,0.026896285600637105,SCENARIO: ESIF training-window mean IT; not Forest City IT,SCENARIO_INPUT + TRANSFERRED_MODEL_OUTPUT
2012-07-10 16:00:00+00:00,24.0,14.04371337890628,15.423138567042432,19.48945560740139,34.912594174443825,0.024826053333057,SCENARIO: ESIF training-window mean IT; not Forest City IT,SCENARIO_INPUT + TRANSFERRED_MODEL_OUTPUT
2012-07-10 17:00:00+00:00,26.7,13.922483825683582,13.297179071846344,19.48945560740139,32.78663467924773,0.023314301340410983,SCENARIO: ESIF training-window mean IT; not Forest City IT,SCENARIO_INPUT + TRANSFERRED_MODEL_OUTPUT
2012-07-10 18:00:00+00:00,28.9,13.823706054578626,11.54285855693234,19.48945560740139,31.032314164333727,0.022066818714258498,SCENARIO: ESIF training-window mean IT; not Forest City IT,SCENARIO_INPUT + TRANSFERRED_MODEL_OUTPUT
2012-07-10 19:00:00+00:00,30.6,14.259675598109363,11.025996160849829,19.48945560740139,30.515451768251218,0.02169928219299968,SCENARIO: ESIF training-window mean IT; not Forest City IT,SCENARIO_INPUT + TRANSFERRED_MODEL_OUTPUT
2012-07-10 20:00:00+00:00,31.7,14.653256225544247,10.881961083921011,19.48945560740139,30.371416691322402,0.021596860056053945,SCENARIO: ESIF training-window mean IT; not Forest City IT,SCENARIO_INPUT + TRANSFERRED_MODEL_OUTPUT
2012-07-10 21:00:00+00:00,32.2,15.000468444671931,11.108817634610947,19.48945560740139,30.598273242012336,0.021758175849381736,SCENARIO: ESIF training-window mean IT; not Forest City IT,SCENARIO_INPUT + TRANSFERRED_MODEL_OUTPUT
2012-07-10 22:00:00+00:00,32.8,15.208967590168637,11.02558652388865,19.48945560740139,30.515042131290038,0.021698990903587193,SCENARIO: ESIF training-window mean IT; not Forest City IT,SCENARIO_INPUT + TRANSFERRED_MODEL_OUTPUT
2012-07-10 23:00:00+00:00,32.8,14.892385864244357,10.476233866552997,19.48945560740139,29.965689473954384,0.02130835082964921,SCENARIO: ESIF training-window mean IT; not Forest City IT,SCENARIO_INPUT + TRANSFERRED_MODEL_OUTPUT
2012-07-11 00:00:00+00:00,32.2,14.679107666004104,10.555802774832243,19.48945560740139,30.045258382233634,0.021364931613956546,SCENARIO: ESIF training-window mean IT; not Forest City IT,SCENARIO_INPUT + TRANSFERRED_MODEL_OUTPUT
2012-07-11 01:00:00+00:00,31.7,14.33165435790966,10.336163831196812,19.48945560740139,29.825619438598203,0.021208748200559527,SCENARIO: ESIF training-window mean IT; not Forest City IT,SCENARIO_INPUT + TRANSFERRED_MODEL_OUTPUT
2012-07-11 02:00:00+00:00,28.3,14.304327392578125,12.780363494227194,19.48945560740139,32.269819101628585,0.02294679811136937,SCENARIO: ESIF training-window mean IT; not Forest City IT,SCENARIO_INPUT + TRANSFERRED_MODEL_OUTPUT
2012-07-11 03:00:00+00:00,25.0,12.34562835685179,11.982703078717229,19.48945560740139,31.472158686118618,0.02237958847011004,SCENARIO: ESIF training-window mean IT; not Forest City IT,SCENARIO_INPUT + TRANSFERRED_MODEL_OUTPUT
2012-07-11 04:00:00+00:00,23.3,10.944834899902334,11.08095910503612,19.48945560740139,30.57041471243751,0.021738365882309412,SCENARIO: ESIF training-window mean IT; not Forest City IT,SCENARIO_INPUT + TRANSFERRED_MODEL_OUTPUT
2012-07-11 05:00:00+00:00,20.0,8.719395446777334,10.313209693046065,19.48945560740139,29.802665300447455,0.021192425705155792,SCENARIO: ESIF training-window mean IT; not Forest City IT,SCENARIO_INPUT + TRANSFERRED_MODEL_OUTPUT
2012-07-11 06:00:00+00:00,17.2,7.79927673339847,11.059290277806175,19.48945560740139,30.548745885207566,0.0217229573607373,SCENARIO: ESIF training-window mean IT; not Forest City IT,SCENARIO_INPUT + TRANSFERRED_MODEL_OUTPUT
2012-07-11 07:00:00+00:00,13.9,6.863729858398411,12.144587939180512,19.48945560740139,31.6340435465819,0.022494703438639584,SCENARIO: ESIF training-window mean IT; not Forest City IT,SCENARIO_INPUT + TRANSFERRED_MODEL_OUTPUT
2012-07-11 08:00:00+00:00,13.9,6.459436035156297,11.674778552440465,19.48945560740139,31.164234159841854,0.02216062591826681,SCENARIO: ESIF training-window mean IT; not Forest City IT,SCENARIO_INPUT + TRANSFERRED_MODEL_OUTPUT
2012-07-11 09:00:00+00:00,11.1,5.786105345027279,12.76062158009976,19.48945560740139,32.25007718750115,0.022932759801567025,SCENARIO: ESIF training-window mean IT; not Forest City IT,SCENARIO_INPUT + TRANSFERRED_MODEL_OUTPUT
2012-07-11 10:00:00+00:00,12.2,6.5256713867188125,12.874203965195399,19.48945560740139,32.36365957259679,0.02301352728438399,SCENARIO: ESIF training-window mean IT; not Forest City IT,SCENARIO_INPUT + TRANSFERRED_MODEL_OUTPUT
2012-07-11 11:00:00+00:00,11.7,6.291934204101571,12.934659439483632,19.48945560740139,32.42411504688502,0.023056516665850624,SCENARIO: ESIF training-window mean IT; not Forest City IT,SCENARIO_INPUT + TRANSFERRED_MODEL_OUTPUT
2012-07-11 12:00:00+00:00,11.1,5.548855590820283,12.501040958736068,19.48945560740139,31.99049656613746,0.022748174195639168,SCENARIO: ESIF training-window mean IT; not Forest City IT,SCENARIO_INPUT + TRANSFERRED_MODEL_OUTPUT
2012-07-11 13:00:00+00:00,15.0,7.608489990234389,12.3059671443852,19.48945560740139,31.79542275178659,0.022609458839949484,SCENARIO: ESIF training-window mean IT; not Forest City IT,SCENARIO_INPUT + TRANSFERRED_MODEL_OUTPUT
2012-07-11 14:00:00+00:00,19.4,9.537484741210939,11.815075325394275,19.48945560740139,31.304530932795664,0.022260389778563296,SCENARIO: ESIF training-window mean IT; not Forest City IT,SCENARIO_INPUT + TRANSFERRED_MODEL_OUTPUT
2012-07-11 15:00:00+00:00,22.8,10.94738159179689,11.436176203871419,19.48945560740139,30.925631811272808,0.02199095778643535,SCENARIO: ESIF training-window mean IT; not Forest City IT,SCENARIO_INPUT + TRANSFERRED_MODEL_OUTPUT
2012-07-11 16:00:00+00:00,27.2,12.15247344970683,10.109463620926036,19.48945560740139,29.598919228327425,0.021047543579594485,SCENARIO: ESIF training-window mean IT; not Forest City IT,SCENARIO_INPUT + TRANSFERRED_MODEL_OUTPUT
2012-07-11 17:00:00+00:00,27.95,12.095927429198285,9.481022682695375,19.48945560740139,28.970478290096764,0.020600664491456967,SCENARIO: ESIF training-window mean IT; not Forest City IT,SCENARIO_INPUT + TRANSFERRED_MODEL_OUTPUT
2012-07-11 18:00:00+00:00,30.6,13.303875732420098,9.450301535890123,19.48945560740139,28.939757143291512,0.0205788189412458,SCENARIO: ESIF training-window mean IT; not Forest City IT,SCENARIO_INPUT + TRANSFERRED_MODEL_OUTPUT
2012-07-11 19:00:00+00:00,32.2,14.679107666004104,10.555802774832243,19.48945560740139,30.045258382233634,0.021364931613956546,SCENARIO: ESIF training-window mean IT; not Forest City IT,SCENARIO_INPUT + TRANSFERRED_MODEL_OUTPUT
2012-07-11 20:00:00+00:00,32.2,14.989299011078081,11.089478306846983,19.48945560740139,30.578933914248374,0.021744423815370898,SCENARIO: ESIF training-window mean IT; not Forest City IT,SCENARIO_INPUT + TRANSFERRED_MODEL_OUTPUT
2012-07-11 21:00:00+00:00,32.2,14.81587066645844,10.790289364187485,19.48945560740139,30.279744971588876,0.02153167306387954,SCENARIO: ESIF training-window mean IT; not Forest City IT,SCENARIO_INPUT + TRANSFERRED_MODEL_OUTPUT
2012-07-11 22:00:00+00:00,34.4,15.279119873044927,9.951995153003539,19.48945560740139,29.441450760404926,0.02093556907081449,SCENARIO: ESIF training-window mean IT; not Forest City IT,SCENARIO_INPUT + TRANSFERRED_MODEL_OUTPUT
2012-07-11 23:00:00+00:00,34.4,15.572461700372294,10.46853910219276,19.48945560740139,29.95799470959415,0.021302879147154407,SCENARIO: ESIF training-window mean IT; not Forest City IT,SCENARIO_INPUT + TRANSFERRED_MODEL_OUTPUT
2012-07-12 00:00:00+00:00,33.9,15.398699951110672,10.53684497559421,19.48945560740139,30.0263005829956,0.021351450881685288,SCENARIO: ESIF training-window mean IT; not Forest City IT,SCENARIO_INPUT + TRANSFERRED_MODEL_OUTPUT
2012-07-12 01:00:00+00:00,32.8,14.874697875963093,10.445742547300265,19.48945560740139,29.935198154701652,0.021286668707885894,SCENARIO: ESIF training-window mean IT; not Forest City IT,SCENARIO_INPUT + TRANSFERRED_MODEL_OUTPUT
2012-07-12 02:00:00+00:00,30.6,14.563031005562632,11.539145897850732,19.48945560740139,31.02860150525212,0.022064178673478176,SCENARIO: ESIF training-window mean IT; not Forest City IT,SCENARIO_INPUT + TRANSFERRED_MODEL_OUTPUT
2012-07-12 03:00:00+00:00,27.2,14.524304199218756,13.94771504265388,19.48945560740139,33.437170650055265,0.023776892021173453,SCENARIO: ESIF training-window mean IT; not Forest City IT,SCENARIO_INPUT + TRANSFERRED_MODEL_OUTPUT
2012-07-12 04:00:00+00:00,24.4,13.278805541992151,13.885284131191007,19.48945560740139,33.374739738592396,0.023732497922875736,SCENARIO: ESIF training-window mean IT; not Forest City IT,SCENARIO_INPUT + TRANSFERRED_MODEL_OUTPUT
2012-07-12 05:00:00+00:00,22.8,12.677499389648403,14.055573848576227,19.48945560740139,33.54502945597761,0.02385358951477386,SCENARIO: ESIF training-window mean IT; not Forest City IT,SCENARIO_INPUT + TRANSFERRED_MODEL_OUTPUT
2012-07-12 06:00:00+00:00,17.8,10.462469482421827,14.19566635464819,19.48945560740139,33.68512196204958,0.023953208122601353,SCENARIO: ESIF training-window mean IT; not Forest City IT,SCENARIO_INPUT + TRANSFERRED_MODEL_OUTPUT
2012-07-12 07:00:00+00:00,16.7,10.260501098632835,14.656245475594895,19.48945560740139,34.14570108299628,0.024280722078269687,SCENARIO: ESIF training-window mean IT; not Forest City IT,SCENARIO_INPUT + TRANSFERRED_MODEL_OUTPUT
2012-07-12 08:00:00+00:00,16.1,10.274179075678813,15.080444500478716,19.48945560740139,34.5699001078801,0.02458236645230206,SCENARIO: ESIF training-window mean IT; not Forest City IT,SCENARIO_INPUT + TRANSFERRED_MODEL_OUTPUT
2012-07-12 09:00:00+00:00,14.4,10.077679443238713,15.943960768363166,19.48945560740139,35.43341637576455,0.02519640563865832,SCENARIO: ESIF training-window mean IT; not Forest City IT,SCENARIO_INPUT + TRANSFERRED_MODEL_OUTPUT
2012-07-12 10:00:00+00:00,13.3,10.165631103507536,16.797471980355542,19.48945560740139,36.286927587756935,0.02580333031355961,SCENARIO: ESIF training-window mean IT; not Forest City IT,SCENARIO_INPUT + TRANSFERRED_MODEL_OUTPUT
2012-07-12 11:00:00+00:00,12.8,9.95728759765252,16.837325910544536,19.48945560740139,36.326781517945925,0.025831670109550137,SCENARIO: ESIF training-window mean IT; not Forest City IT,SCENARIO_INPUT + TRANSFERRED_MODEL_OUTPUT
2012-07-12 12:00:00+00:00,11.7,9.496252441405716,16.92808887784319,19.48945560740139,36.417544485244576,0.02589621089547868,SCENARIO: ESIF training-window mean IT; not Forest City IT,SCENARIO_INPUT + TRANSFERRED_MODEL_OUTPUT
2012-07-12 13:00:00+00:00,15.0,11.111431884726208,17.022417154009155,19.48945560740139,36.511872761410544,0.025963286942684186,SCENARIO: ESIF training-window mean IT; not Forest City IT,SCENARIO_INPUT + TRANSFERRED_MODEL_OUTPUT
2012-07-12 14:00:00+00:00,19.4,12.821908567025533,16.645691513330434,19.48945560740139,36.13514712073182,0.025695400494582136,SCENARIO: ESIF training-window mean IT; not Forest City IT,SCENARIO_INPUT + TRANSFERRED_MODEL_OUTPUT
2012-07-12 15:00:00+00:00,23.3,13.76961364746095,15.462823232436836,19.48945560740139,34.95227883983823,0.02485427276626965,SCENARIO: ESIF training-window mean IT; not Forest City IT,SCENARIO_INPUT + TRANSFERRED_MODEL_OUTPUT
2012-07-12 16:00:00+00:00,24.4,14.427487182617202,15.784557895795079,19.48945560740139,35.27401350319647,0.025083055590935013,SCENARIO: ESIF training-window mean IT; not Forest City IT,SCENARIO_INPUT + TRANSFERRED_MODEL_OUTPUT
2012-07-12 17:00:00+00:00,26.7,15.233280944824202,15.529411522509875,19.48945560740139,35.018867129911264,0.02490162314168003,SCENARIO: ESIF training-window mean IT; not Forest City IT,SCENARIO_INPUT + TRANSFERRED_MODEL_OUTPUT
2012-07-12 18:00:00+00:00,28.9,15.309271240234349,14.071557148712444,19.48945560740139,33.56101275611383,0.02386495510564452,SCENARIO: ESIF training-window mean IT; not Forest City IT,SCENARIO_INPUT + TRANSFERRED_MODEL_OUTPUT
2012-07-12 19:00:00+00:00,30.6,16.309561157226582,14.615854549841005,19.48945560740139,34.10531015724239,0.024252000429230168,SCENARIO: ESIF training-window mean IT; not Forest City IT,SCENARIO_INPUT + TRANSFERRED_MODEL_OUTPUT
2012-07-12 20:00:00+00:00,30.6,15.702462768554753,13.522749667725359,19.48945560740139,33.012205275126746,0.023474702702042285,SCENARIO: ESIF training-window mean IT; not Forest City IT,SCENARIO_INPUT + TRANSFERRED_MODEL_OUTPUT
2012-07-12 21:00:00+00:00,32.2,17.068768310546822,14.836916868878346,19.48945560740139,34.32637247627974,0.024409195992955067,SCENARIO: ESIF training-window mean IT; not Forest City IT,SCENARIO_INPUT + TRANSFERRED_MODEL_OUTPUT
2012-07-12 22:00:00+00:00,32.8,17.259304809570295,14.749259915410155,19.48945560740139,34.238715522811546,0.024346863867449265,SCENARIO: ESIF training-window mean IT; not Forest City IT,SCENARIO_INPUT + TRANSFERRED_MODEL_OUTPUT
2012-07-12 23:00:00+00:00,31.7,17.10606384277353,15.277162953952601,19.48945560740139,34.766618561353994,0.02472225129709868,SCENARIO: ESIF training-window mean IT; not Forest City IT,SCENARIO_INPUT + TRANSFERRED_MODEL_OUTPUT
2012-07-13 00:00:00+00:00,30.0,16.807026672363307,15.970551287583291,19.48945560740139,35.46000689498468,0.025215313934186696,SCENARIO: ESIF training-window mean IT; not Forest City IT,SCENARIO_INPUT + TRANSFERRED_MODEL_OUTPUT
2012-07-13 01:00:00+00:00,27.2,15.61734771728522,15.845938233931408,19.48945560740139,35.335393841332795,0.02512670263533852,SCENARIO: ESIF training-window mean IT; not Forest City IT,SCENARIO_INPUT + TRANSFERRED_MODEL_OUTPUT
2012-07-13 02:00:00+00:00,25.0,14.173747253417975,14.931253724164396,19.48945560740139,34.42070933156579,0.024476278140701017,SCENARIO: ESIF training-window mean IT; not Forest City IT,SCENARIO_INPUT + TRANSFERRED_MODEL_OUTPUT
2012-07-13 03:00:00+00:00,23.3,14.532470703125021,16.73968778000486,19.48945560740139,36.22914338740625,0.02576224045261871,SCENARIO: ESIF training-window mean IT; not Forest City IT,SCENARIO_INPUT + TRANSFERRED_MODEL_OUTPUT
2012-07-13 04:00:00+00:00,21.7,13.679547119140704,16.435811040186017,19.48945560740139,35.92526664758741,0.02554615624782649,SCENARIO: ESIF training-window mean IT; not Forest City IT,SCENARIO_INPUT + TRANSFERRED_MODEL_OUTPUT
2012-07-13 05:00:00+00:00,20.0,12.54101562499997,15.790429448509038,19.48945560740139,35.27988505591043,0.025087230802897098,SCENARIO: ESIF training-window mean IT; not Forest City IT,SCENARIO_INPUT + TRANSFERRED_MODEL_OUTPUT
2012-07-13 06:00:00+00:00,17.8,11.97205810447432,16.419791701635987,19.48945560740139,35.909247309037376,0.025534765030341584,SCENARIO: ESIF training-window mean IT; not Forest City IT,SCENARIO_INPUT + TRANSFERRED_MODEL_OUTPUT
2012-07-13 07:00:00+00:00,17.2,12.535900878771919,17.698187184961697,19.48945560740139,37.187642792363086,0.026443821352286723,SCENARIO: ESIF training-window mean IT; not Forest City IT,SCENARIO_INPUT + TRANSFERRED_MODEL_OUTPUT
2012-07-13 08:00:00+00:00,11.7,9.497204589843214,16.929379772643316,19.48945560740139,36.418835380044705,0.025897128839960124,SCENARIO: ESIF training-window mean IT; not Forest City IT,SCENARIO_INPUT + TRANSFERRED_MODEL_OUTPUT
2012-07-13 09:00:00+00:00,10.6,9.028076171874877,17.01880152632578,19.48945560740139,36.50825713372717,0.02596071590011853,SCENARIO: ESIF training-window mean IT; not Forest City IT,SCENARIO_INPUT + TRANSFERRED_MODEL_OUTPUT
2012-07-13 10:00:00+00:00,10.0,8.452001953125006,16.65701281619796,19.48945560740139,36.146468423599345,0.025703450978238104,SCENARIO: ESIF training-window mean IT; not Forest City IT,SCENARIO_INPUT + TRANSFERRED_MODEL_OUTPUT
2012-07-13 11:00:00+00:00,9.4,8.188012695312585,16.70825735764457,19.48945560740139,36.19771296504596,0.025739890542500362,SCENARIO: ESIF training-window mean IT; not Forest City IT,SCENARIO_INPUT + TRANSFERRED_MODEL_OUTPUT
2012-07-13 12:00:00+00:00,10.0,8.769213867187494,17.067873069992046,19.48945560740139,36.557328677393436,0.0259956102638575,SCENARIO: ESIF training-window mean IT; not Forest City IT,SCENARIO_INPUT + TRANSFERRED_MODEL_OUTPUT
2012-07-13 13:00:00+00:00,12.8,10.219586181639109,17.20354747327318,19.48945560740139,36.69300308067457,0.026092087195790956,SCENARIO: ESIF training-window mean IT; not Forest City IT,SCENARIO_INPUT + TRANSFERRED_MODEL_OUTPUT
2012-07-13 14:00:00+00:00,17.2,11.983798217385084,16.84542577244747,19.48945560740139,36.33488137984886,0.025837429853514962,SCENARIO: ESIF training-window mean IT; not Forest City IT,SCENARIO_INPUT + TRANSFERRED_MODEL_OUTPUT
2012-07-13 15:00:00+00:00,19.4,12.315228271484397,15.852400081160681,19.48945560740139,35.34185568856207,0.025131297600786872,SCENARIO: ESIF training-window mean IT; not Forest City IT,SCENARIO_INPUT + TRANSFERRED_MODEL_OUTPUT
2012-07-13 16:00:00+00:00,23.3,12.237072753906258,13.017850165065838,19.48945560740139,32.50730577246723,0.023115672894110265,SCENARIO: ESIF training-window mean IT; not Forest City IT,SCENARIO_INPUT + TRANSFERRED_MODEL_OUTPUT
2012-07-13 17:00:00+00:00,23.3,12.641352844238282,13.647243915908778,19.48945560740139,33.13669952331017,0.023563229519316806,SCENARIO: ESIF training-window mean IT; not Forest City IT,SCENARIO_INPUT + TRANSFERRED_MODEL_OUTPUT
2012-07-13 18:00:00+00:00,25.6,12.572355651770557,11.908458579445401,19.48945560740139,31.39791418684679,0.022326793828457266,SCENARIO: ESIF training-window mean IT; not Forest City IT,SCENARIO_INPUT + TRANSFERRED_MODEL_OUTPUT
2012-07-13 19:00:00+00:00,26.1,12.75960082999039,11.845433057418393,19.48945560740139,31.334888664819783,0.022281976907567107,SCENARIO: ESIF training-window mean IT; not Forest City IT,SCENARIO_INPUT + TRANSFERRED_MODEL_OUTPUT
2012-07-13 20:00:00+00:00,28.3,13.398022460912005,11.281966651304378,19.48945560740139,30.77142225870577,0.021881300665072007,SCENARIO: ESIF training-window mean IT; not Forest City IT,SCENARIO_INPUT + TRANSFERRED_MODEL_OUTPUT
2012-07-13 21:00:00+00:00,31.1,13.777072143553763,9.854581463070174,19.48945560740139,29.344037070471565,0.020866299011718572,SCENARIO: ESIF training-window mean IT; not Forest City IT,SCENARIO_INPUT + TRANSFERRED_MODEL_OUTPUT
2012-07-13 22:00:00+00:00,30.0,13.371351623534594,9.999709428911157,19.48945560740139,29.489165036312546,0.020969498292817072,SCENARIO: ESIF training-window mean IT; not Forest City IT,SCENARIO_INPUT + TRANSFERRED_MODEL_OUTPUT
2012-07-13 23:00:00+00:00,30.0,13.870285034172907,10.81674446397588,19.48945560740139,30.30620007137727,0.021550485063784115,SCENARIO: ESIF training-window mean IT; not Forest City IT,SCENARIO_INPUT + TRANSFERRED_MODEL_OUTPUT
2012-07-14 00:00:00+00:00,30.0,14.19136505114869,11.351528410275844,19.48945560740139,30.840984017677233,0.02193076544931399,SCENARIO: ESIF training-window mean IT; not Forest City IT,SCENARIO_INPUT + TRANSFERRED_MODEL_OUTPUT
2012-07-14 01:00:00+00:00,28.9,14.138700866077562,12.066439105381306,19.48945560740139,31.555894712782695,0.022439132457402235,SCENARIO: ESIF training-window mean IT; not Forest City IT,SCENARIO_INPUT + TRANSFERRED_MODEL_OUTPUT
2012-07-14 02:00:00+00:00,25.6,13.94564208984377,14.123350860614758,19.48945560740139,33.612806468016146,0.023901785180418657,SCENARIO: ESIF training-window mean IT; not Forest City IT,SCENARIO_INPUT + TRANSFERRED_MODEL_OUTPUT
2012-07-14 03:00:00+00:00,22.8,13.117536926269533,14.754415630234044,19.48945560740139,34.24387123763543,0.024350530053082686,SCENARIO: ESIF training-window mean IT; not Forest City IT,SCENARIO_INPUT + TRANSFERRED_MODEL_OUTPUT
2012-07-14 04:00:00+00:00,21.1,11.784480285644523,13.865234157862847,19.48945560740139,33.35468976526424,0.02371824055475568,SCENARIO: ESIF training-window mean IT; not Forest City IT,SCENARIO_INPUT + TRANSFERRED_MODEL_OUTPUT
2012-07-14 05:00:00+00:00,17.8,10.462469482421827,14.19566635464819,19.48945560740139,33.68512196204958,0.023953208122601353,SCENARIO: ESIF training-window mean IT; not Forest City IT,SCENARIO_INPUT + TRANSFERRED_MODEL_OUTPUT
2012-07-14 06:00:00+00:00,14.4,8.820913694827768,14.244147910382143,19.48945560740139,33.733603517783536,0.023987682950862663,SCENARIO: ESIF training-window mean IT; not Forest City IT,SCENARIO_INPUT + TRANSFERRED_MODEL_OUTPUT
2012-07-14 07:00:00+00:00,16.1,9.755477905273471,14.35884220621444,19.48945560740139,33.84829781361583,0.024069241104092486,SCENARIO: ESIF training-window mean IT; not Forest City IT,SCENARIO_INPUT + TRANSFERRED_MODEL_OUTPUT
2012-07-14 08:00:00+00:00,13.3,8.554763793560301,14.628533254548657,19.48945560740139,34.117988861950046,0.024261016149966744,SCENARIO: ESIF training-window mean IT; not Forest City IT,SCENARIO_INPUT + TRANSFERRED_MODEL_OUTPUT
2012-07-14 09:00:00+00:00,11.7,8.118951415976511,15.125637649996587,19.48945560740139,34.61509325739797,0.02461450292244271,SCENARIO: ESIF training-window mean IT; not Forest City IT,SCENARIO_INPUT + TRANSFERRED_MODEL_OUTPUT
2012-07-14 10:00:00+00:00,11.1,7.851556396466014,15.182969953919207,19.48945560740139,34.672425561320594,0.024655271443618138,SCENARIO: ESIF training-window mean IT; not Forest City IT,SCENARIO_INPUT + TRANSFERRED_MODEL_OUTPUT
2012-07-14 11:00:00+00:00,10.0,7.644506835936232,15.642154149238692,19.48945560740139,35.13160975664008,0.02498179347935512,SCENARIO: ESIF training-window mean IT; not Forest City IT,SCENARIO_INPUT + TRANSFERRED_MODEL_OUTPUT
2012-07-14 12:00:00+00:00,10.0,7.645043945311233,15.642814379881793,19.48945560740139,35.13226998728318,0.02498226296383616,SCENARIO: ESIF training-window mean IT; not Forest City IT,SCENARIO_INPUT + TRANSFERRED_MODEL_OUTPUT
2012-07-14 13:00:00+00:00,13.3,9.617712402308902,16.03983388637094,19.48945560740139,35.529289493772325,0.025264580209959864,SCENARIO: ESIF training-window mean IT; not Forest City IT,SCENARIO_INPUT + TRANSFERRED_MODEL_OUTPUT
2012-07-14 14:00:00+00:00,16.7,11.252749633132133,16.086926330743662,19.48945560740139,35.57638193814505,0.025298067252765667,SCENARIO: ESIF training-window mean IT; not Forest City IT,SCENARIO_INPUT + TRANSFERRED_MODEL_OUTPUT
2012-07-14 15:00:00+00:00,20.0,12.54023437499997,15.789207764659057,19.48945560740139,35.27866337206045,0.02508636207374268,SCENARIO: ESIF training-window mean IT; not Forest City IT,SCENARIO_INPUT + TRANSFERRED_MODEL_OUTPUT
2012-07-14 16:00:00+00:00,21.7,12.499789428710983,14.546699717951782,19.48945560740139,34.03615532535317,0.02420282500742845,SCENARIO: ESIF training-window mean IT; not Forest City IT,SCENARIO_INPUT + TRANSFERRED_MODEL_OUTPUT
2012-07-14 17:00:00+00:00,24.4,13.279397583007777,13.886239812265515,19.48945560740139,33.375695419666904,0.023733177499684226,SCENARIO: ESIF training-window mean IT; not Forest City IT,SCENARIO_INPUT + TRANSFERRED_MODEL_OUTPUT
2012-07-14 18:00:00+00:00,25.0,13.501281738281179,13.820092013526335,19.48945560740139,33.309547620927724,0.023686140353972342,SCENARIO: ESIF training-window mean IT; not Forest City IT,SCENARIO_INPUT + TRANSFERRED_MODEL_OUTPUT
2012-07-14 19:00:00+00:00,27.2,13.693888854980441,12.560151965349245,19.48945560740139,32.04960757275063,0.02279020753740165,SCENARIO: ESIF training-window mean IT; not Forest City IT,SCENARIO_INPUT + TRANSFERRED_MODEL_OUTPUT
2012-07-14 20:00:00+00:00,27.8,13.549609374754896,11.890765794732202,19.48945560740139,31.380221402133593,0.02231421263742043,SCENARIO: ESIF training-window mean IT; not Forest City IT,SCENARIO_INPUT + TRANSFERRED_MODEL_OUTPUT
2012-07-14 21:00:00+00:00,27.2,13.328616332771091,11.964729691623317,19.48945560740139,31.454185299024708,0.022366807745070254,SCENARIO: ESIF training-window mean IT; not Forest City IT,SCENARIO_INPUT + TRANSFERRED_MODEL_OUTPUT
2012-07-14 22:00:00+00:00,23.9,13.989726257324214,15.403953998079867,19.48945560740139,34.89340960548125,0.024812411346733763,SCENARIO: ESIF training-window mean IT; not Forest City IT,SCENARIO_INPUT + TRANSFERRED_MODEL_OUTPUT
2012-07-14 23:00:00+00:00,24.4,13.05142822265622,13.52001931571535,19.48945560740139,33.00947492311674,0.023472761171593998,SCENARIO: ESIF training-window mean IT; not Forest City IT,SCENARIO_INPUT + TRANSFERRED_MODEL_OUTPUT
2012-07-15 00:00:00+00:00,23.3,14.767330932617185,17.14080061442423,19.48945560740139,36.63025622182562,0.026047468429952977,SCENARIO: ESIF training-window mean IT; not Forest City IT,SCENARIO_INPUT + TRANSFERRED_MODEL_OUTPUT
2012-07-15 01:00:00+00:00,25.53333333333333,14.657373046874888,15.369536358626736,19.48945560740139,34.85899196602813,0.02478793725155791,SCENARIO: ESIF training-window mean IT; not Forest City IT,SCENARIO_INPUT + TRANSFERRED_MODEL_OUTPUT
2012-07-15 02:00:00+00:00,20.95,14.128587338915615,17.701628465837437,19.48945560740139,37.19108407323883,0.026446268418297583,SCENARIO: ESIF training-window mean IT; not Forest City IT,SCENARIO_INPUT + TRANSFERRED_MODEL_OUTPUT
2012-07-15 03:00:00+00:00,17.8,15.58327636718738,22.372092457619686,19.48945560740139,41.861548065021076,0.029767396248866637,SCENARIO: ESIF training-window mean IT; not Forest City IT,SCENARIO_INPUT + TRANSFERRED_MODEL_OUTPUT
2012-07-15 04:00:00+00:00,16.8,15.116284179687408,22.23089253049472,19.48945560740139,41.72034813789611,0.029666990163202737,SCENARIO: ESIF training-window mean IT; not Forest City IT,SCENARIO_INPUT + TRANSFERRED_MODEL_OUTPUT
2012-07-15 05:00:00+00:00,14.4,13.704174804687442,21.453921704537176,19.48945560740139,40.94337731193856,0.029114492715803908,SCENARIO: ESIF training-window mean IT; not Forest City IT,SCENARIO_INPUT + TRANSFERRED_MODEL_OUTPUT
2012-07-15 06:00:00+00:00,12.8,12.429980468750053,20.476431271927858,19.48945560740139,39.96588687932925,0.0284194074554174,SCENARIO: ESIF training-window mean IT; not Forest City IT,SCENARIO_INPUT + TRANSFERRED_MODEL_OUTPUT
2012-07-15 07:00:00+00:00,12.2,11.89482421637642,20.048443157075212,19.48945560740139,39.5378987644766,0.028115068691240887,SCENARIO: ESIF training-window mean IT; not Forest City IT,SCENARIO_INPUT + TRANSFERRED_MODEL_OUTPUT
2012-07-15 08:00:00+00:00,12.2,11.536401367187464,19.508162465970884,19.48945560740139,38.99761807337227,0.027730879616514513,SCENARIO: ESIF training-window mean IT; not Forest City IT,SCENARIO_INPUT + TRANSFERRED_MODEL_OUTPUT
2012-07-15 09:00:00+00:00,10.6,9.904785156250014,18.20560277038364,19.48945560740139,37.69505837778503,0.02680464032559953,SCENARIO: ESIF training-window mean IT; not Forest City IT,SCENARIO_INPUT + TRANSFERRED_MODEL_OUTPUT
2012-07-15 10:00:00+00:00,10.52,10.099882812499892,18.52886527181031,19.48945560740139,38.0183208792117,0.02703450958312009,SCENARIO: ESIF training-window mean IT; not Forest City IT,SCENARIO_INPUT + TRANSFERRED_MODEL_OUTPUT
2012-07-15 11:00:00+00:00,10.133333333333333,9.652783203125036,18.162126996687117,19.48945560740139,37.6515826040885,0.026773725067022844,SCENARIO: ESIF training-window mean IT; not Forest City IT,SCENARIO_INPUT + TRANSFERRED_MODEL_OUTPUT
2012-07-15 12:00:00+00:00,10.6,10.24814453124998,18.684720617173216,19.48945560740139,38.17417622457461,0.027145337013957466,SCENARIO: ESIF training-window mean IT; not Forest City IT,SCENARIO_INPUT + TRANSFERRED_MODEL_OUTPUT
2012-07-15 13:00:00+00:00,12.8,12.127807617187509,20.009310826642107,19.48945560740139,39.498766434043496,0.02808724201879355,SCENARIO: ESIF training-window mean IT; not Forest City IT,SCENARIO_INPUT + TRANSFERRED_MODEL_OUTPUT
2012-07-15 14:00:00+00:00,16.1,14.016955566406038,20.832199843272498,19.48945560740139,40.32165545067389,0.028672391507026284,SCENARIO: ESIF training-window mean IT; not Forest City IT,SCENARIO_INPUT + TRANSFERRED_MODEL_OUTPUT
2012-07-15 15:00:00+00:00,19.4,14.843310546804641,19.985117637289594,19.48945560740139,39.47457324469099,0.02807003844445699,SCENARIO: ESIF training-window mean IT; not Forest City IT,SCENARIO_INPUT + TRANSFERRED_MODEL_OUTPUT
2012-07-15 16:00:00+00:00,22.2,14.970178222656344,18.262203255354688,19.48945560740139,37.751658862756074,0.026844888456447297,SCENARIO: ESIF training-window mean IT; not Forest City IT,SCENARIO_INPUT + TRANSFERRED_MODEL_OUTPUT
2012-07-15 17:00:00+00:00,24.4,15.432958984374974,17.521040786095924,19.48945560740139,37.01049639349731,0.026317854031610795,SCENARIO: ESIF training-window mean IT; not Forest City IT,SCENARIO_INPUT + TRANSFERRED_MODEL_OUTPUT
2012-07-15 18:00:00+00:00,26.1,15.236557006836009,15.965455633592043,19.48945560740139,35.45491124099343,0.025211690457308367,SCENARIO: ESIF training-window mean IT; not Forest City IT,SCENARIO_INPUT + TRANSFERRED_MODEL_OUTPUT
2012-07-15 19:00:00+00:00,27.2,14.707612609863187,14.260358477578487,19.48945560740139,33.749814084979874,0.023999210149436467,SCENARIO: ESIF training-window mean IT; not Forest City IT,SCENARIO_INPUT + TRANSFERRED_MODEL_OUTPUT
2012-07-15 20:00:00+00:00,27.2,14.28669738769526,13.545879288814962,19.48945560740139,33.035334896216355,0.023491149981894218,SCENARIO: ESIF training-window mean IT; not Forest City IT,SCENARIO_INPUT + TRANSFERRED_MODEL_OUTPUT
2012-07-16 00:00:00+00:00,23.9,10.997549438476526,10.734528119179345,19.48945560740139,30.223983726580734,0.021492021709540968,SCENARIO: ESIF training-window mean IT; not Forest City IT,SCENARIO_INPUT + TRANSFERRED_MODEL_OUTPUT
2012-07-16 01:00:00+00:00,22.8,11.632131958007866,12.448432683954106,19.48945560740139,31.937888291355495,0.02271076489202308,SCENARIO: ESIF training-window mean IT; not Forest City IT,SCENARIO_INPUT + TRANSFERRED_MODEL_OUTPUT
2012-07-16 02:00:00+00:00,18.9,10.699163818359384,13.782647774135498,19.48945560740139,33.27210338153689,0.023659514068927814,SCENARIO: ESIF training-window mean IT; not Forest City IT,SCENARIO_INPUT + TRANSFERRED_MODEL_OUTPUT
2012-07-16 03:00:00+00:00,16.1,10.267129515130161,15.070514125005662,19.48945560740139,34.559969732407055,0.024575305045467632,SCENARIO: ESIF training-window mean IT; not Forest City IT,SCENARIO_INPUT + TRANSFERRED_MODEL_OUTPUT
2012-07-16 04:00:00+00:00,13.9,9.57962646470992,15.59010554934521,19.48945560740139,35.0795611567466,0.02494478215586509,SCENARIO: ESIF training-window mean IT; not Forest City IT,SCENARIO_INPUT + TRANSFERRED_MODEL_OUTPUT
2012-07-16 05:00:00+00:00,13.3,8.816915893334766,14.969426343812817,19.48945560740139,34.45888195121421,0.024503422370846708,SCENARIO: ESIF training-window mean IT; not Forest City IT,SCENARIO_INPUT + TRANSFERRED_MODEL_OUTPUT
2012-07-16 06:00:00+00:00,11.7,8.397943115215998,15.480280926925058,19.48945560740139,34.969736534326444,0.02486668678661632,SCENARIO: ESIF training-window mean IT; not Forest City IT,SCENARIO_INPUT + TRANSFERRED_MODEL_OUTPUT
2012-07-16 07:00:00+00:00,11.1,7.849322509747251,15.180192602489782,19.48945560740139,34.66964820989117,0.02465329649227631,SCENARIO: ESIF training-window mean IT; not Forest City IT,SCENARIO_INPUT + TRANSFERRED_MODEL_OUTPUT
2012-07-16 08:00:00+00:00,9.4,7.081030273436173,15.348297591427874,19.48945560740139,34.83775319882926,0.02477283454207225,SCENARIO: ESIF training-window mean IT; not Forest City IT,SCENARIO_INPUT + TRANSFERRED_MODEL_OUTPUT
2012-07-16 09:00:00+00:00,8.3,6.285729980468235,15.13018012822576,19.48945560740139,34.61963573562715,0.02461773304066934,SCENARIO: ESIF training-window mean IT; not Forest City IT,SCENARIO_INPUT + TRANSFERRED_MODEL_OUTPUT
2012-07-16 10:00:00+00:00,5.0,3.930346679687508,14.734157277093898,19.48945560740139,34.22361288449529,0.024336124507823454,SCENARIO: ESIF training-window mean IT; not Forest City IT,SCENARIO_INPUT + TRANSFERRED_MODEL_OUTPUT
2012-07-16 11:00:00+00:00,3.9,3.369604492187515,14.884705148474485,19.48945560740139,34.37416075587588,0.024443177838360794,SCENARIO: ESIF training-window mean IT; not Forest City IT,SCENARIO_INPUT + TRANSFERRED_MODEL_OUTPUT
2012-07-16 12:00:00+00:00,4.4,3.861547851562498,15.042446682970876,19.48945560740139,34.531902290372265,0.02455534652249462,SCENARIO: ESIF training-window mean IT; not Forest City IT,SCENARIO_INPUT + TRANSFERRED_MODEL_OUTPUT
2012-07-16 13:00:00+00:00,7.8,5.814294433593312,14.921831829832755,19.48945560740139,34.411287437234144,0.02446957831054783,SCENARIO: ESIF training-window mean IT; not Forest City IT,SCENARIO_INPUT + TRANSFERRED_MODEL_OUTPUT
2012-07-16 14:00:00+00:00,11.7,8.397943115215998,15.480280926925058,19.48945560740139,34.969736534326444,0.02486668678661632,SCENARIO: ESIF training-window mean IT; not Forest City IT,SCENARIO_INPUT + TRANSFERRED_MODEL_OUTPUT
2012-07-16 15:00:00+00:00,14.4,9.55930175745922,15.22976277574859,19.48945560740139,34.71921838314998,0.02468854542734264,SCENARIO: ESIF training-window mean IT; not Forest City IT,SCENARIO_INPUT + TRANSFERRED_MODEL_OUTPUT
2012-07-16 16:00:00+00:00,16.1,10.003604125976501,14.70173466180777,19.48945560740139,34.19119026920916,0.02431306905762492,SCENARIO: ESIF training-window mean IT; not Forest City IT,SCENARIO_INPUT + TRANSFERRED_MODEL_OUTPUT
2012-07-16 17:00:00+00:00,17.2,10.937619018554681,15.286654028685234,19.48945560740139,34.77610963608662,0.024729000320855635,SCENARIO: ESIF training-window mean IT; not Forest City IT,SCENARIO_INPUT + TRANSFERRED_MODEL_OUTPUT
2012-07-16 18:00:00+00:00,18.3,11.376812744140604,15.183267703264882,19.48945560740139,34.67272331066627,0.02465548317068427,SCENARIO: ESIF training-window mean IT; not Forest City IT,SCENARIO_INPUT + TRANSFERRED_MODEL_OUTPUT
2012-07-16 19:00:00+00:00,21.1,12.254006958007864,14.58273201564867,19.48945560740139,34.072187623050056,0.024228447272559073,SCENARIO: ESIF training-window mean IT; not Forest City IT,SCENARIO_INPUT + TRANSFERRED_MODEL_OUTPUT
2012-07-16 20:00:00+00:00,21.7,12.48210144042973,14.519100074419438,19.48945560740139,34.00855568182082,0.024183199132052826,SCENARIO: ESIF training-window mean IT; not Forest City IT,SCENARIO_INPUT + TRANSFERRED_MODEL_OUTPUT
2012-07-16 21:00:00+00:00,21.1,12.251168823242239,14.578349725000724,19.48945560740139,34.067805332402116,0.02422533106237993,SCENARIO: ESIF training-window mean IT; not Forest City IT,SCENARIO_INPUT + TRANSFERRED_MODEL_OUTPUT
2012-07-16 22:00:00+00:00,22.2,12.671261596679752,14.466180961470322,19.48945560740139,33.95563656887171,0.024145568794019266,SCENARIO: ESIF training-window mean IT; not Forest City IT,SCENARIO_INPUT + TRANSFERRED_MODEL_OUTPUT
2012-07-16 23:00:00+00:00,22.8,12.656314086914026,14.022262418243418,19.48945560740139,33.51171802564481,0.02382990203563924,SCENARIO: ESIF training-window mean IT; not Forest City IT,SCENARIO_INPUT + TRANSFERRED_MODEL_OUTPUT
2012-07-17 00:00:00+00:00,22.8,13.567492675781317,15.482690262712854,19.48945560740139,34.97214587011425,0.02486840004511743,SCENARIO: ESIF training-window mean IT; not Forest City IT,SCENARIO_INPUT + TRANSFERRED_MODEL_OUTPUT
2012-07-17 01:00:00+00:00,23.9,13.066587829589814,13.898101163775571,19.48945560740139,33.38755677117696,0.023741612007407126,SCENARIO: ESIF training-window mean IT; not Forest City IT,SCENARIO_INPUT + TRANSFERRED_MODEL_OUTPUT
2012-07-17 02:00:00+00:00,22.8,13.352157592773413,15.13243421280627,19.48945560740139,34.621889820207656,0.024619335901337133,SCENARIO: ESIF training-window mean IT; not Forest City IT,SCENARIO_INPUT + TRANSFERRED_MODEL_OUTPUT
2012-07-17 03:00:00+00:00,20.6,12.750482177734405,15.704654324082666,19.48945560740139,35.19410993148406,0.025026236830263077,SCENARIO: ESIF training-window mean IT; not Forest City IT,SCENARIO_INPUT + TRANSFERRED_MODEL_OUTPUT
2012-07-17 04:00:00+00:00,19.4,12.295867919921898,15.822436202838738,19.48945560740139,35.31189181024013,0.02510999053785225,SCENARIO: ESIF training-window mean IT; not Forest City IT,SCENARIO_INPUT + TRANSFERRED_MODEL_OUTPUT
2012-07-17 05:00:00+00:00,18.3,11.870956418585228,15.925034609062667,19.48945560740139,35.41449021646406,0.02518294740528167,SCENARIO: ESIF training-window mean IT; not Forest City IT,SCENARIO_INPUT + TRANSFERRED_MODEL_OUTPUT
2012-07-17 06:00:00+00:00,17.8,12.201412963208176,16.771333470391603,19.48945560740139,36.26078907779299,0.025784743438027845,SCENARIO: ESIF training-window mean IT; not Forest City IT,SCENARIO_INPUT + TRANSFERRED_MODEL_OUTPUT
2012-07-17 07:00:00+00:00,17.8,12.201412963208176,16.771333470391603,19.48945560740139,36.26078907779299,0.025784743438027845,SCENARIO: ESIF training-window mean IT; not Forest City IT,SCENARIO_INPUT + TRANSFERRED_MODEL_OUTPUT
2012-07-17 08:00:00+00:00,17.2,11.969674682227781,16.82388419384598,19.48945560740139,36.313339801247366,0.025822111817376866,SCENARIO: ESIF training-window mean IT; not Forest City IT,SCENARIO_INPUT + TRANSFERRED_MODEL_OUTPUT
2012-07-17 09:00:00+00:00,16.1,11.844775390554425,17.377521346129832,19.48945560740139,36.86697695353122,0.026215798559790924,SCENARIO: ESIF training-window mean IT; not Forest City IT,SCENARIO_INPUT + TRANSFERRED_MODEL_OUTPUT
2012-07-17 10:00:00+00:00,15.6,11.649273681601048,17.418687793148987,19.48945560740139,36.90814340055037,0.02624507167550737,SCENARIO: ESIF training-window mean IT; not Forest City IT,SCENARIO_INPUT + TRANSFERRED_MODEL_OUTPUT
2012-07-17 11:00:00+00:00,15.6,11.650091552694807,17.419916954111905,19.48945560740139,36.909372561513294,0.026245945721574182,SCENARIO: ESIF training-window mean IT; not Forest City IT,SCENARIO_INPUT + TRANSFERRED_MODEL_OUTPUT
2012-07-17 12:00:00+00:00,13.9,10.977331542965011,17.559732471793676,19.48945560740139,37.04918807919506,0.026345367365277116,SCENARIO: ESIF training-window mean IT; not Forest City IT,SCENARIO_INPUT + TRANSFERRED_MODEL_OUTPUT
2012-07-17 13:00:00+00:00,12.8,10.214093017576605,17.195829717141805,19.48945560740139,36.685285324543194,0.026086599164040245,SCENARIO: ESIF training-window mean IT; not Forest City IT,SCENARIO_INPUT + TRANSFERRED_MODEL_OUTPUT
2012-07-17 14:00:00+00:00,16.7,12.338446044843034,17.729420803177597,19.48945560740139,37.218876410578986,0.026466031316626178,SCENARIO: ESIF training-window mean IT; not Forest City IT,SCENARIO_INPUT + TRANSFERRED_MODEL_OUTPUT
2012-07-17 15:00:00+00:00,18.9,13.789248657004851,18.55219831912164,19.48945560740139,38.041653926523026,0.02705110151765464,SCENARIO: ESIF training-window mean IT; not Forest City IT,SCENARIO_INPUT + TRANSFERRED_MODEL_OUTPUT
2012-07-17 16:00:00+00:00,20.0,14.186676024786387,18.456407108601518,19.48945560740139,37.94586271600291,0.02698298519008161,SCENARIO: ESIF training-window mean IT; not Forest City IT,SCENARIO_INPUT + TRANSFERRED_MODEL_OUTPUT
2012-07-17 17:00:00+00:00,21.7,14.78993835218419,18.300726219379605,19.48945560740139,37.790181826780994,0.02687228181354507,SCENARIO: ESIF training-window mean IT; not Forest City IT,SCENARIO_INPUT + TRANSFERRED_MODEL_OUTPUT
2012-07-17 18:00:00+00:00,21.7,14.78993835218419,18.300726219379605,19.48945560740139,37.790181826780994,0.02687228181354507,SCENARIO: ESIF training-window mean IT; not Forest City IT,SCENARIO_INPUT + TRANSFERRED_MODEL_OUTPUT
2012-07-17 19:00:00+00:00,23.3,14.759695434570308,17.127700834229167,19.48945560740139,36.617156441630556,0.026038153285963705,SCENARIO: ESIF training-window mean IT; not Forest City IT,SCENARIO_INPUT + TRANSFERRED_MODEL_OUTPUT
2012-07-17 20:00:00+00:00,24.4,14.63868713378919,16.143576105338703,19.48945560740139,35.63303171274009,0.025338350433052274,SCENARIO: ESIF training-window mean IT; not Forest City IT,SCENARIO_INPUT + TRANSFERRED_MODEL_OUTPUT
2012-08-03 16:00:00+00:00,18.9,11.171603393554705,14.469608761932797,19.48945560740139,33.959064369334186,0.02414800627422115,SCENARIO: ESIF training-window mean IT; not Forest City IT,SCENARIO_INPUT + TRANSFERRED_MODEL_OUTPUT
2012-08-03 17:00:00+00:00,21.1,12.285226440429739,14.630973538280887,19.48945560740139,34.12042914568228,0.02426275141529196,SCENARIO: ESIF training-window mean IT; not Forest City IT,SCENARIO_INPUT + TRANSFERRED_MODEL_OUTPUT
2012-08-03 18:00:00+00:00,23.9,13.344606018066415,14.345485764608235,19.48945560740139,33.834941372009624,0.024059743450323228,SCENARIO: ESIF training-window mean IT; not Forest City IT,SCENARIO_INPUT + TRANSFERRED_MODEL_OUTPUT
2012-08-03 19:00:00+00:00,25.0,13.946833801269522,14.552854723816203,19.48945560740139,34.04231033121759,0.024207201780551982,SCENARIO: ESIF training-window mean IT; not Forest City IT,SCENARIO_INPUT + TRANSFERRED_MODEL_OUTPUT
2012-08-03 20:00:00+00:00,27.8,14.138533020019478,12.864149285642927,19.48945560740139,32.35360489304432,0.0230063774859597,SCENARIO: ESIF training-window mean IT; not Forest City IT,SCENARIO_INPUT + TRANSFERRED_MODEL_OUTPUT
2012-08-03 21:00:00+00:00,28.3,14.926826477050824,13.842056610411632,19.48945560740139,33.33151221781302,0.02370175919486938,SCENARIO: ESIF training-window mean IT; not Forest City IT,SCENARIO_INPUT + TRANSFERRED_MODEL_OUTPUT
2012-08-03 22:00:00+00:00,29.4,14.877066040039043,12.95589704996048,19.48945560740139,32.445352657361866,0.023071618552800946,SCENARIO: ESIF training-window mean IT; not Forest City IT,SCENARIO_INPUT + TRANSFERRED_MODEL_OUTPUT
2012-08-03 23:00:00+00:00,29.4,14.337246703464828,12.035527616118394,19.48945560740139,31.524983223519783,0.022417151556263497,SCENARIO: ESIF training-window mean IT; not Forest City IT,SCENARIO_INPUT + TRANSFERRED_MODEL_OUTPUT
2012-08-04 00:00:00+00:00,29.4,13.990776061897723,11.455300565566374,19.48945560740139,30.944756172967764,0.022004556959874806,SCENARIO: ESIF training-window mean IT; not Forest City IT,SCENARIO_INPUT + TRANSFERRED_MODEL_OUTPUT
2012-08-04 01:00:00+00:00,28.3,13.742607116446722,11.845056728944805,19.48945560740139,31.334512336346194,0.022281709303541196,SCENARIO: ESIF training-window mean IT; not Forest City IT,SCENARIO_INPUT + TRANSFERRED_MODEL_OUTPUT
2012-08-04 02:00:00+00:00,26.1,12.925022887960388,12.107522659392396,19.48945560740139,31.596978266793784,0.022468346628594857,SCENARIO: ESIF training-window mean IT; not Forest City IT,SCENARIO_INPUT + TRANSFERRED_MODEL_OUTPUT
2012-08-04 03:00:00+00:00,22.2,11.806672668457034,13.13199617024806,19.48945560740139,32.62145177764945,0.02319684116245062,SCENARIO: ESIF training-window mean IT; not Forest City IT,SCENARIO_INPUT + TRANSFERRED_MODEL_OUTPUT
2012-08-04 04:00:00+00:00,20.6,10.989749145507815,13.031966431298063,19.48945560740139,32.521422038699455,0.023125710852807745,SCENARIO: ESIF training-window mean IT; not Forest City IT,SCENARIO_INPUT + TRANSFERRED_MODEL_OUTPUT
2012-08-04 05:00:00+00:00,19.4,10.28270874023437,12.846476784526537,19.48945560740139,32.335932391927926,0.022993810718418682,SCENARIO: ESIF training-window mean IT; not Forest City IT,SCENARIO_INPUT + TRANSFERRED_MODEL_OUTPUT
2012-08-04 06:00:00+00:00,18.3,9.824996948242202,12.962282217139098,19.48945560740139,32.45173782454049,0.02307615899170746,SCENARIO: ESIF training-window mean IT; not Forest City IT,SCENARIO_INPUT + TRANSFERRED_MODEL_OUTPUT
2012-08-04 07:00:00+00:00,17.8,9.613903808593776,13.013811624930083,19.48945560740139,32.503267232331474,0.02311280112204151,SCENARIO: ESIF training-window mean IT; not Forest City IT,SCENARIO_INPUT + TRANSFERRED_MODEL_OUTPUT
2012-08-04 08:00:00+00:00,16.7,9.14422912597653,13.127152269598067,19.48945560740139,32.61660787699945,0.023193396705264886,SCENARIO: ESIF training-window mean IT; not Forest City IT,SCENARIO_INPUT + TRANSFERRED_MODEL_OUTPUT
2012-08-04 09:00:00+00:00,10.0,5.678469848255528,13.357534794985677,19.48945560740139,32.846990402387064,0.023357219789671025,SCENARIO: ESIF training-window mean IT; not Forest City IT,SCENARIO_INPUT + TRANSFERRED_MODEL_OUTPUT
2012-08-04 10:00:00+00:00,8.9,4.948837280059815,13.286903725755346,19.48945560740139,32.776359333156734,0.023306994627859172,SCENARIO: ESIF training-window mean IT; not Forest City IT,SCENARIO_INPUT + TRANSFERRED_MODEL_OUTPUT
2012-08-04 11:00:00+00:00,8.9,4.948837280059815,13.286903725755346,19.48945560740139,32.776359333156734,0.023306994627859172,SCENARIO: ESIF training-window mean IT; not Forest City IT,SCENARIO_INPUT + TRANSFERRED_MODEL_OUTPUT
2012-08-04 12:00:00+00:00,7.2,3.867626953074672,13.284217544107914,19.48945560740139,32.7736731515093,0.02330508450658579,SCENARIO: ESIF training-window mean IT; not Forest City IT,SCENARIO_INPUT + TRANSFERRED_MODEL_OUTPUT
2012-08-04 13:00:00+00:00,10.6,5.967416381196448,13.287296708798081,19.48945560740139,32.77675231619947,0.023307274074809724,SCENARIO: ESIF training-window mean IT; not Forest City IT,SCENARIO_INPUT + TRANSFERRED_MODEL_OUTPUT
2012-08-04 14:00:00+00:00,15.0,8.218899536132747,13.067516697099013,19.48945560740139,32.556972304500405,0.023150990349094066,SCENARIO: ESIF training-window mean IT; not Forest City IT,SCENARIO_INPUT + TRANSFERRED_MODEL_OUTPUT
2012-08-04 15:00:00+00:00,18.9,10.080363464355504,12.905937458171529,19.48945560740139,32.39539306557292,0.023036092705479117,SCENARIO: ESIF training-window mean IT; not Forest City IT,SCENARIO_INPUT + TRANSFERRED_MODEL_OUTPUT
2012-08-04 16:00:00+00:00,21.7,11.052722167968703,12.359418265431252,19.48945560740139,31.84887387283264,0.022647467484485338,SCENARIO: ESIF training-window mean IT; not Forest City IT,SCENARIO_INPUT + TRANSFERRED_MODEL_OUTPUT
2012-08-04 17:00:00+00:00,25.0,12.351316833414327,11.991523777511828,19.48945560740139,31.48097938491322,0.022385860795151695,SCENARIO: ESIF training-window mean IT; not Forest City IT,SCENARIO_INPUT + TRANSFERRED_MODEL_OUTPUT
2012-08-04 18:00:00+00:00,26.7,12.81054687497894,11.495633110608152,19.48945560740139,30.985088718009543,0.02203323709487887,SCENARIO: ESIF training-window mean IT; not Forest City IT,SCENARIO_INPUT + TRANSFERRED_MODEL_OUTPUT
2012-08-04 19:00:00+00:00,29.4,13.993312072639927,11.459517770288395,19.48945560740139,30.948973377689782,0.02200755577883458,SCENARIO: ESIF training-window mean IT; not Forest City IT,SCENARIO_INPUT + TRANSFERRED_MODEL_OUTPUT
2012-08-04 20:00:00+00:00,31.1,14.75158538787501,11.493258001709961,19.48945560740139,30.98271360911135,0.02203154817483232,SCENARIO: ESIF training-window mean IT; not Forest City IT,SCENARIO_INPUT + TRANSFERRED_MODEL_OUTPUT
2012-08-04 21:00:00+00:00,31.7,14.961756896648334,11.41216510718021,19.48945560740139,30.901620714581597,0.02197388369666526,SCENARIO: ESIF training-window mean IT; not Forest City IT,SCENARIO_INPUT + TRANSFERRED_MODEL_OUTPUT
2012-08-04 22:00:00+00:00,33.3,15.851422117723908,11.788799145218007,19.48945560740139,31.278254752619397,0.022241705006896498,SCENARIO: ESIF training-window mean IT; not Forest City IT,SCENARIO_INPUT + TRANSFERRED_MODEL_OUTPUT
2012-08-04 23:00:00+00:00,33.9,15.716130065519867,11.098660717394853,19.48945560740139,30.588116324796243,0.021750953350611058,SCENARIO: ESIF training-window mean IT; not Forest City IT,SCENARIO_INPUT + TRANSFERRED_MODEL_OUTPUT
2012-08-05 00:00:00+00:00,33.3,15.19388732904666,10.6265979529346,19.48945560740139,30.116053560335992,0.021415273472212927,SCENARIO: ESIF training-window mean IT; not Forest City IT,SCENARIO_INPUT + TRANSFERRED_MODEL_OUTPUT
2012-08-05 01:00:00+00:00,32.2,14.80448150630216,10.77071333083603,19.48945560740139,30.26016893823742,0.021517752710507786,SCENARIO: ESIF training-window mean IT; not Forest City IT,SCENARIO_INPUT + TRANSFERRED_MODEL_OUTPUT
2012-08-05 02:00:00+00:00,30.0,14.017597961393575,11.061231155229141,19.48945560740139,30.55068676263053,0.0217243375024184,SCENARIO: ESIF training-window mean IT; not Forest City IT,SCENARIO_INPUT + TRANSFERRED_MODEL_OUTPUT
2012-08-05 03:00:00+00:00,27.2,12.984309387184762,11.411829689983914,19.48945560740139,30.901285297385304,0.02197364518430601,SCENARIO: ESIF training-window mean IT; not Forest City IT,SCENARIO_INPUT + TRANSFERRED_MODEL_OUTPUT
2012-08-05 04:00:00+00:00,24.4,12.106129455487327,12.03933894433671,19.48945560740139,31.5287945517381,0.022419861759840606,SCENARIO: ESIF training-window mean IT; not Forest City IT,SCENARIO_INPUT + TRANSFERRED_MODEL_OUTPUT
2012-08-05 05:00:00+00:00,23.9,12.080162048339883,12.353365215225836,19.48945560740139,31.842820822627225,0.022643163211177073,SCENARIO: ESIF training-window mean IT; not Forest City IT,SCENARIO_INPUT + TRANSFERRED_MODEL_OUTPUT
2012-08-05 06:00:00+00:00,22.2,11.243373107839174,12.290223394010379,19.48945560740139,31.77967900141177,0.022598263590907986,SCENARIO: ESIF training-window mean IT; not Forest City IT,SCENARIO_INPUT + TRANSFERRED_MODEL_OUTPUT
2012-08-05 07:00:00+00:00,20.0,10.143656921374456,12.23783610495655,19.48945560740139,31.72729171235794,0.02256101142839247,SCENARIO: ESIF training-window mean IT; not Forest City IT,SCENARIO_INPUT + TRANSFERRED_MODEL_OUTPUT
2012-08-05 08:00:00+00:00,15.0,7.990188598632767,12.77919346460615,19.48945560740139,32.26864907200754,0.022945966113104555,SCENARIO: ESIF training-window mean IT; not Forest City IT,SCENARIO_INPUT + TRANSFERRED_MODEL_OUTPUT
2012-08-05 09:00:00+00:00,14.4,7.7228057861328185,12.847269953880478,19.48945560740139,32.33672556128187,0.02299437473450367,SCENARIO: ESIF training-window mean IT; not Forest City IT,SCENARIO_INPUT + TRANSFERRED_MODEL_OUTPUT
2012-08-05 10:00:00+00:00,13.3,7.222711181640586,12.968930274296461,19.48945560740139,32.45838588169785,0.023080886369476215,SCENARIO: ESIF training-window mean IT; not Forest City IT,SCENARIO_INPUT + TRANSFERRED_MODEL_OUTPUT
2012-08-05 11:00:00+00:00,9.4,4.963055419490811,12.979659177065612,19.48945560740139,32.469114784467,0.023088515602383435,SCENARIO: ESIF training-window mean IT; not Forest City IT,SCENARIO_INPUT + TRANSFERRED_MODEL_OUTPUT
2012-08-05 12:00:00+00:00,8.3,4.165335082306735,12.874236329905138,19.48945560740139,32.36369193730653,0.02301355029865804,SCENARIO: ESIF training-window mean IT; not Forest City IT,SCENARIO_INPUT + TRANSFERRED_MODEL_OUTPUT
2012-08-05 13:00:00+00:00,15.0,7.992733764648391,12.782382348729584,19.48945560740139,32.27183795613097,0.022948233701898607,SCENARIO: ESIF training-window mean IT; not Forest City IT,SCENARIO_INPUT + TRANSFERRED_MODEL_OUTPUT
2012-08-05 14:00:00+00:00,19.4,10.28113403320312,12.844257358476213,19.48945560740139,32.3337129658776,0.022992232503141447,SCENARIO: ESIF training-window mean IT; not Forest City IT,SCENARIO_INPUT + TRANSFERRED_MODEL_OUTPUT
2012-08-05 15:00:00+00:00,23.9,11.919601440352746,12.10822012793489,19.48945560740139,31.59767573533628,0.022468842592634302,SCENARIO: ESIF training-window mean IT; not Forest City IT,SCENARIO_INPUT + TRANSFERRED_MODEL_OUTPUT
2012-08-05 16:00:00+00:00,26.1,12.767791747959194,11.858366495986457,19.48945560740139,31.34782210338785,0.02229117376741849,SCENARIO: ESIF training-window mean IT; not Forest City IT,SCENARIO_INPUT + TRANSFERRED_MODEL_OUTPUT
2012-08-05 17:00:00+00:00,29.4,14.146899413790958,11.715741757696724,19.48945560740139,31.205197365098115,0.022189754510467768,SCENARIO: ESIF training-window mean IT; not Forest City IT,SCENARIO_INPUT + TRANSFERRED_MODEL_OUTPUT
2012-08-05 18:00:00+00:00,30.0,14.362075805380684,11.638728781291725,19.48945560740139,31.128184388693114,0.02213499122791091,SCENARIO: ESIF training-window mean IT; not Forest City IT,SCENARIO_INPUT + TRANSFERRED_MODEL_OUTPUT
2012-08-05 19:00:00+00:00,33.3,15.698368834636177,11.515637591979546,19.48945560740139,31.005093199380937,0.022047462114049458,SCENARIO: ESIF training-window mean IT; not Forest City IT,SCENARIO_INPUT + TRANSFERRED_MODEL_OUTPUT
2012-08-05 20:00:00+00:00,33.9,15.407208251891952,10.551813917553613,19.48945560740139,30.041269524955002,0.02136209517095141,SCENARIO: ESIF training-window mean IT; not Forest City IT,SCENARIO_INPUT + TRANSFERRED_MODEL_OUTPUT
2012-08-05 21:00:00+00:00,35.0,15.781499481125929,10.38883406053918,19.48945560740139,29.87828966794057,0.02124620155954467,SCENARIO: ESIF training-window mean IT; not Forest City IT,SCENARIO_INPUT + TRANSFERRED_MODEL_OUTPUT
2012-08-05 22:00:00+00:00,34.4,15.44087982175695,10.236110148541119,19.48945560740139,29.725565755942508,0.02113760086474805,SCENARIO: ESIF training-window mean IT; not Forest City IT,SCENARIO_INPUT + TRANSFERRED_MODEL_OUTPUT
2012-08-05 23:00:00+00:00,32.8,17.274563598632795,14.77804862396674,19.48945560740139,34.26750423136813,0.024367335277005495,SCENARIO: ESIF training-window mean IT; not Forest City IT,SCENARIO_INPUT + TRANSFERRED_MODEL_OUTPUT
2012-08-06 00:00:00+00:00,32.2,17.994046020507806,16.599356090861857,19.48945560740139,36.08881169826324,0.0256624517637125,SCENARIO: ESIF training-window mean IT; not Forest City IT,SCENARIO_INPUT + TRANSFERRED_MODEL_OUTPUT
2012-08-06 01:00:00+00:00,29.4,17.10419616699219,16.96359313932071,19.48945560740139,36.453048746722104,0.025921457678475892,SCENARIO: ESIF training-window mean IT; not Forest City IT,SCENARIO_INPUT + TRANSFERRED_MODEL_OUTPUT
2012-08-06 02:00:00+00:00,26.15,16.743130493164003,18.64063528091163,19.48945560740139,38.13009088831302,0.027113988300545698,SCENARIO: ESIF training-window mean IT; not Forest City IT,SCENARIO_INPUT + TRANSFERRED_MODEL_OUTPUT
2012-08-06 03:00:00+00:00,22.4,15.539613340372505,19.11829873440903,19.48945560740139,38.60775434181042,0.027453650782013752,SCENARIO: ESIF training-window mean IT; not Forest City IT,SCENARIO_INPUT + TRANSFERRED_MODEL_OUTPUT
2012-08-06 04:00:00+00:00,22.2,15.241159055317944,18.73344456922416,19.48945560740139,38.22290017662555,0.027179984208209773,SCENARIO: ESIF training-window mean IT; not Forest City IT,SCENARIO_INPUT + TRANSFERRED_MODEL_OUTPUT
2012-08-06 05:00:00+00:00,18.966666666666665,15.821636962887816,21.99916434044441,19.48945560740139,41.4886199478458,0.029502210187924562,SCENARIO: ESIF training-window mean IT; not Forest City IT,SCENARIO_INPUT + TRANSFERRED_MODEL_OUTPUT
2012-08-06 06:00:00+00:00,19.133333333333333,15.269333902977792,20.907749655930104,19.48945560740139,40.39720526333149,0.028726114346096007,SCENARIO: ESIF training-window mean IT; not Forest City IT,SCENARIO_INPUT + TRANSFERRED_MODEL_OUTPUT
2012-08-06 07:00:00+00:00,18.3,15.096569824215045,21.176973558578766,19.48945560740139,40.666429165980155,0.028917557208585496,SCENARIO: ESIF training-window mean IT; not Forest City IT,SCENARIO_INPUT + TRANSFERRED_MODEL_OUTPUT
2012-08-06 08:00:00+00:00,18.3,14.804425048820104,20.67202520470612,19.48945560740139,40.16148081210751,0.028558492662964938,SCENARIO: ESIF training-window mean IT; not Forest City IT,SCENARIO_INPUT + TRANSFERRED_MODEL_OUTPUT
2012-08-06 09:00:00+00:00,16.7,14.235363769530721,20.792463941876207,19.48945560740139,40.281919549277596,0.028644135640321783,SCENARIO: ESIF training-window mean IT; not Forest City IT,SCENARIO_INPUT + TRANSFERRED_MODEL_OUTPUT
2012-08-06 10:00:00+00:00,15.0,12.966906738281091,19.860350408637288,19.48945560740139,39.34980601603868,0.02798131751305719,SCENARIO: ESIF training-window mean IT; not Forest City IT,SCENARIO_INPUT + TRANSFERRED_MODEL_OUTPUT
2012-08-06 11:00:00+00:00,15.0,12.622961425780662,19.316527510608534,19.48945560740139,38.80598311800992,0.027594609604651966,SCENARIO: ESIF training-window mean IT; not Forest City IT,SCENARIO_INPUT + TRANSFERRED_MODEL_OUTPUT
2012-08-06 12:00:00+00:00,16.1,12.436798095684608,18.2871257461696,19.48945560740139,37.77658135357099,0.026862610630946054,SCENARIO: ESIF training-window mean IT; not Forest City IT,SCENARIO_INPUT + TRANSFERRED_MODEL_OUTPUT
2012-08-06 13:00:00+00:00,17.2,12.289859008568087,17.31558550655494,19.48945560740139,36.80504111395633,0.02617175650296664,SCENARIO: ESIF training-window mean IT; not Forest City IT,SCENARIO_INPUT + TRANSFERRED_MODEL_OUTPUT
2012-08-06 14:00:00+00:00,20.6,13.816357421874999,17.425519882410192,19.48945560740139,36.91497548981158,0.02624992991696395,SCENARIO: ESIF training-window mean IT; not Forest City IT,SCENARIO_INPUT + TRANSFERRED_MODEL_OUTPUT
2012-08-06 15:00:00+00:00,24.4,14.669149780273568,16.195610979608418,19.48945560740139,35.68506658700981,0.025375351996366192,SCENARIO: ESIF training-window mean IT; not Forest City IT,SCENARIO_INPUT + TRANSFERRED_MODEL_OUTPUT
2012-08-06 16:00:00+00:00,27.2,15.643302917480531,15.892005335507484,19.48945560740139,35.38146094290887,0.02515946056546862,SCENARIO: ESIF training-window mean IT; not Forest City IT,SCENARIO_INPUT + TRANSFERRED_MODEL_OUTPUT
2012-08-06 17:00:00+00:00,28.9,16.012889099121118,15.321865858443909,19.48945560740139,34.811321465845296,0.024754039158106613,SCENARIO: ESIF training-window mean IT; not Forest City IT,SCENARIO_INPUT + TRANSFERRED_MODEL_OUTPUT
2012-08-06 18:00:00+00:00,31.1,15.906068420410186,13.51853167865469,19.48945560740139,33.00798728605608,0.023471703325338756,SCENARIO: ESIF training-window mean IT; not Forest City IT,SCENARIO_INPUT + TRANSFERRED_MODEL_OUTPUT
2012-08-06 19:00:00+00:00,32.2,15.69181060790999,12.32243550901748,19.48945560740139,31.81189111641887,0.022621169356120997,SCENARIO: ESIF training-window mean IT; not Forest City IT,SCENARIO_INPUT + TRANSFERRED_MODEL_OUTPUT
2012-08-06 20:00:00+00:00,32.8,15.361978149056716,11.293554922922274,19.48945560740139,30.783010530323665,0.021889540987970565,SCENARIO: ESIF training-window mean IT; not Forest City IT,SCENARIO_INPUT + TRANSFERRED_MODEL_OUTPUT
2012-08-06 21:00:00+00:00,34.4,15.593802642755184,10.506347680062955,19.48945560740139,29.995803287464344,0.02132976451024036,SCENARIO: ESIF training-window mean IT; not Forest City IT,SCENARIO_INPUT + TRANSFERRED_MODEL_OUTPUT
2012-08-06 22:00:00+00:00,35.0,15.962100982448899,10.712358069814247,19.48945560740139,30.201813677215636,0.021476256773106155,SCENARIO: ESIF training-window mean IT; not Forest City IT,SCENARIO_INPUT + TRANSFERRED_MODEL_OUTPUT
2012-08-06 23:00:00+00:00,35.0,15.960576629421539,10.709618064350522,19.48945560740139,30.19907367175191,0.021474308378167772,SCENARIO: ESIF training-window mean IT; not Forest City IT,SCENARIO_INPUT + TRANSFERRED_MODEL_OUTPUT
2012-08-07 00:00:00+00:00,33.9,15.909397887333071,11.44409517128741,19.48945560740139,30.933550778688797,0.021996588897845455,SCENARIO: ESIF training-window mean IT; not Forest City IT,SCENARIO_INPUT + TRANSFERRED_MODEL_OUTPUT
2012-08-07 01:00:00+00:00,32.8,17.479649353027405,15.166527126935739,19.48945560740139,34.65598273433713,0.02464357908705483,SCENARIO: ESIF training-window mean IT; not Forest City IT,SCENARIO_INPUT + TRANSFERRED_MODEL_OUTPUT
2012-08-07 05:00:00+00:00,23.3,15.614312744140673,18.618647700137792,19.48945560740139,38.10810330753918,0.027098353115998005,SCENARIO: ESIF training-window mean IT; not Forest City IT,SCENARIO_INPUT + TRANSFERRED_MODEL_OUTPUT
2012-08-07 06:00:00+00:00,20.6,14.41500244041363,18.42608105116223,19.48945560740139,37.915536658563624,0.026961420584609812,SCENARIO: ESIF training-window mean IT; not Forest City IT,SCENARIO_INPUT + TRANSFERRED_MODEL_OUTPUT
2012-08-07 07:00:00+00:00,17.8,13.079724120959579,18.150795200448233,19.48945560740139,37.640250807849625,0.026765667121618385,SCENARIO: ESIF training-window mean IT; not Forest City IT,SCENARIO_INPUT + TRANSFERRED_MODEL_OUTPUT
2012-08-07 08:00:00+00:00,16.1,12.4353088378721,18.28480755239463,19.48945560740139,37.77426315979602,0.026860962182766977,SCENARIO: ESIF training-window mean IT; not Forest City IT,SCENARIO_INPUT + TRANSFERRED_MODEL_OUTPUT
2012-08-07 09:00:00+00:00,15.0,11.687646484365622,17.87854913110873,19.48945560740139,37.36800473851012,0.02657207522170494,SCENARIO: ESIF training-window mean IT; not Forest City IT,SCENARIO_INPUT + TRANSFERRED_MODEL_OUTPUT
2012-08-07 10:00:00+00:00,13.9,11.252020263670289,17.9625146982182,19.48945560740139,37.45197030561959,0.026631782433285508,SCENARIO: ESIF training-window mean IT; not Forest City IT,SCENARIO_INPUT + TRANSFERRED_MODEL_OUTPUT
2012-08-07 11:00:00+00:00,12.8,10.809887695312351,18.04492163261834,19.48945560740139,37.53437724001973,0.026690381314199638,SCENARIO: ESIF training-window mean IT; not Forest City IT,SCENARIO_INPUT + TRANSFERRED_MODEL_OUTPUT
2012-08-07 12:00:00+00:00,13.3,11.012463378905746,18.00878679991796,19.48945560740139,37.49824240731935,0.026664686137286737,SCENARIO: ESIF training-window mean IT; not Forest City IT,SCENARIO_INPUT + TRANSFERRED_MODEL_OUTPUT
2012-08-07 13:00:00+00:00,13.9,11.253118896482789,17.964135999518053,19.48945560740139,37.453591606919446,0.026632935327061836,SCENARIO: ESIF training-window mean IT; not Forest City IT,SCENARIO_INPUT + TRANSFERRED_MODEL_OUTPUT
2012-08-07 14:00:00+00:00,18.3,13.849658203054524,19.06246164777462,19.48945560740139,38.55191725517601,0.027413945497329888,SCENARIO: ESIF training-window mean IT; not Forest City IT,SCENARIO_INPUT + TRANSFERRED_MODEL_OUTPUT
2012-08-07 15:00:00+00:00,22.2,15.235739133441154,18.72397003891087,19.48945560740139,38.21342564631226,0.027173246949050853,SCENARIO: ESIF training-window mean IT; not Forest City IT,SCENARIO_INPUT + TRANSFERRED_MODEL_OUTPUT
2012-08-07 16:00:00+00:00,25.0,15.94155273437504,17.99970404622374,19.48945560740139,37.48915965362513,0.026658227467200604,SCENARIO: ESIF training-window mean IT; not Forest City IT,SCENARIO_INPUT + TRANSFERRED_MODEL_OUTPUT
2012-08-07 17:00:00+00:00,28.9,15.998722839355493,15.296359141660153,19.48945560740139,34.785814749061544,0.024735901545414166,SCENARIO: ESIF training-window mean IT; not Forest City IT,SCENARIO_INPUT + TRANSFERRED_MODEL_OUTPUT
2012-08-07 18:00:00+00:00,31.1,15.888948059082061,13.487832713229995,19.48945560740139,32.97728832063139,0.023449873548121544,SCENARIO: ESIF training-window mean IT; not Forest City IT,SCENARIO_INPUT + TRANSFERRED_MODEL_OUTPUT
2012-08-07 19:00:00+00:00,31.7,14.336491394042472,10.344320519796119,19.48945560740139,29.83377612719751,0.021214548353512233,SCENARIO: ESIF training-window mean IT; not Forest City IT,SCENARIO_INPUT + TRANSFERRED_MODEL_OUTPUT
2012-08-07 20:00:00+00:00,33.3,16.621925354003842,13.18826469923086,19.48945560740139,32.67772030663225,0.023236853242175202,SCENARIO: ESIF training-window mean IT; not Forest City IT,SCENARIO_INPUT + TRANSFERRED_MODEL_OUTPUT
2012-08-07 21:00:00+00:00,33.9,16.815757751464798,13.098114474095777,19.48945560740139,32.58757008149716,0.023172748172067603,SCENARIO: ESIF training-window mean IT; not Forest City IT,SCENARIO_INPUT + TRANSFERRED_MODEL_OUTPUT
2012-08-07 22:00:00+00:00,33.3,16.408351135253685,12.7962860117768,19.48945560740139,32.28574161917819,0.022958120480251722,SCENARIO: ESIF training-window mean IT; not Forest City IT,SCENARIO_INPUT + TRANSFERRED_MODEL_OUTPUT
2012-08-07 23:00:00+00:00,33.3,17.013912963867128,13.915800089785563,19.48945560740139,33.40525569718695,0.023754197565468677,SCENARIO: ESIF training-window mean IT; not Forest City IT,SCENARIO_INPUT + TRANSFERRED_MODEL_OUTPUT
2012-08-08 00:00:00+00:00,31.7,17.365460205078172,15.766012741072181,19.48945560740139,35.25546834847357,0.02506986828672267,SCENARIO: ESIF training-window mean IT; not Forest City IT,SCENARIO_INPUT + TRANSFERRED_MODEL_OUTPUT
2012-08-08 01:00:00+00:00,28.3,16.256405639648506,16.19836988035789,19.48945560740139,35.687825487759284,0.02537731382758403,SCENARIO: ESIF training-window mean IT; not Forest City IT,SCENARIO_INPUT + TRANSFERRED_MODEL_OUTPUT
2012-08-08 02:00:00+00:00,26.1,15.514031982421894,16.453102352680713,19.48945560740139,35.9425579600821,0.025558451955330973,SCENARIO: ESIF training-window mean IT; not Forest City IT,SCENARIO_INPUT + TRANSFERRED_MODEL_OUTPUT
2012-08-08 03:00:00+00:00,24.4,15.159124755859313,17.04127534595246,19.48945560740139,36.53073095335385,0.025976696845042353,SCENARIO: ESIF training-window mean IT; not Forest City IT,SCENARIO_INPUT + TRANSFERRED_MODEL_OUTPUT
2012-08-08 04:00:00+00:00,23.3,14.264202880859415,16.286130073778033,19.48945560740139,35.77558568117942,0.025439719366155054,SCENARIO: ESIF training-window mean IT; not Forest City IT,SCENARIO_INPUT + TRANSFERRED_MODEL_OUTPUT
2012-08-08 05:00:00+00:00,22.2,13.866702270507837,16.395051795856013,19.48945560740139,35.8845074032574,0.02551717269053207,SCENARIO: ESIF training-window mean IT; not Forest City IT,SCENARIO_INPUT + TRANSFERRED_MODEL_OUTPUT
2012-08-08 06:00:00+00:00,21.1,12.961831665039114,15.692851333599556,19.48945560740139,35.182306941000945,0.02501784382257768,SCENARIO: ESIF training-window mean IT; not Forest City IT,SCENARIO_INPUT + TRANSFERRED_MODEL_OUTPUT
2012-08-08 07:00:00+00:00,17.8,11.463095092773411,15.652520957893653,19.48945560740139,35.14197656529504,0.02498916523017019,SCENARIO: ESIF training-window mean IT; not Forest City IT,SCENARIO_INPUT + TRANSFERRED_MODEL_OUTPUT
2012-08-08 08:00:00+00:00,18.9,11.89564819335931,15.552018531184878,19.48945560740139,35.04147413858627,0.024917698796220685,SCENARIO: ESIF training-window mean IT; not Forest City IT,SCENARIO_INPUT + TRANSFERRED_MODEL_OUTPUT
2012-08-08 09:00:00+00:00,18.9,12.931066893537078,17.162156049024034,19.48945560740139,36.65161165642542,0.02606265410065039,SCENARIO: ESIF training-window mean IT; not Forest City IT,SCENARIO_INPUT + TRANSFERRED_MODEL_OUTPUT
2012-08-08 10:00:00+00:00,15.6,11.107287597522276,16.614199357946553,19.48945560740139,36.10365496534794,0.025673006686627718,SCENARIO: ESIF training-window mean IT; not Forest City IT,SCENARIO_INPUT + TRANSFERRED_MODEL_OUTPUT
2012-08-08 11:00:00+00:00,15.0,10.572033691272516,16.241545156623303,19.48945560740139,35.73100076402469,0.02540801540495404,SCENARIO: ESIF training-window mean IT; not Forest City IT,SCENARIO_INPUT + TRANSFERRED_MODEL_OUTPUT
2012-08-08 12:00:00+00:00,13.9,10.418487548809622,16.75620120513524,19.48945560740139,36.24565681253663,0.025773983010933046,SCENARIO: ESIF training-window mean IT; not Forest City IT,SCENARIO_INPUT + TRANSFERRED_MODEL_OUTPUT
2012-08-08 13:00:00+00:00,14.4,10.624255371058867,16.716895309401444,19.48945560740139,36.20635091680283,0.02574603291765395,SCENARIO: ESIF training-window mean IT; not Forest City IT,SCENARIO_INPUT + TRANSFERRED_MODEL_OUTPUT
2012-08-08 14:00:00+00:00,17.8,12.22344665461702,16.80529466553995,19.48945560740139,36.29475027294134,0.02580889295948118,SCENARIO: ESIF training-window mean IT; not Forest City IT,SCENARIO_INPUT + TRANSFERRED_MODEL_OUTPUT
2012-08-08 15:00:00+00:00,20.6,11.414439392089811,13.657236000497283,19.48945560740139,33.146691607898674,0.02357033480698644,SCENARIO: ESIF training-window mean IT; not Forest City IT,SCENARIO_INPUT + TRANSFERRED_MODEL_OUTPUT
2012-08-08 16:00:00+00:00,23.3,13.124714660644589,14.414412393343925,19.48945560740139,33.90386800074531,0.024108756598773613,SCENARIO: ESIF training-window mean IT; not Forest City IT,SCENARIO_INPUT + TRANSFERRED_MODEL_OUTPUT
2012-08-08 17:00:00+00:00,25.6,13.12872772216793,12.790270177829514,19.48945560740139,32.2797257852309,0.022953842671112938,SCENARIO: ESIF training-window mean IT; not Forest City IT,SCENARIO_INPUT + TRANSFERRED_MODEL_OUTPUT
2012-08-08 18:00:00+00:00,26.7,13.172587585219407,12.07293146827595,19.48945560740139,31.56238707567734,0.022443749122284674,SCENARIO: ESIF training-window mean IT; not Forest City IT,SCENARIO_INPUT + TRANSFERRED_MODEL_OUTPUT
2012-08-08 19:00:00+00:00,28.3,12.288264465331068,9.52363728303693,19.48945560740139,29.01309289043832,0.020630967376873047,SCENARIO: ESIF training-window mean IT; not Forest City IT,SCENARIO_INPUT + TRANSFERRED_MODEL_OUTPUT
2012-08-08 20:00:00+00:00,30.0,13.095687866209627,9.555587614082128,19.48945560740139,29.045043221483517,0.020653686989703123,SCENARIO: ESIF training-window mean IT; not Forest City IT,SCENARIO_INPUT + TRANSFERRED_MODEL_OUTPUT
2012-08-08 21:00:00+00:00,31.7,13.725023651120122,9.325875865725882,19.48945560740139,28.815331473127273,0.020490340889226397,SCENARIO: ESIF training-window mean IT; not Forest City IT,SCENARIO_INPUT + TRANSFERRED_MODEL_OUTPUT
2012-08-08 22:00:00+00:00,31.7,13.858653259275346,9.54626434047365,19.48945560740139,29.035719947875037,0.020647057287920257,SCENARIO: ESIF training-window mean IT; not Forest City IT,SCENARIO_INPUT + TRANSFERRED_MODEL_OUTPUT
2012-08-08 23:00:00+00:00,31.1,13.952223205565776,10.14432051343397,19.48945560740139,29.633776120835357,0.021072330023938973,SCENARIO: ESIF training-window mean IT; not Forest City IT,SCENARIO_INPUT + TRANSFERRED_MODEL_OUTPUT
2012-08-09 00:00:00+00:00,30.0,13.903482055657298,10.871710203716699,19.48945560740139,30.361165811118088,0.02158957074098926,SCENARIO: ESIF training-window mean IT; not Forest City IT,SCENARIO_INPUT + TRANSFERRED_MODEL_OUTPUT
2012-08-09 01:00:00+00:00,28.3,13.76251983617363,11.87784432087439,19.48945560740139,31.367299928275777,0.022305024285574303,SCENARIO: ESIF training-window mean IT; not Forest City IT,SCENARIO_INPUT + TRANSFERRED_MODEL_OUTPUT
2012-08-09 02:00:00+00:00,25.6,12.956256103515656,12.514652403290516,19.48945560740139,32.00410801069191,0.022757853179869336,SCENARIO: ESIF training-window mean IT; not Forest City IT,SCENARIO_INPUT + TRANSFERRED_MODEL_OUTPUT
2012-08-09 03:00:00+00:00,22.8,12.699227905273403,14.08977127471125,19.48945560740139,33.579226882112636,0.023877907018103443,SCENARIO: ESIF training-window mean IT; not Forest City IT,SCENARIO_INPUT + TRANSFERRED_MODEL_OUTPUT
2012-08-09 04:00:00+00:00,20.0,11.861767578125079,14.74399618979062,19.48945560740139,34.23345179719201,0.02434312087624362,SCENARIO: ESIF training-window mean IT; not Forest City IT,SCENARIO_INPUT + TRANSFERRED_MODEL_OUTPUT
2012-08-09 05:00:00+00:00,15.6,9.562158203124962,14.430886077000034,19.48945560740139,33.92034168440142,0.024120470897258422,SCENARIO: ESIF training-window mean IT; not Forest City IT,SCENARIO_INPUT + TRANSFERRED_MODEL_OUTPUT
2012-08-09 06:00:00+00:00,13.9,8.831961058920198,14.591305754520713,19.48945560740139,34.0807613619221,0.02423454398646803,SCENARIO: ESIF training-window mean IT; not Forest City IT,SCENARIO_INPUT + TRANSFERRED_MODEL_OUTPUT
2012-08-09 07:00:00+00:00,13.3,8.569430541608366,14.647481352616598,19.48945560740139,34.13693696001799,0.024274489983817198,SCENARIO: ESIF training-window mean IT; not Forest City IT,SCENARIO_INPUT + TRANSFERRED_MODEL_OUTPUT
2012-08-09 08:00:00+00:00,12.2,8.352587890555377,15.094232628025429,19.48945560740139,34.58368823542682,0.02459217107432836,SCENARIO: ESIF training-window mean IT; not Forest City IT,SCENARIO_INPUT + TRANSFERRED_MODEL_OUTPUT
2012-08-09 09:00:00+00:00,11.1,7.587652587851752,14.857222300411173,19.48945560740139,34.34667790781256,0.024423635015265063,SCENARIO: ESIF training-window mean IT; not Forest City IT,SCENARIO_INPUT + TRANSFERRED_MODEL_OUTPUT
2012-08-09 10:00:00+00:00,8.9,6.575567626951543,15.077276780688841,19.48945560740139,34.56673238809023,0.02458011391328836,SCENARIO: ESIF training-window mean IT; not Forest City IT,SCENARIO_INPUT + TRANSFERRED_MODEL_OUTPUT
2012-08-09 11:00:00+00:00,9.4,6.808752441402566,15.026626542961212,19.48945560740139,34.5160821503626,0.024544096953423526,SCENARIO: ESIF training-window mean IT; not Forest City IT,SCENARIO_INPUT + TRANSFERRED_MODEL_OUTPUT
2012-08-09 12:00:00+00:00,9.4,6.808752441402566,15.026626542961212,19.48945560740139,34.5160821503626,0.024544096953423526,SCENARIO: ESIF training-window mean IT; not Forest City IT,SCENARIO_INPUT + TRANSFERRED_MODEL_OUTPUT
2012-08-09 13:00:00+00:00,8.9,6.3453735351526,14.812943137176921,19.48945560740139,34.30239874457831,0.02439214847311629,SCENARIO: ESIF training-window mean IT; not Forest City IT,SCENARIO_INPUT + TRANSFERRED_MODEL_OUTPUT
2012-08-09 14:00:00+00:00,14.4,9.047521971671962,14.542666934863744,19.48945560740139,34.032122542265135,0.024199957329148116,SCENARIO: ESIF training-window mean IT; not Forest City IT,SCENARIO_INPUT + TRANSFERRED_MODEL_OUTPUT
2012-08-09 15:00:00+00:00,18.9,10.730291748046884,13.827440695776692,19.48945560740139,33.31689630317808,0.023691365940377164,SCENARIO: ESIF training-window mean IT; not Forest City IT,SCENARIO_INPUT + TRANSFERRED_MODEL_OUTPUT
2012-08-09 16:00:00+00:00,21.7,11.062487792968703,12.373699738471053,19.48945560740139,31.863155345872443,0.022657622920360117,SCENARIO: ESIF training-window mean IT; not Forest City IT,SCENARIO_INPUT + TRANSFERRED_MODEL_OUTPUT
2012-08-09 17:00:00+00:00,23.9,11.743316650374652,11.841095943734025,19.48945560740139,31.330551551135414,0.022278892822348413,SCENARIO: ESIF training-window mean IT; not Forest City IT,SCENARIO_INPUT + TRANSFERRED_MODEL_OUTPUT
2012-08-09 18:00:00+00:00,26.7,13.010195922760236,11.812879347406746,19.48945560740139,31.302334954808135,0.022258828237007137,SCENARIO: ESIF training-window mean IT; not Forest City IT,SCENARIO_INPUT + TRANSFERRED_MODEL_OUTPUT
2012-08-09 19:00:00+00:00,27.8,13.417839050193711,11.676217898589691,19.48945560740139,31.16567350599108,0.022161649425259354,SCENARIO: ESIF training-window mean IT; not Forest City IT,SCENARIO_INPUT + TRANSFERRED_MODEL_OUTPUT
2012-08-09 20:00:00+00:00,28.3,13.756147765861018,11.867349343699422,19.48945560740139,31.356804951100813,0.022297561395198038,SCENARIO: ESIF training-window mean IT; not Forest City IT,SCENARIO_INPUT + TRANSFERRED_MODEL_OUTPUT
2012-08-09 21:00:00+00:00,28.3,13.597671508685618,11.607227061982364,19.48945560740139,31.096682669383753,0.022112590619129173,SCENARIO: ESIF training-window mean IT; not Forest City IT,SCENARIO_INPUT + TRANSFERRED_MODEL_OUTPUT
2012-08-09 22:00:00+00:00,30.0,13.891818237297917,10.852389336113015,19.48945560740139,30.341844943514403,0.021575831833843793,SCENARIO: ESIF training-window mean IT; not Forest City IT,SCENARIO_INPUT + TRANSFERRED_MODEL_OUTPUT
2012-08-09 23:00:00+00:00,30.6,13.610877990721896,9.94960865181677,19.48945560740139,29.43906425921816,0.02093387204980694,SCENARIO: ESIF training-window mean IT; not Forest City IT,SCENARIO_INPUT + TRANSFERRED_MODEL_OUTPUT
2012-08-10 00:00:00+00:00,31.1,13.624200439451608,9.603410635372306,19.48945560740139,29.092866242773695,0.020687693539636526,SCENARIO: ESIF training-window mean IT; not Forest City IT,SCENARIO_INPUT + TRANSFERRED_MODEL_OUTPUT
2012-08-10 01:00:00+00:00,29.4,13.312811279296607,10.343655417954468,19.48945560740139,29.833111025355855,0.021214075405162697,SCENARIO: ESIF training-window mean IT; not Forest City IT,SCENARIO_INPUT + TRANSFERRED_MODEL_OUTPUT
2012-08-10 02:00:00+00:00,26.7,12.657948303219225,11.254987411754591,19.48945560740139,30.74444301915598,0.021862115953772646,SCENARIO: ESIF training-window mean IT; not Forest City IT,SCENARIO_INPUT + TRANSFERRED_MODEL_OUTPUT
2012-08-10 03:00:00+00:00,22.8,10.74330139160156,11.140684563692885,19.48945560740139,30.630140171094276,0.02178083615577421,SCENARIO: ESIF training-window mean IT; not Forest City IT,SCENARIO_INPUT + TRANSFERRED_MODEL_OUTPUT
2012-08-10 04:00:00+00:00,21.7,12.031312561035072,13.822921723587395,19.48945560740139,33.31237733098878,0.023688152537098633,SCENARIO: ESIF training-window mean IT; not Forest City IT,SCENARIO_INPUT + TRANSFERRED_MODEL_OUTPUT
2012-08-10 05:00:00+00:00,19.4,11.121343994140595,14.052540531976728,19.48945560740139,33.541996139378114,0.023851432548743237,SCENARIO: ESIF training-window mean IT; not Forest City IT,SCENARIO_INPUT + TRANSFERRED_MODEL_OUTPUT
2012-08-10 06:00:00+00:00,18.9,10.920309448242193,14.102310768886536,19.48945560740139,33.59176637628792,0.02388682374739631,SCENARIO: ESIF training-window mean IT; not Forest City IT,SCENARIO_INPUT + TRANSFERRED_MODEL_OUTPUT
2012-08-10 07:00:00+00:00,13.9,8.15725402832032,13.722757319529416,19.48945560740139,33.2122129269308,0.023616926468225257,SCENARIO: ESIF training-window mean IT; not Forest City IT,SCENARIO_INPUT + TRANSFERRED_MODEL_OUTPUT
2012-08-10 08:00:00+00:00,11.7,7.163357543563941,13.951229977457375,19.48945560740139,33.44068558485876,0.023779391461875507,SCENARIO: ESIF training-window mean IT; not Forest City IT,SCENARIO_INPUT + TRANSFERRED_MODEL_OUTPUT
2012-08-10 09:00:00+00:00,8.3,4.8524902343070435,13.571671813153902,19.48945560740139,33.061127420555295,0.02350949082994559,SCENARIO: ESIF training-window mean IT; not Forest City IT,SCENARIO_INPUT + TRANSFERRED_MODEL_OUTPUT
2012-08-10 10:00:00+00:00,7.8,4.850897216778915,13.889800534608911,19.48945560740139,33.3792561420103,0.02373570949952244,SCENARIO: ESIF training-window mean IT; not Forest City IT,SCENARIO_INPUT + TRANSFERRED_MODEL_OUTPUT
2012-08-10 11:00:00+00:00,7.8,5.544781494139052,14.626729243385293,19.48945560740139,34.11618485078668,0.024259733332736625,SCENARIO: ESIF training-window mean IT; not Forest City IT,SCENARIO_INPUT + TRANSFERRED_MODEL_OUTPUT
2012-08-10 12:00:00+00:00,7.8,6.343603515624924,15.515843067816505,19.48945560740139,35.005298675217894,0.024891974727180046,SCENARIO: ESIF training-window mean IT; not Forest City IT,SCENARIO_INPUT + TRANSFERRED_MODEL_OUTPUT
2012-08-10 13:00:00+00:00,10.0,7.894323730468225,15.951363978367747,19.48945560740139,35.440819585769134,0.025201669999292516,SCENARIO: ESIF training-window mean IT; not Forest City IT,SCENARIO_INPUT + TRANSFERRED_MODEL_OUTPUT
2012-08-10 14:00:00+00:00,15.6,10.301766967118812,15.4556209842582,19.48945560740139,34.945076591659586,0.02484915130790687,SCENARIO: ESIF training-window mean IT; not Forest City IT,SCENARIO_INPUT + TRANSFERRED_MODEL_OUTPUT
2012-08-10 15:00:00+00:00,18.9,10.489196777343704,13.482235805095478,19.48945560740139,32.97169141249687,0.023445893633619815,SCENARIO: ESIF training-window mean IT; not Forest City IT,SCENARIO_INPUT + TRANSFERRED_MODEL_OUTPUT
2012-08-10 16:00:00+00:00,22.2,11.05533905027897,12.014059268269769,19.48945560740139,31.503514875671158,0.022401885593900474,SCENARIO: ESIF training-window mean IT; not Forest City IT,SCENARIO_INPUT + TRANSFERRED_MODEL_OUTPUT
2012-08-10 17:00:00+00:00,24.4,11.231718444824192,10.724055735232662,19.48945560740139,30.21351134263405,0.02148457488502012,SCENARIO: ESIF training-window mean IT; not Forest City IT,SCENARIO_INPUT + TRANSFERRED_MODEL_OUTPUT
2012-08-10 18:00:00+00:00,26.1,12.43133697509456,11.330878569391873,19.48945560740139,30.82033417679326,0.021916081520398735,SCENARIO: ESIF training-window mean IT; not Forest City IT,SCENARIO_INPUT + TRANSFERRED_MODEL_OUTPUT
2012-08-10 19:00:00+00:00,27.8,11.792796325681842,9.127865418471833,19.48945560740139,28.617321025873224,0.02034953731847284,SCENARIO: ESIF training-window mean IT; not Forest City IT,SCENARIO_INPUT + TRANSFERRED_MODEL_OUTPUT
2012-08-10 20:00:00+00:00,28.9,12.8029693603511,9.892782974207103,19.48945560740139,29.38223858160849,0.02089346378635978,SCENARIO: ESIF training-window mean IT; not Forest City IT,SCENARIO_INPUT + TRANSFERRED_MODEL_OUTPUT
2012-08-10 21:00:00+00:00,30.0,13.215000915526481,9.74717551701649,19.48945560740139,29.23663112441788,0.020789923542978178,SCENARIO: ESIF training-window mean IT; not Forest City IT,SCENARIO_INPUT + TRANSFERRED_MODEL_OUTPUT
2012-08-10 22:00:00+00:00,30.6,13.299371337888848,9.443023546041704,19.48945560740139,28.932479153443094,0.020573643623615964,SCENARIO: ESIF training-window mean IT; not Forest City IT,SCENARIO_INPUT + TRANSFERRED_MODEL_OUTPUT
2012-08-10 23:00:00+00:00,30.0,12.78573532104181,9.062424402969611,19.48945560740139,28.551880010371,0.02030300276040162,SCENARIO: ESIF training-window mean IT; not Forest City IT,SCENARIO_INPUT + TRANSFERRED_MODEL_OUTPUT
2012-08-11 00:00:00+00:00,30.0,12.636440277094913,8.827224574171819,19.48945560740139,28.316680181573208,0.02013575413188423,SCENARIO: ESIF training-window mean IT; not Forest City IT,SCENARIO_INPUT + TRANSFERRED_MODEL_OUTPUT
2012-08-11 01:00:00+00:00,29.4,12.40625839233037,8.90627416039742,19.48945560740139,28.39572976779881,0.020191965630628413,SCENARIO: ESIF training-window mean IT; not Forest City IT,SCENARIO_INPUT + TRANSFERRED_MODEL_OUTPUT
2012-08-11 02:00:00+00:00,25.6,11.516355895996014,10.292941565330047,19.48945560740139,29.782397172731436,0.021178013209277518,SCENARIO: ESIF training-window mean IT; not Forest City IT,SCENARIO_INPUT + TRANSFERRED_MODEL_OUTPUT
2012-08-11 03:00:00+00:00,22.8,10.943206787109393,11.430102911700354,19.48945560740139,30.91955851910174,0.021986639119234833,SCENARIO: ESIF training-window mean IT; not Forest City IT,SCENARIO_INPUT + TRANSFERRED_MODEL_OUTPUT
2012-08-11 04:00:00+00:00,16.7,8.144239807128884,11.829645203754504,19.48945560740139,31.31910081115589,0.022270750297046105,SCENARIO: ESIF training-window mean IT; not Forest City IT,SCENARIO_INPUT + TRANSFERRED_MODEL_OUTPUT
2012-08-11 05:00:00+00:00,14.4,6.91914978027345,11.877172915215159,19.48945560740139,31.366628522616548,0.022304546854632883,SCENARIO: ESIF training-window mean IT; not Forest City IT,SCENARIO_INPUT + TRANSFERRED_MODEL_OUTPUT
2012-08-11 06:00:00+00:00,11.1,4.946395874023446,11.85915877987247,19.48945560740139,31.34861438727386,0.02229173715385465,SCENARIO: ESIF training-window mean IT; not Forest City IT,SCENARIO_INPUT + TRANSFERRED_MODEL_OUTPUT
2012-08-11 07:00:00+00:00,12.2,4.917953491210939,11.109192900245846,19.48945560740139,30.598648507647233,0.021758442697631955,SCENARIO: ESIF training-window mean IT; not Forest City IT,SCENARIO_INPUT + TRANSFERRED_MODEL_OUTPUT
2012-08-11 08:00:00+00:00,7.2,2.1876586914062397,11.749150220786754,19.48945560740139,31.238605828188142,0.022213510988783422,SCENARIO: ESIF training-window mean IT; not Forest City IT,SCENARIO_INPUT + TRANSFERRED_MODEL_OUTPUT
2012-08-11 09:00:00+00:00,8.9,4.719161987027487,13.048690619134634,19.48945560740139,32.53814622653602,0.023137603282717367,SCENARIO: ESIF training-window mean IT; not Forest City IT,SCENARIO_INPUT + TRANSFERRED_MODEL_OUTPUT
2012-08-11 10:00:00+00:00,8.9,5.145202636588915,13.493426819031823,19.48945560740139,32.982882426433214,0.02345385146990796,SCENARIO: ESIF training-window mean IT; not Forest City IT,SCENARIO_INPUT + TRANSFERRED_MODEL_OUTPUT
2012-08-11 11:00:00+00:00,8.3,4.851611328057026,13.570759150913062,19.48945560740139,33.06021475831445,0.02350884184346945,SCENARIO: ESIF training-window mean IT; not Forest City IT,SCENARIO_INPUT + TRANSFERRED_MODEL_OUTPUT
2012-08-11 12:00:00+00:00,6.1,3.0423889158900677,13.203067412819994,19.48945560740139,32.69252302022139,0.023247379327839348,SCENARIO: ESIF training-window mean IT; not Forest City IT,SCENARIO_INPUT + TRANSFERRED_MODEL_OUTPUT
2012-08-11 13:00:00+00:00,8.9,3.6287872314452816,11.966957182770017,19.48945560740139,31.456412790171406,0.02236839169536998,SCENARIO: ESIF training-window mean IT; not Forest City IT,SCENARIO_INPUT + TRANSFERRED_MODEL_OUTPUT
2012-08-11 14:00:00+00:00,15.0,7.611236572265639,12.309336771863398,19.48945560740139,31.79879237926479,0.02261185495382943,SCENARIO: ESIF training-window mean IT; not Forest City IT,SCENARIO_INPUT + TRANSFERRED_MODEL_OUTPUT
2012-08-11 15:00:00+00:00,18.9,8.391380310058576,10.64616818177896,19.48945560740139,30.13562378918035,0.021429189698048298,SCENARIO: ESIF training-window mean IT; not Forest City IT,SCENARIO_INPUT + TRANSFERRED_MODEL_OUTPUT
2012-08-11 16:00:00+00:00,22.8,9.630395507812256,9.579360656098373,19.48945560740139,29.068816263499762,0.020670591800787494,SCENARIO: ESIF training-window mean IT; not Forest City IT,SCENARIO_INPUT + TRANSFERRED_MODEL_OUTPUT
2012-08-11 17:00:00+00:00,26.1,10.711936950680734,8.75599818442754,19.48945560740139,28.24545379182893,0.02008510564264057,SCENARIO: ESIF training-window mean IT; not Forest City IT,SCENARIO_INPUT + TRANSFERRED_MODEL_OUTPUT
2012-08-11 18:00:00+00:00,29.4,12.296537780756609,8.736116611483205,19.48945560740139,28.225572218884594,0.02007096802262314,SCENARIO: ESIF training-window mean IT; not Forest City IT,SCENARIO_INPUT + TRANSFERRED_MODEL_OUTPUT
2012-08-11 19:00:00+00:00,30.6,13.301873779295098,9.447066702580297,19.48945560740139,28.936522309981687,0.020576518678370116,SCENARIO: ESIF training-window mean IT; not Forest City IT,SCENARIO_INPUT + TRANSFERRED_MODEL_OUTPUT
2012-08-11 20:00:00+00:00,32.2,14.192055511473002,9.731109111456602,19.48945560740139,29.220564718857993,0.02077849885653674,SCENARIO: ESIF training-window mean IT; not Forest City IT,SCENARIO_INPUT + TRANSFERRED_MODEL_OUTPUT
2012-08-11 21:00:00+00:00,33.3,14.41812591552317,9.293416753636095,19.48945560740139,28.782872361037484,0.02046725948645643,SCENARIO: ESIF training-window mean IT; not Forest City IT,SCENARIO_INPUT + TRANSFERRED_MODEL_OUTPUT
2012-08-11 22:00:00+00:00,33.9,14.791685485836272,9.481668676519623,19.48945560740139,28.971124283921014,0.020601123852255352,SCENARIO: ESIF training-window mean IT; not Forest City IT,SCENARIO_INPUT + TRANSFERRED_MODEL_OUTPUT
2012-08-11 23:00:00+00:00,33.9,14.625448608393015,9.197089845515631,19.48945560740139,28.68654545291702,0.02039876222880613,SCENARIO: ESIF training-window mean IT; not Forest City IT,SCENARIO_INPUT + TRANSFERRED_MODEL_OUTPUT
2012-08-12 00:00:00+00:00,32.8,14.231560516354087,9.351594399415857,19.48945560740139,28.841050006817248,0.020508629123146944,SCENARIO: ESIF training-window mean IT; not Forest City IT,SCENARIO_INPUT + TRANSFERRED_MODEL_OUTPUT
2012-08-12 01:00:00+00:00,31.7,13.696573638913087,9.279112253411828,19.48945560740139,28.768567860813217,0.020457087676143623,SCENARIO: ESIF training-window mean IT; not Forest City IT,SCENARIO_INPUT + TRANSFERRED_MODEL_OUTPUT
2012-08-12 02:00:00+00:00,28.9,12.355343627927834,9.191627342041226,19.48945560740139,28.681082949442615,0.020394877888332608,SCENARIO: ESIF training-window mean IT; not Forest City IT,SCENARIO_INPUT + TRANSFERRED_MODEL_OUTPUT
2012-08-12 03:00:00+00:00,25.6,11.850357055664027,10.795673257647717,19.48945560740139,30.285128865049106,0.021535501505430328,SCENARIO: ESIF training-window mean IT; not Forest City IT,SCENARIO_INPUT + TRANSFERRED_MODEL_OUTPUT
2012-08-12 04:00:00+00:00,22.8,11.1237945556623,11.693901158964795,19.48945560740139,31.183356766366185,0.022174223843619136,SCENARIO: ESIF training-window mean IT; not Forest City IT,SCENARIO_INPUT + TRANSFERRED_MODEL_OUTPUT
2012-08-12 05:00:00+00:00,21.7,10.841433715806819,12.052020888009036,19.48945560740139,31.541476495410425,0.022428879783777837,SCENARIO: ESIF training-window mean IT; not Forest City IT,SCENARIO_INPUT + TRANSFERRED_MODEL_OUTPUT
2012-08-12 06:00:00+00:00,20.6,10.033761596679707,11.669563938999293,19.48945560740139,31.159019546400682,0.022156917850319896,SCENARIO: ESIF training-window mean IT; not Forest City IT,SCENARIO_INPUT + TRANSFERRED_MODEL_OUTPUT
2012-08-12 07:00:00+00:00,18.9,9.100904846191437,11.571731693336595,19.48945560740139,31.061187300737984,0.02208735015975015,SCENARIO: ESIF training-window mean IT; not Forest City IT,SCENARIO_INPUT + TRANSFERRED_MODEL_OUTPUT
2012-08-12 08:00:00+00:00,16.7,7.959432983398455,11.597335029529903,19.48945560740139,31.08679063693129,0.022105556477695566,SCENARIO: ESIF training-window mean IT; not Forest City IT,SCENARIO_INPUT + TRANSFERRED_MODEL_OUTPUT
2012-08-12 09:00:00+00:00,12.8,6.355584716796871,12.284087658859224,19.48945560740139,31.773543266260614,0.022593900521027274,SCENARIO: ESIF training-window mean IT; not Forest City IT,SCENARIO_INPUT + TRANSFERRED_MODEL_OUTPUT
2012-08-12 10:00:00+00:00,12.2,6.0722656249999964,12.358558065421596,19.48945560740139,31.848013672822987,0.022646855803462436,SCENARIO: ESIF training-window mean IT; not Forest City IT,SCENARIO_INPUT + TRANSFERRED_MODEL_OUTPUT
2012-08-12 11:00:00+00:00,11.1,5.350347900390634,12.286804201925134,19.48945560740139,31.776259809326525,0.022595832232051062,SCENARIO: ESIF training-window mean IT; not Forest City IT,SCENARIO_INPUT + TRANSFERRED_MODEL_OUTPUT
2012-08-12 12:00:00+00:00,10.0,4.81144104003906,12.433929417246514,19.48945560740139,31.923385024647903,0.0227004517405286,SCENARIO: ESIF training-window mean IT; not Forest City IT,SCENARIO_INPUT + TRANSFERRED_MODEL_OUTPUT
2012-08-12 13:00:00+00:00,10.6,5.304541015624977,12.563455760347676,19.48945560740139,32.05291136774906,0.022792556838356567,SCENARIO: ESIF training-window mean IT; not Forest City IT,SCENARIO_INPUT + TRANSFERRED_MODEL_OUTPUT
2012-08-12 14:00:00+00:00,17.2,8.786776733397401,12.316894672685507,19.48945560740139,31.806350280086896,0.02261722931380847,SCENARIO: ESIF training-window mean IT; not Forest City IT,SCENARIO_INPUT + TRANSFERRED_MODEL_OUTPUT
2012-08-12 15:00:00+00:00,20.6,10.231652832029855,11.946458498722775,19.48945560740139,31.435914106124166,0.022353815252815427,SCENARIO: ESIF training-window mean IT; not Forest City IT,SCENARIO_INPUT + TRANSFERRED_MODEL_OUTPUT
2012-08-12 16:00:00+00:00,23.9,11.38437347412112,11.303753181296312,19.48945560740139,30.7932087886977,0.021896792884092436,SCENARIO: ESIF training-window mean IT; not Forest City IT,SCENARIO_INPUT + TRANSFERRED_MODEL_OUTPUT
2012-08-12 17:00:00+00:00,26.7,12.653169250484849,11.247476611486904,19.48945560740139,30.736932218888292,0.0218567750866034,SCENARIO: ESIF training-window mean IT; not Forest City IT,SCENARIO_INPUT + TRANSFERRED_MODEL_OUTPUT
2012-08-12 18:00:00+00:00,28.3,13.402172851537012,11.288700584471098,19.48945560740139,30.778156191872487,0.021886089108551825,SCENARIO: ESIF training-window mean IT; not Forest City IT,SCENARIO_INPUT + TRANSFERRED_MODEL_OUTPUT
2012-08-12 19:00:00+00:00,31.1,14.27650604247166,10.686290056644724,19.48945560740139,30.17574566404611,0.021457720027254507,SCENARIO: ESIF training-window mean IT; not Forest City IT,SCENARIO_INPUT + TRANSFERRED_MODEL_OUTPUT
2012-08-12 20:00:00+00:00,32.2,14.666571044910347,10.534372094636371,19.48945560740139,30.02382770203776,0.021349692436745938,SCENARIO: ESIF training-window mean IT; not Forest City IT,SCENARIO_INPUT + TRANSFERRED_MODEL_OUTPUT
2012-08-12 21:00:00+00:00,33.9,15.714195251066702,11.095215457865429,19.48945560740139,30.584671065266818,0.021748503455412883,SCENARIO: ESIF training-window mean IT; not Forest City IT,SCENARIO_INPUT + TRANSFERRED_MODEL_OUTPUT
2012-08-12 22:00:00+00:00,35.6,15.973966216956395,10.2807818238738,19.48945560740139,29.77023743127519,0.021169366518962826,SCENARIO: ESIF training-window mean IT; not Forest City IT,SCENARIO_INPUT + TRANSFERRED_MODEL_OUTPUT
2012-08-12 23:00:00+00:00,36.1,15.542538452139139,9.132694758334374,19.48945560740139,28.622150365735763,0.020352971421604558,SCENARIO: ESIF training-window mean IT; not Forest City IT,SCENARIO_INPUT + TRANSFERRED_MODEL_OUTPUT
2012-08-13 00:00:00+00:00,35.0,15.299569702144417,9.536428204921393,19.48945560740139,29.025883812322782,0.020640062894304263,SCENARIO: ESIF training-window mean IT; not Forest City IT,SCENARIO_INPUT + TRANSFERRED_MODEL_OUTPUT
2012-08-13 01:00:00+00:00,33.9,15.390191650329394,10.52188098001352,19.48945560740139,30.01133658741491,0.021340810109747643,SCENARIO: ESIF training-window mean IT; not Forest City IT,SCENARIO_INPUT + TRANSFERRED_MODEL_OUTPUT
2012-08-13 02:00:00+00:00,31.1,14.408563232383784,10.909054300430032,19.48945560740139,30.39850990783142,0.021616125815414482,SCENARIO: ESIF training-window mean IT; not Forest City IT,SCENARIO_INPUT + TRANSFERRED_MODEL_OUTPUT
2012-08-13 03:00:00+00:00,27.8,13.391554260154468,11.633563045874311,19.48945560740139,31.1230186532757,0.02213131791671735,SCENARIO: ESIF training-window mean IT; not Forest City IT,SCENARIO_INPUT + TRANSFERRED_MODEL_OUTPUT
2012-08-13 04:00:00+00:00,26.1,12.758111572177881,11.843082015654382,19.48945560740139,31.33253762305577,0.022280305101458113,SCENARIO: ESIF training-window mean IT; not Forest City IT,SCENARIO_INPUT + TRANSFERRED_MODEL_OUTPUT
2012-08-13 05:00:00+00:00,24.4,12.106129455487327,12.03933894433671,19.48945560740139,31.5287945517381,0.022419861759840606,SCENARIO: ESIF training-window mean IT; not Forest City IT,SCENARIO_INPUT + TRANSFERRED_MODEL_OUTPUT
2012-08-13 06:00:00+00:00,22.8,11.479548644946664,12.220096868049975,19.48945560740139,31.709552475451364,0.022548397205589953,SCENARIO: ESIF training-window mean IT; not Forest City IT,SCENARIO_INPUT + TRANSFERRED_MODEL_OUTPUT
2012-08-13 07:00:00+00:00,21.1,10.798190307617183,12.40710968799711,19.48945560740139,31.8965652953985,0.022681380455667987,SCENARIO: ESIF training-window mean IT; not Forest City IT,SCENARIO_INPUT + TRANSFERRED_MODEL_OUTPUT
2012-08-13 08:00:00+00:00,15.0,8.40039062499996,13.298855936795771,19.48945560740139,32.78831154419716,0.023315493745033188,SCENARIO: ESIF training-window mean IT; not Forest City IT,SCENARIO_INPUT + TRANSFERRED_MODEL_OUTPUT
2012-08-13 09:00:00+00:00,15.0,8.634539794921897,13.600641196063595,19.48945560740139,33.09009680346499,0.023530090715521215,SCENARIO: ESIF training-window mean IT; not Forest City IT,SCENARIO_INPUT + TRANSFERRED_MODEL_OUTPUT
2012-08-13 10:00:00+00:00,14.4,8.573245239257815,13.921898621128696,19.48945560740139,33.41135422853009,0.02375853418003308,SCENARIO: ESIF training-window mean IT; not Forest City IT,SCENARIO_INPUT + TRANSFERRED_MODEL_OUTPUT
2012-08-13 11:00:00+00:00,12.2,7.143542479492444,13.599505444527184,19.48945560740139,33.08896105192857,0.02352928309211531,SCENARIO: ESIF training-window mean IT; not Forest City IT,SCENARIO_INPUT + TRANSFERRED_MODEL_OUTPUT
2012-08-13 12:00:00+00:00,11.7,7.159555053329247,13.946681419772586,19.48945560740139,33.43613702717398,0.023776157020598907,SCENARIO: ESIF training-window mean IT; not Forest City IT,SCENARIO_INPUT + TRANSFERRED_MODEL_OUTPUT
2012-08-13 13:00:00+00:00,13.9,8.606726073234558,14.297902721400256,19.48945560740139,33.787358328801645,0.024025907546794317,SCENARIO: ESIF training-window mean IT; not Forest City IT,SCENARIO_INPUT + TRANSFERRED_MODEL_OUTPUT
2012-08-13 14:00:00+00:00,18.9,11.161422729492205,14.454644566647776,19.48945560740139,33.94410017404917,0.02413736536027543,SCENARIO: ESIF training-window mean IT; not Forest City IT,SCENARIO_INPUT + TRANSFERRED_MODEL_OUTPUT
2012-08-13 15:00:00+00:00,22.8,12.451965332031238,13.702522260334423,19.48945560740139,33.191977867735815,0.023602537487095343,SCENARIO: ESIF training-window mean IT; not Forest City IT,SCENARIO_INPUT + TRANSFERRED_MODEL_OUTPUT
2012-08-13 16:00:00+00:00,25.6,14.155473327636681,14.473124157488577,19.48945560740139,33.962579764889966,0.02415050604256029,SCENARIO: ESIF training-window mean IT; not Forest City IT,SCENARIO_INPUT + TRANSFERRED_MODEL_OUTPUT
2012-08-13 17:00:00+00:00,28.9,14.91177520751955,13.38017141405207,19.48945560740139,32.86962702145346,0.023373316499913022,SCENARIO: ESIF training-window mean IT; not Forest City IT,SCENARIO_INPUT + TRANSFERRED_MODEL_OUTPUT
2012-08-13 18:00:00+00:00,30.6,14.573431396187825,11.556850467805853,19.48945560740139,31.04630607520724,0.022076768244901842,SCENARIO: ESIF training-window mean IT; not Forest City IT,SCENARIO_INPUT + TRANSFERRED_MODEL_OUTPUT
2012-08-13 19:00:00+00:00,32.8,15.022441101023894,10.70108516721753,19.48945560740139,30.190540774618917,0.021468240706477414,SCENARIO: ESIF training-window mean IT; not Forest City IT,SCENARIO_INPUT + TRANSFERRED_MODEL_OUTPUT
2012-08-13 20:00:00+00:00,33.9,15.107732391355928,10.027912880081239,19.48945560740139,29.517368487482628,0.02098955353074715,SCENARIO: ESIF training-window mean IT; not Forest City IT,SCENARIO_INPUT + TRANSFERRED_MODEL_OUTPUT
2012-08-13 21:00:00+00:00,35.6,16.14769210791797,10.594232928517208,19.48945560740139,30.083688535918597,0.02139225897439884,SCENARIO: ESIF training-window mean IT; not Forest City IT,SCENARIO_INPUT + TRANSFERRED_MODEL_OUTPUT
2012-08-13 22:00:00+00:00,35.6,16.288331603526398,10.849497205668495,19.48945560740139,30.338952813069884,0.021573775264105578,SCENARIO: ESIF training-window mean IT; not Forest City IT,SCENARIO_INPUT + TRANSFERRED_MODEL_OUTPUT
2012-08-13 23:00:00+00:00,35.6,16.144588470222622,10.588614988392244,19.48945560740139,30.078070595793633,0.021388264104224845,SCENARIO: ESIF training-window mean IT; not Forest City IT,SCENARIO_INPUT + TRANSFERRED_MODEL_OUTPUT
2012-08-14 00:00:00+00:00,35.6,16.285273742198196,10.84393273616149,19.48945560740139,30.33338834356288,0.02156981841644021,SCENARIO: ESIF training-window mean IT; not Forest City IT,SCENARIO_INPUT + TRANSFERRED_MODEL_OUTPUT
2012-08-14 01:00:00+00:00,33.3,15.358648681466708,10.91504196667451,19.48945560740139,30.404497574075897,0.021620383594735698,SCENARIO: ESIF training-window mean IT; not Forest City IT,SCENARIO_INPUT + TRANSFERRED_MODEL_OUTPUT
2012-08-14 02:00:00+00:00,30.0,14.702174377441345,12.216839041044492,19.48945560740139,31.706294648445883,0.022546080592089856,SCENARIO: ESIF training-window mean IT; not Forest City IT,SCENARIO_INPUT + TRANSFERRED_MODEL_OUTPUT
2012-08-14 03:00:00+00:00,27.2,13.1741439818387,11.715670809092577,19.48945560740139,31.205126416493968,0.022189704059509537,SCENARIO: ESIF training-window mean IT; not Forest City IT,SCENARIO_INPUT + TRANSFERRED_MODEL_OUTPUT
2012-08-14 04:00:00+00:00,24.4,11.91628265379186,11.749332588256696,19.48945560740139,31.238788195658085,0.022213640668764016,SCENARIO: ESIF training-window mean IT; not Forest City IT,SCENARIO_INPUT + TRANSFERRED_MODEL_OUTPUT
2012-08-14 05:00:00+00:00,18.3,9.259053039549688,12.193240520624304,19.48945560740139,31.682696128025693,0.022529299881850862,SCENARIO: ESIF training-window mean IT; not Forest City IT,SCENARIO_INPUT + TRANSFERRED_MODEL_OUTPUT
2012-08-14 06:00:00+00:00,16.1,8.095693969726565,12.173329609050322,19.48945560740139,31.66278521645171,0.02251514139937959,SCENARIO: ESIF training-window mean IT; not Forest City IT,SCENARIO_INPUT + TRANSFERRED_MODEL_OUTPUT
2012-08-14 07:00:00+00:00,16.1,7.871040344238281,11.891981299936944,19.48945560740139,31.381436907338333,0.022315076972991964,SCENARIO: ESIF training-window mean IT; not Forest City IT,SCENARIO_INPUT + TRANSFERRED_MODEL_OUTPUT
2012-08-14 08:00:00+00:00,12.8,6.3547668457031214,12.283154375482987,19.48945560740139,31.772609982884376,0.02259323687103445,SCENARIO: ESIF training-window mean IT; not Forest City IT,SCENARIO_INPUT + TRANSFERRED_MODEL_OUTPUT
2012-08-14 09:00:00+00:00,12.8,7.2205291748045815,13.296670485489928,19.48945560740139,32.786126092891315,0.02331393968891222,SCENARIO: ESIF training-window mean IT; not Forest City IT,SCENARIO_INPUT + TRANSFERRED_MODEL_OUTPUT
2012-08-14 10:00:00+00:00,12.2,6.714700317382779,13.093330229664431,19.48945560740139,32.58278583706582,0.023169346135919346,SCENARIO: ESIF training-window mean IT; not Forest City IT,SCENARIO_INPUT + TRANSFERRED_MODEL_OUTPUT
2012-08-14 11:00:00+00:00,8.9,4.9457977292784,13.28372764976431,19.48945560740139,32.7731832571657,0.0233047361468208,SCENARIO: ESIF training-window mean IT; not Forest City IT,SCENARIO_INPUT + TRANSFERRED_MODEL_OUTPUT
2012-08-14 12:00:00+00:00,6.1,2.8265136714367713,13.007186495202184,19.48945560740139,32.49664210260357,0.023108090047775833,SCENARIO: ESIF training-window mean IT; not Forest City IT,SCENARIO_INPUT + TRANSFERRED_MODEL_OUTPUT
2012-08-14 13:00:00+00:00,10.6,5.303173828124978,12.561993856732718,19.48945560740139,32.05144946413411,0.022791517290939055,SCENARIO: ESIF training-window mean IT; not Forest City IT,SCENARIO_INPUT + TRANSFERRED_MODEL_OUTPUT
2012-08-14 14:00:00+00:00,18.3,11.656408691406227,15.600924214656635,19.48945560740139,35.090379822058026,0.024952475218164384,SCENARIO: ESIF training-window mean IT; not Forest City IT,SCENARIO_INPUT + TRANSFERRED_MODEL_OUTPUT
2012-08-14 15:00:00+00:00,22.8,12.680215454101528,14.059846762634715,19.48945560740139,33.5493023700361,0.02385662794817625,SCENARIO: ESIF training-window mean IT; not Forest City IT,SCENARIO_INPUT + TRANSFERRED_MODEL_OUTPUT
2012-08-14 16:00:00+00:00,26.1,13.503085327148423,13.038070063592258,19.48945560740139,32.52752567099365,0.023130051094615724,SCENARIO: ESIF training-window mean IT; not Forest City IT,SCENARIO_INPUT + TRANSFERRED_MODEL_OUTPUT
2012-08-14 17:00:00+00:00,28.9,13.304777526855368,10.695086320065265,19.48945560740139,30.184541927466654,0.02146397497650631,SCENARIO: ESIF training-window mean IT; not Forest City IT,SCENARIO_INPUT + TRANSFERRED_MODEL_OUTPUT
2012-08-14 18:00:00+00:00,31.1,13.612188720701607,9.583742839175875,19.48945560740139,29.073198446577265,0.020673707934474202,SCENARIO: ESIF training-window mean IT; not Forest City IT,SCENARIO_INPUT + TRANSFERRED_MODEL_OUTPUT
2012-08-14 20:00:00+00:00,33.9,14.617843627924263,9.184116141886266,19.48945560740139,28.673571749287653,0.020389536736806865,SCENARIO: ESIF training-window mean IT; not Forest City IT,SCENARIO_INPUT + TRANSFERRED_MODEL_OUTPUT
2012-08-14 21:00:00+00:00,34.4,15.09194793700863,9.625477845895915,19.48945560740139,29.114933453297304,0.020703385348232406,SCENARIO: ESIF training-window mean IT; not Forest City IT,SCENARIO_INPUT + TRANSFERRED_MODEL_OUTPUT
2012-08-14 22:00:00+00:00,34.4,15.728327941694115,10.745395132592682,19.48945560740139,30.234850739994073,0.021499749151770626,SCENARIO: ESIF training-window mean IT; not Forest City IT,SCENARIO_INPUT + TRANSFERRED_MODEL_OUTPUT
2012-08-14 23:00:00+00:00,33.9,16.388426208495787,12.31128208631022,19.48945560740139,31.80073769371161,0.022613238250641036,SCENARIO: ESIF training-window mean IT; not Forest City IT,SCENARIO_INPUT + TRANSFERRED_MODEL_OUTPUT
2012-08-15 00:00:00+00:00,33.9,16.58848724365211,12.678094920366425,19.48945560740139,32.167550527767816,0.02287407578497113,SCENARIO: ESIF training-window mean IT; not Forest City IT,SCENARIO_INPUT + TRANSFERRED_MODEL_OUTPUT
2012-08-15 01:00:00+00:00,31.7,16.472109985351523,14.101783194725316,19.48945560740139,33.5912388021267,0.02388644859382857,SCENARIO: ESIF training-window mean IT; not Forest City IT,SCENARIO_INPUT + TRANSFERRED_MODEL_OUTPUT
2012-08-15 02:00:00+00:00,28.3,16.24101257324225,16.17039878471834,19.48945560740139,35.659854392119726,0.025357423815725786,SCENARIO: ESIF training-window mean IT; not Forest City IT,SCENARIO_INPUT + TRANSFERRED_MODEL_OUTPUT
2012-08-15 03:00:00+00:00,26.1,15.499334716796895,16.42714078585892,19.48945560740139,35.916596393260306,0.025539990902585734,SCENARIO: ESIF training-window mean IT; not Forest City IT,SCENARIO_INPUT + TRANSFERRED_MODEL_OUTPUT
2012-08-15 04:00:00+00:00,21.1,13.449609375000094,16.477783364543505,19.48945560740139,35.967238971944894,0.025576002416169204,SCENARIO: ESIF training-window mean IT; not Forest City IT,SCENARIO_INPUT + TRANSFERRED_MODEL_OUTPUT
2012-08-15 05:00:00+00:00,18.9,12.388980100226973,16.31004242207719,19.48945560740139,35.79949802947858,0.025456723236770548,SCENARIO: ESIF training-window mean IT; not Forest City IT,SCENARIO_INPUT + TRANSFERRED_MODEL_OUTPUT
2012-08-15 06:00:00+00:00,15.6,10.567404174416538,15.832786737097447,19.48945560740139,35.32224234449883,0.025117350716080438,SCENARIO: ESIF training-window mean IT; not Forest City IT,SCENARIO_INPUT + TRANSFERRED_MODEL_OUTPUT
2012-08-15 07:00:00+00:00,17.2,11.730914306036269,16.461783525888308,19.48945560740139,35.9512391332897,0.025564625064896207,SCENARIO: ESIF training-window mean IT; not Forest City IT,SCENARIO_INPUT + TRANSFERRED_MODEL_OUTPUT
2012-08-15 08:00:00+00:00,15.0,10.561560058459698,16.226579522285178,19.48945560740139,35.71603512968657,0.02539737346770971,SCENARIO: ESIF training-window mean IT; not Forest City IT,SCENARIO_INPUT + TRANSFERRED_MODEL_OUTPUT
2012-08-15 09:00:00+00:00,13.3,9.61448974605887,16.035438418232108,19.48945560740139,35.5248940256335,0.02526145462937731,SCENARIO: ESIF training-window mean IT; not Forest City IT,SCENARIO_INPUT + TRANSFERRED_MODEL_OUTPUT
2012-08-15 10:00:00+00:00,13.3,9.615295410121378,16.036537218739355,19.48945560740139,35.525992826140744,0.025262235977215827,SCENARIO: ESIF training-window mean IT; not Forest City IT,SCENARIO_INPUT + TRANSFERRED_MODEL_OUTPUT
2012-08-15 11:00:00+00:00,11.7,8.638525390615694,15.790370193932391,19.48945560740139,35.27982580133378,0.025087188667463886,SCENARIO: ESIF training-window mean IT; not Forest City IT,SCENARIO_INPUT + TRANSFERRED_MODEL_OUTPUT
2012-08-15 12:00:00+00:00,12.2,9.148883056632549,16.133236948791847,19.48945560740139,35.622692556193236,0.025330998345419697,SCENARIO: ESIF training-window mean IT; not Forest City IT,SCENARIO_INPUT + TRANSFERRED_MODEL_OUTPUT
2012-08-15 13:00:00+00:00,12.8,9.405609130840922,16.082413419839714,19.48945560740139,35.57186902724111,0.025294858159616393,SCENARIO: ESIF training-window mean IT; not Forest City IT,SCENARIO_INPUT + TRANSFERRED_MODEL_OUTPUT
2012-08-15 14:00:00+00:00,17.8,11.687078855830642,15.987999715128494,19.48945560740139,35.477455322529885,0.0252277213648878,SCENARIO: ESIF training-window mean IT; not Forest City IT,SCENARIO_INPUT + TRANSFERRED_MODEL_OUTPUT
2012-08-15 15:00:00+00:00,20.6,14.102130125362278,17.900099004093953,19.48945560740139,37.38955461149534,0.026587399155909842,SCENARIO: ESIF training-window mean IT; not Forest City IT,SCENARIO_INPUT + TRANSFERRED_MODEL_OUTPUT
2012-08-15 16:00:00+00:00,22.8,14.594708251953172,17.19712709036448,19.48945560740139,36.68658269776587,0.026087521715273707,SCENARIO: ESIF training-window mean IT; not Forest City IT,SCENARIO_INPUT + TRANSFERRED_MODEL_OUTPUT
2012-08-15 17:00:00+00:00,25.6,14.855520629882776,15.661812893896858,19.48945560740139,35.15126850129825,0.024995772648044392,SCENARIO: ESIF training-window mean IT; not Forest City IT,SCENARIO_INPUT + TRANSFERRED_MODEL_OUTPUT
2012-08-15 18:00:00+00:00,27.8,15.3691497802735,14.974633669987284,19.48945560740139,34.46408927738867,0.02450712525687929,SCENARIO: ESIF training-window mean IT; not Forest City IT,SCENARIO_INPUT + TRANSFERRED_MODEL_OUTPUT
2012-08-15 19:00:00+00:00,28.3,15.995007324218879,15.725573921840382,19.48945560740139,35.215029529241775,0.025041112581032105,SCENARIO: ESIF training-window mean IT; not Forest City IT,SCENARIO_INPUT + TRANSFERRED_MODEL_OUTPUT
2012-08-15 20:00:00+00:00,30.6,16.118721008300724,14.269525278712559,19.48945560740139,33.758980886113946,0.0240057285849532,SCENARIO: ESIF training-window mean IT; not Forest City IT,SCENARIO_INPUT + TRANSFERRED_MODEL_OUTPUT
2012-08-15 21:00:00+00:00,31.1,16.283001708984337,14.199495047450297,19.48945560740139,33.68895065485169,0.02395593067398857,SCENARIO: ESIF training-window mean IT; not Forest City IT,SCENARIO_INPUT + TRANSFERRED_MODEL_OUTPUT
2012-08-15 22:00:00+00:00,31.7,16.255078124999997,13.705705919464803,19.48945560740139,33.195161526866194,0.023604801360440596,SCENARIO: ESIF training-window mean IT; not Forest City IT,SCENARIO_INPUT + TRANSFERRED_MODEL_OUTPUT
2012-08-15 23:00:00+00:00,32.2,16.02800292968745,12.924406947559104,19.48945560740139,32.413862554960495,0.023049226204705193,SCENARIO: ESIF training-window mean IT; not Forest City IT,SCENARIO_INPUT + TRANSFERRED_MODEL_OUTPUT
2012-08-16 00:00:00+00:00,31.7,16.07050628662101,13.371399721176184,19.48945560740139,32.86085532857757,0.023367079022569747,SCENARIO: ESIF training-window mean IT; not Forest City IT,SCENARIO_INPUT + TRANSFERRED_MODEL_OUTPUT
2012-08-16 01:00:00+00:00,29.4,15.475675964355492,13.999784055494345,19.48945560740139,33.489239662895734,0.023813917860139134,SCENARIO: ESIF training-window mean IT; not Forest City IT,SCENARIO_INPUT + TRANSFERRED_MODEL_OUTPUT
2012-08-16 02:00:00+00:00,27.2,14.948985290527354,14.67553604371722,19.48945560740139,34.16499165111861,0.024294439439707712,SCENARIO: ESIF training-window mean IT; not Forest City IT,SCENARIO_INPUT + TRANSFERRED_MODEL_OUTPUT
2012-08-16 03:00:00+00:00,25.0,14.172071838378912,14.928446923409023,19.48945560740139,34.41790253081041,0.02447428224819013,SCENARIO: ESIF training-window mean IT; not Forest City IT,SCENARIO_INPUT + TRANSFERRED_MODEL_OUTPUT
2012-08-16 04:00:00+00:00,23.3,13.768630981445327,15.46120409691547,19.48945560740139,34.95065970431686,0.024853121412560266,SCENARIO: ESIF training-window mean IT; not Forest City IT,SCENARIO_INPUT + TRANSFERRED_MODEL_OUTPUT
2012-08-16 05:00:00+00:00,22.2,13.366534423828071,15.576138830981137,19.48945560740139,35.065594438382526,0.024934850539404228,SCENARIO: ESIF training-window mean IT; not Forest City IT,SCENARIO_INPUT + TRANSFERRED_MODEL_OUTPUT
2012-08-16 06:00:00+00:00,20.6,12.768475341796904,15.733060298993847,19.48945560740139,35.22251590639524,0.025046436081129365,SCENARIO: ESIF training-window mean IT; not Forest City IT,SCENARIO_INPUT + TRANSFERRED_MODEL_OUTPUT
2012-08-16 07:00:00+00:00,20.0,12.317025756835932,15.441872189865517,19.48945560740139,34.9313277972669,0.024839374655357006,SCENARIO: ESIF training-window mean IT; not Forest City IT,SCENARIO_INPUT + TRANSFERRED_MODEL_OUTPUT
2012-08-16 08:00:00+00:00,19.4,11.60759887695317,14.773846432269899,19.48945560740139,34.26330203967129,0.024364347133682195,SCENARIO: ESIF training-window mean IT; not Forest City IT,SCENARIO_INPUT + TRANSFERRED_MODEL_OUTPUT
2012-08-16 09:00:00+00:00,15.6,10.069909666978512,15.130358496818161,19.48945560740139,34.61981410421955,0.0246178598770816,SCENARIO: ESIF training-window mean IT; not Forest City IT,SCENARIO_INPUT + TRANSFERRED_MODEL_OUTPUT
2012-08-16 10:00:00+00:00,12.8,8.607214355335788,15.026721601544285,19.48945560740139,34.51617720894568,0.02454416454878586,SCENARIO: ESIF training-window mean IT; not Forest City IT,SCENARIO_INPUT + TRANSFERRED_MODEL_OUTPUT
2012-08-16 11:00:00+00:00,11.7,7.850836181562873,14.78983158061827,19.48945560740139,34.27928718801966,0.024375714038801035,SCENARIO: ESIF training-window mean IT; not Forest City IT,SCENARIO_INPUT + TRANSFERRED_MODEL_OUTPUT
2012-08-16 12:00:00+00:00,10.0,6.852825927716141,14.690423946558074,19.48945560740139,34.179879553959466,0.02430502610273532,SCENARIO: ESIF training-window mean IT; not Forest City IT,SCENARIO_INPUT + TRANSFERRED_MODEL_OUTPUT
2012-08-16 13:00:00+00:00,11.1,7.581927490195438,14.850208307464804,19.48945560740139,34.33966391486619,0.024418647423621365,SCENARIO: ESIF training-window mean IT; not Forest City IT,SCENARIO_INPUT + TRANSFERRED_MODEL_OUTPUT
2012-08-16 14:00:00+00:00,16.1,10.281228636227468,15.090378271624182,19.48945560740139,34.57983387902557,0.024589430273770717,SCENARIO: ESIF training-window mean IT; not Forest City IT,SCENARIO_INPUT + TRANSFERRED_MODEL_OUTPUT
2012-08-16 15:00:00+00:00,20.0,11.850341796875078,14.726663511737517,19.48945560740139,34.21611911913891,0.024330795754036974,SCENARIO: ESIF training-window mean IT; not Forest City IT,SCENARIO_INPUT + TRANSFERRED_MODEL_OUTPUT
2012-08-16 16:00:00+00:00,23.3,13.11553192138678,14.39968923403455,19.48945560740139,33.889144841435936,0.024098287083491553,SCENARIO: ESIF training-window mean IT; not Forest City IT,SCENARIO_INPUT + TRANSFERRED_MODEL_OUTPUT
2012-08-16 17:00:00+00:00,25.0,13.943373107910146,14.547110937709581,19.48945560740139,34.03656654511097,0.02420311742235436,SCENARIO: ESIF training-window mean IT; not Forest City IT,SCENARIO_INPUT + TRANSFERRED_MODEL_OUTPUT
2012-08-16 18:00:00+00:00,26.7,14.55393371582024,14.357856159393098,19.48945560740139,33.84731176679449,0.02406853993445573,SCENARIO: ESIF training-window mean IT; not Forest City IT,SCENARIO_INPUT + TRANSFERRED_MODEL_OUTPUT
2012-08-16 19:00:00+00:00,28.3,14.924748229980509,13.83846803921793,19.48945560740139,33.32792364661932,0.02369920739194694,SCENARIO: ESIF training-window mean IT; not Forest City IT,SCENARIO_INPUT + TRANSFERRED_MODEL_OUTPUT
2012-08-16 20:00:00+00:00,30.6,15.718484497070378,13.55127389176211,19.48945560740139,33.0407294991635,0.023494986038871457,SCENARIO: ESIF training-window mean IT; not Forest City IT,SCENARIO_INPUT + TRANSFERRED_MODEL_OUTPUT
2012-08-16 21:00:00+00:00,31.7,15.8782455444335,13.025642179501256,19.48945560740139,32.51509778690264,0.023121213730319085,SCENARIO: ESIF training-window mean IT; not Forest City IT,SCENARIO_INPUT + TRANSFERRED_MODEL_OUTPUT
2012-08-16 22:00:00+00:00,32.2,16.046264648437454,12.95732673478286,19.48945560740139,32.44678234218425,0.02307263518970488,SCENARIO: ESIF training-window mean IT; not Forest City IT,SCENARIO_INPUT + TRANSFERRED_MODEL_OUTPUT
2012-08-16 23:00:00+00:00,32.2,16.044604492187453,12.954333085246535,19.48945560740139,32.44378869264793,0.023070506430590682,SCENARIO: ESIF training-window mean IT; not Forest City IT,SCENARIO_INPUT + TRANSFERRED_MODEL_OUTPUT
2012-08-17 00:00:00+00:00,31.7,15.874986267089753,13.019802537231964,19.48945560740139,32.50925814463335,0.023117061209606958,SCENARIO: ESIF training-window mean IT; not Forest City IT,SCENARIO_INPUT + TRANSFERRED_MODEL_OUTPUT
2012-08-17 01:00:00+00:00,30.6,15.498828124999935,13.161737650980237,19.48945560740139,32.651193258381625,0.023217990080321684,SCENARIO: ESIF training-window mean IT; not Forest City IT,SCENARIO_INPUT + TRANSFERRED_MODEL_OUTPUT
2012-08-17 02:00:00+00:00,27.8,14.126863098144478,12.844630883332515,19.48945560740139,32.3340864907339,0.02299249811353858,SCENARIO: ESIF training-window mean IT; not Forest City IT,SCENARIO_INPUT + TRANSFERRED_MODEL_OUTPUT
2012-08-17 03:00:00+00:00,26.1,13.2983093261719,12.7058163425297,19.48945560740139,32.19527194993109,0.022893788256111342,SCENARIO: ESIF training-window mean IT; not Forest City IT,SCENARIO_INPUT + TRANSFERRED_MODEL_OUTPUT
2012-08-17 04:00:00+00:00,24.4,12.65971221923824,12.899041707630612,19.48945560740139,32.388497315032,0.023031189195019685,SCENARIO: ESIF training-window mean IT; not Forest City IT,SCENARIO_INPUT + TRANSFERRED_MODEL_OUTPUT
2012-08-17 05:00:00+00:00,19.4,10.50298156738282,13.158603560668453,19.48945560740139,32.64805916806984,0.023215761454948212,SCENARIO: ESIF training-window mean IT; not Forest City IT,SCENARIO_INPUT + TRANSFERRED_MODEL_OUTPUT
2012-08-17 06:00:00+00:00,16.7,9.372891235351574,13.433444447312986,19.48945560740139,32.922900054714376,0.023411198507716308,SCENARIO: ESIF training-window mean IT; not Forest City IT,SCENARIO_INPUT + TRANSFERRED_MODEL_OUTPUT
2012-08-17 07:00:00+00:00,16.7,9.567755126953134,13.69728359015388,19.48945560740139,33.18673919755527,0.02359881231260253,SCENARIO: ESIF training-window mean IT; not Forest City IT,SCENARIO_INPUT + TRANSFERRED_MODEL_OUTPUT
2012-08-17 08:00:00+00:00,15.0,8.839718627929692,13.86816736828061,19.48945560740139,33.357622975682,0.023720326336118834,SCENARIO: ESIF training-window mean IT; not Forest City IT,SCENARIO_INPUT + TRANSFERRED_MODEL_OUTPUT
2012-08-17 09:00:00+00:00,13.9,8.822683715169008,14.579152146216392,19.48945560740139,34.06860775361778,0.02422590165738631,SCENARIO: ESIF training-window mean IT; not Forest City IT,SCENARIO_INPUT + TRANSFERRED_MODEL_OUTPUT
2012-08-17 10:00:00+00:00,13.3,8.56128234824833,14.636952816853398,19.48945560740139,34.12640842425479,0.024267003230209885,SCENARIO: ESIF training-window mean IT; not Forest City IT,SCENARIO_INPUT + TRANSFERRED_MODEL_OUTPUT
2012-08-17 11:00:00+00:00,10.6,6.867572021407136,14.318309027400273,19.48945560740139,33.807764634801664,0.02404041830009314,SCENARIO: ESIF training-window mean IT; not Forest City IT,SCENARIO_INPUT + TRANSFERRED_MODEL_OUTPUT
2012-08-17 12:00:00+00:00,11.1,7.359814453055675,14.57981971409298,19.48945560740139,34.06927532149437,0.024226376359312636,SCENARIO: ESIF training-window mean IT; not Forest City IT,SCENARIO_INPUT + TRANSFERRED_MODEL_OUTPUT
2012-08-17 13:00:00+00:00,14.4,9.302691649791583,14.88301087868328,19.48945560740139,34.37246648608467,0.024441973057301357,SCENARIO: ESIF training-window mean IT; not Forest City IT,SCENARIO_INPUT + TRANSFERRED_MODEL_OUTPUT
2012-08-17 14:00:00+00:00,18.9,10.491101074218705,13.484946856266308,19.48945560740139,32.9744024636677,0.023447821439403008,SCENARIO: ESIF training-window mean IT; not Forest City IT,SCENARIO_INPUT + TRANSFERRED_MODEL_OUTPUT
2012-08-17 15:00:00+00:00,22.2,12.038328552246046,13.484465192154147,19.48945560740139,32.973920799555536,0.023447478932086666,SCENARIO: ESIF training-window mean IT; not Forest City IT,SCENARIO_INPUT + TRANSFERRED_MODEL_OUTPUT
2012-08-17 16:00:00+00:00,25.6,13.332493591308623,13.118516818589617,19.48945560740139,32.60797242599101,0.02318725610837256,SCENARIO: ESIF training-window mean IT; not Forest City IT,SCENARIO_INPUT + TRANSFERRED_MODEL_OUTPUT
2012-08-17 17:00:00+00:00,28.9,14.330859374999973,12.389172079564235,19.48945560740139,31.878627686965622,0.022668625172534426,SCENARIO: ESIF training-window mean IT; not Forest City IT,SCENARIO_INPUT + TRANSFERRED_MODEL_OUTPUT
2012-08-17 18:00:00+00:00,32.2,15.148760985989608,11.366386796566847,19.48945560740139,30.855842403968236,0.02194133112337019,SCENARIO: ESIF training-window mean IT; not Forest City IT,SCENARIO_INPUT + TRANSFERRED_MODEL_OUTPUT
2012-08-17 19:00:00+00:00,33.9,14.94463577270264,9.745170249354622,19.48945560740139,29.23462585675601,0.02078849761393745,SCENARIO: ESIF training-window mean IT; not Forest City IT,SCENARIO_INPUT + TRANSFERRED_MODEL_OUTPUT
2012-08-17 20:00:00+00:00,35.6,14.134699249049428,7.088709849581033,19.48945560740139,26.578165456982422,0.018899510870860982,SCENARIO: ESIF training-window mean IT; not Forest City IT,SCENARIO_INPUT + TRANSFERRED_MODEL_OUTPUT
2012-08-17 21:00:00+00:00,36.1,16.46509475657462,10.793655821284373,19.48945560740139,30.283111428685764,0.02153406692332789,SCENARIO: ESIF training-window mean IT; not Forest City IT,SCENARIO_INPUT + TRANSFERRED_MODEL_OUTPUT
2012-08-17 22:00:00+00:00,37.2,16.520003509404383,10.057730543612914,19.48945560740139,29.5471861510143,0.021010756621568923,SCENARIO: ESIF training-window mean IT; not Forest City IT,SCENARIO_INPUT + TRANSFERRED_MODEL_OUTPUT
2012-08-17 23:00:00+00:00,36.7,15.760786437976305,9.064673252955549,19.48945560740139,28.55412886035694,0.020304601898793056,SCENARIO: ESIF training-window mean IT; not Forest City IT,SCENARIO_INPUT + TRANSFERRED_MODEL_OUTPUT
2012-08-18 00:00:00+00:00,36.1,15.552755737295392,9.150771389162633,19.48945560740139,28.640226996564024,0.020365825562399197,SCENARIO: ESIF training-window mean IT; not Forest City IT,SCENARIO_INPUT + TRANSFERRED_MODEL_OUTPUT
2012-08-18 01:00:00+00:00,33.9,15.398699951110672,10.53684497559421,19.48945560740139,30.0263005829956,0.021351450881685288,SCENARIO: ESIF training-window mean IT; not Forest City IT,SCENARIO_INPUT + TRANSFERRED_MODEL_OUTPUT
2012-08-18 02:00:00+00:00,31.1,14.592556762560298,11.221415459251252,19.48945560740139,30.710871066652643,0.02183824321950437,SCENARIO: ESIF training-window mean IT; not Forest City IT,SCENARIO_INPUT + TRANSFERRED_MODEL_OUTPUT
2012-08-18 03:00:00+00:00,26.7,12.800390624978927,11.479567429318958,19.48945560740139,30.969023036720348,0.022021812923460254,SCENARIO: ESIF training-window mean IT; not Forest City IT,SCENARIO_INPUT + TRANSFERRED_MODEL_OUTPUT
2012-08-18 04:00:00+00:00,23.3,11.483554077133185,11.874558371183237,19.48945560740139,31.364013978584627,0.022302687674267945,SCENARIO: ESIF training-window mean IT; not Forest City IT,SCENARIO_INPUT + TRANSFERRED_MODEL_OUTPUT
2012-08-18 05:00:00+00:00,21.1,10.799374389648433,12.40882037616646,19.48945560740139,31.89827598356785,0.02268259691169862,SCENARIO: ESIF training-window mean IT; not Forest City IT,SCENARIO_INPUT + TRANSFERRED_MODEL_OUTPUT
2012-08-18 06:00:00+00:00,22.8,11.480836486743549,12.222017423433893,19.48945560740139,31.711473030835283,0.022549762896439278,SCENARIO: ESIF training-window mean IT; not Forest City IT,SCENARIO_INPUT + TRANSFERRED_MODEL_OUTPUT
2012-08-18 07:00:00+00:00,21.7,11.039904785156203,12.34068372107705,19.48945560740139,31.830139328478438,0.022634145506892266,SCENARIO: ESIF training-window mean IT; not Forest City IT,SCENARIO_INPUT + TRANSFERRED_MODEL_OUTPUT
2012-08-18 08:00:00+00:00,18.9,9.681948852527416,12.35531336813697,19.48945560740139,31.844768975538358,0.022644548526396878,SCENARIO: ESIF training-window mean IT; not Forest City IT,SCENARIO_INPUT + TRANSFERRED_MODEL_OUTPUT
2012-08-18 09:00:00+00:00,16.1,8.475030517578116,12.656224933940145,19.48945560740139,32.145680541341534,0.022858524220779157,SCENARIO: ESIF training-window mean IT; not Forest City IT,SCENARIO_INPUT + TRANSFERRED_MODEL_OUTPUT
2012-08-18 10:00:00+00:00,16.1,8.475030517578116,12.656224933940145,19.48945560740139,32.145680541341534,0.022858524220779157,SCENARIO: ESIF training-window mean IT; not Forest City IT,SCENARIO_INPUT + TRANSFERRED_MODEL_OUTPUT
2012-08-18 11:00:00+00:00,14.4,7.71955871582032,12.843261607350776,19.48945560740139,32.332717214752165,0.022991524432855317,SCENARIO: ESIF training-window mean IT; not Forest City IT,SCENARIO_INPUT + TRANSFERRED_MODEL_OUTPUT
2012-08-18 12:00:00+00:00,11.7,6.072445678710979,12.686792542534086,19.48945560740139,32.176248149935475,0.022880260591254104,SCENARIO: ESIF training-window mean IT; not Forest City IT,SCENARIO_INPUT + TRANSFERRED_MODEL_OUTPUT
2012-08-18 13:00:00+00:00,15.6,8.254861450195342,12.7110346334572,19.48945560740139,32.200490240858585,0.02289749893908798,SCENARIO: ESIF training-window mean IT; not Forest City IT,SCENARIO_INPUT + TRANSFERRED_MODEL_OUTPUT
2012-08-18 14:00:00+00:00,19.4,10.09869537353513,12.588271309750658,19.48945560740139,32.07772691715205,0.022810202967712905,SCENARIO: ESIF training-window mean IT; not Forest City IT,SCENARIO_INPUT + TRANSFERRED_MODEL_OUTPUT
2012-08-18 15:00:00+00:00,22.8,12.042805480956972,13.070894540701406,19.48945560740139,32.5603501481028,0.02315339230539112,SCENARIO: ESIF training-window mean IT; not Forest City IT,SCENARIO_INPUT + TRANSFERRED_MODEL_OUTPUT
2012-08-18 16:00:00+00:00,25.0,13.099375915527322,13.170746951719323,19.48945560740139,32.66020255912071,0.023224396518626574,SCENARIO: ESIF training-window mean IT; not Forest City IT,SCENARIO_INPUT + TRANSFERRED_MODEL_OUTPUT
2012-08-18 17:00:00+00:00,25.0,13.512268066406179,13.837997211099717,19.48945560740139,33.32745281850111,0.023698872590015147,SCENARIO: ESIF training-window mean IT; not Forest City IT,SCENARIO_INPUT + TRANSFERRED_MODEL_OUTPUT
2012-08-18 18:00:00+00:00,26.1,13.303179931640653,12.713685746368967,19.48945560740139,32.203141353770356,0.022899384123277123,SCENARIO: ESIF training-window mean IT; not Forest City IT,SCENARIO_INPUT + TRANSFERRED_MODEL_OUTPUT
2012-08-18 19:00:00+00:00,26.1,15.252853393554759,15.993950207837898,19.48945560740139,35.48340581523929,0.025231952710419545,SCENARIO: ESIF training-window mean IT; not Forest City IT,SCENARIO_INPUT + TRANSFERRED_MODEL_OUTPUT
2012-08-18 20:00:00+00:00,26.7,14.55141906738274,14.35357814964587,19.48945560740139,33.84303375704726,0.024065497877551755,SCENARIO: ESIF training-window mean IT; not Forest City IT,SCENARIO_INPUT + TRANSFERRED_MODEL_OUTPUT
2012-08-18 21:00:00+00:00,30.6,16.318844604492206,14.632765260024312,19.48945560740139,34.1222208674257,0.02426402549361848,SCENARIO: ESIF training-window mean IT; not Forest City IT,SCENARIO_INPUT + TRANSFERRED_MODEL_OUTPUT
2012-08-18 22:00:00+00:00,31.7,16.261328125,13.717066992920007,19.48945560740139,33.20652260032139,0.02361288012462839,SCENARIO: ESIF training-window mean IT; not Forest City IT,SCENARIO_INPUT + TRANSFERRED_MODEL_OUTPUT
2012-08-18 23:00:00+00:00,32.8,16.621354675292903,13.5598781755847,19.48945560740139,33.04933378298609,0.023501104473038943,SCENARIO: ESIF training-window mean IT; not Forest City IT,SCENARIO_INPUT + TRANSFERRED_MODEL_OUTPUT
2012-08-19 00:00:00+00:00,32.8,16.84075164794914,13.965780318137938,19.48945560740139,33.45523592553933,0.023789738087277933,SCENARIO: ESIF training-window mean IT; not Forest City IT,SCENARIO_INPUT + TRANSFERRED_MODEL_OUTPUT
2012-08-19 01:00:00+00:00,30.0,15.495001220703207,13.595197852153698,19.48945560740139,33.084653459555085,0.02352621999925355,SCENARIO: ESIF training-window mean IT; not Forest City IT,SCENARIO_INPUT + TRANSFERRED_MODEL_OUTPUT
2012-08-19 02:00:00+00:00,27.2,14.709544372558499,14.26366543948233,19.48945560740139,33.75312104688372,0.0240015617023513,SCENARIO: ESIF training-window mean IT; not Forest City IT,SCENARIO_INPUT + TRANSFERRED_MODEL_OUTPUT
2012-08-19 03:00:00+00:00,25.6,13.48964233398435,13.373605586468909,19.48945560740139,32.863061193870294,0.023368647594905822,SCENARIO: ESIF training-window mean IT; not Forest City IT,SCENARIO_INPUT + TRANSFERRED_MODEL_OUTPUT
2012-08-19 04:00:00+00:00,24.4,16.538580322265638,19.510226923966137,19.48945560740139,38.999682531367526,0.02773234763530561,SCENARIO: ESIF training-window mean IT; not Forest City IT,SCENARIO_INPUT + TRANSFERRED_MODEL_OUTPUT
2012-08-19 05:00:00+00:00,22.8,16.331799315416564,20.260407414822556,19.48945560740139,39.74986302222395,0.028265794699776498,SCENARIO: ESIF training-window mean IT; not Forest City IT,SCENARIO_INPUT + TRANSFERRED_MODEL_OUTPUT
2012-08-19 06:00:00+00:00,21.7,15.636386107742808,19.77893355290849,19.48945560740139,39.26838916030988,0.027923422668794586,SCENARIO: ESIF training-window mean IT; not Forest City IT,SCENARIO_INPUT + TRANSFERRED_MODEL_OUTPUT
2012-08-19 07:00:00+00:00,15.6,12.238427734365668,18.315956839282258,19.48945560740139,37.80541244668365,0.02688311217980515,SCENARIO: ESIF training-window mean IT; not Forest City IT,SCENARIO_INPUT + TRANSFERRED_MODEL_OUTPUT
2012-08-19 08:00:00+00:00,16.1,12.111651611288586,17.784594747409557,19.48945560740139,37.274050354810946,0.026505265046301314,SCENARIO: ESIF training-window mean IT; not Forest City IT,SCENARIO_INPUT + TRANSFERRED_MODEL_OUTPUT
2012-08-19 09:00:00+00:00,13.9,10.981604003902515,17.565957805597613,19.48945560740139,37.055413412999,0.026349794148009455,SCENARIO: ESIF training-window mean IT; not Forest City IT,SCENARIO_INPUT + TRANSFERRED_MODEL_OUTPUT
2012-08-19 10:00:00+00:00,13.9,11.248724365232789,17.957651289150984,19.48945560740139,37.44710689655237,0.026628324103827664,SCENARIO: ESIF training-window mean IT; not Forest City IT,SCENARIO_INPUT + TRANSFERRED_MODEL_OUTPUT
2012-08-19 11:00:00+00:00,13.9,11.248724365232789,17.957651289150984,19.48945560740139,37.44710689655237,0.026628324103827664,SCENARIO: ESIF training-window mean IT; not Forest City IT,SCENARIO_INPUT + TRANSFERRED_MODEL_OUTPUT
2012-08-19 12:00:00+00:00,12.8,10.536267089843253,17.651961767388343,19.48945560740139,37.14141737478973,0.026410950844976817,SCENARIO: ESIF training-window mean IT; not Forest City IT,SCENARIO_INPUT + TRANSFERRED_MODEL_OUTPUT
2012-08-19 13:00:00+00:00,12.2,9.969592285155784,17.24943571801165,19.48945560740139,36.738891325413036,0.026124717942321716,SCENARIO: ESIF training-window mean IT; not Forest City IT,SCENARIO_INPUT + TRANSFERRED_MODEL_OUTPUT
2012-08-19 14:00:00+00:00,17.8,12.764050292724765,17.648934930790567,19.48945560740139,37.138390538191956,0.02640879848682115,SCENARIO: ESIF training-window mean IT; not Forest City IT,SCENARIO_INPUT + TRANSFERRED_MODEL_OUTPUT
2012-08-19 15:00:00+00:00,21.1,13.460546875000095,16.495570348254994,19.48945560740139,35.98502595565638,0.02558865059132483,SCENARIO: ESIF training-window mean IT; not Forest City IT,SCENARIO_INPUT + TRANSFERRED_MODEL_OUTPUT
2012-08-19 16:00:00+00:00,25.0,14.38643493652349,15.289124228437416,19.48945560740139,34.778579835838805,0.024730756859212097,SCENARIO: ESIF training-window mean IT; not Forest City IT,SCENARIO_INPUT + TRANSFERRED_MODEL_OUTPUT
2012-08-19 17:00:00+00:00,27.8,14.516815185546843,13.501880684686839,19.48945560740139,32.99133629208823,0.023459862942976195,SCENARIO: ESIF training-window mean IT; not Forest City IT,SCENARIO_INPUT + TRANSFERRED_MODEL_OUTPUT
2012-08-19 18:00:00+00:00,29.4,14.692442321777303,12.638880911191984,19.48945560740139,32.12833651859337,0.022846191031454865,SCENARIO: ESIF training-window mean IT; not Forest City IT,SCENARIO_INPUT + TRANSFERRED_MODEL_OUTPUT
2012-08-19 19:00:00+00:00,31.1,15.089633178710812,12.076855598832902,19.48945560740139,31.56631120623429,0.02244653953866009,SCENARIO: ESIF training-window mean IT; not Forest City IT,SCENARIO_INPUT + TRANSFERRED_MODEL_OUTPUT
2012-08-19 20:00:00+00:00,31.7,15.134623717533309,11.712105192099502,19.48945560740139,31.20156079950089,0.022187168579126924,SCENARIO: ESIF training-window mean IT; not Forest City IT,SCENARIO_INPUT + TRANSFERRED_MODEL_OUTPUT
2012-08-19 21:00:00+00:00,33.3,15.838604734910367,11.765861937091039,19.48945560740139,31.255317544492428,0.022225394550290888,SCENARIO: ESIF training-window mean IT; not Forest City IT,SCENARIO_INPUT + TRANSFERRED_MODEL_OUTPUT
2012-08-19 22:00:00+00:00,33.9,15.885670470339761,11.401548880358533,19.48945560740139,30.891004487759922,0.021966334586680656,SCENARIO: ESIF training-window mean IT; not Forest City IT,SCENARIO_INPUT + TRANSFERRED_MODEL_OUTPUT
2012-08-19 23:00:00+00:00,32.8,15.327426147102884,11.23290394090801,19.48945560740139,30.7223595483094,0.021846412582597282,SCENARIO: ESIF training-window mean IT; not Forest City IT,SCENARIO_INPUT + TRANSFERRED_MODEL_OUTPUT
2012-08-20 00:00:00+00:00,31.1,14.585379028185239,11.209186642201697,19.48945560740139,30.698642249603086,0.021829547410113764,SCENARIO: ESIF training-window mean IT; not Forest City IT,SCENARIO_INPUT + TRANSFERRED_MODEL_OUTPUT
2012-08-20 01:00:00+00:00,28.9,14.308984374999971,12.352305442920256,19.48945560740139,31.841761050321644,0.02264240961596591,SCENARIO: ESIF training-window mean IT; not Forest City IT,SCENARIO_INPUT + TRANSFERRED_MODEL_OUTPUT
2012-08-20 02:00:00+00:00,25.6,13.495465087890597,13.38308968314151,19.48945560740139,32.8725452905429,0.023375391656622738,SCENARIO: ESIF training-window mean IT; not Forest City IT,SCENARIO_INPUT + TRANSFERRED_MODEL_OUTPUT
2012-08-20 03:00:00+00:00,23.3,12.637315368652343,13.64090306062145,19.48945560740139,33.130358668022836,0.02355872059022509,SCENARIO: ESIF training-window mean IT; not Forest City IT,SCENARIO_INPUT + TRANSFERRED_MODEL_OUTPUT
2012-08-20 04:00:00+00:00,22.8,12.680758666992151,14.060701405933553,19.48945560740139,33.55015701333494,0.023857235677868623,SCENARIO: ESIF training-window mean IT; not Forest City IT,SCENARIO_INPUT + TRANSFERRED_MODEL_OUTPUT
2012-08-20 05:00:00+00:00,20.0,11.354016113281233,13.982357264095779,19.48945560740139,33.471812871497164,0.023801525814720705,SCENARIO: ESIF training-window mean IT; not Forest City IT,SCENARIO_INPUT + TRANSFERRED_MODEL_OUTPUT
2012-08-20 06:00:00+00:00,14.4,8.574600219726566,13.92365022691595,19.48945560740139,33.413105834317335,0.023759779732239125,SCENARIO: ESIF training-window mean IT; not Forest City IT,SCENARIO_INPUT + TRANSFERRED_MODEL_OUTPUT
2012-08-20 07:00:00+00:00,13.3,8.34210815369992,14.355453149212163,19.48945560740139,33.84490875661355,0.024066831174040685,SCENARIO: ESIF training-window mean IT; not Forest City IT,SCENARIO_INPUT + TRANSFERRED_MODEL_OUTPUT
2012-08-20 08:00:00+00:00,10.0,6.119519042837801,13.847074205964862,19.48945560740139,33.336529813366255,0.023705327165046156,SCENARIO: ESIF training-window mean IT; not Forest City IT,SCENARIO_INPUT + TRANSFERRED_MODEL_OUTPUT
2012-08-20 09:00:00+00:00,12.2,7.852682494898614,14.464094740547512,19.48945560740139,33.953550347948905,0.024144085299792648,SCENARIO: ESIF training-window mean IT; not Forest City IT,SCENARIO_INPUT + TRANSFERRED_MODEL_OUTPUT
2012-08-20 10:00:00+00:00,8.9,5.8503723144350595,14.256793456841134,19.48945560740139,33.74624906424252,0.023996675093046305,SCENARIO: ESIF training-window mean IT; not Forest City IT,SCENARIO_INPUT + TRANSFERRED_MODEL_OUTPUT
2012-08-20 11:00:00+00:00,9.4,6.573797607413961,14.753120744025546,19.48945560740139,34.24257635142693,0.024349609270344175,SCENARIO: ESIF training-window mean IT; not Forest City IT,SCENARIO_INPUT + TRANSFERRED_MODEL_OUTPUT
2012-08-20 12:00:00+00:00,10.0,7.080029296865804,14.959178029247742,19.48945560740139,34.448633636649134,0.024496134880186596,SCENARIO: ESIF training-window mean IT; not Forest City IT,SCENARIO_INPUT + TRANSFERRED_MODEL_OUTPUT
2012-08-20 13:00:00+00:00,11.1,7.358056640555642,14.577693291095422,19.48945560740139,34.06714889849681,0.02422486427772734,SCENARIO: ESIF training-window mean IT; not Forest City IT,SCENARIO_INPUT + TRANSFERRED_MODEL_OUTPUT
2012-08-20 14:00:00+00:00,15.6,9.097531127929711,13.80625648141793,19.48945560740139,33.29571208881932,0.023676302022959235,SCENARIO: ESIF training-window mean IT; not Forest City IT,SCENARIO_INPUT + TRANSFERRED_MODEL_OUTPUT
2012-08-20 15:00:00+00:00,19.4,10.690139770507791,13.42641204910177,19.48945560740139,32.91586765650316,0.023406197828242915,SCENARIO: ESIF training-window mean IT; not Forest City IT,SCENARIO_INPUT + TRANSFERRED_MODEL_OUTPUT
2012-08-20 16:00:00+00:00,22.8,11.864636230468719,12.799426415955534,19.48945560740139,32.28888202335692,0.022960353595363105,SCENARIO: ESIF training-window mean IT; not Forest City IT,SCENARIO_INPUT + TRANSFERRED_MODEL_OUTPUT
2012-08-20 17:00:00+00:00,26.7,12.286436462402254,10.675770942008459,19.48945560740139,30.165226549409848,0.02145023997293166,SCENARIO: ESIF training-window mean IT; not Forest City IT,SCENARIO_INPUT + TRANSFERRED_MODEL_OUTPUT
2012-08-20 18:00:00+00:00,28.3,12.744503784179457,10.236328260412588,19.48945560740139,29.725783867813977,0.021137755962273217,SCENARIO: ESIF training-window mean IT; not Forest City IT,SCENARIO_INPUT + TRANSFERRED_MODEL_OUTPUT
2012-08-20 19:00:00+00:00,30.0,13.069155883787747,9.513115867200796,19.48945560740139,29.002571474602185,0.020623485686186244,SCENARIO: ESIF training-window mean IT; not Forest City IT,SCENARIO_INPUT + TRANSFERRED_MODEL_OUTPUT
2012-08-20 20:00:00+00:00,32.2,14.01552810668695,9.43620876208764,19.48945560740139,28.925664369489027,0.020568797687818368,SCENARIO: ESIF training-window mean IT; not Forest City IT,SCENARIO_INPUT + TRANSFERRED_MODEL_OUTPUT
2012-08-20 21:00:00+00:00,32.8,14.093830871577211,9.120953860044978,19.48945560740139,28.610409467446367,0.020344622567158105,SCENARIO: ESIF training-window mean IT; not Forest City IT,SCENARIO_INPUT + TRANSFERRED_MODEL_OUTPUT
2012-08-20 22:00:00+00:00,32.8,14.389997100827951,9.61851365863764,19.48945560740139,29.107969266039028,0.0206984331729964,SCENARIO: ESIF training-window mean IT; not Forest City IT,SCENARIO_INPUT + TRANSFERRED_MODEL_OUTPUT
2012-08-20 23:00:00+00:00,32.2,14.315802001952067,9.939105028143102,19.48945560740139,29.428560635544493,0.02092640301097786,SCENARIO: ESIF training-window mean IT; not Forest City IT,SCENARIO_INPUT + TRANSFERRED_MODEL_OUTPUT
2012-08-21 00:00:00+00:00,31.1,14.265336608877902,10.667503249968641,19.48945560740139,30.15695885737003,0.021444360886362028,SCENARIO: ESIF training-window mean IT; not Forest City IT,SCENARIO_INPUT + TRANSFERRED_MODEL_OUTPUT
2012-08-21 01:00:00+00:00,28.9,13.465324401850172,10.955405638452941,19.48945560740139,30.44486124585433,0.02164908586370152,SCENARIO: ESIF training-window mean IT; not Forest City IT,SCENARIO_INPUT + TRANSFERRED_MODEL_OUTPUT
2012-08-21 02:00:00+00:00,27.2,13.164805602932386,11.700666614645128,19.48945560740139,31.19012222204652,0.022179034702494393,SCENARIO: ESIF training-window mean IT; not Forest City IT,SCENARIO_INPUT + TRANSFERRED_MODEL_OUTPUT
2012-08-21 03:00:00+00:00,24.4,12.644902038574179,12.875769191198643,19.48945560740139,32.36522479860003,0.023014640303486517,SCENARIO: ESIF training-window mean IT; not Forest City IT,SCENARIO_INPUT + TRANSFERRED_MODEL_OUTPUT
2012-08-21 04:00:00+00:00,22.2,13.857369995117214,16.37961578933969,19.48945560740139,35.86907139674108,0.02550619627557107,SCENARIO: ESIF training-window mean IT; not Forest City IT,SCENARIO_INPUT + TRANSFERRED_MODEL_OUTPUT
2012-08-21 05:00:00+00:00,20.6,12.072320556640634,14.650163407726957,19.48945560740139,34.139619015128346,0.02427639717074462,SCENARIO: ESIF training-window mean IT; not Forest City IT,SCENARIO_INPUT + TRANSFERRED_MODEL_OUTPUT
2012-08-21 06:00:00+00:00,19.4,10.910665893554686,13.745038911461215,19.48945560740139,33.234494518862604,0.023632770721645106,SCENARIO: ESIF training-window mean IT; not Forest City IT,SCENARIO_INPUT + TRANSFERRED_MODEL_OUTPUT
2012-08-21 07:00:00+00:00,18.9,10.473962402343705,13.460556315906537,19.48945560740139,32.950011923307926,0.023430477530417947,SCENARIO: ESIF training-window mean IT; not Forest City IT,SCENARIO_INPUT + TRANSFERRED_MODEL_OUTPUT
2012-08-21 08:00:00+00:00,17.8,10.45756225585933,14.188690288036161,19.48945560740139,33.67814589543755,0.023948247500056384,SCENARIO: ESIF training-window mean IT; not Forest City IT,SCENARIO_INPUT + TRANSFERRED_MODEL_OUTPUT
2012-08-21 09:00:00+00:00,17.2,10.209765624999994,14.246291083143895,19.48945560740139,33.735746690545284,0.023989206943064997,SCENARIO: ESIF training-window mean IT; not Forest City IT,SCENARIO_INPUT + TRANSFERRED_MODEL_OUTPUT
2012-08-21 10:00:00+00:00,11.7,7.623376464711322,14.508796400828569,19.48945560740139,33.998252008229954,0.02417587227605309,SCENARIO: ESIF training-window mean IT; not Forest City IT,SCENARIO_INPUT + TRANSFERRED_MODEL_OUTPUT
2012-08-21 11:00:00+00:00,12.2,7.848123168726509,14.458426223218854,19.48945560740139,33.94788183062025,0.024140054464592678,SCENARIO: ESIF training-window mean IT; not Forest City IT,SCENARIO_INPUT + TRANSFERRED_MODEL_OUTPUT
2012-08-21 12:00:00+00:00,11.1,7.576202392539125,14.843196554103145,19.48945560740139,34.332652161504534,0.0244136614245276,SCENARIO: ESIF training-window mean IT; not Forest City IT,SCENARIO_INPUT + TRANSFERRED_MODEL_OUTPUT
2012-08-21 13:00:00+00:00,11.7,7.847271728437801,14.785400297201232,19.48945560740139,34.27485590460262,0.024372562990274085,SCENARIO: ESIF training-window mean IT; not Forest City IT,SCENARIO_INPUT + TRANSFERRED_MODEL_OUTPUT
2012-08-21 14:00:00+00:00,16.1,10.499108885726752,15.399074918686269,19.48945560740139,34.888530526087656,0.024808941874238065,SCENARIO: ESIF training-window mean IT; not Forest City IT,SCENARIO_INPUT + TRANSFERRED_MODEL_OUTPUT
2012-08-21 15:00:00+00:00,20.6,11.58884887695307,13.917588088305497,19.48945560740139,33.40704369570689,0.023755468996242157,SCENARIO: ESIF training-window mean IT; not Forest City IT,SCENARIO_INPUT + TRANSFERRED_MODEL_OUTPUT
2012-08-21 16:00:00+00:00,21.85,12.3145393371582,14.154058673978472,19.48945560740139,33.643514281379865,0.02392362124933121,SCENARIO: ESIF training-window mean IT; not Forest City IT,SCENARIO_INPUT + TRANSFERRED_MODEL_OUTPUT
2012-08-21 17:00:00+00:00,23.3,13.104188537597715,14.381509756599751,19.48945560740139,33.87096536400114,0.02408535980933632,SCENARIO: ESIF training-window mean IT; not Forest City IT,SCENARIO_INPUT + TRANSFERRED_MODEL_OUTPUT
2012-08-21 18:00:00+00:00,25.6,13.721115112304732,13.752412714195227,19.48945560740139,33.24186832159661,0.023638014171015475,SCENARIO: ESIF training-window mean IT; not Forest City IT,SCENARIO_INPUT + TRANSFERRED_MODEL_OUTPUT
2012-08-21 19:00:00+00:00,27.2,13.525262451171868,12.284145095474322,19.48945560740139,31.77360070287571,0.022593941363723252,SCENARIO: ESIF training-window mean IT; not Forest City IT,SCENARIO_INPUT + TRANSFERRED_MODEL_OUTPUT
2012-08-21 20:00:00+00:00,28.9,14.143479918812139,12.07443499910658,19.48945560740139,31.563890606507968,0.022444818270466634,SCENARIO: ESIF training-window mean IT; not Forest City IT,SCENARIO_INPUT + TRANSFERRED_MODEL_OUTPUT
2012-08-21 21:00:00+00:00,28.9,14.305078124999971,12.345725555560156,19.48945560740139,31.835181162961547,0.02263773071316908,SCENARIO: ESIF training-window mean IT; not Forest City IT,SCENARIO_INPUT + TRANSFERRED_MODEL_OUTPUT
2012-08-21 22:00:00+00:00,30.0,15.069921874999924,12.850841059674055,19.48945560740139,32.34029666707544,0.02299691411792635,SCENARIO: ESIF training-window mean IT; not Forest City IT,SCENARIO_INPUT + TRANSFERRED_MODEL_OUTPUT
2012-08-21 23:00:00+00:00,28.9,14.685469055175737,12.991368207208938,19.48945560740139,32.480823814610325,0.023096841795658105,SCENARIO: ESIF training-window mean IT; not Forest City IT,SCENARIO_INPUT + TRANSFERRED_MODEL_OUTPUT
2012-08-22 00:00:00+00:00,26.7,13.89866485595702,13.25770241963368,19.48945560740139,32.74715802703507,0.023286229823629812,SCENARIO: ESIF training-window mean IT; not Forest City IT,SCENARIO_INPUT + TRANSFERRED_MODEL_OUTPUT
2012-08-22 01:00:00+00:00,25.0,13.275137329101561,13.453360526580756,19.48945560740139,32.94281613398215,0.023425360664891353,SCENARIO: ESIF training-window mean IT; not Forest City IT,SCENARIO_INPUT + TRANSFERRED_MODEL_OUTPUT
2012-08-22 02:00:00+00:00,22.2,12.896609497070283,14.822316358619377,19.48945560740139,34.311771966020764,0.024398813692385595,SCENARIO: ESIF training-window mean IT; not Forest City IT,SCENARIO_INPUT + TRANSFERRED_MODEL_OUTPUT
2012-08-22 03:00:00+00:00,20.6,12.770111083984403,15.735643757288855,19.48945560740139,35.225099364690244,0.025048273156687118,SCENARIO: ESIF training-window mean IT; not Forest City IT,SCENARIO_INPUT + TRANSFERRED_MODEL_OUTPUT
2012-08-22 04:00:00+00:00,18.9,12.39846496351159,16.32477922211203,19.48945560740139,35.814234829513424,0.02546720245185825,SCENARIO: ESIF training-window mean IT; not Forest City IT,SCENARIO_INPUT + TRANSFERRED_MODEL_OUTPUT
2012-08-22 05:00:00+00:00,17.8,11.973278807599527,16.42165321009136,19.48945560740139,35.911108817492746,0.025536088733414522,SCENARIO: ESIF training-window mean IT; not Forest City IT,SCENARIO_INPUT + TRANSFERRED_MODEL_OUTPUT
2012-08-22 06:00:00+00:00,15.6,10.812707519287992,16.185363385839104,19.48945560740139,35.67481899324049,0.02536806501825791,SCENARIO: ESIF training-window mean IT; not Forest City IT,SCENARIO_INPUT + TRANSFERRED_MODEL_OUTPUT
2012-08-22 07:00:00+00:00,11.1,8.138848876945147,15.542997298188869,19.48945560740139,35.03245290559026,0.024911283872987834,SCENARIO: ESIF training-window mean IT; not Forest City IT,SCENARIO_INPUT + TRANSFERRED_MODEL_OUTPUT
2012-08-22 08:00:00+00:00,10.0,7.647729492186233,15.646115828774898,19.48945560740139,35.135571436176285,0.024984610596495222,SCENARIO: ESIF training-window mean IT; not Forest City IT,SCENARIO_INPUT + TRANSFERRED_MODEL_OUTPUT
2012-08-22 09:00:00+00:00,8.9,6.856213378905722,15.404442409664096,19.48945560740139,34.89389801706548,0.02481275865212098,SCENARIO: ESIF training-window mean IT; not Forest City IT,SCENARIO_INPUT + TRANSFERRED_MODEL_OUTPUT
2012-08-22 10:00:00+00:00,7.8,6.343603515624924,15.515843067816505,19.48945560740139,35.005298675217894,0.024891974727180046,SCENARIO: ESIF training-window mean IT; not Forest City IT,SCENARIO_INPUT + TRANSFERRED_MODEL_OUTPUT
2012-08-22 11:00:00+00:00,6.1,4.996508789062476,15.12106811675703,19.48945560740139,34.61052372415842,0.02461125356562478,SCENARIO: ESIF training-window mean IT; not Forest City IT,SCENARIO_INPUT + TRANSFERRED_MODEL_OUTPUT
2012-08-22 12:00:00+00:00,6.7,5.528381347656227,15.308731576965162,19.48945560740139,34.798187184366554,0.024744699480543458,SCENARIO: ESIF training-window mean IT; not Forest City IT,SCENARIO_INPUT + TRANSFERRED_MODEL_OUTPUT
2012-08-22 13:00:00+00:00,6.7,5.528942871093728,15.309340626978795,19.48945560740139,34.798796234380184,0.024745132570907505,SCENARIO: ESIF training-window mean IT; not Forest City IT,SCENARIO_INPUT + TRANSFERRED_MODEL_OUTPUT
2012-08-22 14:00:00+00:00,11.7,8.406878662091046,15.491727340042065,19.48945560740139,34.98118294744346,0.024874826235122934,SCENARIO: ESIF training-window mean IT; not Forest City IT,SCENARIO_INPUT + TRANSFERRED_MODEL_OUTPUT
2012-08-22 15:00:00+00:00,15.6,10.579354858011211,15.849868284812374,19.48945560740139,35.33932389221376,0.025129497261606765,SCENARIO: ESIF training-window mean IT; not Forest City IT,SCENARIO_INPUT + TRANSFERRED_MODEL_OUTPUT
2012-08-22 16:00:00+00:00,18.3,11.395428466796854,15.210909627814637,19.48945560740139,34.700365235216026,0.024675139111737285,SCENARIO: ESIF training-window mean IT; not Forest City IT,SCENARIO_INPUT + TRANSFERRED_MODEL_OUTPUT
2012-08-22 17:00:00+00:00,21.7,11.83932800292973,13.530645241965427,19.48945560740139,33.02010084936681,0.023480317178760906,SCENARIO: ESIF training-window mean IT; not Forest City IT,SCENARIO_INPUT + TRANSFERRED_MODEL_OUTPUT
2012-08-22 18:00:00+00:00,22.2,11.812440490722661,13.1407275142524,19.48945560740139,32.630183121653786,0.023203049948049247,SCENARIO: ESIF training-window mean IT; not Forest City IT,SCENARIO_INPUT + TRANSFERRED_MODEL_OUTPUT
2012-08-22 19:00:00+00:00,24.4,12.284103393554705,12.313445016636003,19.48945560740139,31.80290062403739,0.022614776292281688,SCENARIO: ESIF training-window mean IT; not Forest City IT,SCENARIO_INPUT + TRANSFERRED_MODEL_OUTPUT
2012-08-22 20:00:00+00:00,25.6,12.578919982825287,11.918739291430175,19.48945560740139,31.408194898831564,0.022334104356651202,SCENARIO: ESIF training-window mean IT; not Forest City IT,SCENARIO_INPUT + TRANSFERRED_MODEL_OUTPUT
2012-08-22 21:00:00+00:00,27.2,12.843484497066584,11.188022264753833,19.48945560740139,30.677477872155222,0.021814497598557046,SCENARIO: ESIF training-window mean IT; not Forest City IT,SCENARIO_INPUT + TRANSFERRED_MODEL_OUTPUT
2012-08-22 22:00:00+00:00,27.8,13.400315856834215,11.647776084838402,19.48945560740139,31.13723169223979,0.022141424689694007,SCENARIO: ESIF training-window mean IT; not Forest City IT,SCENARIO_INPUT + TRANSFERRED_MODEL_OUTPUT
2012-08-22 23:00:00+00:00,27.8,13.558203124755044,11.904799313590562,19.48945560740139,31.39425492099195,0.02232419175515334,SCENARIO: ESIF training-window mean IT; not Forest City IT,SCENARIO_INPUT + TRANSFERRED_MODEL_OUTPUT
2012-08-23 00:00:00+00:00,26.7,13.148661803968999,12.034503817414638,19.48945560740139,31.523959424816027,0.022416423541579317,SCENARIO: ESIF training-window mean IT; not Forest City IT,SCENARIO_INPUT + TRANSFERRED_MODEL_OUTPUT
2012-08-23 01:00:00+00:00,25.6,12.570896911536174,11.90617437662587,19.48945560740139,31.39562998402726,0.02232516955096193,SCENARIO: ESIF training-window mean IT; not Forest City IT,SCENARIO_INPUT + TRANSFERRED_MODEL_OUTPUT
2012-08-23 02:00:00+00:00,22.2,12.026042175292922,13.465679144554223,19.48945560740139,32.95513475195561,0.02343412033096689,SCENARIO: ESIF training-window mean IT; not Forest City IT,SCENARIO_INPUT + TRANSFERRED_MODEL_OUTPUT
2012-08-23 03:00:00+00:00,19.4,11.60928344726567,14.776373389878708,19.48945560740139,34.265828997280096,0.024366144032075168,SCENARIO: ESIF training-window mean IT; not Forest City IT,SCENARIO_INPUT + TRANSFERRED_MODEL_OUTPUT
2012-08-23 04:00:00+00:00,17.2,10.729162597656245,14.984996194188373,19.48945560740139,34.474451801589765,0.024514493961055095,SCENARIO: ESIF training-window mean IT; not Forest City IT,SCENARIO_INPUT + TRANSFERRED_MODEL_OUTPUT
2012-08-23 05:00:00+00:00,13.3,8.82451477028826,14.97937767799585,19.48945560740139,34.46883328539724,0.024510498681244282,SCENARIO: ESIF training-window mean IT; not Forest City IT,SCENARIO_INPUT + TRANSFERRED_MODEL_OUTPUT
2012-08-23 06:00:00+00:00,9.4,6.088317871059596,14.199933528383793,19.48945560740139,33.689389135785184,0.02395624247410821,SCENARIO: ESIF training-window mean IT; not Forest City IT,SCENARIO_INPUT + TRANSFERRED_MODEL_OUTPUT
2012-08-23 07:00:00+00:00,8.3,5.563092041007808,14.326838308985094,19.48945560740139,33.816293916386485,0.02404648340079747,SCENARIO: ESIF training-window mean IT; not Forest City IT,SCENARIO_INPUT + TRANSFERRED_MODEL_OUTPUT
2012-08-23 08:00:00+00:00,8.9,6.069580078115837,14.50101494490304,19.48945560740139,33.99047055230443,0.02417033894791223,SCENARIO: ESIF training-window mean IT; not Forest City IT,SCENARIO_INPUT + TRANSFERRED_MODEL_OUTPUT
2012-08-23 09:00:00+00:00,7.8,5.3204467773401,14.38487940919235,19.48945560740139,33.87433501659374,0.024087755941074908,SCENARIO: ESIF training-window mean IT; not Forest City IT,SCENARIO_INPUT + TRANSFERRED_MODEL_OUTPUT
2012-08-23 10:00:00+00:00,6.1,4.217126464843285,14.324811845642191,19.48945560740139,33.814267453043584,0.024045042399685464,SCENARIO: ESIF training-window mean IT; not Forest City IT,SCENARIO_INPUT + TRANSFERRED_MODEL_OUTPUT
2012-08-23 11:00:00+00:00,6.1,4.485046386718608,14.593850785538544,19.48945560740139,34.08330639293993,0.024236353736710802,SCENARIO: ESIF training-window mean IT; not Forest City IT,SCENARIO_INPUT + TRANSFERRED_MODEL_OUTPUT
2012-08-23 12:00:00+00:00,5.0,3.6604980468749875,14.47342709586478,19.48945560740139,33.96288270326617,0.02415072145950257,SCENARIO: ESIF training-window mean IT; not Forest City IT,SCENARIO_INPUT + TRANSFERRED_MODEL_OUTPUT
2012-08-23 13:00:00+00:00,6.7,4.782849121093284,14.519101931224155,19.48945560740139,34.008557538625546,0.024183200452411114,SCENARIO: ESIF training-window mean IT; not Forest City IT,SCENARIO_INPUT + TRANSFERRED_MODEL_OUTPUT
2012-08-23 14:00:00+00:00,12.2,8.624060058559119,15.44358141949249,19.48945560740139,34.93303702689388,0.02484059007423037,SCENARIO: ESIF training-window mean IT; not Forest City IT,SCENARIO_INPUT + TRANSFERRED_MODEL_OUTPUT
2012-08-23 15:00:00+00:00,15.0,9.822943114634054,15.190082378671143,19.48945560740139,34.67953798607253,0.024660329029294433,SCENARIO: ESIF training-window mean IT; not Forest City IT,SCENARIO_INPUT + TRANSFERRED_MODEL_OUTPUT
2012-08-23 16:00:00+00:00,18.9,11.415097045898415,14.829621663234235,19.48945560740139,34.319077270635624,0.024404008433317092,SCENARIO: ESIF training-window mean IT; not Forest City IT,SCENARIO_INPUT + TRANSFERRED_MODEL_OUTPUT
2012-08-23 17:00:00+00:00,21.1,11.192991638183631,12.982803270332901,19.48945560740139,32.47225887773429,0.023090751340774797,SCENARIO: ESIF training-window mean IT; not Forest City IT,SCENARIO_INPUT + TRANSFERRED_MODEL_OUTPUT
2012-08-23 18:00:00+00:00,21.7,11.22011871337892,12.605124283932891,19.48945560740139,32.09457989133428,0.022822186976514374,SCENARIO: ESIF training-window mean IT; not Forest City IT,SCENARIO_INPUT + TRANSFERRED_MODEL_OUTPUT
2012-08-23 19:00:00+00:00,23.3,11.683605956956661,12.174308487676178,19.48945560740139,31.663764095077568,0.02251583747177257,SCENARIO: ESIF training-window mean IT; not Forest City IT,SCENARIO_INPUT + TRANSFERRED_MODEL_OUTPUT
2012-08-23 20:00:00+00:00,25.6,12.385118103008672,11.616456640273602,19.48945560740139,31.105912247674993,0.022119153694956626,SCENARIO: ESIF training-window mean IT; not Forest City IT,SCENARIO_INPUT + TRANSFERRED_MODEL_OUTPUT
2012-08-23 21:00:00+00:00,26.7,11.947479248046719,10.155537104422992,19.48945560740139,29.64499271182438,0.021080306047855078,SCENARIO: ESIF training-window mean IT; not Forest City IT,SCENARIO_INPUT + TRANSFERRED_MODEL_OUTPUT
2012-08-23 22:00:00+00:00,26.1,11.106866455077334,9.32955285667672,19.48945560740139,28.81900846407811,0.02049295556669764,SCENARIO: ESIF training-window mean IT; not Forest City IT,SCENARIO_INPUT + TRANSFERRED_MODEL_OUTPUT
2012-08-23 23:00:00+00:00,26.1,11.89279785156241,10.502665138983584,19.48945560740139,29.992120746384973,0.021327145886119198,SCENARIO: ESIF training-window mean IT; not Forest City IT,SCENARIO_INPUT + TRANSFERRED_MODEL_OUTPUT
2012-08-24 00:00:00+00:00,23.9,11.018911743164026,10.765696771948715,19.48945560740139,30.255152379350104,0.021514185477495465,SCENARIO: ESIF training-window mean IT; not Forest City IT,SCENARIO_INPUT + TRANSFERRED_MODEL_OUTPUT
2012-08-24 01:00:00+00:00,21.7,10.116656494140596,11.020742099244162,19.48945560740139,30.51019770664555,0.021695546073793363,SCENARIO: ESIF training-window mean IT; not Forest City IT,SCENARIO_INPUT + TRANSFERRED_MODEL_OUTPUT
2012-08-24 02:00:00+00:00,18.3,9.640573120117127,12.709271182178572,19.48945560740139,32.198726789579965,0.022896244963652224,SCENARIO: ESIF training-window mean IT; not Forest City IT,SCENARIO_INPUT + TRANSFERRED_MODEL_OUTPUT
2012-08-24 03:00:00+00:00,14.4,8.57663269042969,13.926277870814003,19.48945560740139,33.415733478215394,0.023761648227809164,SCENARIO: ESIF training-window mean IT; not Forest City IT,SCENARIO_INPUT + TRANSFERRED_MODEL_OUTPUT
2012-08-24 04:00:00+00:00,12.8,8.123751830671075,14.40862720323327,19.48945560740139,33.89808281063466,0.024104642798535473,SCENARIO: ESIF training-window mean IT; not Forest City IT,SCENARIO_INPUT + TRANSFERRED_MODEL_OUTPUT
2012-08-24 13:00:00+00:00,1.7,0.9533447265625481,14.178038465725642,19.48945560740139,33.66749407312703,0.023940673078417764,SCENARIO: ESIF training-window mean IT; not Forest City IT,SCENARIO_INPUT + TRANSFERRED_MODEL_OUTPUT
2012-08-24 14:00:00+00:00,6.7,4.308947753902656,14.03691302666595,19.48945560740139,33.52636863406734,0.02384031996059326,SCENARIO: ESIF training-window mean IT; not Forest City IT,SCENARIO_INPUT + TRANSFERRED_MODEL_OUTPUT
2012-08-24 15:00:00+00:00,10.6,6.8755920409385505,14.32774376471384,19.48945560740139,33.817199372115226,0.024047127262783206,SCENARIO: ESIF training-window mean IT; not Forest City IT,SCENARIO_INPUT + TRANSFERRED_MODEL_OUTPUT
2012-08-24 16:00:00+00:00,13.3,8.102551268551952,14.051529049403047,19.48945560740139,33.54098465680444,0.023850713291956017,SCENARIO: ESIF training-window mean IT; not Forest City IT,SCENARIO_INPUT + TRANSFERRED_MODEL_OUTPUT
2012-08-24 17:00:00+00:00,16.1,7.894993591308594,11.92181526313503,19.48945560740139,31.41127087053642,0.022336291654370018,SCENARIO: ESIF training-window mean IT; not Forest City IT,SCENARIO_INPUT + TRANSFERRED_MODEL_OUTPUT
2012-08-24 18:00:00+00:00,19.4,8.624856567382793,10.603674493796115,19.48945560740139,30.093130101197502,0.021398972792397882,SCENARIO: ESIF training-window mean IT; not Forest City IT,SCENARIO_INPUT + TRANSFERRED_MODEL_OUTPUT
2012-08-24 19:00:00+00:00,20.6,9.48504791259769,10.915785633011698,19.48945560740139,30.405241240413087,0.02162091240964005,SCENARIO: ESIF training-window mean IT; not Forest City IT,SCENARIO_INPUT + TRANSFERRED_MODEL_OUTPUT
2012-08-24 20:00:00+00:00,21.7,9.168925476074078,9.726377737404281,19.48945560740139,29.21583334480567,0.020775134416072226,SCENARIO: ESIF training-window mean IT; not Forest City IT,SCENARIO_INPUT + TRANSFERRED_MODEL_OUTPUT
2012-08-24 21:00:00+00:00,23.3,9.434860229491026,8.962267888447283,19.48945560740139,28.45172349584867,0.02023178230171097,SCENARIO: ESIF training-window mean IT; not Forest City IT,SCENARIO_INPUT + TRANSFERRED_MODEL_OUTPUT
2012-08-24 22:00:00+00:00,24.4,9.536685180658036,8.323193277595479,19.48945560740139,27.812648884996868,0.019777341698026946,SCENARIO: ESIF training-window mean IT; not Forest City IT,SCENARIO_INPUT + TRANSFERRED_MODEL_OUTPUT
2012-08-24 23:00:00+00:00,24.4,9.760658264157238,8.629174684727662,19.48945560740139,28.11863029212905,0.01999492251411961,SCENARIO: ESIF training-window mean IT; not Forest City IT,SCENARIO_INPUT + TRANSFERRED_MODEL_OUTPUT
2012-08-25 00:00:00+00:00,23.9,9.440037536617812,8.546055477907302,19.48945560740139,28.03551108530869,0.019935817142252565,SCENARIO: ESIF training-window mean IT; not Forest City IT,SCENARIO_INPUT + TRANSFERRED_MODEL_OUTPUT
2012-08-25 01:00:00+00:00,22.2,8.476954650875562,8.470896331509252,19.48945560740139,27.96035193891064,0.01988237210268828,SCENARIO: ESIF training-window mean IT; not Forest City IT,SCENARIO_INPUT + TRANSFERRED_MODEL_OUTPUT
2012-08-25 02:00:00+00:00,20.0,7.975505065917723,9.363081570486141,19.48945560740139,28.85253717788753,0.02051679755429279,SCENARIO: ESIF training-window mean IT; not Forest City IT,SCENARIO_INPUT + TRANSFERRED_MODEL_OUTPUT
2012-08-25 03:00:00+00:00,18.3,7.485139465331983,9.92453608559656,19.48945560740139,29.41399169299795,0.020916043157944323,SCENARIO: ESIF training-window mean IT; not Forest City IT,SCENARIO_INPUT + TRANSFERRED_MODEL_OUTPUT
2012-08-25 04:00:00+00:00,16.7,6.588166809081993,9.946493424181103,19.48945560740139,29.435949031582492,0.020931656837524484,SCENARIO: ESIF training-window mean IT; not Forest City IT,SCENARIO_INPUT + TRANSFERRED_MODEL_OUTPUT
2012-08-25 05:00:00+00:00,15.0,6.26434478759764,10.718762319216301,19.48945560740139,30.208217926617692,0.021480810781221944,SCENARIO: ESIF training-window mean IT; not Forest City IT,SCENARIO_INPUT + TRANSFERRED_MODEL_OUTPUT
2012-08-25 06:00:00+00:00,13.3,4.951942443847635,10.419285391088627,19.48945560740139,29.908740998490018,0.021267855245675975,SCENARIO: ESIF training-window mean IT; not Forest City IT,SCENARIO_INPUT + TRANSFERRED_MODEL_OUTPUT
2012-08-25 07:00:00+00:00,8.3,2.3930938720702706,11.224390850377949,19.48945560740139,30.71384645777934,0.021840358995216396,SCENARIO: ESIF training-window mean IT; not Forest City IT,SCENARIO_INPUT + TRANSFERRED_MODEL_OUTPUT
2012-08-25 08:00:00+00:00,7.2,1.4805877685546935,11.160728312771884,19.48945560740139,30.650183920173273,0.021795089097882817,SCENARIO: ESIF training-window mean IT; not Forest City IT,SCENARIO_INPUT + TRANSFERRED_MODEL_OUTPUT
2012-08-25 09:00:00+00:00,5.6,0.45429687500000904,11.379565099843987,19.48945560740139,30.869020707245376,0.021950702104465515,SCENARIO: ESIF training-window mean IT; not Forest City IT,SCENARIO_INPUT + TRANSFERRED_MODEL_OUTPUT
2012-08-25 10:00:00+00:00,4.4,-0.3766448974609171,11.541984898008149,19.48945560740139,31.031440505409538,0.02206619746271419,SCENARIO: ESIF training-window mean IT; not Forest City IT,SCENARIO_INPUT + TRANSFERRED_MODEL_OUTPUT
2012-08-25 11:00:00+00:00,3.3,-0.9465209960937269,11.848892850764997,19.48945560740139,31.338348458166386,0.02228443713764096,SCENARIO: ESIF training-window mean IT; not Forest City IT,SCENARIO_INPUT + TRANSFERRED_MODEL_OUTPUT
2012-08-25 12:00:00+00:00,2.8,-1.2092620849609417,11.991725625445085,19.48945560740139,31.481181232846474,0.022386004327526608,SCENARIO: ESIF training-window mean IT; not Forest City IT,SCENARIO_INPUT + TRANSFERRED_MODEL_OUTPUT
2012-08-25 13:00:00+00:00,4.4,0.2535766601562128,11.984822099154181,19.48945560740139,31.47427770655557,0.022381095287796478,SCENARIO: ESIF training-window mean IT; not Forest City IT,SCENARIO_INPUT + TRANSFERRED_MODEL_OUTPUT
2012-08-25 14:00:00+00:00,8.9,3.077597045898424,11.451047524244697,19.48945560740139,30.940503131646086,0.022001532657809138,SCENARIO: ESIF training-window mean IT; not Forest City IT,SCENARIO_INPUT + TRANSFERRED_MODEL_OUTPUT
2012-08-25 15:00:00+00:00,12.2,4.752847290039064,10.937933336164674,19.48945560740139,30.427388943566065,0.02163666145587057,SCENARIO: ESIF training-window mean IT; not Forest City IT,SCENARIO_INPUT + TRANSFERRED_MODEL_OUTPUT
2012-08-25 16:00:00+00:00,15.6,6.3931518554687745,10.463370711619337,19.48945560740139,29.952826319020726,0.021299203947901645,SCENARIO: ESIF training-window mean IT; not Forest City IT,SCENARIO_INPUT + TRANSFERRED_MODEL_OUTPUT
2012-08-25 17:00:00+00:00,18.3,7.7775604248046735,10.283720281207412,19.48945560740139,29.7731758886088,0.0211714560313639,SCENARIO: ESIF training-window mean IT; not Forest City IT,SCENARIO_INPUT + TRANSFERRED_MODEL_OUTPUT
2012-08-25 18:00:00+00:00,20.0,8.700196838378897,10.288213092357978,19.48945560740139,29.777668699759367,0.021174650831746876,SCENARIO: ESIF training-window mean IT; not Forest City IT,SCENARIO_INPUT + TRANSFERRED_MODEL_OUTPUT
2012-08-25 19:00:00+00:00,21.7,9.264453124999914,9.85406342122908,19.48945560740139,29.343519028630467,0.02086593063650384,SCENARIO: ESIF training-window mean IT; not Forest City IT,SCENARIO_INPUT + TRANSFERRED_MODEL_OUTPUT
2012-08-25 20:00:00+00:00,23.9,9.907295227050142,9.185198784410119,19.48945560740139,28.674654391811508,0.020390306594838713,SCENARIO: ESIF training-window mean IT; not Forest City IT,SCENARIO_INPUT + TRANSFERRED_MODEL_OUTPUT
2012-08-25 21:00:00+00:00,25.0,10.933291625976388,9.86111894448101,19.48945560740139,29.3505745518824,0.02087094776000002,SCENARIO: ESIF training-window mean IT; not Forest City IT,SCENARIO_INPUT + TRANSFERRED_MODEL_OUTPUT
2012-08-25 22:00:00+00:00,26.7,12.098806762695208,10.386825559531061,19.48945560740139,29.87628116693245,0.021244773331298497,SCENARIO: ESIF training-window mean IT; not Forest City IT,SCENARIO_INPUT + TRANSFERRED_MODEL_OUTPUT
2012-08-25 23:00:00+00:00,26.7,11.91627807617172,10.108043909229044,19.48945560740139,29.597499516630435,0.021046534034496495,SCENARIO: ESIF training-window mean IT; not Forest City IT,SCENARIO_INPUT + TRANSFERRED_MODEL_OUTPUT
2012-08-26 00:00:00+00:00,26.7,11.602046203612854,9.63344092010442,19.48945560740139,29.12289652750581,0.020709047823613283,SCENARIO: ESIF training-window mean IT; not Forest City IT,SCENARIO_INPUT + TRANSFERRED_MODEL_OUTPUT
2012-08-26 01:00:00+00:00,25.0,11.243812561035146,10.3158884698902,19.48945560740139,29.80534407729159,0.02119433056093556,SCENARIO: ESIF training-window mean IT; not Forest City IT,SCENARIO_INPUT + TRANSFERRED_MODEL_OUTPUT
2012-08-26 02:00:00+00:00,21.7,9.896810913085941,10.71502078623227,19.48945560740139,30.20447639363366,0.021478150208451417,SCENARIO: ESIF training-window mean IT; not Forest City IT,SCENARIO_INPUT + TRANSFERRED_MODEL_OUTPUT
2012-08-26 03:00:00+00:00,20.0,9.179469299316448,10.919759388535653,19.48945560740139,30.40921499593704,0.02162373811391391,SCENARIO: ESIF training-window mean IT; not Forest City IT,SCENARIO_INPUT + TRANSFERRED_MODEL_OUTPUT
2012-08-26 04:00:00+00:00,18.3,8.645291137695322,11.38395750327802,19.48945560740139,30.873413110679408,0.021953825505762158,SCENARIO: ESIF training-window mean IT; not Forest City IT,SCENARIO_INPUT + TRANSFERRED_MODEL_OUTPUT
2012-08-26 05:00:00+00:00,16.7,7.731066894531267,11.3134925296959,19.48945560740139,30.80294813709729,0.021903718453174736,SCENARIO: ESIF training-window mean IT; not Forest City IT,SCENARIO_INPUT + TRANSFERRED_MODEL_OUTPUT
2012-08-26 17:00:00+00:00,23.9,11.15017547607421,10.95790146683743,19.48945560740139,30.44735707423882,0.021650860626363778,SCENARIO: ESIF training-window mean IT; not Forest City IT,SCENARIO_INPUT + TRANSFERRED_MODEL_OUTPUT
2012-08-26 18:00:00+00:00,27.8,13.179289245581456,11.29083015721763,19.48945560740139,30.78028576461902,0.021887603429897238,SCENARIO: ESIF training-window mean IT; not Forest City IT,SCENARIO_INPUT + TRANSFERRED_MODEL_OUTPUT
2012-08-26 19:00:00+00:00,28.9,13.437687683100162,10.910468487540783,19.48945560740139,30.399924094942172,0.02161713143202547,SCENARIO: ESIF training-window mean IT; not Forest City IT,SCENARIO_INPUT + TRANSFERRED_MODEL_OUTPUT
2012-08-26 20:00:00+00:00,30.8,13.959539794921572,10.377403147852446,19.48945560740139,29.866858755253837,0.021238073133264215,SCENARIO: ESIF training-window mean IT; not Forest City IT,SCENARIO_INPUT + TRANSFERRED_MODEL_OUTPUT
2012-08-26 21:00:00+00:00,31.1,13.43097000121845,9.288214533922268,19.48945560740139,28.777670141323657,0.020463560231585236,SCENARIO: ESIF training-window mean IT; not Forest City IT,SCENARIO_INPUT + TRANSFERRED_MODEL_OUTPUT
2012-08-26 22:00:00+00:00,31.7,13.367137145989599,8.741641693810195,19.48945560740139,28.231097301211584,0.020074896862394657,SCENARIO: ESIF training-window mean IT; not Forest City IT,SCENARIO_INPUT + TRANSFERRED_MODEL_OUTPUT
2012-08-26 23:00:00+00:00,28.95,14.245779418945226,12.209573881666547,19.48945560740139,31.699029489067936,0.022540914398100118,SCENARIO: ESIF training-window mean IT; not Forest City IT,SCENARIO_INPUT + TRANSFERRED_MODEL_OUTPUT
2012-08-27 00:00:00+00:00,27.2,13.66544342041013,12.51345638751851,19.48945560740139,32.0029119949199,0.022757002703070198,SCENARIO: ESIF training-window mean IT; not Forest City IT,SCENARIO_INPUT + TRANSFERRED_MODEL_OUTPUT
2012-08-27 01:00:00+00:00,23.3,12.208996582031258,12.97455516759194,19.48945560740139,32.464010774993326,0.02308488618399153,SCENARIO: ESIF training-window mean IT; not Forest City IT,SCENARIO_INPUT + TRANSFERRED_MODEL_OUTPUT
2012-08-27 02:00:00+00:00,20.0,11.14372253417968,13.672070846356277,19.48945560740139,33.161526453757666,0.023580883741638584,SCENARIO: ESIF training-window mean IT; not Forest City IT,SCENARIO_INPUT + TRANSFERRED_MODEL_OUTPUT
2012-08-27 03:00:00+00:00,18.9,10.280545043945324,13.186689815915596,19.48945560740139,32.67614542331698,0.02323573335583897,SCENARIO: ESIF training-window mean IT; not Forest City IT,SCENARIO_INPUT + TRANSFERRED_MODEL_OUTPUT
2012-08-27 04:00:00+00:00,17.8,9.600573730468778,12.99563844235437,19.48945560740139,32.48509404975576,0.023099878324107856,SCENARIO: ESIF training-window mean IT; not Forest City IT,SCENARIO_INPUT + TRANSFERRED_MODEL_OUTPUT
2012-08-27 11:00:00+00:00,6.1,3.03829956042115,13.19932722418576,19.48945560740139,32.68878283158715,0.0232447197110247,SCENARIO: ESIF training-window mean IT; not Forest City IT,SCENARIO_INPUT + TRANSFERRED_MODEL_OUTPUT
2012-08-27 12:00:00+00:00,7.2,4.101818847622738,13.513525045679685,19.48945560740139,33.002980653081075,0.02346814315055955,SCENARIO: ESIF training-window mean IT; not Forest City IT,SCENARIO_INPUT + TRANSFERRED_MODEL_OUTPUT
2012-08-27 13:00:00+00:00,4.4,1.927618408064151,13.292905717801995,19.48945560740139,32.78236132520338,0.023311262594138335,SCENARIO: ESIF training-window mean IT; not Forest City IT,SCENARIO_INPUT + TRANSFERRED_MODEL_OUTPUT
2012-08-27 14:00:00+00:00,10.6,5.967996215180903,13.287943013704213,19.48945560740139,32.777398621105604,0.02330773365681583,SCENARIO: ESIF training-window mean IT; not Forest City IT,SCENARIO_INPUT + TRANSFERRED_MODEL_OUTPUT
2012-08-27 15:00:00+00:00,15.0,8.641241455078147,13.609333835412619,19.48945560740139,33.09878944281401,0.02353627197856359,SCENARIO: ESIF training-window mean IT; not Forest City IT,SCENARIO_INPUT + TRANSFERRED_MODEL_OUTPUT
2012-08-27 16:00:00+00:00,17.8,9.617712402343777,13.019006192853283,19.48945560740139,32.50846180025467,0.02311649493578847,SCENARIO: ESIF training-window mean IT; not Forest City IT,SCENARIO_INPUT + TRANSFERRED_MODEL_OUTPUT
2012-08-27 17:00:00+00:00,21.1,10.981221008300748,12.672678181162986,19.48945560740139,32.162133788564375,0.02287022398708742,SCENARIO: ESIF training-window mean IT; not Forest City IT,SCENARIO_INPUT + TRANSFERRED_MODEL_OUTPUT
2012-08-27 18:00:00+00:00,23.3,11.855915832519495,12.434683073953797,19.48945560740139,31.92413868135519,0.02270098765950146,SCENARIO: ESIF training-window mean IT; not Forest City IT,SCENARIO_INPUT + TRANSFERRED_MODEL_OUTPUT
2012-08-27 19:00:00+00:00,24.3,12.311073303222656,12.426023891729056,19.48945560740139,31.915479499130445,0.02269483018753997,SCENARIO: ESIF training-window mean IT; not Forest City IT,SCENARIO_INPUT + TRANSFERRED_MODEL_OUTPUT
2012-08-27 20:00:00+00:00,26.7,13.34997406005856,12.359055255752896,19.48945560740139,31.848510863154285,0.022647209351343175,SCENARIO: ESIF training-window mean IT; not Forest City IT,SCENARIO_INPUT + TRANSFERRED_MODEL_OUTPUT
2012-08-27 21:00:00+00:00,28.3,13.936405944824205,12.165310439253883,19.48945560740139,31.654766046655272,0.02250943903489592,SCENARIO: ESIF training-window mean IT; not Forest City IT,SCENARIO_INPUT + TRANSFERRED_MODEL_OUTPUT
2012-08-27 22:00:00+00:00,28.9,14.150648497914004,12.086431765777302,19.48945560740139,31.57588737317869,0.022453349070776212,SCENARIO: ESIF training-window mean IT; not Forest City IT,SCENARIO_INPUT + TRANSFERRED_MODEL_OUTPUT
2012-08-27 23:00:00+00:00,27.2,13.530474853515619,12.292647629644277,19.48945560740139,31.782103237045668,0.022599987444564876,SCENARIO: ESIF training-window mean IT; not Forest City IT,SCENARIO_INPUT + TRANSFERRED_MODEL_OUTPUT
2012-08-28 00:00:00+00:00,27.8,13.91669158935538,12.4947036857618,19.48945560740139,31.984159293163188,0.022743667813900265,SCENARIO: ESIF training-window mean IT; not Forest City IT,SCENARIO_INPUT + TRANSFERRED_MODEL_OUTPUT
2012-08-28 01:00:00+00:00,25.0,12.882820129394524,12.825441071594366,19.48945560740139,32.31489667899575,0.022978852399121535,SCENARIO: ESIF training-window mean IT; not Forest City IT,SCENARIO_INPUT + TRANSFERRED_MODEL_OUTPUT
2012-08-28 02:00:00+00:00,21.1,12.739404296874952,15.340318040487585,19.48945560740139,34.82977364788897,0.024767160350225383,SCENARIO: ESIF training-window mean IT; not Forest City IT,SCENARIO_INPUT + TRANSFERRED_MODEL_OUTPUT
2012-08-28 04:00:00+00:00,17.8,11.97510986228734,16.424445663681965,19.48945560740139,35.913901271083354,0.02553807442377669,SCENARIO: ESIF training-window mean IT; not Forest City IT,SCENARIO_INPUT + TRANSFERRED_MODEL_OUTPUT
2012-08-28 11:00:00+00:00,6.1,5.839746093749996,16.029307185531962,19.48945560740139,35.51876279293335,0.0252570947611518,SCENARIO: ESIF training-window mean IT; not Forest City IT,SCENARIO_INPUT + TRANSFERRED_MODEL_OUTPUT
2012-08-28 12:00:00+00:00,7.2,6.360546874999992,15.91751713789408,19.48945560740139,35.40697274529547,0.025177601794490658,SCENARIO: ESIF training-window mean IT; not Forest City IT,SCENARIO_INPUT + TRANSFERRED_MODEL_OUTPUT
2012-08-28 13:00:00+00:00,7.2,6.616430664062472,16.211840332219108,19.48945560740139,35.70129593962049,0.025386892553090814,SCENARIO: ESIF training-window mean IT; not Forest City IT,SCENARIO_INPUT + TRANSFERRED_MODEL_OUTPUT
2012-08-28 14:00:00+00:00,11.1,8.932434082030774,16.56680231106498,19.48945560740139,36.05625791846637,0.025639303043528842,SCENARIO: ESIF training-window mean IT; not Forest City IT,SCENARIO_INPUT + TRANSFERRED_MODEL_OUTPUT
2012-08-28 15:00:00+00:00,15.0,10.866064453054637,16.664740642381037,19.48945560740139,36.15419624978243,0.025708946170718252,SCENARIO: ESIF training-window mean IT; not Forest City IT,SCENARIO_INPUT + TRANSFERRED_MODEL_OUTPUT
2012-08-28 16:00:00+00:00,17.2,12.284793090599106,17.307751328865542,19.48945560740139,36.79720693626693,0.02616618568482102,SCENARIO: ESIF training-window mean IT; not Forest City IT,SCENARIO_INPUT + TRANSFERRED_MODEL_OUTPUT
2012-08-28 17:00:00+00:00,20.6,13.277731323242278,16.5462006983813,19.48945560740139,36.03565630578269,0.025624653409282914,SCENARIO: ESIF training-window mean IT; not Forest City IT,SCENARIO_INPUT + TRANSFERRED_MODEL_OUTPUT
2012-08-28 18:00:00+00:00,21.9,13.43599548339841,15.898481799711808,19.48945560740139,35.3879374071132,0.02516406592492552,SCENARIO: ESIF training-window mean IT; not Forest City IT,SCENARIO_INPUT + TRANSFERRED_MODEL_OUTPUT
2012-08-28 19:00:00+00:00,25.0,13.278280639648436,13.458433989547448,19.48945560740139,32.94788959694884,0.023428968361917966,SCENARIO: ESIF training-window mean IT; not Forest City IT,SCENARIO_INPUT + TRANSFERRED_MODEL_OUTPUT
2012-08-28 20:00:00+00:00,26.1,14.329675292968666,14.408356674227187,19.48945560740139,33.897812281628575,0.02410445042762486,SCENARIO: ESIF training-window mean IT; not Forest City IT,SCENARIO_INPUT + TRANSFERRED_MODEL_OUTPUT
2012-08-28 21:00:00+00:00,26.05,14.510762786865186,14.750581325266594,19.48945560740139,34.240036932667984,0.024347803510931694,SCENARIO: ESIF training-window mean IT; not Forest City IT,SCENARIO_INPUT + TRANSFERRED_MODEL_OUTPUT
2012-08-28 22:00:00+00:00,25.0,14.175981140136724,14.934996423525675,19.48945560740139,34.424452030927064,0.02447893954287263,SCENARIO: ESIF training-window mean IT; not Forest City IT,SCENARIO_INPUT + TRANSFERRED_MODEL_OUTPUT
2012-08-28 23:00:00+00:00,22.8,13.124162292480467,14.765038750285665,19.48945560740139,34.25449435768705,0.024358084064785374,SCENARIO: ESIF training-window mean IT; not Forest City IT,SCENARIO_INPUT + TRANSFERRED_MODEL_OUTPUT
2012-08-29 00:00:00+00:00,20.6,12.079644775390634,14.661384162328513,19.48945560740139,34.1508397697299,0.024284376155370723,SCENARIO: ESIF training-window mean IT; not Forest City IT,SCENARIO_INPUT + TRANSFERRED_MODEL_OUTPUT
2012-08-29 01:00:00+00:00,18.9,11.413473510742165,14.827207800485844,19.48945560740139,34.31666340788723,0.02440229195573222,SCENARIO: ESIF training-window mean IT; not Forest City IT,SCENARIO_INPUT + TRANSFERRED_MODEL_OUTPUT
2012-08-29 02:00:00+00:00,16.1,10.019186401367126,14.723408624104788,19.48945560740139,34.212864231506174,0.024328481230700222,SCENARIO: ESIF training-window mean IT; not Forest City IT,SCENARIO_INPUT + TRANSFERRED_MODEL_OUTPUT
2012-08-29 03:00:00+00:00,15.0,9.298553465218257,14.47683646510437,19.48945560740139,33.96629207250576,0.024153145833416215,SCENARIO: ESIF training-window mean IT; not Forest City IT,SCENARIO_INPUT + TRANSFERRED_MODEL_OUTPUT
2012-08-29 04:00:00+00:00,13.9,8.612219237298078,14.305017169235674,19.48945560740139,33.794472776637065,0.024030966571068336,SCENARIO: ESIF training-window mean IT; not Forest City IT,SCENARIO_INPUT + TRANSFERRED_MODEL_OUTPUT
2012-08-29 05:00:00+00:00,12.8,8.344934081790393,14.6894210935189,19.48945560740139,34.17887670092029,0.02430431298233781,SCENARIO: ESIF training-window mean IT; not Forest City IT,SCENARIO_INPUT + TRANSFERRED_MODEL_OUTPUT
2012-08-29 06:00:00+00:00,7.2,4.768664550777629,14.186990452396863,19.48945560740139,33.67644605979825,0.023947038761168982,SCENARIO: ESIF training-window mean IT; not Forest City IT,SCENARIO_INPUT + TRANSFERRED_MODEL_OUTPUT
2012-08-29 07:00:00+00:00,5.0,3.442248535156101,14.266191870173044,19.48945560740139,33.755647477574435,0.02400335822605723,SCENARIO: ESIF training-window mean IT; not Forest City IT,SCENARIO_INPUT + TRANSFERRED_MODEL_OUTPUT
2012-08-29 08:00:00+00:00,5.0,3.662548828124988,14.475389816372074,19.48945560740139,33.96484542377346,0.024152117133618006,SCENARIO: ESIF training-window mean IT; not Forest City IT,SCENARIO_INPUT + TRANSFERRED_MODEL_OUTPUT
2012-08-29 09:00:00+00:00,5.6,3.9676513671872797,14.393833846621071,19.48945560740139,33.88328945402246,0.02409412336653926,SCENARIO: ESIF training-window mean IT; not Forest City IT,SCENARIO_INPUT + TRANSFERRED_MODEL_OUTPUT
2012-08-29 10:00:00+00:00,3.9,2.609716796874941,14.192331538764485,19.48945560740139,33.681787146165874,0.023950836762954713,SCENARIO: ESIF training-window mean IT; not Forest City IT,SCENARIO_INPUT + TRANSFERRED_MODEL_OUTPUT
2012-08-29 11:00:00+00:00,3.9,2.871704101562466,14.426585433792864,19.48945560740139,33.916041041194255,0.024117412745890635,SCENARIO: ESIF training-window mean IT; not Forest City IT,SCENARIO_INPUT + TRANSFERRED_MODEL_OUTPUT
2012-08-29 12:00:00+00:00,3.3,2.2921142578124085,14.287082479766426,19.48945560740139,33.776538087167815,0.024018213363585363,SCENARIO: ESIF training-window mean IT; not Forest City IT,SCENARIO_INPUT + TRANSFERRED_MODEL_OUTPUT
2012-08-29 13:00:00+00:00,3.9,2.872241210937466,14.427070503235504,19.48945560740139,33.916526110636894,0.02411775767470896,SCENARIO: ESIF training-window mean IT; not Forest City IT,SCENARIO_INPUT + TRANSFERRED_MODEL_OUTPUT
2012-08-29 14:00:00+00:00,8.3,5.79053955077762,14.575839142284169,19.48945560740139,34.065294749685556,0.024223545808035696,SCENARIO: ESIF training-window mean IT; not Forest City IT,SCENARIO_INPUT + TRANSFERRED_MODEL_OUTPUT
2012-08-29 15:00:00+00:00,12.2,8.083386230336385,14.752778294291534,19.48945560740139,34.24223390169293,0.024349365757206257,SCENARIO: ESIF training-window mean IT; not Forest City IT,SCENARIO_INPUT + TRANSFERRED_MODEL_OUTPUT
2012-08-29 16:00:00+00:00,14.4,9.047521971671962,14.542666934863744,19.48945560740139,34.032122542265135,0.024199957329148116,SCENARIO: ESIF training-window mean IT; not Forest City IT,SCENARIO_INPUT + TRANSFERRED_MODEL_OUTPUT
2012-08-29 17:00:00+00:00,17.2,10.232421874999996,14.278129125252896,19.48945560740139,33.767584732654285,0.024011846708172937,SCENARIO: ESIF training-window mean IT; not Forest City IT,SCENARIO_INPUT + TRANSFERRED_MODEL_OUTPUT
2012-08-29 18:00:00+00:00,17.8,9.85093383789065,13.338987171928498,19.48945560740139,32.82844277932989,0.02334403073024685,SCENARIO: ESIF training-window mean IT; not Forest City IT,SCENARIO_INPUT + TRANSFERRED_MODEL_OUTPUT
2012-08-29 19:00:00+00:00,20.0,10.946437072753916,13.383724923772828,19.48945560740139,32.873180531174214,0.02337584337091568,SCENARIO: ESIF training-window mean IT; not Forest City IT,SCENARIO_INPUT + TRANSFERRED_MODEL_OUTPUT
2012-08-29 20:00:00+00:00,21.1,10.990449523925749,12.686128917331576,19.48945560740139,32.17558452473297,0.0228797886929303,SCENARIO: ESIF training-window mean IT; not Forest City IT,SCENARIO_INPUT + TRANSFERRED_MODEL_OUTPUT
2012-08-29 21:00:00+00:00,21.7,11.441062927246046,12.932359355680905,19.48945560740139,32.4218149630823,0.023054881095521146,SCENARIO: ESIF training-window mean IT; not Forest City IT,SCENARIO_INPUT + TRANSFERRED_MODEL_OUTPUT
2012-08-29 22:00:00+00:00,22.2,11.638284301757823,12.878091328912465,19.48945560740139,32.36754693631386,0.023016291556167485,SCENARIO: ESIF training-window mean IT; not Forest City IT,SCENARIO_INPUT + TRANSFERRED_MODEL_OUTPUT
2012-08-29 23:00:00+00:00,21.7,11.438755798339795,12.928925090223043,19.48945560740139,32.41838069762443,0.023052439018115184,SCENARIO: ESIF training-window mean IT; not Forest City IT,SCENARIO_INPUT + TRANSFERRED_MODEL_OUTPUT
2012-08-30 00:00:00+00:00,22.2,11.636508178710947,12.875423522669376,19.48945560740139,32.36487913007076,0.02301439450149024,SCENARIO: ESIF training-window mean IT; not Forest City IT,SCENARIO_INPUT + TRANSFERRED_MODEL_OUTPUT
2012-08-30 01:00:00+00:00,21.1,11.198017883300817,12.99020112568709,19.48945560740139,32.479656733088476,0.02309601189376194,SCENARIO: ESIF training-window mean IT; not Forest City IT,SCENARIO_INPUT + TRANSFERRED_MODEL_OUTPUT
2012-08-30 02:00:00+00:00,18.3,10.241986083984386,13.542917377023485,19.48945560740139,33.032372984424875,0.02348904379122458,SCENARIO: ESIF training-window mean IT; not Forest City IT,SCENARIO_INPUT + TRANSFERRED_MODEL_OUTPUT
2012-08-30 03:00:00+00:00,13.3,7.457165527343743,13.252244991755685,19.48945560740139,32.74170059915707,0.023282349092370383,SCENARIO: ESIF training-window mean IT; not Forest City IT,SCENARIO_INPUT + TRANSFERRED_MODEL_OUTPUT
2012-08-30 04:00:00+00:00,14.4,9.04202880760845,14.535389100719783,19.48945560740139,34.02484470812117,0.024194782122238415,SCENARIO: ESIF training-window mean IT; not Forest City IT,SCENARIO_INPUT + TRANSFERRED_MODEL_OUTPUT
2012-08-30 05:00:00+00:00,13.3,8.82856750466346,14.984686669492241,19.48945560740139,34.47414227689363,0.024514273860635868,SCENARIO: ESIF training-window mean IT; not Forest City IT,SCENARIO_INPUT + TRANSFERRED_MODEL_OUTPUT
2012-08-30 06:00:00+00:00,10.6,7.356579589822882,14.901612349683582,19.48945560740139,34.39106795708497,0.024455200407546927,SCENARIO: ESIF training-window mean IT; not Forest City IT,SCENARIO_INPUT + TRANSFERRED_MODEL_OUTPUT
2012-08-30 07:00:00+00:00,11.1,7.858258056622303,15.191304054064304,19.48945560740139,34.68075966146569,0.02466119775243528,SCENARIO: ESIF training-window mean IT; not Forest City IT,SCENARIO_INPUT + TRANSFERRED_MODEL_OUTPUT
2012-08-30 08:00:00+00:00,10.0,7.361145019527507,15.296585849255802,19.48945560740139,34.78604145665719,0.02473606275528681,SCENARIO: ESIF training-window mean IT; not Forest City IT,SCENARIO_INPUT + TRANSFERRED_MODEL_OUTPUT
2012-08-30 09:00:00+00:00,4.4,3.3534423828125104,14.558035070532702,19.48945560740139,34.04749067793409,0.024210885481717955,SCENARIO: ESIF training-window mean IT; not Forest City IT,SCENARIO_INPUT + TRANSFERRED_MODEL_OUTPUT
2012-08-30 10:00:00+00:00,5.0,3.933032226562508,14.73677708160674,19.48945560740139,34.22623268900813,0.024337987428872318,SCENARIO: ESIF training-window mean IT; not Forest City IT,SCENARIO_INPUT + TRANSFERRED_MODEL_OUTPUT
2012-08-30 11:00:00+00:00,4.4,3.3529052734375107,14.557532341073589,19.48945560740139,34.04698794847498,0.024210527995009813,SCENARIO: ESIF training-window mean IT; not Forest City IT,SCENARIO_INPUT + TRANSFERRED_MODEL_OUTPUT
2012-08-30 12:00:00+00:00,2.8,2.0226318359374718,14.36607452068527,19.48945560740139,33.855530128086656,0.024074383942343836,SCENARIO: ESIF training-window mean IT; not Forest City IT,SCENARIO_INPUT + TRANSFERRED_MODEL_OUTPUT
2012-08-30 13:00:00+00:00,2.8,2.023461914062472,14.366776024114841,19.48945560740139,33.85623163151623,0.02407488277555769,SCENARIO: ESIF training-window mean IT; not Forest City IT,SCENARIO_INPUT + TRANSFERRED_MODEL_OUTPUT
2012-08-30 14:00:00+00:00,8.3,5.56376342772656,14.327568115824953,19.48945560740139,33.81702372322634,0.024047002360329337,SCENARIO: ESIF training-window mean IT; not Forest City IT,SCENARIO_INPUT + TRANSFERRED_MODEL_OUTPUT
2012-08-30 15:00:00+00:00,12.2,8.07481689439861,14.741990303650391,19.48945560740139,34.23144591105178,0.024341694507408102,SCENARIO: ESIF training-window mean IT; not Forest City IT,SCENARIO_INPUT + TRANSFERRED_MODEL_OUTPUT
2012-08-30 16:00:00+00:00,16.1,10.015121459960874,14.717752947507003,19.48945560740139,34.20720855490839,0.024324459526436436,SCENARIO: ESIF training-window mean IT; not Forest City IT,SCENARIO_INPUT + TRANSFERRED_MODEL_OUTPUT
2012-08-30 17:00:00+00:00,18.3,10.467626953125006,13.862064204967727,19.48945560740139,33.35151981236912,0.023715986427799537,SCENARIO: ESIF training-window mean IT; not Forest City IT,SCENARIO_INPUT + TRANSFERRED_MODEL_OUTPUT
2012-08-30 18:00:00+00:00,22.2,11.801481628417973,13.1241399041755,19.48945560740139,32.61359551157689,0.02319125463744072,SCENARIO: ESIF training-window mean IT; not Forest City IT,SCENARIO_INPUT + TRANSFERRED_MODEL_OUTPUT
2012-08-30 19:00:00+00:00,23.3,12.225476074218758,12.999960919680078,19.48945560740139,32.48941652708147,0.02310295200153448,SCENARIO: ESIF training-window mean IT; not Forest City IT,SCENARIO_INPUT + TRANSFERRED_MODEL_OUTPUT
2012-08-30 20:00:00+00:00,25.6,12.3701644897274,11.5932393776564,19.48945560740139,31.08269498505779,0.022102644093948395,SCENARIO: ESIF training-window mean IT; not Forest City IT,SCENARIO_INPUT + TRANSFERRED_MODEL_OUTPUT
2012-08-31 12:00:00+00:00,6.7,4.296740722652637,14.024695248668952,19.48945560740139,33.514150856070344,0.023831632000980485,SCENARIO: ESIF training-window mean IT; not Forest City IT,SCENARIO_INPUT + TRANSFERRED_MODEL_OUTPUT
2012-08-31 13:00:00+00:00,6.7,4.297351074215138,14.025305895752584,19.48945560740139,33.51476150315398,0.023832066227007637,SCENARIO: ESIF training-window mean IT; not Forest City IT,SCENARIO_INPUT + TRANSFERRED_MODEL_OUTPUT
2012-08-31 14:00:00+00:00,10.6,6.395642089605069,13.770869752712665,19.48945560740139,33.26032536011405,0.02365113881653207,SCENARIO: ESIF training-window mean IT; not Forest City IT,SCENARIO_INPUT + TRANSFERRED_MODEL_OUTPUT
2012-08-31 15:00:00+00:00,14.4,8.814505003419841,14.235756535208719,19.48945560740139,33.725212142610104,0.02398171591425254,SCENARIO: ESIF training-window mean IT; not Forest City IT,SCENARIO_INPUT + TRANSFERRED_MODEL_OUTPUT
2012-08-31 16:00:00+00:00,17.8,10.454290771484327,14.184040491077678,19.48945560740139,33.67349609847906,0.023944941068380108,SCENARIO: ESIF training-window mean IT; not Forest City IT,SCENARIO_INPUT + TRANSFERRED_MODEL_OUTPUT
2012-08-31 17:00:00+00:00,21.1,11.774797058105456,13.850595458292847,19.48945560740139,33.34005106569424,0.023707831098086964,SCENARIO: ESIF training-window mean IT; not Forest City IT,SCENARIO_INPUT + TRANSFERRED_MODEL_OUTPUT
2012-08-31 18:00:00+00:00,23.3,12.436343383789033,13.326684170433676,19.48945560740139,32.81613977783506,0.02333528216891849,SCENARIO: ESIF training-window mean IT; not Forest City IT,SCENARIO_INPUT + TRANSFERRED_MODEL_OUTPUT
2012-08-31 19:00:00+00:00,24.4,12.634599304199178,12.859588453920658,19.48945560740139,32.34904406132205,0.023003134316717837,SCENARIO: ESIF training-window mean IT; not Forest City IT,SCENARIO_INPUT + TRANSFERRED_MODEL_OUTPUT
2012-08-31 20:00:00+00:00,26.1,12.552102661113079,11.519323001761716,19.48945560740139,31.008778609163105,0.022050082778081157,SCENARIO: ESIF training-window mean IT; not Forest City IT,SCENARIO_INPUT + TRANSFERRED_MODEL_OUTPUT
2012-08-31 21:00:00+00:00,27.2,13.677842712402315,12.533804072818917,19.48945560740139,32.023259680220306,0.022771471771680457,SCENARIO: ESIF training-window mean IT; not Forest City IT,SCENARIO_INPUT + TRANSFERRED_MODEL_OUTPUT
2012-08-31 22:00:00+00:00,27.8,13.189881896948663,11.307860557793607,19.48945560740139,30.797316165194996,0.021899713605121395,SCENARIO: ESIF training-window mean IT; not Forest City IT,SCENARIO_INPUT + TRANSFERRED_MODEL_OUTPUT
2012-08-31 23:00:00+00:00,27.2,12.293013000488148,10.326180520468021,19.48945560740139,29.81563612786941,0.021201649151908055,SCENARIO: ESIF training-window mean IT; not Forest City IT,SCENARIO_INPUT + TRANSFERRED_MODEL_OUTPUT
