timestamp_utc,t_db_C,t_wb_C,esif_cooling_kw,esif_hvac_kw,overhead_kw,overhead_per_it,it_provenance,evidence_class
2012-06-21 17:00:00+00:00,30.5,21.826202347583443,25.776414956703505,19.48945560740139,45.265870564104894,0.03218818146760145,SCENARIO: ESIF training-window mean IT; not Forest City IT,SCENARIO_INPUT + TRANSFERRED_MODEL_OUTPUT
2012-06-21 18:00:00+00:00,31.5,21.821718603731117,25.029902013130606,19.48945560740139,44.51935762053199,0.03165734236528907,SCENARIO: ESIF training-window mean IT; not Forest City IT,SCENARIO_INPUT + TRANSFERRED_MODEL_OUTPUT
2012-06-21 19:00:00+00:00,32.0,21.13997824146677,23.177455795210236,19.48945560740139,42.666911402611625,0.03034008337350739,SCENARIO: ESIF training-window mean IT; not Forest City IT,SCENARIO_INPUT + TRANSFERRED_MODEL_OUTPUT
2012-06-21 20:00:00+00:00,32.0,20.78687079315274,22.422062801194933,19.48945560740139,41.91151840859632,0.029802929741693657,SCENARIO: ESIF training-window mean IT; not Forest City IT,SCENARIO_INPUT + TRANSFERRED_MODEL_OUTPUT
2012-06-21 21:00:00+00:00,32.0,21.135095357712203,23.16695188628147,19.48945560740139,42.65640749368286,0.0303326141318358,SCENARIO: ESIF training-window mean IT; not Forest City IT,SCENARIO_INPUT + TRANSFERRED_MODEL_OUTPUT
2012-06-21 22:00:00+00:00,30.666666666666668,21.2947551430769,24.495341405821662,19.48945560740139,43.98479701322305,0.031277220794245296,SCENARIO: ESIF training-window mean IT; not Forest City IT,SCENARIO_INPUT + TRANSFERRED_MODEL_OUTPUT
2012-06-21 23:00:00+00:00,28.0,21.09879471543192,26.018621275275564,19.48945560740139,45.50807688267695,0.032360412352319685,SCENARIO: ESIF training-window mean IT; not Forest City IT,SCENARIO_INPUT + TRANSFERRED_MODEL_OUTPUT
2012-06-22 01:00:00+00:00,26.0,20.508833821126522,26.202438472598374,19.48945560740139,45.69189407999976,0.03249112322191212,SCENARIO: ESIF training-window mean IT; not Forest City IT,SCENARIO_INPUT + TRANSFERRED_MODEL_OUTPUT
2012-06-22 02:00:00+00:00,26.0,20.50981011522891,26.20449673897582,19.48945560740139,45.69395234637721,0.032492586837895646,SCENARIO: ESIF training-window mean IT; not Forest City IT,SCENARIO_INPUT + TRANSFERRED_MODEL_OUTPUT
2012-06-22 03:00:00+00:00,25.333333333333332,20.30983300332251,26.26031861457329,19.48945560740139,45.749774221974675,0.03253228130613853,SCENARIO: ESIF training-window mean IT; not Forest City IT,SCENARIO_INPUT + TRANSFERRED_MODEL_OUTPUT
2012-06-22 04:00:00+00:00,25.0,20.210072104964873,26.289024450850235,19.48945560740139,45.778480058251624,0.03255269378591075,SCENARIO: ESIF training-window mean IT; not Forest City IT,SCENARIO_INPUT + TRANSFERRED_MODEL_OUTPUT
2012-06-22 05:00:00+00:00,24.0,19.904867587427486,26.36416044005147,19.48945560740139,45.85361604745286,0.032606122358586315,SCENARIO: ESIF training-window mean IT; not Forest City IT,SCENARIO_INPUT + TRANSFERRED_MODEL_OUTPUT
2012-06-22 06:00:00+00:00,24.0,19.90413546399626,26.362647201141257,19.48945560740139,45.85210280854265,0.032605046307070264,SCENARIO: ESIF training-window mean IT; not Forest City IT,SCENARIO_INPUT + TRANSFERRED_MODEL_OUTPUT
2012-06-22 07:00:00+00:00,23.666666666666668,20.01158885859732,26.820582398544257,19.48945560740139,46.31003800594564,0.032930680190848875,SCENARIO: ESIF training-window mean IT; not Forest City IT,SCENARIO_INPUT + TRANSFERRED_MODEL_OUTPUT
2012-06-22 08:00:00+00:00,22.333333333333332,19.38821552473757,26.477919450490695,19.48945560740139,45.967375057892085,0.03268701543820591,SCENARIO: ESIF training-window mean IT; not Forest City IT,SCENARIO_INPUT + TRANSFERRED_MODEL_OUTPUT
2012-06-22 09:00:00+00:00,21.666666666666668,19.17899863836439,26.520082814595924,19.48945560740139,46.00953842199731,0.03271699745331333,SCENARIO: ESIF training-window mean IT; not Forest City IT,SCENARIO_INPUT + TRANSFERRED_MODEL_OUTPUT
2012-06-22 10:00:00+00:00,21.0,18.969111871272034,26.56201498980296,19.48945560740139,46.05147059720435,0.032746815071931404,SCENARIO: ESIF training-window mean IT; not Forest City IT,SCENARIO_INPUT + TRANSFERRED_MODEL_OUTPUT
2012-06-22 11:00:00+00:00,21.666666666666668,19.6121914556595,27.400393407261618,19.48945560740139,46.88984901466301,0.033342978943373194,SCENARIO: ESIF training-window mean IT; not Forest City IT,SCENARIO_INPUT + TRANSFERRED_MODEL_OUTPUT
2012-06-22 12:00:00+00:00,24.0,20.538374141269863,27.687293373483726,19.48945560740139,47.176748980885115,0.03354699110663707,SCENARIO: ESIF training-window mean IT; not Forest City IT,SCENARIO_INPUT + TRANSFERRED_MODEL_OUTPUT
2012-06-22 13:00:00+00:00,25.333333333333332,21.360539158162577,28.498858579015184,19.48945560740139,47.988314186416574,0.03412408832763149,SCENARIO: ESIF training-window mean IT; not Forest City IT,SCENARIO_INPUT + TRANSFERRED_MODEL_OUTPUT
2012-06-22 14:00:00+00:00,27.333333333333332,22.144696663380035,28.78484085224912,19.48945560740139,48.27429645965051,0.03432744792709694,SCENARIO: ESIF training-window mean IT; not Forest City IT,SCENARIO_INPUT + TRANSFERRED_MODEL_OUTPUT
2012-06-22 15:00:00+00:00,29.0,21.78659299915053,26.786452024182733,19.48945560740139,46.27590763158412,0.03290641036747389,SCENARIO: ESIF training-window mean IT; not Forest City IT,SCENARIO_INPUT + TRANSFERRED_MODEL_OUTPUT
2012-06-22 16:00:00+00:00,31.0,21.38988055168151,24.45598586154105,19.48945560740139,43.945441468942434,0.031249235396300357,SCENARIO: ESIF training-window mean IT; not Forest City IT,SCENARIO_INPUT + TRANSFERRED_MODEL_OUTPUT
2012-06-22 17:00:00+00:00,31.0,21.389026052997625,24.454132981782852,19.48945560740139,43.943588589184245,0.03124791782902172,SCENARIO: ESIF training-window mean IT; not Forest City IT,SCENARIO_INPUT + TRANSFERRED_MODEL_OUTPUT
2012-06-22 22:00:00+00:00,21.5,19.12628662265451,26.52997598846536,19.48945560740139,46.01943159586675,0.03272403240639899,SCENARIO: ESIF training-window mean IT; not Forest City IT,SCENARIO_INPUT + TRANSFERRED_MODEL_OUTPUT
2012-06-22 23:00:00+00:00,22.0,20.26524389407969,28.519100166185474,19.48945560740139,48.00855577358686,0.03413848195074997,SCENARIO: ESIF training-window mean IT; not Forest City IT,SCENARIO_INPUT + TRANSFERRED_MODEL_OUTPUT
2012-06-23 01:00:00+00:00,21.333333333333332,20.40374969201035,29.274231039315453,19.48945560740139,48.76368664671684,0.03467544919059735,SCENARIO: ESIF training-window mean IT; not Forest City IT,SCENARIO_INPUT + TRANSFERRED_MODEL_OUTPUT
2012-06-23 02:00:00+00:00,21.333333333333332,20.40374969201035,29.274231039315453,19.48945560740139,48.76368664671684,0.03467544919059735,SCENARIO: ESIF training-window mean IT; not Forest City IT,SCENARIO_INPUT + TRANSFERRED_MODEL_OUTPUT
2012-06-23 03:00:00+00:00,21.0,20.07566047892037,28.820268667784205,19.48945560740139,48.309724275185594,0.034352640350024694,SCENARIO: ESIF training-window mean IT; not Forest City IT,SCENARIO_INPUT + TRANSFERRED_MODEL_OUTPUT
2012-06-23 04:00:00+00:00,20.0,19.31535549636162,27.95187448893781,19.48945560740139,47.4413300963392,0.0337351325220347,SCENARIO: ESIF training-window mean IT; not Forest City IT,SCENARIO_INPUT + TRANSFERRED_MODEL_OUTPUT
2012-06-23 05:00:00+00:00,20.0,19.54095901368151,28.410835486700226,19.48945560740139,47.90029109410162,0.03406149584385808,SCENARIO: ESIF training-window mean IT; not Forest City IT,SCENARIO_INPUT + TRANSFERRED_MODEL_OUTPUT
2012-06-23 06:00:00+00:00,20.0,19.09073628967985,27.498370926755697,19.48945560740139,46.98782653415709,0.0334126499369478,SCENARIO: ESIF training-window mean IT; not Forest City IT,SCENARIO_INPUT + TRANSFERRED_MODEL_OUTPUT
2012-06-23 07:00:00+00:00,19.666666666666668,18.542350570459526,26.635474260534906,19.48945560740139,46.124929867936295,0.03279905134414556,SCENARIO: ESIF training-window mean IT; not Forest City IT,SCENARIO_INPUT + TRANSFERRED_MODEL_OUTPUT
2012-06-23 08:00:00+00:00,19.0,18.32714509794049,26.670474947335425,19.48945560740139,46.15993055473682,0.032823940039407265,SCENARIO: ESIF training-window mean IT; not Forest City IT,SCENARIO_INPUT + TRANSFERRED_MODEL_OUTPUT
2012-06-23 09:00:00+00:00,19.0,18.32714509794047,26.670474947335386,19.48945560740139,46.159930554736775,0.03282394003940724,SCENARIO: ESIF training-window mean IT; not Forest City IT,SCENARIO_INPUT + TRANSFERRED_MODEL_OUTPUT
2012-06-23 10:00:00+00:00,19.0,18.32714509794047,26.670474947335386,19.48945560740139,46.159930554736775,0.03282394003940724,SCENARIO: ESIF training-window mean IT; not Forest City IT,SCENARIO_INPUT + TRANSFERRED_MODEL_OUTPUT
2012-06-23 11:00:00+00:00,20.333333333333332,19.871671143403415,28.859636433725683,19.48945560740139,48.34909204112707,0.03438063443869032,SCENARIO: ESIF training-window mean IT; not Forest City IT,SCENARIO_INPUT + TRANSFERRED_MODEL_OUTPUT
2012-06-23 12:00:00+00:00,23.0,20.89978850142105,29.159351162717446,19.48945560740139,48.64880677011884,0.03459375907243922,SCENARIO: ESIF training-window mean IT; not Forest City IT,SCENARIO_INPUT + TRANSFERRED_MODEL_OUTPUT
2012-06-23 13:00:00+00:00,24.666666666666668,21.168741495157178,28.55878626131134,19.48945560740139,48.04824186871273,0.03416670240063269,SCENARIO: ESIF training-window mean IT; not Forest City IT,SCENARIO_INPUT + TRANSFERRED_MODEL_OUTPUT
2012-06-23 14:00:00+00:00,26.333333333333332,21.650185295086978,28.414416668919007,19.48945560740139,47.9038722763204,0.03406404239254233,SCENARIO: ESIF training-window mean IT; not Forest City IT,SCENARIO_INPUT + TRANSFERRED_MODEL_OUTPUT
2012-06-23 15:00:00+00:00,27.333333333333332,20.90617328646702,26.087741134986306,19.48945560740139,45.5771967423877,0.03240956290569817,SCENARIO: ESIF training-window mean IT; not Forest City IT,SCENARIO_INPUT + TRANSFERRED_MODEL_OUTPUT
2012-06-23 16:00:00+00:00,28.0,21.30096693402113,26.454389143995282,19.48945560740139,45.94384475139667,0.032670283234317546,SCENARIO: ESIF training-window mean IT; not Forest City IT,SCENARIO_INPUT + TRANSFERRED_MODEL_OUTPUT
2012-06-23 17:00:00+00:00,29.0,21.39136277160587,25.924053567159156,19.48945560740139,45.413509174560545,0.03229316604705941,SCENARIO: ESIF training-window mean IT; not Forest City IT,SCENARIO_INPUT + TRANSFERRED_MODEL_OUTPUT
2012-06-23 18:00:00+00:00,30.0,21.388586086008623,25.187721053770733,19.48945560740139,44.677176661172126,0.03176956616339262,SCENARIO: ESIF training-window mean IT; not Forest City IT,SCENARIO_INPUT + TRANSFERRED_MODEL_OUTPUT
2012-06-23 19:00:00+00:00,30.666666666666668,21.484894501208224,24.907641037197997,19.48945560740139,44.39709664459939,0.031570403609209,SCENARIO: ESIF training-window mean IT; not Forest City IT,SCENARIO_INPUT + TRANSFERRED_MODEL_OUTPUT
2012-06-23 21:00:00+00:00,31.0,21.959090827317404,25.701337146814545,19.48945560740139,45.190792754215934,0.032134794265747606,SCENARIO: ESIF training-window mean IT; not Forest City IT,SCENARIO_INPUT + TRANSFERRED_MODEL_OUTPUT
2012-06-23 22:00:00+00:00,31.0,21.959090827317404,25.701337146814545,19.48945560740139,45.190792754215934,0.032134794265747606,SCENARIO: ESIF training-window mean IT; not Forest City IT,SCENARIO_INPUT + TRANSFERRED_MODEL_OUTPUT
2012-06-23 23:00:00+00:00,28.5,22.157905962111435,27.969956004414453,19.48945560740139,47.45941161181584,0.033747990136261896,SCENARIO: ESIF training-window mean IT; not Forest City IT,SCENARIO_INPUT + TRANSFERRED_MODEL_OUTPUT
2012-06-24 01:00:00+00:00,21.5,19.781821969788005,27.864737319322444,19.48945560740139,47.35419292672383,0.03367317001047358,SCENARIO: ESIF training-window mean IT; not Forest City IT,SCENARIO_INPUT + TRANSFERRED_MODEL_OUTPUT
2012-06-24 02:00:00+00:00,22.0,20.604587984092852,29.232795132913374,19.48945560740139,48.72225074031476,0.03464598446457035,SCENARIO: ESIF training-window mean IT; not Forest City IT,SCENARIO_INPUT + TRANSFERRED_MODEL_OUTPUT
2012-06-24 03:00:00+00:00,21.0,20.076311193120354,28.82162126509771,19.48945560740139,48.3110768724991,0.03435360217064666,SCENARIO: ESIF training-window mean IT; not Forest City IT,SCENARIO_INPUT + TRANSFERRED_MODEL_OUTPUT
2012-06-24 04:00:00+00:00,21.0,19.627209223805778,27.89498288003213,19.48945560740139,47.38443848743352,0.0336946773753951,SCENARIO: ESIF training-window mean IT; not Forest City IT,SCENARIO_INPUT + TRANSFERRED_MODEL_OUTPUT
2012-06-24 05:00:00+00:00,21.0,19.627209223805778,27.89498288003213,19.48945560740139,47.38443848743352,0.0336946773753951,SCENARIO: ESIF training-window mean IT; not Forest City IT,SCENARIO_INPUT + TRANSFERRED_MODEL_OUTPUT
2012-06-24 06:00:00+00:00,21.0,19.627209223805778,27.89498288003213,19.48945560740139,47.38443848743352,0.0336946773753951,SCENARIO: ESIF training-window mean IT; not Forest City IT,SCENARIO_INPUT + TRANSFERRED_MODEL_OUTPUT
2012-06-24 07:00:00+00:00,21.0,19.627209223805778,27.89498288003213,19.48945560740139,47.38443848743352,0.0336946773753951,SCENARIO: ESIF training-window mean IT; not Forest City IT,SCENARIO_INPUT + TRANSFERRED_MODEL_OUTPUT
2012-06-24 08:00:00+00:00,20.333333333333332,19.19673028449619,27.48166660975197,19.48945560740139,46.97112221715336,0.033400771637020994,SCENARIO: ESIF training-window mean IT; not Forest City IT,SCENARIO_INPUT + TRANSFERRED_MODEL_OUTPUT
2012-06-24 09:00:00+00:00,20.0,18.86994765504413,27.055960989576516,19.48945560740139,46.5454165969779,0.03309805593569411,SCENARIO: ESIF training-window mean IT; not Forest City IT,SCENARIO_INPUT + TRANSFERRED_MODEL_OUTPUT
2012-06-24 10:00:00+00:00,20.0,18.87076093488937,27.057584504384103,19.48945560740139,46.54704011178549,0.03309921040347724,SCENARIO: ESIF training-window mean IT; not Forest City IT,SCENARIO_INPUT + TRANSFERRED_MODEL_OUTPUT
2012-06-24 11:00:00+00:00,20.666666666666668,19.974158775704375,28.840853430058782,19.48945560740139,48.33030903746017,0.03436727800208582,SCENARIO: ESIF training-window mean IT; not Forest City IT,SCENARIO_INPUT + TRANSFERRED_MODEL_OUTPUT
2012-06-24 12:00:00+00:00,22.666666666666668,20.803107215726346,29.18729918948418,19.48945560740139,48.67675479688557,0.03461363268021519,SCENARIO: ESIF training-window mean IT; not Forest City IT,SCENARIO_INPUT + TRANSFERRED_MODEL_OUTPUT
2012-06-24 13:00:00+00:00,24.333333333333332,21.5141909556759,29.54310625865732,19.48945560740139,49.032561866058714,0.03486664410730751,SCENARIO: ESIF training-window mean IT; not Forest City IT,SCENARIO_INPUT + TRANSFERRED_MODEL_OUTPUT
2012-06-24 14:00:00+00:00,25.333333333333332,22.244804322897934,30.44125030392913,19.48945560740139,49.93070591133052,0.0355053068161648,SCENARIO: ESIF training-window mean IT; not Forest City IT,SCENARIO_INPUT + TRANSFERRED_MODEL_OUTPUT
2012-06-24 15:00:00+00:00,27.333333333333332,22.579558614163513,29.756689288961,19.48945560740139,49.24614489636239,0.035018521211451104,SCENARIO: ESIF training-window mean IT; not Forest City IT,SCENARIO_INPUT + TRANSFERRED_MODEL_OUTPUT
2012-06-24 16:00:00+00:00,28.0,22.12325633104948,28.25555566581472,19.48945560740139,47.74501127321611,0.0339510776636567,SCENARIO: ESIF training-window mean IT; not Forest City IT,SCENARIO_INPUT + TRANSFERRED_MODEL_OUTPUT
2012-06-24 17:00:00+00:00,29.0,22.19562476701512,27.69020461936551,19.48945560740139,47.1796602267669,0.033549061269202644,SCENARIO: ESIF training-window mean IT; not Forest City IT,SCENARIO_INPUT + TRANSFERRED_MODEL_OUTPUT
2012-06-24 18:00:00+00:00,29.666666666666668,21.777814654345214,26.280777372121335,19.48945560740139,45.770232979522724,0.03254682935729388,SCENARIO: ESIF training-window mean IT; not Forest City IT,SCENARIO_INPUT + TRANSFERRED_MODEL_OUTPUT
2012-06-24 19:00:00+00:00,31.0,22.347812626566604,26.56452697031117,19.48945560740139,46.05398257771256,0.03274860132023357,SCENARIO: ESIF training-window mean IT; not Forest City IT,SCENARIO_INPUT + TRANSFERRED_MODEL_OUTPUT
2012-06-24 20:00:00+00:00,30.666666666666668,22.253651864931264,26.599804826309512,19.48945560740139,46.089260433710905,0.032773687108190626,SCENARIO: ESIF training-window mean IT; not Forest City IT,SCENARIO_INPUT + TRANSFERRED_MODEL_OUTPUT
2012-06-24 21:00:00+00:00,30.333333333333332,22.76491329821792,27.99238218030982,19.48945560740139,47.481837787711214,0.033763937202127385,SCENARIO: ESIF training-window mean IT; not Forest City IT,SCENARIO_INPUT + TRANSFERRED_MODEL_OUTPUT
2012-06-24 22:00:00+00:00,30.0,21.67344964991076,25.808169596506204,19.48945560740139,45.29762520390759,0.03221076192602785,SCENARIO: ESIF training-window mean IT; not Forest City IT,SCENARIO_INPUT + TRANSFERRED_MODEL_OUTPUT
2012-06-24 23:00:00+00:00,27.0,20.804170259499116,26.110430094741538,19.48945560740139,45.59988570214293,0.032425696834965656,SCENARIO: ESIF training-window mean IT; not Forest City IT,SCENARIO_INPUT + TRANSFERRED_MODEL_OUTPUT
2012-06-25 01:00:00+00:00,22.0,20.378600442086956,28.756631949586335,19.48945560740139,48.246087556987725,0.034307388812656055,SCENARIO: ESIF training-window mean IT; not Forest City IT,SCENARIO_INPUT + TRANSFERRED_MODEL_OUTPUT
2012-06-25 02:00:00+00:00,21.0,19.850291891576973,28.35354987925799,19.48945560740139,47.84300548665938,0.03402076052815877,SCENARIO: ESIF training-window mean IT; not Forest City IT,SCENARIO_INPUT + TRANSFERRED_MODEL_OUTPUT
2012-06-25 03:00:00+00:00,20.666666666666668,20.20303349206768,29.3167976351088,19.48945560740139,48.80625324251019,0.03470571794038122,SCENARIO: ESIF training-window mean IT; not Forest City IT,SCENARIO_INPUT + TRANSFERRED_MODEL_OUTPUT
2012-06-25 04:00:00+00:00,21.0,20.303559305198018,29.29575649670238,19.48945560740139,48.78521210410377,0.03469075576307478,SCENARIO: ESIF training-window mean IT; not Forest City IT,SCENARIO_INPUT + TRANSFERRED_MODEL_OUTPUT
2012-06-25 05:00:00+00:00,20.333333333333332,20.10135898792431,29.33566945341581,19.48945560740139,48.8251250608172,0.0347191375323325,SCENARIO: ESIF training-window mean IT; not Forest City IT,SCENARIO_INPUT + TRANSFERRED_MODEL_OUTPUT
2012-06-25 06:00:00+00:00,20.0,20.0,29.355431769402706,19.48945560740139,48.844887376804095,0.034733190349726245,SCENARIO: ESIF training-window mean IT; not Forest City IT,SCENARIO_INPUT + TRANSFERRED_MODEL_OUTPUT
2012-06-25 07:00:00+00:00,20.0,19.09073628967985,27.498370926755697,19.48945560740139,46.98782653415709,0.0334126499369478,SCENARIO: ESIF training-window mean IT; not Forest City IT,SCENARIO_INPUT + TRANSFERRED_MODEL_OUTPUT
2012-06-25 08:00:00+00:00,19.666666666666668,18.762643180260078,27.071955468728557,19.48945560740139,46.56141107612994,0.03310942947586929,SCENARIO: ESIF training-window mean IT; not Forest City IT,SCENARIO_INPUT + TRANSFERRED_MODEL_OUTPUT
2012-06-25 09:00:00+00:00,19.0,18.32714509794047,26.670474947335386,19.48945560740139,46.159930554736775,0.03282394003940724,SCENARIO: ESIF training-window mean IT; not Forest City IT,SCENARIO_INPUT + TRANSFERRED_MODEL_OUTPUT
2012-06-25 10:00:00+00:00,19.333333333333332,18.43454910599742,26.65242327417262,19.48945560740139,46.14187888157401,0.03281110364579952,SCENARIO: ESIF training-window mean IT; not Forest City IT,SCENARIO_INPUT + TRANSFERRED_MODEL_OUTPUT
2012-06-25 11:00:00+00:00,20.0,19.769336410976322,28.878981695320874,19.48945560740139,48.36843730272226,0.03439439069219885,SCENARIO: ESIF training-window mean IT; not Forest City IT,SCENARIO_INPUT + TRANSFERRED_MODEL_OUTPUT
2012-06-25 12:00:00+00:00,21.0,20.303559305198018,29.29575649670238,19.48945560740139,48.78521210410377,0.03469075576307478,SCENARIO: ESIF training-window mean IT; not Forest City IT,SCENARIO_INPUT + TRANSFERRED_MODEL_OUTPUT
2012-06-25 13:00:00+00:00,22.0,21.29175639706216,30.702119360419864,19.48945560740139,50.19157496782125,0.03569080861752117,SCENARIO: ESIF training-window mean IT; not Forest City IT,SCENARIO_INPUT + TRANSFERRED_MODEL_OUTPUT
2012-06-25 14:00:00+00:00,25.0,22.146431204918898,30.459847342623316,19.48945560740139,49.9493029500247,0.03551853101463461,SCENARIO: ESIF training-window mean IT; not Forest City IT,SCENARIO_INPUT + TRANSFERRED_MODEL_OUTPUT
2012-06-25 15:00:00+00:00,26.5,22.56283826399128,30.318568501383616,19.48945560740139,49.808024108785006,0.03541806881380461,SCENARIO: ESIF training-window mean IT; not Forest City IT,SCENARIO_INPUT + TRANSFERRED_MODEL_OUTPUT
2012-06-25 16:00:00+00:00,27.5,22.509388217574376,29.478745512280994,19.48945560740139,48.968201119682384,0.03482087771956473,SCENARIO: ESIF training-window mean IT; not Forest City IT,SCENARIO_INPUT + TRANSFERRED_MODEL_OUTPUT
2012-06-25 17:00:00+00:00,29.0,22.601431198925205,28.598127829974292,19.48945560740139,48.087583437375685,0.034194677860632954,SCENARIO: ESIF training-window mean IT; not Forest City IT,SCENARIO_INPUT + TRANSFERRED_MODEL_OUTPUT
2012-06-25 18:00:00+00:00,29.0,22.28735340028824,27.894447642561907,19.48945560740139,47.383903249963296,0.03369429677251251,SCENARIO: ESIF training-window mean IT; not Forest City IT,SCENARIO_INPUT + TRANSFERRED_MODEL_OUTPUT
2012-06-25 19:00:00+00:00,30.0,22.256709236970547,27.095839882112678,19.48945560740139,46.58529548951407,0.033126413482200655,SCENARIO: ESIF training-window mean IT; not Forest City IT,SCENARIO_INPUT + TRANSFERRED_MODEL_OUTPUT
2012-06-25 21:00:00+00:00,30.0,22.254694940652396,27.091352892679232,19.48945560740139,46.58080850008062,0.03312322282159196,SCENARIO: ESIF training-window mean IT; not Forest City IT,SCENARIO_INPUT + TRANSFERRED_MODEL_OUTPUT
2012-06-25 22:00:00+00:00,30.0,21.954848193845322,26.426515046152794,19.48945560740139,45.91597065355418,0.03265046219678047,SCENARIO: ESIF training-window mean IT; not Forest City IT,SCENARIO_INPUT + TRANSFERRED_MODEL_OUTPUT
2012-06-25 23:00:00+00:00,29.5,22.115991314480674,27.148732014284548,19.48945560740139,46.63818762168594,0.033164024634429475,SCENARIO: ESIF training-window mean IT; not Forest City IT,SCENARIO_INPUT + TRANSFERRED_MODEL_OUTPUT
2012-06-26 01:00:00+00:00,25.5,21.947984171875966,29.664453661275868,19.48945560740139,49.15390926867725,0.034952933229054906,SCENARIO: ESIF training-window mean IT; not Forest City IT,SCENARIO_INPUT + TRANSFERRED_MODEL_OUTPUT
2012-06-26 02:00:00+00:00,24.0,21.187815118382048,29.07217231669528,19.48945560740139,48.56162792409667,0.03453176692513425,SCENARIO: ESIF training-window mean IT; not Forest City IT,SCENARIO_INPUT + TRANSFERRED_MODEL_OUTPUT
2012-06-26 03:00:00+00:00,23.0,20.89612768305156,29.15153605091946,19.48945560740139,48.64099165832085,0.03458820181188931,SCENARIO: ESIF training-window mean IT; not Forest City IT,SCENARIO_INPUT + TRANSFERRED_MODEL_OUTPUT
2012-06-26 04:00:00+00:00,23.333333333333332,20.994018461302755,29.126322374186373,19.48945560740139,48.61577798158776,0.03457027257752275,SCENARIO: ESIF training-window mean IT; not Forest City IT,SCENARIO_INPUT + TRANSFERRED_MODEL_OUTPUT
2012-06-26 05:00:00+00:00,21.666666666666668,20.50222168912886,29.249299355197714,19.48945560740139,48.7387549625991,0.03465772047881795,SCENARIO: ESIF training-window mean IT; not Forest City IT,SCENARIO_INPUT + TRANSFERRED_MODEL_OUTPUT
2012-06-26 06:00:00+00:00,22.333333333333332,18.34954618402807,24.40457407111021,19.48945560740139,43.8940296785116,0.03121267690268609,SCENARIO: ESIF training-window mean IT; not Forest City IT,SCENARIO_INPUT + TRANSFERRED_MODEL_OUTPUT
2012-06-26 07:00:00+00:00,21.666666666666668,16.581281827205395,21.510135956605698,19.48945560740139,40.99959156400709,0.029154466199669302,SCENARIO: ESIF training-window mean IT; not Forest City IT,SCENARIO_INPUT + TRANSFERRED_MODEL_OUTPUT
2012-06-26 08:00:00+00:00,20.333333333333332,15.744670505771898,20.920613319229233,19.48945560740139,40.41006892663062,0.028735261589338,SCENARIO: ESIF training-window mean IT; not Forest City IT,SCENARIO_INPUT + TRANSFERRED_MODEL_OUTPUT
2012-06-26 09:00:00+00:00,19.0,14.716021001022357,20.041288524843708,19.48945560740139,39.5307441322451,0.02810998109217935,SCENARIO: ESIF training-window mean IT; not Forest City IT,SCENARIO_INPUT + TRANSFERRED_MODEL_OUTPUT
2012-06-26 10:00:00+00:00,18.0,13.548609679459911,18.77255302955794,19.48945560740139,38.26200863695933,0.027207793906829387,SCENARIO: ESIF training-window mean IT; not Forest City IT,SCENARIO_INPUT + TRANSFERRED_MODEL_OUTPUT
2012-06-26 11:00:00+00:00,18.666666666666668,13.891989830175376,18.881813767262074,19.48945560740139,38.37126937466346,0.02728548830237899,SCENARIO: ESIF training-window mean IT; not Forest City IT,SCENARIO_INPUT + TRANSFERRED_MODEL_OUTPUT
2012-06-26 12:00:00+00:00,20.666666666666668,14.644952100780355,18.770736280183378,19.48945560740139,38.26019188758477,0.027206502031563967,SCENARIO: ESIF training-window mean IT; not Forest City IT,SCENARIO_INPUT + TRANSFERRED_MODEL_OUTPUT
2012-06-26 13:00:00+00:00,21.5,14.158205211824242,17.36877022981742,19.48945560740139,36.85822583721881,0.026209575714269615,SCENARIO: ESIF training-window mean IT; not Forest City IT,SCENARIO_INPUT + TRANSFERRED_MODEL_OUTPUT
2012-06-26 14:00:00+00:00,22.666666666666668,15.057842269191454,18.08724327751689,19.48945560740139,37.57669888491828,0.02672047588145363,SCENARIO: ESIF training-window mean IT; not Forest City IT,SCENARIO_INPUT + TRANSFERRED_MODEL_OUTPUT
2012-06-26 15:00:00+00:00,24.0,16.016397450008085,18.843485324316134,19.48945560740139,38.33294093171752,0.027258233267591414,SCENARIO: ESIF training-window mean IT; not Forest City IT,SCENARIO_INPUT + TRANSFERRED_MODEL_OUTPUT
2012-06-26 16:00:00+00:00,24.666666666666668,15.933206052969965,18.221570934559598,19.48945560740139,37.71102654196099,0.02681599515341561,SCENARIO: ESIF training-window mean IT; not Forest City IT,SCENARIO_INPUT + TRANSFERRED_MODEL_OUTPUT
2012-06-26 17:00:00+00:00,26.0,15.517050114612065,16.530007076240658,19.48945560740139,36.01946268364205,0.025613138260196306,SCENARIO: ESIF training-window mean IT; not Forest City IT,SCENARIO_INPUT + TRANSFERRED_MODEL_OUTPUT
2012-06-26 18:00:00+00:00,26.0,14.839487659146297,15.348350689629939,19.48945560740139,34.83780629703133,0.024772872299759052,SCENARIO: ESIF training-window mean IT; not Forest City IT,SCENARIO_INPUT + TRANSFERRED_MODEL_OUTPUT
2012-06-26 19:00:00+00:00,26.666666666666668,15.478747179642713,15.984427808826778,19.48945560740139,35.47388341622817,0.02522518141223049,SCENARIO: ESIF training-window mean IT; not Forest City IT,SCENARIO_INPUT + TRANSFERRED_MODEL_OUTPUT
2012-06-26 20:00:00+00:00,27.0,15.330049925645309,15.483128354344439,19.48945560740139,34.972583961745826,0.02486871156840774,SCENARIO: ESIF training-window mean IT; not Forest City IT,SCENARIO_INPUT + TRANSFERRED_MODEL_OUTPUT
2012-06-26 21:00:00+00:00,26.666666666666668,15.477008980390478,15.981360837356636,19.48945560740139,35.47081644475803,0.025223000514503203,SCENARIO: ESIF training-window mean IT; not Forest City IT,SCENARIO_INPUT + TRANSFERRED_MODEL_OUTPUT
2012-06-26 22:00:00+00:00,26.0,15.374286832615706,16.278422125149348,19.48945560740139,35.76787773255074,0.02543423830843737,SCENARIO: ESIF training-window mean IT; not Forest City IT,SCENARIO_INPUT + TRANSFERRED_MODEL_OUTPUT
2012-06-26 23:00:00+00:00,25.333333333333332,15.273821378446833,16.578274342290854,19.48945560740139,36.06772994969224,0.02564746070885812,SCENARIO: ESIF training-window mean IT; not Forest City IT,SCENARIO_INPUT + TRANSFERRED_MODEL_OUTPUT
2012-06-27 00:00:00+00:00,24.0,15.535830064670307,17.985753601669707,19.48945560740139,37.475209209071096,0.026648307422909773,SCENARIO: ESIF training-window mean IT; not Forest City IT,SCENARIO_INPUT + TRANSFERRED_MODEL_OUTPUT
2012-06-27 01:00:00+00:00,21.0,13.659537494413422,16.89006004220358,19.48945560740139,36.37951564960497,0.0258691689089375,SCENARIO: ESIF training-window mean IT; not Forest City IT,SCENARIO_INPUT + TRANSFERRED_MODEL_OUTPUT
2012-06-27 02:00:00+00:00,19.666666666666668,13.938072498778396,18.271607852911806,19.48945560740139,37.761063460313196,0.026851575987008977,SCENARIO: ESIF training-window mean IT; not Forest City IT,SCENARIO_INPUT + TRANSFERRED_MODEL_OUTPUT
2012-06-27 03:00:00+00:00,17.0,13.426563859568201,19.253350976066194,19.48945560740139,38.74280658346758,0.027549685300026848,SCENARIO: ESIF training-window mean IT; not Forest City IT,SCENARIO_INPUT + TRANSFERRED_MODEL_OUTPUT
2012-06-27 04:00:00+00:00,16.333333333333332,13.530120181245596,19.87260231936868,19.48945560740139,39.36205792677007,0.027990029744171543,SCENARIO: ESIF training-window mean IT; not Forest City IT,SCENARIO_INPUT + TRANSFERRED_MODEL_OUTPUT
2012-06-27 05:00:00+00:00,16.0,13.217918089360719,19.591251059947062,19.48945560740139,39.08070666734845,0.027789963219844435,SCENARIO: ESIF training-window mean IT; not Forest City IT,SCENARIO_INPUT + TRANSFERRED_MODEL_OUTPUT
2012-06-27 06:00:00+00:00,15.0,12.640125483737304,19.343474526289516,19.48945560740139,38.83293013369091,0.027613771401828087,SCENARIO: ESIF training-window mean IT; not Forest City IT,SCENARIO_INPUT + TRANSFERRED_MODEL_OUTPUT
2012-06-27 07:00:00+00:00,14.333333333333334,12.373333231737448,19.371933314415294,19.48945560740139,38.86138892181668,0.027634008207728974,SCENARIO: ESIF training-window mean IT; not Forest City IT,SCENARIO_INPUT + TRANSFERRED_MODEL_OUTPUT
2012-06-27 08:00:00+00:00,13.666666666666666,12.103914782198665,19.399346739154858,19.48945560740139,38.88880234655625,0.02765350166448059,SCENARIO: ESIF training-window mean IT; not Forest City IT,SCENARIO_INPUT + TRANSFERRED_MODEL_OUTPUT
2012-06-27 09:00:00+00:00,13.0,11.832114990800635,19.426230875646926,19.48945560740139,38.91568648304832,0.02767261874879207,SCENARIO: ESIF training-window mean IT; not Forest City IT,SCENARIO_INPUT + TRANSFERRED_MODEL_OUTPUT
2012-06-27 10:00:00+00:00,12.666666666666666,11.695068441185317,19.439133881738165,19.48945560740139,38.928589489139554,0.027681793968364045,SCENARIO: ESIF training-window mean IT; not Forest City IT,SCENARIO_INPUT + TRANSFERRED_MODEL_OUTPUT
2012-06-27 11:00:00+00:00,14.666666666666666,12.69279778659619,19.64904838691688,19.48945560740139,39.13850399431827,0.027831062415014273,SCENARIO: ESIF training-window mean IT; not Forest City IT,SCENARIO_INPUT + TRANSFERRED_MODEL_OUTPUT
2012-06-27 12:00:00+00:00,18.333333333333332,13.770766765351846,18.90948433673232,19.48945560740139,38.39893994413371,0.027305164612595068,SCENARIO: ESIF training-window mean IT; not Forest City IT,SCENARIO_INPUT + TRANSFERRED_MODEL_OUTPUT
2012-06-27 13:00:00+00:00,21.333333333333332,14.575688726182335,18.189729042793587,19.48945560740139,37.679184650194976,0.02679335265084881,SCENARIO: ESIF training-window mean IT; not Forest City IT,SCENARIO_INPUT + TRANSFERRED_MODEL_OUTPUT
2012-06-27 14:00:00+00:00,23.333333333333332,14.559117897504628,16.76153665921277,19.48945560740139,36.25099226661416,0.025777777007644463,SCENARIO: ESIF training-window mean IT; not Forest City IT,SCENARIO_INPUT + TRANSFERRED_MODEL_OUTPUT
2012-06-27 15:00:00+00:00,25.0,14.624443048130814,15.693263920679208,19.48945560740139,35.1827195280806,0.025018137209794705,SCENARIO: ESIF training-window mean IT; not Forest City IT,SCENARIO_INPUT + TRANSFERRED_MODEL_OUTPUT
2012-06-27 16:00:00+00:00,25.333333333333332,14.748114684174762,15.667461163220485,19.48945560740139,35.156916770621876,0.024999789085057556,SCENARIO: ESIF training-window mean IT; not Forest City IT,SCENARIO_INPUT + TRANSFERRED_MODEL_OUTPUT
2012-06-27 17:00:00+00:00,26.0,15.2603917754887,16.078708968487884,19.48945560740139,35.56816457588927,0.02529222395528397,SCENARIO: ESIF training-window mean IT; not Forest City IT,SCENARIO_INPUT + TRANSFERRED_MODEL_OUTPUT
2012-06-27 18:00:00+00:00,27.0,15.486621047572644,15.758646807725496,19.48945560740139,35.24810241512689,0.02506463043320772,SCENARIO: ESIF training-window mean IT; not Forest City IT,SCENARIO_INPUT + TRANSFERRED_MODEL_OUTPUT
2012-06-27 19:00:00+00:00,27.666666666666668,15.465422594634383,15.240482306654378,19.48945560740139,34.72993791405577,0.02469616799599631,SCENARIO: ESIF training-window mean IT; not Forest City IT,SCENARIO_INPUT + TRANSFERRED_MODEL_OUTPUT
2012-06-27 20:00:00+00:00,28.0,15.71191224124147,15.436180879469358,19.48945560740139,34.925636486870744,0.024835327612197623,SCENARIO: ESIF training-window mean IT; not Forest City IT,SCENARIO_INPUT + TRANSFERRED_MODEL_OUTPUT
2012-06-27 21:00:00+00:00,28.666666666666668,15.949006967505287,15.376651504792644,19.48945560740139,34.86610711219403,0.024792996772408885,SCENARIO: ESIF training-window mean IT; not Forest City IT,SCENARIO_INPUT + TRANSFERRED_MODEL_OUTPUT
2012-06-27 22:00:00+00:00,28.0,15.70935055519404,15.431620163745603,19.48945560740139,34.92107577114699,0.024832084525441334,SCENARIO: ESIF training-window mean IT; not Forest City IT,SCENARIO_INPUT + TRANSFERRED_MODEL_OUTPUT
2012-06-27 23:00:00+00:00,27.666666666666668,15.98760664947422,16.170723065624372,19.48945560740139,35.66017867302576,0.025357654409162295,SCENARIO: ESIF training-window mean IT; not Forest City IT,SCENARIO_INPUT + TRANSFERRED_MODEL_OUTPUT
2012-06-28 00:00:00+00:00,26.0,16.259185863461575,17.860273830053142,19.48945560740139,37.34972943745453,0.026559079808175456,SCENARIO: ESIF training-window mean IT; not Forest City IT,SCENARIO_INPUT + TRANSFERRED_MODEL_OUTPUT
2012-06-28 01:00:00+00:00,24.0,15.551198507585113,18.0129394267715,19.48945560740139,37.50239503417289,0.02666763903546506,SCENARIO: ESIF training-window mean IT; not Forest City IT,SCENARIO_INPUT + TRANSFERRED_MODEL_OUTPUT
2012-06-28 02:00:00+00:00,22.5,15.994989104237309,19.860744860967767,19.48945560740139,39.35020046836915,0.027981598004805947,SCENARIO: ESIF training-window mean IT; not Forest City IT,SCENARIO_INPUT + TRANSFERRED_MODEL_OUTPUT
2012-06-28 03:00:00+00:00,21.0,15.634861565876779,20.26330978317535,19.48945560740139,39.75276539057674,0.028267858549605545,SCENARIO: ESIF training-window mean IT; not Forest City IT,SCENARIO_INPUT + TRANSFERRED_MODEL_OUTPUT
2012-06-28 04:00:00+00:00,18.666666666666668,15.152993529672155,21.024477516146916,19.48945560740139,40.513933123548306,0.02880911854992906,SCENARIO: ESIF training-window mean IT; not Forest City IT,SCENARIO_INPUT + TRANSFERRED_MODEL_OUTPUT
2012-06-28 05:00:00+00:00,17.666666666666668,14.784019142303784,21.06864646554586,19.48945560740139,40.55810207294725,0.02884052671994256,SCENARIO: ESIF training-window mean IT; not Forest City IT,SCENARIO_INPUT + TRANSFERRED_MODEL_OUTPUT
2012-06-28 06:00:00+00:00,16.333333333333332,14.286024314006017,21.125279774000592,19.48945560740139,40.614735381401985,0.02888079819129469,SCENARIO: ESIF training-window mean IT; not Forest City IT,SCENARIO_INPUT + TRANSFERRED_MODEL_OUTPUT
2012-06-28 07:00:00+00:00,16.333333333333332,14.286024314006017,21.125279774000592,19.48945560740139,40.614735381401985,0.02888079819129469,SCENARIO: ESIF training-window mean IT; not Forest City IT,SCENARIO_INPUT + TRANSFERRED_MODEL_OUTPUT
2012-06-28 08:00:00+00:00,15.333333333333334,13.906547308451358,21.164027430816596,19.48945560740139,40.653483038217985,0.028908351325554454,SCENARIO: ESIF training-window mean IT; not Forest City IT,SCENARIO_INPUT + TRANSFERRED_MODEL_OUTPUT
2012-06-28 09:00:00+00:00,15.0,13.778279685961937,21.175263389736784,19.48945560740139,40.66471899713817,0.028916341121844207,SCENARIO: ESIF training-window mean IT; not Forest City IT,SCENARIO_INPUT + TRANSFERRED_MODEL_OUTPUT
2012-06-28 10:00:00+00:00,15.0,13.5840657265278,20.85642481700727,19.48945560740139,40.34588042440866,0.028689617682970885,SCENARIO: ESIF training-window mean IT; not Forest City IT,SCENARIO_INPUT + TRANSFERRED_MODEL_OUTPUT
2012-06-28 11:00:00+00:00,16.0,14.752807380480657,22.142961601288732,19.48945560740139,41.63241720869012,0.029604463215844264,SCENARIO: ESIF training-window mean IT; not Forest City IT,SCENARIO_INPUT + TRANSFERRED_MODEL_OUTPUT
2012-06-28 12:00:00+00:00,19.333333333333332,16.55040640233955,23.06858064772831,19.48945560740139,42.5580362551297,0.030262663167935577,SCENARIO: ESIF training-window mean IT; not Forest City IT,SCENARIO_INPUT + TRANSFERRED_MODEL_OUTPUT
2012-06-28 13:00:00+00:00,23.0,17.795790191271777,22.86171587674544,19.48945560740139,42.35117148414683,0.03011556336173124,SCENARIO: ESIF training-window mean IT; not Forest City IT,SCENARIO_INPUT + TRANSFERRED_MODEL_OUTPUT
2012-06-28 14:00:00+00:00,26.0,18.23253163373885,21.580537264220283,19.48945560740139,41.06999287162167,0.029204527979920392,SCENARIO: ESIF training-window mean IT; not Forest City IT,SCENARIO_INPUT + TRANSFERRED_MODEL_OUTPUT
2012-06-28 15:00:00+00:00,27.5,18.20590445905561,20.45055113353215,19.48945560740139,39.94000674093354,0.028401004305744007,SCENARIO: ESIF training-window mean IT; not Forest City IT,SCENARIO_INPUT + TRANSFERRED_MODEL_OUTPUT
2012-06-28 16:00:00+00:00,30.0,18.224210764860906,18.66842910691531,19.48945560740139,38.157884714316694,0.027133752257450454,SCENARIO: ESIF training-window mean IT; not Forest City IT,SCENARIO_INPUT + TRANSFERRED_MODEL_OUTPUT
2012-06-28 17:00:00+00:00,31.333333333333332,18.95619000951003,19.13530564305492,19.48945560740139,38.62476125045631,0.027465744252323166,SCENARIO: ESIF training-window mean IT; not Forest City IT,SCENARIO_INPUT + TRANSFERRED_MODEL_OUTPUT
2012-06-28 18:00:00+00:00,32.0,18.71807924627357,18.167530911646733,19.48945560740139,37.65698651904812,0.026777567745694168,SCENARIO: ESIF training-window mean IT; not Forest City IT,SCENARIO_INPUT + TRANSFERRED_MODEL_OUTPUT
2012-06-28 19:00:00+00:00,32.666666666666664,19.37170200895538,18.985258867905156,19.48945560740139,38.47471447530654,0.027359047247119007,SCENARIO: ESIF training-window mean IT; not Forest City IT,SCENARIO_INPUT + TRANSFERRED_MODEL_OUTPUT
2012-06-28 20:00:00+00:00,33.333333333333336,19.27919187775247,18.30096262088517,19.48945560740139,37.790418228286555,0.02687244991667587,SCENARIO: ESIF training-window mean IT; not Forest City IT,SCENARIO_INPUT + TRANSFERRED_MODEL_OUTPUT
2012-06-28 21:00:00+00:00,34.333333333333336,19.73241470667647,18.4767460616229,19.48945560740139,37.96620166902429,0.026997448049241386,SCENARIO: ESIF training-window mean IT; not Forest City IT,SCENARIO_INPUT + TRANSFERRED_MODEL_OUTPUT
2012-06-28 22:00:00+00:00,33.666666666666664,19.67324984828901,18.854838486546907,19.48945560740139,38.34429409394829,0.027266306406173772,SCENARIO: ESIF training-window mean IT; not Forest City IT,SCENARIO_INPUT + TRANSFERRED_MODEL_OUTPUT
2012-06-28 23:00:00+00:00,32.333333333333336,19.259297573398804,19.005119664741827,19.48945560740139,38.494575272143216,0.027373170093420274,SCENARIO: ESIF training-window mean IT; not Forest City IT,SCENARIO_INPUT + TRANSFERRED_MODEL_OUTPUT
2012-06-29 00:00:00+00:00,31.0,18.38553830894575,18.24970469014874,19.48945560740139,37.73916029755013,0.026836000831401762,SCENARIO: ESIF training-window mean IT; not Forest City IT,SCENARIO_INPUT + TRANSFERRED_MODEL_OUTPUT
2012-06-29 01:00:00+00:00,29.0,17.883786373363368,18.73815534372508,19.48945560740139,38.227610951126465,0.027183334000505797,SCENARIO: ESIF training-window mean IT; not Forest City IT,SCENARIO_INPUT + TRANSFERRED_MODEL_OUTPUT
2012-06-29 02:00:00+00:00,26.666666666666668,18.26439029342319,21.16483840699335,19.48945560740139,40.654294014394736,0.028908928003922016,SCENARIO: ESIF training-window mean IT; not Forest City IT,SCENARIO_INPUT + TRANSFERRED_MODEL_OUTPUT
2012-06-29 03:00:00+00:00,23.0,18.07792357893708,23.406930634601554,19.48945560740139,42.89638624200295,0.030503261010003214,SCENARIO: ESIF training-window mean IT; not Forest City IT,SCENARIO_INPUT + TRANSFERRED_MODEL_OUTPUT
2012-06-29 04:00:00+00:00,22.666666666666668,18.262183241351888,23.99997908377832,19.48945560740139,43.48943469117971,0.0309249727955779,SCENARIO: ESIF training-window mean IT; not Forest City IT,SCENARIO_INPUT + TRANSFERRED_MODEL_OUTPUT
2012-06-29 05:00:00+00:00,20.666666666666668,17.60325659550152,24.12115238035145,19.48945560740139,43.61060798775284,0.031011138111974496,SCENARIO: ESIF training-window mean IT; not Forest City IT,SCENARIO_INPUT + TRANSFERRED_MODEL_OUTPUT
2012-06-29 06:00:00+00:00,20.0,17.689880302560965,24.74785290291599,19.48945560740139,44.237308510317376,0.031456779605107385,SCENARIO: ESIF training-window mean IT; not Forest City IT,SCENARIO_INPUT + TRANSFERRED_MODEL_OUTPUT
2012-06-29 07:00:00+00:00,20.0,17.3794463746051,24.156479273279363,19.48945560740139,43.645934880680755,0.031036258769681496,SCENARIO: ESIF training-window mean IT; not Forest City IT,SCENARIO_INPUT + TRANSFERRED_MODEL_OUTPUT
2012-06-29 08:00:00+00:00,19.333333333333332,17.154502340653238,24.19121806004539,19.48945560740139,43.68067366744678,0.03106096123002202,SCENARIO: ESIF training-window mean IT; not Forest City IT,SCENARIO_INPUT + TRANSFERRED_MODEL_OUTPUT
2012-06-29 09:00:00+00:00,18.0,16.698898869946596,24.254864581306677,19.48945560740139,43.744320188708066,0.031106219738266955,SCENARIO: ESIF training-window mean IT; not Forest City IT,SCENARIO_INPUT + TRANSFERRED_MODEL_OUTPUT
2012-06-29 10:00:00+00:00,18.0,16.698898869946596,24.254864581306677,19.48945560740139,43.744320188708066,0.031106219738266955,SCENARIO: ESIF training-window mean IT; not Forest City IT,SCENARIO_INPUT + TRANSFERRED_MODEL_OUTPUT
2012-06-29 11:00:00+00:00,19.0,17.461135961185057,24.999464547245832,19.48945560740139,44.48892015464722,0.03163569853820469,SCENARIO: ESIF training-window mean IT; not Forest City IT,SCENARIO_INPUT + TRANSFERRED_MODEL_OUTPUT
2012-06-29 12:00:00+00:00,24.0,19.287532478269416,25.101184188402495,19.48945560740139,44.59063979580388,0.03170803052315422,SCENARIO: ESIF training-window mean IT; not Forest City IT,SCENARIO_INPUT + TRANSFERRED_MODEL_OUTPUT
2012-06-29 15:00:00+00:00,33.5,20.235117624944063,20.14267806255929,19.48945560740139,39.63213366996068,0.028182078343336456,SCENARIO: ESIF training-window mean IT; not Forest City IT,SCENARIO_INPUT + TRANSFERRED_MODEL_OUTPUT
2012-06-29 16:00:00+00:00,35.0,20.528007505887345,19.63199458037322,19.48945560740139,39.12145018777461,0.027818935596002514,SCENARIO: ESIF training-window mean IT; not Forest City IT,SCENARIO_INPUT + TRANSFERRED_MODEL_OUTPUT
2012-06-29 17:00:00+00:00,35.0,21.484299811760398,21.680556257723858,19.48945560740139,41.17001186512525,0.029275650648566312,SCENARIO: ESIF training-window mean IT; not Forest City IT,SCENARIO_INPUT + TRANSFERRED_MODEL_OUTPUT
2012-06-29 18:00:00+00:00,35.0,21.484299811760398,21.680556257723858,19.48945560740139,41.17001186512525,0.029275650648566312,SCENARIO: ESIF training-window mean IT; not Forest City IT,SCENARIO_INPUT + TRANSFERRED_MODEL_OUTPUT
2012-06-30 01:00:00+00:00,31.0,21.951155680810466,25.683824011946854,19.48945560740139,45.17327961934824,0.03212234082221139,SCENARIO: ESIF training-window mean IT; not Forest City IT,SCENARIO_INPUT + TRANSFERRED_MODEL_OUTPUT
2012-06-30 02:00:00+00:00,28.0,21.093302311703653,26.006821755815864,19.48945560740139,45.49627736321725,0.03235202181284997,SCENARIO: ESIF training-window mean IT; not Forest City IT,SCENARIO_INPUT + TRANSFERRED_MODEL_OUTPUT
2012-06-30 03:00:00+00:00,26.0,21.76613276514476,28.9070965850673,19.48945560740139,48.39655219246869,0.03441438295484225,SCENARIO: ESIF training-window mean IT; not Forest City IT,SCENARIO_INPUT + TRANSFERRED_MODEL_OUTPUT
2012-06-30 04:00:00+00:00,25.0,21.8115346098325,29.720173328934816,19.48945560740139,49.2096289363362,0.03499255501808867,SCENARIO: ESIF training-window mean IT; not Forest City IT,SCENARIO_INPUT + TRANSFERRED_MODEL_OUTPUT
2012-06-30 05:00:00+00:00,25.666666666666668,21.027867197459372,27.544140430457876,19.48945560740139,47.03359603785927,0.03344519624772209,SCENARIO: ESIF training-window mean IT; not Forest City IT,SCENARIO_INPUT + TRANSFERRED_MODEL_OUTPUT
2012-06-30 06:00:00+00:00,24.5,20.366537860349368,26.97163770973912,19.48945560740139,46.46109331714051,0.03303809435758846,SCENARIO: ESIF training-window mean IT; not Forest City IT,SCENARIO_INPUT + TRANSFERRED_MODEL_OUTPUT
2012-06-30 07:00:00+00:00,23.666666666666668,19.799125625955547,26.38142595053703,19.48945560740139,45.87088155793842,0.03261839971849819,SCENARIO: ESIF training-window mean IT; not Forest City IT,SCENARIO_INPUT + TRANSFERRED_MODEL_OUTPUT
2012-06-30 08:00:00+00:00,23.333333333333332,19.076808415811584,25.14645744937636,19.48945560740139,44.63591305677775,0.03174022395988031,SCENARIO: ESIF training-window mean IT; not Forest City IT,SCENARIO_INPUT + TRANSFERRED_MODEL_OUTPUT
2012-06-30 09:00:00+00:00,22.666666666666668,18.86596236631027,25.192641076062383,19.48945560740139,44.68209668346377,0.03177306475004023,SCENARIO: ESIF training-window mean IT; not Forest City IT,SCENARIO_INPUT + TRANSFERRED_MODEL_OUTPUT
2012-06-30 10:00:00+00:00,23.0,18.97198012883307,25.170595959223586,19.48945560740139,44.66005156662497,0.03175738865207859,SCENARIO: ESIF training-window mean IT; not Forest City IT,SCENARIO_INPUT + TRANSFERRED_MODEL_OUTPUT
2012-06-30 11:00:00+00:00,23.333333333333332,19.48945810751946,25.98185049204524,19.48945560740139,45.47130609944663,0.03233426495631087,SCENARIO: ESIF training-window mean IT; not Forest City IT,SCENARIO_INPUT + TRANSFERRED_MODEL_OUTPUT
2012-06-30 12:00:00+00:00,25.0,20.207509504218535,26.283674485275874,19.48945560740139,45.77313009267726,0.03254888947019546,SCENARIO: ESIF training-window mean IT; not Forest City IT,SCENARIO_INPUT + TRANSFERRED_MODEL_OUTPUT
2012-06-30 13:00:00+00:00,27.0,20.21196342836933,24.86196426674438,19.48945560740139,44.35141987414577,0.031537923240271146,SCENARIO: ESIF training-window mean IT; not Forest City IT,SCENARIO_INPUT + TRANSFERRED_MODEL_OUTPUT
2012-06-30 14:00:00+00:00,29.0,20.619593631603934,24.27081154934256,19.48945560740139,43.76026715674395,0.03111755949368534,SCENARIO: ESIF training-window mean IT; not Forest City IT,SCENARIO_INPUT + TRANSFERRED_MODEL_OUTPUT
2012-06-30 15:00:00+00:00,32.0,20.783819117138776,22.41557156763613,19.48945560740139,41.90502717503752,0.029798313879872473,SCENARIO: ESIF training-window mean IT; not Forest City IT,SCENARIO_INPUT + TRANSFERRED_MODEL_OUTPUT
2012-06-30 16:00:00+00:00,33.0,21.248942507667216,22.669276970698377,19.48945560740139,42.158732578099766,0.029978721667269684,SCENARIO: ESIF training-window mean IT; not Forest City IT,SCENARIO_INPUT + TRANSFERRED_MODEL_OUTPUT
2012-06-30 17:00:00+00:00,34.666666666666664,22.070560027556876,23.218292339128613,19.48945560740139,42.707747946530006,0.03036912189789174,SCENARIO: ESIF training-window mean IT; not Forest City IT,SCENARIO_INPUT + TRANSFERRED_MODEL_OUTPUT
2012-06-30 18:00:00+00:00,36.0,22.789119675229408,23.820832189856258,19.48945560740139,43.310287797257644,0.030797582939621097,SCENARIO: ESIF training-window mean IT; not Forest City IT,SCENARIO_INPUT + TRANSFERRED_MODEL_OUTPUT
2012-06-30 20:00:00+00:00,36.5,22.92131738400075,23.741293490243013,19.48945560740139,43.230749097644406,0.030741023636443172,SCENARIO: ESIF training-window mean IT; not Forest City IT,SCENARIO_INPUT + TRANSFERRED_MODEL_OUTPUT
2012-06-30 22:00:00+00:00,37.0,23.054920895622498,23.66509950154129,19.48945560740139,43.15455510894268,0.030686842729183293,SCENARIO: ESIF training-window mean IT; not Forest City IT,SCENARIO_INPUT + TRANSFERRED_MODEL_OUTPUT
2012-06-30 23:00:00+00:00,36.0,22.785059340120476,23.811640076098584,19.48945560740139,43.30109568349997,0.03079104650450971,SCENARIO: ESIF training-window mean IT; not Forest City IT,SCENARIO_INPUT + TRANSFERRED_MODEL_OUTPUT
2012-07-01 00:00:00+00:00,36.0,22.785059340120476,23.811640076098584,19.48945560740139,43.30109568349997,0.03079104650450971,SCENARIO: ESIF training-window mean IT; not Forest City IT,SCENARIO_INPUT + TRANSFERRED_MODEL_OUTPUT
2012-07-01 01:00:00+00:00,31.0,23.459292934201933,29.089630532290208,19.48945560740139,48.5790861396916,0.03454418131603554,SCENARIO: ESIF training-window mean IT; not Forest City IT,SCENARIO_INPUT + TRANSFERRED_MODEL_OUTPUT
2012-07-01 02:00:00+00:00,31.0,23.459933960007675,29.09111119491487,19.48945560740139,48.580566802316255,0.03454523420282775,SCENARIO: ESIF training-window mean IT; not Forest City IT,SCENARIO_INPUT + TRANSFERRED_MODEL_OUTPUT
2012-07-01 03:00:00+00:00,30.0,23.51205956960201,29.946148690983044,19.48945560740139,49.43560429838443,0.03515324420555309,SCENARIO: ESIF training-window mean IT; not Forest City IT,SCENARIO_INPUT + TRANSFERRED_MODEL_OUTPUT
2012-07-01 04:00:00+00:00,27.333333333333332,22.793950832820293,30.240577853462817,19.48945560740139,49.730033460864206,0.03536261031722063,SCENARIO: ESIF training-window mean IT; not Forest City IT,SCENARIO_INPUT + TRANSFERRED_MODEL_OUTPUT
2012-07-01 05:00:00+00:00,25.25,22.386569413911914,30.816998908019517,19.48945560740139,50.30645451542091,0.03577249850173133,SCENARIO: ESIF training-window mean IT; not Forest City IT,SCENARIO_INPUT + TRANSFERRED_MODEL_OUTPUT
2012-07-01 06:00:00+00:00,25.0,22.60239067613864,31.47922812375593,19.48945560740139,50.96868373115732,0.03624340415103467,SCENARIO: ESIF training-window mean IT; not Forest City IT,SCENARIO_INPUT + TRANSFERRED_MODEL_OUTPUT
2012-07-01 07:00:00+00:00,24.666666666666668,22.510333300777717,31.509128807853614,19.48945560740139,50.998584415255,0.03626466627708566,SCENARIO: ESIF training-window mean IT; not Forest City IT,SCENARIO_INPUT + TRANSFERRED_MODEL_OUTPUT
2012-07-01 08:00:00+00:00,24.0,22.558329226739538,32.08925930251798,19.48945560740139,51.57871490991937,0.036677192213391274,SCENARIO: ESIF training-window mean IT; not Forest City IT,SCENARIO_INPUT + TRANSFERRED_MODEL_OUTPUT
2012-07-01 09:00:00+00:00,22.666666666666668,21.484987789928322,30.654442995035854,19.48945560740139,50.14389860243725,0.035656906353374436,SCENARIO: ESIF training-window mean IT; not Forest City IT,SCENARIO_INPUT + TRANSFERRED_MODEL_OUTPUT
2012-07-01 10:00:00+00:00,22.333333333333332,21.38866215457304,30.678826244921396,19.48945560740139,50.168281852322785,0.03567424507816432,SCENARIO: ESIF training-window mean IT; not Forest City IT,SCENARIO_INPUT + TRANSFERRED_MODEL_OUTPUT
2012-07-01 11:00:00+00:00,23.333333333333332,21.907413630356494,31.110735686595078,19.48945560740139,50.60019129399647,0.03598137226500313,SCENARIO: ESIF training-window mean IT; not Forest City IT,SCENARIO_INPUT + TRANSFERRED_MODEL_OUTPUT
2012-07-01 12:00:00+00:00,26.0,23.106974464247084,31.910486775249822,19.48945560740139,51.39994238265121,0.036550068566426834,SCENARIO: ESIF training-window mean IT; not Forest City IT,SCENARIO_INPUT + TRANSFERRED_MODEL_OUTPUT
2012-07-01 13:00:00+00:00,29.333333333333332,23.337975841660672,30.03180024177358,19.48945560740139,49.52125584917497,0.035214150306009565,SCENARIO: ESIF training-window mean IT; not Forest City IT,SCENARIO_INPUT + TRANSFERRED_MODEL_OUTPUT
2012-07-01 14:00:00+00:00,32.333333333333336,23.71536299313456,28.697373922893668,19.48945560740139,48.18682953029506,0.034265250926146296,SCENARIO: ESIF training-window mean IT; not Forest City IT,SCENARIO_INPUT + TRANSFERRED_MODEL_OUTPUT
2012-07-01 15:00:00+00:00,35.333333333333336,23.342836653630133,25.589199625478308,19.48945560740139,45.0786552328797,0.03205505421344957,SCENARIO: ESIF training-window mean IT; not Forest City IT,SCENARIO_INPUT + TRANSFERRED_MODEL_OUTPUT
2012-07-01 16:00:00+00:00,36.5,23.471587161535034,25.002430215665626,19.48945560740139,44.491885823067015,0.03163780740018127,SCENARIO: ESIF training-window mean IT; not Forest City IT,SCENARIO_INPUT + TRANSFERRED_MODEL_OUTPUT
2012-07-01 17:00:00+00:00,37.0,23.071407688652304,23.702734634962386,19.48945560740139,43.19219024236378,0.030713604757374047,SCENARIO: ESIF training-window mean IT; not Forest City IT,SCENARIO_INPUT + TRANSFERRED_MODEL_OUTPUT
2012-07-02 05:00:00+00:00,21.0,18.972771788606195,26.569346276490464,19.48945560740139,46.05880188389185,0.03275202828849716,SCENARIO: ESIF training-window mean IT; not Forest City IT,SCENARIO_INPUT + TRANSFERRED_MODEL_OUTPUT
2012-07-02 06:00:00+00:00,20.5,18.814965095006094,26.600717168956777,19.48945560740139,46.090172776358166,0.03277433586740645,SCENARIO: ESIF training-window mean IT; not Forest City IT,SCENARIO_INPUT + TRANSFERRED_MODEL_OUTPUT
2012-07-02 07:00:00+00:00,20.0,18.65372115771939,26.62592085616695,19.48945560740139,46.11537646356834,0.03279225799830692,SCENARIO: ESIF training-window mean IT; not Forest City IT,SCENARIO_INPUT + TRANSFERRED_MODEL_OUTPUT
2012-07-02 08:00:00+00:00,19.0,18.32909681629307,26.67429876578074,19.48945560740139,46.16375437318213,0.03282665912468019,SCENARIO: ESIF training-window mean IT; not Forest City IT,SCENARIO_INPUT + TRANSFERRED_MODEL_OUTPUT
2012-07-02 09:00:00+00:00,19.0,18.32812095711677,26.672386824023423,19.48945560740139,46.161842431424816,0.03282529955890861,SCENARIO: ESIF training-window mean IT; not Forest City IT,SCENARIO_INPUT + TRANSFERRED_MODEL_OUTPUT
2012-07-02 10:00:00+00:00,19.0,18.109056318548472,26.244833572453814,19.48945560740139,45.7342891798552,0.032521270022370784,SCENARIO: ESIF training-window mean IT; not Forest City IT,SCENARIO_INPUT + TRANSFERRED_MODEL_OUTPUT
2012-07-02 11:00:00+00:00,18.666666666666668,17.56443146799501,25.424482200043997,19.48945560740139,44.913937807445386,0.031937925031691156,SCENARIO: ESIF training-window mean IT; not Forest City IT,SCENARIO_INPUT + TRANSFERRED_MODEL_OUTPUT
2012-07-02 12:00:00+00:00,20.666666666666668,18.865373827983497,26.585810454125458,19.48945560740139,46.07526606152685,0.032763735827329964,SCENARIO: ESIF training-window mean IT; not Forest City IT,SCENARIO_INPUT + TRANSFERRED_MODEL_OUTPUT
2012-07-02 13:00:00+00:00,22.666666666666668,19.286747344407267,26.03855847677734,19.48945560740139,45.52801408417873,0.03237458952933844,SCENARIO: ESIF training-window mean IT; not Forest City IT,SCENARIO_INPUT + TRANSFERRED_MODEL_OUTPUT
2012-07-02 14:00:00+00:00,24.0,19.7021734614243,25.946606919173526,19.48945560740139,45.436062526574915,0.03230920354679805,SCENARIO: ESIF training-window mean IT; not Forest City IT,SCENARIO_INPUT + TRANSFERRED_MODEL_OUTPUT
2012-07-02 15:00:00+00:00,26.333333333333332,20.614511169409,26.186873607631888,19.48945560740139,45.67632921503328,0.032480055176786364,SCENARIO: ESIF training-window mean IT; not Forest City IT,SCENARIO_INPUT + TRANSFERRED_MODEL_OUTPUT
2012-07-02 16:00:00+00:00,27.333333333333332,21.111968497266773,26.52863499962387,19.48945560740139,46.01809060702526,0.032723078840464256,SCENARIO: ESIF training-window mean IT; not Forest City IT,SCENARIO_INPUT + TRANSFERRED_MODEL_OUTPUT
2012-07-02 17:00:00+00:00,28.666666666666668,21.300483577281064,25.969760083281102,19.48945560740139,45.45921569068249,0.032325667567892895,SCENARIO: ESIF training-window mean IT; not Forest City IT,SCENARIO_INPUT + TRANSFERRED_MODEL_OUTPUT
2012-07-02 18:00:00+00:00,30.666666666666668,22.263174235957564,26.621018354218727,19.48945560740139,46.110473961620116,0.032788771870228786,SCENARIO: ESIF training-window mean IT; not Forest City IT,SCENARIO_INPUT + TRANSFERRED_MODEL_OUTPUT
2012-07-02 19:00:00+00:00,32.0,22.247553234643256,25.6021317560401,19.48945560740139,45.09158736344149,0.032064250143188644,SCENARIO: ESIF training-window mean IT; not Forest City IT,SCENARIO_INPUT + TRANSFERRED_MODEL_OUTPUT
2012-07-02 20:00:00+00:00,33.0,21.968559432091496,24.24046445629711,19.48945560740139,43.7299200636985,0.03109597992997016,SCENARIO: ESIF training-window mean IT; not Forest City IT,SCENARIO_INPUT + TRANSFERRED_MODEL_OUTPUT
2012-07-02 21:00:00+00:00,33.0,21.169723432748253,22.498474713310696,19.48945560740139,41.98793032071208,0.0298572656124682,SCENARIO: ESIF training-window mean IT; not Forest City IT,SCENARIO_INPUT + TRANSFERRED_MODEL_OUTPUT
2012-07-02 22:00:00+00:00,32.0,23.121383594539573,27.574252080579285,19.48945560740139,47.063707687980674,0.03346660838994575,SCENARIO: ESIF training-window mean IT; not Forest City IT,SCENARIO_INPUT + TRANSFERRED_MODEL_OUTPUT
2012-07-02 23:00:00+00:00,30.333333333333332,22.97539438710979,28.470080846509955,19.48945560740139,47.95953645391134,0.03410362472305345,SCENARIO: ESIF training-window mean IT; not Forest City IT,SCENARIO_INPUT + TRANSFERRED_MODEL_OUTPUT
2012-07-03 01:00:00+00:00,27.5,22.517933054116497,29.497930358716264,19.48945560740139,48.98738596611766,0.034834519903196484,SCENARIO: ESIF training-window mean IT; not Forest City IT,SCENARIO_INPUT + TRANSFERRED_MODEL_OUTPUT
2012-07-03 02:00:00+00:00,26.333333333333332,22.523336631946417,30.34934464676737,19.48945560740139,49.83880025416876,0.03543995347304435,SCENARIO: ESIF training-window mean IT; not Forest City IT,SCENARIO_INPUT + TRANSFERRED_MODEL_OUTPUT
2012-07-03 03:00:00+00:00,25.333333333333332,22.46986999022875,30.94416319459561,19.48945560740139,50.433618801997,0.03586292396094596,SCENARIO: ESIF training-window mean IT; not Forest City IT,SCENARIO_INPUT + TRANSFERRED_MODEL_OUTPUT
2012-07-03 04:00:00+00:00,24.666666666666668,22.513262604042637,31.515705299667562,19.48945560740139,51.005160907068955,0.03626934276533806,SCENARIO: ESIF training-window mean IT; not Forest City IT,SCENARIO_INPUT + TRANSFERRED_MODEL_OUTPUT
2012-07-03 05:00:00+00:00,23.666666666666668,22.2338485650614,31.598788905481854,19.48945560740139,51.08824451288324,0.036328422821627834,SCENARIO: ESIF training-window mean IT; not Forest City IT,SCENARIO_INPUT + TRANSFERRED_MODEL_OUTPUT
2012-07-03 06:00:00+00:00,23.0,21.581953531414964,30.631620076471204,19.48945560740139,50.12107568387259,0.03564067716711944,SCENARIO: ESIF training-window mean IT; not Forest City IT,SCENARIO_INPUT + TRANSFERRED_MODEL_OUTPUT
2012-07-03 07:00:00+00:00,22.0,21.292732611538987,30.704229682398164,19.48945560740139,50.193685289799554,0.035692309249806514,SCENARIO: ESIF training-window mean IT; not Forest City IT,SCENARIO_INPUT + TRANSFERRED_MODEL_OUTPUT
2012-07-03 08:00:00+00:00,22.0,20.831438532846846,29.714286274491265,19.48945560740139,49.203741881892654,0.034988368782976495,SCENARIO: ESIF training-window mean IT; not Forest City IT,SCENARIO_INPUT + TRANSFERRED_MODEL_OUTPUT
2012-07-03 09:00:00+00:00,21.0,20.303559305198018,29.29575649670238,19.48945560740139,48.78521210410377,0.03469075576307478,SCENARIO: ESIF training-window mean IT; not Forest City IT,SCENARIO_INPUT + TRANSFERRED_MODEL_OUTPUT
2012-07-03 10:00:00+00:00,21.0,20.303559305198018,29.29575649670238,19.48945560740139,48.78521210410377,0.03469075576307478,SCENARIO: ESIF training-window mean IT; not Forest City IT,SCENARIO_INPUT + TRANSFERRED_MODEL_OUTPUT
2012-07-03 11:00:00+00:00,21.0,20.53374465704979,29.77961735248107,19.48945560740139,49.26907295988246,0.035034825165403335,SCENARIO: ESIF training-window mean IT; not Forest City IT,SCENARIO_INPUT + TRANSFERRED_MODEL_OUTPUT
2012-07-03 12:00:00+00:00,23.333333333333332,21.45008732913256,30.110037387816757,19.48945560740139,49.59949299521814,0.03526978408534401,SCENARIO: ESIF training-window mean IT; not Forest City IT,SCENARIO_INPUT + TRANSFERRED_MODEL_OUTPUT
2012-07-03 13:00:00+00:00,26.333333333333332,22.303286221787047,29.856796816968128,19.48945560740139,49.34625242436952,0.03508970683624105,SCENARIO: ESIF training-window mean IT; not Forest City IT,SCENARIO_INPUT + TRANSFERRED_MODEL_OUTPUT
2012-07-03 14:00:00+00:00,29.0,22.82557784745724,29.104442074238293,19.48945560740139,48.59389768163968,0.034554713679471806,SCENARIO: ESIF training-window mean IT; not Forest City IT,SCENARIO_INPUT + TRANSFERRED_MODEL_OUTPUT
2012-07-03 15:00:00+00:00,30.333333333333332,22.37111746562827,27.10677017640478,19.48945560740139,46.59622578380617,0.03313418592293324,SCENARIO: ESIF training-window mean IT; not Forest City IT,SCENARIO_INPUT + TRANSFERRED_MODEL_OUTPUT
2012-07-03 16:00:00+00:00,32.0,21.966855919849152,24.97970649250098,19.48945560740139,44.46916209990237,0.03162164875094448,SCENARIO: ESIF training-window mean IT; not Forest City IT,SCENARIO_INPUT + TRANSFERRED_MODEL_OUTPUT
2012-07-03 17:00:00+00:00,32.0,21.68623284513785,24.36282738240146,19.48945560740139,43.852282989802845,0.031182991181963545,SCENARIO: ESIF training-window mean IT; not Forest City IT,SCENARIO_INPUT + TRANSFERRED_MODEL_OUTPUT
2012-07-04 01:00:00+00:00,25.5,20.6713252163432,26.903130077958057,19.48945560740139,46.39258568535945,0.03298937915436352,SCENARIO: ESIF training-window mean IT; not Forest City IT,SCENARIO_INPUT + TRANSFERRED_MODEL_OUTPUT
2012-07-04 02:00:00+00:00,24.666666666666668,19.90512631437879,25.892392847985505,19.48945560740139,45.381848455386894,0.03227065237480576,SCENARIO: ESIF training-window mean IT; not Forest City IT,SCENARIO_INPUT + TRANSFERRED_MODEL_OUTPUT
2012-07-04 03:00:00+00:00,23.333333333333332,19.701833083111264,26.41633020948803,19.48945560740139,45.90578581688942,0.03264321984472366,SCENARIO: ESIF training-window mean IT; not Forest City IT,SCENARIO_INPUT + TRANSFERRED_MODEL_OUTPUT
2012-07-04 04:00:00+00:00,23.0,19.38947033321964,26.012867089805887,19.48945560740139,45.502322697207276,0.03235632059922209,SCENARIO: ESIF training-window mean IT; not Forest City IT,SCENARIO_INPUT + TRANSFERRED_MODEL_OUTPUT
2012-07-04 05:00:00+00:00,24.0,19.494768204714177,25.522254284266324,19.48945560740139,45.011709891667714,0.03200744994196449,SCENARIO: ESIF training-window mean IT; not Forest City IT,SCENARIO_INPUT + TRANSFERRED_MODEL_OUTPUT
2012-07-04 06:00:00+00:00,23.0,19.597981929803666,26.43799097707003,19.48945560740139,45.92744658447142,0.03265862263514762,SCENARIO: ESIF training-window mean IT; not Forest City IT,SCENARIO_INPUT + TRANSFERRED_MODEL_OUTPUT
2012-07-04 07:00:00+00:00,22.0,19.285147295935097,26.50198054176773,19.48945560740139,45.99143614916912,0.032704125078707284,SCENARIO: ESIF training-window mean IT; not Forest City IT,SCENARIO_INPUT + TRANSFERRED_MODEL_OUTPUT
2012-07-04 08:00:00+00:00,21.0,18.96984385473887,26.563481173919705,19.48945560740139,46.052936781321094,0.032747857663177886,SCENARIO: ESIF training-window mean IT; not Forest City IT,SCENARIO_INPUT + TRANSFERRED_MODEL_OUTPUT
2012-07-04 09:00:00+00:00,20.333333333333332,18.75780368795883,26.602250299907674,19.48945560740139,46.09170590730906,0.032775426063986035,SCENARIO: ESIF training-window mean IT; not Forest City IT,SCENARIO_INPUT + TRANSFERRED_MODEL_OUTPUT
2012-07-04 10:00:00+00:00,20.333333333333332,18.75780368795881,26.60225029990763,19.48945560740139,46.09170590730902,0.03277542606398601,SCENARIO: ESIF training-window mean IT; not Forest City IT,SCENARIO_INPUT + TRANSFERRED_MODEL_OUTPUT
2012-07-04 11:00:00+00:00,21.333333333333332,19.07674414712108,26.546313069353758,19.48945560740139,46.03576867675515,0.032735649567799695,SCENARIO: ESIF training-window mean IT; not Forest City IT,SCENARIO_INPUT + TRANSFERRED_MODEL_OUTPUT
2012-07-04 12:00:00+00:00,23.333333333333332,20.558485510233425,28.200168906305727,19.48945560740139,47.689624513707116,0.03391169260282034,SCENARIO: ESIF training-window mean IT; not Forest City IT,SCENARIO_INPUT + TRANSFERRED_MODEL_OUTPUT
2012-07-04 13:00:00+00:00,25.666666666666668,21.461547108280264,28.480235023802237,19.48945560740139,47.969690631203626,0.034110845273487254,SCENARIO: ESIF training-window mean IT; not Forest City IT,SCENARIO_INPUT + TRANSFERRED_MODEL_OUTPUT
2012-07-04 14:00:00+00:00,27.666666666666668,21.616089930124588,27.38027041401623,19.48945560740139,46.86972602141762,0.033328669651401514,SCENARIO: ESIF training-window mean IT; not Forest City IT,SCENARIO_INPUT + TRANSFERRED_MODEL_OUTPUT
2012-07-04 15:00:00+00:00,29.333333333333332,22.29293605501639,27.663929441518704,19.48945560740139,47.15338504892009,0.03353037721028393,SCENARIO: ESIF training-window mean IT; not Forest City IT,SCENARIO_INPUT + TRANSFERRED_MODEL_OUTPUT
2012-07-04 16:00:00+00:00,30.666666666666668,21.873248316815065,25.75742574491966,19.48945560740139,45.246881352321054,0.03217467839813194,SCENARIO: ESIF training-window mean IT; not Forest City IT,SCENARIO_INPUT + TRANSFERRED_MODEL_OUTPUT
2012-07-04 17:00:00+00:00,32.0,22.43866028922968,26.028977753505423,19.48945560740139,45.51843336090681,0.03236777675725598,SCENARIO: ESIF training-window mean IT; not Forest City IT,SCENARIO_INPUT + TRANSFERRED_MODEL_OUTPUT
2012-07-04 21:00:00+00:00,31.0,23.154885108378394,28.389671725508887,19.48945560740139,47.87912733291027,0.0340464464705162,SCENARIO: ESIF training-window mean IT; not Forest City IT,SCENARIO_INPUT + TRANSFERRED_MODEL_OUTPUT
2012-07-04 22:00:00+00:00,30.0,23.515356147709504,29.953775420989263,19.48945560740139,49.443231028390656,0.03515866750938852,SCENARIO: ESIF training-window mean IT; not Forest City IT,SCENARIO_INPUT + TRANSFERRED_MODEL_OUTPUT
2012-07-04 23:00:00+00:00,29.5,22.746871107602665,28.561637139147468,19.48945560740139,48.05109274654886,0.03416872963598656,SCENARIO: ESIF training-window mean IT; not Forest City IT,SCENARIO_INPUT + TRANSFERRED_MODEL_OUTPUT
2012-07-05 01:00:00+00:00,26.5,21.91235743341886,28.870380492389103,19.48945560740139,48.35983609979049,0.03438827444882703,SCENARIO: ESIF training-window mean IT; not Forest City IT,SCENARIO_INPUT + TRANSFERRED_MODEL_OUTPUT
2012-07-05 02:00:00+00:00,25.666666666666668,21.675022705351598,28.945740234362034,19.48945560740139,48.435195841763424,0.034441862130224675,SCENARIO: ESIF training-window mean IT; not Forest City IT,SCENARIO_INPUT + TRANSFERRED_MODEL_OUTPUT
2012-07-05 03:00:00+00:00,24.666666666666668,21.830800850176313,29.999374504182448,19.48945560740139,49.48883011158384,0.035191092635566086,SCENARIO: ESIF training-window mean IT; not Forest City IT,SCENARIO_INPUT + TRANSFERRED_MODEL_OUTPUT
2012-07-05 04:00:00+00:00,23.333333333333332,21.676915190397377,30.60458442512404,19.48945560740139,50.09404003252543,0.035621452341863404,SCENARIO: ESIF training-window mean IT; not Forest City IT,SCENARIO_INPUT + TRANSFERRED_MODEL_OUTPUT
2012-07-05 05:00:00+00:00,22.666666666666668,21.485801338208347,30.656212411897876,19.48945560740139,50.145668019299265,0.03565816457088659,SCENARIO: ESIF training-window mean IT; not Forest City IT,SCENARIO_INPUT + TRANSFERRED_MODEL_OUTPUT
2012-07-05 06:00:00+00:00,22.666666666666668,21.484987789928322,30.654442995035854,19.48945560740139,50.14389860243725,0.035656906353374436,SCENARIO: ESIF training-window mean IT; not Forest City IT,SCENARIO_INPUT + TRANSFERRED_MODEL_OUTPUT
2012-07-05 07:00:00+00:00,22.0,21.292732611538987,30.704229682398164,19.48945560740139,50.193685289799554,0.035692309249806514,SCENARIO: ESIF training-window mean IT; not Forest City IT,SCENARIO_INPUT + TRANSFERRED_MODEL_OUTPUT
2012-07-05 08:00:00+00:00,21.666666666666668,20.73248867741119,29.736458169389163,19.48945560740139,49.22591377679055,0.03500413503175422,SCENARIO: ESIF training-window mean IT; not Forest City IT,SCENARIO_INPUT + TRANSFERRED_MODEL_OUTPUT
2012-07-05 09:00:00+00:00,21.0,20.303559305198018,29.29575649670238,19.48945560740139,48.78521210410377,0.03469075576307478,SCENARIO: ESIF training-window mean IT; not Forest City IT,SCENARIO_INPUT + TRANSFERRED_MODEL_OUTPUT
2012-07-05 10:00:00+00:00,21.0,20.303559305198018,29.29575649670238,19.48945560740139,48.78521210410377,0.03469075576307478,SCENARIO: ESIF training-window mean IT; not Forest City IT,SCENARIO_INPUT + TRANSFERRED_MODEL_OUTPUT
2012-07-05 11:00:00+00:00,21.666666666666668,20.504662020901556,29.25444319002569,19.48945560740139,48.74389879742708,0.034661378216685766,SCENARIO: ESIF training-window mean IT; not Forest City IT,SCENARIO_INPUT + TRANSFERRED_MODEL_OUTPUT
2012-07-05 12:00:00+00:00,24.666666666666668,21.608559795226327,29.512456324266033,19.48945560740139,49.00191193166742,0.03484484919564753,SCENARIO: ESIF training-window mean IT; not Forest City IT,SCENARIO_INPUT + TRANSFERRED_MODEL_OUTPUT
2012-07-05 13:00:00+00:00,28.0,22.54799688155302,29.204015246571544,19.48945560740139,48.69347085397293,0.03462551932841715,SCENARIO: ESIF training-window mean IT; not Forest City IT,SCENARIO_INPUT + TRANSFERRED_MODEL_OUTPUT
2012-07-05 14:00:00+00:00,31.0,22.953319567010183,27.92967393471581,19.48945560740139,47.419129542117204,0.03371934589385162,SCENARIO: ESIF training-window mean IT; not Forest City IT,SCENARIO_INPUT + TRANSFERRED_MODEL_OUTPUT
2012-07-05 15:00:00+00:00,32.666666666666664,22.430521509377268,25.51588314627619,19.48945560740139,45.00533875367758,0.03200291947909642,SCENARIO: ESIF training-window mean IT; not Forest City IT,SCENARIO_INPUT + TRANSFERRED_MODEL_OUTPUT
2012-07-05 16:00:00+00:00,33.0,22.241970251099268,24.846696223748005,19.48945560740139,44.336151831149394,0.03152706626276253,SCENARIO: ESIF training-window mean IT; not Forest City IT,SCENARIO_INPUT + TRANSFERRED_MODEL_OUTPUT
2012-07-06 03:00:00+00:00,22.5,18.81581678057381,25.209480280159507,19.48945560740139,44.69893588756089,0.0317850389670495,SCENARIO: ESIF training-window mean IT; not Forest City IT,SCENARIO_INPUT + TRANSFERRED_MODEL_OUTPUT
2012-07-06 04:00:00+00:00,22.0,18.6557269338783,25.24119204408185,19.48945560740139,44.73064765148324,0.03180758893679645,SCENARIO: ESIF training-window mean IT; not Forest City IT,SCENARIO_INPUT + TRANSFERRED_MODEL_OUTPUT
2012-07-06 05:00:00+00:00,21.0,18.333285533770947,25.30226404343977,19.48945560740139,44.79171965084116,0.0318510167240769,SCENARIO: ESIF training-window mean IT; not Forest City IT,SCENARIO_INPUT + TRANSFERRED_MODEL_OUTPUT
2012-07-06 06:00:00+00:00,20.666666666666668,18.434650850657786,25.732461911992853,19.48945560740139,45.22191751939424,0.03215692682560364,SCENARIO: ESIF training-window mean IT; not Forest City IT,SCENARIO_INPUT + TRANSFERRED_MODEL_OUTPUT
2012-07-06 07:00:00+00:00,20.666666666666668,18.22401707926285,25.31976949035934,19.48945560740139,44.80922509776073,0.03186346470077759,SCENARIO: ESIF training-window mean IT; not Forest City IT,SCENARIO_INPUT + TRANSFERRED_MODEL_OUTPUT
2012-07-06 08:00:00+00:00,20.0,18.00594008173462,25.35670856650109,19.48945560740139,44.84616417390248,0.03188973176846631,SCENARIO: ESIF training-window mean IT; not Forest City IT,SCENARIO_INPUT + TRANSFERRED_MODEL_OUTPUT
2012-07-06 09:00:00+00:00,20.0,18.00594008173462,25.35670856650109,19.48945560740139,44.84616417390248,0.03188973176846631,SCENARIO: ESIF training-window mean IT; not Forest City IT,SCENARIO_INPUT + TRANSFERRED_MODEL_OUTPUT
2012-07-06 10:00:00+00:00,20.0,18.00667198113571,25.358126414426266,19.48945560740139,44.847582021827655,0.03189073998825177,SCENARIO: ESIF training-window mean IT; not Forest City IT,SCENARIO_INPUT + TRANSFERRED_MODEL_OUTPUT
2012-07-06 11:00:00+00:00,21.333333333333332,18.441954902098537,25.28392594212452,19.48945560740139,44.77338154952591,0.03183797665380871,SCENARIO: ESIF training-window mean IT; not Forest City IT,SCENARIO_INPUT + TRANSFERRED_MODEL_OUTPUT
2012-07-06 12:00:00+00:00,23.333333333333332,19.28611911466979,25.56874464756189,19.48945560740139,45.05820025496328,0.03204050884995861,SCENARIO: ESIF training-window mean IT; not Forest City IT,SCENARIO_INPUT + TRANSFERRED_MODEL_OUTPUT
2012-07-06 13:00:00+00:00,25.5,20.362272047242925,26.25141264147517,19.48945560740139,45.74086824887656,0.032525948343253785,SCENARIO: ESIF training-window mean IT; not Forest City IT,SCENARIO_INPUT + TRANSFERRED_MODEL_OUTPUT
2012-07-06 14:00:00+00:00,27.666666666666668,20.807259702361474,25.636242453612123,19.48945560740139,45.12569806101351,0.032088505974563405,SCENARIO: ESIF training-window mean IT; not Forest City IT,SCENARIO_INPUT + TRANSFERRED_MODEL_OUTPUT
2012-07-06 15:00:00+00:00,29.666666666666668,21.008941243017155,24.61335974802898,19.48945560740139,44.102815355430366,0.03136114264901433,SCENARIO: ESIF training-window mean IT; not Forest City IT,SCENARIO_INPUT + TRANSFERRED_MODEL_OUTPUT
2012-07-06 16:00:00+00:00,31.333333333333332,21.68005369088163,24.842289770994196,19.48945560740139,44.33174537839558,0.031523932871112256,SCENARIO: ESIF training-window mean IT; not Forest City IT,SCENARIO_INPUT + TRANSFERRED_MODEL_OUTPUT
2012-07-06 17:00:00+00:00,31.666666666666668,21.044618371284486,23.219342958233923,19.48945560740139,42.70879856563531,0.030369868984338844,SCENARIO: ESIF training-window mean IT; not Forest City IT,SCENARIO_INPUT + TRANSFERRED_MODEL_OUTPUT
2012-07-06 19:00:00+00:00,33.0,21.966606013955605,24.236151533843447,19.48945560740139,43.725607141244836,0.031092913046933023,SCENARIO: ESIF training-window mean IT; not Forest City IT,SCENARIO_INPUT + TRANSFERRED_MODEL_OUTPUT
2012-07-06 20:00:00+00:00,33.0,21.427465846001112,23.05575865600744,19.48945560740139,42.54521426340883,0.030253545557003894,SCENARIO: ESIF training-window mean IT; not Forest City IT,SCENARIO_INPUT + TRANSFERRED_MODEL_OUTPUT
2012-07-06 22:00:00+00:00,33.0,21.426947002980462,23.054632267609193,19.48945560740139,42.54408787501058,0.030252744591647125,SCENARIO: ESIF training-window mean IT; not Forest City IT,SCENARIO_INPUT + TRANSFERRED_MODEL_OUTPUT
2012-07-06 23:00:00+00:00,32.0,21.959775054193358,24.96407482056069,19.48945560740139,44.45353042796208,0.03161053319993915,SCENARIO: ESIF training-window mean IT; not Forest City IT,SCENARIO_INPUT + TRANSFERRED_MODEL_OUTPUT
2012-07-07 01:00:00+00:00,28.666666666666668,21.694048445136527,26.82605841290725,19.48945560740139,46.31551402030864,0.03293457413880213,SCENARIO: ESIF training-window mean IT; not Forest City IT,SCENARIO_INPUT + TRANSFERRED_MODEL_OUTPUT
2012-07-07 02:00:00+00:00,26.333333333333332,21.86569366238352,28.887147272587335,19.48945560740139,48.376602879988724,0.03440019716580833,SCENARIO: ESIF training-window mean IT; not Forest City IT,SCENARIO_INPUT + TRANSFERRED_MODEL_OUTPUT
2012-07-07 03:00:00+00:00,25.0,21.704300585438745,29.484949188128553,19.48945560740139,48.97440479552994,0.03482528910150567,SCENARIO: ESIF training-window mean IT; not Forest City IT,SCENARIO_INPUT + TRANSFERRED_MODEL_OUTPUT
2012-07-07 04:00:00+00:00,24.333333333333332,21.51321462931137,29.540980921128153,19.48945560740139,49.03043652852954,0.0348651327975897,SCENARIO: ESIF training-window mean IT; not Forest City IT,SCENARIO_INPUT + TRANSFERRED_MODEL_OUTPUT
2012-07-07 05:00:00+00:00,23.0,21.12594742294666,29.64393074007937,19.48945560740139,49.13338634748076,0.034938339551666496,SCENARIO: ESIF training-window mean IT; not Forest City IT,SCENARIO_INPUT + TRANSFERRED_MODEL_OUTPUT
2012-07-07 06:00:00+00:00,23.0,20.901252828768847,29.162477463835508,19.48945560740139,48.6519330712369,0.03459598215898227,SCENARIO: ESIF training-window mean IT; not Forest City IT,SCENARIO_INPUT + TRANSFERRED_MODEL_OUTPUT
2012-07-07 07:00:00+00:00,22.333333333333332,20.703324063502272,29.208834898851173,19.48945560740139,48.69829050625256,0.03462894654278979,SCENARIO: ESIF training-window mean IT; not Forest City IT,SCENARIO_INPUT + TRANSFERRED_MODEL_OUTPUT
2012-07-07 08:00:00+00:00,22.0,20.604587984092852,29.232795132913374,19.48945560740139,48.72225074031476,0.03464598446457035,SCENARIO: ESIF training-window mean IT; not Forest City IT,SCENARIO_INPUT + TRANSFERRED_MODEL_OUTPUT
2012-07-07 09:00:00+00:00,21.666666666666668,20.504662020901556,29.25444319002569,19.48945560740139,48.74389879742708,0.034661378216685766,SCENARIO: ESIF training-window mean IT; not Forest City IT,SCENARIO_INPUT + TRANSFERRED_MODEL_OUTPUT
2012-07-07 10:00:00+00:00,21.0,20.30453539587048,29.297800643453986,19.48945560740139,48.78725625085538,0.034692209338710624,SCENARIO: ESIF training-window mean IT; not Forest City IT,SCENARIO_INPUT + TRANSFERRED_MODEL_OUTPUT
2012-07-07 11:00:00+00:00,22.333333333333332,20.704462934607825,29.211251058287452,19.48945560740139,48.70070666568884,0.03463066465353019,SCENARIO: ESIF training-window mean IT; not Forest City IT,SCENARIO_INPUT + TRANSFERRED_MODEL_OUTPUT
2012-07-07 12:00:00+00:00,23.0,20.90198499244275,29.164040669337155,19.48945560740139,48.653496276738544,0.034597093741323026,SCENARIO: ESIF training-window mean IT; not Forest City IT,SCENARIO_INPUT + TRANSFERRED_MODEL_OUTPUT
2012-07-07 13:00:00+00:00,26.0,22.431873949687947,30.38295471339024,19.48945560740139,49.87241032079163,0.03546385330994383,SCENARIO: ESIF training-window mean IT; not Forest City IT,SCENARIO_INPUT + TRANSFERRED_MODEL_OUTPUT
2012-07-07 14:00:00+00:00,28.0,22.9825472095952,30.187137483025296,19.48945560740139,49.676593090426685,0.035324609317352464,SCENARIO: ESIF training-window mean IT; not Forest City IT,SCENARIO_INPUT + TRANSFERRED_MODEL_OUTPUT
2012-07-07 15:00:00+00:00,30.333333333333332,23.60949136491265,29.92749605640975,19.48945560740139,49.41695166381114,0.035139980473319246,SCENARIO: ESIF training-window mean IT; not Forest City IT,SCENARIO_INPUT + TRANSFERRED_MODEL_OUTPUT
2012-07-07 16:00:00+00:00,32.0,23.228367880665992,27.81928647263615,19.48945560740139,47.30874208003754,0.03364085029403462,SCENARIO: ESIF training-window mean IT; not Forest City IT,SCENARIO_INPUT + TRANSFERRED_MODEL_OUTPUT
2012-07-07 17:00:00+00:00,32.666666666666664,23.404561187343973,27.72967482227942,19.48945560740139,47.21913042968081,0.033577128199941485,SCENARIO: ESIF training-window mean IT; not Forest City IT,SCENARIO_INPUT + TRANSFERRED_MODEL_OUTPUT
2012-07-07 18:00:00+00:00,33.0,22.52455095397529,25.478627933736934,19.48945560740139,44.96808354113833,0.031976427609463,SCENARIO: ESIF training-window mean IT; not Forest City IT,SCENARIO_INPUT + TRANSFERRED_MODEL_OUTPUT
2012-07-07 19:00:00+00:00,34.0,21.981163610848917,23.521065521184653,19.48945560740139,43.01052112858604,0.030584421372000847,SCENARIO: ESIF training-window mean IT; not Forest City IT,SCENARIO_INPUT + TRANSFERRED_MODEL_OUTPUT
2012-07-07 20:00:00+00:00,34.0,22.519116731920047,24.719190216593613,19.48945560740139,44.208645823995,0.031436397808906495,SCENARIO: ESIF training-window mean IT; not Forest City IT,SCENARIO_INPUT + TRANSFERRED_MODEL_OUTPUT
2012-07-07 21:00:00+00:00,33.666666666666664,22.89213087765029,25.811121327266463,19.48945560740139,45.30057693466785,0.03221286087705145,SCENARIO: ESIF training-window mean IT; not Forest City IT,SCENARIO_INPUT + TRANSFERRED_MODEL_OUTPUT
2012-07-07 22:00:00+00:00,32.666666666666664,23.00429802888428,26.812112846792676,19.48945560740139,46.30156845419407,0.03292465756352875,SCENARIO: ESIF training-window mean IT; not Forest City IT,SCENARIO_INPUT + TRANSFERRED_MODEL_OUTPUT
2012-07-07 23:00:00+00:00,32.0,23.422012037250425,28.264793543181476,19.48945560740139,47.754249150582865,0.03395764664088725,SCENARIO: ESIF training-window mean IT; not Forest City IT,SCENARIO_INPUT + TRANSFERRED_MODEL_OUTPUT
2012-07-08 01:00:00+00:00,30.0,22.474907853349443,27.58353453728366,19.48945560740139,47.07299014468505,0.03347320906716995,SCENARIO: ESIF training-window mean IT; not Forest City IT,SCENARIO_INPUT + TRANSFERRED_MODEL_OUTPUT
2012-07-08 02:00:00+00:00,27.333333333333332,22.579558614163513,29.756689288961,19.48945560740139,49.24614489636239,0.035018521211451104,SCENARIO: ESIF training-window mean IT; not Forest City IT,SCENARIO_INPUT + TRANSFERRED_MODEL_OUTPUT
2012-07-08 03:00:00+00:00,26.333333333333332,22.52268562866553,30.34788259983899,19.48945560740139,49.83733820724038,0.03543891382371786,SCENARIO: ESIF training-window mean IT; not Forest City IT,SCENARIO_INPUT + TRANSFERRED_MODEL_OUTPUT
2012-07-08 04:00:00+00:00,25.666666666666668,22.337063311409143,30.40918950593887,19.48945560740139,49.89864511334026,0.035482508651215224,SCENARIO: ESIF training-window mean IT; not Forest City IT,SCENARIO_INPUT + TRANSFERRED_MODEL_OUTPUT
2012-07-08 05:00:00+00:00,25.0,22.60483181918007,31.484723975959497,19.48945560740139,50.974179583360886,0.03624731220551022,SCENARIO: ESIF training-window mean IT; not Forest City IT,SCENARIO_INPUT + TRANSFERRED_MODEL_OUTPUT
2012-07-08 06:00:00+00:00,24.333333333333332,21.96197812487074,30.52474693207721,19.48945560740139,50.0142025394786,0.03556468056917718,SCENARIO: ESIF training-window mean IT; not Forest City IT,SCENARIO_INPUT + TRANSFERRED_MODEL_OUTPUT
2012-07-08 07:00:00+00:00,25.0,22.15033685938608,30.4685188282162,19.48945560740139,49.95797443561759,0.03552469723541815,SCENARIO: ESIF training-window mean IT; not Forest City IT,SCENARIO_INPUT + TRANSFERRED_MODEL_OUTPUT
2012-07-08 08:00:00+00:00,24.0,21.867293692550096,30.551953300707623,19.48945560740139,50.04140890810901,0.035584026790063616,SCENARIO: ESIF training-window mean IT; not Forest City IT,SCENARIO_INPUT + TRANSFERRED_MODEL_OUTPUT
2012-07-08 09:00:00+00:00,24.0,21.86729369255006,30.551953300707538,19.48945560740139,50.04140890810893,0.035584026790063554,SCENARIO: ESIF training-window mean IT; not Forest City IT,SCENARIO_INPUT + TRANSFERRED_MODEL_OUTPUT
2012-07-08 10:00:00+00:00,23.0,21.581953531414964,30.631620076471204,19.48945560740139,50.12107568387259,0.03564067716711944,SCENARIO: ESIF training-window mean IT; not Forest City IT,SCENARIO_INPUT + TRANSFERRED_MODEL_OUTPUT
2012-07-08 11:00:00+00:00,23.666666666666668,21.77292356377815,30.579991942601538,19.48945560740139,50.06944755000293,0.03560396483349765,SCENARIO: ESIF training-window mean IT; not Forest City IT,SCENARIO_INPUT + TRANSFERRED_MODEL_OUTPUT
2012-07-08 12:00:00+00:00,25.333333333333332,22.46986999022875,30.94416319459561,19.48945560740139,50.433618801997,0.03586292396094596,SCENARIO: ESIF training-window mean IT; not Forest City IT,SCENARIO_INPUT + TRANSFERRED_MODEL_OUTPUT
2012-07-08 13:00:00+00:00,27.333333333333332,23.241846475494967,31.26162378459661,19.48945560740139,50.751079391998,0.0360886675278413,SCENARIO: ESIF training-window mean IT; not Forest City IT,SCENARIO_INPUT + TRANSFERRED_MODEL_OUTPUT
2012-07-08 14:00:00+00:00,30.333333333333332,23.60607260707946,29.91956468445533,19.48945560740139,49.40902029185672,0.035134340541145746,SCENARIO: ESIF training-window mean IT; not Forest City IT,SCENARIO_INPUT + TRANSFERRED_MODEL_OUTPUT
2012-07-08 15:00:00+00:00,31.666666666666668,23.541023737342783,28.78659644174297,19.48945560740139,48.276052049144354,0.03432869631208338,SCENARIO: ESIF training-window mean IT; not Forest City IT,SCENARIO_INPUT + TRANSFERRED_MODEL_OUTPUT
2012-07-08 16:00:00+00:00,33.333333333333336,23.77686282739504,28.096218800978175,19.48945560740139,47.58567440837956,0.033837774553478486,SCENARIO: ESIF training-window mean IT; not Forest City IT,SCENARIO_INPUT + TRANSFERRED_MODEL_OUTPUT
2012-07-08 17:00:00+00:00,34.333333333333336,23.073178172147173,25.723844009064102,19.48945560740139,45.21329961646549,0.032150798707003825,SCENARIO: ESIF training-window mean IT; not Forest City IT,SCENARIO_INPUT + TRANSFERRED_MODEL_OUTPUT
2012-07-08 18:00:00+00:00,36.0,23.333523944085158,25.063499414290792,19.48945560740139,44.552955021692185,0.03168123319588411,SCENARIO: ESIF training-window mean IT; not Forest City IT,SCENARIO_INPUT + TRANSFERRED_MODEL_OUTPUT
2012-07-09 01:00:00+00:00,29.333333333333332,23.33492360416968,30.02477576896061,19.48945560740139,49.514231376362,0.035209155262220494,SCENARIO: ESIF training-window mean IT; not Forest City IT,SCENARIO_INPUT + TRANSFERRED_MODEL_OUTPUT
2012-07-09 02:00:00+00:00,28.333333333333332,22.635361313801354,29.15907447623863,19.48945560740139,48.64853008364002,0.034593562323001315,SCENARIO: ESIF training-window mean IT; not Forest City IT,SCENARIO_INPUT + TRANSFERRED_MODEL_OUTPUT
2012-07-09 03:00:00+00:00,27.0,22.05159889289287,28.818607856865942,19.48945560740139,48.308063464267335,0.0343514593612896,SCENARIO: ESIF training-window mean IT; not Forest City IT,SCENARIO_INPUT + TRANSFERRED_MODEL_OUTPUT
2012-07-09 04:00:00+00:00,26.333333333333332,21.862601602744483,28.880342214045882,19.48945560740139,48.36979782144727,0.03439535814567019,SCENARIO: ESIF training-window mean IT; not Forest City IT,SCENARIO_INPUT + TRANSFERRED_MODEL_OUTPUT
2012-07-09 05:00:00+00:00,25.666666666666668,21.67294786659496,28.941200852622593,19.48945560740139,48.43065646002398,0.03443863421388597,SCENARIO: ESIF training-window mean IT; not Forest City IT,SCENARIO_INPUT + TRANSFERRED_MODEL_OUTPUT
2012-07-09 06:00:00+00:00,25.333333333333332,21.796653431033548,29.450157292759634,19.48945560740139,48.93961290016102,0.034800548876082395,SCENARIO: ESIF training-window mean IT; not Forest City IT,SCENARIO_INPUT + TRANSFERRED_MODEL_OUTPUT
2012-07-09 07:00:00+00:00,24.333333333333332,21.733849165855787,30.022929808608875,19.48945560740139,49.51238541601026,0.035207842615273835,SCENARIO: ESIF training-window mean IT; not Forest City IT,SCENARIO_INPUT + TRANSFERRED_MODEL_OUTPUT
2012-07-09 08:00:00+00:00,23.5,21.382079130818962,29.845016617963083,19.48945560740139,49.33447222536447,0.03508133003538483,SCENARIO: ESIF training-window mean IT; not Forest City IT,SCENARIO_INPUT + TRANSFERRED_MODEL_OUTPUT
2012-07-09 10:00:00+00:00,22.0,20.94462314565343,29.955835910497086,19.48945560740139,49.445291517898475,0.03516013270622144,SCENARIO: ESIF training-window mean IT; not Forest City IT,SCENARIO_INPUT + TRANSFERRED_MODEL_OUTPUT
2012-07-09 11:00:00+00:00,23.0,21.580000971733607,30.627360628515902,19.48945560740139,50.11681623591729,0.035637648309350255,SCENARIO: ESIF training-window mean IT; not Forest City IT,SCENARIO_INPUT + TRANSFERRED_MODEL_OUTPUT
2012-07-09 12:00:00+00:00,25.666666666666668,22.334215305802044,30.40282981353181,19.48945560740139,49.8922854209332,0.035477986327205425,SCENARIO: ESIF training-window mean IT; not Forest City IT,SCENARIO_INPUT + TRANSFERRED_MODEL_OUTPUT
2012-07-09 13:00:00+00:00,28.0,22.544253338084854,29.195601947681077,19.48945560740139,48.685057555082466,0.03461953670203544,SCENARIO: ESIF training-window mean IT; not Forest City IT,SCENARIO_INPUT + TRANSFERRED_MODEL_OUTPUT
2012-07-09 14:00:00+00:00,30.333333333333332,22.766866690922818,27.996801598550007,19.48945560740139,47.4862572059514,0.03376707981342644,SCENARIO: ESIF training-window mean IT; not Forest City IT,SCENARIO_INPUT + TRANSFERRED_MODEL_OUTPUT
2012-07-09 15:00:00+00:00,31.666666666666668,22.339569602136947,26.054070454598456,19.48945560740139,45.54352606199984,0.032385619966858036,SCENARIO: ESIF training-window mean IT; not Forest City IT,SCENARIO_INPUT + TRANSFERRED_MODEL_OUTPUT
2012-07-09 16:00:00+00:00,32.0,22.6252562772502,26.448155908316217,19.48945560740139,45.937611515717606,0.032665850832627984,SCENARIO: ESIF training-window mean IT; not Forest City IT,SCENARIO_INPUT + TRANSFERRED_MODEL_OUTPUT
2012-07-09 17:00:00+00:00,28.0,22.758960482369837,29.679685667267577,19.48945560740139,49.169141274668966,0.03496376458095131,SCENARIO: ESIF training-window mean IT; not Forest City IT,SCENARIO_INPUT + TRANSFERRED_MODEL_OUTPUT
2012-07-10 01:00:00+00:00,25.5,22.626706030334628,31.17782272893626,19.48945560740139,50.667278336337645,0.036029077298974456,SCENARIO: ESIF training-window mean IT; not Forest City IT,SCENARIO_INPUT + TRANSFERRED_MODEL_OUTPUT
2012-07-10 02:00:00+00:00,24.5,22.349574262309634,31.267364338634614,19.48945560740139,50.756819946036,0.036092749587742,SCENARIO: ESIF training-window mean IT; not Forest City IT,SCENARIO_INPUT + TRANSFERRED_MODEL_OUTPUT
2012-07-10 03:00:00+00:00,23.666666666666668,22.001631936334874,31.08369876114557,19.48945560740139,50.57315436854696,0.035962146533743584,SCENARIO: ESIF training-window mean IT; not Forest City IT,SCENARIO_INPUT + TRANSFERRED_MODEL_OUTPUT
2012-07-10 04:00:00+00:00,24.0,21.86656143287368,30.550341591805907,19.48945560740139,50.0397971992073,0.03558288071736127,SCENARIO: ESIF training-window mean IT; not Forest City IT,SCENARIO_INPUT + TRANSFERRED_MODEL_OUTPUT
2012-07-10 05:00:00+00:00,23.333333333333332,21.676915190397377,30.60458442512404,19.48945560740139,50.09404003252543,0.035621452341863404,SCENARIO: ESIF training-window mean IT; not Forest City IT,SCENARIO_INPUT + TRANSFERRED_MODEL_OUTPUT
2012-07-10 06:00:00+00:00,22.666666666666668,21.484987789928322,30.654442995035854,19.48945560740139,50.14389860243725,0.035656906353374436,SCENARIO: ESIF training-window mean IT; not Forest City IT,SCENARIO_INPUT + TRANSFERRED_MODEL_OUTPUT
2012-07-10 07:00:00+00:00,22.0,21.292732611538987,30.704229682398164,19.48945560740139,50.193685289799554,0.035692309249806514,SCENARIO: ESIF training-window mean IT; not Forest City IT,SCENARIO_INPUT + TRANSFERRED_MODEL_OUTPUT
2012-07-10 08:00:00+00:00,22.0,21.292732611538955,30.704229682398093,19.48945560740139,50.19368528979948,0.03569230924980646,SCENARIO: ESIF training-window mean IT; not Forest City IT,SCENARIO_INPUT + TRANSFERRED_MODEL_OUTPUT
2012-07-10 09:00:00+00:00,21.666666666666668,21.195165483607855,30.72626258567029,19.48945560740139,50.21571819307168,0.035707976662803176,SCENARIO: ESIF training-window mean IT; not Forest City IT,SCENARIO_INPUT + TRANSFERRED_MODEL_OUTPUT
2012-07-10 10:00:00+00:00,21.0,20.765403394695262,30.27023057615228,19.48945560740139,49.75968618355367,0.03538369611999084,SCENARIO: ESIF training-window mean IT; not Forest City IT,SCENARIO_INPUT + TRANSFERRED_MODEL_OUTPUT
2012-07-10 11:00:00+00:00,21.0,20.766054148108033,30.271613924384095,19.48945560740139,49.76106953178548,0.035384679807333286,SCENARIO: ESIF training-window mean IT; not Forest City IT,SCENARIO_INPUT + TRANSFERRED_MODEL_OUTPUT
2012-07-10 12:00:00+00:00,21.666666666666668,21.195165483607855,30.72626258567029,19.48945560740139,50.21571819307168,0.035707976662803176,SCENARIO: ESIF training-window mean IT; not Forest City IT,SCENARIO_INPUT + TRANSFERRED_MODEL_OUTPUT
2012-07-10 13:00:00+00:00,23.0,21.581953531414964,30.631620076471204,19.48945560740139,50.12107568387259,0.03564067716711944,SCENARIO: ESIF training-window mean IT; not Forest City IT,SCENARIO_INPUT + TRANSFERRED_MODEL_OUTPUT
2012-07-10 14:00:00+00:00,24.333333333333332,21.962791765360862,30.526543067679917,19.48945560740139,50.015998675081306,0.03556595778616207,SCENARIO: ESIF training-window mean IT; not Forest City IT,SCENARIO_INPUT + TRANSFERRED_MODEL_OUTPUT
2012-07-10 15:00:00+00:00,25.0,21.926948062133352,29.97421742776855,19.48945560740139,49.46367303516994,0.03517320364921249,SCENARIO: ESIF training-window mean IT; not Forest City IT,SCENARIO_INPUT + TRANSFERRED_MODEL_OUTPUT
2012-07-10 16:00:00+00:00,26.666666666666668,22.615682675687303,30.31782556561486,19.48945560740139,49.80728117301625,0.035417540518401354,SCENARIO: ESIF training-window mean IT; not Forest City IT,SCENARIO_INPUT + TRANSFERRED_MODEL_OUTPUT
2012-07-10 17:00:00+00:00,27.0,22.706226562049594,30.282349089384038,19.48945560740139,49.77180469678542,0.03539231349326038,SCENARIO: ESIF training-window mean IT; not Forest City IT,SCENARIO_INPUT + TRANSFERRED_MODEL_OUTPUT
2012-07-11 01:00:00+00:00,22.0,21.292732611538955,30.704229682398093,19.48945560740139,50.19368528979948,0.03569230924980646,SCENARIO: ESIF training-window mean IT; not Forest City IT,SCENARIO_INPUT + TRANSFERRED_MODEL_OUTPUT
2012-07-11 02:00:00+00:00,22.0,21.292732611538987,30.704229682398164,19.48945560740139,50.193685289799554,0.035692309249806514,SCENARIO: ESIF training-window mean IT; not Forest City IT,SCENARIO_INPUT + TRANSFERRED_MODEL_OUTPUT
2012-07-11 03:00:00+00:00,22.666666666666668,21.486614886488375,30.65798187398385,19.48945560740139,50.14743748138524,0.03565942282055712,SCENARIO: ESIF training-window mean IT; not Forest City IT,SCENARIO_INPUT + TRANSFERRED_MODEL_OUTPUT
2012-07-11 04:00:00+00:00,22.0,20.832252011069713,29.71601921228101,19.48945560740139,49.2054748196824,0.03498960106052586,SCENARIO: ESIF training-window mean IT; not Forest City IT,SCENARIO_INPUT + TRANSFERRED_MODEL_OUTPUT
2012-07-11 05:00:00+00:00,21.666666666666668,20.7331394457771,29.737840085822118,19.48945560740139,49.22729569322351,0.03500511770095649,SCENARIO: ESIF training-window mean IT; not Forest City IT,SCENARIO_INPUT + TRANSFERRED_MODEL_OUTPUT
2012-07-11 06:00:00+00:00,21.0,20.30453539587048,29.297800643453986,19.48945560740139,48.78725625085538,0.034692209338710624,SCENARIO: ESIF training-window mean IT; not Forest City IT,SCENARIO_INPUT + TRANSFERRED_MODEL_OUTPUT
2012-07-11 07:00:00+00:00,20.666666666666668,20.20303349206768,29.3167976351088,19.48945560740139,48.80625324251019,0.03470571794038122,SCENARIO: ESIF training-window mean IT; not Forest City IT,SCENARIO_INPUT + TRANSFERRED_MODEL_OUTPUT
2012-07-11 08:00:00+00:00,20.0,19.769987084006004,28.880320588042835,19.48945560740139,48.369776195444224,0.03439534276760054,SCENARIO: ESIF training-window mean IT; not Forest City IT,SCENARIO_INPUT + TRANSFERRED_MODEL_OUTPUT
2012-07-11 09:00:00+00:00,20.0,19.31535549636162,27.95187448893781,19.48945560740139,47.4413300963392,0.0337351325220347,SCENARIO: ESIF training-window mean IT; not Forest City IT,SCENARIO_INPUT + TRANSFERRED_MODEL_OUTPUT
2012-07-11 10:00:00+00:00,20.0,19.31535549636162,27.95187448893781,19.48945560740139,47.4413300963392,0.0337351325220347,SCENARIO: ESIF training-window mean IT; not Forest City IT,SCENARIO_INPUT + TRANSFERRED_MODEL_OUTPUT
2012-07-11 11:00:00+00:00,20.0,20.0,29.355431769402706,19.48945560740139,48.844887376804095,0.034733190349726245,SCENARIO: ESIF training-window mean IT; not Forest City IT,SCENARIO_INPUT + TRANSFERRED_MODEL_OUTPUT
2012-07-11 12:00:00+00:00,21.0,20.30453539587048,29.297800643453986,19.48945560740139,48.78725625085538,0.034692209338710624,SCENARIO: ESIF training-window mean IT; not Forest City IT,SCENARIO_INPUT + TRANSFERRED_MODEL_OUTPUT
2012-07-11 13:00:00+00:00,21.666666666666668,20.505475464825786,29.256157892059676,19.48945560740139,48.745613499461065,0.034662597526941924,SCENARIO: ESIF training-window mean IT; not Forest City IT,SCENARIO_INPUT + TRANSFERRED_MODEL_OUTPUT
2012-07-11 14:00:00+00:00,22.0,20.605564138003942,29.23485949044545,19.48945560740139,48.72431509784684,0.03464745241192293,SCENARIO: ESIF training-window mean IT; not Forest City IT,SCENARIO_INPUT + TRANSFERRED_MODEL_OUTPUT
2012-07-11 15:00:00+00:00,22.0,20.605564138003942,29.23485949044545,19.48945560740139,48.72431509784684,0.03464745241192293,SCENARIO: ESIF training-window mean IT; not Forest City IT,SCENARIO_INPUT + TRANSFERRED_MODEL_OUTPUT
2012-07-11 16:00:00+00:00,23.0,20.903449319790532,29.167167190225637,19.48945560740139,48.65662279762702,0.03459931698414298,SCENARIO: ESIF training-window mean IT; not Forest City IT,SCENARIO_INPUT + TRANSFERRED_MODEL_OUTPUT
2012-07-11 17:00:00+00:00,23.333333333333332,21.001340260589235,29.14200283407706,19.48945560740139,48.63145844147845,0.03458142282123103,SCENARIO: ESIF training-window mean IT; not Forest City IT,SCENARIO_INPUT + TRANSFERRED_MODEL_OUTPUT
2012-07-11 18:00:00+00:00,24.333333333333332,21.515167282040455,29.54523166131814,19.48945560740139,49.03468726871953,0.0348681554633399,SCENARIO: ESIF training-window mean IT; not Forest City IT,SCENARIO_INPUT + TRANSFERRED_MODEL_OUTPUT
2012-07-11 19:00:00+00:00,25.666666666666668,21.46301166885785,28.48341803872005,19.48945560740139,47.97287364612144,0.03411310868873835,SCENARIO: ESIF training-window mean IT; not Forest City IT,SCENARIO_INPUT + TRANSFERRED_MODEL_OUTPUT
2012-07-11 20:00:00+00:00,26.0,21.13512999513781,27.53620367350477,19.48945560740139,47.025659280906154,0.03343955248632111,SCENARIO: ESIF training-window mean IT; not Forest City IT,SCENARIO_INPUT + TRANSFERRED_MODEL_OUTPUT
2012-07-11 21:00:00+00:00,24.666666666666668,21.390476970031852,29.037929293328723,19.48945560740139,48.52738490073011,0.03450741699799519,SCENARIO: ESIF training-window mean IT; not Forest City IT,SCENARIO_INPUT + TRANSFERRED_MODEL_OUTPUT
2012-07-11 22:00:00+00:00,21.333333333333332,20.17869767362351,28.803120224846822,19.48945560740139,48.29257583224821,0.034340446235865914,SCENARIO: ESIF training-window mean IT; not Forest City IT,SCENARIO_INPUT + TRANSFERRED_MODEL_OUTPUT
2012-07-11 23:00:00+00:00,21.0,20.30453539587048,29.297800643453986,19.48945560740139,48.78725625085538,0.034692209338710624,SCENARIO: ESIF training-window mean IT; not Forest City IT,SCENARIO_INPUT + TRANSFERRED_MODEL_OUTPUT
2012-07-12 01:00:00+00:00,21.0,20.30453539587048,29.297800643453986,19.48945560740139,48.78725625085538,0.034692209338710624,SCENARIO: ESIF training-window mean IT; not Forest City IT,SCENARIO_INPUT + TRANSFERRED_MODEL_OUTPUT
2012-07-12 02:00:00+00:00,21.0,20.30453539587048,29.297800643453986,19.48945560740139,48.78725625085538,0.034692209338710624,SCENARIO: ESIF training-window mean IT; not Forest City IT,SCENARIO_INPUT + TRANSFERRED_MODEL_OUTPUT
2012-07-12 03:00:00+00:00,20.0,19.31633146856923,27.95385248755558,19.48945560740139,47.44330809495697,0.03373653906028654,SCENARIO: ESIF training-window mean IT; not Forest City IT,SCENARIO_INPUT + TRANSFERRED_MODEL_OUTPUT
2012-07-12 04:00:00+00:00,20.0,19.31633146856923,27.95385248755558,19.48945560740139,47.44330809495697,0.03373653906028654,SCENARIO: ESIF training-window mean IT; not Forest City IT,SCENARIO_INPUT + TRANSFERRED_MODEL_OUTPUT
2012-07-12 05:00:00+00:00,20.0,19.31633146856923,27.95385248755558,19.48945560740139,47.44330809495697,0.03373653906028654,SCENARIO: ESIF training-window mean IT; not Forest City IT,SCENARIO_INPUT + TRANSFERRED_MODEL_OUTPUT
2012-07-12 06:00:00+00:00,20.0,19.092688197465872,27.502296957176135,19.48945560740139,46.991752564577524,0.03341544170430023,SCENARIO: ESIF training-window mean IT; not Forest City IT,SCENARIO_INPUT + TRANSFERRED_MODEL_OUTPUT
2012-07-12 07:00:00+00:00,18.666666666666668,17.565244625648035,25.426032934068225,19.48945560740139,44.915488541469614,0.03193902774566877,SCENARIO: ESIF training-window mean IT; not Forest City IT,SCENARIO_INPUT + TRANSFERRED_MODEL_OUTPUT
2012-07-12 08:00:00+00:00,18.0,17.340879744530728,25.455251080167407,19.48945560740139,44.9447066875688,0.03195980452466511,SCENARIO: ESIF training-window mean IT; not Forest City IT,SCENARIO_INPUT + TRANSFERRED_MODEL_OUTPUT
2012-07-12 09:00:00+00:00,18.0,17.340879744530728,25.455251080167407,19.48945560740139,44.9447066875688,0.03195980452466511,SCENARIO: ESIF training-window mean IT; not Forest City IT,SCENARIO_INPUT + TRANSFERRED_MODEL_OUTPUT
2012-07-12 10:00:00+00:00,18.0,17.340879744530728,25.455251080167407,19.48945560740139,44.9447066875688,0.03195980452466511,SCENARIO: ESIF training-window mean IT; not Forest City IT,SCENARIO_INPUT + TRANSFERRED_MODEL_OUTPUT
2012-07-12 11:00:00+00:00,18.0,17.12606623373116,25.050454255541204,19.48945560740139,44.539909862942594,0.03167195689274727,SCENARIO: ESIF training-window mean IT; not Forest City IT,SCENARIO_INPUT + TRANSFERRED_MODEL_OUTPUT
2012-07-12 12:00:00+00:00,19.0,17.047139786289197,24.21874126629268,19.48945560740139,43.70819687369407,0.031080532751484383,SCENARIO: ESIF training-window mean IT; not Forest City IT,SCENARIO_INPUT + TRANSFERRED_MODEL_OUTPUT
2012-07-12 13:00:00+00:00,20.0,18.010331478141147,25.365216203081715,19.48945560740139,44.854671810483104,0.03189578147758943,SCENARIO: ESIF training-window mean IT; not Forest City IT,SCENARIO_INPUT + TRANSFERRED_MODEL_OUTPUT
2012-07-12 14:00:00+00:00,21.0,18.33914108246166,25.31373950773898,19.48945560740139,44.80319511514037,0.031859176830635876,SCENARIO: ESIF training-window mean IT; not Forest City IT,SCENARIO_INPUT + TRANSFERRED_MODEL_OUTPUT
2012-07-12 15:00:00+00:00,21.333333333333332,18.6557808095217,25.70608015793343,19.48945560740139,45.195535765334824,0.032138166981232695,SCENARIO: ESIF training-window mean IT; not Forest City IT,SCENARIO_INPUT + TRANSFERRED_MODEL_OUTPUT
2012-07-12 16:00:00+00:00,22.0,19.291979569502757,26.51581474543179,19.48945560740139,46.00527035283318,0.03271396246507475,SCENARIO: ESIF training-window mean IT; not Forest City IT,SCENARIO_INPUT + TRANSFERRED_MODEL_OUTPUT
2012-07-12 17:00:00+00:00,22.0,19.291003530421662,26.513838235342817,19.48945560740139,46.003293842744206,0.032712556985303266,SCENARIO: ESIF training-window mean IT; not Forest City IT,SCENARIO_INPUT + TRANSFERRED_MODEL_OUTPUT
2012-07-12 18:00:00+00:00,22.0,19.505074683773152,26.948897596542103,19.48945560740139,46.43835320394349,0.03302192405353692,SCENARIO: ESIF training-window mean IT; not Forest City IT,SCENARIO_INPUT + TRANSFERRED_MODEL_OUTPUT
2012-07-12 19:00:00+00:00,22.0,19.72045486181495,27.389777335553685,19.48945560740139,46.87923294295507,0.03333542994368867,SCENARIO: ESIF training-window mean IT; not Forest City IT,SCENARIO_INPUT + TRANSFERRED_MODEL_OUTPUT
2012-07-12 20:00:00+00:00,23.666666666666668,20.879985624057916,28.64760493070986,19.48945560740139,48.13706053811125,0.03422986061260746,SCENARIO: ESIF training-window mean IT; not Forest City IT,SCENARIO_INPUT + TRANSFERRED_MODEL_OUTPUT
2012-07-12 21:00:00+00:00,24.0,21.197577954284213,29.093210624107567,19.48945560740139,48.58266623150895,0.034546727089344476,SCENARIO: ESIF training-window mean IT; not Forest City IT,SCENARIO_INPUT + TRANSFERRED_MODEL_OUTPUT
2012-07-12 22:00:00+00:00,24.0,21.197577954284213,29.093210624107567,19.48945560740139,48.58266623150895,0.034546727089344476,SCENARIO: ESIF training-window mean IT; not Forest City IT,SCENARIO_INPUT + TRANSFERRED_MODEL_OUTPUT
2012-07-12 23:00:00+00:00,23.333333333333332,21.002153793843288,29.143745333509578,19.48945560740139,48.63320094091097,0.034582661897984486,SCENARIO: ESIF training-window mean IT; not Forest City IT,SCENARIO_INPUT + TRANSFERRED_MODEL_OUTPUT
2012-07-13 01:00:00+00:00,22.0,20.60654029191504,29.236923913086127,19.48945560740139,48.72637952048751,0.03464892040557368,SCENARIO: ESIF training-window mean IT; not Forest City IT,SCENARIO_INPUT + TRANSFERRED_MODEL_OUTPUT
2012-07-13 02:00:00+00:00,22.0,20.60654029191504,29.236923913086127,19.48945560740139,48.72637952048751,0.03464892040557368,SCENARIO: ESIF training-window mean IT; not Forest City IT,SCENARIO_INPUT + TRANSFERRED_MODEL_OUTPUT
2012-07-13 03:00:00+00:00,21.0,20.30551148654294,29.299844855305732,19.48945560740139,48.78930046270712,0.034693662960638624,SCENARIO: ESIF training-window mean IT; not Forest City IT,SCENARIO_INPUT + TRANSFERRED_MODEL_OUTPUT
2012-07-13 04:00:00+00:00,21.0,20.30551148654294,29.299844855305732,19.48945560740139,48.78930046270712,0.034693662960638624,SCENARIO: ESIF training-window mean IT; not Forest City IT,SCENARIO_INPUT + TRANSFERRED_MODEL_OUTPUT
2012-07-13 05:00:00+00:00,21.0,20.30453539587048,29.297800643453986,19.48945560740139,48.78725625085538,0.034692209338710624,SCENARIO: ESIF training-window mean IT; not Forest City IT,SCENARIO_INPUT + TRANSFERRED_MODEL_OUTPUT
2012-07-13 06:00:00+00:00,20.0,19.31633146856923,27.95385248755558,19.48945560740139,47.44330809495697,0.03373653906028654,SCENARIO: ESIF training-window mean IT; not Forest City IT,SCENARIO_INPUT + TRANSFERRED_MODEL_OUTPUT
2012-07-13 07:00:00+00:00,20.0,20.0,29.355431769402706,19.48945560740139,48.844887376804095,0.034733190349726245,SCENARIO: ESIF training-window mean IT; not Forest City IT,SCENARIO_INPUT + TRANSFERRED_MODEL_OUTPUT
2012-07-13 08:00:00+00:00,20.0,20.0,29.355431769402706,19.48945560740139,48.844887376804095,0.034733190349726245,SCENARIO: ESIF training-window mean IT; not Forest City IT,SCENARIO_INPUT + TRANSFERRED_MODEL_OUTPUT
2012-07-13 09:00:00+00:00,20.0,20.0,29.355431769402706,19.48945560740139,48.844887376804095,0.034733190349726245,SCENARIO: ESIF training-window mean IT; not Forest City IT,SCENARIO_INPUT + TRANSFERRED_MODEL_OUTPUT
2012-07-13 10:00:00+00:00,21.0,20.30551148654294,29.299844855305732,19.48945560740139,48.78930046270712,0.034693662960638624,SCENARIO: ESIF training-window mean IT; not Forest City IT,SCENARIO_INPUT + TRANSFERRED_MODEL_OUTPUT
2012-07-13 11:00:00+00:00,21.0,20.30551148654294,29.299844855305732,19.48945560740139,48.78930046270712,0.034693662960638624,SCENARIO: ESIF training-window mean IT; not Forest City IT,SCENARIO_INPUT + TRANSFERRED_MODEL_OUTPUT
2012-07-13 12:00:00+00:00,21.0,20.30551148654294,29.299844855305732,19.48945560740139,48.78930046270712,0.034693662960638624,SCENARIO: ESIF training-window mean IT; not Forest City IT,SCENARIO_INPUT + TRANSFERRED_MODEL_OUTPUT
2012-07-13 13:00:00+00:00,22.0,21.29370882601578,30.706340069493052,19.48945560740139,50.19579567689444,0.035693809928395714,SCENARIO: ESIF training-window mean IT; not Forest City IT,SCENARIO_INPUT + TRANSFERRED_MODEL_OUTPUT
2012-07-13 14:00:00+00:00,22.666666666666668,21.488241983048425,30.66152093382757,19.48945560740139,50.15097654122896,0.035661939416373224,SCENARIO: ESIF training-window mean IT; not Forest City IT,SCENARIO_INPUT + TRANSFERRED_MODEL_OUTPUT
2012-07-13 15:00:00+00:00,23.666666666666668,21.776177977084366,30.587134388340743,19.48945560740139,50.07658999574213,0.03560904376684657,SCENARIO: ESIF training-window mean IT; not Forest City IT,SCENARIO_INPUT + TRANSFERRED_MODEL_OUTPUT
2012-07-13 16:00:00+00:00,24.333333333333332,22.423146513590183,31.550042981617466,19.48945560740139,51.039498589018855,0.036293760003402994,SCENARIO: ESIF training-window mean IT; not Forest City IT,SCENARIO_INPUT + TRANSFERRED_MODEL_OUTPUT
2012-07-13 17:00:00+00:00,25.666666666666668,22.56635990739111,30.923035085799082,19.48945560740139,50.41249069320047,0.03584789993972346,SCENARIO: ESIF training-window mean IT; not Forest City IT,SCENARIO_INPUT + TRANSFERRED_MODEL_OUTPUT
2012-07-13 18:00:00+00:00,26.666666666666668,22.619832919680455,30.32717320329241,19.48945560740139,49.8166288106938,0.03542418754526969,SCENARIO: ESIF training-window mean IT; not Forest City IT,SCENARIO_INPUT + TRANSFERRED_MODEL_OUTPUT
2012-07-13 19:00:00+00:00,27.666666666666668,22.46257332133664,29.25335821107192,19.48945560740139,48.74281381847331,0.034660606697238174,SCENARIO: ESIF training-window mean IT; not Forest City IT,SCENARIO_INPUT + TRANSFERRED_MODEL_OUTPUT
2012-07-13 20:00:00+00:00,26.666666666666668,22.61914121234826,30.32561518194855,19.48945560740139,49.81507078934994,0.03542307964934012,SCENARIO: ESIF training-window mean IT; not Forest City IT,SCENARIO_INPUT + TRANSFERRED_MODEL_OUTPUT
2012-07-13 21:00:00+00:00,26.0,22.769901773230117,31.14390864970415,19.48945560740139,50.63336425710554,0.036004961281254584,SCENARIO: ESIF training-window mean IT; not Forest City IT,SCENARIO_INPUT + TRANSFERRED_MODEL_OUTPUT
2012-07-13 22:00:00+00:00,22.666666666666668,20.805710406857397,29.19283983979063,19.48945560740139,48.68229544719202,0.034617572590246524,SCENARIO: ESIF training-window mean IT; not Forest City IT,SCENARIO_INPUT + TRANSFERRED_MODEL_OUTPUT
2012-07-13 23:00:00+00:00,20.0,19.31633146856923,27.95385248755558,19.48945560740139,47.44330809495697,0.03373653906028654,SCENARIO: ESIF training-window mean IT; not Forest City IT,SCENARIO_INPUT + TRANSFERRED_MODEL_OUTPUT
2012-07-14 01:00:00+00:00,21.0,20.30551148654294,29.299844855305732,19.48945560740139,48.78930046270712,0.034693662960638624,SCENARIO: ESIF training-window mean IT; not Forest City IT,SCENARIO_INPUT + TRANSFERRED_MODEL_OUTPUT
2012-07-14 02:00:00+00:00,21.0,20.30551148654294,29.299844855305732,19.48945560740139,48.78930046270712,0.034693662960638624,SCENARIO: ESIF training-window mean IT; not Forest City IT,SCENARIO_INPUT + TRANSFERRED_MODEL_OUTPUT
2012-07-14 03:00:00+00:00,20.333333333333332,20.102009687350424,29.337023162608524,19.48945560740139,48.82647877000991,0.03472010014360246,SCENARIO: ESIF training-window mean IT; not Forest City IT,SCENARIO_INPUT + TRANSFERRED_MODEL_OUTPUT
2012-07-14 04:00:00+00:00,20.333333333333332,20.102009687350424,29.337023162608524,19.48945560740139,48.82647877000991,0.03472010014360246,SCENARIO: ESIF training-window mean IT; not Forest City IT,SCENARIO_INPUT + TRANSFERRED_MODEL_OUTPUT
2012-07-14 05:00:00+00:00,20.666666666666668,20.203684205295186,29.318155893690232,19.48945560740139,48.80761150109162,0.0347066837866834,SCENARIO: ESIF training-window mean IT; not Forest City IT,SCENARIO_INPUT + TRANSFERRED_MODEL_OUTPUT
2012-07-14 06:00:00+00:00,21.0,20.30551148654294,29.299844855305732,19.48945560740139,48.78930046270712,0.034693662960638624,SCENARIO: ESIF training-window mean IT; not Forest City IT,SCENARIO_INPUT + TRANSFERRED_MODEL_OUTPUT
2012-07-14 07:00:00+00:00,21.0,20.30551148654294,29.299844855305732,19.48945560740139,48.78930046270712,0.034693662960638624,SCENARIO: ESIF training-window mean IT; not Forest City IT,SCENARIO_INPUT + TRANSFERRED_MODEL_OUTPUT
2012-07-14 08:00:00+00:00,21.0,21.0,30.770802646105,19.48945560740139,50.26025825350639,0.03573964872676625,SCENARIO: ESIF training-window mean IT; not Forest City IT,SCENARIO_INPUT + TRANSFERRED_MODEL_OUTPUT
2012-07-14 09:00:00+00:00,21.666666666666668,21.196467074175306,30.7290677102795,19.48945560740139,50.21852331768089,0.03570997136342056,SCENARIO: ESIF training-window mean IT; not Forest City IT,SCENARIO_INPUT + TRANSFERRED_MODEL_OUTPUT
2012-07-14 10:00:00+00:00,22.0,22.0,32.250271422355496,19.48945560740139,51.739727029756885,0.03679168658337082,SCENARIO: ESIF training-window mean IT; not Forest City IT,SCENARIO_INPUT + TRANSFERRED_MODEL_OUTPUT
2012-07-14 11:00:00+00:00,22.0,22.0,32.250271422355496,19.48945560740139,51.739727029756885,0.03679168658337082,SCENARIO: ESIF training-window mean IT; not Forest City IT,SCENARIO_INPUT + TRANSFERRED_MODEL_OUTPUT
2012-07-14 12:00:00+00:00,22.0,22.0,32.250271422355496,19.48945560740139,51.739727029756885,0.03679168658337082,SCENARIO: ESIF training-window mean IT; not Forest City IT,SCENARIO_INPUT + TRANSFERRED_MODEL_OUTPUT
2012-07-14 13:00:00+00:00,23.0,22.282875678968104,32.177491214889294,19.48945560740139,51.66694682229068,0.036739933187357944,SCENARIO: ESIF training-window mean IT; not Forest City IT,SCENARIO_INPUT + TRANSFERRED_MODEL_OUTPUT
2012-07-14 14:00:00+00:00,25.0,22.38238037942123,30.985581363170013,19.48945560740139,50.4750369705714,0.035892376073752244,SCENARIO: ESIF training-window mean IT; not Forest City IT,SCENARIO_INPUT + TRANSFERRED_MODEL_OUTPUT
2012-07-14 15:00:00+00:00,26.0,22.437976961832497,30.39662434824943,19.48945560740139,49.886079955650814,0.03547357367281237,SCENARIO: ESIF training-window mean IT; not Forest City IT,SCENARIO_INPUT + TRANSFERRED_MODEL_OUTPUT
2012-07-14 16:00:00+00:00,27.0,22.27980863326541,29.325558047713773,19.48945560740139,48.815013655115166,0.03471194739641832,SCENARIO: ESIF training-window mean IT; not Forest City IT,SCENARIO_INPUT + TRANSFERRED_MODEL_OUTPUT
2012-07-14 17:00:00+00:00,28.0,22.34623745312588,28.751942826010694,19.48945560740139,48.24139843341209,0.034304054416151676,SCENARIO: ESIF training-window mean IT; not Forest City IT,SCENARIO_INPUT + TRANSFERRED_MODEL_OUTPUT
2012-07-14 18:00:00+00:00,29.0,22.622306546805937,28.64513719310696,19.48945560740139,48.13459280050835,0.034228105825064734,SCENARIO: ESIF training-window mean IT; not Forest City IT,SCENARIO_INPUT + TRANSFERRED_MODEL_OUTPUT
2012-07-14 19:00:00+00:00,29.666666666666668,22.59847343864103,28.10506536504152,19.48945560740139,47.59452097244291,0.03384406527109614,SCENARIO: ESIF training-window mean IT; not Forest City IT,SCENARIO_INPUT + TRANSFERRED_MODEL_OUTPUT
2012-07-14 20:00:00+00:00,30.0,21.985733041332196,26.494710949826366,19.48945560740139,45.98416655722775,0.03269895573275883,SCENARIO: ESIF training-window mean IT; not Forest City IT,SCENARIO_INPUT + TRANSFERRED_MODEL_OUTPUT
2012-07-14 21:00:00+00:00,30.0,22.68908580733691,28.065406426757402,19.48945560740139,47.55486203415879,0.033815864132216156,SCENARIO: ESIF training-window mean IT; not Forest City IT,SCENARIO_INPUT + TRANSFERRED_MODEL_OUTPUT
2012-07-14 22:00:00+00:00,30.0,22.484674358406735,27.605439668763225,19.48945560740139,47.094895276164614,0.03348878562271497,SCENARIO: ESIF training-window mean IT; not Forest City IT,SCENARIO_INPUT + TRANSFERRED_MODEL_OUTPUT
2012-07-14 23:00:00+00:00,29.333333333333332,22.505040978667495,28.138484984875735,19.48945560740139,47.62794059227713,0.03386782968287915,SCENARIO: ESIF training-window mean IT; not Forest City IT,SCENARIO_INPUT + TRANSFERRED_MODEL_OUTPUT
2012-07-15 01:00:00+00:00,25.5,21.962630401559835,29.696778566299404,19.48945560740139,49.1862341737008,0.03497591919830402,SCENARIO: ESIF training-window mean IT; not Forest City IT,SCENARIO_INPUT + TRANSFERRED_MODEL_OUTPUT
2012-07-15 02:00:00+00:00,24.666666666666668,21.836659068423497,30.012255196937687,19.48945560740139,49.501710804339076,0.035200251988311705,SCENARIO: ESIF training-window mean IT; not Forest City IT,SCENARIO_INPUT + TRANSFERRED_MODEL_OUTPUT
2012-07-15 03:00:00+00:00,24.0,21.8724195102847,30.56323628888337,19.48945560740139,50.052691896284756,0.035592050028463135,SCENARIO: ESIF training-window mean IT; not Forest City IT,SCENARIO_INPUT + TRANSFERRED_MODEL_OUTPUT
2012-07-15 04:00:00+00:00,23.0,21.584882370937,30.63800973684458,19.48945560740139,50.12746534424597,0.035645220801099116,SCENARIO: ESIF training-window mean IT; not Forest City IT,SCENARIO_INPUT + TRANSFERRED_MODEL_OUTPUT
2012-07-15 05:00:00+00:00,22.666666666666668,21.488241983048425,30.66152093382757,19.48945560740139,50.15097654122896,0.035661939416373224,SCENARIO: ESIF training-window mean IT; not Forest City IT,SCENARIO_INPUT + TRANSFERRED_MODEL_OUTPUT
2012-07-15 06:00:00+00:00,22.0,21.293708826015813,30.706340069493123,19.48945560740139,50.19579567689451,0.03569380992839576,SCENARIO: ESIF training-window mean IT; not Forest City IT,SCENARIO_INPUT + TRANSFERRED_MODEL_OUTPUT
2012-07-15 07:00:00+00:00,21.666666666666668,20.964310465719173,30.230566108447896,19.48945560740139,49.720021715849285,0.035355491049186415,SCENARIO: ESIF training-window mean IT; not Forest City IT,SCENARIO_INPUT + TRANSFERRED_MODEL_OUTPUT
2012-07-15 08:00:00+00:00,21.333333333333332,21.098076002422125,30.7495020710904,19.48945560740139,50.238957678491786,0.03572450206626044,SCENARIO: ESIF training-window mean IT; not Forest City IT,SCENARIO_INPUT + TRANSFERRED_MODEL_OUTPUT
2012-07-15 09:00:00+00:00,21.0,20.30551148654294,29.299844855305732,19.48945560740139,48.78930046270712,0.034693662960638624,SCENARIO: ESIF training-window mean IT; not Forest City IT,SCENARIO_INPUT + TRANSFERRED_MODEL_OUTPUT
2012-07-15 10:00:00+00:00,21.0,20.30551148654294,29.299844855305732,19.48945560740139,48.78930046270712,0.034693662960638624,SCENARIO: ESIF training-window mean IT; not Forest City IT,SCENARIO_INPUT + TRANSFERRED_MODEL_OUTPUT
2012-07-15 11:00:00+00:00,21.333333333333332,20.63491135103373,29.76173435020641,19.48945560740139,49.2511899576078,0.03502210871225157,SCENARIO: ESIF training-window mean IT; not Forest City IT,SCENARIO_INPUT + TRANSFERRED_MODEL_OUTPUT
2012-07-15 12:00:00+00:00,23.333333333333332,21.680901756325024,30.613307670240186,19.48945560740139,50.10276327764157,0.03562765536841046,SCENARIO: ESIF training-window mean IT; not Forest City IT,SCENARIO_INPUT + TRANSFERRED_MODEL_OUTPUT
2012-07-15 13:00:00+00:00,25.0,22.156195341086843,30.481528010902696,19.48945560740139,49.97098361830409,0.03553394795627782,SCENARIO: ESIF training-window mean IT; not Forest City IT,SCENARIO_INPUT + TRANSFERRED_MODEL_OUTPUT
2012-07-15 14:00:00+00:00,26.333333333333332,22.530497668036165,30.36542907420541,19.48945560740139,49.8548846816068,0.035451390974692416,SCENARIO: ESIF training-window mean IT; not Forest City IT,SCENARIO_INPUT + TRANSFERRED_MODEL_OUTPUT
2012-07-15 15:00:00+00:00,27.0,22.93637579429991,30.803917468300874,19.48945560740139,50.29337307570226,0.03576319639950124,SCENARIO: ESIF training-window mean IT; not Forest City IT,SCENARIO_INPUT + TRANSFERRED_MODEL_OUTPUT
2012-07-15 16:00:00+00:00,28.0,22.34623745312588,28.751942826010694,19.48945560740139,48.24139843341209,0.034304054416151676,SCENARIO: ESIF training-window mean IT; not Forest City IT,SCENARIO_INPUT + TRANSFERRED_MODEL_OUTPUT
2012-07-15 17:00:00+00:00,29.333333333333332,22.715281998868555,28.611903895248176,19.48945560740139,48.101359502649565,0.034204473905278046,SCENARIO: ESIF training-window mean IT; not Forest City IT,SCENARIO_INPUT + TRANSFERRED_MODEL_OUTPUT
2012-07-15 18:00:00+00:00,29.666666666666668,22.599083844377724,28.106439396641616,19.48945560740139,47.595895004043,0.033845042333459786,SCENARIO: ESIF training-window mean IT; not Forest City IT,SCENARIO_INPUT + TRANSFERRED_MODEL_OUTPUT
2012-07-15 19:00:00+00:00,30.0,22.284237953318623,27.15718985616686,19.48945560740139,46.64664546356825,0.033170038934959636,SCENARIO: ESIF training-window mean IT; not Forest City IT,SCENARIO_INPUT + TRANSFERRED_MODEL_OUTPUT
2012-07-15 20:00:00+00:00,30.666666666666668,23.076398900406303,28.45554376878103,19.48945560740139,47.94499937618242,0.034093287528824866,SCENARIO: ESIF training-window mean IT; not Forest City IT,SCENARIO_INPUT + TRANSFERRED_MODEL_OUTPUT
2012-07-16 01:00:00+00:00,25.0,22.153266100236465,30.475023126414882,19.48945560740139,49.96447873381627,0.03552932238739534,SCENARIO: ESIF training-window mean IT; not Forest City IT,SCENARIO_INPUT + TRANSFERRED_MODEL_OUTPUT
2012-07-16 02:00:00+00:00,25.0,22.379695182340797,30.97957689818121,19.48945560740139,50.469032505582604,0.03588810634898462,SCENARIO: ESIF training-window mean IT; not Forest City IT,SCENARIO_INPUT + TRANSFERRED_MODEL_OUTPUT
2012-07-16 03:00:00+00:00,24.0,22.32919474766286,31.57590148345286,19.48945560740139,51.06535709085425,0.036312147767499546,SCENARIO: ESIF training-window mean IT; not Forest City IT,SCENARIO_INPUT + TRANSFERRED_MODEL_OUTPUT
2012-07-16 04:00:00+00:00,22.666666666666668,21.95250326534302,31.678714356300667,19.48945560740139,51.168169963702056,0.0363852571403491,SCENARIO: ESIF training-window mean IT; not Forest City IT,SCENARIO_INPUT + TRANSFERRED_MODEL_OUTPUT
2012-07-16 05:00:00+00:00,23.0,22.281899335440492,32.17531455945802,19.48945560740139,51.66477016685941,0.036738385385909726,SCENARIO: ESIF training-window mean IT; not Forest City IT,SCENARIO_INPUT + TRANSFERRED_MODEL_OUTPUT
2012-07-16 06:00:00+00:00,22.666666666666668,21.486614886488375,30.65798187398385,19.48945560740139,50.14743748138524,0.03565942282055712,SCENARIO: ESIF training-window mean IT; not Forest City IT,SCENARIO_INPUT + TRANSFERRED_MODEL_OUTPUT
2012-07-16 07:00:00+00:00,22.0,21.292732611538987,30.704229682398164,19.48945560740139,50.193685289799554,0.035692309249806514,SCENARIO: ESIF training-window mean IT; not Forest City IT,SCENARIO_INPUT + TRANSFERRED_MODEL_OUTPUT
2012-07-16 08:00:00+00:00,22.0,21.292732611538987,30.704229682398164,19.48945560740139,50.193685289799554,0.035692309249806514,SCENARIO: ESIF training-window mean IT; not Forest City IT,SCENARIO_INPUT + TRANSFERRED_MODEL_OUTPUT
2012-07-16 09:00:00+00:00,21.0,20.534395397235347,29.780990372101744,19.48945560740139,49.27044597950314,0.0350358015081569,SCENARIO: ESIF training-window mean IT; not Forest City IT,SCENARIO_INPUT + TRANSFERRED_MODEL_OUTPUT
2012-07-16 10:00:00+00:00,21.0,20.30453539587048,29.297800643453986,19.48945560740139,48.78725625085538,0.034692209338710624,SCENARIO: ESIF training-window mean IT; not Forest City IT,SCENARIO_INPUT + TRANSFERRED_MODEL_OUTPUT
2012-07-16 11:00:00+00:00,21.666666666666668,21.19581627889158,30.727665133505162,19.48945560740139,50.21712074090655,0.03570897400282256,SCENARIO: ESIF training-window mean IT; not Forest City IT,SCENARIO_INPUT + TRANSFERRED_MODEL_OUTPUT
2012-07-16 12:00:00+00:00,22.666666666666668,21.486614886488375,30.65798187398385,19.48945560740139,50.14743748138524,0.03565942282055712,SCENARIO: ESIF training-window mean IT; not Forest City IT,SCENARIO_INPUT + TRANSFERRED_MODEL_OUTPUT
2012-07-16 13:00:00+00:00,24.333333333333332,21.964419046341106,30.530135474587894,19.48945560740139,50.01959108198928,0.0355685123166288,SCENARIO: ESIF training-window mean IT; not Forest City IT,SCENARIO_INPUT + TRANSFERRED_MODEL_OUTPUT
2012-07-16 14:00:00+00:00,26.0,22.433094552116856,30.385688436760958,19.48945560740139,49.87514404416235,0.03546579723773849,SCENARIO: ESIF training-window mean IT; not Forest City IT,SCENARIO_INPUT + TRANSFERRED_MODEL_OUTPUT
2012-07-16 15:00:00+00:00,27.5,22.847452199075484,30.2415717961346,19.48945560740139,49.73102740353599,0.035363317101530505,SCENARIO: ESIF training-window mean IT; not Forest City IT,SCENARIO_INPUT + TRANSFERRED_MODEL_OUTPUT
2012-07-16 16:00:00+00:00,29.333333333333332,23.130050335005677,29.554732180541183,19.48945560740139,49.044187787942576,0.03487491120299489,SCENARIO: ESIF training-window mean IT; not Forest City IT,SCENARIO_INPUT + TRANSFERRED_MODEL_OUTPUT
2012-07-16 17:00:00+00:00,30.0,23.30838981063238,29.476392855872582,19.48945560740139,48.96584846327397,0.034819204765295625,SCENARIO: ESIF training-window mean IT; not Forest City IT,SCENARIO_INPUT + TRANSFERRED_MODEL_OUTPUT
2012-07-16 18:00:00+00:00,31.0,23.78392684766513,29.843074054065912,19.48945560740139,49.332529661467305,0.03507994869446605,SCENARIO: ESIF training-window mean IT; not Forest City IT,SCENARIO_INPUT + TRANSFERRED_MODEL_OUTPUT
2012-07-17 01:00:00+00:00,22.0,20.604587984092852,29.232795132913374,19.48945560740139,48.72225074031476,0.03464598446457035,SCENARIO: ESIF training-window mean IT; not Forest City IT,SCENARIO_INPUT + TRANSFERRED_MODEL_OUTPUT
2012-07-17 02:00:00+00:00,21.333333333333332,19.730856237415047,27.875930369965793,19.48945560740139,47.36538597736718,0.03368112929504702,SCENARIO: ESIF training-window mean IT; not Forest City IT,SCENARIO_INPUT + TRANSFERRED_MODEL_OUTPUT
2012-07-17 03:00:00+00:00,21.0,20.303559305198018,29.29575649670238,19.48945560740139,48.78521210410377,0.03469075576307478,SCENARIO: ESIF training-window mean IT; not Forest City IT,SCENARIO_INPUT + TRANSFERRED_MODEL_OUTPUT
2012-07-17 04:00:00+00:00,21.0,20.303559305198018,29.29575649670238,19.48945560740139,48.78521210410377,0.03469075576307478,SCENARIO: ESIF training-window mean IT; not Forest City IT,SCENARIO_INPUT + TRANSFERRED_MODEL_OUTPUT
2012-07-17 05:00:00+00:00,21.0,19.627209223805778,27.89498288003213,19.48945560740139,47.38443848743352,0.0336946773753951,SCENARIO: ESIF training-window mean IT; not Forest City IT,SCENARIO_INPUT + TRANSFERRED_MODEL_OUTPUT
2012-07-17 06:00:00+00:00,20.666666666666668,19.523511699322853,27.91419627223208,19.48945560740139,47.40365187963347,0.033708339857681055,SCENARIO: ESIF training-window mean IT; not Forest City IT,SCENARIO_INPUT + TRANSFERRED_MODEL_OUTPUT
2012-07-17 07:00:00+00:00,20.0,19.31535549636162,27.95187448893781,19.48945560740139,47.4413300963392,0.0337351325220347,SCENARIO: ESIF training-window mean IT; not Forest City IT,SCENARIO_INPUT + TRANSFERRED_MODEL_OUTPUT
2012-07-17 08:00:00+00:00,20.0,19.091386925608525,27.49967957463722,19.48945560740139,46.98913518203861,0.03341358050549675,SCENARIO: ESIF training-window mean IT; not Forest City IT,SCENARIO_INPUT + TRANSFERRED_MODEL_OUTPUT
2012-07-17 09:00:00+00:00,20.0,18.650793403803597,26.620119939791007,19.48945560740139,46.10957554719239,0.03278813301525323,SCENARIO: ESIF training-window mean IT; not Forest City IT,SCENARIO_INPUT + TRANSFERRED_MODEL_OUTPUT
2012-07-17 10:00:00+00:00,19.333333333333332,18.656549288235198,27.090665533335457,19.48945560740139,46.58012114073685,0.033122734046119075,SCENARIO: ESIF training-window mean IT; not Forest City IT,SCENARIO_INPUT + TRANSFERRED_MODEL_OUTPUT
2012-07-17 11:00:00+00:00,20.333333333333332,19.64475750451945,28.392892740922807,19.48945560740139,47.8823483483242,0.03404873690760184,SCENARIO: ESIF training-window mean IT; not Forest City IT,SCENARIO_INPUT + TRANSFERRED_MODEL_OUTPUT
2012-07-17 12:00:00+00:00,23.0,21.12594742294666,29.64393074007937,19.48945560740139,49.13338634748076,0.034938339551666496,SCENARIO: ESIF training-window mean IT; not Forest City IT,SCENARIO_INPUT + TRANSFERRED_MODEL_OUTPUT
2012-07-17 13:00:00+00:00,25.333333333333332,21.80031490621495,29.458199103031387,19.48945560740139,48.94765471043277,0.03480626734001845,SCENARIO: ESIF training-window mean IT; not Forest City IT,SCENARIO_INPUT + TRANSFERRED_MODEL_OUTPUT
2012-07-17 14:00:00+00:00,27.666666666666668,22.24299079361429,28.762765828468087,19.48945560740139,48.25222143586947,0.03431175056255913,SCENARIO: ESIF training-window mean IT; not Forest City IT,SCENARIO_INPUT + TRANSFERRED_MODEL_OUTPUT
2012-07-17 15:00:00+00:00,29.333333333333332,22.29232567768939,27.66256824211388,19.48945560740139,47.152023849515274,0.03352940927278687,SCENARIO: ESIF training-window mean IT; not Forest City IT,SCENARIO_INPUT + TRANSFERRED_MODEL_OUTPUT
2012-07-17 16:00:00+00:00,30.0,21.877506638890488,26.25602545095426,19.48945560740139,45.74548105835565,0.03252922847344322,SCENARIO: ESIF training-window mean IT; not Forest City IT,SCENARIO_INPUT + TRANSFERRED_MODEL_OUTPUT
2012-08-03 16:00:00+00:00,27.0,22.488659625410197,29.792622815618977,19.48945560740139,49.282078423020366,0.035044073241323144,SCENARIO: ESIF training-window mean IT; not Forest City IT,SCENARIO_INPUT + TRANSFERRED_MODEL_OUTPUT
2012-08-03 17:00:00+00:00,28.5,22.794081550903698,29.396658566988666,19.48945560740139,48.88611417439006,0.034762506380225336,SCENARIO: ESIF training-window mean IT; not Forest City IT,SCENARIO_INPUT + TRANSFERRED_MODEL_OUTPUT
2012-08-03 18:00:00+00:00,30.0,22.27550933593996,27.13773181905682,19.48945560740139,46.62718742645821,0.03315620248772696,SCENARIO: ESIF training-window mean IT; not Forest City IT,SCENARIO_INPUT + TRANSFERRED_MODEL_OUTPUT
2012-08-03 19:00:00+00:00,30.0,22.88569133349455,28.51050187476445,19.48945560740139,47.99995748216584,0.03413236777772905,SCENARIO: ESIF training-window mean IT; not Forest City IT,SCENARIO_INPUT + TRANSFERRED_MODEL_OUTPUT
2012-08-03 21:00:00+00:00,30.0,22.88508089901289,28.50911582404578,19.48945560740139,47.99857143144717,0.03413138216867084,SCENARIO: ESIF training-window mean IT; not Forest City IT,SCENARIO_INPUT + TRANSFERRED_MODEL_OUTPUT
2012-08-03 22:00:00+00:00,29.0,22.61131952160555,28.6203917113236,19.48945560740139,48.10984731872499,0.034210509520205906,SCENARIO: ESIF training-window mean IT; not Forest City IT,SCENARIO_INPUT + TRANSFERRED_MODEL_OUTPUT
2012-08-03 23:00:00+00:00,28.5,23.11480694138401,30.12641007128844,19.48945560740139,49.61586567868983,0.035281426563443526,SCENARIO: ESIF training-window mean IT; not Forest City IT,SCENARIO_INPUT + TRANSFERRED_MODEL_OUTPUT
2012-08-04 01:00:00+00:00,26.0,23.107951012951137,31.91271894213526,19.48945560740139,51.40217454953665,0.036551655841605225,SCENARIO: ESIF training-window mean IT; not Forest City IT,SCENARIO_INPUT + TRANSFERRED_MODEL_OUTPUT
2012-08-04 02:00:00+00:00,26.0,22.655433221877026,30.885347609354763,19.48945560740139,50.37480321675615,0.035821100690847256,SCENARIO: ESIF training-window mean IT; not Forest City IT,SCENARIO_INPUT + TRANSFERRED_MODEL_OUTPUT
2012-08-04 03:00:00+00:00,25.333333333333332,21.801535397942082,29.460879910019486,19.48945560740139,48.950335517420875,0.034808173639416594,SCENARIO: ESIF training-window mean IT; not Forest City IT,SCENARIO_INPUT + TRANSFERRED_MODEL_OUTPUT
2012-08-04 04:00:00+00:00,24.666666666666668,21.390476970031852,29.037929293328723,19.48945560740139,48.52738490073011,0.03450741699799519,SCENARIO: ESIF training-window mean IT; not Forest City IT,SCENARIO_INPUT + TRANSFERRED_MODEL_OUTPUT
2012-08-04 05:00:00+00:00,23.666666666666668,21.099627226391924,29.11787406702666,19.48945560740139,48.607329674428044,0.03456426505705397,SCENARIO: ESIF training-window mean IT; not Forest City IT,SCENARIO_INPUT + TRANSFERRED_MODEL_OUTPUT
2012-08-04 06:00:00+00:00,23.0,20.902717156116644,29.1656039114672,19.48945560740139,48.65505951886859,0.034598205349709935,SCENARIO: ESIF training-window mean IT; not Forest City IT,SCENARIO_INPUT + TRANSFERRED_MODEL_OUTPUT
2012-08-04 07:00:00+00:00,23.0,20.902717156116644,29.1656039114672,19.48945560740139,48.65505951886859,0.034598205349709935,SCENARIO: ESIF training-window mean IT; not Forest City IT,SCENARIO_INPUT + TRANSFERRED_MODEL_OUTPUT
2012-08-04 08:00:00+00:00,22.0,20.605564138003942,29.23485949044545,19.48945560740139,48.72431509784684,0.03464745241192293,SCENARIO: ESIF training-window mean IT; not Forest City IT,SCENARIO_INPUT + TRANSFERRED_MODEL_OUTPUT
2012-08-04 09:00:00+00:00,22.0,20.832252011069713,29.71601921228101,19.48945560740139,49.2054748196824,0.03498960106052586,SCENARIO: ESIF training-window mean IT; not Forest City IT,SCENARIO_INPUT + TRANSFERRED_MODEL_OUTPUT
2012-08-04 10:00:00+00:00,21.666666666666668,20.733790214143028,29.739222031192188,19.48945560740139,49.22867763859358,0.0350061003907357,SCENARIO: ESIF training-window mean IT; not Forest City IT,SCENARIO_INPUT + TRANSFERRED_MODEL_OUTPUT
2012-08-04 11:00:00+00:00,22.0,21.293708826015813,30.706340069493123,19.48945560740139,50.19579567689451,0.03569380992839576,SCENARIO: ESIF training-window mean IT; not Forest City IT,SCENARIO_INPUT + TRANSFERRED_MODEL_OUTPUT
2012-08-04 12:00:00+00:00,23.333333333333332,21.679762737488552,30.610815203684098,19.48945560740139,50.10027081108549,0.03562588299631623,SCENARIO: ESIF training-window mean IT; not Forest City IT,SCENARIO_INPUT + TRANSFERRED_MODEL_OUTPUT
2012-08-04 13:00:00+00:00,24.0,21.87095499093198,30.560012394785993,19.48945560740139,50.04946800218738,0.03558975754436981,SCENARIO: ESIF training-window mean IT; not Forest City IT,SCENARIO_INPUT + TRANSFERRED_MODEL_OUTPUT
2012-08-04 14:00:00+00:00,25.666666666666668,22.342759322623333,30.421910553417476,19.48945560740139,49.911366160818865,0.03549155448154162,SCENARIO: ESIF training-window mean IT; not Forest City IT,SCENARIO_INPUT + TRANSFERRED_MODEL_OUTPUT
2012-08-04 15:00:00+00:00,28.0,22.344284344032907,28.747580183619355,19.48945560740139,48.237035791020745,0.034300952177683246,SCENARIO: ESIF training-window mean IT; not Forest City IT,SCENARIO_INPUT + TRANSFERRED_MODEL_OUTPUT
2012-08-04 16:00:00+00:00,28.666666666666668,21.910982201076056,27.302576429215605,19.48945560740139,46.792032036616995,0.033273422109477806,SCENARIO: ESIF training-window mean IT; not Forest City IT,SCENARIO_INPUT + TRANSFERRED_MODEL_OUTPUT
2012-08-04 17:00:00+00:00,28.0,21.925876453524722,27.81899509015041,19.48945560740139,47.3084506975518,0.033640643094389265,SCENARIO: ESIF training-window mean IT; not Forest City IT,SCENARIO_INPUT + TRANSFERRED_MODEL_OUTPUT
2012-08-04 20:00:00+00:00,30.0,21.690295377847782,25.845034160579225,19.48945560740139,45.334489767980614,0.03223697600880852,SCENARIO: ESIF training-window mean IT; not Forest City IT,SCENARIO_INPUT + TRANSFERRED_MODEL_OUTPUT
2012-08-04 22:00:00+00:00,25.0,22.154242513853255,30.47719135610091,19.48945560740139,49.9666469635023,0.03553086419736668,SCENARIO: ESIF training-window mean IT; not Forest City IT,SCENARIO_INPUT + TRANSFERRED_MODEL_OUTPUT
2012-08-04 23:00:00+00:00,25.0,21.48910662794207,29.015279053242967,19.48945560740139,48.50473466064436,0.0344913106019604,SCENARIO: ESIF training-window mean IT; not Forest City IT,SCENARIO_INPUT + TRANSFERRED_MODEL_OUTPUT
2012-08-05 02:00:00+00:00,24.0,21.42210933195129,29.57885911032419,19.48945560740139,49.06831471772558,0.03489206766070648,SCENARIO: ESIF training-window mean IT; not Forest City IT,SCENARIO_INPUT + TRANSFERRED_MODEL_OUTPUT
2012-08-05 03:00:00+00:00,23.0,21.584882370937,30.63800973684458,19.48945560740139,50.12746534424597,0.035645220801099116,SCENARIO: ESIF training-window mean IT; not Forest City IT,SCENARIO_INPUT + TRANSFERRED_MODEL_OUTPUT
2012-08-05 04:00:00+00:00,22.0,21.293708826015813,30.706340069493123,19.48945560740139,50.19579567689451,0.03569380992839576,SCENARIO: ESIF training-window mean IT; not Forest City IT,SCENARIO_INPUT + TRANSFERRED_MODEL_OUTPUT
2012-08-05 05:00:00+00:00,22.333333333333332,21.391265450966458,30.68447127735708,19.48945560740139,50.17392688475847,0.035678259213453585,SCENARIO: ESIF training-window mean IT; not Forest City IT,SCENARIO_INPUT + TRANSFERRED_MODEL_OUTPUT
2012-08-05 06:00:00+00:00,22.0,21.293708826015813,30.706340069493123,19.48945560740139,50.19579567689451,0.03569380992839576,SCENARIO: ESIF training-window mean IT; not Forest City IT,SCENARIO_INPUT + TRANSFERRED_MODEL_OUTPUT
2012-08-05 07:00:00+00:00,21.666666666666668,20.964310465719173,30.230566108447896,19.48945560740139,49.720021715849285,0.035355491049186415,SCENARIO: ESIF training-window mean IT; not Forest City IT,SCENARIO_INPUT + TRANSFERRED_MODEL_OUTPUT
2012-08-05 08:00:00+00:00,21.0,20.30551148654294,29.299844855305732,19.48945560740139,48.78930046270712,0.034693662960638624,SCENARIO: ESIF training-window mean IT; not Forest City IT,SCENARIO_INPUT + TRANSFERRED_MODEL_OUTPUT
2012-08-05 09:00:00+00:00,21.0,20.30551148654294,29.299844855305732,19.48945560740139,48.78930046270712,0.034693662960638624,SCENARIO: ESIF training-window mean IT; not Forest City IT,SCENARIO_INPUT + TRANSFERRED_MODEL_OUTPUT
2012-08-05 10:00:00+00:00,21.0,20.30551148654294,29.299844855305732,19.48945560740139,48.78930046270712,0.034693662960638624,SCENARIO: ESIF training-window mean IT; not Forest City IT,SCENARIO_INPUT + TRANSFERRED_MODEL_OUTPUT
2012-08-05 11:00:00+00:00,21.0,20.30551148654294,29.299844855305732,19.48945560740139,48.78930046270712,0.034693662960638624,SCENARIO: ESIF training-window mean IT; not Forest City IT,SCENARIO_INPUT + TRANSFERRED_MODEL_OUTPUT
2012-08-05 12:00:00+00:00,23.0,21.584882370937,30.63800973684458,19.48945560740139,50.12746534424597,0.035645220801099116,SCENARIO: ESIF training-window mean IT; not Forest City IT,SCENARIO_INPUT + TRANSFERRED_MODEL_OUTPUT
2012-08-05 13:00:00+00:00,24.666666666666668,22.288695096825077,31.013235902262227,19.48945560740139,50.50269150966362,0.03591204098490076,SCENARIO: ESIF training-window mean IT; not Forest City IT,SCENARIO_INPUT + TRANSFERRED_MODEL_OUTPUT
2012-08-05 14:00:00+00:00,26.0,21.998493663185947,29.418768896470205,19.48945560740139,48.908224503871594,0.03477822885035108,SCENARIO: ESIF training-window mean IT; not Forest City IT,SCENARIO_INPUT + TRANSFERRED_MODEL_OUTPUT
2012-08-05 15:00:00+00:00,27.0,22.06612411413448,28.850768466796417,19.48945560740139,48.340224074197806,0.03437432850167396,SCENARIO: ESIF training-window mean IT; not Forest City IT,SCENARIO_INPUT + TRANSFERRED_MODEL_OUTPUT
2012-08-05 16:00:00+00:00,28.0,22.032764194670378,28.05507664773556,19.48945560740139,47.54453225513695,0.033808518712863084,SCENARIO: ESIF training-window mean IT; not Forest City IT,SCENARIO_INPUT + TRANSFERRED_MODEL_OUTPUT
2012-08-05 17:00:00+00:00,28.333333333333332,21.817022893272526,27.33781706080609,19.48945560740139,46.82727266820748,0.033298481427470175,SCENARIO: ESIF training-window mean IT; not Forest City IT,SCENARIO_INPUT + TRANSFERRED_MODEL_OUTPUT
2012-08-05 18:00:00+00:00,29.333333333333332,21.898778841590413,26.79022095674177,19.48945560740139,46.27967656414316,0.03290909042385274,SCENARIO: ESIF training-window mean IT; not Forest City IT,SCENARIO_INPUT + TRANSFERRED_MODEL_OUTPUT
2012-08-05 19:00:00+00:00,30.0,22.284909385424676,27.158686843879657,19.48945560740139,46.648142451281046,0.033171103430385304,SCENARIO: ESIF training-window mean IT; not Forest City IT,SCENARIO_INPUT + TRANSFERRED_MODEL_OUTPUT
2012-08-05 20:00:00+00:00,31.0,22.561686983292258,27.0438562555402,19.48945560740139,46.53331186294159,0.03308944836069505,SCENARIO: ESIF training-window mean IT; not Forest City IT,SCENARIO_INPUT + TRANSFERRED_MODEL_OUTPUT
2012-08-05 22:00:00+00:00,27.666666666666668,22.894765628131033,30.228588220372508,19.48945560740139,49.7180438277739,0.035354084589540334,SCENARIO: ESIF training-window mean IT; not Forest City IT,SCENARIO_INPUT + TRANSFERRED_MODEL_OUTPUT
2012-08-05 23:00:00+00:00,27.0,22.711353455706842,30.293928334998622,19.48945560740139,49.78338394240001,0.035400547397843575,SCENARIO: ESIF training-window mean IT; not Forest City IT,SCENARIO_INPUT + TRANSFERRED_MODEL_OUTPUT
2012-08-06 01:00:00+00:00,24.5,22.01261142234383,30.51847327398953,19.48945560740139,50.007928881390924,0.035560219423451375,SCENARIO: ESIF training-window mean IT; not Forest City IT,SCENARIO_INPUT + TRANSFERRED_MODEL_OUTPUT
2012-08-06 02:00:00+00:00,24.0,21.870954990931946,30.560012394785915,19.48945560740139,50.049468002187304,0.03558975754436976,SCENARIO: ESIF training-window mean IT; not Forest City IT,SCENARIO_INPUT + TRANSFERRED_MODEL_OUTPUT
2012-08-06 03:00:00+00:00,23.333333333333332,21.679762737488552,30.610815203684098,19.48945560740139,50.10027081108549,0.03562588299631623,SCENARIO: ESIF training-window mean IT; not Forest City IT,SCENARIO_INPUT + TRANSFERRED_MODEL_OUTPUT
2012-08-06 04:00:00+00:00,23.0,21.58390609109632,30.635879784928065,19.48945560740139,50.125335392329454,0.035643706210129106,SCENARIO: ESIF training-window mean IT; not Forest City IT,SCENARIO_INPUT + TRANSFERRED_MODEL_OUTPUT
2012-08-06 05:00:00+00:00,23.0,21.58390609109632,30.635879784928065,19.48945560740139,50.125335392329454,0.035643706210129106,SCENARIO: ESIF training-window mean IT; not Forest City IT,SCENARIO_INPUT + TRANSFERRED_MODEL_OUTPUT
2012-08-06 06:00:00+00:00,22.333333333333332,21.3906146268681,30.683059975835107,19.48945560740139,50.172515583236496,0.035677255648760606,SCENARIO: ESIF training-window mean IT; not Forest City IT,SCENARIO_INPUT + TRANSFERRED_MODEL_OUTPUT
2012-08-06 07:00:00+00:00,22.0,21.293708826015813,30.706340069493123,19.48945560740139,50.19579567689451,0.03569380992839576,SCENARIO: ESIF training-window mean IT; not Forest City IT,SCENARIO_INPUT + TRANSFERRED_MODEL_OUTPUT
2012-08-06 08:00:00+00:00,22.0,21.293708826015813,30.706340069493123,19.48945560740139,50.19579567689451,0.03569380992839576,SCENARIO: ESIF training-window mean IT; not Forest City IT,SCENARIO_INPUT + TRANSFERRED_MODEL_OUTPUT
2012-08-06 09:00:00+00:00,22.0,21.06252830804067,30.208390631422816,19.48945560740139,49.697846238824205,0.03533972225318805,SCENARIO: ESIF training-window mean IT; not Forest City IT,SCENARIO_INPUT + TRANSFERRED_MODEL_OUTPUT
2012-08-06 10:00:00+00:00,21.333333333333332,20.63491135103373,29.76173435020641,19.48945560740139,49.2511899576078,0.03502210871225157,SCENARIO: ESIF training-window mean IT; not Forest City IT,SCENARIO_INPUT + TRANSFERRED_MODEL_OUTPUT
2012-08-06 11:00:00+00:00,21.666666666666668,20.733790214143028,29.739222031192188,19.48945560740139,49.22867763859358,0.0350061003907357,SCENARIO: ESIF training-window mean IT; not Forest City IT,SCENARIO_INPUT + TRANSFERRED_MODEL_OUTPUT
2012-08-06 12:00:00+00:00,23.333333333333332,21.679762737488552,30.610815203684098,19.48945560740139,50.10027081108549,0.03562588299631623,SCENARIO: ESIF training-window mean IT; not Forest City IT,SCENARIO_INPUT + TRANSFERRED_MODEL_OUTPUT
2012-08-06 13:00:00+00:00,24.5,22.01261142234383,30.51847327398953,19.48945560740139,50.007928881390924,0.035560219423451375,SCENARIO: ESIF training-window mean IT; not Forest City IT,SCENARIO_INPUT + TRANSFERRED_MODEL_OUTPUT
2012-08-06 14:00:00+00:00,25.333333333333332,22.24850664382833,30.44949520062866,19.48945560740139,49.93895080803005,0.03551116969315886,SCENARIO: ESIF training-window mean IT; not Forest City IT,SCENARIO_INPUT + TRANSFERRED_MODEL_OUTPUT
2012-08-06 15:00:00+00:00,26.333333333333332,22.306744599124684,29.864512253399816,19.48945560740139,49.353967860801205,0.03509519321847274,SCENARIO: ESIF training-window mean IT; not Forest City IT,SCENARIO_INPUT + TRANSFERRED_MODEL_OUTPUT
2012-08-06 16:00:00+00:00,27.0,22.060997565460973,28.83941601716468,19.48945560740139,48.32887162456607,0.03436625586981481,SCENARIO: ESIF training-window mean IT; not Forest City IT,SCENARIO_INPUT + TRANSFERRED_MODEL_OUTPUT
2012-08-06 17:00:00+00:00,27.333333333333332,22.153647990335877,28.80471541782554,19.48945560740139,48.29417102522693,0.03434158056423373,SCENARIO: ESIF training-window mean IT; not Forest City IT,SCENARIO_INPUT + TRANSFERRED_MODEL_OUTPUT
2012-08-06 18:00:00+00:00,28.666666666666668,22.524802210075606,28.668318699123553,19.48945560740139,48.15777430652494,0.03424458999985372,SCENARIO: ESIF training-window mean IT; not Forest City IT,SCENARIO_INPUT + TRANSFERRED_MODEL_OUTPUT
2012-08-06 19:00:00+00:00,30.0,22.582148432737725,27.82441977089527,19.48945560740139,47.31387537829666,0.033644500539436566,SCENARIO: ESIF training-window mean IT; not Forest City IT,SCENARIO_INPUT + TRANSFERRED_MODEL_OUTPUT
2012-08-06 20:00:00+00:00,29.0,22.61461562916567,28.62781448979213,19.48945560740139,48.11727009719352,0.034215787795810935,SCENARIO: ESIF training-window mean IT; not Forest City IT,SCENARIO_INPUT + TRANSFERRED_MODEL_OUTPUT
2012-08-06 21:00:00+00:00,24.0,21.86875821190285,30.555176828424926,19.48945560740139,50.044632435826315,0.03558631901362714,SCENARIO: ESIF training-window mean IT; not Forest City IT,SCENARIO_INPUT + TRANSFERRED_MODEL_OUTPUT
2012-08-06 22:00:00+00:00,23.0,21.813387688092806,31.13833179555205,19.48945560740139,50.627787402953444,0.03600099562697181,SCENARIO: ESIF training-window mean IT; not Forest City IT,SCENARIO_INPUT + TRANSFERRED_MODEL_OUTPUT
2012-08-07 01:00:00+00:00,22.0,21.292732611538987,30.704229682398164,19.48945560740139,50.193685289799554,0.035692309249806514,SCENARIO: ESIF training-window mean IT; not Forest City IT,SCENARIO_INPUT + TRANSFERRED_MODEL_OUTPUT
2012-08-07 05:00:00+00:00,21.0,21.0,30.770802646105,19.48945560740139,50.26025825350639,0.03573964872676625,SCENARIO: ESIF training-window mean IT; not Forest City IT,SCENARIO_INPUT + TRANSFERRED_MODEL_OUTPUT
2012-08-07 06:00:00+00:00,21.0,21.0,30.770802646105,19.48945560740139,50.26025825350639,0.03573964872676625,SCENARIO: ESIF training-window mean IT; not Forest City IT,SCENARIO_INPUT + TRANSFERRED_MODEL_OUTPUT
2012-08-07 07:00:00+00:00,21.0,21.0,30.770802646105,19.48945560740139,50.26025825350639,0.03573964872676625,SCENARIO: ESIF training-window mean IT; not Forest City IT,SCENARIO_INPUT + TRANSFERRED_MODEL_OUTPUT
2012-08-07 08:00:00+00:00,21.0,21.0,30.770802646105,19.48945560740139,50.26025825350639,0.03573964872676625,SCENARIO: ESIF training-window mean IT; not Forest City IT,SCENARIO_INPUT + TRANSFERRED_MODEL_OUTPUT
2012-08-07 09:00:00+00:00,21.0,21.0,30.770802646105,19.48945560740139,50.26025825350639,0.03573964872676625,SCENARIO: ESIF training-window mean IT; not Forest City IT,SCENARIO_INPUT + TRANSFERRED_MODEL_OUTPUT
2012-08-07 10:00:00+00:00,21.0,21.0,30.770802646105,19.48945560740139,50.26025825350639,0.03573964872676625,SCENARIO: ESIF training-window mean IT; not Forest City IT,SCENARIO_INPUT + TRANSFERRED_MODEL_OUTPUT
2012-08-07 11:00:00+00:00,21.0,21.0,30.770802646105,19.48945560740139,50.26025825350639,0.03573964872676625,SCENARIO: ESIF training-window mean IT; not Forest City IT,SCENARIO_INPUT + TRANSFERRED_MODEL_OUTPUT
2012-08-07 12:00:00+00:00,22.0,21.292732611538987,30.704229682398164,19.48945560740139,50.193685289799554,0.035692309249806514,SCENARIO: ESIF training-window mean IT; not Forest City IT,SCENARIO_INPUT + TRANSFERRED_MODEL_OUTPUT
2012-08-07 13:00:00+00:00,22.0,21.292732611538987,30.704229682398164,19.48945560740139,50.193685289799554,0.035692309249806514,SCENARIO: ESIF training-window mean IT; not Forest City IT,SCENARIO_INPUT + TRANSFERRED_MODEL_OUTPUT
2012-08-07 14:00:00+00:00,23.0,21.582929811255642,30.63374989813694,19.48945560740139,50.12320550553833,0.03564219166546922,SCENARIO: ESIF training-window mean IT; not Forest City IT,SCENARIO_INPUT + TRANSFERRED_MODEL_OUTPUT
2012-08-07 15:00:00+00:00,23.5,21.726466576087194,30.595658678963332,19.48945560740139,50.08511428636472,0.035615105318519455,SCENARIO: ESIF training-window mean IT; not Forest City IT,SCENARIO_INPUT + TRANSFERRED_MODEL_OUTPUT
2012-08-07 16:00:00+00:00,25.0,22.151313273002877,30.470686862472526,19.48945560740139,49.960142469873915,0.03552623890642107,SCENARIO: ESIF training-window mean IT; not Forest City IT,SCENARIO_INPUT + TRANSFERRED_MODEL_OUTPUT
2012-08-07 17:00:00+00:00,25.666666666666668,22.338202513651982,30.41173353808371,19.48945560740139,49.9011891454851,0.03548431769116778,SCENARIO: ESIF training-window mean IT; not Forest City IT,SCENARIO_INPUT + TRANSFERRED_MODEL_OUTPUT
2012-08-07 18:00:00+00:00,26.333333333333332,22.52268562866553,30.34788259983899,19.48945560740139,49.83733820724038,0.03543891382371786,SCENARIO: ESIF training-window mean IT; not Forest City IT,SCENARIO_INPUT + TRANSFERRED_MODEL_OUTPUT
2012-08-07 19:00:00+00:00,27.0,22.706226562049594,30.282349089384038,19.48945560740139,49.77180469678542,0.03539231349326038,SCENARIO: ESIF training-window mean IT; not Forest City IT,SCENARIO_INPUT + TRANSFERRED_MODEL_OUTPUT
2012-08-07 20:00:00+00:00,27.0,22.705494148669985,30.280695058052675,19.48945560740139,49.77015066545407,0.03539113732543275,SCENARIO: ESIF training-window mean IT; not Forest City IT,SCENARIO_INPUT + TRANSFERRED_MODEL_OUTPUT
2012-08-07 21:00:00+00:00,27.0,22.705494148669985,30.280695058052675,19.48945560740139,49.77015066545407,0.03539113732543275,SCENARIO: ESIF training-window mean IT; not Forest City IT,SCENARIO_INPUT + TRANSFERRED_MODEL_OUTPUT
2012-08-07 22:00:00+00:00,26.333333333333332,22.522034625384617,30.346420581868497,19.48945560740139,49.83587618926988,0.03543787419498308,SCENARIO: ESIF training-window mean IT; not Forest City IT,SCENARIO_INPUT + TRANSFERRED_MODEL_OUTPUT
2012-08-08 01:00:00+00:00,24.0,22.560282048647103,32.09364986412875,19.48945560740139,51.58310547153014,0.036680314304982815,SCENARIO: ESIF training-window mean IT; not Forest City IT,SCENARIO_INPUT + TRANSFERRED_MODEL_OUTPUT
2012-08-08 02:00:00+00:00,21.666666666666668,20.963334293097986,30.228477782831646,19.48945560740139,49.717933390233036,0.03535400605832992,SCENARIO: ESIF training-window mean IT; not Forest City IT,SCENARIO_INPUT + TRANSFERRED_MODEL_OUTPUT
2012-08-08 03:00:00+00:00,21.0,20.303559305198018,29.29575649670238,19.48945560740139,48.78521210410377,0.03469075576307478,SCENARIO: ESIF training-window mean IT; not Forest City IT,SCENARIO_INPUT + TRANSFERRED_MODEL_OUTPUT
2012-08-08 04:00:00+00:00,21.0,20.53374465704979,29.77961735248107,19.48945560740139,49.26907295988246,0.035034825165403335,SCENARIO: ESIF training-window mean IT; not Forest City IT,SCENARIO_INPUT + TRANSFERRED_MODEL_OUTPUT
2012-08-08 05:00:00+00:00,21.0,20.303559305198018,29.29575649670238,19.48945560740139,48.78521210410377,0.03469075576307478,SCENARIO: ESIF training-window mean IT; not Forest City IT,SCENARIO_INPUT + TRANSFERRED_MODEL_OUTPUT
2012-08-08 06:00:00+00:00,21.0,20.303559305198018,29.29575649670238,19.48945560740139,48.78521210410377,0.03469075576307478,SCENARIO: ESIF training-window mean IT; not Forest City IT,SCENARIO_INPUT + TRANSFERRED_MODEL_OUTPUT
2012-08-08 07:00:00+00:00,21.0,20.303559305198018,29.29575649670238,19.48945560740139,48.78521210410377,0.03469075576307478,SCENARIO: ESIF training-window mean IT; not Forest City IT,SCENARIO_INPUT + TRANSFERRED_MODEL_OUTPUT
2012-08-08 08:00:00+00:00,21.0,20.303559305198018,29.29575649670238,19.48945560740139,48.78521210410377,0.03469075576307478,SCENARIO: ESIF training-window mean IT; not Forest City IT,SCENARIO_INPUT + TRANSFERRED_MODEL_OUTPUT
2012-08-08 09:00:00+00:00,21.0,20.303559305198018,29.29575649670238,19.48945560740139,48.78521210410377,0.03469075576307478,SCENARIO: ESIF training-window mean IT; not Forest City IT,SCENARIO_INPUT + TRANSFERRED_MODEL_OUTPUT
2012-08-08 10:00:00+00:00,21.0,21.0,30.770802646105,19.48945560740139,50.26025825350639,0.03573964872676625,SCENARIO: ESIF training-window mean IT; not Forest City IT,SCENARIO_INPUT + TRANSFERRED_MODEL_OUTPUT
2012-08-08 11:00:00+00:00,21.0,20.766054148108033,30.271613924384095,19.48945560740139,49.76106953178548,0.035384679807333286,SCENARIO: ESIF training-window mean IT; not Forest City IT,SCENARIO_INPUT + TRANSFERRED_MODEL_OUTPUT
2012-08-08 12:00:00+00:00,22.333333333333332,21.38931297867139,30.68023745961727,19.48945560740139,50.169693067018656,0.03567524858111598,SCENARIO: ESIF training-window mean IT; not Forest City IT,SCENARIO_INPUT + TRANSFERRED_MODEL_OUTPUT
2012-08-08 13:00:00+00:00,23.666666666666668,21.77292356377815,30.579991942601538,19.48945560740139,50.06944755000293,0.03560396483349765,SCENARIO: ESIF training-window mean IT; not Forest City IT,SCENARIO_INPUT + TRANSFERRED_MODEL_OUTPUT
2012-08-08 14:00:00+00:00,25.666666666666668,22.337632912530562,30.41046151092686,19.48945560740139,49.89991711832825,0.035483413163309455,SCENARIO: ESIF training-window mean IT; not Forest City IT,SCENARIO_INPUT + TRANSFERRED_MODEL_OUTPUT
2012-08-08 15:00:00+00:00,27.5,22.844278294205715,30.23437370799067,19.48945560740139,49.72382931539206,0.035358198601333574,SCENARIO: ESIF training-window mean IT; not Forest City IT,SCENARIO_INPUT + TRANSFERRED_MODEL_OUTPUT
2012-08-08 16:00:00+00:00,28.333333333333332,22.64024431321821,29.170079194549217,19.48945560740139,48.659534801950606,0.03460138768603016,SCENARIO: ESIF training-window mean IT; not Forest City IT,SCENARIO_INPUT + TRANSFERRED_MODEL_OUTPUT
2012-08-08 21:00:00+00:00,24.0,20.539594420060283,27.68986849240143,19.48945560740139,47.17932409980282,0.033548822252133466,SCENARIO: ESIF training-window mean IT; not Forest City IT,SCENARIO_INPUT + TRANSFERRED_MODEL_OUTPUT
2012-08-08 23:00:00+00:00,24.0,19.905599710858713,26.365673715586063,19.48945560740139,45.85512932298745,0.03260719843614565,SCENARIO: ESIF training-window mean IT; not Forest City IT,SCENARIO_INPUT + TRANSFERRED_MODEL_OUTPUT
2012-08-09 00:00:00+00:00,22.666666666666668,19.49493393747113,26.46155617714131,19.48945560740139,45.9510117845427,0.03267537965156555,SCENARIO: ESIF training-window mean IT; not Forest City IT,SCENARIO_INPUT + TRANSFERRED_MODEL_OUTPUT
2012-08-09 01:00:00+00:00,21.666666666666668,19.18168268946488,26.525497718433762,19.48945560740139,46.01495332583515,0.03272084794608393,SCENARIO: ESIF training-window mean IT; not Forest City IT,SCENARIO_INPUT + TRANSFERRED_MODEL_OUTPUT
2012-08-09 02:00:00+00:00,21.0,19.187575142281933,27.001228324490604,19.48945560740139,46.49068393189199,0.033059135995924124,SCENARIO: ESIF training-window mean IT; not Forest City IT,SCENARIO_INPUT + TRANSFERRED_MODEL_OUTPUT
2012-08-09 05:00:00+00:00,20.0,18.651769321775525,26.622053513505865,19.48945560740139,46.11150912090726,0.03278950796332867,SCENARIO: ESIF training-window mean IT; not Forest City IT,SCENARIO_INPUT + TRANSFERRED_MODEL_OUTPUT
2012-08-09 06:00:00+00:00,20.0,18.650793403803597,26.620119939791007,19.48945560740139,46.10957554719239,0.03278813301525323,SCENARIO: ESIF training-window mean IT; not Forest City IT,SCENARIO_INPUT + TRANSFERRED_MODEL_OUTPUT
2012-08-09 07:00:00+00:00,19.666666666666668,18.543163818992095,26.637079508909604,19.48945560740139,46.12653511631099,0.03280019282282125,SCENARIO: ESIF training-window mean IT; not Forest City IT,SCENARIO_INPUT + TRANSFERRED_MODEL_OUTPUT
2012-08-09 08:00:00+00:00,19.0,18.32714509794047,26.670474947335386,19.48945560740139,46.159930554736775,0.03282394003940724,SCENARIO: ESIF training-window mean IT; not Forest City IT,SCENARIO_INPUT + TRANSFERRED_MODEL_OUTPUT
2012-08-09 09:00:00+00:00,18.333333333333332,17.888041598231744,26.27311746799643,19.48945560740139,45.76257307539782,0.03254138246362047,SCENARIO: ESIF training-window mean IT; not Forest City IT,SCENARIO_INPUT + TRANSFERRED_MODEL_OUTPUT
2012-08-09 10:00:00+00:00,18.0,17.55732654653103,25.866314753424458,19.48945560740139,45.355770360825844,0.03225210846016103,SCENARIO: ESIF training-window mean IT; not Forest City IT,SCENARIO_INPUT + TRANSFERRED_MODEL_OUTPUT
2012-08-09 11:00:00+00:00,19.0,18.32714509794047,26.670474947335386,19.48945560740139,46.159930554736775,0.03282394003940724,SCENARIO: ESIF training-window mean IT; not Forest City IT,SCENARIO_INPUT + TRANSFERRED_MODEL_OUTPUT
2012-08-09 12:00:00+00:00,20.0,19.092037561537197,27.500988251444028,19.48945560740139,46.99044385884542,0.03341451109461422,SCENARIO: ESIF training-window mean IT; not Forest City IT,SCENARIO_INPUT + TRANSFERRED_MODEL_OUTPUT
2012-08-09 13:00:00+00:00,21.333333333333332,20.404400433096328,29.275598280721304,19.48945560740139,48.765053888122694,0.03467642142451074,SCENARIO: ESIF training-window mean IT; not Forest City IT,SCENARIO_INPUT + TRANSFERRED_MODEL_OUTPUT
2012-08-09 14:00:00+00:00,24.5,21.340303728378075,29.04746888779094,19.48945560740139,48.53692449519233,0.034514200523725516,SCENARIO: ESIF training-window mean IT; not Forest City IT,SCENARIO_INPUT + TRANSFERRED_MODEL_OUTPUT
2012-08-09 15:00:00+00:00,25.333333333333332,21.580483770459534,28.97700074787269,19.48945560740139,48.466456355274076,0.034464091219582986,SCENARIO: ESIF training-window mean IT; not Forest City IT,SCENARIO_INPUT + TRANSFERRED_MODEL_OUTPUT
2012-08-10 00:00:00+00:00,19.0,18.32714509794047,26.670474947335386,19.48945560740139,46.159930554736775,0.03282394003940724,SCENARIO: ESIF training-window mean IT; not Forest City IT,SCENARIO_INPUT + TRANSFERRED_MODEL_OUTPUT
2012-08-10 01:00:00+00:00,19.0,18.32714509794047,26.670474947335386,19.48945560740139,46.159930554736775,0.03282394003940724,SCENARIO: ESIF training-window mean IT; not Forest City IT,SCENARIO_INPUT + TRANSFERRED_MODEL_OUTPUT
2012-08-10 02:00:00+00:00,19.333333333333332,18.656549288235198,27.090665533335457,19.48945560740139,46.58012114073685,0.033122734046119075,SCENARIO: ESIF training-window mean IT; not Forest City IT,SCENARIO_INPUT + TRANSFERRED_MODEL_OUTPUT
2012-08-10 05:00:00+00:00,19.666666666666668,18.98497682207376,27.515842843387652,19.48945560740139,47.00529845078904,0.03342507407054178,SCENARIO: ESIF training-window mean IT; not Forest City IT,SCENARIO_INPUT + TRANSFERRED_MODEL_OUTPUT
2012-08-10 06:00:00+00:00,20.0,19.314379524154006,27.9498965554044,19.48945560740139,47.43935216280579,0.0337337260300638,SCENARIO: ESIF training-window mean IT; not Forest City IT,SCENARIO_INPUT + TRANSFERRED_MODEL_OUTPUT
2012-08-10 07:00:00+00:00,20.0,19.314379524154006,27.9498965554044,19.48945560740139,47.43935216280579,0.0337337260300638,SCENARIO: ESIF training-window mean IT; not Forest City IT,SCENARIO_INPUT + TRANSFERRED_MODEL_OUTPUT
2012-08-10 08:00:00+00:00,20.0,19.314379524154006,27.9498965554044,19.48945560740139,47.43935216280579,0.0337337260300638,SCENARIO: ESIF training-window mean IT; not Forest City IT,SCENARIO_INPUT + TRANSFERRED_MODEL_OUTPUT
2012-08-10 09:00:00+00:00,20.0,19.314379524154006,27.9498965554044,19.48945560740139,47.43935216280579,0.0337337260300638,SCENARIO: ESIF training-window mean IT; not Forest City IT,SCENARIO_INPUT + TRANSFERRED_MODEL_OUTPUT
2012-08-10 10:00:00+00:00,20.0,20.0,29.355431769402706,19.48945560740139,48.844887376804095,0.034733190349726245,SCENARIO: ESIF training-window mean IT; not Forest City IT,SCENARIO_INPUT + TRANSFERRED_MODEL_OUTPUT
2012-08-10 11:00:00+00:00,20.0,20.0,29.355431769402706,19.48945560740139,48.844887376804095,0.034733190349726245,SCENARIO: ESIF training-window mean IT; not Forest City IT,SCENARIO_INPUT + TRANSFERRED_MODEL_OUTPUT
2012-08-10 12:00:00+00:00,20.666666666666668,20.20238277884017,29.315439405459536,19.48945560740139,48.804895012860925,0.03470475211465247,SCENARIO: ESIF training-window mean IT; not Forest City IT,SCENARIO_INPUT + TRANSFERRED_MODEL_OUTPUT
2012-08-10 13:00:00+00:00,21.0,20.302583214525555,29.293712415050937,19.48945560740139,48.78316802245233,0.03468930223373112,SCENARIO: ESIF training-window mean IT; not Forest City IT,SCENARIO_INPUT + TRANSFERRED_MODEL_OUTPUT
2012-08-10 14:00:00+00:00,23.5,21.381346919628236,29.843429291484306,19.48945560740139,49.332884898885695,0.03508020130081924,SCENARIO: ESIF training-window mean IT; not Forest City IT,SCENARIO_INPUT + TRANSFERRED_MODEL_OUTPUT
2012-08-10 15:00:00+00:00,24.0,21.1907439691527,29.07848312509712,19.48945560740139,48.567938732498504,0.034536254488137325,SCENARIO: ESIF training-window mean IT; not Forest City IT,SCENARIO_INPUT + TRANSFERRED_MODEL_OUTPUT
2012-08-10 16:00:00+00:00,25.0,21.48056356594349,28.996698751820176,19.48945560740139,48.486154359221565,0.03447809830522411,SCENARIO: ESIF training-window mean IT; not Forest City IT,SCENARIO_INPUT + TRANSFERRED_MODEL_OUTPUT
2012-08-10 17:00:00+00:00,26.0,21.76613276514476,28.9070965850673,19.48945560740139,48.39655219246869,0.03441438295484225,SCENARIO: ESIF training-window mean IT; not Forest City IT,SCENARIO_INPUT + TRANSFERRED_MODEL_OUTPUT
2012-08-10 18:00:00+00:00,26.666666666666668,21.527726499671864,27.9080032751455,19.48945560740139,47.397458882546886,0.03370393606931761,SCENARIO: ESIF training-window mean IT; not Forest City IT,SCENARIO_INPUT + TRANSFERRED_MODEL_OUTPUT
2012-08-10 19:00:00+00:00,27.5,21.87006093992654,28.05748035269119,19.48945560740139,47.54693596009258,0.03381022796732659,SCENARIO: ESIF training-window mean IT; not Forest City IT,SCENARIO_INPUT + TRANSFERRED_MODEL_OUTPUT
2012-08-10 20:00:00+00:00,27.333333333333332,22.140220999902112,28.77490562255003,19.48945560740139,48.26436122995142,0.034320383068463016,SCENARIO: ESIF training-window mean IT; not Forest City IT,SCENARIO_INPUT + TRANSFERRED_MODEL_OUTPUT
2012-08-10 21:00:00+00:00,27.0,22.04647234421936,28.807260495262717,19.48945560740139,48.29671610266411,0.03434339034748491,SCENARIO: ESIF training-window mean IT; not Forest City IT,SCENARIO_INPUT + TRANSFERRED_MODEL_OUTPUT
2012-08-10 22:00:00+00:00,27.0,21.726694020281407,28.102996591641993,19.48945560740139,47.59245219904338,0.0338425941836572,SCENARIO: ESIF training-window mean IT; not Forest City IT,SCENARIO_INPUT + TRANSFERRED_MODEL_OUTPUT
2012-08-10 23:00:00+00:00,26.0,21.982585851286075,29.38362132509682,19.48945560740139,48.87307693249821,0.034753235706699734,SCENARIO: ESIF training-window mean IT; not Forest City IT,SCENARIO_INPUT + TRANSFERRED_MODEL_OUTPUT
2012-08-11 00:00:00+00:00,24.333333333333332,22.64935145125358,32.058266893983635,19.48945560740139,51.547722501385024,0.0366551537712363,SCENARIO: ESIF training-window mean IT; not Forest City IT,SCENARIO_INPUT + TRANSFERRED_MODEL_OUTPUT
2012-08-11 01:00:00+00:00,24.0,22.558329226739538,32.08925930251798,19.48945560740139,51.57871490991937,0.036677192213391274,SCENARIO: ESIF training-window mean IT; not Forest City IT,SCENARIO_INPUT + TRANSFERRED_MODEL_OUTPUT
2012-08-11 02:00:00+00:00,23.666666666666668,21.99992333219908,31.079922484448776,19.48945560740139,50.56937809185017,0.035959461255009886,SCENARIO: ESIF training-window mean IT; not Forest City IT,SCENARIO_INPUT + TRANSFERRED_MODEL_OUTPUT
2012-08-11 05:00:00+00:00,21.333333333333332,20.403098950924367,29.27286382684423,19.48945560740139,48.76231943424562,0.03467447697725913,SCENARIO: ESIF training-window mean IT; not Forest City IT,SCENARIO_INPUT + TRANSFERRED_MODEL_OUTPUT
2012-08-11 06:00:00+00:00,20.333333333333332,19.41882842780874,27.931669570250712,19.48945560740139,47.4211251776521,0.03372076497356753,SCENARIO: ESIF training-window mean IT; not Forest City IT,SCENARIO_INPUT + TRANSFERRED_MODEL_OUTPUT
2012-08-11 07:00:00+00:00,20.0,19.09073628967985,27.498370926755697,19.48945560740139,46.98782653415709,0.0334126499369478,SCENARIO: ESIF training-window mean IT; not Forest City IT,SCENARIO_INPUT + TRANSFERRED_MODEL_OUTPUT
2012-08-11 08:00:00+00:00,20.0,18.868321095353657,27.052714095543642,19.48945560740139,46.54216970294503,0.03309574709653927,SCENARIO: ESIF training-window mean IT; not Forest City IT,SCENARIO_INPUT + TRANSFERRED_MODEL_OUTPUT
2012-08-11 09:00:00+00:00,20.0,18.648841567859733,26.61625298759264,19.48945560740139,46.10570859499403,0.03278538325792975,SCENARIO: ESIF training-window mean IT; not Forest City IT,SCENARIO_INPUT + TRANSFERRED_MODEL_OUTPUT
2012-08-11 10:00:00+00:00,20.0,18.64981748583166,26.61818643115326,19.48945560740139,46.107642038554644,0.032786758113453586,SCENARIO: ESIF training-window mean IT; not Forest City IT,SCENARIO_INPUT + TRANSFERRED_MODEL_OUTPUT
2012-08-11 11:00:00+00:00,20.0,19.314379524154006,27.9498965554044,19.48945560740139,47.43935216280579,0.0337337260300638,SCENARIO: ESIF training-window mean IT; not Forest City IT,SCENARIO_INPUT + TRANSFERRED_MODEL_OUTPUT
2012-08-11 12:00:00+00:00,20.666666666666668,19.9731827251181,28.838831400746848,19.48945560740139,48.32828700814824,0.034365840153976104,SCENARIO: ESIF training-window mean IT; not Forest City IT,SCENARIO_INPUT + TRANSFERRED_MODEL_OUTPUT
2012-08-11 13:00:00+00:00,21.5,20.79765869856364,29.991127923230167,19.48945560740139,49.480583530631556,0.03518522856091401,SCENARIO: ESIF training-window mean IT; not Forest City IT,SCENARIO_INPUT + TRANSFERRED_MODEL_OUTPUT
2012-08-11 14:00:00+00:00,22.333333333333332,21.38866215457304,30.678826244921396,19.48945560740139,50.168281852322785,0.03567424507816432,SCENARIO: ESIF training-window mean IT; not Forest City IT,SCENARIO_INPUT + TRANSFERRED_MODEL_OUTPUT
2012-08-11 15:00:00+00:00,24.0,21.41494976751998,29.56332021390535,19.48945560740139,49.05277582130674,0.03488101808159748,SCENARIO: ESIF training-window mean IT; not Forest City IT,SCENARIO_INPUT + TRANSFERRED_MODEL_OUTPUT
2012-08-11 16:00:00+00:00,25.333333333333332,21.577229196213697,28.96990146743093,19.48945560740139,48.45935707483232,0.03445904298071558,SCENARIO: ESIF training-window mean IT; not Forest City IT,SCENARIO_INPUT + TRANSFERRED_MODEL_OUTPUT
2012-08-11 17:00:00+00:00,25.5,21.624459366179238,28.954157277120558,19.48945560740139,48.44361288452195,0.0344478474188396,SCENARIO: ESIF training-window mean IT; not Forest City IT,SCENARIO_INPUT + TRANSFERRED_MODEL_OUTPUT
2012-08-11 18:00:00+00:00,27.0,22.049890043335033,28.81482520346767,19.48945560740139,48.30428081086906,0.03434876954813688,SCENARIO: ESIF training-window mean IT; not Forest City IT,SCENARIO_INPUT + TRANSFERRED_MODEL_OUTPUT
2012-08-11 19:00:00+00:00,27.0,22.04903561855611,28.812933951592477,19.48945560740139,48.302389558993866,0.0343474246947672,SCENARIO: ESIF training-window mean IT; not Forest City IT,SCENARIO_INPUT + TRANSFERRED_MODEL_OUTPUT
2012-08-11 20:00:00+00:00,27.0,22.480928770514144,29.77528076715062,19.48945560740139,49.26473637455201,0.03503174145589269,SCENARIO: ESIF training-window mean IT; not Forest City IT,SCENARIO_INPUT + TRANSFERRED_MODEL_OUTPUT
2012-08-11 21:00:00+00:00,27.333333333333332,22.14201126529328,28.778879550182538,19.48945560740139,48.26833515758393,0.034323208895121825,SCENARIO: ESIF training-window mean IT; not Forest City IT,SCENARIO_INPUT + TRANSFERRED_MODEL_OUTPUT
2012-08-11 22:00:00+00:00,27.666666666666668,21.81460269460505,27.815142400853375,19.48945560740139,47.304598008254764,0.03363790347929547,SCENARIO: ESIF training-window mean IT; not Forest City IT,SCENARIO_INPUT + TRANSFERRED_MODEL_OUTPUT
2012-08-11 23:00:00+00:00,26.0,21.984660783273018,29.38820481033653,19.48945560740139,48.877660417737914,0.03475649498466813,SCENARIO: ESIF training-window mean IT; not Forest City IT,SCENARIO_INPUT + TRANSFERRED_MODEL_OUTPUT
2012-08-12 00:00:00+00:00,24.333333333333332,22.418589925504243,31.539841431441765,19.48945560740139,51.029297038843154,0.03628650576650853,SCENARIO: ESIF training-window mean IT; not Forest City IT,SCENARIO_INPUT + TRANSFERRED_MODEL_OUTPUT
2012-08-12 01:00:00+00:00,24.0,22.55930563769332,32.09145455075191,19.48945560740139,51.5809101581533,0.036678753236025756,SCENARIO: ESIF training-window mean IT; not Forest City IT,SCENARIO_INPUT + TRANSFERRED_MODEL_OUTPUT
2012-08-12 02:00:00+00:00,21.666666666666668,20.503848576977326,29.252728533204035,19.48945560740139,48.742184140605424,0.03466015893857972,SCENARIO: ESIF training-window mean IT; not Forest City IT,SCENARIO_INPUT + TRANSFERRED_MODEL_OUTPUT
2012-08-12 05:00:00+00:00,20.0,19.091386925608525,27.49967957463722,19.48945560740139,46.98913518203861,0.03341358050549675,SCENARIO: ESIF training-window mean IT; not Forest City IT,SCENARIO_INPUT + TRANSFERRED_MODEL_OUTPUT
2012-08-12 06:00:00+00:00,19.333333333333332,18.43519969175734,26.653702651310454,19.48945560740139,46.14315825871184,0.03281201340016776,SCENARIO: ESIF training-window mean IT; not Forest City IT,SCENARIO_INPUT + TRANSFERRED_MODEL_OUTPUT
2012-08-12 07:00:00+00:00,18.0,18.0,26.716983714642716,19.48945560740139,46.206439322044105,0.032857012034339994,SCENARIO: ESIF training-window mean IT; not Forest City IT,SCENARIO_INPUT + TRANSFERRED_MODEL_OUTPUT
2012-08-12 08:00:00+00:00,18.0,17.77784634253476,26.288405687664703,19.48945560740139,45.77786129506609,0.0325522537885915,SCENARIO: ESIF training-window mean IT; not Forest City IT,SCENARIO_INPUT + TRANSFERRED_MODEL_OUTPUT
2012-08-12 09:00:00+00:00,18.0,17.3399039928572,25.45340523506209,19.48945560740139,44.942860842463475,0.03195849195966922,SCENARIO: ESIF training-window mean IT; not Forest City IT,SCENARIO_INPUT + TRANSFERRED_MODEL_OUTPUT
2012-08-12 10:00:00+00:00,18.0,17.3399039928572,25.45340523506209,19.48945560740139,44.942860842463475,0.03195849195966922,SCENARIO: ESIF training-window mean IT; not Forest City IT,SCENARIO_INPUT + TRANSFERRED_MODEL_OUTPUT
2012-08-12 11:00:00+00:00,18.0,17.3399039928572,25.45340523506209,19.48945560740139,44.942860842463475,0.03195849195966922,SCENARIO: ESIF training-window mean IT; not Forest City IT,SCENARIO_INPUT + TRANSFERRED_MODEL_OUTPUT
2012-08-12 12:00:00+00:00,19.0,18.32812095711677,26.672386824023423,19.48945560740139,46.161842431424816,0.03282529955890861,SCENARIO: ESIF training-window mean IT; not Forest City IT,SCENARIO_INPUT + TRANSFERRED_MODEL_OUTPUT
2012-08-12 13:00:00+00:00,21.333333333333332,18.651876960389117,25.69834483236468,19.48945560740139,45.187800439766065,0.0321326664560022,SCENARIO: ESIF training-window mean IT; not Forest City IT,SCENARIO_INPUT + TRANSFERRED_MODEL_OUTPUT
2012-08-12 14:00:00+00:00,23.0,19.182551895986677,25.593928177817705,19.48945560740139,45.0833837852191,0.032058416647417654,SCENARIO: ESIF training-window mean IT; not Forest City IT,SCENARIO_INPUT + TRANSFERRED_MODEL_OUTPUT
2012-08-12 15:00:00+00:00,25.0,19.60518837220217,25.038650218890144,19.48945560740139,44.52810582629154,0.031663563141140605,SCENARIO: ESIF training-window mean IT; not Forest City IT,SCENARIO_INPUT + TRANSFERRED_MODEL_OUTPUT
2012-08-12 16:00:00+00:00,25.333333333333332,19.707768294018592,25.011609710317956,19.48945560740139,44.501065317719345,0.03164433486195253,SCENARIO: ESIF training-window mean IT; not Forest City IT,SCENARIO_INPUT + TRANSFERRED_MODEL_OUTPUT
2012-08-12 17:00:00+00:00,26.333333333333332,19.626401726859832,24.129952254714595,19.48945560740139,43.619407862115985,0.031017395628937343,SCENARIO: ESIF training-window mean IT; not Forest City IT,SCENARIO_INPUT + TRANSFERRED_MODEL_OUTPUT
2012-08-12 18:00:00+00:00,27.0,19.641656231988502,23.68231688859987,19.48945560740139,43.17177249600126,0.030699085868929266,SCENARIO: ESIF training-window mean IT; not Forest City IT,SCENARIO_INPUT + TRANSFERRED_MODEL_OUTPUT
2012-08-12 19:00:00+00:00,27.666666666666668,19.66041597502266,23.240003327369628,19.48945560740139,42.72945893477102,0.030384560399805735,SCENARIO: ESIF training-window mean IT; not Forest City IT,SCENARIO_INPUT + TRANSFERRED_MODEL_OUTPUT
2012-08-12 20:00:00+00:00,28.0,19.398882023682443,22.465046008592186,19.48945560740139,41.95450161599358,0.029833494740500052,SCENARIO: ESIF training-window mean IT; not Forest City IT,SCENARIO_INPUT + TRANSFERRED_MODEL_OUTPUT
2012-08-12 21:00:00+00:00,28.0,19.220809121545628,22.104219413521296,19.48945560740139,41.59367502092269,0.029576913970579138,SCENARIO: ESIF training-window mean IT; not Forest City IT,SCENARIO_INPUT + TRANSFERRED_MODEL_OUTPUT
2012-08-12 22:00:00+00:00,28.0,19.398882023682443,22.465046008592186,19.48945560740139,41.95450161599358,0.029833494740500052,SCENARIO: ESIF training-window mean IT; not Forest City IT,SCENARIO_INPUT + TRANSFERRED_MODEL_OUTPUT
2012-08-12 23:00:00+00:00,26.666666666666668,19.16393090621576,22.950951467510734,19.48945560740139,42.44040707491212,0.03017901804299831,SCENARIO: ESIF training-window mean IT; not Forest City IT,SCENARIO_INPUT + TRANSFERRED_MODEL_OUTPUT
2012-08-13 00:00:00+00:00,25.0,19.209509783702106,24.23425619322809,19.48945560740139,43.72371180062948,0.031091565286094455,SCENARIO: ESIF training-window mean IT; not Forest City IT,SCENARIO_INPUT + TRANSFERRED_MODEL_OUTPUT
2012-08-13 01:00:00+00:00,23.666666666666668,19.392197670980934,25.54892656025474,19.48945560740139,45.038382167656124,0.0320264163740461,SCENARIO: ESIF training-window mean IT; not Forest City IT,SCENARIO_INPUT + TRANSFERRED_MODEL_OUTPUT
2012-08-13 02:00:00+00:00,21.0,18.971307821672532,26.566413651984327,19.48945560740139,46.055869259385716,0.032749942923770856,SCENARIO: ESIF training-window mean IT; not Forest City IT,SCENARIO_INPUT + TRANSFERRED_MODEL_OUTPUT
2012-08-13 05:00:00+00:00,18.333333333333332,17.888041598231744,26.27311746799643,19.48945560740139,45.76257307539782,0.03254138246362047,SCENARIO: ESIF training-window mean IT; not Forest City IT,SCENARIO_INPUT + TRANSFERRED_MODEL_OUTPUT
2012-08-13 06:00:00+00:00,18.0,17.3399039928572,25.45340523506209,19.48945560740139,44.942860842463475,0.03195849195966922,SCENARIO: ESIF training-window mean IT; not Forest City IT,SCENARIO_INPUT + TRANSFERRED_MODEL_OUTPUT
2012-08-13 07:00:00+00:00,18.0,17.3399039928572,25.45340523506209,19.48945560740139,44.942860842463475,0.03195849195966922,SCENARIO: ESIF training-window mean IT; not Forest City IT,SCENARIO_INPUT + TRANSFERRED_MODEL_OUTPUT
2012-08-13 08:00:00+00:00,17.333333333333332,17.11379751689507,25.48092997258464,19.48945560740139,44.97038557998603,0.031978064570008596,SCENARIO: ESIF training-window mean IT; not Forest City IT,SCENARIO_INPUT + TRANSFERRED_MODEL_OUTPUT
2012-08-13 09:00:00+00:00,17.0,16.78177275314046,25.08778518689087,19.48945560740139,44.57724079429226,0.03169850260539265,SCENARIO: ESIF training-window mean IT; not Forest City IT,SCENARIO_INPUT + TRANSFERRED_MODEL_OUTPUT
2012-08-13 10:00:00+00:00,17.0,16.35265636083692,24.298689047347096,19.48945560740139,43.788144654748486,0.031137382949049174,SCENARIO: ESIF training-window mean IT; not Forest City IT,SCENARIO_INPUT + TRANSFERRED_MODEL_OUTPUT
2012-08-13 11:00:00+00:00,17.0,16.35265636083692,24.298689047347096,19.48945560740139,43.788144654748486,0.031137382949049174,SCENARIO: ESIF training-window mean IT; not Forest City IT,SCENARIO_INPUT + TRANSFERRED_MODEL_OUTPUT
2012-08-13 12:00:00+00:00,18.666666666666668,17.780960237945486,25.839009614141432,19.48945560740139,45.32846522154282,0.0322326920042907,SCENARIO: ESIF training-window mean IT; not Forest City IT,SCENARIO_INPUT + TRANSFERRED_MODEL_OUTPUT
2012-08-13 13:00:00+00:00,21.0,18.972039805139367,26.567879945932212,19.48945560740139,46.0573355533336,0.03275098559311734,SCENARIO: ESIF training-window mean IT; not Forest City IT,SCENARIO_INPUT + TRANSFERRED_MODEL_OUTPUT
2012-08-13 14:00:00+00:00,23.0,19.600422183059436,26.442983874563964,19.48945560740139,45.93243948196535,0.032662173042741265,SCENARIO: ESIF training-window mean IT; not Forest City IT,SCENARIO_INPUT + TRANSFERRED_MODEL_OUTPUT
2012-08-13 15:00:00+00:00,27.0,19.645683236376524,23.690568605193967,19.48945560740139,43.180024212595356,0.030704953595493228,SCENARIO: ESIF training-window mean IT; not Forest City IT,SCENARIO_INPUT + TRANSFERRED_MODEL_OUTPUT
2012-08-13 16:00:00+00:00,27.333333333333332,18.839188742534038,21.819948240837512,19.48945560740139,41.3094038482389,0.029374771120384856,SCENARIO: ESIF training-window mean IT; not Forest City IT,SCENARIO_INPUT + TRANSFERRED_MODEL_OUTPUT
2012-08-13 17:00:00+00:00,28.0,19.226503819794175,22.115724962741993,19.48945560740139,41.60518057014338,0.02958509547027383,SCENARIO: ESIF training-window mean IT; not Forest City IT,SCENARIO_INPUT + TRANSFERRED_MODEL_OUTPUT
2012-08-13 18:00:00+00:00,28.0,19.402054843519696,22.471494694897594,19.48945560740139,41.96095030229898,0.029838080347325664,SCENARIO: ESIF training-window mean IT; not Forest City IT,SCENARIO_INPUT + TRANSFERRED_MODEL_OUTPUT
2012-08-13 19:00:00+00:00,28.0,19.580620565094307,22.835534290739027,19.48945560740139,42.324989898140416,0.03009694585518642,SCENARIO: ESIF training-window mean IT; not Forest City IT,SCENARIO_INPUT + TRANSFERRED_MODEL_OUTPUT
2012-08-13 20:00:00+00:00,28.0,19.221622649866852,22.10586292774482,19.48945560740139,41.595318535146205,0.029578082659779452,SCENARIO: ESIF training-window mean IT; not Forest City IT,SCENARIO_INPUT + TRANSFERRED_MODEL_OUTPUT
2012-08-13 21:00:00+00:00,28.333333333333332,19.326960401188497,22.07749450324563,19.48945560740139,41.56695011064702,0.02955791011069666,SCENARIO: ESIF training-window mean IT; not Forest City IT,SCENARIO_INPUT + TRANSFERRED_MODEL_OUTPUT
2012-08-13 22:00:00+00:00,27.0,19.453395503765464,23.29778942955707,19.48945560740139,42.78724503695846,0.03042565161312683,SCENARIO: ESIF training-window mean IT; not Forest City IT,SCENARIO_INPUT + TRANSFERRED_MODEL_OUTPUT
2012-08-13 23:00:00+00:00,26.333333333333332,19.43386240129987,23.73691448020478,19.48945560740139,43.22637008760617,0.030737909759078114,SCENARIO: ESIF training-window mean IT; not Forest City IT,SCENARIO_INPUT + TRANSFERRED_MODEL_OUTPUT
2012-08-14 00:00:00+00:00,24.333333333333332,18.610447258300326,23.50999456079836,19.48945560740139,42.99945016819975,0.030576548904786727,SCENARIO: ESIF training-window mean IT; not Forest City IT,SCENARIO_INPUT + TRANSFERRED_MODEL_OUTPUT
2012-08-14 01:00:00+00:00,23.666666666666668,18.202344277763384,23.179616267951488,19.48945560740139,42.66907187535288,0.030341619667580266,SCENARIO: ESIF training-window mean IT; not Forest City IT,SCENARIO_INPUT + TRANSFERRED_MODEL_OUTPUT
2012-08-14 02:00:00+00:00,22.0,18.2472897532623,24.437535958874008,19.48945560740139,43.9269915662754,0.031236115825027225,SCENARIO: ESIF training-window mean IT; not Forest City IT,SCENARIO_INPUT + TRANSFERRED_MODEL_OUTPUT
2012-08-14 03:00:00+00:00,21.666666666666668,17.738074601426856,23.68417547148269,19.48945560740139,43.17363107888408,0.030700407491652062,SCENARIO: ESIF training-window mean IT; not Forest City IT,SCENARIO_INPUT + TRANSFERRED_MODEL_OUTPUT
2012-08-14 06:00:00+00:00,21.0,18.333285533770947,25.30226404343977,19.48945560740139,44.79171965084116,0.0318510167240769,SCENARIO: ESIF training-window mean IT; not Forest City IT,SCENARIO_INPUT + TRANSFERRED_MODEL_OUTPUT
2012-08-14 07:00:00+00:00,21.0,18.333285533770947,25.30226404343977,19.48945560740139,44.79171965084116,0.0318510167240769,SCENARIO: ESIF training-window mean IT; not Forest City IT,SCENARIO_INPUT + TRANSFERRED_MODEL_OUTPUT
2012-08-14 08:00:00+00:00,20.0,18.00594008173462,25.35670856650109,19.48945560740139,44.84616417390248,0.03188973176846631,SCENARIO: ESIF training-window mean IT; not Forest City IT,SCENARIO_INPUT + TRANSFERRED_MODEL_OUTPUT
2012-08-14 09:00:00+00:00,20.0,18.00594008173462,25.35670856650109,19.48945560740139,44.84616417390248,0.03188973176846631,SCENARIO: ESIF training-window mean IT; not Forest City IT,SCENARIO_INPUT + TRANSFERRED_MODEL_OUTPUT
2012-08-14 10:00:00+00:00,19.333333333333332,17.785874606981146,25.391194628688037,19.48945560740139,44.88065023608942,0.031914254518475155,SCENARIO: ESIF training-window mean IT; not Forest City IT,SCENARIO_INPUT + TRANSFERRED_MODEL_OUTPUT
2012-08-14 11:00:00+00:00,19.333333333333332,17.785874606981146,25.391194628688037,19.48945560740139,44.88065023608942,0.031914254518475155,SCENARIO: ESIF training-window mean IT; not Forest City IT,SCENARIO_INPUT + TRANSFERRED_MODEL_OUTPUT
2012-08-14 12:00:00+00:00,21.333333333333332,18.440897628698323,25.28184634027231,19.48945560740139,44.7713019476737,0.031836497866347756,SCENARIO: ESIF training-window mean IT; not Forest City IT,SCENARIO_INPUT + TRANSFERRED_MODEL_OUTPUT
2012-08-14 13:00:00+00:00,23.666666666666668,19.389106669266617,25.542646240707136,19.48945560740139,45.032101848108525,0.03202195049141193,SCENARIO: ESIF training-window mean IT; not Forest City IT,SCENARIO_INPUT + TRANSFERRED_MODEL_OUTPUT
2012-08-14 14:00:00+00:00,25.333333333333332,19.70522612535335,25.00638965064129,19.48945560740139,44.49584525804268,0.031640622921233166,SCENARIO: ESIF training-window mean IT; not Forest City IT,SCENARIO_INPUT + TRANSFERRED_MODEL_OUTPUT
2012-08-14 15:00:00+00:00,26.0,20.107264286823792,25.361354484971752,19.48945560740139,44.85081009237314,0.03189303544218237,SCENARIO: ESIF training-window mean IT; not Forest City IT,SCENARIO_INPUT + TRANSFERRED_MODEL_OUTPUT
2012-08-14 16:00:00+00:00,26.333333333333332,20.60891769198907,26.175042057551956,19.48945560740139,45.664497664953345,0.03247164186061085,SCENARIO: ESIF training-window mean IT; not Forest City IT,SCENARIO_INPUT + TRANSFERRED_MODEL_OUTPUT
2012-08-14 17:00:00+00:00,27.0,20.21135324035444,24.86069025195536,19.48945560740139,44.35014585935675,0.031537017299024236,SCENARIO: ESIF training-window mean IT; not Forest City IT,SCENARIO_INPUT + TRANSFERRED_MODEL_OUTPUT
2012-08-14 18:00:00+00:00,28.0,20.89917207519012,25.59108906450384,19.48945560740139,45.08054467190523,0.03205639777771704,SCENARIO: ESIF training-window mean IT; not Forest City IT,SCENARIO_INPUT + TRANSFERRED_MODEL_OUTPUT
2012-08-14 20:00:00+00:00,29.0,21.38599204783764,25.912408069931793,19.48945560740139,45.40186367733318,0.032284885031509204,SCENARIO: ESIF training-window mean IT; not Forest City IT,SCENARIO_INPUT + TRANSFERRED_MODEL_OUTPUT
2012-08-14 22:00:00+00:00,26.0,21.12658689213516,27.51782991222714,19.48945560740139,47.007285519628525,0.03342648705855232,SCENARIO: ESIF training-window mean IT; not Forest City IT,SCENARIO_INPUT + TRANSFERRED_MODEL_OUTPUT
2012-08-14 23:00:00+00:00,26.666666666666668,21.955641361734408,28.846185045780082,19.48945560740139,48.33564065318147,0.03437106926937427,SCENARIO: ESIF training-window mean IT; not Forest City IT,SCENARIO_INPUT + TRANSFERRED_MODEL_OUTPUT
2012-08-15 00:00:00+00:00,25.333333333333332,21.577229196213697,28.96990146743093,19.48945560740139,48.45935707483232,0.03445904298071558,SCENARIO: ESIF training-window mean IT; not Forest City IT,SCENARIO_INPUT + TRANSFERRED_MODEL_OUTPUT
2012-08-15 01:00:00+00:00,23.666666666666668,21.770970915794415,30.575706822524836,19.48945560740139,50.065162429926225,0.035600917720497935,SCENARIO: ESIF training-window mean IT; not Forest City IT,SCENARIO_INPUT + TRANSFERRED_MODEL_OUTPUT
2012-08-15 02:00:00+00:00,22.333333333333332,20.702185192396712,29.20641882803877,19.48945560740139,48.69587443544016,0.03462722849506909,SCENARIO: ESIF training-window mean IT; not Forest City IT,SCENARIO_INPUT + TRANSFERRED_MODEL_OUTPUT
2012-08-15 03:00:00+00:00,22.666666666666668,20.80115482237806,29.18314400562106,19.48945560740139,48.67259961302245,0.03461067796376877,SCENARIO: ESIF training-window mean IT; not Forest City IT,SCENARIO_INPUT + TRANSFERRED_MODEL_OUTPUT
2012-08-15 04:00:00+00:00,22.0,20.60361183018176,29.23073084048988,19.48945560740139,48.720186447891265,0.03464451656351594,SCENARIO: ESIF training-window mean IT; not Forest City IT,SCENARIO_INPUT + TRANSFERRED_MODEL_OUTPUT
2012-08-15 06:00:00+00:00,21.0,20.303559305198018,29.29575649670238,19.48945560740139,48.78521210410377,0.03469075576307478,SCENARIO: ESIF training-window mean IT; not Forest City IT,SCENARIO_INPUT + TRANSFERRED_MODEL_OUTPUT
2012-08-15 07:00:00+00:00,20.333333333333332,19.64475750451948,28.39289274092286,19.48945560740139,47.88234834832425,0.03404873690760187,SCENARIO: ESIF training-window mean IT; not Forest City IT,SCENARIO_INPUT + TRANSFERRED_MODEL_OUTPUT
2012-08-15 08:00:00+00:00,20.0,19.31535549636162,27.95187448893781,19.48945560740139,47.4413300963392,0.0337351325220347,SCENARIO: ESIF training-window mean IT; not Forest City IT,SCENARIO_INPUT + TRANSFERRED_MODEL_OUTPUT
2012-08-15 09:00:00+00:00,19.666666666666668,18.985952755995868,27.517798733415905,19.48945560740139,47.0072543408173,0.03342646488756078,SCENARIO: ESIF training-window mean IT; not Forest City IT,SCENARIO_INPUT + TRANSFERRED_MODEL_OUTPUT
2012-08-15 10:00:00+00:00,20.0,18.869134375198897,27.054337519963035,19.48945560740139,46.543793127364424,0.03309690150004812,SCENARIO: ESIF training-window mean IT; not Forest City IT,SCENARIO_INPUT + TRANSFERRED_MODEL_OUTPUT
2012-08-15 11:00:00+00:00,20.0,19.31535549636162,27.95187448893781,19.48945560740139,47.4413300963392,0.0337351325220347,SCENARIO: ESIF training-window mean IT; not Forest City IT,SCENARIO_INPUT + TRANSFERRED_MODEL_OUTPUT
2012-08-15 12:00:00+00:00,20.333333333333332,20.10135898792431,29.33566945341581,19.48945560740139,48.8251250608172,0.0347191375323325,SCENARIO: ESIF training-window mean IT; not Forest City IT,SCENARIO_INPUT + TRANSFERRED_MODEL_OUTPUT
2012-08-15 13:00:00+00:00,21.666666666666668,20.503848576977326,29.252728533204035,19.48945560740139,48.742184140605424,0.03466015893857972,SCENARIO: ESIF training-window mean IT; not Forest City IT,SCENARIO_INPUT + TRANSFERRED_MODEL_OUTPUT
2012-08-15 14:00:00+00:00,23.333333333333332,20.99808612757302,29.135033288569655,19.48945560740139,48.62448889597104,0.03457646683578894,SCENARIO: ESIF training-window mean IT; not Forest City IT,SCENARIO_INPUT + TRANSFERRED_MODEL_OUTPUT
2012-08-15 15:00:00+00:00,24.666666666666668,21.387059823021023,29.030519772404723,19.48945560740139,48.51997537980611,0.03450214814971905,SCENARIO: ESIF training-window mean IT; not Forest City IT,SCENARIO_INPUT + TRANSFERRED_MODEL_OUTPUT
2012-08-15 16:00:00+00:00,25.333333333333332,21.5791819407612,28.974160948845686,19.48945560740139,48.463616556247075,0.0344620718622775,SCENARIO: ESIF training-window mean IT; not Forest City IT,SCENARIO_INPUT + TRANSFERRED_MODEL_OUTPUT
2012-08-15 17:00:00+00:00,27.0,21.628282989272016,27.887667033209794,19.48945560740139,47.377122640611184,0.03368947513798816,SCENARIO: ESIF training-window mean IT; not Forest City IT,SCENARIO_INPUT + TRANSFERRED_MODEL_OUTPUT
2012-08-15 18:00:00+00:00,28.333333333333332,20.803907140687542,25.14646280646052,19.48945560740139,44.63591841386191,0.03174022776925799,SCENARIO: ESIF training-window mean IT; not Forest City IT,SCENARIO_INPUT + TRANSFERRED_MODEL_OUTPUT
2012-08-15 19:00:00+00:00,29.0,20.806378283059196,24.667198511468627,19.48945560740139,44.156654118870016,0.03139942694280986,SCENARIO: ESIF training-window mean IT; not Forest City IT,SCENARIO_INPUT + TRANSFERRED_MODEL_OUTPUT
2012-08-15 20:00:00+00:00,27.5,20.360147693147802,24.81171590753239,19.48945560740139,44.30117151493378,0.03150219205285315,SCENARIO: ESIF training-window mean IT; not Forest City IT,SCENARIO_INPUT + TRANSFERRED_MODEL_OUTPUT
2012-08-15 21:00:00+00:00,27.0,20.5047949700024,25.476304492263424,19.48945560740139,44.96576009966481,0.03197477542968944,SCENARIO: ESIF training-window mean IT; not Forest City IT,SCENARIO_INPUT + TRANSFERRED_MODEL_OUTPUT
2012-08-15 22:00:00+00:00,27.0,20.017990817297424,24.458249222873523,19.48945560740139,43.947704830274915,0.03125084485358879,SCENARIO: ESIF training-window mean IT; not Forest City IT,SCENARIO_INPUT + TRANSFERRED_MODEL_OUTPUT
2012-08-15 23:00:00+00:00,25.666666666666668,19.032879993045768,23.403507801670152,19.48945560740139,42.89296340907154,0.030500827062171075,SCENARIO: ESIF training-window mean IT; not Forest City IT,SCENARIO_INPUT + TRANSFERRED_MODEL_OUTPUT
2012-08-16 00:00:00+00:00,23.0,17.79091048212154,22.852333825809865,19.48945560740139,42.341789433211254,0.03010889186388332,SCENARIO: ESIF training-window mean IT; not Forest City IT,SCENARIO_INPUT + TRANSFERRED_MODEL_OUTPUT
2012-08-16 01:00:00+00:00,22.333333333333332,17.570157279263547,22.897202572729828,19.48945560740139,42.38665818013122,0.030140797654053388,SCENARIO: ESIF training-window mean IT; not Forest City IT,SCENARIO_INPUT + TRANSFERRED_MODEL_OUTPUT
2012-08-16 02:00:00+00:00,21.333333333333332,17.23460535097997,22.958889451052322,19.48945560740139,42.44834505845371,0.030184662676616077,SCENARIO: ESIF training-window mean IT; not Forest City IT,SCENARIO_INPUT + TRANSFERRED_MODEL_OUTPUT
2012-08-16 03:00:00+00:00,20.0,17.382373822334078,24.162025277926325,19.48945560740139,43.651480885327715,0.031040202487139523,SCENARIO: ESIF training-window mean IT; not Forest City IT,SCENARIO_INPUT + TRANSFERRED_MODEL_OUTPUT
2012-08-16 04:00:00+00:00,20.0,17.38334963824374,24.163874076269003,19.48945560740139,43.65332968367039,0.03104151715215777,SCENARIO: ESIF training-window mean IT; not Forest City IT,SCENARIO_INPUT + TRANSFERRED_MODEL_OUTPUT
2012-08-16 06:00:00+00:00,17.5,16.213600377423468,23.70643667559348,19.48945560740139,43.19589228299487,0.030716237247463137,SCENARIO: ESIF training-window mean IT; not Forest City IT,SCENARIO_INPUT + TRANSFERRED_MODEL_OUTPUT
2012-08-16 07:00:00+00:00,16.666666666666668,15.813664982020635,23.550947045549343,19.48945560740139,43.04040265295073,0.030605669873726163,SCENARIO: ESIF training-window mean IT; not Forest City IT,SCENARIO_INPUT + TRANSFERRED_MODEL_OUTPUT
2012-08-16 08:00:00+00:00,16.333333333333332,15.486212778656267,23.194427866366613,19.48945560740139,42.683883473768006,0.03035215207116977,SCENARIO: ESIF training-window mean IT; not Forest City IT,SCENARIO_INPUT + TRANSFERRED_MODEL_OUTPUT
2012-08-16 09:00:00+00:00,16.0,15.365402358151641,23.206327979589204,19.48945560740139,42.69578358699059,0.03036061414202183,SCENARIO: ESIF training-window mean IT; not Forest City IT,SCENARIO_INPUT + TRANSFERRED_MODEL_OUTPUT
2012-08-16 10:00:00+00:00,15.0,14.790269693349957,22.87833757136472,19.48945560740139,42.36779317876611,0.0301273829095724,SCENARIO: ESIF training-window mean IT; not Forest City IT,SCENARIO_INPUT + TRANSFERRED_MODEL_OUTPUT
2012-08-16 11:00:00+00:00,15.333333333333334,15.12229584090991,23.22912442508665,19.48945560740139,42.718580032488035,0.030376824503500436,SCENARIO: ESIF training-window mean IT; not Forest City IT,SCENARIO_INPUT + TRANSFERRED_MODEL_OUTPUT
2012-08-16 12:00:00+00:00,17.666666666666668,16.376342587538886,23.88935752911605,19.48945560740139,43.37881313651744,0.030846310734485873,SCENARIO: ESIF training-window mean IT; not Forest City IT,SCENARIO_INPUT + TRANSFERRED_MODEL_OUTPUT
2012-08-16 13:00:00+00:00,20.666666666666668,17.60894907914207,24.132024293632284,19.48945560740139,43.62147990103367,0.031018869038458893,SCENARIO: ESIF training-window mean IT; not Forest City IT,SCENARIO_INPUT + TRANSFERRED_MODEL_OUTPUT
2012-08-16 14:00:00+00:00,24.0,18.127609823709562,22.79858307570212,19.48945560740139,42.28803868310351,0.030070670155631016,SCENARIO: ESIF training-window mean IT; not Forest City IT,SCENARIO_INPUT + TRANSFERRED_MODEL_OUTPUT
2012-08-16 15:00:00+00:00,26.0,18.058287263891923,21.241331972998715,19.48945560740139,40.730787580400104,0.028963321938093627,SCENARIO: ESIF training-window mean IT; not Forest City IT,SCENARIO_INPUT + TRANSFERRED_MODEL_OUTPUT
2012-08-16 16:00:00+00:00,26.666666666666668,17.601724567557262,19.88442774958572,19.48945560740139,39.37388335698711,0.02799843870856381,SCENARIO: ESIF training-window mean IT; not Forest City IT,SCENARIO_INPUT + TRANSFERRED_MODEL_OUTPUT
2012-08-16 17:00:00+00:00,27.0,18.044609575420843,20.49717334619556,19.48945560740139,39.98662895359695,0.02843415697071939,SCENARIO: ESIF training-window mean IT; not Forest City IT,SCENARIO_INPUT + TRANSFERRED_MODEL_OUTPUT
2012-08-16 18:00:00+00:00,28.0,18.369555093143866,20.409270794893672,19.48945560740139,39.89872640229506,0.028371650202650867,SCENARIO: ESIF training-window mean IT; not Forest City IT,SCENARIO_INPUT + TRANSFERRED_MODEL_OUTPUT
2012-08-16 22:00:00+00:00,28.0,18.61247505210237,20.887904826654044,19.48945560740139,40.37736043405543,0.028712002854193362,SCENARIO: ESIF training-window mean IT; not Forest City IT,SCENARIO_INPUT + TRANSFERRED_MODEL_OUTPUT
2012-08-16 23:00:00+00:00,26.666666666666668,18.978994446710814,22.579229651185827,19.48945560740139,42.068685258587216,0.029914689772488463,SCENARIO: ESIF training-window mean IT; not Forest City IT,SCENARIO_INPUT + TRANSFERRED_MODEL_OUTPUT
2012-08-17 00:00:00+00:00,25.333333333333332,19.120179656497115,23.816806536294088,19.48945560740139,43.30626214369548,0.0307947203310869,SCENARIO: ESIF training-window mean IT; not Forest City IT,SCENARIO_INPUT + TRANSFERRED_MODEL_OUTPUT
2012-08-17 01:00:00+00:00,23.0,18.574199826842666,24.379168243514272,19.48945560740139,43.86862385091566,0.031194611031450176,SCENARIO: ESIF training-window mean IT; not Forest City IT,SCENARIO_INPUT + TRANSFERRED_MODEL_OUTPUT
2012-08-17 02:00:00+00:00,21.333333333333332,18.236675318859806,24.881583922266188,19.48945560740139,44.37103952966758,0.03155187461300292,SCENARIO: ESIF training-window mean IT; not Forest City IT,SCENARIO_INPUT + TRANSFERRED_MODEL_OUTPUT
2012-08-17 03:00:00+00:00,20.666666666666668,17.81145112167524,24.520217567227444,19.48945560740139,44.00967317462883,0.03129491002428921,SCENARIO: ESIF training-window mean IT; not Forest City IT,SCENARIO_INPUT + TRANSFERRED_MODEL_OUTPUT
2012-08-17 06:00:00+00:00,17.5,16.845793133036977,24.86734645526931,19.48945560740139,44.356802062670695,0.03154175046945672,SCENARIO: ESIF training-window mean IT; not Forest City IT,SCENARIO_INPUT + TRANSFERRED_MODEL_OUTPUT
2012-08-17 07:00:00+00:00,18.0,16.69987457383115,24.25666760125113,19.48945560740139,43.74612320865252,0.03110750185064961,SCENARIO: ESIF training-window mean IT; not Forest City IT,SCENARIO_INPUT + TRANSFERRED_MODEL_OUTPUT
2012-08-17 08:00:00+00:00,17.333333333333332,16.468566548352804,24.28454955915877,19.48945560740139,43.77400516656016,0.03112732847741319,SCENARIO: ESIF training-window mean IT; not Forest City IT,SCENARIO_INPUT + TRANSFERRED_MODEL_OUTPUT
2012-08-17 09:00:00+00:00,17.0,16.35168071104165,24.296909274536645,19.48945560740139,43.786364881938034,0.031136117367508823,SCENARIO: ESIF training-window mean IT; not Forest City IT,SCENARIO_INPUT + TRANSFERRED_MODEL_OUTPUT
2012-08-17 10:00:00+00:00,16.0,15.785697078806537,23.950723345176407,19.48945560740139,43.440178952577796,0.030889947452362777,SCENARIO: ESIF training-window mean IT; not Forest City IT,SCENARIO_INPUT + TRANSFERRED_MODEL_OUTPUT
2012-08-17 11:00:00+00:00,17.0,16.565829021896093,24.689116583521674,19.48945560740139,44.17857219092306,0.03141501270028832,SCENARIO: ESIF training-window mean IT; not Forest City IT,SCENARIO_INPUT + TRANSFERRED_MODEL_OUTPUT
2012-08-17 12:00:00+00:00,20.0,18.00594008173462,25.35670856650109,19.48945560740139,44.84616417390248,0.03188973176846631,SCENARIO: ESIF training-window mean IT; not Forest City IT,SCENARIO_INPUT + TRANSFERRED_MODEL_OUTPUT
2012-08-17 13:00:00+00:00,22.0,19.285147295935097,26.50198054176773,19.48945560740139,45.99143614916912,0.032704125078707284,SCENARIO: ESIF training-window mean IT; not Forest City IT,SCENARIO_INPUT + TRANSFERRED_MODEL_OUTPUT
2012-08-17 14:00:00+00:00,24.666666666666668,20.107371731830924,26.311823550664148,19.48945560740139,45.80127915806554,0.03256890603485157,SCENARIO: ESIF training-window mean IT; not Forest City IT,SCENARIO_INPUT + TRANSFERRED_MODEL_OUTPUT
2012-08-17 15:00:00+00:00,26.333333333333332,20.608409194041805,26.173966568096365,19.48945560740139,45.66342217549776,0.03247087708906594,SCENARIO: ESIF training-window mean IT; not Forest City IT,SCENARIO_INPUT + TRANSFERRED_MODEL_OUTPUT
2012-08-17 16:00:00+00:00,27.333333333333332,20.7039040678172,25.657221202634744,19.48945560740139,45.14667681003613,0.03210342378730153,SCENARIO: ESIF training-window mean IT; not Forest City IT,SCENARIO_INPUT + TRANSFERRED_MODEL_OUTPUT
2012-08-17 17:00:00+00:00,28.0,21.09757418127009,26.01599898170904,19.48945560740139,45.50545458911043,0.0323585476613256,SCENARIO: ESIF training-window mean IT; not Forest City IT,SCENARIO_INPUT + TRANSFERRED_MODEL_OUTPUT
2012-08-17 19:00:00+00:00,26.0,21.444398014096777,28.204708333506133,19.48945560740139,47.69416394090752,0.03391492055148597,SCENARIO: ESIF training-window mean IT; not Forest City IT,SCENARIO_INPUT + TRANSFERRED_MODEL_OUTPUT
2012-08-17 22:00:00+00:00,24.333333333333332,21.068107251871595,28.5788226173585,19.48945560740139,48.068278224759894,0.03418095008561827,SCENARIO: ESIF training-window mean IT; not Forest City IT,SCENARIO_INPUT + TRANSFERRED_MODEL_OUTPUT
2012-08-17 23:00:00+00:00,23.333333333333332,20.774458075964567,28.65781088680227,19.48945560740139,48.14726649420366,0.0342371179825124,SCENARIO: ESIF training-window mean IT; not Forest City IT,SCENARIO_INPUT + TRANSFERRED_MODEL_OUTPUT
2012-08-18 00:00:00+00:00,22.333333333333332,20.03498589433149,27.80621577025799,19.48945560740139,47.295671377659374,0.033631555827037425,SCENARIO: ESIF training-window mean IT; not Forest City IT,SCENARIO_INPUT + TRANSFERRED_MODEL_OUTPUT
2012-08-18 01:00:00+00:00,22.0,20.37803103047751,28.755436587926724,19.48945560740139,48.24489219532811,0.034306538800990764,SCENARIO: ESIF training-window mean IT; not Forest City IT,SCENARIO_INPUT + TRANSFERRED_MODEL_OUTPUT
2012-08-18 02:00:00+00:00,21.0,20.303559305198018,29.29575649670238,19.48945560740139,48.78521210410377,0.03469075576307478,SCENARIO: ESIF training-window mean IT; not Forest City IT,SCENARIO_INPUT + TRANSFERRED_MODEL_OUTPUT
2012-08-18 03:00:00+00:00,21.0,20.303559305198018,29.29575649670238,19.48945560740139,48.78521210410377,0.03469075576307478,SCENARIO: ESIF training-window mean IT; not Forest City IT,SCENARIO_INPUT + TRANSFERRED_MODEL_OUTPUT
2012-08-18 04:00:00+00:00,21.0,20.303559305198018,29.29575649670238,19.48945560740139,48.78521210410377,0.03469075576307478,SCENARIO: ESIF training-window mean IT; not Forest City IT,SCENARIO_INPUT + TRANSFERRED_MODEL_OUTPUT
2012-08-18 06:00:00+00:00,19.0,18.32714509794047,26.670474947335386,19.48945560740139,46.159930554736775,0.03282394003940724,SCENARIO: ESIF training-window mean IT; not Forest City IT,SCENARIO_INPUT + TRANSFERRED_MODEL_OUTPUT
2012-08-18 07:00:00+00:00,19.0,18.32616923876417,26.668563135716624,19.48945560740139,46.158018743118014,0.03282258056617609,SCENARIO: ESIF training-window mean IT; not Forest City IT,SCENARIO_INPUT + TRANSFERRED_MODEL_OUTPUT
2012-08-18 08:00:00+00:00,18.333333333333332,18.109219853922358,26.701471738660942,19.48945560740139,46.19092734606233,0.032845981598128335,SCENARIO: ESIF training-window mean IT; not Forest City IT,SCENARIO_INPUT + TRANSFERRED_MODEL_OUTPUT
2012-08-18 09:00:00+00:00,19.0,18.32714509794047,26.670474947335386,19.48945560740139,46.159930554736775,0.03282394003940724,SCENARIO: ESIF training-window mean IT; not Forest City IT,SCENARIO_INPUT + TRANSFERRED_MODEL_OUTPUT
2012-08-18 10:00:00+00:00,18.333333333333332,17.888041598231744,26.27311746799643,19.48945560740139,45.76257307539782,0.03254138246362047,SCENARIO: ESIF training-window mean IT; not Forest City IT,SCENARIO_INPUT + TRANSFERRED_MODEL_OUTPUT
2012-08-18 11:00:00+00:00,18.0,17.777195819379667,26.287155652502427,19.48945560740139,45.77661125990382,0.03255136489905634,SCENARIO: ESIF training-window mean IT; not Forest City IT,SCENARIO_INPUT + TRANSFERRED_MODEL_OUTPUT
2012-08-18 12:00:00+00:00,19.666666666666668,18.985952755995868,27.517798733415905,19.48945560740139,47.0072543408173,0.03342646488756078,SCENARIO: ESIF training-window mean IT; not Forest City IT,SCENARIO_INPUT + TRANSFERRED_MODEL_OUTPUT
2012-08-18 13:00:00+00:00,20.333333333333332,20.333333333333332,29.820100072798112,19.48945560740139,49.3095556801995,0.03506361208878796,SCENARIO: ESIF training-window mean IT; not Forest City IT,SCENARIO_INPUT + TRANSFERRED_MODEL_OUTPUT
2012-08-18 14:00:00+00:00,24.333333333333332,20.0059622857491,26.337550405185223,19.48945560740139,45.82700601258661,0.03258720018564542,SCENARIO: ESIF training-window mean IT; not Forest City IT,SCENARIO_INPUT + TRANSFERRED_MODEL_OUTPUT
2012-08-18 15:00:00+00:00,24.333333333333332,19.59590473144379,25.492897001847524,19.48945560740139,44.98235260924891,0.03198657422429651,SCENARIO: ESIF training-window mean IT; not Forest City IT,SCENARIO_INPUT + TRANSFERRED_MODEL_OUTPUT
2012-08-18 16:00:00+00:00,24.666666666666668,19.69906435210274,25.467921590763396,19.48945560740139,44.957377198164785,0.031968814418637505,SCENARIO: ESIF training-window mean IT; not Forest City IT,SCENARIO_INPUT + TRANSFERRED_MODEL_OUTPUT
2012-08-18 17:00:00+00:00,24.666666666666668,19.698169530466327,25.46608465619878,19.48945560740139,44.95554026360017,0.03196750818985249,SCENARIO: ESIF training-window mean IT; not Forest City IT,SCENARIO_INPUT + TRANSFERRED_MODEL_OUTPUT
2012-08-18 18:00:00+00:00,25.333333333333332,19.901202903722503,25.41010121766654,19.48945560740139,44.89955682506793,0.031927698835559744,SCENARIO: ESIF training-window mean IT; not Forest City IT,SCENARIO_INPUT + TRANSFERRED_MODEL_OUTPUT
2012-08-18 19:00:00+00:00,26.333333333333332,20.006087780739772,24.91244241849091,19.48945560740139,44.4018980258923,0.031573817831236,SCENARIO: ESIF training-window mean IT; not Forest City IT,SCENARIO_INPUT + TRANSFERRED_MODEL_OUTPUT
2012-08-18 20:00:00+00:00,27.0,20.0123161812163,24.446477312763527,19.48945560740139,43.935932920164916,0.031242473946896422,SCENARIO: ESIF training-window mean IT; not Forest City IT,SCENARIO_INPUT + TRANSFERRED_MODEL_OUTPUT
2012-08-18 21:00:00+00:00,27.0,20.20647173623533,24.850499049508336,19.48945560740139,44.339954656909725,0.03152977042031297,SCENARIO: ESIF training-window mean IT; not Forest City IT,SCENARIO_INPUT + TRANSFERRED_MODEL_OUTPUT
2012-08-18 22:00:00+00:00,25.666666666666668,20.201116177623973,25.79520628530233,19.48945560740139,45.284661892703724,0.03220154382399532,SCENARIO: ESIF training-window mean IT; not Forest City IT,SCENARIO_INPUT + TRANSFERRED_MODEL_OUTPUT
2012-08-18 23:00:00+00:00,25.0,20.20494690347219,26.278324968409272,19.48945560740139,45.76778057581066,0.03254508547355251,SCENARIO: ESIF training-window mean IT; not Forest City IT,SCENARIO_INPUT + TRANSFERRED_MODEL_OUTPUT
2012-08-19 00:00:00+00:00,23.666666666666668,20.43702609615149,27.709222764725205,19.48945560740139,47.198678372126594,0.03356258491309563,SCENARIO: ESIF training-window mean IT; not Forest City IT,SCENARIO_INPUT + TRANSFERRED_MODEL_OUTPUT
2012-08-19 01:00:00+00:00,21.0,18.9683798878052,26.560548842296598,19.48945560740139,46.05000444969799,0.03274577250671825,SCENARIO: ESIF training-window mean IT; not Forest City IT,SCENARIO_INPUT + TRANSFERRED_MODEL_OUTPUT
2012-08-19 02:00:00+00:00,20.0,18.869134375198897,27.054337519963035,19.48945560740139,46.543793127364424,0.03309690150004812,SCENARIO: ESIF training-window mean IT; not Forest City IT,SCENARIO_INPUT + TRANSFERRED_MODEL_OUTPUT
2012-08-19 03:00:00+00:00,20.0,19.31535549636162,27.95187448893781,19.48945560740139,47.4413300963392,0.0337351325220347,SCENARIO: ESIF training-window mean IT; not Forest City IT,SCENARIO_INPUT + TRANSFERRED_MODEL_OUTPUT
2012-08-19 06:00:00+00:00,20.0,19.314379524154006,27.9498965554044,19.48945560740139,47.43935216280579,0.0337337260300638,SCENARIO: ESIF training-window mean IT; not Forest City IT,SCENARIO_INPUT + TRANSFERRED_MODEL_OUTPUT
2012-08-19 07:00:00+00:00,19.666666666666668,18.762643180260106,27.071955468728614,19.48945560740139,46.56141107613,0.03310942947586933,SCENARIO: ESIF training-window mean IT; not Forest City IT,SCENARIO_INPUT + TRANSFERRED_MODEL_OUTPUT
2012-08-19 08:00:00+00:00,20.0,19.314379524154006,27.9498965554044,19.48945560740139,47.43935216280579,0.0337337260300638,SCENARIO: ESIF training-window mean IT; not Forest City IT,SCENARIO_INPUT + TRANSFERRED_MODEL_OUTPUT
2012-08-19 09:00:00+00:00,20.0,19.314379524154006,27.9498965554044,19.48945560740139,47.43935216280579,0.0337337260300638,SCENARIO: ESIF training-window mean IT; not Forest City IT,SCENARIO_INPUT + TRANSFERRED_MODEL_OUTPUT
2012-08-19 10:00:00+00:00,20.0,19.314379524154006,27.9498965554044,19.48945560740139,47.43935216280579,0.0337337260300638,SCENARIO: ESIF training-window mean IT; not Forest City IT,SCENARIO_INPUT + TRANSFERRED_MODEL_OUTPUT
2012-08-19 11:00:00+00:00,20.0,19.314379524154006,27.9498965554044,19.48945560740139,47.43935216280579,0.0337337260300638,SCENARIO: ESIF training-window mean IT; not Forest City IT,SCENARIO_INPUT + TRANSFERRED_MODEL_OUTPUT
2012-08-19 12:00:00+00:00,20.0,19.54095901368151,28.410835486700226,19.48945560740139,47.90029109410162,0.03406149584385808,SCENARIO: ESIF training-window mean IT; not Forest City IT,SCENARIO_INPUT + TRANSFERRED_MODEL_OUTPUT
2012-08-19 13:00:00+00:00,20.333333333333332,20.10135898792431,29.33566945341581,19.48945560740139,48.8251250608172,0.0347191375323325,SCENARIO: ESIF training-window mean IT; not Forest City IT,SCENARIO_INPUT + TRANSFERRED_MODEL_OUTPUT
2012-08-19 14:00:00+00:00,21.0,20.303559305198018,29.29575649670238,19.48945560740139,48.78521210410377,0.03469075576307478,SCENARIO: ESIF training-window mean IT; not Forest City IT,SCENARIO_INPUT + TRANSFERRED_MODEL_OUTPUT
2012-08-19 15:00:00+00:00,22.0,19.933727962555068,27.829467223092173,19.48945560740139,47.31892283049356,0.03364808974042262,SCENARIO: ESIF training-window mean IT; not Forest City IT,SCENARIO_INPUT + TRANSFERRED_MODEL_OUTPUT
2012-08-19 16:00:00+00:00,22.333333333333332,19.387686825732377,26.47684533361769,19.48945560740139,45.96630094101908,0.03268625164269298,SCENARIO: ESIF training-window mean IT; not Forest City IT,SCENARIO_INPUT + TRANSFERRED_MODEL_OUTPUT
2012-08-19 17:00:00+00:00,23.666666666666668,19.386015667552307,25.536366573989667,19.48945560740139,45.02582218139106,0.032017485072999806,SCENARIO: ESIF training-window mean IT; not Forest City IT,SCENARIO_INPUT + TRANSFERRED_MODEL_OUTPUT
2012-08-19 18:00:00+00:00,25.0,19.79712907431011,25.43270901792001,19.48945560740139,44.9221646253214,0.031943775052985214,SCENARIO: ESIF training-window mean IT; not Forest City IT,SCENARIO_INPUT + TRANSFERRED_MODEL_OUTPUT
2012-08-19 19:00:00+00:00,23.333333333333332,19.90738242226422,26.839780790447026,19.48945560740139,46.32923639784842,0.03294433200654913,SCENARIO: ESIF training-window mean IT; not Forest City IT,SCENARIO_INPUT + TRANSFERRED_MODEL_OUTPUT
2012-08-19 20:00:00+00:00,21.333333333333332,19.95072609424021,28.329426133865656,19.48945560740139,47.81888174126705,0.03400360633484072,SCENARIO: ESIF training-window mean IT; not Forest City IT,SCENARIO_INPUT + TRANSFERRED_MODEL_OUTPUT
2012-08-19 21:00:00+00:00,22.0,19.496127488807304,26.930651404298366,19.48945560740139,46.420107011699756,0.03300894933903977,SCENARIO: ESIF training-window mean IT; not Forest City IT,SCENARIO_INPUT + TRANSFERRED_MODEL_OUTPUT
2012-08-19 22:00:00+00:00,22.0,19.713134288668236,27.374740204711546,19.48945560740139,46.86419581211294,0.0333247371658791,SCENARIO: ESIF training-window mean IT; not Forest City IT,SCENARIO_INPUT + TRANSFERRED_MODEL_OUTPUT
2012-08-19 23:00:00+00:00,21.0,18.96764790433837,26.559082731400622,19.48945560740139,46.04853833880201,0.03274472996753844,SCENARIO: ESIF training-window mean IT; not Forest City IT,SCENARIO_INPUT + TRANSFERRED_MODEL_OUTPUT
2012-08-20 00:00:00+00:00,20.0,18.648841567859733,26.61625298759264,19.48945560740139,46.10570859499403,0.03278538325792975,SCENARIO: ESIF training-window mean IT; not Forest City IT,SCENARIO_INPUT + TRANSFERRED_MODEL_OUTPUT
2012-08-20 01:00:00+00:00,20.0,18.648841567859733,26.61625298759264,19.48945560740139,46.10570859499403,0.03278538325792975,SCENARIO: ESIF training-window mean IT; not Forest City IT,SCENARIO_INPUT + TRANSFERRED_MODEL_OUTPUT
2012-08-20 02:00:00+00:00,20.0,18.869134375198897,27.054337519963035,19.48945560740139,46.543793127364424,0.03309690150004812,SCENARIO: ESIF training-window mean IT; not Forest City IT,SCENARIO_INPUT + TRANSFERRED_MODEL_OUTPUT
2012-08-20 03:00:00+00:00,19.666666666666668,18.542350570459575,26.635474260535005,19.48945560740139,46.124929867936395,0.03279905134414563,SCENARIO: ESIF training-window mean IT; not Forest City IT,SCENARIO_INPUT + TRANSFERRED_MODEL_OUTPUT
2012-08-20 06:00:00+00:00,18.0,17.33892824118367,25.45155945501171,19.48945560740139,44.9410150624131,0.03195717944093335,SCENARIO: ESIF training-window mean IT; not Forest City IT,SCENARIO_INPUT + TRANSFERRED_MODEL_OUTPUT
2012-08-20 07:00:00+00:00,18.0,17.33892824118367,25.45155945501171,19.48945560740139,44.9410150624131,0.03195717944093335,SCENARIO: ESIF training-window mean IT; not Forest City IT,SCENARIO_INPUT + TRANSFERRED_MODEL_OUTPUT
2012-08-20 08:00:00+00:00,18.0,17.33892824118367,25.45155945501171,19.48945560740139,44.9410150624131,0.03195717944093335,SCENARIO: ESIF training-window mean IT; not Forest City IT,SCENARIO_INPUT + TRANSFERRED_MODEL_OUTPUT
2012-08-20 09:00:00+00:00,18.0,17.33892824118367,25.45155945501171,19.48945560740139,44.9410150624131,0.03195717944093335,SCENARIO: ESIF training-window mean IT; not Forest City IT,SCENARIO_INPUT + TRANSFERRED_MODEL_OUTPUT
2012-08-20 10:00:00+00:00,18.0,17.33892824118367,25.45155945501171,19.48945560740139,44.9410150624131,0.03195717944093335,SCENARIO: ESIF training-window mean IT; not Forest City IT,SCENARIO_INPUT + TRANSFERRED_MODEL_OUTPUT
2012-08-20 11:00:00+00:00,18.0,17.33892824118367,25.45155945501171,19.48945560740139,44.9410150624131,0.03195717944093335,SCENARIO: ESIF training-window mean IT; not Forest City IT,SCENARIO_INPUT + TRANSFERRED_MODEL_OUTPUT
2012-08-20 12:00:00+00:00,18.333333333333332,17.66833456943345,25.850921850406085,19.48945560740139,45.34037745780748,0.032241162695736444,SCENARIO: ESIF training-window mean IT; not Forest City IT,SCENARIO_INPUT + TRANSFERRED_MODEL_OUTPUT
2012-08-20 13:00:00+00:00,19.666666666666668,17.895505281079483,25.37299715057921,19.48945560740139,44.8624527579806,0.03190131444419137,SCENARIO: ESIF training-window mean IT; not Forest City IT,SCENARIO_INPUT + TRANSFERRED_MODEL_OUTPUT
2012-08-20 14:00:00+00:00,20.666666666666668,18.434650850657786,25.732461911992853,19.48945560740139,45.22191751939424,0.03215692682560364,SCENARIO: ESIF training-window mean IT; not Forest City IT,SCENARIO_INPUT + TRANSFERRED_MODEL_OUTPUT
2012-08-20 15:00:00+00:00,22.0,18.863249367064242,25.653887908270967,19.48945560740139,45.143343515672356,0.03210105350959497,SCENARIO: ESIF training-window mean IT; not Forest City IT,SCENARIO_INPUT + TRANSFERRED_MODEL_OUTPUT
2012-08-20 16:00:00+00:00,23.333333333333332,19.490149514161388,25.98325998123746,19.48945560740139,45.47271558863885,0.032335267232271335,SCENARIO: ESIF training-window mean IT; not Forest City IT,SCENARIO_INPUT + TRANSFERRED_MODEL_OUTPUT
2012-08-20 17:00:00+00:00,24.666666666666668,19.296477906843762,24.646996910722876,19.48945560740139,44.136452518124266,0.031385061753702995,SCENARIO: ESIF training-window mean IT; not Forest City IT,SCENARIO_INPUT + TRANSFERRED_MODEL_OUTPUT
2012-08-20 18:00:00+00:00,26.0,19.324458335010657,23.753448948838663,19.48945560740139,43.24290455624005,0.030749667281251558,SCENARIO: ESIF training-window mean IT; not Forest City IT,SCENARIO_INPUT + TRANSFERRED_MODEL_OUTPUT
2012-08-20 19:00:00+00:00,26.0,18.76267217209829,22.625331051019288,19.48945560740139,42.11478665842068,0.029947472091822153,SCENARIO: ESIF training-window mean IT; not Forest City IT,SCENARIO_INPUT + TRANSFERRED_MODEL_OUTPUT
2012-08-20 20:00:00+00:00,26.0,19.51618500436441,24.1433892586508,19.48945560740139,43.63284486605219,0.031026950569904774,SCENARIO: ESIF training-window mean IT; not Forest City IT,SCENARIO_INPUT + TRANSFERRED_MODEL_OUTPUT
2012-08-20 21:00:00+00:00,25.0,20.00176672534597,25.85560754705577,19.48945560740139,45.34506315445716,0.032244494655382476,SCENARIO: ESIF training-window mean IT; not Forest City IT,SCENARIO_INPUT + TRANSFERRED_MODEL_OUTPUT
2012-08-20 22:00:00+00:00,24.0,20.112246224992617,26.794269476287077,19.48945560740139,46.283725083688466,0.03291196929219605,SCENARIO: ESIF training-window mean IT; not Forest City IT,SCENARIO_INPUT + TRANSFERRED_MODEL_OUTPUT
2012-08-20 23:00:00+00:00,23.0,20.02133113224844,27.31027539267292,19.48945560740139,46.79973100007431,0.03327889677791538,SCENARIO: ESIF training-window mean IT; not Forest City IT,SCENARIO_INPUT + TRANSFERRED_MODEL_OUTPUT
2012-08-21 00:00:00+00:00,22.0,19.933727962555068,27.829467223092173,19.48945560740139,47.31892283049356,0.03364808974042262,SCENARIO: ESIF training-window mean IT; not Forest City IT,SCENARIO_INPUT + TRANSFERRED_MODEL_OUTPUT
2012-08-21 01:00:00+00:00,22.0,20.15546859318379,28.289909500556377,19.48945560740139,47.779365107957766,0.03397550638783658,SCENARIO: ESIF training-window mean IT; not Forest City IT,SCENARIO_INPUT + TRANSFERRED_MODEL_OUTPUT
2012-08-21 02:00:00+00:00,21.0,19.627209223805778,27.89498288003213,19.48945560740139,47.38443848743352,0.0336946773753951,SCENARIO: ESIF training-window mean IT; not Forest City IT,SCENARIO_INPUT + TRANSFERRED_MODEL_OUTPUT
2012-08-21 03:00:00+00:00,20.666666666666668,18.649032732252536,26.155610861195814,19.48945560740139,45.64506646859721,0.03245782449961349,SCENARIO: ESIF training-window mean IT; not Forest City IT,SCENARIO_INPUT + TRANSFERRED_MODEL_OUTPUT
2012-08-21 04:00:00+00:00,20.0,18.00667198113571,25.358126414426266,19.48945560740139,44.847582021827655,0.03189073998825177,SCENARIO: ESIF training-window mean IT; not Forest City IT,SCENARIO_INPUT + TRANSFERRED_MODEL_OUTPUT
2012-08-21 06:00:00+00:00,18.0,17.3399039928572,25.45340523506209,19.48945560740139,44.942860842463475,0.03195849195966922,SCENARIO: ESIF training-window mean IT; not Forest City IT,SCENARIO_INPUT + TRANSFERRED_MODEL_OUTPUT
2012-08-21 07:00:00+00:00,17.333333333333332,17.11379751689507,25.48092997258464,19.48945560740139,44.97038557998603,0.031978064570008596,SCENARIO: ESIF training-window mean IT; not Forest City IT,SCENARIO_INPUT + TRANSFERRED_MODEL_OUTPUT
2012-08-21 08:00:00+00:00,18.0,17.3399039928572,25.45340523506209,19.48945560740139,44.942860842463475,0.03195849195966922,SCENARIO: ESIF training-window mean IT; not Forest City IT,SCENARIO_INPUT + TRANSFERRED_MODEL_OUTPUT
2012-08-21 09:00:00+00:00,18.0,17.3399039928572,25.45340523506209,19.48945560740139,44.942860842463475,0.03195849195966922,SCENARIO: ESIF training-window mean IT; not Forest City IT,SCENARIO_INPUT + TRANSFERRED_MODEL_OUTPUT
2012-08-21 10:00:00+00:00,17.0,16.35265636083692,24.298689047347096,19.48945560740139,43.788144654748486,0.031137382949049174,SCENARIO: ESIF training-window mean IT; not Forest City IT,SCENARIO_INPUT + TRANSFERRED_MODEL_OUTPUT
2012-08-21 11:00:00+00:00,17.333333333333332,16.682064848210302,24.67726677998823,19.48945560740139,44.16672238738962,0.03140658640423488,SCENARIO: ESIF training-window mean IT; not Forest City IT,SCENARIO_INPUT + TRANSFERRED_MODEL_OUTPUT
2012-08-21 12:00:00+00:00,19.0,17.044944327926398,24.214632238557712,19.48945560740139,43.7040878459591,0.031077610856274144,SCENARIO: ESIF training-window mean IT; not Forest City IT,SCENARIO_INPUT + TRANSFERRED_MODEL_OUTPUT
2012-08-21 13:00:00+00:00,21.333333333333332,18.444069448898965,25.288085374967157,19.48945560740139,44.77754098236855,0.031840934391668886,SCENARIO: ESIF training-window mean IT; not Forest City IT,SCENARIO_INPUT + TRANSFERRED_MODEL_OUTPUT
2012-08-21 14:00:00+00:00,23.333333333333332,18.291440914921274,23.588656461024886,19.48945560740139,43.07811206842628,0.030632484723263742,SCENARIO: ESIF training-window mean IT; not Forest City IT,SCENARIO_INPUT + TRANSFERRED_MODEL_OUTPUT
2012-08-21 15:00:00+00:00,25.0,19.019854562631487,23.852489603058608,19.48945560740139,43.34194521046,0.03082009426102624,SCENARIO: ESIF training-window mean IT; not Forest City IT,SCENARIO_INPUT + TRANSFERRED_MODEL_OUTPUT
2012-08-21 16:00:00+00:00,26.0,19.622117627679778,24.359915940761997,19.48945560740139,43.84937154816339,0.031180920880196337,SCENARIO: ESIF training-window mean IT; not Forest City IT,SCENARIO_INPUT + TRANSFERRED_MODEL_OUTPUT
2012-08-21 17:00:00+00:00,26.0,19.33361001667906,23.77200487058286,19.48945560740139,43.26146047798425,0.030762862241802576,SCENARIO: ESIF training-window mean IT; not Forest City IT,SCENARIO_INPUT + TRANSFERRED_MODEL_OUTPUT
2012-08-21 18:00:00+00:00,26.666666666666668,19.352919604423246,23.333232578860503,19.48945560740139,42.82268818626189,0.030450854939768842,SCENARIO: ESIF training-window mean IT; not Forest City IT,SCENARIO_INPUT + TRANSFERRED_MODEL_OUTPUT
2012-08-21 19:00:00+00:00,26.666666666666668,19.35224846452306,23.33187069770423,19.48945560740139,42.821326305105615,0.030449886517484034,SCENARIO: ESIF training-window mean IT; not Forest City IT,SCENARIO_INPUT + TRANSFERRED_MODEL_OUTPUT
2012-08-21 20:00:00+00:00,27.666666666666668,19.297866834033954,22.50118127807818,19.48945560740139,41.990636885479574,0.02985919022800755,SCENARIO: ESIF training-window mean IT; not Forest City IT,SCENARIO_INPUT + TRANSFERRED_MODEL_OUTPUT
2012-08-21 21:00:00+00:00,27.666666666666668,19.119039998519483,22.140065905613316,19.48945560740139,41.62952151301471,0.02960240411090022,SCENARIO: ESIF training-window mean IT; not Forest City IT,SCENARIO_INPUT + TRANSFERRED_MODEL_OUTPUT
2012-08-21 22:00:00+00:00,26.666666666666668,19.35224846452306,23.33187069770423,19.48945560740139,42.821326305105615,0.030449886517484034,SCENARIO: ESIF training-window mean IT; not Forest City IT,SCENARIO_INPUT + TRANSFERRED_MODEL_OUTPUT
2012-08-21 23:00:00+00:00,24.333333333333332,19.803512833685414,25.9191007755419,19.48945560740139,45.40855638294329,0.03228964415841879,SCENARIO: ESIF training-window mean IT; not Forest City IT,SCENARIO_INPUT + TRANSFERRED_MODEL_OUTPUT
2012-08-22 00:00:00+00:00,20.666666666666668,18.437090656614433,25.73725995741072,19.48945560740139,45.22671556481211,0.03216033867551784,SCENARIO: ESIF training-window mean IT; not Forest City IT,SCENARIO_INPUT + TRANSFERRED_MODEL_OUTPUT
2012-08-22 01:00:00+00:00,18.0,16.390431576686062,23.688103659182744,19.48945560740139,43.17755926658413,0.030703200793027966,SCENARIO: ESIF training-window mean IT; not Forest City IT,SCENARIO_INPUT + TRANSFERRED_MODEL_OUTPUT
2012-08-22 02:00:00+00:00,17.333333333333332,16.469867438589716,24.2869330372518,19.48945560740139,43.77638864465319,0.0311290233487241,SCENARIO: ESIF training-window mean IT; not Forest City IT,SCENARIO_INPUT + TRANSFERRED_MODEL_OUTPUT
2012-08-22 03:00:00+00:00,18.0,17.340879744530728,25.455251080167407,19.48945560740139,44.9447066875688,0.03195980452466511,SCENARIO: ESIF training-window mean IT; not Forest City IT,SCENARIO_INPUT + TRANSFERRED_MODEL_OUTPUT
2012-08-22 06:00:00+00:00,18.0,17.3399039928572,25.45340523506209,19.48945560740139,44.942860842463475,0.03195849195966922,SCENARIO: ESIF training-window mean IT; not Forest City IT,SCENARIO_INPUT + TRANSFERRED_MODEL_OUTPUT
2012-08-22 07:00:00+00:00,18.0,17.3399039928572,25.45340523506209,19.48945560740139,44.942860842463475,0.03195849195966922,SCENARIO: ESIF training-window mean IT; not Forest City IT,SCENARIO_INPUT + TRANSFERRED_MODEL_OUTPUT
2012-08-22 08:00:00+00:00,18.0,17.3399039928572,25.45340523506209,19.48945560740139,44.942860842463475,0.03195849195966922,SCENARIO: ESIF training-window mean IT; not Forest City IT,SCENARIO_INPUT + TRANSFERRED_MODEL_OUTPUT
2012-08-22 09:00:00+00:00,17.333333333333332,16.682064848210302,24.67726677998823,19.48945560740139,44.16672238738962,0.03140658640423488,SCENARIO: ESIF training-window mean IT; not Forest City IT,SCENARIO_INPUT + TRANSFERRED_MODEL_OUTPUT
2012-08-22 10:00:00+00:00,17.666666666666668,16.585688209280995,24.273087252925983,19.48945560740139,43.76254286032737,0.031119177727445053,SCENARIO: ESIF training-window mean IT; not Forest City IT,SCENARIO_INPUT + TRANSFERRED_MODEL_OUTPUT
2012-08-22 11:00:00+00:00,18.0,16.70182598160026,24.260273836285748,19.48945560740139,43.74972944368714,0.031110066214181394,SCENARIO: ESIF training-window mean IT; not Forest City IT,SCENARIO_INPUT + TRANSFERRED_MODEL_OUTPUT
2012-08-22 12:00:00+00:00,18.333333333333332,16.8173456119079,24.246764698985924,19.48945560740139,43.73622030638731,0.03110045997978319,SCENARIO: ESIF training-window mean IT; not Forest City IT,SCENARIO_INPUT + TRANSFERRED_MODEL_OUTPUT
2012-08-22 13:00:00+00:00,20.333333333333332,18.119293387525044,25.346459260710407,19.48945560740139,44.8359148681118,0.03188244357295397,SCENARIO: ESIF training-window mean IT; not Forest City IT,SCENARIO_INPUT + TRANSFERRED_MODEL_OUTPUT
2012-08-22 14:00:00+00:00,22.0,18.661826839151665,25.253280831989564,19.48945560740139,44.74273643939095,0.031816185172637006,SCENARIO: ESIF training-window mean IT; not Forest City IT,SCENARIO_INPUT + TRANSFERRED_MODEL_OUTPUT
2012-08-22 15:00:00+00:00,24.0,19.70526458902549,25.952953617981564,19.48945560740139,45.44240922538295,0.03231371663116841,SCENARIO: ESIF training-window mean IT; not Forest City IT,SCENARIO_INPUT + TRANSFERRED_MODEL_OUTPUT
2012-08-22 16:00:00+00:00,25.666666666666668,20.215759967449046,25.82577790950542,19.48945560740139,45.31523351690681,0.032223283049936303,SCENARIO: ESIF training-window mean IT; not Forest City IT,SCENARIO_INPUT + TRANSFERRED_MODEL_OUTPUT
2012-08-22 17:00:00+00:00,25.333333333333332,19.912917445038943,25.434316259003133,19.48945560740139,44.92377186640452,0.031944917948659175,SCENARIO: ESIF training-window mean IT; not Forest City IT,SCENARIO_INPUT + TRANSFERRED_MODEL_OUTPUT
2012-08-22 18:00:00+00:00,26.666666666666668,20.120970154070953,24.91193656190313,19.48945560740139,44.401392169304515,0.031573458120852854,SCENARIO: ESIF training-window mean IT; not Forest City IT,SCENARIO_INPUT + TRANSFERRED_MODEL_OUTPUT
2012-08-22 19:00:00+00:00,26.333333333333332,20.01861641600885,24.938430403854998,19.48945560740139,44.42788601125639,0.03159229766998542,SCENARIO: ESIF training-window mean IT; not Forest City IT,SCENARIO_INPUT + TRANSFERRED_MODEL_OUTPUT
2012-08-22 20:00:00+00:00,27.0,20.22050606057777,24.879803145064106,19.48945560740139,44.3692587524655,0.03155060831724809,SCENARIO: ESIF training-window mean IT; not Forest City IT,SCENARIO_INPUT + TRANSFERRED_MODEL_OUTPUT
2012-08-22 21:00:00+00:00,26.666666666666668,20.11861081313377,24.907025291491312,19.48945560740139,44.396480898892705,0.031569965757593695,SCENARIO: ESIF training-window mean IT; not Forest City IT,SCENARIO_INPUT + TRANSFERRED_MODEL_OUTPUT
2012-08-22 22:00:00+00:00,25.333333333333332,20.31520238106902,26.271566370235778,19.48945560740139,45.76102197763717,0.03254027949099294,SCENARIO: ESIF training-window mean IT; not Forest City IT,SCENARIO_INPUT + TRANSFERRED_MODEL_OUTPUT
2012-08-22 23:00:00+00:00,24.666666666666668,20.320565957063597,26.756986560760595,19.48945560740139,46.246442168161984,0.032885457723200416,SCENARIO: ESIF training-window mean IT; not Forest City IT,SCENARIO_INPUT + TRANSFERRED_MODEL_OUTPUT
2012-08-23 00:00:00+00:00,22.333333333333332,18.563195716295223,24.82502976952575,19.48945560740139,44.31448537692714,0.031511659428616313,SCENARIO: ESIF training-window mean IT; not Forest City IT,SCENARIO_INPUT + TRANSFERRED_MODEL_OUTPUT
2012-08-23 01:00:00+00:00,21.0,18.33718923289809,25.30991409266047,19.48945560740139,44.79936970006186,0.03185645661001046,SCENARIO: ESIF training-window mean IT; not Forest City IT,SCENARIO_INPUT + TRANSFERRED_MODEL_OUTPUT
2012-08-23 02:00:00+00:00,21.0,18.758951863614605,26.14257259353547,19.48945560740139,45.63202820093686,0.0324485530966725,SCENARIO: ESIF training-window mean IT; not Forest City IT,SCENARIO_INPUT + TRANSFERRED_MODEL_OUTPUT
2012-08-23 03:00:00+00:00,20.0,18.436485625394063,26.197090931503446,19.48945560740139,45.686546538904835,0.03248732063022386,SCENARIO: ESIF training-window mean IT; not Forest City IT,SCENARIO_INPUT + TRANSFERRED_MODEL_OUTPUT
2012-08-23 04:00:00+00:00,20.0,18.65274523974746,26.623987152297854,19.48945560740139,46.11344275969924,0.032790882957679894,SCENARIO: ESIF training-window mean IT; not Forest City IT,SCENARIO_INPUT + TRANSFERRED_MODEL_OUTPUT
2012-08-23 06:00:00+00:00,18.0,17.340879744530728,25.455251080167407,19.48945560740139,44.9447066875688,0.03195980452466511,SCENARIO: ESIF training-window mean IT; not Forest City IT,SCENARIO_INPUT + TRANSFERRED_MODEL_OUTPUT
2012-08-23 07:00:00+00:00,17.666666666666668,17.227912001253753,25.468965363279167,19.48945560740139,44.95842097068056,0.031969556636532136,SCENARIO: ESIF training-window mean IT; not Forest City IT,SCENARIO_INPUT + TRANSFERRED_MODEL_OUTPUT
2012-08-23 08:00:00+00:00,17.0,16.566479465308984,24.69031262770333,19.48945560740139,44.17976823510472,0.03141586319728932,SCENARIO: ESIF training-window mean IT; not Forest City IT,SCENARIO_INPUT + TRANSFERRED_MODEL_OUTPUT
2012-08-23 09:00:00+00:00,17.0,16.566479465308984,24.69031262770333,19.48945560740139,44.17976823510472,0.03141586319728932,SCENARIO: ESIF training-window mean IT; not Forest City IT,SCENARIO_INPUT + TRANSFERRED_MODEL_OUTPUT
2012-08-23 10:00:00+00:00,17.333333333333332,16.89719596500195,25.07613780510291,19.48945560740139,44.5655934125043,0.031690220249747186,SCENARIO: ESIF training-window mean IT; not Forest City IT,SCENARIO_INPUT + TRANSFERRED_MODEL_OUTPUT
2012-08-23 11:00:00+00:00,17.333333333333332,16.68304053133408,24.679068639295163,19.48945560740139,44.16852424669655,0.03140786769129791,SCENARIO: ESIF training-window mean IT; not Forest City IT,SCENARIO_INPUT + TRANSFERRED_MODEL_OUTPUT
2012-08-23 12:00:00+00:00,19.333333333333332,17.789290002367615,25.39775994723955,19.48945560740139,44.88721555464094,0.03191892306151421,SCENARIO: ESIF training-window mean IT; not Forest City IT,SCENARIO_INPUT + TRANSFERRED_MODEL_OUTPUT
2012-08-23 13:00:00+00:00,21.0,18.548311026884186,25.725198791099515,19.48945560740139,45.214654398500905,0.03215176208116324,SCENARIO: ESIF training-window mean IT; not Forest City IT,SCENARIO_INPUT + TRANSFERRED_MODEL_OUTPUT
2012-08-23 14:00:00+00:00,22.666666666666668,19.500058359796377,26.472005426104126,19.48945560740139,45.961461033505515,0.03268281002499312,SCENARIO: ESIF training-window mean IT; not Forest City IT,SCENARIO_INPUT + TRANSFERRED_MODEL_OUTPUT
2012-08-23 15:00:00+00:00,24.333333333333332,20.01600886555419,26.358388957074393,19.48945560740139,45.84784456447578,0.03260201830537606,SCENARIO: ESIF training-window mean IT; not Forest City IT,SCENARIO_INPUT + TRANSFERRED_MODEL_OUTPUT
2012-08-23 16:00:00+00:00,25.333333333333332,20.116212392717202,25.856039065642506,19.48945560740139,45.345494673043895,0.03224480150463564,SCENARIO: ESIF training-window mean IT; not Forest City IT,SCENARIO_INPUT + TRANSFERRED_MODEL_OUTPUT
2012-08-23 17:00:00+00:00,26.0,20.118369186539027,25.38446546481314,19.48945560740139,44.87392107221453,0.03190946946639881,SCENARIO: ESIF training-window mean IT; not Forest City IT,SCENARIO_INPUT + TRANSFERRED_MODEL_OUTPUT
2012-08-23 18:00:00+00:00,26.333333333333332,20.02203331653678,24.94551989764178,19.48945560740139,44.43497550504317,0.03159733894964443,SCENARIO: ESIF training-window mean IT; not Forest City IT,SCENARIO_INPUT + TRANSFERRED_MODEL_OUTPUT
2012-08-23 19:00:00+00:00,27.0,20.223557000652214,24.886175381468647,19.48945560740139,44.375630988870036,0.031555139561189445,SCENARIO: ESIF training-window mean IT; not Forest City IT,SCENARIO_INPUT + TRANSFERRED_MODEL_OUTPUT
2012-08-23 20:00:00+00:00,27.0,19.83846471689619,24.0868924968647,19.48945560740139,43.57634810426609,0.030986776195745164,SCENARIO: ESIF training-window mean IT; not Forest City IT,SCENARIO_INPUT + TRANSFERRED_MODEL_OUTPUT
2012-08-23 21:00:00+00:00,27.0,19.649710240764545,23.69882142985475,19.48945560740139,43.18827703725614,0.030710822109994138,SCENARIO: ESIF training-window mean IT; not Forest City IT,SCENARIO_INPUT + TRANSFERRED_MODEL_OUTPUT
2012-08-23 22:00:00+00:00,26.0,19.52916030157676,24.169869607998507,19.48945560740139,43.659325215399896,0.031045780524559516,SCENARIO: ESIF training-window mean IT; not Forest City IT,SCENARIO_INPUT + TRANSFERRED_MODEL_OUTPUT
2012-08-23 23:00:00+00:00,24.666666666666668,19.505170377678457,25.07116482480697,19.48945560740139,44.56062043220836,0.031686684005106235,SCENARIO: ESIF training-window mean IT; not Forest City IT,SCENARIO_INPUT + TRANSFERRED_MODEL_OUTPUT
2012-08-24 00:00:00+00:00,23.0,18.98076454290922,25.188195533666903,19.48945560740139,44.677651141068296,0.031769903562073126,SCENARIO: ESIF training-window mean IT; not Forest City IT,SCENARIO_INPUT + TRANSFERRED_MODEL_OUTPUT
2012-08-24 01:00:00+00:00,22.0,18.661826839151665,25.253280831989564,19.48945560740139,44.74273643939095,0.031816185172637006,SCENARIO: ESIF training-window mean IT; not Forest City IT,SCENARIO_INPUT + TRANSFERRED_MODEL_OUTPUT
2012-08-24 02:00:00+00:00,21.333333333333332,18.446183995699556,25.292245113327766,19.48945560740139,44.781700720729155,0.031843892346780325,SCENARIO: ESIF training-window mean IT; not Forest City IT,SCENARIO_INPUT + TRANSFERRED_MODEL_OUTPUT
2012-08-24 03:00:00+00:00,20.333333333333332,18.120106625338014,25.348040979782237,19.48945560740139,44.83749658718362,0.03188356832013944,SCENARIO: ESIF training-window mean IT; not Forest City IT,SCENARIO_INPUT + TRANSFERRED_MODEL_OUTPUT
2012-08-24 13:00:00+00:00,21.333333333333332,18.867234883159842,26.12662398097131,19.48945560740139,45.6160795883727,0.03243721217184384,SCENARIO: ESIF training-window mean IT; not Forest City IT,SCENARIO_INPUT + TRANSFERRED_MODEL_OUTPUT
2012-08-24 14:00:00+00:00,24.0,19.706810152826165,25.95612721221699,19.48945560740139,45.44558281961838,0.03231597334745115,SCENARIO: ESIF training-window mean IT; not Forest City IT,SCENARIO_INPUT + TRANSFERRED_MODEL_OUTPUT
2012-08-24 15:00:00+00:00,25.333333333333332,19.915846080368052,25.440371484454246,19.48945560740139,44.929827091855636,0.03194922376876644,SCENARIO: ESIF training-window mean IT; not Forest City IT,SCENARIO_INPUT + TRANSFERRED_MODEL_OUTPUT
2012-08-24 16:00:00+00:00,26.5,19.783777569989994,24.333546311289222,19.48945560740139,43.82300191869061,0.031162169657517405,SCENARIO: ESIF training-window mean IT; not Forest City IT,SCENARIO_INPUT + TRANSFERRED_MODEL_OUTPUT
2012-08-24 17:00:00+00:00,27.0,18.92041086400832,22.222287535067764,19.48945560740139,41.71174314246915,0.029660871223019348,SCENARIO: ESIF training-window mean IT; not Forest City IT,SCENARIO_INPUT + TRANSFERRED_MODEL_OUTPUT
2012-08-24 18:00:00+00:00,27.0,18.306570653988185,21.007678871189462,19.48945560740139,40.49713447859085,0.028797173174184332,SCENARIO: ESIF training-window mean IT; not Forest City IT,SCENARIO_INPUT + TRANSFERRED_MODEL_OUTPUT
2012-08-24 19:00:00+00:00,27.0,18.390232518450805,21.171705637914698,19.48945560740139,40.66116124531609,0.028913811234318815,SCENARIO: ESIF training-window mean IT; not Forest City IT,SCENARIO_INPUT + TRANSFERRED_MODEL_OUTPUT
2012-08-24 20:00:00+00:00,27.0,18.217663167705904,20.83389175311067,19.48945560740139,40.32334736051206,0.028673594609942878,SCENARIO: ESIF training-window mean IT; not Forest City IT,SCENARIO_INPUT + TRANSFERRED_MODEL_OUTPUT
2012-08-24 21:00:00+00:00,27.0,18.561707649639338,21.50939304997877,19.48945560740139,40.99884865738016,0.029153937924988552,SCENARIO: ESIF training-window mean IT; not Forest City IT,SCENARIO_INPUT + TRANSFERRED_MODEL_OUTPUT
2012-08-24 22:00:00+00:00,26.666666666666668,18.454188904785468,21.537097213815706,19.48945560740139,41.026552821217095,0.029173638123877438,SCENARIO: ESIF training-window mean IT; not Forest City IT,SCENARIO_INPUT + TRANSFERRED_MODEL_OUTPUT
2012-08-24 23:00:00+00:00,25.333333333333332,18.749835307761693,23.075868338331297,19.48945560740139,42.565323945732686,0.030267845383690744,SCENARIO: ESIF training-window mean IT; not Forest City IT,SCENARIO_INPUT + TRANSFERRED_MODEL_OUTPUT
2012-08-25 00:00:00+00:00,23.0,18.087988239338927,23.426480777662746,19.48945560740139,42.915936385064136,0.030517162953006386,SCENARIO: ESIF training-window mean IT; not Forest City IT,SCENARIO_INPUT + TRANSFERRED_MODEL_OUTPUT
2012-08-25 01:00:00+00:00,22.333333333333332,18.163839929860885,24.041643600870685,19.48945560740139,43.531099208272074,0.030954600084752197,SCENARIO: ESIF training-window mean IT; not Forest City IT,SCENARIO_INPUT + TRANSFERRED_MODEL_OUTPUT
2012-08-25 02:00:00+00:00,20.666666666666668,17.611795320962386,24.13746108057566,19.48945560740139,43.62691668797705,0.031022735092122576,SCENARIO: ESIF training-window mean IT; not Forest City IT,SCENARIO_INPUT + TRANSFERRED_MODEL_OUTPUT
2012-08-25 03:00:00+00:00,18.333333333333332,16.81791478319434,24.24782107892917,19.48945560740139,43.73727668633056,0.031101211162713912,SCENARIO: ESIF training-window mean IT; not Forest City IT,SCENARIO_INPUT + TRANSFERRED_MODEL_OUTPUT
2012-08-25 06:00:00+00:00,17.0,15.72829852624628,23.173037497726202,19.48945560740139,42.662493105127595,0.03033694155916865,SCENARIO: ESIF training-window mean IT; not Forest City IT,SCENARIO_INPUT + TRANSFERRED_MODEL_OUTPUT
2012-08-25 07:00:00+00:00,17.0,15.72829852624628,23.173037497726202,19.48945560740139,42.662493105127595,0.03033694155916865,SCENARIO: ESIF training-window mean IT; not Forest City IT,SCENARIO_INPUT + TRANSFERRED_MODEL_OUTPUT
2012-08-25 08:00:00+00:00,16.0,15.366377911790147,23.208041833559385,19.48945560740139,42.697497440960774,0.03036183284922692,SCENARIO: ESIF training-window mean IT; not Forest City IT,SCENARIO_INPUT + TRANSFERRED_MODEL_OUTPUT
2012-08-25 09:00:00+00:00,16.333333333333332,15.487513539584754,23.196723796911776,19.48945560740139,42.686179404313165,0.03035378468815258,SCENARIO: ESIF training-window mean IT; not Forest City IT,SCENARIO_INPUT + TRANSFERRED_MODEL_OUTPUT
2012-08-25 10:00:00+00:00,15.666666666666666,14.832606252528302,22.504191635349947,19.48945560740139,41.99364724275134,0.029861330867852497,SCENARIO: ESIF training-window mean IT; not Forest City IT,SCENARIO_INPUT + TRANSFERRED_MODEL_OUTPUT
2012-08-25 11:00:00+00:00,15.333333333333334,15.12294618757377,23.230256144801,19.48945560740139,42.719711752202386,0.030377629259911436,SCENARIO: ESIF training-window mean IT; not Forest City IT,SCENARIO_INPUT + TRANSFERRED_MODEL_OUTPUT
2012-08-25 12:00:00+00:00,17.0,15.934541798386942,23.541926343951445,19.48945560740139,43.031381951352834,0.030599255328366052,SCENARIO: ESIF training-window mean IT; not Forest City IT,SCENARIO_INPUT + TRANSFERRED_MODEL_OUTPUT
2012-08-25 13:00:00+00:00,20.333333333333332,17.500951747199977,24.15688617213372,19.48945560740139,43.646341779535106,0.031036548112049145,SCENARIO: ESIF training-window mean IT; not Forest City IT,SCENARIO_INPUT + TRANSFERRED_MODEL_OUTPUT
2012-08-25 14:00:00+00:00,22.333333333333332,18.166157817419567,24.046158985345564,19.48945560740139,43.53561459274695,0.030957810936837048,SCENARIO: ESIF training-window mean IT; not Forest City IT,SCENARIO_INPUT + TRANSFERRED_MODEL_OUTPUT
2012-08-25 15:00:00+00:00,24.666666666666668,17.80446717192713,21.701172386203815,19.48945560740139,41.190627993605204,0.029290310604873405,SCENARIO: ESIF training-window mean IT; not Forest City IT,SCENARIO_INPUT + TRANSFERRED_MODEL_OUTPUT
2012-08-25 16:00:00+00:00,25.666666666666668,16.78542939541401,19.064627442128057,19.48945560740139,38.554083049529446,0.027415485575556623,SCENARIO: ESIF training-window mean IT; not Forest City IT,SCENARIO_INPUT + TRANSFERRED_MODEL_OUTPUT
2012-08-25 17:00:00+00:00,27.0,17.557313534805672,19.560012386130595,19.48945560740139,39.049467993531984,0.027767749660509752,SCENARIO: ESIF training-window mean IT; not Forest City IT,SCENARIO_INPUT + TRANSFERRED_MODEL_OUTPUT
2012-08-25 18:00:00+00:00,27.0,17.80108003499338,20.026792587632112,19.48945560740139,39.5162481950335,0.02809967315262809,SCENARIO: ESIF training-window mean IT; not Forest City IT,SCENARIO_INPUT + TRANSFERRED_MODEL_OUTPUT
2012-08-25 19:00:00+00:00,27.666666666666668,18.267432515608952,20.450345647544815,19.48945560740139,39.939801254946204,0.028400858186379305,SCENARIO: ESIF training-window mean IT; not Forest City IT,SCENARIO_INPUT + TRANSFERRED_MODEL_OUTPUT
2012-08-25 20:00:00+00:00,28.0,18.375045915535686,20.420045022718774,19.48945560740139,39.909500630120164,0.028379311665825788,SCENARIO: ESIF training-window mean IT; not Forest City IT,SCENARIO_INPUT + TRANSFERRED_MODEL_OUTPUT
2012-08-25 21:00:00+00:00,27.333333333333332,17.991721625355154,20.154528332650173,19.48945560740139,39.64398394005156,0.028190504971154984,SCENARIO: ESIF training-window mean IT; not Forest City IT,SCENARIO_INPUT + TRANSFERRED_MODEL_OUTPUT
2012-08-25 22:00:00+00:00,26.666666666666668,17.938856083032526,20.532087853180904,19.48945560740139,40.02154346058229,0.02845898438423626,SCENARIO: ESIF training-window mean IT; not Forest City IT,SCENARIO_INPUT + TRANSFERRED_MODEL_OUTPUT
2012-08-25 23:00:00+00:00,24.333333333333332,18.618906418280048,23.52673342810348,19.48945560740139,43.016189035504866,0.030588451773143496,SCENARIO: ESIF training-window mean IT; not Forest City IT,SCENARIO_INPUT + TRANSFERRED_MODEL_OUTPUT
2012-08-26 00:00:00+00:00,22.5,17.634010408069898,22.902412160298226,19.48945560740139,42.391867767699615,0.030144502148144257,SCENARIO: ESIF training-window mean IT; not Forest City IT,SCENARIO_INPUT + TRANSFERRED_MODEL_OUTPUT
2012-08-26 01:00:00+00:00,22.0,17.46708542504562,22.93406043931426,19.48945560740139,42.42351604671565,0.030167006974306007,SCENARIO: ESIF training-window mean IT; not Forest City IT,SCENARIO_INPUT + TRANSFERRED_MODEL_OUTPUT
2012-08-26 02:00:00+00:00,20.666666666666668,17.014733719768778,23.00909676009202,19.48945560740139,42.49855236749341,0.03022036467360034,SCENARIO: ESIF training-window mean IT; not Forest City IT,SCENARIO_INPUT + TRANSFERRED_MODEL_OUTPUT
2012-08-26 03:00:00+00:00,20.333333333333332,17.297927089294788,23.772002038346628,19.48945560740139,43.26145764574802,0.03076286022782311,SCENARIO: ESIF training-window mean IT; not Forest City IT,SCENARIO_INPUT + TRANSFERRED_MODEL_OUTPUT
2012-08-26 04:00:00+00:00,19.0,17.047139786289197,24.21874126629268,19.48945560740139,43.70819687369407,0.031080532751484383,SCENARIO: ESIF training-window mean IT; not Forest City IT,SCENARIO_INPUT + TRANSFERRED_MODEL_OUTPUT
2012-08-26 17:00:00+00:00,27.333333333333332,20.135700143419708,24.462784139747562,19.48945560740139,43.95223974714895,0.0312540695949991,SCENARIO: ESIF training-window mean IT; not Forest City IT,SCENARIO_INPUT + TRANSFERRED_MODEL_OUTPUT
2012-08-26 18:00:00+00:00,28.0,19.96119787936253,23.61868232452266,19.48945560740139,43.10813793192405,0.030653835863337784,SCENARIO: ESIF training-window mean IT; not Forest City IT,SCENARIO_INPUT + TRANSFERRED_MODEL_OUTPUT
2012-08-26 19:00:00+00:00,28.0,19.95900118524567,23.614133593396176,19.48945560740139,43.103589200797565,0.030650601298728247,SCENARIO: ESIF training-window mean IT; not Forest City IT,SCENARIO_INPUT + TRANSFERRED_MODEL_OUTPUT
2012-08-26 20:00:00+00:00,28.666666666666668,19.79807317649112,22.798210250767262,19.48945560740139,42.28766585816865,0.030070405042942155,SCENARIO: ESIF training-window mean IT; not Forest City IT,SCENARIO_INPUT + TRANSFERRED_MODEL_OUTPUT
2012-08-26 21:00:00+00:00,29.0,19.54512881477823,22.03692331197326,19.48945560740139,41.52637891937465,0.029529060276356628,SCENARIO: ESIF training-window mean IT; not Forest City IT,SCENARIO_INPUT + TRANSFERRED_MODEL_OUTPUT
2012-08-26 22:00:00+00:00,28.333333333333332,19.87573192655023,23.200392774671897,19.48945560740139,42.689848382073286,0.030356393667511014,SCENARIO: ESIF training-window mean IT; not Forest City IT,SCENARIO_INPUT + TRANSFERRED_MODEL_OUTPUT
2012-08-26 23:00:00+00:00,26.333333333333332,20.019755382851493,24.940793479811795,19.48945560740139,44.430249087213184,0.031593978033508115,SCENARIO: ESIF training-window mean IT; not Forest City IT,SCENARIO_INPUT + TRANSFERRED_MODEL_OUTPUT
2012-08-27 00:00:00+00:00,24.333333333333332,19.005331952211492,24.296600104275303,19.48945560740139,43.786055711676696,0.031135897519125207,SCENARIO: ESIF training-window mean IT; not Forest City IT,SCENARIO_INPUT + TRANSFERRED_MODEL_OUTPUT
2012-08-27 01:00:00+00:00,23.0,18.98222861192191,25.191129308690925,19.48945560740139,44.680584916092315,0.03177198974492306,SCENARIO: ESIF training-window mean IT; not Forest City IT,SCENARIO_INPUT + TRANSFERRED_MODEL_OUTPUT
2012-08-27 02:00:00+00:00,21.0,18.338165157679875,25.311826767660712,19.48945560740139,44.8012823750621,0.031857816697184946,SCENARIO: ESIF training-window mean IT; not Forest City IT,SCENARIO_INPUT + TRANSFERRED_MODEL_OUTPUT
2012-08-27 03:00:00+00:00,20.666666666666668,18.65269250721066,26.162861821494566,19.48945560740139,45.652317428895955,0.03246298059675692,SCENARIO: ESIF training-window mean IT; not Forest City IT,SCENARIO_INPUT + TRANSFERRED_MODEL_OUTPUT
2012-08-27 11:00:00+00:00,17.333333333333332,16.68304053133408,24.679068639295163,19.48945560740139,44.16852424669655,0.03140786769129791,SCENARIO: ESIF training-window mean IT; not Forest City IT,SCENARIO_INPUT + TRANSFERRED_MODEL_OUTPUT
2012-08-27 12:00:00+00:00,20.0,18.222917060005088,25.778643039340395,19.48945560740139,45.268098646741784,0.0321897658385049,SCENARIO: ESIF training-window mean IT; not Forest City IT,SCENARIO_INPUT + TRANSFERRED_MODEL_OUTPUT
2012-08-27 13:00:00+00:00,22.0,19.505074683773152,26.948897596542103,19.48945560740139,46.43835320394349,0.03302192405353692,SCENARIO: ESIF training-window mean IT; not Forest City IT,SCENARIO_INPUT + TRANSFERRED_MODEL_OUTPUT
2012-08-27 14:00:00+00:00,24.666666666666668,20.32443018815598,26.765083975122536,19.48945560740139,46.254539582523925,0.032891215726739344,SCENARIO: ESIF training-window mean IT; not Forest City IT,SCENARIO_INPUT + TRANSFERRED_MODEL_OUTPUT
2012-08-27 15:00:00+00:00,26.0,20.31904913174008,25.80356286758014,19.48945560740139,45.29301847498153,0.03220748611966875,SCENARIO: ESIF training-window mean IT; not Forest City IT,SCENARIO_INPUT + TRANSFERRED_MODEL_OUTPUT
2012-08-27 16:00:00+00:00,27.0,20.818449528501738,26.14082892453723,19.48945560740139,45.63028453193862,0.03244731318825066,SCENARIO: ESIF training-window mean IT; not Forest City IT,SCENARIO_INPUT + TRANSFERRED_MODEL_OUTPUT
2012-08-27 17:00:00+00:00,28.0,20.525270958360515,24.79763050794017,19.48945560740139,44.28708611534156,0.031492176043164885,SCENARIO: ESIF training-window mean IT; not Forest City IT,SCENARIO_INPUT + TRANSFERRED_MODEL_OUTPUT
2012-08-27 18:00:00+00:00,28.0,20.523257201715108,24.793382961186744,19.48945560740139,44.28283856858813,0.03148915564824068,SCENARIO: ESIF training-window mean IT; not Forest City IT,SCENARIO_INPUT + TRANSFERRED_MODEL_OUTPUT
2012-08-27 19:00:00+00:00,29.0,20.443514243107977,23.899325722008918,19.48945560740139,43.38878132941031,0.030853399032970828,SCENARIO: ESIF training-window mean IT; not Forest City IT,SCENARIO_INPUT + TRANSFERRED_MODEL_OUTPUT
2012-08-27 20:00:00+00:00,29.333333333333332,20.17655389299864,23.09717621877644,19.48945560740139,42.58663182617783,0.030282997239027026,SCENARIO: ESIF training-window mean IT; not Forest City IT,SCENARIO_INPUT + TRANSFERRED_MODEL_OUTPUT
2012-08-27 21:00:00+00:00,29.333333333333332,19.46887262820197,21.638412109441813,19.48945560740139,41.1278677168432,0.029245682297669825,SCENARIO: ESIF training-window mean IT; not Forest City IT,SCENARIO_INPUT + TRANSFERRED_MODEL_OUTPUT
2012-08-27 22:00:00+00:00,28.666666666666668,19.9720237282962,23.157520517878474,19.48945560740139,42.64697612527986,0.03032590756474982,SCENARIO: ESIF training-window mean IT; not Forest City IT,SCENARIO_INPUT + TRANSFERRED_MODEL_OUTPUT
2012-08-27 23:00:00+00:00,27.666666666666668,20.03783321517677,24.01866563837752,19.48945560740139,43.50812124577891,0.030938260648058092,SCENARIO: ESIF training-window mean IT; not Forest City IT,SCENARIO_INPUT + TRANSFERRED_MODEL_OUTPUT
2012-08-28 00:00:00+00:00,25.666666666666668,19.811720483090696,24.98764573388948,19.48945560740139,44.47710134129087,0.03162729427900665,SCENARIO: ESIF training-window mean IT; not Forest City IT,SCENARIO_INPUT + TRANSFERRED_MODEL_OUTPUT
2012-08-28 01:00:00+00:00,23.333333333333332,19.703134579482636,26.41900233014755,19.48945560740139,45.90845793754894,0.032645119967346294,SCENARIO: ESIF training-window mean IT; not Forest City IT,SCENARIO_INPUT + TRANSFERRED_MODEL_OUTPUT
2012-08-28 02:00:00+00:00,23.666666666666668,20.228371066748004,27.271845143041467,19.48945560740139,46.76130075044286,0.03325156934924634,SCENARIO: ESIF training-window mean IT; not Forest City IT,SCENARIO_INPUT + TRANSFERRED_MODEL_OUTPUT
2012-08-28 04:00:00+00:00,22.0,20.604587984092852,29.232795132913374,19.48945560740139,48.72225074031476,0.03464598446457035,SCENARIO: ESIF training-window mean IT; not Forest City IT,SCENARIO_INPUT + TRANSFERRED_MODEL_OUTPUT
2012-08-28 11:00:00+00:00,21.0,20.30453539587048,29.297800643453986,19.48945560740139,48.78725625085538,0.034692209338710624,SCENARIO: ESIF training-window mean IT; not Forest City IT,SCENARIO_INPUT + TRANSFERRED_MODEL_OUTPUT
2012-08-28 12:00:00+00:00,21.333333333333332,20.40505117418231,29.276965551061814,19.48945560740139,48.7664211584632,0.03467739367899932,SCENARIO: ESIF training-window mean IT; not Forest City IT,SCENARIO_INPUT + TRANSFERRED_MODEL_OUTPUT
2012-08-28 13:00:00+00:00,22.0,21.292732611538987,30.704229682398164,19.48945560740139,50.193685289799554,0.035692309249806514,SCENARIO: ESIF training-window mean IT; not Forest City IT,SCENARIO_INPUT + TRANSFERRED_MODEL_OUTPUT
2012-08-28 14:00:00+00:00,24.0,21.868758211902815,30.555176828424848,19.48945560740139,50.04463243582624,0.035586319013627084,SCENARIO: ESIF training-window mean IT; not Forest City IT,SCENARIO_INPUT + TRANSFERRED_MODEL_OUTPUT
2012-08-28 15:00:00+00:00,25.333333333333332,22.46986999022875,30.94416319459561,19.48945560740139,50.433618801997,0.03586292396094596,SCENARIO: ESIF training-window mean IT; not Forest City IT,SCENARIO_INPUT + TRANSFERRED_MODEL_OUTPUT
2012-08-28 16:00:00+00:00,26.333333333333332,22.523336631946417,30.34934464676737,19.48945560740139,49.83880025416876,0.03543995347304435,SCENARIO: ESIF training-window mean IT; not Forest City IT,SCENARIO_INPUT + TRANSFERRED_MODEL_OUTPUT
2012-08-28 17:00:00+00:00,27.0,22.706226562049636,30.282349089384127,19.48945560740139,49.771804696785516,0.03539231349326044,SCENARIO: ESIF training-window mean IT; not Forest City IT,SCENARIO_INPUT + TRANSFERRED_MODEL_OUTPUT
2012-08-28 18:00:00+00:00,27.0,22.705494148669985,30.280695058052675,19.48945560740139,49.77015066545407,0.03539113732543275,SCENARIO: ESIF training-window mean IT; not Forest City IT,SCENARIO_INPUT + TRANSFERRED_MODEL_OUTPUT
2012-08-28 19:00:00+00:00,27.0,22.92669144007746,30.78189766581307,19.48945560740139,50.27135327321446,0.03574753830236259,SCENARIO: ESIF training-window mean IT; not Forest City IT,SCENARIO_INPUT + TRANSFERRED_MODEL_OUTPUT
2012-08-28 20:00:00+00:00,27.0,22.704761735290425,30.279041063374834,19.48945560740139,49.76849667077622,0.03538996118366914,SCENARIO: ESIF training-window mean IT; not Forest City IT,SCENARIO_INPUT + TRANSFERRED_MODEL_OUTPUT
2012-08-28 21:00:00+00:00,26.0,22.878391521867854,31.389791185905377,19.48945560740139,50.87924679330676,0.0361798062935415,SCENARIO: ESIF training-window mean IT; not Forest City IT,SCENARIO_INPUT + TRANSFERRED_MODEL_OUTPUT
2012-08-28 22:00:00+00:00,25.333333333333332,23.157025622647794,32.501039061430376,19.48945560740139,51.990494668831765,0.03697000535139967,SCENARIO: ESIF training-window mean IT; not Forest City IT,SCENARIO_INPUT + TRANSFERRED_MODEL_OUTPUT
2012-08-28 23:00:00+00:00,24.333333333333332,22.651629796434815,32.06340353022344,19.48945560740139,51.55285913762483,0.03665880639024836,SCENARIO: ESIF training-window mean IT; not Forest City IT,SCENARIO_INPUT + TRANSFERRED_MODEL_OUTPUT
2012-08-29 00:00:00+00:00,23.666666666666668,22.46692946027266,32.11950129652091,19.48945560740139,51.6089569039223,0.03669869704205749,SCENARIO: ESIF training-window mean IT; not Forest City IT,SCENARIO_INPUT + TRANSFERRED_MODEL_OUTPUT
2012-08-29 01:00:00+00:00,23.0,22.280922991912874,32.17313796916062,19.48945560740139,51.66259357656201,0.03673683763077765,SCENARIO: ESIF training-window mean IT; not Forest City IT,SCENARIO_INPUT + TRANSFERRED_MODEL_OUTPUT
2012-08-29 02:00:00+00:00,23.0,22.280922991912874,32.17313796916062,19.48945560740139,51.66259357656201,0.03673683763077765,SCENARIO: ESIF training-window mean IT; not Forest City IT,SCENARIO_INPUT + TRANSFERRED_MODEL_OUTPUT
2012-08-29 03:00:00+00:00,23.0,22.280922991912874,32.17313796916062,19.48945560740139,51.66259357656201,0.03673683763077765,SCENARIO: ESIF training-window mean IT; not Forest City IT,SCENARIO_INPUT + TRANSFERRED_MODEL_OUTPUT
2012-08-29 06:00:00+00:00,22.0,21.64415849759514,31.46815212045386,19.48945560740139,50.95760772785525,0.036235528097845374,SCENARIO: ESIF training-window mean IT; not Forest City IT,SCENARIO_INPUT + TRANSFERRED_MODEL_OUTPUT
2012-08-29 07:00:00+00:00,22.0,21.292732611538987,30.704229682398164,19.48945560740139,50.193685289799554,0.035692309249806514,SCENARIO: ESIF training-window mean IT; not Forest City IT,SCENARIO_INPUT + TRANSFERRED_MODEL_OUTPUT
2012-08-29 08:00:00+00:00,22.0,21.292732611538987,30.704229682398164,19.48945560740139,50.193685289799554,0.035692309249806514,SCENARIO: ESIF training-window mean IT; not Forest City IT,SCENARIO_INPUT + TRANSFERRED_MODEL_OUTPUT
2012-08-29 09:00:00+00:00,22.0,21.292732611538987,30.704229682398164,19.48945560740139,50.193685289799554,0.035692309249806514,SCENARIO: ESIF training-window mean IT; not Forest City IT,SCENARIO_INPUT + TRANSFERRED_MODEL_OUTPUT
2012-08-29 10:00:00+00:00,22.0,21.292732611538987,30.704229682398164,19.48945560740139,50.193685289799554,0.035692309249806514,SCENARIO: ESIF training-window mean IT; not Forest City IT,SCENARIO_INPUT + TRANSFERRED_MODEL_OUTPUT
2012-08-29 11:00:00+00:00,22.0,21.292732611538955,30.704229682398093,19.48945560740139,50.19368528979948,0.03569230924980646,SCENARIO: ESIF training-window mean IT; not Forest City IT,SCENARIO_INPUT + TRANSFERRED_MODEL_OUTPUT
2012-08-29 12:00:00+00:00,22.0,21.292732611538987,30.704229682398164,19.48945560740139,50.193685289799554,0.035692309249806514,SCENARIO: ESIF training-window mean IT; not Forest City IT,SCENARIO_INPUT + TRANSFERRED_MODEL_OUTPUT
2012-08-29 13:00:00+00:00,23.0,21.581953531414964,30.631620076471204,19.48945560740139,50.12107568387259,0.03564067716711944,SCENARIO: ESIF training-window mean IT; not Forest City IT,SCENARIO_INPUT + TRANSFERRED_MODEL_OUTPUT
2012-08-29 14:00:00+00:00,25.0,22.15033685938608,30.4685188282162,19.48945560740139,49.95797443561759,0.03552469723541815,SCENARIO: ESIF training-window mean IT; not Forest City IT,SCENARIO_INPUT + TRANSFERRED_MODEL_OUTPUT
2012-08-29 15:00:00+00:00,26.666666666666668,22.615682675687303,30.31782556561486,19.48945560740139,49.80728117301625,0.035417540518401354,SCENARIO: ESIF training-window mean IT; not Forest City IT,SCENARIO_INPUT + TRANSFERRED_MODEL_OUTPUT
2012-08-29 16:00:00+00:00,28.0,22.76343656018829,29.68981105427598,19.48945560740139,49.179266661677374,0.03497096465885536,SCENARIO: ESIF training-window mean IT; not Forest City IT,SCENARIO_INPUT + TRANSFERRED_MODEL_OUTPUT
2012-08-29 17:00:00+00:00,23.5,21.725246184947398,30.592984352709188,19.48945560740139,50.08243996011058,0.03561320362751696,SCENARIO: ESIF training-window mean IT; not Forest City IT,SCENARIO_INPUT + TRANSFERRED_MODEL_OUTPUT
2012-08-29 18:00:00+00:00,23.0,21.812574104059962,31.136544090093793,19.48945560740139,50.62599969749518,0.03599972440459203,SCENARIO: ESIF training-window mean IT; not Forest City IT,SCENARIO_INPUT + TRANSFERRED_MODEL_OUTPUT
2012-08-29 19:00:00+00:00,24.666666666666668,22.05543085442958,30.494956171374753,19.48945560740139,49.98441177877614,0.035543496608731955,SCENARIO: ESIF training-window mean IT; not Forest City IT,SCENARIO_INPUT + TRANSFERRED_MODEL_OUTPUT
2012-08-29 20:00:00+00:00,26.333333333333332,22.080966279800133,29.362528976960423,19.48945560740139,48.851984584361816,0.034738237114583174,SCENARIO: ESIF training-window mean IT; not Forest City IT,SCENARIO_INPUT + TRANSFERRED_MODEL_OUTPUT
2012-08-29 21:00:00+00:00,26.0,22.65258508530364,30.878925666917638,19.48945560740139,50.36838127431903,0.0358165341013624,SCENARIO: ESIF training-window mean IT; not Forest City IT,SCENARIO_INPUT + TRANSFERRED_MODEL_OUTPUT
2012-08-29 22:00:00+00:00,25.5,22.970401728899837,31.95617797426307,19.48945560740139,51.44563358166446,0.0365825591953926,SCENARIO: ESIF training-window mean IT; not Forest City IT,SCENARIO_INPUT + TRANSFERRED_MODEL_OUTPUT
2012-08-29 23:00:00+00:00,25.0,22.834779078925163,32.00423994585561,19.48945560740139,51.493695553257,0.036616735660884865,SCENARIO: ESIF training-window mean IT; not Forest City IT,SCENARIO_INPUT + TRANSFERRED_MODEL_OUTPUT
2012-08-30 00:00:00+00:00,24.666666666666668,22.74337294224949,32.03415124126897,19.48945560740139,51.52360684867036,0.03663800533255356,SCENARIO: ESIF training-window mean IT; not Forest City IT,SCENARIO_INPUT + TRANSFERRED_MODEL_OUTPUT
2012-08-30 01:00:00+00:00,23.666666666666668,22.70360065587167,32.65203283753405,19.48945560740139,52.14148844493544,0.03707737576105125,SCENARIO: ESIF training-window mean IT; not Forest City IT,SCENARIO_INPUT + TRANSFERRED_MODEL_OUTPUT
2012-08-30 02:00:00+00:00,23.0,22.281899335440492,32.17531455945802,19.48945560740139,51.66477016685941,0.036738385385909726,SCENARIO: ESIF training-window mean IT; not Forest City IT,SCENARIO_INPUT + TRANSFERRED_MODEL_OUTPUT
2012-08-30 03:00:00+00:00,22.333333333333332,21.8572351372795,31.702347363371473,19.48945560740139,51.19180297077286,0.036402062373756525,SCENARIO: ESIF training-window mean IT; not Forest City IT,SCENARIO_INPUT + TRANSFERRED_MODEL_OUTPUT
2012-08-30 06:00:00+00:00,22.0,21.292732611538987,30.704229682398164,19.48945560740139,50.193685289799554,0.035692309249806514,SCENARIO: ESIF training-window mean IT; not Forest City IT,SCENARIO_INPUT + TRANSFERRED_MODEL_OUTPUT
2012-08-30 07:00:00+00:00,22.0,21.292732611538955,30.704229682398093,19.48945560740139,50.19368528979948,0.03569230924980646,SCENARIO: ESIF training-window mean IT; not Forest City IT,SCENARIO_INPUT + TRANSFERRED_MODEL_OUTPUT
2012-08-30 08:00:00+00:00,21.666666666666668,21.195165483607855,30.72626258567029,19.48945560740139,50.21571819307168,0.035707976662803176,SCENARIO: ESIF training-window mean IT; not Forest City IT,SCENARIO_INPUT + TRANSFERRED_MODEL_OUTPUT
2012-08-30 09:00:00+00:00,21.0,21.0,30.770802646105,19.48945560740139,50.26025825350639,0.03573964872676625,SCENARIO: ESIF training-window mean IT; not Forest City IT,SCENARIO_INPUT + TRANSFERRED_MODEL_OUTPUT
2012-08-30 10:00:00+00:00,21.0,21.0,30.770802646105,19.48945560740139,50.26025825350639,0.03573964872676625,SCENARIO: ESIF training-window mean IT; not Forest City IT,SCENARIO_INPUT + TRANSFERRED_MODEL_OUTPUT
2012-08-30 11:00:00+00:00,21.0,21.0,30.770802646105,19.48945560740139,50.26025825350639,0.03573964872676625,SCENARIO: ESIF training-window mean IT; not Forest City IT,SCENARIO_INPUT + TRANSFERRED_MODEL_OUTPUT
2012-08-30 12:00:00+00:00,21.666666666666668,21.19581627889158,30.727665133505162,19.48945560740139,50.21712074090655,0.03570897400282256,SCENARIO: ESIF training-window mean IT; not Forest City IT,SCENARIO_INPUT + TRANSFERRED_MODEL_OUTPUT
2012-08-30 13:00:00+00:00,22.0,22.0,32.250271422355496,19.48945560740139,51.739727029756885,0.03679168658337082,SCENARIO: ESIF training-window mean IT; not Forest City IT,SCENARIO_INPUT + TRANSFERRED_MODEL_OUTPUT
2012-08-30 14:00:00+00:00,22.666666666666668,22.18859468110318,32.201638061354615,19.48945560740139,51.691093668756004,0.03675710380765553,SCENARIO: ESIF training-window mean IT; not Forest City IT,SCENARIO_INPUT + TRANSFERRED_MODEL_OUTPUT
2012-08-30 15:00:00+00:00,24.333333333333332,22.887690529944617,32.59753570842202,19.48945560740139,52.08699131582341,0.03703862330893974,SCENARIO: ESIF training-window mean IT; not Forest City IT,SCENARIO_INPUT + TRANSFERRED_MODEL_OUTPUT
2012-08-30 16:00:00+00:00,26.0,22.88368103890273,31.401799975416484,19.48945560740139,50.89125558281788,0.0361883456431922,SCENARIO: ESIF training-window mean IT; not Forest City IT,SCENARIO_INPUT + TRANSFERRED_MODEL_OUTPUT
2012-08-30 17:00:00+00:00,26.666666666666668,23.065249556637582,31.33723092621372,19.48945560740139,50.82668653361511,0.036142431133054015,SCENARIO: ESIF training-window mean IT; not Forest City IT,SCENARIO_INPUT + TRANSFERRED_MODEL_OUTPUT
2012-08-30 18:00:00+00:00,27.0,23.15579211725863,31.304532762019726,19.48945560740139,50.793988369421115,0.03611917974233475,SCENARIO: ESIF training-window mean IT; not Forest City IT,SCENARIO_INPUT + TRANSFERRED_MODEL_OUTPUT
2012-08-30 19:00:00+00:00,27.0,23.380100844416162,31.819710868096116,19.48945560740139,51.309166475497506,0.03648551857907573,SCENARIO: ESIF training-window mean IT; not Forest City IT,SCENARIO_INPUT + TRANSFERRED_MODEL_OUTPUT
2012-08-30 20:00:00+00:00,27.333333333333332,23.0225124659347,30.75990600267258,19.48945560740139,50.24936161007397,0.03573190021487816,SCENARIO: ESIF training-window mean IT; not Forest City IT,SCENARIO_INPUT + TRANSFERRED_MODEL_OUTPUT
2012-08-31 12:00:00+00:00,22.333333333333332,22.094790908937455,32.226980009499805,19.48945560740139,51.716435616901194,0.036775124254749,SCENARIO: ESIF training-window mean IT; not Forest City IT,SCENARIO_INPUT + TRANSFERRED_MODEL_OUTPUT
2012-08-31 13:00:00+00:00,23.5,22.423178088760526,32.13902269102968,19.48945560740139,51.62847829843107,0.036712578542205804,SCENARIO: ESIF training-window mean IT; not Forest City IT,SCENARIO_INPUT + TRANSFERRED_MODEL_OUTPUT
2012-08-31 14:00:00+00:00,26.0,22.661129495023786,30.89819315704643,19.48945560740139,50.38764876444782,0.0358302350522325,SCENARIO: ESIF training-window mean IT; not Forest City IT,SCENARIO_INPUT + TRANSFERRED_MODEL_OUTPUT
2012-08-31 15:00:00+00:00,27.666666666666668,22.89964861717021,30.239679464808603,19.48945560740139,49.72913507220999,0.0353619714805724,SCENARIO: ESIF training-window mean IT; not Forest City IT,SCENARIO_INPUT + TRANSFERRED_MODEL_OUTPUT
2012-08-31 16:00:00+00:00,29.333333333333332,22.71756084407476,28.617051924902658,19.48945560740139,48.10650753230405,0.03420813462605187,SCENARIO: ESIF training-window mean IT; not Forest City IT,SCENARIO_INPUT + TRANSFERRED_MODEL_OUTPUT
2012-08-31 17:00:00+00:00,30.5,23.03675409353299,28.48754509198998,19.48945560740139,47.97700069939137,0.03411604340175554,SCENARIO: ESIF training-window mean IT; not Forest City IT,SCENARIO_INPUT + TRANSFERRED_MODEL_OUTPUT
2012-08-31 18:00:00+00:00,31.333333333333332,23.260667627799037,28.386403939505357,19.48945560740139,47.875859546906746,0.034044122775256,SCENARIO: ESIF training-window mean IT; not Forest City IT,SCENARIO_INPUT + TRANSFERRED_MODEL_OUTPUT
2012-08-31 19:00:00+00:00,32.0,23.438129877723632,28.301990529260635,19.48945560740139,47.791446136662024,0.03398409710617253,SCENARIO: ESIF training-window mean IT; not Forest City IT,SCENARIO_INPUT + TRANSFERRED_MODEL_OUTPUT
2012-08-31 20:00:00+00:00,32.0,22.258663238406974,25.626878116718892,19.48945560740139,45.11633372412028,0.03208184707302265,SCENARIO: ESIF training-window mean IT; not Forest City IT,SCENARIO_INPUT + TRANSFERRED_MODEL_OUTPUT
2012-08-31 21:00:00+00:00,32.0,22.25780862273284,25.624974251083273,19.48945560740139,45.11442985848466,0.03208049325011357,SCENARIO: ESIF training-window mean IT; not Forest City IT,SCENARIO_INPUT + TRANSFERRED_MODEL_OUTPUT
2012-08-31 22:00:00+00:00,31.0,23.580159943194783,29.369309603100863,19.48945560740139,48.858765210502256,0.03474305876104557,SCENARIO: ESIF training-window mean IT; not Forest City IT,SCENARIO_INPUT + TRANSFERRED_MODEL_OUTPUT
2012-08-31 23:00:00+00:00,29.0,23.256561624213205,30.087617199186948,19.48945560740139,49.57707280658833,0.03525384127697292,SCENARIO: ESIF training-window mean IT; not Forest City IT,SCENARIO_INPUT + TRANSFERRED_MODEL_OUTPUT
