timestamp_utc,t_db_C,t_wb_C,esif_cooling_kw,esif_hvac_kw,overhead_kw,overhead_per_it,it_provenance,evidence_class
2012-06-21 17:00:00+00:00,29.4,21.675760455810902,26.251919898379516,19.48945560740139,45.74137550578091,0.03252630904939032,SCENARIO: ESIF training-window mean IT; not Forest City IT,SCENARIO_INPUT + TRANSFERRED_MODEL_OUTPUT
2012-06-21 18:00:00+00:00,30.0,21.69790538306504,25.861693971022724,19.48945560740139,45.35114957842411,0.03224882266049307,SCENARIO: ESIF training-window mean IT; not Forest City IT,SCENARIO_INPUT + TRANSFERRED_MODEL_OUTPUT
2012-06-21 19:00:00+00:00,28.9,21.52978118603633,26.297668699905937,19.48945560740139,45.78712430730732,0.03255884063902079,SCENARIO: ESIF training-window mean IT; not Forest City IT,SCENARIO_INPUT + TRANSFERRED_MODEL_OUTPUT
2012-06-21 20:00:00+00:00,32.8,22.334002420965,25.200846583383928,19.48945560740139,44.69030219078532,0.031778899617577475,SCENARIO: ESIF training-window mean IT; not Forest City IT,SCENARIO_INPUT + TRANSFERRED_MODEL_OUTPUT
2012-06-21 21:00:00+00:00,31.95,22.097548858428176,25.30587762611107,19.48945560740139,44.79533323351246,0.03185358631245159,SCENARIO: ESIF training-window mean IT; not Forest City IT,SCENARIO_INPUT + TRANSFERRED_MODEL_OUTPUT
2012-06-21 22:00:00+00:00,30.6,22.007694069340666,26.103024512116207,19.48945560740139,45.592480119517596,0.032420430787180717,SCENARIO: ESIF training-window mean IT; not Forest City IT,SCENARIO_INPUT + TRANSFERRED_MODEL_OUTPUT
2012-06-21 23:00:00+00:00,27.8,21.888221824443256,27.880722265366213,19.48945560740139,47.3701778727676,0.03368453677173531,SCENARIO: ESIF training-window mean IT; not Forest City IT,SCENARIO_INPUT + TRANSFERRED_MODEL_OUTPUT
2012-06-22 00:00:00+00:00,27.5,21.12404124644486,26.434339778048944,19.48945560740139,45.92379538545033,0.03265602629810162,SCENARIO: ESIF training-window mean IT; not Forest City IT,SCENARIO_INPUT + TRANSFERRED_MODEL_OUTPUT
2012-06-22 01:00:00+00:00,26.1,20.71361341271676,26.56401809143722,19.48945560740139,46.05347369883861,0.03274823946072804,SCENARIO: ESIF training-window mean IT; not Forest City IT,SCENARIO_INPUT + TRANSFERRED_MODEL_OUTPUT
2012-06-22 02:00:00+00:00,25.0,20.76539379819136,27.458959009208282,19.48945560740139,46.94841461660967,0.03338462445244495,SCENARIO: ESIF training-window mean IT; not Forest City IT,SCENARIO_INPUT + TRANSFERRED_MODEL_OUTPUT
2012-06-22 03:00:00+00:00,24.7,20.677273182514952,27.485094483994903,19.48945560740139,46.974550091396296,0.033403209169687545,SCENARIO: ESIF training-window mean IT; not Forest City IT,SCENARIO_INPUT + TRANSFERRED_MODEL_OUTPUT
2012-06-22 04:00:00+00:00,24.4,20.911348808647602,28.195952240425555,19.48945560740139,47.685407847826944,0.03390869416702649,SCENARIO: ESIF training-window mean IT; not Forest City IT,SCENARIO_INPUT + TRANSFERRED_MODEL_OUTPUT
2012-06-22 05:00:00+00:00,24.4,20.910738637910157,28.19464910291159,19.48945560740139,47.68410471031298,0.03390776751685377,SCENARIO: ESIF training-window mean IT; not Forest City IT,SCENARIO_INPUT + TRANSFERRED_MODEL_OUTPUT
2012-06-22 06:00:00+00:00,23.85,20.74901599924989,28.239320768947927,19.48945560740139,47.728776376349316,0.03393953316445799,SCENARIO: ESIF training-window mean IT; not Forest City IT,SCENARIO_INPUT + TRANSFERRED_MODEL_OUTPUT
2012-06-22 07:00:00+00:00,22.2,20.2563763014401,28.36075463532845,19.48945560740139,47.850210242729844,0.034025883769862424,SCENARIO: ESIF training-window mean IT; not Forest City IT,SCENARIO_INPUT + TRANSFERRED_MODEL_OUTPUT
2012-06-22 08:00:00+00:00,22.8,20.107061132537556,27.628885657376845,19.48945560740139,47.11834126477824,0.03350545786886373,SCENARIO: ESIF training-window mean IT; not Forest City IT,SCENARIO_INPUT + TRANSFERRED_MODEL_OUTPUT
2012-06-22 09:00:00+00:00,22.5,20.016015675798393,27.650124889157343,19.48945560740139,47.139580496558736,0.0335205609087095,SCENARIO: ESIF training-window mean IT; not Forest City IT,SCENARIO_INPUT + TRANSFERRED_MODEL_OUTPUT
2012-06-22 10:00:00+00:00,21.1,19.588050458001117,27.74538294147903,19.48945560740139,47.23483854888042,0.033588298111952686,SCENARIO: ESIF training-window mean IT; not Forest City IT,SCENARIO_INPUT + TRANSFERRED_MODEL_OUTPUT
2012-06-22 11:00:00+00:00,22.2,20.2563763014401,28.36075463532845,19.48945560740139,47.850210242729844,0.034025883769862424,SCENARIO: ESIF training-window mean IT; not Forest City IT,SCENARIO_INPUT + TRANSFERRED_MODEL_OUTPUT
2012-06-22 12:00:00+00:00,24.15,20.8364166215334,28.21316203225583,19.48945560740139,47.70261763965722,0.03392093190586923,SCENARIO: ESIF training-window mean IT; not Forest City IT,SCENARIO_INPUT + TRANSFERRED_MODEL_OUTPUT
2012-06-22 13:00:00+00:00,28.3,22.028504375450453,27.828273036202603,19.48945560740139,47.31772864360399,0.03364724056412646,SCENARIO: ESIF training-window mean IT; not Forest City IT,SCENARIO_INPUT + TRANSFERRED_MODEL_OUTPUT
2012-06-22 14:00:00+00:00,30.0,21.545208289125142,25.52816664071382,19.48945560740139,45.01762224811521,0.03201165416911978,SCENARIO: ESIF training-window mean IT; not Forest City IT,SCENARIO_INPUT + TRANSFERRED_MODEL_OUTPUT
2012-06-22 15:00:00+00:00,30.55,21.702032434038404,25.46725595392582,19.48945560740139,44.95671156132721,0.031968341089856855,SCENARIO: ESIF training-window mean IT; not Forest City IT,SCENARIO_INPUT + TRANSFERRED_MODEL_OUTPUT
2012-06-22 16:00:00+00:00,31.1,22.146372801703965,26.042236933022245,19.48945560740139,45.531692540423634,0.032377205248768026,SCENARIO: ESIF training-window mean IT; not Forest City IT,SCENARIO_INPUT + TRANSFERRED_MODEL_OUTPUT
2012-06-22 17:00:00+00:00,32.8,22.328508218639946,25.18857949040893,19.48945560740139,44.67803509781032,0.03177017659049684,SCENARIO: ESIF training-window mean IT; not Forest City IT,SCENARIO_INPUT + TRANSFERRED_MODEL_OUTPUT
2012-06-22 18:00:00+00:00,32.8,22.159455348997824,24.812137488266956,19.48945560740139,44.301593095668345,0.03150249183538287,SCENARIO: ESIF training-window mean IT; not Forest City IT,SCENARIO_INPUT + TRANSFERRED_MODEL_OUTPUT
2012-06-22 19:00:00+00:00,31.1,21.51252007481882,24.648745761234157,19.48945560740139,44.13820136863555,0.031386305346655374,SCENARIO: ESIF training-window mean IT; not Forest City IT,SCENARIO_INPUT + TRANSFERRED_MODEL_OUTPUT
2012-06-22 20:00:00+00:00,27.2,21.034795949194198,26.459077183497254,19.48945560740139,45.94853279089864,0.03267361685994622,SCENARIO: ESIF training-window mean IT; not Forest City IT,SCENARIO_INPUT + TRANSFERRED_MODEL_OUTPUT
2012-06-22 21:00:00+00:00,26.4,20.646768410150084,26.20734342930532,19.48945560740139,45.69679903670671,0.03249461109554862,SCENARIO: ESIF training-window mean IT; not Forest City IT,SCENARIO_INPUT + TRANSFERRED_MODEL_OUTPUT
2012-06-22 22:00:00+00:00,26.1,20.71075768067437,26.557957926602256,19.48945560740139,46.047413534003645,0.032743930128266284,SCENARIO: ESIF training-window mean IT; not Forest City IT,SCENARIO_INPUT + TRANSFERRED_MODEL_OUTPUT
2012-06-22 23:00:00+00:00,25.0,21.083667902327644,28.138988166154547,19.48945560740139,47.62844377355594,0.033868187490872496,SCENARIO: ESIF training-window mean IT; not Forest City IT,SCENARIO_INPUT + TRANSFERRED_MODEL_OUTPUT
2012-06-23 00:00:00+00:00,24.7,20.99613383766524,28.16446335735683,19.48945560740139,47.65391896475822,0.033886302685987975,SCENARIO: ESIF training-window mean IT; not Forest City IT,SCENARIO_INPUT + TRANSFERRED_MODEL_OUTPUT
2012-06-23 01:00:00+00:00,23.9,20.76196648320429,28.231515656500292,19.48945560740139,47.72097126390168,0.03393398301436238,SCENARIO: ESIF training-window mean IT; not Forest City IT,SCENARIO_INPUT + TRANSFERRED_MODEL_OUTPUT
2012-06-23 02:00:00+00:00,22.8,20.436474132251824,28.31802176197388,19.48945560740139,47.80747736937527,0.03399549678149729,SCENARIO: ESIF training-window mean IT; not Forest City IT,SCENARIO_INPUT + TRANSFERRED_MODEL_OUTPUT
2012-06-23 03:00:00+00:00,22.8,20.635902642406414,28.738831860690766,19.48945560740139,48.228287468092155,0.03429473131851378,SCENARIO: ESIF training-window mean IT; not Forest City IT,SCENARIO_INPUT + TRANSFERRED_MODEL_OUTPUT
2012-06-23 04:00:00+00:00,21.7,20.10574859584731,28.395758495071206,19.48945560740139,47.885214102472595,0.03405077472137678,SCENARIO: ESIF training-window mean IT; not Forest City IT,SCENARIO_INPUT + TRANSFERRED_MODEL_OUTPUT
2012-06-23 05:00:00+00:00,21.1,19.923137427006495,28.434570758203247,19.48945560740139,47.92402636560463,0.034078373796646806,SCENARIO: ESIF training-window mean IT; not Forest City IT,SCENARIO_INPUT + TRANSFERRED_MODEL_OUTPUT
2012-06-23 06:00:00+00:00,20.85,19.846929031776977,28.450717121029474,19.48945560740139,47.940172728430866,0.03408985534003072,SCENARIO: ESIF training-window mean IT; not Forest City IT,SCENARIO_INPUT + TRANSFERRED_MODEL_OUTPUT
2012-06-23 07:00:00+00:00,20.6,19.770471047336407,28.466482309063682,19.48945560740139,47.955937916465075,0.03410106583321228,SCENARIO: ESIF training-window mean IT; not Forest City IT,SCENARIO_INPUT + TRANSFERRED_MODEL_OUTPUT
2012-06-23 08:00:00+00:00,20.6,19.770471047336407,28.466482309063682,19.48945560740139,47.955937916465075,0.03410106583321228,SCENARIO: ESIF training-window mean IT; not Forest City IT,SCENARIO_INPUT + TRANSFERRED_MODEL_OUTPUT
2012-06-23 09:00:00+00:00,20.3,19.67852383906763,28.485173339931446,19.48945560740139,47.97462894733283,0.03411435686872955,SCENARIO: ESIF training-window mean IT; not Forest City IT,SCENARIO_INPUT + TRANSFERRED_MODEL_OUTPUT
2012-06-23 10:00:00+00:00,20.6,19.770471047336407,28.466482309063682,19.48945560740139,47.955937916465075,0.03410106583321228,SCENARIO: ESIF training-window mean IT; not Forest City IT,SCENARIO_INPUT + TRANSFERRED_MODEL_OUTPUT
2012-06-23 11:00:00+00:00,22.8,21.245310410385606,30.04157089810151,19.48945560740139,49.5310265055029,0.03522109813789751,SCENARIO: ESIF training-window mean IT; not Forest City IT,SCENARIO_INPUT + TRANSFERRED_MODEL_OUTPUT
2012-06-23 12:00:00+00:00,23.9,21.36021593402747,29.515326520828125,19.48945560740139,49.004782128229515,0.034846890168385644,SCENARIO: ESIF training-window mean IT; not Forest City IT,SCENARIO_INPUT + TRANSFERRED_MODEL_OUTPUT
2012-06-23 13:00:00+00:00,27.2,21.719529126063712,27.943265388522576,19.48945560740139,47.432720995923965,0.033729010662828525,SCENARIO: ESIF training-window mean IT; not Forest City IT,SCENARIO_INPUT + TRANSFERRED_MODEL_OUTPUT
2012-06-23 14:00:00+00:00,28.3,22.030133970259996,27.831877868228716,19.48945560740139,47.321333475630105,0.03364980392999065,SCENARIO: ESIF training-window mean IT; not Forest City IT,SCENARIO_INPUT + TRANSFERRED_MODEL_OUTPUT
2012-06-23 15:00:00+00:00,29.450000000000003,22.197790772690013,27.366904179721388,19.48945560740139,46.85635978712278,0.03331916503413338,SCENARIO: ESIF training-window mean IT; not Forest City IT,SCENARIO_INPUT + TRANSFERRED_MODEL_OUTPUT
2012-06-23 16:00:00+00:00,31.7,22.667480347615694,26.76541616690284,19.48945560740139,46.25487177430423,0.032891451945532287,SCENARIO: ESIF training-window mean IT; not Forest City IT,SCENARIO_INPUT + TRANSFERRED_MODEL_OUTPUT
2012-06-23 17:00:00+00:00,31.1,22.502426348282164,26.837043043194488,19.48945560740139,46.32649865059588,0.032942385217405806,SCENARIO: ESIF training-window mean IT; not Forest City IT,SCENARIO_INPUT + TRANSFERRED_MODEL_OUTPUT
2012-06-23 18:00:00+00:00,31.4,22.406930191365692,26.401705668712246,19.48945560740139,45.891161276113635,0.03263282045625493,SCENARIO: ESIF training-window mean IT; not Forest City IT,SCENARIO_INPUT + TRANSFERRED_MODEL_OUTPUT
2012-06-23 19:00:00+00:00,30.6,23.033265960789027,28.406113927211095,19.48945560740139,47.895569534612484,0.03405813838244725,SCENARIO: ESIF training-window mean IT; not Forest City IT,SCENARIO_INPUT + TRANSFERRED_MODEL_OUTPUT
2012-06-23 20:00:00+00:00,25.0,22.6231390955264,31.525952925882947,19.48945560740139,51.01540853328434,0.036276629766518464,SCENARIO: ESIF training-window mean IT; not Forest City IT,SCENARIO_INPUT + TRANSFERRED_MODEL_OUTPUT
2012-06-23 21:00:00+00:00,26.1,23.301295159741542,32.284371394509876,19.48945560740139,51.773827001911265,0.036815934787990924,SCENARIO: ESIF training-window mean IT; not Forest City IT,SCENARIO_INPUT + TRANSFERRED_MODEL_OUTPUT
2012-06-23 22:00:00+00:00,25.6,22.044274452507935,29.805879264160392,19.48945560740139,49.29533487156178,0.03505349979086145,SCENARIO: ESIF training-window mean IT; not Forest City IT,SCENARIO_INPUT + TRANSFERRED_MODEL_OUTPUT
2012-06-23 23:00:00+00:00,25.0,20.38747332554086,26.660477360819144,19.48945560740139,46.14993296822053,0.03281683083936287,SCENARIO: ESIF training-window mean IT; not Forest City IT,SCENARIO_INPUT + TRANSFERRED_MODEL_OUTPUT
2012-06-24 00:00:00+00:00,23.9,20.406894065482845,27.481114047467734,19.48945560740139,46.970569654869124,0.03340037871460825,SCENARIO: ESIF training-window mean IT; not Forest City IT,SCENARIO_INPUT + TRANSFERRED_MODEL_OUTPUT
2012-06-24 01:00:00+00:00,23.9,20.764163024295755,28.23618458482703,19.48945560740139,47.72564019222842,0.03393730305019439,SCENARIO: ESIF training-window mean IT; not Forest City IT,SCENARIO_INPUT + TRANSFERRED_MODEL_OUTPUT
2012-06-24 02:00:00+00:00,22.8,20.43813362031063,28.321512201894862,19.48945560740139,47.81096780929625,0.03399797880409352,SCENARIO: ESIF training-window mean IT; not Forest City IT,SCENARIO_INPUT + TRANSFERRED_MODEL_OUTPUT
2012-06-24 03:00:00+00:00,22.8,20.43813362031063,28.321512201894862,19.48945560740139,47.81096780929625,0.03399797880409352,SCENARIO: ESIF training-window mean IT; not Forest City IT,SCENARIO_INPUT + TRANSFERRED_MODEL_OUTPUT
2012-06-24 04:00:00+00:00,21.7,20.10687111047794,28.39809411911785,19.48945560740139,47.88754972651924,0.03405243556407606,SCENARIO: ESIF training-window mean IT; not Forest City IT,SCENARIO_INPUT + TRANSFERRED_MODEL_OUTPUT
2012-06-24 05:00:00+00:00,22.8,20.838461914012097,29.169029985370383,19.48945560740139,48.65848559277177,0.03460064160216996,SCENARIO: ESIF training-window mean IT; not Forest City IT,SCENARIO_INPUT + TRANSFERRED_MODEL_OUTPUT
2012-06-24 06:00:00+00:00,22.5,20.75049176240755,29.192253023594084,19.48945560740139,48.68170863099547,0.0346171553101636,SCENARIO: ESIF training-window mean IT; not Forest City IT,SCENARIO_INPUT + TRANSFERRED_MODEL_OUTPUT
2012-06-24 07:00:00+00:00,22.2,20.661000000526872,29.212400312273665,19.48945560740139,48.701855919675054,0.03463148187841506,SCENARIO: ESIF training-window mean IT; not Forest City IT,SCENARIO_INPUT + TRANSFERRED_MODEL_OUTPUT
2012-06-24 08:00:00+00:00,21.7,20.512263549744397,29.247227204818294,19.48945560740139,48.736682812219684,0.03465624699003689,SCENARIO: ESIF training-window mean IT; not Forest City IT,SCENARIO_INPUT + TRANSFERRED_MODEL_OUTPUT
2012-06-24 09:00:00+00:00,21.7,20.512263549744397,29.247227204818294,19.48945560740139,48.736682812219684,0.03465624699003689,SCENARIO: ESIF training-window mean IT; not Forest City IT,SCENARIO_INPUT + TRANSFERRED_MODEL_OUTPUT
2012-06-24 10:00:00+00:00,21.7,20.512263549744397,29.247227204818294,19.48945560740139,48.736682812219684,0.03465624699003689,SCENARIO: ESIF training-window mean IT; not Forest City IT,SCENARIO_INPUT + TRANSFERRED_MODEL_OUTPUT
2012-06-24 11:00:00+00:00,22.8,21.2463842764465,30.04388891300399,19.48945560740139,49.53334452040538,0.035222746458881855,SCENARIO: ESIF training-window mean IT; not Forest City IT,SCENARIO_INPUT + TRANSFERRED_MODEL_OUTPUT
2012-06-24 12:00:00+00:00,23.6,21.64777644763706,30.352913947223925,19.48945560740139,49.842369554625314,0.03544249157270699,SCENARIO: ESIF training-window mean IT; not Forest City IT,SCENARIO_INPUT + TRANSFERRED_MODEL_OUTPUT
2012-06-24 13:00:00+00:00,26.7,22.684333515976782,30.44865333349721,19.48945560740139,49.9381089408986,0.03551057104849211,SCENARIO: ESIF training-window mean IT; not Forest City IT,SCENARIO_INPUT + TRANSFERRED_MODEL_OUTPUT
2012-06-24 14:00:00+00:00,28.3,22.79399496851175,29.541594087981046,19.48945560740139,49.031049695382436,0.03486556881540367,SCENARIO: ESIF training-window mean IT; not Forest City IT,SCENARIO_INPUT + TRANSFERRED_MODEL_OUTPUT
2012-06-24 15:00:00+00:00,29.15,23.023548115377757,29.445205695536114,19.48945560740139,48.9346613029375,0.03479702783676516,SCENARIO: ESIF training-window mean IT; not Forest City IT,SCENARIO_INPUT + TRANSFERRED_MODEL_OUTPUT
2012-06-24 16:00:00+00:00,30.6,22.66682449542637,27.574957904474147,19.48945560740139,47.064413511875536,0.03346711029540629,SCENARIO: ESIF training-window mean IT; not Forest City IT,SCENARIO_INPUT + TRANSFERRED_MODEL_OUTPUT
2012-06-24 17:00:00+00:00,31.1,23.16792199009828,28.345832215710274,19.48945560740139,47.83528782311166,0.03401527256224353,SCENARIO: ESIF training-window mean IT; not Forest City IT,SCENARIO_INPUT + TRANSFERRED_MODEL_OUTPUT
2012-06-24 18:00:00+00:00,31.95,23.21147178325086,27.817575138125832,19.48945560740139,47.30703074552722,0.03363963337839634,SCENARIO: ESIF training-window mean IT; not Forest City IT,SCENARIO_INPUT + TRANSFERRED_MODEL_OUTPUT
2012-06-24 19:00:00+00:00,32.2,22.79968939396631,26.693900118247562,19.48945560740139,46.18335572564895,0.03284059748226284,SCENARIO: ESIF training-window mean IT; not Forest City IT,SCENARIO_INPUT + TRANSFERRED_MODEL_OUTPUT
2012-06-24 20:00:00+00:00,32.8,22.613478884071085,25.827564145645788,19.48945560740139,45.31701975304718,0.03222455322749643,SCENARIO: ESIF training-window mean IT; not Forest City IT,SCENARIO_INPUT + TRANSFERRED_MODEL_OUTPUT
2012-06-24 21:00:00+00:00,30.23333333333333,23.351538414066027,29.404661937603173,19.48945560740139,48.89411754500456,0.03476819751004305,SCENARIO: ESIF training-window mean IT; not Forest City IT,SCENARIO_INPUT + TRANSFERRED_MODEL_OUTPUT
2012-06-24 22:00:00+00:00,25.8,21.031097259381454,27.455814811746755,19.48945560740139,46.945270419148144,0.033382388639961943,SCENARIO: ESIF training-window mean IT; not Forest City IT,SCENARIO_INPUT + TRANSFERRED_MODEL_OUTPUT
2012-06-24 23:00:00+00:00,25.6,21.258586971872766,28.088144285070427,19.48945560740139,47.57759989247182,0.033832032832838574,SCENARIO: ESIF training-window mean IT; not Forest City IT,SCENARIO_INPUT + TRANSFERRED_MODEL_OUTPUT
2012-06-25 00:00:00+00:00,25.0,21.475681816230022,28.986083675728253,19.48945560740139,48.47553928312964,0.03447055001351379,SCENARIO: ESIF training-window mean IT; not Forest City IT,SCENARIO_INPUT + TRANSFERRED_MODEL_OUTPUT
2012-06-25 01:00:00+00:00,25.6,21.64849998567244,28.935332234551836,19.48945560740139,48.424787841953226,0.03443446108872408,SCENARIO: ESIF training-window mean IT; not Forest City IT,SCENARIO_INPUT + TRANSFERRED_MODEL_OUTPUT
2012-06-25 02:00:00+00:00,23.9,20.763064753750022,28.233850079454825,19.48945560740139,47.723305686856214,0.03393564300297513,SCENARIO: ESIF training-window mean IT; not Forest City IT,SCENARIO_INPUT + TRANSFERRED_MODEL_OUTPUT
2012-06-25 03:00:00+00:00,23.233333333333334,20.831426315037305,28.849457923851215,19.48945560740139,48.3389135312526,0.0343733965855611,SCENARIO: ESIF training-window mean IT; not Forest City IT,SCENARIO_INPUT + TRANSFERRED_MODEL_OUTPUT
2012-06-25 04:00:00+00:00,22.9,21.070276545300068,29.594583359774944,19.48945560740139,49.08403896717633,0.034903249042804195,SCENARIO: ESIF training-window mean IT; not Forest City IT,SCENARIO_INPUT + TRANSFERRED_MODEL_OUTPUT
2012-06-25 05:00:00+00:00,22.8,20.837095226615517,29.166118002116097,19.48945560740139,48.65557360951749,0.034598570915264984,SCENARIO: ESIF training-window mean IT; not Forest City IT,SCENARIO_INPUT + TRANSFERRED_MODEL_OUTPUT
2012-06-25 06:00:00+00:00,22.333333333333332,20.835211301801678,29.489227944487048,19.48945560740139,48.97868355188844,0.03482833168931866,SCENARIO: ESIF training-window mean IT; not Forest City IT,SCENARIO_INPUT + TRANSFERRED_MODEL_OUTPUT
2012-06-25 07:00:00+00:00,21.85,20.55564478679888,29.23411390880308,19.48945560740139,48.72356951620447,0.0346469222350611,SCENARIO: ESIF training-window mean IT; not Forest City IT,SCENARIO_INPUT + TRANSFERRED_MODEL_OUTPUT
2012-06-25 08:00:00+00:00,21.55,20.466317874536212,29.254974751336192,19.48945560740139,48.74443035873758,0.034661756205481974,SCENARIO: ESIF training-window mean IT; not Forest City IT,SCENARIO_INPUT + TRANSFERRED_MODEL_OUTPUT
2012-06-25 09:00:00+00:00,21.599999999999998,20.481356758195396,29.251804715650152,19.48945560740139,48.74126032305154,0.0346595020196539,SCENARIO: ESIF training-window mean IT; not Forest City IT,SCENARIO_INPUT + TRANSFERRED_MODEL_OUTPUT
2012-06-25 10:00:00+00:00,21.05,20.316941349025242,29.289064216145515,19.48945560740139,48.7785198235469,0.034685996938416994,SCENARIO: ESIF training-window mean IT; not Forest City IT,SCENARIO_INPUT + TRANSFERRED_MODEL_OUTPUT
2012-06-25 11:00:00+00:00,22.8,21.244773477355203,30.040411920198707,19.48945560740139,49.529867527600096,0.035220273998416984,SCENARIO: ESIF training-window mean IT; not Forest City IT,SCENARIO_INPUT + TRANSFERRED_MODEL_OUTPUT
2012-06-25 12:00:00+00:00,24.200000000000003,21.816015514035293,30.297684921415872,19.48945560740139,49.78714052881726,0.035403218674984395,SCENARIO: ESIF training-window mean IT; not Forest City IT,SCENARIO_INPUT + TRANSFERRED_MODEL_OUTPUT
2012-06-25 13:00:00+00:00,26.35,22.550212804781673,30.39778024640822,19.48945560740139,49.887235853809614,0.03547439562231273,SCENARIO: ESIF training-window mean IT; not Forest City IT,SCENARIO_INPUT + TRANSFERRED_MODEL_OUTPUT
2012-06-25 14:00:00+00:00,26.9,22.700732642956808,30.34189525356735,19.48945560740139,49.83135086096874,0.03543465627192665,SCENARIO: ESIF training-window mean IT; not Forest City IT,SCENARIO_INPUT + TRANSFERRED_MODEL_OUTPUT
2012-06-25 15:00:00+00:00,28.35,22.961259359000337,29.885028410212854,19.48945560740139,49.37448401761424,0.03510978208576472,SCENARIO: ESIF training-window mean IT; not Forest City IT,SCENARIO_INPUT + TRANSFERRED_MODEL_OUTPUT
2012-06-25 16:00:00+00:00,30.0,22.864936561118107,28.463390434093593,19.48945560740139,47.95284604149498,0.03409886722681473,SCENARIO: ESIF training-window mean IT; not Forest City IT,SCENARIO_INPUT + TRANSFERRED_MODEL_OUTPUT
2012-06-25 17:00:00+00:00,30.6,23.02355962730574,28.383979897271708,19.48945560740139,47.8734355046731,0.03404239905912441,SCENARIO: ESIF training-window mean IT; not Forest City IT,SCENARIO_INPUT + TRANSFERRED_MODEL_OUTPUT
2012-06-25 18:00:00+00:00,30.85,23.090091275372288,28.35195233684611,19.48945560740139,47.8414079442475,0.03401962452912871,SCENARIO: ESIF training-window mean IT; not Forest City IT,SCENARIO_INPUT + TRANSFERRED_MODEL_OUTPUT
2012-06-25 19:00:00+00:00,31.7,22.94867757586036,27.402416394723026,19.48945560740139,46.891872002124416,0.033344417472814976,SCENARIO: ESIF training-window mean IT; not Forest City IT,SCENARIO_INPUT + TRANSFERRED_MODEL_OUTPUT
2012-06-25 20:00:00+00:00,31.1,22.785936383739273,27.4761075147211,19.48945560740139,46.96556312212249,0.0333968186111006,SCENARIO: ESIF training-window mean IT; not Forest City IT,SCENARIO_INPUT + TRANSFERRED_MODEL_OUTPUT
2012-06-25 21:00:00+00:00,30.55,22.636614563334344,27.54358862480564,19.48945560740139,47.03304423220703,0.033444803863344016,SCENARIO: ESIF training-window mean IT; not Forest City IT,SCENARIO_INPUT + TRANSFERRED_MODEL_OUTPUT
2012-06-25 22:00:00+00:00,30.6,22.649732291555615,27.536413632702754,19.48945560740139,47.02586924010414,0.03343970178654845,SCENARIO: ESIF training-window mean IT; not Forest City IT,SCENARIO_INPUT + TRANSFERRED_MODEL_OUTPUT
2012-06-25 23:00:00+00:00,30.0,22.485671898467487,27.60767740158685,19.48945560740139,47.09713300898824,0.03349037685578539,SCENARIO: ESIF training-window mean IT; not Forest City IT,SCENARIO_INPUT + TRANSFERRED_MODEL_OUTPUT
2012-06-26 00:00:00+00:00,28.9,22.36952880215049,28.150706132754735,19.48945560740139,47.640161740156124,0.0338765200387868,SCENARIO: ESIF training-window mean IT; not Forest City IT,SCENARIO_INPUT + TRANSFERRED_MODEL_OUTPUT
2012-06-26 01:00:00+00:00,27.400000000000002,22.275728373244284,29.028230349128815,19.48945560740139,48.5176859565302,0.03450052016000091,SCENARIO: ESIF training-window mean IT; not Forest City IT,SCENARIO_INPUT + TRANSFERRED_MODEL_OUTPUT
2012-06-26 02:00:00+00:00,26.0,22.282851661590918,30.049961728053944,19.48945560740139,49.53941733545533,0.03522706478680555,SCENARIO: ESIF training-window mean IT; not Forest City IT,SCENARIO_INPUT + TRANSFERRED_MODEL_OUTPUT
2012-06-26 03:00:00+00:00,24.099999999999998,20.991050744831583,28.57882011378034,19.48945560740139,48.06827572118173,0.0341809483053448,SCENARIO: ESIF training-window mean IT; not Forest City IT,SCENARIO_INPUT + TRANSFERRED_MODEL_OUTPUT
2012-06-26 04:00:00+00:00,23.9,20.757024265748484,28.221011773123628,19.48945560740139,47.71046738052502,0.033926513790860674,SCENARIO: ESIF training-window mean IT; not Forest City IT,SCENARIO_INPUT + TRANSFERRED_MODEL_OUTPUT
2012-06-26 05:00:00+00:00,23.3,20.98005644969821,29.11990305134612,19.48945560740139,48.60935865874751,0.0345657078508113,SCENARIO: ESIF training-window mean IT; not Forest City IT,SCENARIO_INPUT + TRANSFERRED_MODEL_OUTPUT
2012-06-26 06:00:00+00:00,23.6,20.86776312684744,28.66856527812489,19.48945560740139,48.158020885526284,0.034244765340116536,SCENARIO: ESIF training-window mean IT; not Forest City IT,SCENARIO_INPUT + TRANSFERRED_MODEL_OUTPUT
2012-06-26 07:00:00+00:00,23.3,19.86735227451465,26.780560382261427,19.48945560740139,46.27001598966282,0.032902220870244706,SCENARIO: ESIF training-window mean IT; not Forest City IT,SCENARIO_INPUT + TRANSFERRED_MODEL_OUTPUT
2012-06-26 08:00:00+00:00,22.2,18.831858395583563,25.45147134051711,19.48945560740139,44.9409269479185,0.03195711678345418,SCENARIO: ESIF training-window mean IT; not Forest City IT,SCENARIO_INPUT + TRANSFERRED_MODEL_OUTPUT
2012-06-26 09:00:00+00:00,21.65,17.978737324351908,24.159578237917266,19.48945560740139,43.649033845318655,0.03103846241748244,SCENARIO: ESIF training-window mean IT; not Forest City IT,SCENARIO_INPUT + TRANSFERRED_MODEL_OUTPUT
2012-06-26 10:00:00+00:00,20.0,15.784773410125254,21.22243441561462,19.48945560740139,40.71189002301601,0.028949884043300195,SCENARIO: ESIF training-window mean IT; not Forest City IT,SCENARIO_INPUT + TRANSFERRED_MODEL_OUTPUT
2012-06-26 11:00:00+00:00,21.1,15.31597818229018,19.631252176465743,19.48945560740139,39.12070778386713,0.027818407678801355,SCENARIO: ESIF training-window mean IT; not Forest City IT,SCENARIO_INPUT + TRANSFERRED_MODEL_OUTPUT
2012-06-26 12:00:00+00:00,21.950000000000003,15.621403499399545,19.577882370037457,19.48945560740139,39.06733797743885,0.027780456856409202,SCENARIO: ESIF training-window mean IT; not Forest City IT,SCENARIO_INPUT + TRANSFERRED_MODEL_OUTPUT
2012-06-26 13:00:00+00:00,23.9,16.310034337650848,19.446027546687738,19.48945560740139,38.93548315408913,0.027686695995776937,SCENARIO: ESIF training-window mean IT; not Forest City IT,SCENARIO_INPUT + TRANSFERRED_MODEL_OUTPUT
2012-06-26 14:00:00+00:00,24.4,16.482471795238002,19.407267070306663,19.48945560740139,38.896722677708055,0.027659133745631812,SCENARIO: ESIF training-window mean IT; not Forest City IT,SCENARIO_INPUT + TRANSFERRED_MODEL_OUTPUT
2012-06-26 15:00:00+00:00,25.25,16.627884759339103,19.070591802893038,19.48945560740139,38.56004741029443,0.02741972678254655,SCENARIO: ESIF training-window mean IT; not Forest City IT,SCENARIO_INPUT + TRANSFERRED_MODEL_OUTPUT
2012-06-26 16:00:00+00:00,27.2,16.641586270535072,17.698760590713526,19.48945560740139,37.188216198114915,0.026444229096314716,SCENARIO: ESIF training-window mean IT; not Forest City IT,SCENARIO_INPUT + TRANSFERRED_MODEL_OUTPUT
2012-06-26 17:00:00+00:00,27.8,17.345402383173713,18.58038807698623,19.48945560740139,38.06984368438762,0.027071147018389863,SCENARIO: ESIF training-window mean IT; not Forest City IT,SCENARIO_INPUT + TRANSFERRED_MODEL_OUTPUT
2012-06-26 18:00:00+00:00,28.05,17.04060488628567,17.825955229765526,19.48945560740139,37.315410837166915,0.026534676138920774,SCENARIO: ESIF training-window mean IT; not Forest City IT,SCENARIO_INPUT + TRANSFERRED_MODEL_OUTPUT
2012-06-26 19:00:00+00:00,28.9,16.742288109484125,16.653696795296902,19.48945560740139,36.14315240269829,0.025701092983546225,SCENARIO: ESIF training-window mean IT; not Forest City IT,SCENARIO_INPUT + TRANSFERRED_MODEL_OUTPUT
2012-06-26 20:00:00+00:00,29.4,15.818739512448788,14.60907293532427,19.48945560740139,34.09852854272566,0.024247178079941673,SCENARIO: ESIF training-window mean IT; not Forest City IT,SCENARIO_INPUT + TRANSFERRED_MODEL_OUTPUT
2012-06-26 21:00:00+00:00,29.15,15.934775402470374,14.999315290762084,19.48945560740139,34.48877089816347,0.02452467615070975,SCENARIO: ESIF training-window mean IT; not Forest City IT,SCENARIO_INPUT + TRANSFERRED_MODEL_OUTPUT
2012-06-26 22:00:00+00:00,28.3,16.286988917392094,16.253991497597486,19.48945560740139,35.74344710499888,0.02541686589378574,SCENARIO: ESIF training-window mean IT; not Forest City IT,SCENARIO_INPUT + TRANSFERRED_MODEL_OUTPUT
2012-06-26 23:00:00+00:00,26.7,15.726496081350692,16.399734368647316,19.48945560740139,35.889189976048705,0.02552050242882857,SCENARIO: ESIF training-window mean IT; not Forest City IT,SCENARIO_INPUT + TRANSFERRED_MODEL_OUTPUT
2012-06-27 00:00:00+00:00,25.549999999999997,15.444384106813962,16.723325881085813,19.48945560740139,36.2127814884872,0.02575060564332425,SCENARIO: ESIF training-window mean IT; not Forest City IT,SCENARIO_INPUT + TRANSFERRED_MODEL_OUTPUT
2012-06-27 01:00:00+00:00,22.8,14.806359254012909,17.559333617399222,19.48945560740139,37.048789224800615,0.02634508374325753,SCENARIO: ESIF training-window mean IT; not Forest City IT,SCENARIO_INPUT + TRANSFERRED_MODEL_OUTPUT
2012-06-27 02:00:00+00:00,21.7,14.16946206654186,17.24824371077697,19.48945560740139,36.73769931817836,0.026123870315959904,SCENARIO: ESIF training-window mean IT; not Forest City IT,SCENARIO_INPUT + TRANSFERRED_MODEL_OUTPUT
2012-06-27 03:00:00+00:00,21.15,13.962668047413384,17.286196421242984,19.48945560740139,36.77565202864437,0.02615085817052767,SCENARIO: ESIF training-window mean IT; not Forest City IT,SCENARIO_INPUT + TRANSFERRED_MODEL_OUTPUT
2012-06-27 04:00:00+00:00,19.4,14.125939904458349,18.768036728448024,19.48945560740139,38.25749233584941,0.027204582402933036,SCENARIO: ESIF training-window mean IT; not Forest City IT,SCENARIO_INPUT + TRANSFERRED_MODEL_OUTPUT
2012-06-27 05:00:00+00:00,18.3,13.709164674091156,18.830872155401956,19.48945560740139,38.320327762803345,0.02724926414880873,SCENARIO: ESIF training-window mean IT; not Forest City IT,SCENARIO_INPUT + TRANSFERRED_MODEL_OUTPUT
2012-06-27 06:00:00+00:00,17.75,13.786861321750592,19.333751733383977,19.48945560740139,38.823207340785366,0.027606857605218957,SCENARIO: ESIF training-window mean IT; not Forest City IT,SCENARIO_INPUT + TRANSFERRED_MODEL_OUTPUT
2012-06-27 07:00:00+00:00,16.1,13.122865686770577,19.37118112546284,19.48945560740139,38.86063673286423,0.02763347333246428,SCENARIO: ESIF training-window mean IT; not Forest City IT,SCENARIO_INPUT + TRANSFERRED_MODEL_OUTPUT
2012-06-27 08:00:00+00:00,15.0,12.690555915841756,19.42276513281615,19.48945560740139,38.912220740217535,0.027670154288089843,SCENARIO: ESIF training-window mean IT; not Forest City IT,SCENARIO_INPUT + TRANSFERRED_MODEL_OUTPUT
2012-06-27 09:00:00+00:00,15.55,13.211922095784747,19.884109650925133,19.48945560740139,39.37356525832652,0.027998212511270264,SCENARIO: ESIF training-window mean IT; not Forest City IT,SCENARIO_INPUT + TRANSFERRED_MODEL_OUTPUT
2012-06-27 10:00:00+00:00,16.7,13.962230712213294,20.33627086764311,19.48945560740139,39.8257264750445,0.028319740565739427,SCENARIO: ESIF training-window mean IT; not Forest City IT,SCENARIO_INPUT + TRANSFERRED_MODEL_OUTPUT
2012-06-27 11:00:00+00:00,19.4,14.702603722005858,19.743624319587425,19.48945560740139,39.233079926988815,0.02789831456868612,SCENARIO: ESIF training-window mean IT; not Forest City IT,SCENARIO_INPUT + TRANSFERRED_MODEL_OUTPUT
2012-06-27 12:00:00+00:00,20.549999999999997,14.840795478215462,19.187271569039854,19.48945560740139,38.67672717644125,0.027502696787089203,SCENARIO: ESIF training-window mean IT; not Forest City IT,SCENARIO_INPUT + TRANSFERRED_MODEL_OUTPUT
2012-06-27 13:00:00+00:00,23.9,15.22311082206744,17.50676101173407,19.48945560740139,36.99621661913546,0.02630769980365168,SCENARIO: ESIF training-window mean IT; not Forest City IT,SCENARIO_INPUT + TRANSFERRED_MODEL_OUTPUT
2012-06-27 14:00:00+00:00,25.6,15.357551232960972,16.534884323147814,19.48945560740139,36.0243399305492,0.025616606429626244,SCENARIO: ESIF training-window mean IT; not Forest City IT,SCENARIO_INPUT + TRANSFERRED_MODEL_OUTPUT
2012-06-27 15:00:00+00:00,26.15,15.68255861016599,16.71604468140181,19.48945560740139,36.2055002888032,0.025745428043207213,SCENARIO: ESIF training-window mean IT; not Forest City IT,SCENARIO_INPUT + TRANSFERRED_MODEL_OUTPUT
2012-06-27 16:00:00+00:00,27.8,16.60642003515862,17.200847222025075,19.48945560740139,36.690302829426464,0.02609016706974237,SCENARIO: ESIF training-window mean IT; not Forest City IT,SCENARIO_INPUT + TRANSFERRED_MODEL_OUTPUT
2012-06-27 17:00:00+00:00,28.9,16.77034835618961,16.705658962066632,19.48945560740139,36.19511456946802,0.02573804284516581,SCENARIO: ESIF training-window mean IT; not Forest City IT,SCENARIO_INPUT + TRANSFERRED_MODEL_OUTPUT
2012-06-27 18:00:00+00:00,29.15,16.854954125515988,16.680582700192293,19.48945560740139,36.170038307593686,0.0257202113253545,SCENARIO: ESIF training-window mean IT; not Forest City IT,SCENARIO_INPUT + TRANSFERRED_MODEL_OUTPUT
2012-06-27 19:00:00+00:00,30.0,16.46783210616693,15.345183793673343,19.48945560740139,34.83463940107473,0.024770620346566293,SCENARIO: ESIF training-window mean IT; not Forest City IT,SCENARIO_INPUT + TRANSFERRED_MODEL_OUTPUT
2012-06-27 20:00:00+00:00,30.0,17.1405762633387,16.59317746623758,19.48945560740139,36.08263307363897,0.02565805819548664,SCENARIO: ESIF training-window mean IT; not Forest City IT,SCENARIO_INPUT + TRANSFERRED_MODEL_OUTPUT
2012-06-27 21:00:00+00:00,30.0,17.243824559070486,16.787448463992167,19.48945560740139,36.27690407139356,0.0257962026750181,SCENARIO: ESIF training-window mean IT; not Forest City IT,SCENARIO_INPUT + TRANSFERRED_MODEL_OUTPUT
2012-06-27 22:00:00+00:00,28.9,17.23514081482996,17.574191127097215,19.48945560740139,37.063646734498604,0.02635564879397578,SCENARIO: ESIF training-window mean IT; not Forest City IT,SCENARIO_INPUT + TRANSFERRED_MODEL_OUTPUT
2012-06-27 23:00:00+00:00,27.8,17.362211646315586,18.612201837906508,19.48945560740139,38.10165744530789,0.027093769517347845,SCENARIO: ESIF training-window mean IT; not Forest City IT,SCENARIO_INPUT + TRANSFERRED_MODEL_OUTPUT
2012-06-28 00:00:00+00:00,26.4,17.032044540046847,18.999072808667407,19.48945560740139,38.488528416068796,0.027368870224706687,SCENARIO: ESIF training-window mean IT; not Forest City IT,SCENARIO_INPUT + TRANSFERRED_MODEL_OUTPUT
2012-06-28 01:00:00+00:00,23.3,16.11044634784753,19.507086911473138,19.48945560740139,38.99654251887453,0.02773011479871867,SCENARIO: ESIF training-window mean IT; not Forest City IT,SCENARIO_INPUT + TRANSFERRED_MODEL_OUTPUT
2012-06-28 02:00:00+00:00,22.8,15.935431463517677,19.543275365567872,19.48945560740139,39.03273097296926,0.027755848105356033,SCENARIO: ESIF training-window mean IT; not Forest City IT,SCENARIO_INPUT + TRANSFERRED_MODEL_OUTPUT
2012-06-28 03:00:00+00:00,21.700000000000003,15.67240616999237,19.842923717420362,19.48945560740139,39.33237932482175,0.027968925538877084,SCENARIO: ESIF training-window mean IT; not Forest City IT,SCENARIO_INPUT + TRANSFERRED_MODEL_OUTPUT
2012-06-28 04:00:00+00:00,20.6,16.006245662766716,21.204697677965118,19.48945560740139,40.69415328536651,0.02893727159769845,SCENARIO: ESIF training-window mean IT; not Forest City IT,SCENARIO_INPUT + TRANSFERRED_MODEL_OUTPUT
2012-06-28 05:00:00+00:00,20.0,16.132393948112366,21.847212535502354,19.48945560740139,41.33666814290375,0.029394158531989265,SCENARIO: ESIF training-window mean IT; not Forest City IT,SCENARIO_INPUT + TRANSFERRED_MODEL_OUTPUT
2012-06-28 06:00:00+00:00,19.45,16.08257617049252,22.136094947438803,19.48945560740139,41.62555055484019,0.029599580395798113,SCENARIO: ESIF training-window mean IT; not Forest City IT,SCENARIO_INPUT + TRANSFERRED_MODEL_OUTPUT
2012-06-28 07:00:00+00:00,18.3,15.52768443766654,21.932772584387475,19.48945560740139,41.42222819178886,0.0294549995662071,SCENARIO: ESIF training-window mean IT; not Forest City IT,SCENARIO_INPUT + TRANSFERRED_MODEL_OUTPUT
2012-06-28 08:00:00+00:00,17.8,15.64429142258147,22.480317275914388,19.48945560740139,41.96977288331578,0.02984435401079976,SCENARIO: ESIF training-window mean IT; not Forest City IT,SCENARIO_INPUT + TRANSFERRED_MODEL_OUTPUT
2012-06-28 09:00:00+00:00,18.05,15.585830287804312,22.206281684915126,19.48945560740139,41.695737292316515,0.029649489597020864,SCENARIO: ESIF training-window mean IT; not Forest City IT,SCENARIO_INPUT + TRANSFERRED_MODEL_OUTPUT
2012-06-28 10:00:00+00:00,17.2,15.131147252541972,21.98578630396391,19.48945560740139,41.4752419113653,0.029492697178221047,SCENARIO: ESIF training-window mean IT; not Forest City IT,SCENARIO_INPUT + TRANSFERRED_MODEL_OUTPUT
2012-06-28 11:00:00+00:00,21.1,17.150844013590543,22.96351118978557,19.48945560740139,42.45296679718696,0.030187949156323363,SCENARIO: ESIF training-window mean IT; not Forest City IT,SCENARIO_INPUT + TRANSFERRED_MODEL_OUTPUT
2012-06-28 12:00:00+00:00,23.05,17.976182694220498,23.174546310755314,19.48945560740139,42.6640019181567,0.030338014463477708,SCENARIO: ESIF training-window mean IT; not Forest City IT,SCENARIO_INPUT + TRANSFERRED_MODEL_OUTPUT
2012-06-28 13:00:00+00:00,27.8,19.327413570261786,22.464678720343237,19.48945560740139,41.954134327744626,0.02983323356490217,SCENARIO: ESIF training-window mean IT; not Forest City IT,SCENARIO_INPUT + TRANSFERRED_MODEL_OUTPUT
2012-06-28 14:00:00+00:00,30.0,19.69191652216966,21.607141625180077,19.48945560740139,41.096597232581466,0.029223446118193924,SCENARIO: ESIF training-window mean IT; not Forest City IT,SCENARIO_INPUT + TRANSFERRED_MODEL_OUTPUT
2012-06-28 15:00:00+00:00,30.55,19.581498016577044,20.977461486546567,19.48945560740139,40.466917093947956,0.028775685845027935,SCENARIO: ESIF training-window mean IT; not Forest City IT,SCENARIO_INPUT + TRANSFERRED_MODEL_OUTPUT
2012-06-28 16:00:00+00:00,33.3,19.91655248680916,19.629862842113063,19.48945560740139,39.11931844951445,0.027817419734778498,SCENARIO: ESIF training-window mean IT; not Forest City IT,SCENARIO_INPUT + TRANSFERRED_MODEL_OUTPUT
2012-06-28 17:00:00+00:00,34.4,19.280463836011663,17.504833374543736,19.48945560740139,36.994288981945125,0.026306329076989123,SCENARIO: ESIF training-window mean IT; not Forest City IT,SCENARIO_INPUT + TRANSFERRED_MODEL_OUTPUT
2012-06-28 18:00:00+00:00,34.4,19.51307438343282,17.977550382451184,19.48945560740139,37.467005989852574,0.026642474182423423,SCENARIO: ESIF training-window mean IT; not Forest City IT,SCENARIO_INPUT + TRANSFERRED_MODEL_OUTPUT
2012-06-28 19:00:00+00:00,35.6,20.113553493172006,18.310654335982797,19.48945560740139,37.800109943384186,0.026879341614116065,SCENARIO: ESIF training-window mean IT; not Forest City IT,SCENARIO_INPUT + TRANSFERRED_MODEL_OUTPUT
2012-06-28 20:00:00+00:00,35.6,19.161797858289617,16.36080594739167,19.48945560740139,35.85026155479306,0.025492820754489633,SCENARIO: ESIF training-window mean IT; not Forest City IT,SCENARIO_INPUT + TRANSFERRED_MODEL_OUTPUT
2012-06-28 21:00:00+00:00,35.3,19.407118711931965,17.08411557828869,19.48945560740139,36.57357118569008,0.026007160175480232,SCENARIO: ESIF training-window mean IT; not Forest City IT,SCENARIO_INPUT + TRANSFERRED_MODEL_OUTPUT
2012-06-28 22:00:00+00:00,34.4,21.599469500530013,22.382873980980737,19.48945560740139,41.87232958838213,0.029775062899836075,SCENARIO: ESIF training-window mean IT; not Forest City IT,SCENARIO_INPUT + TRANSFERRED_MODEL_OUTPUT
2012-06-28 23:00:00+00:00,32.8,20.829387883740647,21.918503162175043,19.48945560740139,41.40795876957643,0.029444852699574746,SCENARIO: ESIF training-window mean IT; not Forest City IT,SCENARIO_INPUT + TRANSFERRED_MODEL_OUTPUT
2012-06-29 00:00:00+00:00,31.4,20.57129183259798,22.408840374582017,19.48945560740139,41.89829598198341,0.029793527384863783,SCENARIO: ESIF training-window mean IT; not Forest City IT,SCENARIO_INPUT + TRANSFERRED_MODEL_OUTPUT
2012-06-29 01:00:00+00:00,28.9,20.25675058233958,23.58041224792659,19.48945560740139,43.06986785532798,0.0306266223323728,SCENARIO: ESIF training-window mean IT; not Forest City IT,SCENARIO_INPUT + TRANSFERRED_MODEL_OUTPUT
2012-06-29 02:00:00+00:00,26.1,19.75071185992681,24.552221786345726,19.48945560740139,44.041677393747115,0.03131766795647676,SCENARIO: ESIF training-window mean IT; not Forest City IT,SCENARIO_INPUT + TRANSFERRED_MODEL_OUTPUT
2012-06-29 03:00:00+00:00,25.85,19.821074744961454,24.87593552328241,19.48945560740139,44.365391130683804,0.03154785808378951,SCENARIO: ESIF training-window mean IT; not Forest City IT,SCENARIO_INPUT + TRANSFERRED_MODEL_OUTPUT
2012-06-29 04:00:00+00:00,25.0,20.075032989605667,26.007713206674758,19.48945560740139,45.49716881407615,0.03235265571609005,SCENARIO: ESIF training-window mean IT; not Forest City IT,SCENARIO_INPUT + TRANSFERRED_MODEL_OUTPUT
2012-06-29 05:00:00+00:00,23.9,19.739668506245742,26.094318946457175,19.48945560740139,45.58377455385856,0.03241424033234755,SCENARIO: ESIF training-window mean IT; not Forest City IT,SCENARIO_INPUT + TRANSFERRED_MODEL_OUTPUT
2012-06-29 06:00:00+00:00,23.049999999999997,19.635759809337504,26.480186356409767,19.48945560740139,45.969641963811156,0.03268862741602018,SCENARIO: ESIF training-window mean IT; not Forest City IT,SCENARIO_INPUT + TRANSFERRED_MODEL_OUTPUT
2012-06-29 07:00:00+00:00,21.7,19.378275871129134,26.90020908385676,19.48945560740139,46.38966469125815,0.03298730205992069,SCENARIO: ESIF training-window mean IT; not Forest City IT,SCENARIO_INPUT + TRANSFERRED_MODEL_OUTPUT
2012-06-29 08:00:00+00:00,21.1,18.866839142701565,26.288063335501082,19.48945560740139,45.777518942902475,0.03255201034483507,SCENARIO: ESIF training-window mean IT; not Forest City IT,SCENARIO_INPUT + TRANSFERRED_MODEL_OUTPUT
2012-06-29 09:00:00+00:00,20.55,18.498772007505742,25.939510057359236,19.48945560740139,45.428965664760625,0.03230415702779638,SCENARIO: ESIF training-window mean IT; not Forest City IT,SCENARIO_INPUT + TRANSFERRED_MODEL_OUTPUT
2012-06-29 10:00:00+00:00,21.1,18.8676443205841,26.289670505474074,19.48945560740139,45.77912611287546,0.0325531531899432,SCENARIO: ESIF training-window mean IT; not Forest City IT,SCENARIO_INPUT + TRANSFERRED_MODEL_OUTPUT
2012-06-29 11:00:00+00:00,25.0,20.07503298960564,26.007713206674698,19.48945560740139,45.49716881407609,0.03235265571609001,SCENARIO: ESIF training-window mean IT; not Forest City IT,SCENARIO_INPUT + TRANSFERRED_MODEL_OUTPUT
2012-06-29 12:00:00+00:00,26.95,20.809437218530245,26.157622654709492,19.48945560740139,45.64707826211088,0.03245925506913279,SCENARIO: ESIF training-window mean IT; not Forest City IT,SCENARIO_INPUT + TRANSFERRED_MODEL_OUTPUT
2012-06-29 15:00:00+00:00,36.400000000000006,20.561262776632663,18.643027604844384,19.48945560740139,38.13248321224577,0.027115689462059157,SCENARIO: ESIF training-window mean IT; not Forest City IT,SCENARIO_INPUT + TRANSFERRED_MODEL_OUTPUT
2012-06-29 16:00:00+00:00,37.8,20.97066643019486,18.445880417786768,19.48945560740139,37.93533602518816,0.02697549974840169,SCENARIO: ESIF training-window mean IT; not Forest City IT,SCENARIO_INPUT + TRANSFERRED_MODEL_OUTPUT
2012-06-29 17:00:00+00:00,38.9,21.546389052664907,18.844589486839098,19.48945560740139,38.33404509424049,0.027259018428314404,SCENARIO: ESIF training-window mean IT; not Forest City IT,SCENARIO_INPUT + TRANSFERRED_MODEL_OUTPUT
2012-06-29 18:00:00+00:00,39.15,21.859476477180923,19.33753697169535,19.48945560740139,38.82699257909674,0.027609549256481732,SCENARIO: ESIF training-window mean IT; not Forest City IT,SCENARIO_INPUT + TRANSFERRED_MODEL_OUTPUT
2012-06-29 19:00:00+00:00,39.4,22.40220232126039,20.34895099973084,19.48945560740139,39.83840660713223,0.028328757301474026,SCENARIO: ESIF training-window mean IT; not Forest City IT,SCENARIO_INPUT + TRANSFERRED_MODEL_OUTPUT
2012-06-29 20:00:00+00:00,40.0,23.130895483083943,21.533524573345197,19.48945560740139,41.022980180746586,0.029171097649158845,SCENARIO: ESIF training-window mean IT; not Forest City IT,SCENARIO_INPUT + TRANSFERRED_MODEL_OUTPUT
2012-06-29 21:00:00+00:00,39.7,22.905379875864334,21.251653289770033,19.48945560740139,40.74110889717142,0.028970661340011222,SCENARIO: ESIF training-window mean IT; not Forest City IT,SCENARIO_INPUT + TRANSFERRED_MODEL_OUTPUT
2012-06-29 22:00:00+00:00,38.9,22.83040906715393,21.698931268156052,19.48945560740139,41.18838687555744,0.029288716964598453,SCENARIO: ESIF training-window mean IT; not Forest City IT,SCENARIO_INPUT + TRANSFERRED_MODEL_OUTPUT
2012-06-29 23:00:00+00:00,35.6,23.083508106031125,24.793079739890715,19.48945560740139,44.282535347292104,0.03148894003011648,SCENARIO: ESIF training-window mean IT; not Forest City IT,SCENARIO_INPUT + TRANSFERRED_MODEL_OUTPUT
2012-06-30 00:00:00+00:00,34.2,22.40292509711153,24.308780530466972,19.48945560740139,43.79823613786836,0.031144558918182026,SCENARIO: ESIF training-window mean IT; not Forest City IT,SCENARIO_INPUT + TRANSFERRED_MODEL_OUTPUT
2012-06-30 01:00:00+00:00,31.1,21.508278014766088,24.63951229707117,19.48945560740139,44.12896790447256,0.03137973950761707,SCENARIO: ESIF training-window mean IT; not Forest City IT,SCENARIO_INPUT + TRANSFERRED_MODEL_OUTPUT
2012-06-30 02:00:00+00:00,28.3,21.04983066367393,25.696122773705106,19.48945560740139,45.185578381106495,0.032131086368698575,SCENARIO: ESIF training-window mean IT; not Forest City IT,SCENARIO_INPUT + TRANSFERRED_MODEL_OUTPUT
2012-06-30 03:00:00+00:00,28.3,21.19857152247338,26.0159539875782,19.48945560740139,45.50540959497959,0.03235851566637597,SCENARIO: ESIF training-window mean IT; not Forest City IT,SCENARIO_INPUT + TRANSFERRED_MODEL_OUTPUT
2012-06-30 04:00:00+00:00,28.3,21.714254927722433,27.136512108044073,19.48945560740139,46.62596771544546,0.03315533516144058,SCENARIO: ESIF training-window mean IT; not Forest City IT,SCENARIO_INPUT + TRANSFERRED_MODEL_OUTPUT
2012-06-30 05:00:00+00:00,26.1,21.08119280193784,27.34871230541715,19.48945560740139,46.838167912818534,0.03330622894466811,SCENARIO: ESIF training-window mean IT; not Forest City IT,SCENARIO_INPUT + TRANSFERRED_MODEL_OUTPUT
2012-06-30 06:00:00+00:00,26.4,21.32580421962606,27.661046677958684,19.48945560740139,47.150502285360076,0.03352832730125884,SCENARIO: ESIF training-window mean IT; not Forest City IT,SCENARIO_INPUT + TRANSFERRED_MODEL_OUTPUT
2012-06-30 07:00:00+00:00,26.7,21.57101996544499,27.978406615086815,19.48945560740139,47.46786222248821,0.03375399929473923,SCENARIO: ESIF training-window mean IT; not Forest City IT,SCENARIO_INPUT + TRANSFERRED_MODEL_OUTPUT
2012-06-30 08:00:00+00:00,25.0,21.082301064495805,28.136052961624046,19.48945560740139,47.625508569025435,0.03386610029151247,SCENARIO: ESIF training-window mean IT; not Forest City IT,SCENARIO_INPUT + TRANSFERRED_MODEL_OUTPUT
2012-06-30 09:00:00+00:00,24.7,20.995487043609124,28.163078257450778,19.48945560740139,47.65253386485217,0.03388531775304465,SCENARIO: ESIF training-window mean IT; not Forest City IT,SCENARIO_INPUT + TRANSFERRED_MODEL_OUTPUT
2012-06-30 10:00:00+00:00,24.4,20.585421765315388,27.503494479067378,19.48945560740139,46.99295008646877,0.03341629325208815,SCENARIO: ESIF training-window mean IT; not Forest City IT,SCENARIO_INPUT + TRANSFERRED_MODEL_OUTPUT
2012-06-30 11:00:00+00:00,26.1,20.40522502691146,25.912804431573782,19.48945560740139,45.40226003897517,0.03228516688095339,SCENARIO: ESIF training-window mean IT; not Forest City IT,SCENARIO_INPUT + TRANSFERRED_MODEL_OUTPUT
2012-06-30 12:00:00+00:00,27.75,20.8938274393674,25.760539078792657,19.48945560740139,45.24999468619404,0.03217689226377562,SCENARIO: ESIF training-window mean IT; not Forest City IT,SCENARIO_INPUT + TRANSFERRED_MODEL_OUTPUT
2012-06-30 13:00:00+00:00,31.1,21.857816701764715,25.404457810311698,19.48945560740139,44.89391341771309,0.03192368585585186,SCENARIO: ESIF training-window mean IT; not Forest City IT,SCENARIO_INPUT + TRANSFERRED_MODEL_OUTPUT
2012-06-30 14:00:00+00:00,32.8,22.332171020189982,25.1967573232166,19.48945560740139,44.68621293061799,0.03177599177891904,SCENARIO: ESIF training-window mean IT; not Forest City IT,SCENARIO_INPUT + TRANSFERRED_MODEL_OUTPUT
2012-06-30 15:00:00+00:00,33.349999999999994,22.623633178987262,25.440445640230497,19.48945560740139,44.92990124763189,0.0319492765003179,SCENARIO: ESIF training-window mean IT; not Forest City IT,SCENARIO_INPUT + TRANSFERRED_MODEL_OUTPUT
2012-06-30 16:00:00+00:00,36.7,23.65782628659562,25.281879159426992,19.48945560740139,44.77133476682838,0.0318365212037738,SCENARIO: ESIF training-window mean IT; not Forest City IT,SCENARIO_INPUT + TRANSFERRED_MODEL_OUTPUT
2012-06-30 17:00:00+00:00,37.8,23.94244283412546,25.106509876194885,19.48945560740139,44.595965483596274,0.03171181757514206,SCENARIO: ESIF training-window mean IT; not Forest City IT,SCENARIO_INPUT + TRANSFERRED_MODEL_OUTPUT
2012-06-30 18:00:00+00:00,38.05,23.871921909946245,24.749973148065425,19.48945560740139,44.23942875546682,0.031458287293676626,SCENARIO: ESIF training-window mean IT; not Forest City IT,SCENARIO_INPUT + TRANSFERRED_MODEL_OUTPUT
2012-06-30 19:00:00+00:00,39.4,23.517145907102638,22.886198027169122,19.48945560740139,42.37565363457051,0.03013297241386553,SCENARIO: ESIF training-window mean IT; not Forest City IT,SCENARIO_INPUT + TRANSFERRED_MODEL_OUTPUT
2012-06-30 20:00:00+00:00,39.4,22.969698695598392,21.629773232796612,19.48945560740139,41.119228840198005,0.029239539264835895,SCENARIO: ESIF training-window mean IT; not Forest City IT,SCENARIO_INPUT + TRANSFERRED_MODEL_OUTPUT
2012-06-30 21:00:00+00:00,39.15,23.29740422300039,22.572333583021187,19.48945560740139,42.06178919042257,0.02990978603616946,SCENARIO: ESIF training-window mean IT; not Forest City IT,SCENARIO_INPUT + TRANSFERRED_MODEL_OUTPUT
2012-06-30 22:00:00+00:00,38.3,22.671248432936657,21.80029075722878,19.48945560740139,41.28974636463017,0.029360792848417278,SCENARIO: ESIF training-window mean IT; not Forest City IT,SCENARIO_INPUT + TRANSFERRED_MODEL_OUTPUT
2012-06-30 23:00:00+00:00,36.7,23.652769982844923,25.27013233465059,19.48945560740139,44.75958794205198,0.03182816813505207,SCENARIO: ESIF training-window mean IT; not Forest City IT,SCENARIO_INPUT + TRANSFERRED_MODEL_OUTPUT
2012-07-01 00:00:00+00:00,35.0,23.687413457156055,26.63784976343501,19.48945560740139,46.127305370836396,0.03280074054436357,SCENARIO: ESIF training-window mean IT; not Forest City IT,SCENARIO_INPUT + TRANSFERRED_MODEL_OUTPUT
2012-07-01 01:00:00+00:00,31.1,23.164533805907126,28.338073997238002,19.48945560740139,47.827529604639395,0.03400975575806107,SCENARIO: ESIF training-window mean IT; not Forest City IT,SCENARIO_INPUT + TRANSFERRED_MODEL_OUTPUT
2012-07-01 02:00:00+00:00,30.0,23.246278516426422,29.33369972032792,19.48945560740139,48.82315532772931,0.03471773687162973,SCENARIO: ESIF training-window mean IT; not Forest City IT,SCENARIO_INPUT + TRANSFERRED_MODEL_OUTPUT
2012-07-01 03:00:00+00:00,29.15,23.01832900570904,29.43330686077428,19.48945560740139,48.92276246817567,0.034788566675015835,SCENARIO: ESIF training-window mean IT; not Forest City IT,SCENARIO_INPUT + TRANSFERRED_MODEL_OUTPUT
2012-07-01 04:00:00+00:00,28.9,22.95025891891398,29.460362585870016,19.48945560740139,48.949818193271405,0.03480780577454637,SCENARIO: ESIF training-window mean IT; not Forest City IT,SCENARIO_INPUT + TRANSFERRED_MODEL_OUTPUT
2012-07-01 05:00:00+00:00,26.7,22.679548484844233,30.437854973202917,19.48945560740139,49.927310580604306,0.035502892424920454,SCENARIO: ESIF training-window mean IT; not Forest City IT,SCENARIO_INPUT + TRANSFERRED_MODEL_OUTPUT
2012-07-01 06:00:00+00:00,26.95,22.74784687290851,30.412383186605545,19.48945560740139,49.901838794006935,0.035484779650791005,SCENARIO: ESIF training-window mean IT; not Forest City IT,SCENARIO_INPUT + TRANSFERRED_MODEL_OUTPUT
2012-07-01 07:00:00+00:00,25.6,22.041833381163222,29.800477071345682,19.48945560740139,49.28993267874707,0.035049658336792945,SCENARIO: ESIF training-window mean IT; not Forest City IT,SCENARIO_INPUT + TRANSFERRED_MODEL_OUTPUT
2012-07-01 08:00:00+00:00,26.1,22.51473603569118,30.49719637911746,19.48945560740139,49.98665198651885,0.035545089601696604,SCENARIO: ESIF training-window mean IT; not Forest City IT,SCENARIO_INPUT + TRANSFERRED_MODEL_OUTPUT
2012-07-01 09:00:00+00:00,26.1,21.951176479931156,29.242702950116083,19.48945560740139,48.73215855751747,0.03465302983040767,SCENARIO: ESIF training-window mean IT; not Forest City IT,SCENARIO_INPUT + TRANSFERRED_MODEL_OUTPUT
2012-07-01 10:00:00+00:00,25.6,21.647816512522876,28.933838121826927,19.48945560740139,48.42329372922832,0.03443339863767823,SCENARIO: ESIF training-window mean IT; not Forest City IT,SCENARIO_INPUT + TRANSFERRED_MODEL_OUTPUT
2012-07-01 11:00:00+00:00,26.7,23.0851379986471,31.358700988928337,19.48945560740139,50.84815659632973,0.03615769831484389,SCENARIO: ESIF training-window mean IT; not Forest City IT,SCENARIO_INPUT + TRANSFERRED_MODEL_OUTPUT
2012-07-01 12:00:00+00:00,28.65,23.242716292279635,30.310444987783235,19.48945560740139,49.799900595184624,0.035412292251315806,SCENARIO: ESIF training-window mean IT; not Forest City IT,SCENARIO_INPUT + TRANSFERRED_MODEL_OUTPUT
2012-07-01 13:00:00+00:00,34.4,23.39564608433172,26.41366902124882,19.48945560740139,45.903124628650204,0.03264132749605355,SCENARIO: ESIF training-window mean IT; not Forest City IT,SCENARIO_INPUT + TRANSFERRED_MODEL_OUTPUT
2012-07-01 14:00:00+00:00,37.2,23.5259946629921,24.59526377547126,19.48945560740139,44.08471938287265,0.03134827475447786,SCENARIO: ESIF training-window mean IT; not Forest City IT,SCENARIO_INPUT + TRANSFERRED_MODEL_OUTPUT
2012-07-01 15:00:00+00:00,38.05,23.590533626906172,24.09479089507582,19.48945560740139,43.584246502477214,0.03099239268056595,SCENARIO: ESIF training-window mean IT; not Forest City IT,SCENARIO_INPUT + TRANSFERRED_MODEL_OUTPUT
2012-07-01 16:00:00+00:00,40.0,23.150266846175597,21.577846912919192,19.48945560740139,41.06730252032058,0.02920261489364122,SCENARIO: ESIF training-window mean IT; not Forest City IT,SCENARIO_INPUT + TRANSFERRED_MODEL_OUTPUT
2012-07-01 17:00:00+00:00,40.0,22.862597324334374,20.922286070354815,19.48945560740139,40.411741677756204,0.028736451068654523,SCENARIO: ESIF training-window mean IT; not Forest City IT,SCENARIO_INPUT + TRANSFERRED_MODEL_OUTPUT
2012-07-01 18:00:00+00:00,40.55,23.41365327796732,21.756285678775715,19.48945560740139,41.24574128617711,0.029329501205661013,SCENARIO: ESIF training-window mean IT; not Forest City IT,SCENARIO_INPUT + TRANSFERRED_MODEL_OUTPUT
2012-07-01 19:00:00+00:00,40.6,24.09093001407837,23.295368000954568,19.48945560740139,42.78482360835596,0.03042392975552646,SCENARIO: ESIF training-window mean IT; not Forest City IT,SCENARIO_INPUT + TRANSFERRED_MODEL_OUTPUT
2012-07-01 20:00:00+00:00,40.0,23.676673913454692,22.792099680453916,19.48945560740139,42.281555287855305,0.030066059867566858,SCENARIO: ESIF training-window mean IT; not Forest City IT,SCENARIO_INPUT + TRANSFERRED_MODEL_OUTPUT
2012-07-01 21:00:00+00:00,40.3,22.92875242970419,20.83993404213533,19.48945560740139,40.32938964953672,0.028677891231065632,SCENARIO: ESIF training-window mean IT; not Forest City IT,SCENARIO_INPUT + TRANSFERRED_MODEL_OUTPUT
2012-07-01 22:00:00+00:00,38.3,22.92278614325233,22.369912722658206,19.48945560740139,41.859368330059596,0.02976584625759027,SCENARIO: ESIF training-window mean IT; not Forest City IT,SCENARIO_INPUT + TRANSFERRED_MODEL_OUTPUT
2012-07-01 23:00:00+00:00,31.3,19.97876218035706,21.24294279497406,19.48945560740139,40.73239840237545,0.028964467380110062,SCENARIO: ESIF training-window mean IT; not Forest City IT,SCENARIO_INPUT + TRANSFERRED_MODEL_OUTPUT
2012-07-02 00:00:00+00:00,27.900000000000002,20.94162899346354,25.75416657323175,19.48945560740139,45.24362218063314,0.032172360828439425,SCENARIO: ESIF training-window mean IT; not Forest City IT,SCENARIO_INPUT + TRANSFERRED_MODEL_OUTPUT
2012-07-02 01:00:00+00:00,21.666666666666668,19.71575035854474,27.61273914130246,19.48945560740139,47.10219474870385,0.033493976216506335,SCENARIO: ESIF training-window mean IT; not Forest City IT,SCENARIO_INPUT + TRANSFERRED_MODEL_OUTPUT
2012-07-02 02:00:00+00:00,22.400000000000002,19.59989912907465,26.862839814419118,19.48945560740139,46.35229542182051,0.03296072908538203,SCENARIO: ESIF training-window mean IT; not Forest City IT,SCENARIO_INPUT + TRANSFERRED_MODEL_OUTPUT
2012-07-02 03:00:00+00:00,22.633333333333336,19.61962837228205,26.739708673301518,19.48945560740139,46.2291642807029,0.032873171562126324,SCENARIO: ESIF training-window mean IT; not Forest City IT,SCENARIO_INPUT + TRANSFERRED_MODEL_OUTPUT
2012-07-02 04:00:00+00:00,22.400000000000002,19.47278610007992,26.60330526107902,19.48945560740139,46.09276086848041,0.03277617623803994,SCENARIO: ESIF training-window mean IT; not Forest City IT,SCENARIO_INPUT + TRANSFERRED_MODEL_OUTPUT
2012-07-02 05:00:00+00:00,21.7,20.10855488242388,28.40159771661884,19.48945560740139,47.891053324020234,0.03405492694291726,SCENARIO: ESIF training-window mean IT; not Forest City IT,SCENARIO_INPUT + TRANSFERRED_MODEL_OUTPUT
2012-07-02 06:00:00+00:00,21.2,19.822295598926765,28.15685938124342,19.48945560740139,47.64631498864481,0.03388089556225516,SCENARIO: ESIF training-window mean IT; not Forest City IT,SCENARIO_INPUT + TRANSFERRED_MODEL_OUTPUT
2012-07-02 07:00:00+00:00,21.7,20.51475269354514,29.252475639774026,19.48945560740139,48.741931247175415,0.034659979108179556,SCENARIO: ESIF training-window mean IT; not Forest City IT,SCENARIO_INPUT + TRANSFERRED_MODEL_OUTPUT
2012-07-02 08:00:00+00:00,20.6,19.772227903572194,28.470097602378374,19.48945560740139,47.95955320977976,0.03410363663801116,SCENARIO: ESIF training-window mean IT; not Forest City IT,SCENARIO_INPUT + TRANSFERRED_MODEL_OUTPUT
2012-07-02 09:00:00+00:00,20.8,19.6986452350973,28.18024180658573,19.48945560740139,47.66969741398712,0.03389752260909402,SCENARIO: ESIF training-window mean IT; not Forest City IT,SCENARIO_INPUT + TRANSFERRED_MODEL_OUTPUT
2012-07-02 10:00:00+00:00,21.025,19.700860827283044,28.028644424749807,19.48945560740139,47.518100032151196,0.03378972298046128,SCENARIO: ESIF training-window mean IT; not Forest City IT,SCENARIO_INPUT + TRANSFERRED_MODEL_OUTPUT
2012-07-02 11:00:00+00:00,21.7,20.10799362510857,28.400429829261046,19.48945560740139,47.88988543666244,0.034054096467997896,SCENARIO: ESIF training-window mean IT; not Forest City IT,SCENARIO_INPUT + TRANSFERRED_MODEL_OUTPUT
2012-07-02 12:00:00+00:00,22.5,19.987758289935698,27.591531166664957,19.48945560740139,47.080986774066346,0.03347889540335318,SCENARIO: ESIF training-window mean IT; not Forest City IT,SCENARIO_INPUT + TRANSFERRED_MODEL_OUTPUT
2012-07-02 13:00:00+00:00,26.1,20.414341123626798,25.93196138791201,19.48945560740139,45.4214169953134,0.03229878923217071,SCENARIO: ESIF training-window mean IT; not Forest City IT,SCENARIO_INPUT + TRANSFERRED_MODEL_OUTPUT
2012-07-02 14:00:00+00:00,28.3,20.713042451282107,24.9775277947926,19.48945560740139,44.46698340219399,0.031620099497250115,SCENARIO: ESIF training-window mean IT; not Forest City IT,SCENARIO_INPUT + TRANSFERRED_MODEL_OUTPUT
2012-07-02 15:00:00+00:00,29.450000000000003,20.738957338340498,24.195728880785843,19.48945560740139,43.68518448818723,0.03106416883687354,SCENARIO: ESIF training-window mean IT; not Forest City IT,SCENARIO_INPUT + TRANSFERRED_MODEL_OUTPUT
2012-07-02 16:00:00+00:00,31.1,21.526943078998112,24.680148736615564,19.48945560740139,44.16960434401695,0.031408635739456896,SCENARIO: ESIF training-window mean IT; not Forest City IT,SCENARIO_INPUT + TRANSFERRED_MODEL_OUTPUT
2012-07-02 17:00:00+00:00,32.2,22.175933652926073,25.294546926254828,19.48945560740139,44.78400253365622,0.03184552914667564,SCENARIO: ESIF training-window mean IT; not Forest City IT,SCENARIO_INPUT + TRANSFERRED_MODEL_OUTPUT
2012-07-02 18:00:00+00:00,32.5,22.4001625912772,25.57181795260203,19.48945560740139,45.061273560003414,0.03204269425143448,SCENARIO: ESIF training-window mean IT; not Forest City IT,SCENARIO_INPUT + TRANSFERRED_MODEL_OUTPUT
2012-07-02 19:00:00+00:00,32.8,22.624101369701428,25.851490029709435,19.48945560740139,45.34094563711082,0.03224156672328069,SCENARIO: ESIF training-window mean IT; not Forest City IT,SCENARIO_INPUT + TRANSFERRED_MODEL_OUTPUT
2012-07-02 20:00:00+00:00,33.3,22.7600019302417,25.78560514646501,19.48945560740139,45.2750607538664,0.03219471653457528,SCENARIO: ESIF training-window mean IT; not Forest City IT,SCENARIO_INPUT + TRANSFERRED_MODEL_OUTPUT
2012-07-02 21:00:00+00:00,33.05,22.548836510664103,25.495930815200072,19.48945560740139,44.985386422601465,0.03198873154356407,SCENARIO: ESIF training-window mean IT; not Forest City IT,SCENARIO_INPUT + TRANSFERRED_MODEL_OUTPUT
2012-07-02 22:00:00+00:00,32.2,22.80618496596789,26.708612351199925,19.48945560740139,46.198067958601314,0.032851059227903934,SCENARIO: ESIF training-window mean IT; not Forest City IT,SCENARIO_INPUT + TRANSFERRED_MODEL_OUTPUT
2012-07-02 23:00:00+00:00,30.6,23.4112096110987,29.272970618018455,19.48945560740139,48.762426225419844,0.03467455291556877,SCENARIO: ESIF training-window mean IT; not Forest City IT,SCENARIO_INPUT + TRANSFERRED_MODEL_OUTPUT
2012-07-03 00:00:00+00:00,29.75,23.344657199502038,29.742809152295692,19.48945560740139,49.23226475969708,0.03500865116251114,SCENARIO: ESIF training-window mean IT; not Forest City IT,SCENARIO_INPUT + TRANSFERRED_MODEL_OUTPUT
2012-07-03 01:00:00+00:00,27.8,22.656986205090206,29.594087860999394,19.48945560740139,49.083543468400784,0.03490289669777458,SCENARIO: ESIF training-window mean IT; not Forest City IT,SCENARIO_INPUT + TRANSFERRED_MODEL_OUTPUT
2012-07-03 02:00:00+00:00,27.2,22.82116788935379,30.398347183367672,19.48945560740139,49.88780279076906,0.03547479876643663,SCENARIO: ESIF training-window mean IT; not Forest City IT,SCENARIO_INPUT + TRANSFERRED_MODEL_OUTPUT
2012-07-03 03:00:00+00:00,26.95,22.9537746148299,30.87947560435767,19.48945560740139,50.36893121175906,0.03581692515727042,SCENARIO: ESIF training-window mean IT; not Forest City IT,SCENARIO_INPUT + TRANSFERRED_MODEL_OUTPUT
2012-07-03 04:00:00+00:00,26.1,22.92496599581012,31.42402329390006,19.48945560740139,50.913478901301445,0.03620414845885103,SCENARIO: ESIF training-window mean IT; not Forest City IT,SCENARIO_INPUT + TRANSFERRED_MODEL_OUTPUT
2012-07-03 05:00:00+00:00,25.0,22.624750253570443,31.529582434990317,19.48945560740139,51.019038042391706,0.036279210680048475,SCENARIO: ESIF training-window mean IT; not Forest City IT,SCENARIO_INPUT + TRANSFERRED_MODEL_OUTPUT
2012-07-03 06:00:00+00:00,25.0,22.623944674548458,31.527767658265574,19.48945560740139,51.01722326566696,0.036277920207517814,SCENARIO: ESIF training-window mean IT; not Forest City IT,SCENARIO_INPUT + TRANSFERRED_MODEL_OUTPUT
2012-07-03 07:00:00+00:00,24.4,21.70598847764847,29.914648449413008,19.48945560740139,49.4041040568144,0.03513084464757941,SCENARIO: ESIF training-window mean IT; not Forest City IT,SCENARIO_INPUT + TRANSFERRED_MODEL_OUTPUT
2012-07-03 08:00:00+00:00,23.9,21.160041964030256,29.083041686525142,19.48945560740139,48.57249729392653,0.03453949604299197,SCENARIO: ESIF training-window mean IT; not Forest City IT,SCENARIO_INPUT + TRANSFERRED_MODEL_OUTPUT
2012-07-03 09:00:00+00:00,23.6,21.072616223728808,29.106896534120445,19.48945560740139,48.596352141521834,0.03455645902533851,SCENARIO: ESIF training-window mean IT; not Forest City IT,SCENARIO_INPUT + TRANSFERRED_MODEL_OUTPUT
2012-07-03 10:00:00+00:00,22.2,20.25774288516206,28.36361217213565,19.48945560740139,47.85306777953704,0.03402791574035485,SCENARIO: ESIF training-window mean IT; not Forest City IT,SCENARIO_INPUT + TRANSFERRED_MODEL_OUTPUT
2012-07-03 11:00:00+00:00,24.4,21.706916007867907,29.91667977980811,19.48945560740139,49.4061353872095,0.03513228910961148,SCENARIO: ESIF training-window mean IT; not Forest City IT,SCENARIO_INPUT + TRANSFERRED_MODEL_OUTPUT
2012-07-03 12:00:00+00:00,25.799999999999997,21.90550698164011,29.356580298166165,19.48945560740139,48.846035905567554,0.0347340070589113,SCENARIO: ESIF training-window mean IT; not Forest City IT,SCENARIO_INPUT + TRANSFERRED_MODEL_OUTPUT
2012-07-03 13:00:00+00:00,30.0,22.508318084677818,27.658496776280295,19.48945560740139,47.147952383681684,0.033526514087530136,SCENARIO: ESIF training-window mean IT; not Forest City IT,SCENARIO_INPUT + TRANSFERRED_MODEL_OUTPUT
2012-07-03 14:00:00+00:00,31.7,22.67529428390393,26.783044210379003,19.48945560740139,46.27249981778039,0.032903987099617664,SCENARIO: ESIF training-window mean IT; not Forest City IT,SCENARIO_INPUT + TRANSFERRED_MODEL_OUTPUT
2012-07-03 15:00:00+00:00,32.25,22.82491031935023,26.713948736193544,19.48945560740139,46.20340434359493,0.032854853886581985,SCENARIO: ESIF training-window mean IT; not Forest City IT,SCENARIO_INPUT + TRANSFERRED_MODEL_OUTPUT
2012-07-03 16:00:00+00:00,33.9,22.644952624396474,25.077218305051325,19.48945560740139,44.566673912452714,0.031690988584211585,SCENARIO: ESIF training-window mean IT; not Forest City IT,SCENARIO_INPUT + TRANSFERRED_MODEL_OUTPUT
2012-07-03 17:00:00+00:00,34.4,23.058626334645517,25.64056314376069,19.48945560740139,45.13001875116208,0.03209157838114334,SCENARIO: ESIF training-window mean IT; not Forest City IT,SCENARIO_INPUT + TRANSFERRED_MODEL_OUTPUT
2012-07-03 18:00:00+00:00,35.0,23.21836213410596,25.554635045572894,19.48945560740139,45.04409065297428,0.032030475630148686,SCENARIO: ESIF training-window mean IT; not Forest City IT,SCENARIO_INPUT + TRANSFERRED_MODEL_OUTPUT
2012-07-03 19:00:00+00:00,35.6,22.196266117159094,22.793393822576867,19.48945560740139,42.282849429978256,0.03006698012119237,SCENARIO: ESIF training-window mean IT; not Forest City IT,SCENARIO_INPUT + TRANSFERRED_MODEL_OUTPUT
2012-07-03 20:00:00+00:00,33.9,23.261096637040325,26.47908066127262,19.48945560740139,45.96853626867401,0.03268784116546808,SCENARIO: ESIF training-window mean IT; not Forest City IT,SCENARIO_INPUT + TRANSFERRED_MODEL_OUTPUT
2012-07-03 21:00:00+00:00,33.016666666666666,22.718296670755905,25.902632727979935,19.48945560740139,45.392088335381324,0.032277933867713327,SCENARIO: ESIF training-window mean IT; not Forest City IT,SCENARIO_INPUT + TRANSFERRED_MODEL_OUTPUT
2012-07-03 22:00:00+00:00,27.8,21.578901218222946,27.202724094601393,19.48945560740139,46.69217970200278,0.03320241795057238,SCENARIO: ESIF training-window mean IT; not Forest City IT,SCENARIO_INPUT + TRANSFERRED_MODEL_OUTPUT
2012-07-03 23:00:00+00:00,26.7,20.58896266199736,25.869696678164214,19.48945560740139,45.3591522855656,0.03225451331852068,SCENARIO: ESIF training-window mean IT; not Forest City IT,SCENARIO_INPUT + TRANSFERRED_MODEL_OUTPUT
2012-07-04 00:00:00+00:00,26.7,20.58896266199739,25.869696678164274,19.48945560740139,45.35915228556566,0.03225451331852073,SCENARIO: ESIF training-window mean IT; not Forest City IT,SCENARIO_INPUT + TRANSFERRED_MODEL_OUTPUT
2012-07-04 01:00:00+00:00,25.0,20.767627043968886,27.463706482146122,19.48945560740139,46.95316208954751,0.03338800034069213,SCENARIO: ESIF training-window mean IT; not Forest City IT,SCENARIO_INPUT + TRANSFERRED_MODEL_OUTPUT
2012-07-04 02:00:00+00:00,25.0,20.08030456253625,26.018671488885442,19.48945560740139,45.50812709628683,0.03236044805879714,SCENARIO: ESIF training-window mean IT; not Forest City IT,SCENARIO_INPUT + TRANSFERRED_MODEL_OUTPUT
2012-07-04 03:00:00+00:00,25.3,20.324733700740424,26.315291188007436,19.48945560740139,45.804746795408825,0.032571371842725766,SCENARIO: ESIF training-window mean IT; not Forest City IT,SCENARIO_INPUT + TRANSFERRED_MODEL_OUTPUT
2012-07-04 04:00:00+00:00,24.4,20.208890578935907,26.71256056895082,19.48945560740139,46.20201617635221,0.03285386677248124,SCENARIO: ESIF training-window mean IT; not Forest City IT,SCENARIO_INPUT + TRANSFERRED_MODEL_OUTPUT
2012-07-04 05:00:00+00:00,23.9,20.056650684573015,26.7493576758383,19.48945560740139,46.23881328323969,0.03288003288702221,SCENARIO: ESIF training-window mean IT; not Forest City IT,SCENARIO_INPUT + TRANSFERRED_MODEL_OUTPUT
2012-07-04 06:00:00+00:00,23.6,19.80734975250128,26.44540044941628,19.48945560740139,45.934856056817665,0.032663891448880523,SCENARIO: ESIF training-window mean IT; not Forest City IT,SCENARIO_INPUT + TRANSFERRED_MODEL_OUTPUT
2012-07-04 07:00:00+00:00,23.3,19.18462769716765,25.387082223436252,19.48945560740139,44.87653783083764,0.031911330221540996,SCENARIO: ESIF training-window mean IT; not Forest City IT,SCENARIO_INPUT + TRANSFERRED_MODEL_OUTPUT
2012-07-04 08:00:00+00:00,22.8,19.72060000379591,26.82985594785446,19.48945560740139,46.31931155525585,0.03293727453409967,SCENARIO: ESIF training-window mean IT; not Forest City IT,SCENARIO_INPUT + TRANSFERRED_MODEL_OUTPUT
2012-07-04 09:00:00+00:00,22.25,19.74585167974943,27.267195363432677,19.48945560740139,46.756650970834066,0.03324826292990729,SCENARIO: ESIF training-window mean IT; not Forest City IT,SCENARIO_INPUT + TRANSFERRED_MODEL_OUTPUT
2012-07-04 10:00:00+00:00,21.7,19.773577529737068,27.708390172463115,19.48945560740139,47.19784577986451,0.03356199286371082,SCENARIO: ESIF training-window mean IT; not Forest City IT,SCENARIO_INPUT + TRANSFERRED_MODEL_OUTPUT
2012-07-04 11:00:00+00:00,24.4,20.589448767938435,27.512005877556447,19.48945560740139,47.00146148495784,0.03342234563627285,SCENARIO: ESIF training-window mean IT; not Forest City IT,SCENARIO_INPUT + TRANSFERRED_MODEL_OUTPUT
2012-07-04 12:00:00+00:00,25.549999999999997,20.92935566558575,27.416577422525478,19.48945560740139,46.90603302992687,0.03335448726109017,SCENARIO: ESIF training-window mean IT; not Forest City IT,SCENARIO_INPUT + TRANSFERRED_MODEL_OUTPUT
2012-07-04 13:00:00+00:00,27.2,22.103992396424033,28.79064961616782,19.48945560740139,48.28010522356921,0.03433157849047255,SCENARIO: ESIF training-window mean IT; not Forest City IT,SCENARIO_INPUT + TRANSFERRED_MODEL_OUTPUT
2012-07-04 14:00:00+00:00,29.4,22.341836387375306,27.72441471309782,19.48945560740139,47.21387032049921,0.03357338778035457,SCENARIO: ESIF training-window mean IT; not Forest City IT,SCENARIO_INPUT + TRANSFERRED_MODEL_OUTPUT
2012-07-04 15:00:00+00:00,29.7,22.424276446650943,27.689616333562917,19.48945560740139,47.179071940964306,0.03354864294409517,SCENARIO: ESIF training-window mean IT; not Forest City IT,SCENARIO_INPUT + TRANSFERRED_MODEL_OUTPUT
2012-07-04 16:00:00+00:00,30.6,22.37079614803659,26.91021160797207,19.48945560740139,46.399667215373455,0.03299441477105041,SCENARIO: ESIF training-window mean IT; not Forest City IT,SCENARIO_INPUT + TRANSFERRED_MODEL_OUTPUT
2012-07-04 17:00:00+00:00,32.8,23.265264741784957,27.309911457447775,19.48945560740139,46.799367064849164,0.03327863798662464,SCENARIO: ESIF training-window mean IT; not Forest City IT,SCENARIO_INPUT + TRANSFERRED_MODEL_OUTPUT
2012-07-04 18:00:00+00:00,33.349999999999994,23.263999681737637,26.89701655075821,19.48945560740139,46.3864721581596,0.032985031876370995,SCENARIO: ESIF training-window mean IT; not Forest City IT,SCENARIO_INPUT + TRANSFERRED_MODEL_OUTPUT
2012-07-04 19:00:00+00:00,33.3,23.102932724585585,26.56534256026684,19.48945560740139,46.054798167668224,0.032749181279420676,SCENARIO: ESIF training-window mean IT; not Forest City IT,SCENARIO_INPUT + TRANSFERRED_MODEL_OUTPUT
2012-07-04 20:00:00+00:00,33.3,23.75282717381158,28.065081104199976,19.48945560740139,47.554536711601365,0.03381563279807007,SCENARIO: ESIF training-window mean IT; not Forest City IT,SCENARIO_INPUT + TRANSFERRED_MODEL_OUTPUT
2012-07-04 21:00:00+00:00,32.75,23.7903543338948,28.56243588720208,19.48945560740139,48.05189149460347,0.03416929761903887,SCENARIO: ESIF training-window mean IT; not Forest City IT,SCENARIO_INPUT + TRANSFERRED_MODEL_OUTPUT
2012-07-04 22:00:00+00:00,31.7,22.96594819371228,27.441715887229826,19.48945560740139,46.931171494631215,0.033372363012812975,SCENARIO: ESIF training-window mean IT; not Forest City IT,SCENARIO_INPUT + TRANSFERRED_MODEL_OUTPUT
2012-07-04 23:00:00+00:00,30.6,22.66614080727154,27.57341575033839,19.48945560740139,47.06287135773978,0.03346601368251551,SCENARIO: ESIF training-window mean IT; not Forest City IT,SCENARIO_INPUT + TRANSFERRED_MODEL_OUTPUT
2012-07-05 00:00:00+00:00,29.75,22.617574105694022,28.08714055291567,19.48945560740139,47.57659616031706,0.03383131908730934,SCENARIO: ESIF training-window mean IT; not Forest City IT,SCENARIO_INPUT + TRANSFERRED_MODEL_OUTPUT
2012-07-05 01:00:00+00:00,27.8,22.26861734965629,28.723472665367375,19.48945560740139,48.212928272768764,0.0342838095233488,SCENARIO: ESIF training-window mean IT; not Forest City IT,SCENARIO_INPUT + TRANSFERRED_MODEL_OUTPUT
2012-07-05 02:00:00+00:00,26.7,22.352000423831967,29.702397546019682,19.48945560740139,49.19185315342107,0.03497991480772553,SCENARIO: ESIF training-window mean IT; not Forest City IT,SCENARIO_INPUT + TRANSFERRED_MODEL_OUTPUT
2012-07-05 03:00:00+00:00,26.7,22.5172733567896,30.072575534214213,19.48945560740139,49.562031141615606,0.035243145274981055,SCENARIO: ESIF training-window mean IT; not Forest City IT,SCENARIO_INPUT + TRANSFERRED_MODEL_OUTPUT
2012-07-05 04:00:00+00:00,25.6,22.37996713339286,30.552659133094828,19.48945560740139,50.04211474049622,0.035584528701562985,SCENARIO: ESIF training-window mean IT; not Forest City IT,SCENARIO_INPUT + TRANSFERRED_MODEL_OUTPUT
2012-07-05 05:00:00+00:00,24.4,22.458013558888254,31.580912641619676,19.48945560740139,51.070368249021065,0.03631571116010475,SCENARIO: ESIF training-window mean IT; not Forest City IT,SCENARIO_INPUT + TRANSFERRED_MODEL_OUTPUT
2012-07-05 06:00:00+00:00,24.4,22.458013558888254,31.580912641619676,19.48945560740139,51.070368249021065,0.03631571116010475,SCENARIO: ESIF training-window mean IT; not Forest City IT,SCENARIO_INPUT + TRANSFERRED_MODEL_OUTPUT
2012-07-05 07:00:00+00:00,22.8,21.591349695082062,30.792599104056684,19.48945560740139,50.28205471145807,0.03575514800547571,SCENARIO: ESIF training-window mean IT; not Forest City IT,SCENARIO_INPUT + TRANSFERRED_MODEL_OUTPUT
2012-07-05 08:00:00+00:00,23.9,21.90332377824037,30.70198421835989,19.48945560740139,50.19143982576128,0.0356907125191341,SCENARIO: ESIF training-window mean IT; not Forest City IT,SCENARIO_INPUT + TRANSFERRED_MODEL_OUTPUT
2012-07-05 09:00:00+00:00,23.6,21.647105234450756,30.35144666840621,19.48945560740139,49.8409022758076,0.03544144820302782,SCENARIO: ESIF training-window mean IT; not Forest City IT,SCENARIO_INPUT + TRANSFERRED_MODEL_OUTPUT
2012-07-05 10:00:00+00:00,23.3,20.984888826473707,29.13024711075271,19.48945560740139,48.6197027181541,0.03457306342482637,SCENARIO: ESIF training-window mean IT; not Forest City IT,SCENARIO_INPUT + TRANSFERRED_MODEL_OUTPUT
2012-07-05 11:00:00+00:00,26.7,22.682966364224626,30.445567928057578,19.48945560740139,49.93502353545897,0.0355083770425235,SCENARIO: ESIF training-window mean IT; not Forest City IT,SCENARIO_INPUT + TRANSFERRED_MODEL_OUTPUT
2012-07-05 12:00:00+00:00,28.049999999999997,22.886589539362298,29.932730241583688,19.48945560740139,49.42218584898508,0.03514370245856142,SCENARIO: ESIF training-window mean IT; not Forest City IT,SCENARIO_INPUT + TRANSFERRED_MODEL_OUTPUT
2012-07-05 13:00:00+00:00,32.2,23.465508631979915,28.2169541048074,19.48945560740139,47.70640971220879,0.033923628416902975,SCENARIO: ESIF training-window mean IT; not Forest City IT,SCENARIO_INPUT + TRANSFERRED_MODEL_OUTPUT
2012-07-05 14:00:00+00:00,33.9,23.556041277335616,27.159324848850865,19.48945560740139,46.648780456252254,0.0331715571103772,SCENARIO: ESIF training-window mean IT; not Forest City IT,SCENARIO_INPUT + TRANSFERRED_MODEL_OUTPUT
2012-07-05 15:00:00+00:00,34.15,23.475905253601464,26.786551699047294,19.48945560740139,46.27600730644868,0.032906481245435326,SCENARIO: ESIF training-window mean IT; not Forest City IT,SCENARIO_INPUT + TRANSFERRED_MODEL_OUTPUT
2012-07-05 16:00:00+00:00,35.6,23.100354355839563,24.83156853424152,19.48945560740139,44.32102414164291,0.03151630908944515,SCENARIO: ESIF training-window mean IT; not Forest City IT,SCENARIO_INPUT + TRANSFERRED_MODEL_OUTPUT
2012-07-05 17:00:00+00:00,36.7,22.80742233348581,23.33077757194077,19.48945560740139,42.82023317934216,0.0304491092049083,SCENARIO: ESIF training-window mean IT; not Forest City IT,SCENARIO_INPUT + TRANSFERRED_MODEL_OUTPUT
2012-07-05 18:00:00+00:00,36.95,22.71869704749524,22.939734694282617,19.48945560740139,42.429190301684,0.030171041889493513,SCENARIO: ESIF training-window mean IT; not Forest City IT,SCENARIO_INPUT + TRANSFERRED_MODEL_OUTPUT
2012-07-05 19:00:00+00:00,35.6,23.093289799468288,24.815425711232198,19.48945560740139,44.30488131863359,0.0315048300631954,SCENARIO: ESIF training-window mean IT; not Forest City IT,SCENARIO_INPUT + TRANSFERRED_MODEL_OUTPUT
2012-07-05 20:00:00+00:00,32.233333333333334,23.900350481545576,29.203274570057825,19.48945560740139,48.69273017745921,0.034624992639551225,SCENARIO: ESIF training-window mean IT; not Forest City IT,SCENARIO_INPUT + TRANSFERRED_MODEL_OUTPUT
2012-07-05 21:00:00+00:00,30.3,23.904827388992324,30.64013629768237,19.48945560740139,50.12959190508376,0.035646732980701444,SCENARIO: ESIF training-window mean IT; not Forest City IT,SCENARIO_INPUT + TRANSFERRED_MODEL_OUTPUT
2012-07-05 22:00:00+00:00,25.066666666666666,20.935372367893564,27.773848891116593,19.48945560740139,47.26330449851798,0.033608540010344634,SCENARIO: ESIF training-window mean IT; not Forest City IT,SCENARIO_INPUT + TRANSFERRED_MODEL_OUTPUT
2012-07-05 23:00:00+00:00,22.84,20.864443248206946,29.196330303329027,19.48945560740139,48.68578591073042,0.0346200546296369,SCENARIO: ESIF training-window mean IT; not Forest City IT,SCENARIO_INPUT + TRANSFERRED_MODEL_OUTPUT
2012-07-06 00:00:00+00:00,22.666666666666668,20.687346513303346,28.94138141103206,19.48945560740139,48.43083701843345,0.0344387626074588,SCENARIO: ESIF training-window mean IT; not Forest City IT,SCENARIO_INPUT + TRANSFERRED_MODEL_OUTPUT
2012-07-06 01:00:00+00:00,21.900000000000002,20.937771708716546,30.011026295902354,19.48945560740139,49.50048190330374,0.03519937812707722,SCENARIO: ESIF training-window mean IT; not Forest City IT,SCENARIO_INPUT + TRANSFERRED_MODEL_OUTPUT
2012-07-06 02:00:00+00:00,22.8,20.436474132251824,28.31802176197388,19.48945560740139,47.80747736937527,0.03399549678149729,SCENARIO: ESIF training-window mean IT; not Forest City IT,SCENARIO_INPUT + TRANSFERRED_MODEL_OUTPUT
2012-07-06 03:00:00+00:00,21.700000000000003,19.93870905567551,28.049157818521348,19.48945560740139,47.53861342592273,0.03380430988297759,SCENARIO: ESIF training-window mean IT; not Forest City IT,SCENARIO_INPUT + TRANSFERRED_MODEL_OUTPUT
2012-07-06 04:00:00+00:00,21.1,20.33256817836721,29.28707886826233,19.48945560740139,48.77653447566372,0.03468458517416407,SCENARIO: ESIF training-window mean IT; not Forest City IT,SCENARIO_INPUT + TRANSFERRED_MODEL_OUTPUT
2012-07-06 05:00:00+00:00,21.1,20.33256817836721,29.28707886826233,19.48945560740139,48.77653447566372,0.03468458517416407,SCENARIO: ESIF training-window mean IT; not Forest City IT,SCENARIO_INPUT + TRANSFERRED_MODEL_OUTPUT
2012-07-06 06:00:00+00:00,20.85,20.257201434915878,29.302853126170493,19.48945560740139,48.792308733571886,0.03469580211685703,SCENARIO: ESIF training-window mean IT; not Forest City IT,SCENARIO_INPUT + TRANSFERRED_MODEL_OUTPUT
2012-07-06 07:00:00+00:00,20.6,19.770471047336407,28.466482309063682,19.48945560740139,47.955937916465075,0.03410106583321228,SCENARIO: ESIF training-window mean IT; not Forest City IT,SCENARIO_INPUT + TRANSFERRED_MODEL_OUTPUT
2012-07-06 08:00:00+00:00,21.1,19.923967079860205,28.43628666237226,19.48945560740139,47.92574226977365,0.034079593961731124,SCENARIO: ESIF training-window mean IT; not Forest City IT,SCENARIO_INPUT + TRANSFERRED_MODEL_OUTPUT
2012-07-06 09:00:00+00:00,21.1,19.923967079860205,28.43628666237226,19.48945560740139,47.92574226977365,0.034079593961731124,SCENARIO: ESIF training-window mean IT; not Forest City IT,SCENARIO_INPUT + TRANSFERRED_MODEL_OUTPUT
2012-07-06 10:00:00+00:00,20.6,19.77105666608167,28.467687383402044,19.48945560740139,47.95714299080343,0.034101922751482085,SCENARIO: ESIF training-window mean IT; not Forest City IT,SCENARIO_INPUT + TRANSFERRED_MODEL_OUTPUT
2012-07-06 11:00:00+00:00,22.8,20.437303876281227,28.319766958413148,19.48945560740139,47.80922256581454,0.03399673777606966,SCENARIO: ESIF training-window mean IT; not Forest City IT,SCENARIO_INPUT + TRANSFERRED_MODEL_OUTPUT
2012-07-06 12:00:00+00:00,24.450000000000003,20.572215050467438,27.440146718168727,19.48945560740139,46.929602325570116,0.033371247189835036,SCENARIO: ESIF training-window mean IT; not Forest City IT,SCENARIO_INPUT + TRANSFERRED_MODEL_OUTPUT
2012-07-06 13:00:00+00:00,29.4,21.37834814461697,25.604220038951237,19.48945560740139,45.09367564635262,0.0320657351036779,SCENARIO: ESIF training-window mean IT; not Forest City IT,SCENARIO_INPUT + TRANSFERRED_MODEL_OUTPUT
2012-07-06 14:00:00+00:00,30.6,21.72120936030626,25.472518037771064,19.48945560740139,44.96197364517245,0.03197208291361055,SCENARIO: ESIF training-window mean IT; not Forest City IT,SCENARIO_INPUT + TRANSFERRED_MODEL_OUTPUT
2012-07-06 15:00:00+00:00,31.400000000000002,21.635525699064605,24.69570573935351,19.48945560740139,44.185161346754896,0.03141969819381778,SCENARIO: ESIF training-window mean IT; not Forest City IT,SCENARIO_INPUT + TRANSFERRED_MODEL_OUTPUT
2012-07-06 16:00:00+00:00,33.3,21.551096555698656,23.100954661252324,19.48945560740139,42.59041026865371,0.0302856840578281,SCENARIO: ESIF training-window mean IT; not Forest City IT,SCENARIO_INPUT + TRANSFERRED_MODEL_OUTPUT
2012-07-06 17:00:00+00:00,34.4,22.4482191916697,24.260078452303194,19.48945560740139,43.74953405970459,0.031109927278267696,SCENARIO: ESIF training-window mean IT; not Forest City IT,SCENARIO_INPUT + TRANSFERRED_MODEL_OUTPUT
2012-07-06 18:00:00+00:00,33.849999999999994,21.998361620752366,23.67141757774498,19.48945560740139,43.16087318514637,0.0306913354602594,SCENARIO: ESIF training-window mean IT; not Forest City IT,SCENARIO_INPUT + TRANSFERRED_MODEL_OUTPUT
2012-07-06 19:00:00+00:00,33.9,22.036204529104104,23.717657864988293,19.48945560740139,43.20711347238968,0.030724216541267082,SCENARIO: ESIF training-window mean IT; not Forest City IT,SCENARIO_INPUT + TRANSFERRED_MODEL_OUTPUT
2012-07-06 20:00:00+00:00,35.0,22.935355621850434,24.908338714728032,19.48945560740139,44.39779432212942,0.031570899721857726,SCENARIO: ESIF training-window mean IT; not Forest City IT,SCENARIO_INPUT + TRANSFERRED_MODEL_OUTPUT
2012-07-06 21:00:00+00:00,34.45,22.924740958013967,25.29803362361585,19.48945560740139,44.78748923101724,0.03184800850796883,SCENARIO: ESIF training-window mean IT; not Forest City IT,SCENARIO_INPUT + TRANSFERRED_MODEL_OUTPUT
2012-07-06 22:00:00+00:00,32.2,23.09963058643699,27.37626296024277,19.48945560740139,46.86571856764416,0.03332581998458465,SCENARIO: ESIF training-window mean IT; not Forest City IT,SCENARIO_INPUT + TRANSFERRED_MODEL_OUTPUT
2012-07-06 23:00:00+00:00,30.0,22.872872209379686,28.481400156535816,19.48945560740139,47.97085576393721,0.03411167378961641,SCENARIO: ESIF training-window mean IT; not Forest City IT,SCENARIO_INPUT + TRANSFERRED_MODEL_OUTPUT
2012-07-07 00:00:00+00:00,29.45,22.723208801228257,28.544662944447367,19.48945560740139,48.034118551848756,0.03415665942829002,SCENARIO: ESIF training-window mean IT; not Forest City IT,SCENARIO_INPUT + TRANSFERRED_MODEL_OUTPUT
2012-07-07 01:00:00+00:00,28.3,21.721139281646153,27.15159442375029,19.48945560740139,46.64105003115168,0.033166060069828585,SCENARIO: ESIF training-window mean IT; not Forest City IT,SCENARIO_INPUT + TRANSFERRED_MODEL_OUTPUT
2012-07-07 02:00:00+00:00,26.7,22.682966364224626,30.445567928057578,19.48945560740139,49.93502353545897,0.0355083770425235,SCENARIO: ESIF training-window mean IT; not Forest City IT,SCENARIO_INPUT + TRANSFERRED_MODEL_OUTPUT
2012-07-07 03:00:00+00:00,26.7,22.5172733567896,30.072575534214213,19.48945560740139,49.562031141615606,0.035243145274981055,SCENARIO: ESIF training-window mean IT; not Forest City IT,SCENARIO_INPUT + TRANSFERRED_MODEL_OUTPUT
2012-07-07 04:00:00+00:00,25.0,21.876461884884556,29.862977012853683,19.48945560740139,49.35243262025507,0.035094101521777644,SCENARIO: ESIF training-window mean IT; not Forest City IT,SCENARIO_INPUT + TRANSFERRED_MODEL_OUTPUT
2012-07-07 05:00:00+00:00,25.0,21.876461884884556,29.862977012853683,19.48945560740139,49.35243262025507,0.035094101521777644,SCENARIO: ESIF training-window mean IT; not Forest City IT,SCENARIO_INPUT + TRANSFERRED_MODEL_OUTPUT
2012-07-07 06:00:00+00:00,24.7,21.79149213963685,29.88934109241349,19.48945560740139,49.37879669981488,0.03511284879795994,SCENARIO: ESIF training-window mean IT; not Forest City IT,SCENARIO_INPUT + TRANSFERRED_MODEL_OUTPUT
2012-07-07 07:00:00+00:00,23.9,21.56376534520418,29.957708311347684,19.48945560740139,49.44716391874907,0.0351614641547854,SCENARIO: ESIF training-window mean IT; not Forest City IT,SCENARIO_INPUT + TRANSFERRED_MODEL_OUTPUT
2012-07-07 08:00:00+00:00,23.3,21.39124885141917,30.005799333465376,19.48945560740139,49.495254940866765,0.03519566127786281,SCENARIO: ESIF training-window mean IT; not Forest City IT,SCENARIO_INPUT + TRANSFERRED_MODEL_OUTPUT
2012-07-07 09:00:00+00:00,23.05,21.490427084222567,30.397092154380083,19.48945560740139,49.88654776178147,0.035473906325834116,SCENARIO: ESIF training-window mean IT; not Forest City IT,SCENARIO_INPUT + TRANSFERRED_MODEL_OUTPUT
2012-07-07 10:00:00+00:00,22.8,21.592179527079946,30.794409968295376,19.48945560740139,50.283865575696765,0.0357564356958703,SCENARIO: ESIF training-window mean IT; not Forest City IT,SCENARIO_INPUT + TRANSFERRED_MODEL_OUTPUT
2012-07-07 11:00:00+00:00,24.4,22.459331723789738,31.583867229614228,19.48945560740139,51.07332283701562,0.03631781214288373,SCENARIO: ESIF training-window mean IT; not Forest City IT,SCENARIO_INPUT + TRANSFERRED_MODEL_OUTPUT
2012-07-07 12:00:00+00:00,25.799999999999997,22.844011028263104,31.454800042732185,19.48945560740139,50.94425565013357,0.036226033547197854,SCENARIO: ESIF training-window mean IT; not Forest City IT,SCENARIO_INPUT + TRANSFERRED_MODEL_OUTPUT
2012-07-07 13:00:00+00:00,28.9,23.675305410789235,31.127824757380424,19.48945560740139,50.61728036478181,0.03599352416012182,SCENARIO: ESIF training-window mean IT; not Forest City IT,SCENARIO_INPUT + TRANSFERRED_MODEL_OUTPUT
2012-07-07 14:00:00+00:00,30.6,24.11996110843929,30.924885865743768,19.48945560740139,50.41434147314516,0.035849216013842305,SCENARIO: ESIF training-window mean IT; not Forest City IT,SCENARIO_INPUT + TRANSFERRED_MODEL_OUTPUT
2012-07-07 15:00:00+00:00,31.15,24.068803045070744,30.399629717572978,19.48945560740139,49.88908532497437,0.035475710765769115,SCENARIO: ESIF training-window mean IT; not Forest City IT,SCENARIO_INPUT + TRANSFERRED_MODEL_OUTPUT
2012-07-07 16:00:00+00:00,32.8,23.993969480720722,29.00156248426996,19.48945560740139,48.49101809167135,0.03448155686463659,SCENARIO: ESIF training-window mean IT; not Forest City IT,SCENARIO_INPUT + TRANSFERRED_MODEL_OUTPUT
2012-07-07 17:00:00+00:00,33.3,23.399787857544325,27.246804236975706,19.48945560740139,46.736259844377095,0.03323376297065441,SCENARIO: ESIF training-window mean IT; not Forest City IT,SCENARIO_INPUT + TRANSFERRED_MODEL_OUTPUT
2012-07-07 18:00:00+00:00,33.599999999999994,23.47895169586687,27.20544331474251,19.48945560740139,46.6948989221439,0.03320435156524194,SCENARIO: ESIF training-window mean IT; not Forest City IT,SCENARIO_INPUT + TRANSFERRED_MODEL_OUTPUT
2012-07-07 19:00:00+00:00,34.4,24.041249679835353,27.916323567056402,19.48945560740139,47.40577917445779,0.03370985255921506,SCENARIO: ESIF training-window mean IT; not Forest City IT,SCENARIO_INPUT + TRANSFERRED_MODEL_OUTPUT
2012-07-07 20:00:00+00:00,33.9,23.555155929732358,27.157274037082054,19.48945560740139,46.64672964448344,0.033170098795303436,SCENARIO: ESIF training-window mean IT; not Forest City IT,SCENARIO_INPUT + TRANSFERRED_MODEL_OUTPUT
2012-07-07 21:00:00+00:00,33.9,23.5542705821291,27.155223278871844,19.48945560740139,46.64467888627323,0.03316864051831475,SCENARIO: ESIF training-window mean IT; not Forest City IT,SCENARIO_INPUT + TRANSFERRED_MODEL_OUTPUT
2012-07-07 22:00:00+00:00,33.9,23.908945511319576,27.98105479501599,19.48945560740139,47.470510402417375,0.033755882393309004,SCENARIO: ESIF training-window mean IT; not Forest City IT,SCENARIO_INPUT + TRANSFERRED_MODEL_OUTPUT
2012-07-07 23:00:00+00:00,32.2,24.143292464203753,29.798489392596043,19.48945560740139,49.287944999997436,0.0350482449150804,SCENARIO: ESIF training-window mean IT; not Forest City IT,SCENARIO_INPUT + TRANSFERRED_MODEL_OUTPUT
2012-07-08 00:00:00+00:00,30.8,23.780327793228864,29.981928386518668,19.48945560740139,49.47138399392006,0.035178686847402316,SCENARIO: ESIF training-window mean IT; not Forest City IT,SCENARIO_INPUT + TRANSFERRED_MODEL_OUTPUT
2012-07-08 01:00:00+00:00,28.9,23.672668230042596,31.121694681090432,19.48945560740139,50.61115028849182,0.03598916511420989,SCENARIO: ESIF training-window mean IT; not Forest City IT,SCENARIO_INPUT + TRANSFERRED_MODEL_OUTPUT
2012-07-08 02:00:00+00:00,27.8,23.382070736383,31.247108579029025,19.48945560740139,50.736564186430414,0.03607834588672347,SCENARIO: ESIF training-window mean IT; not Forest City IT,SCENARIO_INPUT + TRANSFERRED_MODEL_OUTPUT
2012-07-08 03:00:00+00:00,27.5,23.4702619808417,31.667359566573808,19.48945560740139,51.1568151739752,0.0363771828444679,SCENARIO: ESIF training-window mean IT; not Forest City IT,SCENARIO_INPUT + TRANSFERRED_MODEL_OUTPUT
2012-07-08 04:00:00+00:00,27.2,23.221494353657697,31.31104586085612,19.48945560740139,50.80050146825751,0.036123811152371704,SCENARIO: ESIF training-window mean IT; not Forest City IT,SCENARIO_INPUT + TRANSFERRED_MODEL_OUTPUT
2012-07-08 05:00:00+00:00,26.7,23.086969081129844,31.362883745885775,19.48945560740139,50.852339353287164,0.036160672638286755,SCENARIO: ESIF training-window mean IT; not Forest City IT,SCENARIO_INPUT + TRANSFERRED_MODEL_OUTPUT
2012-07-08 06:00:00+00:00,26.4,23.00611885762487,31.393764567819026,19.48945560740139,50.883220175220416,0.0361826317321442,SCENARIO: ESIF training-window mean IT; not Forest City IT,SCENARIO_INPUT + TRANSFERRED_MODEL_OUTPUT
2012-07-08 07:00:00+00:00,26.1,22.518397893514965,30.50541870067864,19.48945560740139,49.99487430808003,0.035550936425698836,SCENARIO: ESIF training-window mean IT; not Forest City IT,SCENARIO_INPUT + TRANSFERRED_MODEL_OUTPUT
2012-07-08 08:00:00+00:00,25.6,22.379967133392803,30.552659133094696,19.48945560740139,50.04211474049609,0.035584528701562895,SCENARIO: ESIF training-window mean IT; not Forest City IT,SCENARIO_INPUT + TRANSFERRED_MODEL_OUTPUT
2012-07-08 09:00:00+00:00,25.6,22.37996713339286,30.552659133094828,19.48945560740139,50.04211474049622,0.035584528701562985,SCENARIO: ESIF training-window mean IT; not Forest City IT,SCENARIO_INPUT + TRANSFERRED_MODEL_OUTPUT
2012-07-08 10:00:00+00:00,25.0,22.21394391796376,30.609888398677967,19.48945560740139,50.099344006079356,0.03562522395303813,SCENARIO: ESIF training-window mean IT; not Forest City IT,SCENARIO_INPUT + TRANSFERRED_MODEL_OUTPUT
2012-07-08 11:00:00+00:00,26.7,23.086969081129844,31.362883745885775,19.48945560740139,50.852339353287164,0.036160672638286755,SCENARIO: ESIF training-window mean IT; not Forest City IT,SCENARIO_INPUT + TRANSFERRED_MODEL_OUTPUT
2012-07-08 12:00:00+00:00,27.5,23.302269696148194,31.28016735863408,19.48945560740139,50.76962296603547,0.036101853708041476,SCENARIO: ESIF training-window mean IT; not Forest City IT,SCENARIO_INPUT + TRANSFERRED_MODEL_OUTPUT
2012-07-08 13:00:00+00:00,30.0,24.291623896531263,31.77036810305207,19.48945560740139,51.25982371045346,0.036450431352086435,SCENARIO: ESIF training-window mean IT; not Forest City IT,SCENARIO_INPUT + TRANSFERRED_MODEL_OUTPUT
2012-07-08 14:00:00+00:00,31.1,24.572199071097174,31.62886116163557,19.48945560740139,51.11831676903696,0.03634980695113099,SCENARIO: ESIF training-window mean IT; not Forest City IT,SCENARIO_INPUT + TRANSFERRED_MODEL_OUTPUT
2012-07-08 15:00:00+00:00,32.2,24.850122331921703,31.48123653293844,19.48945560740139,50.97069214033983,0.03624483231398442,SCENARIO: ESIF training-window mean IT; not Forest City IT,SCENARIO_INPUT + TRANSFERRED_MODEL_OUTPUT
2012-07-08 16:00:00+00:00,33.9,25.27164891678686,31.233951819848198,19.48945560740139,50.72340742724958,0.0360689902254546,SCENARIO: ESIF training-window mean IT; not Forest City IT,SCENARIO_INPUT + TRANSFERRED_MODEL_OUTPUT
2012-07-08 17:00:00+00:00,35.6,25.373735277762204,30.203462615415674,19.48945560740139,49.69291822281706,0.03533621798227629,SCENARIO: ESIF training-window mean IT; not Forest City IT,SCENARIO_INPUT + TRANSFERRED_MODEL_OUTPUT
2012-07-08 18:00:00+00:00,35.3,25.299664141689746,30.24951542335998,19.48945560740139,49.73897103076137,0.03536896574832455,SCENARIO: ESIF training-window mean IT; not Forest City IT,SCENARIO_INPUT + TRANSFERRED_MODEL_OUTPUT
2012-07-08 19:00:00+00:00,31.349999999999998,23.166318274755103,28.157757644021725,19.48945560740139,47.64721325142311,0.03388153430939408,SCENARIO: ESIF training-window mean IT; not Forest City IT,SCENARIO_INPUT + TRANSFERRED_MODEL_OUTPUT
2012-07-08 20:00:00+00:00,32.95,24.84159914965808,30.90325171037319,19.48945560740139,50.39270731777458,0.03583383214713901,SCENARIO: ESIF training-window mean IT; not Forest City IT,SCENARIO_INPUT + TRANSFERRED_MODEL_OUTPUT
2012-07-08 21:00:00+00:00,34.45,25.433122953554978,31.215264193866194,19.48945560740139,50.704719801267586,0.03605570161112308,SCENARIO: ESIF training-window mean IT; not Forest City IT,SCENARIO_INPUT + TRANSFERRED_MODEL_OUTPUT
2012-07-08 22:00:00+00:00,33.9,24.264260851439715,28.816996081918106,19.48945560740139,48.306451689319495,0.03435031324162241,SCENARIO: ESIF training-window mean IT; not Forest City IT,SCENARIO_INPUT + TRANSFERRED_MODEL_OUTPUT
2012-07-08 23:00:00+00:00,32.2,24.138548241049133,29.787310172715504,19.48945560740139,49.27676578011689,0.03504029546544656,SCENARIO: ESIF training-window mean IT; not Forest City IT,SCENARIO_INPUT + TRANSFERRED_MODEL_OUTPUT
2012-07-09 00:00:00+00:00,30.8,23.968587675437078,30.422113647532036,19.48945560740139,49.911569254933426,0.03549169890006562,SCENARIO: ESIF training-window mean IT; not Forest City IT,SCENARIO_INPUT + TRANSFERRED_MODEL_OUTPUT
2012-07-09 01:00:00+00:00,27.8,22.266713095365787,28.719229245857804,19.48945560740139,48.20868485325919,0.03428079206327314,SCENARIO: ESIF training-window mean IT; not Forest City IT,SCENARIO_INPUT + TRANSFERRED_MODEL_OUTPUT
2012-07-09 02:00:00+00:00,27.2,21.404621721205558,27.256711434478518,19.48945560740139,46.74616704187991,0.03324080789582832,SCENARIO: ESIF training-window mean IT; not Forest City IT,SCENARIO_INPUT + TRANSFERRED_MODEL_OUTPUT
2012-07-09 03:00:00+00:00,27.2,21.560668088862535,27.596073251555183,19.48945560740139,47.08552885895657,0.033482125241879775,SCENARIO: ESIF training-window mean IT; not Forest City IT,SCENARIO_INPUT + TRANSFERRED_MODEL_OUTPUT
2012-07-09 04:00:00+00:00,26.7,22.68091563659639,30.440940059360017,19.48945560740139,49.930395666761406,0.03550508620384993,SCENARIO: ESIF training-window mean IT; not Forest City IT,SCENARIO_INPUT + TRANSFERRED_MODEL_OUTPUT
2012-07-09 05:00:00+00:00,26.7,22.68091563659639,30.440940059360017,19.48945560740139,49.930395666761406,0.03550508620384993,SCENARIO: ESIF training-window mean IT; not Forest City IT,SCENARIO_INPUT + TRANSFERRED_MODEL_OUTPUT
2012-07-09 06:00:00+00:00,26.4,22.5982456233315,30.46996765328001,19.48945560740139,49.9594232606814,0.03552572748278747,SCENARIO: ESIF training-window mean IT; not Forest City IT,SCENARIO_INPUT + TRANSFERRED_MODEL_OUTPUT
2012-07-09 07:00:00+00:00,25.6,22.043053916835575,29.803178116858316,19.48945560740139,49.2926337242597,0.035051579027636386,SCENARIO: ESIF training-window mean IT; not Forest City IT,SCENARIO_INPUT + TRANSFERRED_MODEL_OUTPUT
2012-07-09 08:00:00+00:00,25.0,21.873776818164778,29.857065658452733,19.48945560740139,49.34652126585412,0.035089898007169266,SCENARIO: ESIF training-window mean IT; not Forest City IT,SCENARIO_INPUT + TRANSFERRED_MODEL_OUTPUT
2012-07-09 10:00:00+00:00,23.9,21.90264033609703,30.700478273512577,19.48945560740139,50.18993388091397,0.0356896416543651,SCENARIO: ESIF training-window mean IT; not Forest City IT,SCENARIO_INPUT + TRANSFERRED_MODEL_OUTPUT
2012-07-09 11:00:00+00:00,26.1,22.51595665496577,30.499937051167805,19.48945560740139,49.989392658569194,0.03554703847063915,SCENARIO: ESIF training-window mean IT; not Forest City IT,SCENARIO_INPUT + TRANSFERRED_MODEL_OUTPUT
2012-07-09 12:00:00+00:00,27.200000000000003,23.01660918784802,30.842563012714884,19.48945560740139,50.33201862011627,0.03579067692248711,SCENARIO: ESIF training-window mean IT; not Forest City IT,SCENARIO_INPUT + TRANSFERRED_MODEL_OUTPUT
2012-07-09 13:00:00+00:00,30.6,23.72574561137167,30.00183596577194,19.48945560740139,49.49129157317333,0.03519284296028824,SCENARIO: ESIF training-window mean IT; not Forest City IT,SCENARIO_INPUT + TRANSFERRED_MODEL_OUTPUT
2012-07-09 14:00:00+00:00,31.7,23.698782378295487,29.128068791322292,19.48945560740139,48.61752439872368,0.03457151444012229,SCENARIO: ESIF training-window mean IT; not Forest City IT,SCENARIO_INPUT + TRANSFERRED_MODEL_OUTPUT
2012-07-09 15:00:00+00:00,32.25,23.842733071403025,29.056201072503992,19.48945560740139,48.54565667990538,0.03452040990714506,SCENARIO: ESIF training-window mean IT; not Forest City IT,SCENARIO_INPUT + TRANSFERRED_MODEL_OUTPUT
2012-07-09 16:00:00+00:00,34.4,24.39573486942948,28.75350632262728,19.48945560740139,48.24296193002867,0.03430516620550183,SCENARIO: ESIF training-window mean IT; not Forest City IT,SCENARIO_INPUT + TRANSFERRED_MODEL_OUTPUT
2012-07-09 17:00:00+00:00,33.9,23.903004264968576,27.96715030430687,19.48945560740139,47.45660591170826,0.03374599502641244,SCENARIO: ESIF training-window mean IT; not Forest City IT,SCENARIO_INPUT + TRANSFERRED_MODEL_OUTPUT
2012-07-09 18:00:00+00:00,32.699999999999996,23.27095434369881,27.397385124110844,19.48945560740139,46.88684073151224,0.03334083977841831,SCENARIO: ESIF training-window mean IT; not Forest City IT,SCENARIO_INPUT + TRANSFERRED_MODEL_OUTPUT
2012-07-09 19:00:00+00:00,28.95,24.117743506890335,32.12659727923351,19.48945560740139,51.6160528866349,0.03670374293593731,SCENARIO: ESIF training-window mean IT; not Forest City IT,SCENARIO_INPUT + TRANSFERRED_MODEL_OUTPUT
2012-07-09 20:00:00+00:00,31.1,24.239586985228698,30.839076778276066,19.48945560740139,50.328532385677455,0.035788197890374025,SCENARIO: ESIF training-window mean IT; not Forest City IT,SCENARIO_INPUT + TRANSFERRED_MODEL_OUTPUT
2012-07-09 21:00:00+00:00,31.1,23.885856468105345,30.007441275323806,19.48945560740139,49.496896882725196,0.03519682884896748,SCENARIO: ESIF training-window mean IT; not Forest City IT,SCENARIO_INPUT + TRANSFERRED_MODEL_OUTPUT
2012-07-09 22:00:00+00:00,31.7,24.39219878434458,30.757503865419096,19.48945560740139,50.246959472820485,0.03573019207519452,SCENARIO: ESIF training-window mean IT; not Forest City IT,SCENARIO_INPUT + TRANSFERRED_MODEL_OUTPUT
2012-07-09 23:00:00+00:00,30.6,23.40449425342574,29.257483013357714,19.48945560740139,48.7469386207591,0.034663539809599395,SCENARIO: ESIF training-window mean IT; not Forest City IT,SCENARIO_INPUT + TRANSFERRED_MODEL_OUTPUT
2012-07-10 00:00:00+00:00,29.75,23.338137490133025,29.727802374904456,19.48945560740139,49.217257982305846,0.0349979799687863,SCENARIO: ESIF training-window mean IT; not Forest City IT,SCENARIO_INPUT + TRANSFERRED_MODEL_OUTPUT
2012-07-10 01:00:00+00:00,28.3,23.11443186356795,30.27068412010727,19.48945560740139,49.76013972750866,0.03538401863129892,SCENARIO: ESIF training-window mean IT; not Forest City IT,SCENARIO_INPUT + TRANSFERRED_MODEL_OUTPUT
2012-07-10 02:00:00+00:00,27.2,22.81818934527717,30.391597482793305,19.48945560740139,49.8810530901947,0.03546999911088528,SCENARIO: ESIF training-window mean IT; not Forest City IT,SCENARIO_INPUT + TRANSFERRED_MODEL_OUTPUT
2012-07-10 03:00:00+00:00,26.95,22.95038712192034,30.871768535716804,19.48945560740139,50.36122414311819,0.0358114447253047,SCENARIO: ESIF training-window mean IT; not Forest City IT,SCENARIO_INPUT + TRANSFERRED_MODEL_OUTPUT
2012-07-10 04:00:00+00:00,26.1,22.92281761789978,31.41913954094863,19.48945560740139,50.90859514835002,0.0362006756630275,SCENARIO: ESIF training-window mean IT; not Forest City IT,SCENARIO_INPUT + TRANSFERRED_MODEL_OUTPUT
2012-07-10 05:00:00+00:00,26.1,22.183194675755715,29.756551475618817,19.48945560740139,49.2460070830202,0.03501842321353763,SCENARIO: ESIF training-window mean IT; not Forest City IT,SCENARIO_INPUT + TRANSFERRED_MODEL_OUTPUT
2012-07-10 06:00:00+00:00,25.85,22.11385988212907,29.781460682505205,19.48945560740139,49.270916289906594,0.035036135941946066,SCENARIO: ESIF training-window mean IT; not Forest City IT,SCENARIO_INPUT + TRANSFERRED_MODEL_OUTPUT
2012-07-10 07:00:00+00:00,25.0,21.477512472372574,28.990064138438285,19.48945560740139,48.479519745839674,0.0344733804872115,SCENARIO: ESIF training-window mean IT; not Forest City IT,SCENARIO_INPUT + TRANSFERRED_MODEL_OUTPUT
2012-07-10 08:00:00+00:00,24.46666666666667,22.499357098241973,31.626379812865565,19.48945560740139,51.115835420266954,0.03634804248480133,SCENARIO: ESIF training-window mean IT; not Forest City IT,SCENARIO_INPUT + TRANSFERRED_MODEL_OUTPUT
2012-07-10 09:00:00+00:00,24.05,22.559513303387302,32.05656399410125,19.48945560740139,51.54601960150264,0.036653942853391304,SCENARIO: ESIF training-window mean IT; not Forest City IT,SCENARIO_INPUT + TRANSFERRED_MODEL_OUTPUT
2012-07-10 10:00:00+00:00,23.3,22.15142864363569,31.673995547412083,19.48945560740139,51.16345115481347,0.03638190163486729,SCENARIO: ESIF training-window mean IT; not Forest City IT,SCENARIO_INPUT + TRANSFERRED_MODEL_OUTPUT
2012-07-10 11:00:00+00:00,23.9,21.904007220383704,30.703490195122946,19.48945560740139,50.192945802524335,0.03569178340659813,SCENARIO: ESIF training-window mean IT; not Forest City IT,SCENARIO_INPUT + TRANSFERRED_MODEL_OUTPUT
2012-07-10 12:00:00+00:00,24.15,21.975011789868894,30.683336631104837,19.48945560740139,50.172792238506226,0.035677452376005996,SCENARIO: ESIF training-window mean IT; not Forest City IT,SCENARIO_INPUT + TRANSFERRED_MODEL_OUTPUT
2012-07-10 13:00:00+00:00,25.55,22.87858116084405,31.71177037118468,19.48945560740139,51.201225978586066,0.03640876299569712,SCENARIO: ESIF training-window mean IT; not Forest City IT,SCENARIO_INPUT + TRANSFERRED_MODEL_OUTPUT
2012-07-10 14:00:00+00:00,27.2,23.221494353657697,31.31104586085612,19.48945560740139,50.80050146825751,0.036123811152371704,SCENARIO: ESIF training-window mean IT; not Forest City IT,SCENARIO_INPUT + TRANSFERRED_MODEL_OUTPUT
2012-07-10 15:00:00+00:00,27.5,23.302269696148194,31.28016735863408,19.48945560740139,50.76962296603547,0.036101853708041476,SCENARIO: ESIF training-window mean IT; not Forest City IT,SCENARIO_INPUT + TRANSFERRED_MODEL_OUTPUT
2012-07-10 16:00:00+00:00,28.475,23.712454864478396,31.52314996782753,19.48945560740139,51.01260557522892,0.03627463660651934,SCENARIO: ESIF training-window mean IT; not Forest City IT,SCENARIO_INPUT + TRANSFERRED_MODEL_OUTPUT
2012-07-10 17:00:00+00:00,30.0,23.569975372999572,30.080246670739633,19.48945560740139,49.56970227814102,0.03524860015592039,SCENARIO: ESIF training-window mean IT; not Forest City IT,SCENARIO_INPUT + TRANSFERRED_MODEL_OUTPUT
2012-07-10 18:00:00+00:00,30.3,23.64859214310271,30.042723871286736,19.48945560740139,49.53217947868812,0.03522191800747365,SCENARIO: ESIF training-window mean IT; not Forest City IT,SCENARIO_INPUT + TRANSFERRED_MODEL_OUTPUT
2012-07-10 19:00:00+00:00,25.6,21.26161366505142,28.09468056136047,19.48945560740139,47.58413616876186,0.03383668072416872,SCENARIO: ESIF training-window mean IT; not Forest City IT,SCENARIO_INPUT + TRANSFERRED_MODEL_OUTPUT
2012-07-10 20:00:00+00:00,21.275,19.53319907372034,27.511648107067625,19.48945560740139,47.00110371446901,0.03342209122867449,SCENARIO: ESIF training-window mean IT; not Forest City IT,SCENARIO_INPUT + TRANSFERRED_MODEL_OUTPUT
2012-07-10 21:00:00+00:00,21.96666666666667,20.591634857882234,29.228691918819163,19.48945560740139,48.71814752622055,0.034643066703391366,SCENARIO: ESIF training-window mean IT; not Forest City IT,SCENARIO_INPUT + TRANSFERRED_MODEL_OUTPUT
2012-07-10 22:00:00+00:00,21.7,21.27447389026316,30.87415414402088,19.48945560740139,50.363609751422274,0.035813141111390855,SCENARIO: ESIF training-window mean IT; not Forest City IT,SCENARIO_INPUT + TRANSFERRED_MODEL_OUTPUT
2012-07-10 23:00:00+00:00,22.266666666666666,21.27545806410253,30.4804572066747,19.48945560740139,49.96991281407609,0.035533186516359005,SCENARIO: ESIF training-window mean IT; not Forest City IT,SCENARIO_INPUT + TRANSFERRED_MODEL_OUTPUT
2012-07-11 00:00:00+00:00,22.866666666666664,21.357507424630956,30.237374759514168,19.48945560740139,49.72683036691556,0.03536033262393887,SCENARIO: ESIF training-window mean IT; not Forest City IT,SCENARIO_INPUT + TRANSFERRED_MODEL_OUTPUT
2012-07-11 01:00:00+00:00,22.45,21.438982049460733,30.706328224660762,19.48945560740139,50.19578383206215,0.03569380150563467,SCENARIO: ESIF training-window mean IT; not Forest City IT,SCENARIO_INPUT + TRANSFERRED_MODEL_OUTPUT
2012-07-11 02:00:00+00:00,22.8,22.011995062915204,31.716567066174292,19.48945560740139,51.20602267357568,0.0364121738853331,SCENARIO: ESIF training-window mean IT; not Forest City IT,SCENARIO_INPUT + TRANSFERRED_MODEL_OUTPUT
2012-07-11 03:00:00+00:00,22.96,22.227542238382267,32.08234300135051,19.48945560740139,51.5717986087519,0.036672274089553404,SCENARIO: ESIF training-window mean IT; not Forest City IT,SCENARIO_INPUT + TRANSFERRED_MODEL_OUTPUT
2012-07-11 04:00:00+00:00,22.64,22.137343890042324,32.10650055568929,19.48945560740139,51.595956163090676,0.03668945232413013,SCENARIO: ESIF training-window mean IT; not Forest City IT,SCENARIO_INPUT + TRANSFERRED_MODEL_OUTPUT
2012-07-11 05:00:00+00:00,22.2,21.41957440857306,30.839181518714742,19.48945560740139,50.328637126116135,0.03578827237042279,SCENARIO: ESIF training-window mean IT; not Forest City IT,SCENARIO_INPUT + TRANSFERRED_MODEL_OUTPUT
2012-07-11 06:00:00+00:00,22.1,21.26867246644029,30.582357501894116,19.48945560740139,50.071813109295505,0.035605646962899626,SCENARIO: ESIF training-window mean IT; not Forest City IT,SCENARIO_INPUT + TRANSFERRED_MODEL_OUTPUT
2012-07-11 07:00:00+00:00,21.94,21.218593770686986,30.586053408992246,19.48945560740139,50.07550901639364,0.035608275091484794,SCENARIO: ESIF training-window mean IT; not Forest City IT,SCENARIO_INPUT + TRANSFERRED_MODEL_OUTPUT
2012-07-11 08:00:00+00:00,21.900000000000002,21.169420192167834,30.508012737299495,19.48945560740139,49.997468344700884,0.035552781023415504,SCENARIO: ESIF training-window mean IT; not Forest City IT,SCENARIO_INPUT + TRANSFERRED_MODEL_OUTPUT
2012-07-11 09:00:00+00:00,21.599999999999998,20.850048579251013,30.03303667419916,19.48945560740139,49.52249228160055,0.03521502952275257,SCENARIO: ESIF training-window mean IT; not Forest City IT,SCENARIO_INPUT + TRANSFERRED_MODEL_OUTPUT
2012-07-11 10:00:00+00:00,21.1,20.333105031687694,29.288204212260048,19.48945560740139,48.77765981966144,0.03468538539685636,SCENARIO: ESIF training-window mean IT; not Forest City IT,SCENARIO_INPUT + TRANSFERRED_MODEL_OUTPUT
2012-07-11 11:00:00+00:00,21.566666666666666,20.702557667197794,29.74262654040077,19.48945560740139,49.23208214780216,0.035008521308721986,SCENARIO: ESIF training-window mean IT; not Forest City IT,SCENARIO_INPUT + TRANSFERRED_MODEL_OUTPUT
2012-07-11 12:00:00+00:00,21.975,20.86916920467636,29.81217405627037,19.48945560740139,49.30162966367176,0.03505797596481352,SCENARIO: ESIF training-window mean IT; not Forest City IT,SCENARIO_INPUT + TRANSFERRED_MODEL_OUTPUT
2012-07-11 13:00:00+00:00,22.8,21.5930093590778,30.796220879586432,19.48945560740139,50.285676486987825,0.03575772341972344,SCENARIO: ESIF training-window mean IT; not Forest City IT,SCENARIO_INPUT + TRANSFERRED_MODEL_OUTPUT
2012-07-11 14:00:00+00:00,22.933333333333334,21.47030755553017,30.435331055798898,19.48945560740139,49.92478666320029,0.03550109768839164,SCENARIO: ESIF training-window mean IT; not Forest City IT,SCENARIO_INPUT + TRANSFERRED_MODEL_OUTPUT
2012-07-11 15:00:00+00:00,22.9,21.41441175334457,30.337340869424768,19.48945560740139,49.82679647682616,0.03543141768750471,SCENARIO: ESIF training-window mean IT; not Forest City IT,SCENARIO_INPUT + TRANSFERRED_MODEL_OUTPUT
2012-07-11 16:00:00+00:00,25.0,22.014300865540363,30.167100520720098,19.48945560740139,49.65655612812149,0.03531036120126187,SCENARIO: ESIF training-window mean IT; not Forest City IT,SCENARIO_INPUT + TRANSFERRED_MODEL_OUTPUT
2012-07-11 17:00:00+00:00,26.05,22.109820910421455,29.629444691151324,19.48945560740139,49.11890029855272,0.03492803864359086,SCENARIO: ESIF training-window mean IT; not Forest City IT,SCENARIO_INPUT + TRANSFERRED_MODEL_OUTPUT
2012-07-11 18:00:00+00:00,26.766666666666666,22.200763318406818,29.317385224210913,19.48945560740139,48.806840831612305,0.034706135770070826,SCENARIO: ESIF training-window mean IT; not Forest City IT,SCENARIO_INPUT + TRANSFERRED_MODEL_OUTPUT
2012-07-11 19:00:00+00:00,27.8,21.89437378542896,27.894273020606644,19.48945560740139,47.38372862800803,0.03369417260030254,SCENARIO: ESIF training-window mean IT; not Forest City IT,SCENARIO_INPUT + TRANSFERRED_MODEL_OUTPUT
2012-07-11 20:00:00+00:00,28.65,22.63633478537176,28.931353776304334,19.48945560740139,48.42080938370572,0.034431632040382895,SCENARIO: ESIF training-window mean IT; not Forest City IT,SCENARIO_INPUT + TRANSFERRED_MODEL_OUTPUT
2012-07-11 21:00:00+00:00,26.950000000000003,22.196437029028647,29.175923431590604,19.48945560740139,48.66537903899199,0.03460554347404624,SCENARIO: ESIF training-window mean IT; not Forest City IT,SCENARIO_INPUT + TRANSFERRED_MODEL_OUTPUT
2012-07-11 22:00:00+00:00,22.9,20.6692021379018,28.739143400948365,19.48945560740139,48.228599008349754,0.034294952852181884,SCENARIO: ESIF training-window mean IT; not Forest City IT,SCENARIO_INPUT + TRANSFERRED_MODEL_OUTPUT
2012-07-11 23:00:00+00:00,21.7,20.10799362510857,28.400429829261046,19.48945560740139,47.88988543666244,0.034054096467997896,SCENARIO: ESIF training-window mean IT; not Forest City IT,SCENARIO_INPUT + TRANSFERRED_MODEL_OUTPUT
2012-07-12 00:00:00+00:00,21.266666666666666,20.111227117790598,28.708930294292486,19.48945560740139,48.198385901693875,0.034273468565066224,SCENARIO: ESIF training-window mean IT; not Forest City IT,SCENARIO_INPUT + TRANSFERRED_MODEL_OUTPUT
2012-07-12 01:00:00+00:00,20.6,19.772227903572194,28.470097602378374,19.48945560740139,47.95955320977976,0.03410363663801116,SCENARIO: ESIF training-window mean IT; not Forest City IT,SCENARIO_INPUT + TRANSFERRED_MODEL_OUTPUT
2012-07-12 02:00:00+00:00,21.1,19.925626385567632,28.439718611806654,19.48945560740139,47.92917421920804,0.03408203439223218,SCENARIO: ESIF training-window mean IT; not Forest City IT,SCENARIO_INPUT + TRANSFERRED_MODEL_OUTPUT
2012-07-12 03:00:00+00:00,21.066666666666666,20.187297054374813,29.006444147526643,19.48945560740139,48.49589975492803,0.03448502817449568,SCENARIO: ESIF training-window mean IT; not Forest City IT,SCENARIO_INPUT + TRANSFERRED_MODEL_OUTPUT
2012-07-12 04:00:00+00:00,21.05,20.31899114602203,29.293358887587146,19.48945560740139,48.782814494988536,0.03468905084331232,SCENARIO: ESIF training-window mean IT; not Forest City IT,SCENARIO_INPUT + TRANSFERRED_MODEL_OUTPUT
2012-07-12 05:00:00+00:00,21.05,20.318478696772836,29.29228519281173,19.48945560740139,48.781740800213115,0.03468828734794945,SCENARIO: ESIF training-window mean IT; not Forest City IT,SCENARIO_INPUT + TRANSFERRED_MODEL_OUTPUT
2012-07-12 06:00:00+00:00,20.900000000000002,20.273207396203972,29.301639477406468,19.48945560740139,48.79109508480786,0.034694939101384936,SCENARIO: ESIF training-window mean IT; not Forest City IT,SCENARIO_INPUT + TRANSFERRED_MODEL_OUTPUT
2012-07-12 07:00:00+00:00,20.5,19.538387939470027,28.05999601816471,19.48945560740139,47.5494516255661,0.03381201683597673,SCENARIO: ESIF training-window mean IT; not Forest City IT,SCENARIO_INPUT + TRANSFERRED_MODEL_OUTPUT
2012-07-12 08:00:00+00:00,20.0,19.281381497732184,27.88306010032776,19.48945560740139,47.37251570772915,0.033686199186597675,SCENARIO: ESIF training-window mean IT; not Forest City IT,SCENARIO_INPUT + TRANSFERRED_MODEL_OUTPUT
2012-07-12 09:00:00+00:00,20.0,19.247700477342757,27.81491698931491,19.48945560740139,47.3043725967163,0.03363774319103823,SCENARIO: ESIF training-window mean IT; not Forest City IT,SCENARIO_INPUT + TRANSFERRED_MODEL_OUTPUT
2012-07-12 10:00:00+00:00,19.4,18.655804275090656,27.043359751198892,19.48945560740139,46.53281535860028,0.03308909530061605,SCENARIO: ESIF training-window mean IT; not Forest City IT,SCENARIO_INPUT + TRANSFERRED_MODEL_OUTPUT
2012-07-12 11:00:00+00:00,19.4,18.32536965885412,26.39230207251856,19.48945560740139,45.88175767991995,0.032626133637754406,SCENARIO: ESIF training-window mean IT; not Forest City IT,SCENARIO_INPUT + TRANSFERRED_MODEL_OUTPUT
2012-07-12 12:00:00+00:00,19.7,18.586921803931816,26.700559415129646,19.48945560740139,46.190015022531036,0.03284533285250572,SCENARIO: ESIF training-window mean IT; not Forest City IT,SCENARIO_INPUT + TRANSFERRED_MODEL_OUTPUT
2012-07-12 13:00:00+00:00,20.6,19.03907008092277,26.979710983305253,19.48945560740139,46.46916659070664,0.03304383519480966,SCENARIO: ESIF training-window mean IT; not Forest City IT,SCENARIO_INPUT + TRANSFERRED_MODEL_OUTPUT
2012-07-12 14:00:00+00:00,20.6,19.03907008092277,26.979710983305253,19.48945560740139,46.46916659070664,0.03304383519480966,SCENARIO: ESIF training-window mean IT; not Forest City IT,SCENARIO_INPUT + TRANSFERRED_MODEL_OUTPUT
2012-07-12 15:00:00+00:00,21.15,19.21295641630373,26.948267658082884,19.48945560740139,46.43772326548427,0.03302147610957415,SCENARIO: ESIF training-window mean IT; not Forest City IT,SCENARIO_INPUT + TRANSFERRED_MODEL_OUTPUT
2012-07-12 16:00:00+00:00,22.4,20.189646173349193,28.081406404507653,19.48945560740139,47.57086201190904,0.03382724158239848,SCENARIO: ESIF training-window mean IT; not Forest City IT,SCENARIO_INPUT + TRANSFERRED_MODEL_OUTPUT
2012-07-12 17:00:00+00:00,23.3,20.59166293671388,28.29373583020271,19.48945560740139,47.7831914376041,0.03397822725880351,SCENARIO: ESIF training-window mean IT; not Forest City IT,SCENARIO_INPUT + TRANSFERRED_MODEL_OUTPUT
2012-07-12 18:00:00+00:00,23.6,20.878233290792636,28.690899118242093,19.48945560740139,48.18035472564348,0.03426064674678346,SCENARIO: ESIF training-window mean IT; not Forest City IT,SCENARIO_INPUT + TRANSFERRED_MODEL_OUTPUT
2012-07-12 19:00:00+00:00,23.9,21.164801314448823,29.09328794687992,19.48945560740139,48.58274355428131,0.034546782072920335,SCENARIO: ESIF training-window mean IT; not Forest City IT,SCENARIO_INPUT + TRANSFERRED_MODEL_OUTPUT
2012-07-12 20:00:00+00:00,24.8,21.426073629634068,29.02047613335616,19.48945560740139,48.50993174075755,0.034495006202104626,SCENARIO: ESIF training-window mean IT; not Forest City IT,SCENARIO_INPUT + TRANSFERRED_MODEL_OUTPUT
2012-07-12 21:00:00+00:00,25.0,21.483614659514416,29.00333400128357,19.48945560740139,48.49278960868496,0.03448281657554894,SCENARIO: ESIF training-window mean IT; not Forest City IT,SCENARIO_INPUT + TRANSFERRED_MODEL_OUTPUT
2012-07-12 22:00:00+00:00,24.2,21.25152269814115,29.0680823379656,19.48945560740139,48.55753794536699,0.03452885857551214,SCENARIO: ESIF training-window mean IT; not Forest City IT,SCENARIO_INPUT + TRANSFERRED_MODEL_OUTPUT
2012-07-12 23:00:00+00:00,23.433333333333334,21.02801263693566,29.128712265507765,19.48945560740139,48.618167872909154,0.03457197200922664,SCENARIO: ESIF training-window mean IT; not Forest City IT,SCENARIO_INPUT + TRANSFERRED_MODEL_OUTPUT
2012-07-13 00:00:00+00:00,23.03333333333333,20.910521748645706,29.15884032417116,19.48945560740139,48.64829593157255,0.0345933958194271,SCENARIO: ESIF training-window mean IT; not Forest City IT,SCENARIO_INPUT + TRANSFERRED_MODEL_OUTPUT
2012-07-13 01:00:00+00:00,21.366666666666664,20.643197213826877,29.75608200996603,19.48945560740139,49.24553761736742,0.035018089380443596,SCENARIO: ESIF training-window mean IT; not Forest City IT,SCENARIO_INPUT + TRANSFERRED_MODEL_OUTPUT
2012-07-13 02:00:00+00:00,20.8,19.901961446481433,28.599032140428577,19.48945560740139,48.088487747829966,0.034195320908223616,SCENARIO: ESIF training-window mean IT; not Forest City IT,SCENARIO_INPUT + TRANSFERRED_MODEL_OUTPUT
2012-07-13 03:00:00+00:00,20.85,20.258860773096657,29.30632292489564,19.48945560740139,48.79577853229703,0.03469826946167177,SCENARIO: ESIF training-window mean IT; not Forest City IT,SCENARIO_INPUT + TRANSFERRED_MODEL_OUTPUT
2012-07-13 04:00:00+00:00,21.1,20.33417873832866,29.290454959334635,19.48945560740139,48.77991056673602,0.03468698588425165,SCENARIO: ESIF training-window mean IT; not Forest City IT,SCENARIO_INPUT + TRANSFERRED_MODEL_OUTPUT
2012-07-13 05:00:00+00:00,21.033333333333335,20.313928565049803,29.294327910594287,19.48945560740139,48.78378351799567,0.03468973990745737,SCENARIO: ESIF training-window mean IT; not Forest City IT,SCENARIO_INPUT + TRANSFERRED_MODEL_OUTPUT
2012-07-13 06:00:00+00:00,21.05,20.31899114602203,29.293358887587146,19.48945560740139,48.782814494988536,0.03468905084331232,SCENARIO: ESIF training-window mean IT; not Forest City IT,SCENARIO_INPUT + TRANSFERRED_MODEL_OUTPUT
2012-07-13 07:00:00+00:00,21.05,20.31899114602203,29.293358887587146,19.48945560740139,48.782814494988536,0.03468905084331232,SCENARIO: ESIF training-window mean IT; not Forest City IT,SCENARIO_INPUT + TRANSFERRED_MODEL_OUTPUT
2012-07-13 08:00:00+00:00,21.016666666666666,20.308617869015926,29.294777823041812,19.48945560740139,48.7842334304432,0.0346900598364309,SCENARIO: ESIF training-window mean IT; not Forest City IT,SCENARIO_INPUT + TRANSFERRED_MODEL_OUTPUT
2012-07-13 09:00:00+00:00,21.1,20.333641885008177,29.289329575950816,19.48945560740139,48.778785183352205,0.03468618563355222,SCENARIO: ESIF training-window mean IT; not Forest City IT,SCENARIO_INPUT + TRANSFERRED_MODEL_OUTPUT
2012-07-13 10:00:00+00:00,21.033333333333335,20.313928565049803,29.294327910594287,19.48945560740139,48.78378351799567,0.03468973990745737,SCENARIO: ESIF training-window mean IT; not Forest City IT,SCENARIO_INPUT + TRANSFERRED_MODEL_OUTPUT
2012-07-13 11:00:00+00:00,21.85,21.109692203797664,30.414422159523095,19.48945560740139,49.90387776692448,0.03548622954735678,SCENARIO: ESIF training-window mean IT; not Forest City IT,SCENARIO_INPUT + TRANSFERRED_MODEL_OUTPUT
2012-07-13 12:00:00+00:00,21.85,21.196690244883328,30.60166271903929,19.48945560740139,50.09111832644068,0.03561937474113511,SCENARIO: ESIF training-window mean IT; not Forest City IT,SCENARIO_INPUT + TRANSFERRED_MODEL_OUTPUT
2012-07-13 13:00:00+00:00,22.1,21.567337580748962,31.230560291663444,19.48945560740139,50.72001589906483,0.036066578538165646,SCENARIO: ESIF training-window mean IT; not Forest City IT,SCENARIO_INPUT + TRANSFERRED_MODEL_OUTPUT
2012-07-13 14:00:00+00:00,22.8,22.013069004907827,31.718941504926672,19.48945560740139,51.20839711232806,0.03641386232884457,SCENARIO: ESIF training-window mean IT; not Forest City IT,SCENARIO_INPUT + TRANSFERRED_MODEL_OUTPUT
2012-07-13 15:00:00+00:00,23.44,22.390473576728695,32.10812140724775,19.48945560740139,51.59757701464914,0.036690604898099125,SCENARIO: ESIF training-window mean IT; not Forest City IT,SCENARIO_INPUT + TRANSFERRED_MODEL_OUTPUT
2012-07-13 16:00:00+00:00,25.7,23.07309960807718,32.04755791421312,19.48945560740139,51.53701352161451,0.03664753870540656,SCENARIO: ESIF training-window mean IT; not Forest City IT,SCENARIO_INPUT + TRANSFERRED_MODEL_OUTPUT
2012-07-13 17:00:00+00:00,25.0,23.75280072353729,34.114315112043776,19.48945560740139,53.603770719445166,0.03811719244020069,SCENARIO: ESIF training-window mean IT; not Forest City IT,SCENARIO_INPUT + TRANSFERRED_MODEL_OUTPUT
2012-07-13 18:00:00+00:00,26.733333333333334,23.878989446512353,33.169631889273006,19.48945560740139,52.659087496674395,0.03744543611197806,SCENARIO: ESIF training-window mean IT; not Forest City IT,SCENARIO_INPUT + TRANSFERRED_MODEL_OUTPUT
2012-07-13 19:00:00+00:00,27.2,23.5647369800598,32.102319452348766,19.48945560740139,51.591775059750155,0.0366864791765604,SCENARIO: ESIF training-window mean IT; not Forest City IT,SCENARIO_INPUT + TRANSFERRED_MODEL_OUTPUT
2012-07-13 20:00:00+00:00,26.425,23.967478664571665,33.59819978706097,19.48945560740139,53.08765539446236,0.03775018715494433,SCENARIO: ESIF training-window mean IT; not Forest City IT,SCENARIO_INPUT + TRANSFERRED_MODEL_OUTPUT
2012-07-13 21:00:00+00:00,26.266666666666666,24.393948079364186,34.71780567758209,19.48945560740139,54.20726128498348,0.03854632952726992,SCENARIO: ESIF training-window mean IT; not Forest City IT,SCENARIO_INPUT + TRANSFERRED_MODEL_OUTPUT
2012-07-13 22:00:00+00:00,26.35,24.571118173875313,35.079688170636146,19.48945560740139,54.569143778037535,0.03880366113740378,SCENARIO: ESIF training-window mean IT; not Forest City IT,SCENARIO_INPUT + TRANSFERRED_MODEL_OUTPUT
2012-07-13 23:00:00+00:00,25.0,23.75280072353729,34.114315112043776,19.48945560740139,53.603770719445166,0.03811719244020069,SCENARIO: ESIF training-window mean IT; not Forest City IT,SCENARIO_INPUT + TRANSFERRED_MODEL_OUTPUT
2012-07-14 00:00:00+00:00,24.45,23.427054568978377,33.74955615173229,19.48945560740139,53.23901175913368,0.03785781539828978,SCENARIO: ESIF training-window mean IT; not Forest City IT,SCENARIO_INPUT + TRANSFERRED_MODEL_OUTPUT
2012-07-14 01:00:00+00:00,23.766666666666666,22.778178223205735,32.750047648098274,19.48945560740139,52.23950325549966,0.037147073271993535,SCENARIO: ESIF training-window mean IT; not Forest City IT,SCENARIO_INPUT + TRANSFERRED_MODEL_OUTPUT
2012-07-14 02:00:00+00:00,22.8,22.013069004907827,31.718941504926672,19.48945560740139,51.20839711232806,0.03641386232884457,SCENARIO: ESIF training-window mean IT; not Forest City IT,SCENARIO_INPUT + TRANSFERRED_MODEL_OUTPUT
2012-07-14 03:00:00+00:00,22.933333333333334,21.957632281501745,31.502843133726156,19.48945560740139,50.99229874112754,0.036260196586854594,SCENARIO: ESIF training-window mean IT; not Forest City IT,SCENARIO_INPUT + TRANSFERRED_MODEL_OUTPUT
2012-07-14 04:00:00+00:00,22.95,22.214703550379795,32.06080046223529,19.48945560740139,51.55025606963668,0.03665695537040204,SCENARIO: ESIF training-window mean IT; not Forest City IT,SCENARIO_INPUT + TRANSFERRED_MODEL_OUTPUT
2012-07-14 05:00:00+00:00,22.1,21.356593180188316,30.772541716780495,19.48945560740139,50.261997324181884,0.0357408853653593,SCENARIO: ESIF training-window mean IT; not Forest City IT,SCENARIO_INPUT + TRANSFERRED_MODEL_OUTPUT
2012-07-14 06:00:00+00:00,22.2,21.631040125404514,31.299682991921003,19.48945560740139,50.78913859932239,0.03611573111143318,SCENARIO: ESIF training-window mean IT; not Forest City IT,SCENARIO_INPUT + TRANSFERRED_MODEL_OUTPUT
2012-07-14 07:00:00+00:00,22.2,21.843172856743728,31.764706966480986,19.48945560740139,51.254162573882375,0.03644640576528136,SCENARIO: ESIF training-window mean IT; not Forest City IT,SCENARIO_INPUT + TRANSFERRED_MODEL_OUTPUT
2012-07-14 08:00:00+00:00,22.9,22.14728836336475,31.946097200366964,19.48945560740139,51.43555280776835,0.03657539084149908,SCENARIO: ESIF training-window mean IT; not Forest City IT,SCENARIO_INPUT + TRANSFERRED_MODEL_OUTPUT
2012-07-14 09:00:00+00:00,22.599999999999998,22.098029997115148,32.04734499248653,19.48945560740139,51.53680059988792,0.036647387298549945,SCENARIO: ESIF training-window mean IT; not Forest City IT,SCENARIO_INPUT + TRANSFERRED_MODEL_OUTPUT
2012-07-14 10:00:00+00:00,22.8,22.36796817468152,32.50792416335048,19.48945560740139,51.99737977075187,0.036974901289714014,SCENARIO: ESIF training-window mean IT; not Forest City IT,SCENARIO_INPUT + TRANSFERRED_MODEL_OUTPUT
2012-07-14 11:00:00+00:00,22.9,22.32473852014842,32.34114142139828,19.48945560740139,51.830597028799666,0.03685630347867625,SCENARIO: ESIF training-window mean IT; not Forest City IT,SCENARIO_INPUT + TRANSFERRED_MODEL_OUTPUT
2012-07-14 12:00:00+00:00,24.200000000000003,22.581124059473453,31.999032247096746,19.48945560740139,51.48848785449813,0.03661303250991063,SCENARIO: ESIF training-window mean IT; not Forest City IT,SCENARIO_INPUT + TRANSFERRED_MODEL_OUTPUT
2012-07-14 13:00:00+00:00,25.6,22.79467207253561,31.485840876012617,19.48945560740139,50.975296483414006,0.036248106423784225,SCENARIO: ESIF training-window mean IT; not Forest City IT,SCENARIO_INPUT + TRANSFERRED_MODEL_OUTPUT
2012-07-14 14:00:00+00:00,26.1,22.19460708307633,29.781921339896126,19.48945560740139,49.27137694729751,0.035036463511558855,SCENARIO: ESIF training-window mean IT; not Forest City IT,SCENARIO_INPUT + TRANSFERRED_MODEL_OUTPUT
2012-07-14 15:00:00+00:00,27.200000000000003,22.501079789046425,29.676460964165102,19.48945560740139,49.16591657156649,0.03496147152158123,SCENARIO: ESIF training-window mean IT; not Forest City IT,SCENARIO_INPUT + TRANSFERRED_MODEL_OUTPUT
2012-07-14 16:00:00+00:00,28.9,22.967991361357697,29.500715161410067,19.48945560740139,48.99017076881145,0.03483650015307,SCENARIO: ESIF training-window mean IT; not Forest City IT,SCENARIO_INPUT + TRANSFERRED_MODEL_OUTPUT
2012-07-14 17:00:00+00:00,30.0,23.263493491107347,29.373222623338904,19.48945560740139,48.86267823074029,0.034745841276966255,SCENARIO: ESIF training-window mean IT; not Forest City IT,SCENARIO_INPUT + TRANSFERRED_MODEL_OUTPUT
2012-07-14 18:00:00+00:00,30.0,23.07351471522571,28.938182236804906,19.48945560740139,48.427637844206295,0.03443648770145817,SCENARIO: ESIF training-window mean IT; not Forest City IT,SCENARIO_INPUT + TRANSFERRED_MODEL_OUTPUT
2012-07-14 19:00:00+00:00,31.7,23.342362148665416,28.303312977460944,19.48945560740139,47.79276858486233,0.03398503748801259,SCENARIO: ESIF training-window mean IT; not Forest City IT,SCENARIO_INPUT + TRANSFERRED_MODEL_OUTPUT
2012-07-14 20:00:00+00:00,30.6,23.046854827665907,28.43711238399914,19.48945560740139,47.92656799140053,0.03408018112546478,SCENARIO: ESIF training-window mean IT; not Forest City IT,SCENARIO_INPUT + TRANSFERRED_MODEL_OUTPUT
2012-07-14 21:00:00+00:00,30.6,22.861860435767852,28.01619284149083,19.48945560740139,47.50564844889222,0.03378086876388477,SCENARIO: ESIF training-window mean IT; not Forest City IT,SCENARIO_INPUT + TRANSFERRED_MODEL_OUTPUT
2012-07-14 22:00:00+00:00,30.0,23.578668633723048,30.100394788675544,19.48945560740139,49.58985039607693,0.035262927313849085,SCENARIO: ESIF training-window mean IT; not Forest City IT,SCENARIO_INPUT + TRANSFERRED_MODEL_OUTPUT
2012-07-14 23:00:00+00:00,26.7,22.68911854710933,30.459453258275875,19.48945560740139,49.94890886567727,0.035518250784555505,SCENARIO: ESIF training-window mean IT; not Forest City IT,SCENARIO_INPUT + TRANSFERRED_MODEL_OUTPUT
2012-07-15 00:00:00+00:00,26.15,22.538116826360373,30.51390960214233,19.48945560740139,50.003365209543716,0.03555697423462045,SCENARIO: ESIF training-window mean IT; not Forest City IT,SCENARIO_INPUT + TRANSFERRED_MODEL_OUTPUT
2012-07-15 01:00:00+00:00,25.6,22.38600898610627,30.56617034063145,19.48945560740139,50.05562594803284,0.035594136408089234,SCENARIO: ESIF training-window mean IT; not Forest City IT,SCENARIO_INPUT + TRANSFERRED_MODEL_OUTPUT
2012-07-15 02:00:00+00:00,24.4,22.04991558723637,30.67189360742607,19.48945560740139,50.16134921482746,0.035669315337700534,SCENARIO: ESIF training-window mean IT; not Forest City IT,SCENARIO_INPUT + TRANSFERRED_MODEL_OUTPUT
2012-07-15 03:00:00+00:00,24.4,22.049915587236406,30.671893607426142,19.48945560740139,50.16134921482753,0.03566931533770058,SCENARIO: ESIF training-window mean IT; not Forest City IT,SCENARIO_INPUT + TRANSFERRED_MODEL_OUTPUT
2012-07-15 04:00:00+00:00,22.8,21.593839191075684,30.79803183792998,19.48945560740139,50.287487445331365,0.0357590111770352,SCENARIO: ESIF training-window mean IT; not Forest City IT,SCENARIO_INPUT + TRANSFERRED_MODEL_OUTPUT
2012-07-15 05:00:00+00:00,22.8,21.593839191075684,30.79803183792998,19.48945560740139,50.287487445331365,0.0357590111770352,SCENARIO: ESIF training-window mean IT; not Forest City IT,SCENARIO_INPUT + TRANSFERRED_MODEL_OUTPUT
2012-07-15 06:00:00+00:00,22.8,21.593839191075684,30.79803183792998,19.48945560740139,50.287487445331365,0.0357590111770352,SCENARIO: ESIF training-window mean IT; not Forest City IT,SCENARIO_INPUT + TRANSFERRED_MODEL_OUTPUT
2012-07-15 07:00:00+00:00,22.2,21.420111337084535,30.840346899873087,19.48945560740139,50.32980250727448,0.03578910106320471,SCENARIO: ESIF training-window mean IT; not Forest City IT,SCENARIO_INPUT + TRANSFERRED_MODEL_OUTPUT
2012-07-15 08:00:00+00:00,22.066666666666666,21.335566730500062,30.75030847734732,19.48945560740139,50.239764084748714,0.03572507549499628,SCENARIO: ESIF training-window mean IT; not Forest City IT,SCENARIO_INPUT + TRANSFERRED_MODEL_OUTPUT
2012-07-15 09:00:00+00:00,22.2,21.420111337084535,30.840346899873087,19.48945560740139,50.32980250727448,0.03578910106320471,SCENARIO: ESIF training-window mean IT; not Forest City IT,SCENARIO_INPUT + TRANSFERRED_MODEL_OUTPUT
2012-07-15 10:00:00+00:00,22.2,21.073461848201184,30.092057517405017,19.48945560740139,49.581513124806406,0.03525699875007121,SCENARIO: ESIF training-window mean IT; not Forest City IT,SCENARIO_INPUT + TRANSFERRED_MODEL_OUTPUT
2012-07-15 11:00:00+00:00,23.9,22.32252868775591,31.631703584122548,19.48945560740139,51.12115919152394,0.03635182817395689,SCENARIO: ESIF training-window mean IT; not Forest City IT,SCENARIO_INPUT + TRANSFERRED_MODEL_OUTPUT
2012-07-15 12:00:00+00:00,24.75,22.73258720202088,31.95059980453393,19.48945560740139,51.44005541193532,0.03657859260561401,SCENARIO: ESIF training-window mean IT; not Forest City IT,SCENARIO_INPUT + TRANSFERRED_MODEL_OUTPUT
2012-07-15 13:00:00+00:00,26.85,23.23689229539342,31.59831440030929,19.48945560740139,51.08777000771068,0.03632808540497349,SCENARIO: ESIF training-window mean IT; not Forest City IT,SCENARIO_INPUT + TRANSFERRED_MODEL_OUTPUT
2012-07-15 14:00:00+00:00,26.1,22.931411129541026,31.43867644498574,19.48945560740139,50.92813205238713,0.03621456819187153,SCENARIO: ESIF training-window mean IT; not Forest City IT,SCENARIO_INPUT + TRANSFERRED_MODEL_OUTPUT
2012-07-15 15:00:00+00:00,27.35,22.937450140513405,30.55419426012503,19.48945560740139,50.04364986752642,0.03558562031753785,SCENARIO: ESIF training-window mean IT; not Forest City IT,SCENARIO_INPUT + TRANSFERRED_MODEL_OUTPUT
2012-07-15 16:00:00+00:00,29.3,23.366100443580542,30.12087451273386,19.48945560740139,49.610330120135245,0.0352774902741143,SCENARIO: ESIF training-window mean IT; not Forest City IT,SCENARIO_INPUT + TRANSFERRED_MODEL_OUTPUT
2012-07-15 17:00:00+00:00,30.6,23.7402451987765,30.03559844168028,19.48945560740139,49.52505404908167,0.035216851174154226,SCENARIO: ESIF training-window mean IT; not Forest City IT,SCENARIO_INPUT + TRANSFERRED_MODEL_OUTPUT
2012-07-15 18:00:00+00:00,30.85,23.646906197564512,29.634635296555846,19.48945560740139,49.12409090395724,0.034931729639623973,SCENARIO: ESIF training-window mean IT; not Forest City IT,SCENARIO_INPUT + TRANSFERRED_MODEL_OUTPUT
2012-07-15 19:00:00+00:00,25.133333333333336,22.57310875558958,31.318462060229493,19.48945560740139,50.80791766763088,0.03612908474963727,SCENARIO: ESIF training-window mean IT; not Forest City IT,SCENARIO_INPUT + TRANSFERRED_MODEL_OUTPUT
2012-07-15 20:00:00+00:00,24.5,23.12010440133916,33.00900162128526,19.48945560740139,52.49845722868665,0.03733121327365096,SCENARIO: ESIF training-window mean IT; not Forest City IT,SCENARIO_INPUT + TRANSFERRED_MODEL_OUTPUT
2012-07-16 00:00:00+00:00,24.15,23.166922055903793,33.36407779575774,19.48945560740139,52.853533403159126,0.037583704967642705,SCENARIO: ESIF training-window mean IT; not Forest City IT,SCENARIO_INPUT + TRANSFERRED_MODEL_OUTPUT
2012-07-16 01:00:00+00:00,23.9,23.099524681390115,33.38669146914554,19.48945560740139,52.87614707654693,0.03759978536140482,SCENARIO: ESIF training-window mean IT; not Forest City IT,SCENARIO_INPUT + TRANSFERRED_MODEL_OUTPUT
2012-07-16 02:00:00+00:00,23.9,23.099524681390115,33.38669146914554,19.48945560740139,52.87614707654693,0.03759978536140482,SCENARIO: ESIF training-window mean IT; not Forest City IT,SCENARIO_INPUT + TRANSFERRED_MODEL_OUTPUT
2012-07-16 03:00:00+00:00,23.8,23.144846032952454,33.56097217822964,19.48945560740139,53.05042778563103,0.037723714914076445,SCENARIO: ESIF training-window mean IT; not Forest City IT,SCENARIO_INPUT + TRANSFERRED_MODEL_OUTPUT
2012-07-16 04:00:00+00:00,22.8,22.01253203391152,31.717754275699647,19.48945560740139,51.20720988310104,0.03641301810008399,SCENARIO: ESIF training-window mean IT; not Forest City IT,SCENARIO_INPUT + TRANSFERRED_MODEL_OUTPUT
2012-07-16 05:00:00+00:00,22.8,22.36796817468152,32.50792416335048,19.48945560740139,51.99737977075187,0.036974901289714014,SCENARIO: ESIF training-window mean IT; not Forest City IT,SCENARIO_INPUT + TRANSFERRED_MODEL_OUTPUT
2012-07-16 06:00:00+00:00,22.8,22.189624804877983,32.11037009671712,19.48945560740139,51.59982570411851,0.03669220392234857,SCENARIO: ESIF training-window mean IT; not Forest City IT,SCENARIO_INPUT + TRANSFERRED_MODEL_OUTPUT
2012-07-16 07:00:00+00:00,22.36,21.916620474306534,31.814468111022705,19.48945560740139,51.303923718424095,0.03648179049842763,SCENARIO: ESIF training-window mean IT; not Forest City IT,SCENARIO_INPUT + TRANSFERRED_MODEL_OUTPUT
2012-07-16 08:00:00+00:00,22.066666666666666,21.334557968946193,30.74812484573618,19.48945560740139,50.23758045313757,0.03572352273284498,SCENARIO: ESIF training-window mean IT; not Forest City IT,SCENARIO_INPUT + TRANSFERRED_MODEL_OUTPUT
2012-07-16 09:00:00+00:00,21.85,21.283408970177042,30.788816791269667,19.48945560740139,50.27827239867106,0.0357524584345288,SCENARIO: ESIF training-window mean IT; not Forest City IT,SCENARIO_INPUT + TRANSFERRED_MODEL_OUTPUT
2012-07-16 10:00:00+00:00,21.7,21.275059610992322,30.875419620522845,19.48945560740139,50.36487522792423,0.03581404098113334,SCENARIO: ESIF training-window mean IT; not Forest City IT,SCENARIO_INPUT + TRANSFERRED_MODEL_OUTPUT
2012-07-16 11:00:00+00:00,22.8,22.01253203391152,31.717754275699647,19.48945560740139,51.20720988310104,0.03641301810008399,SCENARIO: ESIF training-window mean IT; not Forest City IT,SCENARIO_INPUT + TRANSFERRED_MODEL_OUTPUT
2012-07-16 12:00:00+00:00,23.05,22.082886555132326,31.697850273519286,19.48945560740139,51.187305880920675,0.03639886453082466,SCENARIO: ESIF training-window mean IT; not Forest City IT,SCENARIO_INPUT + TRANSFERRED_MODEL_OUTPUT
2012-07-16 13:00:00+00:00,25.6,23.555685846034756,33.22886539793278,19.48945560740139,52.71832100533417,0.03748755656391996,SCENARIO: ESIF training-window mean IT; not Forest City IT,SCENARIO_INPUT + TRANSFERRED_MODEL_OUTPUT
2012-07-16 14:00:00+00:00,28.9,23.677942591535867,31.133955308875933,19.48945560740139,50.62341091627732,0.035997883543948415,SCENARIO: ESIF training-window mean IT; not Forest City IT,SCENARIO_INPUT + TRANSFERRED_MODEL_OUTPUT
2012-07-16 15:00:00+00:00,29.15,23.382996641285352,30.269175916575165,19.48945560740139,49.758631523976554,0.03538294616039807,SCENARIO: ESIF training-window mean IT; not Forest City IT,SCENARIO_INPUT + TRANSFERRED_MODEL_OUTPUT
2012-07-16 16:00:00+00:00,31.7,24.022029535222657,29.883568071776878,19.48945560740139,49.37302367917827,0.035108743651332874,SCENARIO: ESIF training-window mean IT; not Forest City IT,SCENARIO_INPUT + TRANSFERRED_MODEL_OUTPUT
2012-07-16 17:00:00+00:00,31.7,23.335933471201884,28.28851672140022,19.48945560740139,47.77797232880161,0.03397451599424282,SCENARIO: ESIF training-window mean IT; not Forest City IT,SCENARIO_INPUT + TRANSFERRED_MODEL_OUTPUT
2012-07-16 18:00:00+00:00,31.7,22.821525861933857,27.113708562087297,19.48945560740139,46.603164169488686,0.03313911975088481,SCENARIO: ESIF training-window mean IT; not Forest City IT,SCENARIO_INPUT + TRANSFERRED_MODEL_OUTPUT
2012-07-16 19:00:00+00:00,32.2,23.102756384183266,27.38340647965835,19.48945560740139,46.872862087059744,0.03333089968141585,SCENARIO: ESIF training-window mean IT; not Forest City IT,SCENARIO_INPUT + TRANSFERRED_MODEL_OUTPUT
2012-07-16 20:00:00+00:00,30.6,23.728645528852674,30.00858731173423,19.48945560740139,49.49804291913562,0.03519764378586116,SCENARIO: ESIF training-window mean IT; not Forest City IT,SCENARIO_INPUT + TRANSFERRED_MODEL_OUTPUT
2012-07-16 21:00:00+00:00,28.766666666666666,22.855551749407283,29.34220621396196,19.48945560740139,48.83166182136335,0.034723785768013105,SCENARIO: ESIF training-window mean IT; not Forest City IT,SCENARIO_INPUT + TRANSFERRED_MODEL_OUTPUT
2012-07-16 22:00:00+00:00,25.866666666666664,20.85568503096622,27.03314710411937,19.48945560740139,46.52260271152076,0.03308183317280621,SCENARIO: ESIF training-window mean IT; not Forest City IT,SCENARIO_INPUT + TRANSFERRED_MODEL_OUTPUT
2012-07-16 23:00:00+00:00,22.366666666666664,20.264761123683023,28.261659224764838,19.48945560740139,47.75111483216622,0.03395541785331032,SCENARIO: ESIF training-window mean IT; not Forest City IT,SCENARIO_INPUT + TRANSFERRED_MODEL_OUTPUT
2012-07-17 00:00:00+00:00,21.066666666666666,20.323012534055863,29.290208569287223,19.48945560740139,48.77966417668861,0.03468681067835239,SCENARIO: ESIF training-window mean IT; not Forest City IT,SCENARIO_INPUT + TRANSFERRED_MODEL_OUTPUT
2012-07-17 01:00:00+00:00,21.7,20.925530551942312,30.12441292528654,19.48945560740139,49.61386853268793,0.03528000640964718,SCENARIO: ESIF training-window mean IT; not Forest City IT,SCENARIO_INPUT + TRANSFERRED_MODEL_OUTPUT
2012-07-17 02:00:00+00:00,21.7,20.925530551942312,30.12441292528654,19.48945560740139,49.61386853268793,0.03528000640964718,SCENARIO: ESIF training-window mean IT; not Forest City IT,SCENARIO_INPUT + TRANSFERRED_MODEL_OUTPUT
2012-07-17 03:00:00+00:00,21.7,20.925530551942312,30.12441292528654,19.48945560740139,49.61386853268793,0.03528000640964718,SCENARIO: ESIF training-window mean IT; not Forest City IT,SCENARIO_INPUT + TRANSFERRED_MODEL_OUTPUT
2012-07-17 04:00:00+00:00,21.7,20.92553055194234,30.1244129252866,19.48945560740139,49.61386853268799,0.03528000640964722,SCENARIO: ESIF training-window mean IT; not Forest City IT,SCENARIO_INPUT + TRANSFERRED_MODEL_OUTPUT
2012-07-17 05:00:00+00:00,21.7,20.924993658044208,30.123265763019077,19.48945560740139,49.612721370420466,0.03527919067216599,SCENARIO: ESIF training-window mean IT; not Forest City IT,SCENARIO_INPUT + TRANSFERRED_MODEL_OUTPUT
2012-07-17 06:00:00+00:00,21.7,20.924993658044208,30.123265763019077,19.48945560740139,49.612721370420466,0.03527919067216599,SCENARIO: ESIF training-window mean IT; not Forest City IT,SCENARIO_INPUT + TRANSFERRED_MODEL_OUTPUT
2012-07-17 07:00:00+00:00,21.1,20.748104242824333,30.16401095108047,19.48945560740139,49.65346655848186,0.035308164234165516,SCENARIO: ESIF training-window mean IT; not Forest City IT,SCENARIO_INPUT + TRANSFERRED_MODEL_OUTPUT
2012-07-17 08:00:00+00:00,21.1,20.33256817836721,29.28707886826233,19.48945560740139,48.77653447566372,0.03468458517416407,SCENARIO: ESIF training-window mean IT; not Forest City IT,SCENARIO_INPUT + TRANSFERRED_MODEL_OUTPUT
2012-07-17 09:00:00+00:00,21.05,20.317453798274443,29.29013785709091,19.48945560740139,48.7795934644923,0.03468676039550179,SCENARIO: ESIF training-window mean IT; not Forest City IT,SCENARIO_INPUT + TRANSFERRED_MODEL_OUTPUT
2012-07-17 10:00:00+00:00,21.033333333333335,20.54308089043213,29.776171564902445,19.48945560740139,49.26562717230384,0.0350323748947138,SCENARIO: ESIF training-window mean IT; not Forest City IT,SCENARIO_INPUT + TRANSFERRED_MODEL_OUTPUT
2012-07-17 11:00:00+00:00,22.8,22.011995062915204,31.716567066174292,19.48945560740139,51.20602267357568,0.0364121738853331,SCENARIO: ESIF training-window mean IT; not Forest City IT,SCENARIO_INPUT + TRANSFERRED_MODEL_OUTPUT
2012-07-17 12:00:00+00:00,24.200000000000003,22.403109923845346,31.59961738298298,19.48945560740139,51.089072990384366,0.03632901194504059,SCENARIO: ESIF training-window mean IT; not Forest City IT,SCENARIO_INPUT + TRANSFERRED_MODEL_OUTPUT
2012-07-17 13:00:00+00:00,28.3,23.51574217388339,31.19368091107798,19.48945560740139,50.68313651847937,0.03604035391948707,SCENARIO: ESIF training-window mean IT; not Forest City IT,SCENARIO_INPUT + TRANSFERRED_MODEL_OUTPUT
2012-07-17 14:00:00+00:00,30.0,23.253738338788153,29.3508238254431,19.48945560740139,48.84027943284449,0.03472991367936697,SCENARIO: ESIF training-window mean IT; not Forest City IT,SCENARIO_INPUT + TRANSFERRED_MODEL_OUTPUT
2012-07-17 15:00:00+00:00,30.55,22.870986823097393,28.073646332658704,19.48945560740139,47.56310194006009,0.03382172346029538,SCENARIO: ESIF training-window mean IT; not Forest City IT,SCENARIO_INPUT + TRANSFERRED_MODEL_OUTPUT
2012-07-17 16:00:00+00:00,32.2,23.465508631979915,28.2169541048074,19.48945560740139,47.70640971220879,0.033923628416902975,SCENARIO: ESIF training-window mean IT; not Forest City IT,SCENARIO_INPUT + TRANSFERRED_MODEL_OUTPUT
2012-07-17 17:00:00+00:00,32.8,23.9887550651529,28.989328596185224,19.48945560740139,48.47878420358661,0.034472857449275335,SCENARIO: ESIF training-window mean IT; not Forest City IT,SCENARIO_INPUT + TRANSFERRED_MODEL_OUTPUT
2012-07-17 18:00:00+00:00,33.05,24.052705748179275,28.953295586158827,19.48945560740139,48.44275119356021,0.03444723467761316,SCENARIO: ESIF training-window mean IT; not Forest City IT,SCENARIO_INPUT + TRANSFERRED_MODEL_OUTPUT
2012-07-17 19:00:00+00:00,33.3,24.11565985086157,28.914930966185718,19.48945560740139,48.404386573587104,0.03441995391764454,SCENARIO: ESIF training-window mean IT; not Forest City IT,SCENARIO_INPUT + TRANSFERRED_MODEL_OUTPUT
2012-07-17 20:00:00+00:00,32.2,23.82884715402345,29.060861993317047,19.48945560740139,48.55031760071844,0.03452372424890116,SCENARIO: ESIF training-window mean IT; not Forest City IT,SCENARIO_INPUT + TRANSFERRED_MODEL_OUTPUT
2012-08-03 16:00:00+00:00,27.9,23.51081869722406,31.47204592756775,19.48945560740139,50.96150153496914,0.03623829695147438,SCENARIO: ESIF training-window mean IT; not Forest City IT,SCENARIO_INPUT + TRANSFERRED_MODEL_OUTPUT
2012-08-03 17:00:00+00:00,30.6,23.413651559343457,29.27860323822808,19.48945560740139,48.76805884562947,0.03467855822462802,SCENARIO: ESIF training-window mean IT; not Forest City IT,SCENARIO_INPUT + TRANSFERRED_MODEL_OUTPUT
2012-08-03 18:00:00+00:00,31.15,23.71618452380291,29.57471001650511,19.48945560740139,49.064165623906504,0.03488911727483938,SCENARIO: ESIF training-window mean IT; not Forest City IT,SCENARIO_INPUT + TRANSFERRED_MODEL_OUTPUT
2012-08-03 19:00:00+00:00,31.7,24.01491041564475,29.866852244368285,19.48945560740139,49.35630785176967,0.03509685716645357,SCENARIO: ESIF training-window mean IT; not Forest City IT,SCENARIO_INPUT + TRANSFERRED_MODEL_OUTPUT
2012-08-03 20:00:00+00:00,30.6,23.410599124037518,29.27156252663017,19.48945560740139,48.76101813403156,0.03467355163357498,SCENARIO: ESIF training-window mean IT; not Forest City IT,SCENARIO_INPUT + TRANSFERRED_MODEL_OUTPUT
2012-08-03 21:00:00+00:00,30.85,23.63469601185881,29.606280639982295,19.48945560740139,49.095736247383684,0.034911566880797794,SCENARIO: ESIF training-window mean IT; not Forest City IT,SCENARIO_INPUT + TRANSFERRED_MODEL_OUTPUT
2012-08-03 22:00:00+00:00,30.0,23.960128929332658,30.98957883647822,19.48945560740139,50.47903444387961,0.03589521864354386,SCENARIO: ESIF training-window mean IT; not Forest City IT,SCENARIO_INPUT + TRANSFERRED_MODEL_OUTPUT
2012-08-03 23:00:00+00:00,28.9,24.006052019686393,31.900406072754738,19.48945560740139,51.38986168015613,0.036542900263305984,SCENARIO: ESIF training-window mean IT; not Forest City IT,SCENARIO_INPUT + TRANSFERRED_MODEL_OUTPUT
2012-08-04 00:00:00+00:00,28.049999999999997,23.784336264961468,31.998759744118654,19.48945560740139,51.48821535152004,0.03661283873532505,SCENARIO: ESIF training-window mean IT; not Forest City IT,SCENARIO_INPUT + TRANSFERRED_MODEL_OUTPUT
2012-08-04 01:00:00+00:00,27.2,23.561074554046925,32.09383401082153,19.48945560740139,51.58328961822292,0.03668044525015387,SCENARIO: ESIF training-window mean IT; not Forest City IT,SCENARIO_INPUT + TRANSFERRED_MODEL_OUTPUT
2012-08-04 02:00:00+00:00,26.85,23.231398931200253,31.585710275926402,19.48945560740139,51.07516588332779,0.03631912271768126,SCENARIO: ESIF training-window mean IT; not Forest City IT,SCENARIO_INPUT + TRANSFERRED_MODEL_OUTPUT
2012-08-04 03:00:00+00:00,24.52,22.91179648459581,32.51997589673469,19.48945560740139,52.00943150413608,0.03698347117639323,SCENARIO: ESIF training-window mean IT; not Forest City IT,SCENARIO_INPUT + TRANSFERRED_MODEL_OUTPUT
2012-08-04 04:00:00+00:00,23.766666666666666,22.052286581174624,31.125159429150848,19.48945560740139,50.61461503655224,0.03599162886753924,SCENARIO: ESIF training-window mean IT; not Forest City IT,SCENARIO_INPUT + TRANSFERRED_MODEL_OUTPUT
2012-08-04 05:00:00+00:00,22.8,22.01253203391152,31.717754275699647,19.48945560740139,51.20720988310104,0.03641301810008399,SCENARIO: ESIF training-window mean IT; not Forest City IT,SCENARIO_INPUT + TRANSFERRED_MODEL_OUTPUT
2012-08-04 06:00:00+00:00,22.8,22.01253203391152,31.717754275699647,19.48945560740139,51.20720988310104,0.03641301810008399,SCENARIO: ESIF training-window mean IT; not Forest City IT,SCENARIO_INPUT + TRANSFERRED_MODEL_OUTPUT
2012-08-04 07:00:00+00:00,22.8,22.01253203391152,31.717754275699647,19.48945560740139,51.20720988310104,0.03641301810008399,SCENARIO: ESIF training-window mean IT; not Forest City IT,SCENARIO_INPUT + TRANSFERRED_MODEL_OUTPUT
2012-08-04 08:00:00+00:00,22.6,21.849881232568954,31.499353019821243,19.48945560740139,50.98880862722263,0.03625771479608566,SCENARIO: ESIF training-window mean IT; not Forest City IT,SCENARIO_INPUT + TRANSFERRED_MODEL_OUTPUT
2012-08-04 09:00:00+00:00,22.5,21.50602775288699,30.81705981937131,19.48945560740139,50.3065154267727,0.03577254181528347,SCENARIO: ESIF training-window mean IT; not Forest City IT,SCENARIO_INPUT + TRANSFERRED_MODEL_OUTPUT
2012-08-04 10:00:00+00:00,22.2,21.420111337084535,30.840346899873087,19.48945560740139,50.32980250727448,0.03578910106320471,SCENARIO: ESIF training-window mean IT; not Forest City IT,SCENARIO_INPUT + TRANSFERRED_MODEL_OUTPUT
2012-08-04 11:00:00+00:00,22.8,21.59300935907783,30.796220879586492,19.48945560740139,50.28567648698788,0.03575772341972348,SCENARIO: ESIF training-window mean IT; not Forest City IT,SCENARIO_INPUT + TRANSFERRED_MODEL_OUTPUT
2012-08-04 12:00:00+00:00,23.35,21.958768735144503,31.21226317962245,19.48945560740139,50.701718787023836,0.0360535676150271,SCENARIO: ESIF training-window mean IT; not Forest City IT,SCENARIO_INPUT + TRANSFERRED_MODEL_OUTPUT
2012-08-04 13:00:00+00:00,25.0,22.73115511648814,31.7696768593747,19.48945560740139,51.259132466776094,0.03644993981449646,SCENARIO: ESIF training-window mean IT; not Forest City IT,SCENARIO_INPUT + TRANSFERRED_MODEL_OUTPUT
2012-08-04 14:00:00+00:00,25.53333333333333,22.323216478201115,30.47344923431678,19.48945560740139,49.96290484171817,0.035528203205905336,SCENARIO: ESIF training-window mean IT; not Forest City IT,SCENARIO_INPUT + TRANSFERRED_MODEL_OUTPUT
2012-08-04 15:00:00+00:00,26.700000000000003,22.890322765288072,30.914991751225543,19.48945560740139,50.40444735862693,0.03584218039186917,SCENARIO: ESIF training-window mean IT; not Forest City IT,SCENARIO_INPUT + TRANSFERRED_MODEL_OUTPUT
2012-08-04 16:00:00+00:00,28.15,23.751057712274886,31.84875242881383,19.48945560740139,51.33820803621522,0.03650616978968617,SCENARIO: ESIF training-window mean IT; not Forest City IT,SCENARIO_INPUT + TRANSFERRED_MODEL_OUTPUT
2012-08-04 17:00:00+00:00,28.15,23.582440632203237,31.456888633297726,19.48945560740139,50.94634424069912,0.03622751872645758,SCENARIO: ESIF training-window mean IT; not Forest City IT,SCENARIO_INPUT + TRANSFERRED_MODEL_OUTPUT
2012-08-04 18:00:00+00:00,26.35,23.167334660674182,31.797893132963985,19.48945560740139,51.287348740365374,0.036470004170341436,SCENARIO: ESIF training-window mean IT; not Forest City IT,SCENARIO_INPUT + TRANSFERRED_MODEL_OUTPUT
2012-08-04 19:00:00+00:00,30.0,23.57921196251828,30.101654217499963,19.48945560740139,49.59110982490135,0.03526382288313873,SCENARIO: ESIF training-window mean IT; not Forest City IT,SCENARIO_INPUT + TRANSFERRED_MODEL_OUTPUT
2012-08-04 20:00:00+00:00,27.0,22.269229805963015,29.30197934992507,19.48945560740139,48.79143495732646,0.03469518078188657,SCENARIO: ESIF training-window mean IT; not Forest City IT,SCENARIO_INPUT + TRANSFERRED_MODEL_OUTPUT
2012-08-04 21:00:00+00:00,25.55,21.64124579981398,28.955161109221578,19.48945560740139,48.44461671662297,0.03444856123543979,SCENARIO: ESIF training-window mean IT; not Forest City IT,SCENARIO_INPUT + TRANSFERRED_MODEL_OUTPUT
2012-08-04 22:00:00+00:00,25.0,21.880757991636195,29.87243620454436,19.48945560740139,49.36189181194575,0.03510082787377049,SCENARIO: ESIF training-window mean IT; not Forest City IT,SCENARIO_INPUT + TRANSFERRED_MODEL_OUTPUT
2012-08-04 23:00:00+00:00,25.0,22.216799946751088,30.616242537169406,19.48945560740139,50.105698144570795,0.03562974232770504,SCENARIO: ESIF training-window mean IT; not Forest City IT,SCENARIO_INPUT + TRANSFERRED_MODEL_OUTPUT
2012-08-05 00:00:00+00:00,24.7,22.33773675611929,31.09900796409267,19.48945560740139,50.58846357149406,0.035973032779748455,SCENARIO: ESIF training-window mean IT; not Forest City IT,SCENARIO_INPUT + TRANSFERRED_MODEL_OUTPUT
2012-08-05 01:00:00+00:00,24.4,22.461968053592706,31.58977676177752,19.48945560740139,51.07923236917891,0.03632201436171417,SCENARIO: ESIF training-window mean IT; not Forest City IT,SCENARIO_INPUT + TRANSFERRED_MODEL_OUTPUT
2012-08-05 02:00:00+00:00,23.9,22.32252868775591,31.631703584122548,19.48945560740139,51.12115919152394,0.03635182817395689,SCENARIO: ESIF training-window mean IT; not Forest City IT,SCENARIO_INPUT + TRANSFERRED_MODEL_OUTPUT
2012-08-05 03:00:00+00:00,23.9,22.32252868775591,31.631703584122548,19.48945560740139,51.12115919152394,0.03635182817395689,SCENARIO: ESIF training-window mean IT; not Forest City IT,SCENARIO_INPUT + TRANSFERRED_MODEL_OUTPUT
2012-08-05 04:00:00+00:00,23.3,22.15455294518309,31.680933226380716,19.48945560740139,51.170388833782106,0.03638683496028053,SCENARIO: ESIF training-window mean IT; not Forest City IT,SCENARIO_INPUT + TRANSFERRED_MODEL_OUTPUT
2012-08-05 05:00:00+00:00,23.3,22.15455294518309,31.680933226380716,19.48945560740139,51.170388833782106,0.03638683496028053,SCENARIO: ESIF training-window mean IT; not Forest City IT,SCENARIO_INPUT + TRANSFERRED_MODEL_OUTPUT
2012-08-05 06:00:00+00:00,23.05,22.084204597305906,31.700770802556256,19.48945560740139,51.190226409957646,0.036400941294564136,SCENARIO: ESIF training-window mean IT; not Forest City IT,SCENARIO_INPUT + TRANSFERRED_MODEL_OUTPUT
2012-08-05 07:00:00+00:00,22.733333333333334,21.76032670728776,31.209100814214317,19.48945560740139,50.698556421615706,0.036051318883469415,SCENARIO: ESIF training-window mean IT; not Forest City IT,SCENARIO_INPUT + TRANSFERRED_MODEL_OUTPUT
2012-08-05 08:00:00+00:00,22.2,21.420648265596007,30.84151230072999,19.48945560740139,50.33096790813138,0.03578992976999411,SCENARIO: ESIF training-window mean IT; not Forest City IT,SCENARIO_INPUT + TRANSFERRED_MODEL_OUTPUT
2012-08-05 09:00:00+00:00,21.85,21.284189936448335,30.79050458672634,19.48945560740139,50.279960194127725,0.03575365861174317,SCENARIO: ESIF training-window mean IT; not Forest City IT,SCENARIO_INPUT + TRANSFERRED_MODEL_OUTPUT
2012-08-05 10:00:00+00:00,21.7,20.92660433973861,30.126707308909737,19.48945560740139,49.616162916311126,0.03528163792662674,SCENARIO: ESIF training-window mean IT; not Forest City IT,SCENARIO_INPUT + TRANSFERRED_MODEL_OUTPUT
2012-08-05 11:00:00+00:00,23.3,22.15455294518309,31.680933226380716,19.48945560740139,51.170388833782106,0.03638683496028053,SCENARIO: ESIF training-window mean IT; not Forest City IT,SCENARIO_INPUT + TRANSFERRED_MODEL_OUTPUT
2012-08-05 12:00:00+00:00,24.233333333333334,22.60190678672043,32.022205467936516,19.48945560740139,51.511661075337905,0.03662951079317977,SCENARIO: ESIF training-window mean IT; not Forest City IT,SCENARIO_INPUT + TRANSFERRED_MODEL_OUTPUT
2012-08-05 13:00:00+00:00,25.8,23.123971035450886,32.09236263946437,19.48945560740139,51.58181824686576,0.036679398970304165,SCENARIO: ESIF training-window mean IT; not Forest City IT,SCENARIO_INPUT + TRANSFERRED_MODEL_OUTPUT
2012-08-05 14:00:00+00:00,27.8,23.72764339830576,32.047572687659105,19.48945560740139,51.537028295060495,0.03664754921068027,SCENARIO: ESIF training-window mean IT; not Forest City IT,SCENARIO_INPUT + TRANSFERRED_MODEL_OUTPUT
2012-08-05 15:00:00+00:00,28.05,23.25891421123829,30.782896189478535,19.48945560740139,50.272351796879924,0.03574824834417872,SCENARIO: ESIF training-window mean IT; not Forest City IT,SCENARIO_INPUT + TRANSFERRED_MODEL_OUTPUT
2012-08-05 16:00:00+00:00,29.4,22.724890427429827,28.584962412162785,19.48945560740139,48.07441801956418,0.03418531604228432,SCENARIO: ESIF training-window mean IT; not Forest City IT,SCENARIO_INPUT + TRANSFERRED_MODEL_OUTPUT
2012-08-05 17:00:00+00:00,29.4,23.10181782284959,29.441532947747255,19.48945560740139,48.930988555148645,0.034794416176570864,SCENARIO: ESIF training-window mean IT; not Forest City IT,SCENARIO_INPUT + TRANSFERRED_MODEL_OUTPUT
2012-08-05 18:00:00+00:00,30.0,23.421872303285916,29.737785849290802,19.48945560740139,49.22724145669219,0.03500507913381329,SCENARIO: ESIF training-window mean IT; not Forest City IT,SCENARIO_INPUT + TRANSFERRED_MODEL_OUTPUT
2012-08-05 19:00:00+00:00,31.1,23.869778413315693,29.969844217913924,19.48945560740139,49.45929982531531,0.03517009389630942,SCENARIO: ESIF training-window mean IT; not Forest City IT,SCENARIO_INPUT + TRANSFERRED_MODEL_OUTPUT
2012-08-05 20:00:00+00:00,28.3,22.80057491477217,29.556494884309835,19.48945560740139,49.045950491711224,0.03487616464688257,SCENARIO: ESIF training-window mean IT; not Forest City IT,SCENARIO_INPUT + TRANSFERRED_MODEL_OUTPUT
2012-08-05 21:00:00+00:00,28.3,23.321968764736628,30.746636321976368,19.48945560740139,50.23609192937776,0.035722464256065393,SCENARIO: ESIF training-window mean IT; not Forest City IT,SCENARIO_INPUT + TRANSFERRED_MODEL_OUTPUT
2012-08-05 22:00:00+00:00,28.3,23.519771022579064,31.203002885095216,19.48945560740139,50.692458492496606,0.03604698269714148,SCENARIO: ESIF training-window mean IT; not Forest City IT,SCENARIO_INPUT + TRANSFERRED_MODEL_OUTPUT
2012-08-05 23:00:00+00:00,27.2,24.32736773056272,33.88921723953763,19.48945560740139,53.37867284693902,0.037957127228200896,SCENARIO: ESIF training-window mean IT; not Forest City IT,SCENARIO_INPUT + TRANSFERRED_MODEL_OUTPUT
2012-08-06 00:00:00+00:00,26.95,23.877855607299516,33.01118299622755,19.48945560740139,52.500638603628936,0.03733276443110394,SCENARIO: ESIF training-window mean IT; not Forest City IT,SCENARIO_INPUT + TRANSFERRED_MODEL_OUTPUT
2012-08-06 01:00:00+00:00,25.6,22.791815807888604,31.479373432852825,19.48945560740139,50.968829040254214,0.036243507479116546,SCENARIO: ESIF training-window mean IT; not Forest City IT,SCENARIO_INPUT + TRANSFERRED_MODEL_OUTPUT
2012-08-06 02:00:00+00:00,25.6,22.38491046743109,30.56371357191937,19.48945560740139,50.05316917932076,0.03559238942043291,SCENARIO: ESIF training-window mean IT; not Forest City IT,SCENARIO_INPUT + TRANSFERRED_MODEL_OUTPUT
2012-08-06 03:00:00+00:00,25.0,22.42117401863451,31.07238417800208,19.48945560740139,50.561839785403464,0.035954100828427094,SCENARIO: ESIF training-window mean IT; not Forest City IT,SCENARIO_INPUT + TRANSFERRED_MODEL_OUTPUT
2012-08-06 04:00:00+00:00,23.9,22.321991676245357,31.630504910262058,19.48945560740139,51.11996051766344,0.0363509758070133,SCENARIO: ESIF training-window mean IT; not Forest City IT,SCENARIO_INPUT + TRANSFERRED_MODEL_OUTPUT
2012-08-06 05:00:00+00:00,23.9,21.907424431100395,30.7110205576747,19.48945560740139,50.20047616507609,0.035697138184343745,SCENARIO: ESIF training-window mean IT; not Forest City IT,SCENARIO_INPUT + TRANSFERRED_MODEL_OUTPUT
2012-08-06 06:00:00+00:00,23.933333333333334,21.89401498578846,30.657918948065166,19.48945560740139,50.147374555466556,0.03565937807446333,SCENARIO: ESIF training-window mean IT; not Forest City IT,SCENARIO_INPUT + TRANSFERRED_MODEL_OUTPUT
2012-08-06 07:00:00+00:00,23.15,21.486954475245632,30.319215079036574,19.48945560740139,49.808670686437964,0.0354185285897587,SCENARIO: ESIF training-window mean IT; not Forest City IT,SCENARIO_INPUT + TRANSFERRED_MODEL_OUTPUT
2012-08-06 08:00:00+00:00,23.15,21.486954475245632,30.319215079036574,19.48945560740139,49.808670686437964,0.0354185285897587,SCENARIO: ESIF training-window mean IT; not Forest City IT,SCENARIO_INPUT + TRANSFERRED_MODEL_OUTPUT
2012-08-06 09:00:00+00:00,23.03333333333333,21.52205842683565,30.477649899435846,19.48945560740139,49.967105506837235,0.03553119026369197,SCENARIO: ESIF training-window mean IT; not Forest City IT,SCENARIO_INPUT + TRANSFERRED_MODEL_OUTPUT
2012-08-06 10:00:00+00:00,22.8,21.5930093590778,30.796220879586432,19.48945560740139,50.285676486987825,0.03575772341972344,SCENARIO: ESIF training-window mean IT; not Forest City IT,SCENARIO_INPUT + TRANSFERRED_MODEL_OUTPUT
2012-08-06 11:00:00+00:00,23.9,22.321991676245357,31.630504910262058,19.48945560740139,51.11996051766344,0.0363509758070133,SCENARIO: ESIF training-window mean IT; not Forest City IT,SCENARIO_INPUT + TRANSFERRED_MODEL_OUTPUT
2012-08-06 12:00:00+00:00,23.933333333333334,22.401567473381867,31.784786116204415,19.48945560740139,51.274241723605805,0.03646068388049175,SCENARIO: ESIF training-window mean IT; not Forest City IT,SCENARIO_INPUT + TRANSFERRED_MODEL_OUTPUT
2012-08-06 13:00:00+00:00,25.566666666666666,22.92109271213127,31.79644501577344,19.48945560740139,51.285900623174825,0.036468974426334864,SCENARIO: ESIF training-window mean IT; not Forest City IT,SCENARIO_INPUT + TRANSFERRED_MODEL_OUTPUT
2012-08-06 14:00:00+00:00,27.2,22.826380341487887,30.410160618020846,19.48945560740139,49.899616225422236,0.03548319920088389,SCENARIO: ESIF training-window mean IT; not Forest City IT,SCENARIO_INPUT + TRANSFERRED_MODEL_OUTPUT
2012-08-06 15:00:00+00:00,27.333333333333332,22.840948230531865,30.347071842885377,19.48945560740139,49.836527450286766,0.035438337301238035,SCENARIO: ESIF training-window mean IT; not Forest City IT,SCENARIO_INPUT + TRANSFERRED_MODEL_OUTPUT
2012-08-06 16:00:00+00:00,30.0,23.259476663681802,29.36399880143037,19.48945560740139,48.85345440883176,0.03473928229445433,SCENARIO: ESIF training-window mean IT; not Forest City IT,SCENARIO_INPUT + TRANSFERRED_MODEL_OUTPUT
2012-08-06 17:00:00+00:00,30.6,23.417924968771707,29.288461304021943,19.48945560740139,48.77791691142333,0.034685568212655164,SCENARIO: ESIF training-window mean IT; not Forest City IT,SCENARIO_INPUT + TRANSFERRED_MODEL_OUTPUT
2012-08-06 18:00:00+00:00,30.85,23.48385669116263,29.256839796431365,19.48945560740139,48.746295403832754,0.03466308242342985,SCENARIO: ESIF training-window mean IT; not Forest City IT,SCENARIO_INPUT + TRANSFERRED_MODEL_OUTPUT
2012-08-06 19:00:00+00:00,30.0,23.254886003766885,29.35345864064493,19.48945560740139,48.84291424804632,0.03473178727439106,SCENARIO: ESIF training-window mean IT; not Forest City IT,SCENARIO_INPUT + TRANSFERRED_MODEL_OUTPUT
2012-08-06 20:00:00+00:00,30.6,23.730965462837446,30.013988802223004,19.48945560740139,49.50344440962439,0.035201484740511574,SCENARIO: ESIF training-window mean IT; not Forest City IT,SCENARIO_INPUT + TRANSFERRED_MODEL_OUTPUT
2012-08-06 21:00:00+00:00,29.266666666666666,23.48686864697541,30.42386869238464,19.48945560740139,49.91332429978603,0.03549294689776224,SCENARIO: ESIF training-window mean IT; not Forest City IT,SCENARIO_INPUT + TRANSFERRED_MODEL_OUTPUT
2012-08-06 22:00:00+00:00,23.45,22.47690280445881,32.294652863915374,19.48945560740139,51.78410847131676,0.0368232458547804,SCENARIO: ESIF training-window mean IT; not Forest City IT,SCENARIO_INPUT + TRANSFERRED_MODEL_OUTPUT
2012-08-06 23:00:00+00:00,22.8,22.189624804877983,32.11037009671712,19.48945560740139,51.59982570411851,0.03669220392234857,SCENARIO: ESIF training-window mean IT; not Forest City IT,SCENARIO_INPUT + TRANSFERRED_MODEL_OUTPUT
2012-08-07 00:00:00+00:00,22.866666666666664,22.10201148113974,31.86905577670501,19.48945560740139,51.3585113841064,0.03652060733033604,SCENARIO: ESIF training-window mean IT; not Forest City IT,SCENARIO_INPUT + TRANSFERRED_MODEL_OUTPUT
2012-08-07 01:00:00+00:00,22.8,22.01253203391152,31.717754275699647,19.48945560740139,51.20720988310104,0.03641301810008399,SCENARIO: ESIF training-window mean IT; not Forest City IT,SCENARIO_INPUT + TRANSFERRED_MODEL_OUTPUT
2012-08-07 05:00:00+00:00,22.9,22.146775791599936,31.944959215996057,19.48945560740139,51.43441482339745,0.036574581630343266,SCENARIO: ESIF training-window mean IT; not Forest City IT,SCENARIO_INPUT + TRANSFERRED_MODEL_OUTPUT
2012-08-07 06:00:00+00:00,22.8,22.011995062915204,31.716567066174292,19.48945560740139,51.20602267357568,0.0364121738853331,SCENARIO: ESIF training-window mean IT; not Forest City IT,SCENARIO_INPUT + TRANSFERRED_MODEL_OUTPUT
2012-08-07 07:00:00+00:00,22.95,22.213702806657842,32.05857407152724,19.48945560740139,51.54802967892863,0.03665537220261502,SCENARIO: ESIF training-window mean IT; not Forest City IT,SCENARIO_INPUT + TRANSFERRED_MODEL_OUTPUT
2012-08-07 08:00:00+00:00,22.933333333333334,22.191052055598956,32.019909863514904,19.48945560740139,51.50936547091629,0.03662787840810068,SCENARIO: ESIF training-window mean IT; not Forest City IT,SCENARIO_INPUT + TRANSFERRED_MODEL_OUTPUT
2012-08-07 09:00:00+00:00,22.6,22.082985732218212,32.01400262572283,19.48945560740139,51.50345823312422,0.036623677820778404,SCENARIO: ESIF training-window mean IT; not Forest City IT,SCENARIO_INPUT + TRANSFERRED_MODEL_OUTPUT
2012-08-07 10:00:00+00:00,22.066666666666666,21.947235672778916,32.08717055193094,19.48945560740139,51.57662615933233,0.0366757069203416,SCENARIO: ESIF training-window mean IT; not Forest City IT,SCENARIO_INPUT + TRANSFERRED_MODEL_OUTPUT
2012-08-07 11:00:00+00:00,22.8,22.011995062915204,31.716567066174292,19.48945560740139,51.20602267357568,0.0364121738853331,SCENARIO: ESIF training-window mean IT; not Forest City IT,SCENARIO_INPUT + TRANSFERRED_MODEL_OUTPUT
2012-08-07 12:00:00+00:00,22.8,22.011995062915204,31.716567066174292,19.48945560740139,51.20602267357568,0.0364121738853331,SCENARIO: ESIF training-window mean IT; not Forest City IT,SCENARIO_INPUT + TRANSFERRED_MODEL_OUTPUT
2012-08-07 13:00:00+00:00,22.9,22.14626321983512,31.943821249577077,19.48945560740139,51.433276856978466,0.03657377243195292,SCENARIO: ESIF training-window mean IT; not Forest City IT,SCENARIO_INPUT + TRANSFERRED_MODEL_OUTPUT
2012-08-07 14:00:00+00:00,24.2,23.25205301599533,33.52387197022804,19.48945560740139,53.01332757762943,0.03769733326687163,SCENARIO: ESIF training-window mean IT; not Forest City IT,SCENARIO_INPUT + TRANSFERRED_MODEL_OUTPUT
2012-08-07 15:00:00+00:00,24.4,23.23406880596544,33.34093504698575,19.48945560740139,52.83039065438714,0.037567248352805775,SCENARIO: ESIF training-window mean IT; not Forest City IT,SCENARIO_INPUT + TRANSFERRED_MODEL_OUTPUT
2012-08-07 16:00:00+00:00,25.2,23.166738652368554,32.618263886330666,19.48945560740139,52.107719493732056,0.03705336294265718,SCENARIO: ESIF training-window mean IT; not Forest City IT,SCENARIO_INPUT + TRANSFERRED_MODEL_OUTPUT
2012-08-07 17:00:00+00:00,26.675,23.31988497204044,31.914763753775652,19.48945560740139,51.40421936117704,0.03655310989003791,SCENARIO: ESIF training-window mean IT; not Forest City IT,SCENARIO_INPUT + TRANSFERRED_MODEL_OUTPUT
2012-08-07 18:00:00+00:00,26.7,23.428381925315673,32.146779582254446,19.48945560740139,51.636235189655835,0.03671809440259367,SCENARIO: ESIF training-window mean IT; not Forest City IT,SCENARIO_INPUT + TRANSFERRED_MODEL_OUTPUT
2012-08-07 19:00:00+00:00,27.1,23.466620354708382,31.94734751907349,19.48945560740139,51.43680312647488,0.03657627993266018,SCENARIO: ESIF training-window mean IT; not Forest City IT,SCENARIO_INPUT + TRANSFERRED_MODEL_OUTPUT
2012-08-07 20:00:00+00:00,27.9,23.677244706473893,31.857990787863258,19.48945560740139,51.34744639526465,0.03651273910943723,SCENARIO: ESIF training-window mean IT; not Forest City IT,SCENARIO_INPUT + TRANSFERRED_MODEL_OUTPUT
2012-08-07 21:00:00+00:00,27.8,23.548774485002067,31.6322325855712,19.48945560740139,51.121688192972584,0.03635220434245677,SCENARIO: ESIF training-window mean IT; not Forest City IT,SCENARIO_INPUT + TRANSFERRED_MODEL_OUTPUT
2012-08-07 22:00:00+00:00,26.7,22.683649940100707,30.44711061481327,19.48945560740139,49.93656622221466,0.03550947403415585,SCENARIO: ESIF training-window mean IT; not Forest City IT,SCENARIO_INPUT + TRANSFERRED_MODEL_OUTPUT
2012-08-07 23:00:00+00:00,25.6,23.552951434860752,33.22253166995009,19.48945560740139,52.711987277351476,0.03748305270299487,SCENARIO: ESIF training-window mean IT; not Forest City IT,SCENARIO_INPUT + TRANSFERRED_MODEL_OUTPUT
2012-08-08 00:00:00+00:00,25.3,23.65176071463076,33.665681646745185,19.48945560740139,53.155137254146574,0.0377981729402218,SCENARIO: ESIF training-window mean IT; not Forest City IT,SCENARIO_INPUT + TRANSFERRED_MODEL_OUTPUT
2012-08-08 01:00:00+00:00,24.2,23.251418300907275,33.522414899782824,19.48945560740139,53.01187050718421,0.03769629715628064,SCENARIO: ESIF training-window mean IT; not Forest City IT,SCENARIO_INPUT + TRANSFERRED_MODEL_OUTPUT
2012-08-08 02:00:00+00:00,23.9,22.67125201241584,32.41425675534252,19.48945560740139,51.90371236274391,0.036908295180321064,SCENARIO: ESIF training-window mean IT; not Forest City IT,SCENARIO_INPUT + TRANSFERRED_MODEL_OUTPUT
2012-08-08 03:00:00+00:00,23.46,22.366601719413346,32.04065044251746,19.48945560740139,51.53010604991885,0.03664262686013215,SCENARIO: ESIF training-window mean IT; not Forest City IT,SCENARIO_INPUT + TRANSFERRED_MODEL_OUTPUT
2012-08-08 04:00:00+00:00,23.075,22.248341997317933,32.04781872947541,19.48945560740139,51.5372743368768,0.03664772416895531,SCENARIO: ESIF training-window mean IT; not Forest City IT,SCENARIO_INPUT + TRANSFERRED_MODEL_OUTPUT
2012-08-08 05:00:00+00:00,23.3,21.734468986625643,30.754098431875185,19.48945560740139,50.243554039276574,0.03572777049992111,SCENARIO: ESIF training-window mean IT; not Forest City IT,SCENARIO_INPUT + TRANSFERRED_MODEL_OUTPUT
2012-08-08 06:00:00+00:00,23.05,21.66263172053155,30.772698854029407,19.48945560740139,50.2621544614308,0.03574099710434102,SCENARIO: ESIF training-window mean IT; not Forest City IT,SCENARIO_INPUT + TRANSFERRED_MODEL_OUTPUT
2012-08-08 07:00:00+00:00,22.8,21.2463842764465,30.04388891300399,19.48945560740139,49.53334452040538,0.035222746458881855,SCENARIO: ESIF training-window mean IT; not Forest City IT,SCENARIO_INPUT + TRANSFERRED_MODEL_OUTPUT
2012-08-08 08:00:00+00:00,22.2,21.419037480061586,30.838016157254977,19.48945560740139,50.327471764656366,0.035787443691648366,SCENARIO: ESIF training-window mean IT; not Forest City IT,SCENARIO_INPUT + TRANSFERRED_MODEL_OUTPUT
2012-08-08 09:00:00+00:00,22.2,21.419037480061586,30.838016157254977,19.48945560740139,50.327471764656366,0.035787443691648366,SCENARIO: ESIF training-window mean IT; not Forest City IT,SCENARIO_INPUT + TRANSFERRED_MODEL_OUTPUT
2012-08-08 10:00:00+00:00,21.7,20.924993658044208,30.123265763019077,19.48945560740139,49.612721370420466,0.03527919067216599,SCENARIO: ESIF training-window mean IT; not Forest City IT,SCENARIO_INPUT + TRANSFERRED_MODEL_OUTPUT
2012-08-08 11:00:00+00:00,22.2,21.419037480061586,30.838016157254977,19.48945560740139,50.327471764656366,0.035787443691648366,SCENARIO: ESIF training-window mean IT; not Forest City IT,SCENARIO_INPUT + TRANSFERRED_MODEL_OUTPUT
2012-08-08 12:00:00+00:00,23.049999999999997,21.663583602713004,30.774780697091032,19.48945560740139,50.26423630449242,0.03574247748550721,SCENARIO: ESIF training-window mean IT; not Forest City IT,SCENARIO_INPUT + TRANSFERRED_MODEL_OUTPUT
2012-08-08 13:00:00+00:00,25.6,22.38106565206798,30.55511553075963,19.48945560740139,50.04457113816102,0.0355862754253707,SCENARIO: ESIF training-window mean IT; not Forest City IT,SCENARIO_INPUT + TRANSFERRED_MODEL_OUTPUT
2012-08-08 14:00:00+00:00,26.7,23.087579441957423,31.364278049115143,19.48945560740139,50.85373365651653,0.03616166411563621,SCENARIO: ESIF training-window mean IT; not Forest City IT,SCENARIO_INPUT + TRANSFERRED_MODEL_OUTPUT
2012-08-08 15:00:00+00:00,27.25,23.4044396718272,31.695751529634908,19.48945560740139,51.1852071370363,0.036397372131624944,SCENARIO: ESIF training-window mean IT; not Forest City IT,SCENARIO_INPUT + TRANSFERRED_MODEL_OUTPUT
2012-08-08 16:00:00+00:00,29.4,23.41335209440106,30.156824608496876,19.48945560740139,49.646280215898265,0.03530305408613817,SCENARIO: ESIF training-window mean IT; not Forest City IT,SCENARIO_INPUT + TRANSFERRED_MODEL_OUTPUT
2012-08-08 17:00:00+00:00,29.4,24.540019782795078,32.79904496831015,19.48945560740139,52.28850057571154,0.037181914856055695,SCENARIO: ESIF training-window mean IT; not Forest City IT,SCENARIO_INPUT + TRANSFERRED_MODEL_OUTPUT
2012-08-08 18:00:00+00:00,29.85,24.286178517557627,31.8672980533753,19.48945560740139,51.35675366077669,0.036519357427996786,SCENARIO: ESIF training-window mean IT; not Forest City IT,SCENARIO_INPUT + TRANSFERRED_MODEL_OUTPUT
2012-08-08 19:00:00+00:00,27.8,24.129013499958887,32.987525145414224,19.48945560740139,52.476980752815614,0.03731594153151927,SCENARIO: ESIF training-window mean IT; not Forest City IT,SCENARIO_INPUT + TRANSFERRED_MODEL_OUTPUT
2012-08-08 20:00:00+00:00,26.1,23.684902887026944,33.17131892223285,19.48945560740139,52.66077452963424,0.03744663574698732,SCENARIO: ESIF training-window mean IT; not Forest City IT,SCENARIO_INPUT + TRANSFERRED_MODEL_OUTPUT
2012-08-08 21:00:00+00:00,26.950000000000003,23.907831399850934,33.081309415908166,19.48945560740139,52.570765023309555,0.037382630740847314,SCENARIO: ESIF training-window mean IT; not Forest City IT,SCENARIO_INPUT + TRANSFERRED_MODEL_OUTPUT
2012-08-08 22:00:00+00:00,27.2,23.559853745375975,32.091005733982385,19.48945560740139,51.580461341383774,0.03667843408617968,SCENARIO: ESIF training-window mean IT; not Forest City IT,SCENARIO_INPUT + TRANSFERRED_MODEL_OUTPUT
2012-08-08 23:00:00+00:00,26.1,23.266862575156736,32.205250855622,19.48945560740139,51.69470646302339,0.03675967283540281,SCENARIO: ESIF training-window mean IT; not Forest City IT,SCENARIO_INPUT + TRANSFERRED_MODEL_OUTPUT
2012-08-09 00:00:00+00:00,24.75,21.505967318787185,29.229650272810474,19.48945560740139,48.71910588021186,0.03464374818088861,SCENARIO: ESIF training-window mean IT; not Forest City IT,SCENARIO_INPUT + TRANSFERRED_MODEL_OUTPUT
2012-08-09 01:00:00+00:00,22.8,20.43813362031063,28.321512201894862,19.48945560740139,47.81096780929625,0.03399797880409352,SCENARIO: ESIF training-window mean IT; not Forest City IT,SCENARIO_INPUT + TRANSFERRED_MODEL_OUTPUT
2012-08-09 02:00:00+00:00,22.8,20.839145257710403,29.17048602485741,19.48945560740139,48.6599416322588,0.034601676979655216,SCENARIO: ESIF training-window mean IT; not Forest City IT,SCENARIO_INPUT + TRANSFERRED_MODEL_OUTPUT
2012-08-09 03:00:00+00:00,22.5,20.75049176240755,29.192253023594084,19.48945560740139,48.68170863099547,0.0346171553101636,SCENARIO: ESIF training-window mean IT; not Forest City IT,SCENARIO_INPUT + TRANSFERRED_MODEL_OUTPUT
2012-08-09 04:00:00+00:00,22.2,20.66153689220644,29.213537785196934,19.48945560740139,48.70299339259832,0.034632290725884744,SCENARIO: ESIF training-window mean IT; not Forest City IT,SCENARIO_INPUT + TRANSFERRED_MODEL_OUTPUT
2012-08-09 05:00:00+00:00,21.1,19.924796732713922,28.43800261357341,19.48945560740139,47.9274582209748,0.03408081416025959,SCENARIO: ESIF training-window mean IT; not Forest City IT,SCENARIO_INPUT + TRANSFERRED_MODEL_OUTPUT
2012-08-09 06:00:00+00:00,20.85,19.847636665616992,28.45217697535808,19.48945560740139,47.94163258275947,0.03409089343021787,SCENARIO: ESIF training-window mean IT; not Forest City IT,SCENARIO_INPUT + TRANSFERRED_MODEL_OUTPUT
2012-08-09 07:00:00+00:00,20.6,19.77105666608167,28.467687383402044,19.48945560740139,47.95714299080343,0.034101922751482085,SCENARIO: ESIF training-window mean IT; not Forest City IT,SCENARIO_INPUT + TRANSFERRED_MODEL_OUTPUT
2012-08-09 08:00:00+00:00,20.6,19.77105666608167,28.467687383402044,19.48945560740139,47.95714299080343,0.034101922751482085,SCENARIO: ESIF training-window mean IT; not Forest City IT,SCENARIO_INPUT + TRANSFERRED_MODEL_OUTPUT
2012-08-09 09:00:00+00:00,20.6,19.77105666608167,28.467687383402044,19.48945560740139,47.95714299080343,0.034101922751482085,SCENARIO: ESIF training-window mean IT; not Forest City IT,SCENARIO_INPUT + TRANSFERRED_MODEL_OUTPUT
2012-08-09 10:00:00+00:00,20.6,19.77105666608167,28.467687383402044,19.48945560740139,47.95714299080343,0.034101922751482085,SCENARIO: ESIF training-window mean IT; not Forest City IT,SCENARIO_INPUT + TRANSFERRED_MODEL_OUTPUT
2012-08-09 11:00:00+00:00,21.1,20.33256817836721,29.28707886826233,19.48945560740139,48.77653447566372,0.03468458517416407,SCENARIO: ESIF training-window mean IT; not Forest City IT,SCENARIO_INPUT + TRANSFERRED_MODEL_OUTPUT
2012-08-09 12:00:00+00:00,22.75,21.027050597529986,29.6071703931295,19.48945560740139,49.09662600053089,0.03491219957680931,SCENARIO: ESIF training-window mean IT; not Forest City IT,SCENARIO_INPUT + TRANSFERRED_MODEL_OUTPUT
2012-08-09 13:00:00+00:00,25.0,22.21394391796376,30.609888398677967,19.48945560740139,50.099344006079356,0.03562522395303813,SCENARIO: ESIF training-window mean IT; not Forest City IT,SCENARIO_INPUT + TRANSFERRED_MODEL_OUTPUT
2012-08-09 14:00:00+00:00,26.7,23.086969081129844,31.362883745885775,19.48945560740139,50.852339353287164,0.036160672638286755,SCENARIO: ESIF training-window mean IT; not Forest City IT,SCENARIO_INPUT + TRANSFERRED_MODEL_OUTPUT
2012-08-09 15:00:00+00:00,26.96666666666667,23.339460125775503,31.750103637679217,19.48945560740139,51.239559245080606,0.03643602146046971,SCENARIO: ESIF training-window mean IT; not Forest City IT,SCENARIO_INPUT + TRANSFERRED_MODEL_OUTPUT
2012-08-09 16:00:00+00:00,28.9,24.411347706578724,32.85731609151118,19.48945560740139,52.34677169891257,0.03722335096375762,SCENARIO: ESIF training-window mean IT; not Forest City IT,SCENARIO_INPUT + TRANSFERRED_MODEL_OUTPUT
2012-08-09 17:00:00+00:00,28.9,23.67003104929593,31.1155650800059,19.48945560740139,50.60502068740729,0.03598480640621258,SCENARIO: ESIF training-window mean IT; not Forest City IT,SCENARIO_INPUT + TRANSFERRED_MODEL_OUTPUT
2012-08-09 18:00:00+00:00,29.15,23.901379201836292,31.47301995420657,19.48945560740139,50.96247556160796,0.036238989573660015,SCENARIO: ESIF training-window mean IT; not Forest City IT,SCENARIO_INPUT + TRANSFERRED_MODEL_OUTPUT
2012-08-09 19:00:00+00:00,28.9,24.408368430187167,32.8502410195604,19.48945560740139,52.33969662696179,0.03721831993934541,SCENARIO: ESIF training-window mean IT; not Forest City IT,SCENARIO_INPUT + TRANSFERRED_MODEL_OUTPUT
2012-08-09 20:00:00+00:00,23.525,20.602405374806438,28.157922367029816,19.48945560740139,47.64737797443121,0.033881651442545624,SCENARIO: ESIF training-window mean IT; not Forest City IT,SCENARIO_INPUT + TRANSFERRED_MODEL_OUTPUT
2012-08-09 21:00:00+00:00,20.866666666666667,19.416153593426046,27.55681155824915,19.48945560740139,47.04626716565054,0.03345420658057688,SCENARIO: ESIF training-window mean IT; not Forest City IT,SCENARIO_INPUT + TRANSFERRED_MODEL_OUTPUT
2012-08-09 22:00:00+00:00,21.066666666666666,19.600534045733404,27.79407769339947,19.48945560740139,47.283533300800855,0.03362292454223674,SCENARIO: ESIF training-window mean IT; not Forest City IT,SCENARIO_INPUT + TRANSFERRED_MODEL_OUTPUT
2012-08-09 23:00:00+00:00,20.933333333333334,20.16806472614675,29.05891373797518,19.48945560740139,48.54836934537657,0.03452233886084372,SCENARIO: ESIF training-window mean IT; not Forest City IT,SCENARIO_INPUT + TRANSFERRED_MODEL_OUTPUT
2012-08-10 00:00:00+00:00,20.919999999999998,20.05915763309819,28.841509540366914,19.48945560740139,48.3309651477683,0.03436774455663117,SCENARIO: ESIF training-window mean IT; not Forest City IT,SCENARIO_INPUT + TRANSFERRED_MODEL_OUTPUT
2012-08-10 01:00:00+00:00,20.866666666666667,19.897496313567466,28.54356143035362,19.48945560740139,48.03301703775501,0.03415587615084287,SCENARIO: ESIF training-window mean IT; not Forest City IT,SCENARIO_INPUT + TRANSFERRED_MODEL_OUTPUT
2012-08-10 02:00:00+00:00,20.6,19.770471047336407,28.466482309063682,19.48945560740139,47.955937916465075,0.03410106583321228,SCENARIO: ESIF training-window mean IT; not Forest City IT,SCENARIO_INPUT + TRANSFERRED_MODEL_OUTPUT
2012-08-10 03:00:00+00:00,20.3,19.67852383906763,28.485173339931446,19.48945560740139,47.97462894733283,0.03411435686872955,SCENARIO: ESIF training-window mean IT; not Forest City IT,SCENARIO_INPUT + TRANSFERRED_MODEL_OUTPUT
2012-08-10 04:00:00+00:00,20.0,19.381181308936895,28.085429216334294,19.48945560740139,47.57488482373569,0.03383010217019835,SCENARIO: ESIF training-window mean IT; not Forest City IT,SCENARIO_INPUT + TRANSFERRED_MODEL_OUTPUT
2012-08-10 05:00:00+00:00,20.119999999999997,19.62282467725828,28.495395489811045,19.48945560740139,47.984851097212434,0.034121625753900944,SCENARIO: ESIF training-window mean IT; not Forest City IT,SCENARIO_INPUT + TRANSFERRED_MODEL_OUTPUT
2012-08-10 06:00:00+00:00,20.6,20.181560638607557,29.318179453740235,19.48945560740139,48.807635061141625,0.03470670054003765,SCENARIO: ESIF training-window mean IT; not Forest City IT,SCENARIO_INPUT + TRANSFERRED_MODEL_OUTPUT
2012-08-10 07:00:00+00:00,20.6,20.181560638607557,29.318179453740235,19.48945560740139,48.807635061141625,0.03470670054003765,SCENARIO: ESIF training-window mean IT; not Forest City IT,SCENARIO_INPUT + TRANSFERRED_MODEL_OUTPUT
2012-08-10 08:00:00+00:00,20.6,20.181560638607557,29.318179453740235,19.48945560740139,48.807635061141625,0.03470670054003765,SCENARIO: ESIF training-window mean IT; not Forest City IT,SCENARIO_INPUT + TRANSFERRED_MODEL_OUTPUT
2012-08-10 09:00:00+00:00,20.6,20.181560638607557,29.318179453740235,19.48945560740139,48.807635061141625,0.03470670054003765,SCENARIO: ESIF training-window mean IT; not Forest City IT,SCENARIO_INPUT + TRANSFERRED_MODEL_OUTPUT
2012-08-10 10:00:00+00:00,20.6,20.181560638607557,29.318179453740235,19.48945560740139,48.807635061141625,0.03470670054003765,SCENARIO: ESIF training-window mean IT; not Forest City IT,SCENARIO_INPUT + TRANSFERRED_MODEL_OUTPUT
2012-08-10 11:00:00+00:00,21.05,20.316941349025242,29.289064216145515,19.48945560740139,48.7785198235469,0.034685996938416994,SCENARIO: ESIF training-window mean IT; not Forest City IT,SCENARIO_INPUT + TRANSFERRED_MODEL_OUTPUT
2012-08-10 12:00:00+00:00,21.825,20.719190294686435,29.59778659009121,19.48945560740139,49.0872421974926,0.034905526833055825,SCENARIO: ESIF training-window mean IT; not Forest City IT,SCENARIO_INPUT + TRANSFERRED_MODEL_OUTPUT
2012-08-10 13:00:00+00:00,23.9,21.56054350806604,29.95068411798413,19.48945560740139,49.44013972538552,0.035156469309710475,SCENARIO: ESIF training-window mean IT; not Forest City IT,SCENARIO_INPUT + TRANSFERRED_MODEL_OUTPUT
2012-08-10 14:00:00+00:00,23.95,21.71146400014769,30.245143596329484,19.48945560740139,49.73459920373087,0.03536585697873614,SCENARIO: ESIF training-window mean IT; not Forest City IT,SCENARIO_INPUT + TRANSFERRED_MODEL_OUTPUT
2012-08-10 15:00:00+00:00,24.099999999999998,21.708298193181363,30.132137234559053,19.48945560740139,49.62159284196044,0.035285499101281675,SCENARIO: ESIF training-window mean IT; not Forest City IT,SCENARIO_INPUT + TRANSFERRED_MODEL_OUTPUT
2012-08-10 16:00:00+00:00,26.7,22.67886490896815,30.436312478016735,19.48945560740139,49.92576808541813,0.03550179556951158,SCENARIO: ESIF training-window mean IT; not Forest City IT,SCENARIO_INPUT + TRANSFERRED_MODEL_OUTPUT
2012-08-10 17:00:00+00:00,26.7,22.347532918487843,29.692417143687013,19.48945560740139,49.181872751088406,0.034972817827210186,SCENARIO: ESIF training-window mean IT; not Forest City IT,SCENARIO_INPUT + TRANSFERRED_MODEL_OUTPUT
2012-08-10 18:00:00+00:00,27.5,22.37214201870752,29.171284278208937,19.48945560740139,48.660739885610326,0.03460224461092831,SCENARIO: ESIF training-window mean IT; not Forest City IT,SCENARIO_INPUT + TRANSFERRED_MODEL_OUTPUT
2012-08-10 19:00:00+00:00,27.8,22.649075904457213,29.576252343524253,19.48945560740139,49.06570795092564,0.03489021401066608,SCENARIO: ESIF training-window mean IT; not Forest City IT,SCENARIO_INPUT + TRANSFERRED_MODEL_OUTPUT
2012-08-10 20:00:00+00:00,28.3,23.110036941848797,30.260636901772493,19.48945560740139,49.75009250917388,0.03537687413848404,SCENARIO: ESIF training-window mean IT; not Forest City IT,SCENARIO_INPUT + TRANSFERRED_MODEL_OUTPUT
2012-08-10 21:00:00+00:00,28.6,23.02680316189072,29.852844751191892,19.48945560740139,49.34230035859328,0.03508689655536514,SCENARIO: ESIF training-window mean IT; not Forest City IT,SCENARIO_INPUT + TRANSFERRED_MODEL_OUTPUT
2012-08-10 22:00:00+00:00,27.2,22.81297689314308,30.379786965436168,19.48945560740139,49.86924257283756,0.0354616007509028,SCENARIO: ESIF training-window mean IT; not Forest City IT,SCENARIO_INPUT + TRANSFERRED_MODEL_OUTPUT
2012-08-10 23:00:00+00:00,26.7,22.678181333092077,30.43477001475883,19.48945560740139,49.92422562216022,0.035500698736806634,SCENARIO: ESIF training-window mean IT; not Forest City IT,SCENARIO_INPUT + TRANSFERRED_MODEL_OUTPUT
2012-08-11 00:00:00+00:00,23.759999999999998,21.077213955416088,29.00385702699309,19.48945560740139,48.49331263439448,0.03448318849475077,SCENARIO: ESIF training-window mean IT; not Forest City IT,SCENARIO_INPUT + TRANSFERRED_MODEL_OUTPUT
2012-08-11 01:00:00+00:00,21.05,20.316941349025242,29.289064216145515,19.48945560740139,48.7785198235469,0.034685996938416994,SCENARIO: ESIF training-window mean IT; not Forest City IT,SCENARIO_INPUT + TRANSFERRED_MODEL_OUTPUT
2012-08-11 02:00:00+00:00,22.8,22.01092112092259,31.71419270622866,19.48945560740139,51.20364831363005,0.03641048549786044,SCENARIO: ESIF training-window mean IT; not Forest City IT,SCENARIO_INPUT + TRANSFERRED_MODEL_OUTPUT
2012-08-11 03:00:00+00:00,23.025,22.180378250573185,31.931767814224948,19.48945560740139,51.42122342162634,0.03656520133501858,SCENARIO: ESIF training-window mean IT; not Forest City IT,SCENARIO_INPUT + TRANSFERRED_MODEL_OUTPUT
2012-08-11 04:00:00+00:00,19.316666666666666,18.241265760029158,26.28506654582916,19.48945560740139,45.77452215323055,0.03254987935279674,SCENARIO: ESIF training-window mean IT; not Forest City IT,SCENARIO_INPUT + TRANSFERRED_MODEL_OUTPUT
2012-08-11 05:00:00+00:00,19.1,18.675182867326942,27.287857571005325,19.48945560740139,46.777313178406715,0.033262955652671296,SCENARIO: ESIF training-window mean IT; not Forest City IT,SCENARIO_INPUT + TRANSFERRED_MODEL_OUTPUT
2012-08-11 06:00:00+00:00,20.1,19.3954809892087,28.045447880958363,19.48945560740139,47.53490348835975,0.03380167177744637,SCENARIO: ESIF training-window mean IT; not Forest City IT,SCENARIO_INPUT + TRANSFERRED_MODEL_OUTPUT
2012-08-11 07:00:00+00:00,20.6,19.769885428591145,28.46527725815852,19.48945560740139,47.954732865559905,0.03410020893160562,SCENARIO: ESIF training-window mean IT; not Forest City IT,SCENARIO_INPUT + TRANSFERRED_MODEL_OUTPUT
2012-08-11 08:00:00+00:00,20.3,19.542305584065556,28.206358649720354,19.48945560740139,47.69581425712174,0.033916094077524904,SCENARIO: ESIF training-window mean IT; not Forest City IT,SCENARIO_INPUT + TRANSFERRED_MODEL_OUTPUT
2012-08-11 09:00:00+00:00,20.925,20.27898969888106,29.296388300956494,19.48945560740139,48.78584390835788,0.034691205033788676,SCENARIO: ESIF training-window mean IT; not Forest City IT,SCENARIO_INPUT + TRANSFERRED_MODEL_OUTPUT
2012-08-11 10:00:00+00:00,21.05,20.873806496028962,30.46634618648302,19.48945560740139,49.955801793884405,0.03552315228807702,SCENARIO: ESIF training-window mean IT; not Forest City IT,SCENARIO_INPUT + TRANSFERRED_MODEL_OUTPUT
2012-08-11 11:00:00+00:00,21.1,20.748104242824333,30.16401095108047,19.48945560740139,49.65346655848186,0.035308164234165516,SCENARIO: ESIF training-window mean IT; not Forest City IT,SCENARIO_INPUT + TRANSFERRED_MODEL_OUTPUT
2012-08-11 12:00:00+00:00,21.975,21.335821604372676,30.814904987951728,19.48945560740139,50.30436059535312,0.03577100953270718,SCENARIO: ESIF training-window mean IT; not Forest City IT,SCENARIO_INPUT + TRANSFERRED_MODEL_OUTPUT
2012-08-11 13:00:00+00:00,24.0,22.45100675970454,31.84836510254392,19.48945560740139,51.337820709945305,0.03650589436521939,SCENARIO: ESIF training-window mean IT; not Forest City IT,SCENARIO_INPUT + TRANSFERRED_MODEL_OUTPUT
2012-08-11 14:00:00+00:00,24.5,22.468096031392975,31.53262020936893,19.48945560740139,51.02207581677032,0.03628137081596849,SCENARIO: ESIF training-window mean IT; not Forest City IT,SCENARIO_INPUT + TRANSFERRED_MODEL_OUTPUT
2012-08-11 15:00:00+00:00,25.15,22.23691353046565,30.554268659812855,19.48945560740139,50.043724267214245,0.03558567322253278,SCENARIO: ESIF training-window mean IT; not Forest City IT,SCENARIO_INPUT + TRANSFERRED_MODEL_OUTPUT
2012-08-11 16:00:00+00:00,27.2,22.09871930068868,28.77895902878778,19.48945560740139,48.26841463618917,0.0343232654116924,SCENARIO: ESIF training-window mean IT; not Forest City IT,SCENARIO_INPUT + TRANSFERRED_MODEL_OUTPUT
2012-08-11 17:00:00+00:00,28.3,22.40395327295429,28.66359972641156,19.48945560740139,48.15305533381295,0.03424123437787846,SCENARIO: ESIF training-window mean IT; not Forest City IT,SCENARIO_INPUT + TRANSFERRED_MODEL_OUTPUT
2012-08-11 18:00:00+00:00,28.05,22.526429976848533,29.119355005476418,19.48945560740139,48.608810612877804,0.0345653181399831,SCENARIO: ESIF training-window mean IT; not Forest City IT,SCENARIO_INPUT + TRANSFERRED_MODEL_OUTPUT
2012-08-11 19:00:00+00:00,27.2,22.096961602110134,28.775062588529767,19.48945560740139,48.26451819593116,0.03432049468565666,SCENARIO: ESIF training-window mean IT; not Forest City IT,SCENARIO_INPUT + TRANSFERRED_MODEL_OUTPUT
2012-08-11 20:00:00+00:00,26.7,22.347532918487843,29.692417143687013,19.48945560740139,49.181872751088406,0.034972817827210186,SCENARIO: ESIF training-window mean IT; not Forest City IT,SCENARIO_INPUT + TRANSFERRED_MODEL_OUTPUT
2012-08-11 21:00:00+00:00,26.95,22.221343309993834,29.231324292820773,19.48945560740139,48.72077990022216,0.03464493856249843,SCENARIO: ESIF training-window mean IT; not Forest City IT,SCENARIO_INPUT + TRANSFERRED_MODEL_OUTPUT
2012-08-11 22:00:00+00:00,26.1,22.181852039600347,29.75356737077943,19.48945560740139,49.24302297818082,0.03501630124157749,SCENARIO: ESIF training-window mean IT; not Forest City IT,SCENARIO_INPUT + TRANSFERRED_MODEL_OUTPUT
2012-08-11 23:00:00+00:00,25.0,21.873776818164778,29.857065658452733,19.48945560740139,49.34652126585412,0.035089898007169266,SCENARIO: ESIF training-window mean IT; not Forest City IT,SCENARIO_INPUT + TRANSFERRED_MODEL_OUTPUT
2012-08-12 00:00:00+00:00,24.45,21.717712393115498,29.904886576598592,19.48945560740139,49.39434218399998,0.03512390306157436,SCENARIO: ESIF training-window mean IT; not Forest City IT,SCENARIO_INPUT + TRANSFERRED_MODEL_OUTPUT
2012-08-12 01:00:00+00:00,22.8,21.59051986308415,30.790788286870356,19.48945560740139,50.28024389427175,0.03575386034853967,SCENARIO: ESIF training-window mean IT; not Forest City IT,SCENARIO_INPUT + TRANSFERRED_MODEL_OUTPUT
2012-08-12 02:00:00+00:00,22.2,19.92547431689272,27.672592405566647,19.48945560740139,47.162048012968036,0.03353653737146823,SCENARIO: ESIF training-window mean IT; not Forest City IT,SCENARIO_INPUT + TRANSFERRED_MODEL_OUTPUT
2012-08-12 03:00:00+00:00,21.4,19.482529551297183,27.321319164379005,19.48945560740139,46.810774771780395,0.0332867499114867,SCENARIO: ESIF training-window mean IT; not Forest City IT,SCENARIO_INPUT + TRANSFERRED_MODEL_OUTPUT
2012-08-12 04:00:00+00:00,20.6,19.77105666608167,28.467687383402044,19.48945560740139,47.95714299080343,0.034101922751482085,SCENARIO: ESIF training-window mean IT; not Forest City IT,SCENARIO_INPUT + TRANSFERRED_MODEL_OUTPUT
2012-08-12 05:00:00+00:00,21.1,19.19284638465021,26.942409960562838,19.48945560740139,46.43186556796422,0.03301731074992442,SCENARIO: ESIF training-window mean IT; not Forest City IT,SCENARIO_INPUT + TRANSFERRED_MODEL_OUTPUT
2012-08-12 06:00:00+00:00,20.55,19.019714175791215,26.97548898663633,19.48945560740139,46.46494459403772,0.03304083296833657,SCENARIO: ESIF training-window mean IT; not Forest City IT,SCENARIO_INPUT + TRANSFERRED_MODEL_OUTPUT
2012-08-12 07:00:00+00:00,20.6,18.00957248416806,24.94891152682171,19.48945560740139,44.4383671342231,0.03159975070875022,SCENARIO: ESIF training-window mean IT; not Forest City IT,SCENARIO_INPUT + TRANSFERRED_MODEL_OUTPUT
2012-08-12 08:00:00+00:00,20.0,17.812203822820244,24.982686557760182,19.48945560740139,44.47214216516157,0.03162376785039299,SCENARIO: ESIF training-window mean IT; not Forest City IT,SCENARIO_INPUT + TRANSFERRED_MODEL_OUTPUT
2012-08-12 09:00:00+00:00,19.45,17.63025015526798,25.012673827843702,19.48945560740139,44.502129435245095,0.03164509154701337,SCENARIO: ESIF training-window mean IT; not Forest City IT,SCENARIO_INPUT + TRANSFERRED_MODEL_OUTPUT
2012-08-12 10:00:00+00:00,18.3,17.245795571364727,25.070996174722914,19.48945560740139,44.560451782124304,0.03168656407944386,SCENARIO: ESIF training-window mean IT; not Forest City IT,SCENARIO_INPUT + TRANSFERRED_MODEL_OUTPUT
2012-08-12 11:00:00+00:00,19.4,17.23810816460539,24.302723973863017,19.48945560740139,43.792179581264406,0.03114025215150313,SCENARIO: ESIF training-window mean IT; not Forest City IT,SCENARIO_INPUT + TRANSFERRED_MODEL_OUTPUT
2012-08-12 12:00:00+00:00,20.549999999999997,17.807998244248644,24.594389353035872,19.48945560740139,44.08384496043726,0.031347652960007126,SCENARIO: ESIF training-window mean IT; not Forest City IT,SCENARIO_INPUT + TRANSFERRED_MODEL_OUTPUT
2012-08-12 13:00:00+00:00,23.9,18.715876613671952,24.025565306751904,19.48945560740139,43.5150209141533,0.03094316694445609,SCENARIO: ESIF training-window mean IT; not Forest City IT,SCENARIO_INPUT + TRANSFERRED_MODEL_OUTPUT
2012-08-12 14:00:00+00:00,25.0,19.416398353132205,24.6535155089697,19.48945560740139,44.142971116371086,0.03138969707432465,SCENARIO: ESIF training-window mean IT; not Forest City IT,SCENARIO_INPUT + TRANSFERRED_MODEL_OUTPUT
2012-08-12 15:00:00+00:00,25.85,20.004779164810586,25.25574320619708,19.48945560740139,44.74519881359847,0.03181793614631419,SCENARIO: ESIF training-window mean IT; not Forest City IT,SCENARIO_INPUT + TRANSFERRED_MODEL_OUTPUT
2012-08-12 16:00:00+00:00,27.8,21.58107386371359,27.20746350594908,19.48945560740139,46.69691911335047,0.033205788106290324,SCENARIO: ESIF training-window mean IT; not Forest City IT,SCENARIO_INPUT + TRANSFERRED_MODEL_OUTPUT
2012-08-12 17:00:00+00:00,26.7,20.231129371811946,25.117724037058046,19.48945560740139,44.607179644459436,0.03171979187101602,SCENARIO: ESIF training-window mean IT; not Forest City IT,SCENARIO_INPUT + TRANSFERRED_MODEL_OUTPUT
2012-08-12 18:00:00+00:00,27.25,20.249426643533695,24.76016666880743,19.48945560740139,44.24962227620882,0.03146553582090803,SCENARIO: ESIF training-window mean IT; not Forest City IT,SCENARIO_INPUT + TRANSFERRED_MODEL_OUTPUT
2012-08-12 19:00:00+00:00,28.3,20.706268684442485,24.96315431752221,19.48945560740139,44.4526099249236,0.031609878637937475,SCENARIO: ESIF training-window mean IT; not Forest City IT,SCENARIO_INPUT + TRANSFERRED_MODEL_OUTPUT
2012-08-12 20:00:00+00:00,28.9,20.260656076631598,23.588579104410286,19.48945560740139,43.078034711811675,0.03063242971562294,SCENARIO: ESIF training-window mean IT; not Forest City IT,SCENARIO_INPUT + TRANSFERRED_MODEL_OUTPUT
2012-08-12 21:00:00+00:00,28.6,20.651289673816272,24.628847729002135,19.48945560740139,44.11830333640353,0.031372156022576314,SCENARIO: ESIF training-window mean IT; not Forest City IT,SCENARIO_INPUT + TRANSFERRED_MODEL_OUTPUT
2012-08-12 22:00:00+00:00,27.8,21.21251448034493,26.408101024016688,19.48945560740139,45.89755663141808,0.032637368139852393,SCENARIO: ESIF training-window mean IT; not Forest City IT,SCENARIO_INPUT + TRANSFERRED_MODEL_OUTPUT
2012-08-12 23:00:00+00:00,25.6,19.89748860891728,25.212225864703413,19.48945560740139,44.7016814721048,0.03178699132922508,SCENARIO: ESIF training-window mean IT; not Forest City IT,SCENARIO_INPUT + TRANSFERRED_MODEL_OUTPUT
2012-08-13 00:00:00+00:00,25.0,19.895542250837934,25.6357298268534,19.48945560740139,45.12518543425479,0.0320881414499684,SCENARIO: ESIF training-window mean IT; not Forest City IT,SCENARIO_INPUT + TRANSFERRED_MODEL_OUTPUT
2012-08-13 01:00:00+00:00,22.2,19.537713012223687,26.875702902225477,19.48945560740139,46.365158509626866,0.03296987591939593,SCENARIO: ESIF training-window mean IT; not Forest City IT,SCENARIO_INPUT + TRANSFERRED_MODEL_OUTPUT
2012-08-13 02:00:00+00:00,21.7,19.38159439766674,26.906949259893032,19.48945560740139,46.39640486729442,0.03299209494265277,SCENARIO: ESIF training-window mean IT; not Forest City IT,SCENARIO_INPUT + TRANSFERRED_MODEL_OUTPUT
2012-08-13 03:00:00+00:00,21.7,19.57704595161841,27.305253287878905,19.48945560740139,46.794708895280294,0.03327532560125525,SCENARIO: ESIF training-window mean IT; not Forest City IT,SCENARIO_INPUT + TRANSFERRED_MODEL_OUTPUT
2012-08-13 04:00:00+00:00,21.7,19.381594397666646,26.906949259892848,19.48945560740139,46.39640486729424,0.032992094942652636,SCENARIO: ESIF training-window mean IT; not Forest City IT,SCENARIO_INPUT + TRANSFERRED_MODEL_OUTPUT
2012-08-13 05:00:00+00:00,20.0,18.846519184116673,27.009211166335156,19.48945560740139,46.498666773736545,0.03306481252790545,SCENARIO: ESIF training-window mean IT; not Forest City IT,SCENARIO_INPUT + TRANSFERRED_MODEL_OUTPUT
2012-08-13 06:00:00+00:00,19.7,18.585311564226835,26.697376237688466,19.48945560740139,46.186831845089856,0.032843069321685625,SCENARIO: ESIF training-window mean IT; not Forest City IT,SCENARIO_INPUT + TRANSFERRED_MODEL_OUTPUT
2012-08-13 07:00:00+00:00,18.9,18.161213654124655,26.41490066979779,19.48945560740139,45.904356277199184,0.03264220331102198,SCENARIO: ESIF training-window mean IT; not Forest City IT,SCENARIO_INPUT + TRANSFERRED_MODEL_OUTPUT
2012-08-13 08:00:00+00:00,18.9,18.161213654124655,26.41490066979779,19.48945560740139,45.904356277199184,0.03264220331102198,SCENARIO: ESIF training-window mean IT; not Forest City IT,SCENARIO_INPUT + TRANSFERRED_MODEL_OUTPUT
2012-08-13 09:00:00+00:00,18.9,17.964522836203333,26.033107710948794,19.48945560740139,45.52256331835018,0.03237071353540658,SCENARIO: ESIF training-window mean IT; not Forest City IT,SCENARIO_INPUT + TRANSFERRED_MODEL_OUTPUT
2012-08-13 10:00:00+00:00,18.3,17.245795571364727,25.070996174722914,19.48945560740139,44.560451782124304,0.03168656407944386,SCENARIO: ESIF training-window mean IT; not Forest City IT,SCENARIO_INPUT + TRANSFERRED_MODEL_OUTPUT
2012-08-13 11:00:00+00:00,19.4,17.934506065735427,25.63181264589508,19.48945560740139,45.12126825329647,0.03208535597539437,SCENARIO: ESIF training-window mean IT; not Forest City IT,SCENARIO_INPUT + TRANSFERRED_MODEL_OUTPUT
2012-08-13 12:00:00+00:00,20.549999999999997,18.50249271853874,25.946843554663175,19.48945560740139,45.436299162064564,0.03230937181631298,SCENARIO: ESIF training-window mean IT; not Forest City IT,SCENARIO_INPUT + TRANSFERRED_MODEL_OUTPUT
2012-08-13 13:00:00+00:00,24.4,20.592133436353805,27.5176807588079,19.48945560740139,47.00713636620929,0.033426380996805026,SCENARIO: ESIF training-window mean IT; not Forest City IT,SCENARIO_INPUT + TRANSFERRED_MODEL_OUTPUT
2012-08-13 14:00:00+00:00,26.1,21.092616157199124,27.373246354351096,19.48945560740139,46.862701961752485,0.03332367490139841,SCENARIO: ESIF training-window mean IT; not Forest City IT,SCENARIO_INPUT + TRANSFERRED_MODEL_OUTPUT
2012-08-13 15:00:00+00:00,26.65,20.911769002648647,26.591485951552514,19.48945560740139,46.0809415589539,0.03276777162601945,SCENARIO: ESIF training-window mean IT; not Forest City IT,SCENARIO_INPUT + TRANSFERRED_MODEL_OUTPUT
2012-08-13 16:00:00+00:00,28.3,20.085315394254735,23.65885008320449,19.48945560740139,43.14830569060588,0.030682398820141333,SCENARIO: ESIF training-window mean IT; not Forest City IT,SCENARIO_INPUT + TRANSFERRED_MODEL_OUTPUT
2012-08-13 17:00:00+00:00,29.4,19.819875699390643,22.30901799170727,19.48945560740139,41.79847359910866,0.02972254452438946,SCENARIO: ESIF training-window mean IT; not Forest City IT,SCENARIO_INPUT + TRANSFERRED_MODEL_OUTPUT
2012-08-13 18:00:00+00:00,29.4,19.375843395484523,21.400543276518956,19.48945560740139,40.88999888392034,0.029076535762671357,SCENARIO: ESIF training-window mean IT; not Forest City IT,SCENARIO_INPUT + TRANSFERRED_MODEL_OUTPUT
2012-08-13 19:00:00+00:00,28.9,19.66300661113346,22.350945672361593,19.48945560740139,41.840401279762986,0.029752358946968732,SCENARIO: ESIF training-window mean IT; not Forest City IT,SCENARIO_INPUT + TRANSFERRED_MODEL_OUTPUT
2012-08-13 20:00:00+00:00,28.9,19.987563218797035,23.020020739699415,19.48945560740139,42.5094763471008,0.030228132624013512,SCENARIO: ESIF training-window mean IT; not Forest City IT,SCENARIO_INPUT + TRANSFERRED_MODEL_OUTPUT
2012-08-13 21:00:00+00:00,29.15,19.607957243765778,22.056099564535756,19.48945560740139,41.545555171937146,0.02954269634895742,SCENARIO: ESIF training-window mean IT; not Forest City IT,SCENARIO_INPUT + TRANSFERRED_MODEL_OUTPUT
2012-08-13 22:00:00+00:00,26.7,18.97892517238058,22.55514433472929,19.48945560740139,42.04459994213068,0.029897562905664823,SCENARIO: ESIF training-window mean IT; not Forest City IT,SCENARIO_INPUT + TRANSFERRED_MODEL_OUTPUT
2012-08-13 23:00:00+00:00,24.4,19.22845392150299,24.69852767149954,19.48945560740139,44.18798327890093,0.03142170484613383,SCENARIO: ESIF training-window mean IT; not Forest City IT,SCENARIO_INPUT + TRANSFERRED_MODEL_OUTPUT
2012-08-14 00:00:00+00:00,24.15,18.647979276550643,23.71411172581843,19.48945560740139,43.20356733321982,0.03072169491140144,SCENARIO: ESIF training-window mean IT; not Forest City IT,SCENARIO_INPUT + TRANSFERRED_MODEL_OUTPUT
2012-08-14 01:00:00+00:00,22.8,18.35872109071292,24.095442124010773,19.48945560740139,43.58489773141216,0.03099285576400771,SCENARIO: ESIF training-window mean IT; not Forest City IT,SCENARIO_INPUT + TRANSFERRED_MODEL_OUTPUT
2012-08-14 02:00:00+00:00,23.3,18.52098479682153,24.06307680028013,19.48945560740139,43.55253240768152,0.03096984105335448,SCENARIO: ESIF training-window mean IT; not Forest City IT,SCENARIO_INPUT + TRANSFERRED_MODEL_OUTPUT
2012-08-14 03:00:00+00:00,22.75,18.523630120986414,24.454899840678575,19.48945560740139,43.94435544807996,0.03124846313596021,SCENARIO: ESIF training-window mean IT; not Forest City IT,SCENARIO_INPUT + TRANSFERRED_MODEL_OUTPUT
2012-08-14 04:00:00+00:00,22.2,18.839178453403537,25.4660666263924,19.48945560740139,44.955522233793786,0.03196749536900816,SCENARIO: ESIF training-window mean IT; not Forest City IT,SCENARIO_INPUT + TRANSFERRED_MODEL_OUTPUT
2012-08-14 05:00:00+00:00,22.2,19.535809679256555,26.871816694827608,19.48945560740139,46.361272302229,0.03296711246986134,SCENARIO: ESIF training-window mean IT; not Forest City IT,SCENARIO_INPUT + TRANSFERRED_MODEL_OUTPUT
2012-08-14 06:00:00+00:00,21.95,19.458412052495532,26.888721515145946,19.48945560740139,46.378177122547335,0.032979133346015994,SCENARIO: ESIF training-window mean IT; not Forest City IT,SCENARIO_INPUT + TRANSFERRED_MODEL_OUTPUT
2012-08-14 07:00:00+00:00,20.6,19.03570298420716,26.97295096726412,19.48945560740139,46.46240657466551,0.03303902820401628,SCENARIO: ESIF training-window mean IT; not Forest City IT,SCENARIO_INPUT + TRANSFERRED_MODEL_OUTPUT
2012-08-14 08:00:00+00:00,20.6,19.03570298420716,26.97295096726412,19.48945560740139,46.46240657466551,0.03303902820401628,SCENARIO: ESIF training-window mean IT; not Forest City IT,SCENARIO_INPUT + TRANSFERRED_MODEL_OUTPUT
2012-08-14 09:00:00+00:00,20.6,18.67698866631713,26.257208694838766,19.48945560740139,45.746664302240156,0.03253006986826012,SCENARIO: ESIF training-window mean IT; not Forest City IT,SCENARIO_INPUT + TRANSFERRED_MODEL_OUTPUT
2012-08-14 10:00:00+00:00,20.0,18.517230724225602,26.356107830689165,19.48945560740139,45.84556343809055,0.03260039621550739,SCENARIO: ESIF training-window mean IT; not Forest City IT,SCENARIO_INPUT + TRANSFERRED_MODEL_OUTPUT
2012-08-14 11:00:00+00:00,20.6,19.03570298420716,26.97295096726412,19.48945560740139,46.46240657466551,0.03303902820401628,SCENARIO: ESIF training-window mean IT; not Forest City IT,SCENARIO_INPUT + TRANSFERRED_MODEL_OUTPUT
2012-08-14 12:00:00+00:00,22.25,19.199903281158242,26.154866156645248,19.48945560740139,45.64432176404664,0.032457294946444296,SCENARIO: ESIF training-window mean IT; not Forest City IT,SCENARIO_INPUT + TRANSFERRED_MODEL_OUTPUT
2012-08-14 13:00:00+00:00,24.4,19.227514409089785,24.69662920595615,19.48945560740139,44.18608481335754,0.03142035486318511,SCENARIO: ESIF training-window mean IT; not Forest City IT,SCENARIO_INPUT + TRANSFERRED_MODEL_OUTPUT
2012-08-14 14:00:00+00:00,25.6,18.627966107512954,22.6438976796723,19.48945560740139,42.13335328707369,0.02996067466596636,SCENARIO: ESIF training-window mean IT; not Forest City IT,SCENARIO_INPUT + TRANSFERRED_MODEL_OUTPUT
2012-08-14 15:00:00+00:00,26.4,19.67165810602171,24.174899759035963,19.48945560740139,43.66435536643735,0.03104935742283597,SCENARIO: ESIF training-window mean IT; not Forest City IT,SCENARIO_INPUT + TRANSFERRED_MODEL_OUTPUT
2012-08-14 16:00:00+00:00,28.3,21.71999188932553,27.14908047957828,19.48945560740139,46.63853608697967,0.03316427242518153,SCENARIO: ESIF training-window mean IT; not Forest City IT,SCENARIO_INPUT + TRANSFERRED_MODEL_OUTPUT
2012-08-14 17:00:00+00:00,27.8,21.5767285727323,27.197985005790628,19.48945560740139,46.68744061319202,0.033199048024207756,SCENARIO: ESIF training-window mean IT; not Forest City IT,SCENARIO_INPUT + TRANSFERRED_MODEL_OUTPUT
2012-08-14 18:00:00+00:00,28.05,21.801531913053633,27.509135663755323,19.48945560740139,46.99859127115671,0.03342030465127621,SCENARIO: ESIF training-window mean IT; not Forest City IT,SCENARIO_INPUT + TRANSFERRED_MODEL_OUTPUT
2012-08-14 20:00:00+00:00,30.0,22.193143415420426,26.954376128284167,19.48945560740139,46.443831735685556,0.03302581979157735,SCENARIO: ESIF training-window mean IT; not Forest City IT,SCENARIO_INPUT + TRANSFERRED_MODEL_OUTPUT
2012-08-14 21:00:00+00:00,29.45,22.039920282226774,27.016712516627585,19.48945560740139,46.506168124028974,0.03307014667527643,SCENARIO: ESIF training-window mean IT; not Forest City IT,SCENARIO_INPUT + TRANSFERRED_MODEL_OUTPUT
2012-08-14 22:00:00+00:00,27.8,22.26480884107528,28.714986074119853,19.48945560740139,48.204441681521246,0.0342777747793858,SCENARIO: ESIF training-window mean IT; not Forest City IT,SCENARIO_INPUT + TRANSFERRED_MODEL_OUTPUT
2012-08-14 23:00:00+00:00,27.2,22.09784045139945,28.777010782271233,19.48945560740139,48.26646638967262,0.03432188002991057,SCENARIO: ESIF training-window mean IT; not Forest City IT,SCENARIO_INPUT + TRANSFERRED_MODEL_OUTPUT
2012-08-15 00:00:00+00:00,26.65,22.13863699608241,29.26318460087016,19.48945560740139,48.75264020827155,0.034667594160730106,SCENARIO: ESIF training-window mean IT; not Forest City IT,SCENARIO_INPUT + TRANSFERRED_MODEL_OUTPUT
2012-08-15 01:00:00+00:00,25.6,22.378319355380093,30.548974691200407,19.48945560740139,50.038430298601796,0.035581908725788154,SCENARIO: ESIF training-window mean IT; not Forest City IT,SCENARIO_INPUT + TRANSFERRED_MODEL_OUTPUT
2012-08-15 02:00:00+00:00,24.4,22.044276995671908,30.659413611418795,19.48945560740139,50.14886921882018,0.035660440917056654,SCENARIO: ESIF training-window mean IT; not Forest City IT,SCENARIO_INPUT + TRANSFERRED_MODEL_OUTPUT
2012-08-15 03:00:00+00:00,23.85,21.888985426758456,30.705722494709136,19.48945560740139,50.195178102110525,0.035693370776138905,SCENARIO: ESIF training-window mean IT; not Forest City IT,SCENARIO_INPUT + TRANSFERRED_MODEL_OUTPUT
2012-08-15 04:00:00+00:00,23.3,21.73285808179281,30.750567487019854,19.48945560740139,50.24002309442125,0.035725259674605284,SCENARIO: ESIF training-window mean IT; not Forest City IT,SCENARIO_INPUT + TRANSFERRED_MODEL_OUTPUT
2012-08-15 05:00:00+00:00,22.8,21.59051986308418,30.790788286870416,19.48945560740139,50.280243894271806,0.03575386034853971,SCENARIO: ESIF training-window mean IT; not Forest City IT,SCENARIO_INPUT + TRANSFERRED_MODEL_OUTPUT
2012-08-15 06:00:00+00:00,22.5,21.50466099833613,30.814085350231867,19.48945560740139,50.30354095763326,0.03577042669518886,SCENARIO: ESIF training-window mean IT; not Forest City IT,SCENARIO_INPUT + TRANSFERRED_MODEL_OUTPUT
2012-08-15 07:00:00+00:00,21.7,20.924456764146043,30.12211862044751,19.48945560740139,49.6115742278489,0.035278374948690384,SCENARIO: ESIF training-window mean IT; not Forest City IT,SCENARIO_INPUT + TRANSFERRED_MODEL_OUTPUT
2012-08-15 08:00:00+00:00,22.1,21.35454310967518,30.768101126889178,19.48945560740139,50.25755673429057,0.03573772769907643,SCENARIO: ESIF training-window mean IT; not Forest City IT,SCENARIO_INPUT + TRANSFERRED_MODEL_OUTPUT
2012-08-15 09:00:00+00:00,22.4,21.65805967557871,31.21877238624343,19.48945560740139,50.70822799364482,0.03605819625734228,SCENARIO: ESIF training-window mean IT; not Forest City IT,SCENARIO_INPUT + TRANSFERRED_MODEL_OUTPUT
2012-08-15 10:00:00+00:00,22.8,21.59051986308415,30.790788286870356,19.48945560740139,50.28024389427175,0.03575386034853967,SCENARIO: ESIF training-window mean IT; not Forest City IT,SCENARIO_INPUT + TRANSFERRED_MODEL_OUTPUT
2012-08-15 11:00:00+00:00,22.8,21.59051986308415,30.790788286870356,19.48945560740139,50.28024389427175,0.03575386034853967,SCENARIO: ESIF training-window mean IT; not Forest City IT,SCENARIO_INPUT + TRANSFERRED_MODEL_OUTPUT
2012-08-15 12:00:00+00:00,23.35,21.747784950036603,30.74808311749038,19.48945560740139,50.23753872489177,0.03572349306023886,SCENARIO: ESIF training-window mean IT; not Forest City IT,SCENARIO_INPUT + TRANSFERRED_MODEL_OUTPUT
2012-08-15 13:00:00+00:00,25.6,22.78705536681025,31.46859559967666,19.48945560740139,50.95805120707805,0.03623584345220668,SCENARIO: ESIF training-window mean IT; not Forest City IT,SCENARIO_INPUT + TRANSFERRED_MODEL_OUTPUT
2012-08-15 14:00:00+00:00,25.0,22.21299190836799,30.607770476369396,19.48945560740139,50.097226083770785,0.035623717916221584,SCENARIO: ESIF training-window mean IT; not Forest City IT,SCENARIO_INPUT + TRANSFERRED_MODEL_OUTPUT
2012-08-15 15:00:00+00:00,25.55,22.365756445192403,30.55657537058996,19.48945560740139,50.04603097799135,0.03558731350524825,SCENARIO: ESIF training-window mean IT; not Forest City IT,SCENARIO_INPUT + TRANSFERRED_MODEL_OUTPUT
2012-08-15 16:00:00+00:00,27.8,22.654349438212527,29.588142213451263,19.48945560740139,49.07759782085265,0.03489866879759644,SCENARIO: ESIF training-window mean IT; not Forest City IT,SCENARIO_INPUT + TRANSFERRED_MODEL_OUTPUT
2012-08-15 17:00:00+00:00,27.8,22.26766522251104,28.721350924641136,19.48945560740139,48.210806532042525,0.03428230077128743,SCENARIO: ESIF training-window mean IT; not Forest City IT,SCENARIO_INPUT + TRANSFERRED_MODEL_OUTPUT
2012-08-15 18:00:00+00:00,29.200000000000003,22.310629398499017,27.800641590757564,19.48945560740139,47.29009719815895,0.033627592074677054,SCENARIO: ESIF training-window mean IT; not Forest City IT,SCENARIO_INPUT + TRANSFERRED_MODEL_OUTPUT
2012-08-15 19:00:00+00:00,28.9,22.569855723603396,28.599877814077686,19.48945560740139,48.089333421479076,0.03419592225967318,SCENARIO: ESIF training-window mean IT; not Forest City IT,SCENARIO_INPUT + TRANSFERRED_MODEL_OUTPUT
2012-08-15 20:00:00+00:00,28.9,22.569312480155517,28.598656049373428,19.48945560740139,48.088111656774814,0.03419505347302396,SCENARIO: ESIF training-window mean IT; not Forest City IT,SCENARIO_INPUT + TRANSFERRED_MODEL_OUTPUT
2012-08-15 21:00:00+00:00,28.025,21.920134233310264,27.788233955820342,19.48945560740139,47.27768956322173,0.033618769109384085,SCENARIO: ESIF training-window mean IT; not Forest City IT,SCENARIO_INPUT + TRANSFERRED_MODEL_OUTPUT
2012-08-15 22:00:00+00:00,25.0,21.08503474015948,28.14192349833941,19.48945560740139,47.6313791057408,0.03387027478100647,SCENARIO: ESIF training-window mean IT; not Forest City IT,SCENARIO_INPUT + TRANSFERRED_MODEL_OUTPUT
2012-08-15 23:00:00+00:00,23.9,21.15909009394654,29.080992620182577,19.48945560740139,48.57044822758397,0.034538038969076194,SCENARIO: ESIF training-window mean IT; not Forest City IT,SCENARIO_INPUT + TRANSFERRED_MODEL_OUTPUT
2012-08-16 00:00:00+00:00,23.35,20.799184718444458,28.6986718947046,19.48945560740139,48.188127502105985,0.034266173903030855,SCENARIO: ESIF training-window mean IT; not Forest City IT,SCENARIO_INPUT + TRANSFERRED_MODEL_OUTPUT
2012-08-16 01:00:00+00:00,22.2,19.926279601255654,27.674258038263314,19.48945560740139,47.1637136456647,0.03353772178892957,SCENARIO: ESIF training-window mean IT; not Forest City IT,SCENARIO_INPUT + TRANSFERRED_MODEL_OUTPUT
2012-08-16 02:00:00+00:00,22.2,19.535809679256555,26.871816694827608,19.48945560740139,46.361272302229,0.03296711246986134,SCENARIO: ESIF training-window mean IT; not Forest City IT,SCENARIO_INPUT + TRANSFERRED_MODEL_OUTPUT
2012-08-16 03:00:00+00:00,22.2,19.53676134574012,26.87375976758505,19.48945560740139,46.36321537498644,0.0329684941726264,SCENARIO: ESIF training-window mean IT; not Forest City IT,SCENARIO_INPUT + TRANSFERRED_MODEL_OUTPUT
2012-08-16 04:00:00+00:00,21.7,19.77426077941618,27.709796297057014,19.48945560740139,47.19925190445841,0.03356299274713359,SCENARIO: ESIF training-window mean IT; not Forest City IT,SCENARIO_INPUT + TRANSFERRED_MODEL_OUTPUT
2012-08-16 05:00:00+00:00,20.6,19.036264166993092,26.974077582808253,19.48945560740139,46.463533190209645,0.03303982933089459,SCENARIO: ESIF training-window mean IT; not Forest City IT,SCENARIO_INPUT + TRANSFERRED_MODEL_OUTPUT
2012-08-16 06:00:00+00:00,20.3,18.581931068787718,26.2766214854525,19.48945560740139,45.76607709285389,0.0325438741410882,SCENARIO: ESIF training-window mean IT; not Forest City IT,SCENARIO_INPUT + TRANSFERRED_MODEL_OUTPUT
2012-08-16 07:00:00+00:00,18.9,18.161213654124655,26.41490066979779,19.48945560740139,45.904356277199184,0.03264220331102198,SCENARIO: ESIF training-window mean IT; not Forest City IT,SCENARIO_INPUT + TRANSFERRED_MODEL_OUTPUT
2012-08-16 08:00:00+00:00,18.3,17.569849443998123,25.685507144181567,19.48945560740139,45.17496275158295,0.03212353768344767,SCENARIO: ESIF training-window mean IT; not Forest City IT,SCENARIO_INPUT + TRANSFERRED_MODEL_OUTPUT
2012-08-16 09:00:00+00:00,18.6,17.669335180789005,25.67053472365513,19.48945560740139,45.15999033105652,0.03211289092060166,SCENARIO: ESIF training-window mean IT; not Forest City IT,SCENARIO_INPUT + TRANSFERRED_MODEL_OUTPUT
2012-08-16 10:00:00+00:00,18.3,17.245795571364727,25.070996174722914,19.48945560740139,44.560451782124304,0.03168656407944386,SCENARIO: ESIF training-window mean IT; not Forest City IT,SCENARIO_INPUT + TRANSFERRED_MODEL_OUTPUT
2012-08-16 11:00:00+00:00,20.0,18.518840971402916,26.359283532258495,19.48945560740139,45.848739139659884,0.03260265443029763,SCENARIO: ESIF training-window mean IT; not Forest City IT,SCENARIO_INPUT + TRANSFERRED_MODEL_OUTPUT
2012-08-16 12:00:00+00:00,21.4,18.77507808739513,25.8965716915924,19.48945560740139,45.38602729899379,0.03227362391549784,SCENARIO: ESIF training-window mean IT; not Forest City IT,SCENARIO_INPUT + TRANSFERRED_MODEL_OUTPUT
2012-08-16 13:00:00+00:00,24.4,19.53250380887151,25.316087069631926,19.48945560740139,44.805542677033316,0.031860846162237694,SCENARIO: ESIF training-window mean IT; not Forest City IT,SCENARIO_INPUT + TRANSFERRED_MODEL_OUTPUT
2012-08-16 14:00:00+00:00,26.1,19.41156434853985,23.858725217276458,19.48945560740139,43.34818082467785,0.03082452835407482,SCENARIO: ESIF training-window mean IT; not Forest City IT,SCENARIO_INPUT + TRANSFERRED_MODEL_OUTPUT
2012-08-16 15:00:00+00:00,26.65,19.75396096464543,24.164503605282746,19.48945560740139,43.653959212684136,0.031041964804967292,SCENARIO: ESIF training-window mean IT; not Forest City IT,SCENARIO_INPUT + TRANSFERRED_MODEL_OUTPUT
2012-08-16 16:00:00+00:00,27.8,20.27516859816649,24.416926634775745,19.48945560740139,43.90638224217713,0.031221460707258966,SCENARIO: ESIF training-window mean IT; not Forest City IT,SCENARIO_INPUT + TRANSFERRED_MODEL_OUTPUT
2012-08-16 17:00:00+00:00,27.8,20.27516859816649,24.416926634775745,19.48945560740139,43.90638224217713,0.031221460707258966,SCENARIO: ESIF training-window mean IT; not Forest City IT,SCENARIO_INPUT + TRANSFERRED_MODEL_OUTPUT
2012-08-16 18:00:00+00:00,28.05,20.34932678940007,24.391359525417343,19.48945560740139,43.88081513281873,0.031203280149912464,SCENARIO: ESIF training-window mean IT; not Forest City IT,SCENARIO_INPUT + TRANSFERRED_MODEL_OUTPUT
2012-08-16 19:00:00+00:00,28.15,20.465200276464408,24.562402218867987,19.48945560740139,44.05185782626938,0.031324907176784725,SCENARIO: ESIF training-window mean IT; not Forest City IT,SCENARIO_INPUT + TRANSFERRED_MODEL_OUTPUT
2012-08-16 20:00:00+00:00,28.95,21.132745512260804,25.401928281730704,19.48945560740139,44.89138388913209,0.0319218871292621,SCENARIO: ESIF training-window mean IT; not Forest City IT,SCENARIO_INPUT + TRANSFERRED_MODEL_OUTPUT
2012-08-16 21:00:00+00:00,28.9,20.88404198312395,24.905513463256767,19.48945560740139,44.394969070658156,0.03156889070919729,SCENARIO: ESIF training-window mean IT; not Forest City IT,SCENARIO_INPUT + TRANSFERRED_MODEL_OUTPUT
2012-08-16 22:00:00+00:00,28.3,21.058160877238144,25.71399492141276,19.48945560740139,45.203450528814145,0.03214379510325864,SCENARIO: ESIF training-window mean IT; not Forest City IT,SCENARIO_INPUT + TRANSFERRED_MODEL_OUTPUT
2012-08-16 23:00:00+00:00,25.6,20.94214517584396,27.40822815837707,19.48945560740139,46.89768376577846,0.03334855016927728,SCENARIO: ESIF training-window mean IT; not Forest City IT,SCENARIO_INPUT + TRANSFERRED_MODEL_OUTPUT
2012-08-17 00:00:00+00:00,24.75,20.692580905145228,27.482045049845716,19.48945560740139,46.971500657247105,0.03340104074260232,SCENARIO: ESIF training-window mean IT; not Forest City IT,SCENARIO_INPUT + TRANSFERRED_MODEL_OUTPUT
2012-08-17 01:00:00+00:00,23.9,20.058700653094,26.753616247435232,19.48945560740139,46.24307185483662,0.032883061121620295,SCENARIO: ESIF training-window mean IT; not Forest City IT,SCENARIO_INPUT + TRANSFERRED_MODEL_OUTPUT
2012-08-17 02:00:00+00:00,22.8,20.109916342504825,27.634826937818012,19.48945560740139,47.1242825452194,0.03350968266362868,SCENARIO: ESIF training-window mean IT; not Forest City IT,SCENARIO_INPUT + TRANSFERRED_MODEL_OUTPUT
2012-08-17 03:00:00+00:00,22.8,19.915081146300157,27.23068086940103,19.48945560740139,46.72013647680242,0.0332222977790013,SCENARIO: ESIF training-window mean IT; not Forest City IT,SCENARIO_INPUT + TRANSFERRED_MODEL_OUTPUT
2012-08-17 04:00:00+00:00,21.7,19.77426077941618,27.709796297057014,19.48945560740139,47.19925190445841,0.03356299274713359,SCENARIO: ESIF training-window mean IT; not Forest City IT,SCENARIO_INPUT + TRANSFERRED_MODEL_OUTPUT
2012-08-17 05:00:00+00:00,20.6,19.43399347791234,27.777960322493932,19.48945560740139,47.26741592989532,0.03361146361476483,SCENARIO: ESIF training-window mean IT; not Forest City IT,SCENARIO_INPUT + TRANSFERRED_MODEL_OUTPUT
2012-08-17 06:00:00+00:00,20.6,19.43399347791234,27.777960322493932,19.48945560740139,47.26741592989532,0.03361146361476483,SCENARIO: ESIF training-window mean IT; not Forest City IT,SCENARIO_INPUT + TRANSFERRED_MODEL_OUTPUT
2012-08-17 07:00:00+00:00,20.0,18.845689640200177,27.00755655879592,19.48945560740139,46.49701216619731,0.03306363595034123,SCENARIO: ESIF training-window mean IT; not Forest City IT,SCENARIO_INPUT + TRANSFERRED_MODEL_OUTPUT
2012-08-17 08:00:00+00:00,19.4,18.654194042725184,27.04016900949214,19.48945560740139,46.52962461689353,0.033086826390910054,SCENARIO: ESIF training-window mean IT; not Forest City IT,SCENARIO_INPUT + TRANSFERRED_MODEL_OUTPUT
2012-08-17 09:00:00+00:00,19.4,18.654194042725184,27.04016900949214,19.48945560740139,46.52962461689353,0.033086826390910054,SCENARIO: ESIF training-window mean IT; not Forest City IT,SCENARIO_INPUT + TRANSFERRED_MODEL_OUTPUT
2012-08-17 10:00:00+00:00,19.4,18.32302756584763,26.387714057380563,19.48945560740139,45.87716966478195,0.03262287113861328,SCENARIO: ESIF training-window mean IT; not Forest City IT,SCENARIO_INPUT + TRANSFERRED_MODEL_OUTPUT
2012-08-17 11:00:00+00:00,20.0,19.246626913985416,27.812746241141248,19.48945560740139,47.30220184854264,0.03363619959019142,SCENARIO: ESIF training-window mean IT; not Forest City IT,SCENARIO_INPUT + TRANSFERRED_MODEL_OUTPUT
2012-08-17 12:00:00+00:00,21.65,19.923249703930637,28.052037005485364,19.48945560740139,47.541492612886756,0.033806357248715224,SCENARIO: ESIF training-window mean IT; not Forest City IT,SCENARIO_INPUT + TRANSFERRED_MODEL_OUTPUT
2012-08-17 13:00:00+00:00,26.1,21.403405669063964,28.044153169576724,19.48945560740139,47.53360877697811,0.03380075111902578,SCENARIO: ESIF training-window mean IT; not Forest City IT,SCENARIO_INPUT + TRANSFERRED_MODEL_OUTPUT
2012-08-17 14:00:00+00:00,27.2,21.71762502778388,27.939093755296526,19.48945560740139,47.428549362697915,0.03372604424937788,SCENARIO: ESIF training-window mean IT; not Forest City IT,SCENARIO_INPUT + TRANSFERRED_MODEL_OUTPUT
2012-08-17 15:00:00+00:00,28.049999999999997,21.95794531123866,27.853539614717906,19.48945560740139,47.3429952221193,0.03366520741650732,SCENARIO: ESIF training-window mean IT; not Forest City IT,SCENARIO_INPUT + TRANSFERRED_MODEL_OUTPUT
2012-08-17 16:00:00+00:00,28.9,22.570942210499155,28.60232140398015,19.48945560740139,48.09177701138154,0.034197659875988363,SCENARIO: ESIF training-window mean IT; not Forest City IT,SCENARIO_INPUT + TRANSFERRED_MODEL_OUTPUT
2012-08-17 17:00:00+00:00,28.3,22.027417978910748,27.825869915658323,19.48945560740139,47.31532552305971,0.03364553172523297,SCENARIO: ESIF training-window mean IT; not Forest City IT,SCENARIO_INPUT + TRANSFERRED_MODEL_OUTPUT
2012-08-17 18:00:00+00:00,28.85,22.36677202782676,28.180927408501272,19.48945560740139,47.67038301590266,0.03389801013487441,SCENARIO: ESIF training-window mean IT; not Forest City IT,SCENARIO_INPUT + TRANSFERRED_MODEL_OUTPUT
2012-08-17 19:00:00+00:00,29.4,22.703660440393676,28.537005882034343,19.48945560740139,48.02646148943573,0.03415121455533413,SCENARIO: ESIF training-window mean IT; not Forest City IT,SCENARIO_INPUT + TRANSFERRED_MODEL_OUTPUT
2012-08-17 20:00:00+00:00,28.9,22.190925409872968,27.75255497829907,19.48945560740139,47.242010585700456,0.033593398087271374,SCENARIO: ESIF training-window mean IT; not Forest City IT,SCENARIO_INPUT + TRANSFERRED_MODEL_OUTPUT
2012-08-17 21:00:00+00:00,28.6,22.295108521522135,28.202681597431216,19.48945560740139,47.692137204832605,0.03391347935643651,SCENARIO: ESIF training-window mean IT; not Forest City IT,SCENARIO_INPUT + TRANSFERRED_MODEL_OUTPUT
2012-08-17 22:00:00+00:00,27.2,22.096082752820998,28.773114447563962,19.48945560740139,48.26257005496535,0.034319109378931074,SCENARIO: ESIF training-window mean IT; not Forest City IT,SCENARIO_INPUT + TRANSFERRED_MODEL_OUTPUT
2012-08-17 23:00:00+00:00,26.7,22.348277502711866,29.69408044937157,19.48945560740139,49.18353605677296,0.034974000589952696,SCENARIO: ESIF training-window mean IT; not Forest City IT,SCENARIO_INPUT + TRANSFERRED_MODEL_OUTPUT
2012-08-18 00:00:00+00:00,26.15,22.19554122311976,29.74819666781888,19.48945560740139,49.23765227522027,0.03501248217968056,SCENARIO: ESIF training-window mean IT; not Forest City IT,SCENARIO_INPUT + TRANSFERRED_MODEL_OUTPUT
2012-08-18 01:00:00+00:00,23.9,21.90264033609703,30.700478273512577,19.48945560740139,50.18993388091397,0.0356896416543651,SCENARIO: ESIF training-window mean IT; not Forest City IT,SCENARIO_INPUT + TRANSFERRED_MODEL_OUTPUT
2012-08-18 02:00:00+00:00,23.3,21.389271895283922,30.001512427899236,19.48945560740139,49.490968035300625,0.03519261289521651,SCENARIO: ESIF training-window mean IT; not Forest City IT,SCENARIO_INPUT + TRANSFERRED_MODEL_OUTPUT
2012-08-18 03:00:00+00:00,22.75,21.025854727738235,29.604606951819793,19.48945560740139,49.094062559221186,0.03491037673516217,SCENARIO: ESIF training-window mean IT; not Forest City IT,SCENARIO_INPUT + TRANSFERRED_MODEL_OUTPUT
2012-08-18 04:00:00+00:00,21.7,20.511433835144146,29.245477820577946,19.48945560740139,48.734933427979335,0.03465500301755424,SCENARIO: ESIF training-window mean IT; not Forest City IT,SCENARIO_INPUT + TRANSFERRED_MODEL_OUTPUT
2012-08-18 05:00:00+00:00,21.1,20.33203132504672,29.285953543957646,19.48945560740139,48.775409151359035,0.03468378496547532,SCENARIO: ESIF training-window mean IT; not Forest City IT,SCENARIO_INPUT + TRANSFERRED_MODEL_OUTPUT
2012-08-18 06:00:00+00:00,21.1,20.33203132504672,29.285953543957646,19.48945560740139,48.775409151359035,0.03468378496547532,SCENARIO: ESIF training-window mean IT; not Forest City IT,SCENARIO_INPUT + TRANSFERRED_MODEL_OUTPUT
2012-08-18 07:00:00+00:00,20.6,19.769885428591145,28.46527725815852,19.48945560740139,47.954732865559905,0.03410020893160562,SCENARIO: ESIF training-window mean IT; not Forest City IT,SCENARIO_INPUT + TRANSFERRED_MODEL_OUTPUT
2012-08-18 08:00:00+00:00,20.0,19.5856903365397,28.50224867087183,19.48945560740139,47.99170427827322,0.034126498993559566,SCENARIO: ESIF training-window mean IT; not Forest City IT,SCENARIO_INPUT + TRANSFERRED_MODEL_OUTPUT
2012-08-18 09:00:00+00:00,20.0,19.415558461516994,28.155295091000923,19.48945560740139,47.64475069840231,0.03387978320856427,SCENARIO: ESIF training-window mean IT; not Forest City IT,SCENARIO_INPUT + TRANSFERRED_MODEL_OUTPUT
2012-08-18 10:00:00+00:00,19.666666666666668,19.186743112656032,27.921591064204694,19.48945560740139,47.41104667160609,0.03371359823232322,SCENARIO: ESIF training-window mean IT; not Forest City IT,SCENARIO_INPUT + TRANSFERRED_MODEL_OUTPUT
2012-08-18 11:00:00+00:00,21.7,19.77221103037884,27.70557801896869,19.48945560740139,47.195033626370076,0.03355999316491202,SCENARIO: ESIF training-window mean IT; not Forest City IT,SCENARIO_INPUT + TRANSFERRED_MODEL_OUTPUT
2012-08-18 12:00:00+00:00,22.25,20.30431426946737,28.426092853785377,19.48945560740139,47.915548461186766,0.03407234522981563,SCENARIO: ESIF training-window mean IT; not Forest City IT,SCENARIO_INPUT + TRANSFERRED_MODEL_OUTPUT
2012-08-18 13:00:00+00:00,23.9,20.438418137895397,27.547387812695526,19.48945560740139,47.036843420096915,0.03344750543403525,SCENARIO: ESIF training-window mean IT; not Forest City IT,SCENARIO_INPUT + TRANSFERRED_MODEL_OUTPUT
2012-08-18 14:00:00+00:00,24.4,20.910128467172733,28.193345990836935,19.48945560740139,47.68280159823833,0.03390684088477073,SCENARIO: ESIF training-window mean IT; not Forest City IT,SCENARIO_INPUT + TRANSFERRED_MODEL_OUTPUT
2012-08-18 15:00:00+00:00,24.4,20.748505049551866,27.849070501957648,19.48945560740139,47.33852610935904,0.03366202946785122,SCENARIO: ESIF training-window mean IT; not Forest City IT,SCENARIO_INPUT + TRANSFERRED_MODEL_OUTPUT
2012-08-18 16:00:00+00:00,25.0,20.386655719110934,26.658760476816106,19.48945560740139,46.148216084217495,0.032815609977526784,SCENARIO: ESIF training-window mean IT; not Forest City IT,SCENARIO_INPUT + TRANSFERRED_MODEL_OUTPUT
2012-08-18 17:00:00+00:00,25.6,20.940509836662308,27.404732191639077,19.48945560740139,46.894187799040466,0.033346064216607754,SCENARIO: ESIF training-window mean IT; not Forest City IT,SCENARIO_INPUT + TRANSFERRED_MODEL_OUTPUT
2012-08-18 18:00:00+00:00,25.400000000000002,21.136884097394542,27.968518059817114,19.48945560740139,47.4579736672185,0.03374696762590116,SCENARIO: ESIF training-window mean IT; not Forest City IT,SCENARIO_INPUT + TRANSFERRED_MODEL_OUTPUT
2012-08-18 19:00:00+00:00,26.7,21.257023079974683,27.29701424027636,19.48945560740139,46.78646984767775,0.03326946688350507,SCENARIO: ESIF training-window mean IT; not Forest City IT,SCENARIO_INPUT + TRANSFERRED_MODEL_OUTPUT
2012-08-18 20:00:00+00:00,27.2,21.400569540439893,27.24792111889125,19.48945560740139,46.73737672629264,0.03323455717603094,SCENARIO: ESIF training-window mean IT; not Forest City IT,SCENARIO_INPUT + TRANSFERRED_MODEL_OUTPUT
2012-08-18 21:00:00+00:00,27.2,21.400569540439893,27.24792111889125,19.48945560740139,46.73737672629264,0.03323455717603094,SCENARIO: ESIF training-window mean IT; not Forest City IT,SCENARIO_INPUT + TRANSFERRED_MODEL_OUTPUT
2012-08-18 22:00:00+00:00,25.6,22.041223113327042,29.79912658676039,19.48945560740139,49.288582194161776,0.03504869801851432,SCENARIO: ESIF training-window mean IT; not Forest City IT,SCENARIO_INPUT + TRANSFERRED_MODEL_OUTPUT
2012-08-18 23:00:00+00:00,24.4,21.703205886990165,29.908554810930646,19.48945560740139,49.398010418332035,0.03512651151228732,SCENARIO: ESIF training-window mean IT; not Forest City IT,SCENARIO_INPUT + TRANSFERRED_MODEL_OUTPUT
2012-08-19 00:00:00+00:00,23.85,21.54679090121641,29.956034625858905,19.48945560740139,49.445490233260294,0.03516027401105103,SCENARIO: ESIF training-window mean IT; not Forest City IT,SCENARIO_INPUT + TRANSFERRED_MODEL_OUTPUT
2012-08-19 01:00:00+00:00,23.3,21.389271895283922,30.001512427899236,19.48945560740139,49.490968035300625,0.03519261289521651,SCENARIO: ESIF training-window mean IT; not Forest City IT,SCENARIO_INPUT + TRANSFERRED_MODEL_OUTPUT
2012-08-19 02:00:00+00:00,22.1,21.354543109675216,30.768101126889263,19.48945560740139,50.25755673429065,0.035737727699076495,SCENARIO: ESIF training-window mean IT; not Forest City IT,SCENARIO_INPUT + TRANSFERRED_MODEL_OUTPUT
2012-08-19 03:00:00+00:00,21.95,21.346331563667196,30.85512044551342,19.48945560740139,50.34457605291481,0.03579960640778474,SCENARIO: ESIF training-window mean IT; not Forest City IT,SCENARIO_INPUT + TRANSFERRED_MODEL_OUTPUT
2012-08-19 04:00:00+00:00,21.7,20.924456764146072,30.122118620447566,19.48945560740139,49.611574227848955,0.035278374948690426,SCENARIO: ESIF training-window mean IT; not Forest City IT,SCENARIO_INPUT + TRANSFERRED_MODEL_OUTPUT
2012-08-19 05:00:00+00:00,21.033333333333335,20.542397611766063,29.77472948645313,19.48945560740139,49.26418509385452,0.03503134944480554,SCENARIO: ESIF training-window mean IT; not Forest City IT,SCENARIO_INPUT + TRANSFERRED_MODEL_OUTPUT
2012-08-19 06:00:00+00:00,21.1,20.33203132504672,29.285953543957646,19.48945560740139,48.775409151359035,0.03468378496547532,SCENARIO: ESIF training-window mean IT; not Forest City IT,SCENARIO_INPUT + TRANSFERRED_MODEL_OUTPUT
2012-08-19 07:00:00+00:00,21.1,20.331494471726238,29.28482823934603,19.48945560740139,48.77428384674742,0.03468298477079015,SCENARIO: ESIF training-window mean IT; not Forest City IT,SCENARIO_INPUT + TRANSFERRED_MODEL_OUTPUT
2012-08-19 08:00:00+00:00,21.1,20.331494471726238,29.28482823934603,19.48945560740139,48.77428384674742,0.03468298477079015,SCENARIO: ESIF training-window mean IT; not Forest City IT,SCENARIO_INPUT + TRANSFERRED_MODEL_OUTPUT
2012-08-19 09:00:00+00:00,20.957142857142856,20.387653383276707,29.501860678439442,19.48945560740139,48.99131628584083,0.03483731472063617,SCENARIO: ESIF training-window mean IT; not Forest City IT,SCENARIO_INPUT + TRANSFERRED_MODEL_OUTPUT
2012-08-19 10:00:00+00:00,21.025,20.309396276064845,29.290621242731852,19.48945560740139,48.78007685013324,0.03468710412698282,SCENARIO: ESIF training-window mean IT; not Forest City IT,SCENARIO_INPUT + TRANSFERRED_MODEL_OUTPUT
2012-08-19 11:00:00+00:00,21.1,20.33203132504672,29.285953543957646,19.48945560740139,48.775409151359035,0.03468378496547532,SCENARIO: ESIF training-window mean IT; not Forest City IT,SCENARIO_INPUT + TRANSFERRED_MODEL_OUTPUT
2012-08-19 12:00:00+00:00,21.05,20.76848344670195,30.242055424938727,19.48945560740139,49.731511032340116,0.03536366100592285,SCENARIO: ESIF training-window mean IT; not Forest City IT,SCENARIO_INPUT + TRANSFERRED_MODEL_OUTPUT
2012-08-19 13:00:00+00:00,21.7,20.924456764146043,30.12211862044751,19.48945560740139,49.6115742278489,0.035278374948690384,SCENARIO: ESIF training-window mean IT; not Forest City IT,SCENARIO_INPUT + TRANSFERRED_MODEL_OUTPUT
2012-08-19 14:00:00+00:00,22.4,21.26718487538606,30.369252229017235,19.48945560740139,49.858707836418624,0.035454109588061125,SCENARIO: ESIF training-window mean IT; not Forest City IT,SCENARIO_INPUT + TRANSFERRED_MODEL_OUTPUT
2012-08-19 15:00:00+00:00,22.866666666666664,20.856317572588356,29.16027935372234,19.48945560740139,48.64973496112373,0.03459441910128942,SCENARIO: ESIF training-window mean IT; not Forest City IT,SCENARIO_INPUT + TRANSFERRED_MODEL_OUTPUT
2012-08-19 16:00:00+00:00,22.35,20.502040575451666,28.771529003550253,19.48945560740139,48.26098461095164,0.034317981982970626,SCENARIO: ESIF training-window mean IT; not Forest City IT,SCENARIO_INPUT + TRANSFERRED_MODEL_OUTPUT
2012-08-19 17:00:00+00:00,22.95,20.88119909011437,29.15481133642272,19.48945560740139,48.64426694382411,0.03459053083998097,SCENARIO: ESIF training-window mean IT; not Forest City IT,SCENARIO_INPUT + TRANSFERRED_MODEL_OUTPUT
2012-08-19 18:00:00+00:00,24.15,21.230049592152163,29.05712775029221,19.48945560740139,48.5465833576936,0.03452106885995957,SCENARIO: ESIF training-window mean IT; not Forest City IT,SCENARIO_INPUT + TRANSFERRED_MODEL_OUTPUT
2012-08-19 19:00:00+00:00,23.9,21.15718635377911,29.076894673225844,19.48945560740139,48.56635028062723,0.03453512495331456,SCENARIO: ESIF training-window mean IT; not Forest City IT,SCENARIO_INPUT + TRANSFERRED_MODEL_OUTPUT
2012-08-19 20:00:00+00:00,25.6,21.644399146774955,28.926368036982034,19.48945560740139,48.41582364438342,0.03442808672290514,SCENARIO: ESIF training-window mean IT; not Forest City IT,SCENARIO_INPUT + TRANSFERRED_MODEL_OUTPUT
2012-08-19 21:00:00+00:00,25.3,21.558971081890775,28.953841813270557,19.48945560740139,48.443297420671946,0.0344476230951378,SCENARIO: ESIF training-window mean IT; not Forest City IT,SCENARIO_INPUT + TRANSFERRED_MODEL_OUTPUT
2012-08-19 22:00:00+00:00,24.4,22.041860456429987,30.654065706726655,19.48945560740139,50.143521314128044,0.03565663806681746,SCENARIO: ESIF training-window mean IT; not Forest City IT,SCENARIO_INPUT + TRANSFERRED_MODEL_OUTPUT
2012-08-19 23:00:00+00:00,23.4,21.726001540239533,30.665111257070382,19.48945560740139,50.154566864471775,0.03566449246516312,SCENARIO: ESIF training-window mean IT; not Forest City IT,SCENARIO_INPUT + TRANSFERRED_MODEL_OUTPUT
2012-08-20 00:00:00+00:00,22.25,21.25811018388852,30.454647029956895,19.48945560740139,49.944102637358284,0.03551483311584886,SCENARIO: ESIF training-window mean IT; not Forest City IT,SCENARIO_INPUT + TRANSFERRED_MODEL_OUTPUT
2012-08-20 01:00:00+00:00,22.2,21.070337998906766,30.085351599202138,19.48945560740139,49.57480720660352,0.03525223022779756,SCENARIO: ESIF training-window mean IT; not Forest City IT,SCENARIO_INPUT + TRANSFERRED_MODEL_OUTPUT
2012-08-20 02:00:00+00:00,21.7,20.924456764146072,30.122118620447566,19.48945560740139,49.611574227848955,0.035278374948690426,SCENARIO: ESIF training-window mean IT; not Forest City IT,SCENARIO_INPUT + TRANSFERRED_MODEL_OUTPUT
2012-08-20 03:00:00+00:00,21.7,20.924456764146072,30.122118620447566,19.48945560740139,49.611574227848955,0.035278374948690426,SCENARIO: ESIF training-window mean IT; not Forest City IT,SCENARIO_INPUT + TRANSFERRED_MODEL_OUTPUT
2012-08-20 04:00:00+00:00,21.7,20.924456764146072,30.122118620447566,19.48945560740139,49.611574227848955,0.035278374948690426,SCENARIO: ESIF training-window mean IT; not Forest City IT,SCENARIO_INPUT + TRANSFERRED_MODEL_OUTPUT
2012-08-20 05:00:00+00:00,20.919999999999998,19.71972154133313,28.140272393397296,19.48945560740139,47.629728000798686,0.03386910069410973,SCENARIO: ESIF training-window mean IT; not Forest City IT,SCENARIO_INPUT + TRANSFERRED_MODEL_OUTPUT
2012-08-20 06:00:00+00:00,20.0,18.84486009628369,27.005901998276464,19.48945560740139,46.49535760567785,0.03306245940621238,SCENARIO: ESIF training-window mean IT; not Forest City IT,SCENARIO_INPUT + TRANSFERRED_MODEL_OUTPUT
2012-08-20 07:00:00+00:00,19.133333333333333,18.435267566081734,26.791211656590836,19.48945560740139,46.28066726399223,0.03290979490221854,SCENARIO: ESIF training-window mean IT; not Forest City IT,SCENARIO_INPUT + TRANSFERRED_MODEL_OUTPUT
2012-08-20 08:00:00+00:00,18.9,18.49335536400659,27.06561574127418,19.48945560740139,46.55507134867557,0.03310492134877014,SCENARIO: ESIF training-window mean IT; not Forest City IT,SCENARIO_INPUT + TRANSFERRED_MODEL_OUTPUT
2012-08-20 09:00:00+00:00,18.55,18.196247828588334,26.72283670840185,19.48945560740139,46.21229231580324,0.03286117404918473,SCENARIO: ESIF training-window mean IT; not Forest City IT,SCENARIO_INPUT + TRANSFERRED_MODEL_OUTPUT
2012-08-20 10:00:00+00:00,18.65,18.145371984383782,26.555287472785622,19.48945560740139,46.04474308018701,0.03274203119092167,SCENARIO: ESIF training-window mean IT; not Forest City IT,SCENARIO_INPUT + TRANSFERRED_MODEL_OUTPUT
2012-08-20 11:00:00+00:00,18.9,18.160676940469823,26.41385526795019,19.48945560740139,45.90331087535158,0.03264145993452313,SCENARIO: ESIF training-window mean IT; not Forest City IT,SCENARIO_INPUT + TRANSFERRED_MODEL_OUTPUT
2012-08-20 12:00:00+00:00,19.875,18.78938078241454,26.981584966140865,19.48945560740139,46.471040573542254,0.033045167768309916,SCENARIO: ESIF training-window mean IT; not Forest City IT,SCENARIO_INPUT + TRANSFERRED_MODEL_OUTPUT
2012-08-20 13:00:00+00:00,22.1,19.928869435374473,27.749536776043605,19.48945560740139,47.238992383444995,0.03359125186892421,SCENARIO: ESIF training-window mean IT; not Forest City IT,SCENARIO_INPUT + TRANSFERRED_MODEL_OUTPUT
2012-08-20 14:00:00+00:00,23.45,20.336855835669724,27.65166491497898,19.48945560740139,47.14112052238037,0.033521656008173924,SCENARIO: ESIF training-window mean IT; not Forest City IT,SCENARIO_INPUT + TRANSFERRED_MODEL_OUTPUT
2012-08-20 15:00:00+00:00,24.75,20.500346768747548,27.075623932961154,19.48945560740139,46.56507954036255,0.03311203809006261,SCENARIO: ESIF training-window mean IT; not Forest City IT,SCENARIO_INPUT + TRANSFERRED_MODEL_OUTPUT
2012-08-20 16:00:00+00:00,26.7,19.587342461508356,23.786861188312436,19.48945560740139,43.276316795713825,0.03077342644492207,SCENARIO: ESIF training-window mean IT; not Forest City IT,SCENARIO_INPUT + TRANSFERRED_MODEL_OUTPUT
2012-08-20 17:00:00+00:00,27.2,20.084125845080234,24.451575535546528,19.48945560740139,43.94103114294792,0.031246099250421055,SCENARIO: ESIF training-window mean IT; not Forest City IT,SCENARIO_INPUT + TRANSFERRED_MODEL_OUTPUT
2012-08-20 18:00:00+00:00,27.2,19.768941464356892,23.799640861257153,19.48945560740139,43.28909646865854,0.03078251396332644,SCENARIO: ESIF training-window mean IT; not Forest City IT,SCENARIO_INPUT + TRANSFERRED_MODEL_OUTPUT
2012-08-20 19:00:00+00:00,27.2,19.739402150532094,23.7388889513035,19.48945560740139,43.22834455870489,0.030739313788940705,SCENARIO: ESIF training-window mean IT; not Forest City IT,SCENARIO_INPUT + TRANSFERRED_MODEL_OUTPUT
2012-08-20 20:00:00+00:00,26.1,20.711709591355167,26.559977919632498,19.48945560740139,46.049433527033884,0.03274536652839315,SCENARIO: ESIF training-window mean IT; not Forest City IT,SCENARIO_INPUT + TRANSFERRED_MODEL_OUTPUT
2012-08-20 21:00:00+00:00,25.85,20.82394923642513,26.97743872061193,19.48945560740139,46.46689432801332,0.03304221940783808,SCENARIO: ESIF training-window mean IT; not Forest City IT,SCENARIO_INPUT + TRANSFERRED_MODEL_OUTPUT
2012-08-20 22:00:00+00:00,24.4,20.908908125697813,28.190739843005247,19.48945560740139,47.680195450406636,0.03390498767487346,SCENARIO: ESIF training-window mean IT; not Forest City IT,SCENARIO_INPUT + TRANSFERRED_MODEL_OUTPUT
2012-08-20 23:00:00+00:00,23.3,20.585000360912446,28.2796535247696,19.48945560740139,47.76910913217099,0.03396821344934588,SCENARIO: ESIF training-window mean IT; not Forest City IT,SCENARIO_INPUT + TRANSFERRED_MODEL_OUTPUT
2012-08-21 00:00:00+00:00,23.025,19.377735233871512,25.97145764106385,19.48945560740139,45.46091324846524,0.032326874687015575,SCENARIO: ESIF training-window mean IT; not Forest City IT,SCENARIO_INPUT + TRANSFERRED_MODEL_OUTPUT
2012-08-21 01:00:00+00:00,21.1,18.486587996881486,25.53401585616767,19.48945560740139,45.02347146356906,0.03201581349724327,SCENARIO: ESIF training-window mean IT; not Forest City IT,SCENARIO_INPUT + TRANSFERRED_MODEL_OUTPUT
2012-08-21 02:00:00+00:00,20.6,18.710037384739977,26.322783061420672,19.48945560740139,45.81223866882206,0.032576699251167324,SCENARIO: ESIF training-window mean IT; not Forest City IT,SCENARIO_INPUT + TRANSFERRED_MODEL_OUTPUT
2012-08-21 03:00:00+00:00,20.6,18.710037384739977,26.322783061420672,19.48945560740139,45.81223866882206,0.032576699251167324,SCENARIO: ESIF training-window mean IT; not Forest City IT,SCENARIO_INPUT + TRANSFERRED_MODEL_OUTPUT
2012-08-21 04:00:00+00:00,20.0,17.813008899610374,24.984235510809732,19.48945560740139,44.47369111821112,0.03162486929793442,SCENARIO: ESIF training-window mean IT; not Forest City IT,SCENARIO_INPUT + TRANSFERRED_MODEL_OUTPUT
2012-08-21 05:00:00+00:00,20.0,18.12997738948752,25.597518265356825,19.48945560740139,45.086973872758215,0.032060969528600616,SCENARIO: ESIF training-window mean IT; not Forest City IT,SCENARIO_INPUT + TRANSFERRED_MODEL_OUTPUT
2012-08-21 06:00:00+00:00,19.7,18.032196644577855,25.614442070207527,19.48945560740139,45.10389767760891,0.032073003904497244,SCENARIO: ESIF training-window mean IT; not Forest City IT,SCENARIO_INPUT + TRANSFERRED_MODEL_OUTPUT
2012-08-21 07:00:00+00:00,18.3,17.245795571364727,25.070996174722914,19.48945560740139,44.560451782124304,0.03168656407944386,SCENARIO: ESIF training-window mean IT; not Forest City IT,SCENARIO_INPUT + TRANSFERRED_MODEL_OUTPUT
2012-08-21 08:00:00+00:00,17.8,16.377149427200585,23.80009314298696,19.48945560740139,43.28954875038835,0.03078283557707676,SCENARIO: ESIF training-window mean IT; not Forest City IT,SCENARIO_INPUT + TRANSFERRED_MODEL_OUTPUT
2012-08-21 09:00:00+00:00,17.5,16.272353446407493,23.813175219041224,19.48945560740139,43.30263082644261,0.030792138131799773,SCENARIO: ESIF training-window mean IT; not Forest City IT,SCENARIO_INPUT + TRANSFERRED_MODEL_OUTPUT
2012-08-21 10:00:00+00:00,17.8,16.007589086251446,23.129979197681187,19.48945560740139,42.61943480508258,0.03030632316260931,SCENARIO: ESIF training-window mean IT; not Forest City IT,SCENARIO_INPUT + TRANSFERRED_MODEL_OUTPUT
2012-08-21 11:00:00+00:00,18.9,16.759152528529917,23.75112304817509,19.48945560740139,43.24057865557648,0.030748013352768538,SCENARIO: ESIF training-window mean IT; not Forest City IT,SCENARIO_INPUT + TRANSFERRED_MODEL_OUTPUT
2012-08-21 12:00:00+00:00,20.0,17.134890623510984,23.695239905404744,19.48945560740139,43.18469551280613,0.03070827531795212,SCENARIO: ESIF training-window mean IT; not Forest City IT,SCENARIO_INPUT + TRANSFERRED_MODEL_OUTPUT
2012-08-21 13:00:00+00:00,22.8,19.03163845369561,25.430703055998713,19.48945560740139,44.9201586634001,0.031942348630262414,SCENARIO: ESIF training-window mean IT; not Forest City IT,SCENARIO_INPUT + TRANSFERRED_MODEL_OUTPUT
2012-08-21 14:00:00+00:00,24.4,20.592133436353805,27.5176807588079,19.48945560740139,47.00713636620929,0.033426380996805026,SCENARIO: ESIF training-window mean IT; not Forest City IT,SCENARIO_INPUT + TRANSFERRED_MODEL_OUTPUT
2012-08-21 15:00:00+00:00,24.8,20.732431165615303,27.531096278971667,19.48945560740139,47.020551886373056,0.0334359206608418,SCENARIO: ESIF training-window mean IT; not Forest City IT,SCENARIO_INPUT + TRANSFERRED_MODEL_OUTPUT
2012-08-21 16:00:00+00:00,25.6,20.262502712522394,25.971056965766493,19.48945560740139,45.46051257316788,0.03232658977016718,SCENARIO: ESIF training-window mean IT; not Forest City IT,SCENARIO_INPUT + TRANSFERRED_MODEL_OUTPUT
2012-08-21 17:00:00+00:00,27.1,21.073874303714675,26.614956138170925,19.48945560740139,46.104411745572314,0.032784461079166764,SCENARIO: ESIF training-window mean IT; not Forest City IT,SCENARIO_INPUT + TRANSFERRED_MODEL_OUTPUT
2012-08-21 18:00:00+00:00,27.5,20.501892275779774,25.109789731920237,19.48945560740139,44.59924533932163,0.03171414985308038,SCENARIO: ESIF training-window mean IT; not Forest City IT,SCENARIO_INPUT + TRANSFERRED_MODEL_OUTPUT
2012-08-21 19:00:00+00:00,28.45,20.55323099739232,24.530421391641823,19.48945560740139,44.01987699904321,0.03130216587837576,SCENARIO: ESIF training-window mean IT; not Forest City IT,SCENARIO_INPUT + TRANSFERRED_MODEL_OUTPUT
2012-08-21 20:00:00+00:00,26.7,20.231709045688753,25.118935123909743,19.48945560740139,44.60839073131113,0.031720653064733706,SCENARIO: ESIF training-window mean IT; not Forest City IT,SCENARIO_INPUT + TRANSFERRED_MODEL_OUTPUT
2012-08-21 21:00:00+00:00,26.880000000000003,20.947591795516622,26.502727660635568,19.48945560740139,45.99218326803695,0.032704656348677266,SCENARIO: ESIF training-window mean IT; not Forest City IT,SCENARIO_INPUT + TRANSFERRED_MODEL_OUTPUT
2012-08-21 22:00:00+00:00,24.46666666666667,20.760452932490146,27.827201257657705,19.48945560740139,47.316656865059095,0.03364647843137907,SCENARIO: ESIF training-window mean IT; not Forest City IT,SCENARIO_INPUT + TRANSFERRED_MODEL_OUTPUT
2012-08-21 23:00:00+00:00,21.9,20.21848352913218,28.491209513658095,19.48945560740139,47.98066512105949,0.034118649141315106,SCENARIO: ESIF training-window mean IT; not Forest City IT,SCENARIO_INPUT + TRANSFERRED_MODEL_OUTPUT
2012-08-22 00:00:00+00:00,20.2,18.976888908025494,27.13172203031378,19.48945560740139,46.62117763771517,0.033151928977282294,SCENARIO: ESIF training-window mean IT; not Forest City IT,SCENARIO_INPUT + TRANSFERRED_MODEL_OUTPUT
2012-08-22 01:00:00+00:00,20.0,19.247163695664085,27.813831605384177,19.48945560740139,47.30328721278556,0.03363697138361491,SCENARIO: ESIF training-window mean IT; not Forest City IT,SCENARIO_INPUT + TRANSFERRED_MODEL_OUTPUT
2012-08-22 02:00:00+00:00,20.0,18.847348728033168,27.010865820894157,19.48945560740139,46.50032142829555,0.03306598913890503,SCENARIO: ESIF training-window mean IT; not Forest City IT,SCENARIO_INPUT + TRANSFERRED_MODEL_OUTPUT
2012-08-22 03:00:00+00:00,20.0,18.682616936255947,26.6832050333249,19.48945560740139,46.17266064072629,0.032832992296943045,SCENARIO: ESIF training-window mean IT; not Forest City IT,SCENARIO_INPUT + TRANSFERRED_MODEL_OUTPUT
2012-08-22 04:00:00+00:00,20.0,18.51884097140288,26.35928353225842,19.48945560740139,45.84873913965981,0.03260265443029758,SCENARIO: ESIF training-window mean IT; not Forest City IT,SCENARIO_INPUT + TRANSFERRED_MODEL_OUTPUT
2012-08-22 05:00:00+00:00,19.4,18.32458896118529,26.39077269249379,19.48945560740139,45.88022829989518,0.032625046108426974,SCENARIO: ESIF training-window mean IT; not Forest City IT,SCENARIO_INPUT + TRANSFERRED_MODEL_OUTPUT
2012-08-22 06:00:00+00:00,19.4,18.128532101942106,26.008017433991625,19.48945560740139,45.497473041393015,0.03235287204958724,SCENARIO: ESIF training-window mean IT; not Forest City IT,SCENARIO_INPUT + TRANSFERRED_MODEL_OUTPUT
2012-08-22 07:00:00+00:00,19.4,17.935042778401332,25.63284975150733,19.48945560740139,45.12230535890872,0.032086093452509734,SCENARIO: ESIF training-window mean IT; not Forest City IT,SCENARIO_INPUT + TRANSFERRED_MODEL_OUTPUT
2012-08-22 08:00:00+00:00,19.4,17.615317789724763,25.01852233110263,19.48945560740139,44.50797793850402,0.03164925036870102,SCENARIO: ESIF training-window mean IT; not Forest City IT,SCENARIO_INPUT + TRANSFERRED_MODEL_OUTPUT
2012-08-22 09:00:00+00:00,18.85,17.431532192146797,25.046084306969647,19.48945560740139,44.535539914371036,0.03166884945891528,SCENARIO: ESIF training-window mean IT; not Forest City IT,SCENARIO_INPUT + TRANSFERRED_MODEL_OUTPUT
2012-08-22 10:00:00+00:00,19.4,17.23971821251855,24.305758563463954,19.48945560740139,43.79521417086534,0.031142410022754412,SCENARIO: ESIF training-window mean IT; not Forest City IT,SCENARIO_INPUT + TRANSFERRED_MODEL_OUTPUT
2012-08-22 11:00:00+00:00,19.4,17.240523236475095,24.307275924686145,19.48945560740139,43.796731532087534,0.031143489005611986,SCENARIO: ESIF training-window mean IT; not Forest City IT,SCENARIO_INPUT + TRANSFERRED_MODEL_OUTPUT
2012-08-22 12:00:00+00:00,20.0,17.62828028155512,24.62998178348081,19.48945560740139,44.1194373908822,0.031372962439218666,SCENARIO: ESIF training-window mean IT; not Forest City IT,SCENARIO_INPUT + TRANSFERRED_MODEL_OUTPUT
2012-08-22 13:00:00+00:00,22.2,18.535404574460276,24.86345590924539,19.48945560740139,44.35291151664678,0.031538983934761476,SCENARIO: ESIF training-window mean IT; not Forest City IT,SCENARIO_INPUT + TRANSFERRED_MODEL_OUTPUT
2012-08-22 14:00:00+00:00,23.9,19.380480707551833,25.360360496881114,19.48945560740139,44.8498161042825,0.031892328625575526,SCENARIO: ESIF training-window mean IT; not Forest City IT,SCENARIO_INPUT + TRANSFERRED_MODEL_OUTPUT
2012-08-22 15:00:00+00:00,24.45,20.073907336904142,26.39593429122222,19.48945560740139,45.88538989862361,0.03262871647805564,SCENARIO: ESIF training-window mean IT; not Forest City IT,SCENARIO_INPUT + TRANSFERRED_MODEL_OUTPUT
2012-08-22 16:00:00+00:00,25.0,20.7728379507831,27.474785244258555,19.48945560740139,46.964240851659945,0.033395878355648376,SCENARIO: ESIF training-window mean IT; not Forest City IT,SCENARIO_INPUT + TRANSFERRED_MODEL_OUTPUT
2012-08-22 17:00:00+00:00,27.2,22.10838664287016,28.800393223637915,19.48945560740139,48.28984883103931,0.034338507088144225,SCENARIO: ESIF training-window mean IT; not Forest City IT,SCENARIO_INPUT + TRANSFERRED_MODEL_OUTPUT
2012-08-22 18:00:00+00:00,27.2,21.757480440301208,28.026463488438225,19.48945560740139,47.515919095839614,0.03378817213491492,SCENARIO: ESIF training-window mean IT; not Forest City IT,SCENARIO_INPUT + TRANSFERRED_MODEL_OUTPUT
2012-08-22 19:00:00+00:00,27.6,21.222272510553296,26.5736847366381,19.48945560740139,46.06314034403949,0.03275511333117461,SCENARIO: ESIF training-window mean IT; not Forest City IT,SCENARIO_INPUT + TRANSFERRED_MODEL_OUTPUT
2012-08-22 20:00:00+00:00,27.8,20.918504402763627,25.777082589584317,19.48945560740139,45.26653819698571,0.03218865621575173,SCENARIO: ESIF training-window mean IT; not Forest City IT,SCENARIO_INPUT + TRANSFERRED_MODEL_OUTPUT
2012-08-22 21:00:00+00:00,27.5,20.65233596848881,25.427658649651356,19.48945560740139,44.917114257052745,0.03194018377840497,SCENARIO: ESIF training-window mean IT; not Forest City IT,SCENARIO_INPUT + TRANSFERRED_MODEL_OUTPUT
2012-08-22 22:00:00+00:00,26.1,20.720276787482334,26.57816064306823,19.48945560740139,46.06761625046962,0.03275829611075246,SCENARIO: ESIF training-window mean IT; not Forest City IT,SCENARIO_INPUT + TRANSFERRED_MODEL_OUTPUT
2012-08-22 23:00:00+00:00,23.9,20.060067298774655,26.756455454689615,19.48945560740139,46.245911062091004,0.03288508005812123,SCENARIO: ESIF training-window mean IT; not Forest City IT,SCENARIO_INPUT + TRANSFERRED_MODEL_OUTPUT
2012-08-23 00:00:00+00:00,23.35,19.892873555331207,26.798058854459203,19.48945560740139,46.287514461860596,0.03291466388727914,SCENARIO: ESIF training-window mean IT; not Forest City IT,SCENARIO_INPUT + TRANSFERRED_MODEL_OUTPUT
2012-08-23 01:00:00+00:00,22.2,19.53961634519082,26.87958935715528,19.48945560740139,46.369044964556664,0.03297263954494841,SCENARIO: ESIF training-window mean IT; not Forest City IT,SCENARIO_INPUT + TRANSFERRED_MODEL_OUTPUT
2012-08-23 02:00:00+00:00,21.7,19.77631052845353,27.714014862225444,19.48945560740139,47.203470469626836,0.03356599253349542,SCENARIO: ESIF training-window mean IT; not Forest City IT,SCENARIO_INPUT + TRANSFERRED_MODEL_OUTPUT
2012-08-23 03:00:00+00:00,21.95,19.853030496373044,27.697657348883823,19.48945560740139,47.18711295628521,0.033554360842748335,SCENARIO: ESIF training-window mean IT; not Forest City IT,SCENARIO_INPUT + TRANSFERRED_MODEL_OUTPUT
2012-08-23 04:00:00+00:00,21.7,19.38408329256994,26.912004885732195,19.48945560740139,46.401460493133584,0.032995689955847375,SCENARIO: ESIF training-window mean IT; not Forest City IT,SCENARIO_INPUT + TRANSFERRED_MODEL_OUTPUT
2012-08-23 05:00:00+00:00,21.7,19.255786550569642,26.65195057125099,19.48945560740139,46.141406178652375,0.032810767510710714,SCENARIO: ESIF training-window mean IT; not Forest City IT,SCENARIO_INPUT + TRANSFERRED_MODEL_OUTPUT
2012-08-23 06:00:00+00:00,21.066666666666666,19.338654990995476,27.260577365466688,19.48945560740139,46.75003297286808,0.03324355692697778,SCENARIO: ESIF training-window mean IT; not Forest City IT,SCENARIO_INPUT + TRANSFERRED_MODEL_OUTPUT
2012-08-23 07:00:00+00:00,21.1,19.19626238611062,26.949304845721624,19.48945560740139,46.43876045312301,0.03302221364501787,SCENARIO: ESIF training-window mean IT; not Forest City IT,SCENARIO_INPUT + TRANSFERRED_MODEL_OUTPUT
2012-08-23 08:00:00+00:00,21.1,19.19626238611062,26.949304845721624,19.48945560740139,46.43876045312301,0.03302221364501787,SCENARIO: ESIF training-window mean IT; not Forest City IT,SCENARIO_INPUT + TRANSFERRED_MODEL_OUTPUT
2012-08-23 09:00:00+00:00,20.900000000000002,19.068238929479048,26.830316599812868,19.48945560740139,46.31977220721426,0.032937602099849445,SCENARIO: ESIF training-window mean IT; not Forest City IT,SCENARIO_INPUT + TRANSFERRED_MODEL_OUTPUT
2012-08-23 10:00:00+00:00,20.0,18.519914469521122,26.36140076506505,19.48945560740139,45.85085637246644,0.03260415997681507,SCENARIO: ESIF training-window mean IT; not Forest City IT,SCENARIO_INPUT + TRANSFERRED_MODEL_OUTPUT
2012-08-23 11:00:00+00:00,20.0,18.520451218580227,26.36245941099643,19.48945560740139,45.85191501839782,0.03260491277107097,SCENARIO: ESIF training-window mean IT; not Forest City IT,SCENARIO_INPUT + TRANSFERRED_MODEL_OUTPUT
2012-08-23 12:00:00+00:00,21.1,19.03450096729692,26.623679369862593,19.48945560740139,46.11313497726398,0.032790664096167786,SCENARIO: ESIF training-window mean IT; not Forest City IT,SCENARIO_INPUT + TRANSFERRED_MODEL_OUTPUT
2012-08-23 13:00:00+00:00,23.9,20.063483912976295,26.763554031156424,19.48945560740139,46.25300963855781,0.032890127796397946,SCENARIO: ESIF training-window mean IT; not Forest City IT,SCENARIO_INPUT + TRANSFERRED_MODEL_OUTPUT
2012-08-23 14:00:00+00:00,24.4,20.596160438976852,27.52619400407317,19.48945560740139,47.01564961147456,0.03343243469421683,SCENARIO: ESIF training-window mean IT; not Forest City IT,SCENARIO_INPUT + TRANSFERRED_MODEL_OUTPUT
2012-08-23 15:00:00+00:00,25.25,20.847969560786254,27.45677597862651,19.48945560740139,46.9462315860279,0.0333830721176806,SCENARIO: ESIF training-window mean IT; not Forest City IT,SCENARIO_INPUT + TRANSFERRED_MODEL_OUTPUT
2012-08-23 16:00:00+00:00,26.7,21.27225484748153,27.329912632015997,19.48945560740139,46.819368239417386,0.03329286065435519,SCENARIO: ESIF training-window mean IT; not Forest City IT,SCENARIO_INPUT + TRANSFERRED_MODEL_OUTPUT
2012-08-23 17:00:00+00:00,27.2,21.047830781350243,26.48703161097973,19.48945560740139,45.97648721838112,0.03269349501921756,SCENARIO: ESIF training-window mean IT; not Forest City IT,SCENARIO_INPUT + TRANSFERRED_MODEL_OUTPUT
2012-08-23 18:00:00+00:00,27.5,21.31771390316859,26.852065301868272,19.48945560740139,46.34152090926966,0.032953067419741015,SCENARIO: ESIF training-window mean IT; not Forest City IT,SCENARIO_INPUT + TRANSFERRED_MODEL_OUTPUT
2012-08-23 19:00:00+00:00,27.8,21.220631074164523,26.425605023212633,19.48945560740139,45.91506063061402,0.03264981508708894,SCENARIO: ESIF training-window mean IT; not Forest City IT,SCENARIO_INPUT + TRANSFERRED_MODEL_OUTPUT
2012-08-23 20:00:00+00:00,28.3,21.06649109080235,25.73187181060087,19.48945560740139,45.22132741800226,0.03215650720944576,SCENARIO: ESIF training-window mean IT; not Forest City IT,SCENARIO_INPUT + TRANSFERRED_MODEL_OUTPUT
2012-08-23 21:00:00+00:00,27.75,21.23587389598513,26.494640081708724,19.48945560740139,45.98409568911011,0.03269890533903388,SCENARIO: ESIF training-window mean IT; not Forest City IT,SCENARIO_INPUT + TRANSFERRED_MODEL_OUTPUT
2012-08-23 22:00:00+00:00,26.7,21.269398891073994,27.323742976037543,19.48945560740139,46.81319858343893,0.033288473463658264,SCENARIO: ESIF training-window mean IT; not Forest City IT,SCENARIO_INPUT + TRANSFERRED_MODEL_OUTPUT
2012-08-23 23:00:00+00:00,24.4,21.30839230093909,29.049309387016237,19.48945560740139,48.538764994417626,0.0345155092873109,SCENARIO: ESIF training-window mean IT; not Forest City IT,SCENARIO_INPUT + TRANSFERRED_MODEL_OUTPUT
2012-08-24 00:00:00+00:00,23.299999999999997,20.9881104109907,29.137144036799995,19.48945560740139,48.626599644201384,0.03457796777117854,SCENARIO: ESIF training-window mean IT; not Forest City IT,SCENARIO_INPUT + TRANSFERRED_MODEL_OUTPUT
2012-08-24 01:00:00+00:00,22.8,20.440622852398832,28.326748214594716,19.48945560740139,47.816203821996105,0.03400170208887407,SCENARIO: ESIF training-window mean IT; not Forest City IT,SCENARIO_INPUT + TRANSFERRED_MODEL_OUTPUT
2012-08-24 02:00:00+00:00,22.8,20.84119528880532,29.1748543347579,19.48945560740139,48.66430994215929,0.034604783248241934,SCENARIO: ESIF training-window mean IT; not Forest City IT,SCENARIO_INPUT + TRANSFERRED_MODEL_OUTPUT
2012-08-24 03:00:00+00:00,22.5,20.384279383657816,28.41873499065853,19.48945560740139,47.90819059805992,0.03406711311496642,SCENARIO: ESIF training-window mean IT; not Forest City IT,SCENARIO_INPUT + TRANSFERRED_MODEL_OUTPUT
2012-08-24 04:00:00+00:00,21.1,19.591271369505463,27.751971010509024,19.48945560740139,47.24142661791041,0.03359298283266646,SCENARIO: ESIF training-window mean IT; not Forest City IT,SCENARIO_INPUT + TRANSFERRED_MODEL_OUTPUT
2012-08-24 13:00:00+00:00,24.4,20.21558980365655,26.726548182080826,19.48945560740139,46.216003789482215,0.03286381324703517,SCENARIO: ESIF training-window mean IT; not Forest City IT,SCENARIO_INPUT + TRANSFERRED_MODEL_OUTPUT
2012-08-24 14:00:00+00:00,26.1,20.725036340886312,26.588264323104184,19.48945560740139,46.07771993050557,0.03276548075301019,SCENARIO: ESIF training-window mean IT; not Forest City IT,SCENARIO_INPUT + TRANSFERRED_MODEL_OUTPUT
2012-08-24 15:00:00+00:00,26.1,20.38978796530789,25.880377277936205,19.48945560740139,45.369832885337594,0.03226210820357115,SCENARIO: ESIF training-window mean IT; not Forest City IT,SCENARIO_INPUT + TRANSFERRED_MODEL_OUTPUT
2012-08-24 16:00:00+00:00,26.7,19.948830361740207,24.53065750151623,19.48945560740139,44.02011310891762,0.03130233377413009,SCENARIO: ESIF training-window mean IT; not Forest City IT,SCENARIO_INPUT + TRANSFERRED_MODEL_OUTPUT
2012-08-24 17:00:00+00:00,26.7,19.948220196830967,24.529394505416796,19.48945560740139,44.018850112818185,0.03130143566818106,SCENARIO: ESIF training-window mean IT; not Forest City IT,SCENARIO_INPUT + TRANSFERRED_MODEL_OUTPUT
2012-08-24 18:00:00+00:00,27.25,20.115022946712656,24.47981478397258,19.48945560740139,43.96927039137397,0.031266179943480056,SCENARIO: ESIF training-window mean IT; not Forest City IT,SCENARIO_INPUT + TRANSFERRED_MODEL_OUTPUT
2012-08-24 19:00:00+00:00,27.8,19.938667582413753,23.71675263170952,19.48945560740139,43.20620823911091,0.030723572837463655,SCENARIO: ESIF training-window mean IT; not Forest City IT,SCENARIO_INPUT + TRANSFERRED_MODEL_OUTPUT
2012-08-24 20:00:00+00:00,27.8,19.6595265759453,23.141801540881623,19.48945560740139,42.63125714828301,0.030314729931849926,SCENARIO: ESIF training-window mean IT; not Forest City IT,SCENARIO_INPUT + TRANSFERRED_MODEL_OUTPUT
2012-08-24 21:00:00+00:00,28.05,19.410198496018474,22.451846067004347,19.48945560740139,41.941301674405736,0.029824108372583202,SCENARIO: ESIF training-window mean IT; not Forest City IT,SCENARIO_INPUT + TRANSFERRED_MODEL_OUTPUT
2012-08-24 22:00:00+00:00,26.1,19.130510908527754,23.289975885290538,19.48945560740139,42.77943149269193,0.03042009546723541,SCENARIO: ESIF training-window mean IT; not Forest City IT,SCENARIO_INPUT + TRANSFERRED_MODEL_OUTPUT
2012-08-24 23:00:00+00:00,23.9,19.076722278488514,24.74654535104576,19.48945560740139,44.23600095844715,0.03145584981592289,SCENARIO: ESIF training-window mean IT; not Forest City IT,SCENARIO_INPUT + TRANSFERRED_MODEL_OUTPUT
2012-08-25 00:00:00+00:00,23.35,19.054142981200975,25.08917161779972,19.48945560740139,44.57862722520111,0.03169948848480091,SCENARIO: ESIF training-window mean IT; not Forest City IT,SCENARIO_INPUT + TRANSFERRED_MODEL_OUTPUT
2012-08-25 01:00:00+00:00,22.8,19.034371378396038,25.436189046271274,19.48945560740139,44.92564465367266,0.031946249672001416,SCENARIO: ESIF training-window mean IT; not Forest City IT,SCENARIO_INPUT + TRANSFERRED_MODEL_OUTPUT
2012-08-25 02:00:00+00:00,21.7,18.374142160567448,24.89529939606149,19.48945560740139,44.38475500346288,0.031561627571555034,SCENARIO: ESIF training-window mean IT; not Forest City IT,SCENARIO_INPUT + TRANSFERRED_MODEL_OUTPUT
2012-08-25 03:00:00+00:00,21.4,18.276617902232264,24.91325108117952,19.48945560740139,44.402706688580906,0.03157439286450152,SCENARIO: ESIF training-window mean IT; not Forest City IT,SCENARIO_INPUT + TRANSFERRED_MODEL_OUTPUT
2012-08-25 04:00:00+00:00,20.6,18.32917603477103,25.571614029677963,19.48945560740139,45.061069637079356,0.03204254924355099,SCENARIO: ESIF training-window mean IT; not Forest City IT,SCENARIO_INPUT + TRANSFERRED_MODEL_OUTPUT
2012-08-25 05:00:00+00:00,20.0,18.133392955899417,25.60416421953984,19.48945560740139,45.09361982694123,0.03206569541096193,SCENARIO: ESIF training-window mean IT; not Forest City IT,SCENARIO_INPUT + TRANSFERRED_MODEL_OUTPUT
2012-08-25 06:00:00+00:00,19.7,18.035246202733685,25.620355438546042,19.48945560740139,45.10981104594743,0.03207720885119976,SCENARIO: ESIF training-window mean IT; not Forest City IT,SCENARIO_INPUT + TRANSFERRED_MODEL_OUTPUT
2012-08-25 07:00:00+00:00,18.9,17.770716638512,25.659499610452762,19.48945560740139,45.14895521785415,0.03210504394401982,SCENARIO: ESIF training-window mean IT; not Forest City IT,SCENARIO_INPUT + TRANSFERRED_MODEL_OUTPUT
2012-08-25 08:00:00+00:00,18.3,17.247356777478938,25.07393952561967,19.48945560740139,44.56339513302106,0.03168865707161671,SCENARIO: ESIF training-window mean IT; not Forest City IT,SCENARIO_INPUT + TRANSFERRED_MODEL_OUTPUT
2012-08-25 09:00:00+00:00,18.3,17.24735677747896,25.073939525619714,19.48945560740139,44.5633951330211,0.031688657071616735,SCENARIO: ESIF training-window mean IT; not Forest City IT,SCENARIO_INPUT + TRANSFERRED_MODEL_OUTPUT
2012-08-25 10:00:00+00:00,17.8,16.69407113913572,24.382191668573235,19.48945560740139,43.871647275974624,0.031196760963689164,SCENARIO: ESIF training-window mean IT; not Forest City IT,SCENARIO_INPUT + TRANSFERRED_MODEL_OUTPUT
2012-08-25 11:00:00+00:00,19.4,17.61795249311694,25.02355617257117,19.48945560740139,44.51301177997256,0.03165282989121211,SCENARIO: ESIF training-window mean IT; not Forest City IT,SCENARIO_INPUT + TRANSFERRED_MODEL_OUTPUT
2012-08-25 12:00:00+00:00,20.549999999999997,18.15617701738174,25.26831100542153,19.48945560740139,44.75776661282292,0.03182687300309047,SCENARIO: ESIF training-window mean IT; not Forest City IT,SCENARIO_INPUT + TRANSFERRED_MODEL_OUTPUT
2012-08-25 13:00:00+00:00,23.3,19.194303045741087,25.406607661411844,19.48945560740139,44.896063268813236,0.0319252145969647,SCENARIO: ESIF training-window mean IT; not Forest City IT,SCENARIO_INPUT + TRANSFERRED_MODEL_OUTPUT
2012-08-25 14:00:00+00:00,25.0,19.72381750319439,25.281901506762644,19.48945560740139,44.77135711416403,0.031836537094777025,SCENARIO: ESIF training-window mean IT; not Forest City IT,SCENARIO_INPUT + TRANSFERRED_MODEL_OUTPUT
2012-08-25 15:00:00+00:00,25.55,19.744351112958487,24.932263152027268,19.48945560740139,44.42171875942866,0.03158791218885994,SCENARIO: ESIF training-window mean IT; not Forest City IT,SCENARIO_INPUT + TRANSFERRED_MODEL_OUTPUT
2012-08-25 16:00:00+00:00,27.2,19.7590433232101,23.779277247512233,19.48945560740139,43.26873285491362,0.030768033568132687,SCENARIO: ESIF training-window mean IT; not Forest City IT,SCENARIO_INPUT + TRANSFERRED_MODEL_OUTPUT
2012-08-25 17:00:00+00:00,27.2,19.75701147776065,23.775097925527525,19.48945560740139,43.264553532928915,0.030765061687270154,SCENARIO: ESIF training-window mean IT; not Forest City IT,SCENARIO_INPUT + TRANSFERRED_MODEL_OUTPUT
2012-08-25 18:00:00+00:00,27.2,20.070861730401667,24.424002915800504,19.48945560740139,43.913458523201896,0.031226492591433567,SCENARIO: ESIF training-window mean IT; not Forest City IT,SCENARIO_INPUT + TRANSFERRED_MODEL_OUTPUT
2012-08-25 19:00:00+00:00,28.3,20.716429334701917,24.98471570911949,19.48945560740139,44.47417131652088,0.03162521076293095,SCENARIO: ESIF training-window mean IT; not Forest City IT,SCENARIO_INPUT + TRANSFERRED_MODEL_OUTPUT
2012-08-25 20:00:00+00:00,28.3,20.71575195801793,24.9832780635505,19.48945560740139,44.47273367095189,0.031624188465206766,SCENARIO: ESIF training-window mean IT; not Forest City IT,SCENARIO_INPUT + TRANSFERRED_MODEL_OUTPUT
2012-08-25 21:00:00+00:00,27.75,20.552763242848258,25.03650594521056,19.48945560740139,44.525961552611946,0.03166203836608482,SCENARIO: ESIF training-window mean IT; not Forest City IT,SCENARIO_INPUT + TRANSFERRED_MODEL_OUTPUT
2012-08-25 22:00:00+00:00,25.0,20.394831783410247,26.675931372277116,19.48945560740139,46.1653869796785,0.032827820057487085,SCENARIO: ESIF training-window mean IT; not Forest City IT,SCENARIO_INPUT + TRANSFERRED_MODEL_OUTPUT
2012-08-25 23:00:00+00:00,24.4,20.59414693766533,27.521937242932317,19.48945560740139,47.011392850333706,0.03342940774701889,SCENARIO: ESIF training-window mean IT; not Forest City IT,SCENARIO_INPUT + TRANSFERRED_MODEL_OUTPUT
2012-08-26 00:00:00+00:00,23.85,20.4296896062283,27.56435655392351,19.48945560740139,47.0538121613249,0.03345957176381344,SCENARIO: ESIF training-window mean IT; not Forest City IT,SCENARIO_INPUT + TRANSFERRED_MODEL_OUTPUT
2012-08-26 01:00:00+00:00,23.3,20.26466627100522,27.60616032051852,19.48945560740139,47.09561592791991,0.03348929807214288,SCENARIO: ESIF training-window mean IT; not Forest City IT,SCENARIO_INPUT + TRANSFERRED_MODEL_OUTPUT
2012-08-26 02:00:00+00:00,22.2,19.930306023070326,27.68258686639433,19.48945560740139,47.17204247379572,0.033543644348861645,SCENARIO: ESIF training-window mean IT; not Forest City IT,SCENARIO_INPUT + TRANSFERRED_MODEL_OUTPUT
2012-08-26 03:00:00+00:00,22.2,19.572776798640543,26.94734009633835,19.48945560740139,46.43679570373974,0.03302081652818571,SCENARIO: ESIF training-window mean IT; not Forest City IT,SCENARIO_INPUT + TRANSFERRED_MODEL_OUTPUT
2012-08-26 04:00:00+00:00,20.6,18.713453185598937,26.329564855755756,19.48945560740139,45.819020463157145,0.03258152172832314,SCENARIO: ESIF training-window mean IT; not Forest City IT,SCENARIO_INPUT + TRANSFERRED_MODEL_OUTPUT
2012-08-26 05:00:00+00:00,20.0,17.81703428356103,24.99198094036256,19.48945560740139,44.48143654776395,0.03163037700802337,SCENARIO: ESIF training-window mean IT; not Forest City IT,SCENARIO_INPUT + TRANSFERRED_MODEL_OUTPUT
2012-08-26 17:00:00+00:00,28.9,21.246054924786257,25.682471481178773,19.48945560740139,45.17192708858016,0.03212137904890931,SCENARIO: ESIF training-window mean IT; not Forest City IT,SCENARIO_INPUT + TRANSFERRED_MODEL_OUTPUT
2012-08-26 18:00:00+00:00,29.15,21.317990664670344,25.65585211769645,19.48945560740139,45.14530772509784,0.032102450242467655,SCENARIO: ESIF training-window mean IT; not Forest City IT,SCENARIO_INPUT + TRANSFERRED_MODEL_OUTPUT
2012-08-26 19:00:00+00:00,31.1,21.254096650477617,24.088493506496977,19.48945560740139,43.57794911389837,0.03098791466028662,SCENARIO: ESIF training-window mean IT; not Forest City IT,SCENARIO_INPUT + TRANSFERRED_MODEL_OUTPUT
2012-08-26 20:00:00+00:00,30.0,21.214110245487216,24.81044110245257,19.48945560740139,44.29989670985396,0.031501285549637076,SCENARIO: ESIF training-window mean IT; not Forest City IT,SCENARIO_INPUT + TRANSFERRED_MODEL_OUTPUT
2012-08-26 21:00:00+00:00,29.7,21.29915979173802,25.213626838788812,19.48945560740139,44.7030824461902,0.03178798755016439,SCENARIO: ESIF training-window mean IT; not Forest City IT,SCENARIO_INPUT + TRANSFERRED_MODEL_OUTPUT
2012-08-26 22:00:00+00:00,28.3,21.067131876461133,25.733247152315705,19.48945560740139,45.222702759717095,0.03215748520342103,SCENARIO: ESIF training-window mean IT; not Forest City IT,SCENARIO_INPUT + TRANSFERRED_MODEL_OUTPUT
2012-08-26 23:00:00+00:00,25.6,20.573318470732254,26.624391129769077,19.48945560740139,46.11384673717046,0.03279117022267647,SCENARIO: ESIF training-window mean IT; not Forest City IT,SCENARIO_INPUT + TRANSFERRED_MODEL_OUTPUT
2012-08-27 00:00:00+00:00,24.450000000000003,20.417721813900677,27.114588768496727,19.48945560740139,46.60404437589811,0.03313974565829104,SCENARIO: ESIF training-window mean IT; not Forest City IT,SCENARIO_INPUT + TRANSFERRED_MODEL_OUTPUT
2012-08-27 01:00:00+00:00,22.8,20.112771552472093,27.640768775288173,19.48945560740139,47.13022438268956,0.033513907854492285,SCENARIO: ESIF training-window mean IT; not Forest City IT,SCENARIO_INPUT + TRANSFERRED_MODEL_OUTPUT
2012-08-27 02:00:00+00:00,22.8,19.408435413090416,26.1918891791559,19.48945560740139,45.68134478655729,0.032483621707692915,SCENARIO: ESIF training-window mean IT; not Forest City IT,SCENARIO_INPUT + TRANSFERRED_MODEL_OUTPUT
2012-08-27 03:00:00+00:00,22.5,19.314857382064154,26.21234175351337,19.48945560740139,45.70179736091476,0.03249816536203323,SCENARIO: ESIF training-window mean IT; not Forest City IT,SCENARIO_INPUT + TRANSFERRED_MODEL_OUTPUT
2012-08-27 04:00:00+00:00,21.7,19.062614463677214,26.26251709962527,19.48945560740139,45.75197270702666,0.03253384463044722,SCENARIO: ESIF training-window mean IT; not Forest City IT,SCENARIO_INPUT + TRANSFERRED_MODEL_OUTPUT
2012-08-27 11:00:00+00:00,20.6,18.713453185598937,26.329564855755756,19.48945560740139,45.819020463157145,0.03258152172832314,SCENARIO: ESIF training-window mean IT; not Forest City IT,SCENARIO_INPUT + TRANSFERRED_MODEL_OUTPUT
2012-08-27 12:00:00+00:00,21.599999999999998,19.181923615696128,26.572452530147558,19.48945560740139,46.06190813754895,0.03275423711945861,SCENARIO: ESIF training-window mean IT; not Forest City IT,SCENARIO_INPUT + TRANSFERRED_MODEL_OUTPUT
2012-08-27 13:00:00+00:00,25.0,21.094602604982338,28.162474397955748,19.48945560740139,47.65193000535714,0.03388488835361491,SCENARIO: ESIF training-window mean IT; not Forest City IT,SCENARIO_INPUT + TRANSFERRED_MODEL_OUTPUT
2012-08-27 14:00:00+00:00,26.7,21.27225484748153,27.329912632015997,19.48945560740139,46.819368239417386,0.03329286065435519,SCENARIO: ESIF training-window mean IT; not Forest City IT,SCENARIO_INPUT + TRANSFERRED_MODEL_OUTPUT
2012-08-27 15:00:00+00:00,27.375,21.499449756465495,27.336573872354045,19.48945560740139,46.826029479755434,0.03329759740657333,SCENARIO: ESIF training-window mean IT; not Forest City IT,SCENARIO_INPUT + TRANSFERRED_MODEL_OUTPUT
2012-08-27 16:00:00+00:00,28.9,22.207740859776923,27.789947831831153,19.48945560740139,47.27940343923254,0.03361998783226208,SCENARIO: ESIF training-window mean IT; not Forest City IT,SCENARIO_INPUT + TRANSFERRED_MODEL_OUTPUT
2012-08-27 17:00:00+00:00,28.9,21.538191354531527,26.315988216227908,19.48945560740139,45.8054438236293,0.032571867493655905,SCENARIO: ESIF training-window mean IT; not Forest City IT,SCENARIO_INPUT + TRANSFERRED_MODEL_OUTPUT
2012-08-27 18:00:00+00:00,29.15,21.60913374142452,26.288635865635836,19.48945560740139,45.77809147303722,0.032552417466219084,SCENARIO: ESIF training-window mean IT; not Forest City IT,SCENARIO_INPUT + TRANSFERRED_MODEL_OUTPUT
2012-08-27 19:00:00+00:00,30.6,22.01745421413498,26.124603793255808,19.48945560740139,45.6140594006572,0.032435775633277916,SCENARIO: ESIF training-window mean IT; not Forest City IT,SCENARIO_INPUT + TRANSFERRED_MODEL_OUTPUT
2012-08-27 20:00:00+00:00,30.0,21.554143733268916,25.54763992218569,19.48945560740139,45.03709552958708,0.03202550145649048,SCENARIO: ESIF training-window mean IT; not Forest City IT,SCENARIO_INPUT + TRANSFERRED_MODEL_OUTPUT
2012-08-27 21:00:00+00:00,29.7,21.29394765954588,25.202358028962475,19.48945560740139,44.69181363636386,0.03177997439387039,SCENARIO: ESIF training-window mean IT; not Forest City IT,SCENARIO_INPUT + TRANSFERRED_MODEL_OUTPUT
2012-08-27 22:00:00+00:00,28.9,20.887612088685287,24.91313196218456,19.48945560740139,44.40258756958595,0.031574308159981794,SCENARIO: ESIF training-window mean IT; not Forest City IT,SCENARIO_INPUT + TRANSFERRED_MODEL_OUTPUT
2012-08-27 23:00:00+00:00,26.7,20.234027741195995,25.123779700915122,19.48945560740139,44.61323530831651,0.03172409800287009,SCENARIO: ESIF training-window mean IT; not Forest City IT,SCENARIO_INPUT + TRANSFERRED_MODEL_OUTPUT
2012-08-28 00:00:00+00:00,26.15,20.067335033857276,25.170952005195314,19.48945560740139,44.6604076125967,0.031757641833387286,SCENARIO: ESIF training-window mean IT; not Forest City IT,SCENARIO_INPUT + TRANSFERRED_MODEL_OUTPUT
2012-08-28 01:00:00+00:00,25.0,20.08118315802468,26.020498053860685,19.48945560740139,45.509953661262074,0.03236174691385401,SCENARIO: ESIF training-window mean IT; not Forest City IT,SCENARIO_INPUT + TRANSFERRED_MODEL_OUTPUT
2012-08-28 02:00:00+00:00,23.9,19.74636731355298,26.10809091597872,19.48945560740139,45.59754652338011,0.03242403346453747,SCENARIO: ESIF training-window mean IT; not Forest City IT,SCENARIO_INPUT + TRANSFERRED_MODEL_OUTPUT
2012-08-28 04:00:00+00:00,22.2,20.25842617702304,28.36504098839184,19.48945560740139,47.85449659579323,0.03402893175962864,SCENARIO: ESIF training-window mean IT; not Forest City IT,SCENARIO_INPUT + TRANSFERRED_MODEL_OUTPUT
2012-08-28 11:00:00+00:00,22.4,21.651951191029177,31.20541601986708,19.48945560740139,50.69487162726847,0.03604869865706834,SCENARIO: ESIF training-window mean IT; not Forest City IT,SCENARIO_INPUT + TRANSFERRED_MODEL_OUTPUT
2012-08-28 12:00:00+00:00,23.233333333333334,22.204402733945386,31.83864696836853,19.48945560740139,51.32810257576992,0.03649898388139426,SCENARIO: ESIF training-window mean IT; not Forest City IT,SCENARIO_INPUT + TRANSFERRED_MODEL_OUTPUT
2012-08-28 13:00:00+00:00,24.5,22.59135616665813,31.8094988745203,19.48945560740139,51.29895448192169,0.03647825691596691,SCENARIO: ESIF training-window mean IT; not Forest City IT,SCENARIO_INPUT + TRANSFERRED_MODEL_OUTPUT
2012-08-28 14:00:00+00:00,26.35,23.26750148501977,32.027604134772574,19.48945560740139,51.51705974217396,0.03663334973995438,SCENARIO: ESIF training-window mean IT; not Forest City IT,SCENARIO_INPUT + TRANSFERRED_MODEL_OUTPUT
2012-08-28 15:00:00+00:00,26.95,23.324633227347128,31.727977861363343,19.48945560740139,51.21743346876473,0.03642028800622943,SCENARIO: ESIF training-window mean IT; not Forest City IT,SCENARIO_INPUT + TRANSFERRED_MODEL_OUTPUT
2012-08-28 16:00:00+00:00,27.1,23.297195783618825,31.55690459464983,19.48945560740139,51.04636020205122,0.036298639238965986,SCENARIO: ESIF training-window mean IT; not Forest City IT,SCENARIO_INPUT + TRANSFERRED_MODEL_OUTPUT
2012-08-28 17:00:00+00:00,27.2,23.221494353657697,31.31104586085612,19.48945560740139,50.80050146825751,0.036123811152371704,SCENARIO: ESIF training-window mean IT; not Forest City IT,SCENARIO_INPUT + TRANSFERRED_MODEL_OUTPUT
2012-08-28 18:00:00+00:00,27.5,23.30156163672273,31.278539489051642,19.48945560740139,50.767995096453035,0.036100696143614414,SCENARIO: ESIF training-window mean IT; not Forest City IT,SCENARIO_INPUT + TRANSFERRED_MODEL_OUTPUT
2012-08-28 19:00:00+00:00,26.85,23.398931718448278,31.97102951833856,19.48945560740139,51.46048512573995,0.03659312000400665,SCENARIO: ESIF training-window mean IT; not Forest City IT,SCENARIO_INPUT + TRANSFERRED_MODEL_OUTPUT
2012-08-28 20:00:00+00:00,25.6,23.552951434860752,33.22253166995009,19.48945560740139,52.711987277351476,0.03748305270299487,SCENARIO: ESIF training-window mean IT; not Forest City IT,SCENARIO_INPUT + TRANSFERRED_MODEL_OUTPUT
2012-08-28 21:00:00+00:00,25.6,23.552951434860752,33.22253166995009,19.48945560740139,52.711987277351476,0.03748305270299487,SCENARIO: ESIF training-window mean IT; not Forest City IT,SCENARIO_INPUT + TRANSFERRED_MODEL_OUTPUT
2012-08-28 22:00:00+00:00,24.4,23.59302337249993,34.168930300882494,19.48945560740139,53.65838590828388,0.038156028843595126,SCENARIO: ESIF training-window mean IT; not Forest City IT,SCENARIO_INPUT + TRANSFERRED_MODEL_OUTPUT
2012-08-28 23:00:00+00:00,23.9,23.098450578312505,33.38423693728802,19.48945560740139,52.87369254468941,0.03759803996435704,SCENARIO: ESIF training-window mean IT; not Forest City IT,SCENARIO_INPUT + TRANSFERRED_MODEL_OUTPUT
2012-08-29 00:00:00+00:00,23.9,22.88396822177002,32.89568306956436,19.48945560740139,52.38513867696575,0.037250633400537234,SCENARIO: ESIF training-window mean IT; not Forest City IT,SCENARIO_INPUT + TRANSFERRED_MODEL_OUTPUT
2012-08-29 01:00:00+00:00,23.65,22.744681550192446,32.756618345406224,19.48945560740139,52.24607395280761,0.037151745639821245,SCENARIO: ESIF training-window mean IT; not Forest City IT,SCENARIO_INPUT + TRANSFERRED_MODEL_OUTPUT
2012-08-29 02:00:00+00:00,23.075,22.515431247521928,32.64508202173559,19.48945560740139,52.13453762913698,0.03707243309414834,SCENARIO: ESIF training-window mean IT; not Forest City IT,SCENARIO_INPUT + TRANSFERRED_MODEL_OUTPUT
2012-08-29 03:00:00+00:00,23.15,22.571594614468406,32.71854778306649,19.48945560740139,52.20800339046788,0.037124673981773056,SCENARIO: ESIF training-window mean IT; not Forest City IT,SCENARIO_INPUT + TRANSFERRED_MODEL_OUTPUT
2012-08-29 04:00:00+00:00,23.075,22.336688876979792,32.24483996434644,19.48945560740139,51.73429557174783,0.036787824319067707,SCENARIO: ESIF training-window mean IT; not Forest City IT,SCENARIO_INPUT + TRANSFERRED_MODEL_OUTPUT
2012-08-29 05:00:00+00:00,23.099999999999998,22.355684244234084,32.2696913743272,19.48945560740139,51.75914698172859,0.03680549594858058,SCENARIO: ESIF training-window mean IT; not Forest City IT,SCENARIO_INPUT + TRANSFERRED_MODEL_OUTPUT
2012-08-29 06:00:00+00:00,23.03333333333333,22.26605744168596,32.116576378971786,19.48945560740139,51.606031986373175,0.03669661715768378,SCENARIO: ESIF training-window mean IT; not Forest City IT,SCENARIO_INPUT + TRANSFERRED_MODEL_OUTPUT
2012-08-29 07:00:00+00:00,22.9,22.323957445498245,32.33939785802123,19.48945560740139,51.82885346542262,0.036855063645360744,SCENARIO: ESIF training-window mean IT; not Forest City IT,SCENARIO_INPUT + TRANSFERRED_MODEL_OUTPUT
2012-08-29 08:00:00+00:00,22.9,22.323176370848074,32.33765433632986,19.48945560740139,51.82710994373125,0.03685382384168758,SCENARIO: ESIF training-window mean IT; not Forest City IT,SCENARIO_INPUT + TRANSFERRED_MODEL_OUTPUT
2012-08-29 09:00:00+00:00,22.8,22.188794926978428,32.1085252546043,19.48945560740139,51.59798086200569,0.036690892070572245,SCENARIO: ESIF training-window mean IT; not Forest City IT,SCENARIO_INPUT + TRANSFERRED_MODEL_OUTPUT
2012-08-29 10:00:00+00:00,22.2,21.419037480061586,30.838016157254977,19.48945560740139,50.327471764656366,0.035787443691648366,SCENARIO: ESIF training-window mean IT; not Forest City IT,SCENARIO_INPUT + TRANSFERRED_MODEL_OUTPUT
2012-08-29 11:00:00+00:00,22.8,22.011458091918897,31.71537987635064,19.48945560740139,51.20483548375203,0.03641132968459192,SCENARIO: ESIF training-window mean IT; not Forest City IT,SCENARIO_INPUT + TRANSFERRED_MODEL_OUTPUT
2012-08-29 12:00:00+00:00,23.05,22.08222753404553,31.69639005351427,19.48945560740139,51.18584566091566,0.03639782618060807,SCENARIO: ESIF training-window mean IT; not Forest City IT,SCENARIO_INPUT + TRANSFERRED_MODEL_OUTPUT
2012-08-29 13:00:00+00:00,23.9,22.67125201241584,32.41425675534252,19.48945560740139,51.90371236274391,0.036908295180321064,SCENARIO: ESIF training-window mean IT; not Forest City IT,SCENARIO_INPUT + TRANSFERRED_MODEL_OUTPUT
2012-08-29 14:00:00+00:00,23.9,23.098987629851326,33.38546419336302,19.48945560740139,52.87491980076441,0.037598912655874,SCENARIO: ESIF training-window mean IT; not Forest City IT,SCENARIO_INPUT + TRANSFERRED_MODEL_OUTPUT
2012-08-29 15:00:00+00:00,23.95,22.898385608276197,32.893088545641604,19.48945560740139,52.38254415304299,0.037248788456304256,SCENARIO: ESIF training-window mean IT; not Forest City IT,SCENARIO_INPUT + TRANSFERRED_MODEL_OUTPUT
2012-08-29 16:00:00+00:00,23.65,22.356055777217644,31.88310194294647,19.48945560740139,51.372557550347864,0.03653059544151716,SCENARIO: ESIF training-window mean IT; not Forest City IT,SCENARIO_INPUT + TRANSFERRED_MODEL_OUTPUT
2012-08-29 17:00:00+00:00,25.6,23.133493890580425,32.25699061344764,19.48945560740139,51.74644622084903,0.036796464543884876,SCENARIO: ESIF training-window mean IT; not Forest City IT,SCENARIO_INPUT + TRANSFERRED_MODEL_OUTPUT
2012-08-29 18:00:00+00:00,25.85,23.027435832779062,31.836176535146755,19.48945560740139,51.325632142548145,0.03649722717701953,SCENARIO: ESIF training-window mean IT; not Forest City IT,SCENARIO_INPUT + TRANSFERRED_MODEL_OUTPUT
2012-08-29 19:00:00+00:00,27.8,23.380581337558347,31.2436762835033,19.48945560740139,50.73313189090469,0.03607590521011976,SCENARIO: ESIF training-window mean IT; not Forest City IT,SCENARIO_INPUT + TRANSFERRED_MODEL_OUTPUT
2012-08-29 20:00:00+00:00,27.2,23.559243341040442,32.0895916337508,19.48945560740139,51.57904724115219,0.036677428531347735,SCENARIO: ESIF training-window mean IT; not Forest City IT,SCENARIO_INPUT + TRANSFERRED_MODEL_OUTPUT
2012-08-29 21:00:00+00:00,26.95,23.493083601431238,32.11648592308183,19.48945560740139,51.60594153048322,0.036696552835257974,SCENARIO: ESIF training-window mean IT; not Forest City IT,SCENARIO_INPUT + TRANSFERRED_MODEL_OUTPUT
2012-08-29 22:00:00+00:00,25.6,23.132663836362212,32.25509184658355,19.48945560740139,51.744547453984936,0.03679511434666952,SCENARIO: ESIF training-window mean IT; not Forest City IT,SCENARIO_INPUT + TRANSFERRED_MODEL_OUTPUT
2012-08-29 23:00:00+00:00,25.0,22.623944674548458,31.527767658265574,19.48945560740139,51.01722326566696,0.036277920207517814,SCENARIO: ESIF training-window mean IT; not Forest City IT,SCENARIO_INPUT + TRANSFERRED_MODEL_OUTPUT
2012-08-30 00:00:00+00:00,24.15,22.009195763194,30.758868185243156,19.48945560740139,50.24832379264454,0.03573116223159556,SCENARIO: ESIF training-window mean IT; not Forest City IT,SCENARIO_INPUT + TRANSFERRED_MODEL_OUTPUT
2012-08-30 01:00:00+00:00,22.2,21.07189992355398,30.08870447495622,19.48945560740139,49.57816008235761,0.035254614429666785,SCENARIO: ESIF training-window mean IT; not Forest City IT,SCENARIO_INPUT + TRANSFERRED_MODEL_OUTPUT
2012-08-30 02:00:00+00:00,22.2,21.07189992355398,30.08870447495622,19.48945560740139,49.57816008235761,0.035254614429666785,SCENARIO: ESIF training-window mean IT; not Forest City IT,SCENARIO_INPUT + TRANSFERRED_MODEL_OUTPUT
2012-08-30 03:00:00+00:00,22.2,21.07189992355398,30.08870447495622,19.48945560740139,49.57816008235761,0.035254614429666785,SCENARIO: ESIF training-window mean IT; not Forest City IT,SCENARIO_INPUT + TRANSFERRED_MODEL_OUTPUT
2012-08-30 04:00:00+00:00,22.2,21.07189992355398,30.08870447495622,19.48945560740139,49.57816008235761,0.035254614429666785,SCENARIO: ESIF training-window mean IT; not Forest City IT,SCENARIO_INPUT + TRANSFERRED_MODEL_OUTPUT
2012-08-30 05:00:00+00:00,21.7,20.513093264344644,29.24897663609775,19.48945560740139,48.73843224349914,0.034657490995968654,SCENARIO: ESIF training-window mean IT; not Forest City IT,SCENARIO_INPUT + TRANSFERRED_MODEL_OUTPUT
2012-08-30 06:00:00+00:00,21.880000000000003,20.923131357131442,29.993701918635004,19.48945560740139,49.48315752603639,0.035187058907489806,SCENARIO: ESIF training-window mean IT; not Forest City IT,SCENARIO_INPUT + TRANSFERRED_MODEL_OUTPUT
2012-08-30 07:00:00+00:00,21.85,21.108667201656843,30.412219192573282,19.48945560740139,49.90167479997467,0.03548466303600808,SCENARIO: ESIF training-window mean IT; not Forest City IT,SCENARIO_INPUT + TRANSFERRED_MODEL_OUTPUT
2012-08-30 08:00:00+00:00,21.7,20.92553055194234,30.1244129252866,19.48945560740139,49.61386853268799,0.03528000640964722,SCENARIO: ESIF training-window mean IT; not Forest City IT,SCENARIO_INPUT + TRANSFERRED_MODEL_OUTPUT
2012-08-30 09:00:00+00:00,21.7,21.099670073447808,30.497529912760122,19.48945560740139,49.98698552016151,0.03554532677467664,SCENARIO: ESIF training-window mean IT; not Forest City IT,SCENARIO_INPUT + TRANSFERRED_MODEL_OUTPUT
2012-08-30 10:00:00+00:00,21.7,20.92553055194234,30.1244129252866,19.48945560740139,49.61386853268799,0.03528000640964722,SCENARIO: ESIF training-window mean IT; not Forest City IT,SCENARIO_INPUT + TRANSFERRED_MODEL_OUTPUT
2012-08-30 11:00:00+00:00,21.7,21.275059610992322,30.875419620522845,19.48945560740139,50.36487522792423,0.03581404098113334,SCENARIO: ESIF training-window mean IT; not Forest City IT,SCENARIO_INPUT + TRANSFERRED_MODEL_OUTPUT
2012-08-30 12:00:00+00:00,22.25,21.43409779435516,30.83573416253507,19.48945560740139,50.32518976993646,0.03578582098431419,SCENARIO: ESIF training-window mean IT; not Forest City IT,SCENARIO_INPUT + TRANSFERRED_MODEL_OUTPUT
2012-08-30 13:00:00+00:00,23.9,22.32145466473481,31.629306256106233,19.48945560740139,51.11876186350762,0.03635012345408152,SCENARIO: ESIF training-window mean IT; not Forest City IT,SCENARIO_INPUT + TRANSFERRED_MODEL_OUTPUT
2012-08-30 14:00:00+00:00,25.0,22.627166990636507,31.535027031218462,19.48945560740139,51.02448263861985,0.03628308228682915,SCENARIO: ESIF training-window mean IT; not Forest City IT,SCENARIO_INPUT + TRANSFERRED_MODEL_OUTPUT
2012-08-30 15:00:00+00:00,25.7,23.00264110773903,31.886840944717296,19.48945560740139,51.37629655211869,0.036533254214363174,SCENARIO: ESIF training-window mean IT; not Forest City IT,SCENARIO_INPUT + TRANSFERRED_MODEL_OUTPUT
2012-08-30 16:00:00+00:00,26.7,23.43222733317778,32.155654131704644,19.48945560740139,51.64510973910603,0.03672440502038554,SCENARIO: ESIF training-window mean IT; not Forest City IT,SCENARIO_INPUT + TRANSFERRED_MODEL_OUTPUT
2012-08-30 17:00:00+00:00,27.8,23.724224984302822,32.039614515975025,19.48945560740139,51.529070123376414,0.03664189022144346,SCENARIO: ESIF training-window mean IT; not Forest City IT,SCENARIO_INPUT + TRANSFERRED_MODEL_OUTPUT
2012-08-30 18:00:00+00:00,27.333333333333332,23.55518031724253,31.98406453492598,19.48945560740139,51.473520142327374,0.03660238909513691,SCENARIO: ESIF training-window mean IT; not Forest City IT,SCENARIO_INPUT + TRANSFERRED_MODEL_OUTPUT
2012-08-30 19:00:00+00:00,27.066666666666666,23.438797901992782,31.90709834309014,19.48945560740139,51.39655395049153,0.03654765908069537,SCENARIO: ESIF training-window mean IT; not Forest City IT,SCENARIO_INPUT + TRANSFERRED_MODEL_OUTPUT
2012-08-30 20:00:00+00:00,27.8,24.133286702835797,32.99759160708825,19.48945560740139,52.48704721448964,0.03732309970811153,SCENARIO: ESIF training-window mean IT; not Forest City IT,SCENARIO_INPUT + TRANSFERRED_MODEL_OUTPUT
2012-08-31 12:00:00+00:00,24.200000000000003,22.967881145142464,32.87427147025007,19.48945560740139,52.36372707765146,0.03723540779158172,SCENARIO: ESIF training-window mean IT; not Forest City IT,SCENARIO_INPUT + TRANSFERRED_MODEL_OUTPUT
2012-08-31 13:00:00+00:00,27.8,23.391751828743217,31.26942219455387,19.48945560740139,50.75887780195526,0.03609421291185214,SCENARIO: ESIF training-window mean IT; not Forest City IT,SCENARIO_INPUT + TRANSFERRED_MODEL_OUTPUT
2012-08-31 14:00:00+00:00,28.9,23.292530834528385,30.243043696696745,19.48945560740139,49.732499304098134,0.03536436375769344,SCENARIO: ESIF training-window mean IT; not Forest City IT,SCENARIO_INPUT + TRANSFERRED_MODEL_OUTPUT
2012-08-31 15:00:00+00:00,29.15,23.55365409080104,30.66346773000754,19.48945560740139,50.15292333740893,0.035663323766832865,SCENARIO: ESIF training-window mean IT; not Forest City IT,SCENARIO_INPUT + TRANSFERRED_MODEL_OUTPUT
2012-08-31 16:00:00+00:00,30.6,23.743725099753654,30.043703573446457,19.48945560740139,49.533159180847846,0.03522261466547467,SCENARIO: ESIF training-window mean IT; not Forest City IT,SCENARIO_INPUT + TRANSFERRED_MODEL_OUTPUT
2012-08-31 17:00:00+00:00,30.6,23.74256513276127,30.041001770920182,19.48945560740139,49.53045737832157,0.03522069343632517,SCENARIO: ESIF training-window mean IT; not Forest City IT,SCENARIO_INPUT + TRANSFERRED_MODEL_OUTPUT
2012-08-31 18:00:00+00:00,31.400000000000002,23.952075750191888,29.941160681585963,19.48945560740139,49.43061628898735,0.03514969727384417,SCENARIO: ESIF training-window mean IT; not Forest City IT,SCENARIO_INPUT + TRANSFERRED_MODEL_OUTPUT
2012-08-31 19:00:00+00:00,32.2,23.845845137720175,29.100563214923092,19.48945560740139,48.59001882232448,0.034551955455097254,SCENARIO: ESIF training-window mean IT; not Forest City IT,SCENARIO_INPUT + TRANSFERRED_MODEL_OUTPUT
2012-08-31 20:00:00+00:00,31.7,23.71369168991853,29.16275805577935,19.48945560740139,48.65221366318074,0.034596181685563644,SCENARIO: ESIF training-window mean IT; not Forest City IT,SCENARIO_INPUT + TRANSFERRED_MODEL_OUTPUT
2012-08-31 21:00:00+00:00,30.85,23.836198259329535,30.075514973180113,19.48945560740139,49.5649705805815,0.035245235485412627,SCENARIO: ESIF training-window mean IT; not Forest City IT,SCENARIO_INPUT + TRANSFERRED_MODEL_OUTPUT
2012-08-31 22:00:00+00:00,30.0,24.29733846341552,31.78389378760818,19.48945560740139,51.27334939500957,0.0364600493531,SCENARIO: ESIF training-window mean IT; not Forest City IT,SCENARIO_INPUT + TRANSFERRED_MODEL_OUTPUT
2012-08-31 23:00:00+00:00,28.3,23.520576792318202,31.20486741298849,19.48945560740139,50.69432302038988,0.036048308547311426,SCENARIO: ESIF training-window mean IT; not Forest City IT,SCENARIO_INPUT + TRANSFERRED_MODEL_OUTPUT
