site_code,station_state_well_number,station_wcr_number,match_status,matched_wcr_number,match_rationale,canonical_latitude,canonical_longitude,canonical_coordinate_source,wcr_latitude_supplementary_only,wcr_longitude_supplementary_only,wcr_coordinate_method,wcr_coordinate_accuracy,wcr_coordinates_used_as_canonical,authoritative_layer_assignment,layer_assignment_note
336555N1176965W001,06S08W15A000S,277337,EXACT_ID,WCR1989-019687,DWR periodic station WCR number equals the DWR WCR legacy-log identifier.,33.65549,-117.69647,DWR periodic station table,33.65046,-117.70262,Derived from TRS,Centroid of Section,False,,No Shallow/Principal/Deep assignment from invented depth thresholds; authoritative OCWD/model metadata required.
336557N1179512W001,06S10W17D001S,,AMBIGUOUS,,State-well-number crosswalk returns multiple WCR candidates or duplicate master rows.,33.6557,-117.9512,DWR periodic station table,,,,,False,,No Shallow/Principal/Deep assignment from invented depth thresholds; authoritative OCWD/model metadata required.
336607N1179623W001,06S10W07K000S,,NO_MATCH,,No exact WCR number or unique state-well-number crosswalk.,33.6607,-117.9623,DWR periodic station table,,,,,False,,No Shallow/Principal/Deep assignment from invented depth thresholds; authoritative OCWD/model metadata required.
336607N1179623W002,06S10W07K008S,,HIGH_CONFIDENCE_METADATA_MATCH,WCR2020-005041,Unique DWR state-well-number crosswalk links the station to one WCR master row.,33.6607,-117.9623,DWR periodic station table,33.6606833,-117.962275,Other,>50 Ft,False,,No Shallow/Principal/Deep assignment from invented depth thresholds; authoritative OCWD/model metadata required.
336621N1178781W001,06S10W12L001S,,HIGH_CONFIDENCE_METADATA_MATCH,WCR1976-006297,Unique DWR state-well-number crosswalk links the station to one WCR master row.,33.6621,-117.8781,DWR periodic station table,33.66516,-117.87659,Derived from TRS,Centroid of Section,False,,No Shallow/Principal/Deep assignment from invented depth thresholds; authoritative OCWD/model metadata required.
336630N1178381W001,06S09W08L001S,,NO_MATCH,,No exact WCR number or unique state-well-number crosswalk.,33.663,-117.8381,DWR periodic station table,,,,,False,,No Shallow/Principal/Deep assignment from invented depth thresholds; authoritative OCWD/model metadata required.
336632N1178523W001,06S09W07J001S,,HIGH_CONFIDENCE_METADATA_MATCH,WCR1977-010868,Unique DWR state-well-number crosswalk links the station to one WCR master row.,33.6632,-117.8523,DWR periodic station table,33.66514,-117.85792,Derived from TRS,Centroid of Section,False,,No Shallow/Principal/Deep assignment from invented depth thresholds; authoritative OCWD/model metadata required.
336636N1176672W001,06S08W12L002S,477472,AMBIGUOUS,,Exact legacy-log identifier returns duplicate WCR master rows.,33.66356,-117.66722,DWR periodic station table,,,,,False,,No Shallow/Principal/Deep assignment from invented depth thresholds; authoritative OCWD/model metadata required.
336642N1177443W001,06S08W08M001S,,AMBIGUOUS,,State-well-number crosswalk returns multiple WCR candidates or duplicate master rows.,33.6642,-117.7443,DWR periodic station table,,,,,False,,No Shallow/Principal/Deep assignment from invented depth thresholds; authoritative OCWD/model metadata required.
336647N1179672W001,06S10W07M006S,,HIGH_CONFIDENCE_METADATA_MATCH,WCR1967-001853,Unique DWR state-well-number crosswalk links the station to one WCR master row.,33.6647,-117.9672,DWR periodic station table,33.66517,-117.96233,Derived from TRS,Centroid of Section,False,,No Shallow/Principal/Deep assignment from invented depth thresholds; authoritative OCWD/model metadata required.
336659N1177597W001,06S08W07E002S,,AMBIGUOUS,,State-well-number crosswalk returns multiple WCR candidates or duplicate master rows.,33.6659,-117.7597,DWR periodic station table,,,,,False,,No Shallow/Principal/Deep assignment from invented depth thresholds; authoritative OCWD/model metadata required.
336669N1177464W001,06S08W08E001S,,HIGH_CONFIDENCE_METADATA_MATCH,WCR1993-012392,Unique DWR state-well-number crosswalk links the station to one WCR master row.,33.6669,-117.7464,DWR periodic station table,33.66499,-117.73773,Derived from TRS,Centroid of Section,False,,No Shallow/Principal/Deep assignment from invented depth thresholds; authoritative OCWD/model metadata required.
336672N1178329W001,06S09W09E001S,,NO_MATCH,,No exact WCR number or unique state-well-number crosswalk.,33.6672,-117.8329,DWR periodic station table,,,,,False,,No Shallow/Principal/Deep assignment from invented depth thresholds; authoritative OCWD/model metadata required.
336672N1179322W001,06S10W09E003S,,HIGH_CONFIDENCE_METADATA_MATCH,WCR1966-002286,Unique DWR state-well-number crosswalk links the station to one WCR master row.,33.6672,-117.9322,DWR periodic station table,33.66518,-117.92791,Derived from TRS,Centroid of Section,False,,No Shallow/Principal/Deep assignment from invented depth thresholds; authoritative OCWD/model metadata required.
336674N1178918W001,06S10W11G003S,,HIGH_CONFIDENCE_METADATA_MATCH,WCR1962-001822,Unique DWR state-well-number crosswalk links the station to one WCR master row.,33.6674,-117.8918,DWR periodic station table,33.66518,-117.89362,Derived from TRS,Centroid of Section,False,,No Shallow/Principal/Deep assignment from invented depth thresholds; authoritative OCWD/model metadata required.
336678N1177626W001,06S08W07E001S,,HIGH_CONFIDENCE_METADATA_MATCH,WCR2000-012731,Unique DWR state-well-number crosswalk links the station to one WCR master row.,33.6678,-117.7626,DWR periodic station table,33.66501,-117.75488,Derived from TRS,Centroid of Section,False,,No Shallow/Principal/Deep assignment from invented depth thresholds; authoritative OCWD/model metadata required.
336684N1177654W001,06S09W12H001S,,HIGH_CONFIDENCE_METADATA_MATCH,WCR1993-012393,Unique DWR state-well-number crosswalk links the station to one WCR master row.,33.6684,-117.7654,DWR periodic station table,33.66505,-117.77181,Derived from TRS,Centroid of Section,False,,No Shallow/Principal/Deep assignment from invented depth thresholds; authoritative OCWD/model metadata required.
336689N1178912W001,06S10W11G001S,,AMBIGUOUS,,State-well-number crosswalk returns multiple WCR candidates or duplicate master rows.,33.6689,-117.8912,DWR periodic station table,,,,,False,,No Shallow/Principal/Deep assignment from invented depth thresholds; authoritative OCWD/model metadata required.
336716N1177529W001,06S08W07B001S,255941,AMBIGUOUS,,Exact legacy-log identifier returns duplicate WCR master rows.,33.67156,-117.75286,DWR periodic station table,,,,,False,,No Shallow/Principal/Deep assignment from invented depth thresholds; authoritative OCWD/model metadata required.
336716N1177529W002,,255941,AMBIGUOUS,,Exact legacy-log identifier returns duplicate WCR master rows.,33.67156,-117.75286,DWR periodic station table,,,,,False,,No Shallow/Principal/Deep assignment from invented depth thresholds; authoritative OCWD/model metadata required.
336722N1179694W001,06S10W07D006S,,AMBIGUOUS,,State-well-number crosswalk returns multiple WCR candidates or duplicate master rows.,33.6722,-117.9694,DWR periodic station table,,,,,False,,No Shallow/Principal/Deep assignment from invented depth thresholds; authoritative OCWD/model metadata required.
336724N1179746W001,06S11W01R000S,,NO_MATCH,,No exact WCR number or unique state-well-number crosswalk.,33.6724,-117.9746,DWR periodic station table,,,,,False,,No Shallow/Principal/Deep assignment from invented depth thresholds; authoritative OCWD/model metadata required.
336724N1179746W002,06S11W01R003S,,NO_MATCH,,No exact WCR number or unique state-well-number crosswalk.,33.6724,-117.9746,DWR periodic station table,,,,,False,,No Shallow/Principal/Deep assignment from invented depth thresholds; authoritative OCWD/model metadata required.
336725N1179790W001,06S11W01Q003S,,NO_MATCH,,No exact WCR number or unique state-well-number crosswalk.,33.6725,-117.979,DWR periodic station table,,,,,False,,No Shallow/Principal/Deep assignment from invented depth thresholds; authoritative OCWD/model metadata required.
336725N1179838W001,06S11W01N003S,,NO_MATCH,,No exact WCR number or unique state-well-number crosswalk.,33.6725,-117.9838,DWR periodic station table,,,,,False,,No Shallow/Principal/Deep assignment from invented depth thresholds; authoritative OCWD/model metadata required.
336726N1177521W001,06S08W06Q001S,,HIGH_CONFIDENCE_METADATA_MATCH,WCR1992-015061,Unique DWR state-well-number crosswalk links the station to one WCR master row.,33.6726,-117.7521,DWR periodic station table,33.67941,-117.75487,Derived from TRS,Centroid of Section,False,,No Shallow/Principal/Deep assignment from invented depth thresholds; authoritative OCWD/model metadata required.
336726N1178014W001,06S09W03Q001S,,HIGH_CONFIDENCE_METADATA_MATCH,WCR1978-009044,Unique DWR state-well-number crosswalk links the station to one WCR master row.,33.6726,-117.8014,DWR periodic station table,33.67951,-117.80563,Derived from TRS,Centroid of Section,False,,No Shallow/Principal/Deep assignment from invented depth thresholds; authoritative OCWD/model metadata required.
336728N1177424W001,06S08W05P001S,,AMBIGUOUS,,State-well-number crosswalk returns multiple WCR candidates or duplicate master rows.,33.6728,-117.7424,DWR periodic station table,,,,,False,,No Shallow/Principal/Deep assignment from invented depth thresholds; authoritative OCWD/model metadata required.
336728N1179268W001,06S10W04Q002S,,NO_MATCH,,No exact WCR number or unique state-well-number crosswalk.,33.6728,-117.9268,DWR periodic station table,,,,,False,,No Shallow/Principal/Deep assignment from invented depth thresholds; authoritative OCWD/model metadata required.
336734N1177736W001,06S09W01P002S,,HIGH_CONFIDENCE_METADATA_MATCH,WCR1776-009384,Unique DWR state-well-number crosswalk links the station to one WCR master row.,33.6734,-117.7736,DWR periodic station table,33.67948,-117.77171,Derived from TRS,Centroid of Section,False,,No Shallow/Principal/Deep assignment from invented depth thresholds; authoritative OCWD/model metadata required.
336742N1178590W001,06S09W06Q003S,,NO_MATCH,,No exact WCR number or unique state-well-number crosswalk.,33.67426,-117.85908,DWR periodic station table,,,,,False,,No Shallow/Principal/Deep assignment from invented depth thresholds; authoritative OCWD/model metadata required.
336746N1177574W001,06S08W06P001S,,AMBIGUOUS,,State-well-number crosswalk returns multiple WCR candidates or duplicate master rows.,33.6746,-117.7574,DWR periodic station table,,,,,False,,No Shallow/Principal/Deep assignment from invented depth thresholds; authoritative OCWD/model metadata required.
336749N1177991W001,06S09W03R001S,,NO_MATCH,,No exact WCR number or unique state-well-number crosswalk.,33.6749,-117.7991,DWR periodic station table,,,,,False,,No Shallow/Principal/Deep assignment from invented depth thresholds; authoritative OCWD/model metadata required.
336749N1179628W001,06S10W06P005S,,NO_MATCH,,No exact WCR number or unique state-well-number crosswalk.,33.6749,-117.96275,DWR periodic station table,,,,,False,,No Shallow/Principal/Deep assignment from invented depth thresholds; authoritative OCWD/model metadata required.
336753N1177488W001,06S08W06R001S,,HIGH_CONFIDENCE_METADATA_MATCH,WCR1992-015062,Unique DWR state-well-number crosswalk links the station to one WCR master row.,33.6753,-117.7488,DWR periodic station table,33.67941,-117.75487,Derived from TRS,Centroid of Section,False,,No Shallow/Principal/Deep assignment from invented depth thresholds; authoritative OCWD/model metadata required.
336763N1177475W001,06S08W06J000S,,NO_MATCH,,No exact WCR number or unique state-well-number crosswalk.,33.6763,-117.7475,DWR periodic station table,,,,,False,,No Shallow/Principal/Deep assignment from invented depth thresholds; authoritative OCWD/model metadata required.
336763N1177475W002,06S08W06R000S,,NO_MATCH,,No exact WCR number or unique state-well-number crosswalk.,33.6763,-117.7475,DWR periodic station table,,,,,False,,No Shallow/Principal/Deep assignment from invented depth thresholds; authoritative OCWD/model metadata required.
336763N1177475W003,06S08W06J003S,,NO_MATCH,,No exact WCR number or unique state-well-number crosswalk.,33.6763,-117.7475,DWR periodic station table,,,,,False,,No Shallow/Principal/Deep assignment from invented depth thresholds; authoritative OCWD/model metadata required.
336763N1177475W004,06S08W06R005S,,NO_MATCH,,No exact WCR number or unique state-well-number crosswalk.,33.6763,-117.7475,DWR periodic station table,,,,,False,,No Shallow/Principal/Deep assignment from invented depth thresholds; authoritative OCWD/model metadata required.
336764N1177748W001,06S09W01L001S,,AMBIGUOUS,,State-well-number crosswalk returns multiple WCR candidates or duplicate master rows.,33.6764,-117.7748,DWR periodic station table,,,,,False,,No Shallow/Principal/Deep assignment from invented depth thresholds; authoritative OCWD/model metadata required.
336781N1178263W001,06S09W04L001S,"41833,35",AMBIGUOUS,,State-well-number crosswalk returns multiple WCR candidates or duplicate master rows.,33.67814,-117.8263,DWR periodic station table,,,,,False,,No Shallow/Principal/Deep assignment from invented depth thresholds; authoritative OCWD/model metadata required.
336783N1179755W001,06S11W01J007S,e0176648,AMBIGUOUS,,Exact legacy-log identifier returns duplicate WCR master rows.,33.67834,-117.97551,DWR periodic station table,,,,,False,,No Shallow/Principal/Deep assignment from invented depth thresholds; authoritative OCWD/model metadata required.
336792N1177457W001,06S08W05M002S,,AMBIGUOUS,,State-well-number crosswalk returns multiple WCR candidates or duplicate master rows.,33.6792,-117.7457,DWR periodic station table,,,,,False,,No Shallow/Principal/Deep assignment from invented depth thresholds; authoritative OCWD/model metadata required.
336793N1178807W001,06S10W01L001S,,AMBIGUOUS,,State-well-number crosswalk returns multiple WCR candidates or duplicate master rows.,33.6793,-117.8807,DWR periodic station table,,,,,False,,No Shallow/Principal/Deep assignment from invented depth thresholds; authoritative OCWD/model metadata required.
336794N1177779W001,,289280,EXACT_ID,WCR1989-019151,DWR periodic station WCR number equals the DWR WCR legacy-log identifier.,33.67948,-117.77796,DWR periodic station table,33.67948,-117.77171,Derived from TRS,Centroid of Section,False,,No Shallow/Principal/Deep assignment from invented depth thresholds; authoritative OCWD/model metadata required.
336795N1177521W001,06S08W06J001S,,AMBIGUOUS,,State-well-number crosswalk returns multiple WCR candidates or duplicate master rows.,33.6795,-117.7521,DWR periodic station table,,,,,False,,No Shallow/Principal/Deep assignment from invented depth thresholds; authoritative OCWD/model metadata required.
336795N1177780W001,06S09W01M002S,,HIGH_CONFIDENCE_METADATA_MATCH,WCR1989-019151,Unique DWR state-well-number crosswalk links the station to one WCR master row.,33.6795,-117.778,DWR periodic station table,33.67948,-117.77171,Derived from TRS,Centroid of Section,False,,No Shallow/Principal/Deep assignment from invented depth thresholds; authoritative OCWD/model metadata required.
336798N1177876W001,06S09W02G001S,255942,EXACT_ID,WCR1989-019111,DWR periodic station WCR number equals the DWR WCR legacy-log identifier.,33.67977,-117.78763,DWR periodic station table,33.67947,-117.7891,Derived from TRS,Centroid of Section,False,,No Shallow/Principal/Deep assignment from invented depth thresholds; authoritative OCWD/model metadata required.
336798N1177876W002,,255942,EXACT_ID,WCR1989-019111,DWR periodic station WCR number equals the DWR WCR legacy-log identifier.,33.67977,-117.78763,DWR periodic station table,33.67947,-117.7891,Derived from TRS,Centroid of Section,False,,No Shallow/Principal/Deep assignment from invented depth thresholds; authoritative OCWD/model metadata required.
336803N1178948W001,06S10W02G001S,,NO_MATCH,,No exact WCR number or unique state-well-number crosswalk.,33.6803,-117.8948,DWR periodic station table,,,,,False,,No Shallow/Principal/Deep assignment from invented depth thresholds; authoritative OCWD/model metadata required.
336813N1177975W001,06S09W02E001S,,HIGH_CONFIDENCE_METADATA_MATCH,WCR1976-006296,Unique DWR state-well-number crosswalk links the station to one WCR master row.,33.6813,-117.7975,DWR periodic station table,33.67947,-117.7891,Derived from TRS,Centroid of Section,False,,No Shallow/Principal/Deep assignment from invented depth thresholds; authoritative OCWD/model metadata required.
336818N1178840W001,06S10W01E002S,,AMBIGUOUS,,State-well-number crosswalk returns multiple WCR candidates or duplicate master rows.,33.6818,-117.884,DWR periodic station table,,,,,False,,No Shallow/Principal/Deep assignment from invented depth thresholds; authoritative OCWD/model metadata required.
336824N1177430W001,06S08W05E002S,,AMBIGUOUS,,State-well-number crosswalk returns multiple WCR candidates or duplicate master rows.,33.6824,-117.743,DWR periodic station table,,,,,False,,No Shallow/Principal/Deep assignment from invented depth thresholds; authoritative OCWD/model metadata required.
336831N1179773W001,06S11W01G001S,349222,EXACT_ID,WCR1991-019997,DWR periodic station WCR number equals the DWR WCR legacy-log identifier.,33.68309,-117.97729,DWR periodic station table,33.67966,-117.9799,Derived from TRS,Centroid of Section,False,,No Shallow/Principal/Deep assignment from invented depth thresholds; authoritative OCWD/model metadata required.
336843N1177859W001,06S09W02A004S,,AMBIGUOUS,,State-well-number crosswalk returns multiple WCR candidates or duplicate master rows.,33.6843,-117.7859,DWR periodic station table,,,,,False,,No Shallow/Principal/Deep assignment from invented depth thresholds; authoritative OCWD/model metadata required.
336848N1177670W001,06S09W01B001S,,HIGH_CONFIDENCE_METADATA_MATCH,WCR2003-016144,Unique DWR state-well-number crosswalk links the station to one WCR master row.,33.6848,-117.767,DWR periodic station table,33.67948,-117.77171,Derived from TRS,Centroid of Section,False,,No Shallow/Principal/Deep assignment from invented depth thresholds; authoritative OCWD/model metadata required.
336848N1179242W001,06S10W04B002S,,NO_MATCH,,No exact WCR number or unique state-well-number crosswalk.,33.6848,-117.9242,DWR periodic station table,,,,,False,,No Shallow/Principal/Deep assignment from invented depth thresholds; authoritative OCWD/model metadata required.
336853N1177671W001,06S09W01A001S,,HIGH_CONFIDENCE_METADATA_MATCH,WCR1983-006790,Unique DWR state-well-number crosswalk links the station to one WCR master row.,33.6853,-117.7671,DWR periodic station table,33.67948,-117.77171,Derived from TRS,Centroid of Section,False,,No Shallow/Principal/Deep assignment from invented depth thresholds; authoritative OCWD/model metadata required.
336853N1179432W001,06S10W05B003S,,HIGH_CONFIDENCE_METADATA_MATCH,WCR1956-001804,Unique DWR state-well-number crosswalk links the station to one WCR master row.,33.6853,-117.9432,DWR periodic station table,33.67965,-117.94523,Derived from TRS,Centroid of Section,False,,No Shallow/Principal/Deep assignment from invented depth thresholds; authoritative OCWD/model metadata required.
336856N1179333W001,06S10W04D002S,,HIGH_CONFIDENCE_METADATA_MATCH,WCR1958-001434,Unique DWR state-well-number crosswalk links the station to one WCR master row.,33.6856,-117.9333,DWR periodic station table,33.67964,-117.92806,Derived from TRS,Centroid of Section,False,,No Shallow/Principal/Deep assignment from invented depth thresholds; authoritative OCWD/model metadata required.
336863N1177952W001,06S09W02D001S,,AMBIGUOUS,,State-well-number crosswalk returns multiple WCR candidates or duplicate master rows.,33.6863,-117.7952,DWR periodic station table,,,,,False,,No Shallow/Principal/Deep assignment from invented depth thresholds; authoritative OCWD/model metadata required.
336866N1179732W001,06S11W01A003S,,HIGH_CONFIDENCE_METADATA_MATCH,WCR1960-001882,Unique DWR state-well-number crosswalk links the station to one WCR master row.,33.6866,-117.9732,DWR periodic station table,33.67966,-117.9799,Derived from TRS,Centroid of Section,False,,No Shallow/Principal/Deep assignment from invented depth thresholds; authoritative OCWD/model metadata required.
336867N1179439W001,06S10W05B005S,,NO_MATCH,,No exact WCR number or unique state-well-number crosswalk.,33.6867,-117.9439,DWR periodic station table,,,,,False,,No Shallow/Principal/Deep assignment from invented depth thresholds; authoritative OCWD/model metadata required.
336868N1179445W001,06S10W05B004S,,HIGH_CONFIDENCE_METADATA_MATCH,WCR1776-009418,Unique DWR state-well-number crosswalk links the station to one WCR master row.,33.6868,-117.9445,DWR periodic station table,33.67965,-117.94523,Derived from TRS,Centroid of Section,False,,No Shallow/Principal/Deep assignment from invented depth thresholds; authoritative OCWD/model metadata required.
336870N1178340W001,05S09W33R001S,,NO_MATCH,,No exact WCR number or unique state-well-number crosswalk.,33.687,-117.834,DWR periodic station table,,,,,False,,No Shallow/Principal/Deep assignment from invented depth thresholds; authoritative OCWD/model metadata required.
336870N1179436W001,06S10W05B001S,,AMBIGUOUS,,State-well-number crosswalk returns multiple WCR candidates or duplicate master rows.,33.687,-117.9436,DWR periodic station table,,,,,False,,No Shallow/Principal/Deep assignment from invented depth thresholds; authoritative OCWD/model metadata required.
336871N1179477W001,05S10W32P002S,,NO_MATCH,,No exact WCR number or unique state-well-number crosswalk.,33.6871,-117.9477,DWR periodic station table,,,,,False,,No Shallow/Principal/Deep assignment from invented depth thresholds; authoritative OCWD/model metadata required.
336872N1179265W001,05S10W33Q001S,,NO_MATCH,,No exact WCR number or unique state-well-number crosswalk.,33.6872,-117.9265,DWR periodic station table,,,,,False,,No Shallow/Principal/Deep assignment from invented depth thresholds; authoritative OCWD/model metadata required.
336875N1179148W001,05S10W34P001S,349218219,HIGH_CONFIDENCE_METADATA_MATCH,WCR1991-020472,Unique DWR state-well-number crosswalk links the station to one WCR master row.,33.6875,-117.91483,DWR periodic station table,33.69458,-117.91079,Derived from TRS,Centroid of Section,False,,No Shallow/Principal/Deep assignment from invented depth thresholds; authoritative OCWD/model metadata required.
336880N1178460W001,05S09W32P001S,,HIGH_CONFIDENCE_METADATA_MATCH,WCR1977-011111,Unique DWR state-well-number crosswalk links the station to one WCR master row.,33.688,-117.846,DWR periodic station table,33.69478,-117.83951,Derived from TRS,Centroid of Section,False,,No Shallow/Principal/Deep assignment from invented depth thresholds; authoritative OCWD/model metadata required.
336884N1178051W001,05S09W34Q001S,,AMBIGUOUS,,State-well-number crosswalk returns multiple WCR candidates or duplicate master rows.,33.6884,-117.8051,DWR periodic station table,,,,,False,,No Shallow/Principal/Deep assignment from invented depth thresholds; authoritative OCWD/model metadata required.
336886N1178041W001,05S09W34Q002S,,NO_MATCH,,No exact WCR number or unique state-well-number crosswalk.,33.6886,-117.8041,DWR periodic station table,,,,,False,,No Shallow/Principal/Deep assignment from invented depth thresholds; authoritative OCWD/model metadata required.
336888N1179433W001,05S10W32Q001S,,HIGH_CONFIDENCE_METADATA_MATCH,WCR1955-002211,Unique DWR state-well-number crosswalk links the station to one WCR master row.,33.6888,-117.9433,DWR periodic station table,33.69438,-117.94539,Derived from TRS,Centroid of Section,False,,No Shallow/Principal/Deep assignment from invented depth thresholds; authoritative OCWD/model metadata required.
336898N1177688W001,05S09W36Q001S,,AMBIGUOUS,,State-well-number crosswalk returns multiple WCR candidates or duplicate master rows.,33.6898,-117.7688,DWR periodic station table,,,,,False,,No Shallow/Principal/Deep assignment from invented depth thresholds; authoritative OCWD/model metadata required.
336906N1179435W001,05S10W32Q002S,,HIGH_CONFIDENCE_METADATA_MATCH,WCR1973-003567,Unique DWR state-well-number crosswalk links the station to one WCR master row.,33.6906,-117.9435,DWR periodic station table,33.69438,-117.94539,Derived from TRS,Centroid of Section,False,,No Shallow/Principal/Deep assignment from invented depth thresholds; authoritative OCWD/model metadata required.
336914N1177833W001,05S09W35J001S,,NO_MATCH,,No exact WCR number or unique state-well-number crosswalk.,33.6914,-117.7833,DWR periodic station table,,,,,False,,No Shallow/Principal/Deep assignment from invented depth thresholds; authoritative OCWD/model metadata required.
336917N1177557W001,05S08W31K001S,,AMBIGUOUS,,State-well-number crosswalk returns multiple WCR candidates or duplicate master rows.,33.6917,-117.7557,DWR periodic station table,,,,,False,,No Shallow/Principal/Deep assignment from invented depth thresholds; authoritative OCWD/model metadata required.
336923N1178449W001,05S09W32L001S,,AMBIGUOUS,,State-well-number crosswalk returns multiple WCR candidates or duplicate master rows.,33.6923,-117.8449,DWR periodic station table,,,,,False,,No Shallow/Principal/Deep assignment from invented depth thresholds; authoritative OCWD/model metadata required.
336925N1177687W001,05S09W36K001S,,AMBIGUOUS,,State-well-number crosswalk returns multiple WCR candidates or duplicate master rows.,33.6925,-117.7687,DWR periodic station table,,,,,False,,No Shallow/Principal/Deep assignment from invented depth thresholds; authoritative OCWD/model metadata required.
336928N1177446W001,05S08W32L001S,,AMBIGUOUS,,State-well-number crosswalk returns multiple WCR candidates or duplicate master rows.,33.6928,-117.7446,DWR periodic station table,,,,,False,,No Shallow/Principal/Deep assignment from invented depth thresholds; authoritative OCWD/model metadata required.
336939N1178685W001,05S09W31M002S,,NO_MATCH,,No exact WCR number or unique state-well-number crosswalk.,33.6939,-117.8685,DWR periodic station table,,,,,False,,No Shallow/Principal/Deep assignment from invented depth thresholds; authoritative OCWD/model metadata required.
336941N1179435W001,05S10W32K003S,,HIGH_CONFIDENCE_METADATA_MATCH,WCR1967-001841,Unique DWR state-well-number crosswalk links the station to one WCR master row.,33.6941,-117.9435,DWR periodic station table,33.69438,-117.94539,Derived from TRS,Centroid of Section,False,,No Shallow/Principal/Deep assignment from invented depth thresholds; authoritative OCWD/model metadata required.
336944N1177984W001,,159200,EXACT_ID,WCR1986-011748,DWR periodic station WCR number equals the DWR WCR legacy-log identifier.,33.69442,-117.79846,DWR periodic station table,33.69457,-117.80555,Derived from TRS,Centroid of Section,False,,No Shallow/Principal/Deep assignment from invented depth thresholds; authoritative OCWD/model metadata required.
336944N1177985W001,05S09W34J003S,,HIGH_CONFIDENCE_METADATA_MATCH,WCR1986-011748,Unique DWR state-well-number crosswalk links the station to one WCR master row.,33.6944,-117.7985,DWR periodic station table,33.69457,-117.80555,Derived from TRS,Centroid of Section,False,,No Shallow/Principal/Deep assignment from invented depth thresholds; authoritative OCWD/model metadata required.
336961N1177560W001,05S08W31F001S,758484,EXACT_ID,WCR2004-013038,DWR periodic station WCR number equals the DWR WCR legacy-log identifier.,33.69612,-117.75607,DWR periodic station table,33.69428,-117.75495,Derived from TRS,Centroid of Section,False,,No Shallow/Principal/Deep assignment from invented depth thresholds; authoritative OCWD/model metadata required.
336962N1178987W001,05S10W35E001S,,HIGH_CONFIDENCE_METADATA_MATCH,WCR1972-003182,Unique DWR state-well-number crosswalk links the station to one WCR master row.,33.6962,-117.8987,DWR periodic station table,33.69472,-117.89356,Derived from TRS,Centroid of Section,False,,No Shallow/Principal/Deep assignment from invented depth thresholds; authoritative OCWD/model metadata required.
336962N1179060W001,05S10W34H003S,,AMBIGUOUS,,State-well-number crosswalk returns multiple WCR candidates or duplicate master rows.,33.6962,-117.906,DWR periodic station table,,,,,False,,No Shallow/Principal/Deep assignment from invented depth thresholds; authoritative OCWD/model metadata required.
336963N1179065W001,05S10W34H010S,,HIGH_CONFIDENCE_METADATA_MATCH,WCR1994-011009,Unique DWR state-well-number crosswalk links the station to one WCR master row.,33.6963,-117.9065,DWR periodic station table,33.69458,-117.91079,Derived from TRS,Centroid of Section,False,,No Shallow/Principal/Deep assignment from invented depth thresholds; authoritative OCWD/model metadata required.
336965N1178644W001,05S09W31E004S,,HIGH_CONFIDENCE_METADATA_MATCH,WCR1981-008631,Unique DWR state-well-number crosswalk links the station to one WCR master row.,33.6965,-117.8644,DWR periodic station table,33.69486,-117.85793,Derived from TRS,Centroid of Section,False,,No Shallow/Principal/Deep assignment from invented depth thresholds; authoritative OCWD/model metadata required.
336966N1179388W001,05S10W32H001S,,NO_MATCH,,No exact WCR number or unique state-well-number crosswalk.,33.6966,-117.9388,DWR periodic station table,,,,,False,,No Shallow/Principal/Deep assignment from invented depth thresholds; authoritative OCWD/model metadata required.
336967N1178918W001,05S10W35G001S,,NO_MATCH,,No exact WCR number or unique state-well-number crosswalk.,33.6967,-117.8918,DWR periodic station table,,,,,False,,No Shallow/Principal/Deep assignment from invented depth thresholds; authoritative OCWD/model metadata required.
336969N1179036W001,05S10W34D001S,,NO_MATCH,,No exact WCR number or unique state-well-number crosswalk.,33.6969,-117.9036,DWR periodic station table,,,,,False,,No Shallow/Principal/Deep assignment from invented depth thresholds; authoritative OCWD/model metadata required.
336977N1178594W001,05S09W31F001S,,NO_MATCH,,No exact WCR number or unique state-well-number crosswalk.,33.6977,-117.8594,DWR periodic station table,,,,,False,,No Shallow/Principal/Deep assignment from invented depth thresholds; authoritative OCWD/model metadata required.
336978N1179845W001,05S11W36C002S,,AMBIGUOUS,,State-well-number crosswalk returns multiple WCR candidates or duplicate master rows.,33.6978,-117.9845,DWR periodic station table,,,,,False,,No Shallow/Principal/Deep assignment from invented depth thresholds; authoritative OCWD/model metadata required.
336979N1179417W001,05S10W32G000S,,NO_MATCH,,No exact WCR number or unique state-well-number crosswalk.,33.6979,-117.9417,DWR periodic station table,,,,,False,,No Shallow/Principal/Deep assignment from invented depth thresholds; authoritative OCWD/model metadata required.
336979N1179417W002,05S10W32G014S,,NO_MATCH,,No exact WCR number or unique state-well-number crosswalk.,33.6979,-117.9417,DWR periodic station table,,,,,False,,No Shallow/Principal/Deep assignment from invented depth thresholds; authoritative OCWD/model metadata required.
336979N1179454W001,05S10W32B006S,,NO_MATCH,,No exact WCR number or unique state-well-number crosswalk.,33.6979,-117.9454,DWR periodic station table,,,,,False,,No Shallow/Principal/Deep assignment from invented depth thresholds; authoritative OCWD/model metadata required.
336983N1177947W001,05S09W35D002S,,HIGH_CONFIDENCE_METADATA_MATCH,WCR1983-006878,Unique DWR state-well-number crosswalk links the station to one WCR master row.,33.6983,-117.7947,DWR periodic station table,33.69446,-117.78914,Derived from TRS,Centroid of Section,False,,No Shallow/Principal/Deep assignment from invented depth thresholds; authoritative OCWD/model metadata required.
336989N1179707W001,05S10W31D004S,,NO_MATCH,,No exact WCR number or unique state-well-number crosswalk.,33.6989,-117.9707,DWR periodic station table,,,,,False,,No Shallow/Principal/Deep assignment from invented depth thresholds; authoritative OCWD/model metadata required.
336995N1178520W001,05S09W31A002S,,AMBIGUOUS,,State-well-number crosswalk returns multiple WCR candidates or duplicate master rows.,33.6995,-117.852,DWR periodic station table,,,,,False,,No Shallow/Principal/Deep assignment from invented depth thresholds; authoritative OCWD/model metadata required.
337006N1177696W001,05S09W36B001S,,AMBIGUOUS,,State-well-number crosswalk returns multiple WCR candidates or duplicate master rows.,33.7006,-117.7696,DWR periodic station table,,,,,False,,No Shallow/Principal/Deep assignment from invented depth thresholds; authoritative OCWD/model metadata required.
337006N1178565W001,05S09W31B004S,e0368503,EXACT_ID,WCR2019-012276,DWR periodic station WCR number equals the DWR WCR legacy-log identifier.,33.70068,-117.85659,DWR periodic station table,33.700753,-117.856734,,,False,,No Shallow/Principal/Deep assignment from invented depth thresholds; authoritative OCWD/model metadata required.
337008N1177759W001,05S09W36C001S,,HIGH_CONFIDENCE_METADATA_MATCH,WCR2004-016613,Unique DWR state-well-number crosswalk links the station to one WCR master row.,33.7008,-117.7759,DWR periodic station table,33.69437,-117.77181,Derived from TRS,Centroid of Section,False,,No Shallow/Principal/Deep assignment from invented depth thresholds; authoritative OCWD/model metadata required.
337009N1178085W001,05S09W27P030S,,NO_MATCH,,No exact WCR number or unique state-well-number crosswalk.,33.7009,-117.8085,DWR periodic station table,,,,,False,,No Shallow/Principal/Deep assignment from invented depth thresholds; authoritative OCWD/model metadata required.
337010N1178581W001,05S09W31B003S,,NO_MATCH,,No exact WCR number or unique state-well-number crosswalk.,33.701,-117.8581,DWR periodic station table,,,,,False,,No Shallow/Principal/Deep assignment from invented depth thresholds; authoritative OCWD/model metadata required.
337011N1178085W001,05S09W27P020S,,NO_MATCH,,No exact WCR number or unique state-well-number crosswalk.,33.7011,-117.8085,DWR periodic station table,,,,,False,,No Shallow/Principal/Deep assignment from invented depth thresholds; authoritative OCWD/model metadata required.
337011N1178085W002,05S09W27P022S,,NO_MATCH,,No exact WCR number or unique state-well-number crosswalk.,33.7011,-117.8085,DWR periodic station table,,,,,False,,No Shallow/Principal/Deep assignment from invented depth thresholds; authoritative OCWD/model metadata required.
337011N1178085W003,05S09W27P023S,,NO_MATCH,,No exact WCR number or unique state-well-number crosswalk.,33.7011,-117.8085,DWR periodic station table,,,,,False,,No Shallow/Principal/Deep assignment from invented depth thresholds; authoritative OCWD/model metadata required.
337011N1178085W004,05S09W27P024S,,NO_MATCH,,No exact WCR number or unique state-well-number crosswalk.,33.7011,-117.8085,DWR periodic station table,,,,,False,,No Shallow/Principal/Deep assignment from invented depth thresholds; authoritative OCWD/model metadata required.
337011N1178085W005,05S09W27P025S,,NO_MATCH,,No exact WCR number or unique state-well-number crosswalk.,33.7011,-117.8085,DWR periodic station table,,,,,False,,No Shallow/Principal/Deep assignment from invented depth thresholds; authoritative OCWD/model metadata required.
337011N1178085W006,05S09W27P026S,,NO_MATCH,,No exact WCR number or unique state-well-number crosswalk.,33.7011,-117.8085,DWR periodic station table,,,,,False,,No Shallow/Principal/Deep assignment from invented depth thresholds; authoritative OCWD/model metadata required.
337011N1178085W007,05S09W27P027S,,NO_MATCH,,No exact WCR number or unique state-well-number crosswalk.,33.7011,-117.8085,DWR periodic station table,,,,,False,,No Shallow/Principal/Deep assignment from invented depth thresholds; authoritative OCWD/model metadata required.
337011N1178085W008,05S09W27P028S,,NO_MATCH,,No exact WCR number or unique state-well-number crosswalk.,33.7011,-117.8085,DWR periodic station table,,,,,False,,No Shallow/Principal/Deep assignment from invented depth thresholds; authoritative OCWD/model metadata required.
337011N1178085W009,05S09W27P029S,,NO_MATCH,,No exact WCR number or unique state-well-number crosswalk.,33.7011,-117.8085,DWR periodic station table,,,,,False,,No Shallow/Principal/Deep assignment from invented depth thresholds; authoritative OCWD/model metadata required.
337011N1178087W001,05S09W27P031S,,NO_MATCH,,No exact WCR number or unique state-well-number crosswalk.,33.7011,-117.8087,DWR periodic station table,,,,,False,,No Shallow/Principal/Deep assignment from invented depth thresholds; authoritative OCWD/model metadata required.
337011N1178090W001,05S09W27P021S,,NO_MATCH,,No exact WCR number or unique state-well-number crosswalk.,33.7011,-117.809,DWR periodic station table,,,,,False,,No Shallow/Principal/Deep assignment from invented depth thresholds; authoritative OCWD/model metadata required.
337011N1178649W001,05S09W31D001S,,HIGH_CONFIDENCE_METADATA_MATCH,WCR1776-009160,Unique DWR state-well-number crosswalk links the station to one WCR master row.,33.7011,-117.8649,DWR periodic station table,33.69486,-117.85793,Derived from TRS,Centroid of Section,False,,No Shallow/Principal/Deep assignment from invented depth thresholds; authoritative OCWD/model metadata required.
337012N1179779W001,05S11W36B003S,,NO_MATCH,,No exact WCR number or unique state-well-number crosswalk.,33.7012,-117.9779,DWR periodic station table,,,,,False,,No Shallow/Principal/Deep assignment from invented depth thresholds; authoritative OCWD/model metadata required.
337014N1178587W001,05S09W31B001S,,AMBIGUOUS,,State-well-number crosswalk returns multiple WCR candidates or duplicate master rows.,33.7014,-117.8587,DWR periodic station table,,,,,False,,No Shallow/Principal/Deep assignment from invented depth thresholds; authoritative OCWD/model metadata required.
337015N1178334W001,05S09W28Q001S,,AMBIGUOUS,,State-well-number crosswalk returns multiple WCR candidates or duplicate master rows.,33.7015,-117.8334,DWR periodic station table,,,,,False,,No Shallow/Principal/Deep assignment from invented depth thresholds; authoritative OCWD/model metadata required.
337017N1180343W001,05S11W28P002S,e0098421,AMBIGUOUS,,Exact legacy-log identifier returns duplicate WCR master rows.,33.70173,-118.0343,DWR periodic station table,,,,,False,,No Shallow/Principal/Deep assignment from invented depth thresholds; authoritative OCWD/model metadata required.
337025N1177451W001,05S08W29P001S,,AMBIGUOUS,,State-well-number crosswalk returns multiple WCR candidates or duplicate master rows.,33.7025,-117.7451,DWR periodic station table,,,,,False,,No Shallow/Principal/Deep assignment from invented depth thresholds; authoritative OCWD/model metadata required.
337028N1178621W001,05S09W30P001S,,NO_MATCH,,No exact WCR number or unique state-well-number crosswalk.,33.7028,-117.8621,DWR periodic station table,,,,,False,,No Shallow/Principal/Deep assignment from invented depth thresholds; authoritative OCWD/model metadata required.
337035N1179097W001,05S10W27Q001S,,NO_MATCH,,No exact WCR number or unique state-well-number crosswalk.,33.7035,-117.9097,DWR periodic station table,,,,,False,,No Shallow/Principal/Deep assignment from invented depth thresholds; authoritative OCWD/model metadata required.
337036N1178874W001,05S10W26R002S,,NO_MATCH,,No exact WCR number or unique state-well-number crosswalk.,33.7036,-117.8874,DWR periodic station table,,,,,False,,No Shallow/Principal/Deep assignment from invented depth thresholds; authoritative OCWD/model metadata required.
337036N1179030W001,05S10W26N001S,,NO_MATCH,,No exact WCR number or unique state-well-number crosswalk.,33.7036,-117.903,DWR periodic station table,,,,,False,,No Shallow/Principal/Deep assignment from invented depth thresholds; authoritative OCWD/model metadata required.
337046N1180143W001,05S11W27K004S,"349360,61",NO_MATCH,,No exact WCR number or unique state-well-number crosswalk.,33.70461,-118.01429,DWR periodic station table,,,,,False,,No Shallow/Principal/Deep assignment from invented depth thresholds; authoritative OCWD/model metadata required.
337046N1180143W002,,"349360,61",NO_MATCH,,No exact WCR number or unique state-well-number crosswalk.,33.70461,-118.01429,DWR periodic station table,,,,,False,,No Shallow/Principal/Deep assignment from invented depth thresholds; authoritative OCWD/model metadata required.
337049N1177813W001,05S09W25N001S,,HIGH_CONFIDENCE_METADATA_MATCH,WCR2003-016143,Unique DWR state-well-number crosswalk links the station to one WCR master row.,33.7049,-117.7813,DWR periodic station table,33.70903,-117.77196,Derived from TRS,Centroid of Section,False,,No Shallow/Principal/Deep assignment from invented depth thresholds; authoritative OCWD/model metadata required.
337052N1178903W001,05S10W26Q004S,,HIGH_CONFIDENCE_METADATA_MATCH,WCR2000-012011,Unique DWR state-well-number crosswalk links the station to one WCR master row.,33.7052,-117.8903,DWR periodic station table,33.70954,-117.89364,Derived from TRS,Centroid of Section,False,,No Shallow/Principal/Deep assignment from invented depth thresholds; authoritative OCWD/model metadata required.
337057N1180070W001,05S11W26M008S,,AMBIGUOUS,,State-well-number crosswalk returns multiple WCR candidates or duplicate master rows.,33.7057,-118.007,DWR periodic station table,,,,,False,,No Shallow/Principal/Deep assignment from invented depth thresholds; authoritative OCWD/model metadata required.
337059N1180056W001,05S11W26M007S,,AMBIGUOUS,,State-well-number crosswalk returns multiple WCR candidates or duplicate master rows.,33.7059,-118.0056,DWR periodic station table,,,,,False,,No Shallow/Principal/Deep assignment from invented depth thresholds; authoritative OCWD/model metadata required.
337077N1178916W001,05S10W26K004S,,HIGH_CONFIDENCE_METADATA_MATCH,WCR2000-012001,Unique DWR state-well-number crosswalk links the station to one WCR master row.,33.7077,-117.8916,DWR periodic station table,33.70954,-117.89364,Derived from TRS,Centroid of Section,False,,No Shallow/Principal/Deep assignment from invented depth thresholds; authoritative OCWD/model metadata required.
337084N1178533W001,05S09W30J001S,,AMBIGUOUS,,State-well-number crosswalk returns multiple WCR candidates or duplicate master rows.,33.7084,-117.8533,DWR periodic station table,,,,,False,,No Shallow/Principal/Deep assignment from invented depth thresholds; authoritative OCWD/model metadata required.
337086N1177812W001,05S09W25E004S,,HIGH_CONFIDENCE_METADATA_MATCH,WCR1966-002256,Unique DWR state-well-number crosswalk links the station to one WCR master row.,33.7086,-117.7812,DWR periodic station table,33.70903,-117.77196,Derived from TRS,Centroid of Section,False,,No Shallow/Principal/Deep assignment from invented depth thresholds; authoritative OCWD/model metadata required.
337089N1178560W001,05S09W30H002S,,NO_MATCH,,No exact WCR number or unique state-well-number crosswalk.,33.7089,-117.856,DWR periodic station table,,,,,False,,No Shallow/Principal/Deep assignment from invented depth thresholds; authoritative OCWD/model metadata required.
337091N1178550W001,05S09W30H001S,,HIGH_CONFIDENCE_METADATA_MATCH,WCR1963-001603,Unique DWR state-well-number crosswalk links the station to one WCR master row.,33.7091,-117.855,DWR periodic station table,33.70965,-117.85791,Derived from TRS,Centroid of Section,False,,No Shallow/Principal/Deep assignment from invented depth thresholds; authoritative OCWD/model metadata required.
337097N1177818W001,05S09W25E001S,,AMBIGUOUS,,State-well-number crosswalk returns multiple WCR candidates or duplicate master rows.,33.7097,-117.7818,DWR periodic station table,,,,,False,,No Shallow/Principal/Deep assignment from invented depth thresholds; authoritative OCWD/model metadata required.
337104N1178572W001,05S09W30G003S,e0087598,EXACT_ID,WCR2009-009538,DWR periodic station WCR number equals the DWR WCR legacy-log identifier.,33.71041,-117.85725,DWR periodic station table,33.70965,-117.85791,Derived from TRS,Centroid of Section,False,,No Shallow/Principal/Deep assignment from invented depth thresholds; authoritative OCWD/model metadata required.
337105N1178932W001,05S10W26G001S,74258,NO_MATCH,,No exact WCR number or unique state-well-number crosswalk.,33.71045,-117.89318,DWR periodic station table,,,,,False,,No Shallow/Principal/Deep assignment from invented depth thresholds; authoritative OCWD/model metadata required.
337105N1178932W002,,74258,NO_MATCH,,No exact WCR number or unique state-well-number crosswalk.,33.71045,-117.89318,DWR periodic station table,,,,,False,,No Shallow/Principal/Deep assignment from invented depth thresholds; authoritative OCWD/model metadata required.
337112N1177826W001,05S09W25D001S,,HIGH_CONFIDENCE_METADATA_MATCH,WCR1981-008387,Unique DWR state-well-number crosswalk links the station to one WCR master row.,33.7112,-117.7826,DWR periodic station table,33.70903,-117.77196,Derived from TRS,Centroid of Section,False,,No Shallow/Principal/Deep assignment from invented depth thresholds; authoritative OCWD/model metadata required.
337113N1178913W001,05S10W26G005S,074259,EXACT_ID,WCR1979-008336,DWR periodic station WCR number equals the DWR WCR legacy-log identifier.,33.71136,-117.89135,DWR periodic station table,33.70954,-117.89364,Derived from TRS,Centroid of Section,False,,No Shallow/Principal/Deep assignment from invented depth thresholds; authoritative OCWD/model metadata required.
337119N1178563W001,05S09W30G001S,,AMBIGUOUS,,State-well-number crosswalk returns multiple WCR candidates or duplicate master rows.,33.7119,-117.8563,DWR periodic station table,,,,,False,,No Shallow/Principal/Deep assignment from invented depth thresholds; authoritative OCWD/model metadata required.
337122N1178607W001,05S09W30F001S,,NO_MATCH,,No exact WCR number or unique state-well-number crosswalk.,33.7122,-117.8607,DWR periodic station table,,,,,False,,No Shallow/Principal/Deep assignment from invented depth thresholds; authoritative OCWD/model metadata required.
337122N1180215W001,05S11W27D005S,,NO_MATCH,,No exact WCR number or unique state-well-number crosswalk.,33.71225,-118.02155,DWR periodic station table,,,,,False,,No Shallow/Principal/Deep assignment from invented depth thresholds; authoritative OCWD/model metadata required.
337124N1178598W001,05S09W30F002S,,NO_MATCH,,No exact WCR number or unique state-well-number crosswalk.,33.7124,-117.8598,DWR periodic station table,,,,,False,,No Shallow/Principal/Deep assignment from invented depth thresholds; authoritative OCWD/model metadata required.
337125N1179546W001,05S10W29E001S,,NO_MATCH,,No exact WCR number or unique state-well-number crosswalk.,33.7125,-117.9546,DWR periodic station table,,,,,False,,No Shallow/Principal/Deep assignment from invented depth thresholds; authoritative OCWD/model metadata required.
337138N1180483W001,05S11W29B008S,,NO_MATCH,,No exact WCR number or unique state-well-number crosswalk.,33.7138,-118.0483,DWR periodic station table,,,,,False,,No Shallow/Principal/Deep assignment from invented depth thresholds; authoritative OCWD/model metadata required.
337141N1179955W001,05S11W26B014S,,HIGH_CONFIDENCE_METADATA_MATCH,WCR1952-001774,Unique DWR state-well-number crosswalk links the station to one WCR master row.,33.7141,-117.9955,DWR periodic station table,33.70855,-117.99767,Derived from TRS,Centroid of Section,False,,No Shallow/Principal/Deep assignment from invented depth thresholds; authoritative OCWD/model metadata required.
337146N1179977W001,05S11W26B012S,,HIGH_CONFIDENCE_METADATA_MATCH,WCR1957-001867,Unique DWR state-well-number crosswalk links the station to one WCR master row.,33.7146,-117.9977,DWR periodic station table,33.70855,-117.99767,Derived from TRS,Centroid of Section,False,,No Shallow/Principal/Deep assignment from invented depth thresholds; authoritative OCWD/model metadata required.
337148N1177696W001,05S09W25B001S,255915,EXACT_ID,WCR1989-019143,DWR periodic station WCR number equals the DWR WCR legacy-log identifier.,33.71479,-117.7696,DWR periodic station table,33.70903,-117.77196,Derived from TRS,Centroid of Section,False,,No Shallow/Principal/Deep assignment from invented depth thresholds; authoritative OCWD/model metadata required.
337148N1177696W002,,255915,EXACT_ID,WCR1989-019143,DWR periodic station WCR number equals the DWR WCR legacy-log identifier.,33.71479,-117.7696,DWR periodic station table,33.70903,-117.77196,Derived from TRS,Centroid of Section,False,,No Shallow/Principal/Deep assignment from invented depth thresholds; authoritative OCWD/model metadata required.
337148N1177696W003,,255915,EXACT_ID,WCR1989-019143,DWR periodic station WCR number equals the DWR WCR legacy-log identifier.,33.71479,-117.7696,DWR periodic station table,33.70903,-117.77196,Derived from TRS,Centroid of Section,False,,No Shallow/Principal/Deep assignment from invented depth thresholds; authoritative OCWD/model metadata required.
337151N1178529W001,05S09W30A003S,e0086754,EXACT_ID,WCR2009-009537,DWR periodic station WCR number equals the DWR WCR legacy-log identifier.,33.71519,-117.85298,DWR periodic station table,33.70965,-117.85791,Derived from TRS,Centroid of Section,False,,No Shallow/Principal/Deep assignment from invented depth thresholds; authoritative OCWD/model metadata required.
337152N1179014W001,05S10W26D002S,,NO_MATCH,,No exact WCR number or unique state-well-number crosswalk.,33.7152,-117.9014,DWR periodic station table,,,,,False,,No Shallow/Principal/Deep assignment from invented depth thresholds; authoritative OCWD/model metadata required.
337156N1179521W001,05S10W29D001S,,NO_MATCH,,No exact WCR number or unique state-well-number crosswalk.,33.7156,-117.9521,DWR periodic station table,,,,,False,,No Shallow/Principal/Deep assignment from invented depth thresholds; authoritative OCWD/model metadata required.
337156N1179806W001,05S11W25B003S,,NO_MATCH,,No exact WCR number or unique state-well-number crosswalk.,33.7156,-117.9806,DWR periodic station table,,,,,False,,No Shallow/Principal/Deep assignment from invented depth thresholds; authoritative OCWD/model metadata required.
337159N1178307W001,05S09W28D001S,,NO_MATCH,,No exact WCR number or unique state-well-number crosswalk.,33.7159,-117.8307,DWR periodic station table,,,,,False,,No Shallow/Principal/Deep assignment from invented depth thresholds; authoritative OCWD/model metadata required.
337161N1179887W001,05S11W24N002S,,NO_MATCH,,No exact WCR number or unique state-well-number crosswalk.,33.7161,-117.9887,DWR periodic station table,,,,,False,,No Shallow/Principal/Deep assignment from invented depth thresholds; authoritative OCWD/model metadata required.
337163N1180188W001,05S11W22N004S,,HIGH_CONFIDENCE_METADATA_MATCH,WCR1960-001827,Unique DWR state-well-number crosswalk links the station to one WCR master row.,33.7163,-118.0188,DWR periodic station table,33.72337,-118.01517,Derived from TRS,Centroid of Section,False,,No Shallow/Principal/Deep assignment from invented depth thresholds; authoritative OCWD/model metadata required.
337164N1180435W001,05S11W20R004S,,NO_MATCH,,No exact WCR number or unique state-well-number crosswalk.,33.7164,-118.0435,DWR periodic station table,,,,,False,,No Shallow/Principal/Deep assignment from invented depth thresholds; authoritative OCWD/model metadata required.
337165N1177895W001,05S09W23P002S,,HIGH_CONFIDENCE_METADATA_MATCH,WCR1998-011045,Unique DWR state-well-number crosswalk links the station to one WCR master row.,33.7165,-117.7895,DWR periodic station table,33.72334,-117.78919,Derived from TRS,Centroid of Section,False,,No Shallow/Principal/Deep assignment from invented depth thresholds; authoritative OCWD/model metadata required.
337167N1179225W001,05S10W21R003S,,NO_MATCH,,No exact WCR number or unique state-well-number crosswalk.,33.7167,-117.9225,DWR periodic station table,,,,,False,,No Shallow/Principal/Deep assignment from invented depth thresholds; authoritative OCWD/model metadata required.
337171N1178056W001,05S09W22Q001S,,AMBIGUOUS,,State-well-number crosswalk returns multiple WCR candidates or duplicate master rows.,33.7171,-117.8056,DWR periodic station table,,,,,False,,No Shallow/Principal/Deep assignment from invented depth thresholds; authoritative OCWD/model metadata required.
337174N1179871W001,05S11W24N007S,,AMBIGUOUS,,State-well-number crosswalk returns multiple WCR candidates or duplicate master rows.,33.7174,-117.9871,DWR periodic station table,,,,,False,,No Shallow/Principal/Deep assignment from invented depth thresholds; authoritative OCWD/model metadata required.
337184N1180274W001,05S11W21R002S,,HIGH_CONFIDENCE_METADATA_MATCH,WCR1954-002137,Unique DWR state-well-number crosswalk links the station to one WCR master row.,33.7184,-118.0274,DWR periodic station table,33.72335,-118.03248,Derived from TRS,Centroid of Section,False,,No Shallow/Principal/Deep assignment from invented depth thresholds; authoritative OCWD/model metadata required.
337188N1180275W001,05S11W21Q001S,,AMBIGUOUS,,State-well-number crosswalk returns multiple WCR candidates or duplicate master rows.,33.7188,-118.0275,DWR periodic station table,,,,,False,,No Shallow/Principal/Deep assignment from invented depth thresholds; authoritative OCWD/model metadata required.
337189N1177965W001,05S09W23N001S,,AMBIGUOUS,,State-well-number crosswalk returns multiple WCR candidates or duplicate master rows.,33.7189,-117.7965,DWR periodic station table,,,,,False,,No Shallow/Principal/Deep assignment from invented depth thresholds; authoritative OCWD/model metadata required.
337192N1178301W001,05S09W21P002S,,NO_MATCH,,No exact WCR number or unique state-well-number crosswalk.,33.7192,-117.8301,DWR periodic station table,,,,,False,,No Shallow/Principal/Deep assignment from invented depth thresholds; authoritative OCWD/model metadata required.
337195N1180351W001,05S11W21L005S,,HIGH_CONFIDENCE_METADATA_MATCH,WCR1957-001864,Unique DWR state-well-number crosswalk links the station to one WCR master row.,33.7195,-118.0351,DWR periodic station table,33.72335,-118.03248,Derived from TRS,Centroid of Section,False,,No Shallow/Principal/Deep assignment from invented depth thresholds; authoritative OCWD/model metadata required.
337195N1180449W001,05S11W20J006S,,NO_MATCH,,No exact WCR number or unique state-well-number crosswalk.,33.7195,-118.0449,DWR periodic station table,,,,,False,,No Shallow/Principal/Deep assignment from invented depth thresholds; authoritative OCWD/model metadata required.
337197N1179379W001,05S10W21M002S,,NO_MATCH,,No exact WCR number or unique state-well-number crosswalk.,33.7197,-117.9379,DWR periodic station table,,,,,False,,No Shallow/Principal/Deep assignment from invented depth thresholds; authoritative OCWD/model metadata required.
337216N1178318W001,05S09W21M001S,"349329,30,32",AMBIGUOUS,,State-well-number crosswalk returns multiple WCR candidates or duplicate master rows.,33.72159,-117.83177,DWR periodic station table,,,,,False,,No Shallow/Principal/Deep assignment from invented depth thresholds; authoritative OCWD/model metadata required.
337216N1178318W002,,"349329,30,32",NO_MATCH,,No exact WCR number or unique state-well-number crosswalk.,33.72159,-117.83177,DWR periodic station table,,,,,False,,No Shallow/Principal/Deep assignment from invented depth thresholds; authoritative OCWD/model metadata required.
337216N1178318W003,,"349329,30,32",NO_MATCH,,No exact WCR number or unique state-well-number crosswalk.,33.72159,-117.83177,DWR periodic station table,,,,,False,,No Shallow/Principal/Deep assignment from invented depth thresholds; authoritative OCWD/model metadata required.
337221N1179287W001,05S10W21L003S,,NO_MATCH,,No exact WCR number or unique state-well-number crosswalk.,33.7221,-117.9287,DWR periodic station table,,,,,False,,No Shallow/Principal/Deep assignment from invented depth thresholds; authoritative OCWD/model metadata required.
337231N1179996W001,05S11W23F001S,,HIGH_CONFIDENCE_METADATA_MATCH,WCR1959-001644,Unique DWR state-well-number crosswalk links the station to one WCR master row.,33.7231,-117.9996,DWR periodic station table,33.72339,-117.99782,Derived from TRS,Centroid of Section,False,,No Shallow/Principal/Deep assignment from invented depth thresholds; authoritative OCWD/model metadata required.
337233N1177523W001,05S08W19H001S,,AMBIGUOUS,,State-well-number crosswalk returns multiple WCR candidates or duplicate master rows.,33.7233,-117.7523,DWR periodic station table,,,,,False,,No Shallow/Principal/Deep assignment from invented depth thresholds; authoritative OCWD/model metadata required.
337233N1179421W001,,255916,EXACT_ID,WCR1989-019147,DWR periodic station WCR number equals the DWR WCR legacy-log identifier.,33.72331,-117.94207,DWR periodic station table,33.72355,-117.94577,Derived from TRS,Centroid of Section,False,,No Shallow/Principal/Deep assignment from invented depth thresholds; authoritative OCWD/model metadata required.
337233N1179421W002,05S10W20H004S,255916,EXACT_ID,WCR1989-019147,DWR periodic station WCR number equals the DWR WCR legacy-log identifier.,33.72331,-117.94207,DWR periodic station table,33.72355,-117.94577,Derived from TRS,Centroid of Section,False,,No Shallow/Principal/Deep assignment from invented depth thresholds; authoritative OCWD/model metadata required.
337233N1179421W003,,255916,EXACT_ID,WCR1989-019147,DWR periodic station WCR number equals the DWR WCR legacy-log identifier.,33.72331,-117.94207,DWR periodic station table,33.72355,-117.94577,Derived from TRS,Centroid of Section,False,,No Shallow/Principal/Deep assignment from invented depth thresholds; authoritative OCWD/model metadata required.
337258N1178116W001,05S09W22E002S,,AMBIGUOUS,,State-well-number crosswalk returns multiple WCR candidates or duplicate master rows.,33.7258,-117.8116,DWR periodic station table,,,,,False,,No Shallow/Principal/Deep assignment from invented depth thresholds; authoritative OCWD/model metadata required.
337265N1178911W001,05S10W23G001S,,NO_MATCH,,No exact WCR number or unique state-well-number crosswalk.,33.7265,-117.8911,DWR periodic station table,,,,,False,,No Shallow/Principal/Deep assignment from invented depth thresholds; authoritative OCWD/model metadata required.
337265N1179375W001,05S10W20H003S,,NO_MATCH,,No exact WCR number or unique state-well-number crosswalk.,33.7265,-117.9375,DWR periodic station table,,,,,False,,No Shallow/Principal/Deep assignment from invented depth thresholds; authoritative OCWD/model metadata required.
337277N1179383W001,05S10W20A008S,,HIGH_CONFIDENCE_METADATA_MATCH,WCR1999-009886,Unique DWR state-well-number crosswalk links the station to one WCR master row.,33.7277,-117.9383,DWR periodic station table,33.72355,-117.94577,Derived from TRS,Centroid of Section,False,,No Shallow/Principal/Deep assignment from invented depth thresholds; authoritative OCWD/model metadata required.
337279N1179386W001,05S10W20A007S,,NO_MATCH,,No exact WCR number or unique state-well-number crosswalk.,33.7279,-117.9386,DWR periodic station table,,,,,False,,No Shallow/Principal/Deep assignment from invented depth thresholds; authoritative OCWD/model metadata required.
337281N1177946W001,05S09W23D002S,,NO_MATCH,,No exact WCR number or unique state-well-number crosswalk.,33.7281,-117.7946,DWR periodic station table,,,,,False,,No Shallow/Principal/Deep assignment from invented depth thresholds; authoritative OCWD/model metadata required.
337289N1178032W001,05S09W22A002S,,AMBIGUOUS,,State-well-number crosswalk returns multiple WCR candidates or duplicate master rows.,33.7289,-117.8032,DWR periodic station table,,,,,False,,No Shallow/Principal/Deep assignment from invented depth thresholds; authoritative OCWD/model metadata required.
337290N1179552W001,05S10W19A005S,,HIGH_CONFIDENCE_METADATA_MATCH,WCR1998-010564,Unique DWR state-well-number crosswalk links the station to one WCR master row.,33.729,-117.9552,DWR periodic station table,33.72349,-117.96306,Derived from TRS,Centroid of Section,False,,No Shallow/Principal/Deep assignment from invented depth thresholds; authoritative OCWD/model metadata required.
337295N1180593W001,05S11W20D004S,,NO_MATCH,,No exact WCR number or unique state-well-number crosswalk.,33.72947,-118.05929,DWR periodic station table,,,,,False,,No Shallow/Principal/Deep assignment from invented depth thresholds; authoritative OCWD/model metadata required.
337301N1179733W001,05S11W24A005S,,NO_MATCH,,No exact WCR number or unique state-well-number crosswalk.,33.7301,-117.9733,DWR periodic station table,,,,,False,,No Shallow/Principal/Deep assignment from invented depth thresholds; authoritative OCWD/model metadata required.
337304N1177858W001,05S09W23A003S,,NO_MATCH,,No exact WCR number or unique state-well-number crosswalk.,33.7304,-117.7858,DWR periodic station table,,,,,False,,No Shallow/Principal/Deep assignment from invented depth thresholds; authoritative OCWD/model metadata required.
337304N1177898W001,05S09W23B001S,,AMBIGUOUS,,State-well-number crosswalk returns multiple WCR candidates or duplicate master rows.,33.7304,-117.7898,DWR periodic station table,,,,,False,,No Shallow/Principal/Deep assignment from invented depth thresholds; authoritative OCWD/model metadata required.
337304N1180246W001,05S11W16R001S,,HIGH_CONFIDENCE_METADATA_MATCH,WCR1776-009305,Unique DWR state-well-number crosswalk links the station to one WCR master row.,33.7304,-118.0246,DWR periodic station table,33.73752,-118.0326,Derived from TRS,Centroid of Section,False,,No Shallow/Principal/Deep assignment from invented depth thresholds; authoritative OCWD/model metadata required.
337305N1180330W001,05S11W16P001S,,HIGH_CONFIDENCE_METADATA_MATCH,WCR1776-010492,Unique DWR state-well-number crosswalk links the station to one WCR master row.,33.7305,-118.033,DWR periodic station table,33.73752,-118.0326,Derived from TRS,Centroid of Section,False,,No Shallow/Principal/Deep assignment from invented depth thresholds; authoritative OCWD/model metadata required.
337306N1180458W001,05S11W17R003S,e0288004,EXACT_ID,WCR2016-000802,DWR periodic station WCR number equals the DWR WCR legacy-log identifier.,33.73063,-118.04589,DWR periodic station table,33.7305556,-118.0458333,,,False,,No Shallow/Principal/Deep assignment from invented depth thresholds; authoritative OCWD/model metadata required.
337308N1177837W001,05S09W23A001S,,AMBIGUOUS,,State-well-number crosswalk returns multiple WCR candidates or duplicate master rows.,33.7308,-117.7837,DWR periodic station table,,,,,False,,No Shallow/Principal/Deep assignment from invented depth thresholds; authoritative OCWD/model metadata required.
337308N1179454W001,05S10W17Q001S,,NO_MATCH,,No exact WCR number or unique state-well-number crosswalk.,33.7308,-117.9454,DWR periodic station table,,,,,False,,No Shallow/Principal/Deep assignment from invented depth thresholds; authoritative OCWD/model metadata required.
337309N1178993W001,05S10W23C001S,,AMBIGUOUS,,State-well-number crosswalk returns multiple WCR candidates or duplicate master rows.,33.7309,-117.8993,DWR periodic station table,,,,,False,,No Shallow/Principal/Deep assignment from invented depth thresholds; authoritative OCWD/model metadata required.
337314N1179291W001,05S10W16P001S,,HIGH_CONFIDENCE_METADATA_MATCH,WCR1954-002169,Unique DWR state-well-number crosswalk links the station to one WCR master row.,33.7314,-117.9291,DWR periodic station table,33.73815,-117.92865,Derived from TRS,Centroid of Section,False,,No Shallow/Principal/Deep assignment from invented depth thresholds; authoritative OCWD/model metadata required.
337314N1179331W001,05S10W16R001S,,NO_MATCH,,No exact WCR number or unique state-well-number crosswalk.,33.7314,-117.9331,DWR periodic station table,,,,,False,,No Shallow/Principal/Deep assignment from invented depth thresholds; authoritative OCWD/model metadata required.
337328N1177879W001,05S09W14Q001S,,AMBIGUOUS,,State-well-number crosswalk returns multiple WCR candidates or duplicate master rows.,33.7328,-117.7879,DWR periodic station table,,,,,False,,No Shallow/Principal/Deep assignment from invented depth thresholds; authoritative OCWD/model metadata required.
337329N1179000W001,05S10W14N001S,,NO_MATCH,,No exact WCR number or unique state-well-number crosswalk.,33.7329,-117.9,DWR periodic station table,,,,,False,,No Shallow/Principal/Deep assignment from invented depth thresholds; authoritative OCWD/model metadata required.
337332N1179366W001,05S10W16N001S,,NO_MATCH,,No exact WCR number or unique state-well-number crosswalk.,33.7332,-117.9366,DWR periodic station table,,,,,False,,No Shallow/Principal/Deep assignment from invented depth thresholds; authoritative OCWD/model metadata required.
337333N1178215W001,05S09W16Q003S,,HIGH_CONFIDENCE_METADATA_MATCH,WCR1992-017607,Unique DWR state-well-number crosswalk links the station to one WCR master row.,33.7333,-117.8215,DWR periodic station table,33.73817,-117.8219,Derived from TRS,Centroid of Section,False,,No Shallow/Principal/Deep assignment from invented depth thresholds; authoritative OCWD/model metadata required.
337334N1178220W001,05S09W16Q004S,,HIGH_CONFIDENCE_METADATA_MATCH,WCR1992-017608,Unique DWR state-well-number crosswalk links the station to one WCR master row.,33.7334,-117.822,DWR periodic station table,33.73817,-117.8219,Derived from TRS,Centroid of Section,False,,No Shallow/Principal/Deep assignment from invented depth thresholds; authoritative OCWD/model metadata required.
337336N1178476W001,05S09W17N002S,,NO_MATCH,,No exact WCR number or unique state-well-number crosswalk.,33.7336,-117.8476,DWR periodic station table,,,,,False,,No Shallow/Principal/Deep assignment from invented depth thresholds; authoritative OCWD/model metadata required.
337344N1178230W001,05S09W16Q002S,,HIGH_CONFIDENCE_METADATA_MATCH,WCR1992-017606,Unique DWR state-well-number crosswalk links the station to one WCR master row.,33.7344,-117.823,DWR periodic station table,33.73817,-117.8219,Derived from TRS,Centroid of Section,False,,No Shallow/Principal/Deep assignment from invented depth thresholds; authoritative OCWD/model metadata required.
337344N1178235W001,05S09W16Q005S,,HIGH_CONFIDENCE_METADATA_MATCH,WCR1992-017609,Unique DWR state-well-number crosswalk links the station to one WCR master row.,33.7344,-117.8235,DWR periodic station table,33.73817,-117.8219,Derived from TRS,Centroid of Section,False,,No Shallow/Principal/Deep assignment from invented depth thresholds; authoritative OCWD/model metadata required.
337345N1178037W001,05S09W15R003S,,NO_MATCH,,No exact WCR number or unique state-well-number crosswalk.,33.7345,-117.8037,DWR periodic station table,,,,,False,,No Shallow/Principal/Deep assignment from invented depth thresholds; authoritative OCWD/model metadata required.
337355N1179362W001,05S10W16M000S,,NO_MATCH,,No exact WCR number or unique state-well-number crosswalk.,33.7355,-117.9362,DWR periodic station table,,,,,False,,No Shallow/Principal/Deep assignment from invented depth thresholds; authoritative OCWD/model metadata required.
337355N1179362W002,05S10W16M002S,,NO_MATCH,,No exact WCR number or unique state-well-number crosswalk.,33.7355,-117.9362,DWR periodic station table,,,,,False,,No Shallow/Principal/Deep assignment from invented depth thresholds; authoritative OCWD/model metadata required.
337370N1178012W001,05S09W15J001S,,AMBIGUOUS,,State-well-number crosswalk returns multiple WCR candidates or duplicate master rows.,33.737,-117.8012,DWR periodic station table,,,,,False,,No Shallow/Principal/Deep assignment from invented depth thresholds; authoritative OCWD/model metadata required.
337374N1179933W001,05S11W14G002S,"349220,21",AMBIGUOUS,,State-well-number crosswalk returns multiple WCR candidates or duplicate master rows.,33.73744,-117.99326,DWR periodic station table,,,,,False,,No Shallow/Principal/Deep assignment from invented depth thresholds; authoritative OCWD/model metadata required.
337374N1179933W002,,"349220,21",NO_MATCH,,No exact WCR number or unique state-well-number crosswalk.,33.73744,-117.99326,DWR periodic station table,,,,,False,,No Shallow/Principal/Deep assignment from invented depth thresholds; authoritative OCWD/model metadata required.
337374N1179933W003,,"349220,21",NO_MATCH,,No exact WCR number or unique state-well-number crosswalk.,33.73744,-117.99326,DWR periodic station table,,,,,False,,No Shallow/Principal/Deep assignment from invented depth thresholds; authoritative OCWD/model metadata required.
337414N1179865W001,05S11W13D004S,,NO_MATCH,,No exact WCR number or unique state-well-number crosswalk.,33.7414,-117.9865,DWR periodic station table,,,,,False,,No Shallow/Principal/Deep assignment from invented depth thresholds; authoritative OCWD/model metadata required.
337414N1179865W002,05S11W13D005S,,HIGH_CONFIDENCE_METADATA_MATCH,WCR1985-010971,Unique DWR state-well-number crosswalk links the station to one WCR master row.,33.7414,-117.9865,DWR periodic station table,33.73799,-117.98056,Derived from TRS,Centroid of Section,False,,No Shallow/Principal/Deep assignment from invented depth thresholds; authoritative OCWD/model metadata required.
337425N1178213W001,05S09W16B005S,,AMBIGUOUS,,State-well-number crosswalk returns multiple WCR candidates or duplicate master rows.,33.7425,-117.8213,DWR periodic station table,,,,,False,,No Shallow/Principal/Deep assignment from invented depth thresholds; authoritative OCWD/model metadata required.
337425N1178223W001,05S09W16B002S,,HIGH_CONFIDENCE_METADATA_MATCH,WCR2002-014550,Unique DWR state-well-number crosswalk links the station to one WCR master row.,33.7425,-117.8223,DWR periodic station table,33.73817,-117.8219,Derived from TRS,Centroid of Section,False,,No Shallow/Principal/Deep assignment from invented depth thresholds; authoritative OCWD/model metadata required.
337435N1179292W001,05S10W16C001S,,HIGH_CONFIDENCE_METADATA_MATCH,WCR1930-000492,Unique DWR state-well-number crosswalk links the station to one WCR master row.,33.7435,-117.9292,DWR periodic station table,33.73815,-117.92865,Derived from TRS,Centroid of Section,False,,No Shallow/Principal/Deep assignment from invented depth thresholds; authoritative OCWD/model metadata required.
337436N1178328W001,05S09W16D001S,,HIGH_CONFIDENCE_METADATA_MATCH,WCR2007-010267,Unique DWR state-well-number crosswalk links the station to one WCR master row.,33.7436,-117.8328,DWR periodic station table,33.73817,-117.8219,Derived from TRS,Centroid of Section,False,,No Shallow/Principal/Deep assignment from invented depth thresholds; authoritative OCWD/model metadata required.
337442N1179999W002,05S11W14C004S,,HIGH_CONFIDENCE_METADATA_MATCH,WCR2001-011620,Unique DWR state-well-number crosswalk links the station to one WCR master row.,33.7442,-117.9999,DWR periodic station table,33.73791,-117.99795,Derived from TRS,Centroid of Section,False,,No Shallow/Principal/Deep assignment from invented depth thresholds; authoritative OCWD/model metadata required.
337444N1178541W001,05S09W18A002S,,HIGH_CONFIDENCE_METADATA_MATCH,WCR1997-010513,Unique DWR state-well-number crosswalk links the station to one WCR master row.,33.7444,-117.8541,DWR periodic station table,33.73823,-117.85791,Derived from TRS,Centroid of Section,False,,No Shallow/Principal/Deep assignment from invented depth thresholds; authoritative OCWD/model metadata required.
337445N1180373W001,05S11W16C001S,,NO_MATCH,,No exact WCR number or unique state-well-number crosswalk.,33.7445,-118.0373,DWR periodic station table,,,,,False,,No Shallow/Principal/Deep assignment from invented depth thresholds; authoritative OCWD/model metadata required.
337446N1180606W001,05S11W17D010S,,NO_MATCH,,No exact WCR number or unique state-well-number crosswalk.,33.7446,-118.0606,DWR periodic station table,,,,,False,,No Shallow/Principal/Deep assignment from invented depth thresholds; authoritative OCWD/model metadata required.
337447N1178536W001,05S09W18A001S,,HIGH_CONFIDENCE_METADATA_MATCH,WCR1998-009172,Unique DWR state-well-number crosswalk links the station to one WCR master row.,33.7447,-117.8536,DWR periodic station table,33.73823,-117.85791,Derived from TRS,Centroid of Section,False,,No Shallow/Principal/Deep assignment from invented depth thresholds; authoritative OCWD/model metadata required.
337447N1179082W001,05S10W15B002S,,NO_MATCH,,No exact WCR number or unique state-well-number crosswalk.,33.7447,-117.9082,DWR periodic station table,,,,,False,,No Shallow/Principal/Deep assignment from invented depth thresholds; authoritative OCWD/model metadata required.
337450N1178774W001,05S10W13C001S,,AMBIGUOUS,,State-well-number crosswalk returns multiple WCR candidates or duplicate master rows.,33.745,-117.8774,DWR periodic station table,,,,,False,,No Shallow/Principal/Deep assignment from invented depth thresholds; authoritative OCWD/model metadata required.
337452N1178762W001,05S10W13B003S,,AMBIGUOUS,,State-well-number crosswalk returns multiple WCR candidates or duplicate master rows.,33.7452,-117.8762,DWR periodic station table,,,,,False,,No Shallow/Principal/Deep assignment from invented depth thresholds; authoritative OCWD/model metadata required.
337459N1179368W001,05S10W09N004S,,NO_MATCH,,No exact WCR number or unique state-well-number crosswalk.,33.7459,-117.9368,DWR periodic station table,,,,,False,,No Shallow/Principal/Deep assignment from invented depth thresholds; authoritative OCWD/model metadata required.
337484N1179135W001,05S10W10P001S,,NO_MATCH,,No exact WCR number or unique state-well-number crosswalk.,33.7484,-117.9135,DWR periodic station table,,,,,False,,No Shallow/Principal/Deep assignment from invented depth thresholds; authoritative OCWD/model metadata required.
337485N1179555W001,05S10W07R001S,,NO_MATCH,,No exact WCR number or unique state-well-number crosswalk.,33.7485,-117.9555,DWR periodic station table,,,,,False,,No Shallow/Principal/Deep assignment from invented depth thresholds; authoritative OCWD/model metadata required.
337486N1179846W001,05S11W12L001S,,NO_MATCH,,No exact WCR number or unique state-well-number crosswalk.,33.7486,-117.9846,DWR periodic station table,,,,,False,,No Shallow/Principal/Deep assignment from invented depth thresholds; authoritative OCWD/model metadata required.
337487N1179145W001,05S10W10P002S,,NO_MATCH,,No exact WCR number or unique state-well-number crosswalk.,33.7487,-117.9145,DWR periodic station table,,,,,False,,No Shallow/Principal/Deep assignment from invented depth thresholds; authoritative OCWD/model metadata required.
337488N1179944W001,05S11W11K002S,,AMBIGUOUS,,State-well-number crosswalk returns multiple WCR candidates or duplicate master rows.,33.7488,-117.9944,DWR periodic station table,,,,,False,,No Shallow/Principal/Deep assignment from invented depth thresholds; authoritative OCWD/model metadata required.
337489N1179218W001,05S10W09R001S,,NO_MATCH,,No exact WCR number or unique state-well-number crosswalk.,33.7489,-117.9218,DWR periodic station table,,,,,False,,No Shallow/Principal/Deep assignment from invented depth thresholds; authoritative OCWD/model metadata required.
337490N1179624W001,05S10W07K000S,,NO_MATCH,,No exact WCR number or unique state-well-number crosswalk.,33.749,-117.9624,DWR periodic station table,,,,,False,,No Shallow/Principal/Deep assignment from invented depth thresholds; authoritative OCWD/model metadata required.
337490N1179624W002,05S10W07K001S,,NO_MATCH,,No exact WCR number or unique state-well-number crosswalk.,33.749,-117.9624,DWR periodic station table,,,,,False,,No Shallow/Principal/Deep assignment from invented depth thresholds; authoritative OCWD/model metadata required.
337495N1177887W001,05S09W14Q002S,,NO_MATCH,,No exact WCR number or unique state-well-number crosswalk.,33.7495,-117.7887,DWR periodic station table,,,,,False,,No Shallow/Principal/Deep assignment from invented depth thresholds; authoritative OCWD/model metadata required.
337498N1180698W001,05S11W07L002S,e0145724,AMBIGUOUS,,Exact legacy-log identifier returns duplicate WCR master rows.,33.74985,-118.06983,DWR periodic station table,,,,,False,,No Shallow/Principal/Deep assignment from invented depth thresholds; authoritative OCWD/model metadata required.
337500N1179192W001,05S10W10M001S,,NO_MATCH,,No exact WCR number or unique state-well-number crosswalk.,33.75,-117.9192,DWR periodic station table,,,,,False,,No Shallow/Principal/Deep assignment from invented depth thresholds; authoritative OCWD/model metadata required.
337501N1178769W001,05S10W12L005S,,HIGH_CONFIDENCE_METADATA_MATCH,WCR2005-014301,Unique DWR state-well-number crosswalk links the station to one WCR master row.,33.7501,-117.8769,DWR periodic station table,33.7529,-117.87621,Derived from TRS,Centroid of Section,False,,No Shallow/Principal/Deep assignment from invented depth thresholds; authoritative OCWD/model metadata required.
337501N1180265W001,05S11W09J004S,,HIGH_CONFIDENCE_METADATA_MATCH,WCR2001-012702,Unique DWR state-well-number crosswalk links the station to one WCR master row.,33.7501,-118.0265,DWR periodic station table,33.75148,-118.03282,Derived from TRS,Centroid of Section,False,,No Shallow/Principal/Deep assignment from invented depth thresholds; authoritative OCWD/model metadata required.
337502N1179099W001,05S10W10K001S,,NO_MATCH,,No exact WCR number or unique state-well-number crosswalk.,33.7502,-117.9099,DWR periodic station table,,,,,False,,No Shallow/Principal/Deep assignment from invented depth thresholds; authoritative OCWD/model metadata required.
337502N1180425W001,05S11W08J002S,,NO_MATCH,,No exact WCR number or unique state-well-number crosswalk.,33.7502,-118.0425,DWR periodic station table,,,,,False,,No Shallow/Principal/Deep assignment from invented depth thresholds; authoritative OCWD/model metadata required.
337503N1179116W001,05S10W10K003S,,HIGH_CONFIDENCE_METADATA_MATCH,WCR1985-010969,Unique DWR state-well-number crosswalk links the station to one WCR master row.,33.7503,-117.9116,DWR periodic station table,33.75277,-117.91146,Derived from TRS,Centroid of Section,False,,No Shallow/Principal/Deep assignment from invented depth thresholds; authoritative OCWD/model metadata required.
337507N1179404W001,05S10W08J001S,,NO_MATCH,,No exact WCR number or unique state-well-number crosswalk.,33.7507,-117.9404,DWR periodic station table,,,,,False,,No Shallow/Principal/Deep assignment from invented depth thresholds; authoritative OCWD/model metadata required.
337509N1179769W001,05S11W12K003S,,NO_MATCH,,No exact WCR number or unique state-well-number crosswalk.,33.7509,-117.9769,DWR periodic station table,,,,,False,,No Shallow/Principal/Deep assignment from invented depth thresholds; authoritative OCWD/model metadata required.
337511N1180848W001,05S12W12K001S,e0260266,EXACT_ID,WCR2015-003046,DWR periodic station WCR number equals the DWR WCR legacy-log identifier.,33.7511,-118.08478,DWR periodic station table,33.7511111,-118.0847222,,,False,,No Shallow/Principal/Deep assignment from invented depth thresholds; authoritative OCWD/model metadata required.
337511N1180848W002,,e0260266,EXACT_ID,WCR2015-003046,DWR periodic station WCR number equals the DWR WCR legacy-log identifier.,33.7511,-118.08478,DWR periodic station table,33.7511111,-118.0847222,,,False,,No Shallow/Principal/Deep assignment from invented depth thresholds; authoritative OCWD/model metadata required.
337511N1180848W003,,e0260266,EXACT_ID,WCR2015-003046,DWR periodic station WCR number equals the DWR WCR legacy-log identifier.,33.7511,-118.08478,DWR periodic station table,33.7511111,-118.0847222,,,False,,No Shallow/Principal/Deep assignment from invented depth thresholds; authoritative OCWD/model metadata required.
337511N1180848W004,,e0260266,EXACT_ID,WCR2015-003046,DWR periodic station WCR number equals the DWR WCR legacy-log identifier.,33.7511,-118.08478,DWR periodic station table,33.7511111,-118.0847222,,,False,,No Shallow/Principal/Deep assignment from invented depth thresholds; authoritative OCWD/model metadata required.
337511N1180848W005,,e0260266,EXACT_ID,WCR2015-003046,DWR periodic station WCR number equals the DWR WCR legacy-log identifier.,33.7511,-118.08478,DWR periodic station table,33.7511111,-118.0847222,,,False,,No Shallow/Principal/Deep assignment from invented depth thresholds; authoritative OCWD/model metadata required.
337515N1179979W001,05S11W11J001S,,HIGH_CONFIDENCE_METADATA_MATCH,WCR2001-014384,Unique DWR state-well-number crosswalk links the station to one WCR master row.,33.7515,-117.9979,DWR periodic station table,33.75227,-117.99813,Derived from TRS,Centroid of Section,False,,No Shallow/Principal/Deep assignment from invented depth thresholds; authoritative OCWD/model metadata required.
337522N1179339W001,05S10W09M001S,,NO_MATCH,,No exact WCR number or unique state-well-number crosswalk.,33.7522,-117.9339,DWR periodic station table,,,,,False,,No Shallow/Principal/Deep assignment from invented depth thresholds; authoritative OCWD/model metadata required.
337525N1179058W001,05S10W10H002S,"349216,17",HIGH_CONFIDENCE_METADATA_MATCH,WCR1991-020470,Unique DWR state-well-number crosswalk links the station to one WCR master row.,33.75255,-117.90578,DWR periodic station table,33.75277,-117.91146,Derived from TRS,Centroid of Section,False,,No Shallow/Principal/Deep assignment from invented depth thresholds; authoritative OCWD/model metadata required.
337525N1179058W002,,"349216,17",NO_MATCH,,No exact WCR number or unique state-well-number crosswalk.,33.75255,-117.90578,DWR periodic station table,,,,,False,,No Shallow/Principal/Deep assignment from invented depth thresholds; authoritative OCWD/model metadata required.
337525N1179058W003,,"349216,17",NO_MATCH,,No exact WCR number or unique state-well-number crosswalk.,33.75255,-117.90578,DWR periodic station table,,,,,False,,No Shallow/Principal/Deep assignment from invented depth thresholds; authoritative OCWD/model metadata required.
337530N1179224W001,05S10W09H003S,,NO_MATCH,,No exact WCR number or unique state-well-number crosswalk.,33.753,-117.9224,DWR periodic station table,,,,,False,,No Shallow/Principal/Deep assignment from invented depth thresholds; authoritative OCWD/model metadata required.
337532N1178426W001,05S09W08G002S,,HIGH_CONFIDENCE_METADATA_MATCH,WCR2005-011641,Unique DWR state-well-number crosswalk links the station to one WCR master row.,33.7532,-117.8426,DWR periodic station table,33.75285,-117.83942,Derived from TRS,Centroid of Section,False,,No Shallow/Principal/Deep assignment from invented depth thresholds; authoritative OCWD/model metadata required.
337533N1180914W001,05S12W12E001S,,NO_MATCH,,No exact WCR number or unique state-well-number crosswalk.,33.7533,-118.0914,DWR periodic station table,,,,,False,,No Shallow/Principal/Deep assignment from invented depth thresholds; authoritative OCWD/model metadata required.
337538N1180358W001,05S11W09F002S,,NO_MATCH,,No exact WCR number or unique state-well-number crosswalk.,33.7538,-118.0358,DWR periodic station table,,,,,False,,No Shallow/Principal/Deep assignment from invented depth thresholds; authoritative OCWD/model metadata required.
337539N1179722W001,05S10W07E002S,,HIGH_CONFIDENCE_METADATA_MATCH,WCR1955-002200,Unique DWR state-well-number crosswalk links the station to one WCR master row.,33.7539,-117.9722,DWR periodic station table,33.7525,-117.96342,Derived from TRS,Centroid of Section,False,,No Shallow/Principal/Deep assignment from invented depth thresholds; authoritative OCWD/model metadata required.
337545N1180773W001,05S11W07E000S,,NO_MATCH,,No exact WCR number or unique state-well-number crosswalk.,33.7545,-118.0773,DWR periodic station table,,,,,False,,No Shallow/Principal/Deep assignment from invented depth thresholds; authoritative OCWD/model metadata required.
337545N1180773W002,05S11W07E015S,,NO_MATCH,,No exact WCR number or unique state-well-number crosswalk.,33.7545,-118.0773,DWR periodic station table,,,,,False,,No Shallow/Principal/Deep assignment from invented depth thresholds; authoritative OCWD/model metadata required.
337549N1180436W001,05S11W08H001S,e0260267,EXACT_ID,WCR2015-003017,DWR periodic station WCR number equals the DWR WCR legacy-log identifier.,33.75494,-118.04363,DWR periodic station table,33.7549444,-118.0436111,,,False,,No Shallow/Principal/Deep assignment from invented depth thresholds; authoritative OCWD/model metadata required.
337549N1180436W002,,e0260267,EXACT_ID,WCR2015-003017,DWR periodic station WCR number equals the DWR WCR legacy-log identifier.,33.75494,-118.04363,DWR periodic station table,33.7549444,-118.0436111,,,False,,No Shallow/Principal/Deep assignment from invented depth thresholds; authoritative OCWD/model metadata required.
337549N1180436W003,,e0260267,EXACT_ID,WCR2015-003017,DWR periodic station WCR number equals the DWR WCR legacy-log identifier.,33.75494,-118.04363,DWR periodic station table,33.7549444,-118.0436111,,,False,,No Shallow/Principal/Deep assignment from invented depth thresholds; authoritative OCWD/model metadata required.
337549N1180436W004,,e0260267,EXACT_ID,WCR2015-003017,DWR periodic station WCR number equals the DWR WCR legacy-log identifier.,33.75494,-118.04363,DWR periodic station table,33.7549444,-118.0436111,,,False,,No Shallow/Principal/Deep assignment from invented depth thresholds; authoritative OCWD/model metadata required.
337561N1178051W001,05S09W10G001S,,NO_MATCH,,No exact WCR number or unique state-well-number crosswalk.,33.7561,-117.8051,DWR periodic station table,,,,,False,,No Shallow/Principal/Deep assignment from invented depth thresholds; authoritative OCWD/model metadata required.
337563N1180839W001,05S12W12B008S,e0250185,EXACT_ID,WCR2015-003049,DWR periodic station WCR number equals the DWR WCR legacy-log identifier.,33.7563,-118.08395,DWR periodic station table,33.7563056,-118.0839444,,,False,,No Shallow/Principal/Deep assignment from invented depth thresholds; authoritative OCWD/model metadata required.
337563N1180839W002,,e0250185,EXACT_ID,WCR2015-003049,DWR periodic station WCR number equals the DWR WCR legacy-log identifier.,33.7563,-118.08395,DWR periodic station table,33.7563056,-118.0839444,,,False,,No Shallow/Principal/Deep assignment from invented depth thresholds; authoritative OCWD/model metadata required.
337563N1180839W003,,e0250185,EXACT_ID,WCR2015-003049,DWR periodic station WCR number equals the DWR WCR legacy-log identifier.,33.7563,-118.08395,DWR periodic station table,33.7563056,-118.0839444,,,False,,No Shallow/Principal/Deep assignment from invented depth thresholds; authoritative OCWD/model metadata required.
337563N1180839W004,,e0250185,EXACT_ID,WCR2015-003049,DWR periodic station WCR number equals the DWR WCR legacy-log identifier.,33.7563,-118.08395,DWR periodic station table,33.7563056,-118.0839444,,,False,,No Shallow/Principal/Deep assignment from invented depth thresholds; authoritative OCWD/model metadata required.
337564N1180702W001,05S11W07C003S,e0249602,EXACT_ID,WCR2015-003050,DWR periodic station WCR number equals the DWR WCR legacy-log identifier.,33.75644,-118.07022,DWR periodic station table,33.7564444,-118.0702222,,,False,,No Shallow/Principal/Deep assignment from invented depth thresholds; authoritative OCWD/model metadata required.
337564N1180702W002,,e0249602,EXACT_ID,WCR2015-003050,DWR periodic station WCR number equals the DWR WCR legacy-log identifier.,33.75644,-118.07022,DWR periodic station table,33.7564444,-118.0702222,,,False,,No Shallow/Principal/Deep assignment from invented depth thresholds; authoritative OCWD/model metadata required.
337564N1180702W003,,e0249602,EXACT_ID,WCR2015-003050,DWR periodic station WCR number equals the DWR WCR legacy-log identifier.,33.75644,-118.07022,DWR periodic station table,33.7564444,-118.0702222,,,False,,No Shallow/Principal/Deep assignment from invented depth thresholds; authoritative OCWD/model metadata required.
337564N1180702W004,,e0249602,EXACT_ID,WCR2015-003050,DWR periodic station WCR number equals the DWR WCR legacy-log identifier.,33.75644,-118.07022,DWR periodic station table,33.7564444,-118.0702222,,,False,,No Shallow/Principal/Deep assignment from invented depth thresholds; authoritative OCWD/model metadata required.
337571N1180211W001,05S11W10D006S,,HIGH_CONFIDENCE_METADATA_MATCH,WCR2000-012681,Unique DWR state-well-number crosswalk links the station to one WCR master row.,33.7571,-118.0211,DWR periodic station table,33.75191,-118.01548,Derived from TRS,Centroid of Section,False,,No Shallow/Principal/Deep assignment from invented depth thresholds; authoritative OCWD/model metadata required.
337573N1179875W001,05S11W12E003S,,NO_MATCH,,No exact WCR number or unique state-well-number crosswalk.,33.7573,-117.9875,DWR periodic station table,,,,,False,,No Shallow/Principal/Deep assignment from invented depth thresholds; authoritative OCWD/model metadata required.
337573N1179914W001,05S11W11A000S,,NO_MATCH,,No exact WCR number or unique state-well-number crosswalk.,33.7573,-117.9914,DWR periodic station table,,,,,False,,No Shallow/Principal/Deep assignment from invented depth thresholds; authoritative OCWD/model metadata required.
337573N1179914W002,05S11W11A001S,,NO_MATCH,,No exact WCR number or unique state-well-number crosswalk.,33.7573,-117.9914,DWR periodic station table,,,,,False,,No Shallow/Principal/Deep assignment from invented depth thresholds; authoritative OCWD/model metadata required.
337575N1180782W001,05S12W12A000S,,NO_MATCH,,No exact WCR number or unique state-well-number crosswalk.,33.7575,-118.0782,DWR periodic station table,,,,,False,,No Shallow/Principal/Deep assignment from invented depth thresholds; authoritative OCWD/model metadata required.
337575N1180782W002,05S12W12A014S,,NO_MATCH,,No exact WCR number or unique state-well-number crosswalk.,33.7575,-118.0782,DWR periodic station table,,,,,False,,No Shallow/Principal/Deep assignment from invented depth thresholds; authoritative OCWD/model metadata required.
337582N1178397W001,05S09W08B002S,,NO_MATCH,,No exact WCR number or unique state-well-number crosswalk.,33.7582,-117.8397,DWR periodic station table,,,,,False,,No Shallow/Principal/Deep assignment from invented depth thresholds; authoritative OCWD/model metadata required.
337588N1179714W001,05S10W07D003S,,HIGH_CONFIDENCE_METADATA_MATCH,WCR1776-009183,Unique DWR state-well-number crosswalk links the station to one WCR master row.,33.7588,-117.9714,DWR periodic station table,33.7525,-117.96342,Derived from TRS,Centroid of Section,False,,No Shallow/Principal/Deep assignment from invented depth thresholds; authoritative OCWD/model metadata required.
337589N1179207W001,05S10W10D004S,,AMBIGUOUS,,State-well-number crosswalk returns multiple WCR candidates or duplicate master rows.,33.7589,-117.9207,DWR periodic station table,,,,,False,,No Shallow/Principal/Deep assignment from invented depth thresholds; authoritative OCWD/model metadata required.
337591N1180435W001,05S11W08A001S,"349314,15",HIGH_CONFIDENCE_METADATA_MATCH,WCR1993-011463,Unique DWR state-well-number crosswalk links the station to one WCR master row.,33.75909,-118.0435,DWR periodic station table,33.75105,-118.05017,Derived from TRS,Centroid of Section,False,,No Shallow/Principal/Deep assignment from invented depth thresholds; authoritative OCWD/model metadata required.
337591N1180435W002,,"349314,15",NO_MATCH,,No exact WCR number or unique state-well-number crosswalk.,33.75909,-118.0435,DWR periodic station table,,,,,False,,No Shallow/Principal/Deep assignment from invented depth thresholds; authoritative OCWD/model metadata required.
337591N1180435W003,,"349314,15",NO_MATCH,,No exact WCR number or unique state-well-number crosswalk.,33.75909,-118.0435,DWR periodic station table,,,,,False,,No Shallow/Principal/Deep assignment from invented depth thresholds; authoritative OCWD/model metadata required.
337593N1180743W001,05S11W07C002S,,AMBIGUOUS,,State-well-number crosswalk returns multiple WCR candidates or duplicate master rows.,33.7593,-118.0743,DWR periodic station table,,,,,False,,No Shallow/Principal/Deep assignment from invented depth thresholds; authoritative OCWD/model metadata required.
337594N1178086W001,05S09W10C003S,,HIGH_CONFIDENCE_METADATA_MATCH,WCR2002-012526,Unique DWR state-well-number crosswalk links the station to one WCR master row.,33.7594,-117.8086,DWR periodic station table,33.75275,-117.80523,Derived from TRS,Centroid of Section,False,,No Shallow/Principal/Deep assignment from invented depth thresholds; authoritative OCWD/model metadata required.
337595N1180740W001,05S11W07C001S,,AMBIGUOUS,,State-well-number crosswalk returns multiple WCR candidates or duplicate master rows.,33.7595,-118.074,DWR periodic station table,,,,,False,,No Shallow/Principal/Deep assignment from invented depth thresholds; authoritative OCWD/model metadata required.
337597N1179074W001,05S10W10A005S,,NO_MATCH,,No exact WCR number or unique state-well-number crosswalk.,33.7597,-117.9074,DWR periodic station table,,,,,False,,No Shallow/Principal/Deep assignment from invented depth thresholds; authoritative OCWD/model metadata required.
337603N1179152W001,05S10W03P001S,,NO_MATCH,,No exact WCR number or unique state-well-number crosswalk.,33.7603,-117.9152,DWR periodic station table,,,,,False,,No Shallow/Principal/Deep assignment from invented depth thresholds; authoritative OCWD/model metadata required.
337608N1179975W001,05S11W02Q006S,,HIGH_CONFIDENCE_METADATA_MATCH,WCR2000-012714,Unique DWR state-well-number crosswalk links the station to one WCR master row.,33.7608,-117.9975,DWR periodic station table,33.76683,-117.99827,Derived from TRS,Centroid of Section,False,,No Shallow/Principal/Deep assignment from invented depth thresholds; authoritative OCWD/model metadata required.
337616N1180275W001,05S11W04R003S,,NO_MATCH,,No exact WCR number or unique state-well-number crosswalk.,33.7616,-118.0275,DWR periodic station table,,,,,False,,No Shallow/Principal/Deep assignment from invented depth thresholds; authoritative OCWD/model metadata required.
337617N1179047W001,05S10W03R001S,,NO_MATCH,,No exact WCR number or unique state-well-number crosswalk.,33.7617,-117.9047,DWR periodic station table,,,,,False,,No Shallow/Principal/Deep assignment from invented depth thresholds; authoritative OCWD/model metadata required.
337621N1180855W001,05S12W01Q001S,,NO_MATCH,,No exact WCR number or unique state-well-number crosswalk.,33.76217,-118.08553,DWR periodic station table,,,,,False,,No Shallow/Principal/Deep assignment from invented depth thresholds; authoritative OCWD/model metadata required.
337632N1179423W001,05S10W05R002S,,HIGH_CONFIDENCE_METADATA_MATCH,WCR1952-001801,Unique DWR state-well-number crosswalk links the station to one WCR master row.,33.7632,-117.9423,DWR periodic station table,33.76712,-117.94628,Derived from TRS,Centroid of Section,False,,No Shallow/Principal/Deep assignment from invented depth thresholds; authoritative OCWD/model metadata required.
337646N1178432W001,05S09W05L001S,"344385,86",HIGH_CONFIDENCE_METADATA_MATCH,WCR1991-020642,Unique DWR state-well-number crosswalk links the station to one WCR master row.,33.76461,-117.84325,DWR periodic station table,33.76711,-117.83941,Derived from TRS,Centroid of Section,False,,No Shallow/Principal/Deep assignment from invented depth thresholds; authoritative OCWD/model metadata required.
337646N1178432W002,,"344385,86",NO_MATCH,,No exact WCR number or unique state-well-number crosswalk.,33.76461,-117.84325,DWR periodic station table,,,,,False,,No Shallow/Principal/Deep assignment from invented depth thresholds; authoritative OCWD/model metadata required.
337646N1178432W003,,"344385,86",NO_MATCH,,No exact WCR number or unique state-well-number crosswalk.,33.76461,-117.84325,DWR periodic station table,,,,,False,,No Shallow/Principal/Deep assignment from invented depth thresholds; authoritative OCWD/model metadata required.
337651N1179102W001,05S10W03K001S,,HIGH_CONFIDENCE_METADATA_MATCH,WCR1960-001860,Unique DWR state-well-number crosswalk links the station to one WCR master row.,33.7651,-117.9102,DWR periodic station table,33.76725,-117.91165,Derived from TRS,Centroid of Section,False,,No Shallow/Principal/Deep assignment from invented depth thresholds; authoritative OCWD/model metadata required.
337668N1179312W001,05S10W04L001S,,AMBIGUOUS,,State-well-number crosswalk returns multiple WCR candidates or duplicate master rows.,33.7668,-117.9312,DWR periodic station table,,,,,False,,No Shallow/Principal/Deep assignment from invented depth thresholds; authoritative OCWD/model metadata required.
337674N1179341W001,05S10W04E001S,,NO_MATCH,,No exact WCR number or unique state-well-number crosswalk.,33.7674,-117.9341,DWR periodic station table,,,,,False,,No Shallow/Principal/Deep assignment from invented depth thresholds; authoritative OCWD/model metadata required.
337680N1179728W001,05S11W01H001S,,AMBIGUOUS,,State-well-number crosswalk returns multiple WCR candidates or duplicate master rows.,33.768,-117.9728,DWR periodic station table,,,,,False,,No Shallow/Principal/Deep assignment from invented depth thresholds; authoritative OCWD/model metadata required.
337680N1180073W001,05S11W03H005S,,HIGH_CONFIDENCE_METADATA_MATCH,WCR2005-014300,Unique DWR state-well-number crosswalk links the station to one WCR master row.,33.768,-118.0073,DWR periodic station table,33.76622,-118.01558,Derived from TRS,Centroid of Section,False,,No Shallow/Principal/Deep assignment from invented depth thresholds; authoritative OCWD/model metadata required.
337682N1178845W001,05S10W01E004S,,HIGH_CONFIDENCE_METADATA_MATCH,WCR2000-012031,Unique DWR state-well-number crosswalk links the station to one WCR master row.,33.7682,-117.8845,DWR periodic station table,33.7673,-117.87617,Derived from TRS,Centroid of Section,False,,No Shallow/Principal/Deep assignment from invented depth thresholds; authoritative OCWD/model metadata required.
337685N1178908W001,05S10W02G001S,,HIGH_CONFIDENCE_METADATA_MATCH,WCR1965-001659,Unique DWR state-well-number crosswalk links the station to one WCR master row.,33.7685,-117.8908,DWR periodic station table,33.76733,-117.8938,Derived from TRS,Centroid of Section,False,,No Shallow/Principal/Deep assignment from invented depth thresholds; authoritative OCWD/model metadata required.
337688N1178844W001,05S10W01E001S,,AMBIGUOUS,,State-well-number crosswalk returns multiple WCR candidates or duplicate master rows.,33.7688,-117.8844,DWR periodic station table,,,,,False,,No Shallow/Principal/Deep assignment from invented depth thresholds; authoritative OCWD/model metadata required.
337690N1179071W001,05S10W03H001S,,NO_MATCH,,No exact WCR number or unique state-well-number crosswalk.,33.769,-117.9071,DWR periodic station table,,,,,False,,No Shallow/Principal/Deep assignment from invented depth thresholds; authoritative OCWD/model metadata required.
337696N1179861W001,05S11W01E002S,,NO_MATCH,,No exact WCR number or unique state-well-number crosswalk.,33.7696,-117.9861,DWR periodic station table,,,,,False,,No Shallow/Principal/Deep assignment from invented depth thresholds; authoritative OCWD/model metadata required.
337699N1179951W001,05S11W02B002S,,NO_MATCH,,No exact WCR number or unique state-well-number crosswalk.,33.7699,-117.9951,DWR periodic station table,,,,,False,,No Shallow/Principal/Deep assignment from invented depth thresholds; authoritative OCWD/model metadata required.
337711N1180919W001,05S12W01D001S,,NO_MATCH,,No exact WCR number or unique state-well-number crosswalk.,33.77111,-118.09193,DWR periodic station table,,,,,False,,No Shallow/Principal/Deep assignment from invented depth thresholds; authoritative OCWD/model metadata required.
337712N1178409W001,05S09W05B001S,,NO_MATCH,,No exact WCR number or unique state-well-number crosswalk.,33.7712,-117.8409,DWR periodic station table,,,,,False,,No Shallow/Principal/Deep assignment from invented depth thresholds; authoritative OCWD/model metadata required.
337722N1180390W001,05S11W04D001S,,NO_MATCH,,No exact WCR number or unique state-well-number crosswalk.,33.7722,-118.039,DWR periodic station table,,,,,False,,No Shallow/Principal/Deep assignment from invented depth thresholds; authoritative OCWD/model metadata required.
337730N1180118W001,05S11W03A000S,,NO_MATCH,,No exact WCR number or unique state-well-number crosswalk.,33.773,-118.0118,DWR periodic station table,,,,,False,,No Shallow/Principal/Deep assignment from invented depth thresholds; authoritative OCWD/model metadata required.
337730N1180118W002,05S11W03A005S,,NO_MATCH,,No exact WCR number or unique state-well-number crosswalk.,33.773,-118.0118,DWR periodic station table,,,,,False,,No Shallow/Principal/Deep assignment from invented depth thresholds; authoritative OCWD/model metadata required.
337731N1178321W001,05S09W04D003S,,HIGH_CONFIDENCE_METADATA_MATCH,WCR2002-013323,Unique DWR state-well-number crosswalk links the station to one WCR master row.,33.7731,-117.8321,DWR periodic station table,33.76701,-117.82175,Derived from TRS,Centroid of Section,False,,No Shallow/Principal/Deep assignment from invented depth thresholds; authoritative OCWD/model metadata required.
337731N1180419W001,05S11W04D002S,,HIGH_CONFIDENCE_METADATA_MATCH,WCR1971-002594,Unique DWR state-well-number crosswalk links the station to one WCR master row.,33.7731,-118.0419,DWR periodic station table,33.76548,-118.03293,Derived from TRS,Centroid of Section,False,,No Shallow/Principal/Deep assignment from invented depth thresholds; authoritative OCWD/model metadata required.
337732N1178417W001,05S09W05B003S,,HIGH_CONFIDENCE_METADATA_MATCH,WCR1981-008386,Unique DWR state-well-number crosswalk links the station to one WCR master row.,33.7732,-117.8417,DWR periodic station table,33.76711,-117.83941,Derived from TRS,Centroid of Section,False,,No Shallow/Principal/Deep assignment from invented depth thresholds; authoritative OCWD/model metadata required.
337736N1179813W001,05S11W01C002S,,NO_MATCH,,No exact WCR number or unique state-well-number crosswalk.,33.7736,-117.9813,DWR periodic station table,,,,,False,,No Shallow/Principal/Deep assignment from invented depth thresholds; authoritative OCWD/model metadata required.
337739N1178918W001,05S10W02B002S,,NO_MATCH,,No exact WCR number or unique state-well-number crosswalk.,33.7739,-117.8918,DWR periodic station table,,,,,False,,No Shallow/Principal/Deep assignment from invented depth thresholds; authoritative OCWD/model metadata required.
337739N1178987W001,05S10W02E001S,,NO_MATCH,,No exact WCR number or unique state-well-number crosswalk.,33.7739,-117.8987,DWR periodic station table,,,,,False,,No Shallow/Principal/Deep assignment from invented depth thresholds; authoritative OCWD/model metadata required.
337739N1180262W001,05S11W04A001S,,AMBIGUOUS,,State-well-number crosswalk returns multiple WCR candidates or duplicate master rows.,33.7739,-118.0262,DWR periodic station table,,,,,False,,No Shallow/Principal/Deep assignment from invented depth thresholds; authoritative OCWD/model metadata required.
337744N1179482W001,04S10W32Q002S,,AMBIGUOUS,,State-well-number crosswalk returns multiple WCR candidates or duplicate master rows.,33.7744,-117.9482,DWR periodic station table,,,,,False,,No Shallow/Principal/Deep assignment from invented depth thresholds; authoritative OCWD/model metadata required.
337747N1179180W001,04S10W34P001S,,HIGH_CONFIDENCE_METADATA_MATCH,WCR1952-001719,Unique DWR state-well-number crosswalk links the station to one WCR master row.,33.7747,-117.918,DWR periodic station table,33.78178,-117.91471,Derived from TRS,Centroid of Section,False,,No Shallow/Principal/Deep assignment from invented depth thresholds; authoritative OCWD/model metadata required.
337754N1178448W001,04S09W32P001S,,NO_MATCH,,No exact WCR number or unique state-well-number crosswalk.,33.7754,-117.8448,DWR periodic station table,,,,,False,,No Shallow/Principal/Deep assignment from invented depth thresholds; authoritative OCWD/model metadata required.
337756N1179071W001,04S10W34R002S,,HIGH_CONFIDENCE_METADATA_MATCH,WCR1954-002113,Unique DWR state-well-number crosswalk links the station to one WCR master row.,33.7756,-117.9071,DWR periodic station table,33.78178,-117.91471,Derived from TRS,Centroid of Section,False,,No Shallow/Principal/Deep assignment from invented depth thresholds; authoritative OCWD/model metadata required.
337770N1179685W001,04S10W31P001S,,AMBIGUOUS,,State-well-number crosswalk returns multiple WCR candidates or duplicate master rows.,33.777,-117.9685,DWR periodic station table,,,,,False,,No Shallow/Principal/Deep assignment from invented depth thresholds; authoritative OCWD/model metadata required.
337773N1178438W001,04S09W32K001S,,AMBIGUOUS,,State-well-number crosswalk returns multiple WCR candidates or duplicate master rows.,33.7773,-117.8438,DWR periodic station table,,,,,False,,No Shallow/Principal/Deep assignment from invented depth thresholds; authoritative OCWD/model metadata required.
337778N1179106W001,04S10W34R003S,,NO_MATCH,,No exact WCR number or unique state-well-number crosswalk.,33.7778,-117.9106,DWR periodic station table,,,,,False,,No Shallow/Principal/Deep assignment from invented depth thresholds; authoritative OCWD/model metadata required.
337779N1179480W001,04S10W32K001S,"349227,28",HIGH_CONFIDENCE_METADATA_MATCH,WCR1992-017555,Unique DWR state-well-number crosswalk links the station to one WCR master row.,33.77785,-117.94804,DWR periodic station table,33.78161,-117.94967,Derived from TRS,Centroid of Section,False,,No Shallow/Principal/Deep assignment from invented depth thresholds; authoritative OCWD/model metadata required.
337779N1179480W002,,"349227,28",NO_MATCH,,No exact WCR number or unique state-well-number crosswalk.,33.77785,-117.94804,DWR periodic station table,,,,,False,,No Shallow/Principal/Deep assignment from invented depth thresholds; authoritative OCWD/model metadata required.
337779N1179480W003,,"349227,28",NO_MATCH,,No exact WCR number or unique state-well-number crosswalk.,33.77785,-117.94804,DWR periodic station table,,,,,False,,No Shallow/Principal/Deep assignment from invented depth thresholds; authoritative OCWD/model metadata required.
337795N1178982W001,04S10W35K001S,,NO_MATCH,,No exact WCR number or unique state-well-number crosswalk.,33.7795,-117.8982,DWR periodic station table,,,,,False,,No Shallow/Principal/Deep assignment from invented depth thresholds; authoritative OCWD/model metadata required.
337800N1180851W001,04S12W36J001S,,NO_MATCH,,No exact WCR number or unique state-well-number crosswalk.,33.78,-118.0851,DWR periodic station table,,,,,False,,No Shallow/Principal/Deep assignment from invented depth thresholds; authoritative OCWD/model metadata required.
337803N1178225W001,04S09W33J001S,,HIGH_CONFIDENCE_METADATA_MATCH,WCR1958-001352,Unique DWR state-well-number crosswalk links the station to one WCR master row.,33.7803,-117.8225,DWR periodic station table,33.78113,-117.82681,Derived from TRS,Centroid of Section,False,,No Shallow/Principal/Deep assignment from invented depth thresholds; authoritative OCWD/model metadata required.
337806N1178326W001,04S09W33M001S,,AMBIGUOUS,,State-well-number crosswalk returns multiple WCR candidates or duplicate master rows.,33.7806,-117.8326,DWR periodic station table,,,,,False,,No Shallow/Principal/Deep assignment from invented depth thresholds; authoritative OCWD/model metadata required.
337815N1180637W001,04S11W32G003S,,AMBIGUOUS,,State-well-number crosswalk returns multiple WCR candidates or duplicate master rows.,33.7815,-118.0637,DWR periodic station table,,,,,False,,No Shallow/Principal/Deep assignment from invented depth thresholds; authoritative OCWD/model metadata required.
337816N1179125W001,04S10W34K001S,,NO_MATCH,,No exact WCR number or unique state-well-number crosswalk.,33.7816,-117.9125,DWR periodic station table,,,,,False,,No Shallow/Principal/Deep assignment from invented depth thresholds; authoritative OCWD/model metadata required.
337820N1179029W001,04S10W35E002S,,HIGH_CONFIDENCE_METADATA_MATCH,WCR1960-001798,Unique DWR state-well-number crosswalk links the station to one WCR master row.,33.782,-117.9029,DWR periodic station table,33.78186,-117.89733,Derived from TRS,Centroid of Section,False,,No Shallow/Principal/Deep assignment from invented depth thresholds; authoritative OCWD/model metadata required.
337834N1180549W001,04S11W32F000S,,NO_MATCH,,No exact WCR number or unique state-well-number crosswalk.,33.7834,-118.0549,DWR periodic station table,,,,,False,,No Shallow/Principal/Deep assignment from invented depth thresholds; authoritative OCWD/model metadata required.
337834N1180549W002,04S11W32F001S,,NO_MATCH,,No exact WCR number or unique state-well-number crosswalk.,33.7834,-118.0549,DWR periodic station table,,,,,False,,No Shallow/Principal/Deep assignment from invented depth thresholds; authoritative OCWD/model metadata required.
337844N1179361W001,04S10W33F001S,,HIGH_CONFIDENCE_METADATA_MATCH,WCR1952-001718,Unique DWR state-well-number crosswalk links the station to one WCR master row.,33.7844,-117.9361,DWR periodic station table,33.78171,-117.93221,Derived from TRS,Centroid of Section,False,,No Shallow/Principal/Deep assignment from invented depth thresholds; authoritative OCWD/model metadata required.
337847N1179679W001,04S10W31F001S,,NO_MATCH,,No exact WCR number or unique state-well-number crosswalk.,33.7847,-117.9679,DWR periodic station table,,,,,False,,No Shallow/Principal/Deep assignment from invented depth thresholds; authoritative OCWD/model metadata required.
337851N1179118W001,04S10W34B001S,,NO_MATCH,,No exact WCR number or unique state-well-number crosswalk.,33.7851,-117.9118,DWR periodic station table,,,,,False,,No Shallow/Principal/Deep assignment from invented depth thresholds; authoritative OCWD/model metadata required.
337851N1180522W001,04S11W32G002S,,NO_MATCH,,No exact WCR number or unique state-well-number crosswalk.,33.7851,-118.0522,DWR periodic station table,,,,,False,,No Shallow/Principal/Deep assignment from invented depth thresholds; authoritative OCWD/model metadata required.
337854N1178952W001,04S10W35B004S,,HIGH_CONFIDENCE_METADATA_MATCH,WCR2001-013619,Unique DWR state-well-number crosswalk links the station to one WCR master row.,33.7854,-117.8952,DWR periodic station table,33.78186,-117.89733,Derived from TRS,Centroid of Section,False,,No Shallow/Principal/Deep assignment from invented depth thresholds; authoritative OCWD/model metadata required.
337856N1178834W001,04S10W36C003S,255934,EXACT_ID,WCR1988-017004,DWR periodic station WCR number equals the DWR WCR legacy-log identifier.,33.78562,-117.8834,DWR periodic station table,33.78136,-117.88049,Derived from TRS,Centroid of Section,False,,No Shallow/Principal/Deep assignment from invented depth thresholds; authoritative OCWD/model metadata required.
337856N1178834W002,,255934,EXACT_ID,WCR1988-017004,DWR periodic station WCR number equals the DWR WCR legacy-log identifier.,33.78562,-117.8834,DWR periodic station table,33.78136,-117.88049,Derived from TRS,Centroid of Section,False,,No Shallow/Principal/Deep assignment from invented depth thresholds; authoritative OCWD/model metadata required.
337856N1178834W003,,255934,EXACT_ID,WCR1988-017004,DWR periodic station WCR number equals the DWR WCR legacy-log identifier.,33.78562,-117.8834,DWR periodic station table,33.78136,-117.88049,Derived from TRS,Centroid of Section,False,,No Shallow/Principal/Deep assignment from invented depth thresholds; authoritative OCWD/model metadata required.
337856N1179996W001,04S11W35B001S,,AMBIGUOUS,,State-well-number crosswalk returns multiple WCR candidates or duplicate master rows.,33.7856,-117.9996,DWR periodic station table,,,,,False,,No Shallow/Principal/Deep assignment from invented depth thresholds; authoritative OCWD/model metadata required.
337856N1180797W001,04S11W31D002S,,NO_MATCH,,No exact WCR number or unique state-well-number crosswalk.,33.7856,-118.0797,DWR periodic station table,,,,,False,,No Shallow/Principal/Deep assignment from invented depth thresholds; authoritative OCWD/model metadata required.
337861N1178587W001,04S09W31B001S,,NO_MATCH,,No exact WCR number or unique state-well-number crosswalk.,33.7861,-117.8587,DWR periodic station table,,,,,False,,No Shallow/Principal/Deep assignment from invented depth thresholds; authoritative OCWD/model metadata required.
337861N1180732W001,04S11W31F003S,,NO_MATCH,,No exact WCR number or unique state-well-number crosswalk.,33.7861,-118.0732,DWR periodic station table,,,,,False,,No Shallow/Principal/Deep assignment from invented depth thresholds; authoritative OCWD/model metadata required.
337870N1179682W001,04S10W31B002S,,NO_MATCH,,No exact WCR number or unique state-well-number crosswalk.,33.787,-117.9682,DWR periodic station table,,,,,False,,No Shallow/Principal/Deep assignment from invented depth thresholds; authoritative OCWD/model metadata required.
337873N1179563W001,04S10W32D001S,,HIGH_CONFIDENCE_METADATA_MATCH,WCR1952-001717,Unique DWR state-well-number crosswalk links the station to one WCR master row.,33.7873,-117.9563,DWR periodic station table,33.78161,-117.94967,Derived from TRS,Centroid of Section,False,,No Shallow/Principal/Deep assignment from invented depth thresholds; authoritative OCWD/model metadata required.
337876N1179065W001,04S10W34A004S,,HIGH_CONFIDENCE_METADATA_MATCH,WCR2005-011640,Unique DWR state-well-number crosswalk links the station to one WCR master row.,33.7876,-117.9065,DWR periodic station table,33.78178,-117.91471,Derived from TRS,Centroid of Section,False,,No Shallow/Principal/Deep assignment from invented depth thresholds; authoritative OCWD/model metadata required.
337881N1179229W001,04S10W34D003S,,AMBIGUOUS,,State-well-number crosswalk returns multiple WCR candidates or duplicate master rows.,33.7881,-117.9229,DWR periodic station table,,,,,False,,No Shallow/Principal/Deep assignment from invented depth thresholds; authoritative OCWD/model metadata required.
337883N1179325W001,04S10W33C001S,,NO_MATCH,,No exact WCR number or unique state-well-number crosswalk.,33.7883,-117.9325,DWR periodic station table,,,,,False,,No Shallow/Principal/Deep assignment from invented depth thresholds; authoritative OCWD/model metadata required.
337886N1180495W001,04S11W29R001S,,NO_MATCH,,No exact WCR number or unique state-well-number crosswalk.,33.7886,-118.0495,DWR periodic station table,,,,,False,,No Shallow/Principal/Deep assignment from invented depth thresholds; authoritative OCWD/model metadata required.
337889N1178892W001,04S10W35A003S,,NO_MATCH,,No exact WCR number or unique state-well-number crosswalk.,33.7889,-117.8892,DWR periodic station table,,,,,False,,No Shallow/Principal/Deep assignment from invented depth thresholds; authoritative OCWD/model metadata required.
337891N1179216W001,04S10W27N002S,,NO_MATCH,,No exact WCR number or unique state-well-number crosswalk.,33.7891,-117.9216,DWR periodic station table,,,,,False,,No Shallow/Principal/Deep assignment from invented depth thresholds; authoritative OCWD/model metadata required.
337908N1179594W001,04S10W30R001S,,HIGH_CONFIDENCE_METADATA_MATCH,WCR1954-002111,Unique DWR state-well-number crosswalk links the station to one WCR master row.,33.7908,-117.9594,DWR periodic station table,33.79606,-117.96701,Derived from TRS,Centroid of Section,False,,No Shallow/Principal/Deep assignment from invented depth thresholds; authoritative OCWD/model metadata required.
337909N1180459W001,04S11W28N001S,,HIGH_CONFIDENCE_METADATA_MATCH,WCR1967-001799,Unique DWR state-well-number crosswalk links the station to one WCR master row.,33.7909,-118.0459,DWR periodic station table,33.79589,-118.03635,Derived from TRS,Centroid of Section,False,,No Shallow/Principal/Deep assignment from invented depth thresholds; authoritative OCWD/model metadata required.
337910N1178268W001,04S09W28Q001S,"344373,74",AMBIGUOUS,,State-well-number crosswalk returns multiple WCR candidates or duplicate master rows.,33.79103,-117.82677,DWR periodic station table,,,,,False,,No Shallow/Principal/Deep assignment from invented depth thresholds; authoritative OCWD/model metadata required.
337930N1180795W001,04S11W30M004S,,NO_MATCH,,No exact WCR number or unique state-well-number crosswalk.,33.793,-118.0795,DWR periodic station table,,,,,False,,No Shallow/Principal/Deep assignment from invented depth thresholds; authoritative OCWD/model metadata required.
337932N1178916W001,04S10W26J002S,,NO_MATCH,,No exact WCR number or unique state-well-number crosswalk.,33.7932,-117.8916,DWR periodic station table,,,,,False,,No Shallow/Principal/Deep assignment from invented depth thresholds; authoritative OCWD/model metadata required.
337932N1180795W001,04S11W30M006S,,HIGH_CONFIDENCE_METADATA_MATCH,WCR1974-003689,Unique DWR state-well-number crosswalk links the station to one WCR master row.,33.7932,-118.0795,DWR periodic station table,33.79579,-118.07217,Derived from TRS,Centroid of Section,False,,No Shallow/Principal/Deep assignment from invented depth thresholds; authoritative OCWD/model metadata required.
337939N1180548W001,04S11W29L003S,,AMBIGUOUS,,State-well-number crosswalk returns multiple WCR candidates or duplicate master rows.,33.7939,-118.0548,DWR periodic station table,,,,,False,,No Shallow/Principal/Deep assignment from invented depth thresholds; authoritative OCWD/model metadata required.
337945N1178924W001,04S10W26J001S,,NO_MATCH,,No exact WCR number or unique state-well-number crosswalk.,33.7945,-117.8924,DWR periodic station table,,,,,False,,No Shallow/Principal/Deep assignment from invented depth thresholds; authoritative OCWD/model metadata required.
337955N1179760W001,04S11W25J004S,349246,EXACT_ID,WCR1992-017585,DWR periodic station WCR number equals the DWR WCR legacy-log identifier.,33.79559,-117.976,DWR periodic station table,33.79599,-117.98412,Derived from TRS,Centroid of Section,False,,No Shallow/Principal/Deep assignment from invented depth thresholds; authoritative OCWD/model metadata required.
337959N1180672W001,04S11W30H001S,"349297,98,99",NO_MATCH,,No exact WCR number or unique state-well-number crosswalk.,33.79591,-118.06725,DWR periodic station table,,,,,False,,No Shallow/Principal/Deep assignment from invented depth thresholds; authoritative OCWD/model metadata required.
337959N1180672W002,,"349297,98,99",NO_MATCH,,No exact WCR number or unique state-well-number crosswalk.,33.79591,-118.06725,DWR periodic station table,,,,,False,,No Shallow/Principal/Deep assignment from invented depth thresholds; authoritative OCWD/model metadata required.
337959N1180672W003,,"349297,98,99",NO_MATCH,,No exact WCR number or unique state-well-number crosswalk.,33.79591,-118.06725,DWR periodic station table,,,,,False,,No Shallow/Principal/Deep assignment from invented depth thresholds; authoritative OCWD/model metadata required.
337960N1179678W001,04S10W30F002S,,NO_MATCH,,No exact WCR number or unique state-well-number crosswalk.,33.796,-117.9678,DWR periodic station table,,,,,False,,No Shallow/Principal/Deep assignment from invented depth thresholds; authoritative OCWD/model metadata required.
337961N1178893W001,04S10W25E001S,,AMBIGUOUS,,State-well-number crosswalk returns multiple WCR candidates or duplicate master rows.,33.7961,-117.8893,DWR periodic station table,,,,,False,,No Shallow/Principal/Deep assignment from invented depth thresholds; authoritative OCWD/model metadata required.
337964N1179459W001,04S10W29K000S,,NO_MATCH,,No exact WCR number or unique state-well-number crosswalk.,33.7964,-117.9459,DWR periodic station table,,,,,False,,No Shallow/Principal/Deep assignment from invented depth thresholds; authoritative OCWD/model metadata required.
337964N1179459W002,04S10W29K002S,,NO_MATCH,,No exact WCR number or unique state-well-number crosswalk.,33.7964,-117.9459,DWR periodic station table,,,,,False,,No Shallow/Principal/Deep assignment from invented depth thresholds; authoritative OCWD/model metadata required.
337978N1178185W001,04S09W28H002S,,AMBIGUOUS,,State-well-number crosswalk returns multiple WCR candidates or duplicate master rows.,33.7978,-117.8185,DWR periodic station table,,,,,False,,No Shallow/Principal/Deep assignment from invented depth thresholds; authoritative OCWD/model metadata required.
337995N1178787W001,04S10W25G001S,255908,EXACT_ID,WCR1989-019146,DWR periodic station WCR number equals the DWR WCR legacy-log identifier.,33.79951,-117.87866,DWR periodic station table,33.76733,-117.8938,Derived from TRS,Centroid of Section,False,,No Shallow/Principal/Deep assignment from invented depth thresholds; authoritative OCWD/model metadata required.
337995N1178787W002,,255908,EXACT_ID,WCR1989-019146,DWR periodic station WCR number equals the DWR WCR legacy-log identifier.,33.79951,-117.87866,DWR periodic station table,33.76733,-117.8938,Derived from TRS,Centroid of Section,False,,No Shallow/Principal/Deep assignment from invented depth thresholds; authoritative OCWD/model metadata required.
337995N1178787W003,,255908,EXACT_ID,WCR1989-019146,DWR periodic station WCR number equals the DWR WCR legacy-log identifier.,33.79951,-117.87866,DWR periodic station table,33.76733,-117.8938,Derived from TRS,Centroid of Section,False,,No Shallow/Principal/Deep assignment from invented depth thresholds; authoritative OCWD/model metadata required.
338005N1179110W001,04S10W27A001S,,AMBIGUOUS,,State-well-number crosswalk returns multiple WCR candidates or duplicate master rows.,33.8005,-117.911,DWR periodic station table,,,,,False,,No Shallow/Principal/Deep assignment from invented depth thresholds; authoritative OCWD/model metadata required.
338017N1180260W001,04S11W27D001S,,AMBIGUOUS,,State-well-number crosswalk returns multiple WCR candidates or duplicate master rows.,33.8017,-118.026,DWR periodic station table,,,,,False,,No Shallow/Principal/Deep assignment from invented depth thresholds; authoritative OCWD/model metadata required.
338021N1178145W001,04S09W27C004S,e0305984,EXACT_ID,WCR2016-004249,DWR periodic station WCR number equals the DWR WCR legacy-log identifier.,33.80219,-117.81459,DWR periodic station table,33.8022222,-117.8147222,,,False,,No Shallow/Principal/Deep assignment from invented depth thresholds; authoritative OCWD/model metadata required.
338028N1179603W001,04S10W30A002S,,NO_MATCH,,No exact WCR number or unique state-well-number crosswalk.,33.8028,-117.9603,DWR periodic station table,,,,,False,,No Shallow/Principal/Deep assignment from invented depth thresholds; authoritative OCWD/model metadata required.
338028N1179993W001,04S11W26B001S,,NO_MATCH,,No exact WCR number or unique state-well-number crosswalk.,33.8028,-117.9993,DWR periodic station table,,,,,False,,No Shallow/Principal/Deep assignment from invented depth thresholds; authoritative OCWD/model metadata required.
338031N1179185W001,04S10W27C002S,,AMBIGUOUS,,State-well-number crosswalk returns multiple WCR candidates or duplicate master rows.,33.8031,-117.9185,DWR periodic station table,,,,,False,,No Shallow/Principal/Deep assignment from invented depth thresholds; authoritative OCWD/model metadata required.
338038N1179546W001,04S10W20N002S,,NO_MATCH,,No exact WCR number or unique state-well-number crosswalk.,33.8038,-117.9546,DWR periodic station table,,,,,False,,No Shallow/Principal/Deep assignment from invented depth thresholds; authoritative OCWD/model metadata required.
338039N1178852W001,04S10W25D001S,,HIGH_CONFIDENCE_METADATA_MATCH,WCR2001-012792,Unique DWR state-well-number crosswalk links the station to one WCR master row.,33.8039,-117.8852,DWR periodic station table,33.79601,-117.88041,Derived from TRS,Centroid of Section,False,,No Shallow/Principal/Deep assignment from invented depth thresholds; authoritative OCWD/model metadata required.
338039N1179024W001,04S10W26C001S,,NO_MATCH,,No exact WCR number or unique state-well-number crosswalk.,33.8039,-117.9024,DWR periodic station table,,,,,False,,No Shallow/Principal/Deep assignment from invented depth thresholds; authoritative OCWD/model metadata required.
338045N1179568W001,04S10W20N001S,,HIGH_CONFIDENCE_METADATA_MATCH,WCR2002-011403,Unique DWR state-well-number crosswalk links the station to one WCR master row.,33.8045,-117.9568,DWR periodic station table,33.81065,-117.9499,Derived from TRS,Centroid of Section,False,,No Shallow/Principal/Deep assignment from invented depth thresholds; authoritative OCWD/model metadata required.
338047N1178086W001,04S09W22Q002S,255947,EXACT_ID,WCR1989-019134,DWR periodic station WCR number equals the DWR WCR legacy-log identifier.,33.80468,-117.80858,DWR periodic station table,33.81029,-117.80943,Derived from TRS,Centroid of Section,False,,No Shallow/Principal/Deep assignment from invented depth thresholds; authoritative OCWD/model metadata required.
338047N1178086W002,,255947,EXACT_ID,WCR1989-019134,DWR periodic station WCR number equals the DWR WCR legacy-log identifier.,33.80468,-117.80858,DWR periodic station table,33.81029,-117.80943,Derived from TRS,Centroid of Section,False,,No Shallow/Principal/Deep assignment from invented depth thresholds; authoritative OCWD/model metadata required.
338069N1178895W001,04S10W23R001S,,NO_MATCH,,No exact WCR number or unique state-well-number crosswalk.,33.8069,-117.8895,DWR periodic station table,,,,,False,,No Shallow/Principal/Deep assignment from invented depth thresholds; authoritative OCWD/model metadata required.
338069N1180542W001,04S11W20K002S,,HIGH_CONFIDENCE_METADATA_MATCH,WCR1991-020357,Unique DWR state-well-number crosswalk links the station to one WCR master row.,33.8069,-118.0542,DWR periodic station table,33.81039,-118.05406,Derived from TRS,Centroid of Section,False,,No Shallow/Principal/Deep assignment from invented depth thresholds; authoritative OCWD/model metadata required.
338070N1179246W001,04S10W22N001S,,AMBIGUOUS,,State-well-number crosswalk returns multiple WCR candidates or duplicate master rows.,33.807,-117.9246,DWR periodic station table,,,,,False,,No Shallow/Principal/Deep assignment from invented depth thresholds; authoritative OCWD/model metadata required.
338080N1178173W001,04S09W22M002S,,NO_MATCH,,No exact WCR number or unique state-well-number crosswalk.,33.808,-117.8173,DWR periodic station table,,,,,False,,No Shallow/Principal/Deep assignment from invented depth thresholds; authoritative OCWD/model metadata required.
338086N1178174W001,04S09W22M003S,,NO_MATCH,,No exact WCR number or unique state-well-number crosswalk.,33.8086,-117.8174,DWR periodic station table,,,,,False,,No Shallow/Principal/Deep assignment from invented depth thresholds; authoritative OCWD/model metadata required.
338098N1178665W001,04S09W19M001S,,AMBIGUOUS,,State-well-number crosswalk returns multiple WCR candidates or duplicate master rows.,33.8098,-117.8665,DWR periodic station table,,,,,False,,No Shallow/Principal/Deep assignment from invented depth thresholds; authoritative OCWD/model metadata required.
338103N1180685W001,04S11W19K001S,,HIGH_CONFIDENCE_METADATA_MATCH,WCR1901-000095,Unique DWR state-well-number crosswalk links the station to one WCR master row.,33.8103,-118.0685,DWR periodic station table,33.8091,-118.07038,Derived from TRS,Centroid of Section,False,,No Shallow/Principal/Deep assignment from invented depth thresholds; authoritative OCWD/model metadata required.
338106N1179177W001,04S10W22L002S,,AMBIGUOUS,,State-well-number crosswalk returns multiple WCR candidates or duplicate master rows.,33.8106,-117.9177,DWR periodic station table,,,,,False,,No Shallow/Principal/Deep assignment from invented depth thresholds; authoritative OCWD/model metadata required.
338106N1179385W001,04S10W21F001S,,HIGH_CONFIDENCE_METADATA_MATCH,WCR1776-008677,Unique DWR state-well-number crosswalk links the station to one WCR master row.,33.8106,-117.9385,DWR periodic station table,33.81074,-117.93236,Derived from TRS,Centroid of Section,False,,No Shallow/Principal/Deep assignment from invented depth thresholds; authoritative OCWD/model metadata required.
338111N1179107W001,04S10W22G001S,,AMBIGUOUS,,State-well-number crosswalk returns multiple WCR candidates or duplicate master rows.,33.8111,-117.9107,DWR periodic station table,,,,,False,,No Shallow/Principal/Deep assignment from invented depth thresholds; authoritative OCWD/model metadata required.
338111N1179653W001,04S10W19G002S,,NO_MATCH,,No exact WCR number or unique state-well-number crosswalk.,33.8111,-117.9653,DWR periodic station table,,,,,False,,No Shallow/Principal/Deep assignment from invented depth thresholds; authoritative OCWD/model metadata required.
338127N1178877W001,04S10W24E000S,,NO_MATCH,,No exact WCR number or unique state-well-number crosswalk.,33.8127,-117.8877,DWR periodic station table,,,,,False,,No Shallow/Principal/Deep assignment from invented depth thresholds; authoritative OCWD/model metadata required.
338127N1178877W002,04S10W24E001S,,NO_MATCH,,No exact WCR number or unique state-well-number crosswalk.,33.8127,-117.8877,DWR periodic station table,,,,,False,,No Shallow/Principal/Deep assignment from invented depth thresholds; authoritative OCWD/model metadata required.
338132N1178591W001,04S09W19G001S,,HIGH_CONFIDENCE_METADATA_MATCH,WCR1967-001810,Unique DWR state-well-number crosswalk links the station to one WCR master row.,33.8132,-117.8591,DWR periodic station table,33.81061,-117.86241,Derived from TRS,Centroid of Section,False,,No Shallow/Principal/Deep assignment from invented depth thresholds; authoritative OCWD/model metadata required.
338139N1178932W001,04S10W23H001S,,AMBIGUOUS,,State-well-number crosswalk returns multiple WCR candidates or duplicate master rows.,33.8139,-117.8932,DWR periodic station table,,,,,False,,No Shallow/Principal/Deep assignment from invented depth thresholds; authoritative OCWD/model metadata required.
338142N1179593W001,04S10W19H001S,,NO_MATCH,,No exact WCR number or unique state-well-number crosswalk.,33.8142,-117.9593,DWR periodic station table,,,,,False,,No Shallow/Principal/Deep assignment from invented depth thresholds; authoritative OCWD/model metadata required.
338145N1179222W001,04S10W22E001S,,NO_MATCH,,No exact WCR number or unique state-well-number crosswalk.,33.8145,-117.9222,DWR periodic station table,,,,,False,,No Shallow/Principal/Deep assignment from invented depth thresholds; authoritative OCWD/model metadata required.
338146N1180089W001,04S11W23D002S,,NO_MATCH,,No exact WCR number or unique state-well-number crosswalk.,33.8146,-118.0089,DWR periodic station table,,,,,False,,No Shallow/Principal/Deep assignment from invented depth thresholds; authoritative OCWD/model metadata required.
338149N1177873W001,04S09W23A001S,,NO_MATCH,,No exact WCR number or unique state-well-number crosswalk.,33.8149,-117.7873,DWR periodic station table,,,,,False,,No Shallow/Principal/Deep assignment from invented depth thresholds; authoritative OCWD/model metadata required.
338150N1178858W001,04S10W24D004S,,NO_MATCH,,No exact WCR number or unique state-well-number crosswalk.,33.815,-117.8858,DWR periodic station table,,,,,False,,No Shallow/Principal/Deep assignment from invented depth thresholds; authoritative OCWD/model metadata required.
338154N1180633W001,04S11W19A003S,,AMBIGUOUS,,State-well-number crosswalk returns multiple WCR candidates or duplicate master rows.,33.8154,-118.0633,DWR periodic station table,,,,,False,,No Shallow/Principal/Deep assignment from invented depth thresholds; authoritative OCWD/model metadata required.
338157N1177881W001,04S09W23A004S,,NO_MATCH,,No exact WCR number or unique state-well-number crosswalk.,33.8157,-117.7881,DWR periodic station table,,,,,False,,No Shallow/Principal/Deep assignment from invented depth thresholds; authoritative OCWD/model metadata required.
338161N1180207W001,04S11W22C001S,,NO_MATCH,,No exact WCR number or unique state-well-number crosswalk.,33.8161,-118.0207,DWR periodic station table,,,,,False,,No Shallow/Principal/Deep assignment from invented depth thresholds; authoritative OCWD/model metadata required.
338164N1178699W001,04S09W19D005S,,HIGH_CONFIDENCE_METADATA_MATCH,WCR1984-008286,Unique DWR state-well-number crosswalk links the station to one WCR master row.,33.8164,-117.8699,DWR periodic station table,33.81061,-117.86241,Derived from TRS,Centroid of Section,False,,No Shallow/Principal/Deep assignment from invented depth thresholds; authoritative OCWD/model metadata required.
338167N1178415W001,04S09W17Q001S,,NO_MATCH,,No exact WCR number or unique state-well-number crosswalk.,33.8167,-117.8415,DWR periodic station table,,,,,False,,No Shallow/Principal/Deep assignment from invented depth thresholds; authoritative OCWD/model metadata required.
338168N1179762W001,04S11W24A004S,,HIGH_CONFIDENCE_METADATA_MATCH,WCR2003-012919,Unique DWR state-well-number crosswalk links the station to one WCR master row.,33.8168,-117.9762,DWR periodic station table,33.81049,-117.98425,Derived from TRS,Centroid of Section,False,,No Shallow/Principal/Deep assignment from invented depth thresholds; authoritative OCWD/model metadata required.
338170N1179764W001,04S11W24A001S,,HIGH_CONFIDENCE_METADATA_MATCH,WCR1955-002142,Unique DWR state-well-number crosswalk links the station to one WCR master row.,33.817,-117.9764,DWR periodic station table,33.81049,-117.98425,Derived from TRS,Centroid of Section,False,,No Shallow/Principal/Deep assignment from invented depth thresholds; authoritative OCWD/model metadata required.
338181N1178797W001,04S10W24B003S,,NO_MATCH,,No exact WCR number or unique state-well-number crosswalk.,33.8181,-117.8797,DWR periodic station table,,,,,False,,No Shallow/Principal/Deep assignment from invented depth thresholds; authoritative OCWD/model metadata required.
338190N1180375W001,04S11W16P002S,,HIGH_CONFIDENCE_METADATA_MATCH,WCR1958-001377,Unique DWR state-well-number crosswalk links the station to one WCR master row.,33.819,-118.0375,DWR periodic station table,33.82487,-118.03667,Derived from TRS,Centroid of Section,False,,No Shallow/Principal/Deep assignment from invented depth thresholds; authoritative OCWD/model metadata required.
338192N1179204W001,04S10W15P001S,,NO_MATCH,,No exact WCR number or unique state-well-number crosswalk.,33.8192,-117.9204,DWR periodic station table,,,,,False,,No Shallow/Principal/Deep assignment from invented depth thresholds; authoritative OCWD/model metadata required.
338203N1180385W001,04S11W16P001S,,NO_MATCH,,No exact WCR number or unique state-well-number crosswalk.,33.8203,-118.0385,DWR periodic station table,,,,,False,,No Shallow/Principal/Deep assignment from invented depth thresholds; authoritative OCWD/model metadata required.
338205N1180164W001,04S11W15Q002S,"349326,27,28",HIGH_CONFIDENCE_METADATA_MATCH,WCR1994-013134,Unique DWR state-well-number crosswalk links the station to one WCR master row.,33.82054,-118.01635,DWR periodic station table,33.82492,-118.01933,Derived from TRS,Centroid of Section,False,,No Shallow/Principal/Deep assignment from invented depth thresholds; authoritative OCWD/model metadata required.
338205N1180164W002,,"349326,27,28",NO_MATCH,,No exact WCR number or unique state-well-number crosswalk.,33.82054,-118.01635,DWR periodic station table,,,,,False,,No Shallow/Principal/Deep assignment from invented depth thresholds; authoritative OCWD/model metadata required.
338205N1180164W003,,"349326,27,28",NO_MATCH,,No exact WCR number or unique state-well-number crosswalk.,33.82054,-118.01635,DWR periodic station table,,,,,False,,No Shallow/Principal/Deep assignment from invented depth thresholds; authoritative OCWD/model metadata required.
338207N1180017W001,04S11W14Q004S,,NO_MATCH,,No exact WCR number or unique state-well-number crosswalk.,33.8207,-118.0017,DWR periodic station table,,,,,False,,No Shallow/Principal/Deep assignment from invented depth thresholds; authoritative OCWD/model metadata required.
338209N1179855W001,04S11W13P001S,,NO_MATCH,,No exact WCR number or unique state-well-number crosswalk.,33.8209,-117.9855,DWR periodic station table,,,,,False,,No Shallow/Principal/Deep assignment from invented depth thresholds; authoritative OCWD/model metadata required.
338213N1179712W001,04S10W18P001S,,HIGH_CONFIDENCE_METADATA_MATCH,WCR1953-001735,Unique DWR state-well-number crosswalk links the station to one WCR master row.,33.8213,-117.9712,DWR periodic station table,33.82518,-117.96716,Derived from TRS,Centroid of Section,False,,No Shallow/Principal/Deep assignment from invented depth thresholds; authoritative OCWD/model metadata required.
338214N1179507W001,04S10W17Q001S,,NO_MATCH,,No exact WCR number or unique state-well-number crosswalk.,33.8214,-117.9507,DWR periodic station table,,,,,False,,No Shallow/Principal/Deep assignment from invented depth thresholds; authoritative OCWD/model metadata required.
338225N1180368W001,04S11W16K006S,,NO_MATCH,,No exact WCR number or unique state-well-number crosswalk.,33.8225,-118.0368,DWR periodic station table,,,,,False,,No Shallow/Principal/Deep assignment from invented depth thresholds; authoritative OCWD/model metadata required.
338228N1179115W001,04S10W15J004S,,HIGH_CONFIDENCE_METADATA_MATCH,WCR2001-014385,Unique DWR state-well-number crosswalk links the station to one WCR master row.,33.8228,-117.9115,DWR periodic station table,33.82545,-117.91504,Derived from TRS,Centroid of Section,False,,No Shallow/Principal/Deep assignment from invented depth thresholds; authoritative OCWD/model metadata required.
338229N1179374W001,04S10W16M004S,"349248,49",HIGH_CONFIDENCE_METADATA_MATCH,WCR1992-017593,Unique DWR state-well-number crosswalk links the station to one WCR master row.,33.82294,-117.93739,DWR periodic station table,33.82537,-117.93241,Derived from TRS,Centroid of Section,False,,No Shallow/Principal/Deep assignment from invented depth thresholds; authoritative OCWD/model metadata required.
338229N1179374W002,,"349248,49",NO_MATCH,,No exact WCR number or unique state-well-number crosswalk.,33.82294,-117.93739,DWR periodic station table,,,,,False,,No Shallow/Principal/Deep assignment from invented depth thresholds; authoritative OCWD/model metadata required.
338229N1179374W003,,"349248,49",NO_MATCH,,No exact WCR number or unique state-well-number crosswalk.,33.82294,-117.93739,DWR periodic station table,,,,,False,,No Shallow/Principal/Deep assignment from invented depth thresholds; authoritative OCWD/model metadata required.
338234N1179433W001,04S10W17J001S,,HIGH_CONFIDENCE_METADATA_MATCH,WCR1957-001821,Unique DWR state-well-number crosswalk links the station to one WCR master row.,33.8234,-117.9433,DWR periodic station table,33.82527,-117.94994,Derived from TRS,Centroid of Section,False,,No Shallow/Principal/Deep assignment from invented depth thresholds; authoritative OCWD/model metadata required.
338234N1180215W001,04S11W15L006S,,NO_MATCH,,No exact WCR number or unique state-well-number crosswalk.,33.8234,-118.0215,DWR periodic station table,,,,,False,,No Shallow/Principal/Deep assignment from invented depth thresholds; authoritative OCWD/model metadata required.
338241N1180222W001,04S11W15L003S,,HIGH_CONFIDENCE_METADATA_MATCH,WCR1963-001578,Unique DWR state-well-number crosswalk links the station to one WCR master row.,33.8241,-118.0222,DWR periodic station table,33.82492,-118.01933,Derived from TRS,Centroid of Section,False,,No Shallow/Principal/Deep assignment from invented depth thresholds; authoritative OCWD/model metadata required.
338243N1179956W001,04S11W14J001S,,AMBIGUOUS,,State-well-number crosswalk returns multiple WCR candidates or duplicate master rows.,33.8243,-117.9956,DWR periodic station table,,,,,False,,No Shallow/Principal/Deep assignment from invented depth thresholds; authoritative OCWD/model metadata required.
338250N1179465W001,04S10W17J002S,,NO_MATCH,,No exact WCR number or unique state-well-number crosswalk.,33.825,-117.9465,DWR periodic station table,,,,,False,,No Shallow/Principal/Deep assignment from invented depth thresholds; authoritative OCWD/model metadata required.
338252N1178893W001,04S10W14H001S,,AMBIGUOUS,,State-well-number crosswalk returns multiple WCR candidates or duplicate master rows.,33.8252,-117.8893,DWR periodic station table,,,,,False,,No Shallow/Principal/Deep assignment from invented depth thresholds; authoritative OCWD/model metadata required.
338252N1180177W001,04S11W15G003S,,HIGH_CONFIDENCE_METADATA_MATCH,WCR1957-001846,Unique DWR state-well-number crosswalk links the station to one WCR master row.,33.8252,-118.0177,DWR periodic station table,33.82492,-118.01933,Derived from TRS,Centroid of Section,False,,No Shallow/Principal/Deep assignment from invented depth thresholds; authoritative OCWD/model metadata required.
338255N1178899W001,04S10W14H002S,,HIGH_CONFIDENCE_METADATA_MATCH,WCR1957-001820,Unique DWR state-well-number crosswalk links the station to one WCR master row.,33.8255,-117.8899,DWR periodic station table,33.82557,-117.89768,Derived from TRS,Centroid of Section,False,,No Shallow/Principal/Deep assignment from invented depth thresholds; authoritative OCWD/model metadata required.
338257N1178764W001,04S10W13G001S,,NO_MATCH,,No exact WCR number or unique state-well-number crosswalk.,33.8257,-117.8764,DWR periodic station table,,,,,False,,No Shallow/Principal/Deep assignment from invented depth thresholds; authoritative OCWD/model metadata required.
338261N1179966W001,04S11W14H001S,,NO_MATCH,,No exact WCR number or unique state-well-number crosswalk.,33.8261,-117.9966,DWR periodic station table,,,,,False,,No Shallow/Principal/Deep assignment from invented depth thresholds; authoritative OCWD/model metadata required.
338268N1178573W001,04S09W18H001S,,AMBIGUOUS,,State-well-number crosswalk returns multiple WCR candidates or duplicate master rows.,33.8268,-117.8573,DWR periodic station table,,,,,False,,No Shallow/Principal/Deep assignment from invented depth thresholds; authoritative OCWD/model metadata required.
338280N1180287W001,04S11W16H003S,,HIGH_CONFIDENCE_METADATA_MATCH,WCR2005-014299,Unique DWR state-well-number crosswalk links the station to one WCR master row.,33.828,-118.0287,DWR periodic station table,33.82487,-118.03667,Derived from TRS,Centroid of Section,False,,No Shallow/Principal/Deep assignment from invented depth thresholds; authoritative OCWD/model metadata required.
338283N1179890W001,04S11W13F002S,,HIGH_CONFIDENCE_METADATA_MATCH,WCR2001-013914,Unique DWR state-well-number crosswalk links the station to one WCR master row.,33.8283,-117.989,DWR periodic station table,33.82508,-117.98438,Derived from TRS,Centroid of Section,False,,No Shallow/Principal/Deep assignment from invented depth thresholds; authoritative OCWD/model metadata required.
338285N1179436W001,04S10W17H001S,,HIGH_CONFIDENCE_METADATA_MATCH,WCR2003-013019,Unique DWR state-well-number crosswalk links the station to one WCR master row.,33.8285,-117.9436,DWR periodic station table,33.82527,-117.94994,Derived from TRS,Centroid of Section,False,,No Shallow/Principal/Deep assignment from invented depth thresholds; authoritative OCWD/model metadata required.
338285N1179891W001,04S11W13D003S,,HIGH_CONFIDENCE_METADATA_MATCH,WCR1776-008801,Unique DWR state-well-number crosswalk links the station to one WCR master row.,33.8285,-117.9891,DWR periodic station table,33.82508,-117.98438,Derived from TRS,Centroid of Section,False,,No Shallow/Principal/Deep assignment from invented depth thresholds; authoritative OCWD/model metadata required.
338309N1179119W001,04S10W15B001S,,AMBIGUOUS,,State-well-number crosswalk returns multiple WCR candidates or duplicate master rows.,33.8309,-117.9119,DWR periodic station table,,,,,False,,No Shallow/Principal/Deep assignment from invented depth thresholds; authoritative OCWD/model metadata required.
338311N1178627W001,04S09W18C002S,,AMBIGUOUS,,State-well-number crosswalk returns multiple WCR candidates or duplicate master rows.,33.8311,-117.8627,DWR periodic station table,,,,,False,,No Shallow/Principal/Deep assignment from invented depth thresholds; authoritative OCWD/model metadata required.
338320N1179624W001,04S10W18A001S,,NO_MATCH,,No exact WCR number or unique state-well-number crosswalk.,33.832,-117.9624,DWR periodic station table,,,,,False,,No Shallow/Principal/Deep assignment from invented depth thresholds; authoritative OCWD/model metadata required.
338320N1180539W001,04S11W08Q002S,,HIGH_CONFIDENCE_METADATA_MATCH,WCR1995-009697,Unique DWR state-well-number crosswalk links the station to one WCR master row.,33.832,-118.0539,DWR periodic station table,33.83889,-118.05258,Derived from TRS,Centroid of Section,False,,No Shallow/Principal/Deep assignment from invented depth thresholds; authoritative OCWD/model metadata required.
338321N1180198W001,04S11W10Q002S,,NO_MATCH,,No exact WCR number or unique state-well-number crosswalk.,33.8321,-118.0198,DWR periodic station table,,,,,False,,No Shallow/Principal/Deep assignment from invented depth thresholds; authoritative OCWD/model metadata required.
338323N1180540W001,04S11W08P002S,,NO_MATCH,,No exact WCR number or unique state-well-number crosswalk.,33.8323,-118.054,DWR periodic station table,,,,,False,,No Shallow/Principal/Deep assignment from invented depth thresholds; authoritative OCWD/model metadata required.
338325N1179815W001,04S11W12R007S,,NO_MATCH,,No exact WCR number or unique state-well-number crosswalk.,33.8325,-117.9815,DWR periodic station table,,,,,False,,No Shallow/Principal/Deep assignment from invented depth thresholds; authoritative OCWD/model metadata required.
338325N1180551W001,04S11W08P001S,,NO_MATCH,,No exact WCR number or unique state-well-number crosswalk.,33.8325,-118.0551,DWR periodic station table,,,,,False,,No Shallow/Principal/Deep assignment from invented depth thresholds; authoritative OCWD/model metadata required.
338327N1178668W001,04S09W07N001S,255936,EXACT_ID,WCR1988-017008,DWR periodic station WCR number equals the DWR WCR legacy-log identifier.,33.83269,-117.86679,DWR periodic station table,33.8393,-117.86211,Derived from TRS,Centroid of Section,False,,No Shallow/Principal/Deep assignment from invented depth thresholds; authoritative OCWD/model metadata required.
338327N1178668W002,,255936,EXACT_ID,WCR1988-017008,DWR periodic station WCR number equals the DWR WCR legacy-log identifier.,33.83269,-117.86679,DWR periodic station table,33.8393,-117.86211,Derived from TRS,Centroid of Section,False,,No Shallow/Principal/Deep assignment from invented depth thresholds; authoritative OCWD/model metadata required.
338327N1178668W003,,255936,EXACT_ID,WCR1988-017008,DWR periodic station WCR number equals the DWR WCR legacy-log identifier.,33.83269,-117.86679,DWR periodic station table,33.8393,-117.86211,Derived from TRS,Centroid of Section,False,,No Shallow/Principal/Deep assignment from invented depth thresholds; authoritative OCWD/model metadata required.
338347N1180376W001,04S11W09P001S,,HIGH_CONFIDENCE_METADATA_MATCH,WCR1951-002159,Unique DWR state-well-number crosswalk links the station to one WCR master row.,33.8347,-118.0376,DWR periodic station table,33.83919,-118.03683,Derived from TRS,Centroid of Section,False,,No Shallow/Principal/Deep assignment from invented depth thresholds; authoritative OCWD/model metadata required.
338349N1180575W001,04S11W08P003S,,HIGH_CONFIDENCE_METADATA_MATCH,WCR1960-001812,Unique DWR state-well-number crosswalk links the station to one WCR master row.,33.8349,-118.0575,DWR periodic station table,33.83889,-118.05258,Derived from TRS,Centroid of Section,False,,No Shallow/Principal/Deep assignment from invented depth thresholds; authoritative OCWD/model metadata required.
338353N1178612W001,04S09W07Q006S,,HIGH_CONFIDENCE_METADATA_MATCH,WCR1953-001805,Unique DWR state-well-number crosswalk links the station to one WCR master row.,33.8353,-117.8612,DWR periodic station table,33.8393,-117.86211,Derived from TRS,Centroid of Section,False,,No Shallow/Principal/Deep assignment from invented depth thresholds; authoritative OCWD/model metadata required.
338355N1178656W001,04S09W07M001S,,NO_MATCH,,No exact WCR number or unique state-well-number crosswalk.,33.8355,-117.8656,DWR periodic station table,,,,,False,,No Shallow/Principal/Deep assignment from invented depth thresholds; authoritative OCWD/model metadata required.
338366N1179547W001,04S10W08N005S,,AMBIGUOUS,,State-well-number crosswalk returns multiple WCR candidates or duplicate master rows.,33.8366,-117.9547,DWR periodic station table,,,,,False,,No Shallow/Principal/Deep assignment from invented depth thresholds; authoritative OCWD/model metadata required.
338369N1178735W001,04S10W12J002S,,NO_MATCH,,No exact WCR number or unique state-well-number crosswalk.,33.8369,-117.8735,DWR periodic station table,,,,,False,,No Shallow/Principal/Deep assignment from invented depth thresholds; authoritative OCWD/model metadata required.
338372N1179688W001,04S10W07L001S,,HIGH_CONFIDENCE_METADATA_MATCH,WCR1984-008285,Unique DWR state-well-number crosswalk links the station to one WCR master row.,33.8372,-117.9688,DWR periodic station table,33.83967,-117.96722,Derived from TRS,Centroid of Section,False,,No Shallow/Principal/Deep assignment from invented depth thresholds; authoritative OCWD/model metadata required.
338374N1179689W001,04S10W07L002S,,NO_MATCH,,No exact WCR number or unique state-well-number crosswalk.,33.8374,-117.9689,DWR periodic station table,,,,,False,,No Shallow/Principal/Deep assignment from invented depth thresholds; authoritative OCWD/model metadata required.
338378N1179682W001,04S10W07K004S,,AMBIGUOUS,,State-well-number crosswalk returns multiple WCR candidates or duplicate master rows.,33.8378,-117.9682,DWR periodic station table,,,,,False,,No Shallow/Principal/Deep assignment from invented depth thresholds; authoritative OCWD/model metadata required.
338380N1179998W001,04S11W11K002S,,HIGH_CONFIDENCE_METADATA_MATCH,WCR1997-010997,Unique DWR state-well-number crosswalk links the station to one WCR master row.,33.838,-117.9998,DWR periodic station table,33.83949,-118.00211,Derived from TRS,Centroid of Section,False,,No Shallow/Principal/Deep assignment from invented depth thresholds; authoritative OCWD/model metadata required.
338381N1179479W001,04S10W08K001S,,NO_MATCH,,No exact WCR number or unique state-well-number crosswalk.,33.8381,-117.9479,DWR periodic station table,,,,,False,,No Shallow/Principal/Deep assignment from invented depth thresholds; authoritative OCWD/model metadata required.
338386N1179637W001,04S10W07J003S,,AMBIGUOUS,,State-well-number crosswalk returns multiple WCR candidates or duplicate master rows.,33.8386,-117.9637,DWR periodic station table,,,,,False,,No Shallow/Principal/Deep assignment from invented depth thresholds; authoritative OCWD/model metadata required.
338389N1179682W001,04S10W07K003S,,AMBIGUOUS,,State-well-number crosswalk returns multiple WCR candidates or duplicate master rows.,33.8389,-117.9682,DWR periodic station table,,,,,False,,No Shallow/Principal/Deep assignment from invented depth thresholds; authoritative OCWD/model metadata required.
338392N1179606W001,04S10W07J001S,,AMBIGUOUS,,State-well-number crosswalk returns multiple WCR candidates or duplicate master rows.,33.8392,-117.9606,DWR periodic station table,,,,,False,,No Shallow/Principal/Deep assignment from invented depth thresholds; authoritative OCWD/model metadata required.
338397N1179860W001,04S11W12F001S,,NO_MATCH,,No exact WCR number or unique state-well-number crosswalk.,33.8397,-117.986,DWR periodic station table,,,,,False,,No Shallow/Principal/Deep assignment from invented depth thresholds; authoritative OCWD/model metadata required.
338409N1180124W001,04S11W10H003S,,NO_MATCH,,No exact WCR number or unique state-well-number crosswalk.,33.8409,-118.0124,DWR periodic station table,,,,,False,,No Shallow/Principal/Deep assignment from invented depth thresholds; authoritative OCWD/model metadata required.
338410N1179895W001,04S11W12E003S,,HIGH_CONFIDENCE_METADATA_MATCH,WCR2005-013947,Unique DWR state-well-number crosswalk links the station to one WCR master row.,33.841,-117.9895,DWR periodic station table,33.83959,-117.98452,Derived from TRS,Centroid of Section,False,,No Shallow/Principal/Deep assignment from invented depth thresholds; authoritative OCWD/model metadata required.
338443N1178714W001,04S09W07D001S,,HIGH_CONFIDENCE_METADATA_MATCH,WCR1964-001742,Unique DWR state-well-number crosswalk links the station to one WCR master row.,33.8443,-117.8714,DWR periodic station table,33.8393,-117.86211,Derived from TRS,Centroid of Section,False,,No Shallow/Principal/Deep assignment from invented depth thresholds; authoritative OCWD/model metadata required.
338451N1179506W001,04S10W08C002S,,HIGH_CONFIDENCE_METADATA_MATCH,WCR2002-011400,Unique DWR state-well-number crosswalk links the station to one WCR master row.,33.8451,-117.9506,DWR periodic station table,33.83973,-117.94997,Derived from TRS,Centroid of Section,False,,No Shallow/Principal/Deep assignment from invented depth thresholds; authoritative OCWD/model metadata required.
338466N1179483W001,04S10W08B001S,349239,EXACT_ID,WCR1992-017562,DWR periodic station WCR number equals the DWR WCR legacy-log identifier.,33.84669,-117.9483,DWR periodic station table,33.83973,-117.94997,Derived from TRS,Centroid of Section,False,,No Shallow/Principal/Deep assignment from invented depth thresholds; authoritative OCWD/model metadata required.
338468N1178767W001,04S10W12C002S,,NO_MATCH,,No exact WCR number or unique state-well-number crosswalk.,33.8468,-117.8767,DWR periodic station table,,,,,False,,No Shallow/Principal/Deep assignment from invented depth thresholds; authoritative OCWD/model metadata required.
338469N1179285W001,04S10W09B003S,,HIGH_CONFIDENCE_METADATA_MATCH,WCR2002-011402,Unique DWR state-well-number crosswalk links the station to one WCR master row.,33.8469,-117.9285,DWR periodic station table,33.83981,-117.93244,Derived from TRS,Centroid of Section,False,,No Shallow/Principal/Deep assignment from invented depth thresholds; authoritative OCWD/model metadata required.
338470N1180460W001,04S11W05R002S,,NO_MATCH,,No exact WCR number or unique state-well-number crosswalk.,33.847,-118.046,DWR periodic station table,,,,,False,,No Shallow/Principal/Deep assignment from invented depth thresholds; authoritative OCWD/model metadata required.
338482N1179250W001,04S10W04R001S,,AMBIGUOUS,,State-well-number crosswalk returns multiple WCR candidates or duplicate master rows.,33.8482,-117.925,DWR periodic station table,,,,,False,,No Shallow/Principal/Deep assignment from invented depth thresholds; authoritative OCWD/model metadata required.
338488N1179110W001,04S10W03R003S,"344393,94,95",HIGH_CONFIDENCE_METADATA_MATCH,WCR1991-020443,Unique DWR state-well-number crosswalk links the station to one WCR master row.,33.84875,-117.91102,DWR periodic station table,33.85321,-117.91518,Derived from TRS,Centroid of Section,False,,No Shallow/Principal/Deep assignment from invented depth thresholds; authoritative OCWD/model metadata required.
338488N1179110W002,,"344393,94,95",NO_MATCH,,No exact WCR number or unique state-well-number crosswalk.,33.84875,-117.91102,DWR periodic station table,,,,,False,,No Shallow/Principal/Deep assignment from invented depth thresholds; authoritative OCWD/model metadata required.
338489N1178815W001,04S10W01P001S,,NO_MATCH,,No exact WCR number or unique state-well-number crosswalk.,33.8489,-117.8815,DWR periodic station table,,,,,False,,No Shallow/Principal/Deep assignment from invented depth thresholds; authoritative OCWD/model metadata required.
338490N1179163W001,04S10W03P002S,,AMBIGUOUS,,State-well-number crosswalk returns multiple WCR candidates or duplicate master rows.,33.849,-117.9163,DWR periodic station table,,,,,False,,No Shallow/Principal/Deep assignment from invented depth thresholds; authoritative OCWD/model metadata required.
338490N1179166W001,04S10W03P001S,,AMBIGUOUS,,State-well-number crosswalk returns multiple WCR candidates or duplicate master rows.,33.849,-117.9166,DWR periodic station table,,,,,False,,No Shallow/Principal/Deep assignment from invented depth thresholds; authoritative OCWD/model metadata required.
338506N1179979W001,04S11W02R002S,,NO_MATCH,,No exact WCR number or unique state-well-number crosswalk.,33.8506,-117.9979,DWR periodic station table,,,,,False,,No Shallow/Principal/Deep assignment from invented depth thresholds; authoritative OCWD/model metadata required.
338509N1178069W001,04S09W03K002S,,NO_MATCH,,No exact WCR number or unique state-well-number crosswalk.,33.8509,-117.8069,DWR periodic station table,,,,,False,,No Shallow/Principal/Deep assignment from invented depth thresholds; authoritative OCWD/model metadata required.
338509N1178361W001,04S09W04M003S,341296,EXACT_ID,WCR1989-019130,DWR periodic station WCR number equals the DWR WCR legacy-log identifier.,33.85091,-117.83612,DWR periodic station table,33.85242,-117.82637,Derived from TRS,Centroid of Section,False,,No Shallow/Principal/Deep assignment from invented depth thresholds; authoritative OCWD/model metadata required.
338509N1178361W002,,341296,EXACT_ID,WCR1989-019130,DWR periodic station WCR number equals the DWR WCR legacy-log identifier.,33.85091,-117.83612,DWR periodic station table,33.85242,-117.82637,Derived from TRS,Centroid of Section,False,,No Shallow/Principal/Deep assignment from invented depth thresholds; authoritative OCWD/model metadata required.
338511N1180333W001,04S11W04K001S,,HIGH_CONFIDENCE_METADATA_MATCH,WCR1963-001571,Unique DWR state-well-number crosswalk links the station to one WCR master row.,33.8511,-118.0333,DWR periodic station table,33.85235,-118.037,Derived from TRS,Centroid of Section,False,,No Shallow/Principal/Deep assignment from invented depth thresholds; authoritative OCWD/model metadata required.
338512N1177934W001,04S09W02L001S,,AMBIGUOUS,,State-well-number crosswalk returns multiple WCR candidates or duplicate master rows.,33.8512,-117.7934,DWR periodic station table,,,,,False,,No Shallow/Principal/Deep assignment from invented depth thresholds; authoritative OCWD/model metadata required.
338517N1179774W001,04S11W01J003S,,HIGH_CONFIDENCE_METADATA_MATCH,WCR1953-001764,Unique DWR state-well-number crosswalk links the station to one WCR master row.,33.8517,-117.9774,DWR periodic station table,33.85285,-117.98465,Derived from TRS,Centroid of Section,False,,No Shallow/Principal/Deep assignment from invented depth thresholds; authoritative OCWD/model metadata required.
338518N1178275W001,04S09W04L002S,,NO_MATCH,,No exact WCR number or unique state-well-number crosswalk.,33.8518,-117.8275,DWR periodic station table,,,,,False,,No Shallow/Principal/Deep assignment from invented depth thresholds; authoritative OCWD/model metadata required.
338518N1179152W001,04S10W03K004S,,NO_MATCH,,No exact WCR number or unique state-well-number crosswalk.,33.8518,-117.9152,DWR periodic station table,,,,,False,,No Shallow/Principal/Deep assignment from invented depth thresholds; authoritative OCWD/model metadata required.
338524N1178525W001,04S09W05M002S,,NO_MATCH,,No exact WCR number or unique state-well-number crosswalk.,33.8524,-117.8525,DWR periodic station table,,,,,False,,No Shallow/Principal/Deep assignment from invented depth thresholds; authoritative OCWD/model metadata required.
338525N1177739W001,04S09W01G001S,,AMBIGUOUS,,State-well-number crosswalk returns multiple WCR candidates or duplicate master rows.,33.8525,-117.7739,DWR periodic station table,,,,,False,,No Shallow/Principal/Deep assignment from invented depth thresholds; authoritative OCWD/model metadata required.
338525N1177762W001,04S09W01F003S,,HIGH_CONFIDENCE_METADATA_MATCH,WCR1936-000237,Unique DWR state-well-number crosswalk links the station to one WCR master row.,33.8525,-117.7762,DWR periodic station table,33.85244,-117.77392,Derived from TRS,Centroid of Section,False,,No Shallow/Principal/Deep assignment from invented depth thresholds; authoritative OCWD/model metadata required.
338543N1178361W001,04S09W04E002S,,NO_MATCH,,No exact WCR number or unique state-well-number crosswalk.,33.8543,-117.8361,DWR periodic station table,,,,,False,,No Shallow/Principal/Deep assignment from invented depth thresholds; authoritative OCWD/model metadata required.
338546N1177807W001,04S09W01E002S,,NO_MATCH,,No exact WCR number or unique state-well-number crosswalk.,33.8546,-117.7807,DWR periodic station table,,,,,False,,No Shallow/Principal/Deep assignment from invented depth thresholds; authoritative OCWD/model metadata required.
338546N1180373W001,04S11W04G003S,,NO_MATCH,,No exact WCR number or unique state-well-number crosswalk.,33.8546,-118.0373,DWR periodic station table,,,,,False,,No Shallow/Principal/Deep assignment from invented depth thresholds; authoritative OCWD/model metadata required.
338547N1178592W001,04S09W06G002S,,AMBIGUOUS,,State-well-number crosswalk returns multiple WCR candidates or duplicate master rows.,33.8547,-117.8592,DWR periodic station table,,,,,False,,No Shallow/Principal/Deep assignment from invented depth thresholds; authoritative OCWD/model metadata required.
338550N1178048W001,04S09W03H002S,,HIGH_CONFIDENCE_METADATA_MATCH,WCR1776-008871,Unique DWR state-well-number crosswalk links the station to one WCR master row.,33.855,-117.8048,DWR periodic station table,33.85243,-117.80924,Derived from TRS,Centroid of Section,False,,No Shallow/Principal/Deep assignment from invented depth thresholds; authoritative OCWD/model metadata required.
338552N1178566W001,,"341355,56,57,58",NO_MATCH,,No exact WCR number or unique state-well-number crosswalk.,33.85521,-117.85656,DWR periodic station table,,,,,False,,No Shallow/Principal/Deep assignment from invented depth thresholds; authoritative OCWD/model metadata required.
338552N1178566W002,04S09W06H002S,"341355,56,57,58",HIGH_CONFIDENCE_METADATA_MATCH,WCR1990-020072,Unique DWR state-well-number crosswalk links the station to one WCR master row.,33.85521,-117.85656,DWR periodic station table,33.85262,-117.86202,Derived from TRS,Centroid of Section,False,,No Shallow/Principal/Deep assignment from invented depth thresholds; authoritative OCWD/model metadata required.
338552N1178566W003,,"341355,56,57,58",NO_MATCH,,No exact WCR number or unique state-well-number crosswalk.,33.85521,-117.85656,DWR periodic station table,,,,,False,,No Shallow/Principal/Deep assignment from invented depth thresholds; authoritative OCWD/model metadata required.
338552N1178648W001,04S09W06F001S,,NO_MATCH,,No exact WCR number or unique state-well-number crosswalk.,33.8552,-117.8648,DWR periodic station table,,,,,False,,No Shallow/Principal/Deep assignment from invented depth thresholds; authoritative OCWD/model metadata required.
338553N1177848W001,04S09W02H001S,,NO_MATCH,,No exact WCR number or unique state-well-number crosswalk.,33.8553,-117.7848,DWR periodic station table,,,,,False,,No Shallow/Principal/Deep assignment from invented depth thresholds; authoritative OCWD/model metadata required.
338554N1177837W001,04S09W01E001S,,NO_MATCH,,No exact WCR number or unique state-well-number crosswalk.,33.8554,-117.7837,DWR periodic station table,,,,,False,,No Shallow/Principal/Deep assignment from invented depth thresholds; authoritative OCWD/model metadata required.
338556N1180264W001,04S11W03E001S,"349323,24,25,33",HIGH_CONFIDENCE_METADATA_MATCH,WCR1993-012397,Unique DWR state-well-number crosswalk links the station to one WCR master row.,33.85558,-118.02644,DWR periodic station table,33.85254,-118.0197,Derived from TRS,Centroid of Section,False,,No Shallow/Principal/Deep assignment from invented depth thresholds; authoritative OCWD/model metadata required.
338556N1180264W002,,"349323,24,25,33",NO_MATCH,,No exact WCR number or unique state-well-number crosswalk.,33.85558,-118.02644,DWR periodic station table,,,,,False,,No Shallow/Principal/Deep assignment from invented depth thresholds; authoritative OCWD/model metadata required.
338556N1180264W003,,"349323,24,25,33",NO_MATCH,,No exact WCR number or unique state-well-number crosswalk.,33.85558,-118.02644,DWR periodic station table,,,,,False,,No Shallow/Principal/Deep assignment from invented depth thresholds; authoritative OCWD/model metadata required.
338560N1177752W001,04S09W01F011S,,NO_MATCH,,No exact WCR number or unique state-well-number crosswalk.,33.856,-117.7752,DWR periodic station table,,,,,False,,No Shallow/Principal/Deep assignment from invented depth thresholds; authoritative OCWD/model metadata required.
338561N1177818W001,04S09W01E003S,,NO_MATCH,,No exact WCR number or unique state-well-number crosswalk.,33.8561,-117.7818,DWR periodic station table,,,,,False,,No Shallow/Principal/Deep assignment from invented depth thresholds; authoritative OCWD/model metadata required.
338567N1179570W001,04S10W05E001S,,NO_MATCH,,No exact WCR number or unique state-well-number crosswalk.,33.8567,-117.957,DWR periodic station table,,,,,False,,No Shallow/Principal/Deep assignment from invented depth thresholds; authoritative OCWD/model metadata required.
338568N1177748W001,04S09W01B003S,,NO_MATCH,,No exact WCR number or unique state-well-number crosswalk.,33.8568,-117.7748,DWR periodic station table,,,,,False,,No Shallow/Principal/Deep assignment from invented depth thresholds; authoritative OCWD/model metadata required.
338569N1179837W001,04S11W01G001S,,AMBIGUOUS,,State-well-number crosswalk returns multiple WCR candidates or duplicate master rows.,33.8569,-117.9837,DWR periodic station table,,,,,False,,No Shallow/Principal/Deep assignment from invented depth thresholds; authoritative OCWD/model metadata required.
338575N1178318W001,04S09W04D001S,,NO_MATCH,,No exact WCR number or unique state-well-number crosswalk.,33.8575,-117.8318,DWR periodic station table,,,,,False,,No Shallow/Principal/Deep assignment from invented depth thresholds; authoritative OCWD/model metadata required.
338586N1179851W001,04S11W01B002S,,HIGH_CONFIDENCE_METADATA_MATCH,WCR1978-009040,Unique DWR state-well-number crosswalk links the station to one WCR master row.,33.8586,-117.9851,DWR periodic station table,33.85285,-117.98465,Derived from TRS,Centroid of Section,False,,No Shallow/Principal/Deep assignment from invented depth thresholds; authoritative OCWD/model metadata required.
338587N1177884W001,04S09W02A001S,,AMBIGUOUS,,State-well-number crosswalk returns multiple WCR candidates or duplicate master rows.,33.8587,-117.7884,DWR periodic station table,,,,,False,,No Shallow/Principal/Deep assignment from invented depth thresholds; authoritative OCWD/model metadata required.
338587N1177890W001,04S09W02B002S,,AMBIGUOUS,,State-well-number crosswalk returns multiple WCR candidates or duplicate master rows.,33.8587,-117.789,DWR periodic station table,,,,,False,,No Shallow/Principal/Deep assignment from invented depth thresholds; authoritative OCWD/model metadata required.
338588N1177870W001,04S09W02A002S,,AMBIGUOUS,,State-well-number crosswalk returns multiple WCR candidates or duplicate master rows.,33.8588,-117.787,DWR periodic station table,,,,,False,,No Shallow/Principal/Deep assignment from invented depth thresholds; authoritative OCWD/model metadata required.
338593N1177896W001,04S09W02B003S,,AMBIGUOUS,,State-well-number crosswalk returns multiple WCR candidates or duplicate master rows.,33.8593,-117.7896,DWR periodic station table,,,,,False,,No Shallow/Principal/Deep assignment from invented depth thresholds; authoritative OCWD/model metadata required.
338597N1177671W001,04S08W06D001S,,AMBIGUOUS,,State-well-number crosswalk returns multiple WCR candidates or duplicate master rows.,33.8597,-117.7671,DWR periodic station table,,,,,False,,No Shallow/Principal/Deep assignment from invented depth thresholds; authoritative OCWD/model metadata required.
338597N1178274W001,03S09W33Q003S,,NO_MATCH,,No exact WCR number or unique state-well-number crosswalk.,33.8597,-117.8274,DWR periodic station table,,,,,False,,No Shallow/Principal/Deep assignment from invented depth thresholds; authoritative OCWD/model metadata required.
338600N1179515W001,03S10W32P001S,,NO_MATCH,,No exact WCR number or unique state-well-number crosswalk.,33.86,-117.9515,DWR periodic station table,,,,,False,,No Shallow/Principal/Deep assignment from invented depth thresholds; authoritative OCWD/model metadata required.
338606N1177673W001,03S08W31N001S,,HIGH_CONFIDENCE_METADATA_MATCH,WCR1935-000164,Unique DWR state-well-number crosswalk links the station to one WCR master row.,33.8606,-117.7673,DWR periodic station table,33.86646,-117.7567,Derived from TRS,Centroid of Section,False,,No Shallow/Principal/Deep assignment from invented depth thresholds; authoritative OCWD/model metadata required.
338608N1178652W001,03S09W31Q005S,e040384,EXACT_ID,WCR2004-016488,DWR periodic station WCR number equals the DWR WCR legacy-log identifier.,33.86083,-117.86521,DWR periodic station table,33.86683,-117.86297,Derived from TRS,Centroid of Section,False,,No Shallow/Principal/Deep assignment from invented depth thresholds; authoritative OCWD/model metadata required.
338609N1178271W001,03S09W33Q002S,,NO_MATCH,,No exact WCR number or unique state-well-number crosswalk.,33.8609,-117.8271,DWR periodic station table,,,,,False,,No Shallow/Principal/Deep assignment from invented depth thresholds; authoritative OCWD/model metadata required.
338610N1179220W001,03S10W34N004S,505952,EXACT_ID,WCR2001-013157,DWR periodic station WCR number equals the DWR WCR legacy-log identifier.,33.86105,-117.92202,DWR periodic station table,33.8668,-117.91529,Derived from TRS,Centroid of Section,False,,No Shallow/Principal/Deep assignment from invented depth thresholds; authoritative OCWD/model metadata required.
338614N1177662W001,03S08W31N004S,,AMBIGUOUS,,State-well-number crosswalk returns multiple WCR candidates or duplicate master rows.,33.8614,-117.7662,DWR periodic station table,,,,,False,,No Shallow/Principal/Deep assignment from invented depth thresholds; authoritative OCWD/model metadata required.
338614N1178482W001,03S09W32P002S,,NO_MATCH,,No exact WCR number or unique state-well-number crosswalk.,33.8614,-117.8482,DWR periodic station table,,,,,False,,No Shallow/Principal/Deep assignment from invented depth thresholds; authoritative OCWD/model metadata required.
338618N1177706W001,03S09W36R001S,,NO_MATCH,,No exact WCR number or unique state-well-number crosswalk.,33.8618,-117.7706,DWR periodic station table,,,,,False,,No Shallow/Principal/Deep assignment from invented depth thresholds; authoritative OCWD/model metadata required.
338618N1177712W001,03S09W36Q001S,,NO_MATCH,,No exact WCR number or unique state-well-number crosswalk.,33.8618,-117.7712,DWR periodic station table,,,,,False,,No Shallow/Principal/Deep assignment from invented depth thresholds; authoritative OCWD/model metadata required.
338620N1178337W001,03S09W33N003S,,NO_MATCH,,No exact WCR number or unique state-well-number crosswalk.,33.862,-117.8337,DWR periodic station table,,,,,False,,No Shallow/Principal/Deep assignment from invented depth thresholds; authoritative OCWD/model metadata required.
338621N1177658W001,03S08W31N003S,,NO_MATCH,,No exact WCR number or unique state-well-number crosswalk.,33.8621,-117.7658,DWR periodic station table,,,,,False,,No Shallow/Principal/Deep assignment from invented depth thresholds; authoritative OCWD/model metadata required.
338621N1178423W001,03S09W32Q003S,,HIGH_CONFIDENCE_METADATA_MATCH,WCR1925-000342,Unique DWR state-well-number crosswalk links the station to one WCR master row.,33.8621,-117.8423,DWR periodic station table,33.86673,-117.84477,Derived from TRS,Centroid of Section,False,,No Shallow/Principal/Deep assignment from invented depth thresholds; authoritative OCWD/model metadata required.
338622N1177695W001,03S09W36R002S,,NO_MATCH,,No exact WCR number or unique state-well-number crosswalk.,33.8622,-117.7695,DWR periodic station table,,,,,False,,No Shallow/Principal/Deep assignment from invented depth thresholds; authoritative OCWD/model metadata required.
338623N1178442W001,03S09W32Q010S,,HIGH_CONFIDENCE_METADATA_MATCH,WCR2004-015309,Unique DWR state-well-number crosswalk links the station to one WCR master row.,33.8623,-117.8442,DWR periodic station table,33.86673,-117.84477,Derived from TRS,Centroid of Section,False,,No Shallow/Principal/Deep assignment from invented depth thresholds; authoritative OCWD/model metadata required.
338628N1178576W001,03S09W31J002S,,NO_MATCH,,No exact WCR number or unique state-well-number crosswalk.,33.8628,-117.8576,DWR periodic station table,,,,,False,,No Shallow/Principal/Deep assignment from invented depth thresholds; authoritative OCWD/model metadata required.
338628N1179046W001,03S10W35N001S,,NO_MATCH,,No exact WCR number or unique state-well-number crosswalk.,33.8628,-117.9046,DWR periodic station table,,,,,False,,No Shallow/Principal/Deep assignment from invented depth thresholds; authoritative OCWD/model metadata required.
338629N1178426W001,03S09W32K006S,,NO_MATCH,,No exact WCR number or unique state-well-number crosswalk.,33.8629,-117.8426,DWR periodic station table,,,,,False,,No Shallow/Principal/Deep assignment from invented depth thresholds; authoritative OCWD/model metadata required.
338629N1179044W001,03S10W35N003S,,HIGH_CONFIDENCE_METADATA_MATCH,WCR2002-014615,Unique DWR state-well-number crosswalk links the station to one WCR master row.,33.8629,-117.9044,DWR periodic station table,33.86686,-117.89792,Derived from TRS,Centroid of Section,False,,No Shallow/Principal/Deep assignment from invented depth thresholds; authoritative OCWD/model metadata required.
338630N1178282W001,03S09W33K010S,,HIGH_CONFIDENCE_METADATA_MATCH,WCR2002-011572,Unique DWR state-well-number crosswalk links the station to one WCR master row.,33.863,-117.8282,DWR periodic station table,33.86661,-117.82628,Derived from TRS,Centroid of Section,False,,No Shallow/Principal/Deep assignment from invented depth thresholds; authoritative OCWD/model metadata required.
338631N1178273W001,03S09W33K011S,,HIGH_CONFIDENCE_METADATA_MATCH,WCR2004-015310,Unique DWR state-well-number crosswalk links the station to one WCR master row.,33.8631,-117.8273,DWR periodic station table,33.86661,-117.82628,Derived from TRS,Centroid of Section,False,,No Shallow/Principal/Deep assignment from invented depth thresholds; authoritative OCWD/model metadata required.
338636N1178425W001,03S09W32K001S,,HIGH_CONFIDENCE_METADATA_MATCH,WCR1918-000121,Unique DWR state-well-number crosswalk links the station to one WCR master row.,33.8636,-117.8425,DWR periodic station table,33.86673,-117.84477,Derived from TRS,Centroid of Section,False,,No Shallow/Principal/Deep assignment from invented depth thresholds; authoritative OCWD/model metadata required.
338637N1178016W001,03S09W34J001S,,NO_MATCH,,No exact WCR number or unique state-well-number crosswalk.,33.8637,-117.8016,DWR periodic station table,,,,,False,,No Shallow/Principal/Deep assignment from invented depth thresholds; authoritative OCWD/model metadata required.
338638N1178430W001,03S09W32K008S,,HIGH_CONFIDENCE_METADATA_MATCH,WCR1971-002516,Unique DWR state-well-number crosswalk links the station to one WCR master row.,33.8638,-117.843,DWR periodic station table,33.86673,-117.84477,Derived from TRS,Centroid of Section,False,,No Shallow/Principal/Deep assignment from invented depth thresholds; authoritative OCWD/model metadata required.
338642N1178978W001,03S10W35K002S,"255929,30",HIGH_CONFIDENCE_METADATA_MATCH,WCR1988-017283,Unique DWR state-well-number crosswalk links the station to one WCR master row.,33.86416,-117.89784,DWR periodic station table,33.86686,-117.89792,Derived from TRS,Centroid of Section,False,,No Shallow/Principal/Deep assignment from invented depth thresholds; authoritative OCWD/model metadata required.
338642N1178978W002,,"255929,30",NO_MATCH,,No exact WCR number or unique state-well-number crosswalk.,33.86416,-117.89784,DWR periodic station table,,,,,False,,No Shallow/Principal/Deep assignment from invented depth thresholds; authoritative OCWD/model metadata required.
338642N1178978W003,,"255929,30",NO_MATCH,,No exact WCR number or unique state-well-number crosswalk.,33.86416,-117.89784,DWR periodic station table,,,,,False,,No Shallow/Principal/Deep assignment from invented depth thresholds; authoritative OCWD/model metadata required.
338642N1178979W001,03S10W35K001S,,HIGH_CONFIDENCE_METADATA_MATCH,WCR1964-001722,Unique DWR state-well-number crosswalk links the station to one WCR master row.,33.8642,-117.8979,DWR periodic station table,33.86686,-117.89792,Derived from TRS,Centroid of Section,False,,No Shallow/Principal/Deep assignment from invented depth thresholds; authoritative OCWD/model metadata required.
338649N1178024W001,03S09W34J006S,341354,EXACT_ID,WCR1990-020074,DWR periodic station WCR number equals the DWR WCR legacy-log identifier.,33.86491,-117.80235,DWR periodic station table,33.86659,-117.80918,Derived from TRS,Centroid of Section,False,,No Shallow/Principal/Deep assignment from invented depth thresholds; authoritative OCWD/model metadata required.
338650N1178151W001,03S09W34L002S,,HIGH_CONFIDENCE_METADATA_MATCH,WCR1922-000110,Unique DWR state-well-number crosswalk links the station to one WCR master row.,33.865,-117.8151,DWR periodic station table,33.86659,-117.80918,Derived from TRS,Centroid of Section,False,,No Shallow/Principal/Deep assignment from invented depth thresholds; authoritative OCWD/model metadata required.
338650N1178296W001,03S09W33L001S,,NO_MATCH,,No exact WCR number or unique state-well-number crosswalk.,33.865,-117.8296,DWR periodic station table,,,,,False,,No Shallow/Principal/Deep assignment from invented depth thresholds; authoritative OCWD/model metadata required.
338653N1179429W001,03S10W32J001S,e067808,AMBIGUOUS,,Exact legacy-log identifier returns duplicate WCR master rows.,33.86537,-117.94295,DWR periodic station table,,,,,False,,No Shallow/Principal/Deep assignment from invented depth thresholds; authoritative OCWD/model metadata required.
338657N1177638W001,03S08W31M004S,,HIGH_CONFIDENCE_METADATA_MATCH,WCR1968-001812,Unique DWR state-well-number crosswalk links the station to one WCR master row.,33.8657,-117.7638,DWR periodic station table,33.86646,-117.7567,Derived from TRS,Centroid of Section,False,,No Shallow/Principal/Deep assignment from invented depth thresholds; authoritative OCWD/model metadata required.
338660N1177636W001,03S08W31M005S,,NO_MATCH,,No exact WCR number or unique state-well-number crosswalk.,33.866,-117.7636,DWR periodic station table,,,,,False,,No Shallow/Principal/Deep assignment from invented depth thresholds; authoritative OCWD/model metadata required.
338664N1178426W001,03S09W32K007S,,NO_MATCH,,No exact WCR number or unique state-well-number crosswalk.,33.8664,-117.8426,DWR periodic station table,,,,,False,,No Shallow/Principal/Deep assignment from invented depth thresholds; authoritative OCWD/model metadata required.
338678N1179243W001,03S10W34E001S,,NO_MATCH,,No exact WCR number or unique state-well-number crosswalk.,33.8678,-117.9243,DWR periodic station table,,,,,False,,No Shallow/Principal/Deep assignment from invented depth thresholds; authoritative OCWD/model metadata required.
338681N1178249W001,03S09W33H001S,,NO_MATCH,,No exact WCR number or unique state-well-number crosswalk.,33.8681,-117.8249,DWR periodic station table,,,,,False,,No Shallow/Principal/Deep assignment from invented depth thresholds; authoritative OCWD/model metadata required.
338684N1178504W001,03S09W32F001S,,NO_MATCH,,No exact WCR number or unique state-well-number crosswalk.,33.8684,-117.8504,DWR periodic station table,,,,,False,,No Shallow/Principal/Deep assignment from invented depth thresholds; authoritative OCWD/model metadata required.
338686N1177664W001,03S09W36H005S,,NO_MATCH,,No exact WCR number or unique state-well-number crosswalk.,33.86862,-117.76636,DWR periodic station table,,,,,False,,No Shallow/Principal/Deep assignment from invented depth thresholds; authoritative OCWD/model metadata required.
338686N1179507W001,03S10W32G002S,,NO_MATCH,,No exact WCR number or unique state-well-number crosswalk.,33.8686,-117.9507,DWR periodic station table,,,,,False,,No Shallow/Principal/Deep assignment from invented depth thresholds; authoritative OCWD/model metadata required.
338687N1177945W001,03S09W35F002S,,NO_MATCH,,No exact WCR number or unique state-well-number crosswalk.,33.8687,-117.7945,DWR periodic station table,,,,,False,,No Shallow/Principal/Deep assignment from invented depth thresholds; authoritative OCWD/model metadata required.
338687N1180080W001,03S11W35F002S,,NO_MATCH,,No exact WCR number or unique state-well-number crosswalk.,33.8687,-118.008,DWR periodic station table,,,,,False,,No Shallow/Principal/Deep assignment from invented depth thresholds; authoritative OCWD/model metadata required.
338689N1177095W001,03S08W34F003S,349300,NO_MATCH,,No exact WCR number or unique state-well-number crosswalk.,33.8689,-117.7095,DWR periodic station table,,,,,False,,No Shallow/Principal/Deep assignment from invented depth thresholds; authoritative OCWD/model metadata required.
338691N1178384W001,03S09W32G001S,,HIGH_CONFIDENCE_METADATA_MATCH,WCR2005-016604,Unique DWR state-well-number crosswalk links the station to one WCR master row.,33.8691,-117.8384,DWR periodic station table,33.86673,-117.84477,Derived from TRS,Centroid of Section,False,,No Shallow/Principal/Deep assignment from invented depth thresholds; authoritative OCWD/model metadata required.
338697N1179513W001,03S10W32F001S,,HIGH_CONFIDENCE_METADATA_MATCH,WCR1926-000197,Unique DWR state-well-number crosswalk links the station to one WCR master row.,33.8697,-117.9513,DWR periodic station table,33.86661,-117.95001,Derived from TRS,Centroid of Section,False,,No Shallow/Principal/Deep assignment from invented depth thresholds; authoritative OCWD/model metadata required.
338703N1177243W001,03S08W33C001S,,HIGH_CONFIDENCE_METADATA_MATCH,WCR1949-000537,Unique DWR state-well-number crosswalk links the station to one WCR master row.,33.8703,-117.7243,DWR periodic station table,33.86641,-117.72282,Derived from TRS,Centroid of Section,False,,No Shallow/Principal/Deep assignment from invented depth thresholds; authoritative OCWD/model metadata required.
338715N1177476W001,03S08W32D003S,47989,EXACT_ID,WCR1962-001760,DWR periodic station WCR number equals the DWR WCR legacy-log identifier.,33.8715,-117.7476,DWR periodic station table,33.86641,-117.73964,Derived from TRS,Centroid of Section,False,,No Shallow/Principal/Deep assignment from invented depth thresholds; authoritative OCWD/model metadata required.
338715N1177943W001,03S09W35C004S,,HIGH_CONFIDENCE_METADATA_MATCH,WCR1982-006699,Unique DWR state-well-number crosswalk links the station to one WCR master row.,33.8715,-117.7943,DWR periodic station table,33.86657,-117.79169,Derived from TRS,Centroid of Section,False,,No Shallow/Principal/Deep assignment from invented depth thresholds; authoritative OCWD/model metadata required.
338715N1179765W001,03S11W36A006S,"224107,08,09",HIGH_CONFIDENCE_METADATA_MATCH,WCR1983-006876,Unique DWR state-well-number crosswalk links the station to one WCR master row.,33.87148,-117.97646,DWR periodic station table,33.86631,-117.98479,Derived from TRS,Centroid of Section,False,,No Shallow/Principal/Deep assignment from invented depth thresholds; authoritative OCWD/model metadata required.
338735N1177657W001,03S08W31D001S,,HIGH_CONFIDENCE_METADATA_MATCH,WCR1776-008507,Unique DWR state-well-number crosswalk links the station to one WCR master row.,33.8735,-117.7657,DWR periodic station table,33.86646,-117.7567,Derived from TRS,Centroid of Section,False,,No Shallow/Principal/Deep assignment from invented depth thresholds; authoritative OCWD/model metadata required.
338736N1177104W001,03S08W34C001S,,HIGH_CONFIDENCE_METADATA_MATCH,WCR1946-000725,Unique DWR state-well-number crosswalk links the station to one WCR master row.,33.8736,-117.7104,DWR periodic station table,33.8664,-117.70541,Derived from TRS,Centroid of Section,False,,No Shallow/Principal/Deep assignment from invented depth thresholds; authoritative OCWD/model metadata required.
338739N1180037W001,03S11W26P001S,,AMBIGUOUS,,State-well-number crosswalk returns multiple WCR candidates or duplicate master rows.,33.8739,-118.0037,DWR periodic station table,,,,,False,,No Shallow/Principal/Deep assignment from invented depth thresholds; authoritative OCWD/model metadata required.
338741N1177457W001,03S08W32D001S,,HIGH_CONFIDENCE_METADATA_MATCH,WCR1944-000350,Unique DWR state-well-number crosswalk links the station to one WCR master row.,33.8741,-117.7457,DWR periodic station table,33.86641,-117.73964,Derived from TRS,Centroid of Section,False,,No Shallow/Principal/Deep assignment from invented depth thresholds; authoritative OCWD/model metadata required.
338753N1176971W001,03S08W26N002S,,HIGH_CONFIDENCE_METADATA_MATCH,WCR1949-000535,Unique DWR state-well-number crosswalk links the station to one WCR master row.,33.8753,-117.6971,DWR periodic station table,33.87872,-117.68981,Derived from TRS,Centroid of Section,False,,No Shallow/Principal/Deep assignment from invented depth thresholds; authoritative OCWD/model metadata required.
338755N1177468W001,03S08W29N002S,,NO_MATCH,,No exact WCR number or unique state-well-number crosswalk.,33.8755,-117.7468,DWR periodic station table,,,,,False,,No Shallow/Principal/Deep assignment from invented depth thresholds; authoritative OCWD/model metadata required.
338757N1176952W001,03S08W26N003S,,HIGH_CONFIDENCE_METADATA_MATCH,WCR1969-001863,Unique DWR state-well-number crosswalk links the station to one WCR master row.,33.8757,-117.6952,DWR periodic station table,33.87872,-117.68981,Derived from TRS,Centroid of Section,False,,No Shallow/Principal/Deep assignment from invented depth thresholds; authoritative OCWD/model metadata required.
338761N1178576W001,03S09W30R001S,,NO_MATCH,,No exact WCR number or unique state-well-number crosswalk.,33.8761,-117.8576,DWR periodic station table,,,,,False,,No Shallow/Principal/Deep assignment from invented depth thresholds; authoritative OCWD/model metadata required.
338764N1176943W001,03S08W26N004S,,AMBIGUOUS,,State-well-number crosswalk returns multiple WCR candidates or duplicate master rows.,33.8764,-117.6943,DWR periodic station table,,,,,False,,No Shallow/Principal/Deep assignment from invented depth thresholds; authoritative OCWD/model metadata required.
338764N1177407W001,03S08W29Q001S,,HIGH_CONFIDENCE_METADATA_MATCH,WCR1915-000051,Unique DWR state-well-number crosswalk links the station to one WCR master row.,33.8764,-117.7407,DWR periodic station table,33.88123,-117.73982,Derived from TRS,Centroid of Section,False,,No Shallow/Principal/Deep assignment from invented depth thresholds; authoritative OCWD/model metadata required.
338770N1177429W001,03S08W29P001S,,HIGH_CONFIDENCE_METADATA_MATCH,WCR1928-000223,Unique DWR state-well-number crosswalk links the station to one WCR master row.,33.877,-117.7429,DWR periodic station table,33.88123,-117.73982,Derived from TRS,Centroid of Section,False,,No Shallow/Principal/Deep assignment from invented depth thresholds; authoritative OCWD/model metadata required.
338774N1176944W001,03S08W26N005S,,HIGH_CONFIDENCE_METADATA_MATCH,WCR2002-014850,Unique DWR state-well-number crosswalk links the station to one WCR master row.,33.8774,-117.6944,DWR periodic station table,33.87872,-117.68981,Derived from TRS,Centroid of Section,False,,No Shallow/Principal/Deep assignment from invented depth thresholds; authoritative OCWD/model metadata required.
338781N1177387W001,03S08W29K001S,,NO_MATCH,,No exact WCR number or unique state-well-number crosswalk.,33.8781,-117.7387,DWR periodic station table,,,,,False,,No Shallow/Principal/Deep assignment from invented depth thresholds; authoritative OCWD/model metadata required.
338781N1178729W001,03S10W25R001S,,AMBIGUOUS,,State-well-number crosswalk returns multiple WCR candidates or duplicate master rows.,33.8781,-117.8729,DWR periodic station table,,,,,False,,No Shallow/Principal/Deep assignment from invented depth thresholds; authoritative OCWD/model metadata required.
338782N1177547W001,03S08W30Q001S,,HIGH_CONFIDENCE_METADATA_MATCH,WCR1776-008506,Unique DWR state-well-number crosswalk links the station to one WCR master row.,33.8782,-117.7547,DWR periodic station table,33.88135,-117.75684,Derived from TRS,Centroid of Section,False,,No Shallow/Principal/Deep assignment from invented depth thresholds; authoritative OCWD/model metadata required.
338782N1177620W001,03S08W30N001S,,HIGH_CONFIDENCE_METADATA_MATCH,WCR1776-008505,Unique DWR state-well-number crosswalk links the station to one WCR master row.,33.8782,-117.762,DWR periodic station table,33.88135,-117.75684,Derived from TRS,Centroid of Section,False,,No Shallow/Principal/Deep assignment from invented depth thresholds; authoritative OCWD/model metadata required.
338790N1178532W001,03S09W29N001S,,HIGH_CONFIDENCE_METADATA_MATCH,WCR1998-010394,Unique DWR state-well-number crosswalk links the station to one WCR master row.,33.879,-117.8532,DWR periodic station table,33.88152,-117.8448,Derived from TRS,Centroid of Section,False,,No Shallow/Principal/Deep assignment from invented depth thresholds; authoritative OCWD/model metadata required.
338845N1179320W001,03S10W28G001S,,HIGH_CONFIDENCE_METADATA_MATCH,WCR1916-000031,Unique DWR state-well-number crosswalk links the station to one WCR master row.,33.8845,-117.932,DWR periodic station table,33.88133,-117.9326,Derived from TRS,Centroid of Section,False,,No Shallow/Principal/Deep assignment from invented depth thresholds; authoritative OCWD/model metadata required.
338880N1179675W001,03S10W30B001S,,AMBIGUOUS,,State-well-number crosswalk returns multiple WCR candidates or duplicate master rows.,33.888,-117.9675,DWR periodic station table,,,,,False,,No Shallow/Principal/Deep assignment from invented depth thresholds; authoritative OCWD/model metadata required.
338882N1179587W001,03S10W29D001S,,AMBIGUOUS,,State-well-number crosswalk returns multiple WCR candidates or duplicate master rows.,33.8882,-117.9587,DWR periodic station table,,,,,False,,No Shallow/Principal/Deep assignment from invented depth thresholds; authoritative OCWD/model metadata required.
338882N1179619W001,03S10W19R002S,,AMBIGUOUS,,State-well-number crosswalk returns multiple WCR candidates or duplicate master rows.,33.8882,-117.9619,DWR periodic station table,,,,,False,,No Shallow/Principal/Deep assignment from invented depth thresholds; authoritative OCWD/model metadata required.
338907N1178202W001,,,NO_MATCH,,No exact WCR number or unique state-well-number crosswalk.,33.89075,-117.82027,DWR periodic station table,,,,,False,,No Shallow/Principal/Deep assignment from invented depth thresholds; authoritative OCWD/model metadata required.
338912N1179758W001,03S10W19N002S,,NO_MATCH,,No exact WCR number or unique state-well-number crosswalk.,33.89124,-117.97581,DWR periodic station table,,,,,False,,No Shallow/Principal/Deep assignment from invented depth thresholds; authoritative OCWD/model metadata required.
338942N1178371W001,03S09W21M005S,40301,EXACT_ID,WCR1957-001804,DWR periodic station WCR number equals the DWR WCR legacy-log identifier.,33.8942,-117.8371,DWR periodic station table,33.89629,-117.8262,Derived from TRS,Centroid of Section,False,,No Shallow/Principal/Deep assignment from invented depth thresholds; authoritative OCWD/model metadata required.
338949N1178365W001,03S09W21M001S,,NO_MATCH,,No exact WCR number or unique state-well-number crosswalk.,33.8949,-117.8365,DWR periodic station table,,,,,False,,No Shallow/Principal/Deep assignment from invented depth thresholds; authoritative OCWD/model metadata required.
338950N1178370W001,03S09W21M002S,,NO_MATCH,,No exact WCR number or unique state-well-number crosswalk.,33.895,-117.837,DWR periodic station table,,,,,False,,No Shallow/Principal/Deep assignment from invented depth thresholds; authoritative OCWD/model metadata required.
338950N1178554W001,03S09W20M001S,c-1097,HIGH_CONFIDENCE_METADATA_MATCH,WCR1776-008528,Unique DWR state-well-number crosswalk links the station to one WCR master row.,33.89136,-117.85455,DWR periodic station table,33.89631,-117.84483,Derived from TRS,Centroid of Section,False,,No Shallow/Principal/Deep assignment from invented depth thresholds; authoritative OCWD/model metadata required.
338970N1179254W001,03S10W21H002S,349331,EXACT_ID,WCR1993-012395,DWR periodic station WCR number equals the DWR WCR legacy-log identifier.,33.89702,-117.9254,DWR periodic station table,33.89581,-117.93271,Derived from TRS,Centroid of Section,False,,No Shallow/Principal/Deep assignment from invented depth thresholds; authoritative OCWD/model metadata required.
339028N1179179W001,03S10W22C002S,,NO_MATCH,,No exact WCR number or unique state-well-number crosswalk.,33.9028,-117.9179,DWR periodic station table,,,,,False,,No Shallow/Principal/Deep assignment from invented depth thresholds; authoritative OCWD/model metadata required.
339038N1178682W001,,,NO_MATCH,,No exact WCR number or unique state-well-number crosswalk.,33.90384,-117.86828,DWR periodic station table,,,,,False,,No Shallow/Principal/Deep assignment from invented depth thresholds; authoritative OCWD/model metadata required.
339088N1179408W001,03S10W16M004S,,HIGH_CONFIDENCE_METADATA_MATCH,WCR1943-000177,Unique DWR state-well-number crosswalk links the station to one WCR master row.,33.9088,-117.9408,DWR periodic station table,33.91014,-117.9328,Derived from TRS,Centroid of Section,False,,No Shallow/Principal/Deep assignment from invented depth thresholds; authoritative OCWD/model metadata required.
339164N1179704W001,03S10W18C001S,,HIGH_CONFIDENCE_METADATA_MATCH,WCR1945-000453,Unique DWR state-well-number crosswalk links the station to one WCR master row.,33.9164,-117.9704,DWR periodic station table,33.91004,-117.96732,Derived from TRS,Centroid of Section,False,,No Shallow/Principal/Deep assignment from invented depth thresholds; authoritative OCWD/model metadata required.
339172N1179146W001,03S10W15B001S,,HIGH_CONFIDENCE_METADATA_MATCH,WCR1931-000254,Unique DWR state-well-number crosswalk links the station to one WCR master row.,33.9172,-117.9146,DWR periodic station table,33.91023,-117.91544,Derived from TRS,Centroid of Section,False,,No Shallow/Principal/Deep assignment from invented depth thresholds; authoritative OCWD/model metadata required.
339209N1179218W001,03S10W10N002S,,NO_MATCH,,No exact WCR number or unique state-well-number crosswalk.,33.9209,-117.9218,DWR periodic station table,,,,,False,,No Shallow/Principal/Deep assignment from invented depth thresholds; authoritative OCWD/model metadata required.
339231N1179046W001,03S10W11M002S,,HIGH_CONFIDENCE_METADATA_MATCH,WCR1776-008268,Unique DWR state-well-number crosswalk links the station to one WCR master row.,33.9231,-117.9046,DWR periodic station table,33.92457,-117.89816,Derived from TRS,Centroid of Section,False,,No Shallow/Principal/Deep assignment from invented depth thresholds; authoritative OCWD/model metadata required.
339245N1179415W001,03S10W09M002S,,NO_MATCH,,No exact WCR number or unique state-well-number crosswalk.,33.9245,-117.9415,DWR periodic station table,,,,,False,,No Shallow/Principal/Deep assignment from invented depth thresholds; authoritative OCWD/model metadata required.
339247N1179265W001,03S10W09H002S,,HIGH_CONFIDENCE_METADATA_MATCH,WCR1944-000334,Unique DWR state-well-number crosswalk links the station to one WCR master row.,33.9247,-117.9265,DWR periodic station table,33.9245,-117.9329,Derived from TRS,Centroid of Section,False,,No Shallow/Principal/Deep assignment from invented depth thresholds; authoritative OCWD/model metadata required.
339268N1179326W001,03S10W09G001S,12670,NO_MATCH,,No exact WCR number or unique state-well-number crosswalk.,33.9268,-117.9326,DWR periodic station table,,,,,False,,No Shallow/Principal/Deep assignment from invented depth thresholds; authoritative OCWD/model metadata required.
339294N1179481W001,03S10W08B000S,,NO_MATCH,,No exact WCR number or unique state-well-number crosswalk.,33.9294,-117.9481,DWR periodic station table,,,,,False,,No Shallow/Principal/Deep assignment from invented depth thresholds; authoritative OCWD/model metadata required.
339294N1179481W002,03S10W08B002S,,NO_MATCH,,No exact WCR number or unique state-well-number crosswalk.,33.9294,-117.9481,DWR periodic station table,,,,,False,,No Shallow/Principal/Deep assignment from invented depth thresholds; authoritative OCWD/model metadata required.
339297N1179071W001,03S10W02N002S,,HIGH_CONFIDENCE_METADATA_MATCH,WCR1943-000176,Unique DWR state-well-number crosswalk links the station to one WCR master row.,33.9297,-117.9071,DWR periodic station table,33.93892,-117.89809,Derived from TRS,Centroid of Section,False,,No Shallow/Principal/Deep assignment from invented depth thresholds; authoritative OCWD/model metadata required.
339336N1178951W001,03S10W02Q001S,,NO_MATCH,,No exact WCR number or unique state-well-number crosswalk.,33.9336,-117.8951,DWR periodic station table,,,,,False,,No Shallow/Principal/Deep assignment from invented depth thresholds; authoritative OCWD/model metadata required.
