time,day,hour_of_day,grid_price_per_mwh,grid_emissions_kg_per_mwh,grid_water_m3_per_mwh,pue,site_wue_m3_per_mwh_it,scenario,arriving_flexible_it_mwh,processed_flexible_it_mwh,queued_flexible_it_mwh,fixed_it_energy_mwh,total_it_energy_mwh,it_utilization,dc_energy_mwh,grid_energy_mwh,auxiliary_energy_mwh,site_water_consumption_m3,site_water_discharge_m3,site_water_withdrawal_m3,indirect_grid_water_consumption_m3,total_water_footprint_m3,grid_co2e_metric_tons,heat_rejected_mwh_thermal,electricity_cost_usd,carbon_externality_usd,water_externality_usd,delay_cost_usd
0,0,0,34.74299218011643,338.23909157554414,3.3912457076783284,1.25,0.24231772833931373,asap,6.0935727126268535,6.0935727126268535,0.0,1.0,7.0935727126268535,0.7093572712626853,8.866965890783566,8.866965890783566,1.773393178156713,1.7188984255334827,0.5729661418444942,2.291864567377977,30.070060017249915,31.788958442783397,2.999154487929969,8.866965890783566,308.0649266048526,149.95772439649846,0.0,0.0
1,0,1,30.86217899333479,376.24454095587237,3.3281435877315406,1.25,0.2677101411597562,asap,6.141620860487594,6.141620860487594,0.0,1.0,7.141620860487594,0.7141620860487594,8.927026075609492,8.927026075609492,1.785405215121898,1.9118843286705933,0.6372947762235311,2.5491791048941246,29.71042459105199,31.62230891972258,3.358744827918796,8.927026075609492,275.50747662362716,167.9372413959398,0.0,0.0
2,0,2,29.259391459594916,384.4186402480886,3.0557361010774287,1.25,0.230892297901671,asap,2.8935924467007226,2.8935924467007226,0.0,1.0,3.8935924467007226,0.38935924467007227,4.866990558375903,4.866990558375903,0.9733981116751806,0.8990005071113194,0.2996668357037731,1.1986673428150925,14.87223875283224,15.77123925994356,1.8709618925511502,4.866990558375903,142.40518197767298,93.5480946275575,0.0,0.0
3,0,3,27.7057763169465,407.05495405690675,2.929845499607163,1.25,0.2197774276342323,asap,1.9302445335195726,1.9302445335195726,0.0,1.0,2.9302445335195726,0.29302445335195726,3.662805666899466,3.662805666899466,0.7325611333798934,0.6440016059162027,0.21466720197206757,0.8586688078882703,10.731454699101013,11.375456305017215,1.49096319245914,3.662805666899466,101.48087449956066,74.548159622957,0.0,0.0
4,0,4,23.687402215799906,400.7834484173449,2.863299740207103,1.25,0.2399478660343795,asap,3.458241144886984,3.458241144886984,0.0,1.0,4.458241144886983,0.44582411448869835,5.572801431108729,5.572801431108729,1.1145602862217459,1.0697454489823006,0.3565818163274335,1.426327265309734,15.956600889919397,17.026346338901696,2.2334865749048713,5.572801431108729,132.0051889674578,111.67432874524357,0.0,0.0
5,0,5,24.146361669893984,351.0622583539308,3.2671966558174694,1.25,0.24691343964428297,asap,2.0861926236389676,2.0861926236389676,0.0,1.0,3.0861926236389676,0.30861926236389675,3.8577407795487098,3.8577407795487098,0.7715481559097421,0.7620224361075115,0.25400747870250384,1.0160299148100154,12.603997773952223,13.366020210059734,1.3543071902124235,3.8577407795487098,93.1504040916819,67.71535951062117,0.0,0.0
6,0,6,20.60264774927926,414.12910808976164,3.514293179410862,1.25,0.2528534522187247,asap,3.5134612267486336,3.5134612267486336,0.0,1.0,4.513461226748634,0.45134612267486335,5.6418265334357915,5.6418265334357915,1.128365306687158,1.141244252638752,0.38041475087958404,1.5216590035183362,19.82703250587263,20.968276758511383,2.336444590288916,5.6418265334357915,116.23656473091492,116.82222951444581,0.0,0.0
7,0,7,18.70714224362101,379.23931257163173,3.8402989766371136,1.25,0.28466784842128495,asap,5.3324774934207015,5.3324774934207015,0.0,1.0,6.3324774934207015,0.6332477493420702,7.915596866775877,7.915596866775877,1.5831193733551752,1.8026527432282828,0.600884247742761,2.403536990971044,30.398258546951343,32.200911290179626,3.0019055143502453,7.915596866775877,148.07819652993712,150.09527571751227,0.0,0.0
8,0,8,26.091617762000755,361.6162967832276,3.748191303533412,1.25,0.34875188567576326,asap,3.767619786016862,3.767619786016862,0.0,1.0,4.767619786016862,0.47676197860168623,5.959524732521078,5.959524732521078,1.1919049465042155,1.6627163905584597,0.5542387968528198,2.2169551874112794,22.337438775627785,24.000155166186243,2.155061264362327,5.959524732521078,155.49364136412976,107.75306321811635,0.0,0.0
9,0,9,26.526129733981534,352.0469236988559,4.373101385551462,1.25,0.35620217959827966,asap,3.87805769005383,3.87805769005383,0.0,1.0,4.87805769005383,0.487805769005383,6.0975721125672875,6.0975721125672875,1.2195144225134573,1.7375747814033236,0.5791915938011079,2.3167663752044314,26.66530105396796,28.402875835371283,2.146631504261247,6.0975721125672875,161.74498892026773,107.33157521306237,0.0,0.0
10,0,10,20.959705442156928,331.29544998959364,4.844565046362493,1.25,0.42022188176075315,asap,3.4252432016679504,3.4252432016679504,0.0,1.0,4.42524320166795,0.442524320166795,5.531554002084937,5.531554002084937,1.1063108004169875,1.859584025453886,0.619861341817962,2.479445367271848,26.797973170567246,28.65755719602113,1.8325786722624668,5.531554002084937,115.9397425210846,91.62893361312334,0.0,0.0
11,0,11,24.132654817199708,308.38304917810575,5.54903844638694,1.25,0.43538461173988197,asap,2.593948053561122,2.593948053561122,0.0,1.0,3.593948053561122,0.3593948053561122,4.492435066951402,4.492435066951402,0.8984870133902803,1.5647496779130137,0.5215832259710046,2.0863329038840184,24.928694904410218,26.49344458232323,1.3853908241811212,4.492435066951402,108.41438475942165,69.26954120905606,0.0,0.0
12,0,12,27.132331796012277,318.14967898680953,5.389146210336698,1.25,0.4699650647370757,asap,4.076985694706639,4.076985694706639,0.0,1.0,5.076985694706639,0.5076985694706639,6.346232118383299,6.346232118383299,1.2692464236766599,2.3860059106820133,0.7953353035606711,3.1813412142426842,34.20077277070239,36.58677868138441,2.0190517112394266,6.346232118383299,172.18807549048555,100.95258556197133,0.0,0.0
13,0,13,33.20796803108223,304.6959720456946,6.034441235609848,1.25,0.4529109768152356,asap,2.881416261135473,2.881416261135473,0.0,1.0,3.881416261135473,0.3881416261135473,4.8517703264193415,4.8517703264193415,0.9703540652838685,1.7579360302574067,0.585978676752469,2.343914707009876,29.277722923453126,31.035658953710534,1.4783148757507982,4.8517703264193415,161.1174338938869,73.91574378753991,0.0,0.0
14,0,14,35.63969282294896,315.1797936780258,5.628322783678261,1.25,0.48938470615585,asap,1.966538072045398,1.966538072045398,0.0,1.0,2.966538072045398,0.2966538072045398,3.7081725900567477,3.7081725900567477,0.7416345180113497,1.451778362688079,0.4839261208960263,1.9357044835841053,20.87079227442762,22.3225706371157,1.1687410718565963,3.7081725900567477,132.15813204410154,58.43705359282981,0.0,0.0
15,0,15,36.40424759619202,316.2304244511893,6.112011376316207,1.25,0.5330809159775731,asap,4.133211270342212,4.133211270342212,0.0,1.0,5.133211270342212,0.5133211270342212,6.416514087927765,6.416514087927765,1.283302817585553,2.7364169659004283,0.9121389886334761,3.6485559545339044,39.21780710170771,41.95422406760814,2.029096973522433,6.416514087927765,233.58836756137657,101.45484867612164,0.0,0.0
16,0,16,39.09878570173301,313.3086439581555,5.961702536234206,1.25,0.5125969391341613,asap,2.9462144652640516,2.9462144652640516,0.0,1.0,3.9462144652640516,0.3946214465264052,4.932768081580065,4.932768081580065,0.9865536163160131,2.0228174560613037,0.6742724853537679,2.6970899414150717,29.407695982611013,31.430513438672318,1.5454788785999223,4.932768081580065,192.8652421380476,77.27394392999611,0.0,0.0
17,0,17,42.25227604096119,293.537137906805,6.043605236905051,1.25,0.4952226878242447,asap,1.3467556890732881,1.3467556890732881,0.0,1.0,2.346755689073288,0.23467556890732882,2.93344461134161,2.93344461134161,0.5866889222683218,1.1621666600097114,0.3873888866699038,1.5495555466796151,17.728581215275053,18.890747875284763,0.8610749354213562,2.93344461134161,123.94471146927582,43.05374677106781,0.0,0.0
18,0,18,42.69223529565819,303.38085493277896,5.9875252317057415,1.25,0.45011010508400123,asap,3.4068958766800024,3.4068958766800024,0.0,1.0,4.406895876680002,0.4406895876680002,5.508619845850003,5.508619845850003,1.101723969170001,1.9835883661466873,0.6611961220488958,2.644784488195583,32.98300031890189,34.96658868504858,1.671209798333647,5.508619845850003,235.17529461336068,83.56048991668234,0.0,0.0
19,0,19,45.50285338001403,299.3595081395504,5.8944843889503975,1.25,0.42960881309019144,asap,4.4702974192960765,4.4702974192960765,0.0,1.0,5.4702974192960765,0.5470297419296076,6.837871774120096,6.837871774120096,1.3675743548240193,2.350087981554125,0.7833626605180416,3.1334506420721664,40.305728426195465,42.65581640774959,2.046981931021907,6.837871774120096,311.1426767691231,102.34909655109534,0.0,0.0
20,0,20,45.95123969845251,320.74309453117075,4.5022187971907615,1.25,0.39648146968081355,asap,3.9118532341902736,3.9118532341902736,0.0,1.0,4.911853234190273,0.4911853234190273,6.139816542737842,6.139816542737842,1.2279633085475687,1.9474587891482167,0.6491529297160722,2.5966117188642888,27.642797450017106,29.590256239165324,1.9693037577714096,6.139816542737842,282.1321816598706,98.46518788857048,0.0,0.0
21,0,21,43.29018090616964,282.5695392482021,4.575531395260778,1.25,0.39016825690653484,asap,8.612556112208248,8.612556112208248,0.0,1.0,9.612556112208248,0.9612556112208248,12.01569514026031,12.01569514026031,2.4031390280520615,3.7505142627165493,1.2501714209055164,5.0006856836220654,54.9781903501434,58.72870461285995,3.3952694395302165,12.01569514026031,520.1616163352521,169.76347197651083,0.0,0.0
22,0,22,38.232495604581786,305.44755415542363,4.557929245078421,1.25,0.3569038143830891,asap,6.594917668311686,6.594917668311686,0.0,1.0,7.594917668311686,0.7594917668311686,9.493647085389608,9.493647085389608,1.8987294170779219,2.710655085745958,0.9035516952486526,3.6142067809946106,43.27137169295081,45.98202677869676,2.899811282247022,9.493647085389608,362.96582046360885,144.99056411235108,0.0,0.0
23,0,23,40.784581653678785,342.5430969543512,4.017358310665882,1.25,0.3236245090957713,asap,4.225825080608613,4.225825080608613,0.0,1.0,5.225825080608613,0.5225825080608613,6.5322813507607655,6.5322813507607655,1.306456270152153,1.6912050763323316,0.5637350254441106,2.2549401017764423,26.242514772086516,27.933719848418846,2.237587884066745,6.5322813507607655,266.41636213490557,111.87939420333726,0.0,0.0
24,1,0,29.329176825770073,356.85223067868276,3.251989176119388,1.25,0.26986594041268175,asap,4.571167820135017,4.571167820135022,0.0,1.0,5.571167820135022,0.5571167820135022,6.963959775168778,6.963959775168778,1.392791955033756,1.503468442977608,0.5011561476592027,2.0046245906368108,22.646721811779674,24.15019025475728,2.485104580125596,6.963959775168778,204.2472076534751,124.2552290062798,0.0,0.0
25,1,1,30.10767287541114,374.8694525005942,3.2375783555332576,1.25,0.2741915835624083,asap,2.09594399650622,2.09594399650622,0.0,1.0,3.09594399650622,0.30959439965062197,3.869929995632775,3.869929995632775,0.773985999126555,0.8488817870225716,0.2829605956741905,1.131842382696762,12.529201591289587,13.378083378312159,1.450718538678485,3.869929995632775,116.51458635925285,72.53592693392426,0.0,0.0
26,1,2,25.907656980308477,370.44894934193184,3.049189888015882,1.25,0.24244246808117773,asap,4.096011420462302,4.096011420462302,0.0,1.0,5.096011420462302,0.5096011420462302,6.370014275577878,6.370014275577878,1.274002855115576,1.2354895861467488,0.41182986204891625,1.647319448195665,19.42338311560888,20.658872701755627,2.359765095680932,6.370014275577878,165.03214481133986,117.9882547840466,0.0,0.0
27,1,3,27.01767644548757,387.8278594430195,2.8779119819864563,1.25,0.2546919309231719,asap,3.4535780255363138,3.4535780255363138,0.0,1.0,4.453578025536314,0.4453578025536314,5.566972531920392,5.566972531920392,1.1133945063840782,1.1342903868408512,0.37809679561361703,1.5123871824544681,16.021256953003174,17.155547339844027,2.1590270406327723,5.566972531920392,150.40666264834186,107.95135203163862,0.0,0.0
28,1,4,21.840230353518823,406.8421439607075,2.86566950297085,1.25,0.2392360435631739,asap,7.881255727867468,7.881255727867468,0.0,1.0,8.881255727867469,0.8881255727867469,11.101569659834336,11.101569659834336,2.220313931966867,2.1247164822077895,0.7082388274025965,2.832955309610386,31.813429609293728,33.938146091501515,4.516586401736143,11.101569659834336,242.4608386564175,225.82932008680717,0.0,0.0
29,1,5,17.32561472301344,394.34191003222344,3.191817128009179,1.25,0.2470128611674213,asap,5.113594983081706,5.113594983081706,0.0,1.0,6.113594983081706,0.6113594983081706,7.641993728852132,7.641993728852132,1.528398745770426,1.5101365887898048,0.503378862929935,2.01351545171974,24.39184647588897,25.901983064678774,3.013558403489823,7.641993728852132,132.40223906177687,150.67792017449116,0.0,0.0
30,1,6,18.983505194788222,371.23519390921496,3.4836201331344117,1.25,0.26861204440916897,asap,2.631561086010114,2.631561086010114,0.0,1.0,3.631561086010114,0.36315610860101144,4.539451357512643,4.539451357512643,0.907890271502529,0.9754810477099587,0.3251603492366529,1.3006413969466115,15.81372414241538,16.789205190125337,1.6852041049476552,4.539451357512643,86.1746984268297,84.26020524738276,0.0,0.0
31,1,7,19.449758694932154,376.79464590233954,3.4400977178449006,1.25,0.2882802184096421,asap,2.200355482652638,2.200355482652638,0.0,1.0,3.200355482652638,0.3200355482652638,4.000444353315798,4.000444353315798,0.8000888706631599,0.9225991775275979,0.307533059175866,1.230132236703464,13.761919490207195,14.684518667734793,1.5073460135596397,4.000444353315798,77.80767734449617,75.36730067798199,0.0,0.0
32,1,8,15.566948480551224,394.9959803546548,4.007974714644673,1.25,0.32181818931686085,asap,4.952324941971786,4.952324941971786,0.0,1.0,5.952324941971786,0.5952324941971786,7.440406177464732,7.440406177464732,1.4880812354929462,1.915566435050949,0.638522145016983,2.554088580067932,29.820959825964675,31.736526261015623,2.938930532304512,7.440406177464732,115.82441963896855,146.9465266152256,0.0,0.0
33,1,9,17.94709260054335,383.48708768403986,4.1207176060775845,1.25,0.3597031302156655,asap,1.6114599242540146,1.6114599242540146,0.0,1.0,2.6114599242540146,0.2611459924254015,3.264324905317518,3.264324905317518,0.6528649810635034,0.9393503091869339,0.31311676972897795,1.2524670789159118,13.451361109299441,14.390711418486374,1.2518264511946942,3.264324905317518,58.5851413539934,62.59132255973471,0.0,0.0
34,1,10,17.276276422074158,364.1330079854565,4.9855918332440465,1.25,0.40998257360960144,asap,4.3295821163178765,4.3295821163178765,0.0,1.0,5.3295821163178765,0.5329582116317877,6.661977645397346,6.661977645397346,1.3323955290794691,2.185035792311709,0.7283452641039031,2.9133810564156124,33.21390134214741,35.39893713445912,2.4258459591504042,6.661977645397346,115.09416731956328,121.29229795752022,0.0,0.0
35,1,11,24.652777400499033,342.10501209702784,5.29589651428453,1.25,0.43780511239414044,asap,2.0947700983809554,2.0947700983809554,0.0,1.0,3.0947700983809554,0.30947700983809556,3.8684626229761943,3.8684626229761943,0.7736925245952389,1.3549061707556993,0.45163539025189975,1.806541561007599,20.486977720659617,21.841883891415318,1.3234204524301711,3.8684626229761943,95.36834792638274,66.17102262150856,0.0,0.0
36,1,12,28.211652602195024,331.8977541351679,5.573296317941721,1.25,0.40894842359652545,asap,3.6920987116638297,3.6920987116638297,0.0,1.0,4.69209871166383,0.46920987116638296,5.865123389579788,5.865123389579788,1.1730246779159579,1.918826371494211,0.6396087904980704,2.5584351619922816,32.6880705914189,34.60689696291311,1.9466212807271748,5.865123389579788,165.46482353583352,97.33106403635874,0.0,0.0
37,1,13,32.87699795414426,295.12555148476537,6.081459419144807,1.25,0.4730648584174556,asap,1.5989082577208975,1.5989082577208975,0.0,1.0,2.5989082577208977,0.2598908257720898,3.248635322151122,3.248635322151122,0.6497270644302242,1.2294521669786926,0.40981738899289755,1.6392695559715902,19.756443879262463,20.985896046241155,0.9587552910227383,3.248635322151122,106.8053768401232,47.937764551136915,0.0,0.0
38,1,14,37.851778150647704,286.65159403842875,5.857508774887299,1.25,0.5100686897238822,asap,9.107736250735325,9.0,0.10773625073533344,1.0,10.0,1.0,12.5,12.5,2.5,5.1006868972388215,1.700228965746274,6.800915862985096,73.21885968609124,78.31954658333005,3.5831449254803593,12.5,473.1472268830963,179.15724627401798,0.0,0.05386812536766672
39,1,15,41.77374360465305,310.7787331988751,6.35401977834836,1.25,0.46933200074947723,asap,2.0267672705144384,2.134503521249772,0.0,1.0,3.134503521249772,0.3134503521249772,3.918129401562215,3.918129401562215,0.7836258803124432,1.471122808984437,0.490374269661479,1.961497078645916,24.89587171165454,26.366994520638976,1.2176712919267718,3.918129401562215,163.67493303071265,60.88356459633859,0.0,0.0
40,1,16,37.977904484183114,301.6445103984473,6.492108134543723,1.25,0.4661339865330743,asap,7.581820459564508,7.581820459564508,0.0,1.0,8.581820459564508,0.8581820459564508,10.727275574455636,10.727275574455636,2.145455114891128,4.000278182527904,1.3334260608426345,5.333704243370538,69.64263301841562,73.64291120094353,3.235823788565893,10.727275574455636,407.39944714218666,161.79118942829464,0.0,0.0
41,1,17,41.33408597129272,295.2269522898965,6.270983949179384,1.25,0.45293562111795577,asap,5.550921844144474,5.550921844144474,0.0,1.0,6.550921844144474,0.6550921844144474,8.188652305180593,8.188652305180593,1.637730461036119,2.967145854372762,0.9890486181242539,3.9561944724970157,51.350907171198266,54.318053025571025,2.417510863420102,8.188652305180593,338.470458371359,120.8755431710051,0.0,0.0
42,1,18,42.73217070350522,283.78726512976414,5.907661711198355,1.25,0.47835025591276126,asap,3.922060371514352,3.922060371514352,0.0,1.0,4.922060371514352,0.4922060371514352,6.15257546439294,6.15257546439294,1.230515092878588,2.3544688383319508,0.7848229461106503,3.139291784442601,36.347334496252614,38.70180333458457,1.746022564544561,6.15257546439294,262.912905010637,87.30112822722805,0.0,0.0
43,1,19,46.924094164580225,292.8923147403553,5.397052493370192,1.25,0.4304654882638365,asap,6.951432550462077,6.951432550462077,0.0,1.0,7.951432550462077,0.7951432550462078,9.939290688077596,9.939290688077596,1.987858137615519,3.422817295231621,1.1409390984105403,4.563756393642161,53.64287359042032,57.06569088565195,2.911141856508306,9.939290688077596,466.3922121764885,145.55709282541528,0.0,0.0
44,1,20,42.64183069147141,309.0951362487217,4.949101090801178,1.25,0.3915933319573299,asap,6.132144257676194,6.132144257676194,0.0,1.0,7.132144257676194,0.7132144257676194,8.915180322095242,8.915180322095242,1.783036064419048,2.7929001338637582,0.9309667112879194,3.7238668451516777,44.12212865677076,46.91502879063452,2.7556388763399515,8.915180322095242,380.1596098787229,137.78194381699757,0.0,0.0
45,1,21,39.880702872298386,300.18855099352373,4.813761659691274,1.25,0.36173652146982,asap,1.6022597925088027,1.6022597925088027,0.0,1.0,2.6022597925088027,0.26022597925088026,3.2528247406360036,3.2528247406360036,0.6505649481272009,0.9413324053029098,0.31377746843430326,1.255109873737213,15.658323022168805,16.599655427471713,0.9764607455274065,3.2528247406360036,129.72493697696552,48.82303727637032,0.0,0.0
46,1,22,39.68684186004968,326.7118850084439,4.071339359875408,1.25,0.3235033217527686,asap,7.736098087243605,7.736098087243605,0.0,1.0,8.736098087243604,0.8736098087243604,10.920122609054506,10.920122609054506,2.184024521810901,2.826156750381314,0.9420522501271047,3.768209000508419,44.45952499290894,47.285681743290255,3.567733842127524,10.920122609054506,433.3851790778993,178.38669210637622,0.0,0.0
47,1,23,38.09619204547566,334.9271111260623,3.769445541080593,1.25,0.31635963280846374,asap,2.9486188129704,2.9486188129704,0.0,1.0,3.9486188129704,0.39486188129704003,4.9357735162130005,4.9357735162130005,0.9871547032426005,1.2491835977719077,0.4163945325906359,1.6655781303625437,18.605129472472775,19.854313070244682,1.6531243649577467,4.9357735162130005,188.03417576662315,82.65621824788734,0.0,0.0
48,2,0,36.13529701292455,348.55128571215715,3.611925846151606,1.25,0.2991159440232808,asap,2.92342403837091,2.92342403837091,0.0,1.0,3.92342403837091,0.39234240383709096,4.9042800479636375,4.9042800479636375,0.9808560095927277,1.1735586850409474,0.39118622834698247,1.5647449133879299,17.7138958620055,18.88745454704645,1.7093931162102056,4.9042800479636375,177.2176161677259,85.46965581051028,0.0,0.0
49,2,1,34.03781316408691,373.53531084548706,3.184820985482625,1.25,0.2431680749562418,asap,5.277145729864036,5.277145729864036,0.0,1.0,6.277145729864036,0.6277145729864035,7.846432162330045,7.846432162330045,1.5692864324660087,1.526401443350831,0.5088004811169436,2.0352019244677746,24.989481811754537,26.51588325510537,2.9309194767839806,7.846432162330045,267.07539194607256,146.54597383919904,0.0,0.0
50,2,2,23.697909452048414,373.7895370749367,3.0981167217699332,1.25,0.2472065362288194,asap,2.173455247426034,2.173455247426034,0.0,1.0,3.173455247426034,0.3173455247426034,3.9668190592825425,3.9668190592825425,0.7933638118565085,0.784498879593361,0.2614996265311203,1.0459985061244812,12.289668459798921,13.074167339392282,1.4827554598292574,3.9668190592825425,94.00531887953757,74.13777299146287,0.0,0.0
51,2,3,26.86165159277649,381.4025657031963,3.0470308743862,1.25,0.23844348796425824,asap,2.34520315675444,2.34520315675444,0.0,1.0,3.34520315675444,0.334520315675444,4.181503945943049,4.181503945943049,0.8363007891886096,0.7976419086455759,0.265880636215192,1.063522544860768,12.741171624656195,13.53881353330177,1.5948363334807183,4.181503945943049,112.32210212974229,79.74181667403592,0.0,0.0
52,2,4,20.359797890465966,363.48031317131637,2.8718472007464464,1.25,0.2382233920380985,asap,2.824059081394825,2.824059081394825,0.0,1.0,3.824059081394825,0.3824059081394825,4.7800738517435315,4.7800738517435315,0.9560147703487063,0.9109803257239703,0.30366010857465675,1.214640434298627,13.727641710490945,14.638622036214915,1.7374627406137593,4.7800738517435315,97.32133752299949,86.87313703068796,0.0,0.0
53,2,5,19.523809754341467,370.18359509540807,3.1556008067626076,1.25,0.2610556865159948,asap,2.256346179734112,2.256346179734112,0.0,1.0,3.256346179734112,0.3256346179734112,4.07043272466764,4.07043272466764,0.8140865449335282,0.8500876874842256,0.28336256249474184,1.1334502499789674,12.844660789834123,13.694748477318349,1.5068074196114642,4.07043272466764,79.47035413425678,75.34037098057321,0.0,0.0
54,2,6,21.084170223923458,385.37696261992323,3.465926401918555,1.25,0.2666274505643383,asap,5.757687963946233,5.757687963946233,0.0,1.0,6.757687963946233,0.6757687963946233,8.447109954932792,8.447109954932792,1.6894219909865589,1.801785113536298,0.6005950378454327,2.4023801513817307,29.27706141271062,31.078846526246917,3.255321577348516,8.447109954932792,178.1003041900014,162.7660788674258,0.0,0.0
55,2,7,21.692507397531987,374.02034341296627,3.7659839348529838,1.25,0.29173718428572704,asap,3.7285889473941416,3.7285889473941416,0.0,1.0,4.728588947394142,0.4728588947394142,5.910736184242678,5.910736184242678,1.182147236848536,1.379505225157377,0.45983507505245896,1.8393403002098359,22.25973751301215,23.63924273816953,2.2107355774538924,5.910736184242678,128.21868840154428,110.53677887269461,0.0,0.0
56,2,8,20.76153413956164,380.4398280137825,4.340819163307936,1.25,0.3268786965409923,asap,6.333712628284772,6.333712628284772,0.0,1.0,7.333712628284772,0.7333712628284772,9.167140785355965,9.167140785355965,1.833428157071193,2.397234424739941,0.7990781415799804,3.1963125663199214,39.79290039381493,42.190134818554874,3.4875454637589547,9.167140785355965,190.32390637733576,174.37727318794774,0.0,0.0
57,2,9,18.672228444500906,352.53110581292947,4.493288806362719,1.25,0.3225060069030072,asap,2.9476026698382007,2.9476026698382007,0.0,1.0,3.9476026698382007,0.39476026698382005,4.934503337297751,4.934503337297751,0.9869006674595502,1.2731255738891682,0.4243751912963894,1.6975007651855576,22.172148610439468,23.445274184328635,1.739565918135167,4.934503337297751,92.13817357417571,86.97829590675835,0.0,0.0
58,2,10,23.80756486738559,374.41182610215554,5.302395926665025,1.25,0.38800041219110964,asap,6.655109313262466,6.655109313262466,0.0,1.0,7.655109313262466,0.7655109313262466,9.568886641578082,9.568886641578082,1.913777328315616,2.970185568913839,0.990061856304613,3.960247425218452,50.738025551023,53.70821111993684,3.582704321237772,9.568886641578082,227.81188942802964,179.1352160618886,0.0,0.0
59,2,11,26.898925329161525,338.9447008816786,5.4793338670988865,1.25,0.4357948092820367,asap,7.939725150826583,7.939725150826583,0.0,1.0,8.939725150826582,0.8939725150826583,11.174656438533228,11.174656438533228,2.2349312877066456,3.8958858171382973,1.2986286057127658,5.194514422851063,61.22967347684974,65.12555929398803,3.7875905840141693,11.174656438533228,300.5862491191394,189.37952920070848,0.0,0.0
60,2,12,32.62127215688075,335.9203817498904,5.870823711184877,1.25,0.48569643549464203,asap,3.6685102972039654,3.6685102972039654,0.0,1.0,4.668510297203966,0.4668510297203966,5.835637871504957,5.835637871504957,1.1671275743009915,2.267478810421998,0.7558262701406661,3.0233050805626642,34.26000118591975,36.52747999634175,1.960309701550063,5.835637871504957,190.3659312153635,98.01548507750314,0.0,0.0
61,2,13,31.666480754088894,315.13207989432834,5.43436197048442,1.25,0.41865537871895003,asap,3.5975813113762585,3.5975813113762585,0.0,1.0,4.597581311376258,0.4597581311376258,5.746976639220323,5.746976639220323,1.149395327844065,1.9248021451053943,0.6416007150351314,2.5664028601405255,31.231151293441282,33.155953438546675,1.8110567014216175,5.746976639220323,181.98652514006884,90.55283507108088,0.0,0.0
62,2,14,35.25373406407225,307.420816029834,5.9814557800513235,1.25,0.5065127719662796,asap,1.7007893369705174,1.7007893369705174,0.0,1.0,2.7007893369705176,0.27007893369705177,3.375986671213147,3.375986671213147,0.6751973342426294,1.3679842935659074,0.45599476452196913,1.8239790580878765,20.193314987904106,21.561299281470014,1.0378485773701884,3.375986671213147,119.01613631080079,51.89242886850942,0.0,0.0
63,2,15,33.574317944931636,273.2946813010015,6.135536122357285,1.25,0.45482535798588175,asap,2.3213282969421303,2.3213282969421303,0.0,1.0,3.3213282969421303,0.33213282969421304,4.1516603711776625,4.1516603711776625,0.8303320742355322,1.5106243316453434,0.5035414438817811,2.0141657755271245,25.472662175119805,26.983286506765147,1.134626698010997,4.1516603711776625,139.38916530129174,56.73133490054985,0.0,0.0
64,2,16,39.38648199501125,272.3733130651063,6.243779786383809,1.25,0.5194122463476096,asap,4.925146022084942,4.925146022084942,0.0,1.0,5.925146022084942,0.5925146022084942,7.406432527606177,7.406432527606177,1.4812865055212354,3.077593405268743,1.0258644684229143,4.103457873691657,46.24413370508299,49.32172711035173,2.0173145655372635,7.406432527606177,291.71332139582637,100.86572827686318,0.0,0.0
65,2,17,40.5213954771597,263.1214109886968,5.924952960393795,1.25,0.4828596962186916,asap,2.4372464140337398,2.4372464140337398,0.0,1.0,3.4372464140337398,0.343724641403374,4.296558017542175,4.296558017542175,0.8593116035084352,1.6597077593091187,0.5532359197697062,2.212943679078825,25.456904145540204,27.11661190484932,1.130516407970495,4.296558017542175,174.10252661938773,56.52582039852475,0.0,0.0
66,2,18,40.72973376259421,256.4208642671392,5.586832267392871,1.25,0.44608558303189827,asap,1.8402000163142027,1.8402000163142027,0.0,1.0,2.8402000163142027,0.28402000163142027,3.5502500203927534,3.5502500203927534,0.7100500040785507,1.266972280204728,0.422324093401576,1.689296373606304,19.834651371242433,21.101623651447163,0.9103581785935385,3.5502500203927534,144.6007381212415,45.51790892967693,0.0,0.0
67,2,19,42.21709075767443,280.4726671818157,5.318408047264427,1.25,0.42905618463074985,asap,4.171431001800943,4.171431001800943,0.0,1.0,5.171431001800943,0.5171431001800942,6.4642887522511785,6.4642887522511785,1.2928577504502359,2.218834454713889,0.7396114849046297,2.9584459396185188,34.37972531981359,36.59855977452747,1.8130563077772996,6.4642887522511785,272.903464937602,90.65281538886498,0.0,0.0
68,2,20,43.20435781716236,316.5109307794231,4.9520366671167135,1.25,0.3826551346077099,asap,6.8594297780689,6.8594297780689,0.0,1.0,7.8594297780689,0.78594297780689,9.824287222586126,9.824287222586126,1.964857444517225,3.0074511596667985,1.002483719888933,4.009934879555732,48.65023055453271,51.65768171419951,3.1094942930651284,9.824287222586126,424.4520204631872,155.47471465325643,0.0,0.0
69,2,21,39.440329044306395,280.816221956339,4.660770563458929,1.25,0.3598397252815113,asap,3.4213022758073577,3.4213022758073577,0.0,1.0,4.421302275807358,0.44213022758073584,5.526627844759197,5.526627844759197,1.105325568951839,1.5909601963130404,0.5303200654376802,2.1212802617507207,25.75834437404613,27.34930457035917,1.5519667515239821,5.526627844759197,217.97202070272863,77.5983375761991,0.0,0.0
70,2,22,40.40053404210093,328.1837889721976,3.9933043000181137,1.25,0.3313982579617334,asap,6.958088085893977,6.958088085893977,0.0,1.0,7.958088085893977,0.7958088085893977,9.947610107367472,9.947610107367472,1.989522021473495,2.6372965283712895,0.8790988427904298,3.5163953711617193,39.723834216654176,42.36113074502546,3.2646443762539863,9.947610107367472,401.88876078024686,163.2322188126993,0.0,0.0
71,2,23,36.82700481758563,321.704145217015,3.7795869981522396,1.25,0.31639521008364185,asap,0.9940437355857844,0.9940437355857844,0.0,1.0,1.9940437355857843,0.19940437355857843,2.4925546694822303,2.4925546694822303,0.49851093389644596,0.6309058866366342,0.2103019622122114,0.8412078488488456,9.42082722095869,10.051733107595325,0.8018651693524602,2.4925546694822303,91.79332282111766,40.09325846762301,0.0,0.0
72,3,0,34.38899878735266,357.68882812231317,3.281487654777599,1.25,0.26165841975279336,asap,4.942306498480207,4.942306498480207,0.0,1.0,5.942306498480207,0.5942306498480207,7.4278831231002584,7.4278831231002584,1.4855766246200517,1.5548545280790858,0.5182848426930285,2.073139370772114,24.374506769584375,25.929361297663462,2.656870809731239,7.4278831231002584,255.43746371289208,132.84354048656195,0.0,0.0
73,3,1,32.28954497986014,366.03834777156436,3.1208919571709957,1.25,0.2770153232171476,asap,4.855937512494636,4.855937512494636,0.0,1.0,5.855937512494636,0.5855937512494636,7.319921890618295,7.319921890618295,1.4639843781236586,1.622184422763121,0.5407281409210404,2.1629125636841615,22.844685355550546,24.466869778313665,2.6793721146588263,7.319921890618295,236.3569471361823,133.9686057329413,0.0,0.0
74,3,2,32.67340165343353,381.426514531801,2.9360434819332677,1.25,0.2612702414720336,asap,4.458720282656667,4.458720282656667,0.0,1.0,5.458720282656667,0.5458720282656667,6.823400353320834,6.823400353320834,1.3646800706641669,1.426201166377995,0.475400388792665,1.90160155517066,20.03380013198879,21.460001298366787,2.6026258140222254,6.823400353320834,222.94370038623188,130.13129070111125,0.0,0.0
75,3,3,26.114003747777065,367.33765910194404,3.162963938007581,1.25,0.23089527737668733,asap,5.626520171990293,5.626520171990293,0.0,1.0,6.626520171990293,0.6626520171990293,8.283150214987867,8.283150214987867,1.6566300429975733,1.5300322131539126,0.5100107377179709,2.0400429508718836,26.199305423106363,27.729337636260276,3.0427130099634074,8.283150214987867,216.30621575759355,152.13565049817038,0.0,0.0
76,3,4,25.653591689061276,400.072562760832,3.1226648408063817,1.25,0.2546503980827578,asap,4.016634609480537,4.016634609480537,0.0,1.0,5.016634609480537,0.5016634609480537,6.270793261850671,6.270793261850671,1.2541586523701342,1.277488000339959,0.42582933344665297,1.7033173337866119,19.581585642746656,20.859073643086614,2.508772330811955,6.270793261850671,160.86836990603382,125.43861654059776,0.0,0.0
77,3,5,22.94427123790646,384.3096019092386,3.322152353820406,1.25,0.2587495215674643,asap,2.5439955543391486,2.5439955543391486,0.0,1.0,3.5439955543391486,0.3543995554339149,4.4299944429239355,4.4299944429239355,0.8859988885847869,0.917007154122475,0.30566905137415834,1.2226762054966334,14.71711646597107,15.634123620093545,1.702489400820237,4.4299944429239355,101.64299408086511,85.12447004101185,0.0,0.0
78,3,6,19.179997931743774,383.6494236003362,3.6817691888198674,1.25,0.25936738622770333,asap,2.229480528095854,2.229480528095854,0.0,1.0,3.229480528095854,0.3229480528095854,4.036850660119818,4.036850660119818,0.8073701320239639,0.8376219234454847,0.27920730781516157,1.1168292312606463,14.862752380296287,15.700374303741771,1.5487354289156048,4.036850660119818,77.42678731185659,77.43677144578024,0.0,0.0
79,3,7,15.899236377582845,381.7848925416898,3.9287148634848035,1.25,0.31832347898137464,asap,10.689160101294831,9.0,1.6891601012948314,1.0,10.0,1.0,12.5,12.5,2.5,3.1832347898137465,1.0610782632712488,4.244313053084995,49.10893579356004,52.29217058337379,4.772311156771123,12.5,198.74045471978556,238.61555783855616,0.0,0.8445800506474157
80,3,8,19.381499125688247,353.5318342562,4.4298958487964075,1.25,0.3095660704256205,asap,5.361718636505404,7.050878737800235,0.0,1.0,8.050878737800236,0.8050878737800236,10.063598422250294,10.063598422250294,2.012719684450058,2.4922788943339986,0.8307596314446662,3.323038525778665,44.58069287468066,47.07297176901466,3.5578024094359466,10.063598422250294,195.0476240221217,177.89012047179733,0.0,0.0
81,3,9,11.779992013815576,370.2495870867876,4.8875884448378715,1.25,0.37627708597134935,asap,2.4858640514011796,2.4858640514011796,0.0,1.0,3.4858640514011796,0.34858640514011796,4.3573300642514745,4.3573300642514745,0.8714660128502949,1.3116507673535178,0.4372169224511726,1.7488676898046904,21.296836072380167,22.608486839733686,1.613299657089954,4.3573300642514745,51.329313358440885,80.66498285449771,0.0,0.0
82,3,10,24.10002943567435,359.3028764018755,4.43391119002196,1.25,0.389886687837501,asap,4.989699553301587,4.989699553301587,0.0,1.0,5.989699553301587,0.5989699553301586,7.4871244416269835,7.4871244416269835,1.4974248883253969,2.335304119978515,0.778434706659505,3.11373882663802,33.1972448428168,35.53254896279532,2.690145347855361,7.4871244416269835,180.43991943176718,134.50726739276806,0.0,0.0
83,3,11,32.59955252144637,338.276738388595,5.153131359484805,1.25,0.4256846551290602,asap,3.4991424356049983,3.4991424356049983,0.0,1.0,4.499142435604998,0.4499142435604998,5.623928044506248,5.623928044506248,1.1247856089012496,1.9152158960770336,0.6384052986923445,2.553621194769378,28.9808399696312,30.896055865708234,1.9024440358277226,5.623928044506248,183.3375376637166,95.12220179138613,0.0,0.0
84,3,12,28.96094139719764,341.3113478780166,5.674882329618715,1.25,0.4657143408729656,asap,7.050994141039905,7.050994141039905,0.0,1.0,8.050994141039904,0.8050994141039904,10.063742676299881,10.063742676299881,2.012748535259977,3.749463429766507,1.2498211432555022,4.999284573022009,57.11055548356395,60.86001891333046,3.4348695775454305,10.063742676299881,291.4554618847978,171.7434788772715,0.0,0.0
85,3,13,30.09087394771419,318.86300271071684,5.99189147853489,1.25,0.5022892925269722,asap,2.2634724199653546,2.2634724199653546,0.0,1.0,3.2634724199653546,0.3263472419965355,4.079340524956693,4.079340524956693,0.8158681049913388,1.6392072530056838,0.5464024176685612,2.185609670674245,24.442965729530055,26.082172982535738,1.3007507688672033,4.079340524956693,122.7509215262741,65.03753844336016,0.0,0.0
86,3,14,40.46276881527167,297.60998585988807,6.507386890041802,1.25,0.45437054638902935,asap,2.7527321310850033,2.7527321310850033,0.0,1.0,3.7527321310850033,0.3752732131085003,4.690915163856254,4.690915163856254,0.938183032771251,1.7051309488527595,0.5683769829509199,2.2735079318036795,30.525599839576483,32.23073078842924,1.3960631955851943,4.690915163856254,189.80741580716784,69.80315977925972,0.0,0.0
87,3,15,40.43789613956561,292.2110460534813,6.444913854761081,1.25,0.5076380087226913,asap,2.2494500267714805,2.2494500267714805,0.0,1.0,3.2494500267714805,0.32494500267714804,4.061812533464351,4.061812533464351,0.8123625066928701,1.6495443410341701,0.5498481136780567,2.199392454712227,26.178031872366603,27.82757621340077,1.186906489276759,4.061812533464351,164.25115336661727,59.34532446383795,0.0,0.0
88,3,16,35.21009201149859,316.6236205647032,6.281334918878593,1.25,0.47961602242569124,asap,2.5896692197743456,2.5896692197743456,0.0,1.0,3.5896692197743456,0.35896692197743457,4.487086524717932,4.487086524717932,0.8974173049435863,1.7216628730121062,0.5738876243373687,2.295550497349475,28.18489327174034,29.906556144752447,1.420717581243283,4.487086524717932,157.9907293988738,71.03587906216416,0.0,0.0
89,3,17,42.13051160144846,283.6287283741857,6.123523861093386,1.25,0.47028267313518257,asap,5.678419608848953,5.678419608848953,0.0,1.0,6.678419608848953,0.6678419608848953,8.348024511061192,8.348024511061192,1.6696049022122388,3.1407450259679064,1.0469150086559689,4.1876600346238755,51.11932728647566,54.26007231244357,2.367739576508819,8.348024511061192,351.7065435124397,118.38697882544096,0.0,0.0
90,3,18,42.51120492674784,269.5321281242139,5.473195806594248,1.25,0.45462668836593045,asap,1.816811180310364,1.816811180310364,0.0,1.0,2.816811180310364,0.2816811180310364,3.521013975387955,3.521013975387955,0.7042027950775909,1.2805975386566286,0.4268658462188762,1.7074633848755048,19.271198925053096,20.551796463709724,0.949026389941414,3.521013975387955,149.68254665766042,47.4513194970707,0.0,0.0
91,3,19,45.254020941972115,323.4619369185877,5.145674932765094,1.25,0.42988189935721516,asap,1.9657110176151296,1.9657110176151296,0.0,1.0,2.9657110176151296,0.29657110176151297,3.707138772018912,3.707138772018912,0.7414277544037824,1.2749054851970112,0.4249684950656704,1.6998739802626817,19.07573105145929,20.3506365366563,1.199118287623232,3.707138772018912,167.76293562374065,59.9559143811616,0.0,0.0
92,3,20,41.94142483506059,299.7182098870146,5.011495435254111,1.25,0.3736563333330737,asap,2.9540466624534814,2.9540466624534814,0.0,1.0,3.9540466624534814,0.39540466624534815,4.942558328066852,4.942558328066852,0.9885116656133706,1.4774545777202455,0.49248485924008184,1.9699394369603274,24.76960849958422,26.247063077304464,1.4813747343503527,4.942558328066852,207.2979386095186,74.06873671751764,0.0,0.0
93,3,21,39.86642503341794,301.774204254311,4.2562653257523255,1.25,0.3939048818531186,asap,4.15851304439603,4.15851304439603,0.0,1.0,5.15851304439603,0.515851304439603,6.448141305495038,6.448141305495038,1.2896282610990077,2.0319634712905894,0.6773211570968631,2.7092846283874525,27.445000254129862,29.47696372542045,1.945882711385119,6.448141305495038,257.0643419604036,97.29413556925594,0.0,0.0
94,3,22,39.2997585860593,344.35967053188284,3.9276960105787797,1.25,0.37620857134130137,asap,1.9502478737981868,1.9502478737981868,0.0,1.0,2.9502478737981868,0.2950247873798187,3.6878098422477334,3.6878098422477334,0.7375619684495467,1.1099085377043278,0.3699695125681093,1.4798780502724371,14.484596005169582,15.59450454287391,1.2699329822606644,3.6878098422477334,144.93003651162934,63.49664911303322,0.0,0.0
95,3,23,39.39973359288855,350.4287831602566,3.9731890544233237,1.25,0.33541179111190383,asap,3.454384275167393,3.454384275167393,0.0,1.0,4.454384275167393,0.4454384275167393,5.567980343959241,5.567980343959241,1.113596068791848,1.4940530080345948,0.49801766934486497,1.9920706773794599,22.12263855786307,23.616691565897664,1.951180576593864,5.567980343959241,219.37694220243407,97.55902882969319,0.0,0.0
96,4,0,37.2624344962927,338.5640639339389,3.3368703707317167,1.25,0.28535621776712866,asap,6.391212748822298,6.391212748822298,0.0,1.0,7.391212748822298,0.7391212748822298,9.239015936027872,9.239015936027872,1.8478031872055745,2.1091285147161134,0.7030428382387045,2.812171352954818,30.829398531649563,32.93852704636568,3.1279987820520208,9.239015936027872,344.268226126443,156.39993910260102,0.0,0.0
97,4,1,28.83949807760246,348.50825256596744,3.2318252904401796,1.25,0.22955247822103625,asap,3.371470089048407,3.371470089048407,0.0,1.0,4.371470089048406,0.43714700890484065,5.464337611310508,5.464337611310508,1.092867522262102,1.0034817924101957,0.33449393080339856,1.3379757232135943,17.659784487736783,18.663266280146978,1.9043667523483179,5.464337611310508,157.58875403676024,95.2183376174159,0.0,0.0
98,4,2,28.658677339532755,366.4125760166494,2.874496229312622,1.25,0.23670699440407905,asap,3.6959550206717804,3.6959550206717804,0.0,1.0,4.69595502067178,0.46959550206717804,5.869943775839726,5.869943775839726,1.1739887551679455,1.111565398799962,0.3705217995999874,1.4820871983999495,16.873131249928388,17.98469664872835,2.1508212199783316,5.869943775839726,168.22482467298929,107.54106099891658,0.0,0.0
99,4,3,24.929574754947012,387.0226081136594,2.8536177792135597,1.25,0.22547476558323504,asap,7.382430569566375,7.382430569566375,0.0,1.0,8.382430569566374,0.8382430569566374,10.478038211957967,10.478038211957967,2.0956076423915935,1.8900265676907215,0.6300088558969071,2.5200354235876286,29.900316132922313,31.790342700613035,4.0552376767065565,10.478038211957967,261.2130368901975,202.76188383532784,0.0,0.0
100,4,4,22.383277010548728,391.1608635983512,3.0778032762993033,1.25,0.23553653613514322,asap,3.364109660480691,3.364109660480691,0.0,1.0,4.3641096604806915,0.43641096604806917,5.455137075600865,5.455137075600865,1.0910274151201733,1.027907272743538,0.34263575758117937,1.3705430303247175,16.789838763946143,17.81774603668968,2.1338361295394184,5.455137075600865,122.10384429368885,106.69180647697092,0.0,0.0
101,4,5,23.669453719308347,384.4932087222953,3.161261086798803,1.25,0.2771511981206438,asap,7.991600620195289,7.991600620195289,0.0,1.0,8.991600620195289,0.8991600620195289,11.23950077524411,11.23950077524411,2.2479001550488213,2.4920328849094484,0.8306776283031495,3.322710513212598,35.530996435824186,38.023029320733635,4.321511717510334,11.23950077524411,266.03284342777073,216.0755858755167,0.0,0.0
102,4,6,25.713721360123078,414.7547865724295,3.516852919901854,1.25,0.2724411276346584,asap,3.696498390181014,3.696498390181014,0.0,1.0,4.696498390181014,0.46964983901810137,5.870622987726267,5.870622987726267,1.1741245975452532,1.2795193173552732,0.4265064391184244,1.7060257564736976,20.646117596028066,21.92563691338334,2.4348689843216063,5.870622987726267,150.95556371672646,121.74344921608031,0.0,0.0
103,4,7,15.949642007198939,385.6324589294585,3.8704641135397653,1.25,0.31575644275796866,asap,6.912652303584042,6.912652303584042,0.0,1.0,7.912652303584042,0.7912652303584042,9.890815379480053,9.890815379480053,1.9781630758960107,2.4984709441603434,0.8328236480534478,3.331294592213791,38.28204597992474,40.780516924085084,3.8142194556061977,9.890815379480053,157.75496446200435,190.71097278030987,0.0,0.0
104,4,8,20.96441100973529,370.09476070056223,4.05471264440306,1.25,0.34940054399865417,asap,4.196332017563739,4.196332017563739,0.0,1.0,5.196332017563739,0.5196332017563738,6.495415021954674,6.495415021954674,1.2990830043909352,1.8156012337343945,0.6052004112447982,2.4208016449791927,26.337041420165196,28.15264265389959,2.403919068201152,6.495415021954674,136.17255019906656,120.1959534100576,0.0,0.0
105,4,9,16.469867840370444,382.64341391660884,4.731415803596778,1.25,0.33562208084903683,asap,4.55886997542539,4.55886997542539,0.0,1.0,5.55886997542539,0.555886997542539,6.948587469281737,6.948587469281737,1.389717493856347,1.8656795083215036,0.6218931694405012,2.487572677762005,32.87665656483415,34.742336073155656,2.6588312311441333,6.948587469281737,114.44231729632433,132.94156155720665,0.0,0.0
106,4,10,23.66202761088552,354.702496259244,5.453243211163101,1.25,0.3941465936791781,asap,2.4075033094204694,2.4075033094204694,0.0,1.0,3.4075033094204694,0.34075033094204693,4.259379136775586,4.259379136775586,0.851875827355117,1.3430558223586044,0.4476852741195348,1.7907410964781392,23.227430361391214,24.570486183749818,1.5108124123288444,4.259379136775586,100.78554673961366,75.54062061644223,0.0,0.0
107,4,11,26.76466499380552,328.2464516200528,5.353027313493014,1.25,0.4090242985525309,asap,3.3593581834321244,3.3593581834321244,0.0,1.0,4.359358183432125,0.4359358183432125,5.449197729290156,5.449197729290156,1.0898395458580312,1.7830834231175603,0.5943611410391868,2.377444564156747,29.169704281514313,30.952787704631874,1.7886798188155428,5.449197729290156,145.84595170945678,89.43399094077714,0.0,0.0
108,4,12,29.794942627284392,307.06746113790706,5.587679108483814,1.25,0.42277209897970086,asap,2.265261309778224,2.265261309778224,0.0,1.0,3.265261309778224,0.3265261309778224,4.08157663722278,4.08157663722278,0.8163153274445563,1.380461377652147,0.4601537925507157,1.8406151702028628,22.80654050548535,24.187001883137498,1.2533193754317955,4.08157663722278,121.6103417349171,62.665968771589775,0.0,0.0
109,4,13,26.388206733288825,305.1938938476773,5.9155184269255585,1.25,0.46925806508186513,asap,3.5243672911731987,3.5243672911731987,0.0,1.0,4.524367291173199,0.4524367291173199,5.655459113966499,5.655459113966499,1.1310918227932998,2.123095840775615,0.7076986135918717,2.830794454367487,33.45497260139292,35.57806844216853,1.726011588487771,5.655459113966499,149.2374242710104,86.30057942438854,0.0,0.0
110,4,14,33.55205430232175,303.7303047829352,6.126143874832165,1.25,0.4995386947935879,asap,4.087928090953089,4.087928090953089,0.0,1.0,5.087928090953089,0.5087928090953089,6.359910113691361,6.359910113691361,1.271982022738272,2.541616957758338,0.8472056525861126,3.3888226103444503,38.961724387473474,41.50334134523181,1.9316974372235494,6.359910113691361,213.38804949245784,96.58487186117746,0.0,0.0
111,4,15,33.72638900977577,297.84158285736487,6.207239566475358,1.25,0.503614697610333,asap,3.7669552822049868,3.7669552822049868,0.0,1.0,4.766955282204987,0.47669552822049865,5.958694102756233,5.958694102756233,1.1917388205512465,2.400708742969644,0.800236247656548,3.200944990626192,36.987041799151875,39.387750542121516,1.7747468833277622,5.958694102756233,200.96523529981354,88.73734416638811,0.0,0.0
112,4,16,38.050808192739794,272.8451722695894,6.499165421656558,1.25,0.48311205855682143,asap,3.601825370999485,3.601825370999485,0.0,1.0,4.601825370999485,0.4601825370999485,5.7522817137493565,5.7522817137493565,1.1504563427498713,2.22319732810257,0.74106577603419,2.96426310413676,37.38503040962715,39.60822773772972,1.569482295131152,5.7522817137493565,218.87896816048132,78.4741147565576,0.0,0.0
113,4,17,44.1199361502925,268.5315857969897,6.200102981083903,1.25,0.4781001707597546,asap,5.550144253403463,5.550144253403463,0.0,1.0,6.550144253403463,0.6550144253403463,8.187680316754328,8.187680316754328,1.6375360633508649,3.131625086053221,1.043875028684407,4.175500114737628,50.76446114007051,53.89608622612373,2.198650779456839,8.187680316754328,361.2399327942076,109.93253897284194,0.0,0.0
114,4,18,45.30856334356076,297.5017183686155,6.224729769882342,1.25,0.470011456271219,asap,3.1778322361745692,3.1778322361745692,0.0,1.0,4.177832236174569,0.4177832236174569,5.222290295218212,5.222290295218212,1.0444580590436425,1.9636290133812526,0.6545430044604176,2.6181720178416703,32.50734586761244,34.470974880993694,1.5536403366471625,5.222290295218212,236.614470639357,77.68201683235813,0.0,0.0
115,4,19,42.686676642998506,295.16588872203283,5.328771549753062,1.25,0.45068864353919164,asap,6.343870503349031,6.343870503349031,0.0,1.0,7.343870503349031,0.734387050334903,9.179838129186288,9.179838129186288,1.8359676258372577,3.309799035481855,1.1032663451606184,4.413065380642474,48.91726025414627,52.22705928962812,2.709575079725674,9.179838129186288,391.8567818556434,135.47875398628372,0.0,0.0
116,4,20,44.64431092339379,293.13185035059774,5.250455189849457,1.25,0.3972424153685695,asap,3.549159890013992,3.549159890013992,0.0,1.0,4.549159890013992,0.4549159890013992,5.68644986251749,5.68644986251749,1.1372899725034982,1.807119262606974,0.602373087535658,2.409492350142632,29.856450192473684,31.66356945508066,1.666879570125654,5.68644986251749,253.8676357125207,83.3439785062827,0.0,0.0
117,4,21,45.49464492514639,299.8666984213826,4.4950604208461264,1.25,0.38113704881932553,asap,5.876577053503857,5.876577053503857,0.0,1.0,6.876577053503857,0.6876577053503856,8.595721316879821,8.595721316879821,1.7191442633759646,2.620918284151153,0.8736394280503843,3.494557712201537,38.63828668012983,41.25920496428098,2.577570571843051,8.595721316879821,391.0592891869592,128.87852859215255,0.0,0.0
118,4,22,40.84041712367316,351.78346897582486,4.214770951600655,1.25,0.3197274793640736,asap,3.8803408691286405,3.8803408691286405,0.0,1.0,4.8803408691286405,0.48803408691286404,6.100426086410801,6.100426086410801,1.2200852172821604,1.5603790845239724,0.5201263615079909,2.0805054460319634,25.71189866139111,27.272277745915083,2.1460290509082065,6.100426086410801,249.14394600115412,107.30145254541033,0.0,0.0
119,4,23,36.84286217292231,328.53949556591755,3.8105766085243578,1.25,0.30220312957486967,asap,7.689405418894354,7.689405418894354,0.0,1.0,8.689405418894353,0.8689405418894353,10.861756773617941,10.861756773617941,2.172351354723588,2.6259655117347047,0.8753218372449015,3.501287348979606,41.38955628902952,44.015521800764226,3.5685160913641267,10.861756773617941,400.17820776621113,178.42580456820633,0.0,0.0
120,5,0,38.45131971129649,317.62514618213095,3.458743872235367,1.25,0.24035145876591604,asap,5.663021096098859,5.663021096098859,0.0,1.0,6.663021096098859,0.6663021096098859,8.328776370123574,8.328776370123574,1.6657552740247148,1.6014668402354337,0.5338222800784779,2.1352891203139115,28.807104233383637,30.408571073619072,2.6454288120787783,8.328776370123574,320.25244301151304,132.2714406039389,0.0,0.0
121,5,1,33.215408134459,361.12688832409737,3.0132379046495457,1.25,0.2274090908641651,asap,1.9569014104403677,1.9569014104403677,0.0,1.0,2.9569014104403677,0.2956901410440368,3.6961267630504597,3.6961267630504597,0.739225352610092,0.6724262615232115,0.22414208717440384,0.8965683486976154,11.137309262813275,11.809735524336487,1.3347707567918308,3.6961267630504597,122.76835895141784,66.73853783959154,0.0,0.0
122,5,2,25.35629487579825,384.97474559204954,2.8209907061291735,1.25,0.24225866057105538,asap,5.009130909103431,5.009130909103431,0.0,1.0,6.009130909103431,0.6009130909103431,7.511413636379288,7.511413636379288,1.5022827272758574,1.4557640052355254,0.4852546684118418,1.9410186736473671,21.18962805811791,22.645392063353437,2.891704553701768,7.511413636379288,190.46161909812523,144.5852276850884,0.0,0.0
123,5,3,21.137056284758955,387.7321873631373,3.177573449419434,1.25,0.24553974500327383,asap,7.941978832764779,7.941978832764779,0.0,1.0,8.941978832764779,0.8941978832764779,11.177473540955972,11.177473540955972,2.235494708191194,2.195611202421736,0.7318704008072453,2.927481603228981,35.51724315532992,37.71285435775166,4.333866265228451,11.177473540955972,236.25888735659038,216.69331326142256,0.0,0.0
124,5,4,24.129988147008408,419.3589580192002,2.9532794870561605,1.25,0.2298862768786268,asap,6.363851078755023,6.363851078755023,0.0,1.0,7.363851078755023,0.7363851078755024,9.204813848443779,9.204813848443779,1.8409627696887556,1.692848307983652,0.564282769327884,2.257131077311536,27.184387920779486,28.877236228763138,3.8601211442440873,9.204813848443779,222.11204905836723,193.00605721220435,0.0,0.0
125,5,5,19.70107182003866,394.66215463345344,3.026196157569711,1.25,0.2517373982325555,asap,4.506432778260271,4.506432778260271,0.0,1.0,5.506432778260271,0.5506432778260271,6.883040972825338,6.883040972825338,1.3766081945650672,1.3861750611417025,0.46205835371390086,1.8482334148556034,20.829432144358925,22.21560720550063,2.716475780765589,6.883040972825338,135.60328454590075,135.82378903827944,0.0,0.0
126,5,6,21.64029014211444,373.47898148469443,3.483948838377296,1.25,0.2581808004951154,asap,2.0164820005857447,2.0164820005857447,0.0,1.0,3.0164820005857447,0.30164820005857446,3.770602500732181,3.770602500732181,0.7541205001464362,0.7787977375903347,0.2595992458634449,1.0383969834537796,13.136586202408408,13.915383939998742,1.4082407815570965,3.770602500732181,81.59693212642668,70.41203907785483,0.0,0.0
127,5,7,16.383031445793492,415.56811450291923,3.775387236910463,1.25,0.31150219069170754,asap,2.3310215435597135,2.3310215435597135,0.0,1.0,3.3310215435597135,0.33310215435597135,4.163776929449642,4.163776929449642,0.8327553858899286,1.037620508060124,0.34587350268670797,1.3834940107468319,15.719870276786416,16.75749078484654,1.7303329277821424,4.163776929449642,68.21528836844296,86.51664638910712,0.0,0.0
128,5,8,14.257802839936723,398.5373327720737,3.7703699276049,1.25,0.34307525636509867,asap,2.018199137828738,2.018199137828738,0.0,1.0,3.018199137828738,0.30181991378287376,3.7727489222859223,3.7727489222859223,0.7545497844571845,1.035469442971514,0.3451564809905047,1.3806259239620189,14.224659080990637,15.260128523962152,1.503581292706547,3.7727489222859223,53.79111029853643,75.17906463532735,0.0,0.0
129,5,9,19.484428763615092,386.92561620901307,4.498656361336347,1.25,0.3425643822086494,asap,3.584102792830533,3.584102792830533,0.0,1.0,4.584102792830533,0.45841027928305333,5.730128491038167,5.730128491038167,1.1460256982076338,1.570350341206936,0.5234501137356453,2.0938004549425813,25.777878987483493,27.34822932869043,2.217133497351765,5.730128491038167,111.64828038999441,110.85667486758825,0.0,0.0
130,5,10,22.61528764219128,389.01345668970987,4.754300900865592,1.25,0.389491703547104,asap,5.011207673048264,5.011207673048264,0.0,1.0,6.011207673048264,0.6011207673048264,7.51400959131033,7.51400959131033,1.5028019182620662,2.341315516950991,0.7804385056503303,3.1217540226013214,35.7238625690794,38.06517808603039,2.9230508447152657,7.51400959131033,169.93148825366725,146.1525422357633,0.0,0.0
131,5,11,23.623283547773944,373.6894317455228,5.660840714358808,1.25,0.4285294060848468,asap,1.740908121669574,1.740908121669574,0.0,1.0,2.740908121669574,0.2740908121669574,3.4261351520869674,3.4261351520869674,0.6852270304173933,1.1745597295121957,0.39151990983739854,1.5660796393495942,19.39480536182981,20.569365091342007,1.2803104980667392,3.4261351520869674,80.93656217074604,64.01552490333697,0.0,0.0
132,5,12,29.66955591594566,327.9162823984597,5.5847880696100685,1.25,0.43748942171664656,asap,4.271607609908446,4.271607609908446,0.0,1.0,5.271607609908446,0.5271607609908446,6.589509512385558,6.589509512385558,1.3179019024771117,2.3062725647759192,0.7687575215919731,3.0750300863678923,36.80101410935292,39.10728667412884,2.160807462130759,6.589509512385558,195.50782093637912,108.04037310653796,0.0,0.0
133,5,13,31.126818029787128,278.8643394451425,5.84384529873167,1.25,0.5073283851923875,asap,3.029680044894612,3.029680044894612,0.0,1.0,4.0296800448946115,0.40296800448946113,5.037100056118264,5.037100056118264,1.0074200112236529,2.044371070018371,0.681457023339457,2.725828093357828,29.43603348218775,31.48040455220612,1.40466757986851,5.037100056118264,156.78889684462374,70.2333789934255,0.0,0.0
134,5,14,41.580989871602625,285.31078481654436,5.888023886609843,1.25,0.4892286312706404,asap,3.8580891411028118,3.8580891411028118,0.0,1.0,4.858089141102812,0.48580891411028115,6.072611426378515,6.072611426378515,1.2145222852757032,2.3767163010924897,0.7922387670308298,3.1689550681233194,35.755681132616566,38.13239743370906,1.732581531945969,6.072611426378515,252.5051942144234,86.62907659729845,0.0,0.0
135,5,15,32.84854029904169,294.29181006488153,5.796296286471545,1.25,0.5003720725819878,asap,4.576322431007863,4.576322431007863,0.0,1.0,5.576322431007863,0.5576322431007863,6.970403038759829,6.970403038759829,1.3940806077519659,2.790236012188833,0.930078670729611,3.720314682918444,40.402521248773574,43.19275726096241,2.051332527158381,6.970403038759829,228.9675651192649,102.56662635791905,0.0,0.0
136,5,16,41.50130175675544,277.2937720093945,6.058340340379188,1.25,0.5113211416825856,asap,5.7260831832671375,5.7260831832671375,0.0,1.0,6.7260831832671375,0.6726083183267137,8.407603979083921,8.407603979083921,1.681520795816784,3.439188532320192,1.146396177440064,4.585584709760256,50.9361263524167,54.375314884736895,2.331376220921375,8.407603979083921,348.9265097872596,116.56881104606876,0.0,0.0
137,5,17,49.25418761489465,273.4334211501078,6.288213907836952,1.25,0.5109314853858788,asap,3.831461965588294,3.831461965588294,0.0,1.0,4.831461965588295,0.48314619655882945,6.039327456985369,6.039327456985369,1.207865491397074,2.4685460386634053,0.8228486795544684,3.2913947182178735,37.97658290899697,40.44512894766037,1.65135396800929,6.039327456985369,297.46216763414196,82.5676984004645,0.0,0.0
138,5,18,47.208118622763735,284.5989491549079,5.582702952680476,1.25,0.4814023679513727,asap,4.4960363167892865,4.496036316789331,0.0,1.0,5.496036316789331,0.5496036316789331,6.870045395986663,6.870045395986663,1.3740090791973323,2.645804897249125,0.8819349657497083,3.5277398629988332,38.35342271722366,40.99922761447279,1.9552077003443176,6.870045395986663,324.32191799751024,97.76038501721588,0.0,0.0
139,5,19,42.31899854042911,280.03044615447845,5.671398235331857,1.25,0.44046872231219636,asap,2.845733123676384,2.845733123676384,0.0,1.0,3.845733123676384,0.38457331236763836,4.807166404595479,4.807166404595479,0.9614332809190955,1.6939251553394286,0.5646417184464761,2.2585668737859046,27.26335506396939,28.957280219308817,1.346152953017692,4.807166404595479,203.43446805967594,67.3076476508846,0.0,0.0
140,5,20,43.17597786765904,303.20730849277135,5.287259680189461,1.25,0.3588933688891446,asap,6.50759860927141,6.50759860927141,0.0,1.0,7.50759860927141,0.750759860927141,9.384498261589263,9.384498261589263,1.876899652317853,2.694427357148873,0.8981424523829576,3.5925698095318306,49.618279277309,52.312706634457875,2.845448459451572,9.384498261589263,405.18488924146277,142.2724229725786,0.0,0.0
141,5,21,43.651778774679585,288.5013036349076,4.175309127818988,1.25,0.3644819853506348,asap,3.1759212388953566,3.1759212388953566,0.0,1.0,4.175921238895357,0.41759212388953565,5.2199015486191955,5.2199015486191955,1.043980309723839,1.522048063820462,0.5073493546068207,2.029397418427283,21.794702582266197,23.31675064608666,1.5059484016225109,5.2199015486191955,227.85798762593248,75.29742008112554,0.0,0.0
142,5,22,39.996523417781916,320.95626962833114,4.7171982194761,1.25,0.30481068612926854,asap,4.089228611422302,4.089228611422302,0.0,1.0,5.089228611422302,0.5089228611422303,6.361535764277878,6.361535764277878,1.2723071528555758,1.5512512649163366,0.5170837549721122,2.068335019888449,30.00862518038514,31.559876445301477,2.0417747880098425,6.361535764277878,254.43931416899733,102.08873940049213,0.0,0.0
143,5,23,33.768050211566916,323.31411137970554,3.8257250775719656,1.25,0.2815143054056927,asap,4.316635185474103,4.316635185474103,0.0,1.0,5.316635185474103,0.5316635185474103,6.64579398184263,6.64579398184263,1.3291587963685263,1.4967088613342086,0.49890295377806954,1.9956118151122781,25.424980696712197,26.921689558046406,2.148678975652045,6.64579398184263,224.41550487459114,107.43394878260224,0.0,0.0
144,6,0,32.9939190585264,353.4199852512776,3.4072198325150573,1.25,0.28339129310335276,asap,3.1786434875305005,3.1786434875305005,0.0,1.0,4.1786434875305005,0.41786434875305006,5.223304359413126,5.223304359413126,1.0446608718826251,1.1841911813491723,0.39473039378305746,1.5789215751322299,17.79694620465476,18.98113738600393,1.8460201496667208,5.223304359413126,172.33728125252478,92.30100748333604,0.0,0.0
145,6,1,38.16880830521379,355.8033855036699,3.0852919367225304,1.25,0.24652058738571297,asap,2.8282091509245824,2.8282091509245824,0.0,1.0,3.8282091509245824,0.38282091509245825,4.785261438655728,4.785261438655728,0.9570522877311456,0.9437323685212896,0.3145774561737632,1.2583098246950528,14.763928531793773,15.707660900315062,1.70261222039387,4.785261438655728,182.64772654238203,85.1306110196935,0.0,0.0
146,6,2,25.19789378363765,372.7960211466173,3.0454039317338415,1.25,0.2218815460140381,asap,2.1199081175734578,2.1199081175734578,0.0,1.0,3.1199081175734578,0.3119908117573458,3.899885146966822,3.899885146966822,0.7799770293933643,0.6922500365489461,0.23075001218298205,0.9230000487319282,11.87672555988317,12.568975596432116,1.4538616657180221,3.899885146966822,98.26889170165609,72.69308328590111,0.0,0.0
147,6,3,23.504079552971557,379.02914140554424,3.2463641366131197,1.25,0.24324049970366202,asap,6.995961028381973,6.995961028381973,0.0,1.0,7.995961028381973,0.7995961028381973,9.994951285477466,9.994951285477466,1.9989902570954934,1.9449415561546382,0.648313852051546,2.593255408206184,32.44725140036925,34.392192956523886,3.7883778041247647,9.994951285477466,234.92213014193769,189.41889020623825,0.0,0.0
148,6,4,24.698999336962274,398.23131556476795,3.3095252454370123,1.25,0.22781850893834096,asap,1.6665023636908682,1.6665023636908682,0.0,1.0,2.666502363690868,0.2666502363690868,3.333127954613585,3.333127954613585,0.6666255909227168,0.6074785925766153,0.2024928641922051,0.8099714567688204,11.031071112065492,11.638549704642108,1.3273559303114721,3.333127954613585,82.32492514101135,66.3677965155736,0.0,0.0
149,6,5,22.90265715732284,373.937969008207,3.069672931202905,1.25,0.24099503175884832,asap,1.7594759196201701,1.7594759196201701,0.0,1.0,2.7594759196201704,0.275947591962017,3.449344899525213,3.449344899525213,0.6898689799050426,0.6650199868866401,0.22167332896221337,0.8866933158488535,10.588360668455351,11.253380655341992,1.289841026137276,3.449344899525213,78.99916365118615,64.4920513068638,0.0,0.0
150,6,6,23.589087942091016,388.3661324035705,3.4695544375512615,1.25,0.28007360591170144,asap,3.781844453499722,3.781844453499722,0.0,1.0,4.781844453499723,0.4781844453499723,5.977305566874653,5.977305566874653,1.1954611133749307,1.3392684190005366,0.4464228063335122,1.785691225334049,20.73858705414981,22.077855473150347,2.3213830452014403,5.977305566874653,140.99918667375638,116.06915226007202,0.0,0.0
151,6,7,20.07567018079004,389.5589256330035,3.635522418713121,1.25,0.2907310277425334,asap,5.4644141341968595,5.4644141341968595,0.0,1.0,6.4644141341968595,0.646441413419686,8.080517667746074,8.080517667746074,1.6161035335492144,1.8794057649884122,0.6264685883294707,2.505874353317883,29.376903135898313,31.256308900886726,3.1478377812056637,8.080517667746074,162.22180758771694,157.39188906028318,0.0,0.0
152,6,8,15.512536458665037,383.5321851966988,3.7069715715668017,1.25,0.3115433823947994,asap,2.2923097142853517,2.2923097142853517,0.0,1.0,3.2923097142853517,0.3292309714285352,4.115387142856689,4.115387142856689,0.8230774285713376,1.025697304279714,0.3418991014265713,1.3675964057062853,15.255623144561271,16.281320448840987,1.5783834238302248,4.115387142856689,63.840093095085734,78.91917119151124,0.0,0.0
153,6,9,19.4255140386618,362.81580025505156,4.889156654967454,1.25,0.34602491540767205,asap,2.203555657674902,2.203555657674902,0.0,1.0,3.203555657674902,0.3203555657674902,4.004444572093627,4.004444572093627,0.8008889144187252,1.108510075450727,0.3695033584835757,1.4780134339343027,19.578356829099857,20.686866904550584,1.4528757620011468,4.004444572093627,77.7883942522478,72.64378810005734,0.0,0.0
154,6,10,24.17917369988992,343.4807849286894,4.820837579623473,1.25,0.4055299279269858,asap,8.103970835623533,8.103970835623533,0.0,1.0,9.103970835623533,0.9103970835623534,11.379963544529417,11.379963544529417,2.275992708905884,3.691932636819792,1.230644212273264,4.922576849093056,54.86095591021255,58.552888547032346,3.908798810734835,11.379963544529417,275.15811524159176,195.43994053674174,0.0,0.0
155,6,11,21.617708946958267,337.67183527840984,5.465168823288567,1.25,0.4234821387519071,asap,3.176782745376663,3.176782745376663,0.0,1.0,4.176782745376663,0.41767827453766626,5.2209784317208285,5.2209784317208285,1.0441956863441657,1.7687928901141714,0.5895976300380571,2.3583905201522284,28.53352855210271,30.30232144221688,1.762977368988166,5.2209784317208285,112.8655921552875,88.1488684494083,0.0,0.0
156,6,12,28.683325234072996,322.8220985418991,6.095350153101745,1.25,0.44162862272145537,asap,1.0912473885676415,1.0912473885676415,0.0,1.0,2.0912473885676413,0.20912473885676414,2.6140592357095516,2.6140592357095516,0.5228118471419103,0.9235547039829676,0.3078515679943225,1.23140627197729,15.933606362599246,16.857161066582215,0.8438760881845904,2.6140592357095516,74.97991123898935,42.19380440922952,0.0,0.0
157,6,13,32.21684856839238,309.05016725770247,5.935237977686695,1.25,0.4886012299853056,asap,2.87587288802003,2.87587288802003,0.0,1.0,3.87587288802003,0.387587288802003,4.844841110025038,4.844841110025038,0.9689682220050075,1.8937562603532854,0.6312520867844285,2.525008347137714,28.755284952078366,30.64904121243165,1.4972989553902307,4.844841110025038,156.08551237959867,74.86494776951153,0.0,0.0
158,6,14,34.92021326485809,297.24640304976907,6.0727791899638195,1.25,0.4616485310907604,asap,0.5799319590940839,0.5799319590940839,0.0,1.0,1.579931959094084,0.15799319590940838,1.974914948867605,1.974914948867605,0.3949829897735211,0.7293732681391312,0.24312442271304371,0.9724976908521749,11.993222403431652,12.722595671570783,0.5870363648801142,1.974914948867605,68.96445119441307,29.351818244005713,0.0,0.0
159,6,15,35.81130336504964,290.2586076903652,6.32857938747385,1.25,0.47370690864740406,asap,3.47631876927535,3.47631876927535,0.0,1.0,4.47631876927535,0.44763187692753503,5.595398461594188,5.595398461594188,1.119079692318838,2.1204631263137785,0.7068210421045928,2.8272841684183714,35.410923368747866,37.531386495061646,1.6241125669351402,5.595398461594188,200.37851175648152,81.20562834675701,0.0,0.0
160,6,16,37.58242061399285,273.44946925142426,5.437882797220996,1.25,0.5144094461893036,asap,3.484317210339685,3.484317210339685,0.0,1.0,4.484317210339685,0.4484317210339685,5.605396512924607,5.605396512924607,1.1210793025849215,2.306775132708,0.768925044236,3.075700176944,30.481489269235276,32.78826440194327,1.532792701403018,5.605396512924607,210.6643694569414,76.6396350701509,0.0,0.0
161,6,17,38.59523828849218,279.22158467846583,5.544381854822949,1.25,0.47132418756067546,asap,2.8148129595264897,2.8148129595264897,0.0,1.0,3.8148129595264897,0.38148129595264896,4.768516199408112,4.768516199408112,0.9537032398816225,1.7980136188447586,0.5993378729482529,2.3973514917930117,26.43847469042763,28.23648830927239,1.3314726497636682,4.768516199408112,184.0420189986912,66.5736324881834,0.0,0.0
162,6,18,45.77224564291605,254.3127280540067,5.852805899193011,1.25,0.4954238463715095,asap,4.5261005915911525,4.5261005915911525,0.0,1.0,5.5261005915911525,0.5526100591591152,6.907625739488941,6.907625739488941,1.3815251478977881,2.737762010521963,0.9125873368406543,3.650349347362617,40.42899267749836,43.16675468802032,1.7566971461855079,6.907625739488941,316.17754215721743,87.83485730927539,0.0,0.0
163,6,19,51.35805350924582,291.7435456915967,5.516424347240732,1.25,0.4231153251989396,asap,4.154987269189065,4.154987269189065,0.0,1.0,5.154987269189065,0.5154987269189065,6.443734086486331,6.443734086486331,1.288746817297266,2.1811541147993245,0.7270513715997748,2.9082054863990994,35.54637160183821,37.72752571663754,1.8799178298853239,6.443734086486331,330.9376400131162,93.99589149426619,0.0,0.0
164,6,20,38.266362287215884,314.98473564905004,4.57744462972448,1.25,0.4002291286053397,asap,7.846538485191719,7.846538485191719,0.0,1.0,8.846538485191719,0.8846538485191718,11.058173106489647,11.058173106489647,2.2116346212979288,3.5406423891018837,1.180214129700628,4.720856518802512,50.61817510086471,54.158817489966594,3.483155732709076,11.058173106489647,423.15605832768034,174.15778663545382,0.0,0.0
165,6,21,42.11026052524173,310.5486738911543,4.193683810011487,1.25,0.3594669024911516,asap,3.1282033969855667,3.1282033969855667,0.0,1.0,4.128203396985567,0.4128203396985567,5.160254246231959,5.160254246231959,1.0320508492463922,1.4839524879678516,0.4946508293226172,1.978603317290469,21.640474687965998,23.12442717593385,1.602510113108533,5.160254246231959,217.29965068531268,80.12550565542665,0.0,0.0
166,6,22,38.585663314162005,320.7793288502639,4.218636993406714,1.25,0.3392025035082203,asap,4.00974799426556,4.00974799426556,0.0,1.0,5.00974799426556,0.500974799426556,6.2621849928319495,6.2621849928319495,1.25243699856639,1.699319061600163,0.5664396872000543,2.2657587488002173,26.41788527031722,28.117204331917385,2.0087794991368275,6.2621849928319495,241.6305617444116,100.43897495684138,0.0,0.0
167,6,23,36.57338455255805,313.384673905589,3.9249763026626874,1.25,0.2897138569558779,asap,3.540214137103841,3.540214137103841,0.0,1.0,4.540214137103841,0.45402141371038407,5.675267671379801,5.675267671379801,1.1350535342759605,1.3153629490659569,0.43845431635531895,1.7538172654212758,22.275291121433373,23.59065407049933,1.7785419085222904,5.675267671379801,207.56374698407413,88.92709542611452,0.0,0.0
168,7,0,33.40572994016874,382.6827506494525,3.678593019920615,1.25,0.24702070523004716,asap,0.0,0.0,0.0,1.0,1.0,0.1,1.25,1.25,0.25,0.24702070523004716,0.08234023507668238,0.3293609403067295,4.598241274900769,4.845261980130815,0.4783534383118156,1.25,41.75716242521092,23.91767191559078,0.0,0.0
169,7,1,32.48373766691273,370.79643712671344,3.10022179916093,1.25,0.26147916936239285,asap,0.0,0.0,0.0,1.0,1.0,0.1,1.25,1.25,0.25,0.26147916936239285,0.08715972312079762,0.34863889248319047,3.875277248951163,4.1367564183135555,0.4634955464083918,1.25,40.604672083640914,23.17477732041959,0.0,0.0
170,7,2,23.323203325835966,384.7002799230951,2.927005659340837,1.25,0.2742902638334984,asap,0.0,0.0,0.0,1.0,1.0,0.1,1.25,1.25,0.25,0.2742902638334984,0.09143008794449947,0.3657203517779979,3.6587570741760462,3.9330473380095445,0.4808753499038688,1.25,29.154004157294956,24.043767495193443,0.0,0.0
171,7,3,27.86431367297777,394.1413047014736,3.171211436416745,1.25,0.23604533002448105,asap,0.0,0.0,0.0,1.0,1.0,0.1,1.25,1.25,0.25,0.23604533002448105,0.07868177667482702,0.3147271066993081,3.964014295520931,4.200059625545412,0.49267663087684194,1.25,34.83039209122221,24.633831543842096,0.0,0.0
172,7,4,24.580736043553408,400.4923017969366,2.8777743616477958,1.25,0.23780334891885377,asap,0.0,0.0,0.0,1.0,1.0,0.1,1.25,1.25,0.25,0.23780334891885377,0.07926778297295126,0.317071131891805,3.5972179520597445,3.8350213009785983,0.5006153772461708,1.25,30.725920054441758,25.030768862308538,0.0,0.0
173,7,5,21.47576293248946,370.0117260969643,3.1924114778357215,1.25,0.2558781202559459,asap,0.0,0.0,0.0,1.0,1.0,0.1,1.25,1.25,0.25,0.2558781202559459,0.08529270675198197,0.3411708270079279,3.990514347294652,4.2463924675505975,0.4625146576212054,1.25,26.844703665611824,23.12573288106027,0.0,0.0
174,7,6,22.353612676192387,399.05212644967963,3.6310324054944427,1.25,0.2807290665562335,asap,0.0,0.0,0.0,1.0,1.0,0.1,1.25,1.25,0.25,0.2807290665562335,0.09357635551874449,0.37430542207497797,4.538790506868054,4.819519573424287,0.49881515806209953,1.25,27.942015845240483,24.940757903104977,0.0,0.0
175,7,7,23.890052966437164,383.2490145265911,3.575295740387625,1.25,0.30039350879956583,asap,0.0,0.0,0.0,1.0,1.0,0.1,1.25,1.25,0.25,0.30039350879956583,0.10013116959985528,0.40052467839942113,4.4691196754845315,4.769513184284097,0.47906126815823885,1.25,29.862566208046456,23.95306340791194,0.0,0.0
176,7,8,20.527072732192405,376.21917291664397,4.078447506377595,1.25,0.3189069868597908,asap,0.0,0.0,0.0,1.0,1.0,0.1,1.25,1.25,0.25,0.3189069868597908,0.1063023289532636,0.4252093158130544,5.098059382971993,5.416966369831783,0.4702739661458049,1.25,25.658840915240507,23.513698307290245,0.0,0.0
177,7,9,20.878869992152715,353.46769226918934,4.615820164766187,1.25,0.3475869186755469,asap,0.0,0.0,0.0,1.0,1.0,0.1,1.25,1.25,0.25,0.3475869186755469,0.1158623062251823,0.4634492249007292,5.769775205957734,6.1173621246332806,0.44183461533648666,1.25,26.098587490190894,22.091730766824334,0.0,0.0
178,7,10,25.651032909415058,339.2810058911305,5.000102864820907,1.25,0.36693564947477847,asap,0.0,0.0,0.0,1.0,1.0,0.1,1.25,1.25,0.25,0.36693564947477847,0.12231188315825949,0.48924753263303794,6.250128581026134,6.617064230500913,0.42410125736391313,1.25,32.06379113676882,21.205062868195657,0.0,0.0
179,7,11,27.860356423076297,351.86440344311876,5.688150283474426,1.25,0.4499552909631199,asap,0.0,0.0,0.0,1.0,1.0,0.1,1.25,1.25,0.25,0.4499552909631199,0.14998509698770665,0.5999403879508266,7.1101878543430335,7.560143145306153,0.4398305043038985,1.25,34.82544552884537,21.991525215194923,0.0,0.0
0,0,0,34.74299218011643,338.23909157554414,3.3912457076783284,1.25,0.24231772833931373,cost_focus,6.0935727126268535,0.9604565842884755,5.133116128338379,1.0,1.9604565842884756,0.19604565842884755,2.4505707303605946,2.4505707303605946,0.490114146072119,0.47505338601263375,0.15835112867087792,0.6334045146835117,8.310487470697513,8.785540856710147,0.8288788176787852,2.4505707303605946,85.14015972174035,41.44394088393926,0.0,2.5665580641691896
1,0,1,30.86217899333479,376.24454095587237,3.3281435877315406,1.25,0.2677101411597562,cost_focus,6.141620860487594,1.8783626960029562,9.396374292823017,1.0,2.8783626960029562,0.2878362696002956,3.597953370003695,3.597953370003695,0.719590674000739,0.7705668836559278,0.2568556278853093,1.0274225115412372,11.974505437334885,12.745072320990813,1.3537103140776745,3.597953370003695,111.04068091472615,67.68551570388372,0.0,4.698187146411509
2,0,2,29.259391459594916,384.4186402480886,3.0557361010774287,1.25,0.230892297901671,cost_focus,2.8935924467007226,0.38121080690023357,11.908755932623507,1.0,1.3812108069002336,0.13812108069002335,1.7265135086252918,1.7265135086252918,0.3453027017250583,0.3189109370918161,0.10630364569727203,0.42521458278908814,5.275769657304161,5.594680594395977,0.6637039753556913,1.7265135086252918,50.51673460914612,33.18519876778456,0.0,5.954377966311753
3,0,3,27.7057763169465,407.05495405690675,2.929845499607163,1.25,0.2197774276342323,cost_focus,1.9302445335195726,0.20413531578936617,13.634865150353713,1.0,1.2041353157893662,0.12041353157893661,1.5051691447367077,1.5051691447367077,0.30103382894734154,0.2646417622277209,0.08821392074257363,0.3528556829702945,4.409913044854406,4.674554807082127,0.6126865570586743,1.5051691447367077,41.701879643244894,30.634327852933712,0.0,6.8174325751768565
4,0,4,23.687402215799906,400.7834484173449,2.863299740207103,1.25,0.2399478660343795,cost_focus,3.458241144886984,9.0,8.093106295240696,1.0,10.0,1.0,12.5,12.5,2.5,2.399478660343795,0.7998262201145984,3.1993048804583935,35.79124675258879,38.190725412932586,5.009793105216811,12.5,296.09252769749884,250.48965526084058,0.0,4.046553147620348
5,0,5,24.146361669893984,351.0622583539308,3.2671966558174694,1.25,0.24691343964428297,cost_focus,2.0861926236389676,1.3031430969727977,8.876155821906867,1.0,2.3031430969727977,0.23031430969727978,2.8789288712159973,2.8789288712159973,0.5757857742431995,0.5686769840665399,0.18955899468884663,0.7582359787553865,9.406026780373269,9.974703764439809,1.010683271169421,2.8789288712159973,69.51565774628111,50.53416355847104,0.0,4.438077910953433
6,0,6,20.60264774927926,414.12910808976164,3.514293179410862,1.25,0.2528534522187247,cost_focus,3.5134612267486336,8.722094542076201,3.6675225065792993,1.0,9.722094542076201,0.9722094542076201,12.15261817759525,12.15261817759525,2.43052363551905,2.4582651677607887,0.8194217225869296,3.2776868903477183,42.70786317350745,45.166128341268234,5.032752926842946,12.15261817759525,250.37611154448302,251.6376463421473,0.0,1.8337612532896497
7,0,7,18.70714224362101,379.23931257163173,3.8402989766371136,1.25,0.28466784842128495,cost_focus,5.3324774934207015,9.0,0.0,1.0,10.0,1.0,12.5,12.5,2.5,2.8466784842128496,0.9488928280709499,3.7955713122837995,48.00373720796392,50.850415692176774,4.740491407145397,12.5,233.83927804526263,237.02457035726985,0.0,0.0
8,0,8,26.091617762000755,361.6162967832276,3.748191303533412,1.25,0.34875188567576326,cost_focus,3.767619786016862,1.0748823493335327,2.6927374366833297,1.0,2.0748823493335324,0.20748823493335325,2.5936029366669153,2.5936029366669153,0.5187205873333829,0.7236191318854271,0.24120637729514238,0.9648255091805695,9.721319972033651,10.444939103919078,0.9378890892835938,2.5936029366669153,67.67129644991581,46.89445446417969,0.0,1.3463687183416648
9,0,9,26.526129733981534,352.0469236988559,4.373101385551462,1.25,0.35620217959827966,cost_focus,3.87805769005383,1.35659239256703,5.214202734170131,1.0,2.35659239256703,0.235659239256703,2.9457404907087876,2.9457404907087876,0.5891480981417576,0.8394233466571008,0.27980778221903363,1.1192311288761345,12.882021821393643,13.721445168050744,1.037038877769187,2.9457404907087876,78.13909441918372,51.85194388845935,0.0,2.6071013670850656
10,0,10,20.959705442156928,331.29544998959364,4.844565046362493,1.25,0.42022188176075315,cost_focus,3.4252432016679504,8.639445935838081,0.0,1.0,9.639445935838081,0.9639445935838081,12.049307419797602,12.049307419797602,2.4098614839595207,4.050706110288923,1.3502353700963077,5.400941480385231,58.3736535588277,62.42435966911662,3.9918807237047957,12.049307419797602,252.54993430095365,199.5940361852398,0.0,0.0
11,0,11,24.132654817199708,308.38304917810575,5.54903844638694,1.25,0.43538461173988197,cost_focus,2.593948053561122,2.593948053561122,0.0,1.0,3.593948053561122,0.3593948053561122,4.492435066951402,4.492435066951402,0.8984870133902803,1.5647496779130137,0.5215832259710046,2.0863329038840184,24.928694904410218,26.49344458232323,1.3853908241811212,4.492435066951402,108.41438475942165,69.26954120905606,0.0,0.0
12,0,12,27.132331796012277,318.14967898680953,5.389146210336698,1.25,0.4699650647370757,cost_focus,4.076985694706639,4.076985694706639,0.0,1.0,5.076985694706639,0.5076985694706639,6.346232118383299,6.346232118383299,1.2692464236766599,2.3860059106820133,0.7953353035606711,3.1813412142426842,34.20077277070239,36.58677868138441,2.0190517112394266,6.346232118383299,172.18807549048555,100.95258556197133,0.0,0.0
13,0,13,33.20796803108223,304.6959720456946,6.034441235609848,1.25,0.4529109768152356,cost_focus,2.881416261135473,2.7148267281689167,0.16658953296655638,1.0,3.7148267281689167,0.3714826728168917,4.643533410211146,4.643533410211146,0.928706682042229,1.6824858021543299,0.5608286007181099,2.2433144028724397,28.02112948951016,29.703615291664487,1.414865926150944,4.643533410211146,154.202309037554,70.7432963075472,0.0,0.08329476648327819
14,0,14,35.63969282294896,315.1797936780258,5.628322783678261,1.25,0.48938470615585,cost_focus,1.966538072045398,1.3814721289099086,0.7516554761020457,1.0,2.3814721289099086,0.23814721289099086,2.976840161137386,2.976840161137386,0.5953680322274773,1.1654560380249221,0.38848534600830736,1.5539413840332295,16.754617302298012,17.920073340322933,0.9382398677997423,2.976840161137386,106.0936689259543,46.91199338998712,0.0,0.3758277380510229
15,0,15,36.40424759619202,316.2304244511893,6.112011376316207,1.25,0.5330809159775731,cost_focus,4.133211270342212,3.2827463185154424,1.6021204279288153,1.0,4.282746318515443,0.4282746318515443,5.353432898144304,5.353432898144304,1.0706865796288607,2.2830503303737912,0.7610167767912638,3.044067107165055,32.72024277580343,35.00329310617722,1.6929183576511337,5.353432898144304,194.88769671364506,84.64591788255669,0.0,0.8010602139644076
16,0,16,39.09878570173301,313.3086439581555,5.961702536234206,1.25,0.5125969391341613,cost_focus,2.9462144652640516,2.271653849090716,2.2766810441021508,1.0,3.271653849090716,0.3271653849090716,4.089567311363395,4.089567311363395,0.8179134622726791,1.6770397489503983,0.5590132496501328,2.236052998600531,24.380783812255657,26.057823561206057,1.2812967886988653,4.089567311363395,159.8971159198098,64.06483943494327,0.0,1.1383405220510754
17,0,17,42.25227604096119,293.537137906805,6.043605236905051,1.25,0.4952226878242447,cost_focus,1.3467556890732881,0.07008797261075017,3.553348760564687,1.0,1.0700879726107502,0.10700879726107501,1.3376099657634377,1.3376099657634377,0.26752199315268754,0.5299318420046925,0.1766439473348975,0.70657578933959,8.083986594024298,8.61391843602899,0.392638200985819,1.3376099657634377,56.51706550857742,19.631910049290948,0.0,1.7766743802823435
18,0,18,42.69223529565819,303.38085493277896,5.9875252317057415,1.25,0.45011010508400123,cost_focus,3.4068958766800024,2.0374441954566405,4.922800441788048,1.0,3.0374441954566405,0.30374441954566406,3.7968052443208005,3.7968052443208005,0.75936104886416,1.367184326003778,0.45572810866792596,1.8229124346717038,22.733467200243474,24.10065152624725,1.1518780210353032,3.7968052443208005,162.09410286233262,57.59390105176516,0.0,2.461400220894024
19,0,19,45.50285338001403,299.3595081395504,5.8944843889503975,1.25,0.42960881309019144,cost_focus,4.4702974192960765,1.6926227314205537,7.700475129663571,1.0,2.6926227314205535,0.26926227314205536,3.3657784142756917,3.3657784142756917,0.6731556828551382,1.1567744557452533,0.38559148524841774,1.542365940993671,19.83952831961429,20.996302775359542,1.007577770604287,3.3657784142756917,153.15252169440294,50.37888853021435,0.0,3.8502375648317857
20,0,20,45.95123969845251,320.74309453117075,4.5022187971907615,1.25,0.39648146968081355,cost_focus,3.9118532341902736,1.9991061910035999,9.613222172850245,1.0,2.9991061910036,0.29991061910036,3.7488827387545,3.7488827387545,0.7497765477509,1.189090030337934,0.39636334344597796,1.5854533737839118,16.878290334884493,18.067380365222427,1.202428250662609,3.7488827387545,172.26580932989916,60.121412533130446,0.0,4.806611086425122
21,0,21,43.29018090616964,282.5695392482021,4.575531395260778,1.25,0.39016825690653484,cost_focus,8.612556112208248,4.826851091334278,13.39892719372422,1.0,5.826851091334278,0.5826851091334279,7.2835638641678475,7.2835638641678475,1.4567127728335691,2.2734523335598356,0.7578174445199451,3.0312697780797806,33.32617512988689,35.59962746344673,2.058113285182763,7.2835638641678475,315.3067973214661,102.90566425913813,0.0,6.69946359686211
22,0,22,38.232495604581786,305.44755415542363,4.557929245078421,1.25,0.3569038143830891,cost_focus,6.594917668311686,5.929384641434435,14.064460220601472,1.0,6.929384641434435,0.6929384641434435,8.661730801793045,8.661730801793045,1.7323461603586097,2.473123809855544,0.8243746032851814,3.2974984131407257,39.47955613448908,41.952679944344624,2.645704488160382,8.661730801793045,331.1595848076233,132.2852244080191,0.0,7.032230110300736
23,0,23,40.784581653678785,342.5430969543512,4.017358310665882,1.25,0.3236245090957713,cost_focus,4.225825080608613,0.5876338482166434,17.702651452993443,1.0,1.5876338482166434,0.15876338482166436,1.9845423102708044,1.9845423102708044,0.39690846205416097,0.5137972247529415,0.17126574158431385,0.6850629663372554,7.972617543034485,8.486414767787426,0.6797912689971042,1.9845423102708044,80.93872789841996,33.98956344985521,0.0,8.851325726496722
24,1,0,29.329176825770073,356.85223067868276,3.251989176119388,1.25,0.26986594041268175,cost_focus,4.571167820135017,7.8999342764301606,14.373884996698301,1.0,8.89993427643016,0.889993427643016,11.1249178455377,11.1249178455377,2.2249835691075397,2.4017891331198857,0.8005963777066286,3.2023855108265145,36.178112418906025,38.57990155202591,3.9699517492972136,11.1249178455377,326.28468266394026,198.4975874648607,0.0,7.1869424983491506
25,1,1,30.10767287541114,374.8694525005942,3.2375783555332576,1.25,0.2741915835624083,cost_focus,2.09594399650622,0.6206270891237238,15.849201904080795,1.0,1.6206270891237238,0.16206270891237237,2.025783861404655,2.025783861404655,0.40515677228093105,0.44436230793097004,0.14812076931032334,0.5924830772412933,6.558633982672295,7.0029962906032655,0.7594044870093025,2.025783861404655,60.99163781545857,37.970224350465124,0.0,7.9246009520403975
26,1,2,25.907656980308477,370.44894934193184,3.049189888015882,1.25,0.24244246808117773,cost_focus,4.096011420462302,5.700965206603222,14.244248117939875,1.0,6.700965206603222,0.6700965206603222,8.376206508254027,8.376206508254027,1.6752413016508054,1.624598543214984,0.541532847738328,2.166131390953312,25.540644184900998,27.16524272811598,3.102956900453756,8.376206508254027,217.00788501207273,155.1478450226878,0.0,7.122124058969938
27,1,3,27.01767644548757,387.8278594430195,2.8779119819864563,1.25,0.2546919309231719,cost_focus,3.4535780255363138,0.0,17.69782614347619,1.0,1.0,0.1,1.25,1.25,0.25,0.2546919309231719,0.08489731030772396,0.33958924123089584,3.59738997748307,3.852081908406242,0.4847848243037744,1.25,33.77209555685946,24.23924121518872,0.0,8.848913071738094
28,1,4,21.840230353518823,406.8421439607075,2.86566950297085,1.25,0.2392360435631739,cost_focus,7.881255727867468,3.0175203653603435,22.561561505983313,1.0,4.017520365360344,0.4017520365360344,5.02190045670043,5.02190045670043,1.004380091340086,0.9611356771432856,0.32037855904776186,1.2815142361910474,14.391106985721805,15.352242662865091,2.0431207485612592,5.02190045670043,109.67946278677877,102.15603742806296,0.0,11.280780752991657
29,1,5,17.32561472301344,394.34191003222344,3.191817128009179,1.25,0.2470128611674213,cost_focus,5.113594983081706,9.0,18.675156489065017,1.0,10.0,1.0,12.5,12.5,2.5,2.470128611674213,0.8233762038914043,3.2935048155656172,39.89771410011474,42.36784271178895,4.929273875402793,12.5,216.570184037668,246.46369377013966,0.0,9.337578244532509
30,1,6,18.983505194788222,371.23519390921496,3.4836201331344117,1.25,0.26861204440916897,cost_focus,2.631561086010114,6.722072852810214,14.584644722264917,1.0,7.722072852810214,0.7722072852810214,9.652591066012768,9.652591066012768,1.9305182132025536,2.0742417760698952,0.6914139253566317,2.765655701426527,33.62596057447543,35.700202350545325,3.5833815161176057,9.652591066012768,183.24001264481976,179.16907580588028,0.0,7.292322361132459
31,1,7,19.449758694932154,376.79464590233954,3.4400977178449006,1.25,0.2882802184096421,cost_focus,2.200355482652638,0.6783671874612298,16.10663301745632,1.0,1.6783671874612298,0.167836718746123,2.0979589843265374,2.0979589843265374,0.41959179686530756,0.48384005937290003,0.16128001979096668,0.6451200791638667,7.217183914113927,7.701023973486827,0.7904997126169495,2.0979589843265374,40.8047959970161,39.524985630847475,0.0,8.05331650872816
32,1,8,15.566948480551224,394.9959803546548,4.007974714644673,1.25,0.32181818931686085,cost_focus,4.952324941971786,9.0,12.05895795942811,1.0,10.0,1.0,12.5,12.5,2.5,3.2181818931686084,1.0727272977228695,4.290909190891478,50.099683933058415,53.31786582622702,4.937449754433185,12.5,194.5868560068903,246.87248772165927,0.0,6.029478979714055
33,1,9,17.94709260054335,383.48708768403986,4.1207176060775845,1.25,0.3597031302156655,cost_focus,1.6114599242540146,9.0,4.6704178836821235,1.0,10.0,1.0,12.5,12.5,2.5,3.597031302156655,1.1990104340522183,4.796041736208873,51.508970075969806,55.106001378126464,4.7935885960504985,12.5,224.33865750679186,239.67942980252494,0.0,2.3352089418410618
34,1,10,17.276276422074158,364.1330079854565,4.9855918332440465,1.25,0.40998257360960144,cost_focus,4.3295821163178765,9.0,0.0,1.0,10.0,1.0,12.5,12.5,2.5,4.099825736096014,1.3666085786986715,5.466434314794686,62.319897915550584,66.41972365164659,4.551662599818206,12.5,215.95345527592698,227.5831299909103,0.0,0.0
35,1,11,24.652777400499033,342.10501209702784,5.29589651428453,1.25,0.43780511239414044,cost_focus,2.0947700983809554,2.0947700983809554,0.0,1.0,3.0947700983809554,0.30947700983809556,3.8684626229761943,3.8684626229761943,0.7736925245952389,1.3549061707556993,0.45163539025189975,1.806541561007599,20.486977720659617,21.841883891415318,1.3234204524301711,3.8684626229761943,95.36834792638274,66.17102262150856,0.0,0.0
36,1,12,28.211652602195024,331.8977541351679,5.573296317941721,1.25,0.40894842359652545,cost_focus,3.6920987116638297,3.6920987116638297,0.0,1.0,4.69209871166383,0.46920987116638296,5.865123389579788,5.865123389579788,1.1730246779159579,1.918826371494211,0.6396087904980704,2.5584351619922816,32.6880705914189,34.60689696291311,1.9466212807271748,5.865123389579788,165.46482353583352,97.33106403635874,0.0,0.0
37,1,13,32.87699795414426,295.12555148476537,6.081459419144807,1.25,0.4730648584174556,cost_focus,1.5989082577208975,1.5989082577208882,0.0,1.0,2.598908257720888,0.2598908257720888,3.24863532215111,3.24863532215111,0.649727064430222,1.229452166978688,0.409817388992896,1.639269555971584,19.75644387926239,20.98589604624108,0.9587552910227347,3.24863532215111,106.80537684012282,47.93776455113674,0.0,0.0
38,1,14,37.851778150647704,286.65159403842875,5.857508774887299,1.25,0.5100686897238822,cost_focus,9.107736250735325,7.1675209840494025,1.940215266685922,1.0,8.167520984049403,0.8167520984049403,10.209401230061754,10.209401230061754,2.041880246012351,4.165996726626392,1.3886655755421307,5.554662302168523,59.801657291431916,63.967654018058305,2.9265411367750973,10.209401230061754,386.4439904112473,146.32705683875486,0.0,0.970107633342961
39,1,15,41.77374360465305,310.7787331988751,6.35401977834836,1.25,0.46933200074947723,cost_focus,2.0267672705144384,0.27531393618838407,3.6916686010119797,1.0,1.275313936188384,0.12753139361883842,1.5941424202354801,1.5941424202354801,0.3188284840470961,0.5985456412549854,0.1995152137516618,0.7980608550066473,10.129212467680365,10.72775810893535,0.4954255618993713,1.5941424202354801,66.59329673221802,24.771278094968565,0.0,1.8458343005059898
40,1,16,37.977904484183114,301.6445103984473,6.492108134543723,1.25,0.4661339865330743,cost_focus,7.581820459564508,6.973076121628993,4.3004129389474945,1.0,7.973076121628993,0.7973076121628992,9.966345152036242,9.966345152036242,1.993269030407249,3.716521757506585,1.2388405858355285,4.955362343342114,64.70259043320488,68.41911219071146,3.006293303847911,9.966345152036242,378.50090424043384,150.31466519239555,0.0,2.1502064694737473
41,1,17,41.33408597129272,295.2269522898965,6.270983949179384,1.25,0.45293562111795577,cost_focus,5.550921844144474,0.8366446957296891,9.014690087362279,1.0,1.8366446957296891,0.18366446957296892,2.2958058696621113,2.2958058696621113,0.4591611739324222,0.8318818060333256,0.27729393534444186,1.1091757413777674,14.396961759082917,15.228843565116243,0.6777837699496004,2.2958058696621113,94.89503719001216,33.88918849748002,0.0,4.5073450436811395
42,1,18,42.73217070350522,283.78726512976414,5.907661711198355,1.25,0.47835025591276126,cost_focus,3.922060371514352,0.24842887355522067,12.688321585321411,1.0,1.2484288735552207,0.12484288735552207,1.5605360919440259,1.5605360919440259,0.3121072183888052,0.5971862711540201,0.19906209038467337,0.7962483615386935,9.219119319320837,9.816305590474858,0.44286026966908526,1.5605360919440259,66.68509466993302,22.14301348345426,0.0,6.3441607926607055
43,1,19,46.924094164580225,292.8923147403553,5.397052493370192,1.25,0.4304654882638365,cost_focus,6.951432550462077,3.0770260227292985,16.562728113054185,1.0,4.0770260227292985,0.40770260227292987,5.096282528411623,5.096282528411623,1.0192565056823248,1.7550189975385349,0.585006332512845,2.34002533005138,27.504904326882897,29.259923324421433,1.4926619863173107,5.096282528411623,239.13844125249202,74.63309931586554,0.0,8.281364056527092
44,1,20,42.64183069147141,309.0951362487217,4.949101090801178,1.25,0.3915933319573299,cost_focus,6.132144257676194,2.124413863381477,20.570458507348896,1.0,3.124413863381477,0.3124413863381477,3.9055173292268464,3.9055173292268464,0.7811034658453693,1.2234996351752265,0.40783321172507553,1.6313328469003021,19.328800074219487,20.552299709394713,1.2071764109991157,3.9055173292268464,166.5384087154988,60.35882054995578,0.0,10.285229253674448
45,1,21,39.880702872298386,300.18855099352373,4.813761659691274,1.25,0.36173652146982,cost_focus,1.6022597925088027,4.269110920155516,17.90360737970218,1.0,5.269110920155516,0.5269110920155515,6.586388650194395,6.586388650194395,1.317277730038879,1.9060298554956987,0.6353432851652329,2.5413731406609315,31.705305160131537,33.61133501562723,1.977158465182046,6.586388650194395,262.6698087598811,98.8579232591023,0.0,8.95180368985109
46,1,22,39.68684186004968,326.7118850084439,4.071339359875408,1.25,0.3235033217527686,cost_focus,7.736098087243605,3.5676142148261807,22.072091252119606,1.0,4.567614214826181,0.45676142148261806,5.709517768532725,5.709517768532725,1.1419035537065447,1.4776383709814334,0.4925461236604778,1.9701844946419111,23.24538441693529,24.723022787916726,1.8653673126465309,5.709517768532725,226.59272877690202,93.26836563232655,0.0,11.036045626059803
47,1,23,38.09619204547566,334.9271111260623,3.769445541080593,1.25,0.31635963280846374,cost_focus,2.9486188129704,1.1357990925860832,23.884910972503924,1.0,2.1357990925860832,0.2135799092586083,2.669748865732604,2.669748865732604,0.5339497731465208,0.6756806166831834,0.22522687222772778,0.9009074889109111,10.063472957740736,10.739153574423918,0.8941712750319026,2.669748865732604,101.7072655021401,44.70856375159513,0.0,11.942455486251962
48,2,0,36.13529701292455,348.55128571215715,3.611925846151606,1.25,0.2991159440232808,cost_focus,2.92342403837091,3.8021759974773515,23.00615901339748,1.0,4.8021759974773515,0.48021759974773515,6.0027199968466896,6.0027199968466896,1.200543999369338,1.4364074068513781,0.47880246895045936,1.9152098758018374,21.681379503821645,23.117786910673022,2.0922557726709896,6.0027199968466896,216.91006997147667,104.61278863354948,0.0,11.50307950669874
49,2,1,34.03781316408691,373.53531084548706,3.184820985482625,1.25,0.2431680749562418,cost_focus,5.277145729864036,2.547584738076715,25.735720005184803,1.0,3.547584738076715,0.3547584738076715,4.434480922595894,4.434480922595894,0.8868961845191787,0.862659351502258,0.2875531171674193,1.1502124686696773,14.123027902005754,14.985687253508011,1.6564352098602395,4.434480922595894,150.94003312302678,82.82176049301198,0.0,12.867860002592401
50,2,2,23.697909452048414,373.7895370749367,3.0981167217699332,1.25,0.2472065362288194,cost_focus,2.173455247426034,6.981674931476589,20.927500321134247,1.0,7.981674931476589,0.7981674931476589,9.977093664345736,9.977093664345736,1.9954187328691466,1.9731222131147272,0.6577074043715757,2.630829617486303,30.91020071617438,32.88332292928911,3.7293332221490765,9.977093664345736,236.43626225227115,186.46666110745383,0.0,10.463750160567123
51,2,3,26.86165159277649,381.4025657031963,3.0470308743862,1.25,0.23844348796425824,cost_focus,2.34520315675444,0.5214873924697689,22.751216085418918,1.0,1.521487392469769,0.1521487392469769,1.9018592405872112,1.9018592405872112,0.3803718481174423,0.362788760754136,0.12092958691804534,0.48371834767218136,5.7950238248059245,6.157812585560061,0.7253739939662949,1.9018592405872112,51.08708029915615,36.26869969831474,0.0,11.375608042709459
52,2,4,20.359797890465966,363.48031317131637,2.8718472007464464,1.25,0.2382233920380985,cost_focus,2.824059081394825,9.0,16.575275166813743,1.0,10.0,1.0,12.5,12.5,2.5,2.382233920380985,0.7940779734603284,3.1763118938413135,35.89809000933058,38.280323929711564,4.543503914641454,12.5,254.49747363082457,227.17519573207272,0.0,8.287637583406871
53,2,5,19.523809754341467,370.18359509540807,3.1556008067626076,1.25,0.2610556865159948,cost_focus,2.256346179734112,9.0,9.831621346547857,1.0,10.0,1.0,12.5,12.5,2.5,2.610556865159948,0.8701856217199827,3.480742486879931,39.4450100845326,42.05556694969255,4.627294938692601,12.5,244.04762192926833,231.36474693463006,0.0,4.915810673273929
54,2,6,21.084170223923458,385.37696261992323,3.465926401918555,1.25,0.2666274505643383,cost_focus,5.757687963946233,9.0,6.589309310494089,1.0,10.0,1.0,12.5,12.5,2.5,2.6662745056433828,0.8887581685477942,3.555032674191177,43.324080023981935,45.99035452962532,4.81721203274904,12.5,263.5521277990432,240.86060163745202,0.0,3.2946546552470446
55,2,7,21.692507397531987,374.02034341296627,3.7659839348529838,1.25,0.29173718428572704,cost_focus,3.7285889473941416,1.5992135560112049,8.718684701877025,1.0,2.599213556011205,0.2599213556011205,3.249016945014006,3.249016945014006,0.649803389002801,0.7582872441880008,0.2527624147293336,1.0110496589173343,12.235745618987867,12.994032863175867,1.215198433528685,3.249016945014006,70.4793241144231,60.759921676434246,0.0,4.359342350938513
56,2,8,20.76153413956164,380.4398280137825,4.340819163307936,1.25,0.3268786965409923,cost_focus,6.333712628284772,9.0,6.052397330161798,1.0,10.0,1.0,12.5,12.5,2.5,3.2687869654099226,1.0895956551366408,4.358382620546563,54.2602395413492,57.52902650675912,4.755497850172282,12.5,259.5191767445205,237.7748925086141,0.0,3.026198665080899
57,2,9,18.672228444500906,352.53110581292947,4.493288806362719,1.25,0.3225060069030072,cost_focus,2.9476026698382007,9.0,0.0,1.0,10.0,1.0,12.5,12.5,2.5,3.225060069030072,1.075020023010024,4.300080092040096,56.16611007953399,59.391170148564065,4.406638822661618,12.5,233.40285555626133,220.3319411330809,0.0,0.0
58,2,10,23.80756486738559,374.41182610215554,5.302395926665025,1.25,0.38800041219110964,cost_focus,6.655109313262466,6.655109313262466,0.0,1.0,7.655109313262466,0.7655109313262466,9.568886641578082,9.568886641578082,1.913777328315616,2.970185568913839,0.990061856304613,3.960247425218452,50.738025551023,53.70821111993684,3.582704321237772,9.568886641578082,227.81188942802964,179.1352160618886,0.0,0.0
59,2,11,26.898925329161525,338.9447008816786,5.4793338670988865,1.25,0.4357948092820367,cost_focus,7.939725150826583,7.939725150826583,0.0,1.0,8.939725150826582,0.8939725150826583,11.174656438533228,11.174656438533228,2.2349312877066456,3.8958858171382973,1.2986286057127658,5.194514422851063,61.22967347684974,65.12555929398803,3.7875905840141693,11.174656438533228,300.5862491191394,189.37952920070848,0.0,0.0
60,2,12,32.62127215688075,335.9203817498904,5.870823711184877,1.25,0.48569643549464203,cost_focus,3.6685102972039654,0.0,3.6685102972039654,1.0,1.0,0.1,1.25,1.25,0.25,0.48569643549464203,0.16189881183154733,0.6475952473261893,7.338529638981096,7.824226074475738,0.419900477187363,1.25,40.77659019610094,20.99502385936815,0.0,1.8342551486019827
61,2,13,31.666480754088894,315.13207989432834,5.43436197048442,1.25,0.41865537871895003,cost_focus,3.5975813113762585,7.266091608580224,0.0,1.0,8.266091608580224,0.8266091608580224,10.33261451072528,10.33261451072528,2.0665229021450564,3.4606437129156884,1.1535479043052295,4.614191617220918,56.15116735276094,59.61181106567663,3.2561383015111756,10.33261451072528,327.19753854330173,162.80691507555878,0.0,0.0
62,2,14,35.25373406407225,307.420816029834,5.9814557800513235,1.25,0.5065127719662796,cost_focus,1.7007893369705174,0.4947562947105202,1.2060330422599972,1.0,1.4947562947105202,0.14947562947105203,1.8684453683881501,1.8684453683881501,0.37368907367762993,0.7571131542478708,0.25237105141595695,1.0094842056638278,11.176023348455425,11.933136502703295,0.5743989998570489,1.8684453683881501,65.86967613040335,28.719949992852445,0.0,0.6030165211299986
63,2,15,33.574317944931636,273.2946813010015,6.135536122357285,1.25,0.45482535798588175,cost_focus,2.3213282969421303,1.2576930100195984,2.269668329182529,1.0,2.257693010019598,0.22576930100195983,2.8221162625244975,2.8221162625244975,0.5644232525048993,1.0268560315043866,0.34228534383479553,1.3691413753391821,17.31519627021099,18.342052301715377,0.771269364561006,2.8221162625244975,94.75062867555964,38.563468228050304,0.0,1.1348341645912645
64,2,16,39.38648199501125,272.3733130651063,6.243779786383809,1.25,0.5194122463476096,cost_focus,4.925146022084942,2.65040843643535,4.5444059148321205,1.0,3.65040843643535,0.365040843643535,4.563010545544188,4.563010545544188,0.9126021091088377,1.8960668460551506,0.6320222820183835,2.528089128073534,28.490433009324956,30.38649985538011,1.2428422998408886,4.563010545544188,179.72093269512263,62.14211499204443,0.0,2.2722029574160603
65,2,17,40.5213954771597,263.1214109886968,5.924952960393795,1.25,0.4828596962186916,cost_focus,2.4372464140337398,1.2647807729390697,5.716871555926791,1.0,2.2647807729390697,0.22647807729390695,2.830975966173837,2.830975966173837,0.5661951932347673,1.0935713560232927,0.3645237853410976,1.4580951413643903,16.77339943158536,17.866970787608654,0.7448903906947493,2.830975966173837,114.71509671166433,37.244519534737464,0.0,2.8584357779633955
66,2,18,40.72973376259421,256.4208642671392,5.586832267392871,1.25,0.44608558303189827,cost_focus,1.8402000163142027,0.3254267245494901,7.231644847691504,1.0,1.3254267245494902,0.13254267245494902,1.6567834056868627,1.6567834056868627,0.3313566811373725,0.5912537531867186,0.19708458439557286,0.7883383375822914,9.256170990972418,9.847424744159136,0.4248338327896797,1.6567834056868627,67.48034701591003,21.241691639483985,0.0,3.615822423845752
67,2,19,42.21709075767443,280.4726671818157,5.318408047264427,1.25,0.42905618463074985,cost_focus,4.171431001800943,0.03548899829903903,11.367586851193408,1.0,1.035488998299039,0.1035488998299039,1.2943612478737987,1.2943612478737987,0.25887224957475974,0.4442829588373027,0.14809431961243422,0.5923772784497369,6.883941276759236,7.328224235596538,0.3630329514879476,1.2943612478737987,54.64416627470489,18.15164757439738,0.0,5.683793425596704
68,2,20,43.20435781716236,316.5109307794231,4.9520366671167135,1.25,0.3826551346077099,cost_focus,6.8594297780689,2.5169138300775593,15.710102799184744,1.0,3.5169138300775593,0.35169138300775593,4.396142287596949,4.396142287596949,0.8792284575193898,1.345765135052045,0.44858837835068166,1.7943535134027266,21.76985780204244,23.115622937094486,1.3914270872860928,4.396142287596949,189.93250440849727,69.57135436430464,0.0,7.855051399592372
69,2,21,39.440329044306395,280.816221956339,4.660770563458929,1.25,0.3598397252815113,cost_focus,3.4213022758073577,3.0874022831734096,16.04400279181869,1.0,4.087402283173409,0.4087402283173409,5.109252853966762,5.109252853966762,1.0218505707933527,1.4708097146921417,0.4902699048973806,1.9610796195895224,23.813055303036805,25.283865017728946,1.4347610834705888,5.109252853966762,201.5106137310106,71.73805417352945,0.0,8.022001395909346
70,2,22,40.40053404210093,328.1837889721976,3.9933043000181137,1.25,0.3313982579617334,cost_focus,6.958088085893977,2.99527478713336,20.00681609057931,1.0,3.99527478713336,0.399527478713336,4.9940934839167,4.9940934839167,0.9988186967833399,1.3240271045344307,0.4413423681781436,1.7653694727125744,19.942934984017,21.26696208855143,1.6389805220331453,4.9940934839167,201.76404380641105,81.94902610165727,0.0,10.003408045289655
71,2,23,36.82700481758563,321.704145217015,3.7795869981522396,1.25,0.31639521008364185,cost_focus,0.9940437355857844,4.371195036478003,16.62966478968709,1.0,5.371195036478003,0.5371195036478003,6.713993795597504,6.713993795597504,1.3427987591195008,1.6994203819666722,0.5664734606555574,2.2658938426222295,25.37612365551513,27.0755440374818,2.1599196350050374,6.713993795597504,247.25628185570932,107.99598175025187,0.0,8.314832394843545
72,3,0,34.38899878735266,357.68882812231317,3.281487654777599,1.25,0.26165841975279336,cost_focus,4.942306498480207,2.9250240627169846,18.646947225450305,1.0,3.9250240627169846,0.39250240627169847,4.906280078396231,4.906280078396231,0.981256015679246,1.0270155937422152,0.34233853124740504,1.3693541249896202,16.0998975081385,17.126913101880717,1.7549215716813986,4.906280078396231,168.7220596663805,87.74607858406993,0.0,9.323473612725152
73,3,1,32.28954497986014,366.03834777156436,3.1208919571709957,1.25,0.2770153232171476,cost_focus,4.855937512494636,6.354451005919023,17.14843373202592,1.0,7.354451005919023,0.7354451005919023,9.193063757398779,9.193063757398779,1.8386127514797561,2.0372956224893346,0.6790985408297782,2.7163941633191127,28.69055874222602,30.727854364715355,3.3650138687168982,9.193063757398779,296.8398456972499,168.2506934358449,0.0,8.57421686601296
74,3,2,32.67340165343353,381.426514531801,2.9360434819332677,1.25,0.2612702414720336,cost_focus,4.458720282656667,1.1293553768974194,20.477798637785167,1.0,2.1293553768974194,0.21293553768974194,2.661694221121774,2.661694221121774,0.5323388442243546,0.5563371935017619,0.18544573116725396,0.7417829246690159,7.8148499688240305,8.371187162325793,1.0152407495119151,2.661694221121774,86.96660436533465,50.762037475595754,0.0,10.238899318892583
75,3,3,26.114003747777065,367.33765910194404,3.162963938007581,1.25,0.23089527737668733,cost_focus,5.626520171990293,4.4319517851953805,21.67236702458008,1.0,5.4319517851953805,0.543195178519538,6.789939731494226,6.789939731494226,1.3579879462988451,1.2542120141394792,0.4180706713798264,1.6722826855193056,21.476334511961113,22.730546526100593,2.4942005664103712,6.789939731494226,177.3125115954206,124.71002832051856,0.0,10.83618351229004
76,3,4,25.653591689061276,400.072562760832,3.1226648408063817,1.25,0.2546503980827578,cost_focus,4.016634609480537,7.628006080986836,18.06099555307378,1.0,8.628006080986836,0.8628006080986836,10.785007601233545,10.785007601233545,2.157001520246709,2.197125183183753,0.7323750610612509,2.9295002442450038,33.677964044201566,35.87508922738532,4.314785630420558,10.785007601233545,276.6741813654676,215.7392815210279,0.0,9.03049777653689
77,3,5,22.94427123790646,384.3096019092386,3.322152353820406,1.25,0.2587495215674643,cost_focus,2.5439955543391486,5.371214424710198,15.233776682702732,1.0,6.371214424710198,0.6371214424710198,7.964018030887747,7.964018030887747,1.592803606177549,1.6485486841974908,0.5495162280658302,2.198064912263321,26.45768124718188,28.10622993137937,3.0606485990484686,7.964018030887747,182.72858984426617,153.03242995242343,0.0,7.616888341351366
78,3,6,19.179997931743774,383.6494236003362,3.6817691888198674,1.25,0.25936738622770333,cost_focus,2.229480528095854,9.0,8.463257210798584,1.0,10.0,1.0,12.5,12.5,2.5,2.5936738622770332,0.8645579540923444,3.4582318163693775,46.022114860248344,48.61578872252538,4.795617795004203,12.5,239.74997414679717,239.78088975021015,0.0,4.231628605399292
79,3,7,15.899236377582845,381.7848925416898,3.9287148634848035,1.25,0.31832347898137464,cost_focus,10.689160101294831,9.0,10.152417312093416,1.0,10.0,1.0,12.5,12.5,2.5,3.1832347898137465,1.0610782632712488,4.244313053084995,49.10893579356004,52.29217058337379,4.772311156771123,12.5,198.74045471978556,238.61555783855616,0.0,5.076208656046708
80,3,8,19.381499125688247,353.5318342562,4.4298958487964075,1.25,0.3095660704256205,cost_focus,5.361718636505404,9.0,6.51413594859882,1.0,10.0,1.0,12.5,12.5,2.5,3.095660704256205,1.031886901418735,4.12754760567494,55.37369810995509,58.4693588142113,4.4191479282025,12.5,242.26873907110308,220.95739641012503,0.0,3.25706797429941
81,3,9,11.779992013815576,370.2495870867876,4.8875884448378715,1.25,0.37627708597134935,cost_focus,2.4858640514011796,9.0,0.0,1.0,10.0,1.0,12.5,12.5,2.5,3.7627708597134935,1.2542569532378312,5.017027812951325,61.09485556047339,64.85762642018689,4.628119838584845,12.5,147.2499001726947,231.40599192924225,0.0,0.0
82,3,10,24.10002943567435,359.3028764018755,4.43391119002196,1.25,0.389886687837501,cost_focus,4.989699553301587,4.989699553301587,0.0,1.0,5.989699553301587,0.5989699553301586,7.4871244416269835,7.4871244416269835,1.4974248883253969,2.335304119978515,0.778434706659505,3.11373882663802,33.1972448428168,35.53254896279532,2.690145347855361,7.4871244416269835,180.43991943176718,134.50726739276806,0.0,0.0
83,3,11,32.59955252144637,338.276738388595,5.153131359484805,1.25,0.4256846551290602,cost_focus,3.4991424356049983,1.0539280719659896,2.4452143636390087,1.0,2.0539280719659896,0.20539280719659897,2.567410089957487,2.567410089957487,0.5134820179914974,0.8743256629747378,0.2914418876582459,1.1657675506329837,13.23020144721763,14.104527110192366,0.868495111336788,2.567410089957487,83.69642007166044,43.4247555668394,0.0,1.2226071818195043
84,3,12,28.96094139719764,341.3113478780166,5.674882329618715,1.25,0.4657143408729656,cost_focus,7.050994141039905,9.0,0.4962085046789142,1.0,10.0,1.0,12.5,12.5,2.5,4.657143408729656,1.5523811362432187,6.209524544972875,70.93602912023394,75.59317252896359,4.266391848475208,12.5,362.0117674649705,213.31959242376038,0.0,0.2481042523394571
85,3,13,30.09087394771419,318.86300271071684,5.99189147853489,1.25,0.5022892925269722,cost_focus,2.2634724199653546,2.7596809246443,-3.108624468950438e-14,1.0,3.7596809246443,0.37596809246443,4.699601155805375,4.699601155805375,0.939920231161075,1.888447471766738,0.6294824905889127,2.517929962355651,28.159500117982947,30.047947589749686,1.4985289360828573,4.699601155805375,141.41510598387146,74.92644680414287,0.0,-1.554312234475219e-14
86,3,14,40.46276881527167,297.60998585988807,6.507386890041802,1.25,0.45437054638902935,cost_focus,2.7527321310850033,0.7441792311492383,2.008552899935734,1.0,1.7441792311492383,0.17441792311492382,2.180224038936548,2.180224038936548,0.4360448077873098,0.7925036702576765,0.2641678900858922,1.0566715603435688,14.187561328329682,14.980064998587359,0.6488564453992941,2.180224038936548,88.21790125298742,32.44282226996471,0.0,1.004276449967867
87,3,15,40.43789613956561,292.2110460534813,6.444913854761081,1.25,0.5076380087226913,cost_focus,2.2494500267714805,0.7348977765274805,3.5231051501797337,1.0,1.7348977765274805,0.17348977765274803,2.1686222206593504,2.1686222206593504,0.43372444413186995,0.8807000526138348,0.29356668420461157,1.1742667368184463,13.97658339567019,14.857283448284024,0.6336953675936924,2.1686222206593504,87.69452012497695,31.68476837968462,0.0,1.7615525750898668
88,3,16,35.21009201149859,316.6236205647032,6.281334918878593,1.25,0.47961602242569124,cost_focus,2.5896692197743456,2.947274906653887,3.165499463300192,1.0,3.947274906653887,0.3947274906653887,4.934093633317358,4.934093633317358,0.9868187266634716,1.8931762901500788,0.6310587633833596,2.5242350535334386,30.99269463197287,32.88587092212295,1.562250590386193,4.934093633317358,173.72989082245357,78.11252951930965,0.0,1.582749731650096
89,3,17,42.13051160144846,283.6287283741857,6.123523861093386,1.25,0.47028267313518257,cost_focus,5.678419608848953,1.3778953870993438,7.466023685049802,1.0,2.377895387099344,0.23778953870993438,2.9723692338741796,2.9723692338741796,0.5944738467748358,1.1182829990808991,0.372760999693633,1.491043998774532,18.201373927608408,19.31965692668931,0.8430493060622862,2.9723692338741796,125.2274364915246,42.15246530311431,0.0,3.733011842524901
90,3,18,42.51120492674784,269.5321281242139,5.473195806594248,1.25,0.45462668836593045,cost_focus,1.816811180310364,0.29905578463066085,8.983779080729565,1.0,1.299055784630661,0.1299055784630661,1.6238197307883262,1.6238197307883262,0.32476394615766524,0.5905854293692427,0.19686180978974757,0.7874472391589903,8.887483341215667,9.47806877058491,0.4376715877294657,1.6238197307883262,69.03053333963904,21.883579386473283,0.0,4.491889540364783
91,3,19,45.254020941972115,323.4619369185877,5.145674932765094,1.25,0.42988189935721516,cost_focus,1.9657110176151296,1.611200557170004,9.338289541174692,1.0,2.611200557170004,0.2611200557170004,3.2640006964625052,3.2640006964625052,0.6528001392925011,1.1225078551188599,0.37416928503961994,1.4966771401584797,16.79548656431492,17.917994419433782,1.0557799873813813,3.2640006964625052,147.7091558723258,52.78899936906907,0.0,4.669144770587346
92,3,20,41.94142483506059,299.7182098870146,5.011495435254111,1.25,0.3736563333330737,cost_focus,2.9540466624534814,0.47155354001379024,11.820782663614382,1.0,1.4715535400137902,0.14715535400137902,1.8394419250172378,1.8394419250172378,0.36788838500344756,0.5498553000648574,0.18328510002161913,0.7331404000864765,9.218354810638923,9.76821011070378,0.5513142409572906,1.8394419250172378,77.14881523656963,27.565712047864533,0.0,5.910391331807191
93,3,21,39.86642503341794,301.774204254311,4.2562653257523255,1.25,0.3939048818531186,cost_focus,4.15851304439603,3.8635813359770648,12.115714372033349,1.0,4.863581335977065,0.48635813359770647,6.079476669971331,6.079476669971331,1.2158953339942666,1.9157884315310785,0.6385961438436928,2.554384575374771,25.875865749119193,27.79165418065027,1.8346292343632469,6.079476669971331,242.36700090582542,91.73146171816235,0.0,6.057857186016674
94,3,22,39.2997585860593,344.35967053188284,3.9276960105787797,1.25,0.37620857134130137,cost_focus,1.9502478737981868,1.9582238536092749,12.10773839222226,1.0,2.958223853609275,0.29582238536092753,3.697779817011594,3.697779817011594,0.739555963402319,1.1129091696741045,0.3709697232247015,1.483878892898806,14.523755035275169,15.636664204949273,1.2733662394855585,3.697779817011594,145.32185411295816,63.66831197427793,0.0,6.05386919611113
95,3,23,39.39973359288855,350.4287831602566,3.9731890544233237,1.25,0.33541179111190383,cost_focus,3.454384275167393,1.4052429504812387,14.156879716908414,1.0,2.405242950481239,0.2405242950481239,3.0065536881015484,3.0065536881015484,0.6013107376203095,0.8067468460801925,0.2689156153600642,1.0756624614402568,11.945606205101148,12.752353051181341,1.0535829504274072,3.0065536881015484,118.45741434391755,52.67914752137036,0.0,7.078439858454207
96,4,0,37.2624344962927,338.5640639339389,3.3368703707317167,1.25,0.28535621776712866,cost_focus,6.391212748822298,4.7892264120076575,15.758866053723056,1.0,5.7892264120076575,0.5789226412007658,7.236533015009572,7.236533015009572,1.4473066030019144,1.65199175272807,0.5506639175760234,2.2026556703040936,24.1473726046073,25.799364357335367,2.45003002635376,7.236533015009572,269.6508374520537,122.501501317688,0.0,7.879433026861528
97,4,1,28.83949807760246,348.50825256596744,3.2318252904401796,1.25,0.22955247822103625,cost_focus,3.371470089048407,5.570053886292694,13.560282256478768,1.0,6.570053886292694,0.6570053886292694,8.212567357865868,8.212567357865868,1.6425134715731744,1.5081721516442381,0.5027240505480793,2.0108962021923174,26.541582886594398,28.049755038238636,2.862147498970138,8.212567357865868,236.84632052935342,143.1073749485069,0.0,6.780141128239384
98,4,2,28.658677339532755,366.4125760166494,2.874496229312622,1.25,0.23670699440407905,cost_focus,3.6959550206717804,2.3117210121210396,14.94451626502951,1.0,3.3117210121210396,0.33117210121210394,4.1396512651513,4.1396512651513,0.8279302530302601,0.7839075270840059,0.26130250902800195,1.0452100361120078,11.899411952346636,12.683319479430642,1.5168202838746694,4.1396512651513,118.63692990615965,75.84101419373347,0.0,7.472258132514755
99,4,3,24.929574754947012,387.0226081136594,2.8536177792135597,1.25,0.22547476558323504,cost_focus,7.382430569566375,2.888985634020816,19.437961200575067,1.0,3.888985634020816,0.3888985634020816,4.86123204252602,4.86123204252602,0.972246408505204,0.8768681241874122,0.2922893747291374,1.1691574989165496,13.872098185434899,14.748966309622311,1.8814067037441118,4.86123204252602,121.18844760529618,94.07033518720559,0.0,9.718980600287534
100,4,4,22.383277010548728,391.1608635983512,3.0778032762993033,1.25,0.23553653613514322,cost_focus,3.364109660480691,9.0,13.802070861055757,1.0,10.0,1.0,12.5,12.5,2.5,2.3553653613514323,0.7851217871171441,3.1404871484685764,38.472540953741294,40.827906315092726,4.88951079497939,12.5,279.7909626318591,244.4755397489695,0.0,6.9010354305278785
101,4,5,23.669453719308347,384.4932087222953,3.161261086798803,1.25,0.2771511981206438,cost_focus,7.991600620195289,9.0,12.793671481251048,1.0,10.0,1.0,12.5,12.5,2.5,2.771511981206438,0.9238373270688127,3.695349308275251,39.51576358498504,42.287275566191475,4.806165109028691,12.5,295.86817149135436,240.30825545143455,0.0,6.396835740625524
102,4,6,25.713721360123078,414.7547865724295,3.516852919901854,1.25,0.2724411276346584,cost_focus,3.696498390181014,2.1506631652261197,14.339506706205942,1.0,3.1506631652261197,0.31506631652261197,3.93832895653265,3.93832895653265,0.7876657913065301,0.858370225531186,0.28612340851039536,1.1444936340415814,13.850523690315871,14.708893915847057,1.6334407858187183,3.93832895653265,101.26909341278483,81.67203929093591,0.0,7.169753353102971
103,4,7,15.949642007198939,385.6324589294585,3.8704641135397653,1.25,0.31575644275796866,cost_focus,6.912652303584042,9.0,12.252159009789985,1.0,10.0,1.0,12.5,12.5,2.5,3.1575644275796866,1.0525214758598955,4.210085903439582,48.380801419247064,51.53836584682675,4.820405736618231,12.5,199.37052508998673,241.02028683091157,0.0,6.126079504894992
104,4,8,20.96441100973529,370.09476070056223,4.05471264440306,1.25,0.34940054399865417,cost_focus,4.196332017563739,9.0,7.4484910273537235,1.0,10.0,1.0,12.5,12.5,2.5,3.494005439986542,1.164668479995514,4.658673919982056,50.68390805503825,54.1779134950248,4.626184508757028,12.5,262.05513762169113,231.3092254378514,0.0,3.7242455136768617
105,4,9,16.469867840370444,382.64341391660884,4.731415803596778,1.25,0.33562208084903683,cost_focus,4.55886997542539,9.0,3.0073610027791133,1.0,10.0,1.0,12.5,12.5,2.5,3.3562208084903684,1.1187402694967894,4.474961077987158,59.142697544959724,62.498918353450094,4.783042673957611,12.5,205.87334800463054,239.15213369788054,0.0,1.5036805013895567
106,4,10,23.66202761088552,354.702496259244,5.453243211163101,1.25,0.3941465936791781,cost_focus,2.4075033094204694,5.414864312199583,0.0,1.0,6.414864312199583,0.6414864312199583,8.018580390249479,8.018580390249479,1.6037160780498958,2.5283969175675893,0.8427989725225298,3.371195890090119,43.72726907629354,46.25566599386113,2.8442104808769133,8.018580390249479,189.73587059418836,142.21052404384565,0.0,0.0
107,4,11,26.76466499380552,328.2464516200528,5.353027313493014,1.25,0.4090242985525309,cost_focus,3.3593581834321244,0.2104150330049772,3.1489431504271472,1.0,1.2104150330049772,0.12104150330049772,1.5130187912562216,1.5130187912562216,0.3026037582512444,0.49508915983229934,0.1650297199440998,0.6601188797763992,8.099230915422739,8.594320075255037,0.49664304946431614,1.5130187912562216,40.49544107730534,24.832152473215807,0.0,1.5744715752135736
108,4,12,29.794942627284392,307.06746113790706,5.587679108483814,1.25,0.42277209897970086,cost_focus,2.265261309778224,0.3214805866385382,5.092723873566833,1.0,1.3214805866385382,0.13214805866385382,1.6518507332981727,1.6518507332981727,0.3303701466596345,0.5586851213741012,0.18622837379136706,0.7449134951654682,9.230011832783868,9.788696954157968,0.5072296108526599,1.6518507332981727,49.21679782745671,25.361480542632997,0.0,2.5463619367834167
109,4,13,26.388206733288825,305.1938938476773,5.9155184269255585,1.25,0.46925806508186513,cost_focus,3.5243672911731987,8.617091164739987,4.4853010194856324e-14,1.0,9.617091164739987,0.9617091164739987,12.021363955924985,12.021363955924985,2.4042727911849973,4.512897591681787,1.5042991972272624,6.017196788909049,71.11259999805297,75.62549758973476,3.668846875068864,12.021363955924985,317.22223728505526,183.4423437534432,0.0,2.2426505097428162e-14
110,4,14,33.55205430232175,303.7303047829352,6.126143874832165,1.25,0.4995386947935879,cost_focus,4.087928090953089,2.9580283355746424,1.1298997553784917,1.0,3.9580283355746424,0.39580283355746426,4.947535419468303,4.947535419468303,0.9895070838936606,1.977188308708994,0.6590627695696647,2.636251078278659,30.30931380549093,32.286502114199926,1.5027164408794749,4.947535419468303,165.99997705666073,75.13582204397375,0.0,0.5649498776892459
111,4,15,33.72638900977577,297.84158285736487,6.207239566475358,1.25,0.503614697610333,cost_focus,3.7669552822049868,3.598868842303987,1.2979861952794918,1.0,4.598868842303987,0.4598868842303987,5.7485860528799835,5.7485860528799835,1.1497172105759965,2.3160579413665046,0.7720193137888348,3.0880772551553393,35.682850798725035,37.99890874009154,1.7121679691815457,5.7485860528799835,193.87904947560176,85.60839845907728,0.0,0.6489930976397459
112,4,16,38.050808192739794,272.8451722695894,6.499165421656558,1.25,0.48311205855682143,cost_focus,3.601825370999485,1.054566568603616,3.845244997675361,1.0,2.054566568603616,0.2054566568603616,2.56820821075452,2.56820821075452,0.5136416421509038,0.9925858844001179,0.33086196146670593,1.3234478458668237,16.691209998950235,17.683795883350353,0.7007232116874909,2.56820821075452,97.72239802643969,35.03616058437454,0.0,1.9226224988376805
113,4,17,44.1199361502925,268.5315857969897,6.200102981083903,1.25,0.4781001707597546,cost_focus,5.550144253403463,1.3425050447576612,8.052884206321163,1.0,2.342505044757661,0.23425050447576612,2.9281313059470766,2.9281313059470766,0.5856262611894154,1.1199520619042245,0.3733173539680748,1.4932694158722992,18.154715639007573,19.2746677009118,0.7862957430077789,2.9281313059470766,129.18896625805763,39.314787150388945,0.0,4.026442103160582
114,4,18,45.30856334356076,297.5017183686155,6.224729769882342,1.25,0.470011456271219,cost_focus,3.1778322361745692,2.3890396583360842,8.841676784159652,1.0,3.3890396583360842,0.33890396583360843,4.236299572920105,4.236299572920105,0.8472599145840207,1.5928874651754574,0.5309624883918191,2.1238499535672766,26.369820065695627,27.962707530871086,1.260306402467963,4.236299572920105,191.94064754194997,63.015320123398155,0.0,4.420838392079826
115,4,19,42.686676642998506,295.16588872203283,5.328771549753062,1.25,0.45068864353919164,cost_focus,6.343870503349031,3.2390815826775623,11.94646570483112,1.0,4.239081582677562,0.4239081582677562,5.298851978346953,5.298851978346953,1.059770395669391,1.91050592834892,0.6368353094496401,2.5473412377985603,28.236371668567973,30.146877596916895,1.56404035339528,5.298851978346953,226.1903809788093,78.202017669764,0.0,5.97323285241556
116,4,20,44.64431092339379,293.13185035059774,5.250455189849457,1.25,0.3972424153685695,cost_focus,3.549159890013992,0.334596843170064,15.161028751675047,1.0,1.3345968431700639,0.1334596843170064,1.6682460539625799,1.6682460539625799,0.33364921079251597,0.5301584735241441,0.17671949117471472,0.7068779646988589,8.759051151973704,9.289209625497849,0.4890160526381342,1.6682460539625799,74.47769552983019,24.45080263190671,0.0,7.580514375837524
117,4,21,45.49464492514639,299.8666984213826,4.4950604208461264,1.25,0.38113704881932553,cost_focus,5.876577053503857,1.1507459180581492,19.886859887120753,1.0,2.150745918058149,0.21507459180581492,2.6884323975726865,2.6884323975726865,0.5376864795145373,0.819728951968894,0.2732429839896313,1.0929719359585253,12.084666064449442,12.904395016418336,0.8061713469892032,2.6884323975726865,122.30927733282935,40.30856734946016,0.0,9.943429943560377
118,4,22,40.84041712367316,351.78346897582486,4.214770951600655,1.25,0.3197274793640736,cost_focus,3.8803408691286405,1.0953510048019552,22.67184975144744,1.0,2.0953510048019552,0.20953510048019552,2.619188756002444,2.619188756002444,0.5238377512004888,0.669941295148308,0.223313765049436,0.893255060197744,11.039280685558156,11.709221980706463,0.921387306489015,2.619188756002444,106.96876132077442,46.06936532445075,0.0,11.33592487572372
119,4,23,36.84286217292231,328.53949556591755,3.8105766085243578,1.25,0.30220312957486967,cost_focus,7.689405418894354,7.9340606550452355,22.42719451529656,1.0,8.934060655045236,0.8934060655045236,11.167575818806545,11.167575818806545,2.233515163761309,2.6999010897663807,0.8999670299221268,3.5998681196885074,42.55490318906647,45.25480427883285,3.668989726204841,11.167575818806545,411.44545669794957,183.44948631024204,0.0,11.21359725764828
120,5,0,38.45131971129649,317.62514618213095,3.458743872235367,1.25,0.24035145876591604,cost_focus,5.663021096098859,2.641552939681355,25.448662671714068,1.0,3.641552939681355,0.3641552939681355,4.551941174601693,4.551941174601693,0.9103882349203385,0.8752525612257235,0.29175085374190785,1.1670034149676314,15.743998644429466,16.61925120565519,1.4458109809953237,4.551941174601693,175.0281454116242,72.29054904976618,0.0,12.724331335857034
121,5,1,33.215408134459,361.12688832409737,3.0132379046495457,1.25,0.2274090908641651,cost_focus,1.9569014104403677,2.0289132491725894,25.376650832981845,1.0,3.0289132491725894,0.30289132491725895,3.7861415614657368,3.7861415614657368,0.7572283122931474,0.688802408300763,0.229600802766921,0.918403211067684,11.408545265377576,12.097347673678339,1.3672775208466608,3.7861415614657368,125.75823721892232,68.36387604233303,0.0,12.688325416490922
122,5,2,25.35629487579825,384.97474559204954,2.8209907061291735,1.25,0.24225866057105538,cost_focus,5.009130909103431,3.6844203447216692,26.701361397363602,1.0,4.684420344721669,0.4684420344721669,5.8555254309020865,5.8555254309020865,1.1711050861804173,1.134841398264073,0.37828046608802435,1.5131218643520974,16.51838282007781,17.653224218341883,2.2542294130693072,5.8555254309020865,148.4744294786889,112.71147065346537,0.0,13.350680698681801
123,5,3,21.137056284758955,387.7321873631373,3.177573449419434,1.25,0.24553974500327383,cost_focus,7.941978832764779,9.0,25.643340230128388,1.0,10.0,1.0,12.5,12.5,2.5,2.4553974500327382,0.8184658166775794,3.273863266710318,39.71966811774293,42.17506556777567,4.846652342039217,12.5,264.21320355948694,242.33261710196086,0.0,12.821670115064194
124,5,4,24.129988147008408,419.3589580192002,2.9532794870561605,1.25,0.2298862768786268,cost_focus,6.363851078755023,5.242147913877057,26.765043395006355,1.0,6.242147913877057,0.6242147913877056,7.802684892346321,7.802684892346321,1.5605369784692638,1.4349841436468838,0.4783280478822946,1.9133121915291784,23.043509236529395,24.47849338017628,3.2721258062065086,7.802684892346321,188.2786939671583,163.60629031032542,0.0,13.382521697503178
125,5,5,19.70107182003866,394.66215463345344,3.026196157569711,1.25,0.2517373982325555,cost_focus,4.506432778260271,9.0,22.271476173266624,1.0,10.0,1.0,12.5,12.5,2.5,2.5173739823255548,0.8391246607751849,3.3564986431007395,37.82745196962139,40.344825951946945,4.933276932918169,12.5,246.26339775048325,246.66384664590845,0.0,11.135738086633312
126,5,6,21.64029014211444,373.47898148469443,3.483948838377296,1.25,0.2581808004951154,cost_focus,2.0164820005857447,5.221281648071356,19.066676525781013,1.0,6.221281648071356,0.6221281648071356,7.7766020600891945,7.7766020600891945,1.5553204120178385,1.6062154760046334,0.5354051586682111,2.1416206346728446,27.093283713770234,28.699499189774865,2.904397416813889,7.7766020600891945,168.28792490009505,145.21987084069445,0.0,9.533338262890506
127,5,7,16.383031445793492,415.56811450291923,3.775387236910463,1.25,0.31150219069170754,cost_focus,2.3310215435597135,9.0,12.397698069340727,1.0,10.0,1.0,12.5,12.5,2.5,3.1150219069170753,1.038340635639025,4.1533625425561,47.19234046138079,50.30736236829786,5.19460143128649,12.5,204.78789307241865,259.7300715643245,0.0,6.1988490346703635
128,5,8,14.257802839936723,398.5373327720737,3.7703699276049,1.25,0.34307525636509867,cost_focus,2.018199137828738,9.0,5.415897207169465,1.0,10.0,1.0,12.5,12.5,2.5,3.430752563650987,1.1435841878836623,4.574336751534649,47.12962409506125,50.56037665871224,4.981716659650921,12.5,178.22253549920904,249.08583298254604,0.0,2.7079486035847324
129,5,9,19.484428763615092,386.92561620901307,4.498656361336347,1.25,0.3425643822086494,cost_focus,3.584102792830533,9.0,0.0,1.0,10.0,1.0,12.5,12.5,2.5,3.425643822086494,1.1418812740288313,4.567525096115325,56.23320451670434,59.65884833879083,4.836570202612664,12.5,243.55535954518865,241.8285101306332,0.0,0.0
130,5,10,22.61528764219128,389.01345668970987,4.754300900865592,1.25,0.389491703547104,cost_focus,5.011207673048264,5.011207673048264,0.0,1.0,6.011207673048264,0.6011207673048264,7.51400959131033,7.51400959131033,1.5028019182620662,2.341315516950991,0.7804385056503303,3.1217540226013214,35.7238625690794,38.06517808603039,2.9230508447152657,7.51400959131033,169.93148825366725,146.1525422357633,0.0,0.0
131,5,11,23.623283547773944,373.6894317455228,5.660840714358808,1.25,0.4285294060848468,cost_focus,1.740908121669574,1.740908121669574,0.0,1.0,2.740908121669574,0.2740908121669574,3.4261351520869674,3.4261351520869674,0.6852270304173933,1.1745597295121957,0.39151990983739854,1.5660796393495942,19.39480536182981,20.569365091342007,1.2803104980667392,3.4261351520869674,80.93656217074604,64.01552490333697,0.0,0.0
132,5,12,29.66955591594566,327.9162823984597,5.5847880696100685,1.25,0.43748942171664656,cost_focus,4.271607609908446,4.271607609908446,0.0,1.0,5.271607609908446,0.5271607609908446,6.589509512385558,6.589509512385558,1.3179019024771117,2.3062725647759192,0.7687575215919731,3.0750300863678923,36.80101410935292,39.10728667412884,2.160807462130759,6.589509512385558,195.50782093637912,108.04037310653796,0.0,0.0
133,5,13,31.126818029787128,278.8643394451425,5.84384529873167,1.25,0.5073283851923875,cost_focus,3.029680044894612,3.02968004489457,4.1744385725905886e-14,1.0,4.029680044894571,0.4029680044894571,5.037100056118213,5.037100056118213,1.0074200112236422,2.04437107001835,0.68145702333945,2.7258280933578,29.436033482187447,31.480404552205798,1.4046675798684956,5.037100056118213,156.78889684462214,70.23337899342478,0.0,2.0872192862952943e-14
134,5,14,41.580989871602625,285.31078481654436,5.888023886609843,1.25,0.4892286312706404,cost_focus,3.8580891411028118,1.4403654527927123,2.417723688310141,1.0,2.4403654527927126,0.24403654527927127,3.0504568159908905,3.0504568159908905,0.6100913631981779,1.1938966502699355,0.3979655500899785,1.591862200359914,17.96116259762617,19.155059247896105,0.8703282282193381,3.0504568159908905,126.84101396947841,43.5164114109669,0.0,1.2088618441550705
135,5,15,32.84854029904169,294.29181006488153,5.796296286471545,1.25,0.5003720725819878,cost_focus,4.576322431007863,5.706424585153653,1.2876215341643518,1.0,6.706424585153653,0.6706424585153653,8.383030731442066,8.383030731442066,1.676606146288413,3.355707569288131,1.1185691897627104,4.474276759050841,48.59052989803448,51.94623746732261,2.4670572877856136,8.383030731442066,275.3703228098796,123.35286438928068,0.0,0.6438107670821759
136,5,16,41.50130175675544,277.2937720093945,6.058340340379188,1.25,0.5113211416825856,cost_focus,5.7260831832671375,3.9216315862819195,3.0920731311495695,1.0,4.9216315862819195,0.49216315862819193,6.152039482852399,6.152039482852399,1.2304078965704797,2.5165342816387457,0.8388447605462486,3.3553790421849943,37.27114897457021,39.78768325620896,1.7059222337508666,6.152039482852399,255.31764699733108,85.29611168754333,0.0,1.5460365655747847
137,5,17,49.25418761489465,273.4334211501078,6.288213907836952,1.25,0.5109314853858788,cost_focus,3.831461965588294,1.511372743240911,5.412162353496953,1.0,2.511372743240911,0.2511372743240911,3.139215929051139,3.139215929051139,0.627843185810228,1.283139406061688,0.42771313535389605,1.7108525414155842,19.740061264762673,21.023200670824362,0.858366551209367,3.139215929051139,154.6195303331506,42.91832756046835,0.0,2.7060811767484765
138,5,18,47.208118622763735,284.5989491549079,5.582702952680476,1.25,0.4814023679513727,cost_focus,4.4960363167892865,0.5054812740433479,9.402717396242892,1.0,1.5054812740433479,0.1505481274043348,1.8818515925541848,1.8818515925541848,0.3763703185108369,0.7247422502309171,0.24158075007697236,0.9663230003078894,10.505818442258704,11.230560692489622,0.5355729857064109,1.8818515925541848,88.8386732117348,26.778649285320544,0.0,4.701358698121446
139,5,19,42.31899854042911,280.03044615447845,5.671398235331857,1.25,0.44046872231219636,cost_focus,2.845733123676384,2.1209973677720506,10.127453152147226,1.0,3.1209973677720506,0.31209973677720504,3.901246709715063,3.901246709715063,0.7802493419430125,1.374701722922283,0.45823390764076105,1.8329356305630442,22.125523705072222,23.500225427994504,1.0924678566802002,3.901246709715063,165.09685381428562,54.62339283401001,0.0,5.063726576073613
140,5,20,43.17597786765904,303.20730849277135,5.287259680189461,1.25,0.3588933688891446,cost_focus,6.50759860927141,2.1387134773944907,14.496338284024144,1.0,3.1387134773944907,0.3138713477394491,3.9233918467431135,3.9233918467431135,0.7846783693486228,1.1264634538798708,0.37548781795995695,1.5019512718398278,20.74399152086893,21.870454974748803,1.1896010820134633,3.9233918467431135,169.39627954113462,59.480054100673165,0.0,7.248169142012072
141,5,21,43.651778774679585,288.5013036349076,4.175309127818988,1.25,0.3644819853506348,cost_focus,3.1759212388953566,0.0,17.6722595229195,1.0,1.0,0.1,1.25,1.25,0.25,0.3644819853506348,0.12149399511687826,0.48597598046751306,5.219136409773735,5.583618395124369,0.36062662954363445,1.25,54.564723468349484,18.031331477181723,0.0,8.83612976145975
142,5,22,39.996523417781916,320.95626962833114,4.7171982194761,1.25,0.30481068612926854,cost_focus,4.089228611422302,3.0590208505509926,18.70246728379081,1.0,4.059020850550993,0.4059020850550993,5.073776063188741,5.073776063188741,1.0147552126377484,1.2372329304694551,0.4124109768231517,1.6496439072926068,23.934007411294385,25.17124034176384,1.6284602381705782,5.073776063188741,202.93340312790983,81.4230119085289,0.0,9.351233641895405
143,5,23,33.768050211566916,323.31411137970554,3.8257250775719656,1.25,0.2815143054056927,cost_focus,4.316635185474103,1.9055835321277548,21.11351893713716,1.0,2.9055835321277548,0.29055835321277546,3.6319794151596936,3.6319794151596936,0.7263958830319388,0.8179633298451642,0.2726544432817214,1.0906177731268856,13.8949547298016,14.712918059646764,1.1742701971617389,3.6319794151596936,122.64486325848998,58.713509858086944,0.0,10.55675946856858
144,6,0,32.9939190585264,353.4199852512776,3.4072198325150573,1.25,0.28339129310335276,cost_focus,3.1786434875305005,4.940192204238069,19.351970220429592,1.0,5.940192204238069,0.5940192204238068,7.425240255297586,7.425240255297586,1.4850480510595174,1.6833987500414818,0.5611329166804939,2.2445316667219757,25.299425859039104,26.982824609080588,2.6242283015144654,7.425240255297586,244.98777597340046,131.21141507572327,0.0,9.675985110214796
145,6,1,38.16880830521379,355.8033855036699,3.0852919367225304,1.25,0.24652058738571297,cost_focus,2.8282091509245824,2.1223275569405695,20.057851814413606,1.0,3.1223275569405695,0.31223275569405695,3.9029094461757117,3.9029094461757117,0.7805818892351422,0.7697180233475873,0.2565726744491958,1.0262906977967832,12.04161504404412,12.811333067391708,1.3886683942635716,3.9029094461757117,148.96940248368884,69.43341971317858,0.0,10.028925907206803
146,6,2,25.19789378363765,372.7960211466173,3.0454039317338415,1.25,0.2218815460140381,cost_focus,2.1199081175734578,1.6726094029141763,20.505150529072885,1.0,2.6726094029141763,0.2672609402914176,3.3407617536427203,3.3407617536427203,0.6681523507285441,0.5930027062102526,0.19766756873675087,0.7906702749470035,10.173968979529583,10.766971685739836,1.245422689356802,3.3407617536427203,84.18015982472832,62.27113446784009,0.0,10.252575264536443
147,6,3,23.504079552971557,379.02914140554424,3.2463641366131197,1.25,0.24324049970366202,cost_focus,6.995961028381973,7.256229731068644,20.244881826386216,1.0,8.256229731068643,0.8256229731068643,10.320287163835804,10.320287163835804,2.064057432767161,2.0082494454533677,0.6694164818177892,2.677665927271157,33.50341012822528,35.51165957367865,3.9116895827673437,10.320287163835804,242.56885050830795,195.5844791383672,0.0,10.122440913193108
148,6,4,24.698999336962274,398.23131556476795,3.3095252454370123,1.25,0.22781850893834096,cost_focus,1.6665023636908682,0.18389381922318537,21.7274903708539,1.0,1.1838938192231854,0.11838938192231854,1.4798672740289818,1.4798672740289818,0.2959734548057964,0.2697129246367439,0.08990430821224797,0.3596172328489919,4.897658103294968,5.167371027931712,0.5893294913978084,1.4798672740289818,36.55124082003399,29.466474569890423,0.0,10.86374518542695
149,6,5,22.90265715732284,373.937969008207,3.069672931202905,1.25,0.24099503175884832,cost_focus,1.7594759196201701,7.468703750832836,16.01826253964123,1.0,8.468703750832837,0.8468703750832838,10.585879688541047,10.585879688541047,2.1171759377082093,2.0409155293882373,0.6803051764627458,2.721220705850983,32.49518833288509,34.53610386227333,3.95846235089827,10.585879688541047,242.44477321532307,197.9231175449135,0.0,8.009131269820616
150,6,6,23.589087942091016,388.3661324035705,3.4695544375512615,1.25,0.28007360591170144,cost_focus,3.781844453499722,0.533484974506554,19.2666220186344,1.0,1.533484974506554,0.1533484974506554,1.9168562181331925,1.9168562181331925,0.38337124362663855,0.4294886664214641,0.1431628888071547,0.5726515552286188,6.6506369977717466,7.08012566419321,0.7444420358101228,1.9168562181331925,45.216889901887875,37.22210179050614,0.0,9.6333110093172
151,6,7,20.07567018079004,389.5589256330035,3.635522418713121,1.25,0.2907310277425334,cost_focus,5.4644141341968595,9.0,15.731036152831258,1.0,10.0,1.0,12.5,12.5,2.5,2.907310277425334,0.9691034258084447,3.8764137032337787,45.44403023391401,48.351340511339345,4.869486570412544,12.5,250.94587725987552,243.4743285206272,0.0,7.865518076415629
152,6,8,15.512536458665037,383.5321851966988,3.7069715715668017,1.25,0.3115433823947994,cost_focus,2.2923097142853517,9.0,9.02334586711661,1.0,10.0,1.0,12.5,12.5,2.5,3.1154338239479937,1.038477941315998,4.153911765263992,46.337144644585024,49.45257846853302,4.794152314958735,12.5,193.90670573331298,239.70761574793676,0.0,4.511672933558305
153,6,9,19.4255140386618,362.81580025505156,4.889156654967454,1.25,0.34602491540767205,cost_focus,2.203555657674902,9.0,2.2269015247915123,1.0,10.0,1.0,12.5,12.5,2.5,3.4602491540767204,1.15341638469224,4.61366553876896,61.11445818709318,64.5747073411699,4.535197503188145,12.5,242.8189254832725,226.75987515940724,0.0,1.1134507623957561
154,6,10,24.17917369988992,343.4807849286894,4.820837579623473,1.25,0.4055299279269858,cost_focus,8.103970835623533,4.507655105791709,5.823217254623336,1.0,5.507655105791709,0.5507655105791709,6.884568882239637,6.884568882239637,1.3769137764479273,2.2335189780984073,0.7445063260328024,2.9780253041312097,33.189388387007206,35.422907365105615,2.3647171235673,6.884568882239637,166.46318685252916,118.23585617836501,0.0,2.911608627311668
155,6,11,21.617708946958267,337.67183527840984,5.465168823288567,1.25,0.4234821387519071,cost_focus,3.176782745376663,9.0,0.0,1.0,10.0,1.0,12.5,12.5,2.5,4.234821387519071,1.4116071291730237,5.646428516692095,68.31461029110709,72.54943167862616,4.220897940980123,12.5,270.22136183697836,211.04489704900615,0.0,0.0
156,6,12,28.683325234072996,322.8220985418991,6.095350153101745,1.25,0.44162862272145537,cost_focus,1.0912473885676415,1.0912473885676415,0.0,1.0,2.0912473885676413,0.20912473885676414,2.6140592357095516,2.6140592357095516,0.5228118471419103,0.9235547039829676,0.3078515679943225,1.23140627197729,15.933606362599246,16.857161066582215,0.8438760881845904,2.6140592357095516,74.97991123898935,42.19380440922952,0.0,0.0
157,6,13,32.21684856839238,309.05016725770247,5.935237977686695,1.25,0.4886012299853056,cost_focus,2.87587288802003,2.875872888020072,-4.1300296516055823e-14,1.0,3.875872888020072,0.3875872888020072,4.84484111002509,4.84484111002509,0.9689682220050182,1.8937562603533058,0.6312520867844352,2.525008347137741,28.75528495207868,30.649041212431985,1.497298955390247,4.84484111002509,156.08551237960037,74.86494776951234,0.0,-2.0650148258027912e-14
158,6,14,34.92021326485809,297.24640304976907,6.0727791899638195,1.25,0.4616485310907604,cost_focus,0.5799319590940839,0.5799319590940839,-4.1300296516055823e-14,1.0,1.579931959094084,0.15799319590940838,1.974914948867605,1.974914948867605,0.3949829897735211,0.7293732681391312,0.24312442271304371,0.9724976908521749,11.993222403431652,12.722595671570783,0.5870363648801142,1.974914948867605,68.96445119441307,29.351818244005713,0.0,-2.0650148258027912e-14
159,6,15,35.81130336504964,290.2586076903652,6.32857938747385,1.25,0.47370690864740406,cost_focus,3.47631876927535,2.2041184704825585,1.2722002987927503,1.0,3.2041184704825585,0.32041184704825587,4.005148088103198,4.005148088103198,0.8010296176206393,1.5178130555923413,0.5059376851974471,2.0237507407897883,25.346897634150196,26.864710689742537,1.1625287076465622,4.005148088103198,143.42957320501216,58.12643538232811,0.0,0.6361001493963752
160,6,16,37.58242061399285,273.44946925142426,5.437882797220996,1.25,0.5144094461893036,cost_focus,3.484317210339685,2.7209423658634555,2.03557514326898,1.0,3.7209423658634555,0.37209423658634555,4.6511779573293195,4.6511779573293195,0.930235591465864,1.9140879017261374,0.6380293005753791,2.5521172023015164,25.2925606009746,27.206648502700737,1.2718621438256261,4.6511779573293195,174.80252634288257,63.593107191281305,0.0,1.01778757163449
161,6,17,38.59523828849218,279.22158467846583,5.544381854822949,1.25,0.47132418756067546,cost_focus,2.8148129595264897,0.7363238604107885,4.114064242384681,1.0,1.7363238604107885,0.17363238604107883,2.1704048255134856,2.1704048255134856,0.4340809651026971,0.8183714328503305,0.2727904776167768,1.0911619104671073,12.033553132197138,12.851924565047469,0.6060238747736646,2.1704048255134856,83.76729142318628,30.30119373868323,0.0,2.0570321211923406
162,6,18,45.77224564291605,254.3127280540067,5.852805899193011,1.25,0.4954238463715095,cost_focus,4.5261005915911525,0.2924897632120909,8.347675070763742,1.0,1.2924897632120909,0.12924897632120907,1.6156122040151135,1.6156122040151135,0.32312244080302266,0.6403302498863356,0.21344341662877853,0.8537736665151141,9.455864638467878,10.096194888354214,0.41087074708043,1.6156122040151135,73.95019866587278,20.5435373540215,0.0,4.173837535381871
163,6,19,51.35805350924582,291.7435456915967,5.516424347240732,1.25,0.4231153251989396,cost_focus,4.154987269189065,1.0825153852156113,11.420146954737197,1.0,2.0825153852156113,0.20825153852156114,2.603144231519514,2.603144231519514,0.5206288463039028,0.8811441744472983,0.2937147248157661,1.1748588992630644,14.360048218133512,15.24119239258081,0.7594505280501297,2.603144231519514,133.69242073466378,37.97252640250648,0.0,5.710073477368598
164,6,20,38.266362287215884,314.98473564905004,4.57744462972448,1.25,0.4002291286053397,cost_focus,7.846538485191719,9.0,10.266685439928915,1.0,10.0,1.0,12.5,12.5,2.5,4.0022912860533975,1.3340970953511324,5.33638838140453,57.218057871556006,61.220349157609405,3.9373091956131256,12.5,478.32952859019855,196.8654597806563,0.0,5.133342719964458
165,6,21,42.11026052524173,310.5486738911543,4.193683810011487,1.25,0.3594669024911516,cost_focus,3.1282033969855667,0.6209956630723603,12.773893173842122,1.0,1.6209956630723603,0.16209956630723604,2.0262445788404504,2.0262445788404504,0.4052489157680901,0.5826942899562118,0.1942314299854039,0.7769257199416156,8.497429085406742,9.080123375362954,0.6292475669380423,2.0262445788404504,85.32568710283007,31.462378346902113,0.0,6.386946586921061
166,6,22,38.585663314162005,320.7793288502639,4.218636993406714,1.25,0.3392025035082203,cost_focus,4.00974799426556,1.2337271694271306,15.549913998680552,1.0,2.2337271694271306,0.22337271694271305,2.792158961783913,2.792158961783913,0.5584317923567825,0.7576858480240132,0.25256194934133774,1.010247797365351,11.7791050876537,12.536790935677715,0.8956668778042932,2.792158961783913,107.73730561901421,44.78334389021466,0.0,7.774956999340276
167,6,23,36.57338455255805,313.384673905589,3.9249763026626874,1.25,0.2897138569558779,cost_focus,3.540214137103841,2.4705833065749374,16.619544829209453,1.0,3.4705833065749374,0.34705833065749375,4.338229133218672,4.338229133218672,0.8676458266437344,1.0054760756345091,0.3351586918781697,1.3406347675126788,17.027446543404178,18.032922619038686,1.3595345222414597,4.338229133218672,158.66372236631707,67.97672611207298,0.0,8.309772414604726
168,7,0,33.40572994016874,382.6827506494525,3.678593019920615,1.25,0.24702070523004716,cost_focus,0.0,1.7302310882971028,14.889313740912351,1.0,2.730231088297103,0.27302310882971026,3.4127888603713785,3.4127888603713785,0.6825577720742757,0.6744236088721495,0.22480786962404983,0.8992314784961993,12.554261280224983,13.228684889097133,1.3060154284727294,3.4127888603713785,114.00670301238252,65.30077142363648,0.0,7.444656870456176
169,7,1,32.48373766691273,370.79643712671344,3.10022179916093,1.25,0.26147916936239285,cost_focus,0.0,2.1292268612141356,12.760086879698216,1.0,3.1292268612141356,0.31292268612141355,3.9115335765176695,3.9115335765176695,0.7823067153035339,0.81822764041676,0.2727425468055867,1.0909701872223467,12.126621662069997,12.944849302486757,1.4503827138742627,3.9115335765176695,127.0612305749209,72.51913569371314,0.0,6.380043439849108
170,7,2,23.323203325835966,384.7002799230951,2.927005659340837,1.25,0.2742902638334984,cost_focus,0.0,6.134569459171757,6.62551742052646,1.0,7.134569459171757,0.7134569459171758,8.918211823964697,8.918211823964697,1.7836423647929394,1.9569429392946414,0.6523143130982137,2.609257252392855,26.103656479945034,28.060599419239676,3.4308385850926753,8.918211823964697,208.00126767320305,171.54192925463377,0.0,3.31275871026323
171,7,3,27.86431367297777,394.1413047014736,3.171211436416745,1.25,0.23604533002448105,cost_focus,0.0,0.0,6.62551742052646,1.0,1.0,0.1,1.25,1.25,0.25,0.23604533002448105,0.07868177667482702,0.3147271066993081,3.964014295520931,4.200059625545412,0.49267663087684194,1.25,34.83039209122221,24.633831543842096,0.0,3.31275871026323
172,7,4,24.580736043553408,400.4923017969366,2.8777743616477958,1.25,0.23780334891885377,cost_focus,0.0,0.0,6.62551742052646,1.0,1.0,0.1,1.25,1.25,0.25,0.23780334891885377,0.07926778297295126,0.317071131891805,3.5972179520597445,3.8350213009785983,0.5006153772461708,1.25,30.725920054441758,25.030768862308538,0.0,3.31275871026323
173,7,5,21.47576293248946,370.0117260969643,3.1924114778357215,1.25,0.2558781202559459,cost_focus,0.0,2.1731068836628538,4.452410536863606,1.0,3.1731068836628538,0.3173106883662854,3.966383604578567,3.966383604578567,0.7932767209157134,0.8119286247628534,0.2706428749209511,1.0825714996838045,12.66232854475604,13.474257169518893,1.467608443892815,3.966383604578567,85.18111399124233,73.38042219464074,0.0,2.226205268431803
174,7,6,22.353612676192387,399.05212644967963,3.6310324054944427,1.25,0.2807290665562335,cost_focus,0.0,0.0,4.452410536863606,1.0,1.0,0.1,1.25,1.25,0.25,0.2807290665562335,0.09357635551874449,0.37430542207497797,4.538790506868054,4.819519573424287,0.49881515806209953,1.25,27.942015845240483,24.940757903104977,0.0,2.226205268431803
175,7,7,23.890052966437164,383.2490145265911,3.575295740387625,1.25,0.30039350879956583,cost_focus,0.0,0.0,4.452410536863606,1.0,1.0,0.1,1.25,1.25,0.25,0.30039350879956583,0.10013116959985528,0.40052467839942113,4.4691196754845315,4.769513184284097,0.47906126815823885,1.25,29.862566208046456,23.95306340791194,0.0,2.226205268431803
176,7,8,20.527072732192405,376.21917291664397,4.078447506377595,1.25,0.3189069868597908,cost_focus,0.0,4.452410536863606,0.0,1.0,5.452410536863606,0.5452410536863607,6.815513171079508,6.815513171079508,1.3631026342159016,1.738811815433747,0.5796039384779157,2.3184157539116628,27.796712697272874,29.53552451270662,2.564126728226026,6.815513171079508,139.90253456996436,128.2063364113013,0.0,0.0
177,7,9,20.878869992152715,353.46769226918934,4.615820164766187,1.25,0.3475869186755469,cost_focus,0.0,0.0,0.0,1.0,1.0,0.1,1.25,1.25,0.25,0.3475869186755469,0.1158623062251823,0.4634492249007292,5.769775205957734,6.1173621246332806,0.44183461533648666,1.25,26.098587490190894,22.091730766824334,0.0,0.0
178,7,10,25.651032909415058,339.2810058911305,5.000102864820907,1.25,0.36693564947477847,cost_focus,0.0,0.0,0.0,1.0,1.0,0.1,1.25,1.25,0.25,0.36693564947477847,0.12231188315825949,0.48924753263303794,6.250128581026134,6.617064230500913,0.42410125736391313,1.25,32.06379113676882,21.205062868195657,0.0,0.0
179,7,11,27.860356423076297,351.86440344311876,5.688150283474426,1.25,0.4499552909631199,cost_focus,0.0,0.0,0.0,1.0,1.0,0.1,1.25,1.25,0.25,0.4499552909631199,0.14998509698770665,0.5999403879508266,7.1101878543430335,7.560143145306153,0.4398305043038985,1.25,34.82544552884537,21.991525215194923,0.0,0.0
0,0,0,34.74299218011643,338.23909157554414,3.3912457076783284,1.25,0.24231772833931373,emissions_focus,6.0935727126268535,5.527571191776616,0.566001520850238,1.0,6.527571191776616,0.6527571191776615,8.15946398972077,8.15946398972077,1.631892797944154,1.5817462227644563,0.5272487409214854,2.1089949636859417,27.67074723209645,29.252493454860904,2.759849687626518,8.15946398972077,283.48419358881034,137.9924843813259,0.0,0.283000760425119
1,0,1,30.86217899333479,376.24454095587237,3.3281435877315406,1.25,0.2677101411597562,emissions_focus,6.141620860487594,1.8783626960029562,4.829259685334876,1.0,2.8783626960029562,0.2878362696002956,3.597953370003695,3.597953370003695,0.719590674000739,0.7705668836559278,0.2568556278853093,1.0274225115412372,11.974505437334885,12.745072320990813,1.3537103140776745,3.597953370003695,111.04068091472615,67.68551570388372,0.0,2.414629842667438
2,0,2,29.259391459594916,384.4186402480886,3.0557361010774287,1.25,0.230892297901671,emissions_focus,2.8935924467007226,0.3812108069002337,7.341641325135365,1.0,1.3812108069002336,0.13812108069002335,1.7265135086252918,1.7265135086252918,0.3453027017250583,0.3189109370918161,0.10630364569727203,0.42521458278908814,5.275769657304161,5.594680594395977,0.6637039753556913,1.7265135086252918,50.51673460914612,33.18519876778456,0.0,3.6708206625676825
3,0,3,27.7057763169465,407.05495405690675,2.929845499607163,1.25,0.2197774276342323,emissions_focus,1.9302445335195726,0.20413531578936606,9.067750542865571,1.0,1.2041353157893662,0.12041353157893661,1.5051691447367077,1.5051691447367077,0.30103382894734154,0.2646417622277209,0.08821392074257363,0.3528556829702945,4.409913044854406,4.674554807082127,0.6126865570586743,1.5051691447367077,41.701879643244894,30.634327852933712,0.0,4.533875271432786
4,0,4,23.687402215799906,400.7834484173449,2.863299740207103,1.25,0.2399478660343795,emissions_focus,3.458241144886984,3.151896445742122,9.374095242010434,1.0,4.151896445742122,0.4151896445742122,5.189870557177652,5.189870557177652,1.0379741114355303,0.9962386921515471,0.3320795640505157,1.3283182562020628,14.860155018075266,15.856393710226813,2.0800142187453066,5.189870557177652,122.93455133580461,104.00071093726532,0.0,4.687047621005217
5,0,5,24.146361669893984,351.0622583539308,3.2671966558174694,1.25,0.24691343964428297,emissions_focus,2.0861926236389676,7.050965269688182,4.40932259596122,1.0,8.05096526968818,0.8050965269688181,10.063706587110225,10.063706587110225,2.0127413174220443,1.987891527195371,0.6626305090651237,2.6505220362604947,32.88010850653477,34.86800003373014,3.532987561882245,10.063706587110225,243.00189899205796,176.64937809411225,0.0,2.20466129798061
6,0,6,20.60264774927926,414.12910808976164,3.514293179410862,1.25,0.2528534522187247,emissions_focus,3.5134612267486336,2.488778824100918,5.434004998608934,1.0,3.488778824100918,0.3488778824100918,4.360973530126148,4.360973530126148,0.8721947060252297,0.8821497697014999,0.29404992323383333,1.1761996929353333,15.325739532513632,16.207889302215133,1.806006078434201,4.360973530126148,89.84760148511991,90.30030392171004,0.0,2.717002499304467
7,0,7,18.70714224362101,379.23931257163173,3.8402989766371136,1.25,0.28466784842128495,emissions_focus,5.3324774934207015,2.668496225858714,8.097986266170922,1.0,3.668496225858714,0.3668496225858714,4.585620282323393,4.585620282323393,0.9171240564646785,1.0443029275568043,0.3481009758522681,1.3924039034090725,17.61015287745292,18.65445580500972,1.739047483582855,4.585620282323393,85.78385089665724,86.95237417914275,0.0,4.048993133085461
8,0,8,26.091617762000755,361.6162967832276,3.748191303533412,1.25,0.34875188567576326,emissions_focus,3.767619786016862,1.0748823493335333,10.790723702854251,1.0,2.0748823493335333,0.20748823493335333,2.5936029366669167,2.5936029366669167,0.5187205873333833,0.7236191318854275,0.2412063772951425,0.96482550918057,9.721319972033656,10.444939103919085,0.9378890892835944,2.5936029366669167,67.67129644991584,46.89445446417972,0.0,5.3953618514271255
9,0,9,26.526129733981534,352.0469236988559,4.373101385551462,1.25,0.35620217959827966,emissions_focus,3.87805769005383,1.3565923925670287,13.312189000341053,1.0,2.3565923925670287,0.23565923925670287,2.945740490708786,2.945740490708786,0.5891480981417572,0.8394233466571003,0.2798077822190334,1.1192311288761336,12.882021821393636,13.721445168050735,1.0370388777691861,2.945740490708786,78.13909441918368,51.8519438884593,0.0,6.656094500170527
10,0,10,20.959705442156928,331.29544998959364,4.844565046362493,1.25,0.42022188176075315,emissions_focus,3.4252432016679504,1.6366258390965127,15.10080636291249,1.0,2.6366258390965127,0.26366258390965125,3.295782298870641,3.295782298870641,0.6591564597741284,1.1079678716041612,0.36932262386805376,1.477290495472215,15.96663172552893,17.07459959713309,1.0918776797720864,3.295782298870641,69.07862618580344,54.59388398860432,0.0,7.550403181456245
11,0,11,24.132654817199708,308.38304917810575,5.54903844638694,1.25,0.43538461173988197,emissions_focus,2.593948053561122,4.996495512668245,12.698258903805366,1.0,5.996495512668245,0.5996495512668245,7.495619390835307,7.495619390835307,1.4991238781670617,2.610781870583008,0.8702606235276694,3.4810424941106777,41.59348017922857,44.20426204981158,2.3115219632243273,7.495619390835307,180.8891954001372,115.57609816121636,0.0,6.349129451902683
12,0,12,27.132331796012277,318.14967898680953,5.389146210336698,1.25,0.4699650647370757,emissions_focus,4.076985694706639,2.5529365177901475,14.22230808072186,1.0,3.5529365177901475,0.35529365177901473,4.441170647237684,4.441170647237684,0.8882341294475369,1.669756040589967,0.5565853468633223,2.226341387453289,23.934117963019546,25.603874003609512,1.4129570157443103,4.441170647237684,120.49931556356344,70.64785078721552,0.0,7.11115404036093
13,0,13,33.20796803108223,304.6959720456946,6.034441235609848,1.25,0.4529109768152356,emissions_focus,2.881416261135473,9.0,8.103724341857331,1.0,10.0,1.0,12.5,12.5,2.5,4.529109768152356,1.5097032560507853,6.038813024203141,75.4305154451231,79.95962521327546,3.808699650571182,12.5,415.0996003885279,190.43498252855912,0.0,4.051862170928666
14,0,14,35.63969282294896,315.1797936780258,5.628322783678261,1.25,0.48938470615585,emissions_focus,1.966538072045398,0.5772113380890034,9.493051075813726,1.0,1.5772113380890034,0.15772113380890035,1.9715141726112542,1.9715141726112542,0.3943028345222508,0.7718631072363619,0.2572877024121206,1.0291508096484825,11.096318136052517,11.868181243288879,0.6213814301569189,1.9715141726112542,70.26415950795547,31.069071507845948,0.0,4.746525537906863
15,0,15,36.40424759619202,316.2304244511893,6.112011376316207,1.25,0.5330809159775731,emissions_focus,4.133211270342212,1.1508211324352997,12.475441213720638,1.0,2.1508211324352997,0.21508211324352997,2.688526415544125,2.688526415544125,0.5377052831088251,1.1465616993825307,0.38218723312751024,1.528748932510041,16.432304037332326,17.578865736714857,0.8501938495357532,2.688526415544125,97.87378130037096,42.509692476787656,0.0,6.237720606860319
16,0,16,39.09878570173301,313.3086439581555,5.961702536234206,1.25,0.5125969391341613,emissions_focus,2.9462144652640516,1.1782376434784432,14.243418035506247,1.0,2.178237643478443,0.2178237643478443,2.722797054348054,2.722797054348054,0.5445594108696108,1.1165579487538584,0.3721859829179528,1.4887439316718112,16.232506104557817,17.349064053311675,0.853075852871049,2.722797054348054,106.45805853726445,42.65379264355245,0.0,7.1217090177531235
17,0,17,42.25227604096119,293.537137906805,6.043605236905051,1.25,0.4952226878242447,emissions_focus,1.3467556890732881,9.0,6.590173724579536,1.0,10.0,1.0,12.5,12.5,2.5,4.952226878242447,1.6507422927474824,6.60296917098993,75.54506546131313,80.49729233955557,3.6692142238350627,12.5,528.1534505120148,183.46071119175315,0.0,3.295086862289768
18,0,18,42.69223529565819,303.38085493277896,5.9875252317057415,1.25,0.45011010508400123,emissions_focus,3.4068958766800024,5.467367020555614,4.529702580703924,1.0,6.467367020555614,0.6467367020555614,8.084208775694519,8.084208775694519,1.6168417551389043,2.9110272492390914,0.9703424164130304,3.8813696656521217,48.40440402284791,51.315431272087004,2.4525941698252773,8.084208775694519,345.13294323117526,122.62970849126387,0.0,2.264851290351962
19,0,19,45.50285338001403,299.3595081395504,5.8944843889503975,1.25,0.42960881309019144,emissions_focus,4.4702974192960765,9.0,0.0,1.0,10.0,1.0,12.5,12.5,2.5,4.296088130901914,1.4320293769673047,5.728117507869219,73.68105486187997,77.97714299278189,3.7419938517443803,12.5,568.7856672501754,187.099692587219,0.0,0.0
20,0,20,45.95123969845251,320.74309453117075,4.5022187971907615,1.25,0.39648146968081355,emissions_focus,3.9118532341902736,1.9991061910035988,1.9127470431866729,1.0,2.999106191003599,0.2999106191003599,3.7488827387544985,3.7488827387544985,0.7497765477508995,1.1890900303379337,0.3963633434459779,1.5854533737839116,16.878290334884486,18.06738036522242,1.2024282506626085,3.7488827387544985,172.2658093298991,60.121412533130425,0.0,0.9563735215933364
21,0,21,43.29018090616964,282.5695392482021,4.575531395260778,1.25,0.39016825690653484,emissions_focus,8.612556112208248,9.0,1.5253031553949254,1.0,10.0,1.0,12.5,12.5,2.5,3.9016825690653483,1.300560856355116,5.202243425420464,57.19414244075972,61.09582500982507,3.532119240602526,12.5,541.1272613271204,176.6059620301263,0.0,0.7626515776974627
22,0,22,38.232495604581786,305.44755415542363,4.557929245078421,1.25,0.3569038143830891,emissions_focus,6.594917668311686,8.120220823706612,0.0,1.0,9.120220823706612,0.9120220823706612,11.400276029633265,11.400276029633265,2.2800552059266526,3.255041599996969,1.0850138666656564,4.340055466662625,51.96165151743197,55.21669311742894,3.4821864299481846,11.400276029633265,435.86100319397286,174.10932149740924,0.0,0.0
23,0,23,40.784581653678785,342.5430969543512,4.017358310665882,1.25,0.3236245090957713,emissions_focus,4.225825080608613,4.225825080608614,0.0,1.0,5.225825080608614,0.5225825080608615,6.532281350760768,6.532281350760768,1.3064562701521538,1.6912050763323323,0.5637350254441108,2.254940101776443,26.242514772086526,27.933719848418857,2.237587884066746,6.532281350760768,266.4163621349057,111.8793942033373,0.0,0.0
24,1,0,29.329176825770073,356.85223067868276,3.251989176119388,1.25,0.26986594041268175,emissions_focus,4.571167820135017,3.6495894476613966,0.9215783724736206,1.0,4.649589447661397,0.46495894476613964,5.811986809576746,5.811986809576746,1.1623973619153496,1.2547658288260244,0.4182552762753415,1.673021105101366,18.900518196492232,20.155284025318256,2.0740204576725425,5.811986809576746,170.46078884711966,103.70102288362713,0.0,0.4607891862368103
25,1,1,30.10767287541114,374.8694525005942,3.2375783555332576,1.25,0.2741915835624083,emissions_focus,2.09594399650622,0.6206270891237176,2.396895279856115,1.0,1.6206270891237176,0.16206270891237176,2.025783861404647,2.025783861404647,0.4051567722809293,0.4443623079309683,0.14812076931032278,0.5924830772412911,6.558633982672269,7.002996290603238,0.7594044870092996,2.025783861404647,60.991637815458326,37.97022435046498,0.0,1.1984476399280575
26,1,2,25.907656980308477,370.44894934193184,3.049189888015882,1.25,0.24244246808117773,emissions_focus,4.096011420462302,3.185816289321326,3.307090410997091,1.0,4.185816289321326,0.4185816289321326,5.232270361651658,5.232270361651658,1.0464540723303317,1.0148196321174594,0.3382732107058198,1.3530928428232791,15.954185878113435,16.969005510230893,1.9382890581467864,5.232270361651658,135.55586575790574,96.91445290733932,0.0,1.6535452054985456
27,1,3,27.01767644548757,387.8278594430195,2.8779119819864563,1.25,0.2546919309231719,emissions_focus,3.4535780255363138,0.0,6.760668436533405,1.0,1.0,0.1,1.25,1.25,0.25,0.2546919309231719,0.08489731030772396,0.33958924123089584,3.59738997748307,3.852081908406242,0.4847848243037744,1.25,33.77209555685946,24.23924121518872,0.0,3.3803342182667024
28,1,4,21.840230353518823,406.8421439607075,2.86566950297085,1.25,0.2392360435631739,emissions_focus,7.881255727867468,1.583829864866808,13.05809429953407,1.0,2.583829864866808,0.2583829864866808,3.22978733108351,3.22978733108351,0.6459574662167018,0.6181452341111054,0.20604841137036847,0.8241936454814739,9.25550305576763,9.873648289878735,1.3140136023151467,3.22978733108351,70.53929930374062,65.70068011575734,0.0,6.529047149767035
29,1,5,17.32561472301344,394.34191003222344,3.191817128009179,1.25,0.2470128611674213,emissions_focus,5.113594983081706,3.460171872707151,14.711517409908623,1.0,4.460171872707151,0.4460171872707151,5.575214840883938,5.575214840883938,1.1150429681767875,1.101719815575849,0.36723993852528297,1.4689597541011319,17.795066221464324,18.896786037040172,2.1985408691941712,5.575214840883938,96.5940243311818,109.92704345970856,0.0,7.355758704954312
30,1,6,18.983505194788222,371.23519390921496,3.4836201331344117,1.25,0.26861204440916897,emissions_focus,2.631561086010114,4.824084646257943,12.518993849660795,1.0,5.824084646257943,0.5824084646257943,7.280105807822429,7.280105807822429,1.456021161564486,1.5644192836433979,0.5214730945477993,2.0858923781911973,25.361123163478975,26.925542447122375,2.7026314912465614,7.280105807822429,138.20192642140498,135.13157456232807,0.0,6.2594969248303975
31,1,7,19.449758694932154,376.79464590233954,3.4400977178449006,1.25,0.2882802184096421,emissions_focus,2.200355482652638,0.6783671874612344,14.0409821448522,1.0,1.6783671874612343,0.16783671874612344,2.0979589843265427,2.0979589843265427,0.41959179686530845,0.4838400593729013,0.1612800197909671,0.6451200791638684,7.217183914113945,7.701023973486846,0.7904997126169516,2.0979589843265427,40.80479599701621,39.52498563084758,0.0,7.0204910724261
32,1,8,15.566948480551224,394.9959803546548,4.007974714644673,1.25,0.32181818931686085,emissions_focus,4.952324941971786,1.981931384443064,17.011375702380924,1.0,2.981931384443064,0.2981931384443064,3.72741423055383,3.72741423055383,0.7454828461107659,0.9596397588085869,0.3198799196028623,1.279519678411449,14.93938198706648,15.899021745875066,1.4723136381855013,3.72741423055383,58.02446529270495,73.61568190927507,0.0,8.505687851190462
33,1,9,17.94709260054335,383.48708768403986,4.1207176060775845,1.25,0.3597031302156655,emissions_focus,1.6114599242540146,0.437873057232693,18.184962569402245,1.0,1.437873057232693,0.1437873057232693,1.7973413215408662,1.7973413215408662,0.35946826430817325,0.5172074395393684,0.17240247984645615,0.6896099193858246,7.4063360278042,7.923543467343569,0.6892571889718903,1.7973413215408662,32.25705113247689,34.462859448594514,0.0,9.092481284701122
34,1,10,17.276276422074158,364.1330079854565,4.9855918332440465,1.25,0.40998257360960144,emissions_focus,4.3295821163178765,0.9863648754727379,21.528179810247384,1.0,1.9863648754727379,0.19863648754727378,2.4829560943409223,2.4829560943409223,0.49659121886818447,0.8143749837740285,0.27145832792467617,1.0858333116987047,12.379005626249636,13.193380610023665,0.904126271328181,2.4829560943409223,42.896235829707415,45.20631356640905,0.0,10.764089905123692
35,1,11,24.652777400499033,342.10501209702784,5.29589651428453,1.25,0.43780511239414044,emissions_focus,2.0947700983809554,2.205472868937008,21.417477039691327,1.0,3.205472868937008,0.3205472868937008,4.00684108617126,4.00684108617126,0.801368217234252,1.4033724096613347,0.4677908032204449,1.8711632128817797,21.219815741546416,22.62318815120775,1.3707604182554871,4.00684108617126,98.77976137655384,68.53802091277436,0.0,10.708738519845664
36,1,12,28.211652602195024,331.8977541351679,5.573296317941721,1.25,0.40894842359652545,emissions_focus,3.6920987116638297,1.7350730698698382,23.374502681485314,1.0,2.7350730698698382,0.27350730698698383,3.4188413373372977,3.4188413373372977,0.6837682674674594,1.1185038203445798,0.37283460678152663,1.4913384271261065,19.05421583700891,20.17271965735349,1.1347057616067229,3.4188413373372977,96.45116411098368,56.73528808033615,0.0,11.687251340742657
37,1,13,32.87699795414426,295.12555148476537,6.081459419144807,1.25,0.4730648584174556,emissions_focus,1.5989082577208975,9.0,15.973410939206214,1.0,10.0,1.0,12.5,12.5,2.5,4.730648584174556,1.5768828613915187,6.307531445566075,76.01824273931008,80.74889132348464,3.689069393559567,12.5,410.9624744268032,184.45346967797835,0.0,7.986705469603107
38,1,14,37.851778150647704,286.65159403842875,5.857508774887299,1.25,0.5100686897238822,emissions_focus,9.107736250735325,9.0,16.081147189941536,1.0,10.0,1.0,12.5,12.5,2.5,5.1006868972388215,1.700228965746274,6.800915862985096,73.21885968609124,78.31954658333005,3.5831449254803593,12.5,473.1472268830963,179.15724627401798,0.0,8.040573594970768
39,1,15,41.77374360465305,310.7787331988751,6.35401977834836,1.25,0.46933200074947723,emissions_focus,2.0267672705144384,2.724139872944903,15.383774587511073,1.0,3.724139872944903,0.3724139872944903,4.655174841181129,4.655174841181129,0.9310349682362258,1.7478580176401353,0.5826193392133784,2.3304773568535135,29.57907301253458,31.326931030174713,1.4467293399615457,4.655174841181129,194.46408025033196,72.33646699807728,0.0,7.691887293755537
40,1,16,37.977904484183114,301.6445103984473,6.492108134543723,1.25,0.4661339865330743,emissions_focus,7.581820459564508,9.0,13.965595047075585,1.0,10.0,1.0,12.5,12.5,2.5,4.661339865330743,1.5537799551102476,6.21511982044099,81.15135168179654,85.81269154712729,3.7705563799805915,12.5,474.7238060522889,188.52781899902956,0.0,6.982797523537792
41,1,17,41.33408597129272,295.2269522898965,6.270983949179384,1.25,0.45293562111795577,emissions_focus,5.550921844144474,9.0,10.516516891220059,1.0,10.0,1.0,12.5,12.5,2.5,4.529356211179557,1.509785403726519,6.039141614906076,78.3872993647423,82.91665557592187,3.690336903623706,12.5,516.6760746411591,184.5168451811853,0.0,5.258258445610029
42,1,18,42.73217070350522,283.78726512976414,5.907661711198355,1.25,0.47835025591276126,emissions_focus,3.922060371514352,9.0,5.438577262734411,1.0,10.0,1.0,12.5,12.5,2.5,4.783502559127612,1.5945008530425373,6.378003412170149,73.84577138997945,78.62927394910706,3.5473408141220517,12.5,534.1521337938152,177.36704070610259,0.0,2.7192886313672053
43,1,19,46.924094164580225,292.8923147403553,5.397052493370192,1.25,0.4304654882638365,emissions_focus,6.951432550462077,9.0,3.390009813196488,1.0,10.0,1.0,12.5,12.5,2.5,4.304654882638365,1.4348849608794552,5.739539843517821,67.46315616712741,71.76781104976577,3.661153934254441,12.5,586.5511770572529,183.05769671272205,0.0,1.695004906598244
44,1,20,42.64183069147141,309.0951362487217,4.949101090801178,1.25,0.3915933319573299,emissions_focus,6.132144257676194,2.124413863381479,7.397740207491197,1.0,3.124413863381479,0.3124413863381479,3.9055173292268486,3.9055173292268486,0.7811034658453697,1.2234996351752272,0.40783321172507575,1.631332846900303,19.3288000742195,20.552299709394728,1.2071764109991163,3.9055173292268486,166.5384087154989,60.358820549955816,0.0,3.6988701037455987
45,1,21,39.880702872298386,300.18855099352373,4.813761659691274,1.25,0.36173652146982,emissions_focus,1.6022597925088027,9.0,0.0,1.0,10.0,1.0,12.5,12.5,2.5,3.6173652146982,1.2057884048994,4.8231536195976,60.172020746140916,63.78938596083911,3.752356887419047,12.5,498.5087859037298,187.61784437095235,0.0,0.0
46,1,22,39.68684186004968,326.7118850084439,4.071339359875408,1.25,0.3235033217527686,emissions_focus,7.736098087243605,7.736098087243605,0.0,1.0,8.736098087243604,0.8736098087243604,10.920122609054506,10.920122609054506,2.184024521810901,2.826156750381314,0.9420522501271047,3.768209000508419,44.45952499290894,47.285681743290255,3.567733842127524,10.920122609054506,433.3851790778993,178.38669210637622,0.0,0.0
47,1,23,38.09619204547566,334.9271111260623,3.769445541080593,1.25,0.31635963280846374,emissions_focus,2.9486188129704,2.9486188129704,0.0,1.0,3.9486188129704,0.39486188129704003,4.9357735162130005,4.9357735162130005,0.9871547032426005,1.2491835977719077,0.4163945325906359,1.6655781303625437,18.605129472472775,19.854313070244682,1.6531243649577467,4.9357735162130005,188.03417576662315,82.65621824788734,0.0,0.0
48,2,0,36.13529701292455,348.55128571215715,3.611925846151606,1.25,0.2991159440232808,emissions_focus,2.92342403837091,2.4911779946194565,0.43224604375145304,1.0,3.4911779946194565,0.34911779946194565,4.3639724932743205,4.3639724932743205,0.8727944986548639,1.044267001613903,0.3480890005379677,1.3923560021518708,15.762345040352184,16.806612041966087,1.5210682233432524,4.3639724932743205,157.69344220070047,76.05341116716262,0.0,0.21612302187572652
49,2,1,34.03781316408691,373.53531084548706,3.184820985482625,1.25,0.2431680749562418,emissions_focus,5.277145729864036,2.20247935112205,3.506912422493439,1.0,3.20247935112205,0.320247935112205,4.003099188902563,4.003099188902563,0.8006198377805127,0.7787407388994633,0.25958024629982107,1.0383209851992843,12.749154303785357,13.52789504268482,1.495298899872036,4.003099188902563,136.2567422691733,74.7649449936018,0.0,1.7534562112467196
50,2,2,23.697909452048414,373.7895370749367,3.0981167217699332,1.25,0.2472065362288194,emissions_focus,2.173455247426034,0.0,5.680367669919473,1.0,1.0,0.1,1.25,1.25,0.25,0.2472065362288194,0.0824021787429398,0.3296087149717592,3.8726459022124167,4.119852438441236,0.46723692134367084,1.25,29.622386815060516,23.361846067183542,0.0,2.8401838349597366
51,2,3,26.86165159277649,381.4025657031963,3.0470308743862,1.25,0.23844348796425824,emissions_focus,2.34520315675444,0.5214873924697503,7.504083434204167,1.0,1.5214873924697503,0.15214873924697503,1.901859240587188,1.901859240587188,0.3803718481174376,0.3627887607541316,0.12092958691804385,0.4837183476721754,5.795023824805853,6.157812585559985,0.7253739939662859,1.901859240587188,51.087080299155524,36.26869969831429,0.0,3.7520417171020837
52,2,4,20.359797890465966,363.48031317131637,2.8718472007464464,1.25,0.2382233920380985,emissions_focus,2.824059081394825,4.485433879879139,5.842708635719854,1.0,5.485433879879139,0.5485433879879139,6.856792349848924,6.856792349848924,1.3713584699697847,1.306758665665516,0.4355862218885053,1.7423448875540213,19.69165991601328,20.998418581678795,2.492309030673773,6.856792349848924,139.6029064198173,124.61545153368864,0.0,2.921354317859927
53,2,5,19.523809754341467,370.18359509540807,3.1556008067626076,1.25,0.2610556865159948,emissions_focus,2.256346179734112,0.7320736968823996,7.366981118571566,1.0,1.7320736968823995,0.17320736968823996,2.165092121102999,2.165092121102999,0.43301842422059966,0.45216768803593194,0.15072256267864398,0.6028902507145759,6.8321664440679895,7.284334132103921,0.8014815851026509,2.165092121102999,42.27084667303859,40.074079255132546,0.0,3.683490559285783
54,2,6,21.084170223923458,385.37696261992323,3.465926401918555,1.25,0.2666274505643383,emissions_focus,5.757687963946233,0.5130733925193189,12.611595689998481,1.0,1.513073392519319,0.1513073392519319,1.8913417406491486,1.8913417406491486,0.3782683481298297,0.40342690116416036,0.1344756337213868,0.5379025348855472,6.555251273966481,6.9586781751306415,0.7288795352876475,1.8913417406491486,39.87737121145834,36.44397676438238,0.0,6.3057978449992405
55,2,7,21.692507397531987,374.02034341296627,3.7659839348529838,1.25,0.29173718428572704,emissions_focus,3.7285889473941416,0.7060046371893535,15.63418000020327,1.0,1.7060046371893534,0.17060046371893534,2.132505796486692,2.132505796486692,0.42650115929733845,0.4977049892320153,0.16590166307733842,0.6636066523093537,8.030982570549748,8.528687559781764,0.7976005503320935,2.132505796486692,46.25939776556741,39.88002751660468,0.0,7.817090000101635
56,2,8,20.76153413956164,380.4398280137825,4.340819163307936,1.25,0.3268786965409923,emissions_focus,6.333712628284772,1.388387187320261,20.579505441167782,1.0,2.388387187320261,0.23883871873202608,2.985483984150326,2.985483984150326,0.5970967968300651,0.7807128906264537,0.2602376302088179,1.0409505208352716,12.959446090148662,13.740158980775115,1.1357970134680522,2.985483984150326,61.9832276600515,56.78985067340261,0.0,10.289752720583891
57,2,9,18.672228444500906,352.53110581292947,4.493288806362719,1.25,0.3225060069030072,emissions_focus,2.9476026698382007,4.111076765975024,19.41603134503096,1.0,5.111076765975024,0.5111076765975023,6.38884595746878,6.38884595746878,1.2777691914937561,1.6483529587693406,0.5494509862564468,2.1978039450257874,28.70693002627018,30.35528298503952,2.2522669302549327,6.38884595746878,119.29399121458317,112.61334651274663,0.0,9.70801567251548
58,2,10,23.80756486738559,374.41182610215554,5.302395926665025,1.25,0.38800041219110964,emissions_focus,6.655109313262466,5.559421658080864,20.51171900021256,1.0,6.559421658080864,0.6559421658080864,8.19927707260108,8.19927707260108,1.6398554145202153,2.545058307070667,0.8483527690235557,3.393411076094223,43.4758133513579,46.02087165842857,3.0699063014701062,8.19927707260108,195.20482077161762,153.4953150735053,0.0,10.25585950010628
59,2,11,26.898925329161525,338.9447008816786,5.4793338670988865,1.25,0.4357948092820367,emissions_focus,7.939725150826583,3.6323283160045694,24.819115835034577,1.0,4.632328316004569,0.4632328316004569,5.790410395005711,5.790410395005711,1.158082079001142,2.0187446350049894,0.6729148783349964,2.6916595133399857,31.727591781756235,33.746336416761224,1.9626289193173734,5.790410395005711,155.75581684045932,98.13144596586866,0.0,12.409557917517288
60,2,12,32.62127215688075,335.9203817498904,5.870823711184877,1.25,0.48569643549464203,emissions_focus,3.6685102972039654,4.280685322823084,24.206940809415457,1.0,5.280685322823084,0.5280685322823084,6.600856653528854,6.600856653528854,1.3201713307057705,2.564810038264045,0.8549366794213483,3.4197467176853933,38.752465755669654,41.317275793933696,2.217362286929717,6.600856653528854,215.32834136332187,110.86811434648584,0.0,12.103470404707728
61,2,13,31.666480754088894,315.13207989432834,5.43436197048442,1.25,0.41865537871895003,emissions_focus,3.5975813113762585,5.290984866506776,22.513537254284937,1.0,6.290984866506776,0.6290984866506776,7.8637310831334695,7.8637310831334695,1.572746216626694,2.6337546518025774,0.8779182172675258,3.5116728690701033,42.734361144296784,45.36811579609936,2.4781139319575294,7.8637310831334695,249.01668899937664,123.90569659787647,0.0,11.256768627142469
62,2,14,35.25373406407225,307.420816029834,5.9814557800513235,1.25,0.5065127719662796,emissions_focus,1.7007893369705174,3.5412282792570906,20.67309831199836,1.0,4.541228279257091,0.45412282792570907,5.676535349071363,5.676535349071363,1.1353070698142727,2.300190123858167,0.7667300412860557,3.066920165144223,33.95394517436856,36.25413529822673,1.745085129233717,5.676535349071363,200.11906760146738,87.25425646168586,0.0,10.33654915599918
63,2,15,33.574317944931636,273.2946813010015,6.135536122357285,1.25,0.45482535798588175,emissions_focus,2.3213282969421303,6.098458858985139,16.895967749955354,1.0,7.098458858985139,0.7098458858985139,8.873073573731423,8.873073573731423,1.774614714746284,3.2285590916859697,1.0761863638953233,4.304745455581293,54.441063427962995,57.66962251964897,2.424963814493268,8.873073573731423,297.9073933132296,121.2481907246634,0.0,8.447983874977677
64,2,16,39.38648199501125,272.3733130651063,6.243779786383809,1.25,0.5194122463476096,emissions_focus,4.925146022084942,8.098560202388237,13.722553569652057,1.0,9.098560202388237,0.9098560202388237,11.373200252985296,11.373200252985296,2.2746400505970588,4.725903593251436,1.5753011977504787,6.301204791001915,71.0117578460848,75.73766143933624,3.0977562330585102,11.373200252985296,447.95034698986274,154.8878116529255,0.0,6.861276784826028
65,2,17,40.5213954771597,263.1214109886968,5.924952960393795,1.25,0.4828596962186916,emissions_focus,2.4372464140337398,9.0,7.159799983685796,1.0,10.0,1.0,12.5,12.5,2.5,4.828596962186916,1.609532320728972,6.438129282915888,74.06191200492243,78.89050896710935,3.28901763735871,12.5,506.51744346449624,164.4508818679355,0.0,3.579899991842898
66,2,18,40.72973376259421,256.4208642671392,5.586832267392871,1.25,0.44608558303189827,emissions_focus,1.8402000163142027,9.0,0.0,1.0,10.0,1.0,12.5,12.5,2.5,4.460855830318983,1.486951943439661,5.947807773758644,69.83540334241088,74.29625917272986,3.2052608033392405,12.5,509.12167203242757,160.263040166962,0.0,0.0
67,2,19,42.21709075767443,280.4726671818157,5.318408047264427,1.25,0.42905618463074985,emissions_focus,4.171431001800943,4.171431001800943,0.0,1.0,5.171431001800943,0.5171431001800942,6.4642887522511785,6.4642887522511785,1.2928577504502359,2.218834454713889,0.7396114849046297,2.9584459396185188,34.37972531981359,36.59855977452747,1.8130563077772996,6.4642887522511785,272.903464937602,90.65281538886498,0.0,0.0
68,2,20,43.20435781716236,316.5109307794231,4.9520366671167135,1.25,0.3826551346077099,emissions_focus,6.8594297780689,2.516913830077559,4.3425159479913376,1.0,3.516913830077559,0.3516913830077559,4.396142287596948,4.396142287596948,0.8792284575193894,1.3457651350520448,0.4485883783506816,1.7943535134027264,21.769857802042438,23.115622937094482,1.3914270872860925,4.396142287596948,189.93250440849724,69.57135436430463,0.0,2.1712579739956688
69,2,21,39.440329044306395,280.816221956339,4.660770563458929,1.25,0.3598397252815113,emissions_focus,3.4213022758073577,7.763818223798696,0.0,1.0,8.763818223798696,0.8763818223798696,10.95477277974837,10.95477277974837,2.1909545559496735,3.1535699420688252,1.0511899806896083,4.204759922758433,51.05768250123234,54.21125244330117,3.076277904399079,10.95477277974837,432.0598430388867,153.81389521995393,0.0,0.0
70,2,22,40.40053404210093,328.1837889721976,3.9933043000181137,1.25,0.3313982579617334,emissions_focus,6.958088085893977,2.995274787133373,3.9628132987606044,1.0,3.995274787133373,0.39952747871333727,4.994093483916716,4.994093483916716,0.998818696783343,1.324027104534435,0.441342368178145,1.76536947271258,19.942934984017064,21.266962088551498,1.6389805220331504,4.994093483916716,201.7640438064117,81.94902610165752,0.0,1.9814066493803022
71,2,23,36.82700481758563,321.704145217015,3.7795869981522396,1.25,0.31639521008364185,emissions_focus,0.9940437355857844,4.956857034346389,0.0,1.0,5.956857034346389,0.5956857034346389,7.446071292932986,7.446071292932986,1.489214258586597,1.8847210328202455,0.6282403442734151,2.5129613770936605,28.14307424608415,30.027795278904396,2.3954320005179603,7.446071292932986,274.21650337692915,119.77160002589801,0.0,0.0
72,3,0,34.38899878735266,357.68882812231317,3.281487654777599,1.25,0.26165841975279336,emissions_focus,4.942306498480207,4.278484279949689,0.6638222185305176,1.0,5.278484279949689,0.5278484279949689,6.598105349937111,6.598105349937111,1.3196210699874218,1.381159855381597,0.4603866184605323,1.8415464738421292,21.651601250740658,23.032761106122255,2.36006857044657,6.598105349937111,226.9022368778124,118.0034285223285,0.0,0.3319111092652588
73,3,1,32.28954497986014,366.03834777156436,3.1208919571709957,1.25,0.2770153232171476,emissions_focus,4.855937512494636,4.326531213931288,1.193228517093866,1.0,5.326531213931288,0.5326531213931288,6.65816401741411,6.65816401741411,1.3316328034828224,1.4755307658534014,0.4918435886178005,1.967374354471202,20.779410531473022,22.254941297326425,2.437143356126342,6.65816401741411,214.9890865235792,121.85716780631711,0.0,0.596614258546933
74,3,2,32.67340165343353,381.426514531801,2.9360434819332677,1.25,0.2612702414720336,emissions_focus,4.458720282656667,1.129355376897436,4.522593422853097,1.0,2.1293553768974363,0.21293553768974363,2.6616942211217953,2.6616942211217953,0.5323388442243591,0.5563371935017662,0.1854457311672554,0.7417829246690216,7.814849968824093,8.371187162325858,1.0152407495119231,2.6616942211217953,86.96660436533534,50.76203747559616,0.0,2.2612967114265485
75,3,3,26.114003747777065,367.33765910194404,3.162963938007581,1.25,0.23089527737668733,emissions_focus,5.626520171990293,7.06128738297547,3.08782621186792,1.0,8.06128738297547,0.806128738297547,10.076609228719338,10.076609228719338,2.015321845743868,1.8613131863053112,0.6204377287684371,2.4817509150737482,31.87195160783365,33.73326479413896,3.7015180457628074,10.076609228719338,263.14061116366173,185.07590228814038,0.0,1.54391310593396
76,3,4,25.653591689061276,400.072562760832,3.1226648408063817,1.25,0.2546503980827578,emissions_focus,4.016634609480537,2.4337079598523967,4.670752861496068,1.0,3.4337079598523967,0.3433707959852397,4.292134949815496,4.292134949815496,0.8584269899630996,0.8743950988763469,0.2914650329587823,1.1658601318351292,13.402898899785114,14.277293998661461,1.7171654290880205,4.292134949815496,110.10867747691626,85.85827145440102,0.0,2.335376430748034
77,3,5,22.94427123790646,384.3096019092386,3.322152353820406,1.25,0.2587495215674643,emissions_focus,2.5439955543391486,1.0104747088517172,6.204273706983496,1.0,2.010474708851717,0.20104747088517172,2.5130933860646465,2.5130933860646465,0.5026186772129293,0.5202093690388688,0.17340312301295627,0.6936124920518251,8.348879107885159,8.869088476924027,0.9658059187592448,2.5130933860646465,57.66109629605602,48.29029593796224,0.0,3.102136853491748
78,3,6,19.179997931743774,383.6494236003362,3.6817691888198674,1.25,0.25936738622770333,emissions_focus,2.229480528095854,0.0,8.433754235079348,1.0,1.0,0.1,1.25,1.25,0.25,0.25936738622770333,0.08645579540923444,0.34582318163693776,4.602211486024834,4.8615788722525375,0.4795617795004202,1.25,23.974997414679716,23.978088975021013,0.0,4.216877117539674
79,3,7,15.899236377582845,381.7848925416898,3.9287148634848035,1.25,0.31832347898137464,emissions_focus,10.689160101294831,5.816446226028431,13.306468110345751,1.0,6.816446226028431,0.6816446226028431,8.520557782535539,8.520557782535539,1.704111556507108,2.1698348769588316,0.7232782923196105,2.893113169278442,33.47484200542849,35.64467688238732,3.2530202374005897,8.520557782535539,135.47036225338564,162.6510118700295,0.0,6.6532340551728755
80,3,8,19.381499125688247,353.5318342562,4.4298958487964075,1.25,0.3095660704256205,emissions_focus,5.361718636505404,5.655680533953332,13.012506212897822,1.0,6.655680533953332,0.6655680533953332,8.319600667441664,8.319600667441664,1.6639201334883325,2.0603728689042287,0.6867909563014095,2.747163825205638,36.85496446034365,38.91533732924788,2.9412436842397573,8.319600667441664,161.24633306209597,147.06218421198787,0.0,6.506253106448911
81,3,9,11.779992013815576,370.2495870867876,4.8875884448378715,1.25,0.37627708597134935,emissions_focus,2.4858640514011796,1.0107519217035161,14.487618342595486,1.0,2.010751921703516,0.2010751921703516,2.513439902129395,2.513439902129395,0.502687980425879,0.7565998737098898,0.2521999579032966,1.0087998316131863,12.284659822442062,13.041259696151952,0.9306000859308643,2.513439902129395,29.608301974289677,46.53000429654321,0.0,7.243809171297743
82,3,10,24.10002943567435,359.3028764018755,4.43391119002196,1.25,0.389886687837501,emissions_focus,4.989699553301587,0.0,19.477317895897073,1.0,1.0,0.1,1.25,1.25,0.25,0.389886687837501,0.129962229279167,0.519848917116668,5.54238898752745,5.932275675364951,0.44912859550234435,1.25,30.125036794592937,22.45642977511722,0.0,9.738658947948537
83,3,11,32.59955252144637,338.276738388595,5.153131359484805,1.25,0.4256846551290602,emissions_focus,3.4991424356049983,9.0,13.976460331502073,1.0,10.0,1.0,12.5,12.5,2.5,4.256846551290602,1.4189488504302006,5.675795401720802,64.41414199356007,68.67098854485067,4.228459229857437,12.5,407.49440651807964,211.42296149287185,0.0,6.988230165751037
84,3,12,28.96094139719764,341.3113478780166,5.674882329618715,1.25,0.4657143408729656,emissions_focus,7.050994141039905,2.0234178176892375,19.00403665485274,1.0,3.0234178176892375,0.30234178176892373,3.779272272111547,3.779272272111547,0.7558544544223094,1.4080490361487232,0.46934967871624106,1.8773987148649642,21.44692543582379,22.85497447197251,1.2899085131924064,3.779272272111547,109.45128279667648,64.49542565962032,0.0,9.50201832742637
85,3,13,30.09087394771419,318.86300271071684,5.99189147853489,1.25,0.5022892925269722,emissions_focus,2.2634724199653546,2.8469085307095128,18.420600544108588,1.0,3.8469085307095128,0.3846908530709513,4.808635663386891,4.808635663386891,0.9617271326773782,1.9322609643060553,0.6440869881020185,2.576347952408074,28.81282305482688,30.745084019132936,1.533296006569384,4.808635663386891,144.69604960745795,76.6648003284692,0.0,9.210300272054294
86,3,14,40.46276881527167,297.60998585988807,6.507386890041802,1.25,0.45437054638902935,emissions_focus,2.7527321310850033,6.071216231810835,15.102116443382748,1.0,7.071216231810835,0.7071216231810835,8.839020289763544,8.839020289763544,1.7678040579527092,3.2129523828828623,1.0709841276276209,4.283936510510483,57.51892475442078,60.73187713730364,2.630580703451792,8.839020289763544,357.6512345381979,131.5290351725896,0.0,7.551058221691374
87,3,15,40.43789613956561,292.2110460534813,6.444913854761081,1.25,0.5076380087226913,emissions_focus,2.2494500267714805,9.0,8.351566470154228,1.0,10.0,1.0,12.5,12.5,2.5,5.076380087226912,1.692126695742304,6.768506782969216,80.56142318451352,85.63780327174042,3.6526380756685164,12.5,505.4737017445701,182.63190378342583,0.0,4.175783235077114
88,3,16,35.21009201149859,316.6236205647032,6.281334918878593,1.25,0.47961602242569124,emissions_focus,2.5896692197743456,0.4364664790878927,10.504769210840681,1.0,1.4364664790878927,0.14364664790878928,1.7955830988598658,1.7955830988598658,0.35911661977197307,0.6889523390479725,0.22965077968265749,0.9186031187306299,11.278658818616707,11.96761115766468,0.5685240217858001,1.7955830988598658,63.22264612514764,28.426201089290004,0.0,5.252384605420341
89,3,17,42.13051160144846,283.6287283741857,6.123523861093386,1.25,0.47028267313518257,emissions_focus,5.678419608848953,9.0,7.183188819689636,1.0,10.0,1.0,12.5,12.5,2.5,4.702826731351825,1.5676089104506084,6.270435641802433,76.54404826366734,81.24687499501916,3.5453591046773214,12.5,526.6313950181058,177.26795523386608,0.0,3.591594409844818
90,3,18,42.51120492674784,269.5321281242139,5.473195806594248,1.25,0.45462668836593045,emissions_focus,1.816811180310364,9.0,0.0,1.0,10.0,1.0,12.5,12.5,2.5,4.546266883659305,1.5154222945531017,6.061689178212407,68.4149475824281,72.9612144660874,3.3691516015526735,12.5,531.3900615843479,168.45758007763368,0.0,0.0
91,3,19,45.254020941972115,323.4619369185877,5.145674932765094,1.25,0.42988189935721516,emissions_focus,1.9657110176151296,1.6112005571700296,0.3545104604450905,1.0,2.6112005571700294,0.2611200557170029,3.2640006964625368,3.2640006964625368,0.6528001392925074,1.1225078551188707,0.3741692850396236,1.4966771401584944,16.795486564315084,17.917994419433956,1.0557799873813913,3.2640006964625368,147.70915587232722,52.788999369069565,0.0,0.17725523022254525
92,3,20,41.94142483506059,299.7182098870146,5.011495435254111,1.25,0.3736563333330737,emissions_focus,2.9540466624534814,3.308557122898572,0.0,1.0,4.308557122898572,0.4308557122898572,5.385696403623214,5.385696403623214,1.0771392807246425,1.6099196564983778,0.5366398854994593,2.146559541997837,26.990392942422222,28.6003125989206,1.6141912850888822,5.385696403623214,225.88378089701916,80.7095642544441,0.0,0.0
93,3,21,39.86642503341794,301.774204254311,4.2562653257523255,1.25,0.3939048818531186,emissions_focus,4.15851304439603,4.15851304439603,0.0,1.0,5.15851304439603,0.515851304439603,6.448141305495038,6.448141305495038,1.2896282610990077,2.0319634712905894,0.6773211570968631,2.7092846283874525,27.445000254129862,29.47696372542045,1.945882711385119,6.448141305495038,257.0643419604036,97.29413556925594,0.0,0.0
94,3,22,39.2997585860593,344.35967053188284,3.9276960105787797,1.25,0.37620857134130137,emissions_focus,1.9502478737981868,0.2773879200700593,1.6728599537281272,1.0,1.2773879200700593,0.12773879200700594,1.5967349000875741,1.5967349000875741,0.3193469800175148,0.4805642844581935,0.16018809481939783,0.6407523792775913,6.271489297025871,6.7520535814840645,0.5498511041209159,1.5967349000875741,62.75129609937718,27.492555206045793,0.0,0.8364299768640636
95,3,23,39.39973359288855,350.4287831602566,3.9731890544233237,1.25,0.33541179111190383,emissions_focus,3.454384275167393,1.4052429504812582,3.722001278414164,1.0,2.4052429504812585,0.24052429504812584,3.0065536881015733,3.0065536881015733,0.6013107376203148,0.8067468460801991,0.26891561536006636,1.0756624614402654,11.945606205101246,12.752353051181444,1.0535829504274161,3.0065536881015733,118.45741434391853,52.67914752137081,0.0,1.861000639207082
96,4,0,37.2624344962927,338.5640639339389,3.3368703707317167,1.25,0.28535621776712866,emissions_focus,6.391212748822298,7.837116304544817,2.276097722691645,1.0,8.837116304544818,0.8837116304544818,11.046395380681023,11.046395380681023,2.2092790761362053,2.5217260846331344,0.8405753615443782,3.3623014461775127,36.86038944918221,39.382115533815345,3.739912511904457,11.046395380681023,411.6155842927769,186.99562559522286,0.0,1.1380488613458224
97,4,1,28.83949807760246,348.50825256596744,3.2318252904401796,1.25,0.22955247822103625,emissions_focus,3.371470089048407,2.099050715759236,3.5485170959808157,1.0,3.099050715759236,0.3099050715759236,3.873813394699045,3.873813394699045,0.7747626789398092,0.7113947719352088,0.2371315906450696,0.9485263625802784,12.5194880994343,13.23088287136951,1.3500559369532026,3.873813394699045,111.71883394941378,67.50279684766014,0.0,1.7742585479904078
98,4,2,28.658677339532755,366.4125760166494,2.874496229312622,1.25,0.23670699440407905,emissions_focus,3.6959550206717804,2.2765491144519103,4.967923002200686,1.0,3.2765491144519103,0.32765491144519104,4.095686393064888,4.095686393064888,0.8191372786129776,0.7755820928992585,0.2585273642997528,1.0341094571990113,11.773035093312034,12.548617186211292,1.5007110018392447,4.095686393064888,117.37695482276135,75.03555009196224,0.0,2.483961501100343
99,4,3,24.929574754947012,387.0226081136594,2.8536177792135597,1.25,0.22547476558323504,emissions_focus,7.382430569566375,0.7771685873361394,11.57318498443092,1.0,1.7771685873361394,0.17771685873361392,2.221460734170174,2.221460734170174,0.4442921468340346,0.400706670631505,0.13356889021050167,0.5342755608420067,6.339199846852816,6.739906517484322,0.8597555271606253,2.221460734170174,55.38007143767482,42.98777635803127,0.0,5.78659249221546
100,4,4,22.383277010548728,391.1608635983512,3.0778032762993033,1.25,0.23553653613514322,emissions_focus,3.364109660480691,0.0,14.937294644911614,1.0,1.0,0.1,1.25,1.25,0.25,0.23553653613514322,0.07851217871171441,0.31404871484685765,3.847254095374129,4.082790631509273,0.48895107949793903,1.25,27.97909626318591,24.44755397489695,0.0,7.468647322455807
101,4,5,23.669453719308347,384.4932087222953,3.161261086798803,1.25,0.2771511981206438,emissions_focus,7.991600620195289,8.388063792821546,14.540831472285355,1.0,9.388063792821546,0.9388063792821546,11.735079741026933,11.735079741026933,2.347015948205387,2.601913128213527,0.8673043760711757,3.469217504284703,37.09765093578942,39.69956406400294,4.5120584642394475,11.735079741026933,277.76292682263,225.60292321197238,0.0,7.270415736142677
102,4,6,25.713721360123078,414.7547865724295,3.516852919901854,1.25,0.2724411276346584,emissions_focus,3.696498390181014,2.150663165226159,16.08666669724021,1.0,3.150663165226159,0.3150663165226159,3.938328956532699,3.938328956532699,0.7876657913065399,0.8583702255311968,0.2861234085103989,1.1444936340415957,13.850523690316043,14.70889391584724,1.6334407858187387,3.938328956532699,101.26909341278609,81.67203929093694,0.0,8.043333348620106
103,4,7,15.949642007198939,385.6324589294585,3.8704641135397653,1.25,0.31575644275796866,emissions_focus,6.912652303584042,1.2373893161013143,21.761929684722936,1.0,2.2373893161013143,0.22373893161013142,2.796736645126643,2.796736645126643,0.5593473290253286,0.7064700915168353,0.23549003050561176,0.941960122022447,10.82466881998427,11.531138911501104,1.0785124294383117,2.796736645126643,44.60694827818453,53.92562147191558,0.0,10.880964842361468
104,4,8,20.96441100973529,370.09476070056223,4.05471264440306,1.25,0.34940054399865417,emissions_focus,4.196332017563739,8.412234246619857,17.546027455666817,1.0,9.412234246619857,0.9412234246619857,11.765292808274822,11.765292808274822,2.353058561654965,3.288639766011741,1.096213255337247,4.384853021348988,47.70488151481631,50.99352128082805,4.354273226450515,11.765292808274822,246.6524340825561,217.71366132252575,0.0,8.773013727833408
105,4,9,16.469867840370444,382.64341391660884,4.731415803596778,1.25,0.33562208084903683,emissions_focus,4.55886997542539,0.296317651175271,21.80857977991694,1.0,1.296317651175271,0.1296317651175271,1.6203970639690888,1.6203970639690888,0.3240794127938178,0.4350728275287803,0.14502427584292676,0.5800971033717071,7.666772276565165,8.101845104093945,0.6200342644575817,1.6203970639690888,26.687725492495186,31.001713222879086,0.0,10.90428988995847
106,4,10,23.66202761088552,354.702496259244,5.453243211163101,1.25,0.3941465936791781,emissions_focus,2.4075033094204694,2.8735810680145226,21.34250202132288,1.0,3.8735810680145226,0.3873581068014523,4.8419763350181535,4.8419763350181535,0.9683952670036309,1.5267587832980767,0.5089195944326922,2.0356783777307688,26.404474577550136,27.931233360848214,1.7174610928591245,4.8419763350181535,114.57097773045382,85.87305464295622,0.0,10.67125101066144
107,4,11,26.76466499380552,328.2464516200528,5.353027313493014,1.25,0.4090242985525309,emissions_focus,3.3593581834321244,3.9273029316826182,20.774557273072386,1.0,4.927302931682618,0.49273029316826183,6.159128664603273,6.159128664603273,1.2318257329206546,2.015386625387312,0.6717955417957707,2.687182167183083,32.96998396893907,34.98537059432638,2.0217121292273785,6.159128664603273,164.84701536185136,101.08560646136893,0.0,10.387278636536193
108,4,12,29.794942627284392,307.06746113790706,5.587679108483814,1.25,0.42277209897970086,emissions_focus,2.265261309778224,3.1528576481523487,19.88696093469826,1.0,4.152857648152349,0.4152857648152349,5.191072060190436,5.191072060190436,1.0382144120380872,1.7557123446732725,0.5852374482244241,2.3409497928976966,29.006044901360134,30.761757246033408,1.5940093181066017,5.191072060190436,154.66769420747303,79.70046590533009,0.0,9.94348046734913
109,4,13,26.388206733288825,305.1938938476773,5.9155184269255585,1.25,0.46925806508186513,emissions_focus,3.5243672911731987,7.203873692625562,16.207454533245887,1.0,8.203873692625562,0.8203873692625562,10.254842115781953,10.254842115781953,2.050968423156391,3.8497338951774873,1.283244631725829,5.132978526903316,60.66270750112042,64.51244139629792,3.129715196108648,10.254842115781953,270.60689376849115,156.4857598054324,0.0,8.103727266622943
110,4,14,33.55205430232175,303.7303047829352,6.126143874832165,1.25,0.4995386947935879,emissions_focus,4.087928090953089,3.8555688188292816,16.4398138053697,1.0,4.855568818829282,0.48555688188292817,6.069461023536602,6.069461023536602,1.2138922047073208,2.4255445102384225,0.8085148367461409,3.2340593469845635,37.182391472871316,39.60793598310974,1.843479246546918,6.069461023536602,203.64288584752543,92.1739623273459,0.0,8.21990690268485
111,4,15,33.72638900977577,297.84158285736487,6.207239566475358,1.25,0.503614697610333,emissions_focus,3.7669552822049868,6.685340038635823,13.521429048938865,1.0,7.685340038635823,0.7685340038635823,9.606675048294779,9.606675048294779,1.9213350096589563,3.8704501995901643,1.2901500665300547,5.160600266120219,59.63093346204692,63.501383661637085,2.8612673023804693,9.606675048294779,323.9984597692962,143.06336511902347,0.0,6.760714524469432
112,4,16,38.050808192739794,272.8451722695894,6.499165421656558,1.25,0.48311205855682143,emissions_focus,3.601825370999485,9.0,8.12325441993835,1.0,10.0,1.0,12.5,12.5,2.5,4.831120585568215,1.6103735285227383,6.441494114090953,81.23956777070698,86.0706883562752,3.4105646533698675,12.5,475.63510240924745,170.5282326684934,0.0,4.061627209969175
113,4,17,44.1199361502925,268.5315857969897,6.200102981083903,1.25,0.4781001707597546,emissions_focus,5.550144253403463,9.0,4.673398673341813,1.0,10.0,1.0,12.5,12.5,2.5,4.781001707597546,1.5936672358658486,6.374668943463394,77.50128726354879,82.28228897114633,3.3566448224623713,12.5,551.4992018786563,167.83224112311856,0.0,2.3366993366709066
114,4,18,45.30856334356076,297.5017183686155,6.224729769882342,1.25,0.470011456271219,emissions_focus,3.1778322361745692,2.389039658336139,5.4621912511802435,1.0,3.389039658336139,0.3389039658336139,4.236299572920173,4.236299572920173,0.8472599145840345,1.592887465175483,0.5309624883918277,2.1238499535673108,26.369820065696054,27.962707530871537,1.2603064024679835,4.236299572920173,191.94064754195307,63.01532012339918,0.0,2.7310956255901218
115,4,19,42.686676642998506,295.16588872203283,5.328771549753062,1.25,0.45068864353919164,emissions_focus,6.343870503349031,6.355221644543268,5.450840109986007,1.0,7.355221644543268,0.7355221644543268,9.194027055679085,9.194027055679085,1.8388054111358167,3.3149148659093077,1.1049716219697692,4.419886487879077,48.99286980196262,52.30778466787193,2.7137631668239317,9.194027055679085,392.4624599727527,135.68815834119658,0.0,2.7254200549930037
116,4,20,44.64431092339379,293.13185035059774,5.250455189849457,1.25,0.3972424153685695,emissions_focus,3.549159890013992,9.0,0.0,1.0,10.0,1.0,12.5,12.5,2.5,3.9724241536856955,1.3241413845618986,5.296565538247594,65.63068987311821,69.60311402680391,3.664148129382472,12.5,558.0538865424223,183.20740646912358,0.0,0.0
117,4,21,45.49464492514639,299.8666984213826,4.4950604208461264,1.25,0.38113704881932553,emissions_focus,5.876577053503857,5.876577053503857,0.0,1.0,6.876577053503857,0.6876577053503856,8.595721316879821,8.595721316879821,1.7191442633759646,2.620918284151153,0.8736394280503843,3.494557712201537,38.63828668012983,41.25920496428098,2.577570571843051,8.595721316879821,391.0592891869592,128.87852859215255,0.0,0.0
118,4,22,40.84041712367316,351.78346897582486,4.214770951600655,1.25,0.3197274793640736,emissions_focus,3.8803408691286405,0.30655842696353774,3.5737824421651023,1.0,1.3065584269635377,0.13065584269635377,1.633198033704422,1.633198033704422,0.3266396067408843,0.417742632494941,0.13924754416498034,0.5569901766599213,6.883555630668705,7.3012982631636465,0.5745320698210377,1.633198033704422,66.70048894205142,28.726603491051883,0.0,1.7868912210825512
119,4,23,36.84286217292231,328.53949556591755,3.8105766085243578,1.25,0.30220312957486967,emissions_focus,7.689405418894354,7.926208957158245,3.336978903901211,1.0,8.926208957158245,0.8926208957158245,11.157761196447806,11.157761196447806,2.2315522392895613,2.6975282820924553,0.8991760940308184,3.5967043761232738,42.51750381868476,45.215032100777215,3.6657652351259307,11.157761196447806,411.08385791910723,183.28826175629652,0.0,1.6684894519506055
120,5,0,38.45131971129649,317.62514618213095,3.458743872235367,1.25,0.24035145876591604,emissions_focus,5.663021096098859,9.0,7.105427357601002e-14,1.0,10.0,1.0,12.5,12.5,2.5,2.4035145876591604,0.8011715292197201,3.2046861168788805,43.23429840294209,45.63781299060125,3.970314327276637,12.5,480.64149639120615,198.51571636383184,0.0,3.552713678800501e-14
121,5,1,33.215408134459,361.12688832409737,3.0132379046495457,1.25,0.2274090908641651,emissions_focus,1.9569014104403677,1.3317531284706674,0.6251482819697713,1.0,2.3317531284706674,0.23317531284706675,2.9146914105883344,2.9146914105883344,0.582938282117667,0.5302618590651873,0.1767539530217291,0.7070158120869164,8.782658638741221,9.31292049780641,1.0525734395307393,2.9146914105883344,96.81266478869352,52.628671976536964,0.0,0.3125741409848857
122,5,2,25.35629487579825,384.97474559204954,2.8209907061291735,1.25,0.24225866057105538,emissions_focus,5.009130909103431,0.4701621053374936,5.164117085735708,1.0,1.4701621053374936,0.14701621053374936,1.837702631671867,1.837702631671867,0.3675405263343734,0.356159502461384,0.11871983415379467,0.47487933661517867,5.18414204457546,5.540301547036845,0.7074691031017168,1.837702631671867,46.597329822702314,35.37345515508584,0.0,2.582058542867854
123,5,3,21.137056284758955,387.7321873631373,3.177573449419434,1.25,0.24553974500327383,emissions_focus,7.941978832764779,6.1293362401198745,6.976759678380612,1.0,7.1293362401198745,0.7129336240119875,8.911670300149844,8.911670300149844,1.782334060029969,1.750535402441633,0.5835118008138777,2.3340472032555106,28.31748693573586,30.068022338177492,3.4553414185362055,8.911670300149844,188.366476725482,172.76707092681028,0.0,3.488379839190306
124,5,4,24.129988147008408,419.3589580192002,2.9532794870561605,1.25,0.2298862768786268,emissions_focus,6.363851078755023,1.6679242379090695,11.672686519226566,1.0,2.6679242379090695,0.26679242379090695,3.334905297386337,3.334905297386337,0.6669810594772674,0.6133191700471637,0.20443972334905458,0.8177588933962183,9.848907406045994,10.462226576093158,1.3985224106046452,3.334905297386337,80.47122529732786,69.92612053023225,0.0,5.836343259613283
125,5,5,19.70107182003866,394.66215463345344,3.026196157569711,1.25,0.2517373982325555,emissions_focus,4.506432778260271,2.3022751916498105,13.876844105837025,1.0,3.3022751916498105,0.33022751916498105,4.127843989562264,4.127843989562264,0.8255687979124531,0.8313061649938368,0.2771020549979456,1.1084082199917824,12.49166562026055,13.322971785254387,1.6291038029113933,4.127843989562264,81.32295090028107,81.45519014556967,0.0,6.938422052918512
126,5,6,21.64029014211444,373.47898148469443,3.483948838377296,1.25,0.2581808004951154,emissions_focus,2.0164820005857447,9.0,6.89332610642277,1.0,10.0,1.0,12.5,12.5,2.5,2.581808004951154,0.8606026683170512,3.442410673268205,43.5493604797162,46.131168484667356,4.668487268558681,12.5,270.5036267764305,233.42436342793405,0.0,3.446663053211385
127,5,7,16.383031445793492,415.56811450291923,3.775387236910463,1.25,0.31150219069170754,emissions_focus,2.3310215435597135,1.2100267179908208,8.014320931991662,1.0,2.2100267179908206,0.22100267179908206,2.762533397488526,2.762533397488526,0.5525066794977054,0.6884281641413451,0.2294760547137817,0.9179042188551269,10.42963333041708,11.118061494558425,1.1480207952456503,2.762533397488526,45.25867152110925,57.401039762282515,0.0,4.007160465995831
128,5,8,14.257802839936723,398.5373327720737,3.7703699276049,1.25,0.34307525636509867,emissions_focus,2.018199137828738,0.0,10.0325200698204,1.0,1.0,0.1,1.25,1.25,0.25,0.34307525636509867,0.11435841878836622,0.4574336751534649,4.712962409506125,5.056037665871224,0.49817166596509205,1.25,17.8222535499209,24.9085832982546,0.0,5.0162600349102
129,5,9,19.484428763615092,386.92561620901307,4.498656361336347,1.25,0.3425643822086494,emissions_focus,3.584102792830533,-2.1094237467877974e-14,13.616622862650953,1.0,0.9999999999999789,0.0999999999999979,1.2499999999999736,1.2499999999999736,0.24999999999999467,0.34256438220864216,0.11418812740288072,0.45675250961152286,5.623320451670315,5.965884833878957,0.4836570202612561,1.2499999999999736,24.355535954518352,24.182851013062805,0.0,6.8083114313254764
130,5,10,22.61528764219128,389.01345668970987,4.754300900865592,1.25,0.389491703547104,emissions_focus,5.011207673048264,0.3097922428468889,18.31803829285233,1.0,1.3097922428468889,0.1309792242846889,1.6372403035586112,1.6372403035586112,0.3274480607117223,0.5101532119592169,0.17005107065307232,0.6802042826122893,7.78393305014216,8.294086262101377,0.6369085099190451,1.6372403035586112,37.02666040436656,31.845425495952256,0.0,9.159019146426164
131,5,11,23.623283547773944,373.6894317455228,5.660840714358808,1.25,0.4285294060848468,emissions_focus,1.740908121669574,1.2061117381203592,18.852834676401546,1.0,2.2061117381203594,0.22061117381203593,2.7576396726504493,2.7576396726504493,0.5515279345300899,0.9453837528935267,0.3151279176311756,1.2605116705247024,15.61055893447076,16.555942687364286,1.030500802231656,2.7576396726504493,65.14450390961208,51.5250401115828,0.0,9.426417338200773
132,5,12,29.66955591594566,327.9162823984597,5.5847880696100685,1.25,0.43748942171664656,emissions_focus,4.271607609908446,1.738121575340438,21.38632071096955,1.0,2.738121575340438,0.2738121575340438,3.4226519691755475,3.4226519691755475,0.6845303938351095,1.1978992245855615,0.3992997415285205,1.597198966114082,19.114785883879005,20.312685108464567,1.122343309675813,3.4226519691755475,101.54856398027543,56.11716548379066,0.0,10.693160355484775
133,5,13,31.126818029787128,278.8643394451425,5.84384529873167,1.25,0.5073283851923875,emissions_focus,3.029680044894612,9.0,15.416000755864165,1.0,10.0,1.0,12.5,12.5,2.5,5.073283851923875,1.6910946173079584,6.764378469231834,73.04806623414586,78.12135008606974,3.4858042430642815,12.5,389.0852253723391,174.29021215321407,0.0,7.708000377932082
134,5,14,41.580989871602625,285.31078481654436,5.888023886609843,1.25,0.4892286312706404,emissions_focus,3.8580891411028118,9.0,10.274089896966975,1.0,10.0,1.0,12.5,12.5,2.5,4.892286312706404,1.630762104235468,6.523048416941872,73.60029858262304,78.49258489532944,3.5663848102068045,12.5,519.7623733950328,178.31924051034022,0.0,5.137044948483488
135,5,15,32.84854029904169,294.29181006488153,5.796296286471545,1.25,0.5003720725819878,emissions_focus,4.576322431007863,1.9884984566306343,12.861913871344203,1.0,2.9884984566306345,0.29884984566306344,3.735623070788293,3.735623070788293,0.7471246141576584,1.4953611666523423,0.49845372221744744,1.9938148888697897,21.652778132867613,23.148139299519954,1.0993632752224178,3.735623070788293,122.7097649828191,54.96816376112089,0.0,6.430956935672102
136,5,16,41.50130175675544,277.2937720093945,6.058340340379188,1.25,0.5113211416825856,emissions_focus,5.7260831832671375,9.0,9.587997054611339,1.0,10.0,1.0,12.5,12.5,2.5,5.113211416825855,1.7044038056086184,6.8176152224344735,75.72925425473986,80.84246567156572,3.466172150117431,12.5,518.766271959443,173.30860750587155,0.0,4.7939985273056696
137,5,17,49.25418761489465,273.4334211501078,6.288213907836952,1.25,0.5109314853858788,emissions_focus,3.831461965588294,9.0,4.419459020199635,1.0,10.0,1.0,12.5,12.5,2.5,5.1093148538587885,1.7031049512862628,6.812419805145051,78.6026738479619,83.71198870182069,3.417917764376347,12.5,615.6773451861831,170.89588821881736,0.0,2.2097295100998173
138,5,18,47.208118622763735,284.5989491549079,5.582702952680476,1.25,0.4814023679513727,emissions_focus,4.4960363167892865,2.761228460665305,6.154266876323616,1.0,3.761228460665305,0.3761228460665305,4.701535575831631,4.701535575831631,0.940307115166326,1.8106642873703742,0.6035547624567914,2.4142190498271656,26.247276541327548,28.057940828697923,1.338052084296097,4.701535575831631,221.95064917300343,66.90260421480485,0.0,3.077133438161808
139,5,19,42.31899854042911,280.03044615447845,5.671398235331857,1.25,0.44046872231219636,emissions_focus,2.845733123676384,9.0,0.0,1.0,10.0,1.0,12.5,12.5,2.5,4.404687223121964,1.4682290743739879,5.8729162974959515,70.89247794164821,75.29716516477018,3.5003805769309806,12.5,528.9874817553639,175.01902884654902,0.0,0.0
140,5,20,43.17597786765904,303.20730849277135,5.287259680189461,1.25,0.3588933688891446,emissions_focus,6.50759860927141,2.1387134773946075,4.3688851318768025,1.0,3.1387134773946075,0.31387134773946074,3.923391846743259,3.923391846743259,0.7846783693486516,1.1264634538799125,0.3754878179599708,1.5019512718398833,20.743991520869702,21.870454974749613,1.1896010820135072,3.923391846743259,169.3962795411409,59.48005410067536,0.0,2.1844425659384012
141,5,21,43.651778774679585,288.5013036349076,4.175309127818988,1.25,0.3644819853506348,emissions_focus,3.1759212388953566,7.544806370772159,0.0,1.0,8.544806370772159,0.8544806370772159,10.681007963465198,10.681007963465198,2.1362015926930393,3.114427990455789,1.038142663485263,4.152570653941052,44.59651004416354,47.710938034619325,3.081484721594539,10.681007963465198,466.24499671177375,154.07423607972694,0.0,0.0
142,5,22,39.996523417781916,320.95626962833114,4.7171982194761,1.25,0.30481068612926854,emissions_focus,4.089228611422302,4.089228611422302,0.0,1.0,5.089228611422302,0.5089228611422303,6.361535764277878,6.361535764277878,1.2723071528555758,1.5512512649163366,0.5170837549721122,2.068335019888449,30.00862518038514,31.559876445301477,2.0417747880098425,6.361535764277878,254.43931416899733,102.08873940049213,0.0,0.0
143,5,23,33.768050211566916,323.31411137970554,3.8257250775719656,1.25,0.2815143054056927,emissions_focus,4.316635185474103,4.316635185474103,0.0,1.0,5.316635185474103,0.5316635185474103,6.64579398184263,6.64579398184263,1.3291587963685263,1.4967088613342086,0.49890295377806954,1.9956118151122781,25.424980696712197,26.921689558046406,2.148678975652045,6.64579398184263,224.41550487459114,107.43394878260224,0.0,0.0
144,6,0,32.9939190585264,353.4199852512776,3.4072198325150573,1.25,0.28339129310335276,emissions_focus,3.1786434875305005,1.231000465351089,1.9476430221794117,1.0,2.231000465351089,0.2231000465351089,2.7887505816888614,2.7887505816888614,0.5577501163377723,0.6322461067900269,0.2107487022633423,0.8429948090533692,9.50188628986819,10.134132396658217,0.9856001894499692,2.7887505816888614,92.01181096666072,49.280009472498456,0.0,0.9738215110897058
145,6,1,38.16880830521379,355.8033855036699,3.0852919367225304,1.25,0.24652058738571297,emissions_focus,2.8282091509245824,2.631039584612721,2.1448125884912734,1.0,3.631039584612721,0.3631039584612721,4.538799480765901,4.538799480765901,0.9077598961531801,0.8951260112195032,0.2983753370731677,1.1935013482926708,14.003521440407441,14.898647451626944,1.6149202213788068,4.538799480765901,173.24056731715754,80.74601106894033,0.0,1.0724062942456367
146,6,2,25.19789378363765,372.7960211466173,3.0454039317338415,1.25,0.2218815460140381,emissions_focus,2.1199081175734578,1.5712929236218367,2.6934277824428947,1.0,2.5712929236218365,0.2571292923621836,3.2141161545272956,3.2141161545272956,0.6428232309054591,0.5705224491481691,0.19017414971605637,0.7606965988642255,9.788281974046681,10.35880442319485,1.198209713910842,3.2141161545272956,80.98895747005268,59.91048569554211,0.0,1.3467138912214474
147,6,3,23.504079552971557,379.02914140554424,3.2463641366131197,1.25,0.24324049970366202,emissions_focus,6.995961028381973,0.9128652375143512,8.776523573310516,1.0,1.9128652375143513,0.19128652375143512,2.391081546892939,2.391081546892939,0.47821630937858783,0.46528629623875495,0.15509543207958498,0.6203817283183399,7.7623213815506595,8.227607677789415,0.9062895857494713,2.391081546892939,56.20017089581393,45.31447928747356,0.0,4.388261786655258
148,6,4,24.698999336962274,398.23131556476795,3.3095252454370123,1.25,0.22781850893834096,emissions_focus,1.6665023636908682,0.1838938192233046,10.25913211777808,1.0,1.1838938192233046,0.11838938192233046,1.4798672740291308,1.4798672740291308,0.29597345480582615,0.26971292463677105,0.08990430821225702,0.3596172328490281,4.897658103295461,5.167371027932232,0.5893294913978677,1.4798672740291308,36.55124082003767,29.466474569893386,0.0,5.12956605888904
149,6,5,22.90265715732284,373.937969008207,3.069672931202905,1.25,0.24099503175884832,emissions_focus,1.7594759196201701,7.696675367308692,4.3219326700895575,1.0,8.696675367308693,0.8696675367308693,10.870844209135866,10.870844209135866,2.174168841827173,2.095855556340952,0.6986185187803174,2.7944740751212698,33.36993620810822,35.46579176444917,4.065021404968894,10.870844209135866,248.97121793250707,203.25107024844468,0.0,2.1609663350447788
150,6,6,23.589087942091016,388.3661324035705,3.4695544375512615,1.25,0.28007360591170144,emissions_focus,3.781844453499722,0.5334849745066487,7.570292149082631,1.0,1.5334849745066488,0.15334849745066487,1.916856218133311,1.916856218133311,0.3833712436266623,0.4294886664214907,0.14316288880716357,0.5726515552286543,6.650636997772159,7.080125664193649,0.7444420358101688,1.916856218133311,45.216889901890674,37.22210179050844,0.0,3.7851460745413155
151,6,7,20.07567018079004,389.5589256330035,3.635522418713121,1.25,0.2907310277425334,emissions_focus,5.4644141341968595,2.744948918966055,10.289757364313434,1.0,3.744948918966055,0.3744948918966055,4.681186148707569,4.681186148707569,0.936237229741514,1.0887728480542906,0.36292428268476357,1.4516971307390543,17.0185571897957,18.10733003784999,1.823597846778618,4.681186148707569,93.97794917633593,91.1798923389309,0.0,5.144878682156717
152,6,8,15.512536458665037,383.5321851966988,3.7069715715668017,1.25,0.3115433823947994,emissions_focus,2.2923097142853517,0.7393522533441246,11.84271482525466,1.0,1.7393522533441246,0.17393522533441247,2.1741903166801557,2.1741903166801557,0.43483806333603114,0.5418836841828446,0.18062789472761487,0.7225115789104595,8.05966169510916,8.601545379292004,0.8338719631898426,2.1741903166801557,33.727206555577396,41.693598159492126,0.0,5.92135741262733
153,6,9,19.4255140386618,362.81580025505156,4.889156654967454,1.25,0.34602491540767205,emissions_focus,2.203555657674902,1.8343108104286898,12.211959672500875,1.0,2.83431081042869,0.28343108104286896,3.5428885130358623,3.5428885130358623,0.7085777026071725,0.9807421584176378,0.32691405280587926,1.307656211223517,17.321736951317035,18.302479109734673,1.285415931071536,3.5428885130358623,68.82243054739176,64.2707965535768,0.0,6.105979836250437
154,6,10,24.17917369988992,343.4807849286894,4.820837579623473,1.25,0.4055299279269858,emissions_focus,8.103970835623533,5.1278310985954105,15.188099409528997,1.0,6.1278310985954105,0.6127831098595411,7.659788873244263,7.659788873244263,1.5319577746488529,2.485018903762139,0.8283396345873797,3.3133585383495188,36.92659805211768,39.41161695587982,2.630990294569981,7.659788873244263,185.20736567065714,131.54951472849905,0.0,7.594049704764498
155,6,11,21.617708946958267,337.67183527840984,5.465168823288567,1.25,0.4234821387519071,emissions_focus,3.176782745376663,3.3259070195163734,15.038975135389286,1.0,4.325907019516373,0.43259070195163735,5.407383774395466,5.407383774395466,1.081476754879093,1.8319443566666818,0.6106481188888939,2.4425924755555757,29.552265219382562,31.384209576049244,1.825921203154812,5.407383774395466,116.89524859938584,91.2960601577406,0.0,7.519487567694643
156,6,12,28.683325234072996,322.8220985418991,6.095350153101745,1.25,0.44162862272145537,emissions_focus,1.0912473885676415,3.5191567477352077,12.611065776221722,1.0,4.519156747735208,0.4519156747735208,5.64894593466901,5.64894593466901,1.1297891869338024,1.9957889703646712,0.6652629901215571,2.6610519604862284,34.432303467748234,36.428092438112905,1.8236045811795796,5.64894593466901,162.03055347380567,91.18022905897898,0.0,6.305532888110861
157,6,13,32.21684856839238,309.05016725770247,5.935237977686695,1.25,0.4886012299853056,emissions_focus,2.87587288802003,2.4598019385933716,13.02713672564838,1.0,3.4598019385933716,0.34598019385933715,4.324752423241715,4.324752423241715,0.8649504846483431,1.690463482702266,0.563487827567422,2.253951310269688,25.668434826516787,27.358898309219054,1.3365654597510062,4.324752423241715,139.3298939153663,66.8282729875503,0.0,6.51356836282419
158,6,14,34.92021326485809,297.24640304976907,6.0727791899638195,1.25,0.4616485310907604,emissions_focus,0.5799319590940839,2.3020514983455467,11.305017186396912,1.0,3.3020514983455467,0.3302051498345547,4.127564372931934,4.127564372931934,0.8255128745863871,1.524387223797266,0.5081290745990886,2.0325162983963545,25.06578702917711,26.590174252974375,1.226903663210393,4.127564372931934,144.13542816721338,61.345183160519646,0.0,5.652508593198456
159,6,15,35.81130336504964,290.2586076903652,6.32857938747385,1.25,0.47370690864740406,emissions_focus,3.47631876927535,1.6542118460444595,13.127124109627804,1.0,2.6542118460444595,0.26542118460444597,3.3177648075555743,3.3177648075555743,0.6635529615111149,1.2573184884850404,0.4191061628283468,1.6764246513133871,20.996737973582352,22.254056462067393,0.9630097936851734,3.3177648075555743,118.81348201725821,48.150489684258666,0.0,6.563562054813902
160,6,16,37.58242061399285,273.44946925142426,5.437882797220996,1.25,0.5144094461893036,emissions_focus,3.484317210339685,9.0,7.611441319967489,1.0,10.0,1.0,12.5,12.5,2.5,5.144094461893037,1.7146981539643456,6.858792615857382,67.97353496526244,73.11762942715548,3.4181183656428034,12.5,469.7802576749107,170.90591828214016,0.0,3.8057206599837445
161,6,17,38.59523828849218,279.22158467846583,5.544381854822949,1.25,0.47132418756067546,emissions_focus,2.8148129595264897,5.952354871085131,4.4738994084088475,1.0,6.952354871085131,0.6952354871085131,8.690443588856414,8.690443588856414,1.7380887177712836,3.276813011247704,1.0922710037492347,4.369084014996939,48.183137744417934,51.45995075566564,2.4265594304393017,8.690443588856414,335.4097411446125,121.32797152196508,0.0,2.2369497042044237
162,6,18,45.77224564291605,254.3127280540067,5.852805899193011,1.25,0.4954238463715095,emissions_focus,4.5261005915911525,9.0,0.0,1.0,10.0,1.0,12.5,12.5,2.5,4.954238463715095,1.651412821238365,6.60565128495346,73.16007373991263,78.11431220362773,3.178909100675084,12.5,572.1530705364506,158.9454550337542,0.0,0.0
163,6,19,51.35805350924582,291.7435456915967,5.516424347240732,1.25,0.4231153251989396,emissions_focus,4.154987269189065,4.154987269189065,0.0,1.0,5.154987269189065,0.5154987269189065,6.443734086486331,6.443734086486331,1.288746817297266,2.1811541147993245,0.7270513715997748,2.9082054863990994,35.54637160183821,37.72752571663754,1.8799178298853239,6.443734086486331,330.9376400131162,93.99589149426619,0.0,0.0
164,6,20,38.266362287215884,314.98473564905004,4.57744462972448,1.25,0.4002291286053397,emissions_focus,7.846538485191719,4.259118378769676,3.5874201064220426,1.0,5.259118378769676,0.5259118378769676,6.5738979734620955,6.5738979734620955,1.3147795946924195,2.1048523659673144,0.7016174553224381,2.8064698212897525,30.091653974980712,32.19650634094803,2.0706775153547836,6.5738979734620955,251.55916149169485,103.53387576773918,0.0,1.7937100532110213
165,6,21,42.11026052524173,310.5486738911543,4.193683810011487,1.25,0.3594669024911516,emissions_focus,3.1282033969855667,6.71562350340761,0.0,1.0,7.71562350340761,0.7715623503407609,9.644529379259513,9.644529379259513,1.9289058758519033,2.7735112815578606,0.9245037605192868,3.6980150420771474,40.44610671298076,43.219617994538616,2.995095809033319,9.644529379259513,406.133644803966,149.75479045166594,0.0,0.0
166,6,22,38.585663314162005,320.7793288502639,4.218636993406714,1.25,0.3392025035082203,emissions_focus,4.00974799426556,1.2337271694271956,2.776020824838364,1.0,2.233727169427196,0.2233727169427196,2.792158961783995,2.792158961783995,0.558431792356799,0.7576858480240354,0.2525619493413451,1.0102477973653805,11.779105087654045,12.53679093567808,0.8956668778043195,2.792158961783995,107.73730561901736,44.783343890215974,0.0,1.388010412419182
167,6,23,36.57338455255805,313.384673905589,3.9249763026626874,1.25,0.2897138569558779,emissions_focus,3.540214137103841,6.316234961942206,0.0,1.0,7.316234961942206,0.7316234961942205,9.145293702427757,9.145293702427757,1.8290587404855518,2.119614649219717,0.7065382164065723,2.8261528656262893,35.89506106291926,38.01467571213898,2.8659948847061596,9.145293702427757,334.4743434249778,143.29974423530797,0.0,0.0
168,7,0,33.40572994016874,382.6827506494525,3.678593019920615,1.25,0.24702070523004716,emissions_focus,0.0,0.0,0.0,1.0,1.0,0.1,1.25,1.25,0.25,0.24702070523004716,0.08234023507668238,0.3293609403067295,4.598241274900769,4.845261980130815,0.4783534383118156,1.25,41.75716242521092,23.91767191559078,0.0,0.0
169,7,1,32.48373766691273,370.79643712671344,3.10022179916093,1.25,0.26147916936239285,emissions_focus,0.0,0.0,0.0,1.0,1.0,0.1,1.25,1.25,0.25,0.26147916936239285,0.08715972312079762,0.34863889248319047,3.875277248951163,4.1367564183135555,0.4634955464083918,1.25,40.604672083640914,23.17477732041959,0.0,0.0
170,7,2,23.323203325835966,384.7002799230951,2.927005659340837,1.25,0.2742902638334984,emissions_focus,0.0,0.0,0.0,1.0,1.0,0.1,1.25,1.25,0.25,0.2742902638334984,0.09143008794449947,0.3657203517779979,3.6587570741760462,3.9330473380095445,0.4808753499038688,1.25,29.154004157294956,24.043767495193443,0.0,0.0
171,7,3,27.86431367297777,394.1413047014736,3.171211436416745,1.25,0.23604533002448105,emissions_focus,0.0,0.0,0.0,1.0,1.0,0.1,1.25,1.25,0.25,0.23604533002448105,0.07868177667482702,0.3147271066993081,3.964014295520931,4.200059625545412,0.49267663087684194,1.25,34.83039209122221,24.633831543842096,0.0,0.0
172,7,4,24.580736043553408,400.4923017969366,2.8777743616477958,1.25,0.23780334891885377,emissions_focus,0.0,0.0,0.0,1.0,1.0,0.1,1.25,1.25,0.25,0.23780334891885377,0.07926778297295126,0.317071131891805,3.5972179520597445,3.8350213009785983,0.5006153772461708,1.25,30.725920054441758,25.030768862308538,0.0,0.0
173,7,5,21.47576293248946,370.0117260969643,3.1924114778357215,1.25,0.2558781202559459,emissions_focus,0.0,0.0,0.0,1.0,1.0,0.1,1.25,1.25,0.25,0.2558781202559459,0.08529270675198197,0.3411708270079279,3.990514347294652,4.2463924675505975,0.4625146576212054,1.25,26.844703665611824,23.12573288106027,0.0,0.0
174,7,6,22.353612676192387,399.05212644967963,3.6310324054944427,1.25,0.2807290665562335,emissions_focus,0.0,0.0,0.0,1.0,1.0,0.1,1.25,1.25,0.25,0.2807290665562335,0.09357635551874449,0.37430542207497797,4.538790506868054,4.819519573424287,0.49881515806209953,1.25,27.942015845240483,24.940757903104977,0.0,0.0
175,7,7,23.890052966437164,383.2490145265911,3.575295740387625,1.25,0.30039350879956583,emissions_focus,0.0,0.0,0.0,1.0,1.0,0.1,1.25,1.25,0.25,0.30039350879956583,0.10013116959985528,0.40052467839942113,4.4691196754845315,4.769513184284097,0.47906126815823885,1.25,29.862566208046456,23.95306340791194,0.0,0.0
176,7,8,20.527072732192405,376.21917291664397,4.078447506377595,1.25,0.3189069868597908,emissions_focus,0.0,0.0,0.0,1.0,1.0,0.1,1.25,1.25,0.25,0.3189069868597908,0.1063023289532636,0.4252093158130544,5.098059382971993,5.416966369831783,0.4702739661458049,1.25,25.658840915240507,23.513698307290245,0.0,0.0
177,7,9,20.878869992152715,353.46769226918934,4.615820164766187,1.25,0.3475869186755469,emissions_focus,0.0,0.0,0.0,1.0,1.0,0.1,1.25,1.25,0.25,0.3475869186755469,0.1158623062251823,0.4634492249007292,5.769775205957734,6.1173621246332806,0.44183461533648666,1.25,26.098587490190894,22.091730766824334,0.0,0.0
178,7,10,25.651032909415058,339.2810058911305,5.000102864820907,1.25,0.36693564947477847,emissions_focus,0.0,0.0,0.0,1.0,1.0,0.1,1.25,1.25,0.25,0.36693564947477847,0.12231188315825949,0.48924753263303794,6.250128581026134,6.617064230500913,0.42410125736391313,1.25,32.06379113676882,21.205062868195657,0.0,0.0
179,7,11,27.860356423076297,351.86440344311876,5.688150283474426,1.25,0.4499552909631199,emissions_focus,0.0,0.0,0.0,1.0,1.0,0.1,1.25,1.25,0.25,0.4499552909631199,0.14998509698770665,0.5999403879508266,7.1101878543430335,7.560143145306153,0.4398305043038985,1.25,34.82544552884537,21.991525215194923,0.0,0.0
0,0,0,34.74299218011643,338.23909157554414,3.3912457076783284,1.25,0.24231772833931373,water_focus,6.0935727126268535,0.9604565842884755,5.133116128338379,1.0,1.9604565842884756,0.19604565842884755,2.4505707303605946,2.4505707303605946,0.490114146072119,0.47505338601263375,0.15835112867087792,0.6334045146835117,8.310487470697513,8.785540856710147,0.8288788176787852,2.4505707303605946,85.14015972174035,41.44394088393926,0.0,2.5665580641691896
1,0,1,30.86217899333479,376.24454095587237,3.3281435877315406,1.25,0.2677101411597562,water_focus,6.141620860487594,1.8783626960029562,9.396374292823017,1.0,2.8783626960029562,0.2878362696002956,3.597953370003695,3.597953370003695,0.719590674000739,0.7705668836559278,0.2568556278853093,1.0274225115412372,11.974505437334885,12.745072320990813,1.3537103140776745,3.597953370003695,111.04068091472615,67.68551570388372,0.0,4.698187146411509
2,0,2,29.259391459594916,384.4186402480886,3.0557361010774287,1.25,0.230892297901671,water_focus,2.8935924467007226,0.38121080690023357,11.908755932623507,1.0,1.3812108069002336,0.13812108069002335,1.7265135086252918,1.7265135086252918,0.3453027017250583,0.3189109370918161,0.10630364569727203,0.42521458278908814,5.275769657304161,5.594680594395977,0.6637039753556913,1.7265135086252918,50.51673460914612,33.18519876778456,0.0,5.954377966311753
3,0,3,27.7057763169465,407.05495405690675,2.929845499607163,1.25,0.2197774276342323,water_focus,1.9302445335195726,8.297241611030062,5.541758855113017,1.0,9.297241611030062,0.9297241611030062,11.621552013787577,11.621552013787577,2.324310402757515,2.0433238453661327,0.6811079484553776,2.7244317938215104,34.049351866046095,36.09267571141223,4.7306103210422545,11.621552013787577,321.9841205497578,236.53051605211272,0.0,2.7708794275565083
4,0,4,23.687402215799906,400.7834484173449,2.863299740207103,1.25,0.2399478660343795,water_focus,3.458241144886984,9.0,0.0,1.0,10.0,1.0,12.5,12.5,2.5,2.399478660343795,0.7998262201145984,3.1993048804583935,35.79124675258879,38.190725412932586,5.009793105216811,12.5,296.09252769749884,250.48965526084058,0.0,0.0
5,0,5,24.146361669893984,351.0622583539308,3.2671966558174694,1.25,0.24691343964428297,water_focus,2.0861926236389676,2.0861926236389676,0.0,1.0,3.0861926236389676,0.30861926236389675,3.8577407795487098,3.8577407795487098,0.7715481559097421,0.7620224361075115,0.25400747870250384,1.0160299148100154,12.603997773952223,13.366020210059734,1.3543071902124235,3.8577407795487098,93.1504040916819,67.71535951062117,0.0,0.0
6,0,6,20.60264774927926,414.12910808976164,3.514293179410862,1.25,0.2528534522187247,water_focus,3.5134612267486336,3.5134612267486336,0.0,1.0,4.513461226748634,0.45134612267486335,5.6418265334357915,5.6418265334357915,1.128365306687158,1.141244252638752,0.38041475087958404,1.5216590035183362,19.82703250587263,20.968276758511383,2.336444590288916,5.6418265334357915,116.23656473091492,116.82222951444581,0.0,0.0
7,0,7,18.70714224362101,379.23931257163173,3.8402989766371136,1.25,0.28466784842128495,water_focus,5.3324774934207015,2.6684962258587124,2.6639812675619883,1.0,3.6684962258587124,0.3668496225858712,4.58562028232339,4.58562028232339,0.9171240564646777,1.0443029275568039,0.34810097585226796,1.3924039034090718,17.610152877452908,18.65445580500971,1.7390474835828542,4.58562028232339,85.7838508966572,86.95237417914271,0.0,1.3319906337809941
8,0,8,26.091617762000755,361.6162967832276,3.748191303533412,1.25,0.34875188567576326,water_focus,3.767619786016862,6.43160105357885,0.0,1.0,7.43160105357885,0.743160105357885,9.289501316973563,9.289501316973563,1.857900263394713,2.591784881025613,0.8639282936752043,3.455713174700817,34.81882805044249,37.4106129314681,3.359235065206896,9.289501316973563,242.37811756207682,167.96175326034478,0.0,0.0
9,0,9,26.526129733981534,352.0469236988559,4.373101385551462,1.25,0.35620217959827966,water_focus,3.87805769005383,3.87805769005383,0.0,1.0,4.87805769005383,0.487805769005383,6.0975721125672875,6.0975721125672875,1.2195144225134573,1.7375747814033236,0.5791915938011079,2.3167663752044314,26.66530105396796,28.402875835371283,2.146631504261247,6.0975721125672875,161.74498892026773,107.33157521306237,0.0,0.0
10,0,10,20.959705442156928,331.29544998959364,4.844565046362493,1.25,0.42022188176075315,water_focus,3.4252432016679504,1.0518783905264564,2.373364811141494,1.0,2.0518783905264564,0.20518783905264565,2.5648479881580704,2.5648479881580704,0.512969597631614,0.862244198411253,0.287414732803751,1.149658931215004,12.425572912663748,13.287817111075,0.8497224683917318,2.5648479881580704,53.75845833570195,42.48612341958659,0.0,1.186682405570747
11,0,11,24.132654817199708,308.38304917810575,5.54903844638694,1.25,0.43538461173988197,water_focus,2.593948053561122,0.7867572386625079,4.18055562604011,1.0,1.786757238662508,0.1786757238662508,2.2334465483281347,2.2334465483281347,0.4466893096656268,0.7779266066284997,0.25930886887616655,1.0372354755046662,12.393480764623027,13.171407371251526,0.6887570567497457,2.2334465483281347,53.89899460346902,34.437852837487284,0.0,2.090277813020055
12,0,12,27.132331796012277,318.14967898680953,5.389146210336698,1.25,0.4699650647370757,water_focus,4.076985694706639,5.592150560036504,2.6653907607102463,1.0,6.592150560036504,0.6592150560036504,8.24018820004563,8.24018820004563,1.6480376400091261,3.0980804647041054,1.0326934882347019,4.1307739529388074,44.40757901073708,47.505659475441185,2.621613230635413,8.24018820004563,223.57552030522322,131.08066153177066,0.0,1.3326953803551231
13,0,13,33.20796803108223,304.6959720456946,6.034441235609848,1.25,0.4529109768152356,water_focus,2.881416261135473,0.6932993519849004,4.853507669860817,1.0,1.6932993519849004,0.16932993519849004,2.116624189981126,2.116624189981126,0.42332483799622533,0.7669138635480868,0.25563795451602894,1.0225518180641158,12.7726442923114,13.539558155859487,0.64492686502173,2.116624189981126,70.28878843470855,32.2463432510865,0.0,2.4267538349304085
14,0,14,35.63969282294896,315.1797936780258,5.628322783678261,1.25,0.48938470615585,water_focus,1.966538072045398,3.4029995050939226,3.417046236812292,1.0,4.402999505093923,0.44029995050939225,5.503749381367403,5.503749381367403,1.1007498762734809,2.154760619004742,0.7182535396682473,2.8730141586729894,30.97687803880529,33.13163865781003,1.7346705944749403,5.503749381367403,196.15193732642962,86.73352972374701,0.0,1.708523118406146
15,0,15,36.40424759619202,316.2304244511893,6.112011376316207,1.25,0.5330809159775731,water_focus,4.133211270342212,1.1508211324353022,6.399436374719204,1.0,2.1508211324353024,0.21508211324353024,2.688526415544128,2.688526415544128,0.5377052831088256,1.146561699382532,0.3821872331275107,1.5287489325100427,16.432304037332344,17.578865736714874,0.8501938495357543,2.688526415544128,97.87378130037108,42.50969247678771,0.0,3.199718187359602
16,0,16,39.09878570173301,313.3086439581555,5.961702536234206,1.25,0.5125969391341613,water_focus,2.9462144652640516,1.1782376434784434,8.167413196504812,1.0,2.178237643478443,0.2178237643478443,2.722797054348054,2.722797054348054,0.5445594108696108,1.1165579487538584,0.3721859829179528,1.4887439316718112,16.232506104557817,17.349064053311675,0.853075852871049,2.722797054348054,106.45805853726445,42.65379264355245,0.0,4.083706598252406
17,0,17,42.25227604096119,293.537137906805,6.043605236905051,1.25,0.4952226878242447,water_focus,1.3467556890732881,0.0,9.5141688855781,1.0,1.0,0.1,1.25,1.25,0.25,0.4952226878242447,0.16507422927474824,0.660296917098993,7.5545065461313134,8.049729233955558,0.3669214223835063,1.25,52.81534505120149,18.346071119175313,0.0,4.75708444278905
18,0,18,42.69223529565819,303.38085493277896,5.9875252317057415,1.25,0.45011010508400123,water_focus,3.4068958766800024,2.037444195456639,10.883620566801461,1.0,3.037444195456639,0.3037444195456639,3.796805244320799,3.796805244320799,0.75936104886416,1.3671843260037775,0.45572810866792585,1.8229124346717034,22.733467200243467,24.100651526247244,1.1518780210353028,3.796805244320799,162.09410286233256,57.59390105176514,0.0,5.441810283400731
19,0,19,45.50285338001403,299.3595081395504,5.8944843889503975,1.25,0.42960881309019144,water_focus,4.4702974192960765,3.8245479175006984,11.529370068596839,1.0,4.8245479175006984,0.48245479175006983,6.030684896875873,6.030684896875873,1.2061369793751746,2.07266830453423,0.6908894348447433,2.763557739378973,35.54777797931377,37.620446283848004,1.8053428644733767,6.030684896875873,274.4133706436079,90.26714322366884,0.0,5.764685034298419
20,0,20,45.95123969845251,320.74309453117075,4.5022187971907615,1.25,0.39648146968081355,water_focus,3.9118532341902736,6.905426861591476,8.535796441195636,1.0,7.905426861591476,0.7905426861591476,9.881783576989346,9.881783576989346,1.9763567153978698,3.1343552605379696,1.0447850868459898,4.179140347383959,44.48995177009239,47.62430703063036,3.1695138439708646,9.881783576989346,454.0802057944689,158.47569219854321,0.0,4.267898220597818
21,0,21,43.29018090616964,282.5695392482021,4.575531395260778,1.25,0.39016825690653484,water_focus,8.612556112208248,4.8268510913342775,12.32150146206961,1.0,5.8268510913342775,0.5826851091334277,7.283563864167847,7.283563864167847,1.4567127728335691,2.273452333559835,0.757817444519945,3.03126977807978,33.32617512988689,35.59962746344673,2.058113285182763,7.283563864167847,315.30679732146604,102.90566425913813,0.0,6.160750731034805
22,0,22,38.232495604581786,305.44755415542363,4.557929245078421,1.25,0.3569038143830891,water_focus,6.594917668311686,2.2281146331017965,16.6883044972795,1.0,3.2281146331017965,0.3228114633101796,4.035143291377246,4.035143291377246,0.8070286582754491,1.1521264258198973,0.3840421419399658,1.536168567759863,18.391897615850343,19.54402404167024,1.2325246490178456,4.035143291377246,154.27359815143822,61.62623245089228,0.0,8.34415224863975
23,0,23,40.784581653678785,342.5430969543512,4.017358310665882,1.25,0.3236245090957713,water_focus,4.225825080608613,3.2114781248946755,17.70265145299344,1.0,4.2114781248946755,0.42114781248946753,5.264347656118344,5.264347656118344,1.0528695312236689,1.3629375407366187,0.45431251357887287,1.8172500543154915,21.14877080654149,22.51170834727811,1.8032659495711576,5.264347656118344,214.70421683431115,90.16329747855788,0.0,8.85132572649672
24,1,0,29.329176825770073,356.85223067868276,3.251989176119388,1.25,0.26986594041268175,water_focus,4.571167820135017,4.523592888329298,17.75022638479916,1.0,5.523592888329298,0.5523592888329298,6.904491110411622,6.904491110411622,1.3808982220823243,1.490629589265787,0.49687652975526236,1.9875061190210495,22.45333035767113,23.943959946936918,2.4638830544515224,6.904491110411622,202.50304066922004,123.19415272257612,0.0,8.87511319239958
25,1,1,30.10767287541114,374.8694525005942,3.2375783555332576,1.25,0.2741915835624083,water_focus,2.09594399650622,4.390610538253172,15.45555984305221,1.0,5.390610538253172,0.5390610538253172,6.738263172816465,6.738263172816465,1.3476526345632927,1.4780600398518435,0.4926866799506145,1.970746719802458,21.815655002197442,23.293715042049286,2.525969026398625,6.738263172816465,202.8734233555881,126.29845131993125,0.0,7.727779921526105
26,1,2,25.907656980308477,370.44894934193184,3.049189888015882,1.25,0.24244246808117773,water_focus,4.096011420462302,9.0,10.551571263514512,1.0,10.0,1.0,12.5,12.5,2.5,2.4244246808117773,0.8081415602705925,3.23256624108237,38.11487360019852,40.539298281010296,4.630611866774148,12.5,323.845712253856,231.53059333870738,0.0,5.275785631757256
27,1,3,27.01767644548757,387.8278594430195,2.8779119819864563,1.25,0.2546919309231719,water_focus,3.4535780255363138,9.0,5.005149289050826,1.0,10.0,1.0,12.5,12.5,2.5,2.546919309231719,0.8489731030772396,3.3958924123089584,35.973899774830706,38.520819084062424,4.8478482430377445,12.5,337.7209555685946,242.3924121518872,0.0,2.502574644525413
28,1,4,21.840230353518823,406.8421439607075,2.86566950297085,1.25,0.2392360435631739,water_focus,7.881255727867468,9.0,3.886405016918294,1.0,10.0,1.0,12.5,12.5,2.5,2.392360435631739,0.797453478543913,3.189813914175652,35.82086878713562,38.21322922276736,5.085526799508845,12.5,273.0028794189853,254.27633997544223,0.0,1.943202508459147
29,1,5,17.32561472301344,394.34191003222344,3.191817128009179,1.25,0.2470128611674213,water_focus,5.113594983081706,9.0,0.0,1.0,10.0,1.0,12.5,12.5,2.5,2.470128611674213,0.8233762038914043,3.2935048155656172,39.89771410011474,42.36784271178895,4.929273875402793,12.5,216.570184037668,246.46369377013966,0.0,0.0
30,1,6,18.983505194788222,371.23519390921496,3.4836201331344117,1.25,0.26861204440916897,water_focus,2.631561086010114,0.4058453005623024,2.2257157854478122,1.0,1.4058453005623024,0.14058453005623023,1.757306625702878,1.757306625702878,0.3514613251405756,0.37762698030706265,0.1258756601023542,0.5035026404094168,6.121788741389044,6.499415721696106,0.6523740659507562,1.757306625702878,33.35983945786634,32.61870329753781,0.0,1.1128578927239061
31,1,7,19.449758694932154,376.79464590233954,3.4400977178449006,1.25,0.2882802184096421,water_focus,2.200355482652638,4.42607126810045,0.0,1.0,5.42607126810045,0.542607126810045,6.782589085125562,6.782589085125562,1.3565178170251126,1.564229010274281,0.521409670091427,2.085638680365708,23.33276923282018,24.896998243094462,2.5556432526309596,6.782589085125562,131.91972103257282,127.78216263154798,0.0,0.0
32,1,8,15.566948480551224,394.9959803546548,4.007974714644673,1.25,0.32181818931686085,water_focus,4.952324941971786,4.952324941971786,0.0,1.0,5.952324941971786,0.5952324941971786,7.440406177464732,7.440406177464732,1.4880812354929462,1.915566435050949,0.638522145016983,2.554088580067932,29.820959825964675,31.736526261015623,2.938930532304512,7.440406177464732,115.82441963896855,146.9465266152256,0.0,0.0
33,1,9,17.94709260054335,383.48708768403986,4.1207176060775845,1.25,0.3597031302156655,water_focus,1.6114599242540146,1.6114599242540173,0.0,1.0,2.6114599242540173,0.2611459924254017,3.2643249053175216,3.2643249053175216,0.6528649810635043,0.9393503091869349,0.3131167697289783,1.2524670789159131,13.451361109299455,14.39071141848639,1.2518264511946955,3.2643249053175216,58.585141353993464,62.59132255973478,0.0,0.0
34,1,10,17.276276422074158,364.1330079854565,4.9855918332440465,1.25,0.40998257360960144,water_focus,4.3295821163178765,3.18145055548022,1.1481315608376568,1.0,4.18145055548022,0.418145055548022,5.2268131943502745,5.2268131943502745,1.0453626388700545,1.7143218601570782,0.5714406200523594,2.2857624802094376,26.058757175644956,27.773079035802034,1.903255210636838,5.2268131943502745,90.29986955213975,95.1627605318419,0.0,0.5740657804188284
35,1,11,24.652777400499033,342.10501209702784,5.29589651428453,1.25,0.43780511239414044,water_focus,2.0947700983809554,1.5107379618232855,1.7321636973953265,1.0,2.5107379618232857,0.25107379618232856,3.138422452279107,3.138422452279107,0.6276844904558212,1.0992139155682787,0.36640463852275956,1.4656185540910383,16.62076052537723,17.719974440945506,1.0736700510025274,3.138422452279107,77.37083010476512,53.68350255012637,0.0,0.8660818486976632
36,1,12,28.211652602195024,331.8977541351679,5.573296317941721,1.25,0.40894842359652545,water_focus,3.6920987116638297,0.7184893551985116,4.705773053860645,1.0,1.7184893551985116,0.17184893551985117,2.1481116939981395,2.1481116939981395,0.42962233879962786,0.7027735127758408,0.23425783759194693,0.9370313503677877,11.972062994687384,12.674836507463224,0.7129534468694735,2.1481116939981395,60.60178086178817,35.64767234347367,0.0,2.3528865269303223
37,1,13,32.87699795414426,295.12555148476537,6.081459419144807,1.25,0.4730648584174556,water_focus,1.5989082577208975,0.821435112860869,5.483246198720673,1.0,1.821435112860869,0.1821435112860869,2.2767938910760863,2.2767938910760863,0.4553587782152173,0.8616569437821092,0.28721898126070305,1.1488759250428122,13.84622965433602,14.707886598118128,0.6719400527209748,2.2767938910760863,74.85414809891664,33.59700263604874,0.0,2.7416230993603365
38,1,14,37.851778150647704,286.65159403842875,5.857508774887299,1.25,0.5100686897238822,water_focus,9.107736250735325,7.548460870758712,7.042521578697287,1.0,8.548460870758712,0.8548460870758712,10.68557608844839,10.68557608844839,2.1371152176896775,4.360302235503773,1.4534340785012576,5.81373631400503,62.59085570281235,66.95115793831611,3.063037418972649,10.68557608844839,404.46805551181427,153.15187094863245,0.0,3.5212607893486436
39,1,15,41.77374360465305,310.7787331988751,6.35401977834836,1.25,0.46933200074947723,water_focus,2.0267672705144384,0.2753139361883806,8.793974913023346,1.0,1.2753139361883807,0.12753139361883808,1.594142420235476,1.594142420235476,0.3188284840470952,0.5985456412549839,0.19951521375166129,0.7980608550066451,10.129212467680336,10.72775810893532,0.49542556189937,1.594142420235476,66.59329673221785,24.771278094968498,0.0,4.396987456511673
40,1,16,37.977904484183114,301.6445103984473,6.492108134543723,1.25,0.4661339865330743,water_focus,7.581820459564508,1.8238272599147098,14.551968112673142,1.0,2.82382725991471,0.28238272599147096,3.5297840748933873,3.5297840748933873,0.7059568149786775,1.3162818579448115,0.43876061931493715,1.7550424772597486,22.915739905798247,24.23202176374306,1.0647399890834521,3.5297840748933873,134.0538024460917,53.236999454172604,0.0,7.275984056336571
41,1,17,41.33408597129272,295.2269522898965,6.270983949179384,1.25,0.45293562111795577,water_focus,5.550921844144474,0.8366446957296878,19.266245261087928,1.0,1.8366446957296878,0.18366446957296878,2.29580586966211,2.29580586966211,0.4591611739324222,0.8318818060333251,0.2772939353444417,1.1091757413777668,14.39696175908291,15.228843565116234,0.6777837699496,2.29580586966211,94.8950371900121,33.88918849748,0.0,9.633122630543964
42,1,18,42.73217070350522,283.78726512976414,5.907661711198355,1.25,0.47835025591276126,water_focus,3.922060371514352,0.24842887355523136,22.93987675904705,1.0,1.2484288735552314,0.12484288735552314,1.5605360919440392,1.5605360919440392,0.31210721838880784,0.5971862711540252,0.19906209038467507,0.7962483615387003,9.219119319320917,9.816305590474943,0.442860269669089,1.5605360919440392,66.68509466993359,22.14301348345445,0.0,11.469938379523525
43,1,19,46.924094164580225,292.8923147403553,5.397052493370192,1.25,0.4304654882638365,water_focus,6.951432550462077,3.9544213338361978,25.936887975672928,1.0,4.954421333836198,0.49544213338361975,6.193026667295247,6.193026667295247,1.2386053334590494,2.132707398534567,0.710902466178189,2.843609864712756,33.424090016233905,35.55679741476847,1.8138899158328532,6.193026667295247,290.6021664999186,90.69449579164267,0.0,12.968443987836464
44,1,20,42.64183069147141,309.0951362487217,4.949101090801178,1.25,0.3915933319573299,water_focus,6.132144257676194,6.39626741398885,25.672764819360275,1.0,7.39626741398885,0.7396267413988851,9.245334267486063,9.245334267486063,1.849066853497213,2.896329000691318,0.9654430002304393,3.861772000921757,45.75609390803678,48.6524229087281,2.8576878550735807,9.245334267486063,394.2379785201996,142.88439275367904,0.0,12.836382409680137
45,1,21,39.880702872298386,300.18855099352373,4.813761659691274,1.25,0.36173652146982,water_focus,1.6022597925088027,4.269110920155514,23.005913691713555,1.0,5.269110920155514,0.5269110920155514,6.586388650194392,6.586388650194392,1.317277730038878,1.906029855495698,0.6353432851652326,2.5413731406609306,31.705305160131523,33.61133501562722,1.977158465182045,6.586388650194392,262.669808759881,98.85792325910225,0.0,11.502956845856778
46,1,22,39.68684186004968,326.7118850084439,4.071339359875408,1.25,0.3235033217527686,water_focus,7.736098087243605,4.715745775663816,26.026266003293347,1.0,5.715745775663816,0.5715745775663816,7.14468221957977,7.14468221957977,1.428936443915954,1.8490627447215993,0.6163542482405331,2.4654169929621323,29.088425934377106,30.937488679098706,2.3342525957452196,7.14468221957977,283.54987338877106,116.71262978726098,0.0,13.013133001646674
47,1,23,38.09619204547566,334.9271111260623,3.769445541080593,1.25,0.31635963280846374,water_focus,2.9486188129704,1.7198312291437645,27.25505358711998,1.0,2.7198312291437645,0.27198312291437643,3.3997890364297056,3.3997890364297056,0.6799578072859411,0.860444808952914,0.286814936317638,1.147259745270552,12.815319623984639,13.675764432937553,1.1386815204094602,3.3997890364297056,129.5190160459287,56.934076020473015,0.0,13.62752679355999
48,2,0,36.13529701292455,348.55128571215715,3.611925846151606,1.25,0.2991159440232808,water_focus,2.92342403837091,6.775785353942673,23.40269227154822,1.0,7.775785353942673,0.7775785353942674,9.719731692428342,9.719731692428342,1.9439463384856683,2.325861376666963,0.7752871255556544,3.1011485022226175,35.10695011754082,37.43281149420778,3.3878249781730996,9.719731692428342,351.22539159183395,169.39124890865497,0.0,11.70134613577411
49,2,1,34.03781316408691,373.53531084548706,3.184820985482625,1.25,0.2431680749562418,water_focus,5.277145729864036,9.0,19.679838001412254,1.0,10.0,1.0,12.5,12.5,2.5,2.431680749562418,0.8105602498541393,3.2422409994165573,39.810262318532814,42.24194306809523,4.669191385568588,12.5,425.4726645510864,233.4595692784294,0.0,9.839919000706127
50,2,2,23.697909452048414,373.7895370749367,3.0981167217699332,1.25,0.2472065362288194,water_focus,2.173455247426034,9.0,12.853293248838288,1.0,10.0,1.0,12.5,12.5,2.5,2.4720653622881943,0.8240217874293981,3.2960871497175925,38.72645902212417,41.19852438441236,4.672369213436708,12.5,296.2238681506052,233.6184606718354,0.0,6.426646624419144
51,2,3,26.86165159277649,381.4025657031963,3.0470308743862,1.25,0.23844348796425824,water_focus,2.34520315675444,9.0,6.198496405592738,1.0,10.0,1.0,12.5,12.5,2.5,2.3844348796425825,0.7948116265475275,3.17924650619011,38.0878859298275,40.472320809470084,4.767532071289954,12.5,335.7706449097061,238.37660356449769,0.0,3.099248202796369
52,2,4,20.359797890465966,363.48031317131637,2.8718472007464464,1.25,0.2382233920380985,water_focus,2.824059081394825,9.0,0.0225554869875646,1.0,10.0,1.0,12.5,12.5,2.5,2.382233920380985,0.7940779734603284,3.1763118938413135,35.89809000933058,38.280323929711564,4.543503914641454,12.5,254.49747363082457,227.17519573207272,0.0,0.0112777434937823
53,2,5,19.523809754341467,370.18359509540807,3.1556008067626076,1.25,0.2610556865159948,water_focus,2.256346179734112,2.2789016667216764,0.0,1.0,3.2789016667216764,0.32789016667216764,4.0986270834020955,4.0986270834020955,0.8197254166804191,0.8559759256244669,0.28532530854148896,1.1413012341659559,12.933630931002726,13.789606856627193,1.5172445086891946,4.0986270834020955,80.02081543033395,75.86222543445973,0.0,0.0
54,2,6,21.084170223923458,385.37696261992323,3.465926401918555,1.25,0.2666274505643383,water_focus,5.757687963946233,5.757687963946233,0.0,1.0,6.757687963946233,0.6757687963946233,8.447109954932792,8.447109954932792,1.6894219909865589,1.801785113536298,0.6005950378454327,2.4023801513817307,29.27706141271062,31.078846526246917,3.255321577348516,8.447109954932792,178.1003041900014,162.7660788674258,0.0,0.0
55,2,7,21.692507397531987,374.02034341296627,3.7659839348529838,1.25,0.29173718428572704,water_focus,3.7285889473941416,3.7285889473941416,0.0,1.0,4.728588947394142,0.4728588947394142,5.910736184242678,5.910736184242678,1.182147236848536,1.379505225157377,0.45983507505245896,1.8393403002098359,22.25973751301215,23.63924273816953,2.2107355774538924,5.910736184242678,128.21868840154428,110.53677887269461,0.0,0.0
56,2,8,20.76153413956164,380.4398280137825,4.340819163307936,1.25,0.3268786965409923,water_focus,6.333712628284772,6.333712628284773,0.0,1.0,7.333712628284773,0.7333712628284773,9.167140785355967,9.167140785355967,1.8334281570711939,2.397234424739941,0.7990781415799804,3.1963125663199214,39.79290039381494,42.19013481855488,3.487545463758955,9.167140785355967,190.32390637733582,174.37727318794776,0.0,0.0
57,2,9,18.672228444500906,352.53110581292947,4.493288806362719,1.25,0.3225060069030072,water_focus,2.9476026698382007,2.9476026698382007,0.0,1.0,3.9476026698382007,0.39476026698382005,4.934503337297751,4.934503337297751,0.9869006674595502,1.2731255738891682,0.4243751912963894,1.6975007651855576,22.172148610439468,23.445274184328635,1.739565918135167,4.934503337297751,92.13817357417571,86.97829590675835,0.0,0.0
58,2,10,23.80756486738559,374.41182610215554,5.302395926665025,1.25,0.38800041219110964,water_focus,6.655109313262466,6.655109313262466,0.0,1.0,7.655109313262466,0.7655109313262466,9.568886641578082,9.568886641578082,1.913777328315616,2.970185568913839,0.990061856304613,3.960247425218452,50.738025551023,53.70821111993684,3.582704321237772,9.568886641578082,227.81188942802964,179.1352160618886,0.0,0.0
59,2,11,26.898925329161525,338.9447008816786,5.4793338670988865,1.25,0.4357948092820367,water_focus,7.939725150826583,0.6097440057997784,7.329981145026805,1.0,1.6097440057997785,0.16097440057997786,2.0121800072497233,2.0121800072497233,0.40243600144994485,0.7015180820004162,0.2338393606668054,0.9353574426672217,11.025406060422693,11.726924142423108,0.6820177506773514,2.0121800072497233,54.125479763842,34.10088753386757,0.0,3.6649905725134024
60,2,12,32.62127215688075,335.9203817498904,5.870823711184877,1.25,0.48569643549464203,water_focus,3.6685102972039654,0.0,10.998491442230769,1.0,1.0,0.1,1.25,1.25,0.25,0.48569643549464203,0.16189881183154733,0.6475952473261893,7.338529638981096,7.824226074475738,0.419900477187363,1.25,40.77659019610094,20.99502385936815,0.0,5.4992457211153845
61,2,13,31.666480754088894,315.13207989432834,5.43436197048442,1.25,0.41865537871895003,water_focus,3.5975813113762585,8.974010783145795,5.6220619704612345,1.0,9.974010783145795,0.9974010783145795,12.467513478932243,12.467513478932243,2.4935026957864483,4.1756732617647945,1.3918910872549315,5.567564349019726,67.75298111641129,71.92865437817609,3.928913453726491,12.467513478932243,394.8022756319518,196.44567268632457,0.0,2.8110309852306172
62,2,14,35.25373406407225,307.420816029834,5.9814557800513235,1.25,0.5065127719662796,water_focus,1.7007893369705174,0.4947562947105318,6.828095012721221,1.0,1.4947562947105317,0.14947562947105317,1.8684453683881648,1.8684453683881648,0.37368907367763304,0.7571131542478766,0.2523710514159589,1.0094842056638356,11.176023348455512,11.93313650270339,0.5743989998570533,1.8684453683881648,65.86967613040386,28.719949992852666,0.0,3.4140475063606104
63,2,15,33.574317944931636,273.2946813010015,6.135536122357285,1.25,0.45482535798588175,water_focus,2.3213282969421303,0.6923503177063269,8.457072991957023,1.0,1.6923503177063268,0.16923503177063268,2.1154378971329084,2.1154378971329084,0.4230875794265816,0.7697238390883008,0.2565746130294336,1.0262984521177343,12.979345632462495,13.749069471550795,0.578137925908999,2.1154378971329084,71.02438455109785,28.90689629544995,0.0,4.228536495978512
64,2,16,39.38648199501125,272.3733130651063,6.243779786383809,1.25,0.5194122463476096,water_focus,4.925146022084942,0.39149441232127447,12.990724601720691,1.0,1.3914944123212745,0.13914944123212744,1.7393680154015931,1.7393680154015931,0.34787360308031867,0.7227592384839401,0.24091974616131337,0.9636789846452535,10.86023085564699,11.58299009413093,0.47375742899441076,1.7393680154015931,68.5075870213133,23.68787144972054,0.0,6.495362300860346
65,2,17,40.5213954771597,263.1214109886968,5.924952960393795,1.25,0.4828596962186916,water_focus,2.4372464140337398,1.2647807729390763,14.163190242815354,1.0,2.2647807729390763,0.22647807729390762,2.8309759661738454,2.8309759661738454,0.5661951932347691,1.093571356023296,0.3645237853410987,1.4580951413643948,16.77339943158541,17.866970787608707,0.7448903906947514,2.8309759661738454,114.71509671166467,37.24451953473757,0.0,7.081595121407677
66,2,18,40.72973376259421,256.4208642671392,5.586832267392871,1.25,0.44608558303189827,water_focus,1.8402000163142027,0.8907694168627254,15.112620842266832,1.0,1.8907694168627254,0.18907694168627254,2.3634617710784065,2.3634617710784065,0.4726923542156811,0.8434449777000912,0.2811483259000304,1.1245933036001217,13.204264485410343,14.047709463110435,0.6060409100022686,2.3634617710784065,96.26316869409287,30.30204550011343,0.0,7.556310421133416
67,2,19,42.21709075767443,280.4726671818157,5.318408047264427,1.25,0.42905618463074985,water_focus,4.171431001800943,0.035488998299044505,19.24856284576873,1.0,1.0354889982990445,0.10354889982990445,1.2943612478738056,1.2943612478738056,0.25887224957476107,0.44428295883730506,0.14809431961243502,0.5923772784497401,6.883941276759273,7.328224235596578,0.36303295148794956,1.2943612478738056,54.64416627470518,18.15164757439748,0.0,9.624281422884366
68,2,20,43.20435781716236,316.5109307794231,4.9520366671167135,1.25,0.3826551346077099,water_focus,6.8594297780689,4.77582785419159,21.33216476964604,1.0,5.77582785419159,0.577582785419159,7.219784817739487,7.219784817739487,1.4439569635478975,2.210150185016643,0.736716728338881,2.946866913355524,35.7526391461385,37.96278933115514,2.285140812689873,7.219784817739487,311.92616662853317,114.25704063449365,0.0,10.66608238482302
69,2,21,39.440329044306395,280.816221956339,4.660770563458929,1.25,0.3598397252815113,water_focus,3.4213022758073577,1.5726289914087612,23.180838054044635,1.0,2.5726289914087612,0.25726289914087613,3.2157862392609515,3.2157862392609515,0.6431572478521903,0.9257341095197802,0.3085780365065934,1.2343121460263735,14.988041842323735,15.913775951843515,0.9030449423284441,3.2157862392609515,126.83166741260455,45.1522471164222,0.0,11.590419027022318
70,2,22,40.40053404210093,328.1837889721976,3.9933043000181137,1.25,0.3313982579617334,water_focus,6.958088085893977,4.510048078898058,25.628878061040556,1.0,5.510048078898058,0.5510048078898058,6.887560098622573,6.887560098622573,1.3775120197245148,1.8260203346322121,0.608673444877404,2.434693779509616,27.504123358462703,29.330143693094914,2.260385569939679,6.887560098622573,278.2611062314173,113.01927849698394,0.0,12.814439030520278
71,2,23,36.82700481758563,321.704145217015,3.7795869981522396,1.25,0.31639521008364185,water_focus,0.9940437355857844,7.892468378897457,18.730453417728885,1.0,8.892468378897457,0.8892468378897457,11.11558547362182,11.11558547362182,2.2231170947243637,2.8135344009034027,0.9378448003011343,3.751379201204537,42.01232233295094,44.82585673385434,3.5759299233781765,11.11558547362182,409.35371978735566,178.79649616890882,0.0,9.365226708864443
72,3,0,34.38899878735266,357.68882812231317,3.281487654777599,1.25,0.26165841975279336,water_focus,4.942306498480207,6.63057249283121,17.042187423377875,1.0,7.63057249283121,0.763057249283121,9.538215616039013,9.538215616039013,1.9076431232078024,1.9966035402833477,0.6655345134277826,2.6621380537111303,31.299536792638932,33.29614033292228,3.411713166078942,9.538215616039013,328.00968525347383,170.5856583039471,0.0,8.521093711688938
73,3,1,32.28954497986014,366.03834777156436,3.1208919571709957,1.25,0.2770153232171476,water_focus,4.855937512494636,9.0,12.898124935872511,1.0,10.0,1.0,12.5,12.5,2.5,2.7701532321714764,0.9233844107238255,3.693537642895302,39.01114946463745,41.78130269680892,4.5754793471445545,12.5,403.61931224825173,228.77396735722772,0.0,6.449062467936256
74,3,2,32.67340165343353,381.426514531801,2.9360434819332677,1.25,0.2612702414720336,water_focus,4.458720282656667,9.0,8.35684521852917,1.0,10.0,1.0,12.5,12.5,2.5,2.612702414720336,0.8709008049067787,3.4836032196271147,36.700543524165845,39.31324593888618,4.7678314316475126,12.5,408.4175206679191,238.39157158237563,0.0,4.178422609264585
75,3,3,26.114003747777065,367.33765910194404,3.162963938007581,1.25,0.23089527737668733,water_focus,5.626520171990293,9.0,4.983365390519463,1.0,10.0,1.0,12.5,12.5,2.5,2.3089527737668734,0.7696509245889578,3.078603698355831,39.53704922509476,41.84600199886164,4.5917207387743,12.5,326.4250468472133,229.586036938715,0.0,2.4916826952597315
76,3,4,25.653591689061276,400.072562760832,3.1226648408063817,1.25,0.2546503980827578,water_focus,4.016634609480537,9.0,0.0,1.0,10.0,1.0,12.5,12.5,2.5,2.546503980827578,0.8488346602758593,3.395338641103437,39.03331051007977,41.57981449090735,5.0009070345104,12.5,320.66989611326596,250.04535172552,0.0,0.0
77,3,5,22.94427123790646,384.3096019092386,3.322152353820406,1.25,0.2587495215674643,water_focus,2.5439955543391486,2.5439955543391486,0.0,1.0,3.5439955543391486,0.3543995554339149,4.4299944429239355,4.4299944429239355,0.8859988885847869,0.917007154122475,0.30566905137415834,1.2226762054966334,14.71711646597107,15.634123620093545,1.702489400820237,4.4299944429239355,101.64299408086511,85.12447004101185,0.0,0.0
78,3,6,19.179997931743774,383.6494236003362,3.6817691888198674,1.25,0.25936738622770333,water_focus,2.229480528095854,2.229480528095854,0.0,1.0,3.229480528095854,0.3229480528095854,4.036850660119818,4.036850660119818,0.8073701320239639,0.8376219234454847,0.27920730781516157,1.1168292312606463,14.862752380296287,15.700374303741771,1.5487354289156048,4.036850660119818,77.42678731185659,77.43677144578024,0.0,0.0
79,3,7,15.899236377582845,381.7848925416898,3.9287148634848035,1.25,0.31832347898137464,water_focus,10.689160101294831,9.0,1.6891601012948358,1.0,10.0,1.0,12.5,12.5,2.5,3.1832347898137465,1.0610782632712488,4.244313053084995,49.10893579356004,52.29217058337379,4.772311156771123,12.5,198.74045471978556,238.61555783855616,0.0,0.8445800506474179
80,3,8,19.381499125688247,353.5318342562,4.4298958487964075,1.25,0.3095660704256205,water_focus,5.361718636505404,7.050878737800237,0.0,1.0,8.050878737800236,0.8050878737800236,10.063598422250294,10.063598422250294,2.012719684450058,2.4922788943339986,0.8307596314446662,3.323038525778665,44.58069287468066,47.07297176901466,3.5578024094359466,10.063598422250294,195.0476240221217,177.89012047179733,0.0,0.0
81,3,9,11.779992013815576,370.2495870867876,4.8875884448378715,1.25,0.37627708597134935,water_focus,2.4858640514011796,1.0107519217034993,1.4751121296977374,1.0,2.0107519217034993,0.20107519217034991,2.513439902129374,2.513439902129374,0.5026879804258746,0.7565998737098835,0.25219995790329447,1.0087998316131779,12.284659822441958,13.04125969615184,0.9306000859308565,2.513439902129374,29.60830197428943,46.53000429654283,0.0,0.7375560648488687
82,3,10,24.10002943567435,359.3028764018755,4.43391119002196,1.25,0.389886687837501,water_focus,4.989699553301587,2.7193861455221917,3.7454255374771326,1.0,3.7193861455221917,0.37193861455221916,4.64923268190274,4.64923268190274,0.9298465363805484,1.450139145066337,0.48337971502211236,1.9335188600884494,20.614284813304366,22.064423958370703,1.6704826756692603,4.64923268190274,112.04664448715525,83.52413378346301,0.0,1.8727127687385663
83,3,11,32.59955252144637,338.276738388595,5.153131359484805,1.25,0.4256846551290602,water_focus,3.4991424356049983,1.6334118835450242,5.611156089537107,1.0,2.6334118835450244,0.26334118835450243,3.2917648544312805,3.2917648544312805,0.6583529708862561,1.1210030294596325,0.37366767648654414,1.4946707059461766,16.962896699419765,18.0838997288794,1.1135274784992217,3.2917648544312805,107.31006126028379,55.676373924961084,0.0,2.8055780447685534
84,3,12,28.96094139719764,341.3113478780166,5.674882329618715,1.25,0.4657143408729656,water_focus,7.050994141039905,4.2775454921367615,8.38460473844025,1.0,5.2775454921367615,0.5277545492136761,6.596931865170951,6.596931865170951,1.31938637303419,2.4578286202975628,0.8192762067658542,3.277104827063417,37.43681207135726,39.89464069165482,2.2516077067609355,6.596931865170951,191.05335714852166,112.58038533804677,0.0,4.192302369220125
85,3,13,30.09087394771419,318.86300271071684,5.99189147853489,1.25,0.5022892925269722,water_focus,2.2634724199653546,2.263472419965253,8.384604738440352,1.0,3.263472419965253,0.3263472419965253,4.079340524956566,4.079340524956566,0.8158681049913135,1.6392072530056327,0.5464024176685442,2.185609670674177,24.442965729529295,26.082172982534928,1.3007507688671627,4.079340524956566,122.75092152627028,65.03753844335813,0.0,4.192302369220176
86,3,14,40.46276881527167,297.60998585988807,6.507386890041802,1.25,0.45437054638902935,water_focus,2.7527321310850033,0.7441792311492161,10.39315763837614,1.0,1.7441792311492161,0.1744179231149216,2.18022403893652,2.18022403893652,0.43604480778730403,0.7925036702576664,0.2641678900858888,1.0566715603435552,14.1875613283295,14.980064998587165,0.6488564453992858,2.18022403893652,88.21790125298628,32.44282226996429,0.0,5.19657881918807
87,3,15,40.43789613956561,292.2110460534813,6.444913854761081,1.25,0.5076380087226913,water_focus,2.2494500267714805,0.7348977765275038,11.907709888620117,1.0,1.7348977765275038,0.17348977765275037,2.1686222206593797,2.1686222206593797,0.43372444413187594,0.8807000526138467,0.29356668420461557,1.1742667368184623,13.976583395670378,14.857283448284225,0.6336953675937009,2.1686222206593797,87.69452012497813,31.684768379685046,0.0,5.953854944310058
88,3,16,35.21009201149859,316.6236205647032,6.281334918878593,1.25,0.47961602242569124,water_focus,2.5896692197743456,0.4364664790878976,14.060912629306564,1.0,1.4364664790878976,0.14364664790878975,1.795583098859872,1.795583098859872,0.3591166197719744,0.6889523390479748,0.22965077968265826,0.918603118730633,11.278658818616746,11.96761115766472,0.568524021785802,1.795583098859872,63.22264612514786,28.4262010892901,0.0,7.030456314653282
89,3,17,42.13051160144846,283.6287283741857,6.123523861093386,1.25,0.47028267313518257,water_focus,5.678419608848953,1.3778953870993327,18.361436851056183,1.0,2.3778953870993327,0.23778953870993327,2.972369233874166,2.972369233874166,0.5944738467748332,1.118282999080894,0.37276099969363136,1.4910439987745254,18.201373927608323,19.319656926689216,0.8430493060622822,2.972369233874166,125.22743649152402,42.15246530311411,0.0,9.180718425528092
90,3,18,42.51120492674784,269.5321281242139,5.473195806594248,1.25,0.45462668836593045,water_focus,1.816811180310364,0.9438398569933781,19.234408174373172,1.0,1.9438398569933781,0.19438398569933782,2.4297998212417227,2.4297998212417227,0.48595996424834453,0.8837214768986034,0.29457382563286777,1.178295302531471,13.29877019248365,14.182491669382253,0.6549091167351161,2.4297998212417227,103.29371813178213,32.7454558367558,0.0,9.617204087186586
91,3,19,45.254020941972115,323.4619369185877,5.145674932765094,1.25,0.42988189935721516,water_focus,1.9657110176151296,2.021452174220528,19.178667017767772,1.0,3.021452174220528,0.3021452174220528,3.7768152177756598,3.7768152177756598,0.755363043555132,1.2988675994709078,0.4329558664903026,1.7318234659612104,19.43426339179395,20.733130991264858,1.2216559657253123,3.7768152177756598,170.91607495917867,61.082798286265614,0.0,9.589333508883886
92,3,20,41.94142483506059,299.7182098870146,5.011495435254111,1.25,0.3736563333330737,water_focus,2.9540466624534814,1.9273262781665572,20.205387402054697,1.0,2.927326278166557,0.2927326278166557,3.6591578477081965,3.6591578477081965,0.7318315695416393,1.0938140035692692,0.36460466785642304,1.4584186714256921,18.337852850663886,19.431666854233153,1.096716239809122,3.6591578477081965,153.4702938292754,54.835811990456094,0.0,10.102693701027349
93,3,21,39.86642503341794,301.774204254311,4.2562653257523255,1.25,0.3939048818531186,water_focus,4.15851304439603,4.051518987473957,20.312381458976773,1.0,5.051518987473957,0.5051518987473956,6.314398734342445,6.314398734342445,1.2628797468684887,1.9898179899397141,0.6632726633132381,2.6530906532529523,26.87575638595612,28.865574375895832,1.9055226534006198,6.314398734342445,251.7325037737722,95.27613267003099,0.0,10.156190729488387
94,3,22,39.2997585860593,344.35967053188284,3.9276960105787797,1.25,0.37620857134130137,water_focus,1.9502478737981868,7.381442291649515,14.881187041125441,1.0,8.381442291649515,0.8381442291649515,10.476802864561893,10.476802864561893,2.0953605729123783,3.153170430321027,1.051056810107009,4.204227240428036,41.14969681476008,44.3028672450811,3.60778838266802,10.476802864561893,411.7358233310169,180.38941913340102,0.0,7.440593520562721
95,3,23,39.39973359288855,350.4287831602566,3.9731890544233237,1.25,0.33541179111190383,water_focus,3.454384275167393,1.4052429504812167,16.93032836581162,1.0,2.4052429504812167,0.24052429504812167,3.006553688101521,3.006553688101521,0.6013107376203042,0.8067468460801851,0.2689156153600617,1.0756624614402468,11.945606205101038,12.752353051181224,1.0535829504273977,3.006553688101521,118.45741434391647,52.679147521369885,0.0,8.46516418290581
96,4,0,37.2624344962927,338.5640639339389,3.3368703707317167,1.25,0.28535621776712866,water_focus,6.391212748822298,7.562675060910765,15.758866053723152,1.0,8.562675060910765,0.8562675060910765,10.703343826138456,10.703343826138456,2.140668765227691,2.443412569350414,0.814470856450138,3.257883425800552,35.715670881195656,38.15908345054607,3.6237675834596703,10.703343826138456,398.83264821278306,181.1883791729835,0.0,7.879433026861576
97,4,1,28.83949807760246,348.50825256596744,3.2318252904401796,1.25,0.22955247822103625,water_focus,3.371470089048407,5.570053886292797,13.56028225647876,1.0,6.570053886292797,0.6570053886292797,8.212567357865996,8.212567357865996,1.6425134715731993,1.5081721516442619,0.5027240505480873,2.0108962021923493,26.541582886594814,28.049755038239077,2.8621474989701823,8.212567357865996,236.84632052935711,143.10737494850912,0.0,6.78014112823938
98,4,2,28.658677339532755,366.4125760166494,2.874496229312622,1.25,0.23670699440407905,water_focus,3.6959550206717804,9.0,8.256237277150543,1.0,10.0,1.0,12.5,12.5,2.5,2.3670699440407903,0.7890233146802634,3.1560932587210537,35.93120286640777,38.298272810448566,4.5801572002081175,12.5,358.23346674415944,229.00786001040586,0.0,4.1281186385752715
99,4,3,24.929574754947012,387.0226081136594,2.8536177792135597,1.25,0.22547476558323504,water_focus,7.382430569566375,9.0,6.638667846716917,1.0,10.0,1.0,12.5,12.5,2.5,2.2547476558323503,0.7515825519441167,3.006330207776467,35.670222240169494,37.92496989600184,4.837782601420742,12.5,311.61968443683764,241.88913007103713,0.0,3.3193339233584584
100,4,4,22.383277010548728,391.1608635983512,3.0778032762993033,1.25,0.23553653613514322,water_focus,3.364109660480691,9.0,1.0027775071976084,1.0,10.0,1.0,12.5,12.5,2.5,2.3553653613514323,0.7851217871171441,3.1404871484685764,38.472540953741294,40.827906315092726,4.88951079497939,12.5,279.7909626318591,244.4755397489695,0.0,0.5013887535988042
101,4,5,23.669453719308347,384.4932087222953,3.161261086798803,1.25,0.2771511981206438,water_focus,7.991600620195289,8.994378127392897,0.0,1.0,9.994378127392897,0.9994378127392898,12.492972659241122,12.492972659241122,2.4985945318482248,2.769953872477698,0.9233179574925661,3.6932718299702643,39.49354832610032,42.26350219857802,4.803463144231526,12.492972659241122,295.70183817449225,240.1731572115763,0.0,0.0
102,4,6,25.713721360123078,414.7547865724295,3.516852919901854,1.25,0.2724411276346584,water_focus,3.696498390181014,3.696498390181014,0.0,1.0,4.696498390181014,0.46964983901810137,5.870622987726267,5.870622987726267,1.1741245975452532,1.2795193173552732,0.4265064391184244,1.7060257564736976,20.646117596028066,21.92563691338334,2.4348689843216063,5.870622987726267,150.95556371672646,121.74344921608031,0.0,0.0
103,4,7,15.949642007198939,385.6324589294585,3.8704641135397653,1.25,0.31575644275796866,water_focus,6.912652303584042,6.912652303584042,0.0,1.0,7.912652303584042,0.7912652303584042,9.890815379480053,9.890815379480053,1.9781630758960107,2.4984709441603434,0.8328236480534478,3.331294592213791,38.28204597992474,40.780516924085084,3.8142194556061977,9.890815379480053,157.75496446200435,190.71097278030987,0.0,0.0
104,4,8,20.96441100973529,370.09476070056223,4.05471264440306,1.25,0.34940054399865417,water_focus,4.196332017563739,4.196332017563739,0.0,1.0,5.196332017563739,0.5196332017563738,6.495415021954674,6.495415021954674,1.2990830043909352,1.8156012337343945,0.6052004112447982,2.4208016449791927,26.337041420165196,28.15264265389959,2.403919068201152,6.495415021954674,136.17255019906656,120.1959534100576,0.0,0.0
105,4,9,16.469867840370444,382.64341391660884,4.731415803596778,1.25,0.33562208084903683,water_focus,4.55886997542539,3.4011651934509515,1.1577047819744388,1.0,4.401165193450952,0.4401165193450952,5.5014564918136895,5.5014564918136895,1.1002912983627375,1.4771282203863623,0.49237607346212076,1.969504293848483,26.029678188167377,27.50680640855374,2.1050960935412806,5.5014564918136895,90.60826134971948,105.25480467706403,0.0,0.5788523909872194
106,4,10,23.66202761088552,354.702496259244,5.453243211163101,1.25,0.3941465936791781,water_focus,2.4075033094204694,1.9518252955784652,1.6133827958164417,1.0,2.951825295578465,0.2951825295578465,3.6897816194730817,3.6897816194730817,0.7379563238946165,1.1634518853882851,0.38781729512942836,1.5512691805177135,20.121276567065976,21.28472845245426,1.308774751078578,3.6897816194730817,87.30771455810995,65.4387375539289,0.0,0.8066913979082209
107,4,11,26.76466499380552,328.2464516200528,5.353027313493014,1.25,0.4090242985525309,water_focus,3.3593581834321244,3.5037374346129377,1.4690035446356284,1.0,4.503737434612938,0.4503737434612938,5.629671793266172,5.629671793266172,1.1259343586532342,1.842138045057332,0.6140460150191106,2.4561840600764424,30.135786875355013,31.977924920412345,1.8479197899251205,5.629671793266172,150.67627957184547,92.39598949625602,0.0,0.7345017723178142
108,4,12,29.794942627284392,307.06746113790706,5.587679108483814,1.25,0.42277209897970086,water_focus,2.265261309778224,1.2554261059216154,2.478838748492237,1.0,2.2554261059216154,0.22554261059216155,2.819282632402019,2.819282632402019,0.5638565264804036,0.9535312288940945,0.31784374296469814,1.2713749718587926,15.753246665984015,16.70677789487811,0.8657099601618833,2.819282632402019,84.00036428251747,43.285498008094166,0.0,1.2394193742461186
109,4,13,26.388206733288825,305.1938938476773,5.9155184269255585,1.25,0.46925806508186513,water_focus,3.5243672911731987,3.330344940317679,2.672861099347757,1.0,4.330344940317679,0.4330344940317679,5.412931175397099,5.412931175397099,1.08258623507942,2.0320492878305187,0.6773497626101729,2.7093990504406915,32.020294111741364,34.05234339957188,1.6519935425489254,5.412931175397099,142.83754688944273,82.59967712744627,0.0,1.3364305496738784
110,4,14,33.55205430232175,303.7303047829352,6.126143874832165,1.25,0.4995386947935879,water_focus,4.087928090953089,2.9580283355746206,3.802760854726226,1.0,3.9580283355746206,0.39580283355746204,4.9475354194682755,4.9475354194682755,0.9895070838936548,1.9771883087089832,0.659062769569661,2.636251078278644,30.30931380549076,32.28650211419974,1.5027164408794664,4.9475354194682755,165.9999770566598,75.13582204397332,0.0,1.901380427363113
111,4,15,33.72638900977577,297.84158285736487,6.207239566475358,1.25,0.503614697610333,water_focus,3.7669552822049868,2.063583917490399,5.506132219440813,1.0,3.063583917490399,0.3063583917490399,3.829479896862999,3.829479896862999,0.7658959793725999,1.5428658882108066,0.5142886294036022,2.057154517614409,23.77049913482998,25.313365023040785,1.1405783540021341,3.829479896862999,129.1545287067175,57.02891770010671,0.0,2.7530661097204066
112,4,16,38.050808192739794,272.8451722695894,6.499165421656558,1.25,0.48311205855682143,water_focus,3.601825370999485,0.34409336791813816,8.76386422252216,1.0,1.3440933679181382,0.13440933679181383,1.6801167098976726,1.6801167098976726,0.33602334197953443,0.6493477138675029,0.2164492379558343,0.8657969518233372,10.919356425314337,11.56870413918184,0.45841173314504624,1.6801167098976726,63.92979866973339,22.92058665725231,0.0,4.38193211126108
113,4,17,44.1199361502925,268.5315857969897,6.200102981083903,1.25,0.4781001707597546,water_focus,5.550144253403463,1.3425050447576838,12.971503431167939,1.0,2.342505044757684,0.2342505044757684,2.9281313059471046,2.9281313059471046,0.5856262611894207,1.1199520619042351,0.37331735396807836,1.4932694158723134,18.154715639007748,19.274667700911984,0.7862957430077864,2.9281313059471046,129.18896625805885,39.31478715038932,0.0,6.4857517155839695
114,4,18,45.30856334356076,297.5017183686155,6.224729769882342,1.25,0.470011456271219,water_focus,3.1778322361745692,2.3890396583360745,13.760296009006428,1.0,3.3890396583360745,0.33890396583360743,4.236299572920093,4.236299572920093,0.847259914584019,1.5928874651754528,0.5309624883918176,2.1238499535672704,26.369820065695556,27.962707530871008,1.2603064024679598,4.236299572920093,191.94064754194946,63.01532012339799,0.0,6.880148004503214
115,4,19,42.686676642998506,295.16588872203283,5.328771549753062,1.25,0.45068864353919164,water_focus,6.343870503349031,2.9234639770747326,17.180702535280727,1.0,3.9234639770747326,0.39234639770747326,4.904329971343416,4.904329971343416,0.9808659942686835,1.7682606578026934,0.5894202192675645,2.357680877070258,26.13405402189605,27.90231467969874,1.447590914577681,4.904329971343416,209.34954763730252,72.37954572888405,0.0,8.590351267640363
116,4,20,44.64431092339379,293.13185035059774,5.250455189849457,1.25,0.3972424153685695,water_focus,3.549159890013992,1.0450700438555032,19.684792381439216,1.0,2.045070043855503,0.2045070043855503,2.556337554819379,2.556337554819379,0.5112675109638758,0.8123885638190664,0.2707961879396888,1.0831847517587552,13.421935781708479,14.234324345527545,0.7493439575649271,2.556337554819379,114.12592862250457,37.46719787824635,0.0,9.842396190719608
117,4,21,45.49464492514639,299.8666984213826,4.4950604208461264,1.25,0.38113704881932553,water_focus,5.876577053503857,4.159353230449103,21.402016204493968,1.0,5.159353230449103,0.5159353230449103,6.4491915380613785,6.4491915380613785,1.2898383076122757,1.9664206640698245,0.6554735546899415,2.621894218759766,28.989505629195456,30.955926293265282,1.9338977740055838,6.4491915380613785,293.4036790783611,96.6948887002792,0.0,10.701008102246984
118,4,22,40.84041712367316,351.78346897582486,4.214770951600655,1.25,0.3197274793640736,water_focus,3.8803408691286405,1.3416945875268596,23.94066248609575,1.0,2.3416945875268596,0.23416945875268597,2.9271182344085744,2.9271182344085744,0.5854236468817149,0.7487041079104568,0.24956803597015229,0.9982721438806091,12.337132906285856,13.085837014196313,1.02971180660264,2.9271182344085744,119.5447296635559,51.485590330132005,0.0,11.970331243047875
119,4,23,36.84286217292231,328.53949556591755,3.8105766085243578,1.25,0.30220312957486967,water_focus,7.689405418894354,4.784452788137489,26.845615116852613,1.0,5.784452788137489,0.578445278813749,7.230565985171862,7.230565985171862,1.4461131970343724,1.7480797354532298,0.5826932451510766,2.3307729806043063,27.552625609487773,29.300705344941004,2.375526501424445,7.230565985171862,266.39474602390715,118.77632507122225,0.0,13.422807558426307
120,5,0,38.45131971129649,317.62514618213095,3.458743872235367,1.25,0.24035145876591604,water_focus,5.663021096098859,9.0,23.508636212951483,1.0,10.0,1.0,12.5,12.5,2.5,2.4035145876591604,0.8011715292197201,3.2046861168788805,43.23429840294209,45.63781299060125,3.970314327276637,12.5,480.64149639120615,198.51571636383184,0.0,11.754318106475742
121,5,1,33.215408134459,361.12688832409737,3.0132379046495457,1.25,0.2274090908641651,water_focus,1.9569014104403677,9.0,16.465537623391853,1.0,10.0,1.0,12.5,12.5,2.5,2.274090908641651,0.7580303028805503,3.032121211522201,37.66547380811932,39.93956471676098,4.514086104051217,12.5,415.1926016807375,225.70430520256087,0.0,8.232768811695927
122,5,2,25.35629487579825,384.97474559204954,2.8209907061291735,1.25,0.24225866057105538,water_focus,5.009130909103431,9.0,12.474668532495281,1.0,10.0,1.0,12.5,12.5,2.5,2.4225866057105536,0.8075288685701846,3.2301154742807383,35.262383826614666,37.68497043232522,4.812184319900619,12.5,316.9536859474781,240.60921599503095,0.0,6.2373342662476405
123,5,3,21.137056284758955,387.7321873631373,3.177573449419434,1.25,0.24553974500327383,water_focus,7.941978832764779,9.0,11.41664736526006,1.0,10.0,1.0,12.5,12.5,2.5,2.4553974500327382,0.8184658166775794,3.273863266710318,39.71966811774293,42.17506556777567,4.846652342039217,12.5,264.21320355948694,242.33261710196086,0.0,5.70832368263003
124,5,4,24.129988147008408,419.3589580192002,2.9532794870561605,1.25,0.2298862768786268,water_focus,6.363851078755023,9.0,8.780498444015084,1.0,10.0,1.0,12.5,12.5,2.5,2.298862768786268,0.7662875895954228,3.065150358381691,36.91599358820201,39.21485635698828,5.241986975240002,12.5,301.6248518376051,262.0993487620001,0.0,4.390249222007542
125,5,5,19.70107182003866,394.66215463345344,3.026196157569711,1.25,0.2517373982325555,water_focus,4.506432778260271,9.0,4.286931222275355,1.0,10.0,1.0,12.5,12.5,2.5,2.5173739823255548,0.8391246607751849,3.3564986431007395,37.82745196962139,40.344825951946945,4.933276932918169,12.5,246.26339775048325,246.66384664590845,0.0,2.1434656111376773
126,5,6,21.64029014211444,373.47898148469443,3.483948838377296,1.25,0.2581808004951154,water_focus,2.0164820005857447,6.3034132228610975,0.0,1.0,7.3034132228610975,0.7303413222861097,9.129266528576371,9.129266528576371,1.825853305715274,1.8856010722248886,0.6285336907416296,2.5141347629665183,31.805897517470378,33.691498589695264,3.4095891647950154,9.129266528576371,197.55997646308657,170.47945823975078,0.0,0.0
127,5,7,16.383031445793492,415.56811450291923,3.775387236910463,1.25,0.31150219069170754,water_focus,2.3310215435597135,2.3310215435597135,0.0,1.0,3.3310215435597135,0.33310215435597135,4.163776929449642,4.163776929449642,0.8327553858899286,1.037620508060124,0.34587350268670797,1.3834940107468319,15.719870276786416,16.75749078484654,1.7303329277821424,4.163776929449642,68.21528836844296,86.51664638910712,0.0,0.0
128,5,8,14.257802839936723,398.5373327720737,3.7703699276049,1.25,0.34307525636509867,water_focus,2.018199137828738,2.018199137828738,0.0,1.0,3.018199137828738,0.30181991378287376,3.7727489222859223,3.7727489222859223,0.7545497844571845,1.035469442971514,0.3451564809905047,1.3806259239620189,14.224659080990637,15.260128523962152,1.503581292706547,3.7727489222859223,53.79111029853643,75.17906463532735,0.0,0.0
129,5,9,19.484428763615092,386.92561620901307,4.498656361336347,1.25,0.3425643822086494,water_focus,3.584102792830533,1.4923896546370172,2.0917131381935157,1.0,2.4923896546370172,0.24923896546370172,3.1154870682962716,3.1154870682962716,0.6230974136592544,0.8538039222639587,0.28460130742131956,1.1384052296852782,14.015505718452149,14.869309640716107,1.2054617536917465,3.1154870682962716,60.70348584618273,60.273087684587324,0.0,1.0458565690967578
130,5,10,22.61528764219128,389.01345668970987,4.754300900865592,1.25,0.389491703547104,water_focus,5.011207673048264,2.964590777854379,4.138330033387401,1.0,3.964590777854379,0.3964590777854379,4.955738472317973,4.955738472317973,0.9911476944635944,1.5441752159336402,0.5147250719778801,2.0589002879115204,23.561071883395613,25.105247099329254,1.927848953566597,4.955738472317973,112.07545103094455,96.39244767832984,0.0,2.0691650166937006
131,5,11,23.623283547773944,373.6894317455228,5.660840714358808,1.25,0.4285294060848468,water_focus,1.740908121669574,0.9139705717752864,4.9652675832816895,1.0,1.9139705717752864,0.19139705717752864,2.392463214719108,2.392463214719108,0.47849264294382166,0.8201926723867381,0.27339755746224603,1.0935902298489841,13.543353173487686,14.363545845874425,0.8940382191804502,2.392463214719108,56.517836898928266,44.70191095902251,0.0,2.4826337916408447
132,5,12,29.66955591594566,327.9162823984597,5.5847880696100685,1.25,0.43748942171664656,water_focus,4.271607609908446,2.0005137547755187,7.236361438414616,1.0,3.0005137547755187,0.3000513754775519,3.7506421934693983,3.7506421934693983,0.7501284386938796,1.3126930274295856,0.43756434247652853,1.7502573699061141,20.946541775464034,22.25923480289362,1.2298966446892896,3.7506421934693983,111.2798882798454,61.49483223446448,0.0,3.618180719207308
133,5,13,31.126818029787128,278.8643394451425,5.84384529873167,1.25,0.5073283851923875,water_focus,3.029680044894612,0.0,10.266041483309229,1.0,1.0,0.1,1.25,1.25,0.25,0.5073283851923875,0.16910946173079586,0.6764378469231834,7.304806623414587,7.812135008606974,0.3485804243064281,1.25,38.90852253723391,17.429021215321406,0.0,5.133020741654614
134,5,14,41.580989871602625,285.31078481654436,5.888023886609843,1.25,0.4892286312706404,water_focus,3.8580891411028118,1.4403654527927263,12.683765171619314,1.0,2.4403654527927263,0.24403654527927263,3.050456815990908,3.050456815990908,0.6100913631981815,1.1938966502699422,0.39796555008998075,1.591862200359923,17.96116259762627,19.15505924789621,0.870328228219343,3.050456815990908,126.84101396947914,43.51641141096715,0.0,6.341882585809657
135,5,15,32.84854029904169,294.29181006488153,5.796296286471545,1.25,0.5003720725819878,water_focus,4.576322431007863,2.919888993384299,14.34019860924288,1.0,3.919888993384299,0.3919888993384299,4.899861241730374,4.899861241730374,0.9799722483460749,1.9614029799110235,0.6538009933036745,2.615203973214698,28.40104751966762,30.362450499578646,1.4419890338955896,4.899861241730374,160.95328945869264,72.09945169477948,0.0,7.17009930462144
136,5,16,41.50130175675544,277.2937720093945,6.058340340379188,1.25,0.5113211416825856,water_focus,5.7260831832671375,0.9225233918131328,19.143758400696882,1.0,1.9225233918131328,0.1922523391813133,2.403154239766416,2.403154239766416,0.48063084795328304,0.9830268556133679,0.3276756185377893,1.3107024741511573,14.559126274930158,15.542153130543525,0.6663797038651983,2.403154239766416,99.73402927257223,33.31898519325991,0.0,9.571879200348441
137,5,17,49.25418761489465,273.4334211501078,6.288213907836952,1.25,0.5109314853858788,water_focus,3.831461965588294,1.5113727432409956,21.46384762304418,1.0,2.5113727432409956,0.25113727432409955,3.1392159290512445,3.1392159290512445,0.6278431858102489,1.2831394060617312,0.42771313535391037,1.7108525414156415,19.740061264763334,21.023200670825066,0.8583665512093959,3.1392159290512445,154.6195303331558,42.91832756046979,0.0,10.73192381152209
138,5,18,47.208118622763735,284.5989491549079,5.582702952680476,1.25,0.4814023679513727,water_focus,4.4960363167892865,4.223407402566295,21.736476537267173,1.0,5.223407402566295,0.5223407402566295,6.529259253207869,6.529259253207869,1.3058518506415737,2.5145606923701433,0.8381868974567145,3.352747589826858,36.45091491169989,38.965475604070036,1.8582203222229183,6.529259253207869,308.2340453442148,92.91101611114591,0.0,10.868238268633586
139,5,19,42.31899854042911,280.03044615447845,5.671398235331857,1.25,0.44046872231219636,water_focus,2.845733123676384,0.0,24.582209660943555,1.0,1.0,0.1,1.25,1.25,0.25,0.44046872231219636,0.1468229074373988,0.5872916297495951,7.089247794164821,7.529716516477018,0.35003805769309804,1.25,52.89874817553638,17.501902884654903,0.0,12.291104830471777
140,5,20,43.17597786765904,303.20730849277135,5.287259680189461,1.25,0.3588933688891446,water_focus,6.50759860927141,5.137821671863463,25.951986598351496,1.0,6.137821671863463,0.6137821671863464,7.672277089829329,7.672277089829329,1.5344554179658658,2.20282349745588,0.73427449915196,2.93709799660784,40.56532131229595,42.76814480975183,2.3262904864179035,7.672277089829329,331.25806582501866,116.31452432089517,0.0,12.975993299175748
141,5,21,43.651778774679585,288.5013036349076,4.175309127818988,1.25,0.3644819853506348,water_focus,3.1759212388953566,7.6851366203281355,21.442771216918718,1.0,8.685136620328135,0.8685136620328135,10.85642077541017,10.85642077541017,2.1712841550820343,3.165575838418701,1.0551919461395671,4.2207677845582685,45.328912759013775,48.49448859743248,3.1320915465149284,10.85642077541017,473.90207797304015,156.60457732574642,0.0,10.721385608459359
142,5,22,39.996523417781916,320.95626962833114,4.7171982194761,1.25,0.30481068612926854,water_focus,4.089228611422302,1.6332116313822134,23.898788196958805,1.0,2.6332116313822134,0.26332116313822135,3.2915145392277667,3.2915145392277667,0.6583029078455533,0.802631044085183,0.2675436813617277,1.0701747254469107,15.526726523824918,16.3293575679101,1.0564322279379592,3.2915145392277667,131.64913834819302,52.821611396897964,0.0,11.949394098479402
143,5,23,33.768050211566916,323.31411137970554,3.8257250775719656,1.25,0.2815143054056927,water_focus,4.316635185474103,2.732521082022004,25.482902300410906,1.0,3.732521082022004,0.3732521082022004,4.665651352527505,4.665651352527505,0.9331302705055013,1.0507580798175291,0.3502526932725097,1.4010107730900387,17.849499382572038,18.90025746238957,1.5084709210499516,4.665651352527505,157.5499491418139,75.42354605249758,0.0,12.741451150205453
144,6,0,32.9939190585264,353.4199852512776,3.4072198325150573,1.25,0.28339129310335276,water_focus,3.1786434875305005,6.756821687962798,21.90472409997861,1.0,7.756821687962798,0.7756821687962798,9.696027109953498,9.696027109953498,1.9392054219906996,2.198215728523909,0.7327385761746363,2.9309543046985453,33.036495865637214,35.234711594161126,3.4267697581957526,9.696027109953498,319.90993365508336,171.33848790978763,0.0,10.952362049989304
145,6,1,38.16880830521379,355.8033855036699,3.0852919367225304,1.25,0.24652058738571297,water_focus,2.8282091509245824,9.0,15.732933250903194,1.0,10.0,1.0,12.5,12.5,2.5,2.46520587385713,0.82173529128571,3.28694116514284,38.56614920903163,41.03135508288876,4.4475423187958745,12.5,477.11010381517235,222.37711593979373,0.0,7.866466625451597
146,6,2,25.19789378363765,372.7960211466173,3.0454039317338415,1.25,0.2218815460140381,water_focus,2.1199081175734578,9.0,8.852841368476653,1.0,10.0,1.0,12.5,12.5,2.5,2.218815460140381,0.739605153380127,2.958420613520508,38.06754914667302,40.2863646068134,4.659950264332716,12.5,314.97367229547064,232.9975132166358,0.0,4.426420684238327
147,6,3,23.504079552971557,379.02914140554424,3.2463641366131197,1.25,0.24324049970366202,water_focus,6.995961028381973,9.0,6.848802396858617,1.0,10.0,1.0,12.5,12.5,2.5,2.4324049970366204,0.8108016656788735,3.243206662715494,40.579551707663995,43.011956704700616,4.737864267569303,12.5,293.80099441214446,236.89321337846513,0.0,3.4244011984293086
148,6,4,24.698999336962274,398.23131556476795,3.3095252454370123,1.25,0.22781850893834096,water_focus,1.6665023636908682,1.2747806801696466,7.2405240803798305,1.0,2.2747806801696466,0.22747806801696466,2.8434758502120583,2.8434758502120583,0.5686951700424117,0.5182371427179939,0.1727457142393313,0.6909828569573252,9.41055511106728,9.928792253785275,1.132361128606595,2.8434758502120583,70.23100813905586,56.61805643032976,0.0,3.6202620401899153
149,6,5,22.90265715732284,373.937969008207,3.069672931202905,1.25,0.24099503175884832,water_focus,1.7594759196201701,9.0,0.0,1.0,10.0,1.0,12.5,12.5,2.5,2.4099503175884833,0.8033167725294944,3.2132670901179776,38.37091164003631,40.78086195762479,4.674224612602588,12.5,286.28321446653547,233.7112306301294,0.0,0.0
150,6,6,23.589087942091016,388.3661324035705,3.4695544375512615,1.25,0.28007360591170144,water_focus,3.781844453499722,3.781844453499722,0.0,1.0,4.781844453499723,0.4781844453499723,5.977305566874653,5.977305566874653,1.1954611133749307,1.3392684190005366,0.4464228063335122,1.785691225334049,20.73858705414981,22.077855473150347,2.3213830452014403,5.977305566874653,140.99918667375638,116.06915226007202,0.0,0.0
151,6,7,20.07567018079004,389.5589256330035,3.635522418713121,1.25,0.2907310277425334,water_focus,5.4644141341968595,5.4644141341968595,0.0,1.0,6.4644141341968595,0.646441413419686,8.080517667746074,8.080517667746074,1.6161035335492144,1.8794057649884122,0.6264685883294707,2.505874353317883,29.376903135898313,31.256308900886726,3.1478377812056637,8.080517667746074,162.22180758771694,157.39188906028318,0.0,0.0
152,6,8,15.512536458665037,383.5321851966988,3.7069715715668017,1.25,0.3115433823947994,water_focus,2.2923097142853517,2.2923097142853517,0.0,1.0,3.2923097142853517,0.3292309714285352,4.115387142856689,4.115387142856689,0.8230774285713376,1.025697304279714,0.3418991014265713,1.3675964057062853,15.255623144561271,16.281320448840987,1.5783834238302248,4.115387142856689,63.840093095085734,78.91917119151124,0.0,0.0
153,6,9,19.4255140386618,362.81580025505156,4.889156654967454,1.25,0.34602491540767205,water_focus,2.203555657674902,0.9024116492230112,1.301144008451887,1.0,1.9024116492230112,0.19024116492230111,2.3780145615287642,2.3780145615287642,0.475602912305753,0.6582818299929624,0.2194272766643208,0.8777091066572832,11.62648571910787,12.284767549100833,0.8627812561592241,2.3780145615287642,46.19415524911919,43.1390628079612,0.0,0.6505720042259435
154,6,10,24.17917369988992,343.4807849286894,4.820837579623473,1.25,0.4055299279269858,water_focus,8.103970835623533,7.479609582835305,1.9255052612401151,1.0,8.479609582835305,0.8479609582835306,10.599511978544133,10.599511978544133,2.119902395708827,3.4387354629761795,1.146245154325393,4.584980617301572,51.0985256718347,54.537261134810876,3.640728694251384,10.599511978544133,256.28744126328246,182.03643471256922,0.0,0.9627526306200576
155,6,11,21.617708946958267,337.67183527840984,5.465168823288567,1.25,0.4234821387519071,water_focus,3.176782745376663,2.56858083537051,2.533707171246268,1.0,3.56858083537051,0.356858083537051,4.460726044213137,4.460726044213137,0.8921452088426274,1.511230244471771,0.5037434148239236,2.0149736592956944,24.378620906064977,25.88985115053675,1.5062615500236514,4.460726044213137,96.4306773159161,75.31307750118256,0.0,1.266853585623134
156,6,12,28.683325234072996,322.8220985418991,6.095350153101745,1.25,0.44162862272145537,water_focus,1.0912473885676415,0.48694216510263644,3.1380123947112732,1.0,1.4869421651026364,0.14869421651026365,1.8586777063782955,1.8586777063782955,0.3717355412756591,0.6566762204407363,0.21889207348024542,0.8755682939209817,11.329291442139745,11.985967662580482,0.6000222376860851,1.8586777063782955,53.313057157369485,30.001111884304255,0.0,1.5690061973556366
157,6,13,32.21684856839238,309.05016725770247,5.935237977686695,1.25,0.4886012299853056,water_focus,2.87587288802003,0.9614883638296539,5.052396918901649,1.0,1.9614883638296539,0.19614883638296537,2.4518604547870675,2.4518604547870675,0.49037209095741363,0.9583856271690334,0.31946187572301116,1.2778475028920446,14.552375287240375,15.510760914409408,0.7577478836444896,2.4518604547870675,78.99121698270463,37.88739418222448,0.0,2.5261984594508244
158,6,14,34.92021326485809,297.24640304976907,6.0727791899638195,1.25,0.4616485310907604,water_focus,0.5799319590940839,0.08262583580228011,5.549703042193453,1.0,1.08262583580228,0.108262583580228,1.35328229475285,1.35328229475285,0.27065645895057,0.4997926268190293,0.16659754227300977,0.6663901690920391,8.21818455772159,8.71797718454062,0.4022582944262221,1.35328229475285,47.25690634032607,20.112914721311103,0.0,2.7748515210967266
159,6,15,35.81130336504964,290.2586076903652,6.32857938747385,1.25,0.47370690864740406,water_focus,3.47631876927535,0.20470249515080763,8.821319316317995,1.0,1.2047024951508076,0.12047024951508076,1.5058781189385095,1.5058781189385095,0.3011756237877019,0.5706758948177033,0.19022529827256776,0.760901193090271,9.530069223562146,10.10074511837985,0.4370940861544779,1.5058781189385095,53.927458148097266,21.854704307723896,0.0,4.410659658158997
160,6,16,37.58242061399285,273.44946925142426,5.437882797220996,1.25,0.5144094461893036,water_focus,3.484317210339685,3.9840426909119038,8.321593835745777,1.0,4.984042690911904,0.4984042690911904,6.230053363639881,6.230053363639881,1.2460106727279765,2.563838640415839,0.854612880138613,3.418451520554452,33.87830001190611,36.44213865232195,1.7036047856953758,6.230053363639881,234.14048595993495,85.18023928476879,0.0,4.160796917872888
161,6,17,38.59523828849218,279.22158467846583,5.544381854822949,1.25,0.47132418756067546,water_focus,2.8148129595264897,0.0,11.136406795272267,1.0,1.0,0.1,1.25,1.25,0.25,0.47132418756067546,0.15710806252022516,0.6284322500809006,6.930477318528686,7.401801506089361,0.3490269808480823,1.25,48.244047860615225,17.451349042404114,0.0,5.568203397636133
162,6,18,45.77224564291605,254.3127280540067,5.852805899193011,1.25,0.4954238463715095,water_focus,4.5261005915911525,0.2924897632121253,15.370017623651293,1.0,1.2924897632121253,0.12924897632121252,1.6156122040151566,1.6156122040151566,0.3231224408030313,0.6403302498863527,0.21344341662878422,0.8537736665151369,9.45586463846813,10.096194888354482,0.41087074708044086,1.6156122040151566,73.95019866587474,20.543537354022043,0.0,7.6850088118256465
163,6,19,51.35805350924582,291.7435456915967,5.516424347240732,1.25,0.4231153251989396,water_focus,4.154987269189065,1.082515385215685,18.442489507624682,1.0,2.082515385215685,0.2082515385215685,2.6031442315196065,2.6031442315196065,0.5206288463039215,0.8811441744473295,0.2937147248157765,1.174858899263106,14.360048218134022,15.241192392581352,0.7594505280501567,2.6031442315196065,133.69242073466853,37.97252640250783,0.0,9.221244753812341
164,6,20,38.266362287215884,314.98473564905004,4.57744462972448,1.25,0.4002291286053397,water_focus,7.846538485191719,6.026805305116659,20.26222268769974,1.0,7.026805305116659,0.7026805305116659,8.783506631395824,8.783506631395824,1.756701326279165,2.8123321641462184,0.9374440547154061,3.7497762188616246,40.206015260032174,43.018347424178394,2.7666705143618917,8.783506631395824,336.1128469091558,138.3335257180946,0.0,10.13111134384987
165,6,21,42.11026052524173,310.5486738911543,4.193683810011487,1.25,0.3594669024911516,water_focus,3.1282033969855667,8.023706405953652,15.366719678731657,1.0,9.023706405953652,0.9023706405953652,11.279633007442065,11.279633007442065,2.2559266014884134,3.243723790737721,1.0812412635792403,4.324965054316961,47.30321432618097,50.54693811691869,3.502875072440026,11.279633007442065,474.98828457250124,175.1437536220013,0.0,7.683359839365829
166,6,22,38.585663314162005,320.7793288502639,4.218636993406714,1.25,0.3392025035082203,water_focus,4.00974799426556,1.2337271694271448,18.142740503570074,1.0,2.2337271694271448,0.2233727169427145,2.792158961783931,2.792158961783931,0.5584317923567861,0.7576858480240181,0.25256194934133935,1.0102477973653574,11.779105087653775,12.536790935677793,0.8956668778042989,2.792158961783931,107.73730561901489,44.783343890214944,0.0,9.071370251785037
167,6,23,36.57338455255805,313.384673905589,3.9249763026626874,1.25,0.2897138569558779,water_focus,3.540214137103841,3.078785216581081,18.604169424092834,1.0,4.078785216581081,0.4078785216581081,5.098481520726351,5.098481520726351,1.0196963041452705,1.1816805967903208,0.39389353226344026,1.575574129053761,20.01141914841455,21.193099745204872,1.597785968786499,5.098481520726351,186.46872529163582,79.88929843932495,0.0,9.302084712046417
168,7,0,33.40572994016874,382.6827506494525,3.678593019920615,1.25,0.24702070523004716,water_focus,0.0,2.0450498867855362,16.5591195373073,1.0,3.0450498867855362,0.30450498867855363,3.8063123584819203,3.8063123584819203,0.7612624716963841,0.7521903704944384,0.2507301234981461,1.0029204939925844,14.001874073549166,14.754064444043603,1.456610083174866,3.8063123584819203,127.15264271537377,72.83050415874331,0.0,8.27955976865365
169,7,1,32.48373766691273,370.79643712671344,3.10022179916093,1.25,0.26147916936239285,water_focus,0.0,3.7990326576092013,12.760086879698097,1.0,4.799032657609201,0.47990326576092013,5.998790822011502,5.998790822011502,1.1997581644023008,1.2548470730546506,0.41828235768488353,1.6731294307395341,18.597582075006574,19.852429148061226,2.2243302638702933,5.998790822011502,194.86314738090542,111.21651319351467,0.0,6.380043439849048
170,7,2,23.323203325835966,384.7002799230951,2.927005659340837,1.25,0.2742902638334984,water_focus,0.0,5.371194614695522,7.388892265002576,1.0,6.371194614695522,0.6371194614695522,7.963993268369403,7.963993268369403,1.5927986536738805,1.747556651799399,0.582518883933133,2.330075535732532,23.31065336746957,25.05821001926897,3.0637504396473543,7.963993268369403,185.7458342837685,153.1875219823677,0.0,3.694446132501288
171,7,3,27.86431367297777,394.1413047014736,3.171211436416745,1.25,0.23604533002448105,water_focus,0.0,0.0,7.388892265002576,1.0,1.0,0.1,1.25,1.25,0.25,0.23604533002448105,0.07868177667482702,0.3147271066993081,3.964014295520931,4.200059625545412,0.49267663087684194,1.25,34.83039209122221,24.633831543842096,0.0,3.694446132501288
172,7,4,24.580736043553408,400.4923017969366,2.8777743616477958,1.25,0.23780334891885377,water_focus,0.0,7.388892265002576,0.0,1.0,8.388892265002575,0.8388892265002574,10.486115331253218,10.486115331253218,2.0972230662506437,1.9949066743370807,0.6649688914456936,2.6598755657827744,30.176673853562395,32.17158052789948,4.199608465921748,10.486115331253218,257.75643307979396,209.9804232960874,0.0,0.0
173,7,5,21.47576293248946,370.0117260969643,3.1924114778357215,1.25,0.2558781202559459,water_focus,0.0,0.0,0.0,1.0,1.0,0.1,1.25,1.25,0.25,0.2558781202559459,0.08529270675198197,0.3411708270079279,3.990514347294652,4.2463924675505975,0.4625146576212054,1.25,26.844703665611824,23.12573288106027,0.0,0.0
174,7,6,22.353612676192387,399.05212644967963,3.6310324054944427,1.25,0.2807290665562335,water_focus,0.0,0.0,0.0,1.0,1.0,0.1,1.25,1.25,0.25,0.2807290665562335,0.09357635551874449,0.37430542207497797,4.538790506868054,4.819519573424287,0.49881515806209953,1.25,27.942015845240483,24.940757903104977,0.0,0.0
175,7,7,23.890052966437164,383.2490145265911,3.575295740387625,1.25,0.30039350879956583,water_focus,0.0,0.0,0.0,1.0,1.0,0.1,1.25,1.25,0.25,0.30039350879956583,0.10013116959985528,0.40052467839942113,4.4691196754845315,4.769513184284097,0.47906126815823885,1.25,29.862566208046456,23.95306340791194,0.0,0.0
176,7,8,20.527072732192405,376.21917291664397,4.078447506377595,1.25,0.3189069868597908,water_focus,0.0,0.0,0.0,1.0,1.0,0.1,1.25,1.25,0.25,0.3189069868597908,0.1063023289532636,0.4252093158130544,5.098059382971993,5.416966369831783,0.4702739661458049,1.25,25.658840915240507,23.513698307290245,0.0,0.0
177,7,9,20.878869992152715,353.46769226918934,4.615820164766187,1.25,0.3475869186755469,water_focus,0.0,0.0,0.0,1.0,1.0,0.1,1.25,1.25,0.25,0.3475869186755469,0.1158623062251823,0.4634492249007292,5.769775205957734,6.1173621246332806,0.44183461533648666,1.25,26.098587490190894,22.091730766824334,0.0,0.0
178,7,10,25.651032909415058,339.2810058911305,5.000102864820907,1.25,0.36693564947477847,water_focus,0.0,0.0,0.0,1.0,1.0,0.1,1.25,1.25,0.25,0.36693564947477847,0.12231188315825949,0.48924753263303794,6.250128581026134,6.617064230500913,0.42410125736391313,1.25,32.06379113676882,21.205062868195657,0.0,0.0
179,7,11,27.860356423076297,351.86440344311876,5.688150283474426,1.25,0.4499552909631199,water_focus,0.0,0.0,0.0,1.0,1.0,0.1,1.25,1.25,0.25,0.4499552909631199,0.14998509698770665,0.5999403879508266,7.1101878543430335,7.560143145306153,0.4398305043038985,1.25,34.82544552884537,21.991525215194923,0.0,0.0
0,0,0,34.74299218011643,338.23909157554414,3.3912457076783284,1.25,0.24231772833931373,balanced,6.0935727126268535,0.9604565842884755,5.133116128338379,1.0,1.9604565842884756,0.19604565842884755,2.4505707303605946,2.4505707303605946,0.490114146072119,0.47505338601263375,0.15835112867087792,0.6334045146835117,8.310487470697513,8.785540856710147,0.8288788176787852,2.4505707303605946,85.14015972174035,41.44394088393926,0.0,2.5665580641691896
1,0,1,30.86217899333479,376.24454095587237,3.3281435877315406,1.25,0.2677101411597562,balanced,6.141620860487594,1.8783626960029562,9.396374292823017,1.0,2.8783626960029562,0.2878362696002956,3.597953370003695,3.597953370003695,0.719590674000739,0.7705668836559278,0.2568556278853093,1.0274225115412372,11.974505437334885,12.745072320990813,1.3537103140776745,3.597953370003695,111.04068091472615,67.68551570388372,0.0,4.698187146411509
2,0,2,29.259391459594916,384.4186402480886,3.0557361010774287,1.25,0.230892297901671,balanced,2.8935924467007226,0.38121080690023357,11.908755932623507,1.0,1.3812108069002336,0.13812108069002335,1.7265135086252918,1.7265135086252918,0.3453027017250583,0.3189109370918161,0.10630364569727203,0.42521458278908814,5.275769657304161,5.594680594395977,0.6637039753556913,1.7265135086252918,50.51673460914612,33.18519876778456,0.0,5.954377966311753
3,0,3,27.7057763169465,407.05495405690675,2.929845499607163,1.25,0.2197774276342323,balanced,1.9302445335195726,0.20413531578936617,13.634865150353713,1.0,1.2041353157893662,0.12041353157893661,1.5051691447367077,1.5051691447367077,0.30103382894734154,0.2646417622277209,0.08821392074257363,0.3528556829702945,4.409913044854406,4.674554807082127,0.6126865570586743,1.5051691447367077,41.701879643244894,30.634327852933712,0.0,6.8174325751768565
4,0,4,23.687402215799906,400.7834484173449,2.863299740207103,1.25,0.2399478660343795,balanced,3.458241144886984,7.719011053230263,9.374095242010435,1.0,8.719011053230263,0.8719011053230263,10.898763816537828,10.898763816537828,2.1797527633075653,2.0921080961527694,0.6973693653842564,2.7894774615370257,31.20642760447134,33.29853570062411,4.368044145878215,10.898763816537828,258.163402177338,218.40220729391072,0.0,4.687047621005218
5,0,5,24.146361669893984,351.0622583539308,3.2671966558174694,1.25,0.24691343964428297,balanced,2.0861926236389676,9.0,2.460287865649402,1.0,10.0,1.0,12.5,12.5,2.5,2.4691343964428296,0.8230447988142765,3.292179195257106,40.83995819771837,43.3090925941612,4.388278229424135,12.5,301.8295208736748,219.41391147120677,0.0,1.230143932824701
6,0,6,20.60264774927926,414.12910808976164,3.514293179410862,1.25,0.2528534522187247,balanced,3.5134612267486336,2.488778824100919,3.4849702682971158,1.0,3.488778824100919,0.3488778824100919,4.360973530126149,4.360973530126149,0.8721947060252297,0.8821497697015002,0.2940499232338334,1.1761996929353336,15.325739532513634,16.207889302215133,1.8060060784342014,4.360973530126149,89.84760148511992,90.30030392171007,0.0,1.7424851341485579
7,0,7,18.70714224362101,379.23931257163173,3.8402989766371136,1.25,0.28466784842128495,balanced,5.3324774934207015,8.817447761717816,0.0,1.0,9.817447761717816,0.9817447761717816,12.27180970214727,12.27180970214727,2.454361940429454,2.7947117313165704,0.9315705771055235,3.726282308422094,47.12741824064156,49.92212997195813,4.653952675452211,12.27180970214727,229.57048968471736,232.69763377261054,0.0,0.0
8,0,8,26.091617762000755,361.6162967832276,3.748191303533412,1.25,0.34875188567576326,balanced,3.767619786016862,1.0748823493335327,2.6927374366833297,1.0,2.0748823493335324,0.20748823493335325,2.5936029366669153,2.5936029366669153,0.5187205873333829,0.7236191318854271,0.24120637729514238,0.9648255091805695,9.721319972033651,10.444939103919078,0.9378890892835938,2.5936029366669153,67.67129644991581,46.89445446417969,0.0,1.3463687183416648
9,0,9,26.526129733981534,352.0469236988559,4.373101385551462,1.25,0.35620217959827966,balanced,3.87805769005383,1.35659239256703,5.214202734170131,1.0,2.35659239256703,0.235659239256703,2.9457404907087876,2.9457404907087876,0.5891480981417576,0.8394233466571008,0.27980778221903363,1.1192311288761345,12.882021821393643,13.721445168050744,1.037038877769187,2.9457404907087876,78.13909441918372,51.85194388845935,0.0,2.6071013670850656
10,0,10,20.959705442156928,331.29544998959364,4.844565046362493,1.25,0.42022188176075315,balanced,3.4252432016679504,8.639445935838081,0.0,1.0,9.639445935838081,0.9639445935838081,12.049307419797602,12.049307419797602,2.4098614839595207,4.050706110288923,1.3502353700963077,5.400941480385231,58.3736535588277,62.42435966911662,3.9918807237047957,12.049307419797602,252.54993430095365,199.5940361852398,0.0,0.0
11,0,11,24.132654817199708,308.38304917810575,5.54903844638694,1.25,0.43538461173988197,balanced,2.593948053561122,2.593948053561122,0.0,1.0,3.593948053561122,0.3593948053561122,4.492435066951402,4.492435066951402,0.8984870133902803,1.5647496779130137,0.5215832259710046,2.0863329038840184,24.928694904410218,26.49344458232323,1.3853908241811212,4.492435066951402,108.41438475942165,69.26954120905606,0.0,0.0
12,0,12,27.132331796012277,318.14967898680953,5.389146210336698,1.25,0.4699650647370757,balanced,4.076985694706639,4.076985694706639,0.0,1.0,5.076985694706639,0.5076985694706639,6.346232118383299,6.346232118383299,1.2692464236766599,2.3860059106820133,0.7953353035606711,3.1813412142426842,34.20077277070239,36.58677868138441,2.0190517112394266,6.346232118383299,172.18807549048555,100.95258556197133,0.0,0.0
13,0,13,33.20796803108223,304.6959720456946,6.034441235609848,1.25,0.4529109768152356,balanced,2.881416261135473,2.7148267281689167,0.16658953296655638,1.0,3.7148267281689167,0.3714826728168917,4.643533410211146,4.643533410211146,0.928706682042229,1.6824858021543299,0.5608286007181099,2.2433144028724397,28.02112948951016,29.703615291664487,1.414865926150944,4.643533410211146,154.202309037554,70.7432963075472,0.0,0.08329476648327819
14,0,14,35.63969282294896,315.1797936780258,5.628322783678261,1.25,0.48938470615585,balanced,1.966538072045398,1.3814721289099086,0.7516554761020457,1.0,2.3814721289099086,0.23814721289099086,2.976840161137386,2.976840161137386,0.5953680322274773,1.1654560380249221,0.38848534600830736,1.5539413840332295,16.754617302298012,17.920073340322933,0.9382398677997423,2.976840161137386,106.0936689259543,46.91199338998712,0.0,0.3758277380510229
15,0,15,36.40424759619202,316.2304244511893,6.112011376316207,1.25,0.5330809159775731,balanced,4.133211270342212,3.2827463185154437,1.6021204279288153,1.0,4.282746318515444,0.42827463185154435,5.3534328981443045,5.3534328981443045,1.0706865796288607,2.2830503303737917,0.7610167767912639,3.0440671071650556,32.720242775803435,35.003293106177225,1.692918357651134,5.3534328981443045,194.88769671364508,84.6459178825567,0.0,0.8010602139644076
16,0,16,39.09878570173301,313.3086439581555,5.961702536234206,1.25,0.5125969391341613,balanced,2.9462144652640516,1.1782376434784432,3.3700972497144237,1.0,2.178237643478443,0.2178237643478443,2.722797054348054,2.722797054348054,0.5445594108696108,1.1165579487538584,0.3721859829179528,1.4887439316718112,16.232506104557817,17.349064053311675,0.853075852871049,2.722797054348054,106.45805853726445,42.65379264355245,0.0,1.6850486248572119
17,0,17,42.25227604096119,293.537137906805,6.043605236905051,1.25,0.4952226878242447,balanced,1.3467556890732881,0.0,4.716852938787712,1.0,1.0,0.1,1.25,1.25,0.25,0.4952226878242447,0.16507422927474824,0.660296917098993,7.5545065461313134,8.049729233955558,0.3669214223835063,1.25,52.81534505120149,18.346071119175313,0.0,2.358426469393856
18,0,18,42.69223529565819,303.38085493277896,5.9875252317057415,1.25,0.45011010508400123,balanced,3.4068958766800024,2.0374441954566405,6.086304620011074,1.0,3.0374441954566405,0.30374441954566406,3.7968052443208005,3.7968052443208005,0.75936104886416,1.367184326003778,0.45572810866792596,1.8229124346717038,22.733467200243474,24.10065152624725,1.1518780210353032,3.7968052443208005,162.09410286233262,57.59390105176516,0.0,3.043152310005537
19,0,19,45.50285338001403,299.3595081395504,5.8944843889503975,1.25,0.42960881309019144,balanced,4.4702974192960765,1.6926227314205509,8.863979307886597,1.0,2.692622731420551,0.2692622731420551,3.3657784142756886,3.3657784142756886,0.6731556828551377,1.1567744557452522,0.3855914852484174,1.5423659409936696,19.83952831961427,20.996302775359524,1.007577770604286,3.3657784142756886,153.1525216944028,50.378888530214304,0.0,4.431989653943298
20,0,20,45.95123969845251,320.74309453117075,4.5022187971907615,1.25,0.39648146968081355,balanced,3.9118532341902736,3.092522396615875,9.683310145460998,1.0,4.092522396615875,0.4092522396615875,5.115652995769844,5.115652995769844,1.0231305991539692,1.6226092945119075,0.5408697648373025,2.16347905934921,23.031789077460225,24.654398371972132,1.640810372410874,5.115652995769844,235.0705970227268,82.04051862054371,0.0,4.841655072730499
21,0,21,43.29018090616964,282.5695392482021,4.575531395260778,1.25,0.39016825690653484,balanced,8.612556112208248,4.896939063945027,13.398927193724223,1.0,5.896939063945027,0.5896939063945027,7.3711738299312834,7.3711738299312834,1.4742347659862567,2.3007984356634843,0.7669328118878281,3.0677312475513125,33.727037278775214,36.027835714438694,2.082869192842088,7.3711738299312834,319.09944858854857,104.1434596421044,0.0,6.6994635968621115
22,0,22,38.232495604581786,305.44755415542363,4.557929245078421,1.25,0.3569038143830891,balanced,6.594917668311686,5.929384641434435,14.064460220601475,1.0,6.929384641434435,0.6929384641434435,8.661730801793045,8.661730801793045,1.7323461603586097,2.473123809855544,0.8243746032851814,3.2974984131407257,39.47955613448908,41.952679944344624,2.645704488160382,8.661730801793045,331.1595848076233,132.2852244080191,0.0,7.032230110300738
23,0,23,40.784581653678785,342.5430969543512,4.017358310665882,1.25,0.3236245090957713,balanced,4.225825080608613,0.5876338482166434,17.702651452993447,1.0,1.5876338482166434,0.15876338482166436,1.9845423102708044,1.9845423102708044,0.39690846205416097,0.5137972247529415,0.17126574158431385,0.6850629663372554,7.972617543034485,8.486414767787426,0.6797912689971042,1.9845423102708044,80.93872789841996,33.98956344985521,0.0,8.851325726496723
24,1,0,29.329176825770073,356.85223067868276,3.251989176119388,1.25,0.26986594041268175,balanced,4.571167820135017,7.899934276430161,14.373884996698301,1.0,8.899934276430162,0.8899934276430163,11.124917845537702,11.124917845537702,2.2249835691075397,2.401789133119886,0.8005963777066287,3.202385510826515,36.178112418906025,38.57990155202591,3.9699517492972145,11.124917845537702,326.2846826639403,198.49758746486071,0.0,7.1869424983491506
25,1,1,30.10767287541114,374.8694525005942,3.2375783555332576,1.25,0.2741915835624083,balanced,2.09594399650622,0.6206270891237184,15.849201904080797,1.0,1.6206270891237184,0.16206270891237184,2.025783861404648,2.025783861404648,0.4051567722809297,0.4443623079309686,0.14812076931032286,0.5924830772412915,6.558633982672274,7.002996290603242,0.7594044870093001,2.025783861404648,60.99163781545837,37.970224350465,0.0,7.924600952040398
26,1,2,25.907656980308477,370.44894934193184,3.049189888015882,1.25,0.24244246808117773,balanced,4.096011420462302,5.700965206603216,14.244248117939883,1.0,6.700965206603216,0.6700965206603217,8.37620650825402,8.37620650825402,1.6752413016508036,1.6245985432149828,0.5415328477383275,2.16613139095331,25.540644184900977,27.16524272811596,3.1029569004537536,8.37620650825402,217.00788501207256,155.14784502268768,0.0,7.122124058969941
27,1,3,27.01767644548757,387.8278594430195,2.8779119819864563,1.25,0.2546919309231719,balanced,3.4535780255363138,0.0,17.697826143476195,1.0,1.0,0.1,1.25,1.25,0.25,0.2546919309231719,0.08489731030772396,0.33958924123089584,3.59738997748307,3.852081908406242,0.4847848243037744,1.25,33.77209555685946,24.23924121518872,0.0,8.848913071738098
28,1,4,21.840230353518823,406.8421439607075,2.86566950297085,1.25,0.2392360435631739,balanced,7.881255727867468,8.524593423088115,17.054488448255544,1.0,9.524593423088115,0.9524593423088115,11.905741778860143,11.905741778860143,2.3811483557720283,2.2786260470874278,0.7595420156958093,3.038168062783237,34.11792112592543,36.396547173012856,4.8437575107540285,11.905741778860143,260.02414297981846,242.18787553770142,0.0,8.527244224127772
29,1,5,17.32561472301344,394.34191003222344,3.191817128009179,1.25,0.2470128611674213,balanced,5.113594983081706,9.0,13.168083431337251,1.0,10.0,1.0,12.5,12.5,2.5,2.470128611674213,0.8233762038914043,3.2935048155656172,39.89771410011474,42.36784271178895,4.929273875402793,12.5,216.570184037668,246.46369377013966,0.0,6.584041715668626
30,1,6,18.983505194788222,371.23519390921496,3.4836201331344117,1.25,0.26861204440916897,balanced,2.631561086010114,9.0,6.799644517347362,1.0,10.0,1.0,12.5,12.5,2.5,2.6861204440916895,0.8953734813638965,3.581493925455586,43.54525166418014,46.231372108271835,4.640439923865187,12.5,237.29381493485278,232.02199619325933,0.0,3.399822258673681
31,1,7,19.449758694932154,376.79464590233954,3.4400977178449006,1.25,0.2882802184096421,balanced,2.200355482652638,9.0,0.0,1.0,10.0,1.0,12.5,12.5,2.5,2.8828021840964206,0.9609340613654735,3.843736245461894,43.00122147306126,45.88402365715768,4.709933073779244,12.5,243.12198368665193,235.49665368896223,0.0,0.0
32,1,8,15.566948480551224,394.9959803546548,4.007974714644673,1.25,0.32181818931686085,balanced,4.952324941971786,4.952324941971786,0.0,1.0,5.952324941971786,0.5952324941971786,7.440406177464732,7.440406177464732,1.4880812354929462,1.915566435050949,0.638522145016983,2.554088580067932,29.820959825964675,31.736526261015623,2.938930532304512,7.440406177464732,115.82441963896855,146.9465266152256,0.0,0.0
33,1,9,17.94709260054335,383.48708768403986,4.1207176060775845,1.25,0.3597031302156655,balanced,1.6114599242540146,1.6114599242540146,0.0,1.0,2.6114599242540146,0.2611459924254015,3.264324905317518,3.264324905317518,0.6528649810635034,0.9393503091869339,0.31311676972897795,1.2524670789159118,13.451361109299441,14.390711418486374,1.2518264511946942,3.264324905317518,58.5851413539934,62.59132255973471,0.0,0.0
34,1,10,17.276276422074158,364.1330079854565,4.9855918332440465,1.25,0.40998257360960144,balanced,4.3295821163178765,4.3295821163178765,0.0,1.0,5.3295821163178765,0.5329582116317877,6.661977645397346,6.661977645397346,1.3323955290794691,2.185035792311709,0.7283452641039031,2.9133810564156124,33.21390134214741,35.39893713445912,2.4258459591504042,6.661977645397346,115.09416731956328,121.29229795752022,0.0,0.0
35,1,11,24.652777400499033,342.10501209702784,5.29589651428453,1.25,0.43780511239414044,balanced,2.0947700983809554,2.0947700983809554,0.0,1.0,3.0947700983809554,0.30947700983809556,3.8684626229761943,3.8684626229761943,0.7736925245952389,1.3549061707556993,0.45163539025189975,1.806541561007599,20.486977720659617,21.841883891415318,1.3234204524301711,3.8684626229761943,95.36834792638274,66.17102262150856,0.0,0.0
36,1,12,28.211652602195024,331.8977541351679,5.573296317941721,1.25,0.40894842359652545,balanced,3.6920987116638297,0.7184893551985116,2.973609356465318,1.0,1.7184893551985116,0.17184893551985117,2.1481116939981395,2.1481116939981395,0.42962233879962786,0.7027735127758408,0.23425783759194693,0.9370313503677877,11.972062994687384,12.674836507463224,0.7129534468694735,2.1481116939981395,60.60178086178817,35.64767234347367,0.0,1.486804678232659
37,1,13,32.87699795414426,295.12555148476537,6.081459419144807,1.25,0.4730648584174556,balanced,1.5989082577208975,1.2023749995701893,3.370142614616026,1.0,2.202374999570189,0.2202374999570189,2.7529687494627364,2.7529687494627364,0.5505937498925473,1.0418662173538153,0.34728873911793845,1.3891549564717538,16.742067732031458,17.783933949385272,0.8124714204055149,2.7529687494627364,90.50934794390946,40.62357102027575,0.0,1.685071307308013
38,1,14,37.851778150647704,286.65159403842875,5.857508774887299,1.25,0.5100686897238822,balanced,9.107736250735325,7.1675209840494025,5.3103578813019485,1.0,8.167520984049403,0.8167520984049403,10.209401230061754,10.209401230061754,2.041880246012351,4.165996726626392,1.3886655755421307,5.554662302168523,59.801657291431916,63.967654018058305,2.9265411367750973,10.209401230061754,386.4439904112473,146.32705683875486,0.0,2.6551789406509743
39,1,15,41.77374360465305,310.7787331988751,6.35401977834836,1.25,0.46933200074947723,balanced,2.0267672705144384,0.2753139361883886,7.061811215628007,1.0,1.2753139361883887,0.12753139361883886,1.594142420235486,1.594142420235486,0.3188284840470972,0.5985456412549877,0.19951521375166256,0.7980608550066502,10.1292124676804,10.727758108935388,0.49542556189937315,1.594142420235486,66.59329673221826,24.771278094968658,0.0,3.5309056078140033
40,1,16,37.977904484183114,301.6445103984473,6.492108134543723,1.25,0.4661339865330743,balanced,7.581820459564508,1.8238272599147303,12.819804415277783,1.0,2.8238272599147303,0.282382725991473,3.5297840748934126,3.5297840748934126,0.7059568149786823,1.316281857944821,0.4387606193149403,1.7550424772597613,22.915739905798414,24.232021763743234,1.0647399890834597,3.5297840748934126,134.05380244609267,53.23699945417298,0.0,6.409902207638892
41,1,17,41.33408597129272,295.2269522898965,6.270983949179384,1.25,0.45293562111795577,balanced,5.550921844144474,0.8366446957296794,17.534081563692567,1.0,1.8366446957296794,0.18366446957296795,2.2958058696620993,2.2958058696620993,0.45916117393241995,0.8318818060333212,0.2772939353444404,1.1091757413777616,14.396961759082842,15.228843565116163,0.6777837699495969,2.2958058696620993,94.89503719001166,33.88918849747984,0.0,8.767040781846283
42,1,18,42.73217070350522,283.78726512976414,5.907661711198355,1.25,0.47835025591276126,balanced,3.922060371514352,1.1258241846620907,20.330317750544943,1.0,2.1258241846620907,0.21258241846620907,2.657280230827613,2.657280230827613,0.5314560461655224,1.016888542758648,0.33896284758621603,1.3558513903448641,15.698312675584617,16.715201218343264,0.7541022893899567,2.657280230827613,113.55135243077531,37.705114469497836,0.0,10.165158875272471
43,1,19,46.924094164580225,292.8923147403553,5.397052493370192,1.25,0.4304654882638365,balanced,6.951432550462077,3.077026022729305,24.204724278277716,1.0,4.077026022729305,0.4077026022729305,5.096282528411631,5.096282528411631,1.0192565056823266,1.7550189975385375,0.5850063325128458,2.3400253300513834,27.504904326882944,29.259923324421482,1.4926619863173132,5.096282528411631,239.13844125249238,74.63309931586566,0.0,12.102362139138858
44,1,20,42.64183069147141,309.0951362487217,4.949101090801178,1.25,0.3915933319573299,balanced,6.132144257676194,6.396267413988854,23.940601121965052,1.0,7.396267413988854,0.7396267413988854,9.245334267486067,9.245334267486067,1.849066853497213,2.8963290006913196,0.9654430002304398,3.8617720009217593,45.7560939080368,48.65242290872812,2.8576878550735816,9.245334267486067,394.2379785201997,142.88439275367907,0.0,11.970300560982526
45,1,21,39.880702872298386,300.18855099352373,4.813761659691274,1.25,0.36173652146982,balanced,1.6022597925088027,4.269110920155503,21.27374999431835,1.0,5.269110920155503,0.5269110920155503,6.58638865019438,6.58638865019438,1.3172777300388763,1.9060298554956943,0.6353432851652314,2.5413731406609257,31.705305160131463,33.611335015627155,1.9771584651820415,6.58638865019438,262.6698087598805,98.85792325910208,0.0,10.636874997159175
46,1,22,39.68684186004968,326.7118850084439,4.071339359875408,1.25,0.3235033217527686,balanced,7.736098087243605,3.567614214826179,25.44223386673578,1.0,4.567614214826179,0.4567614214826179,5.709517768532724,5.709517768532724,1.1419035537065447,1.4776383709814327,0.49254612366047756,1.9701844946419103,23.245384416935284,24.723022787916715,1.8653673126465304,5.709517768532724,226.59272877690194,93.26836563232652,0.0,12.72111693336789
47,1,23,38.09619204547566,334.9271111260623,3.769445541080593,1.25,0.31635963280846374,balanced,2.9486188129704,1.1357990925860975,27.25505358712008,1.0,2.1357990925860975,0.21357990925860976,2.669748865732622,2.669748865732622,0.5339497731465244,0.6756806166831878,0.22522687222772927,0.9009074889109171,10.063472957740801,10.73915357442399,0.8941712750319086,2.669748865732622,101.70726550214077,44.708563751595435,0.0,13.62752679356004
48,2,0,36.13529701292455,348.55128571215715,3.611925846151606,1.25,0.2991159440232808,balanced,2.92342403837091,6.775785353942675,23.402692271548318,1.0,7.775785353942675,0.7775785353942675,9.719731692428343,9.719731692428343,1.9439463384856683,2.325861376666964,0.7752871255556547,3.101148502222619,35.106950117540826,37.43281149420779,3.3878249781731,9.719731692428343,351.225391591834,169.391248908655,0.0,11.701346135774159
49,2,1,34.03781316408691,373.53531084548706,3.184820985482625,1.25,0.2431680749562418,balanced,5.277145729864036,2.9441179962274195,25.735720005184934,1.0,3.9441179962274195,0.394411799622742,4.930147495284275,4.930147495284275,0.9860294990568552,0.9590835805428913,0.31969452684763044,1.2787781073905218,15.701637204505959,16.66072078504885,1.841584177165111,4.930147495284275,167.8114393158772,92.07920885825554,0.0,12.867860002592467
50,2,2,23.697909452048414,373.7895370749367,3.0981167217699332,1.25,0.2472065362288194,balanced,2.173455247426034,9.0,18.909175252610968,1.0,10.0,1.0,12.5,12.5,2.5,2.4720653622881943,0.8240217874293981,3.2960871497175925,38.72645902212417,41.19852438441236,4.672369213436708,12.5,296.2238681506052,233.6184606718354,0.0,9.454587626305484
51,2,3,26.86165159277649,381.4025657031963,3.0470308743862,1.25,0.23844348796425824,balanced,2.34520315675444,0.5214873924697689,20.73289101689564,1.0,1.521487392469769,0.1521487392469769,1.9018592405872112,1.9018592405872112,0.3803718481174423,0.362788760754136,0.12092958691804534,0.48371834767218136,5.7950238248059245,6.157812585560061,0.7253739939662949,1.9018592405872112,51.08708029915615,36.26869969831474,0.0,10.36644550844782
52,2,4,20.359797890465966,363.48031317131637,2.8718472007464464,1.25,0.2382233920380985,balanced,2.824059081394825,9.0,14.556950098290464,1.0,10.0,1.0,12.5,12.5,2.5,2.382233920380985,0.7940779734603284,3.1763118938413135,35.89809000933058,38.280323929711564,4.543503914641454,12.5,254.49747363082457,227.17519573207272,0.0,7.278475049145232
53,2,5,19.523809754341467,370.18359509540807,3.1556008067626076,1.25,0.2610556865159948,balanced,2.256346179734112,9.0,7.813296278024577,1.0,10.0,1.0,12.5,12.5,2.5,2.610556865159948,0.8701856217199827,3.480742486879931,39.4450100845326,42.05556694969255,4.627294938692601,12.5,244.04762192926833,231.36474693463006,0.0,3.9066481390122885
54,2,6,21.084170223923458,385.37696261992323,3.465926401918555,1.25,0.2666274505643383,balanced,5.757687963946233,9.0,4.570984241970809,1.0,10.0,1.0,12.5,12.5,2.5,2.6662745056433828,0.8887581685477942,3.555032674191177,43.324080023981935,45.99035452962532,4.81721203274904,12.5,263.5521277990432,240.86060163745202,0.0,2.2854921209854044
55,2,7,21.692507397531987,374.02034341296627,3.7659839348529838,1.25,0.29173718428572704,balanced,3.7285889473941416,8.299573189364951,0.0,1.0,9.299573189364951,0.9299573189364951,11.624466486706188,11.624466486706188,2.3248932973412373,2.713031297324369,0.9043437657747897,3.617375063099159,43.77755404017241,46.49058533749678,4.347786947350366,11.624466486706188,252.16382525523665,217.38934736751833,0.0,0.0
56,2,8,20.76153413956164,380.4398280137825,4.340819163307936,1.25,0.3268786965409923,balanced,6.333712628284772,1.3883871873202898,4.945325440964483,1.0,2.3883871873202898,0.23883871873202897,2.9854839841503624,2.9854839841503624,0.5970967968300727,0.7807128906264631,0.260237630208821,1.040950520835284,12.95944609014882,13.740158980775282,1.1357970134680662,2.9854839841503624,61.98322766005225,56.78985067340331,0.0,2.4726627204822416
57,2,9,18.672228444500906,352.53110581292947,4.493288806362719,1.25,0.3225060069030072,balanced,2.9476026698382007,7.892928110802684,0.0,1.0,8.892928110802684,0.8892928110802684,11.116160138503355,11.116160138503355,2.2232320277006714,2.8680227346904767,0.9560075782301589,3.8240303129206357,49.94811792007258,52.81614065476306,3.918792226020195,11.116160138503355,207.56348153178948,195.93961130100973,0.0,0.0
58,2,10,23.80756486738559,374.41182610215554,5.302395926665025,1.25,0.38800041219110964,balanced,6.655109313262466,6.655109313262466,0.0,1.0,7.655109313262466,0.7655109313262466,9.568886641578082,9.568886641578082,1.913777328315616,2.970185568913839,0.990061856304613,3.960247425218452,50.738025551023,53.70821111993684,3.582704321237772,9.568886641578082,227.81188942802964,179.1352160618886,0.0,0.0
59,2,11,26.898925329161525,338.9447008816786,5.4793338670988865,1.25,0.4357948092820367,balanced,7.939725150826583,4.418451808407152,3.5212733424194314,1.0,5.418451808407152,0.5418451808407152,6.77306476050894,6.77306476050894,1.354612952101788,2.3613331724487017,0.7871110574829006,3.1484442299316022,37.111883126310644,39.47321629875935,2.295694409302941,6.77306476050894,182.18816324250525,114.78472046514705,0.0,1.7606366712097157
60,2,12,32.62127215688075,335.9203817498904,5.870823711184877,1.25,0.48569643549464203,balanced,3.6685102972039654,0.0,7.189783639623396,1.0,1.0,0.1,1.25,1.25,0.25,0.48569643549464203,0.16189881183154733,0.6475952473261893,7.338529638981096,7.824226074475738,0.419900477187363,1.25,40.77659019610094,20.99502385936815,0.0,3.594891819811698
61,2,13,31.666480754088894,315.13207989432834,5.43436197048442,1.25,0.41865537871895003,balanced,3.5975813113762585,5.16530298053842,5.6220619704612345,1.0,6.16530298053842,0.616530298053842,7.706628725673025,7.706628725673025,1.5413257451346052,2.581137254234384,0.8603790847447946,3.4415163389791785,41.880610067440294,44.46174732167468,2.4286059392947177,7.706628725673025,244.04181022043346,121.43029696473589,0.0,2.8110309852306172
62,2,14,35.25373406407225,307.420816029834,5.9814557800513235,1.25,0.5065127719662796,balanced,1.7007893369705174,0.4947562947105397,6.828095012721221,1.0,1.4947562947105397,0.14947562947105397,1.8684453683881745,1.8684453683881745,0.3736890736776348,0.7571131542478807,0.2523710514159602,1.009484205663841,11.17602334845557,11.933136502703451,0.5743989998570564,1.8684453683881745,65.8696761304042,28.719949992852822,0.0,3.4140475063606104
63,2,15,33.574317944931636,273.2946813010015,6.135536122357285,1.25,0.45482535798588175,balanced,2.3213282969421303,1.2576930100195867,7.891730299643764,1.0,2.2576930100195867,0.22576930100195866,2.8221162625244833,2.8221162625244833,0.5644232525048967,1.0268560315043813,0.34228534383479375,1.369141375339175,17.315196270210905,18.342052301715285,0.7712693645610021,2.8221162625244833,94.75062867555916,38.563468228050105,0.0,3.945865149821882
64,2,16,39.38648199501125,272.3733130651063,6.243779786383809,1.25,0.5194122463476096,balanced,4.925146022084942,0.39149441232130344,12.425381909407411,1.0,1.3914944123213036,0.13914944123213036,1.7393680154016296,1.7393680154016296,0.347873603080326,0.7227592384839552,0.2409197461613184,0.9636789846452736,10.860230855647217,11.582990094131173,0.47375742899442064,1.7393680154016296,68.50758702131473,23.687871449721033,0.0,6.212690954703706
65,2,17,40.5213954771597,263.1214109886968,5.924952960393795,1.25,0.4828596962186916,balanced,2.4372464140337398,1.2647807729390692,13.597847550502081,1.0,2.264780772939069,0.22647807729390693,2.8309759661738365,2.8309759661738365,0.5661951932347673,1.0935713560232925,0.3645237853410975,1.45809514136439,16.773399431585357,17.86697078760865,0.7448903906947492,2.8309759661738365,114.71509671166432,37.24451953473746,0.0,6.7989237752510405
66,2,18,40.72973376259421,256.4208642671392,5.586832267392871,1.25,0.44608558303189827,balanced,1.8402000163142027,2.5843407486635135,12.85370681815277,1.0,3.5843407486635135,0.35843407486635137,4.480425935829392,4.480425935829392,0.8960851871658786,1.5989227326525541,0.532974244217518,2.131896976870072,25.031388189955546,26.6303109226081,1.148874690750279,4.480425935829392,182.48655550935314,57.44373453751395,0.0,6.426853409076385
67,2,19,42.21709075767443,280.4726671818157,5.318408047264427,1.25,0.42905618463074985,balanced,4.171431001800943,0.03548899829903903,16.989648821654672,1.0,1.035488998299039,0.1035488998299039,1.2943612478737987,1.2943612478737987,0.25887224957475974,0.4442829588373027,0.14809431961243422,0.5923772784497369,6.883941276759236,7.328224235596538,0.3630329514879476,1.2943612478737987,54.64416627470489,18.15164757439738,0.0,8.494824410827336
68,2,20,43.20435781716236,316.5109307794231,4.9520366671167135,1.25,0.3826551346077099,balanced,6.8594297780689,2.5169138300775513,21.33216476964602,1.0,3.5169138300775513,0.35169138300775515,4.396142287596939,4.396142287596939,0.879228457519388,1.3457651350520419,0.4485883783506806,1.7943535134027224,21.76985780204239,23.115622937094432,1.3914270872860899,4.396142287596939,189.93250440849684,69.5713543643045,0.0,10.66608238482301
69,2,21,39.440329044306395,280.816221956339,4.660770563458929,1.25,0.3598397252815113,balanced,3.4213022758073577,3.0874022831734664,21.666064762279916,1.0,4.087402283173466,0.4087402283173466,5.109252853966833,5.109252853966833,1.021850570793367,1.4708097146921622,0.49026990489738737,1.9610796195895495,23.813055303037135,25.283865017729298,1.4347610834706086,5.109252853966833,201.51061373101342,71.73805417353043,0.0,10.833032381139958
70,2,22,40.40053404210093,328.1837889721976,3.9933043000181137,1.25,0.3313982579617334,balanced,6.958088085893977,2.9952747871333494,25.62887806104053,1.0,3.9952747871333494,0.39952747871333494,4.994093483916687,4.994093483916687,0.9988186967833372,1.3240271045344272,0.4413423681781424,1.7653694727125695,19.942934984016947,21.266962088551374,1.6389805220331408,4.994093483916687,201.76404380641054,81.94902610165704,0.0,12.814439030520266
71,2,23,36.82700481758563,321.704145217015,3.7795869981522396,1.25,0.31639521008364185,balanced,0.9940437355857844,7.892468378897323,18.73045341772899,1.0,8.892468378897323,0.8892468378897324,11.115585473621653,11.115585473621653,2.22311709472433,2.813534400903361,0.9378448003011203,3.751379201204481,42.012322332950305,44.82585673385367,3.575929923378123,11.115585473621653,409.3537197873495,178.79649616890617,0.0,9.365226708864496
72,3,0,34.38899878735266,357.68882812231317,3.281487654777599,1.25,0.26165841975279336,balanced,4.942306498480207,4.162528055321564,19.510231860887636,1.0,5.162528055321564,0.5162528055321565,6.453160069151956,6.453160069151956,1.2906320138303915,1.3508189328849018,0.4502729776283006,1.8010919105132024,21.1759651012259,22.5267840341108,2.3082232628206683,6.453160069151956,221.9177137926592,115.41116314103341,0.0,9.755115930443818
73,3,1,32.28954497986014,366.03834777156436,3.1208919571709957,1.25,0.2770153232171476,balanced,4.855937512494636,7.2177356413562235,17.14843373202605,1.0,8.217735641356224,0.8217735641356224,10.272169551695281,10.272169551695281,2.054433910339057,2.2764386948033684,0.7588128982677894,3.0352515930711577,32.0583313365826,34.334770031385965,3.760007970731912,10.272169551695281,331.68368078021456,188.0003985365956,0.0,8.574216866013025
74,3,2,32.67340165343353,381.426514531801,2.9360434819332677,1.25,0.2612702414720336,balanced,4.458720282656667,1.1293553768974265,20.4777986377853,1.0,2.1293553768974265,0.21293553768974266,2.661694221121783,2.661694221121783,0.5323388442243564,0.5563371935017637,0.18544573116725457,0.7417829246690183,7.814849968824056,8.37118716232582,1.0152407495119184,2.661694221121783,86.96660436533493,50.762037475595925,0.0,10.23889931889265
75,3,3,26.114003747777065,367.33765910194404,3.162963938007581,1.25,0.23089527737668733,balanced,5.626520171990293,9.0,17.10431880977559,1.0,10.0,1.0,12.5,12.5,2.5,2.3089527737668734,0.7696509245889578,3.078603698355831,39.53704922509476,41.84600199886164,4.5917207387743,12.5,326.4250468472133,229.586036938715,0.0,8.552159404887796
76,3,4,25.653591689061276,400.072562760832,3.1226648408063817,1.25,0.2546503980827578,balanced,4.016634609480537,3.0599578661822022,18.060995553073923,1.0,4.059957866182202,0.4059957866182202,5.074947332727753,5.074947332727753,1.0149894665455506,1.0338698868225218,0.34462329560750726,1.378493182430029,15.84735960485308,16.8812294916756,2.030347185280641,5.074947332727753,130.19062671728838,101.51735926403205,0.0,9.030497776536961
77,3,5,22.94427123790646,384.3096019092386,3.322152353820406,1.25,0.2587495215674643,balanced,2.5439955543391486,9.0,11.604991107413072,1.0,10.0,1.0,12.5,12.5,2.5,2.5874952156746427,0.8624984052248809,3.4499936208995234,41.526904422755074,44.11439963842972,4.803870023865483,12.5,286.80339047383075,240.19350119327413,0.0,5.802495553706536
78,3,6,19.179997931743774,383.6494236003362,3.6817691888198674,1.25,0.25936738622770333,balanced,2.229480528095854,9.0,4.834471635508928,1.0,10.0,1.0,12.5,12.5,2.5,2.5936738622770332,0.8645579540923444,3.4582318163693775,46.022114860248344,48.61578872252538,4.795617795004203,12.5,239.74997414679717,239.78088975021015,0.0,2.417235817754464
79,3,7,15.899236377582845,381.7848925416898,3.9287148634848035,1.25,0.31832347898137464,balanced,10.689160101294831,9.0,6.523631736803759,1.0,10.0,1.0,12.5,12.5,2.5,3.1832347898137465,1.0610782632712488,4.244313053084995,49.10893579356004,52.29217058337379,4.772311156771123,12.5,198.74045471978556,238.61555783855616,0.0,3.2618158684018796
80,3,8,19.381499125688247,353.5318342562,4.4298958487964075,1.25,0.3095660704256205,balanced,5.361718636505404,5.371214424710343,6.51413594859882,1.0,6.371214424710343,0.6371214424710343,7.964018030887928,7.964018030887928,1.5928036061775854,1.972311813296611,0.6574372710988704,2.6297490843954816,35.27977041477017,37.25208222806678,2.8155339025092596,7.964018030887928,154.3546085026198,140.776695125463,0.0,3.25706797429941
81,3,9,11.779992013815576,370.2495870867876,4.8875884448378715,1.25,0.37627708597134935,balanced,2.4858640514011796,9.0,0.0,1.0,10.0,1.0,12.5,12.5,2.5,3.7627708597134935,1.2542569532378312,5.017027812951325,61.09485556047339,64.85762642018689,4.628119838584845,12.5,147.2499001726947,231.40599192924225,0.0,0.0
82,3,10,24.10002943567435,359.3028764018755,4.43391119002196,1.25,0.389886687837501,balanced,4.989699553301587,4.989699553301587,0.0,1.0,5.989699553301587,0.5989699553301586,7.4871244416269835,7.4871244416269835,1.4974248883253969,2.335304119978515,0.778434706659505,3.11373882663802,33.1972448428168,35.53254896279532,2.690145347855361,7.4871244416269835,180.43991943176718,134.50726739276806,0.0,0.0
83,3,11,32.59955252144637,338.276738388595,5.153131359484805,1.25,0.4256846551290602,balanced,3.4991424356049983,1.6334118835450242,1.8657305520599743,1.0,2.6334118835450244,0.26334118835450243,3.2917648544312805,3.2917648544312805,0.6583529708862561,1.1210030294596325,0.37366767648654414,1.4946707059461766,16.962896699419765,18.0838997288794,1.1135274784992217,3.2917648544312805,107.31006126028379,55.676373924961084,0.0,0.9328652760299871
84,3,12,28.96094139719764,341.3113478780166,5.674882329618715,1.25,0.4657143408729656,balanced,7.050994141039905,4.2775454921367615,4.6391792009631185,1.0,5.2775454921367615,0.5277545492136761,6.596931865170951,6.596931865170951,1.31938637303419,2.4578286202975628,0.8192762067658542,3.277104827063417,37.43681207135726,39.89464069165482,2.2516077067609355,6.596931865170951,191.05335714852166,112.58038533804677,0.0,2.3195896004815593
85,3,13,30.09087394771419,318.86300271071684,5.99189147853489,1.25,0.5022892925269722,balanced,2.2634724199653546,2.2634724199652254,4.6391792009631185,1.0,3.2634724199652254,0.32634724199652254,4.079340524956532,4.079340524956532,0.8158681049913064,1.639207253005619,0.5464024176685397,2.185609670674159,24.442965729529085,26.082172982534704,1.3007507688671518,4.079340524956532,122.75092152626922,65.03753844335759,0.0,2.3195896004815593
86,3,14,40.46276881527167,297.60998585988807,6.507386890041802,1.25,0.45437054638902935,balanced,2.7527321310850033,0.7441792311491948,6.647732100898927,1.0,1.7441792311491948,0.1744179231149195,2.1802240389364935,2.1802240389364935,0.4360448077872987,0.7925036702576568,0.2641678900858856,1.0566715603435424,14.187561328329327,14.980064998586984,0.6488564453992779,2.1802240389364935,88.2179012529852,32.4428222699639,0.0,3.3238660504494635
87,3,15,40.43789613956561,292.2110460534813,6.444913854761081,1.25,0.5076380087226913,balanced,2.2494500267714805,0.7348977765275038,8.162284351142905,1.0,1.7348977765275038,0.17348977765275037,2.1686222206593797,2.1686222206593797,0.43372444413187594,0.8807000526138467,0.29356668420461557,1.1742667368184623,13.976583395670378,14.857283448284225,0.6336953675937009,2.1686222206593797,87.69452012497813,31.684768379685046,0.0,4.081142175571452
88,3,16,35.21009201149859,316.6236205647032,6.281334918878593,1.25,0.47961602242569124,balanced,2.5896692197743456,0.4364664790879539,10.315487091829295,1.0,1.436466479087954,0.1436466479087954,1.7955830988599426,1.7955830988599426,0.3591166197719886,0.6889523390480019,0.2296507796826673,0.9186031187306692,11.27865881861719,11.967611157665193,0.5685240217858244,1.7955830988599426,63.22264612515035,28.42620108929122,0.0,5.157743545914648
89,3,17,42.13051160144846,283.6287283741857,6.123523861093386,1.25,0.47028267313518257,balanced,5.678419608848953,1.377895387099287,14.616011313578962,1.0,2.377895387099287,0.2377895387099287,2.9723692338741086,2.9723692338741086,0.5944738467748216,1.1182829990808725,0.37276099969362414,1.4910439987744966,18.20137392760797,19.319656926688843,0.8430493060622659,2.9723692338741086,125.2274364915216,42.152465303113296,0.0,7.308005656789481
90,3,18,42.51120492674784,269.5321281242139,5.473195806594248,1.25,0.45462668836593045,balanced,1.816811180310364,1.3540914740439485,15.078731019845378,1.0,2.3540914740439485,0.23540914740439484,2.9426143425549354,2.9426143425549354,0.5885228685109869,1.070232810955072,0.35674427031835737,1.4269770812734295,16.10550448009576,17.175737291050833,0.7931291059976663,2.9426143425549354,125.09408133674022,39.65645529988331,0.0,7.539365509922689
91,3,19,45.254020941972115,323.4619369185877,5.145674932765094,1.25,0.42988189935721516,balanced,1.9657110176151296,1.6112005571699894,15.43324148029052,1.0,2.6112005571699894,0.2611200557169989,3.264000696462487,3.264000696462487,0.6528001392924976,1.1225078551188536,0.3741692850396179,1.4966771401584715,16.795486564314828,17.917994419433683,1.0557799873813754,3.264000696462487,147.70915587232497,52.78899936906877,0.0,7.71662074014526
92,3,20,41.94142483506059,299.7182098870146,5.011495435254111,1.25,0.3736563333330737,balanced,2.9540466624534814,1.9273262781665572,16.459961864577444,1.0,2.927326278166557,0.2927326278166557,3.6591578477081965,3.6591578477081965,0.7318315695416393,1.0938140035692692,0.36460466785642304,1.4584186714256921,18.337852850663886,19.431666854233153,1.096716239809122,3.6591578477081965,153.4702938292754,54.835811990456094,0.0,8.229980932288722
93,3,21,39.86642503341794,301.774204254311,4.2562653257523255,1.25,0.3939048818531186,balanced,4.15851304439603,7.410147821576222,13.208327087397251,1.0,8.410147821576222,0.8410147821576223,10.512684776970278,10.512684776970278,2.102536955394056,3.312798284025245,1.1042660946750817,4.417064378700327,44.744775696782916,48.05757398080816,3.1724570831466146,10.512684776970278,419.1031595610396,158.62285415733072,0.0,6.6041635436986255
94,3,22,39.2997585860593,344.35967053188284,3.9276960105787797,1.25,0.37620857134130137,balanced,1.9502478737981868,0.2773879200700593,14.88118704112538,1.0,1.2773879200700593,0.12773879200700594,1.5967349000875741,1.5967349000875741,0.3193469800175148,0.4805642844581935,0.16018809481939783,0.6407523792775913,6.271489297025871,6.7520535814840645,0.5498511041209159,1.5967349000875741,62.75129609937718,27.492555206045793,0.0,7.44059352056269
95,3,23,39.39973359288855,350.4287831602566,3.9731890544233237,1.25,0.33541179111190383,balanced,3.454384275167393,1.4052429504812325,16.93032836581154,1.0,2.4052429504812327,0.24052429504812328,3.006553688101541,3.006553688101541,0.6013107376203082,0.8067468460801905,0.26891561536006353,1.0756624614402541,11.945606205101118,12.75235305118131,1.0535829504274048,3.006553688101541,118.45741434391725,52.67914752137024,0.0,8.46516418290577
96,4,0,37.2624344962927,338.5640639339389,3.3368703707317167,1.25,0.28535621776712866,balanced,6.391212748822298,7.562675060910767,15.758866053723072,1.0,8.562675060910767,0.8562675060910767,10.703343826138457,10.703343826138457,2.140668765227691,2.4434125693504143,0.8144708564501381,3.2578834258005522,35.71567088119566,38.15908345054608,3.6237675834596708,10.703343826138457,398.8326482127831,181.18837917298353,0.0,7.879433026861536
97,4,1,28.83949807760246,348.50825256596744,3.2318252904401796,1.25,0.22955247822103625,balanced,3.371470089048407,5.570053886292741,13.560282256478734,1.0,6.570053886292741,0.6570053886292742,8.212567357865927,8.212567357865927,1.642513471573186,1.508172151644249,0.502724050548083,2.010896202192332,26.54158288659459,28.04975503823884,2.8621474989701583,8.212567357865927,236.84632052935513,143.10737494850792,0.0,6.780141128239367
98,4,2,28.658677339532755,366.4125760166494,2.874496229312622,1.25,0.23670699440407905,balanced,3.6959550206717804,8.452865655931799,8.803371621218716,1.0,9.452865655931799,0.9452865655931799,11.81608206991475,11.81608206991475,2.3632164139829506,2.2375594179211595,0.7458531393070532,2.983412557228213,33.965283355218425,36.20284277313959,4.329561069661606,11.81608206991475,338.6332834591251,216.47805348308032,0.0,4.401685810609358
99,4,3,24.929574754947012,387.0226081136594,2.8536177792135597,1.25,0.22547476558323504,balanced,7.382430569566375,9.0,7.185802190785089,1.0,10.0,1.0,12.5,12.5,2.5,2.2547476558323503,0.7515825519441167,3.006330207776467,35.670222240169494,37.92496989600184,4.837782601420742,12.5,311.61968443683764,241.88913007103713,0.0,3.5929010953925444
100,4,4,22.383277010548728,391.1608635983512,3.0778032762993033,1.25,0.23553653613514322,balanced,3.364109660480691,9.0,1.5499118512657803,1.0,10.0,1.0,12.5,12.5,2.5,2.3553653613514323,0.7851217871171441,3.1404871484685764,38.472540953741294,40.827906315092726,4.88951079497939,12.5,279.7909626318591,244.4755397489695,0.0,0.7749559256328902
101,4,5,23.669453719308347,384.4932087222953,3.161261086798803,1.25,0.2771511981206438,balanced,7.991600620195289,9.0,0.54151247146107,1.0,10.0,1.0,12.5,12.5,2.5,2.771511981206438,0.9238373270688127,3.695349308275251,39.51576358498504,42.287275566191475,4.806165109028691,12.5,295.86817149135436,240.30825545143455,0.0,0.270756235730535
102,4,6,25.713721360123078,414.7547865724295,3.516852919901854,1.25,0.2724411276346584,balanced,3.696498390181014,2.150663165226126,2.0873476964159576,1.0,3.150663165226126,0.3150663165226126,3.9383289565326574,3.9383289565326574,0.7876657913065315,0.8583702255311877,0.2861234085103959,1.1444936340415837,13.850523690315898,14.708893915847085,1.6334407858187212,3.9383289565326574,101.26909341278503,81.67203929093606,0.0,1.0436738482079788
103,4,7,15.949642007198939,385.6324589294585,3.8704641135397653,1.25,0.31575644275796866,balanced,6.912652303584042,9.0,0.0,1.0,10.0,1.0,12.5,12.5,2.5,3.1575644275796866,1.0525214758598955,4.210085903439582,48.380801419247064,51.53836584682675,4.820405736618231,12.5,199.37052508998673,241.02028683091157,0.0,0.0
104,4,8,20.96441100973529,370.09476070056223,4.05471264440306,1.25,0.34940054399865417,balanced,4.196332017563739,4.196332017563739,0.0,1.0,5.196332017563739,0.5196332017563738,6.495415021954674,6.495415021954674,1.2990830043909352,1.8156012337343945,0.6052004112447982,2.4208016449791927,26.337041420165196,28.15264265389959,2.403919068201152,6.495415021954674,136.17255019906656,120.1959534100576,0.0,0.0
105,4,9,16.469867840370444,382.64341391660884,4.731415803596778,1.25,0.33562208084903683,balanced,4.55886997542539,4.55886997542539,0.0,1.0,5.55886997542539,0.555886997542539,6.948587469281737,6.948587469281737,1.389717493856347,1.8656795083215036,0.6218931694405012,2.487572677762005,32.87665656483415,34.742336073155656,2.6588312311441333,6.948587469281737,114.44231729632433,132.94156155720665,0.0,0.0
106,4,10,23.66202761088552,354.702496259244,5.453243211163101,1.25,0.3941465936791781,balanced,2.4075033094204694,2.4075033094204694,0.0,1.0,3.4075033094204694,0.34075033094204693,4.259379136775586,4.259379136775586,0.851875827355117,1.3430558223586044,0.4476852741195348,1.7907410964781392,23.227430361391214,24.570486183749818,1.5108124123288444,4.259379136775586,100.78554673961366,75.54062061644223,0.0,0.0
107,4,11,26.76466499380552,328.2464516200528,5.353027313493014,1.25,0.4090242985525309,balanced,3.3593581834321244,3.359358183431963,1.616484723854228e-13,1.0,4.359358183431963,0.43593581834319634,5.4491977292899545,5.4491977292899545,1.0898395458579913,1.7830834231174941,0.5943611410391647,2.377444564156659,29.169704281513237,30.95278770463073,1.7886798188154767,5.4491977292899545,145.84595170945138,89.43399094077384,0.0,8.08242361927114e-14
108,4,12,29.794942627284392,307.06746113790706,5.587679108483814,1.25,0.42277209897970086,balanced,2.265261309778224,0.32148058663857526,1.9437807231398105,1.0,1.3214805866385753,0.13214805866385754,1.651850733298219,1.651850733298219,0.3303701466596438,0.5586851213741169,0.18622837379137228,0.7449134951654891,9.230011832784127,9.788696954158244,0.5072296108526742,1.651850733298219,49.21679782745809,25.361480542633707,0.0,0.9718903615699053
109,4,13,26.388206733288825,305.1938938476773,5.9155184269255585,1.25,0.46925806508186513,balanced,3.5243672911731987,4.264290459600719,1.20385755471229,1.0,5.264290459600719,0.5264290459600719,6.580363074500899,6.580363074500899,1.3160726149001798,2.470310755101156,0.8234369183670519,3.2937476734682076,38.92625902307059,41.396569778171745,2.0082866296384028,6.580363074500899,173.6439811900298,100.41433148192014,0.0,0.601928777356145
110,4,14,33.55205430232175,303.7303047829352,6.126143874832165,1.25,0.4995386947935879,balanced,4.087928090953089,2.9580283355746424,2.333757310090737,1.0,3.9580283355746424,0.39580283355746426,4.947535419468303,4.947535419468303,0.9895070838936606,1.977188308708994,0.6590627695696647,2.636251078278659,30.30931380549093,32.286502114199926,1.5027164408794749,4.947535419468303,165.99997705666073,75.13582204397375,0.0,1.1668786550453685
111,4,15,33.72638900977577,297.84158285736487,6.207239566475358,1.25,0.503614697610333,balanced,3.7669552822049868,3.598868842303987,2.5018437499917368,1.0,4.598868842303987,0.4598868842303987,5.7485860528799835,5.7485860528799835,1.1497172105759965,2.3160579413665046,0.7720193137888348,3.0880772551553393,35.682850798725035,37.99890874009154,1.7121679691815457,5.7485860528799835,193.87904947560176,85.60839845907728,0.0,1.2509218749958684
112,4,16,38.050808192739794,272.8451722695894,6.499165421656558,1.25,0.48311205855682143,balanced,3.601825370999485,0.3440933679181607,5.759575753073061,1.0,1.3440933679181608,0.13440933679181608,1.680116709897701,1.680116709897701,0.3360233419795402,0.6493477138675139,0.21644923795583795,0.8657969518233518,10.919356425314522,11.568704139182035,0.45841173314505396,1.680116709897701,63.92979866973447,22.9205866572527,0.0,2.8797878765365303
113,4,17,44.1199361502925,268.5315857969897,6.200102981083903,1.25,0.4781001707597546,balanced,5.550144253403463,1.3425050447576612,9.967214961718863,1.0,2.342505044757661,0.23425050447576612,2.9281313059470766,2.9281313059470766,0.5856262611894154,1.1199520619042245,0.3733173539680748,1.4932694158722992,18.154715639007573,19.2746677009118,0.7862957430077789,2.9281313059470766,129.18896625805763,39.314787150388945,0.0,4.9836074808594315
114,4,18,45.30856334356076,297.5017183686155,6.224729769882342,1.25,0.470011456271219,balanced,3.1778322361745692,2.3890396583361007,10.75600753955733,1.0,3.3890396583361007,0.33890396583361004,4.236299572920126,4.236299572920126,0.8472599145840256,1.5928874651754652,0.5309624883918217,2.123849953567287,26.36982006569576,27.962707530871224,1.2603064024679695,4.236299572920126,191.94064754195094,63.015320123398475,0.0,5.378003769778665
115,4,19,42.686676642998506,295.16588872203283,5.328771549753062,1.25,0.45068864353919164,balanced,6.343870503349031,2.0986522529466236,15.00122578995974,1.0,3.0986522529466236,0.30986522529466237,3.8733153161832794,3.8733153161832794,0.7746630632366558,1.396527380680174,0.4655091268933913,1.8620365075735652,20.640012460100248,22.03653984078042,1.1432705576018993,3.8733153161832794,165.33895843828915,57.16352788009497,0.0,7.50061289497987
116,4,20,44.64431092339379,293.13185035059774,5.250455189849457,1.25,0.3972424153685695,balanced,3.549159890013992,0.3345968431700803,18.215788836803654,1.0,1.3345968431700803,0.13345968431700803,1.6682460539626005,1.6682460539626005,0.3336492107925202,0.5301584735241507,0.1767194911747169,0.7068779646988675,8.759051151973813,9.289209625497964,0.4890160526381402,1.6682460539626005,74.47769552983111,24.45080263190701,0.0,9.107894418401827
117,4,21,45.49464492514639,299.8666984213826,4.4950604208461264,1.25,0.38113704881932553,balanced,5.876577053503857,3.001648448474726,21.09071744183278,1.0,4.001648448474726,0.4001648448474726,5.002060560593407,5.002060560593407,1.0004121121186813,1.52517648006409,0.5083921600213633,2.0335686400854533,22.484564448598814,24.009740928662904,1.4999513856089552,5.002060560593407,227.56696909827576,74.99756928044776,0.0,10.54535872091639
118,4,22,40.84041712367316,351.78346897582486,4.214770951600655,1.25,0.3197274793640736,balanced,3.8803408691286405,1.0953510048019552,23.875707306159466,1.0,2.0953510048019552,0.20953510048019552,2.619188756002444,2.619188756002444,0.5238377512004888,0.669941295148308,0.223313765049436,0.893255060197744,11.039280685558156,11.709221980706463,0.921387306489015,2.619188756002444,106.96876132077442,46.06936532445075,0.0,11.937853653079733
119,4,23,36.84286217292231,328.53949556591755,3.8105766085243578,1.25,0.30220312957486967,balanced,7.689405418894354,4.719497608201252,26.84561511685257,1.0,5.719497608201252,0.5719497608201252,7.1493720102515645,7.1493720102515645,1.429874402050313,1.7284500767944,0.5761500255981333,2.3046001023925333,27.243229747903378,28.971679824697777,2.348851073861139,7.1493720102515645,263.4033275966469,117.44255369305694,0.0,13.422807558426285
120,5,0,38.45131971129649,317.62514618213095,3.458743872235367,1.25,0.24035145876591604,balanced,5.663021096098859,6.865951190381865,25.642685022569566,1.0,7.865951190381865,0.7865951190381865,9.832438987977332,9.832438987977332,1.9664877975954669,1.890592843189775,0.6301976143965916,2.5207904575863664,34.00788809879471,35.89848094198448,3.1230298708831836,9.832438987977332,378.0702550685329,156.1514935441592,0.0,12.821342511284783
121,5,1,33.215408134459,361.12688832409737,3.0132379046495457,1.25,0.2274090908641651,balanced,1.9569014104403677,2.222935600028123,25.37665083298181,1.0,3.222935600028123,0.3222935600028123,4.028669500035154,4.028669500035154,0.8057339000070307,0.7329248547161479,0.24430828490538262,0.9772331396215305,12.139339642811459,12.872264497527606,1.454860880633892,4.028669500035154,133.8139016825145,72.74304403169461,0.0,12.688325416490905
122,5,2,25.35629487579825,384.97474559204954,2.8209907061291735,1.25,0.24225866057105538,balanced,5.009130909103431,9.0,21.385781742085243,1.0,10.0,1.0,12.5,12.5,2.5,2.4225866057105536,0.8075288685701846,3.2301154742807383,35.262383826614666,37.68497043232522,4.812184319900619,12.5,316.9536859474781,240.60921599503095,0.0,10.692890871042621
123,5,3,21.137056284758955,387.7321873631373,3.177573449419434,1.25,0.24553974500327383,balanced,7.941978832764779,9.0,20.327760574850018,1.0,10.0,1.0,12.5,12.5,2.5,2.4553974500327382,0.8184658166775794,3.273863266710318,39.71966811774293,42.17506556777567,4.846652342039217,12.5,264.21320355948694,242.33261710196086,0.0,10.163880287425009
124,5,4,24.129988147008408,419.3589580192002,2.9532794870561605,1.25,0.2298862768786268,balanced,6.363851078755023,1.667924237909002,25.02368741569604,1.0,2.667924237909002,0.2667924237909002,3.3349052973862525,3.3349052973862525,0.6669810594772505,0.6133191700471483,0.20443972334904945,0.8177588933961978,9.848907406045745,10.462226576092894,1.39852241060461,3.3349052973862525,80.47122529732583,69.92612053023049,0.0,12.51184370784802
125,5,5,19.70107182003866,394.66215463345344,3.026196157569711,1.25,0.2517373982325555,balanced,4.506432778260271,9.0,20.530120193956307,1.0,10.0,1.0,12.5,12.5,2.5,2.5173739823255548,0.8391246607751849,3.3564986431007395,37.82745196962139,40.344825951946945,4.933276932918169,12.5,246.26339775048325,246.66384664590845,0.0,10.265060096978154
126,5,6,21.64029014211444,373.47898148469443,3.483948838377296,1.25,0.2581808004951154,balanced,2.0164820005857447,9.0,13.546602194542052,1.0,10.0,1.0,12.5,12.5,2.5,2.581808004951154,0.8606026683170512,3.442410673268205,43.5493604797162,46.131168484667356,4.668487268558681,12.5,270.5036267764305,233.42436342793405,0.0,6.773301097271026
127,5,7,16.383031445793492,415.56811450291923,3.775387236910463,1.25,0.31150219069170754,balanced,2.3310215435597135,8.895822875930504,6.981800862171262,1.0,9.895822875930504,0.9895822875930504,12.36977859491313,12.36977859491313,2.4739557189826265,3.0825705045494654,1.0275235015164885,4.110094006065954,46.700704230643275,49.78327473519274,5.1404855675066194,12.36977859491313,202.65447169796505,257.024278375331,0.0,3.490900431085631
128,5,8,14.257802839936723,398.5373327720737,3.7703699276049,1.25,0.34307525636509867,balanced,2.018199137828738,9.0,0.0,1.0,10.0,1.0,12.5,12.5,2.5,3.430752563650987,1.1435841878836623,4.574336751534649,47.12962409506125,50.56037665871224,4.981716659650921,12.5,178.22253549920904,249.08583298254604,0.0,0.0
129,5,9,19.484428763615092,386.92561620901307,4.498656361336347,1.25,0.3425643822086494,balanced,3.584102792830533,3.584102792830533,0.0,1.0,4.584102792830533,0.45841027928305333,5.730128491038167,5.730128491038167,1.1460256982076338,1.570350341206936,0.5234501137356453,2.0938004549425813,25.777878987483493,27.34822932869043,2.217133497351765,5.730128491038167,111.64828038999441,110.85667486758825,0.0,0.0
130,5,10,22.61528764219128,389.01345668970987,4.754300900865592,1.25,0.389491703547104,balanced,5.011207673048264,5.011207673048094,1.7008616737257398e-13,1.0,6.011207673048094,0.6011207673048095,7.514009591310118,7.514009591310118,1.5028019182620236,2.341315516950925,0.7804385056503084,3.1217540226012335,35.72386256907839,38.06517808602932,2.9230508447151835,7.514009591310118,169.93148825366245,146.15254223575917,0.0,8.504308368628699e-14
131,5,11,23.623283547773944,373.6894317455228,5.660840714358808,1.25,0.4285294060848468,balanced,1.740908121669574,0.9139705717753349,0.8269375498944094,1.0,1.913970571775335,0.1913970571775335,2.392463214719169,2.392463214719169,0.47849264294383387,0.820192672386759,0.27339755746225297,1.0935902298490119,13.54335317348803,14.363545845874789,0.894038219180473,2.392463214719169,56.5178368989297,44.70191095902365,0.0,0.4134687749472047
132,5,12,29.66955591594566,327.9162823984597,5.5847880696100685,1.25,0.43748942171664656,balanced,4.271607609908446,0.641855712762508,4.456689447040347,1.0,1.641855712762508,0.1641855712762508,2.052319640953135,2.052319640953135,0.4104639281906268,0.7182945063186422,0.23943150210621408,0.9577260084248563,11.461770245821487,12.18006475214013,0.6729890269546936,2.052319640953135,60.89141234465256,33.64945134773468,0.0,2.2283447235201734
133,5,13,31.126818029787128,278.8643394451425,5.84384529873167,1.25,0.5073283851923875,balanced,3.029680044894612,2.290048578766643,5.196320913168315,1.0,3.290048578766643,0.32900485787666434,4.112560723458304,4.112560723458304,0.822512144691661,1.6691350326701908,0.5563783442233969,2.2255133768935877,24.033168649530325,25.702303682200515,1.1468465295752373,4.112560723458304,128.01092927553634,57.34232647876186,0.0,2.5981604565841576
134,5,14,41.580989871602625,285.31078481654436,5.888023886609843,1.25,0.4892286312706404,balanced,3.8580891411028118,1.4403654527927632,7.614044601478364,1.0,2.440365452792763,0.24403654527927632,3.050456815990954,3.050456815990954,0.6100913631981908,1.1938966502699602,0.39796555008998674,1.591862200359947,17.961162597626544,19.155059247896503,0.8703282282193561,3.050456815990954,126.84101396948105,43.516411410967805,0.0,3.807022300739182
135,5,15,32.84854029904169,294.29181006488153,5.796296286471545,1.25,0.5003720725819878,balanced,4.576322431007863,5.706424585153602,6.483942447332625,1.0,6.706424585153602,0.6706424585153602,8.383030731442002,8.383030731442002,1.6766061462883997,3.3557075692881058,1.118569189762702,4.474276759050808,48.59052989803411,51.94623746732222,2.4670572877855945,8.383030731442002,275.3703228098775,123.35286438927973,0.0,3.2419712236663125
136,5,16,41.50130175675544,277.2937720093945,6.058340340379188,1.25,0.5113211416825856,balanced,5.7260831832671375,0.9225233918131328,11.28750223878663,1.0,1.9225233918131328,0.1922523391813133,2.403154239766416,2.403154239766416,0.48063084795328304,0.9830268556133679,0.3276756185377893,1.3107024741511573,14.559126274930158,15.542153130543525,0.6663797038651983,2.403154239766416,99.73402927257223,33.31898519325991,0.0,5.643751119393315
137,5,17,49.25418761489465,273.4334211501078,6.288213907836952,1.25,0.5109314853858788,balanced,3.831461965588294,1.5113727432409902,13.607591461133934,1.0,2.5113727432409902,0.25113727432409905,3.139215929051238,3.139215929051238,0.6278431858102476,1.2831394060617285,0.4277131353539095,1.710852541415638,19.74006126476329,21.02320067082502,0.8583665512093941,3.139215929051238,154.61953033315547,42.918327560469706,0.0,6.803795730566967
138,5,18,47.208118622763735,284.5989491549079,5.582702952680476,1.25,0.4814023679513727,balanced,4.4960363167892865,0.5054812740433476,17.598146503879875,1.0,1.5054812740433476,0.15054812740433476,1.8818515925541845,1.8818515925541845,0.3763703185108369,0.724742250230917,0.24158075007697233,0.9663230003078893,10.505818442258702,11.23056069248962,0.5355729857064109,1.8818515925541845,88.83867321173479,26.778649285320544,0.0,8.799073251939937
139,5,19,42.31899854042911,280.03044615447845,5.671398235331857,1.25,0.44046872231219636,balanced,2.845733123676384,2.9991081944689078,17.444771433087347,1.0,3.9991081944689078,0.3999108194468908,4.998885243086135,4.998885243086135,0.999777048617227,1.7614820768059543,0.5871606922686514,2.3486427690746057,28.350668946265166,30.11215102307112,1.3998400648964489,4.998885243086135,211.54781730593473,69.99200324482244,0.0,8.722385716543673
140,5,20,43.17597786765904,303.20730849277135,5.287259680189461,1.25,0.3588933688891446,balanced,6.50759860927141,2.138713477394534,21.813656564964226,1.0,3.138713477394534,0.3138713477394534,3.9233918467431677,3.9233918467431677,0.7846783693486334,1.1264634538798863,0.3754878179599621,1.5019512718398484,20.74399152086922,21.870454974749105,1.1896010820134795,3.9233918467431677,169.39627954113695,59.480054100673975,0.0,10.906828282482113
141,5,21,43.651778774679585,288.5013036349076,4.175309127818988,1.25,0.3644819853506348,balanced,3.1759212388953566,3.5468065869408973,21.442771216918683,1.0,4.546806586940898,0.4546806586940898,5.683508233676122,5.683508233676122,1.136701646735224,1.6572290918135621,0.5524096972711874,2.2096387890847495,23.730403806102284,25.387632897915847,1.639699534635292,5.683508233676122,248.09524408049998,81.9849767317646,0.0,10.721385608459341
142,5,22,39.996523417781916,320.95626962833114,4.7171982194761,1.25,0.30481068612926854,balanced,4.089228611422302,1.6332116313821694,23.89878819695882,1.0,2.6332116313821694,0.26332116313821696,3.2915145392277116,3.2915145392277116,0.6583029078455422,0.8026310440851696,0.2675436813617232,1.0701747254468927,15.526726523824658,16.329357567909828,1.0564322279379417,3.2915145392277116,131.64913834819083,52.82161139689708,0.0,11.94939409847941
143,5,23,33.768050211566916,323.31411137970554,3.8257250775719656,1.25,0.2815143054056927,balanced,4.316635185474103,3.042096649533971,25.17332673289895,1.0,4.0420966495339705,0.40420966495339705,5.052620811917463,5.052620811917463,1.0105241623834926,1.1379080306762335,0.3793026768920778,1.5172107075683112,19.329938147614666,20.4678461782909,1.6335836079437007,5.052620811917463,170.6171532768369,81.67918039718504,0.0,12.586663366449475
144,6,0,32.9939190585264,353.4199852512776,3.4072198325150573,1.25,0.28339129310335276,balanced,3.1786434875305005,9.0,19.35197022042945,1.0,10.0,1.0,12.5,12.5,2.5,2.8339129310335274,0.9446376436778424,3.7785505747113697,42.590247906438215,45.424160837471746,4.4177498156409705,12.5,412.42398823158004,220.88749078204853,0.0,9.675985110214725
145,6,1,38.16880830521379,355.8033855036699,3.0852919367225304,1.25,0.24652058738571297,balanced,2.8282091509245824,2.1223275569405913,20.057851814413443,1.0,3.1223275569405913,0.3122327556940591,3.902909446175739,3.902909446175739,0.7805818892351479,0.7697180233475928,0.25657267444919757,1.0262906977967903,12.041615044044205,12.811333067391798,1.3886683942635814,3.902909446175739,148.9694024836899,69.43341971317906,0.0,10.028925907206721
146,6,2,25.19789378363765,372.7960211466173,3.0454039317338415,1.25,0.2218815460140381,balanced,2.1199081175734578,9.0,13.1777599319869,1.0,10.0,1.0,12.5,12.5,2.5,2.218815460140381,0.739605153380127,2.958420613520508,38.06754914667302,40.2863646068134,4.659950264332716,12.5,314.97367229547064,232.9975132166358,0.0,6.58887996599345
147,6,3,23.504079552971557,379.02914140554424,3.2463641366131197,1.25,0.24324049970366202,balanced,6.995961028381973,9.0,11.173720960368874,1.0,10.0,1.0,12.5,12.5,2.5,2.4324049970366204,0.8108016656788735,3.243206662715494,40.579551707663995,43.011956704700616,4.737864267569303,12.5,293.80099441214446,236.89321337846513,0.0,5.586860480184437
148,6,4,24.698999336962274,398.23131556476795,3.3095252454370123,1.25,0.22781850893834096,balanced,1.6665023636908682,0.18389381922320758,12.656329504836535,1.0,1.1838938192232076,0.11838938192232076,1.4798672740290095,1.4798672740290095,0.29597345480580195,0.26971292463674895,0.08990430821224965,0.3596172328489986,4.89765810329506,5.167371027931809,0.5893294913978194,1.4798672740290095,36.55124082003467,29.46647456989097,0.0,6.328164752418267
149,6,5,22.90265715732284,373.937969008207,3.069672931202905,1.25,0.24099503175884832,balanced,1.7594759196201701,9.0,5.415805424456704,1.0,10.0,1.0,12.5,12.5,2.5,2.4099503175884833,0.8033167725294944,3.2132670901179776,38.37091164003631,40.78086195762479,4.674224612602588,12.5,286.28321446653547,233.7112306301294,0.0,2.707902712228352
150,6,6,23.589087942091016,388.3661324035705,3.4695544375512615,1.25,0.28007360591170144,balanced,3.781844453499722,0.5334849745065762,8.66416490344985,1.0,1.5334849745065762,0.15334849745065762,1.9168562181332203,1.9168562181332203,0.3833712436266441,0.4294886664214703,0.14316288880715677,0.5726515552286271,6.650636997771843,7.0801256641933135,0.7444420358101336,1.9168562181332203,45.216889901888536,37.22210179050668,0.0,4.332082451724925
151,6,7,20.07567018079004,389.5589256330035,3.635522418713121,1.25,0.2907310277425334,balanced,5.4644141341968595,7.42088875193206,6.707690285714648,1.0,8.420888751932061,0.8420888751932061,10.526110939915077,10.526110939915077,2.1052221879830153,2.4482136413547475,0.8160712137849159,3.2642848551396635,38.2679123039227,40.71612594527745,4.100540468847122,10.526110939915077,211.31873151614093,205.0270234423561,0.0,3.353845142857324
152,6,8,15.512536458665037,383.5321851966988,3.7069715715668017,1.25,0.3115433823947994,balanced,2.2923097142853517,9.0,0.0,1.0,10.0,1.0,12.5,12.5,2.5,3.1154338239479937,1.038477941315998,4.153911765263992,46.337144644585024,49.45257846853302,4.794152314958735,12.5,193.90670573331298,239.70761574793676,0.0,0.0
153,6,9,19.4255140386618,362.81580025505156,4.889156654967454,1.25,0.34602491540767205,balanced,2.203555657674902,2.203555657674902,0.0,1.0,3.203555657674902,0.3203555657674902,4.004444572093627,4.004444572093627,0.8008889144187252,1.108510075450727,0.3695033584835757,1.4780134339343027,19.578356829099857,20.686866904550584,1.4528757620011468,4.004444572093627,77.7883942522478,72.64378810005734,0.0,0.0
154,6,10,24.17917369988992,343.4807849286894,4.820837579623473,1.25,0.4055299279269858,balanced,8.103970835623533,8.103970835623533,0.0,1.0,9.103970835623533,0.9103970835623534,11.379963544529417,11.379963544529417,2.275992708905884,3.691932636819792,1.230644212273264,4.922576849093056,54.86095591021255,58.552888547032346,3.908798810734835,11.379963544529417,275.15811524159176,195.43994053674174,0.0,0.0
155,6,11,21.617708946958267,337.67183527840984,5.465168823288567,1.25,0.4234821387519071,balanced,3.176782745376663,3.176782745376663,0.0,1.0,4.176782745376663,0.41767827453766626,5.2209784317208285,5.2209784317208285,1.0441956863441657,1.7687928901141714,0.5895976300380571,2.3583905201522284,28.53352855210271,30.30232144221688,1.762977368988166,5.2209784317208285,112.8655921552875,88.1488684494083,0.0,0.0
156,6,12,28.683325234072996,322.8220985418991,6.095350153101745,1.25,0.44162862272145537,balanced,1.0912473885676415,0.7764285900792103,0.3148187984884312,1.0,1.7764285900792103,0.17764285900792104,2.220535737599013,2.220535737599013,0.4441071475198026,0.7845217115996984,0.2615072371998995,1.046028948799598,13.534942848142041,14.31946455974174,0.7168380066989971,2.220535737599013,63.69234875543466,35.841900334949855,0.0,0.1574093992442156
157,6,13,32.21684856839238,309.05016725770247,5.935237977686695,1.25,0.4886012299853056,balanced,2.87587288802003,0.9614883638296676,2.229203322678794,1.0,1.9614883638296676,0.19614883638296676,2.4518604547870844,2.4518604547870844,0.49037209095741674,0.9583856271690402,0.3194618757230134,1.2778475028920535,14.552375287240475,15.510760914409515,0.7577478836444949,2.4518604547870844,78.99121698270517,37.887394182224746,0.0,1.114601661339397
158,6,14,34.92021326485809,297.24640304976907,6.0727791899638195,1.25,0.4616485310907604,balanced,0.5799319590940839,0.08262583580228011,2.726509445970598,1.0,1.08262583580228,0.108262583580228,1.35328229475285,1.35328229475285,0.27065645895057,0.4997926268190293,0.16659754227300977,0.6663901690920391,8.21818455772159,8.71797718454062,0.4022582944262221,1.35328229475285,47.25690634032607,20.112914721311103,0.0,1.363254722985299
159,6,15,35.81130336504964,290.2586076903652,6.32857938747385,1.25,0.47370690864740406,balanced,3.47631876927535,0.20470249515080213,5.998125720095146,1.0,1.204702495150802,0.1204702495150802,1.5058781189385027,1.5058781189385027,0.3011756237877006,0.5706758948177008,0.19022529827256693,0.7609011930902677,9.530069223562103,10.100745118379804,0.4370940861544759,1.5058781189385027,53.927458148097024,21.854704307723797,0.0,2.999062860047573
160,6,16,37.58242061399285,273.44946925142426,5.437882797220996,1.25,0.5144094461893036,balanced,3.484317210339685,3.694556265935416,5.787886664499415,1.0,4.694556265935416,0.4694556265935416,5.868195332419271,5.868195332419271,1.1736390664838545,2.4149240888643626,0.8049746962881209,3.2198987851524836,31.910558448895298,34.32548253775966,1.6046548991137346,5.868195332419271,220.54098522805063,80.23274495568673,0.0,2.8939433322497075
161,6,17,38.59523828849218,279.22158467846583,5.544381854822949,1.25,0.47132418756067546,balanced,2.8148129595264897,0.0,8.602699624025906,1.0,1.0,0.1,1.25,1.25,0.25,0.47132418756067546,0.15710806252022516,0.6284322500809006,6.930477318528686,7.401801506089361,0.3490269808480823,1.25,48.244047860615225,17.451349042404114,0.0,4.301349812012953
162,6,18,45.77224564291605,254.3127280540067,5.852805899193011,1.25,0.4954238463715095,balanced,4.5261005915911525,0.2924897632120909,12.836310452404966,1.0,1.2924897632120909,0.12924897632120907,1.6156122040151135,1.6156122040151135,0.32312244080302266,0.6403302498863356,0.21344341662877853,0.8537736665151141,9.455864638467878,10.096194888354214,0.41087074708043,1.6156122040151135,73.95019866587278,20.5435373540215,0.0,6.418155226202483
163,6,19,51.35805350924582,291.7435456915967,5.516424347240732,1.25,0.4231153251989396,balanced,4.154987269189065,1.0825153852156757,15.908782336378357,1.0,2.0825153852156757,0.20825153852156758,2.6031442315195945,2.6031442315195945,0.5206288463039188,0.8811441744473255,0.29371472481577515,1.1748588992631006,14.360048218133956,15.241192392581281,0.7594505280501531,2.6031442315195945,133.69242073466793,37.972526402507654,0.0,7.954391168189178
164,6,20,38.266362287215884,314.98473564905004,4.57744462972448,1.25,0.4002291286053397,balanced,7.846538485191719,7.998153259488212,15.757167562081865,1.0,8.998153259488213,0.8998153259488213,11.247691574360266,11.247691574360266,2.249538314872053,3.6013230381022647,1.200441012700755,4.80176405080302,51.485685393852684,55.08700843195495,3.5428511572119157,11.247691574360266,430.4082406793355,177.1425578605958,0.0,7.878583781040932
165,6,21,42.11026052524173,310.5486738911543,4.193683810011487,1.25,0.3594669024911516,balanced,3.1282033969855667,0.6209956630723661,18.264375295995066,1.0,1.620995663072366,0.1620995663072366,2.0262445788404575,2.0262445788404575,0.4052489157680914,0.5826942899562139,0.19423142998540463,0.7769257199416185,8.497429085406772,9.080123375362986,0.6292475669380445,2.0262445788404575,85.32568710283037,31.462378346902227,0.0,9.132187647997533
166,6,22,38.585663314162005,320.7793288502639,4.218636993406714,1.25,0.3392025035082203,balanced,4.00974799426556,4.739584696696813,17.53453859356381,1.0,5.739584696696813,0.5739584696696813,7.174480870871016,7.174480870871016,1.4348961741742032,1.9468814982170282,0.648960499405676,2.595841997622704,30.26653041034529,32.21341190856232,2.3014251586070613,7.174480870871016,276.83210333732484,115.07125793035307,0.0,8.767269296781905
167,6,23,36.57338455255805,313.384673905589,3.9249763026626874,1.25,0.2897138569558779,balanced,3.540214137103841,4.515633193360433,16.559119537307218,1.0,5.515633193360433,0.5515633193360433,6.894541491700541,6.894541491700541,1.3789082983401082,1.5979553660023167,0.5326517886674389,2.1306071546697556,27.06091197264928,28.658867338651596,2.160643637105127,6.894541491700541,252.15671728953112,108.03218185525635,0.0,8.279559768653609
168,7,0,33.40572994016874,382.6827506494525,3.678593019920615,1.25,0.24702070523004716,balanced,0.0,0.0,16.559119537307218,1.0,1.0,0.1,1.25,1.25,0.25,0.24702070523004716,0.08234023507668238,0.3293609403067295,4.598241274900769,4.845261980130815,0.4783534383118156,1.25,41.75716242521092,23.91767191559078,0.0,8.279559768653609
169,7,1,32.48373766691273,370.79643712671344,3.10022179916093,1.25,0.26147916936239285,balanced,0.0,3.799032657609187,12.760086879698033,1.0,4.799032657609187,0.4799032657609187,5.998790822011484,5.998790822011484,1.1997581644022972,1.2548470730546468,0.41828235768488226,1.673129430739529,18.59758207500652,19.85242914806117,2.224330263870287,5.998790822011484,194.86314738090485,111.21651319351436,0.0,6.3800434398490165
170,7,2,23.323203325835966,384.7002799230951,2.927005659340837,1.25,0.2742902638334984,balanced,0.0,6.134569459171635,6.625517420526397,1.0,7.134569459171635,0.7134569459171635,8.918211823964544,8.918211823964544,1.7836423647929092,1.9569429392946078,0.6523143130982026,2.6092572523928106,26.103656479944586,28.060599419239193,3.4308385850926166,8.918211823964544,208.0012676731995,171.54192925463084,0.0,3.3127587102631986
171,7,3,27.86431367297777,394.1413047014736,3.171211436416745,1.25,0.23604533002448105,balanced,0.0,0.0,6.625517420526397,1.0,1.0,0.1,1.25,1.25,0.25,0.23604533002448105,0.07868177667482702,0.3147271066993081,3.964014295520931,4.200059625545412,0.49267663087684194,1.25,34.83039209122221,24.633831543842096,0.0,3.3127587102631986
172,7,4,24.580736043553408,400.4923017969366,2.8777743616477958,1.25,0.23780334891885377,balanced,0.0,0.0,6.625517420526397,1.0,1.0,0.1,1.25,1.25,0.25,0.23780334891885377,0.07926778297295126,0.317071131891805,3.5972179520597445,3.8350213009785983,0.5006153772461708,1.25,30.725920054441758,25.030768862308538,0.0,3.3127587102631986
173,7,5,21.47576293248946,370.0117260969643,3.1924114778357215,1.25,0.2558781202559459,balanced,0.0,6.625517420526397,0.0,1.0,7.625517420526397,0.7625517420526398,9.531896775657996,9.531896775657996,1.906379355131599,1.951203063543264,0.650401021181088,2.601604084724352,30.429736672155894,32.38093973569916,3.5269135789393036,9.531896775657996,204.7047554509918,176.34567894696517,0.0,0.0
174,7,6,22.353612676192387,399.05212644967963,3.6310324054944427,1.25,0.2807290665562335,balanced,0.0,0.0,0.0,1.0,1.0,0.1,1.25,1.25,0.25,0.2807290665562335,0.09357635551874449,0.37430542207497797,4.538790506868054,4.819519573424287,0.49881515806209953,1.25,27.942015845240483,24.940757903104977,0.0,0.0
175,7,7,23.890052966437164,383.2490145265911,3.575295740387625,1.25,0.30039350879956583,balanced,0.0,0.0,0.0,1.0,1.0,0.1,1.25,1.25,0.25,0.30039350879956583,0.10013116959985528,0.40052467839942113,4.4691196754845315,4.769513184284097,0.47906126815823885,1.25,29.862566208046456,23.95306340791194,0.0,0.0
176,7,8,20.527072732192405,376.21917291664397,4.078447506377595,1.25,0.3189069868597908,balanced,0.0,0.0,0.0,1.0,1.0,0.1,1.25,1.25,0.25,0.3189069868597908,0.1063023289532636,0.4252093158130544,5.098059382971993,5.416966369831783,0.4702739661458049,1.25,25.658840915240507,23.513698307290245,0.0,0.0
177,7,9,20.878869992152715,353.46769226918934,4.615820164766187,1.25,0.3475869186755469,balanced,0.0,0.0,0.0,1.0,1.0,0.1,1.25,1.25,0.25,0.3475869186755469,0.1158623062251823,0.4634492249007292,5.769775205957734,6.1173621246332806,0.44183461533648666,1.25,26.098587490190894,22.091730766824334,0.0,0.0
178,7,10,25.651032909415058,339.2810058911305,5.000102864820907,1.25,0.36693564947477847,balanced,0.0,0.0,0.0,1.0,1.0,0.1,1.25,1.25,0.25,0.36693564947477847,0.12231188315825949,0.48924753263303794,6.250128581026134,6.617064230500913,0.42410125736391313,1.25,32.06379113676882,21.205062868195657,0.0,0.0
179,7,11,27.860356423076297,351.86440344311876,5.688150283474426,1.25,0.4499552909631199,balanced,0.0,0.0,0.0,1.0,1.0,0.1,1.25,1.25,0.25,0.4499552909631199,0.14998509698770665,0.5999403879508266,7.1101878543430335,7.560143145306153,0.4398305043038985,1.25,34.82544552884537,21.991525215194923,0.0,0.0
